timestamp,source_year_index,month,day,hour,minute,irradiance_pu,ambient_temperature_c,panel_temperature_c,generation_pu
2019-03-01T00:00:00,2019,3,1,0,0,0.00000000,22.80000000,22.80000000,0.00000000
2019-03-01T00:10:00,2019,3,1,0,10,0.00000000,22.75000000,22.75000000,0.00000000
2019-03-01T00:20:00,2019,3,1,0,20,0.00000000,22.70000000,22.70000000,0.00000000
2019-03-01T00:30:00,2019,3,1,0,30,0.00000000,22.65000000,22.65000000,0.00000000
2019-03-01T00:40:00,2019,3,1,0,40,0.00000000,22.60000000,22.60000000,0.00000000
2019-03-01T00:50:00,2019,3,1,0,50,0.00000000,22.55000000,22.55000000,0.00000000
2019-03-01T01:00:00,2019,3,1,1,0,0.00000000,22.50000000,22.50000000,0.00000000
2019-03-01T01:10:00,2019,3,1,1,10,0.00000000,22.46666667,22.46666667,0.00000000
2019-03-01T01:20:00,2019,3,1,1,20,0.00000000,22.43333333,22.43333333,0.00000000
2019-03-01T01:30:00,2019,3,1,1,30,0.00000000,22.40000000,22.40000000,0.00000000
2019-03-01T01:40:00,2019,3,1,1,40,0.00000000,22.36666667,22.36666667,0.00000000
2019-03-01T01:50:00,2019,3,1,1,50,0.00000000,22.33333333,22.33333333,0.00000000
2019-03-01T02:00:00,2019,3,1,2,0,0.00000000,22.30000000,22.30000000,0.00000000
2019-03-01T02:10:00,2019,3,1,2,10,0.00000000,22.28333333,22.28333333,0.00000000
2019-03-01T02:20:00,2019,3,1,2,20,0.00000000,22.26666667,22.26666667,0.00000000
2019-03-01T02:30:00,2019,3,1,2,30,0.00000000,22.25000000,22.25000000,0.00000000
2019-03-01T02:40:00,2019,3,1,2,40,0.00000000,22.23333333,22.23333333,0.00000000
2019-03-01T02:50:00,2019,3,1,2,50,0.00000000,22.21666667,22.21666667,0.00000000
2019-03-01T03:00:00,2019,3,1,3,0,0.00000000,22.20000000,22.20000000,0.00000000
2019-03-01T03:10:00,2019,3,1,3,10,0.00000000,22.13333333,22.13333333,0.00000000
2019-03-01T03:20:00,2019,3,1,3,20,0.00000000,22.06666667,22.06666667,0.00000000
2019-03-01T03:30:00,2019,3,1,3,30,0.00000000,22.00000000,22.00000000,0.00000000
2019-03-01T03:40:00,2019,3,1,3,40,0.00000000,21.93333333,21.93333333,0.00000000
2019-03-01T03:50:00,2019,3,1,3,50,0.00000000,21.86666667,21.86666667,0.00000000
2019-03-01T04:00:00,2019,3,1,4,0,0.00000000,21.80000000,21.80000000,0.00000000
2019-03-01T04:10:00,2019,3,1,4,10,0.00000000,21.70000000,21.70000000,0.00000000
2019-03-01T04:20:00,2019,3,1,4,20,0.00000000,21.60000000,21.60000000,0.00000000
2019-03-01T04:30:00,2019,3,1,4,30,0.00000000,21.50000000,21.50000000,0.00000000
2019-03-01T04:40:00,2019,3,1,4,40,0.00000000,21.40000000,21.40000000,0.00000000
2019-03-01T04:50:00,2019,3,1,4,50,0.00000000,21.30000000,21.30000000,0.00000000
2019-03-01T05:00:00,2019,3,1,5,0,0.00000000,21.20000000,21.20000000,0.00000000
2019-03-01T05:10:00,2019,3,1,5,10,0.02066667,21.16666667,21.89000000,0.02096232
2019-03-01T05:20:00,2019,3,1,5,20,0.04133333,21.13333333,22.58000000,0.04179346
2019-03-01T05:30:00,2019,3,1,5,30,0.06200000,21.10000000,23.27000000,0.06249340
2019-03-01T05:40:00,2019,3,1,5,40,0.08266667,21.06666667,23.96000000,0.08306214
2019-03-01T05:50:00,2019,3,1,5,50,0.10333333,21.03333333,24.65000000,0.10349970
2019-03-01T06:00:00,2019,3,1,6,0,0.12400000,21.00000000,25.34000000,0.12380606
2019-03-01T06:10:00,2019,3,1,6,10,0.15266667,21.46666667,26.81000000,0.15139556
2019-03-01T06:20:00,2019,3,1,6,20,0.18133333,21.93333333,28.28000000,0.17859738
2019-03-01T06:30:00,2019,3,1,6,30,0.21000000,22.40000000,29.75000000,0.20541150
2019-03-01T06:40:00,2019,3,1,6,40,0.23866667,22.86666667,31.22000000,0.23183794
2019-03-01T06:50:00,2019,3,1,6,50,0.26733333,23.33333333,32.69000000,0.25787668
2019-03-01T07:00:00,2019,3,1,7,0,0.29600000,23.80000000,34.16000000,0.28352774
2019-03-01T07:10:00,2019,3,1,7,10,0.33566667,24.15000000,35.89833333,0.31883891
2019-03-01T07:20:00,2019,3,1,7,20,0.37533333,24.50000000,37.63666667,0.35351571
2019-03-01T07:30:00,2019,3,1,7,30,0.41500000,24.85000000,39.37500000,0.38755813
2019-03-01T07:40:00,2019,3,1,7,40,0.45466667,25.20000000,41.11333333,0.42096617
2019-03-01T07:50:00,2019,3,1,7,50,0.49433333,25.55000000,42.85166667,0.45373983
2019-03-01T08:00:00,2019,3,1,8,0,0.53400000,25.90000000,44.59000000,0.48587912
2019-03-01T08:10:00,2019,3,1,8,10,0.57683333,26.28333333,46.47250000,0.51985749
2019-03-01T08:20:00,2019,3,1,8,20,0.61966667,26.66666667,48.35500000,0.55309402
2019-03-01T08:30:00,2019,3,1,8,30,0.66250000,27.05000000,50.23750000,0.58558872
2019-03-01T08:40:00,2019,3,1,8,40,0.70533333,27.43333333,52.12000000,0.61734159
2019-03-01T08:50:00,2019,3,1,8,50,0.74816667,27.81666667,54.00250000,0.64835263
2019-03-01T09:00:00,2019,3,1,9,0,0.79100000,28.20000000,55.88500000,0.67862184
2019-03-01T09:10:00,2019,3,1,9,10,0.79950000,28.48333333,56.46583333,0.68377810
2019-03-01T09:20:00,2019,3,1,9,20,0.80800000,28.76666667,57.04666667,0.68888895
2019-03-01T09:30:00,2019,3,1,9,30,0.81650000,29.05000000,57.62750000,0.69395437
2019-03-01T09:40:00,2019,3,1,9,40,0.82500000,29.33333333,58.20833333,0.69897437
2019-03-01T09:50:00,2019,3,1,9,50,0.83350000,29.61666667,58.78916667,0.70394896
2019-03-01T10:00:00,2019,3,1,10,0,0.84200000,29.90000000,59.37000000,0.70887812
2019-03-01T10:10:00,2019,3,1,10,10,0.86333333,30.10000000,60.31666667,0.72307908
2019-03-01T10:20:00,2019,3,1,10,20,0.88466667,30.30000000,61.26333333,0.73709424
2019-03-01T10:30:00,2019,3,1,10,30,0.90600000,30.50000000,62.21000000,0.75092360
2019-03-01T10:40:00,2019,3,1,10,40,0.92733333,30.70000000,63.15666667,0.76456717
2019-03-01T10:50:00,2019,3,1,10,50,0.94866667,30.90000000,64.10333333,0.77802493
2019-03-01T11:00:00,2019,3,1,11,0,0.97000000,31.10000000,65.05000000,0.79129690
2019-03-01T11:10:00,2019,3,1,11,10,0.95500000,31.30000000,64.72500000,0.78048807
2019-03-01T11:20:00,2019,3,1,11,20,0.94000000,31.50000000,64.40000000,0.76963440
2019-03-01T11:30:00,2019,3,1,11,30,0.92500000,31.70000000,64.07500000,0.75873587
2019-03-01T11:40:00,2019,3,1,11,40,0.91000000,31.90000000,63.75000000,0.74779250
2019-03-01T11:50:00,2019,3,1,11,50,0.89500000,32.10000000,63.42500000,0.73680428
2019-03-01T12:00:00,2019,3,1,12,0,0.88000000,32.30000000,63.10000000,0.72577120
2019-03-01T12:10:00,2019,3,1,12,10,0.85816667,32.20000000,62.23583333,0.71117573
2019-03-01T12:20:00,2019,3,1,12,20,0.83633333,32.10000000,61.37166667,0.69640668
2019-03-01T12:30:00,2019,3,1,12,30,0.81450000,32.00000000,60.50750000,0.68146405
2019-03-01T12:40:00,2019,3,1,12,40,0.79266667,31.90000000,59.64333333,0.66634784
2019-03-01T12:50:00,2019,3,1,12,50,0.77083333,31.80000000,58.77916667,0.65105804
2019-03-01T13:00:00,2019,3,1,13,0,0.74900000,31.70000000,57.91500000,0.63559466
2019-03-01T13:10:00,2019,3,1,13,10,0.74200000,31.53333333,57.50333333,0.63105962
2019-03-01T13:20:00,2019,3,1,13,20,0.73500000,31.36666667,57.09166667,0.62649807
2019-03-01T13:30:00,2019,3,1,13,30,0.72800000,31.20000000,56.68000000,0.62191002
2019-03-01T13:40:00,2019,3,1,13,40,0.72100000,31.03333333,56.26833333,0.61729545
2019-03-01T13:50:00,2019,3,1,13,50,0.71400000,30.86666667,55.85666667,0.61265436
2019-03-01T14:00:00,2019,3,1,14,0,0.70700000,30.70000000,55.44500000,0.60798677
2019-03-01T14:10:00,2019,3,1,14,10,0.68716667,30.78333333,54.83416667,0.59286186
2019-03-01T14:20:00,2019,3,1,14,20,0.66733333,30.86666667,54.22333333,0.57762549
2019-03-01T14:30:00,2019,3,1,14,30,0.64750000,30.95000000,53.61250000,0.56227767
2019-03-01T14:40:00,2019,3,1,14,40,0.62766667,31.03333333,53.00166667,0.54681839
2019-03-01T14:50:00,2019,3,1,14,50,0.60783333,31.11666667,52.39083333,0.53124765
2019-03-01T15:00:00,2019,3,1,15,0,0.58800000,31.20000000,51.78000000,0.51556546
2019-03-01T15:10:00,2019,3,1,15,10,0.54116667,31.03333333,49.97416667,0.47899681
2019-03-01T15:20:00,2019,3,1,15,20,0.49433333,30.86666667,48.16833333,0.44165009
2019-03-01T15:30:00,2019,3,1,15,30,0.44750000,30.70000000,46.36250000,0.40352529
2019-03-01T15:40:00,2019,3,1,15,40,0.40066667,30.53333333,44.55666667,0.36462243
2019-03-01T15:50:00,2019,3,1,15,50,0.35383333,30.36666667,42.75083333,0.32494149
2019-03-01T16:00:00,2019,3,1,16,0,0.30700000,30.20000000,40.94500000,0.28448247
2019-03-01T16:10:00,2019,3,1,16,10,0.27800000,29.78333333,39.51333333,0.25944035
2019-03-01T16:20:00,2019,3,1,16,20,0.24900000,29.36666667,38.08166667,0.23401626
2019-03-01T16:30:00,2019,3,1,16,30,0.22000000,28.95000000,36.65000000,0.20821020
2019-03-01T16:40:00,2019,3,1,16,40,0.19100000,28.53333333,35.21833333,0.18202217
2019-03-01T16:50:00,2019,3,1,16,50,0.16200000,28.11666667,33.78666667,0.15545218
2019-03-01T17:00:00,2019,3,1,17,0,0.13300000,27.70000000,32.35500000,0.12850021
2019-03-01T17:10:00,2019,3,1,17,10,0.11083333,27.46666667,31.34583333,0.10759802
2019-03-01T17:20:00,2019,3,1,17,20,0.08866667,27.23333333,30.33666667,0.08649002
2019-03-01T17:30:00,2019,3,1,17,30,0.06650000,27.00000000,29.32750000,0.06517622
2019-03-01T17:40:00,2019,3,1,17,40,0.04433333,26.76666667,28.31833333,0.04365661
2019-03-01T17:50:00,2019,3,1,17,50,0.02216667,26.53333333,27.30916667,0.02193121
2019-03-01T18:00:00,2019,3,1,18,0,0.00000000,26.30000000,26.30000000,0.00000000
2019-03-01T18:10:00,2019,3,1,18,10,0.00000000,25.96666667,25.96666667,0.00000000
2019-03-01T18:20:00,2019,3,1,18,20,0.00000000,25.63333333,25.63333333,0.00000000
2019-03-01T18:30:00,2019,3,1,18,30,0.00000000,25.30000000,25.30000000,0.00000000
2019-03-01T18:40:00,2019,3,1,18,40,0.00000000,24.96666667,24.96666667,0.00000000
2019-03-01T18:50:00,2019,3,1,18,50,0.00000000,24.63333333,24.63333333,0.00000000
2019-03-01T19:00:00,2019,3,1,19,0,0.00000000,24.30000000,24.30000000,0.00000000
2019-03-01T19:10:00,2019,3,1,19,10,0.00000000,24.25000000,24.25000000,0.00000000
2019-03-01T19:20:00,2019,3,1,19,20,0.00000000,24.20000000,24.20000000,0.00000000
2019-03-01T19:30:00,2019,3,1,19,30,0.00000000,24.15000000,24.15000000,0.00000000
2019-03-01T19:40:00,2019,3,1,19,40,0.00000000,24.10000000,24.10000000,0.00000000
2019-03-01T19:50:00,2019,3,1,19,50,0.00000000,24.05000000,24.05000000,0.00000000
2019-03-01T20:00:00,2019,3,1,20,0,0.00000000,24.00000000,24.00000000,0.00000000
2019-03-01T20:10:00,2019,3,1,20,10,0.00000000,23.83333333,23.83333333,0.00000000
2019-03-01T20:20:00,2019,3,1,20,20,0.00000000,23.66666667,23.66666667,0.00000000
2019-03-01T20:30:00,2019,3,1,20,30,0.00000000,23.50000000,23.50000000,0.00000000
2019-03-01T20:40:00,2019,3,1,20,40,0.00000000,23.33333333,23.33333333,0.00000000
2019-03-01T20:50:00,2019,3,1,20,50,0.00000000,23.16666667,23.16666667,0.00000000
2019-03-01T21:00:00,2019,3,1,21,0,0.00000000,23.00000000,23.00000000,0.00000000
2019-03-01T21:10:00,2019,3,1,21,10,0.00000000,23.03333333,23.03333333,0.00000000
2019-03-01T21:20:00,2019,3,1,21,20,0.00000000,23.06666667,23.06666667,0.00000000
2019-03-01T21:30:00,2019,3,1,21,30,0.00000000,23.10000000,23.10000000,0.00000000
2019-03-01T21:40:00,2019,3,1,21,40,0.00000000,23.13333333,23.13333333,0.00000000
2019-03-01T21:50:00,2019,3,1,21,50,0.00000000,23.16666667,23.16666667,0.00000000
2019-03-01T22:00:00,2019,3,1,22,0,0.00000000,23.20000000,23.20000000,0.00000000
2019-03-01T22:10:00,2019,3,1,22,10,0.00000000,23.01666667,23.01666667,0.00000000
2019-03-01T22:20:00,2019,3,1,22,20,0.00000000,22.83333333,22.83333333,0.00000000
2019-03-01T22:30:00,2019,3,1,22,30,0.00000000,22.65000000,22.65000000,0.00000000
2019-03-01T22:40:00,2019,3,1,22,40,0.00000000,22.46666667,22.46666667,0.00000000
2019-03-01T22:50:00,2019,3,1,22,50,0.00000000,22.28333333,22.28333333,0.00000000
2019-03-01T23:00:00,2019,3,1,23,0,0.00000000,22.10000000,22.10000000,0.00000000
2019-03-01T23:10:00,2019,3,1,23,10,0.00000000,22.35000000,22.35000000,0.00000000
2019-03-01T23:20:00,2019,3,1,23,20,0.00000000,22.60000000,22.60000000,0.00000000
2019-03-01T23:30:00,2019,3,1,23,30,0.00000000,22.85000000,22.85000000,0.00000000
2019-03-01T23:40:00,2019,3,1,23,40,0.00000000,23.10000000,23.10000000,0.00000000
2019-03-01T23:50:00,2019,3,1,23,50,0.00000000,23.35000000,23.35000000,0.00000000
2019-03-02T00:00:00,2019,3,2,0,0,0.00000000,23.60000000,23.60000000,0.00000000
2019-03-02T00:10:00,2019,3,2,0,10,0.00000000,23.43333333,23.43333333,0.00000000
2019-03-02T00:20:00,2019,3,2,0,20,0.00000000,23.26666667,23.26666667,0.00000000
2019-03-02T00:30:00,2019,3,2,0,30,0.00000000,23.10000000,23.10000000,0.00000000
2019-03-02T00:40:00,2019,3,2,0,40,0.00000000,22.93333333,22.93333333,0.00000000
2019-03-02T00:50:00,2019,3,2,0,50,0.00000000,22.76666667,22.76666667,0.00000000
2019-03-02T01:00:00,2019,3,2,1,0,0.00000000,22.60000000,22.60000000,0.00000000
2019-03-02T01:10:00,2019,3,2,1,10,0.00000000,22.68333333,22.68333333,0.00000000
2019-03-02T01:20:00,2019,3,2,1,20,0.00000000,22.76666667,22.76666667,0.00000000
2019-03-02T01:30:00,2019,3,2,1,30,0.00000000,22.85000000,22.85000000,0.00000000
2019-03-02T01:40:00,2019,3,2,1,40,0.00000000,22.93333333,22.93333333,0.00000000
2019-03-02T01:50:00,2019,3,2,1,50,0.00000000,23.01666667,23.01666667,0.00000000
2019-03-02T02:00:00,2019,3,2,2,0,0.00000000,23.10000000,23.10000000,0.00000000
2019-03-02T02:10:00,2019,3,2,2,10,0.00000000,23.06666667,23.06666667,0.00000000
2019-03-02T02:20:00,2019,3,2,2,20,0.00000000,23.03333333,23.03333333,0.00000000
2019-03-02T02:30:00,2019,3,2,2,30,0.00000000,23.00000000,23.00000000,0.00000000
2019-03-02T02:40:00,2019,3,2,2,40,0.00000000,22.96666667,22.96666667,0.00000000
2019-03-02T02:50:00,2019,3,2,2,50,0.00000000,22.93333333,22.93333333,0.00000000
2019-03-02T03:00:00,2019,3,2,3,0,0.00000000,22.90000000,22.90000000,0.00000000
2019-03-02T03:10:00,2019,3,2,3,10,0.00000000,22.78333333,22.78333333,0.00000000
2019-03-02T03:20:00,2019,3,2,3,20,0.00000000,22.66666667,22.66666667,0.00000000
2019-03-02T03:30:00,2019,3,2,3,30,0.00000000,22.55000000,22.55000000,0.00000000
2019-03-02T03:40:00,2019,3,2,3,40,0.00000000,22.43333333,22.43333333,0.00000000
2019-03-02T03:50:00,2019,3,2,3,50,0.00000000,22.31666667,22.31666667,0.00000000
2019-03-02T04:00:00,2019,3,2,4,0,0.00000000,22.20000000,22.20000000,0.00000000
2019-03-02T04:10:00,2019,3,2,4,10,0.00000000,22.31666667,22.31666667,0.00000000
2019-03-02T04:20:00,2019,3,2,4,20,0.00000000,22.43333333,22.43333333,0.00000000
2019-03-02T04:30:00,2019,3,2,4,30,0.00000000,22.55000000,22.55000000,0.00000000
2019-03-02T04:40:00,2019,3,2,4,40,0.00000000,22.66666667,22.66666667,0.00000000
2019-03-02T04:50:00,2019,3,2,4,50,0.00000000,22.78333333,22.78333333,0.00000000
2019-03-02T05:00:00,2019,3,2,5,0,0.00000000,22.90000000,22.90000000,0.00000000
2019-03-02T05:10:00,2019,3,2,5,10,0.00350000,22.85000000,22.97250000,0.00353264
2019-03-02T05:20:00,2019,3,2,5,20,0.00700000,22.80000000,23.04500000,0.00706295
2019-03-02T05:30:00,2019,3,2,5,30,0.01050000,22.75000000,23.11750000,0.01059092
2019-03-02T05:40:00,2019,3,2,5,40,0.01400000,22.70000000,23.19000000,0.01411656
2019-03-02T05:50:00,2019,3,2,5,50,0.01750000,22.65000000,23.26250000,0.01763987
2019-03-02T06:00:00,2019,3,2,6,0,0.02100000,22.60000000,23.33500000,0.02116084
2019-03-02T06:10:00,2019,3,2,6,10,0.04666667,22.76666667,24.40000000,0.04679547
2019-03-02T06:20:00,2019,3,2,6,20,0.07233333,22.93333333,25.46500000,0.07217861
2019-03-02T06:30:00,2019,3,2,6,30,0.09800000,23.10000000,26.53000000,0.09731028
2019-03-02T06:40:00,2019,3,2,6,40,0.12366667,23.26666667,27.59500000,0.12219046
2019-03-02T06:50:00,2019,3,2,6,50,0.14933333,23.43333333,28.66000000,0.14681916
2019-03-02T07:00:00,2019,3,2,7,0,0.17500000,23.60000000,29.72500000,0.17119637
2019-03-02T07:10:00,2019,3,2,7,10,0.18783333,23.80000000,30.37416667,0.18318987
2019-03-02T07:20:00,2019,3,2,7,20,0.20066667,24.00000000,31.02333333,0.19510673
2019-03-02T07:30:00,2019,3,2,7,30,0.21350000,24.20000000,31.67250000,0.20694694
2019-03-02T07:40:00,2019,3,2,7,40,0.22633333,24.40000000,32.32166667,0.21871050
2019-03-02T07:50:00,2019,3,2,7,50,0.23916667,24.60000000,32.97083333,0.23039742
2019-03-02T08:00:00,2019,3,2,8,0,0.25200000,24.80000000,33.62000000,0.24200770
2019-03-02T08:10:00,2019,3,2,8,10,0.30816667,25.01666667,35.80250000,0.29285340
2019-03-02T08:20:00,2019,3,2,8,20,0.36433333,25.23333333,37.98500000,0.34257134
2019-03-02T08:30:00,2019,3,2,8,30,0.42050000,25.45000000,40.16750000,0.39116150
2019-03-02T08:40:00,2019,3,2,8,40,0.47666667,25.66666667,42.35000000,0.43862390
2019-03-02T08:50:00,2019,3,2,8,50,0.53283333,25.88333333,44.53250000,0.48495852
2019-03-02T09:00:00,2019,3,2,9,0,0.58900000,26.10000000,46.71500000,0.53016538
2019-03-02T09:10:00,2019,3,2,9,10,0.58600000,26.46666667,46.97666667,0.52675970
2019-03-02T09:20:00,2019,3,2,9,20,0.58300000,26.83333333,47.23833333,0.52336124
2019-03-02T09:30:00,2019,3,2,9,30,0.58000000,27.20000000,47.50000000,0.51997000
2019-03-02T09:40:00,2019,3,2,9,40,0.57700000,27.56666667,47.76166667,0.51658598
2019-03-02T09:50:00,2019,3,2,9,50,0.57400000,27.93333333,48.02333333,0.51320919
2019-03-02T10:00:00,2019,3,2,10,0,0.57100000,28.30000000,48.28500000,0.50983962
2019-03-02T10:10:00,2019,3,2,10,10,0.58933333,28.45000000,49.07666667,0.52406310
2019-03-02T10:20:00,2019,3,2,10,20,0.60766667,28.60000000,49.86833333,0.53815304
2019-03-02T10:30:00,2019,3,2,10,30,0.62600000,28.75000000,50.66000000,0.55210946
2019-03-02T10:40:00,2019,3,2,10,40,0.64433333,28.90000000,51.45166667,0.56593236
2019-03-02T10:50:00,2019,3,2,10,50,0.66266667,29.05000000,52.24333333,0.57962172
2019-03-02T11:00:00,2019,3,2,11,0,0.68100000,29.20000000,53.03500000,0.59317756
2019-03-02T11:10:00,2019,3,2,11,10,0.64150000,29.28333333,51.73583333,0.56260523
2019-03-02T11:20:00,2019,3,2,11,20,0.60200000,29.36666667,50.43666667,0.53156078
2019-03-02T11:30:00,2019,3,2,11,30,0.56250000,29.45000000,49.13750000,0.50004422
2019-03-02T11:40:00,2019,3,2,11,40,0.52300000,29.53333333,47.83833333,0.46805554
2019-03-02T11:50:00,2019,3,2,11,50,0.48350000,29.61666667,46.53916667,0.43559474
2019-03-02T12:00:00,2019,3,2,12,0,0.44400000,29.70000000,45.24000000,0.40266182
2019-03-02T12:10:00,2019,3,2,12,10,0.42233333,29.51666667,44.29833333,0.38484182
2019-03-02T12:20:00,2019,3,2,12,20,0.40066667,29.33333333,43.35666667,0.36683411
2019-03-02T12:30:00,2019,3,2,12,30,0.37900000,29.15000000,42.41500000,0.34863869
2019-03-02T12:40:00,2019,3,2,12,40,0.35733333,28.96666667,41.47333333,0.33025557
2019-03-02T12:50:00,2019,3,2,12,50,0.33566667,28.78333333,40.53166667,0.31168474
2019-03-02T13:00:00,2019,3,2,13,0,0.31400000,28.60000000,39.59000000,0.29292620
2019-03-02T13:10:00,2019,3,2,13,10,0.30100000,28.35000000,38.88500000,0.28177483
2019-03-02T13:20:00,2019,3,2,13,20,0.28800000,28.10000000,38.18000000,0.27053914
2019-03-02T13:30:00,2019,3,2,13,30,0.27500000,27.85000000,37.47500000,0.25921912
2019-03-02T13:40:00,2019,3,2,13,40,0.26200000,27.60000000,36.77000000,0.24781480
2019-03-02T13:50:00,2019,3,2,13,50,0.24900000,27.35000000,36.06500000,0.23632615
2019-03-02T14:00:00,2019,3,2,14,0,0.23600000,27.10000000,35.36000000,0.22475318
2019-03-02T14:10:00,2019,3,2,14,10,0.25800000,27.05000000,36.08000000,0.24485026
2019-03-02T14:20:00,2019,3,2,14,20,0.28000000,27.00000000,36.80000000,0.26480160
2019-03-02T14:30:00,2019,3,2,14,30,0.30200000,26.95000000,37.52000000,0.28460722
2019-03-02T14:40:00,2019,3,2,14,40,0.32400000,26.90000000,38.24000000,0.30426710
2019-03-02T14:50:00,2019,3,2,14,50,0.34600000,26.85000000,38.96000000,0.32378126
2019-03-02T15:00:00,2019,3,2,15,0,0.36800000,26.80000000,39.68000000,0.34314970
2019-03-02T15:10:00,2019,3,2,15,10,0.31850000,26.86666667,38.01416667,0.29943294
2019-03-02T15:20:00,2019,3,2,15,20,0.26900000,26.93333333,36.34833333,0.25495757
2019-03-02T15:30:00,2019,3,2,15,30,0.21950000,27.00000000,34.68250000,0.20972358
2019-03-02T15:40:00,2019,3,2,15,40,0.17000000,27.06666667,33.01666667,0.16373097
2019-03-02T15:50:00,2019,3,2,15,50,0.12050000,27.13333333,31.35083333,0.11697973
2019-03-02T16:00:00,2019,3,2,16,0,0.07100000,27.20000000,29.68500000,0.06946988
2019-03-02T16:10:00,2019,3,2,16,10,0.06883333,26.85000000,29.25916667,0.06748474
2019-03-02T16:20:00,2019,3,2,16,20,0.06666667,26.50000000,28.83333333,0.06549111
2019-03-02T16:30:00,2019,3,2,16,30,0.06450000,26.15000000,28.40750000,0.06348899
2019-03-02T16:40:00,2019,3,2,16,40,0.06233333,25.80000000,27.98166667,0.06147839
2019-03-02T16:50:00,2019,3,2,16,50,0.06016667,25.45000000,27.55583333,0.05945930
2019-03-02T17:00:00,2019,3,2,17,0,0.05800000,25.10000000,27.13000000,0.05743172
2019-03-02T17:10:00,2019,3,2,17,10,0.04833333,25.05000000,26.74166667,0.04794610
2019-03-02T17:20:00,2019,3,2,17,20,0.03866667,25.00000000,26.35333333,0.03842595
2019-03-02T17:30:00,2019,3,2,17,30,0.02900000,24.95000000,25.96500000,0.02887127
2019-03-02T17:40:00,2019,3,2,17,40,0.01933333,24.90000000,25.57666667,0.01928205
2019-03-02T17:50:00,2019,3,2,17,50,0.00966667,24.85000000,25.18833333,0.00965829
2019-03-02T18:00:00,2019,3,2,18,0,0.00000000,24.80000000,24.80000000,0.00000000
2019-03-02T18:10:00,2019,3,2,18,10,0.00000000,24.63333333,24.63333333,0.00000000
2019-03-02T18:20:00,2019,3,2,18,20,0.00000000,24.46666667,24.46666667,0.00000000
2019-03-02T18:30:00,2019,3,2,18,30,0.00000000,24.30000000,24.30000000,0.00000000
2019-03-02T18:40:00,2019,3,2,18,40,0.00000000,24.13333333,24.13333333,0.00000000
2019-03-02T18:50:00,2019,3,2,18,50,0.00000000,23.96666667,23.96666667,0.00000000
2019-03-02T19:00:00,2019,3,2,19,0,0.00000000,23.80000000,23.80000000,0.00000000
2019-03-02T19:10:00,2019,3,2,19,10,0.00000000,23.76666667,23.76666667,0.00000000
2019-03-02T19:20:00,2019,3,2,19,20,0.00000000,23.73333333,23.73333333,0.00000000
2019-03-02T19:30:00,2019,3,2,19,30,0.00000000,23.70000000,23.70000000,0.00000000
2019-03-02T19:40:00,2019,3,2,19,40,0.00000000,23.66666667,23.66666667,0.00000000
2019-03-02T19:50:00,2019,3,2,19,50,0.00000000,23.63333333,23.63333333,0.00000000
2019-03-02T20:00:00,2019,3,2,20,0,0.00000000,23.60000000,23.60000000,0.00000000
2019-03-02T20:10:00,2019,3,2,20,10,0.00000000,23.63333333,23.63333333,0.00000000
2019-03-02T20:20:00,2019,3,2,20,20,0.00000000,23.66666667,23.66666667,0.00000000
2019-03-02T20:30:00,2019,3,2,20,30,0.00000000,23.70000000,23.70000000,0.00000000
2019-03-02T20:40:00,2019,3,2,20,40,0.00000000,23.73333333,23.73333333,0.00000000
2019-03-02T20:50:00,2019,3,2,20,50,0.00000000,23.76666667,23.76666667,0.00000000
2019-03-02T21:00:00,2019,3,2,21,0,0.00000000,23.80000000,23.80000000,0.00000000
2019-03-02T21:10:00,2019,3,2,21,10,0.00000000,23.66666667,23.66666667,0.00000000
2019-03-02T21:20:00,2019,3,2,21,20,0.00000000,23.53333333,23.53333333,0.00000000
2019-03-02T21:30:00,2019,3,2,21,30,0.00000000,23.40000000,23.40000000,0.00000000
2019-03-02T21:40:00,2019,3,2,21,40,0.00000000,23.26666667,23.26666667,0.00000000
2019-03-02T21:50:00,2019,3,2,21,50,0.00000000,23.13333333,23.13333333,0.00000000
2019-03-02T22:00:00,2019,3,2,22,0,0.00000000,23.00000000,23.00000000,0.00000000
2019-03-02T22:10:00,2019,3,2,22,10,0.00000000,22.96666667,22.96666667,0.00000000
2019-03-02T22:20:00,2019,3,2,22,20,0.00000000,22.93333333,22.93333333,0.00000000
2019-03-02T22:30:00,2019,3,2,22,30,0.00000000,22.90000000,22.90000000,0.00000000
2019-03-02T22:40:00,2019,3,2,22,40,0.00000000,22.86666667,22.86666667,0.00000000
2019-03-02T22:50:00,2019,3,2,22,50,0.00000000,22.83333333,22.83333333,0.00000000
2019-03-02T23:00:00,2019,3,2,23,0,0.00000000,22.80000000,22.80000000,0.00000000
2019-03-02T23:10:00,2019,3,2,23,10,0.00000000,22.76666667,22.76666667,0.00000000
2019-03-02T23:20:00,2019,3,2,23,20,0.00000000,22.73333333,22.73333333,0.00000000
2019-03-02T23:30:00,2019,3,2,23,30,0.00000000,22.70000000,22.70000000,0.00000000
2019-03-02T23:40:00,2019,3,2,23,40,0.00000000,22.66666667,22.66666667,0.00000000
2019-03-02T23:50:00,2019,3,2,23,50,0.00000000,22.63333333,22.63333333,0.00000000
2019-03-03T00:00:00,2019,3,3,0,0,0.00000000,22.60000000,22.60000000,0.00000000
2019-03-03T00:10:00,2019,3,3,0,10,0.00000000,22.63333333,22.63333333,0.00000000
2019-03-03T00:20:00,2019,3,3,0,20,0.00000000,22.66666667,22.66666667,0.00000000
2019-03-03T00:30:00,2019,3,3,0,30,0.00000000,22.70000000,22.70000000,0.00000000
2019-03-03T00:40:00,2019,3,3,0,40,0.00000000,22.73333333,22.73333333,0.00000000
2019-03-03T00:50:00,2019,3,3,0,50,0.00000000,22.76666667,22.76666667,0.00000000
2019-03-03T01:00:00,2019,3,3,1,0,0.00000000,22.80000000,22.80000000,0.00000000
2019-03-03T01:10:00,2019,3,3,1,10,0.00000000,22.65000000,22.65000000,0.00000000
2019-03-03T01:20:00,2019,3,3,1,20,0.00000000,22.50000000,22.50000000,0.00000000
2019-03-03T01:30:00,2019,3,3,1,30,0.00000000,22.35000000,22.35000000,0.00000000
2019-03-03T01:40:00,2019,3,3,1,40,0.00000000,22.20000000,22.20000000,0.00000000
2019-03-03T01:50:00,2019,3,3,1,50,0.00000000,22.05000000,22.05000000,0.00000000
2019-03-03T02:00:00,2019,3,3,2,0,0.00000000,21.90000000,21.90000000,0.00000000
2019-03-03T02:10:00,2019,3,3,2,10,0.00000000,21.95000000,21.95000000,0.00000000
2019-03-03T02:20:00,2019,3,3,2,20,0.00000000,22.00000000,22.00000000,0.00000000
2019-03-03T02:30:00,2019,3,3,2,30,0.00000000,22.05000000,22.05000000,0.00000000
2019-03-03T02:40:00,2019,3,3,2,40,0.00000000,22.10000000,22.10000000,0.00000000
2019-03-03T02:50:00,2019,3,3,2,50,0.00000000,22.15000000,22.15000000,0.00000000
2019-03-03T03:00:00,2019,3,3,3,0,0.00000000,22.20000000,22.20000000,0.00000000
2019-03-03T03:10:00,2019,3,3,3,10,0.00000000,22.25000000,22.25000000,0.00000000
2019-03-03T03:20:00,2019,3,3,3,20,0.00000000,22.30000000,22.30000000,0.00000000
2019-03-03T03:30:00,2019,3,3,3,30,0.00000000,22.35000000,22.35000000,0.00000000
2019-03-03T03:40:00,2019,3,3,3,40,0.00000000,22.40000000,22.40000000,0.00000000
2019-03-03T03:50:00,2019,3,3,3,50,0.00000000,22.45000000,22.45000000,0.00000000
2019-03-03T04:00:00,2019,3,3,4,0,0.00000000,22.50000000,22.50000000,0.00000000
2019-03-03T04:10:00,2019,3,3,4,10,0.00000000,22.45000000,22.45000000,0.00000000
2019-03-03T04:20:00,2019,3,3,4,20,0.00000000,22.40000000,22.40000000,0.00000000
2019-03-03T04:30:00,2019,3,3,4,30,0.00000000,22.35000000,22.35000000,0.00000000
2019-03-03T04:40:00,2019,3,3,4,40,0.00000000,22.30000000,22.30000000,0.00000000
2019-03-03T04:50:00,2019,3,3,4,50,0.00000000,22.25000000,22.25000000,0.00000000
2019-03-03T05:00:00,2019,3,3,5,0,0.00000000,22.20000000,22.20000000,0.00000000
2019-03-03T05:10:00,2019,3,3,5,10,0.01133333,22.20000000,22.59666667,0.01145863
2019-03-03T05:20:00,2019,3,3,5,20,0.02266667,22.20000000,22.99333333,0.02287590
2019-03-03T05:30:00,2019,3,3,5,30,0.03400000,22.20000000,23.39000000,0.03425180
2019-03-03T05:40:00,2019,3,3,5,40,0.04533333,22.20000000,23.78666667,0.04558635
2019-03-03T05:50:00,2019,3,3,5,50,0.05666667,22.20000000,24.18333333,0.05687954
2019-03-03T06:00:00,2019,3,3,6,0,0.06800000,22.20000000,24.58000000,0.06813138
2019-03-03T06:10:00,2019,3,3,6,10,0.08883333,22.41666667,25.52583333,0.08861846
2019-03-03T06:20:00,2019,3,3,6,20,0.10966667,22.63333333,26.47166667,0.10892426
2019-03-03T06:30:00,2019,3,3,6,30,0.13050000,22.85000000,27.41750000,0.12904877
2019-03-03T06:40:00,2019,3,3,6,40,0.15133333,23.06666667,28.36333333,0.14899200
2019-03-03T06:50:00,2019,3,3,6,50,0.17216667,23.28333333,29.30916667,0.16875395
2019-03-03T07:00:00,2019,3,3,7,0,0.19300000,23.50000000,30.25500000,0.18833461
2019-03-03T07:10:00,2019,3,3,7,10,0.20750000,23.63333333,30.89583333,0.20187243
2019-03-03T07:20:00,2019,3,3,7,20,0.22200000,23.76666667,31.53666667,0.21532476
2019-03-03T07:30:00,2019,3,3,7,30,0.23650000,23.90000000,32.17750000,0.22869160
2019-03-03T07:40:00,2019,3,3,7,40,0.25100000,24.03333333,32.81833333,0.24197295
2019-03-03T07:50:00,2019,3,3,7,50,0.26550000,24.16666667,33.45916667,0.25516882
2019-03-03T08:00:00,2019,3,3,8,0,0.28000000,24.30000000,34.10000000,0.26827920
2019-03-03T08:10:00,2019,3,3,8,10,0.28100000,24.48333333,34.31833333,0.26895512
2019-03-03T08:20:00,2019,3,3,8,20,0.28200000,24.66666667,34.53666667,0.26962904
2019-03-03T08:30:00,2019,3,3,8,30,0.28300000,24.85000000,34.75500000,0.27030094
2019-03-03T08:40:00,2019,3,3,8,40,0.28400000,25.03333333,34.97333333,0.27097084
2019-03-03T08:50:00,2019,3,3,8,50,0.28500000,25.21666667,35.19166667,0.27163872
2019-03-03T09:00:00,2019,3,3,9,0,0.28600000,25.40000000,35.41000000,0.27230460
2019-03-03T09:10:00,2019,3,3,9,10,0.28366667,25.50000000,35.42833333,0.27005908
2019-03-03T09:20:00,2019,3,3,9,20,0.28133333,25.60000000,35.44666667,0.26781395
2019-03-03T09:30:00,2019,3,3,9,30,0.27900000,25.70000000,35.46500000,0.26556922
2019-03-03T09:40:00,2019,3,3,9,40,0.27666667,25.80000000,35.48333333,0.26332488
2019-03-03T09:50:00,2019,3,3,9,50,0.27433333,25.90000000,35.50166667,0.26108093
2019-03-03T10:00:00,2019,3,3,10,0,0.27200000,26.00000000,35.52000000,0.25883738
2019-03-03T10:10:00,2019,3,3,10,10,0.33833333,25.96666667,37.80833333,0.31839930
2019-03-03T10:20:00,2019,3,3,10,20,0.40466667,25.93333333,40.09666667,0.37656472
2019-03-03T10:30:00,2019,3,3,10,30,0.47100000,25.90000000,42.38500000,0.43333366
2019-03-03T10:40:00,2019,3,3,10,40,0.53733333,25.86666667,44.67333333,0.48870610
2019-03-03T10:50:00,2019,3,3,10,50,0.60366667,25.83333333,46.96166667,0.54268205
2019-03-03T11:00:00,2019,3,3,11,0,0.67000000,25.80000000,49.25000000,0.59526150
2019-03-03T11:10:00,2019,3,3,11,10,0.67633333,26.26666667,49.93833333,0.59874685
2019-03-03T11:20:00,2019,3,3,11,20,0.68266667,26.73333333,50.62666667,0.60219210
2019-03-03T11:30:00,2019,3,3,11,30,0.68900000,27.20000000,51.31500000,0.60559724
2019-03-03T11:40:00,2019,3,3,11,40,0.69533333,27.66666667,52.00333333,0.60896227
2019-03-03T11:50:00,2019,3,3,11,50,0.70166667,28.13333333,52.69166667,0.61228720
2019-03-03T12:00:00,2019,3,3,12,0,0.70800000,28.60000000,53.38000000,0.61557202
2019-03-03T12:10:00,2019,3,3,12,10,0.69683333,28.56666667,52.95583333,0.60722277
2019-03-03T12:20:00,2019,3,3,12,20,0.68566667,28.53333333,52.53166667,0.59882995
2019-03-03T12:30:00,2019,3,3,12,30,0.67450000,28.50000000,52.10750000,0.59039356
2019-03-03T12:40:00,2019,3,3,12,40,0.66333333,28.46666667,51.68333333,0.58191359
2019-03-03T12:50:00,2019,3,3,12,50,0.65216667,28.43333333,51.25916667,0.57339004
2019-03-03T13:00:00,2019,3,3,13,0,0.64100000,28.40000000,50.83500000,0.56482292
2019-03-03T13:10:00,2019,3,3,13,10,0.64200000,28.45000000,50.92000000,0.56545306
2019-03-03T13:20:00,2019,3,3,13,20,0.64300000,28.50000000,51.00500000,0.56608241
2019-03-03T13:30:00,2019,3,3,13,30,0.64400000,28.55000000,51.09000000,0.56671098
2019-03-03T13:40:00,2019,3,3,13,40,0.64500000,28.60000000,51.17500000,0.56733878
2019-03-03T13:50:00,2019,3,3,13,50,0.64600000,28.65000000,51.26000000,0.56796578
2019-03-03T14:00:00,2019,3,3,14,0,0.64700000,28.70000000,51.34500000,0.56859201
2019-03-03T14:10:00,2019,3,3,14,10,0.60116667,28.66666667,49.70750000,0.53284137
2019-03-03T14:20:00,2019,3,3,14,20,0.55533333,28.63333333,48.07000000,0.49640025
2019-03-03T14:30:00,2019,3,3,14,30,0.50950000,28.60000000,46.43250000,0.45926865
2019-03-03T14:40:00,2019,3,3,14,40,0.46366667,28.56666667,44.79500000,0.42144657
2019-03-03T14:50:00,2019,3,3,14,50,0.41783333,28.53333333,43.15750000,0.38293401
2019-03-03T15:00:00,2019,3,3,15,0,0.37200000,28.50000000,41.52000000,0.34373098
2019-03-03T15:10:00,2019,3,3,15,10,0.33883333,28.28333333,40.14250000,0.31523173
2019-03-03T15:20:00,2019,3,3,15,20,0.30566667,28.06666667,38.76500000,0.28631216
2019-03-03T15:30:00,2019,3,3,15,30,0.27250000,27.85000000,37.38750000,0.25697227
2019-03-03T15:40:00,2019,3,3,15,40,0.23933333,27.63333333,36.01000000,0.22721206
2019-03-03T15:50:00,2019,3,3,15,50,0.20616667,27.41666667,34.63250000,0.19703152
2019-03-03T16:00:00,2019,3,3,16,0,0.17300000,27.20000000,33.25500000,0.16643067
2019-03-03T16:10:00,2019,3,3,16,10,0.15450000,26.96666667,32.37416667,0.14925918
2019-03-03T16:20:00,2019,3,3,16,20,0.13600000,26.73333333,31.49333333,0.13193777
2019-03-03T16:30:00,2019,3,3,16,30,0.11750000,26.50000000,30.61250000,0.11446644
2019-03-03T16:40:00,2019,3,3,16,40,0.09900000,26.26666667,29.73166667,0.09684520
2019-03-03T16:50:00,2019,3,3,16,50,0.08050000,26.03333333,28.85083333,0.07907404
2019-03-03T17:00:00,2019,3,3,17,0,0.06200000,25.80000000,27.97000000,0.06115296
2019-03-03T17:10:00,2019,3,3,17,10,0.05166667,25.68333333,27.49166667,0.05107448
2019-03-03T17:20:00,2019,3,3,17,20,0.04133333,25.56666667,27.01333333,0.04095053
2019-03-03T17:30:00,2019,3,3,17,30,0.03100000,25.45000000,26.53500000,0.03078111
2019-03-03T17:40:00,2019,3,3,17,40,0.02066667,25.33333333,26.05666667,0.02056621
2019-03-03T17:50:00,2019,3,3,17,50,0.01033333,25.21666667,25.57833333,0.01030584
2019-03-03T18:00:00,2019,3,3,18,0,0.00000000,25.10000000,25.10000000,0.00000000
2019-03-03T18:10:00,2019,3,3,18,10,0.00000000,24.95000000,24.95000000,0.00000000
2019-03-03T18:20:00,2019,3,3,18,20,0.00000000,24.80000000,24.80000000,0.00000000
2019-03-03T18:30:00,2019,3,3,18,30,0.00000000,24.65000000,24.65000000,0.00000000
2019-03-03T18:40:00,2019,3,3,18,40,0.00000000,24.50000000,24.50000000,0.00000000
2019-03-03T18:50:00,2019,3,3,18,50,0.00000000,24.35000000,24.35000000,0.00000000
2019-03-03T19:00:00,2019,3,3,19,0,0.00000000,24.20000000,24.20000000,0.00000000
2019-03-03T19:10:00,2019,3,3,19,10,0.00000000,24.16666667,24.16666667,0.00000000
2019-03-03T19:20:00,2019,3,3,19,20,0.00000000,24.13333333,24.13333333,0.00000000
2019-03-03T19:30:00,2019,3,3,19,30,0.00000000,24.10000000,24.10000000,0.00000000
2019-03-03T19:40:00,2019,3,3,19,40,0.00000000,24.06666667,24.06666667,0.00000000
2019-03-03T19:50:00,2019,3,3,19,50,0.00000000,24.03333333,24.03333333,0.00000000
2019-03-03T20:00:00,2019,3,3,20,0,0.00000000,24.00000000,24.00000000,0.00000000
2019-03-03T20:10:00,2019,3,3,20,10,0.00000000,23.90000000,23.90000000,0.00000000
2019-03-03T20:20:00,2019,3,3,20,20,0.00000000,23.80000000,23.80000000,0.00000000
2019-03-03T20:30:00,2019,3,3,20,30,0.00000000,23.70000000,23.70000000,0.00000000
2019-03-03T20:40:00,2019,3,3,20,40,0.00000000,23.60000000,23.60000000,0.00000000
2019-03-03T20:50:00,2019,3,3,20,50,0.00000000,23.50000000,23.50000000,0.00000000
2019-03-03T21:00:00,2019,3,3,21,0,0.00000000,23.40000000,23.40000000,0.00000000
2019-03-03T21:10:00,2019,3,3,21,10,0.00000000,23.26666667,23.26666667,0.00000000
2019-03-03T21:20:00,2019,3,3,21,20,0.00000000,23.13333333,23.13333333,0.00000000
2019-03-03T21:30:00,2019,3,3,21,30,0.00000000,23.00000000,23.00000000,0.00000000
2019-03-03T21:40:00,2019,3,3,21,40,0.00000000,22.86666667,22.86666667,0.00000000
2019-03-03T21:50:00,2019,3,3,21,50,0.00000000,22.73333333,22.73333333,0.00000000
2019-03-03T22:00:00,2019,3,3,22,0,0.00000000,22.60000000,22.60000000,0.00000000
2019-03-03T22:10:00,2019,3,3,22,10,0.00000000,22.51666667,22.51666667,0.00000000
2019-03-03T22:20:00,2019,3,3,22,20,0.00000000,22.43333333,22.43333333,0.00000000
2019-03-03T22:30:00,2019,3,3,22,30,0.00000000,22.35000000,22.35000000,0.00000000
2019-03-03T22:40:00,2019,3,3,22,40,0.00000000,22.26666667,22.26666667,0.00000000
2019-03-03T22:50:00,2019,3,3,22,50,0.00000000,22.18333333,22.18333333,0.00000000
2019-03-03T23:00:00,2019,3,3,23,0,0.00000000,22.10000000,22.10000000,0.00000000
2019-03-03T23:10:00,2019,3,3,23,10,0.00000000,22.06666667,22.06666667,0.00000000
2019-03-03T23:20:00,2019,3,3,23,20,0.00000000,22.03333333,22.03333333,0.00000000
2019-03-03T23:30:00,2019,3,3,23,30,0.00000000,22.00000000,22.00000000,0.00000000
2019-03-03T23:40:00,2019,3,3,23,40,0.00000000,21.96666667,21.96666667,0.00000000
2019-03-03T23:50:00,2019,3,3,23,50,0.00000000,21.93333333,21.93333333,0.00000000
2019-03-04T00:00:00,2019,3,4,0,0,0.00000000,21.90000000,21.90000000,0.00000000
2019-03-04T00:10:00,2019,3,4,0,10,0.00000000,21.88333333,21.88333333,0.00000000
2019-03-04T00:20:00,2019,3,4,0,20,0.00000000,21.86666667,21.86666667,0.00000000
2019-03-04T00:30:00,2019,3,4,0,30,0.00000000,21.85000000,21.85000000,0.00000000
2019-03-04T00:40:00,2019,3,4,0,40,0.00000000,21.83333333,21.83333333,0.00000000
2019-03-04T00:50:00,2019,3,4,0,50,0.00000000,21.81666667,21.81666667,0.00000000
2019-03-04T01:00:00,2019,3,4,1,0,0.00000000,21.80000000,21.80000000,0.00000000
2019-03-04T01:10:00,2019,3,4,1,10,0.00000000,21.73333333,21.73333333,0.00000000
2019-03-04T01:20:00,2019,3,4,1,20,0.00000000,21.66666667,21.66666667,0.00000000
2019-03-04T01:30:00,2019,3,4,1,30,0.00000000,21.60000000,21.60000000,0.00000000
2019-03-04T01:40:00,2019,3,4,1,40,0.00000000,21.53333333,21.53333333,0.00000000
2019-03-04T01:50:00,2019,3,4,1,50,0.00000000,21.46666667,21.46666667,0.00000000
2019-03-04T02:00:00,2019,3,4,2,0,0.00000000,21.40000000,21.40000000,0.00000000
2019-03-04T02:10:00,2019,3,4,2,10,0.00000000,21.33333333,21.33333333,0.00000000
2019-03-04T02:20:00,2019,3,4,2,20,0.00000000,21.26666667,21.26666667,0.00000000
2019-03-04T02:30:00,2019,3,4,2,30,0.00000000,21.20000000,21.20000000,0.00000000
2019-03-04T02:40:00,2019,3,4,2,40,0.00000000,21.13333333,21.13333333,0.00000000
2019-03-04T02:50:00,2019,3,4,2,50,0.00000000,21.06666667,21.06666667,0.00000000
2019-03-04T03:00:00,2019,3,4,3,0,0.00000000,21.00000000,21.00000000,0.00000000
2019-03-04T03:10:00,2019,3,4,3,10,0.00000000,20.88333333,20.88333333,0.00000000
2019-03-04T03:20:00,2019,3,4,3,20,0.00000000,20.76666667,20.76666667,0.00000000
2019-03-04T03:30:00,2019,3,4,3,30,0.00000000,20.65000000,20.65000000,0.00000000
2019-03-04T03:40:00,2019,3,4,3,40,0.00000000,20.53333333,20.53333333,0.00000000
2019-03-04T03:50:00,2019,3,4,3,50,0.00000000,20.41666667,20.41666667,0.00000000
2019-03-04T04:00:00,2019,3,4,4,0,0.00000000,20.30000000,20.30000000,0.00000000
2019-03-04T04:10:00,2019,3,4,4,10,0.00000000,20.36666667,20.36666667,0.00000000
2019-03-04T04:20:00,2019,3,4,4,20,0.00000000,20.43333333,20.43333333,0.00000000
2019-03-04T04:30:00,2019,3,4,4,30,0.00000000,20.50000000,20.50000000,0.00000000
2019-03-04T04:40:00,2019,3,4,4,40,0.00000000,20.56666667,20.56666667,0.00000000
2019-03-04T04:50:00,2019,3,4,4,50,0.00000000,20.63333333,20.63333333,0.00000000
2019-03-04T05:00:00,2019,3,4,5,0,0.00000000,20.70000000,20.70000000,0.00000000
2019-03-04T05:10:00,2019,3,4,5,10,0.02216667,20.68333333,21.45916667,0.02252771
2019-03-04T05:20:00,2019,3,4,5,20,0.04433333,20.66666667,22.21833333,0.04490061
2019-03-04T05:30:00,2019,3,4,5,30,0.06650000,20.65000000,22.97750000,0.06711868
2019-03-04T05:40:00,2019,3,4,5,40,0.08866667,20.63333333,23.73666667,0.08918194
2019-03-04T05:50:00,2019,3,4,5,50,0.11083333,20.61666667,24.49583333,0.11109037
2019-03-04T06:00:00,2019,3,4,6,0,0.13300000,20.60000000,25.25500000,0.13284399
2019-03-04T06:10:00,2019,3,4,6,10,0.17133333,20.93333333,26.93000000,0.16981224
2019-03-04T06:20:00,2019,3,4,6,20,0.20966667,21.26666667,28.60500000,0.20618976
2019-03-04T06:30:00,2019,3,4,6,30,0.24800000,21.60000000,30.28000000,0.24197658
2019-03-04T06:40:00,2019,3,4,6,40,0.28633333,21.93333333,31.95500000,0.27717267
2019-03-04T06:50:00,2019,3,4,6,50,0.32466667,22.26666667,33.63000000,0.31177805
2019-03-04T07:00:00,2019,3,4,7,0,0.36300000,22.60000000,35.30500000,0.34579271
2019-03-04T07:10:00,2019,3,4,7,10,0.35816667,23.15000000,35.68583333,0.34056104
2019-03-04T07:20:00,2019,3,4,7,20,0.35333333,23.70000000,36.06666667,0.33534631
2019-03-04T07:30:00,2019,3,4,7,30,0.34850000,24.25000000,36.44750000,0.33014851
2019-03-04T07:40:00,2019,3,4,7,40,0.34366667,24.80000000,36.82833333,0.32496765
2019-03-04T07:50:00,2019,3,4,7,50,0.33883333,25.35000000,37.20916667,0.31980372
2019-03-04T08:00:00,2019,3,4,8,0,0.33400000,25.90000000,37.59000000,0.31465672
2019-03-04T08:10:00,2019,3,4,8,10,0.35916667,25.83333333,38.40416667,0.33702075
2019-03-04T08:20:00,2019,3,4,8,20,0.38433333,25.76666667,39.21833333,0.35919627
2019-03-04T08:30:00,2019,3,4,8,30,0.40950000,25.70000000,40.03250000,0.38118328
2019-03-04T08:40:00,2019,3,4,8,40,0.43466667,25.63333333,40.84666667,0.40298178
2019-03-04T08:50:00,2019,3,4,8,50,0.45983333,25.56666667,41.66083333,0.42459178
2019-03-04T09:00:00,2019,3,4,9,0,0.48500000,25.50000000,42.47500000,0.44601328
2019-03-04T09:10:00,2019,3,4,9,10,0.47983333,25.91666667,42.71083333,0.44074139
2019-03-04T09:20:00,2019,3,4,9,20,0.47466667,26.33333333,42.94666667,0.43548072
2019-03-04T09:30:00,2019,3,4,9,30,0.46950000,26.75000000,43.18250000,0.43023125
2019-03-04T09:40:00,2019,3,4,9,40,0.46433333,27.16666667,43.41833333,0.42499300
2019-03-04T09:50:00,2019,3,4,9,50,0.45916667,27.58333333,43.65416667,0.41976596
2019-03-04T10:00:00,2019,3,4,10,0,0.45400000,28.00000000,43.89000000,0.41455012
2019-03-04T10:10:00,2019,3,4,10,10,0.47916667,27.91666667,44.68750000,0.43577214
2019-03-04T10:20:00,2019,3,4,10,20,0.50433333,27.83333333,45.48500000,0.45680950
2019-03-04T10:30:00,2019,3,4,10,30,0.52950000,27.75000000,46.28250000,0.47766221
2019-03-04T10:40:00,2019,3,4,10,40,0.55466667,27.66666667,47.08000000,0.49833028
2019-03-04T10:50:00,2019,3,4,10,50,0.57983333,27.58333333,47.87750000,0.51881370
2019-03-04T11:00:00,2019,3,4,11,0,0.60500000,27.50000000,48.67500000,0.53911247
2019-03-04T11:10:00,2019,3,4,11,10,0.64933333,27.88333333,50.61000000,0.57283797
2019-03-04T11:20:00,2019,3,4,11,20,0.69366667,28.26666667,52.54500000,0.60577424
2019-03-04T11:30:00,2019,3,4,11,30,0.73800000,28.65000000,54.48000000,0.63792130
2019-03-04T11:40:00,2019,3,4,11,40,0.78233333,29.03333333,56.41500000,0.66927913
2019-03-04T11:50:00,2019,3,4,11,50,0.82666667,29.41666667,58.35000000,0.69984773
2019-03-04T12:00:00,2019,3,4,12,0,0.87100000,29.80000000,60.28500000,0.72962712
2019-03-04T12:10:00,2019,3,4,12,10,0.87433333,30.28333333,60.88500000,0.73000626
2019-03-04T12:20:00,2019,3,4,12,20,0.87766667,30.76666667,61.48500000,0.73036699
2019-03-04T12:30:00,2019,3,4,12,30,0.88100000,31.25000000,62.08500000,0.73070933
2019-03-04T12:40:00,2019,3,4,12,40,0.88433333,31.73333333,62.68500000,0.73103327
2019-03-04T12:50:00,2019,3,4,12,50,0.88766667,32.21666667,63.28500000,0.73133880
2019-03-04T13:00:00,2019,3,4,13,0,0.89100000,32.70000000,63.88500000,0.73162594
2019-03-04T13:10:00,2019,3,4,13,10,0.83233333,32.66666667,61.79833333,0.69144233
2019-03-04T13:20:00,2019,3,4,13,20,0.77366667,32.63333333,59.71166667,0.65013247
2019-03-04T13:30:00,2019,3,4,13,30,0.71500000,32.60000000,57.62500000,0.60769638
2019-03-04T13:40:00,2019,3,4,13,40,0.65633333,32.56666667,55.53833333,0.56413403
2019-03-04T13:50:00,2019,3,4,13,50,0.59766667,32.53333333,53.45166667,0.51944545
2019-03-04T14:00:00,2019,3,4,14,0,0.53900000,32.50000000,51.36500000,0.47363062
2019-03-04T14:10:00,2019,3,4,14,10,0.51083333,31.96666667,49.84583333,0.45244977
2019-03-04T14:20:00,2019,3,4,14,20,0.48266667,31.43333333,48.32666667,0.43087525
2019-03-04T14:30:00,2019,3,4,14,30,0.45450000,30.90000000,46.80750000,0.40890706
2019-03-04T14:40:00,2019,3,4,14,40,0.42633333,30.36666667,45.28833333,0.38654521
2019-03-04T14:50:00,2019,3,4,14,50,0.39816667,29.83333333,43.76916667,0.36378969
2019-03-04T15:00:00,2019,3,4,15,0,0.37000000,29.30000000,42.25000000,0.34064050
2019-03-04T15:10:00,2019,3,4,15,10,0.35766667,28.93333333,41.45166667,0.33059929
2019-03-04T15:20:00,2019,3,4,15,20,0.34533333,28.56666667,40.65333333,0.32046749
2019-03-04T15:30:00,2019,3,4,15,30,0.33300000,28.20000000,39.85500000,0.31024511
2019-03-04T15:40:00,2019,3,4,15,40,0.32066667,27.83333333,39.05666667,0.29993215
2019-03-04T15:50:00,2019,3,4,15,50,0.30833333,27.46666667,38.25833333,0.28952860
2019-03-04T16:00:00,2019,3,4,16,0,0.29600000,27.10000000,37.46000000,0.27903446
2019-03-04T16:10:00,2019,3,4,16,10,0.26433333,26.96666667,36.21833333,0.25069259
2019-03-04T16:20:00,2019,3,4,16,20,0.23266667,26.83333333,34.97666667,0.22198897
2019-03-04T16:30:00,2019,3,4,16,30,0.20100000,26.70000000,33.73500000,0.19292362
2019-03-04T16:40:00,2019,3,4,16,40,0.16933333,26.56666667,32.49333333,0.16349653
2019-03-04T16:50:00,2019,3,4,16,50,0.13766667,26.43333333,31.25166667,0.13370769
2019-03-04T17:00:00,2019,3,4,17,0,0.10600000,26.30000000,30.01000000,0.10355712
2019-03-04T17:10:00,2019,3,4,17,10,0.08833333,25.81666667,28.90833333,0.08674525
2019-03-04T17:20:00,2019,3,4,17,20,0.07066667,25.33333333,27.80666667,0.06975431
2019-03-04T17:30:00,2019,3,4,17,30,0.05300000,24.85000000,26.70500000,0.05258432
2019-03-04T17:40:00,2019,3,4,17,40,0.03533333,24.36666667,25.60333333,0.03523527
2019-03-04T17:50:00,2019,3,4,17,50,0.01766667,23.88333333,24.50166667,0.01770716
2019-03-04T18:00:00,2019,3,4,18,0,0.00000000,23.40000000,23.40000000,0.00000000
2019-03-04T18:10:00,2019,3,4,18,10,0.00000000,23.28333333,23.28333333,0.00000000
2019-03-04T18:20:00,2019,3,4,18,20,0.00000000,23.16666667,23.16666667,0.00000000
2019-03-04T18:30:00,2019,3,4,18,30,0.00000000,23.05000000,23.05000000,0.00000000
2019-03-04T18:40:00,2019,3,4,18,40,0.00000000,22.93333333,22.93333333,0.00000000
2019-03-04T18:50:00,2019,3,4,18,50,0.00000000,22.81666667,22.81666667,0.00000000
2019-03-04T19:00:00,2019,3,4,19,0,0.00000000,22.70000000,22.70000000,0.00000000
2019-03-04T19:10:00,2019,3,4,19,10,0.00000000,22.48333333,22.48333333,0.00000000
2019-03-04T19:20:00,2019,3,4,19,20,0.00000000,22.26666667,22.26666667,0.00000000
2019-03-04T19:30:00,2019,3,4,19,30,0.00000000,22.05000000,22.05000000,0.00000000
2019-03-04T19:40:00,2019,3,4,19,40,0.00000000,21.83333333,21.83333333,0.00000000
2019-03-04T19:50:00,2019,3,4,19,50,0.00000000,21.61666667,21.61666667,0.00000000
2019-03-04T20:00:00,2019,3,4,20,0,0.00000000,21.40000000,21.40000000,0.00000000
2019-03-04T20:10:00,2019,3,4,20,10,0.00000000,21.40000000,21.40000000,0.00000000
2019-03-04T20:20:00,2019,3,4,20,20,0.00000000,21.40000000,21.40000000,0.00000000
2019-03-04T20:30:00,2019,3,4,20,30,0.00000000,21.40000000,21.40000000,0.00000000
2019-03-04T20:40:00,2019,3,4,20,40,0.00000000,21.40000000,21.40000000,0.00000000
2019-03-04T20:50:00,2019,3,4,20,50,0.00000000,21.40000000,21.40000000,0.00000000
2019-03-04T21:00:00,2019,3,4,21,0,0.00000000,21.40000000,21.40000000,0.00000000
2019-03-04T21:10:00,2019,3,4,21,10,0.00000000,21.28333333,21.28333333,0.00000000
2019-03-04T21:20:00,2019,3,4,21,20,0.00000000,21.16666667,21.16666667,0.00000000
2019-03-04T21:30:00,2019,3,4,21,30,0.00000000,21.05000000,21.05000000,0.00000000
2019-03-04T21:40:00,2019,3,4,21,40,0.00000000,20.93333333,20.93333333,0.00000000
2019-03-04T21:50:00,2019,3,4,21,50,0.00000000,20.81666667,20.81666667,0.00000000
2019-03-04T22:00:00,2019,3,4,22,0,0.00000000,20.70000000,20.70000000,0.00000000
2019-03-04T22:10:00,2019,3,4,22,10,0.00000000,20.50000000,20.50000000,0.00000000
2019-03-04T22:20:00,2019,3,4,22,20,0.00000000,20.30000000,20.30000000,0.00000000
2019-03-04T22:30:00,2019,3,4,22,30,0.00000000,20.10000000,20.10000000,0.00000000
2019-03-04T22:40:00,2019,3,4,22,40,0.00000000,19.90000000,19.90000000,0.00000000
2019-03-04T22:50:00,2019,3,4,22,50,0.00000000,19.70000000,19.70000000,0.00000000
2019-03-04T23:00:00,2019,3,4,23,0,0.00000000,19.50000000,19.50000000,0.00000000
2019-03-04T23:10:00,2019,3,4,23,10,0.00000000,19.53333333,19.53333333,0.00000000
2019-03-04T23:20:00,2019,3,4,23,20,0.00000000,19.56666667,19.56666667,0.00000000
2019-03-04T23:30:00,2019,3,4,23,30,0.00000000,19.60000000,19.60000000,0.00000000
2019-03-04T23:40:00,2019,3,4,23,40,0.00000000,19.63333333,19.63333333,0.00000000
2019-03-04T23:50:00,2019,3,4,23,50,0.00000000,19.66666667,19.66666667,0.00000000
2019-03-05T00:00:00,2019,3,5,0,0,0.00000000,19.70000000,19.70000000,0.00000000
2019-03-05T00:10:00,2019,3,5,0,10,0.00000000,19.75000000,19.75000000,0.00000000
2019-03-05T00:20:00,2019,3,5,0,20,0.00000000,19.80000000,19.80000000,0.00000000
2019-03-05T00:30:00,2019,3,5,0,30,0.00000000,19.85000000,19.85000000,0.00000000
2019-03-05T00:40:00,2019,3,5,0,40,0.00000000,19.90000000,19.90000000,0.00000000
2019-03-05T00:50:00,2019,3,5,0,50,0.00000000,19.95000000,19.95000000,0.00000000
2019-03-05T01:00:00,2019,3,5,1,0,0.00000000,20.00000000,20.00000000,0.00000000
2019-03-05T01:10:00,2019,3,5,1,10,0.00000000,19.95000000,19.95000000,0.00000000
2019-03-05T01:20:00,2019,3,5,1,20,0.00000000,19.90000000,19.90000000,0.00000000
2019-03-05T01:30:00,2019,3,5,1,30,0.00000000,19.85000000,19.85000000,0.00000000
2019-03-05T01:40:00,2019,3,5,1,40,0.00000000,19.80000000,19.80000000,0.00000000
2019-03-05T01:50:00,2019,3,5,1,50,0.00000000,19.75000000,19.75000000,0.00000000
2019-03-05T02:00:00,2019,3,5,2,0,0.00000000,19.70000000,19.70000000,0.00000000
2019-03-05T02:10:00,2019,3,5,2,10,0.00000000,19.61666667,19.61666667,0.00000000
2019-03-05T02:20:00,2019,3,5,2,20,0.00000000,19.53333333,19.53333333,0.00000000
2019-03-05T02:30:00,2019,3,5,2,30,0.00000000,19.45000000,19.45000000,0.00000000
2019-03-05T02:40:00,2019,3,5,2,40,0.00000000,19.36666667,19.36666667,0.00000000
2019-03-05T02:50:00,2019,3,5,2,50,0.00000000,19.28333333,19.28333333,0.00000000
2019-03-05T03:00:00,2019,3,5,3,0,0.00000000,19.20000000,19.20000000,0.00000000
2019-03-05T03:10:00,2019,3,5,3,10,0.00000000,19.26666667,19.26666667,0.00000000
2019-03-05T03:20:00,2019,3,5,3,20,0.00000000,19.33333333,19.33333333,0.00000000
2019-03-05T03:30:00,2019,3,5,3,30,0.00000000,19.40000000,19.40000000,0.00000000
2019-03-05T03:40:00,2019,3,5,3,40,0.00000000,19.46666667,19.46666667,0.00000000
2019-03-05T03:50:00,2019,3,5,3,50,0.00000000,19.53333333,19.53333333,0.00000000
2019-03-05T04:00:00,2019,3,5,4,0,0.00000000,19.60000000,19.60000000,0.00000000
2019-03-05T04:10:00,2019,3,5,4,10,0.00000000,19.55000000,19.55000000,0.00000000
2019-03-05T04:20:00,2019,3,5,4,20,0.00000000,19.50000000,19.50000000,0.00000000
2019-03-05T04:30:00,2019,3,5,4,30,0.00000000,19.45000000,19.45000000,0.00000000
2019-03-05T04:40:00,2019,3,5,4,40,0.00000000,19.40000000,19.40000000,0.00000000
2019-03-05T04:50:00,2019,3,5,4,50,0.00000000,19.35000000,19.35000000,0.00000000
2019-03-05T05:00:00,2019,3,5,5,0,0.00000000,19.30000000,19.30000000,0.00000000
2019-03-05T05:10:00,2019,3,5,5,10,0.01950000,19.25000000,19.93250000,0.01995455
2019-03-05T05:20:00,2019,3,5,5,20,0.03900000,19.20000000,20.56500000,0.03979564
2019-03-05T05:30:00,2019,3,5,5,30,0.05850000,19.15000000,21.19750000,0.05952325
2019-03-05T05:40:00,2019,3,5,5,40,0.07800000,19.10000000,21.83000000,0.07913740
2019-03-05T05:50:00,2019,3,5,5,50,0.09750000,19.05000000,22.46250000,0.09863807
2019-03-05T06:00:00,2019,3,5,6,0,0.11700000,19.00000000,23.09500000,0.11802527
2019-03-05T06:10:00,2019,3,5,6,10,0.14250000,19.31666667,24.30416667,0.14295612
2019-03-05T06:20:00,2019,3,5,6,20,0.16800000,19.63333333,25.51333333,0.16760330
2019-03-05T06:30:00,2019,3,5,6,30,0.19350000,19.95000000,26.72250000,0.19196680
2019-03-05T06:40:00,2019,3,5,6,40,0.21900000,20.26666667,27.93166667,0.21604664
2019-03-05T06:50:00,2019,3,5,6,50,0.24450000,20.58333333,29.14083333,0.23984280
2019-03-05T07:00:00,2019,3,5,7,0,0.27000000,20.90000000,30.35000000,0.26335530
2019-03-05T07:10:00,2019,3,5,7,10,0.28183333,21.23333333,31.09750000,0.27392833
2019-03-05T07:20:00,2019,3,5,7,20,0.29366667,21.56666667,31.84500000,0.28441998
2019-03-05T07:30:00,2019,3,5,7,30,0.30550000,21.90000000,32.59250000,0.29483026
2019-03-05T07:40:00,2019,3,5,7,40,0.31733333,22.23333333,33.34000000,0.30515916
2019-03-05T07:50:00,2019,3,5,7,50,0.32916667,22.56666667,34.08750000,0.31540668
2019-03-05T08:00:00,2019,3,5,8,0,0.34100000,22.90000000,34.83500000,0.32557282
2019-03-05T08:10:00,2019,3,5,8,10,0.36850000,23.03333333,35.93083333,0.34997114
2019-03-05T08:20:00,2019,3,5,8,20,0.39600000,23.16666667,37.02666667,0.37409222
2019-03-05T08:30:00,2019,3,5,8,30,0.42350000,23.30000000,38.12250000,0.39793606
2019-03-05T08:40:00,2019,3,5,8,40,0.45100000,23.43333333,39.21833333,0.42150265
2019-03-05T08:50:00,2019,3,5,8,50,0.47850000,23.56666667,40.31416667,0.44479199
2019-03-05T09:00:00,2019,3,5,9,0,0.50600000,23.70000000,41.41000000,0.46780408
2019-03-05T09:10:00,2019,3,5,9,10,0.52216667,23.88333333,42.15916667,0.48095092
2019-03-05T09:20:00,2019,3,5,9,20,0.53833333,24.06666667,42.90833333,0.49398633
2019-03-05T09:30:00,2019,3,5,9,30,0.55450000,24.25000000,43.65750000,0.50691031
2019-03-05T09:40:00,2019,3,5,9,40,0.57066667,24.43333333,44.40666667,0.51972287
2019-03-05T09:50:00,2019,3,5,9,50,0.58683333,24.61666667,45.15583333,0.53242400
2019-03-05T10:00:00,2019,3,5,10,0,0.60300000,24.80000000,45.90500000,0.54501371
2019-03-05T10:10:00,2019,3,5,10,10,0.65833333,24.98333333,48.02500000,0.58860596
2019-03-05T10:20:00,2019,3,5,10,20,0.71366667,25.16666667,50.14500000,0.63111898
2019-03-05T10:30:00,2019,3,5,10,30,0.76900000,25.35000000,52.26500000,0.67255279
2019-03-05T10:40:00,2019,3,5,10,40,0.82433333,25.53333333,54.38500000,0.71290737
2019-03-05T10:50:00,2019,3,5,10,50,0.87966667,25.71666667,56.50500000,0.75218273
2019-03-05T11:00:00,2019,3,5,11,0,0.93500000,25.90000000,58.62500000,0.79037888
2019-03-05T11:10:00,2019,3,5,11,10,0.93333333,26.20000000,58.86666667,0.78793244
2019-03-05T11:20:00,2019,3,5,11,20,0.93166667,26.50000000,59.10833333,0.78548972
2019-03-05T11:30:00,2019,3,5,11,30,0.93000000,26.80000000,59.35000000,0.78305070
2019-03-05T11:40:00,2019,3,5,11,40,0.92833333,27.10000000,59.59166667,0.78061539
2019-03-05T11:50:00,2019,3,5,11,50,0.92666667,27.40000000,59.83333333,0.77818378
2019-03-05T12:00:00,2019,3,5,12,0,0.92500000,27.70000000,60.07500000,0.77575587
2019-03-05T12:10:00,2019,3,5,12,10,0.92166667,27.76666667,60.02500000,0.77317234
2019-03-05T12:20:00,2019,3,5,12,20,0.91833333,27.83333333,59.97500000,0.77058728
2019-03-05T12:30:00,2019,3,5,12,30,0.91500000,27.90000000,59.92500000,0.76800068
2019-03-05T12:40:00,2019,3,5,12,40,0.91166667,27.96666667,59.87500000,0.76541254
2019-03-05T12:50:00,2019,3,5,12,50,0.90833333,28.03333333,59.82500000,0.76282288
2019-03-05T13:00:00,2019,3,5,13,0,0.90500000,28.10000000,59.77500000,0.76023167
2019-03-05T13:10:00,2019,3,5,13,10,0.88250000,28.21666667,59.10416667,0.74405414
2019-03-05T13:20:00,2019,3,5,13,20,0.86000000,28.33333333,58.43333333,0.72773773
2019-03-05T13:30:00,2019,3,5,13,30,0.83750000,28.45000000,57.76250000,0.71128247
2019-03-05T13:40:00,2019,3,5,13,40,0.81500000,28.56666667,57.09166667,0.69468834
2019-03-05T13:50:00,2019,3,5,13,50,0.79250000,28.68333333,56.42083333,0.67795535
2019-03-05T14:00:00,2019,3,5,14,0,0.77000000,28.80000000,55.75000000,0.66108350
2019-03-05T14:10:00,2019,3,5,14,10,0.70500000,28.68333333,53.35833333,0.61303393
2019-03-05T14:20:00,2019,3,5,14,20,0.64000000,28.56666667,50.96666667,0.56355413
2019-03-05T14:30:00,2019,3,5,14,30,0.57500000,28.45000000,48.57500000,0.51264413
2019-03-05T14:40:00,2019,3,5,14,40,0.51000000,28.33333333,46.18333333,0.46030390
2019-03-05T14:50:00,2019,3,5,14,50,0.44500000,28.21666667,43.79166667,0.40653346
2019-03-05T15:00:00,2019,3,5,15,0,0.38000000,28.10000000,41.40000000,0.35133280
2019-03-05T15:10:00,2019,3,5,15,10,0.37416667,27.73333333,40.82916667,0.34692203
2019-03-05T15:20:00,2019,3,5,15,20,0.36833333,27.36666667,40.25833333,0.34248063
2019-03-05T15:30:00,2019,3,5,15,30,0.36250000,27.00000000,39.68750000,0.33800859
2019-03-05T15:40:00,2019,3,5,15,40,0.35666667,26.63333333,39.11666667,0.33350592
2019-03-05T15:50:00,2019,3,5,15,50,0.35083333,26.26666667,38.54583333,0.32897262
2019-03-05T16:00:00,2019,3,5,16,0,0.34500000,25.90000000,37.97500000,0.32440867
2019-03-05T16:10:00,2019,3,5,16,10,0.30033333,25.88333333,36.39500000,0.28459076
2019-03-05T16:20:00,2019,3,5,16,20,0.25566667,25.86666667,34.81500000,0.24412357
2019-03-05T16:30:00,2019,3,5,16,30,0.21100000,25.85000000,33.23500000,0.20300711
2019-03-05T16:40:00,2019,3,5,16,40,0.16633333,25.83333333,31.65500000,0.16124137
2019-03-05T16:50:00,2019,3,5,16,50,0.12166667,25.81666667,30.07500000,0.11882636
2019-03-05T17:00:00,2019,3,5,17,0,0.07700000,25.80000000,28.49500000,0.07576207
2019-03-05T17:10:00,2019,3,5,17,10,0.06416667,25.53333333,27.77916667,0.06334635
2019-03-05T17:20:00,2019,3,5,17,20,0.05133333,25.26666667,27.06333333,0.05084611
2019-03-05T17:30:00,2019,3,5,17,30,0.03850000,25.00000000,26.34750000,0.03826136
2019-03-05T17:40:00,2019,3,5,17,40,0.02566667,24.73333333,25.63166667,0.02559209
2019-03-05T17:50:00,2019,3,5,17,50,0.01283333,24.46666667,24.91583333,0.01283830
2019-03-05T18:00:00,2019,3,5,18,0,0.00000000,24.20000000,24.20000000,0.00000000
2019-03-05T18:10:00,2019,3,5,18,10,0.00000000,24.05000000,24.05000000,0.00000000
2019-03-05T18:20:00,2019,3,5,18,20,0.00000000,23.90000000,23.90000000,0.00000000
2019-03-05T18:30:00,2019,3,5,18,30,0.00000000,23.75000000,23.75000000,0.00000000
2019-03-05T18:40:00,2019,3,5,18,40,0.00000000,23.60000000,23.60000000,0.00000000
2019-03-05T18:50:00,2019,3,5,18,50,0.00000000,23.45000000,23.45000000,0.00000000
2019-03-05T19:00:00,2019,3,5,19,0,0.00000000,23.30000000,23.30000000,0.00000000
2019-03-05T19:10:00,2019,3,5,19,10,0.00000000,23.28333333,23.28333333,0.00000000
2019-03-05T19:20:00,2019,3,5,19,20,0.00000000,23.26666667,23.26666667,0.00000000
2019-03-05T19:30:00,2019,3,5,19,30,0.00000000,23.25000000,23.25000000,0.00000000
2019-03-05T19:40:00,2019,3,5,19,40,0.00000000,23.23333333,23.23333333,0.00000000
2019-03-05T19:50:00,2019,3,5,19,50,0.00000000,23.21666667,23.21666667,0.00000000
2019-03-05T20:00:00,2019,3,5,20,0,0.00000000,23.20000000,23.20000000,0.00000000
2019-03-05T20:10:00,2019,3,5,20,10,0.00000000,23.11666667,23.11666667,0.00000000
2019-03-05T20:20:00,2019,3,5,20,20,0.00000000,23.03333333,23.03333333,0.00000000
2019-03-05T20:30:00,2019,3,5,20,30,0.00000000,22.95000000,22.95000000,0.00000000
2019-03-05T20:40:00,2019,3,5,20,40,0.00000000,22.86666667,22.86666667,0.00000000
2019-03-05T20:50:00,2019,3,5,20,50,0.00000000,22.78333333,22.78333333,0.00000000
2019-03-05T21:00:00,2019,3,5,21,0,0.00000000,22.70000000,22.70000000,0.00000000
2019-03-05T21:10:00,2019,3,5,21,10,0.00000000,22.65000000,22.65000000,0.00000000
2019-03-05T21:20:00,2019,3,5,21,20,0.00000000,22.60000000,22.60000000,0.00000000
2019-03-05T21:30:00,2019,3,5,21,30,0.00000000,22.55000000,22.55000000,0.00000000
2019-03-05T21:40:00,2019,3,5,21,40,0.00000000,22.50000000,22.50000000,0.00000000
2019-03-05T21:50:00,2019,3,5,21,50,0.00000000,22.45000000,22.45000000,0.00000000
2019-03-05T22:00:00,2019,3,5,22,0,0.00000000,22.40000000,22.40000000,0.00000000
2019-03-05T22:10:00,2019,3,5,22,10,0.00000000,22.35000000,22.35000000,0.00000000
2019-03-05T22:20:00,2019,3,5,22,20,0.00000000,22.30000000,22.30000000,0.00000000
2019-03-05T22:30:00,2019,3,5,22,30,0.00000000,22.25000000,22.25000000,0.00000000
2019-03-05T22:40:00,2019,3,5,22,40,0.00000000,22.20000000,22.20000000,0.00000000
2019-03-05T22:50:00,2019,3,5,22,50,0.00000000,22.15000000,22.15000000,0.00000000
2019-03-05T23:00:00,2019,3,5,23,0,0.00000000,22.10000000,22.10000000,0.00000000
2019-03-05T23:10:00,2019,3,5,23,10,0.00000000,22.08333333,22.08333333,0.00000000
2019-03-05T23:20:00,2019,3,5,23,20,0.00000000,22.06666667,22.06666667,0.00000000
2019-03-05T23:30:00,2019,3,5,23,30,0.00000000,22.05000000,22.05000000,0.00000000
2019-03-05T23:40:00,2019,3,5,23,40,0.00000000,22.03333333,22.03333333,0.00000000
2019-03-05T23:50:00,2019,3,5,23,50,0.00000000,22.01666667,22.01666667,0.00000000
2019-03-06T00:00:00,2019,3,6,0,0,0.00000000,22.00000000,22.00000000,0.00000000
2019-03-06T00:10:00,2019,3,6,0,10,0.00000000,22.10000000,22.10000000,0.00000000
2019-03-06T00:20:00,2019,3,6,0,20,0.00000000,22.20000000,22.20000000,0.00000000
2019-03-06T00:30:00,2019,3,6,0,30,0.00000000,22.30000000,22.30000000,0.00000000
2019-03-06T00:40:00,2019,3,6,0,40,0.00000000,22.40000000,22.40000000,0.00000000
2019-03-06T00:50:00,2019,3,6,0,50,0.00000000,22.50000000,22.50000000,0.00000000
2019-03-06T01:00:00,2019,3,6,1,0,0.00000000,22.60000000,22.60000000,0.00000000
2019-03-06T01:10:00,2019,3,6,1,10,0.00000000,22.55000000,22.55000000,0.00000000
2019-03-06T01:20:00,2019,3,6,1,20,0.00000000,22.50000000,22.50000000,0.00000000
2019-03-06T01:30:00,2019,3,6,1,30,0.00000000,22.45000000,22.45000000,0.00000000
2019-03-06T01:40:00,2019,3,6,1,40,0.00000000,22.40000000,22.40000000,0.00000000
2019-03-06T01:50:00,2019,3,6,1,50,0.00000000,22.35000000,22.35000000,0.00000000
2019-03-06T02:00:00,2019,3,6,2,0,0.00000000,22.30000000,22.30000000,0.00000000
2019-03-06T02:10:00,2019,3,6,2,10,0.00000000,22.25000000,22.25000000,0.00000000
2019-03-06T02:20:00,2019,3,6,2,20,0.00000000,22.20000000,22.20000000,0.00000000
2019-03-06T02:30:00,2019,3,6,2,30,0.00000000,22.15000000,22.15000000,0.00000000
2019-03-06T02:40:00,2019,3,6,2,40,0.00000000,22.10000000,22.10000000,0.00000000
2019-03-06T02:50:00,2019,3,6,2,50,0.00000000,22.05000000,22.05000000,0.00000000
2019-03-06T03:00:00,2019,3,6,3,0,0.00000000,22.00000000,22.00000000,0.00000000
2019-03-06T03:10:00,2019,3,6,3,10,0.00000000,21.95000000,21.95000000,0.00000000
2019-03-06T03:20:00,2019,3,6,3,20,0.00000000,21.90000000,21.90000000,0.00000000
2019-03-06T03:30:00,2019,3,6,3,30,0.00000000,21.85000000,21.85000000,0.00000000
2019-03-06T03:40:00,2019,3,6,3,40,0.00000000,21.80000000,21.80000000,0.00000000
2019-03-06T03:50:00,2019,3,6,3,50,0.00000000,21.75000000,21.75000000,0.00000000
2019-03-06T04:00:00,2019,3,6,4,0,0.00000000,21.70000000,21.70000000,0.00000000
2019-03-06T04:10:00,2019,3,6,4,10,0.00000000,21.80000000,21.80000000,0.00000000
2019-03-06T04:20:00,2019,3,6,4,20,0.00000000,21.90000000,21.90000000,0.00000000
2019-03-06T04:30:00,2019,3,6,4,30,0.00000000,22.00000000,22.00000000,0.00000000
2019-03-06T04:40:00,2019,3,6,4,40,0.00000000,22.10000000,22.10000000,0.00000000
2019-03-06T04:50:00,2019,3,6,4,50,0.00000000,22.20000000,22.20000000,0.00000000
2019-03-06T05:00:00,2019,3,6,5,0,0.00000000,22.30000000,22.30000000,0.00000000
2019-03-06T05:10:00,2019,3,6,5,10,0.02116667,22.23333333,22.97416667,0.02136392
2019-03-06T05:20:00,2019,3,6,5,20,0.04233333,22.16666667,23.64833333,0.04259655
2019-03-06T05:30:00,2019,3,6,5,30,0.06350000,22.10000000,24.32250000,0.06369790
2019-03-06T05:40:00,2019,3,6,5,40,0.08466667,22.03333333,24.99666667,0.08466796
2019-03-06T05:50:00,2019,3,6,5,50,0.10583333,21.96666667,25.67083333,0.10550675
2019-03-06T06:00:00,2019,3,6,6,0,0.12700000,21.90000000,26.34500000,0.12621425
2019-03-06T06:10:00,2019,3,6,6,10,0.15450000,22.10000000,27.50750000,0.15271792
2019-03-06T06:20:00,2019,3,6,6,20,0.18200000,22.30000000,28.67000000,0.17892748
2019-03-06T06:30:00,2019,3,6,6,30,0.20950000,22.50000000,29.83250000,0.20484292
2019-03-06T06:40:00,2019,3,6,6,40,0.23700000,22.70000000,30.99500000,0.23046425
2019-03-06T06:50:00,2019,3,6,6,50,0.26450000,22.90000000,32.15750000,0.25579147
2019-03-06T07:00:00,2019,3,6,7,0,0.29200000,23.10000000,33.32000000,0.28082458
2019-03-06T07:10:00,2019,3,6,7,10,0.30950000,23.33333333,34.16583333,0.29645060
2019-03-06T07:20:00,2019,3,6,7,20,0.32700000,23.56666667,35.01166667,0.31194045
2019-03-06T07:30:00,2019,3,6,7,30,0.34450000,23.80000000,35.85750000,0.32729412
2019-03-06T07:40:00,2019,3,6,7,40,0.36200000,24.03333333,36.70333333,0.34251161
2019-03-06T07:50:00,2019,3,6,7,50,0.37950000,24.26666667,37.54916667,0.35759292
2019-03-06T08:00:00,2019,3,6,8,0,0.39700000,24.50000000,38.39500000,0.37253805
2019-03-06T08:10:00,2019,3,6,8,10,0.42183333,24.76666667,39.53083333,0.39363722
2019-03-06T08:20:00,2019,3,6,8,20,0.44666667,25.03333333,40.66666667,0.41447689
2019-03-06T08:30:00,2019,3,6,8,30,0.47150000,25.30000000,41.80250000,0.43505706
2019-03-06T08:40:00,2019,3,6,8,40,0.49633333,25.56666667,42.93833333,0.45537773
2019-03-06T08:50:00,2019,3,6,8,50,0.52116667,25.83333333,44.07416667,0.47543890
2019-03-06T09:00:00,2019,3,6,9,0,0.54600000,26.10000000,45.21000000,0.49524056
2019-03-06T09:10:00,2019,3,6,9,10,0.50800000,26.20000000,43.98000000,0.46364754
2019-03-06T09:20:00,2019,3,6,9,20,0.47000000,26.30000000,42.75000000,0.43162450
2019-03-06T09:30:00,2019,3,6,9,30,0.43200000,26.40000000,41.52000000,0.39917146
2019-03-06T09:40:00,2019,3,6,9,40,0.39400000,26.50000000,40.29000000,0.36628840
2019-03-06T09:50:00,2019,3,6,9,50,0.35600000,26.60000000,39.06000000,0.33297534
2019-03-06T10:00:00,2019,3,6,10,0,0.31800000,26.70000000,37.83000000,0.29923228
2019-03-06T10:10:00,2019,3,6,10,10,0.34783333,26.60000000,38.77416667,0.32579421
2019-03-06T10:20:00,2019,3,6,10,20,0.37766667,26.50000000,39.71833333,0.35209700
2019-03-06T10:30:00,2019,3,6,10,30,0.40750000,26.40000000,40.66250000,0.37814064
2019-03-06T10:40:00,2019,3,6,10,40,0.43733333,26.30000000,41.60666667,0.40392515
2019-03-06T10:50:00,2019,3,6,10,50,0.46716667,26.20000000,42.55083333,0.42945051
2019-03-06T11:00:00,2019,3,6,11,0,0.49700000,26.10000000,43.49500000,0.45471673
2019-03-06T11:10:00,2019,3,6,11,10,0.47883333,26.31666667,43.07583333,0.43901890
2019-03-06T11:20:00,2019,3,6,11,20,0.46066667,26.53333333,42.65666667,0.42325101
2019-03-06T11:30:00,2019,3,6,11,30,0.44250000,26.75000000,42.23750000,0.40741307
2019-03-06T11:40:00,2019,3,6,11,40,0.42433333,26.96666667,41.81833333,0.39150507
2019-03-06T11:50:00,2019,3,6,11,50,0.40616667,27.18333333,41.39916667,0.37552701
2019-03-06T12:00:00,2019,3,6,12,0,0.38800000,27.40000000,40.98000000,0.35947890
2019-03-06T12:10:00,2019,3,6,12,10,0.43500000,27.25000000,42.47500000,0.40003252
2019-03-06T12:20:00,2019,3,6,12,20,0.48200000,27.10000000,43.97000000,0.43993972
2019-03-06T12:30:00,2019,3,6,12,30,0.52900000,26.95000000,45.46500000,0.47920047
2019-03-06T12:40:00,2019,3,6,12,40,0.57600000,26.80000000,46.96000000,0.51781478
2019-03-06T12:50:00,2019,3,6,12,50,0.62300000,26.65000000,48.45500000,0.55578266
2019-03-06T13:00:00,2019,3,6,13,0,0.67000000,26.50000000,49.95000000,0.59310410
2019-03-06T13:10:00,2019,3,6,13,10,0.65633333,26.81666667,49.78833333,0.58149405
2019-03-06T13:20:00,2019,3,6,13,20,0.64266667,27.13333333,49.62666667,0.56986367
2019-03-06T13:30:00,2019,3,6,13,30,0.62900000,27.45000000,49.46500000,0.55821297
2019-03-06T13:40:00,2019,3,6,13,40,0.61533333,27.76666667,49.30333333,0.54654194
2019-03-06T13:50:00,2019,3,6,13,50,0.60166667,28.08333333,49.14166667,0.53485058
2019-03-06T14:00:00,2019,3,6,14,0,0.58800000,28.40000000,48.98000000,0.52313890
2019-03-06T14:10:00,2019,3,6,14,10,0.55700000,28.28333333,47.77833333,0.49863735
2019-03-06T14:20:00,2019,3,6,14,20,0.52600000,28.16666667,46.57666667,0.47379310
2019-03-06T14:30:00,2019,3,6,14,30,0.49500000,28.05000000,45.37500000,0.44860612
2019-03-06T14:40:00,2019,3,6,14,40,0.46400000,27.93333333,44.17333333,0.42307644
2019-03-06T14:50:00,2019,3,6,14,50,0.43300000,27.81666667,42.97166667,0.39720403
2019-03-06T15:00:00,2019,3,6,15,0,0.40200000,27.70000000,41.77000000,0.37098892
2019-03-06T15:10:00,2019,3,6,15,10,0.37700000,27.46666667,40.66166667,0.34983954
2019-03-06T15:20:00,2019,3,6,15,20,0.35200000,27.23333333,39.55333333,0.32843524
2019-03-06T15:30:00,2019,3,6,15,30,0.32700000,27.00000000,38.44500000,0.30677603
2019-03-06T15:40:00,2019,3,6,15,40,0.30200000,26.76666667,37.33666667,0.28486190
2019-03-06T15:50:00,2019,3,6,15,50,0.27700000,26.53333333,36.22833333,0.26269286
2019-03-06T16:00:00,2019,3,6,16,0,0.25200000,26.30000000,35.12000000,0.24026890
2019-03-06T16:10:00,2019,3,6,16,10,0.22200000,26.10000000,33.87000000,0.21294196
2019-03-06T16:20:00,2019,3,6,16,20,0.19200000,25.90000000,32.62000000,0.18527002
2019-03-06T16:30:00,2019,3,6,16,30,0.16200000,25.70000000,31.37000000,0.15725308
2019-03-06T16:40:00,2019,3,6,16,40,0.13200000,25.50000000,30.12000000,0.12889114
2019-03-06T16:50:00,2019,3,6,16,50,0.10200000,25.30000000,28.87000000,0.10018420
2019-03-06T17:00:00,2019,3,6,17,0,0.07200000,25.10000000,27.62000000,0.07113226
2019-03-06T17:10:00,2019,3,6,17,10,0.06000000,25.00000000,27.10000000,0.05942040
2019-03-06T17:20:00,2019,3,6,17,20,0.04800000,24.90000000,26.58000000,0.04765114
2019-03-06T17:30:00,2019,3,6,17,30,0.03600000,24.80000000,26.06000000,0.03582446
2019-03-06T17:40:00,2019,3,6,17,40,0.02400000,24.70000000,25.54000000,0.02394038
2019-03-06T17:50:00,2019,3,6,17,50,0.01200000,24.60000000,25.02000000,0.01199890
2019-03-06T18:00:00,2019,3,6,18,0,0.00000000,24.50000000,24.50000000,0.00000000
2019-03-06T18:10:00,2019,3,6,18,10,0.00000000,24.38333333,24.38333333,0.00000000
2019-03-06T18:20:00,2019,3,6,18,20,0.00000000,24.26666667,24.26666667,0.00000000
2019-03-06T18:30:00,2019,3,6,18,30,0.00000000,24.15000000,24.15000000,0.00000000
2019-03-06T18:40:00,2019,3,6,18,40,0.00000000,24.03333333,24.03333333,0.00000000
2019-03-06T18:50:00,2019,3,6,18,50,0.00000000,23.91666667,23.91666667,0.00000000
2019-03-06T19:00:00,2019,3,6,19,0,0.00000000,23.80000000,23.80000000,0.00000000
2019-03-06T19:10:00,2019,3,6,19,10,0.00000000,23.78333333,23.78333333,0.00000000
2019-03-06T19:20:00,2019,3,6,19,20,0.00000000,23.76666667,23.76666667,0.00000000
2019-03-06T19:30:00,2019,3,6,19,30,0.00000000,23.75000000,23.75000000,0.00000000
2019-03-06T19:40:00,2019,3,6,19,40,0.00000000,23.73333333,23.73333333,0.00000000
2019-03-06T19:50:00,2019,3,6,19,50,0.00000000,23.71666667,23.71666667,0.00000000
2019-03-06T20:00:00,2019,3,6,20,0,0.00000000,23.70000000,23.70000000,0.00000000
2019-03-06T20:10:00,2019,3,6,20,10,0.00000000,23.61666667,23.61666667,0.00000000
2019-03-06T20:20:00,2019,3,6,20,20,0.00000000,23.53333333,23.53333333,0.00000000
2019-03-06T20:30:00,2019,3,6,20,30,0.00000000,23.45000000,23.45000000,0.00000000
2019-03-06T20:40:00,2019,3,6,20,40,0.00000000,23.36666667,23.36666667,0.00000000
2019-03-06T20:50:00,2019,3,6,20,50,0.00000000,23.28333333,23.28333333,0.00000000
2019-03-06T21:00:00,2019,3,6,21,0,0.00000000,23.20000000,23.20000000,0.00000000
2019-03-06T21:10:00,2019,3,6,21,10,0.00000000,23.15000000,23.15000000,0.00000000
2019-03-06T21:20:00,2019,3,6,21,20,0.00000000,23.10000000,23.10000000,0.00000000
2019-03-06T21:30:00,2019,3,6,21,30,0.00000000,23.05000000,23.05000000,0.00000000
2019-03-06T21:40:00,2019,3,6,21,40,0.00000000,23.00000000,23.00000000,0.00000000
2019-03-06T21:50:00,2019,3,6,21,50,0.00000000,22.95000000,22.95000000,0.00000000
2019-03-06T22:00:00,2019,3,6,22,0,0.00000000,22.90000000,22.90000000,0.00000000
2019-03-06T22:10:00,2019,3,6,22,10,0.00000000,22.75000000,22.75000000,0.00000000
2019-03-06T22:20:00,2019,3,6,22,20,0.00000000,22.60000000,22.60000000,0.00000000
2019-03-06T22:30:00,2019,3,6,22,30,0.00000000,22.45000000,22.45000000,0.00000000
2019-03-06T22:40:00,2019,3,6,22,40,0.00000000,22.30000000,22.30000000,0.00000000
2019-03-06T22:50:00,2019,3,6,22,50,0.00000000,22.15000000,22.15000000,0.00000000
2019-03-06T23:00:00,2019,3,6,23,0,0.00000000,22.00000000,22.00000000,0.00000000
2019-03-06T23:10:00,2019,3,6,23,10,0.00000000,22.30000000,22.30000000,0.00000000
2019-03-06T23:20:00,2019,3,6,23,20,0.00000000,22.60000000,22.60000000,0.00000000
2019-03-06T23:30:00,2019,3,6,23,30,0.00000000,22.90000000,22.90000000,0.00000000
2019-03-06T23:40:00,2019,3,6,23,40,0.00000000,23.20000000,23.20000000,0.00000000
2019-03-06T23:50:00,2019,3,6,23,50,0.00000000,23.50000000,23.50000000,0.00000000
2019-03-07T00:00:00,2019,3,7,0,0,0.00000000,23.80000000,23.80000000,0.00000000
2019-03-07T00:10:00,2019,3,7,0,10,0.00000000,23.78333333,23.78333333,0.00000000
2019-03-07T00:20:00,2019,3,7,0,20,0.00000000,23.76666667,23.76666667,0.00000000
2019-03-07T00:30:00,2019,3,7,0,30,0.00000000,23.75000000,23.75000000,0.00000000
2019-03-07T00:40:00,2019,3,7,0,40,0.00000000,23.73333333,23.73333333,0.00000000
2019-03-07T00:50:00,2019,3,7,0,50,0.00000000,23.71666667,23.71666667,0.00000000
2019-03-07T01:00:00,2019,3,7,1,0,0.00000000,23.70000000,23.70000000,0.00000000
2019-03-07T01:10:00,2019,3,7,1,10,0.00000000,23.75000000,23.75000000,0.00000000
2019-03-07T01:20:00,2019,3,7,1,20,0.00000000,23.80000000,23.80000000,0.00000000
2019-03-07T01:30:00,2019,3,7,1,30,0.00000000,23.85000000,23.85000000,0.00000000
2019-03-07T01:40:00,2019,3,7,1,40,0.00000000,23.90000000,23.90000000,0.00000000
2019-03-07T01:50:00,2019,3,7,1,50,0.00000000,23.95000000,23.95000000,0.00000000
2019-03-07T02:00:00,2019,3,7,2,0,0.00000000,24.00000000,24.00000000,0.00000000
2019-03-07T02:10:00,2019,3,7,2,10,0.00000000,23.93333333,23.93333333,0.00000000
2019-03-07T02:20:00,2019,3,7,2,20,0.00000000,23.86666667,23.86666667,0.00000000
2019-03-07T02:30:00,2019,3,7,2,30,0.00000000,23.80000000,23.80000000,0.00000000
2019-03-07T02:40:00,2019,3,7,2,40,0.00000000,23.73333333,23.73333333,0.00000000
2019-03-07T02:50:00,2019,3,7,2,50,0.00000000,23.66666667,23.66666667,0.00000000
2019-03-07T03:00:00,2019,3,7,3,0,0.00000000,23.60000000,23.60000000,0.00000000
2019-03-07T03:10:00,2019,3,7,3,10,0.00000000,23.56666667,23.56666667,0.00000000
2019-03-07T03:20:00,2019,3,7,3,20,0.00000000,23.53333333,23.53333333,0.00000000
2019-03-07T03:30:00,2019,3,7,3,30,0.00000000,23.50000000,23.50000000,0.00000000
2019-03-07T03:40:00,2019,3,7,3,40,0.00000000,23.46666667,23.46666667,0.00000000
2019-03-07T03:50:00,2019,3,7,3,50,0.00000000,23.43333333,23.43333333,0.00000000
2019-03-07T04:00:00,2019,3,7,4,0,0.00000000,23.40000000,23.40000000,0.00000000
2019-03-07T04:10:00,2019,3,7,4,10,0.00000000,23.46666667,23.46666667,0.00000000
2019-03-07T04:20:00,2019,3,7,4,20,0.00000000,23.53333333,23.53333333,0.00000000
2019-03-07T04:30:00,2019,3,7,4,30,0.00000000,23.60000000,23.60000000,0.00000000
2019-03-07T04:40:00,2019,3,7,4,40,0.00000000,23.66666667,23.66666667,0.00000000
2019-03-07T04:50:00,2019,3,7,4,50,0.00000000,23.73333333,23.73333333,0.00000000
2019-03-07T05:00:00,2019,3,7,5,0,0.00000000,23.80000000,23.80000000,0.00000000
2019-03-07T05:10:00,2019,3,7,5,10,0.00500000,23.71666667,23.89166667,0.00502549
2019-03-07T05:20:00,2019,3,7,5,20,0.01000000,23.63333333,23.98333333,0.01004677
2019-03-07T05:30:00,2019,3,7,5,30,0.01500000,23.55000000,24.07500000,0.01506382
2019-03-07T05:40:00,2019,3,7,5,40,0.02000000,23.46666667,24.16666667,0.02007667
2019-03-07T05:50:00,2019,3,7,5,50,0.02500000,23.38333333,24.25833333,0.02508529
2019-03-07T06:00:00,2019,3,7,6,0,0.03000000,23.30000000,24.35000000,0.03008970
2019-03-07T06:10:00,2019,3,7,6,10,0.02866667,23.43333333,24.43666667,0.02874095
2019-03-07T06:20:00,2019,3,7,6,20,0.02733333,23.56666667,24.52333333,0.02739327
2019-03-07T06:30:00,2019,3,7,6,30,0.02600000,23.70000000,24.61000000,0.02604664
2019-03-07T06:40:00,2019,3,7,6,40,0.02466667,23.83333333,24.69666667,0.02470108
2019-03-07T06:50:00,2019,3,7,6,50,0.02333333,23.96666667,24.78333333,0.02335659
2019-03-07T07:00:00,2019,3,7,7,0,0.02200000,24.10000000,24.87000000,0.02201316
2019-03-07T07:10:00,2019,3,7,7,10,0.03166667,24.00000000,25.10833333,0.03165089
2019-03-07T07:20:00,2019,3,7,7,20,0.04133333,23.90000000,25.34666667,0.04126742
2019-03-07T07:30:00,2019,3,7,7,30,0.05100000,23.80000000,25.58500000,0.05086276
2019-03-07T07:40:00,2019,3,7,7,40,0.06066667,23.70000000,25.82333333,0.06043690
2019-03-07T07:50:00,2019,3,7,7,50,0.07033333,23.60000000,26.06166667,0.06998985
2019-03-07T08:00:00,2019,3,7,8,0,0.08000000,23.50000000,26.30000000,0.07952160
2019-03-07T08:10:00,2019,3,7,8,10,0.08900000,23.81666667,26.93166667,0.08820918
2019-03-07T08:20:00,2019,3,7,8,20,0.09800000,24.13333333,27.56333333,0.09684445
2019-03-07T08:30:00,2019,3,7,8,30,0.10700000,24.45000000,28.19500000,0.10542742
2019-03-07T08:40:00,2019,3,7,8,40,0.11600000,24.76666667,28.82666667,0.11395809
2019-03-07T08:50:00,2019,3,7,8,50,0.12500000,25.08333333,29.45833333,0.12243646
2019-03-07T09:00:00,2019,3,7,9,0,0.13400000,25.40000000,30.09000000,0.13086252
2019-03-07T09:10:00,2019,3,7,9,10,0.13950000,25.68333333,30.56583333,0.13592840
2019-03-07T09:20:00,2019,3,7,9,20,0.14500000,25.96666667,31.04166667,0.14097021
2019-03-07T09:30:00,2019,3,7,9,30,0.15050000,26.25000000,31.51750000,0.14598793
2019-03-07T09:40:00,2019,3,7,9,40,0.15600000,26.53333333,31.99333333,0.15098158
2019-03-07T09:50:00,2019,3,7,9,50,0.16150000,26.81666667,32.46916667,0.15595116
2019-03-07T10:00:00,2019,3,7,10,0,0.16700000,27.10000000,32.94500000,0.16089665
2019-03-07T10:10:00,2019,3,7,10,10,0.15233333,27.23333333,32.56500000,0.14703229
2019-03-07T10:20:00,2019,3,7,10,20,0.13766667,27.36666667,32.18500000,0.13311665
2019-03-07T10:30:00,2019,3,7,10,30,0.12300000,27.50000000,31.80500000,0.11914973
2019-03-07T10:40:00,2019,3,7,10,40,0.10833333,27.63333333,31.42500000,0.10513154
2019-03-07T10:50:00,2019,3,7,10,50,0.09366667,27.76666667,31.04500000,0.09106208
2019-03-07T11:00:00,2019,3,7,11,0,0.07900000,27.90000000,30.66500000,0.07694134
2019-03-07T11:10:00,2019,3,7,11,10,0.08116667,27.35000000,30.19083333,0.07922858
2019-03-07T11:20:00,2019,3,7,11,20,0.08333333,26.80000000,29.71666667,0.08152528
2019-03-07T11:30:00,2019,3,7,11,30,0.08550000,26.25000000,29.24250000,0.08383142
2019-03-07T11:40:00,2019,3,7,11,40,0.08766667,25.70000000,28.76833333,0.08614702
2019-03-07T11:50:00,2019,3,7,11,50,0.08983333,25.15000000,28.29416667,0.08847207
2019-03-07T12:00:00,2019,3,7,12,0,0.09200000,24.60000000,27.82000000,0.09080658
2019-03-07T12:10:00,2019,3,7,12,10,0.11216667,24.65000000,28.57583333,0.11032166
2019-03-07T12:20:00,2019,3,7,12,20,0.13233333,24.70000000,29.33166667,0.12969650
2019-03-07T12:30:00,2019,3,7,12,30,0.15250000,24.75000000,30.08750000,0.14893112
2019-03-07T12:40:00,2019,3,7,12,40,0.17266667,24.80000000,30.84333333,0.16802550
2019-03-07T12:50:00,2019,3,7,12,50,0.19283333,24.85000000,31.59916667,0.18697965
2019-03-07T13:00:00,2019,3,7,13,0,0.21300000,24.90000000,32.35500000,0.20579357
2019-03-07T13:10:00,2019,3,7,13,10,0.20433333,25.46666667,32.61833333,0.19717261
2019-03-07T13:20:00,2019,3,7,13,20,0.19566667,26.03333333,32.88166667,0.18857264
2019-03-07T13:30:00,2019,3,7,13,30,0.18700000,26.60000000,33.14500000,0.17999367
2019-03-07T13:40:00,2019,3,7,13,40,0.17833333,27.16666667,33.40833333,0.17143570
2019-03-07T13:50:00,2019,3,7,13,50,0.16966667,27.73333333,33.67166667,0.16289872
2019-03-07T14:00:00,2019,3,7,14,0,0.16100000,28.30000000,33.93500000,0.15438274
2019-03-07T14:10:00,2019,3,7,14,10,0.13850000,28.13333333,32.98083333,0.13341541
2019-03-07T14:20:00,2019,3,7,14,20,0.11600000,27.96666667,32.02666667,0.11225057
2019-03-07T14:30:00,2019,3,7,14,30,0.09350000,27.80000000,31.07250000,0.09088822
2019-03-07T14:40:00,2019,3,7,14,40,0.07100000,27.63333333,30.11833333,0.06932835
2019-03-07T14:50:00,2019,3,7,14,50,0.04850000,27.46666667,29.16416667,0.04757097
2019-03-07T15:00:00,2019,3,7,15,0,0.02600000,27.30000000,28.21000000,0.02561608
2019-03-07T15:10:00,2019,3,7,15,10,0.03200000,26.50000000,27.62000000,0.03161434
2019-03-07T15:20:00,2019,3,7,15,20,0.03800000,25.70000000,27.03000000,0.03764516
2019-03-07T15:30:00,2019,3,7,15,30,0.04400000,24.90000000,26.44000000,0.04370854
2019-03-07T15:40:00,2019,3,7,15,40,0.05000000,24.10000000,25.85000000,0.04980450
2019-03-07T15:50:00,2019,3,7,15,50,0.05600000,23.30000000,25.26000000,0.05593302
2019-03-07T16:00:00,2019,3,7,16,0,0.06200000,22.50000000,24.67000000,0.06209412
2019-03-07T16:10:00,2019,3,7,16,10,0.05200000,22.70000000,24.52000000,0.05211482
2019-03-07T16:20:00,2019,3,7,16,20,0.04200000,22.90000000,24.37000000,0.04212172
2019-03-07T16:30:00,2019,3,7,16,30,0.03200000,23.10000000,24.22000000,0.03211482
2019-03-07T16:40:00,2019,3,7,16,40,0.02200000,23.30000000,24.07000000,0.02209412
2019-03-07T16:50:00,2019,3,7,16,50,0.01200000,23.50000000,23.92000000,0.01205962
2019-03-07T17:00:00,2019,3,7,17,0,0.00200000,23.70000000,23.77000000,0.00201132
2019-03-07T17:10:00,2019,3,7,17,10,0.00166667,23.45000000,23.50833333,0.00167810
2019-03-07T17:20:00,2019,3,7,17,20,0.00133333,23.20000000,23.24666667,0.00134409
2019-03-07T17:30:00,2019,3,7,17,30,0.00100000,22.95000000,22.98500000,0.00100927
2019-03-07T17:40:00,2019,3,7,17,40,0.00066667,22.70000000,22.72333333,0.00067365
2019-03-07T17:50:00,2019,3,7,17,50,0.00033333,22.45000000,22.46166667,0.00033723
2019-03-07T18:00:00,2019,3,7,18,0,0.00000000,22.20000000,22.20000000,0.00000000
2019-03-07T18:10:00,2019,3,7,18,10,0.00000000,22.18333333,22.18333333,0.00000000
2019-03-07T18:20:00,2019,3,7,18,20,0.00000000,22.16666667,22.16666667,0.00000000
2019-03-07T18:30:00,2019,3,7,18,30,0.00000000,22.15000000,22.15000000,0.00000000
2019-03-07T18:40:00,2019,3,7,18,40,0.00000000,22.13333333,22.13333333,0.00000000
2019-03-07T18:50:00,2019,3,7,18,50,0.00000000,22.11666667,22.11666667,0.00000000
2019-03-07T19:00:00,2019,3,7,19,0,0.00000000,22.10000000,22.10000000,0.00000000
2019-03-07T19:10:00,2019,3,7,19,10,0.00000000,22.03333333,22.03333333,0.00000000
2019-03-07T19:20:00,2019,3,7,19,20,0.00000000,21.96666667,21.96666667,0.00000000
2019-03-07T19:30:00,2019,3,7,19,30,0.00000000,21.90000000,21.90000000,0.00000000
2019-03-07T19:40:00,2019,3,7,19,40,0.00000000,21.83333333,21.83333333,0.00000000
2019-03-07T19:50:00,2019,3,7,19,50,0.00000000,21.76666667,21.76666667,0.00000000
2019-03-07T20:00:00,2019,3,7,20,0,0.00000000,21.70000000,21.70000000,0.00000000
2019-03-07T20:10:00,2019,3,7,20,10,0.00000000,21.73333333,21.73333333,0.00000000
2019-03-07T20:20:00,2019,3,7,20,20,0.00000000,21.76666667,21.76666667,0.00000000
2019-03-07T20:30:00,2019,3,7,20,30,0.00000000,21.80000000,21.80000000,0.00000000
2019-03-07T20:40:00,2019,3,7,20,40,0.00000000,21.83333333,21.83333333,0.00000000
2019-03-07T20:50:00,2019,3,7,20,50,0.00000000,21.86666667,21.86666667,0.00000000
2019-03-07T21:00:00,2019,3,7,21,0,0.00000000,21.90000000,21.90000000,0.00000000
2019-03-07T21:10:00,2019,3,7,21,10,0.00000000,21.91666667,21.91666667,0.00000000
2019-03-07T21:20:00,2019,3,7,21,20,0.00000000,21.93333333,21.93333333,0.00000000
2019-03-07T21:30:00,2019,3,7,21,30,0.00000000,21.95000000,21.95000000,0.00000000
2019-03-07T21:40:00,2019,3,7,21,40,0.00000000,21.96666667,21.96666667,0.00000000
2019-03-07T21:50:00,2019,3,7,21,50,0.00000000,21.98333333,21.98333333,0.00000000
2019-03-07T22:00:00,2019,3,7,22,0,0.00000000,22.00000000,22.00000000,0.00000000
2019-03-07T22:10:00,2019,3,7,22,10,0.00000000,22.05000000,22.05000000,0.00000000
2019-03-07T22:20:00,2019,3,7,22,20,0.00000000,22.10000000,22.10000000,0.00000000
2019-03-07T22:30:00,2019,3,7,22,30,0.00000000,22.15000000,22.15000000,0.00000000
2019-03-07T22:40:00,2019,3,7,22,40,0.00000000,22.20000000,22.20000000,0.00000000
2019-03-07T22:50:00,2019,3,7,22,50,0.00000000,22.25000000,22.25000000,0.00000000
2019-03-07T23:00:00,2019,3,7,23,0,0.00000000,22.30000000,22.30000000,0.00000000
2019-03-07T23:10:00,2019,3,7,23,10,0.00000000,22.00000000,22.00000000,0.00000000
2019-03-07T23:20:00,2019,3,7,23,20,0.00000000,21.70000000,21.70000000,0.00000000
2019-03-07T23:30:00,2019,3,7,23,30,0.00000000,21.40000000,21.40000000,0.00000000
2019-03-07T23:40:00,2019,3,7,23,40,0.00000000,21.10000000,21.10000000,0.00000000
2019-03-07T23:50:00,2019,3,7,23,50,0.00000000,20.80000000,20.80000000,0.00000000
2019-03-08T00:00:00,2019,3,8,0,0,0.00000000,20.50000000,20.50000000,0.00000000
2019-03-08T00:10:00,2019,3,8,0,10,0.00000000,20.48333333,20.48333333,0.00000000
2019-03-08T00:20:00,2019,3,8,0,20,0.00000000,20.46666667,20.46666667,0.00000000
2019-03-08T00:30:00,2019,3,8,0,30,0.00000000,20.45000000,20.45000000,0.00000000
2019-03-08T00:40:00,2019,3,8,0,40,0.00000000,20.43333333,20.43333333,0.00000000
2019-03-08T00:50:00,2019,3,8,0,50,0.00000000,20.41666667,20.41666667,0.00000000
2019-03-08T01:00:00,2019,3,8,1,0,0.00000000,20.40000000,20.40000000,0.00000000
2019-03-08T01:10:00,2019,3,8,1,10,0.00000000,20.46666667,20.46666667,0.00000000
2019-03-08T01:20:00,2019,3,8,1,20,0.00000000,20.53333333,20.53333333,0.00000000
2019-03-08T01:30:00,2019,3,8,1,30,0.00000000,20.60000000,20.60000000,0.00000000
2019-03-08T01:40:00,2019,3,8,1,40,0.00000000,20.66666667,20.66666667,0.00000000
2019-03-08T01:50:00,2019,3,8,1,50,0.00000000,20.73333333,20.73333333,0.00000000
2019-03-08T02:00:00,2019,3,8,2,0,0.00000000,20.80000000,20.80000000,0.00000000
2019-03-08T02:10:00,2019,3,8,2,10,0.00000000,20.65000000,20.65000000,0.00000000
2019-03-08T02:20:00,2019,3,8,2,20,0.00000000,20.50000000,20.50000000,0.00000000
2019-03-08T02:30:00,2019,3,8,2,30,0.00000000,20.35000000,20.35000000,0.00000000
2019-03-08T02:40:00,2019,3,8,2,40,0.00000000,20.20000000,20.20000000,0.00000000
2019-03-08T02:50:00,2019,3,8,2,50,0.00000000,20.05000000,20.05000000,0.00000000
2019-03-08T03:00:00,2019,3,8,3,0,0.00000000,19.90000000,19.90000000,0.00000000
2019-03-08T03:10:00,2019,3,8,3,10,0.00000000,19.93333333,19.93333333,0.00000000
2019-03-08T03:20:00,2019,3,8,3,20,0.00000000,19.96666667,19.96666667,0.00000000
2019-03-08T03:30:00,2019,3,8,3,30,0.00000000,20.00000000,20.00000000,0.00000000
2019-03-08T03:40:00,2019,3,8,3,40,0.00000000,20.03333333,20.03333333,0.00000000
2019-03-08T03:50:00,2019,3,8,3,50,0.00000000,20.06666667,20.06666667,0.00000000
2019-03-08T04:00:00,2019,3,8,4,0,0.00000000,20.10000000,20.10000000,0.00000000
2019-03-08T04:10:00,2019,3,8,4,10,0.00000000,20.03333333,20.03333333,0.00000000
2019-03-08T04:20:00,2019,3,8,4,20,0.00000000,19.96666667,19.96666667,0.00000000
2019-03-08T04:30:00,2019,3,8,4,30,0.00000000,19.90000000,19.90000000,0.00000000
2019-03-08T04:40:00,2019,3,8,4,40,0.00000000,19.83333333,19.83333333,0.00000000
2019-03-08T04:50:00,2019,3,8,4,50,0.00000000,19.76666667,19.76666667,0.00000000
2019-03-08T05:00:00,2019,3,8,5,0,0.00000000,19.70000000,19.70000000,0.00000000
2019-03-08T05:10:00,2019,3,8,5,10,0.00316667,19.78333333,19.89416667,0.00324104
2019-03-08T05:20:00,2019,3,8,5,20,0.00633333,19.86666667,20.08833333,0.00647643
2019-03-08T05:30:00,2019,3,8,5,30,0.00950000,19.95000000,20.28250000,0.00970615
2019-03-08T05:40:00,2019,3,8,5,40,0.01266667,20.03333333,20.47666667,0.01293023
2019-03-08T05:50:00,2019,3,8,5,50,0.01583333,20.11666667,20.67083333,0.01614864
2019-03-08T06:00:00,2019,3,8,6,0,0.01900000,20.20000000,20.86500000,0.01936140
2019-03-08T06:10:00,2019,3,8,6,10,0.03200000,20.40000000,21.52000000,0.03251226
2019-03-08T06:20:00,2019,3,8,6,20,0.04500000,20.60000000,22.17500000,0.04558478
2019-03-08T06:30:00,2019,3,8,6,30,0.05800000,20.80000000,22.83000000,0.05857896
2019-03-08T06:40:00,2019,3,8,6,40,0.07100000,21.00000000,23.48500000,0.07149480
2019-03-08T06:50:00,2019,3,8,6,50,0.08400000,21.20000000,24.14000000,0.08433230
2019-03-08T07:00:00,2019,3,8,7,0,0.09700000,21.40000000,24.79500000,0.09709147
2019-03-08T07:10:00,2019,3,8,7,10,0.09433333,21.40000000,24.70166667,0.09446279
2019-03-08T07:20:00,2019,3,8,7,20,0.09166667,21.40000000,24.60833333,0.09183182
2019-03-08T07:30:00,2019,3,8,7,30,0.08900000,21.40000000,24.51500000,0.08919856
2019-03-08T07:40:00,2019,3,8,7,40,0.08633333,21.40000000,24.42166667,0.08656301
2019-03-08T07:50:00,2019,3,8,7,50,0.08366667,21.40000000,24.32833333,0.08392517
2019-03-08T08:00:00,2019,3,8,8,0,0.08100000,21.40000000,24.23500000,0.08128504
2019-03-08T08:10:00,2019,3,8,8,10,0.15216667,21.41666667,26.74250000,0.15094697
2019-03-08T08:20:00,2019,3,8,8,20,0.22333333,21.43333333,29.25000000,0.21896717
2019-03-08T08:30:00,2019,3,8,8,30,0.29450000,21.45000000,31.75750000,0.28534561
2019-03-08T08:40:00,2019,3,8,8,40,0.36566667,21.46666667,34.26500000,0.35008232
2019-03-08T08:50:00,2019,3,8,8,50,0.43683333,21.48333333,36.77250000,0.41317728
2019-03-08T09:00:00,2019,3,8,9,0,0.50800000,21.50000000,39.28000000,0.47463050
2019-03-08T09:10:00,2019,3,8,9,10,0.45450000,21.85000000,37.75750000,0.42782789
2019-03-08T09:20:00,2019,3,8,9,20,0.40100000,22.20000000,36.23500000,0.38027592
2019-03-08T09:30:00,2019,3,8,9,30,0.34750000,22.55000000,34.71250000,0.33197457
2019-03-08T09:40:00,2019,3,8,9,40,0.29400000,22.90000000,33.19000000,0.28292384
2019-03-08T09:50:00,2019,3,8,9,50,0.24050000,23.25000000,31.66750000,0.23312374
2019-03-08T10:00:00,2019,3,8,10,0,0.18700000,23.60000000,30.14500000,0.18257427
2019-03-08T10:10:00,2019,3,8,10,10,0.23600000,23.45000000,31.71000000,0.22871562
2019-03-08T10:20:00,2019,3,8,10,20,0.28500000,23.30000000,33.27500000,0.27415147
2019-03-08T10:30:00,2019,3,8,10,30,0.33400000,23.15000000,34.84000000,0.31888182
2019-03-08T10:40:00,2019,3,8,10,40,0.38300000,23.00000000,36.40500000,0.36290667
2019-03-08T10:50:00,2019,3,8,10,50,0.43200000,22.85000000,37.97000000,0.40622602
2019-03-08T11:00:00,2019,3,8,11,0,0.48100000,22.70000000,39.53500000,0.44883986
2019-03-08T11:10:00,2019,3,8,11,10,0.50216667,23.01666667,40.59250000,0.46614851
2019-03-08T11:20:00,2019,3,8,11,20,0.52333333,23.33333333,41.65000000,0.48325123
2019-03-08T11:30:00,2019,3,8,11,30,0.54450000,23.65000000,42.70750000,0.50014802
2019-03-08T11:40:00,2019,3,8,11,40,0.56566667,23.96666667,43.76500000,0.51683889
2019-03-08T11:50:00,2019,3,8,11,50,0.58683333,24.28333333,44.82250000,0.53332382
2019-03-08T12:00:00,2019,3,8,12,0,0.60800000,24.60000000,45.88000000,0.54960282
2019-03-08T12:10:00,2019,3,8,12,10,0.61683333,24.61666667,46.20583333,0.55666319
2019-03-08T12:20:00,2019,3,8,12,20,0.62566667,24.63333333,46.53166667,0.56369709
2019-03-08T12:30:00,2019,3,8,12,30,0.63450000,24.65000000,46.85750000,0.57070451
2019-03-08T12:40:00,2019,3,8,12,40,0.64333333,24.66666667,47.18333333,0.57768546
2019-03-08T12:50:00,2019,3,8,12,50,0.65216667,24.68333333,47.50916667,0.58463992
2019-03-08T13:00:00,2019,3,8,13,0,0.66100000,24.70000000,47.83500000,0.59156790
2019-03-08T13:10:00,2019,3,8,13,10,0.61900000,24.78333333,46.44833333,0.55792802
2019-03-08T13:20:00,2019,3,8,13,20,0.57700000,24.86666667,45.06166667,0.52375232
2019-03-08T13:30:00,2019,3,8,13,30,0.53500000,24.95000000,43.67500000,0.48904083
2019-03-08T13:40:00,2019,3,8,13,40,0.49300000,25.03333333,42.28833333,0.45379352
2019-03-08T13:50:00,2019,3,8,13,50,0.45100000,25.11666667,40.90166667,0.41801040
2019-03-08T14:00:00,2019,3,8,14,0,0.40900000,25.20000000,39.51500000,0.38169148
2019-03-08T14:10:00,2019,3,8,14,10,0.39400000,25.11666667,38.90666667,0.36879556
2019-03-08T14:20:00,2019,3,8,14,20,0.37900000,25.03333333,38.29833333,0.35581569
2019-03-08T14:30:00,2019,3,8,14,30,0.36400000,24.95000000,37.69000000,0.34275186
2019-03-08T14:40:00,2019,3,8,14,40,0.34900000,24.86666667,37.08166667,0.32960409
2019-03-08T14:50:00,2019,3,8,14,50,0.33400000,24.78333333,36.47333333,0.31637237
2019-03-08T15:00:00,2019,3,8,15,0,0.31900000,24.70000000,35.86500000,0.30305670
2019-03-08T15:10:00,2019,3,8,15,10,0.27800000,24.63333333,34.36333333,0.26602617
2019-03-08T15:20:00,2019,3,8,15,20,0.23700000,24.56666667,32.86166667,0.22842921
2019-03-08T15:30:00,2019,3,8,15,30,0.19600000,24.50000000,31.36000000,0.19026582
2019-03-08T15:40:00,2019,3,8,15,40,0.15500000,24.43333333,29.85833333,0.15153601
2019-03-08T15:50:00,2019,3,8,15,50,0.11400000,24.36666667,28.35666667,0.11223976
2019-03-08T16:00:00,2019,3,8,16,0,0.07300000,24.30000000,26.85500000,0.07237709
2019-03-08T16:10:00,2019,3,8,16,10,0.06133333,24.03333333,26.18000000,0.06100042
2019-03-08T16:20:00,2019,3,8,16,20,0.04966667,23.76666667,25.50500000,0.04955129
2019-03-08T16:30:00,2019,3,8,16,30,0.03800000,23.50000000,24.83000000,0.03802972
2019-03-08T16:40:00,2019,3,8,16,40,0.02633333,23.23333333,24.15500000,0.02643569
2019-03-08T16:50:00,2019,3,8,16,50,0.01466667,22.96666667,23.48000000,0.01476922
2019-03-08T17:00:00,2019,3,8,17,0,0.00300000,22.70000000,22.80500000,0.00303029
2019-03-08T17:10:00,2019,3,8,17,10,0.00250000,22.70000000,22.78750000,0.00252544
2019-03-08T17:20:00,2019,3,8,17,20,0.00200000,22.70000000,22.77000000,0.00202052
2019-03-08T17:30:00,2019,3,8,17,30,0.00150000,22.70000000,22.75250000,0.00151551
2019-03-08T17:40:00,2019,3,8,17,40,0.00100000,22.70000000,22.73500000,0.00101042
2019-03-08T17:50:00,2019,3,8,17,50,0.00050000,22.70000000,22.71750000,0.00050525
2019-03-08T18:00:00,2019,3,8,18,0,0.00000000,22.70000000,22.70000000,0.00000000
2019-03-08T18:10:00,2019,3,8,18,10,0.00000000,22.66666667,22.66666667,0.00000000
2019-03-08T18:20:00,2019,3,8,18,20,0.00000000,22.63333333,22.63333333,0.00000000
2019-03-08T18:30:00,2019,3,8,18,30,0.00000000,22.60000000,22.60000000,0.00000000
2019-03-08T18:40:00,2019,3,8,18,40,0.00000000,22.56666667,22.56666667,0.00000000
2019-03-08T18:50:00,2019,3,8,18,50,0.00000000,22.53333333,22.53333333,0.00000000
2019-03-08T19:00:00,2019,3,8,19,0,0.00000000,22.50000000,22.50000000,0.00000000
2019-03-08T19:10:00,2019,3,8,19,10,0.00000000,22.46666667,22.46666667,0.00000000
2019-03-08T19:20:00,2019,3,8,19,20,0.00000000,22.43333333,22.43333333,0.00000000
2019-03-08T19:30:00,2019,3,8,19,30,0.00000000,22.40000000,22.40000000,0.00000000
2019-03-08T19:40:00,2019,3,8,19,40,0.00000000,22.36666667,22.36666667,0.00000000
2019-03-08T19:50:00,2019,3,8,19,50,0.00000000,22.33333333,22.33333333,0.00000000
2019-03-08T20:00:00,2019,3,8,20,0,0.00000000,22.30000000,22.30000000,0.00000000
2019-03-08T20:10:00,2019,3,8,20,10,0.00000000,22.21666667,22.21666667,0.00000000
2019-03-08T20:20:00,2019,3,8,20,20,0.00000000,22.13333333,22.13333333,0.00000000
2019-03-08T20:30:00,2019,3,8,20,30,0.00000000,22.05000000,22.05000000,0.00000000
2019-03-08T20:40:00,2019,3,8,20,40,0.00000000,21.96666667,21.96666667,0.00000000
2019-03-08T20:50:00,2019,3,8,20,50,0.00000000,21.88333333,21.88333333,0.00000000
2019-03-08T21:00:00,2019,3,8,21,0,0.00000000,21.80000000,21.80000000,0.00000000
2019-03-08T21:10:00,2019,3,8,21,10,0.00000000,21.81666667,21.81666667,0.00000000
2019-03-08T21:20:00,2019,3,8,21,20,0.00000000,21.83333333,21.83333333,0.00000000
2019-03-08T21:30:00,2019,3,8,21,30,0.00000000,21.85000000,21.85000000,0.00000000
2019-03-08T21:40:00,2019,3,8,21,40,0.00000000,21.86666667,21.86666667,0.00000000
2019-03-08T21:50:00,2019,3,8,21,50,0.00000000,21.88333333,21.88333333,0.00000000
2019-03-08T22:00:00,2019,3,8,22,0,0.00000000,21.90000000,21.90000000,0.00000000
2019-03-08T22:10:00,2019,3,8,22,10,0.00000000,21.81666667,21.81666667,0.00000000
2019-03-08T22:20:00,2019,3,8,22,20,0.00000000,21.73333333,21.73333333,0.00000000
2019-03-08T22:30:00,2019,3,8,22,30,0.00000000,21.65000000,21.65000000,0.00000000
2019-03-08T22:40:00,2019,3,8,22,40,0.00000000,21.56666667,21.56666667,0.00000000
2019-03-08T22:50:00,2019,3,8,22,50,0.00000000,21.48333333,21.48333333,0.00000000
2019-03-08T23:00:00,2019,3,8,23,0,0.00000000,21.40000000,21.40000000,0.00000000
2019-03-08T23:10:00,2019,3,8,23,10,0.00000000,21.35000000,21.35000000,0.00000000
2019-03-08T23:20:00,2019,3,8,23,20,0.00000000,21.30000000,21.30000000,0.00000000
2019-03-08T23:30:00,2019,3,8,23,30,0.00000000,21.25000000,21.25000000,0.00000000
2019-03-08T23:40:00,2019,3,8,23,40,0.00000000,21.20000000,21.20000000,0.00000000
2019-03-08T23:50:00,2019,3,8,23,50,0.00000000,21.15000000,21.15000000,0.00000000
2019-03-09T00:00:00,2019,3,9,0,0,0.00000000,21.10000000,21.10000000,0.00000000
2019-03-09T00:10:00,2019,3,9,0,10,0.00000000,21.11666667,21.11666667,0.00000000
2019-03-09T00:20:00,2019,3,9,0,20,0.00000000,21.13333333,21.13333333,0.00000000
2019-03-09T00:30:00,2019,3,9,0,30,0.00000000,21.15000000,21.15000000,0.00000000
2019-03-09T00:40:00,2019,3,9,0,40,0.00000000,21.16666667,21.16666667,0.00000000
2019-03-09T00:50:00,2019,3,9,0,50,0.00000000,21.18333333,21.18333333,0.00000000
2019-03-09T01:00:00,2019,3,9,1,0,0.00000000,21.20000000,21.20000000,0.00000000
2019-03-09T01:10:00,2019,3,9,1,10,0.00000000,21.08333333,21.08333333,0.00000000
2019-03-09T01:20:00,2019,3,9,1,20,0.00000000,20.96666667,20.96666667,0.00000000
2019-03-09T01:30:00,2019,3,9,1,30,0.00000000,20.85000000,20.85000000,0.00000000
2019-03-09T01:40:00,2019,3,9,1,40,0.00000000,20.73333333,20.73333333,0.00000000
2019-03-09T01:50:00,2019,3,9,1,50,0.00000000,20.61666667,20.61666667,0.00000000
2019-03-09T02:00:00,2019,3,9,2,0,0.00000000,20.50000000,20.50000000,0.00000000
2019-03-09T02:10:00,2019,3,9,2,10,0.00000000,20.53333333,20.53333333,0.00000000
2019-03-09T02:20:00,2019,3,9,2,20,0.00000000,20.56666667,20.56666667,0.00000000
2019-03-09T02:30:00,2019,3,9,2,30,0.00000000,20.60000000,20.60000000,0.00000000
2019-03-09T02:40:00,2019,3,9,2,40,0.00000000,20.63333333,20.63333333,0.00000000
2019-03-09T02:50:00,2019,3,9,2,50,0.00000000,20.66666667,20.66666667,0.00000000
2019-03-09T03:00:00,2019,3,9,3,0,0.00000000,20.70000000,20.70000000,0.00000000
2019-03-09T03:10:00,2019,3,9,3,10,0.00000000,20.71666667,20.71666667,0.00000000
2019-03-09T03:20:00,2019,3,9,3,20,0.00000000,20.73333333,20.73333333,0.00000000
2019-03-09T03:30:00,2019,3,9,3,30,0.00000000,20.75000000,20.75000000,0.00000000
2019-03-09T03:40:00,2019,3,9,3,40,0.00000000,20.76666667,20.76666667,0.00000000
2019-03-09T03:50:00,2019,3,9,3,50,0.00000000,20.78333333,20.78333333,0.00000000
2019-03-09T04:00:00,2019,3,9,4,0,0.00000000,20.80000000,20.80000000,0.00000000
2019-03-09T04:10:00,2019,3,9,4,10,0.00000000,20.80000000,20.80000000,0.00000000
2019-03-09T04:20:00,2019,3,9,4,20,0.00000000,20.80000000,20.80000000,0.00000000
2019-03-09T04:30:00,2019,3,9,4,30,0.00000000,20.80000000,20.80000000,0.00000000
2019-03-09T04:40:00,2019,3,9,4,40,0.00000000,20.80000000,20.80000000,0.00000000
2019-03-09T04:50:00,2019,3,9,4,50,0.00000000,20.80000000,20.80000000,0.00000000
2019-03-09T05:00:00,2019,3,9,5,0,0.00000000,20.80000000,20.80000000,0.00000000
2019-03-09T05:10:00,2019,3,9,5,10,0.00900000,20.73333333,21.04833333,0.00916360
2019-03-09T05:20:00,2019,3,9,5,20,0.01800000,20.66666667,21.29666667,0.01830664
2019-03-09T05:30:00,2019,3,9,5,30,0.02700000,20.60000000,21.54500000,0.02742911
2019-03-09T05:40:00,2019,3,9,5,40,0.03600000,20.53333333,21.79333333,0.03653102
2019-03-09T05:50:00,2019,3,9,5,50,0.04500000,20.46666667,22.04166667,0.04561238
2019-03-09T06:00:00,2019,3,9,6,0,0.05400000,20.40000000,22.29000000,0.05467316
2019-03-09T06:10:00,2019,3,9,6,10,0.08200000,20.66666667,23.53666667,0.08255197
2019-03-09T06:20:00,2019,3,9,6,20,0.11000000,20.93333333,24.78333333,0.11010963
2019-03-09T06:30:00,2019,3,9,6,30,0.13800000,21.20000000,26.03000000,0.13734616
2019-03-09T06:40:00,2019,3,9,6,40,0.16600000,21.46666667,27.27666667,0.16426154
2019-03-09T06:50:00,2019,3,9,6,50,0.19400000,21.73333333,28.52333333,0.19085578
2019-03-09T07:00:00,2019,3,9,7,0,0.22200000,22.00000000,29.77000000,0.21712888
2019-03-09T07:10:00,2019,3,9,7,10,0.23516667,22.15000000,30.38083333,0.22934586
2019-03-09T07:20:00,2019,3,9,7,20,0.24833333,22.30000000,30.99166667,0.24148885
2019-03-09T07:30:00,2019,3,9,7,30,0.26150000,22.45000000,31.60250000,0.25355785
2019-03-09T07:40:00,2019,3,9,7,40,0.27466667,22.60000000,32.21333333,0.26555286
2019-03-09T07:50:00,2019,3,9,7,50,0.28783333,22.75000000,32.82416667,0.27747388
2019-03-09T08:00:00,2019,3,9,8,0,0.30100000,22.90000000,33.43500000,0.28932090
2019-03-09T08:10:00,2019,3,9,8,10,0.28500000,22.98333333,32.95833333,0.27456662
2019-03-09T08:20:00,2019,3,9,8,20,0.26900000,23.06666667,32.48166667,0.25974219
2019-03-09T08:30:00,2019,3,9,8,30,0.25300000,23.15000000,32.00500000,0.24484758
2019-03-09T08:40:00,2019,3,9,8,40,0.23700000,23.23333333,31.52833333,0.22988281
2019-03-09T08:50:00,2019,3,9,8,50,0.22100000,23.31666667,31.05166667,0.21484788
2019-03-09T09:00:00,2019,3,9,9,0,0.20500000,23.40000000,30.57500000,0.19974277
2019-03-09T09:10:00,2019,3,9,9,10,0.27316667,23.48333333,33.04416667,0.26305863
2019-03-09T09:20:00,2019,3,9,9,20,0.34133333,23.56666667,35.51333333,0.32482600
2019-03-09T09:30:00,2019,3,9,9,30,0.40950000,23.65000000,37.98250000,0.38504486
2019-03-09T09:40:00,2019,3,9,9,40,0.47766667,23.73333333,40.45166667,0.44371523
2019-03-09T09:50:00,2019,3,9,9,50,0.54583333,23.81666667,42.92083333,0.50083711
2019-03-09T10:00:00,2019,3,9,10,0,0.61400000,23.90000000,45.39000000,0.55641048
2019-03-09T10:10:00,2019,3,9,10,10,0.63700000,24.23333333,46.52833333,0.57391768
2019-03-09T10:20:00,2019,3,9,10,20,0.66000000,24.56666667,47.66666667,0.59118400
2019-03-09T10:30:00,2019,3,9,10,30,0.68300000,24.90000000,48.80500000,0.60820945
2019-03-09T10:40:00,2019,3,9,10,40,0.70600000,25.23333333,49.94333333,0.62499403
2019-03-09T10:50:00,2019,3,9,10,50,0.72900000,25.56666667,51.08166667,0.64153774
2019-03-09T11:00:00,2019,3,9,11,0,0.75200000,25.90000000,52.22000000,0.65784058
2019-03-09T11:10:00,2019,3,9,11,10,0.68700000,26.08333333,50.12833333,0.60758944
2019-03-09T11:20:00,2019,3,9,11,20,0.62200000,26.26666667,48.03666667,0.55608749
2019-03-09T11:30:00,2019,3,9,11,30,0.55700000,26.45000000,45.94500000,0.50333472
2019-03-09T11:40:00,2019,3,9,11,40,0.49200000,26.63333333,43.85333333,0.44933114
2019-03-09T11:50:00,2019,3,9,11,50,0.42700000,26.81666667,41.76166667,0.39407673
2019-03-09T12:00:00,2019,3,9,12,0,0.36200000,27.00000000,39.67000000,0.33757152
2019-03-09T12:10:00,2019,3,9,12,10,0.34083333,26.80000000,38.72916667,0.31930829
2019-03-09T12:20:00,2019,3,9,12,20,0.31966667,26.60000000,37.78833333,0.30086185
2019-03-09T12:30:00,2019,3,9,12,30,0.29850000,26.40000000,36.84750000,0.28223220
2019-03-09T12:40:00,2019,3,9,12,40,0.27733333,26.20000000,35.90666667,0.26341934
2019-03-09T12:50:00,2019,3,9,12,50,0.25616667,26.00000000,34.96583333,0.24442326
2019-03-09T13:00:00,2019,3,9,13,0,0.23500000,25.80000000,34.02500000,0.22524397
2019-03-09T13:10:00,2019,3,9,13,10,0.29683333,25.65000000,36.03916667,0.28176009
2019-03-09T13:20:00,2019,3,9,13,20,0.35866667,25.50000000,38.05333333,0.33713041
2019-03-09T13:30:00,2019,3,9,13,30,0.42050000,25.35000000,40.06750000,0.39135493
2019-03-09T13:40:00,2019,3,9,13,40,0.48233333,25.20000000,42.08166667,0.44443367
2019-03-09T13:50:00,2019,3,9,13,50,0.54416667,25.05000000,44.09583333,0.49636661
2019-03-09T14:00:00,2019,3,9,14,0,0.60600000,24.90000000,46.11000000,0.54715376
2019-03-09T14:10:00,2019,3,9,14,10,0.54533333,25.13333333,44.22000000,0.49711932
2019-03-09T14:20:00,2019,3,9,14,20,0.48466667,25.36666667,42.33000000,0.44603001
2019-03-09T14:30:00,2019,3,9,14,30,0.42400000,25.60000000,40.44000000,0.39388582
2019-03-09T14:40:00,2019,3,9,14,40,0.36333333,25.83333333,38.55000000,0.34068677
2019-03-09T14:50:00,2019,3,9,14,50,0.30266667,26.06666667,36.66000000,0.28643284
2019-03-09T15:00:00,2019,3,9,15,0,0.24200000,26.30000000,34.77000000,0.23112404
2019-03-09T15:10:00,2019,3,9,15,10,0.22716667,26.11666667,34.06750000,0.21769143
2019-03-09T15:20:00,2019,3,9,15,20,0.21233333,25.93333333,33.36500000,0.20416296
2019-03-09T15:30:00,2019,3,9,15,30,0.19750000,25.75000000,32.66250000,0.19053862
2019-03-09T15:40:00,2019,3,9,15,40,0.18266667,25.56666667,31.96000000,0.17681841
2019-03-09T15:50:00,2019,3,9,15,50,0.16783333,25.38333333,31.25750000,0.16300233
2019-03-09T16:00:00,2019,3,9,16,0,0.15300000,25.20000000,30.55500000,0.14909039
2019-03-09T16:10:00,2019,3,9,16,10,0.14550000,25.20000000,30.29250000,0.14195773
2019-03-09T16:20:00,2019,3,9,16,20,0.13800000,25.20000000,30.03000000,0.13480696
2019-03-09T16:30:00,2019,3,9,16,30,0.13050000,25.20000000,29.76750000,0.12763807
2019-03-09T16:40:00,2019,3,9,16,40,0.12300000,25.20000000,29.50500000,0.12045107
2019-03-09T16:50:00,2019,3,9,16,50,0.11550000,25.20000000,29.24250000,0.11324596
2019-03-09T17:00:00,2019,3,9,17,0,0.10800000,25.20000000,28.98000000,0.10602274
2019-03-09T17:10:00,2019,3,9,17,10,0.09000000,25.01666667,28.16666667,0.08868900
2019-03-09T17:20:00,2019,3,9,17,20,0.07200000,24.83333333,27.35333333,0.07122058
2019-03-09T17:30:00,2019,3,9,17,30,0.05400000,24.65000000,26.54000000,0.05361746
2019-03-09T17:40:00,2019,3,9,17,40,0.03600000,24.46666667,25.72666667,0.03587966
2019-03-09T17:50:00,2019,3,9,17,50,0.01800000,24.28333333,24.91333333,0.01800718
2019-03-09T18:00:00,2019,3,9,18,0,0.00000000,24.10000000,24.10000000,0.00000000
2019-03-09T18:10:00,2019,3,9,18,10,0.00000000,24.05000000,24.05000000,0.00000000
2019-03-09T18:20:00,2019,3,9,18,20,0.00000000,24.00000000,24.00000000,0.00000000
2019-03-09T18:30:00,2019,3,9,18,30,0.00000000,23.95000000,23.95000000,0.00000000
2019-03-09T18:40:00,2019,3,9,18,40,0.00000000,23.90000000,23.90000000,0.00000000
2019-03-09T18:50:00,2019,3,9,18,50,0.00000000,23.85000000,23.85000000,0.00000000
2019-03-09T19:00:00,2019,3,9,19,0,0.00000000,23.80000000,23.80000000,0.00000000
2019-03-09T19:10:00,2019,3,9,19,10,0.00000000,23.70000000,23.70000000,0.00000000
2019-03-09T19:20:00,2019,3,9,19,20,0.00000000,23.60000000,23.60000000,0.00000000
2019-03-09T19:30:00,2019,3,9,19,30,0.00000000,23.50000000,23.50000000,0.00000000
2019-03-09T19:40:00,2019,3,9,19,40,0.00000000,23.40000000,23.40000000,0.00000000
2019-03-09T19:50:00,2019,3,9,19,50,0.00000000,23.30000000,23.30000000,0.00000000
2019-03-09T20:00:00,2019,3,9,20,0,0.00000000,23.20000000,23.20000000,0.00000000
2019-03-09T20:10:00,2019,3,9,20,10,0.00000000,23.18333333,23.18333333,0.00000000
2019-03-09T20:20:00,2019,3,9,20,20,0.00000000,23.16666667,23.16666667,0.00000000
2019-03-09T20:30:00,2019,3,9,20,30,0.00000000,23.15000000,23.15000000,0.00000000
2019-03-09T20:40:00,2019,3,9,20,40,0.00000000,23.13333333,23.13333333,0.00000000
2019-03-09T20:50:00,2019,3,9,20,50,0.00000000,23.11666667,23.11666667,0.00000000
2019-03-09T21:00:00,2019,3,9,21,0,0.00000000,23.10000000,23.10000000,0.00000000
2019-03-09T21:10:00,2019,3,9,21,10,0.00000000,23.05000000,23.05000000,0.00000000
2019-03-09T21:20:00,2019,3,9,21,20,0.00000000,23.00000000,23.00000000,0.00000000
2019-03-09T21:30:00,2019,3,9,21,30,0.00000000,22.95000000,22.95000000,0.00000000
2019-03-09T21:40:00,2019,3,9,21,40,0.00000000,22.90000000,22.90000000,0.00000000
2019-03-09T21:50:00,2019,3,9,21,50,0.00000000,22.85000000,22.85000000,0.00000000
2019-03-09T22:00:00,2019,3,9,22,0,0.00000000,22.80000000,22.80000000,0.00000000
2019-03-09T22:10:00,2019,3,9,22,10,0.00000000,22.73333333,22.73333333,0.00000000
2019-03-09T22:20:00,2019,3,9,22,20,0.00000000,22.66666667,22.66666667,0.00000000
2019-03-09T22:30:00,2019,3,9,22,30,0.00000000,22.60000000,22.60000000,0.00000000
2019-03-09T22:40:00,2019,3,9,22,40,0.00000000,22.53333333,22.53333333,0.00000000
2019-03-09T22:50:00,2019,3,9,22,50,0.00000000,22.46666667,22.46666667,0.00000000
2019-03-09T23:00:00,2019,3,9,23,0,0.00000000,22.40000000,22.40000000,0.00000000
2019-03-09T23:10:00,2019,3,9,23,10,0.00000000,22.63333333,22.63333333,0.00000000
2019-03-09T23:20:00,2019,3,9,23,20,0.00000000,22.86666667,22.86666667,0.00000000
2019-03-09T23:30:00,2019,3,9,23,30,0.00000000,23.10000000,23.10000000,0.00000000
2019-03-09T23:40:00,2019,3,9,23,40,0.00000000,23.33333333,23.33333333,0.00000000
2019-03-09T23:50:00,2019,3,9,23,50,0.00000000,23.56666667,23.56666667,0.00000000
2019-03-10T00:00:00,2019,3,10,0,0,0.00000000,23.80000000,23.80000000,0.00000000
2019-03-10T00:10:00,2019,3,10,0,10,0.00000000,23.70000000,23.70000000,0.00000000
2019-03-10T00:20:00,2019,3,10,0,20,0.00000000,23.60000000,23.60000000,0.00000000
2019-03-10T00:30:00,2019,3,10,0,30,0.00000000,23.50000000,23.50000000,0.00000000
2019-03-10T00:40:00,2019,3,10,0,40,0.00000000,23.40000000,23.40000000,0.00000000
2019-03-10T00:50:00,2019,3,10,0,50,0.00000000,23.30000000,23.30000000,0.00000000
2019-03-10T01:00:00,2019,3,10,1,0,0.00000000,23.20000000,23.20000000,0.00000000
2019-03-10T01:10:00,2019,3,10,1,10,0.00000000,23.20000000,23.20000000,0.00000000
2019-03-10T01:20:00,2019,3,10,1,20,0.00000000,23.20000000,23.20000000,0.00000000
2019-03-10T01:30:00,2019,3,10,1,30,0.00000000,23.20000000,23.20000000,0.00000000
2019-03-10T01:40:00,2019,3,10,1,40,0.00000000,23.20000000,23.20000000,0.00000000
2019-03-10T01:50:00,2019,3,10,1,50,0.00000000,23.20000000,23.20000000,0.00000000
2019-03-10T02:00:00,2019,3,10,2,0,0.00000000,23.20000000,23.20000000,0.00000000
2019-03-10T02:10:00,2019,3,10,2,10,0.00000000,23.08333333,23.08333333,0.00000000
2019-03-10T02:20:00,2019,3,10,2,20,0.00000000,22.96666667,22.96666667,0.00000000
2019-03-10T02:30:00,2019,3,10,2,30,0.00000000,22.85000000,22.85000000,0.00000000
2019-03-10T02:40:00,2019,3,10,2,40,0.00000000,22.73333333,22.73333333,0.00000000
2019-03-10T02:50:00,2019,3,10,2,50,0.00000000,22.61666667,22.61666667,0.00000000
2019-03-10T03:00:00,2019,3,10,3,0,0.00000000,22.50000000,22.50000000,0.00000000
2019-03-10T03:10:00,2019,3,10,3,10,0.00000000,22.53333333,22.53333333,0.00000000
2019-03-10T03:20:00,2019,3,10,3,20,0.00000000,22.56666667,22.56666667,0.00000000
2019-03-10T03:30:00,2019,3,10,3,30,0.00000000,22.60000000,22.60000000,0.00000000
2019-03-10T03:40:00,2019,3,10,3,40,0.00000000,22.63333333,22.63333333,0.00000000
2019-03-10T03:50:00,2019,3,10,3,50,0.00000000,22.66666667,22.66666667,0.00000000
2019-03-10T04:00:00,2019,3,10,4,0,0.00000000,22.70000000,22.70000000,0.00000000
2019-03-10T04:10:00,2019,3,10,4,10,0.00000000,22.70000000,22.70000000,0.00000000
2019-03-10T04:20:00,2019,3,10,4,20,0.00000000,22.70000000,22.70000000,0.00000000
2019-03-10T04:30:00,2019,3,10,4,30,0.00000000,22.70000000,22.70000000,0.00000000
2019-03-10T04:40:00,2019,3,10,4,40,0.00000000,22.70000000,22.70000000,0.00000000
2019-03-10T04:50:00,2019,3,10,4,50,0.00000000,22.70000000,22.70000000,0.00000000
2019-03-10T05:00:00,2019,3,10,5,0,0.00000000,22.70000000,22.70000000,0.00000000
2019-03-10T05:10:00,2019,3,10,5,10,0.00250000,22.61666667,22.70416667,0.00252640
2019-03-10T05:20:00,2019,3,10,5,20,0.00500000,22.53333333,22.70833333,0.00505271
2019-03-10T05:30:00,2019,3,10,5,30,0.00750000,22.45000000,22.71250000,0.00757892
2019-03-10T05:40:00,2019,3,10,5,40,0.01000000,22.36666667,22.71666667,0.01010503
2019-03-10T05:50:00,2019,3,10,5,50,0.01250000,22.28333333,22.72083333,0.01263105
2019-03-10T06:00:00,2019,3,10,6,0,0.01500000,22.20000000,22.72500000,0.01515697
2019-03-10T06:10:00,2019,3,10,6,10,0.02733333,22.25000000,23.20666667,0.02755882
2019-03-10T06:20:00,2019,3,10,6,20,0.03966667,22.30000000,23.68833333,0.03990600
2019-03-10T06:30:00,2019,3,10,6,30,0.05200000,22.35000000,24.17000000,0.05219854
2019-03-10T06:40:00,2019,3,10,6,40,0.06433333,22.40000000,24.65166667,0.06443642
2019-03-10T06:50:00,2019,3,10,6,50,0.07666667,22.45000000,25.13333333,0.07661964
2019-03-10T07:00:00,2019,3,10,7,0,0.08900000,22.50000000,25.61500000,0.08874822
2019-03-10T07:10:00,2019,3,10,7,10,0.10633333,22.73333333,26.45500000,0.10562164
2019-03-10T07:20:00,2019,3,10,7,20,0.12366667,22.96666667,27.29500000,0.12236112
2019-03-10T07:30:00,2019,3,10,7,30,0.14100000,23.20000000,28.13500000,0.13896664
2019-03-10T07:40:00,2019,3,10,7,40,0.15833333,23.43333333,28.97500000,0.15543821
2019-03-10T07:50:00,2019,3,10,7,50,0.17566667,23.66666667,29.81500000,0.17177583
2019-03-10T08:00:00,2019,3,10,8,0,0.19300000,23.90000000,30.65500000,0.18797949
2019-03-10T08:10:00,2019,3,10,8,10,0.17433333,24.30000000,30.40166667,0.17000156
2019-03-10T08:20:00,2019,3,10,8,20,0.15566667,24.70000000,30.14833333,0.15198012
2019-03-10T08:30:00,2019,3,10,8,30,0.13700000,25.10000000,29.89500000,0.13391517
2019-03-10T08:40:00,2019,3,10,8,40,0.11833333,25.50000000,29.64166667,0.11580672
2019-03-10T08:50:00,2019,3,10,8,50,0.09966667,25.90000000,29.38833333,0.09765476
2019-03-10T09:00:00,2019,3,10,9,0,0.08100000,26.30000000,29.13500000,0.07945930
2019-03-10T09:10:00,2019,3,10,9,10,0.11200000,26.00000000,29.92000000,0.10946522
2019-03-10T09:20:00,2019,3,10,9,20,0.14300000,25.70000000,30.70500000,0.13924725
2019-03-10T09:30:00,2019,3,10,9,30,0.17400000,25.40000000,31.49000000,0.16880540
2019-03-10T09:40:00,2019,3,10,9,40,0.20500000,25.10000000,32.27500000,0.19813968
2019-03-10T09:50:00,2019,3,10,9,50,0.23600000,24.80000000,33.06000000,0.22725006
2019-03-10T10:00:00,2019,3,10,10,0,0.26700000,24.50000000,33.84500000,0.25613657
2019-03-10T10:10:00,2019,3,10,10,10,0.26233333,24.95000000,34.13166667,0.25131385
2019-03-10T10:20:00,2019,3,10,10,20,0.25766667,25.40000000,34.41833333,0.24650343
2019-03-10T10:30:00,2019,3,10,10,30,0.25300000,25.85000000,34.70500000,0.24170532
2019-03-10T10:40:00,2019,3,10,10,40,0.24833333,26.30000000,34.99166667,0.23691952
2019-03-10T10:50:00,2019,3,10,10,50,0.24366667,26.75000000,35.27833333,0.23214603
2019-03-10T11:00:00,2019,3,10,11,0,0.23900000,27.20000000,35.56500000,0.22738484
2019-03-10T11:10:00,2019,3,10,11,10,0.25466667,27.18333333,36.09666667,0.24166729
2019-03-10T11:20:00,2019,3,10,11,20,0.27033333,27.16666667,36.62833333,0.25587311
2019-03-10T11:30:00,2019,3,10,11,30,0.28600000,27.15000000,37.16000000,0.27000230
2019-03-10T11:40:00,2019,3,10,11,40,0.30166667,27.13333333,37.69166667,0.28405486
2019-03-10T11:50:00,2019,3,10,11,50,0.31733333,27.11666667,38.22333333,0.29803079
2019-03-10T12:00:00,2019,3,10,12,0,0.33300000,27.10000000,38.75500000,0.31193009
2019-03-10T12:10:00,2019,3,10,12,10,0.35883333,27.36666667,39.92583333,0.33419626
2019-03-10T12:20:00,2019,3,10,12,20,0.38466667,27.63333333,41.09666667,0.35618415
2019-03-10T12:30:00,2019,3,10,12,30,0.41050000,27.90000000,42.26750000,0.37789378
2019-03-10T12:40:00,2019,3,10,12,40,0.43633333,28.16666667,43.43833333,0.39932514
2019-03-10T12:50:00,2019,3,10,12,50,0.46216667,28.43333333,44.60916667,0.42047823
2019-03-10T13:00:00,2019,3,10,13,0,0.48800000,28.70000000,45.78000000,0.44135306
2019-03-10T13:10:00,2019,3,10,13,10,0.48466667,29.15000000,46.11333333,0.43759519
2019-03-10T13:20:00,2019,3,10,13,20,0.48133333,29.60000000,46.44666667,0.43384755
2019-03-10T13:30:00,2019,3,10,13,30,0.47800000,30.05000000,46.78000000,0.43011014
2019-03-10T13:40:00,2019,3,10,13,40,0.47466667,30.50000000,47.11333333,0.42638294
2019-03-10T13:50:00,2019,3,10,13,50,0.47133333,30.95000000,47.44666667,0.42266597
2019-03-10T14:00:00,2019,3,10,14,0,0.46800000,31.40000000,47.78000000,0.41895922
2019-03-10T14:10:00,2019,3,10,14,10,0.44833333,31.31666667,47.00833333,0.40294481
2019-03-10T14:20:00,2019,3,10,14,20,0.42866667,31.23333333,46.23666667,0.38679079
2019-03-10T14:30:00,2019,3,10,14,30,0.40900000,31.15000000,45.46500000,0.37049715
2019-03-10T14:40:00,2019,3,10,14,40,0.38933333,31.06666667,44.69333333,0.35406389
2019-03-10T14:50:00,2019,3,10,14,50,0.36966667,30.98333333,43.92166667,0.33749100
2019-03-10T15:00:00,2019,3,10,15,0,0.35000000,30.90000000,43.15000000,0.32077850
2019-03-10T15:10:00,2019,3,10,15,10,0.32400000,30.43333333,41.77333333,0.29900102
2019-03-10T15:20:00,2019,3,10,15,20,0.29800000,29.96666667,40.39666667,0.27689425
2019-03-10T15:30:00,2019,3,10,15,30,0.27200000,29.50000000,39.02000000,0.25445818
2019-03-10T15:40:00,2019,3,10,15,40,0.24600000,29.03333333,37.64333333,0.23169280
2019-03-10T15:50:00,2019,3,10,15,50,0.22000000,28.56666667,36.26666667,0.20859813
2019-03-10T16:00:00,2019,3,10,16,0,0.19400000,28.10000000,34.89000000,0.18517416
2019-03-10T16:10:00,2019,3,10,16,10,0.17116667,27.73333333,33.72416667,0.16429755
2019-03-10T16:20:00,2019,3,10,16,20,0.14833333,27.36666667,32.55833333,0.14317603
2019-03-10T16:30:00,2019,3,10,16,30,0.12550000,27.00000000,31.39250000,0.12180961
2019-03-10T16:40:00,2019,3,10,16,40,0.10266667,26.63333333,30.22666667,0.10019829
2019-03-10T16:50:00,2019,3,10,16,50,0.07983333,26.26666667,29.06083333,0.07834206
2019-03-10T17:00:00,2019,3,10,17,0,0.05700000,25.90000000,27.89500000,0.05624093
2019-03-10T17:10:00,2019,3,10,17,10,0.04750000,25.36666667,27.02916667,0.04705663
2019-03-10T17:20:00,2019,3,10,17,20,0.03800000,24.83333333,26.16333333,0.03779665
2019-03-10T17:30:00,2019,3,10,17,30,0.02850000,24.30000000,25.29750000,0.02846100
2019-03-10T17:40:00,2019,3,10,17,40,0.01900000,23.76666667,24.43166667,0.01904967
2019-03-10T17:50:00,2019,3,10,17,50,0.00950000,23.23333333,23.56583333,0.00956267
2019-03-10T18:00:00,2019,3,10,18,0,0.00000000,22.70000000,22.70000000,0.00000000
2019-03-10T18:10:00,2019,3,10,18,10,0.00000000,22.50000000,22.50000000,0.00000000
2019-03-10T18:20:00,2019,3,10,18,20,0.00000000,22.30000000,22.30000000,0.00000000
2019-03-10T18:30:00,2019,3,10,18,30,0.00000000,22.10000000,22.10000000,0.00000000
2019-03-10T18:40:00,2019,3,10,18,40,0.00000000,21.90000000,21.90000000,0.00000000
2019-03-10T18:50:00,2019,3,10,18,50,0.00000000,21.70000000,21.70000000,0.00000000
2019-03-10T19:00:00,2019,3,10,19,0,0.00000000,21.50000000,21.50000000,0.00000000
2019-03-10T19:10:00,2019,3,10,19,10,0.00000000,21.43333333,21.43333333,0.00000000
2019-03-10T19:20:00,2019,3,10,19,20,0.00000000,21.36666667,21.36666667,0.00000000
2019-03-10T19:30:00,2019,3,10,19,30,0.00000000,21.30000000,21.30000000,0.00000000
2019-03-10T19:40:00,2019,3,10,19,40,0.00000000,21.23333333,21.23333333,0.00000000
2019-03-10T19:50:00,2019,3,10,19,50,0.00000000,21.16666667,21.16666667,0.00000000
2019-03-10T20:00:00,2019,3,10,20,0,0.00000000,21.10000000,21.10000000,0.00000000
2019-03-10T20:10:00,2019,3,10,20,10,0.00000000,21.18333333,21.18333333,0.00000000
2019-03-10T20:20:00,2019,3,10,20,20,0.00000000,21.26666667,21.26666667,0.00000000
2019-03-10T20:30:00,2019,3,10,20,30,0.00000000,21.35000000,21.35000000,0.00000000
2019-03-10T20:40:00,2019,3,10,20,40,0.00000000,21.43333333,21.43333333,0.00000000
2019-03-10T20:50:00,2019,3,10,20,50,0.00000000,21.51666667,21.51666667,0.00000000
2019-03-10T21:00:00,2019,3,10,21,0,0.00000000,21.60000000,21.60000000,0.00000000
2019-03-10T21:10:00,2019,3,10,21,10,0.00000000,21.51666667,21.51666667,0.00000000
2019-03-10T21:20:00,2019,3,10,21,20,0.00000000,21.43333333,21.43333333,0.00000000
2019-03-10T21:30:00,2019,3,10,21,30,0.00000000,21.35000000,21.35000000,0.00000000
2019-03-10T21:40:00,2019,3,10,21,40,0.00000000,21.26666667,21.26666667,0.00000000
2019-03-10T21:50:00,2019,3,10,21,50,0.00000000,21.18333333,21.18333333,0.00000000
2019-03-10T22:00:00,2019,3,10,22,0,0.00000000,21.10000000,21.10000000,0.00000000
2019-03-10T22:10:00,2019,3,10,22,10,0.00000000,21.11666667,21.11666667,0.00000000
2019-03-10T22:20:00,2019,3,10,22,20,0.00000000,21.13333333,21.13333333,0.00000000
2019-03-10T22:30:00,2019,3,10,22,30,0.00000000,21.15000000,21.15000000,0.00000000
2019-03-10T22:40:00,2019,3,10,22,40,0.00000000,21.16666667,21.16666667,0.00000000
2019-03-10T22:50:00,2019,3,10,22,50,0.00000000,21.18333333,21.18333333,0.00000000
2019-03-10T23:00:00,2019,3,10,23,0,0.00000000,21.20000000,21.20000000,0.00000000
2019-03-10T23:10:00,2019,3,10,23,10,0.00000000,21.00000000,21.00000000,0.00000000
2019-03-10T23:20:00,2019,3,10,23,20,0.00000000,20.80000000,20.80000000,0.00000000
2019-03-10T23:30:00,2019,3,10,23,30,0.00000000,20.60000000,20.60000000,0.00000000
2019-03-10T23:40:00,2019,3,10,23,40,0.00000000,20.40000000,20.40000000,0.00000000
2019-03-10T23:50:00,2019,3,10,23,50,0.00000000,20.20000000,20.20000000,0.00000000
2019-03-11T00:00:00,2019,3,11,0,0,0.00000000,20.00000000,20.00000000,0.00000000
2019-03-11T00:10:00,2019,3,11,0,10,0.00000000,19.90000000,19.90000000,0.00000000
2019-03-11T00:20:00,2019,3,11,0,20,0.00000000,19.80000000,19.80000000,0.00000000
2019-03-11T00:30:00,2019,3,11,0,30,0.00000000,19.70000000,19.70000000,0.00000000
2019-03-11T00:40:00,2019,3,11,0,40,0.00000000,19.60000000,19.60000000,0.00000000
2019-03-11T00:50:00,2019,3,11,0,50,0.00000000,19.50000000,19.50000000,0.00000000
2019-03-11T01:00:00,2019,3,11,1,0,0.00000000,19.40000000,19.40000000,0.00000000
2019-03-11T01:10:00,2019,3,11,1,10,0.00000000,19.40000000,19.40000000,0.00000000
2019-03-11T01:20:00,2019,3,11,1,20,0.00000000,19.40000000,19.40000000,0.00000000
2019-03-11T01:30:00,2019,3,11,1,30,0.00000000,19.40000000,19.40000000,0.00000000
2019-03-11T01:40:00,2019,3,11,1,40,0.00000000,19.40000000,19.40000000,0.00000000
2019-03-11T01:50:00,2019,3,11,1,50,0.00000000,19.40000000,19.40000000,0.00000000
2019-03-11T02:00:00,2019,3,11,2,0,0.00000000,19.40000000,19.40000000,0.00000000
2019-03-11T02:10:00,2019,3,11,2,10,0.00000000,19.45000000,19.45000000,0.00000000
2019-03-11T02:20:00,2019,3,11,2,20,0.00000000,19.50000000,19.50000000,0.00000000
2019-03-11T02:30:00,2019,3,11,2,30,0.00000000,19.55000000,19.55000000,0.00000000
2019-03-11T02:40:00,2019,3,11,2,40,0.00000000,19.60000000,19.60000000,0.00000000
2019-03-11T02:50:00,2019,3,11,2,50,0.00000000,19.65000000,19.65000000,0.00000000
2019-03-11T03:00:00,2019,3,11,3,0,0.00000000,19.70000000,19.70000000,0.00000000
2019-03-11T03:10:00,2019,3,11,3,10,0.00000000,19.63333333,19.63333333,0.00000000
2019-03-11T03:20:00,2019,3,11,3,20,0.00000000,19.56666667,19.56666667,0.00000000
2019-03-11T03:30:00,2019,3,11,3,30,0.00000000,19.50000000,19.50000000,0.00000000
2019-03-11T03:40:00,2019,3,11,3,40,0.00000000,19.43333333,19.43333333,0.00000000
2019-03-11T03:50:00,2019,3,11,3,50,0.00000000,19.36666667,19.36666667,0.00000000
2019-03-11T04:00:00,2019,3,11,4,0,0.00000000,19.30000000,19.30000000,0.00000000
2019-03-11T04:10:00,2019,3,11,4,10,0.00000000,19.26666667,19.26666667,0.00000000
2019-03-11T04:20:00,2019,3,11,4,20,0.00000000,19.23333333,19.23333333,0.00000000
2019-03-11T04:30:00,2019,3,11,4,30,0.00000000,19.20000000,19.20000000,0.00000000
2019-03-11T04:40:00,2019,3,11,4,40,0.00000000,19.16666667,19.16666667,0.00000000
2019-03-11T04:50:00,2019,3,11,4,50,0.00000000,19.13333333,19.13333333,0.00000000
2019-03-11T05:00:00,2019,3,11,5,0,0.00000000,19.10000000,19.10000000,0.00000000
2019-03-11T05:10:00,2019,3,11,5,10,0.00916667,19.16666667,19.48750000,0.00939911
2019-03-11T05:20:00,2019,3,11,5,20,0.01833333,19.23333333,19.87500000,0.01876554
2019-03-11T05:30:00,2019,3,11,5,30,0.02750000,19.30000000,20.26250000,0.02809929
2019-03-11T05:40:00,2019,3,11,5,40,0.03666667,19.36666667,20.65000000,0.03740037
2019-03-11T05:50:00,2019,3,11,5,50,0.04583333,19.43333333,21.03750000,0.04666876
2019-03-11T06:00:00,2019,3,11,6,0,0.05500000,19.50000000,21.42500000,0.05590448
2019-03-11T06:10:00,2019,3,11,6,10,0.06950000,19.75000000,22.18250000,0.07040075
2019-03-11T06:20:00,2019,3,11,6,20,0.08400000,20.00000000,22.94000000,0.08479598
2019-03-11T06:30:00,2019,3,11,6,30,0.09850000,20.25000000,23.69750000,0.09909016
2019-03-11T06:40:00,2019,3,11,6,40,0.11300000,20.50000000,24.45500000,0.11328329
2019-03-11T06:50:00,2019,3,11,6,50,0.12750000,20.75000000,25.21250000,0.12737537
2019-03-11T07:00:00,2019,3,11,7,0,0.14200000,21.00000000,25.97000000,0.14136640
2019-03-11T07:10:00,2019,3,11,7,10,0.15933333,21.01666667,26.59333333,0.15816553
2019-03-11T07:20:00,2019,3,11,7,20,0.17666667,21.03333333,27.21666667,0.17486526
2019-03-11T07:30:00,2019,3,11,7,30,0.19400000,21.05000000,27.84000000,0.19146558
2019-03-11T07:40:00,2019,3,11,7,40,0.21133333,21.06666667,28.46333333,0.20796651
2019-03-11T07:50:00,2019,3,11,7,50,0.22866667,21.08333333,29.08666667,0.22436804
2019-03-11T08:00:00,2019,3,11,8,0,0.24600000,21.10000000,29.71000000,0.24067016
2019-03-11T08:10:00,2019,3,11,8,10,0.32016667,21.31666667,32.52250000,0.30908778
2019-03-11T08:20:00,2019,3,11,8,20,0.39433333,21.53333333,35.33500000,0.37558633
2019-03-11T08:30:00,2019,3,11,8,30,0.46850000,21.75000000,38.14750000,0.44016582
2019-03-11T08:40:00,2019,3,11,8,40,0.54266667,21.96666667,40.96000000,0.50282625
2019-03-11T08:50:00,2019,3,11,8,50,0.61683333,22.18333333,43.77250000,0.56356762
2019-03-11T09:00:00,2019,3,11,9,0,0.69100000,22.40000000,46.58500000,0.62238992
2019-03-11T09:10:00,2019,3,11,9,10,0.71233333,22.83333333,47.76500000,0.63773850
2019-03-11T09:20:00,2019,3,11,9,20,0.73366667,23.26666667,48.94500000,0.65285548
2019-03-11T09:30:00,2019,3,11,9,30,0.75500000,23.70000000,50.12500000,0.66774087
2019-03-11T09:40:00,2019,3,11,9,40,0.77633333,24.13333333,51.30500000,0.68239467
2019-03-11T09:50:00,2019,3,11,9,50,0.79766667,24.56666667,52.48500000,0.69681687
2019-03-11T10:00:00,2019,3,11,10,0,0.81900000,25.00000000,53.66500000,0.71100748
2019-03-11T10:10:00,2019,3,11,10,10,0.74866667,25.06666667,51.27000000,0.65819629
2019-03-11T10:20:00,2019,3,11,10,20,0.67833333,25.13333333,48.87500000,0.60383537
2019-03-11T10:30:00,2019,3,11,10,30,0.60800000,25.20000000,46.48000000,0.54792474
2019-03-11T10:40:00,2019,3,11,10,40,0.53766667,25.26666667,44.08500000,0.49046437
2019-03-11T10:50:00,2019,3,11,10,50,0.46733333,25.33333333,41.69000000,0.43145428
2019-03-11T11:00:00,2019,3,11,11,0,0.39700000,25.40000000,39.29500000,0.37089447
2019-03-11T11:10:00,2019,3,11,11,10,0.38516667,25.16666667,38.64750000,0.36098648
2019-03-11T11:20:00,2019,3,11,11,20,0.37333333,24.93333333,38.00000000,0.35100800
2019-03-11T11:30:00,2019,3,11,11,30,0.36150000,24.70000000,37.35250000,0.34095903
2019-03-11T11:40:00,2019,3,11,11,40,0.34966667,24.46666667,36.70500000,0.33083956
2019-03-11T11:50:00,2019,3,11,11,50,0.33783333,24.23333333,36.05750000,0.32064961
2019-03-11T12:00:00,2019,3,11,12,0,0.32600000,24.00000000,35.41000000,0.31038916
2019-03-11T12:10:00,2019,3,11,12,10,0.41233333,24.01666667,38.44833333,0.38682543
2019-03-11T12:20:00,2019,3,11,12,20,0.49866667,24.03333333,41.48666667,0.46084845
2019-03-11T12:30:00,2019,3,11,12,30,0.58500000,24.05000000,44.52500000,0.53245822
2019-03-11T12:40:00,2019,3,11,12,40,0.67133333,24.06666667,47.56333333,0.60165475
2019-03-11T12:50:00,2019,3,11,12,50,0.75766667,24.08333333,50.60166667,0.66843803
2019-03-11T13:00:00,2019,3,11,13,0,0.84400000,24.10000000,53.64000000,0.73280806
2019-03-11T13:10:00,2019,3,11,13,10,0.75200000,24.51666667,50.83666667,0.66262580
2019-03-11T13:20:00,2019,3,11,13,20,0.66000000,24.93333333,48.03333333,0.59007080
2019-03-11T13:30:00,2019,3,11,13,30,0.56800000,25.35000000,45.23000000,0.51514306
2019-03-11T13:40:00,2019,3,11,13,40,0.47600000,25.76666667,42.42666667,0.43784257
2019-03-11T13:50:00,2019,3,11,13,50,0.38400000,26.18333333,39.62333333,0.35816934
2019-03-11T14:00:00,2019,3,11,14,0,0.29200000,26.60000000,36.82000000,0.27612338
2019-03-11T14:10:00,2019,3,11,14,10,0.30750000,26.28333333,37.04583333,0.29046117
2019-03-11T14:20:00,2019,3,11,14,20,0.32300000,25.96666667,37.27166667,0.30476676
2019-03-11T14:30:00,2019,3,11,14,30,0.33850000,25.65000000,37.49750000,0.31904014
2019-03-11T14:40:00,2019,3,11,14,40,0.35400000,25.33333333,37.72333333,0.33328132
2019-03-11T14:50:00,2019,3,11,14,50,0.36950000,25.01666667,37.94916667,0.34749030
2019-03-11T15:00:00,2019,3,11,15,0,0.38500000,24.70000000,38.17500000,0.36166708
2019-03-11T15:10:00,2019,3,11,15,10,0.33666667,24.80000000,36.58333333,0.31872794
2019-03-11T15:20:00,2019,3,11,15,20,0.28833333,24.90000000,34.99166667,0.27508105
2019-03-11T15:30:00,2019,3,11,15,30,0.24000000,25.00000000,33.40000000,0.23072640
2019-03-11T15:40:00,2019,3,11,15,40,0.19166667,25.10000000,31.80833333,0.18566399
2019-03-11T15:50:00,2019,3,11,15,50,0.14333333,25.20000000,30.21666667,0.13989381
2019-03-11T16:00:00,2019,3,11,16,0,0.09500000,25.30000000,28.62500000,0.09341587
2019-03-11T16:10:00,2019,3,11,16,10,0.09033333,25.01666667,28.17833333,0.08901263
2019-03-11T16:20:00,2019,3,11,16,20,0.08566667,24.73333333,27.73166667,0.08459021
2019-03-11T16:30:00,2019,3,11,16,30,0.08100000,24.45000000,27.28500000,0.08014861
2019-03-11T16:40:00,2019,3,11,16,40,0.07633333,24.16666667,26.83833333,0.07568783
2019-03-11T16:50:00,2019,3,11,16,50,0.07166667,23.88333333,26.39166667,0.07120788
2019-03-11T17:00:00,2019,3,11,17,0,0.06700000,23.60000000,25.94500000,0.06670875
2019-03-11T17:10:00,2019,3,11,17,10,0.05583333,23.65000000,25.60416667,0.05567816
2019-03-11T17:20:00,2019,3,11,17,20,0.04466667,23.70000000,25.26333333,0.04461256
2019-03-11T17:30:00,2019,3,11,17,30,0.03350000,23.75000000,24.92250000,0.03351194
2019-03-11T17:40:00,2019,3,11,17,40,0.02233333,23.80000000,24.58166667,0.02237631
2019-03-11T17:50:00,2019,3,11,17,50,0.01116667,23.85000000,24.24083333,0.01120566
2019-03-11T18:00:00,2019,3,11,18,0,0.00000000,23.90000000,23.90000000,0.00000000
2019-03-11T18:10:00,2019,3,11,18,10,0.00000000,23.75000000,23.75000000,0.00000000
2019-03-11T18:20:00,2019,3,11,18,20,0.00000000,23.60000000,23.60000000,0.00000000
2019-03-11T18:30:00,2019,3,11,18,30,0.00000000,23.45000000,23.45000000,0.00000000
2019-03-11T18:40:00,2019,3,11,18,40,0.00000000,23.30000000,23.30000000,0.00000000
2019-03-11T18:50:00,2019,3,11,18,50,0.00000000,23.15000000,23.15000000,0.00000000
2019-03-11T19:00:00,2019,3,11,19,0,0.00000000,23.00000000,23.00000000,0.00000000
2019-03-11T19:10:00,2019,3,11,19,10,0.00000000,23.00000000,23.00000000,0.00000000
2019-03-11T19:20:00,2019,3,11,19,20,0.00000000,23.00000000,23.00000000,0.00000000
2019-03-11T19:30:00,2019,3,11,19,30,0.00000000,23.00000000,23.00000000,0.00000000
2019-03-11T19:40:00,2019,3,11,19,40,0.00000000,23.00000000,23.00000000,0.00000000
2019-03-11T19:50:00,2019,3,11,19,50,0.00000000,23.00000000,23.00000000,0.00000000
2019-03-11T20:00:00,2019,3,11,20,0,0.00000000,23.00000000,23.00000000,0.00000000
2019-03-11T20:10:00,2019,3,11,20,10,0.00000000,22.95000000,22.95000000,0.00000000
2019-03-11T20:20:00,2019,3,11,20,20,0.00000000,22.90000000,22.90000000,0.00000000
2019-03-11T20:30:00,2019,3,11,20,30,0.00000000,22.85000000,22.85000000,0.00000000
2019-03-11T20:40:00,2019,3,11,20,40,0.00000000,22.80000000,22.80000000,0.00000000
2019-03-11T20:50:00,2019,3,11,20,50,0.00000000,22.75000000,22.75000000,0.00000000
2019-03-11T21:00:00,2019,3,11,21,0,0.00000000,22.70000000,22.70000000,0.00000000
2019-03-11T21:10:00,2019,3,11,21,10,0.00000000,22.51666667,22.51666667,0.00000000
2019-03-11T21:20:00,2019,3,11,21,20,0.00000000,22.33333333,22.33333333,0.00000000
2019-03-11T21:30:00,2019,3,11,21,30,0.00000000,22.15000000,22.15000000,0.00000000
2019-03-11T21:40:00,2019,3,11,21,40,0.00000000,21.96666667,21.96666667,0.00000000
2019-03-11T21:50:00,2019,3,11,21,50,0.00000000,21.78333333,21.78333333,0.00000000
2019-03-11T22:00:00,2019,3,11,22,0,0.00000000,21.60000000,21.60000000,0.00000000
2019-03-11T22:10:00,2019,3,11,22,10,0.00000000,21.55000000,21.55000000,0.00000000
2019-03-11T22:20:00,2019,3,11,22,20,0.00000000,21.50000000,21.50000000,0.00000000
2019-03-11T22:30:00,2019,3,11,22,30,0.00000000,21.45000000,21.45000000,0.00000000
2019-03-11T22:40:00,2019,3,11,22,40,0.00000000,21.40000000,21.40000000,0.00000000
2019-03-11T22:50:00,2019,3,11,22,50,0.00000000,21.35000000,21.35000000,0.00000000
2019-03-11T23:00:00,2019,3,11,23,0,0.00000000,21.30000000,21.30000000,0.00000000
2019-03-11T23:10:00,2019,3,11,23,10,0.00000000,21.18333333,21.18333333,0.00000000
2019-03-11T23:20:00,2019,3,11,23,20,0.00000000,21.06666667,21.06666667,0.00000000
2019-03-11T23:30:00,2019,3,11,23,30,0.00000000,20.95000000,20.95000000,0.00000000
2019-03-11T23:40:00,2019,3,11,23,40,0.00000000,20.83333333,20.83333333,0.00000000
2019-03-11T23:50:00,2019,3,11,23,50,0.00000000,20.71666667,20.71666667,0.00000000
2019-03-12T00:00:00,2019,3,12,0,0,0.00000000,20.60000000,20.60000000,0.00000000
2019-03-12T00:10:00,2019,3,12,0,10,0.00000000,20.46666667,20.46666667,0.00000000
2019-03-12T00:20:00,2019,3,12,0,20,0.00000000,20.33333333,20.33333333,0.00000000
2019-03-12T00:30:00,2019,3,12,0,30,0.00000000,20.20000000,20.20000000,0.00000000
2019-03-12T00:40:00,2019,3,12,0,40,0.00000000,20.06666667,20.06666667,0.00000000
2019-03-12T00:50:00,2019,3,12,0,50,0.00000000,19.93333333,19.93333333,0.00000000
2019-03-12T01:00:00,2019,3,12,1,0,0.00000000,19.80000000,19.80000000,0.00000000
2019-03-12T01:10:00,2019,3,12,1,10,0.00000000,19.78333333,19.78333333,0.00000000
2019-03-12T01:20:00,2019,3,12,1,20,0.00000000,19.76666667,19.76666667,0.00000000
2019-03-12T01:30:00,2019,3,12,1,30,0.00000000,19.75000000,19.75000000,0.00000000
2019-03-12T01:40:00,2019,3,12,1,40,0.00000000,19.73333333,19.73333333,0.00000000
2019-03-12T01:50:00,2019,3,12,1,50,0.00000000,19.71666667,19.71666667,0.00000000
2019-03-12T02:00:00,2019,3,12,2,0,0.00000000,19.70000000,19.70000000,0.00000000
2019-03-12T02:10:00,2019,3,12,2,10,0.00000000,19.76666667,19.76666667,0.00000000
2019-03-12T02:20:00,2019,3,12,2,20,0.00000000,19.83333333,19.83333333,0.00000000
2019-03-12T02:30:00,2019,3,12,2,30,0.00000000,19.90000000,19.90000000,0.00000000
2019-03-12T02:40:00,2019,3,12,2,40,0.00000000,19.96666667,19.96666667,0.00000000
2019-03-12T02:50:00,2019,3,12,2,50,0.00000000,20.03333333,20.03333333,0.00000000
2019-03-12T03:00:00,2019,3,12,3,0,0.00000000,20.10000000,20.10000000,0.00000000
2019-03-12T03:10:00,2019,3,12,3,10,0.00000000,20.08333333,20.08333333,0.00000000
2019-03-12T03:20:00,2019,3,12,3,20,0.00000000,20.06666667,20.06666667,0.00000000
2019-03-12T03:30:00,2019,3,12,3,30,0.00000000,20.05000000,20.05000000,0.00000000
2019-03-12T03:40:00,2019,3,12,3,40,0.00000000,20.03333333,20.03333333,0.00000000
2019-03-12T03:50:00,2019,3,12,3,50,0.00000000,20.01666667,20.01666667,0.00000000
2019-03-12T04:00:00,2019,3,12,4,0,0.00000000,20.00000000,20.00000000,0.00000000
2019-03-12T04:10:00,2019,3,12,4,10,0.00000000,19.83333333,19.83333333,0.00000000
2019-03-12T04:20:00,2019,3,12,4,20,0.00000000,19.66666667,19.66666667,0.00000000
2019-03-12T04:30:00,2019,3,12,4,30,0.00000000,19.50000000,19.50000000,0.00000000
2019-03-12T04:40:00,2019,3,12,4,40,0.00000000,19.33333333,19.33333333,0.00000000
2019-03-12T04:50:00,2019,3,12,4,50,0.00000000,19.16666667,19.16666667,0.00000000
2019-03-12T05:00:00,2019,3,12,5,0,0.00000000,19.00000000,19.00000000,0.00000000
2019-03-12T05:10:00,2019,3,12,5,10,0.01533333,19.01666667,19.55333333,0.01571750
2019-03-12T05:20:00,2019,3,12,5,20,0.03066667,19.03333333,20.10666667,0.03135695
2019-03-12T05:30:00,2019,3,12,5,30,0.04600000,19.05000000,20.66000000,0.04691834
2019-03-12T05:40:00,2019,3,12,5,40,0.06133333,19.06666667,21.21333333,0.06240168
2019-03-12T05:50:00,2019,3,12,5,50,0.07666667,19.08333333,21.76666667,0.07780696
2019-03-12T06:00:00,2019,3,12,6,0,0.09200000,19.10000000,22.32000000,0.09313418
2019-03-12T06:10:00,2019,3,12,6,10,0.12250000,19.50000000,23.78750000,0.12318324
2019-03-12T06:20:00,2019,3,12,6,20,0.15300000,19.90000000,25.25500000,0.15282053
2019-03-12T06:30:00,2019,3,12,6,30,0.18350000,20.30000000,26.72250000,0.18204604
2019-03-12T06:40:00,2019,3,12,6,40,0.21400000,20.70000000,28.19000000,0.21085976
2019-03-12T06:50:00,2019,3,12,6,50,0.24450000,21.10000000,29.65750000,0.23926171
2019-03-12T07:00:00,2019,3,12,7,0,0.27500000,21.50000000,31.12500000,0.26725188
2019-03-12T07:10:00,2019,3,12,7,10,0.32533333,21.78333333,33.17000000,0.31310666
2019-03-12T07:20:00,2019,3,12,7,20,0.37566667,22.06666667,35.21500000,0.35801447
2019-03-12T07:30:00,2019,3,12,7,30,0.42600000,22.35000000,37.26000000,0.40197530
2019-03-12T07:40:00,2019,3,12,7,40,0.47633333,22.63333333,39.30500000,0.44498917
2019-03-12T07:50:00,2019,3,12,7,50,0.52666667,22.91666667,41.35000000,0.48705607
2019-03-12T08:00:00,2019,3,12,8,0,0.57700000,23.20000000,43.39500000,0.52817599
2019-03-12T08:10:00,2019,3,12,8,10,0.58983333,23.71666667,44.36083333,0.53730287
2019-03-12T08:20:00,2019,3,12,8,20,0.60266667,24.23333333,45.32666667,0.54631573
2019-03-12T08:30:00,2019,3,12,8,30,0.61550000,24.75000000,46.29250000,0.55521454
2019-03-12T08:40:00,2019,3,12,8,40,0.62833333,25.26666667,47.25833333,0.56399933
2019-03-12T08:50:00,2019,3,12,8,50,0.64116667,25.78333333,48.22416667,0.57267008
2019-03-12T09:00:00,2019,3,12,9,0,0.65400000,26.30000000,49.19000000,0.58122680
2019-03-12T09:10:00,2019,3,12,9,10,0.68933333,26.55000000,50.67666667,0.60791434
2019-03-12T09:20:00,2019,3,12,9,20,0.72466667,26.80000000,52.16333333,0.63411860
2019-03-12T09:30:00,2019,3,12,9,30,0.76000000,27.05000000,53.65000000,0.65983960
2019-03-12T09:40:00,2019,3,12,9,40,0.79533333,27.30000000,55.13666667,0.68507733
2019-03-12T09:50:00,2019,3,12,9,50,0.83066667,27.55000000,56.62333333,0.70983180
2019-03-12T10:00:00,2019,3,12,10,0,0.86600000,27.80000000,58.11000000,0.73410300
2019-03-12T10:10:00,2019,3,12,10,10,0.87616667,28.03333333,58.69916667,0.74034667
2019-03-12T10:20:00,2019,3,12,10,20,0.88633333,28.26666667,59.28833333,0.74653523
2019-03-12T10:30:00,2019,3,12,10,30,0.89650000,28.50000000,59.87750000,0.75266868
2019-03-12T10:40:00,2019,3,12,10,40,0.90666667,28.73333333,60.46666667,0.75874702
2019-03-12T10:50:00,2019,3,12,10,50,0.91683333,28.96666667,61.05583333,0.76477026
2019-03-12T11:00:00,2019,3,12,11,0,0.92700000,29.20000000,61.64500000,0.77073839
2019-03-12T11:10:00,2019,3,12,11,10,0.94066667,29.38333333,62.30666667,0.77923823
2019-03-12T11:20:00,2019,3,12,11,20,0.95433333,29.56666667,62.96833333,0.78765488
2019-03-12T11:30:00,2019,3,12,11,30,0.96800000,29.75000000,63.63000000,0.79598834
2019-03-12T11:40:00,2019,3,12,11,40,0.98166667,29.93333333,64.29166667,0.80423860
2019-03-12T11:50:00,2019,3,12,11,50,0.99533333,30.11666667,64.95333333,0.81240566
2019-03-12T12:00:00,2019,3,12,12,0,1.00900000,30.30000000,65.61500000,0.82048954
2019-03-12T12:10:00,2019,3,12,12,10,0.96816667,30.45000000,64.33583333,0.79298191
2019-03-12T12:20:00,2019,3,12,12,20,0.92733333,30.60000000,63.05666667,0.76499374
2019-03-12T12:30:00,2019,3,12,12,30,0.88650000,30.75000000,61.77750000,0.73652503
2019-03-12T12:40:00,2019,3,12,12,40,0.84566667,30.90000000,60.49833333,0.70757578
2019-03-12T12:50:00,2019,3,12,12,50,0.80483333,31.05000000,59.21916667,0.67814599
2019-03-12T13:00:00,2019,3,12,13,0,0.76400000,31.20000000,57.94000000,0.64823566
2019-03-12T13:10:00,2019,3,12,13,10,0.76366667,30.86666667,57.59500000,0.64916478
2019-03-12T13:20:00,2019,3,12,13,20,0.76333333,30.53333333,57.25000000,0.65009283
2019-03-12T13:30:00,2019,3,12,13,30,0.76300000,30.20000000,56.90500000,0.65101983
2019-03-12T13:40:00,2019,3,12,13,40,0.76266667,29.86666667,56.56000000,0.65194577
2019-03-12T13:50:00,2019,3,12,13,50,0.76233333,29.53333333,56.21500000,0.65287065
2019-03-12T14:00:00,2019,3,12,14,0,0.76200000,29.20000000,55.87000000,0.65379448
2019-03-12T14:10:00,2019,3,12,14,10,0.72033333,29.30000000,54.51166667,0.62254544
2019-03-12T14:20:00,2019,3,12,14,20,0.67866667,29.40000000,53.15333333,0.59077571
2019-03-12T14:30:00,2019,3,12,14,30,0.63700000,29.50000000,51.79500000,0.55848529
2019-03-12T14:40:00,2019,3,12,14,40,0.59533333,29.60000000,50.43666667,0.52567417
2019-03-12T14:50:00,2019,3,12,14,50,0.55366667,29.70000000,49.07833333,0.49234236
2019-03-12T15:00:00,2019,3,12,15,0,0.51200000,29.80000000,47.72000000,0.45848986
2019-03-12T15:10:00,2019,3,12,15,10,0.47933333,29.43333333,46.21000000,0.43256670
2019-03-12T15:20:00,2019,3,12,15,20,0.44666667,29.06666667,44.70000000,0.40618973
2019-03-12T15:30:00,2019,3,12,15,30,0.41400000,28.70000000,43.19000000,0.37935896
2019-03-12T15:40:00,2019,3,12,15,40,0.38133333,28.33333333,41.68000000,0.35207439
2019-03-12T15:50:00,2019,3,12,15,50,0.34866667,27.96666667,40.17000000,0.32433601
2019-03-12T16:00:00,2019,3,12,16,0,0.31600000,27.60000000,38.66000000,0.29614382
2019-03-12T16:10:00,2019,3,12,16,10,0.27800000,27.38333333,37.11333333,0.26250947
2019-03-12T16:20:00,2019,3,12,16,20,0.24000000,27.16666667,35.56666667,0.22833440
2019-03-12T16:30:00,2019,3,12,16,30,0.20200000,26.95000000,34.02000000,0.19361862
2019-03-12T16:40:00,2019,3,12,16,40,0.16400000,26.73333333,32.47333333,0.15836212
2019-03-12T16:50:00,2019,3,12,16,50,0.12600000,26.51666667,30.92666667,0.12256490
2019-03-12T17:00:00,2019,3,12,17,0,0.08800000,26.30000000,29.38000000,0.08622698
2019-03-12T17:10:00,2019,3,12,17,10,0.07333333,25.91666667,28.48333333,0.07215829
2019-03-12T17:20:00,2019,3,12,17,20,0.05866667,25.53333333,27.58666667,0.05796861
2019-03-12T17:30:00,2019,3,12,17,30,0.04400000,25.15000000,26.69000000,0.04365794
2019-03-12T17:40:00,2019,3,12,17,40,0.02933333,24.76666667,25.79333333,0.02922629
2019-03-12T17:50:00,2019,3,12,17,50,0.01466667,24.38333333,24.89666667,0.01467364
2019-03-12T18:00:00,2019,3,12,18,0,0.00000000,24.00000000,24.00000000,0.00000000
2019-03-12T18:10:00,2019,3,12,18,10,0.00000000,23.78333333,23.78333333,0.00000000
2019-03-12T18:20:00,2019,3,12,18,20,0.00000000,23.56666667,23.56666667,0.00000000
2019-03-12T18:30:00,2019,3,12,18,30,0.00000000,23.35000000,23.35000000,0.00000000
2019-03-12T18:40:00,2019,3,12,18,40,0.00000000,23.13333333,23.13333333,0.00000000
2019-03-12T18:50:00,2019,3,12,18,50,0.00000000,22.91666667,22.91666667,0.00000000
2019-03-12T19:00:00,2019,3,12,19,0,0.00000000,22.70000000,22.70000000,0.00000000
2019-03-12T19:10:00,2019,3,12,19,10,0.00000000,22.73333333,22.73333333,0.00000000
2019-03-12T19:20:00,2019,3,12,19,20,0.00000000,22.76666667,22.76666667,0.00000000
2019-03-12T19:30:00,2019,3,12,19,30,0.00000000,22.80000000,22.80000000,0.00000000
2019-03-12T19:40:00,2019,3,12,19,40,0.00000000,22.83333333,22.83333333,0.00000000
2019-03-12T19:50:00,2019,3,12,19,50,0.00000000,22.86666667,22.86666667,0.00000000
2019-03-12T20:00:00,2019,3,12,20,0,0.00000000,22.90000000,22.90000000,0.00000000
2019-03-12T20:10:00,2019,3,12,20,10,0.00000000,22.76666667,22.76666667,0.00000000
2019-03-12T20:20:00,2019,3,12,20,20,0.00000000,22.63333333,22.63333333,0.00000000
2019-03-12T20:30:00,2019,3,12,20,30,0.00000000,22.50000000,22.50000000,0.00000000
2019-03-12T20:40:00,2019,3,12,20,40,0.00000000,22.36666667,22.36666667,0.00000000
2019-03-12T20:50:00,2019,3,12,20,50,0.00000000,22.23333333,22.23333333,0.00000000
2019-03-12T21:00:00,2019,3,12,21,0,0.00000000,22.10000000,22.10000000,0.00000000
2019-03-12T21:10:00,2019,3,12,21,10,0.00000000,22.01666667,22.01666667,0.00000000
2019-03-12T21:20:00,2019,3,12,21,20,0.00000000,21.93333333,21.93333333,0.00000000
2019-03-12T21:30:00,2019,3,12,21,30,0.00000000,21.85000000,21.85000000,0.00000000
2019-03-12T21:40:00,2019,3,12,21,40,0.00000000,21.76666667,21.76666667,0.00000000
2019-03-12T21:50:00,2019,3,12,21,50,0.00000000,21.68333333,21.68333333,0.00000000
2019-03-12T22:00:00,2019,3,12,22,0,0.00000000,21.60000000,21.60000000,0.00000000
2019-03-12T22:10:00,2019,3,12,22,10,0.00000000,21.50000000,21.50000000,0.00000000
2019-03-12T22:20:00,2019,3,12,22,20,0.00000000,21.40000000,21.40000000,0.00000000
2019-03-12T22:30:00,2019,3,12,22,30,0.00000000,21.30000000,21.30000000,0.00000000
2019-03-12T22:40:00,2019,3,12,22,40,0.00000000,21.20000000,21.20000000,0.00000000
2019-03-12T22:50:00,2019,3,12,22,50,0.00000000,21.10000000,21.10000000,0.00000000
2019-03-12T23:00:00,2019,3,12,23,0,0.00000000,21.00000000,21.00000000,0.00000000
2019-03-12T23:10:00,2019,3,12,23,10,0.00000000,21.31666667,21.31666667,0.00000000
2019-03-12T23:20:00,2019,3,12,23,20,0.00000000,21.63333333,21.63333333,0.00000000
2019-03-12T23:30:00,2019,3,12,23,30,0.00000000,21.95000000,21.95000000,0.00000000
2019-03-12T23:40:00,2019,3,12,23,40,0.00000000,22.26666667,22.26666667,0.00000000
2019-03-12T23:50:00,2019,3,12,23,50,0.00000000,22.58333333,22.58333333,0.00000000
2019-03-13T00:00:00,2019,3,13,0,0,0.00000000,22.90000000,22.90000000,0.00000000
2019-03-13T00:10:00,2019,3,13,0,10,0.00000000,22.86666667,22.86666667,0.00000000
2019-03-13T00:20:00,2019,3,13,0,20,0.00000000,22.83333333,22.83333333,0.00000000
2019-03-13T00:30:00,2019,3,13,0,30,0.00000000,22.80000000,22.80000000,0.00000000
2019-03-13T00:40:00,2019,3,13,0,40,0.00000000,22.76666667,22.76666667,0.00000000
2019-03-13T00:50:00,2019,3,13,0,50,0.00000000,22.73333333,22.73333333,0.00000000
2019-03-13T01:00:00,2019,3,13,1,0,0.00000000,22.70000000,22.70000000,0.00000000
2019-03-13T01:10:00,2019,3,13,1,10,0.00000000,22.78333333,22.78333333,0.00000000
2019-03-13T01:20:00,2019,3,13,1,20,0.00000000,22.86666667,22.86666667,0.00000000
2019-03-13T01:30:00,2019,3,13,1,30,0.00000000,22.95000000,22.95000000,0.00000000
2019-03-13T01:40:00,2019,3,13,1,40,0.00000000,23.03333333,23.03333333,0.00000000
2019-03-13T01:50:00,2019,3,13,1,50,0.00000000,23.11666667,23.11666667,0.00000000
2019-03-13T02:00:00,2019,3,13,2,0,0.00000000,23.20000000,23.20000000,0.00000000
2019-03-13T02:10:00,2019,3,13,2,10,0.00000000,23.08333333,23.08333333,0.00000000
2019-03-13T02:20:00,2019,3,13,2,20,0.00000000,22.96666667,22.96666667,0.00000000
2019-03-13T02:30:00,2019,3,13,2,30,0.00000000,22.85000000,22.85000000,0.00000000
2019-03-13T02:40:00,2019,3,13,2,40,0.00000000,22.73333333,22.73333333,0.00000000
2019-03-13T02:50:00,2019,3,13,2,50,0.00000000,22.61666667,22.61666667,0.00000000
2019-03-13T03:00:00,2019,3,13,3,0,0.00000000,22.50000000,22.50000000,0.00000000
2019-03-13T03:10:00,2019,3,13,3,10,0.00000000,22.60000000,22.60000000,0.00000000
2019-03-13T03:20:00,2019,3,13,3,20,0.00000000,22.70000000,22.70000000,0.00000000
2019-03-13T03:30:00,2019,3,13,3,30,0.00000000,22.80000000,22.80000000,0.00000000
2019-03-13T03:40:00,2019,3,13,3,40,0.00000000,22.90000000,22.90000000,0.00000000
2019-03-13T03:50:00,2019,3,13,3,50,0.00000000,23.00000000,23.00000000,0.00000000
2019-03-13T04:00:00,2019,3,13,4,0,0.00000000,23.10000000,23.10000000,0.00000000
2019-03-13T04:10:00,2019,3,13,4,10,0.00000000,23.13333333,23.13333333,0.00000000
2019-03-13T04:20:00,2019,3,13,4,20,0.00000000,23.16666667,23.16666667,0.00000000
2019-03-13T04:30:00,2019,3,13,4,30,0.00000000,23.20000000,23.20000000,0.00000000
2019-03-13T04:40:00,2019,3,13,4,40,0.00000000,23.23333333,23.23333333,0.00000000
2019-03-13T04:50:00,2019,3,13,4,50,0.00000000,23.26666667,23.26666667,0.00000000
2019-03-13T05:00:00,2019,3,13,5,0,0.00000000,23.30000000,23.30000000,0.00000000
2019-03-13T05:10:00,2019,3,13,5,10,0.00350000,23.18333333,23.30583333,0.00352728
2019-03-13T05:20:00,2019,3,13,5,20,0.00700000,23.06666667,23.31166667,0.00705436
2019-03-13T05:30:00,2019,3,13,5,30,0.01050000,22.95000000,23.31750000,0.01058126
2019-03-13T05:40:00,2019,3,13,5,40,0.01400000,22.83333333,23.32333333,0.01410798
2019-03-13T05:50:00,2019,3,13,5,50,0.01750000,22.71666667,23.32916667,0.01763450
2019-03-13T06:00:00,2019,3,13,6,0,0.02100000,22.60000000,23.33500000,0.02116084
2019-03-13T06:10:00,2019,3,13,6,10,0.03166667,22.68333333,23.79166667,0.03184268
2019-03-13T06:20:00,2019,3,13,6,20,0.04233333,22.76666667,24.24833333,0.04247971
2019-03-13T06:30:00,2019,3,13,6,30,0.05300000,22.85000000,24.70500000,0.05307192
2019-03-13T06:40:00,2019,3,13,6,40,0.06366667,22.93333333,25.16166667,0.06361932
2019-03-13T06:50:00,2019,3,13,6,50,0.07433333,23.01666667,25.61833333,0.07412190
2019-03-13T07:00:00,2019,3,13,7,0,0.08500000,23.10000000,26.07500000,0.08457968
2019-03-13T07:10:00,2019,3,13,7,10,0.08916667,23.15000000,26.27083333,0.08864541
2019-03-13T07:20:00,2019,3,13,7,20,0.09333333,23.20000000,26.46666667,0.09270364
2019-03-13T07:30:00,2019,3,13,7,30,0.09750000,23.25000000,26.66250000,0.09675437
2019-03-13T07:40:00,2019,3,13,7,40,0.10166667,23.30000000,26.85833333,0.10079759
2019-03-13T07:50:00,2019,3,13,7,50,0.10583333,23.35000000,27.05416667,0.10483330
2019-03-13T08:00:00,2019,3,13,8,0,0.11000000,23.40000000,27.25000000,0.10886150
2019-03-13T08:10:00,2019,3,13,8,10,0.14050000,23.38333333,28.30083333,0.13836667
2019-03-13T08:20:00,2019,3,13,8,20,0.17100000,23.36666667,29.35166667,0.16757698
2019-03-13T08:30:00,2019,3,13,8,30,0.20150000,23.35000000,30.40250000,0.19649242
2019-03-13T08:40:00,2019,3,13,8,40,0.23200000,23.33333333,31.45333333,0.22511300
2019-03-13T08:50:00,2019,3,13,8,50,0.26250000,23.31666667,32.50416667,0.25343872
2019-03-13T09:00:00,2019,3,13,9,0,0.29300000,23.30000000,33.55500000,0.28146957
2019-03-13T09:10:00,2019,3,13,9,10,0.26816667,23.61666667,33.00250000,0.25829505
2019-03-13T09:20:00,2019,3,13,9,20,0.24333333,23.93333333,32.45000000,0.23499430
2019-03-13T09:30:00,2019,3,13,9,30,0.21850000,24.25000000,31.89750000,0.21156732
2019-03-13T09:40:00,2019,3,13,9,40,0.19366667,24.56666667,31.34500000,0.18801412
2019-03-13T09:50:00,2019,3,13,9,50,0.16883333,24.88333333,30.79250000,0.16433468
2019-03-13T10:00:00,2019,3,13,10,0,0.14400000,25.20000000,30.24000000,0.14052902
2019-03-13T10:10:00,2019,3,13,10,10,0.17683333,24.98333333,31.17250000,0.17181242
2019-03-13T10:20:00,2019,3,13,10,20,0.20966667,24.76666667,32.10500000,0.20281413
2019-03-13T10:30:00,2019,3,13,10,30,0.24250000,24.55000000,33.03750000,0.23353417
2019-03-13T10:40:00,2019,3,13,10,40,0.27533333,24.33333333,33.97000000,0.26397253
2019-03-13T10:50:00,2019,3,13,10,50,0.30816667,24.11666667,34.90250000,0.29412921
2019-03-13T11:00:00,2019,3,13,11,0,0.34100000,23.90000000,35.83500000,0.32400422
2019-03-13T11:10:00,2019,3,13,11,10,0.30566667,24.11666667,34.81500000,0.29186612
2019-03-13T11:20:00,2019,3,13,11,20,0.27033333,24.33333333,33.79500000,0.25939646
2019-03-13T11:30:00,2019,3,13,11,30,0.23500000,24.55000000,32.77500000,0.22659522
2019-03-13T11:40:00,2019,3,13,11,40,0.19966667,24.76666667,31.75500000,0.19346242
2019-03-13T11:50:00,2019,3,13,11,50,0.16433333,24.98333333,30.73500000,0.15999806
2019-03-13T12:00:00,2019,3,13,12,0,0.12900000,25.20000000,29.71500000,0.12620212
2019-03-13T12:10:00,2019,3,13,12,10,0.16350000,24.98333333,30.70583333,0.15920864
2019-03-13T12:20:00,2019,3,13,12,20,0.19800000,24.76666667,31.69666667,0.19190068
2019-03-13T12:30:00,2019,3,13,12,30,0.23250000,24.55000000,32.68750000,0.22427822
2019-03-13T12:40:00,2019,3,13,12,40,0.26700000,24.33333333,33.67833333,0.25634127
2019-03-13T12:50:00,2019,3,13,12,50,0.30150000,24.11666667,34.66916667,0.28808983
2019-03-13T13:00:00,2019,3,13,13,0,0.33600000,23.90000000,35.66000000,0.31952390
2019-03-13T13:10:00,2019,3,13,13,10,0.31983333,24.08333333,35.27750000,0.30471273
2019-03-13T13:20:00,2019,3,13,13,20,0.30366667,24.26666667,34.89500000,0.28984467
2019-03-13T13:30:00,2019,3,13,13,30,0.28750000,24.45000000,34.51250000,0.27491972
2019-03-13T13:40:00,2019,3,13,13,40,0.27133333,24.63333333,34.13000000,0.25993788
2019-03-13T13:50:00,2019,3,13,13,50,0.25516667,24.81666667,33.74750000,0.24489914
2019-03-13T14:00:00,2019,3,13,14,0,0.23900000,25.00000000,33.36500000,0.22980352
2019-03-13T14:10:00,2019,3,13,14,10,0.20166667,24.98333333,32.04166667,0.19513435
2019-03-13T14:20:00,2019,3,13,14,20,0.16433333,24.96666667,30.71833333,0.16001065
2019-03-13T14:30:00,2019,3,13,14,30,0.12700000,24.95000000,29.39500000,0.12443244
2019-03-13T14:40:00,2019,3,13,14,40,0.08966667,24.93333333,28.07166667,0.08839971
2019-03-13T14:50:00,2019,3,13,14,50,0.05233333,24.91666667,26.74833333,0.05191245
2019-03-13T15:00:00,2019,3,13,15,0,0.01500000,24.90000000,25.42500000,0.01497067
2019-03-13T15:10:00,2019,3,13,15,10,0.01516667,24.56666667,25.09750000,0.01515986
2019-03-13T15:20:00,2019,3,13,15,20,0.01533333,24.23333333,24.77000000,0.01534956
2019-03-13T15:30:00,2019,3,13,15,30,0.01550000,23.90000000,24.44250000,0.01553975
2019-03-13T15:40:00,2019,3,13,15,40,0.01566667,23.56666667,24.11500000,0.01573045
2019-03-13T15:50:00,2019,3,13,15,50,0.01583333,23.23333333,23.78750000,0.01592164
2019-03-13T16:00:00,2019,3,13,16,0,0.01600000,22.90000000,23.46000000,0.01611334
2019-03-13T16:10:00,2019,3,13,16,10,0.01933333,22.83333333,23.51000000,0.01946584
2019-03-13T16:20:00,2019,3,13,16,20,0.02266667,22.76666667,23.56000000,0.02281681
2019-03-13T16:30:00,2019,3,13,16,30,0.02600000,22.70000000,23.61000000,0.02616624
2019-03-13T16:40:00,2019,3,13,16,40,0.02933333,22.63333333,23.66000000,0.02951414
2019-03-13T16:50:00,2019,3,13,16,50,0.03266667,22.56666667,23.71000000,0.03286051
2019-03-13T17:00:00,2019,3,13,17,0,0.03600000,22.50000000,23.76000000,0.03620534
2019-03-13T17:10:00,2019,3,13,17,10,0.03000000,22.55000000,23.60000000,0.03019320
2019-03-13T17:20:00,2019,3,13,17,20,0.02400000,22.60000000,23.44000000,0.02417222
2019-03-13T17:30:00,2019,3,13,17,30,0.01800000,22.65000000,23.28000000,0.01814242
2019-03-13T17:40:00,2019,3,13,17,40,0.01200000,22.70000000,23.12000000,0.01210378
2019-03-13T17:50:00,2019,3,13,17,50,0.00600000,22.75000000,22.96000000,0.00605630
2019-03-13T18:00:00,2019,3,13,18,0,0.00000000,22.80000000,22.80000000,0.00000000
2019-03-13T18:10:00,2019,3,13,18,10,0.00000000,22.78333333,22.78333333,0.00000000
2019-03-13T18:20:00,2019,3,13,18,20,0.00000000,22.76666667,22.76666667,0.00000000
2019-03-13T18:30:00,2019,3,13,18,30,0.00000000,22.75000000,22.75000000,0.00000000
2019-03-13T18:40:00,2019,3,13,18,40,0.00000000,22.73333333,22.73333333,0.00000000
2019-03-13T18:50:00,2019,3,13,18,50,0.00000000,22.71666667,22.71666667,0.00000000
2019-03-13T19:00:00,2019,3,13,19,0,0.00000000,22.70000000,22.70000000,0.00000000
2019-03-13T19:10:00,2019,3,13,19,10,0.00000000,22.71666667,22.71666667,0.00000000
2019-03-13T19:20:00,2019,3,13,19,20,0.00000000,22.73333333,22.73333333,0.00000000
2019-03-13T19:30:00,2019,3,13,19,30,0.00000000,22.75000000,22.75000000,0.00000000
2019-03-13T19:40:00,2019,3,13,19,40,0.00000000,22.76666667,22.76666667,0.00000000
2019-03-13T19:50:00,2019,3,13,19,50,0.00000000,22.78333333,22.78333333,0.00000000
2019-03-13T20:00:00,2019,3,13,20,0,0.00000000,22.80000000,22.80000000,0.00000000
2019-03-13T20:10:00,2019,3,13,20,10,0.00000000,22.70000000,22.70000000,0.00000000
2019-03-13T20:20:00,2019,3,13,20,20,0.00000000,22.60000000,22.60000000,0.00000000
2019-03-13T20:30:00,2019,3,13,20,30,0.00000000,22.50000000,22.50000000,0.00000000
2019-03-13T20:40:00,2019,3,13,20,40,0.00000000,22.40000000,22.40000000,0.00000000
2019-03-13T20:50:00,2019,3,13,20,50,0.00000000,22.30000000,22.30000000,0.00000000
2019-03-13T21:00:00,2019,3,13,21,0,0.00000000,22.20000000,22.20000000,0.00000000
2019-03-13T21:10:00,2019,3,13,21,10,0.00000000,22.30000000,22.30000000,0.00000000
2019-03-13T21:20:00,2019,3,13,21,20,0.00000000,22.40000000,22.40000000,0.00000000
2019-03-13T21:30:00,2019,3,13,21,30,0.00000000,22.50000000,22.50000000,0.00000000
2019-03-13T21:40:00,2019,3,13,21,40,0.00000000,22.60000000,22.60000000,0.00000000
2019-03-13T21:50:00,2019,3,13,21,50,0.00000000,22.70000000,22.70000000,0.00000000
2019-03-13T22:00:00,2019,3,13,22,0,0.00000000,22.80000000,22.80000000,0.00000000
2019-03-13T22:10:00,2019,3,13,22,10,0.00000000,22.76666667,22.76666667,0.00000000
2019-03-13T22:20:00,2019,3,13,22,20,0.00000000,22.73333333,22.73333333,0.00000000
2019-03-13T22:30:00,2019,3,13,22,30,0.00000000,22.70000000,22.70000000,0.00000000
2019-03-13T22:40:00,2019,3,13,22,40,0.00000000,22.66666667,22.66666667,0.00000000
2019-03-13T22:50:00,2019,3,13,22,50,0.00000000,22.63333333,22.63333333,0.00000000
2019-03-13T23:00:00,2019,3,13,23,0,0.00000000,22.60000000,22.60000000,0.00000000
2019-03-13T23:10:00,2019,3,13,23,10,0.00000000,22.26666667,22.26666667,0.00000000
2019-03-13T23:20:00,2019,3,13,23,20,0.00000000,21.93333333,21.93333333,0.00000000
2019-03-13T23:30:00,2019,3,13,23,30,0.00000000,21.60000000,21.60000000,0.00000000
2019-03-13T23:40:00,2019,3,13,23,40,0.00000000,21.26666667,21.26666667,0.00000000
2019-03-13T23:50:00,2019,3,13,23,50,0.00000000,20.93333333,20.93333333,0.00000000
2019-03-14T00:00:00,2019,3,14,0,0,0.00000000,20.60000000,20.60000000,0.00000000
2019-03-14T00:10:00,2019,3,14,0,10,0.00000000,20.55000000,20.55000000,0.00000000
2019-03-14T00:20:00,2019,3,14,0,20,0.00000000,20.50000000,20.50000000,0.00000000
2019-03-14T00:30:00,2019,3,14,0,30,0.00000000,20.45000000,20.45000000,0.00000000
2019-03-14T00:40:00,2019,3,14,0,40,0.00000000,20.40000000,20.40000000,0.00000000
2019-03-14T00:50:00,2019,3,14,0,50,0.00000000,20.35000000,20.35000000,0.00000000
2019-03-14T01:00:00,2019,3,14,1,0,0.00000000,20.30000000,20.30000000,0.00000000
2019-03-14T01:10:00,2019,3,14,1,10,0.00000000,20.26666667,20.26666667,0.00000000
2019-03-14T01:20:00,2019,3,14,1,20,0.00000000,20.23333333,20.23333333,0.00000000
2019-03-14T01:30:00,2019,3,14,1,30,0.00000000,20.20000000,20.20000000,0.00000000
2019-03-14T01:40:00,2019,3,14,1,40,0.00000000,20.16666667,20.16666667,0.00000000
2019-03-14T01:50:00,2019,3,14,1,50,0.00000000,20.13333333,20.13333333,0.00000000
2019-03-14T02:00:00,2019,3,14,2,0,0.00000000,20.10000000,20.10000000,0.00000000
2019-03-14T02:10:00,2019,3,14,2,10,0.00000000,20.08333333,20.08333333,0.00000000
2019-03-14T02:20:00,2019,3,14,2,20,0.00000000,20.06666667,20.06666667,0.00000000
2019-03-14T02:30:00,2019,3,14,2,30,0.00000000,20.05000000,20.05000000,0.00000000
2019-03-14T02:40:00,2019,3,14,2,40,0.00000000,20.03333333,20.03333333,0.00000000
2019-03-14T02:50:00,2019,3,14,2,50,0.00000000,20.01666667,20.01666667,0.00000000
2019-03-14T03:00:00,2019,3,14,3,0,0.00000000,20.00000000,20.00000000,0.00000000
2019-03-14T03:10:00,2019,3,14,3,10,0.00000000,19.91666667,19.91666667,0.00000000
2019-03-14T03:20:00,2019,3,14,3,20,0.00000000,19.83333333,19.83333333,0.00000000
2019-03-14T03:30:00,2019,3,14,3,30,0.00000000,19.75000000,19.75000000,0.00000000
2019-03-14T03:40:00,2019,3,14,3,40,0.00000000,19.66666667,19.66666667,0.00000000
2019-03-14T03:50:00,2019,3,14,3,50,0.00000000,19.58333333,19.58333333,0.00000000
2019-03-14T04:00:00,2019,3,14,4,0,0.00000000,19.50000000,19.50000000,0.00000000
2019-03-14T04:10:00,2019,3,14,4,10,0.00000000,19.50000000,19.50000000,0.00000000
2019-03-14T04:20:00,2019,3,14,4,20,0.00000000,19.50000000,19.50000000,0.00000000
2019-03-14T04:30:00,2019,3,14,4,30,0.00000000,19.50000000,19.50000000,0.00000000
2019-03-14T04:40:00,2019,3,14,4,40,0.00000000,19.50000000,19.50000000,0.00000000
2019-03-14T04:50:00,2019,3,14,4,50,0.00000000,19.50000000,19.50000000,0.00000000
2019-03-14T05:00:00,2019,3,14,5,0,0.00000000,19.50000000,19.50000000,0.00000000
2019-03-14T05:10:00,2019,3,14,5,10,0.00983333,19.55000000,19.89416667,0.01006429
2019-03-14T05:20:00,2019,3,14,5,20,0.01966667,19.60000000,20.28833333,0.02009292
2019-03-14T05:30:00,2019,3,14,5,30,0.02950000,19.65000000,20.68250000,0.03008588
2019-03-14T05:40:00,2019,3,14,5,40,0.03933333,19.70000000,21.07666667,0.04004320
2019-03-14T05:50:00,2019,3,14,5,50,0.04916667,19.75000000,21.47083333,0.04996485
2019-03-14T06:00:00,2019,3,14,6,0,0.05900000,19.80000000,21.86500000,0.05985084
2019-03-14T06:10:00,2019,3,14,6,10,0.10316667,20.03333333,23.64416667,0.10381010
2019-03-14T06:20:00,2019,3,14,6,20,0.14733333,20.26666667,25.42333333,0.14704643
2019-03-14T06:30:00,2019,3,14,6,30,0.19150000,20.50000000,27.20250000,0.18955982
2019-03-14T06:40:00,2019,3,14,6,40,0.23566667,20.73333333,28.98166667,0.23135027
2019-03-14T06:50:00,2019,3,14,6,50,0.27983333,20.96666667,30.76083333,0.27241780
2019-03-14T07:00:00,2019,3,14,7,0,0.32400000,21.20000000,32.54000000,0.31276238
2019-03-14T07:10:00,2019,3,14,7,10,0.32000000,21.60000000,32.80000000,0.30851840
2019-03-14T07:20:00,2019,3,14,7,20,0.31600000,22.00000000,33.06000000,0.30428398
2019-03-14T07:30:00,2019,3,14,7,30,0.31200000,22.40000000,33.32000000,0.30005914
2019-03-14T07:40:00,2019,3,14,7,40,0.30800000,22.80000000,33.58000000,0.29584386
2019-03-14T07:50:00,2019,3,14,7,50,0.30400000,23.20000000,33.84000000,0.29163814
2019-03-14T08:00:00,2019,3,14,8,0,0.30000000,23.60000000,34.10000000,0.28744200
2019-03-14T08:10:00,2019,3,14,8,10,0.37166667,23.71666667,36.72500000,0.35162082
2019-03-14T08:20:00,2019,3,14,8,20,0.44333333,23.83333333,39.35000000,0.41406890
2019-03-14T08:30:00,2019,3,14,8,30,0.51500000,23.95000000,41.97500000,0.47478623
2019-03-14T08:40:00,2019,3,14,8,40,0.58666667,24.06666667,44.60000000,0.53377280
2019-03-14T08:50:00,2019,3,14,8,50,0.65833333,24.18333333,47.22500000,0.59102862
2019-03-14T09:00:00,2019,3,14,9,0,0.73000000,24.30000000,49.85000000,0.64655370
2019-03-14T09:10:00,2019,3,14,9,10,0.73650000,24.63333333,50.41083333,0.65041064
2019-03-14T09:20:00,2019,3,14,9,20,0.74300000,24.96666667,50.97166667,0.65423404
2019-03-14T09:30:00,2019,3,14,9,30,0.74950000,25.30000000,51.53250000,0.65802390
2019-03-14T09:40:00,2019,3,14,9,40,0.75600000,25.63333333,52.09333333,0.66178022
2019-03-14T09:50:00,2019,3,14,9,50,0.76250000,25.96666667,52.65416667,0.66550301
2019-03-14T10:00:00,2019,3,14,10,0,0.76900000,26.30000000,53.21500000,0.66919226
2019-03-14T10:10:00,2019,3,14,10,10,0.74033333,26.55000000,52.46166667,0.64681171
2019-03-14T10:20:00,2019,3,14,10,20,0.71166667,26.80000000,51.70833333,0.62423249
2019-03-14T10:30:00,2019,3,14,10,30,0.68300000,27.05000000,50.95500000,0.60145458
2019-03-14T10:40:00,2019,3,14,10,40,0.65433333,27.30000000,50.20166667,0.57847800
2019-03-14T10:50:00,2019,3,14,10,50,0.62566667,27.55000000,49.44833333,0.55530273
2019-03-14T11:00:00,2019,3,14,11,0,0.59700000,27.80000000,48.69500000,0.53192879
2019-03-14T11:10:00,2019,3,14,11,10,0.65866667,27.75000000,50.80333333,0.58048601
2019-03-14T11:20:00,2019,3,14,11,20,0.72033333,27.70000000,52.91166667,0.62784710
2019-03-14T11:30:00,2019,3,14,11,30,0.78200000,27.65000000,55.02000000,0.67401206
2019-03-14T11:40:00,2019,3,14,11,40,0.84366667,27.60000000,57.12833333,0.71898089
2019-03-14T11:50:00,2019,3,14,11,50,0.90533333,27.55000000,59.23666667,0.76275359
2019-03-14T12:00:00,2019,3,14,12,0,0.96700000,27.50000000,61.34500000,0.80533017
2019-03-14T12:10:00,2019,3,14,12,10,0.91500000,27.85000000,59.87500000,0.76821112
2019-03-14T12:20:00,2019,3,14,12,20,0.86300000,28.20000000,58.40500000,0.73038883
2019-03-14T12:30:00,2019,3,14,12,30,0.81100000,28.55000000,56.93500000,0.69186329
2019-03-14T12:40:00,2019,3,14,12,40,0.75900000,28.90000000,55.46500000,0.65263450
2019-03-14T12:50:00,2019,3,14,12,50,0.70700000,29.25000000,53.99500000,0.61270246
2019-03-14T13:00:00,2019,3,14,13,0,0.65500000,29.60000000,52.52500000,0.57206718
2019-03-14T13:10:00,2019,3,14,13,10,0.67666667,29.31666667,53.00000000,0.58951200
2019-03-14T13:20:00,2019,3,14,13,20,0.69833333,29.03333333,53.47500000,0.60686214
2019-03-14T13:30:00,2019,3,14,13,30,0.72000000,28.75000000,53.95000000,0.62411760
2019-03-14T13:40:00,2019,3,14,13,40,0.74166667,28.46666667,54.42500000,0.64127838
2019-03-14T13:50:00,2019,3,14,13,50,0.76333333,28.18333333,54.90000000,0.65834447
2019-03-14T14:00:00,2019,3,14,14,0,0.78500000,27.90000000,55.37500000,0.67531588
2019-03-14T14:10:00,2019,3,14,14,10,0.72966667,27.95000000,53.48833333,0.63404653
2019-03-14T14:20:00,2019,3,14,14,20,0.67433333,28.00000000,51.60166667,0.59181674
2019-03-14T14:30:00,2019,3,14,14,30,0.61900000,28.05000000,49.71500000,0.54862651
2019-03-14T14:40:00,2019,3,14,14,40,0.56366667,28.10000000,47.82833333,0.50447584
2019-03-14T14:50:00,2019,3,14,14,50,0.50833333,28.15000000,45.94166667,0.45936474
2019-03-14T15:00:00,2019,3,14,15,0,0.45300000,28.20000000,44.05500000,0.41329319
2019-03-14T15:10:00,2019,3,14,15,10,0.40583333,27.96666667,42.17083333,0.37377825
2019-03-14T15:20:00,2019,3,14,15,20,0.35866667,27.73333333,40.28666667,0.33344570
2019-03-14T15:30:00,2019,3,14,15,30,0.31150000,27.50000000,38.40250000,0.29229556
2019-03-14T15:40:00,2019,3,14,15,40,0.26433333,27.26666667,36.51833333,0.25032781
2019-03-14T15:50:00,2019,3,14,15,50,0.21716667,27.03333333,34.63416667,0.20754246
2019-03-14T16:00:00,2019,3,14,16,0,0.17000000,26.80000000,32.75000000,0.16393950
2019-03-14T16:10:00,2019,3,14,16,10,0.15100000,26.51666667,31.80166667,0.14627556
2019-03-14T16:20:00,2019,3,14,16,20,0.13200000,26.23333333,30.85333333,0.12844586
2019-03-14T16:30:00,2019,3,14,16,30,0.11300000,25.95000000,29.90500000,0.11045038
2019-03-14T16:40:00,2019,3,14,16,40,0.09400000,25.66666667,28.95666667,0.09228914
2019-03-14T16:50:00,2019,3,14,16,50,0.07500000,25.38333333,28.00833333,0.07396213
2019-03-14T17:00:00,2019,3,14,17,0,0.05600000,25.10000000,27.06000000,0.05546934
2019-03-14T17:10:00,2019,3,14,17,10,0.04666667,24.93333333,26.56666667,0.04633036
2019-03-14T17:20:00,2019,3,14,17,20,0.03733333,24.76666667,26.07333333,0.03714901
2019-03-14T17:30:00,2019,3,14,17,30,0.02800000,24.60000000,25.58000000,0.02792530
2019-03-14T17:40:00,2019,3,14,17,40,0.01866667,24.43333333,25.08666667,0.01865922
2019-03-14T17:50:00,2019,3,14,17,50,0.00933333,24.26666667,24.59333333,0.00935079
2019-03-14T18:00:00,2019,3,14,18,0,0.00000000,24.10000000,24.10000000,0.00000000
2019-03-14T18:10:00,2019,3,14,18,10,0.00000000,24.08333333,24.08333333,0.00000000
2019-03-14T18:20:00,2019,3,14,18,20,0.00000000,24.06666667,24.06666667,0.00000000
2019-03-14T18:30:00,2019,3,14,18,30,0.00000000,24.05000000,24.05000000,0.00000000
2019-03-14T18:40:00,2019,3,14,18,40,0.00000000,24.03333333,24.03333333,0.00000000
2019-03-14T18:50:00,2019,3,14,18,50,0.00000000,24.01666667,24.01666667,0.00000000
2019-03-14T19:00:00,2019,3,14,19,0,0.00000000,24.00000000,24.00000000,0.00000000
2019-03-14T19:10:00,2019,3,14,19,10,0.00000000,23.91666667,23.91666667,0.00000000
2019-03-14T19:20:00,2019,3,14,19,20,0.00000000,23.83333333,23.83333333,0.00000000
2019-03-14T19:30:00,2019,3,14,19,30,0.00000000,23.75000000,23.75000000,0.00000000
2019-03-14T19:40:00,2019,3,14,19,40,0.00000000,23.66666667,23.66666667,0.00000000
2019-03-14T19:50:00,2019,3,14,19,50,0.00000000,23.58333333,23.58333333,0.00000000
2019-03-14T20:00:00,2019,3,14,20,0,0.00000000,23.50000000,23.50000000,0.00000000
2019-03-14T20:10:00,2019,3,14,20,10,0.00000000,23.40000000,23.40000000,0.00000000
2019-03-14T20:20:00,2019,3,14,20,20,0.00000000,23.30000000,23.30000000,0.00000000
2019-03-14T20:30:00,2019,3,14,20,30,0.00000000,23.20000000,23.20000000,0.00000000
2019-03-14T20:40:00,2019,3,14,20,40,0.00000000,23.10000000,23.10000000,0.00000000
2019-03-14T20:50:00,2019,3,14,20,50,0.00000000,23.00000000,23.00000000,0.00000000
2019-03-14T21:00:00,2019,3,14,21,0,0.00000000,22.90000000,22.90000000,0.00000000
2019-03-14T21:10:00,2019,3,14,21,10,0.00000000,22.90000000,22.90000000,0.00000000
2019-03-14T21:20:00,2019,3,14,21,20,0.00000000,22.90000000,22.90000000,0.00000000
2019-03-14T21:30:00,2019,3,14,21,30,0.00000000,22.90000000,22.90000000,0.00000000
2019-03-14T21:40:00,2019,3,14,21,40,0.00000000,22.90000000,22.90000000,0.00000000
2019-03-14T21:50:00,2019,3,14,21,50,0.00000000,22.90000000,22.90000000,0.00000000
2019-03-14T22:00:00,2019,3,14,22,0,0.00000000,22.90000000,22.90000000,0.00000000
2019-03-14T22:10:00,2019,3,14,22,10,0.00000000,22.71666667,22.71666667,0.00000000
2019-03-14T22:20:00,2019,3,14,22,20,0.00000000,22.53333333,22.53333333,0.00000000
2019-03-14T22:30:00,2019,3,14,22,30,0.00000000,22.35000000,22.35000000,0.00000000
2019-03-14T22:40:00,2019,3,14,22,40,0.00000000,22.16666667,22.16666667,0.00000000
2019-03-14T22:50:00,2019,3,14,22,50,0.00000000,21.98333333,21.98333333,0.00000000
2019-03-14T23:00:00,2019,3,14,23,0,0.00000000,21.80000000,21.80000000,0.00000000
2019-03-14T23:10:00,2019,3,14,23,10,0.00000000,22.23333333,22.23333333,0.00000000
2019-03-14T23:20:00,2019,3,14,23,20,0.00000000,22.66666667,22.66666667,0.00000000
2019-03-14T23:30:00,2019,3,14,23,30,0.00000000,23.10000000,23.10000000,0.00000000
2019-03-14T23:40:00,2019,3,14,23,40,0.00000000,23.53333333,23.53333333,0.00000000
2019-03-14T23:50:00,2019,3,14,23,50,0.00000000,23.96666667,23.96666667,0.00000000
2019-03-15T00:00:00,2019,3,15,0,0,0.00000000,24.40000000,24.40000000,0.00000000
2019-03-15T00:10:00,2019,3,15,0,10,0.00000000,24.40000000,24.40000000,0.00000000
2019-03-15T00:20:00,2019,3,15,0,20,0.00000000,24.40000000,24.40000000,0.00000000
2019-03-15T00:30:00,2019,3,15,0,30,0.00000000,24.40000000,24.40000000,0.00000000
2019-03-15T00:40:00,2019,3,15,0,40,0.00000000,24.40000000,24.40000000,0.00000000
2019-03-15T00:50:00,2019,3,15,0,50,0.00000000,24.40000000,24.40000000,0.00000000
2019-03-15T01:00:00,2019,3,15,1,0,0.00000000,24.40000000,24.40000000,0.00000000
2019-03-15T01:10:00,2019,3,15,1,10,0.00000000,24.28333333,24.28333333,0.00000000
2019-03-15T01:20:00,2019,3,15,1,20,0.00000000,24.16666667,24.16666667,0.00000000
2019-03-15T01:30:00,2019,3,15,1,30,0.00000000,24.05000000,24.05000000,0.00000000
2019-03-15T01:40:00,2019,3,15,1,40,0.00000000,23.93333333,23.93333333,0.00000000
2019-03-15T01:50:00,2019,3,15,1,50,0.00000000,23.81666667,23.81666667,0.00000000
2019-03-15T02:00:00,2019,3,15,2,0,0.00000000,23.70000000,23.70000000,0.00000000
2019-03-15T02:10:00,2019,3,15,2,10,0.00000000,23.66666667,23.66666667,0.00000000
2019-03-15T02:20:00,2019,3,15,2,20,0.00000000,23.63333333,23.63333333,0.00000000
2019-03-15T02:30:00,2019,3,15,2,30,0.00000000,23.60000000,23.60000000,0.00000000
2019-03-15T02:40:00,2019,3,15,2,40,0.00000000,23.56666667,23.56666667,0.00000000
2019-03-15T02:50:00,2019,3,15,2,50,0.00000000,23.53333333,23.53333333,0.00000000
2019-03-15T03:00:00,2019,3,15,3,0,0.00000000,23.50000000,23.50000000,0.00000000
2019-03-15T03:10:00,2019,3,15,3,10,0.00000000,23.63333333,23.63333333,0.00000000
2019-03-15T03:20:00,2019,3,15,3,20,0.00000000,23.76666667,23.76666667,0.00000000
2019-03-15T03:30:00,2019,3,15,3,30,0.00000000,23.90000000,23.90000000,0.00000000
2019-03-15T03:40:00,2019,3,15,3,40,0.00000000,24.03333333,24.03333333,0.00000000
2019-03-15T03:50:00,2019,3,15,3,50,0.00000000,24.16666667,24.16666667,0.00000000
2019-03-15T04:00:00,2019,3,15,4,0,0.00000000,24.30000000,24.30000000,0.00000000
2019-03-15T04:10:00,2019,3,15,4,10,0.00000000,24.26666667,24.26666667,0.00000000
2019-03-15T04:20:00,2019,3,15,4,20,0.00000000,24.23333333,24.23333333,0.00000000
2019-03-15T04:30:00,2019,3,15,4,30,0.00000000,24.20000000,24.20000000,0.00000000
2019-03-15T04:40:00,2019,3,15,4,40,0.00000000,24.16666667,24.16666667,0.00000000
2019-03-15T04:50:00,2019,3,15,4,50,0.00000000,24.13333333,24.13333333,0.00000000
2019-03-15T05:00:00,2019,3,15,5,0,0.00000000,24.10000000,24.10000000,0.00000000
2019-03-15T05:10:00,2019,3,15,5,10,0.00416667,24.01666667,24.16250000,0.00418272
2019-03-15T05:20:00,2019,3,15,5,20,0.00833333,23.93333333,24.22500000,0.00836304
2019-03-15T05:30:00,2019,3,15,5,30,0.01250000,23.85000000,24.28750000,0.01254097
2019-03-15T05:40:00,2019,3,15,5,40,0.01666667,23.76666667,24.35000000,0.01671650
2019-03-15T05:50:00,2019,3,15,5,50,0.02083333,23.68333333,24.41250000,0.02088964
2019-03-15T06:00:00,2019,3,15,6,0,0.02500000,23.60000000,24.47500000,0.02506038
2019-03-15T06:10:00,2019,3,15,6,10,0.04200000,23.66666667,25.13666667,0.04197360
2019-03-15T06:20:00,2019,3,15,6,20,0.05900000,23.73333333,25.79833333,0.05878333
2019-03-15T06:30:00,2019,3,15,6,30,0.07600000,23.80000000,26.46000000,0.07548958
2019-03-15T06:40:00,2019,3,15,6,40,0.09300000,23.86666667,27.12166667,0.09209235
2019-03-15T06:50:00,2019,3,15,6,50,0.11000000,23.93333333,27.78333333,0.10859163
2019-03-15T07:00:00,2019,3,15,7,0,0.12700000,24.00000000,28.44500000,0.12498743
2019-03-15T07:10:00,2019,3,15,7,10,0.13550000,24.20000000,28.94250000,0.13304264
2019-03-15T07:20:00,2019,3,15,7,20,0.14400000,24.40000000,29.44000000,0.14105894
2019-03-15T07:30:00,2019,3,15,7,30,0.15250000,24.60000000,29.93750000,0.14903634
2019-03-15T07:40:00,2019,3,15,7,40,0.16100000,24.80000000,30.43500000,0.15697484
2019-03-15T07:50:00,2019,3,15,7,50,0.16950000,25.00000000,30.93250000,0.16487443
2019-03-15T08:00:00,2019,3,15,8,0,0.17800000,25.20000000,31.43000000,0.17273512
2019-03-15T08:10:00,2019,3,15,8,10,0.17500000,25.21666667,31.34166667,0.16989496
2019-03-15T08:20:00,2019,3,15,8,20,0.17200000,25.23333333,31.25333333,0.16705236
2019-03-15T08:30:00,2019,3,15,8,30,0.16900000,25.25000000,31.16500000,0.16420733
2019-03-15T08:40:00,2019,3,15,8,40,0.16600000,25.26666667,31.07666667,0.16135986
2019-03-15T08:50:00,2019,3,15,8,50,0.16300000,25.28333333,30.98833333,0.15850995
2019-03-15T09:00:00,2019,3,15,9,0,0.16000000,25.30000000,30.90000000,0.15565760
2019-03-15T09:10:00,2019,3,15,9,10,0.14216667,25.36666667,30.34250000,0.13867285
2019-03-15T09:20:00,2019,3,15,9,20,0.12433333,25.43333333,29.78500000,0.12159663
2019-03-15T09:30:00,2019,3,15,9,30,0.10650000,25.50000000,29.22750000,0.10442895
2019-03-15T09:40:00,2019,3,15,9,40,0.08866667,25.56666667,28.67000000,0.08716980
2019-03-15T09:50:00,2019,3,15,9,50,0.07083333,25.63333333,28.11250000,0.06981918
2019-03-15T10:00:00,2019,3,15,10,0,0.05300000,25.70000000,27.55500000,0.05237709
2019-03-15T10:10:00,2019,3,15,10,10,0.10850000,25.45000000,29.24750000,0.10638007
2019-03-15T10:20:00,2019,3,15,10,20,0.16400000,25.20000000,30.94000000,0.15951886
2019-03-15T10:30:00,2019,3,15,10,30,0.21950000,24.95000000,32.63250000,0.21179346
2019-03-15T10:40:00,2019,3,15,10,40,0.27500000,24.70000000,34.32500000,0.26320388
2019-03-15T10:50:00,2019,3,15,10,50,0.33050000,24.45000000,36.01750000,0.31375009
2019-03-15T11:00:00,2019,3,15,11,0,0.38600000,24.20000000,37.71000000,0.36343212
2019-03-15T11:10:00,2019,3,15,11,10,0.37133333,24.78333333,37.78000000,0.34950339
2019-03-15T11:20:00,2019,3,15,11,20,0.35666667,25.36666667,37.85000000,0.33558410
2019-03-15T11:30:00,2019,3,15,11,30,0.34200000,25.95000000,37.92000000,0.32167426
2019-03-15T11:40:00,2019,3,15,11,40,0.32733333,26.53333333,37.99000000,0.30777386
2019-03-15T11:50:00,2019,3,15,11,50,0.31266667,27.11666667,38.06000000,0.29388290
2019-03-15T12:00:00,2019,3,15,12,0,0.29800000,27.70000000,38.13000000,0.28000140
2019-03-15T12:10:00,2019,3,15,12,10,0.30866667,27.58333333,38.38666667,0.28965938
2019-03-15T12:20:00,2019,3,15,12,20,0.31933333,27.46666667,38.64333333,0.29929219
2019-03-15T12:30:00,2019,3,15,12,30,0.33000000,27.35000000,38.90000000,0.30889980
2019-03-15T12:40:00,2019,3,15,12,40,0.34066667,27.23333333,39.15666667,0.31848223
2019-03-15T12:50:00,2019,3,15,12,50,0.35133333,27.11666667,39.41333333,0.32803946
2019-03-15T13:00:00,2019,3,15,13,0,0.36200000,27.00000000,39.67000000,0.33757152
2019-03-15T13:10:00,2019,3,15,13,10,0.31283333,27.05000000,37.99916667,0.29412710
2019-03-15T13:20:00,2019,3,15,13,20,0.26366667,27.10000000,36.32833333,0.24992691
2019-03-15T13:30:00,2019,3,15,13,30,0.21450000,27.15000000,34.65750000,0.20497094
2019-03-15T13:40:00,2019,3,15,13,40,0.16533333,27.20000000,32.98666667,0.15925921
2019-03-15T13:50:00,2019,3,15,13,50,0.11616667,27.25000000,31.31583333,0.11279170
2019-03-15T14:00:00,2019,3,15,14,0,0.06700000,27.30000000,29.64500000,0.06556841
2019-03-15T14:10:00,2019,3,15,14,10,0.07150000,26.95000000,29.45250000,0.07003557
2019-03-15T14:20:00,2019,3,15,14,20,0.07600000,26.60000000,29.26000000,0.07451070
2019-03-15T14:30:00,2019,3,15,14,30,0.08050000,26.25000000,29.06750000,0.07899380
2019-03-15T14:40:00,2019,3,15,14,40,0.08500000,25.90000000,28.87500000,0.08348488
2019-03-15T14:50:00,2019,3,15,14,50,0.08950000,25.55000000,28.68250000,0.08798391
2019-03-15T15:00:00,2019,3,15,15,0,0.09400000,25.20000000,28.49000000,0.09249092
2019-03-15T15:10:00,2019,3,15,15,10,0.07916667,25.16666667,27.93750000,0.07809693
2019-03-15T15:20:00,2019,3,15,15,20,0.06433333,25.13333333,27.38500000,0.06362753
2019-03-15T15:30:00,2019,3,15,15,30,0.04950000,25.10000000,26.83250000,0.04908274
2019-03-15T15:40:00,2019,3,15,15,40,0.03466667,25.06666667,26.28000000,0.03446255
2019-03-15T15:50:00,2019,3,15,15,50,0.01983333,25.03333333,25.72750000,0.01976696
2019-03-15T16:00:00,2019,3,15,16,0,0.00500000,25.00000000,25.17500000,0.00499597
2019-03-15T16:10:00,2019,3,15,16,10,0.00666667,24.81666667,25.05000000,0.00666513
2019-03-15T16:20:00,2019,3,15,16,20,0.00833333,24.63333333,24.92500000,0.00833621
2019-03-15T16:30:00,2019,3,15,16,30,0.01000000,24.45000000,24.80000000,0.01000920
2019-03-15T16:40:00,2019,3,15,16,40,0.01166667,24.26666667,24.67500000,0.01168411
2019-03-15T16:50:00,2019,3,15,16,50,0.01333333,24.08333333,24.55000000,0.01336093
2019-03-15T17:00:00,2019,3,15,17,0,0.01500000,23.90000000,24.42500000,0.01503967
2019-03-15T17:10:00,2019,3,15,17,10,0.01250000,23.88333333,24.32083333,0.01253905
2019-03-15T17:20:00,2019,3,15,17,20,0.01000000,23.86666667,24.21666667,0.01003603
2019-03-15T17:30:00,2019,3,15,17,30,0.00750000,23.85000000,24.11250000,0.00753062
2019-03-15T17:40:00,2019,3,15,17,40,0.00500000,23.83333333,24.00833333,0.00502281
2019-03-15T17:50:00,2019,3,15,17,50,0.00250000,23.81666667,23.90416667,0.00251260
2019-03-15T18:00:00,2019,3,15,18,0,0.00000000,23.80000000,23.80000000,0.00000000
2019-03-15T18:10:00,2019,3,15,18,10,0.00000000,23.76666667,23.76666667,0.00000000
2019-03-15T18:20:00,2019,3,15,18,20,0.00000000,23.73333333,23.73333333,0.00000000
2019-03-15T18:30:00,2019,3,15,18,30,0.00000000,23.70000000,23.70000000,0.00000000
2019-03-15T18:40:00,2019,3,15,18,40,0.00000000,23.66666667,23.66666667,0.00000000
2019-03-15T18:50:00,2019,3,15,18,50,0.00000000,23.63333333,23.63333333,0.00000000
2019-03-15T19:00:00,2019,3,15,19,0,0.00000000,23.60000000,23.60000000,0.00000000
2019-03-15T19:10:00,2019,3,15,19,10,0.00000000,23.60000000,23.60000000,0.00000000
2019-03-15T19:20:00,2019,3,15,19,20,0.00000000,23.60000000,23.60000000,0.00000000
2019-03-15T19:30:00,2019,3,15,19,30,0.00000000,23.60000000,23.60000000,0.00000000
2019-03-15T19:40:00,2019,3,15,19,40,0.00000000,23.60000000,23.60000000,0.00000000
2019-03-15T19:50:00,2019,3,15,19,50,0.00000000,23.60000000,23.60000000,0.00000000
2019-03-15T20:00:00,2019,3,15,20,0,0.00000000,23.60000000,23.60000000,0.00000000
2019-03-15T20:10:00,2019,3,15,20,10,0.00000000,23.63333333,23.63333333,0.00000000
2019-03-15T20:20:00,2019,3,15,20,20,0.00000000,23.66666667,23.66666667,0.00000000
2019-03-15T20:30:00,2019,3,15,20,30,0.00000000,23.70000000,23.70000000,0.00000000
2019-03-15T20:40:00,2019,3,15,20,40,0.00000000,23.73333333,23.73333333,0.00000000
2019-03-15T20:50:00,2019,3,15,20,50,0.00000000,23.76666667,23.76666667,0.00000000
2019-03-15T21:00:00,2019,3,15,21,0,0.00000000,23.80000000,23.80000000,0.00000000
2019-03-15T21:10:00,2019,3,15,21,10,0.00000000,23.86666667,23.86666667,0.00000000
2019-03-15T21:20:00,2019,3,15,21,20,0.00000000,23.93333333,23.93333333,0.00000000
2019-03-15T21:30:00,2019,3,15,21,30,0.00000000,24.00000000,24.00000000,0.00000000
2019-03-15T21:40:00,2019,3,15,21,40,0.00000000,24.06666667,24.06666667,0.00000000
2019-03-15T21:50:00,2019,3,15,21,50,0.00000000,24.13333333,24.13333333,0.00000000
2019-03-15T22:00:00,2019,3,15,22,0,0.00000000,24.20000000,24.20000000,0.00000000
2019-03-15T22:10:00,2019,3,15,22,10,0.00000000,24.13333333,24.13333333,0.00000000
2019-03-15T22:20:00,2019,3,15,22,20,0.00000000,24.06666667,24.06666667,0.00000000
2019-03-15T22:30:00,2019,3,15,22,30,0.00000000,24.00000000,24.00000000,0.00000000
2019-03-15T22:40:00,2019,3,15,22,40,0.00000000,23.93333333,23.93333333,0.00000000
2019-03-15T22:50:00,2019,3,15,22,50,0.00000000,23.86666667,23.86666667,0.00000000
2019-03-15T23:00:00,2019,3,15,23,0,0.00000000,23.80000000,23.80000000,0.00000000
2019-03-15T23:10:00,2019,3,15,23,10,0.00000000,23.55000000,23.55000000,0.00000000
2019-03-15T23:20:00,2019,3,15,23,20,0.00000000,23.30000000,23.30000000,0.00000000
2019-03-15T23:30:00,2019,3,15,23,30,0.00000000,23.05000000,23.05000000,0.00000000
2019-03-15T23:40:00,2019,3,15,23,40,0.00000000,22.80000000,22.80000000,0.00000000
2019-03-15T23:50:00,2019,3,15,23,50,0.00000000,22.55000000,22.55000000,0.00000000
2019-03-16T00:00:00,2019,3,16,0,0,0.00000000,22.30000000,22.30000000,0.00000000
2019-03-16T00:10:00,2019,3,16,0,10,0.00000000,22.28333333,22.28333333,0.00000000
2019-03-16T00:20:00,2019,3,16,0,20,0.00000000,22.26666667,22.26666667,0.00000000
2019-03-16T00:30:00,2019,3,16,0,30,0.00000000,22.25000000,22.25000000,0.00000000
2019-03-16T00:40:00,2019,3,16,0,40,0.00000000,22.23333333,22.23333333,0.00000000
2019-03-16T00:50:00,2019,3,16,0,50,0.00000000,22.21666667,22.21666667,0.00000000
2019-03-16T01:00:00,2019,3,16,1,0,0.00000000,22.20000000,22.20000000,0.00000000
2019-03-16T01:10:00,2019,3,16,1,10,0.00000000,22.21666667,22.21666667,0.00000000
2019-03-16T01:20:00,2019,3,16,1,20,0.00000000,22.23333333,22.23333333,0.00000000
2019-03-16T01:30:00,2019,3,16,1,30,0.00000000,22.25000000,22.25000000,0.00000000
2019-03-16T01:40:00,2019,3,16,1,40,0.00000000,22.26666667,22.26666667,0.00000000
2019-03-16T01:50:00,2019,3,16,1,50,0.00000000,22.28333333,22.28333333,0.00000000
2019-03-16T02:00:00,2019,3,16,2,0,0.00000000,22.30000000,22.30000000,0.00000000
2019-03-16T02:10:00,2019,3,16,2,10,0.00000000,22.28333333,22.28333333,0.00000000
2019-03-16T02:20:00,2019,3,16,2,20,0.00000000,22.26666667,22.26666667,0.00000000
2019-03-16T02:30:00,2019,3,16,2,30,0.00000000,22.25000000,22.25000000,0.00000000
2019-03-16T02:40:00,2019,3,16,2,40,0.00000000,22.23333333,22.23333333,0.00000000
2019-03-16T02:50:00,2019,3,16,2,50,0.00000000,22.21666667,22.21666667,0.00000000
2019-03-16T03:00:00,2019,3,16,3,0,0.00000000,22.20000000,22.20000000,0.00000000
2019-03-16T03:10:00,2019,3,16,3,10,0.00000000,22.18333333,22.18333333,0.00000000
2019-03-16T03:20:00,2019,3,16,3,20,0.00000000,22.16666667,22.16666667,0.00000000
2019-03-16T03:30:00,2019,3,16,3,30,0.00000000,22.15000000,22.15000000,0.00000000
2019-03-16T03:40:00,2019,3,16,3,40,0.00000000,22.13333333,22.13333333,0.00000000
2019-03-16T03:50:00,2019,3,16,3,50,0.00000000,22.11666667,22.11666667,0.00000000
2019-03-16T04:00:00,2019,3,16,4,0,0.00000000,22.10000000,22.10000000,0.00000000
2019-03-16T04:10:00,2019,3,16,4,10,0.00000000,22.03333333,22.03333333,0.00000000
2019-03-16T04:20:00,2019,3,16,4,20,0.00000000,21.96666667,21.96666667,0.00000000
2019-03-16T04:30:00,2019,3,16,4,30,0.00000000,21.90000000,21.90000000,0.00000000
2019-03-16T04:40:00,2019,3,16,4,40,0.00000000,21.83333333,21.83333333,0.00000000
2019-03-16T04:50:00,2019,3,16,4,50,0.00000000,21.76666667,21.76666667,0.00000000
2019-03-16T05:00:00,2019,3,16,5,0,0.00000000,21.70000000,21.70000000,0.00000000
2019-03-16T05:10:00,2019,3,16,5,10,0.00100000,21.60000000,21.63500000,0.00101548
2019-03-16T05:20:00,2019,3,16,5,20,0.00200000,21.50000000,21.57000000,0.00203156
2019-03-16T05:30:00,2019,3,16,5,30,0.00300000,21.40000000,21.50500000,0.00304823
2019-03-16T05:40:00,2019,3,16,5,40,0.00400000,21.30000000,21.44000000,0.00406550
2019-03-16T05:50:00,2019,3,16,5,50,0.00500000,21.20000000,21.37500000,0.00508338
2019-03-16T06:00:00,2019,3,16,6,0,0.00600000,21.10000000,21.31000000,0.00610184
2019-03-16T06:10:00,2019,3,16,6,10,0.01216667,21.28333333,21.70916667,0.01235084
2019-03-16T06:20:00,2019,3,16,6,20,0.01833333,21.46666667,22.10833333,0.01857720
2019-03-16T06:30:00,2019,3,16,6,30,0.02450000,21.65000000,22.50750000,0.02478090
2019-03-16T06:40:00,2019,3,16,6,40,0.03066667,21.83333333,22.90666667,0.03096197
2019-03-16T06:50:00,2019,3,16,6,50,0.03683333,22.01666667,23.30583333,0.03712038
2019-03-16T07:00:00,2019,3,16,7,0,0.04300000,22.20000000,23.70500000,0.04325615
2019-03-16T07:10:00,2019,3,16,7,10,0.08600000,22.38333333,25.39333333,0.08584440
2019-03-16T07:20:00,2019,3,16,7,20,0.12900000,22.56666667,27.08166667,0.12776474
2019-03-16T07:30:00,2019,3,16,7,30,0.17200000,22.75000000,28.77000000,0.16901718
2019-03-16T07:40:00,2019,3,16,7,40,0.21500000,22.93333333,30.45833333,0.20960171
2019-03-16T07:50:00,2019,3,16,7,50,0.25800000,23.11666667,32.14666667,0.24951834
2019-03-16T08:00:00,2019,3,16,8,0,0.30100000,23.30000000,33.83500000,0.28876706
2019-03-16T08:10:00,2019,3,16,8,10,0.30250000,23.85000000,34.43750000,0.28936772
2019-03-16T08:20:00,2019,3,16,8,20,0.30400000,24.40000000,35.04000000,0.28996006
2019-03-16T08:30:00,2019,3,16,8,30,0.30550000,24.95000000,35.64250000,0.29054409
2019-03-16T08:40:00,2019,3,16,8,40,0.30700000,25.50000000,36.24500000,0.29111981
2019-03-16T08:50:00,2019,3,16,8,50,0.30850000,26.05000000,36.84750000,0.29168721
2019-03-16T09:00:00,2019,3,16,9,0,0.31000000,26.60000000,37.45000000,0.29224630
2019-03-16T09:10:00,2019,3,16,9,10,0.31783333,26.61666667,37.74083333,0.29920581
2019-03-16T09:20:00,2019,3,16,9,20,0.32566667,26.63333333,38.03166667,0.30614436
2019-03-16T09:30:00,2019,3,16,9,30,0.33350000,26.65000000,38.32250000,0.31306195
2019-03-16T09:40:00,2019,3,16,9,40,0.34133333,26.66666667,38.61333333,0.31995858
2019-03-16T09:50:00,2019,3,16,9,50,0.34916667,26.68333333,38.90416667,0.32683426
2019-03-16T10:00:00,2019,3,16,10,0,0.35700000,26.70000000,39.19500000,0.33368897
2019-03-16T10:10:00,2019,3,16,10,10,0.38450000,26.80000000,40.25750000,0.35751406
2019-03-16T10:20:00,2019,3,16,10,20,0.41200000,26.90000000,41.32000000,0.38107034
2019-03-16T10:30:00,2019,3,16,10,30,0.43950000,27.00000000,42.38250000,0.40435780
2019-03-16T10:40:00,2019,3,16,10,40,0.46700000,27.10000000,43.44500000,0.42737645
2019-03-16T10:50:00,2019,3,16,10,50,0.49450000,27.20000000,44.50750000,0.45012629
2019-03-16T11:00:00,2019,3,16,11,0,0.52200000,27.30000000,45.57000000,0.47260732
2019-03-16T11:10:00,2019,3,16,11,10,0.55200000,27.73333333,47.05333333,0.49600218
2019-03-16T11:20:00,2019,3,16,11,20,0.58200000,28.16666667,48.53666667,0.51898764
2019-03-16T11:30:00,2019,3,16,11,30,0.61200000,28.60000000,50.02000000,0.54156370
2019-03-16T11:40:00,2019,3,16,11,40,0.64200000,29.03333333,51.50333333,0.56373036
2019-03-16T11:50:00,2019,3,16,11,50,0.67200000,29.46666667,52.98666667,0.58548762
2019-03-16T12:00:00,2019,3,16,12,0,0.70200000,29.90000000,54.47000000,0.60683548
2019-03-16T12:10:00,2019,3,16,12,10,0.66516667,30.26666667,53.54750000,0.57781798
2019-03-16T12:20:00,2019,3,16,12,20,0.62833333,30.63333333,52.62500000,0.54848787
2019-03-16T12:30:00,2019,3,16,12,30,0.59150000,31.00000000,51.70250000,0.51884517
2019-03-16T12:40:00,2019,3,16,12,40,0.55466667,31.36666667,50.78000000,0.48888986
2019-03-16T12:50:00,2019,3,16,12,50,0.51783333,31.73333333,49.85750000,0.45862194
2019-03-16T13:00:00,2019,3,16,13,0,0.48100000,32.10000000,48.93500000,0.42804142
2019-03-16T13:10:00,2019,3,16,13,10,0.44466667,31.63333333,47.19666667,0.39926412
2019-03-16T13:20:00,2019,3,16,13,20,0.40833333,31.16666667,45.45833333,0.36990576
2019-03-16T13:30:00,2019,3,16,13,30,0.37200000,30.70000000,43.72000000,0.33996634
2019-03-16T13:40:00,2019,3,16,13,40,0.33566667,30.23333333,41.98166667,0.30944584
2019-03-16T13:50:00,2019,3,16,13,50,0.29933333,29.76666667,40.24333333,0.27834428
2019-03-16T14:00:00,2019,3,16,14,0,0.26300000,29.30000000,38.50500000,0.24666165
2019-03-16T14:10:00,2019,3,16,14,10,0.26416667,28.93333333,38.17916667,0.24815178
2019-03-16T14:20:00,2019,3,16,14,20,0.26533333,28.56666667,37.85333333,0.24964541
2019-03-16T14:30:00,2019,3,16,14,30,0.26650000,28.20000000,37.52750000,0.25114254
2019-03-16T14:40:00,2019,3,16,14,40,0.26766667,27.83333333,37.20166667,0.25264316
2019-03-16T14:50:00,2019,3,16,14,50,0.26883333,27.46666667,36.87583333,0.25414728
2019-03-16T15:00:00,2019,3,16,15,0,0.27000000,27.10000000,36.55000000,0.25565490
2019-03-16T15:10:00,2019,3,16,15,10,0.26066667,27.00000000,36.12333333,0.24732905
2019-03-16T15:20:00,2019,3,16,15,20,0.25133333,26.90000000,35.69666667,0.23896656
2019-03-16T15:30:00,2019,3,16,15,30,0.24200000,26.80000000,35.27000000,0.23056744
2019-03-16T15:40:00,2019,3,16,15,40,0.23266667,26.70000000,34.84333333,0.22213168
2019-03-16T15:50:00,2019,3,16,15,50,0.22333333,26.60000000,34.41666667,0.21365928
2019-03-16T16:00:00,2019,3,16,16,0,0.21400000,26.50000000,33.99000000,0.20515024
2019-03-16T16:10:00,2019,3,16,16,10,0.18783333,26.36666667,32.94083333,0.18097219
2019-03-16T16:20:00,2019,3,16,16,20,0.16166667,26.23333333,31.89166667,0.15654156
2019-03-16T16:30:00,2019,3,16,16,30,0.13550000,26.10000000,30.84250000,0.13185837
2019-03-16T16:40:00,2019,3,16,16,40,0.10933333,25.96666667,29.79333333,0.10692261
2019-03-16T16:50:00,2019,3,16,16,50,0.08316667,25.83333333,28.74416667,0.08173427
2019-03-16T17:00:00,2019,3,16,17,0,0.05700000,25.70000000,27.69500000,0.05629337
2019-03-16T17:10:00,2019,3,16,17,10,0.04750000,25.35000000,27.01250000,0.04706027
2019-03-16T17:20:00,2019,3,16,17,20,0.03800000,25.00000000,26.33000000,0.03776752
2019-03-16T17:30:00,2019,3,16,17,30,0.02850000,24.65000000,25.64750000,0.02841511
2019-03-16T17:40:00,2019,3,16,17,40,0.01900000,24.30000000,24.96500000,0.01900306
2019-03-16T17:50:00,2019,3,16,17,50,0.00950000,23.95000000,24.28250000,0.00953135
2019-03-16T18:00:00,2019,3,16,18,0,0.00000000,23.60000000,23.60000000,0.00000000
2019-03-16T18:10:00,2019,3,16,18,10,0.00000000,23.46666667,23.46666667,0.00000000
2019-03-16T18:20:00,2019,3,16,18,20,0.00000000,23.33333333,23.33333333,0.00000000
2019-03-16T18:30:00,2019,3,16,18,30,0.00000000,23.20000000,23.20000000,0.00000000
2019-03-16T18:40:00,2019,3,16,18,40,0.00000000,23.06666667,23.06666667,0.00000000
2019-03-16T18:50:00,2019,3,16,18,50,0.00000000,22.93333333,22.93333333,0.00000000
2019-03-16T19:00:00,2019,3,16,19,0,0.00000000,22.80000000,22.80000000,0.00000000
2019-03-16T19:10:00,2019,3,16,19,10,0.00000000,22.73333333,22.73333333,0.00000000
2019-03-16T19:20:00,2019,3,16,19,20,0.00000000,22.66666667,22.66666667,0.00000000
2019-03-16T19:30:00,2019,3,16,19,30,0.00000000,22.60000000,22.60000000,0.00000000
2019-03-16T19:40:00,2019,3,16,19,40,0.00000000,22.53333333,22.53333333,0.00000000
2019-03-16T19:50:00,2019,3,16,19,50,0.00000000,22.46666667,22.46666667,0.00000000
2019-03-16T20:00:00,2019,3,16,20,0,0.00000000,22.40000000,22.40000000,0.00000000
2019-03-16T20:10:00,2019,3,16,20,10,0.00000000,22.43333333,22.43333333,0.00000000
2019-03-16T20:20:00,2019,3,16,20,20,0.00000000,22.46666667,22.46666667,0.00000000
2019-03-16T20:30:00,2019,3,16,20,30,0.00000000,22.50000000,22.50000000,0.00000000
2019-03-16T20:40:00,2019,3,16,20,40,0.00000000,22.53333333,22.53333333,0.00000000
2019-03-16T20:50:00,2019,3,16,20,50,0.00000000,22.56666667,22.56666667,0.00000000
2019-03-16T21:00:00,2019,3,16,21,0,0.00000000,22.60000000,22.60000000,0.00000000
2019-03-16T21:10:00,2019,3,16,21,10,0.00000000,22.50000000,22.50000000,0.00000000
2019-03-16T21:20:00,2019,3,16,21,20,0.00000000,22.40000000,22.40000000,0.00000000
2019-03-16T21:30:00,2019,3,16,21,30,0.00000000,22.30000000,22.30000000,0.00000000
2019-03-16T21:40:00,2019,3,16,21,40,0.00000000,22.20000000,22.20000000,0.00000000
2019-03-16T21:50:00,2019,3,16,21,50,0.00000000,22.10000000,22.10000000,0.00000000
2019-03-16T22:00:00,2019,3,16,22,0,0.00000000,22.00000000,22.00000000,0.00000000
2019-03-16T22:10:00,2019,3,16,22,10,0.00000000,21.86666667,21.86666667,0.00000000
2019-03-16T22:20:00,2019,3,16,22,20,0.00000000,21.73333333,21.73333333,0.00000000
2019-03-16T22:30:00,2019,3,16,22,30,0.00000000,21.60000000,21.60000000,0.00000000
2019-03-16T22:40:00,2019,3,16,22,40,0.00000000,21.46666667,21.46666667,0.00000000
2019-03-16T22:50:00,2019,3,16,22,50,0.00000000,21.33333333,21.33333333,0.00000000
2019-03-16T23:00:00,2019,3,16,23,0,0.00000000,21.20000000,21.20000000,0.00000000
2019-03-16T23:10:00,2019,3,16,23,10,0.00000000,21.16666667,21.16666667,0.00000000
2019-03-16T23:20:00,2019,3,16,23,20,0.00000000,21.13333333,21.13333333,0.00000000
2019-03-16T23:30:00,2019,3,16,23,30,0.00000000,21.10000000,21.10000000,0.00000000
2019-03-16T23:40:00,2019,3,16,23,40,0.00000000,21.06666667,21.06666667,0.00000000
2019-03-16T23:50:00,2019,3,16,23,50,0.00000000,21.03333333,21.03333333,0.00000000
2019-03-17T00:00:00,2019,3,17,0,0,0.00000000,21.00000000,21.00000000,0.00000000
2019-03-17T00:10:00,2019,3,17,0,10,0.00000000,21.10000000,21.10000000,0.00000000
2019-03-17T00:20:00,2019,3,17,0,20,0.00000000,21.20000000,21.20000000,0.00000000
2019-03-17T00:30:00,2019,3,17,0,30,0.00000000,21.30000000,21.30000000,0.00000000
2019-03-17T00:40:00,2019,3,17,0,40,0.00000000,21.40000000,21.40000000,0.00000000
2019-03-17T00:50:00,2019,3,17,0,50,0.00000000,21.50000000,21.50000000,0.00000000
2019-03-17T01:00:00,2019,3,17,1,0,0.00000000,21.60000000,21.60000000,0.00000000
2019-03-17T01:10:00,2019,3,17,1,10,0.00000000,21.51666667,21.51666667,0.00000000
2019-03-17T01:20:00,2019,3,17,1,20,0.00000000,21.43333333,21.43333333,0.00000000
2019-03-17T01:30:00,2019,3,17,1,30,0.00000000,21.35000000,21.35000000,0.00000000
2019-03-17T01:40:00,2019,3,17,1,40,0.00000000,21.26666667,21.26666667,0.00000000
2019-03-17T01:50:00,2019,3,17,1,50,0.00000000,21.18333333,21.18333333,0.00000000
2019-03-17T02:00:00,2019,3,17,2,0,0.00000000,21.10000000,21.10000000,0.00000000
2019-03-17T02:10:00,2019,3,17,2,10,0.00000000,21.05000000,21.05000000,0.00000000
2019-03-17T02:20:00,2019,3,17,2,20,0.00000000,21.00000000,21.00000000,0.00000000
2019-03-17T02:30:00,2019,3,17,2,30,0.00000000,20.95000000,20.95000000,0.00000000
2019-03-17T02:40:00,2019,3,17,2,40,0.00000000,20.90000000,20.90000000,0.00000000
2019-03-17T02:50:00,2019,3,17,2,50,0.00000000,20.85000000,20.85000000,0.00000000
2019-03-17T03:00:00,2019,3,17,3,0,0.00000000,20.80000000,20.80000000,0.00000000
2019-03-17T03:10:00,2019,3,17,3,10,0.00000000,20.88333333,20.88333333,0.00000000
2019-03-17T03:20:00,2019,3,17,3,20,0.00000000,20.96666667,20.96666667,0.00000000
2019-03-17T03:30:00,2019,3,17,3,30,0.00000000,21.05000000,21.05000000,0.00000000
2019-03-17T03:40:00,2019,3,17,3,40,0.00000000,21.13333333,21.13333333,0.00000000
2019-03-17T03:50:00,2019,3,17,3,50,0.00000000,21.21666667,21.21666667,0.00000000
2019-03-17T04:00:00,2019,3,17,4,0,0.00000000,21.30000000,21.30000000,0.00000000
2019-03-17T04:10:00,2019,3,17,4,10,0.00000000,21.20000000,21.20000000,0.00000000
2019-03-17T04:20:00,2019,3,17,4,20,0.00000000,21.10000000,21.10000000,0.00000000
2019-03-17T04:30:00,2019,3,17,4,30,0.00000000,21.00000000,21.00000000,0.00000000
2019-03-17T04:40:00,2019,3,17,4,40,0.00000000,20.90000000,20.90000000,0.00000000
2019-03-17T04:50:00,2019,3,17,4,50,0.00000000,20.80000000,20.80000000,0.00000000
2019-03-17T05:00:00,2019,3,17,5,0,0.00000000,20.70000000,20.70000000,0.00000000
2019-03-17T05:10:00,2019,3,17,5,10,0.00250000,20.76666667,20.85416667,0.00254768
2019-03-17T05:20:00,2019,3,17,5,20,0.00500000,20.83333333,21.00833333,0.00509181
2019-03-17T05:30:00,2019,3,17,5,30,0.00750000,20.90000000,21.16250000,0.00763239
2019-03-17T05:40:00,2019,3,17,5,40,0.01000000,20.96666667,21.31666667,0.01016943
2019-03-17T05:50:00,2019,3,17,5,50,0.01250000,21.03333333,21.47083333,0.01270293
2019-03-17T06:00:00,2019,3,17,6,0,0.01500000,21.10000000,21.62500000,0.01523287
2019-03-17T06:10:00,2019,3,17,6,10,0.03533333,21.35000000,22.58666667,0.03572558
2019-03-17T06:20:00,2019,3,17,6,20,0.05566667,21.60000000,23.54833333,0.05603839
2019-03-17T06:30:00,2019,3,17,6,30,0.07600000,21.85000000,24.51000000,0.07617130
2019-03-17T06:40:00,2019,3,17,6,40,0.09633333,22.10000000,25.47166667,0.09612432
2019-03-17T06:50:00,2019,3,17,6,50,0.11666667,22.35000000,26.43333333,0.11589744
2019-03-17T07:00:00,2019,3,17,7,0,0.13700000,22.60000000,27.39500000,0.13549067
2019-03-17T07:10:00,2019,3,17,7,10,0.12716667,22.68333333,27.13416667,0.12591825
2019-03-17T07:20:00,2019,3,17,7,20,0.11733333,22.76666667,26.87333333,0.11632223
2019-03-17T07:30:00,2019,3,17,7,30,0.10750000,22.85000000,26.61250000,0.10670262
2019-03-17T07:40:00,2019,3,17,7,40,0.09766667,22.93333333,26.35166667,0.09705941
2019-03-17T07:50:00,2019,3,17,7,50,0.08783333,23.01666667,26.09083333,0.08739260
2019-03-17T08:00:00,2019,3,17,8,0,0.07800000,23.10000000,25.83000000,0.07770220
2019-03-17T08:10:00,2019,3,17,8,10,0.11233333,23.05000000,26.98166667,0.11130934
2019-03-17T08:20:00,2019,3,17,8,20,0.14666667,23.00000000,28.13333333,0.14455271
2019-03-17T08:30:00,2019,3,17,8,30,0.18100000,22.95000000,29.28500000,0.17743231
2019-03-17T08:40:00,2019,3,17,8,40,0.21533333,22.90000000,30.43666667,0.20994813
2019-03-17T08:50:00,2019,3,17,8,50,0.24966667,22.85000000,31.58833333,0.24210019
2019-03-17T09:00:00,2019,3,17,9,0,0.28400000,22.80000000,32.74000000,0.27388846
2019-03-17T09:10:00,2019,3,17,9,10,0.35666667,23.13333333,35.61666667,0.33924826
2019-03-17T09:20:00,2019,3,17,9,20,0.42933333,23.46666667,38.49333333,0.40268490
2019-03-17T09:30:00,2019,3,17,9,30,0.50200000,23.80000000,41.37000000,0.46419840
2019-03-17T09:40:00,2019,3,17,9,40,0.57466667,24.13333333,44.24666667,0.52378874
2019-03-17T09:50:00,2019,3,17,9,50,0.64733333,24.46666667,47.12333333,0.58145595
2019-03-17T10:00:00,2019,3,17,10,0,0.72000000,24.80000000,50.00000000,0.63720000
2019-03-17T10:10:00,2019,3,17,10,10,0.67466667,25.11666667,48.73000000,0.60102140
2019-03-17T10:20:00,2019,3,17,10,20,0.62933333,25.43333333,47.46000000,0.56431313
2019-03-17T10:30:00,2019,3,17,10,30,0.58400000,25.75000000,46.19000000,0.52707518
2019-03-17T10:40:00,2019,3,17,10,40,0.53866667,26.06666667,44.92000000,0.48930756
2019-03-17T10:50:00,2019,3,17,10,50,0.49333333,26.38333333,43.65000000,0.45101027
2019-03-17T11:00:00,2019,3,17,11,0,0.44800000,26.70000000,42.38000000,0.41218330
2019-03-17T11:10:00,2019,3,17,11,10,0.42650000,26.65000000,41.57750000,0.39397660
2019-03-17T11:20:00,2019,3,17,11,20,0.40500000,26.60000000,40.77500000,0.37561118
2019-03-17T11:30:00,2019,3,17,11,30,0.38350000,26.55000000,39.97250000,0.35708701
2019-03-17T11:40:00,2019,3,17,11,40,0.36200000,26.50000000,39.17000000,0.33840412
2019-03-17T11:50:00,2019,3,17,11,50,0.34050000,26.45000000,38.36750000,0.31956248
2019-03-17T12:00:00,2019,3,17,12,0,0.31900000,26.40000000,37.56500000,0.30056212
2019-03-17T12:10:00,2019,3,17,12,10,0.35750000,26.31666667,38.82916667,0.33475794
2019-03-17T12:20:00,2019,3,17,12,20,0.39600000,26.23333333,40.09333333,0.36850598
2019-03-17T12:30:00,2019,3,17,12,30,0.43450000,26.15000000,41.35750000,0.40180626
2019-03-17T12:40:00,2019,3,17,12,40,0.47300000,26.06666667,42.62166667,0.43465878
2019-03-17T12:50:00,2019,3,17,12,50,0.51150000,25.98333333,43.88583333,0.46706352
2019-03-17T13:00:00,2019,3,17,13,0,0.55000000,25.90000000,45.15000000,0.49902050
2019-03-17T13:10:00,2019,3,17,13,10,0.51933333,26.05000000,44.22666667,0.47340211
2019-03-17T13:20:00,2019,3,17,13,20,0.48866667,26.20000000,43.30333333,0.44752321
2019-03-17T13:30:00,2019,3,17,13,30,0.45800000,26.35000000,42.38000000,0.42138382
2019-03-17T13:40:00,2019,3,17,13,40,0.42733333,26.50000000,41.45666667,0.39498392
2019-03-17T13:50:00,2019,3,17,13,50,0.39666667,26.65000000,40.53333333,0.36832351
2019-03-17T14:00:00,2019,3,17,14,0,0.36600000,26.80000000,39.61000000,0.34140260
2019-03-17T14:10:00,2019,3,17,14,10,0.34450000,26.63333333,38.69083333,0.32280414
2019-03-17T14:20:00,2019,3,17,14,20,0.32300000,26.46666667,37.77166667,0.30402386
2019-03-17T14:30:00,2019,3,17,14,30,0.30150000,26.30000000,36.85250000,0.28506177
2019-03-17T14:40:00,2019,3,17,14,40,0.28000000,26.13333333,35.93333333,0.26591787
2019-03-17T14:50:00,2019,3,17,14,50,0.25850000,25.96666667,35.01416667,0.24659215
2019-03-17T15:00:00,2019,3,17,15,0,0.23700000,25.80000000,34.09500000,0.22708463
2019-03-17T15:10:00,2019,3,17,15,10,0.22416667,25.78333333,33.62916667,0.21526856
2019-03-17T15:20:00,2019,3,17,15,20,0.21133333,25.76666667,33.16333333,0.20339748
2019-03-17T15:30:00,2019,3,17,15,30,0.19850000,25.75000000,32.69750000,0.19147141
2019-03-17T15:40:00,2019,3,17,15,40,0.18566667,25.73333333,32.23166667,0.17949034
2019-03-17T15:50:00,2019,3,17,15,50,0.17283333,25.71666667,31.76583333,0.16745427
2019-03-17T16:00:00,2019,3,17,16,0,0.16000000,25.70000000,31.30000000,0.15536320
2019-03-17T16:10:00,2019,3,17,16,10,0.14750000,25.51666667,30.67916667,0.14364669
2019-03-17T16:20:00,2019,3,17,16,20,0.13500000,25.33333333,30.05833333,0.13185878
2019-03-17T16:30:00,2019,3,17,16,30,0.12250000,25.15000000,29.43750000,0.11999947
2019-03-17T16:40:00,2019,3,17,16,40,0.11000000,24.96666667,28.81666667,0.10806877
2019-03-17T16:50:00,2019,3,17,16,50,0.09750000,24.78333333,28.19583333,0.09606667
2019-03-17T17:00:00,2019,3,17,17,0,0.08500000,24.60000000,27.57500000,0.08399318
2019-03-17T17:10:00,2019,3,17,17,10,0.07083333,24.61666667,27.09583333,0.07015044
2019-03-17T17:20:00,2019,3,17,17,20,0.05666667,24.63333333,26.61666667,0.05624526
2019-03-17T17:30:00,2019,3,17,17,30,0.04250000,24.65000000,26.13750000,0.04227762
2019-03-17T17:40:00,2019,3,17,17,40,0.02833333,24.66666667,25.65833333,0.02824753
2019-03-17T17:50:00,2019,3,17,17,50,0.01416667,24.68333333,25.17916667,0.01415499
2019-03-17T18:00:00,2019,3,17,18,0,0.00000000,24.70000000,24.70000000,0.00000000
2019-03-17T18:10:00,2019,3,17,18,10,0.00000000,24.56666667,24.56666667,0.00000000
2019-03-17T18:20:00,2019,3,17,18,20,0.00000000,24.43333333,24.43333333,0.00000000
2019-03-17T18:30:00,2019,3,17,18,30,0.00000000,24.30000000,24.30000000,0.00000000
2019-03-17T18:40:00,2019,3,17,18,40,0.00000000,24.16666667,24.16666667,0.00000000
2019-03-17T18:50:00,2019,3,17,18,50,0.00000000,24.03333333,24.03333333,0.00000000
2019-03-17T19:00:00,2019,3,17,19,0,0.00000000,23.90000000,23.90000000,0.00000000
2019-03-17T19:10:00,2019,3,17,19,10,0.00000000,23.90000000,23.90000000,0.00000000
2019-03-17T19:20:00,2019,3,17,19,20,0.00000000,23.90000000,23.90000000,0.00000000
2019-03-17T19:30:00,2019,3,17,19,30,0.00000000,23.90000000,23.90000000,0.00000000
2019-03-17T19:40:00,2019,3,17,19,40,0.00000000,23.90000000,23.90000000,0.00000000
2019-03-17T19:50:00,2019,3,17,19,50,0.00000000,23.90000000,23.90000000,0.00000000
2019-03-17T20:00:00,2019,3,17,20,0,0.00000000,23.90000000,23.90000000,0.00000000
2019-03-17T20:10:00,2019,3,17,20,10,0.00000000,23.86666667,23.86666667,0.00000000
2019-03-17T20:20:00,2019,3,17,20,20,0.00000000,23.83333333,23.83333333,0.00000000
2019-03-17T20:30:00,2019,3,17,20,30,0.00000000,23.80000000,23.80000000,0.00000000
2019-03-17T20:40:00,2019,3,17,20,40,0.00000000,23.76666667,23.76666667,0.00000000
2019-03-17T20:50:00,2019,3,17,20,50,0.00000000,23.73333333,23.73333333,0.00000000
2019-03-17T21:00:00,2019,3,17,21,0,0.00000000,23.70000000,23.70000000,0.00000000
2019-03-17T21:10:00,2019,3,17,21,10,0.00000000,23.68333333,23.68333333,0.00000000
2019-03-17T21:20:00,2019,3,17,21,20,0.00000000,23.66666667,23.66666667,0.00000000
2019-03-17T21:30:00,2019,3,17,21,30,0.00000000,23.65000000,23.65000000,0.00000000
2019-03-17T21:40:00,2019,3,17,21,40,0.00000000,23.63333333,23.63333333,0.00000000
2019-03-17T21:50:00,2019,3,17,21,50,0.00000000,23.61666667,23.61666667,0.00000000
2019-03-17T22:00:00,2019,3,17,22,0,0.00000000,23.60000000,23.60000000,0.00000000
2019-03-17T22:10:00,2019,3,17,22,10,0.00000000,23.55000000,23.55000000,0.00000000
2019-03-17T22:20:00,2019,3,17,22,20,0.00000000,23.50000000,23.50000000,0.00000000
2019-03-17T22:30:00,2019,3,17,22,30,0.00000000,23.45000000,23.45000000,0.00000000
2019-03-17T22:40:00,2019,3,17,22,40,0.00000000,23.40000000,23.40000000,0.00000000
2019-03-17T22:50:00,2019,3,17,22,50,0.00000000,23.35000000,23.35000000,0.00000000
2019-03-17T23:00:00,2019,3,17,23,0,0.00000000,23.30000000,23.30000000,0.00000000
2019-03-17T23:10:00,2019,3,17,23,10,0.00000000,23.16666667,23.16666667,0.00000000
2019-03-17T23:20:00,2019,3,17,23,20,0.00000000,23.03333333,23.03333333,0.00000000
2019-03-17T23:30:00,2019,3,17,23,30,0.00000000,22.90000000,22.90000000,0.00000000
2019-03-17T23:40:00,2019,3,17,23,40,0.00000000,22.76666667,22.76666667,0.00000000
2019-03-17T23:50:00,2019,3,17,23,50,0.00000000,22.63333333,22.63333333,0.00000000
2019-03-18T00:00:00,2019,3,18,0,0,0.00000000,22.50000000,22.50000000,0.00000000
2019-03-18T00:10:00,2019,3,18,0,10,0.00000000,22.53333333,22.53333333,0.00000000
2019-03-18T00:20:00,2019,3,18,0,20,0.00000000,22.56666667,22.56666667,0.00000000
2019-03-18T00:30:00,2019,3,18,0,30,0.00000000,22.60000000,22.60000000,0.00000000
2019-03-18T00:40:00,2019,3,18,0,40,0.00000000,22.63333333,22.63333333,0.00000000
2019-03-18T00:50:00,2019,3,18,0,50,0.00000000,22.66666667,22.66666667,0.00000000
2019-03-18T01:00:00,2019,3,18,1,0,0.00000000,22.70000000,22.70000000,0.00000000
2019-03-18T01:10:00,2019,3,18,1,10,0.00000000,22.65000000,22.65000000,0.00000000
2019-03-18T01:20:00,2019,3,18,1,20,0.00000000,22.60000000,22.60000000,0.00000000
2019-03-18T01:30:00,2019,3,18,1,30,0.00000000,22.55000000,22.55000000,0.00000000
2019-03-18T01:40:00,2019,3,18,1,40,0.00000000,22.50000000,22.50000000,0.00000000
2019-03-18T01:50:00,2019,3,18,1,50,0.00000000,22.45000000,22.45000000,0.00000000
2019-03-18T02:00:00,2019,3,18,2,0,0.00000000,22.40000000,22.40000000,0.00000000
2019-03-18T02:10:00,2019,3,18,2,10,0.00000000,22.40000000,22.40000000,0.00000000
2019-03-18T02:20:00,2019,3,18,2,20,0.00000000,22.40000000,22.40000000,0.00000000
2019-03-18T02:30:00,2019,3,18,2,30,0.00000000,22.40000000,22.40000000,0.00000000
2019-03-18T02:40:00,2019,3,18,2,40,0.00000000,22.40000000,22.40000000,0.00000000
2019-03-18T02:50:00,2019,3,18,2,50,0.00000000,22.40000000,22.40000000,0.00000000
2019-03-18T03:00:00,2019,3,18,3,0,0.00000000,22.40000000,22.40000000,0.00000000
2019-03-18T03:10:00,2019,3,18,3,10,0.00000000,22.31666667,22.31666667,0.00000000
2019-03-18T03:20:00,2019,3,18,3,20,0.00000000,22.23333333,22.23333333,0.00000000
2019-03-18T03:30:00,2019,3,18,3,30,0.00000000,22.15000000,22.15000000,0.00000000
2019-03-18T03:40:00,2019,3,18,3,40,0.00000000,22.06666667,22.06666667,0.00000000
2019-03-18T03:50:00,2019,3,18,3,50,0.00000000,21.98333333,21.98333333,0.00000000
2019-03-18T04:00:00,2019,3,18,4,0,0.00000000,21.90000000,21.90000000,0.00000000
2019-03-18T04:10:00,2019,3,18,4,10,0.00000000,21.91666667,21.91666667,0.00000000
2019-03-18T04:20:00,2019,3,18,4,20,0.00000000,21.93333333,21.93333333,0.00000000
2019-03-18T04:30:00,2019,3,18,4,30,0.00000000,21.95000000,21.95000000,0.00000000
2019-03-18T04:40:00,2019,3,18,4,40,0.00000000,21.96666667,21.96666667,0.00000000
2019-03-18T04:50:00,2019,3,18,4,50,0.00000000,21.98333333,21.98333333,0.00000000
2019-03-18T05:00:00,2019,3,18,5,0,0.00000000,22.00000000,22.00000000,0.00000000
2019-03-18T05:10:00,2019,3,18,5,10,0.00533333,21.98333333,22.17000000,0.00540276
2019-03-18T05:20:00,2019,3,18,5,20,0.01066667,21.96666667,22.34000000,0.01079718
2019-03-18T05:30:00,2019,3,18,5,30,0.01600000,21.95000000,22.51000000,0.01618326
2019-03-18T05:40:00,2019,3,18,5,40,0.02133333,21.93333333,22.68000000,0.02156100
2019-03-18T05:50:00,2019,3,18,5,50,0.02666667,21.91666667,22.85000000,0.02693040
2019-03-18T06:00:00,2019,3,18,6,0,0.03200000,21.90000000,23.02000000,0.03229146
2019-03-18T06:10:00,2019,3,18,6,10,0.04933333,22.08333333,23.81000000,0.04960338
2019-03-18T06:20:00,2019,3,18,6,20,0.06666667,22.26666667,24.60000000,0.06678933
2019-03-18T06:30:00,2019,3,18,6,30,0.08400000,22.45000000,25.39000000,0.08384930
2019-03-18T06:40:00,2019,3,18,6,40,0.10133333,22.63333333,26.18000000,0.10078330
2019-03-18T06:50:00,2019,3,18,6,50,0.11866667,22.81666667,26.97000000,0.11759131
2019-03-18T07:00:00,2019,3,18,7,0,0.13600000,23.00000000,27.76000000,0.13427334
2019-03-18T07:10:00,2019,3,18,7,10,0.14916667,23.13333333,28.35416667,0.14686515
2019-03-18T07:20:00,2019,3,18,7,20,0.16233333,23.26666667,28.94833333,0.15938498
2019-03-18T07:30:00,2019,3,18,7,30,0.17550000,23.40000000,29.54250000,0.17183284
2019-03-18T07:40:00,2019,3,18,7,40,0.18866667,23.53333333,30.13666667,0.18420872
2019-03-18T07:50:00,2019,3,18,7,50,0.20183333,23.66666667,30.73083333,0.19651264
2019-03-18T08:00:00,2019,3,18,8,0,0.21500000,23.80000000,31.32500000,0.20874457
2019-03-18T08:10:00,2019,3,18,8,10,0.25216667,24.00000000,32.82583333,0.24308896
2019-03-18T08:20:00,2019,3,18,8,20,0.28933333,24.20000000,34.32666667,0.27692016
2019-03-18T08:30:00,2019,3,18,8,30,0.32650000,24.40000000,35.82750000,0.31023818
2019-03-18T08:40:00,2019,3,18,8,40,0.36366667,24.60000000,37.32833333,0.34304301
2019-03-18T08:50:00,2019,3,18,8,50,0.40083333,24.80000000,38.82916667,0.37533465
2019-03-18T09:00:00,2019,3,18,9,0,0.43800000,25.00000000,40.33000000,0.40711312
2019-03-18T09:10:00,2019,3,18,9,10,0.43116667,25.40000000,40.49083333,0.40044266
2019-03-18T09:20:00,2019,3,18,9,20,0.42433333,25.80000000,40.65166667,0.39378232
2019-03-18T09:30:00,2019,3,18,9,30,0.41750000,26.20000000,40.81250000,0.38713209
2019-03-18T09:40:00,2019,3,18,9,40,0.41066667,26.60000000,40.97333333,0.38049198
2019-03-18T09:50:00,2019,3,18,9,50,0.40383333,27.00000000,41.13416667,0.37386197
2019-03-18T10:00:00,2019,3,18,10,0,0.39700000,27.40000000,41.29500000,0.36724207
2019-03-18T10:10:00,2019,3,18,10,10,0.40416667,27.43333333,41.57916667,0.37334323
2019-03-18T10:20:00,2019,3,18,10,20,0.41133333,27.46666667,41.86333333,0.37942566
2019-03-18T10:30:00,2019,3,18,10,30,0.41850000,27.50000000,42.14750000,0.38548935
2019-03-18T10:40:00,2019,3,18,10,40,0.42566667,27.53333333,42.43166667,0.39153430
2019-03-18T10:50:00,2019,3,18,10,50,0.43283333,27.56666667,42.71583333,0.39756052
2019-03-18T11:00:00,2019,3,18,11,0,0.44000000,27.60000000,43.00000000,0.40356800
2019-03-18T11:10:00,2019,3,18,11,10,0.47800000,27.68333333,44.41333333,0.43531396
2019-03-18T11:20:00,2019,3,18,11,20,0.51600000,27.76666667,45.82666667,0.46656582
2019-03-18T11:30:00,2019,3,18,11,30,0.55400000,27.85000000,47.24000000,0.49732358
2019-03-18T11:40:00,2019,3,18,11,40,0.59200000,27.93333333,48.65333333,0.52758724
2019-03-18T11:50:00,2019,3,18,11,50,0.63000000,28.01666667,50.06666667,0.55735680
2019-03-18T12:00:00,2019,3,18,12,0,0.66800000,28.10000000,51.48000000,0.58663226
2019-03-18T12:10:00,2019,3,18,12,10,0.67150000,28.45000000,51.95250000,0.58824642
2019-03-18T12:20:00,2019,3,18,12,20,0.67500000,28.80000000,52.42500000,0.58984538
2019-03-18T12:30:00,2019,3,18,12,30,0.67850000,29.15000000,52.89750000,0.59142911
2019-03-18T12:40:00,2019,3,18,12,40,0.68200000,29.50000000,53.37000000,0.59299764
2019-03-18T12:50:00,2019,3,18,12,50,0.68550000,29.85000000,53.84250000,0.59455094
2019-03-18T13:00:00,2019,3,18,13,0,0.68900000,30.20000000,54.31500000,0.59608904
2019-03-18T13:10:00,2019,3,18,13,10,0.62266667,30.33333333,52.12666667,0.54496866
2019-03-18T13:20:00,2019,3,18,13,20,0.55633333,30.46666667,49.93833333,0.49251281
2019-03-18T13:30:00,2019,3,18,13,30,0.49000000,30.60000000,47.75000000,0.43872150
2019-03-18T13:40:00,2019,3,18,13,40,0.42366667,30.73333333,45.56166667,0.38359472
2019-03-18T13:50:00,2019,3,18,13,50,0.35733333,30.86666667,43.37333333,0.32713247
2019-03-18T14:00:00,2019,3,18,14,0,0.29100000,31.00000000,41.18500000,0.26933476
2019-03-18T14:10:00,2019,3,18,14,10,0.28766667,30.33333333,40.40166667,0.26728615
2019-03-18T14:20:00,2019,3,18,14,20,0.28433333,29.66666667,39.61833333,0.26521353
2019-03-18T14:30:00,2019,3,18,14,30,0.28100000,29.00000000,38.83500000,0.26311688
2019-03-18T14:40:00,2019,3,18,14,40,0.27766667,28.33333333,38.05166667,0.26099621
2019-03-18T14:50:00,2019,3,18,14,50,0.27433333,27.66666667,37.26833333,0.25885151
2019-03-18T15:00:00,2019,3,18,15,0,0.27100000,27.00000000,36.48500000,0.25668280
2019-03-18T15:10:00,2019,3,18,15,10,0.26350000,26.93333333,36.15583333,0.24997801
2019-03-18T15:20:00,2019,3,18,15,20,0.25600000,26.86666667,35.82666667,0.24325052
2019-03-18T15:30:00,2019,3,18,15,30,0.24850000,26.80000000,35.49750000,0.23650031
2019-03-18T15:40:00,2019,3,18,15,40,0.24100000,26.73333333,35.16833333,0.22972739
2019-03-18T15:50:00,2019,3,18,15,50,0.23350000,26.66666667,34.83916667,0.22293175
2019-03-18T16:00:00,2019,3,18,16,0,0.22600000,26.60000000,34.51000000,0.21611340
2019-03-18T16:10:00,2019,3,18,16,10,0.19933333,26.56666667,33.54333333,0.19149967
2019-03-18T16:20:00,2019,3,18,16,20,0.17266667,26.53333333,32.57666667,0.16664877
2019-03-18T16:30:00,2019,3,18,16,30,0.14600000,26.50000000,31.61000000,0.14156072
2019-03-18T16:40:00,2019,3,18,16,40,0.11933333,26.46666667,30.64333333,0.11623552
2019-03-18T16:50:00,2019,3,18,16,50,0.09266667,26.43333333,29.67666667,0.09067316
2019-03-18T17:00:00,2019,3,18,17,0,0.06600000,26.40000000,28.71000000,0.06487364
2019-03-18T17:10:00,2019,3,18,17,10,0.05500000,25.98333333,27.90833333,0.05426419
2019-03-18T17:20:00,2019,3,18,17,20,0.04400000,25.56666667,27.10666667,0.04357361
2019-03-18T17:30:00,2019,3,18,17,30,0.03300000,25.15000000,26.30500000,0.03280190
2019-03-18T17:40:00,2019,3,18,17,40,0.02200000,24.73333333,25.50333333,0.02194906
2019-03-18T17:50:00,2019,3,18,17,50,0.01100000,24.31666667,24.70166667,0.01101510
2019-03-18T18:00:00,2019,3,18,18,0,0.00000000,23.90000000,23.90000000,0.00000000
2019-03-18T18:10:00,2019,3,18,18,10,0.00000000,23.73333333,23.73333333,0.00000000
2019-03-18T18:20:00,2019,3,18,18,20,0.00000000,23.56666667,23.56666667,0.00000000
2019-03-18T18:30:00,2019,3,18,18,30,0.00000000,23.40000000,23.40000000,0.00000000
2019-03-18T18:40:00,2019,3,18,18,40,0.00000000,23.23333333,23.23333333,0.00000000
2019-03-18T18:50:00,2019,3,18,18,50,0.00000000,23.06666667,23.06666667,0.00000000
2019-03-18T19:00:00,2019,3,18,19,0,0.00000000,22.90000000,22.90000000,0.00000000
2019-03-18T19:10:00,2019,3,18,19,10,0.00000000,22.86666667,22.86666667,0.00000000
2019-03-18T19:20:00,2019,3,18,19,20,0.00000000,22.83333333,22.83333333,0.00000000
2019-03-18T19:30:00,2019,3,18,19,30,0.00000000,22.80000000,22.80000000,0.00000000
2019-03-18T19:40:00,2019,3,18,19,40,0.00000000,22.76666667,22.76666667,0.00000000
2019-03-18T19:50:00,2019,3,18,19,50,0.00000000,22.73333333,22.73333333,0.00000000
2019-03-18T20:00:00,2019,3,18,20,0,0.00000000,22.70000000,22.70000000,0.00000000
2019-03-18T20:10:00,2019,3,18,20,10,0.00000000,22.76666667,22.76666667,0.00000000
2019-03-18T20:20:00,2019,3,18,20,20,0.00000000,22.83333333,22.83333333,0.00000000
2019-03-18T20:30:00,2019,3,18,20,30,0.00000000,22.90000000,22.90000000,0.00000000
2019-03-18T20:40:00,2019,3,18,20,40,0.00000000,22.96666667,22.96666667,0.00000000
2019-03-18T20:50:00,2019,3,18,20,50,0.00000000,23.03333333,23.03333333,0.00000000
2019-03-18T21:00:00,2019,3,18,21,0,0.00000000,23.10000000,23.10000000,0.00000000
2019-03-18T21:10:00,2019,3,18,21,10,0.00000000,23.01666667,23.01666667,0.00000000
2019-03-18T21:20:00,2019,3,18,21,20,0.00000000,22.93333333,22.93333333,0.00000000
2019-03-18T21:30:00,2019,3,18,21,30,0.00000000,22.85000000,22.85000000,0.00000000
2019-03-18T21:40:00,2019,3,18,21,40,0.00000000,22.76666667,22.76666667,0.00000000
2019-03-18T21:50:00,2019,3,18,21,50,0.00000000,22.68333333,22.68333333,0.00000000
2019-03-18T22:00:00,2019,3,18,22,0,0.00000000,22.60000000,22.60000000,0.00000000
2019-03-18T22:10:00,2019,3,18,22,10,0.00000000,22.51666667,22.51666667,0.00000000
2019-03-18T22:20:00,2019,3,18,22,20,0.00000000,22.43333333,22.43333333,0.00000000
2019-03-18T22:30:00,2019,3,18,22,30,0.00000000,22.35000000,22.35000000,0.00000000
2019-03-18T22:40:00,2019,3,18,22,40,0.00000000,22.26666667,22.26666667,0.00000000
2019-03-18T22:50:00,2019,3,18,22,50,0.00000000,22.18333333,22.18333333,0.00000000
2019-03-18T23:00:00,2019,3,18,23,0,0.00000000,22.10000000,22.10000000,0.00000000
2019-03-18T23:10:00,2019,3,18,23,10,0.00000000,21.93333333,21.93333333,0.00000000
2019-03-18T23:20:00,2019,3,18,23,20,0.00000000,21.76666667,21.76666667,0.00000000
2019-03-18T23:30:00,2019,3,18,23,30,0.00000000,21.60000000,21.60000000,0.00000000
2019-03-18T23:40:00,2019,3,18,23,40,0.00000000,21.43333333,21.43333333,0.00000000
2019-03-18T23:50:00,2019,3,18,23,50,0.00000000,21.26666667,21.26666667,0.00000000
2019-03-19T00:00:00,2019,3,19,0,0,0.00000000,21.10000000,21.10000000,0.00000000
2019-03-19T00:10:00,2019,3,19,0,10,0.00000000,21.05000000,21.05000000,0.00000000
2019-03-19T00:20:00,2019,3,19,0,20,0.00000000,21.00000000,21.00000000,0.00000000
2019-03-19T00:30:00,2019,3,19,0,30,0.00000000,20.95000000,20.95000000,0.00000000
2019-03-19T00:40:00,2019,3,19,0,40,0.00000000,20.90000000,20.90000000,0.00000000
2019-03-19T00:50:00,2019,3,19,0,50,0.00000000,20.85000000,20.85000000,0.00000000
2019-03-19T01:00:00,2019,3,19,1,0,0.00000000,20.80000000,20.80000000,0.00000000
2019-03-19T01:10:00,2019,3,19,1,10,0.00000000,20.73333333,20.73333333,0.00000000
2019-03-19T01:20:00,2019,3,19,1,20,0.00000000,20.66666667,20.66666667,0.00000000
2019-03-19T01:30:00,2019,3,19,1,30,0.00000000,20.60000000,20.60000000,0.00000000
2019-03-19T01:40:00,2019,3,19,1,40,0.00000000,20.53333333,20.53333333,0.00000000
2019-03-19T01:50:00,2019,3,19,1,50,0.00000000,20.46666667,20.46666667,0.00000000
2019-03-19T02:00:00,2019,3,19,2,0,0.00000000,20.40000000,20.40000000,0.00000000
2019-03-19T02:10:00,2019,3,19,2,10,0.00000000,20.38333333,20.38333333,0.00000000
2019-03-19T02:20:00,2019,3,19,2,20,0.00000000,20.36666667,20.36666667,0.00000000
2019-03-19T02:30:00,2019,3,19,2,30,0.00000000,20.35000000,20.35000000,0.00000000
2019-03-19T02:40:00,2019,3,19,2,40,0.00000000,20.33333333,20.33333333,0.00000000
2019-03-19T02:50:00,2019,3,19,2,50,0.00000000,20.31666667,20.31666667,0.00000000
2019-03-19T03:00:00,2019,3,19,3,0,0.00000000,20.30000000,20.30000000,0.00000000
2019-03-19T03:10:00,2019,3,19,3,10,0.00000000,20.25000000,20.25000000,0.00000000
2019-03-19T03:20:00,2019,3,19,3,20,0.00000000,20.20000000,20.20000000,0.00000000
2019-03-19T03:30:00,2019,3,19,3,30,0.00000000,20.15000000,20.15000000,0.00000000
2019-03-19T03:40:00,2019,3,19,3,40,0.00000000,20.10000000,20.10000000,0.00000000
2019-03-19T03:50:00,2019,3,19,3,50,0.00000000,20.05000000,20.05000000,0.00000000
2019-03-19T04:00:00,2019,3,19,4,0,0.00000000,20.00000000,20.00000000,0.00000000
2019-03-19T04:10:00,2019,3,19,4,10,0.00000000,19.96666667,19.96666667,0.00000000
2019-03-19T04:20:00,2019,3,19,4,20,0.00000000,19.93333333,19.93333333,0.00000000
2019-03-19T04:30:00,2019,3,19,4,30,0.00000000,19.90000000,19.90000000,0.00000000
2019-03-19T04:40:00,2019,3,19,4,40,0.00000000,19.86666667,19.86666667,0.00000000
2019-03-19T04:50:00,2019,3,19,4,50,0.00000000,19.83333333,19.83333333,0.00000000
2019-03-19T05:00:00,2019,3,19,5,0,0.00000000,19.80000000,19.80000000,0.00000000
2019-03-19T05:10:00,2019,3,19,5,10,0.00833333,19.70000000,19.99166667,0.00852532
2019-03-19T05:20:00,2019,3,19,5,20,0.01666667,19.60000000,20.18333333,0.01703594
2019-03-19T05:30:00,2019,3,19,5,30,0.02500000,19.50000000,20.37500000,0.02553187
2019-03-19T05:40:00,2019,3,19,5,40,0.03333333,19.40000000,20.56666667,0.03401311
2019-03-19T05:50:00,2019,3,19,5,50,0.04166667,19.30000000,20.75833333,0.04247965
2019-03-19T06:00:00,2019,3,19,6,0,0.05000000,19.20000000,20.95000000,0.05093150
2019-03-19T06:10:00,2019,3,19,6,10,0.09633333,19.58333333,22.95500000,0.09723954
2019-03-19T06:20:00,2019,3,19,6,20,0.14266667,19.96666667,24.96000000,0.14269292
2019-03-19T06:30:00,2019,3,19,6,30,0.18900000,20.35000000,26.96500000,0.18729163
2019-03-19T06:40:00,2019,3,19,6,40,0.23533333,20.73333333,28.97000000,0.23103568
2019-03-19T06:50:00,2019,3,19,6,50,0.28166667,21.11666667,30.97500000,0.27392506
2019-03-19T07:00:00,2019,3,19,7,0,0.32800000,21.50000000,32.98000000,0.31595978
2019-03-19T07:10:00,2019,3,19,7,10,0.32283333,21.90000000,33.19916667,0.31065730
2019-03-19T07:20:00,2019,3,19,7,20,0.31766667,22.30000000,33.41833333,0.30536524
2019-03-19T07:30:00,2019,3,19,7,30,0.31250000,22.70000000,33.63750000,0.30008359
2019-03-19T07:40:00,2019,3,19,7,40,0.30733333,23.10000000,33.85666667,0.29481237
2019-03-19T07:50:00,2019,3,19,7,50,0.30216667,23.50000000,34.07583333,0.28955156
2019-03-19T08:00:00,2019,3,19,8,0,0.29700000,23.90000000,34.29500000,0.28430117
2019-03-19T08:10:00,2019,3,19,8,10,0.32616667,24.08333333,35.49916667,0.31041407
2019-03-19T08:20:00,2019,3,19,8,20,0.35533333,24.26666667,36.70333333,0.33620384
2019-03-19T08:30:00,2019,3,19,8,30,0.38450000,24.45000000,37.90750000,0.36167050
2019-03-19T08:40:00,2019,3,19,8,40,0.41366667,24.63333333,39.11166667,0.38681405
2019-03-19T08:50:00,2019,3,19,8,50,0.44283333,24.81666667,40.31583333,0.41163447
2019-03-19T09:00:00,2019,3,19,9,0,0.47200000,25.00000000,41.52000000,0.43613178
2019-03-19T09:10:00,2019,3,19,9,10,0.50300000,25.28333333,42.88833333,0.46160997
2019-03-19T09:20:00,2019,3,19,9,20,0.53400000,25.56666667,44.25666667,0.48669792
2019-03-19T09:30:00,2019,3,19,9,30,0.56500000,25.85000000,45.62500000,0.51139562
2019-03-19T09:40:00,2019,3,19,9,40,0.59600000,26.13333333,46.99333333,0.53570308
2019-03-19T09:50:00,2019,3,19,9,50,0.62700000,26.41666667,48.36166667,0.55962028
2019-03-19T10:00:00,2019,3,19,10,0,0.65800000,26.70000000,49.73000000,0.58314724
2019-03-19T10:10:00,2019,3,19,10,10,0.67516667,26.98333333,50.61416667,0.59561504
2019-03-19T10:20:00,2019,3,19,10,20,0.69233333,27.26666667,51.49833333,0.60794321
2019-03-19T10:30:00,2019,3,19,10,30,0.70950000,27.55000000,52.38250000,0.62013173
2019-03-19T10:40:00,2019,3,19,10,40,0.72666667,27.83333333,53.26666667,0.63218062
2019-03-19T10:50:00,2019,3,19,10,50,0.74383333,28.11666667,54.15083333,0.64408987
2019-03-19T11:00:00,2019,3,19,11,0,0.76100000,28.40000000,55.03500000,0.65585948
2019-03-19T11:10:00,2019,3,19,11,10,0.78783333,28.65000000,56.22416667,0.67467591
2019-03-19T11:20:00,2019,3,19,11,20,0.81466667,28.90000000,57.41333333,0.69319878
2019-03-19T11:30:00,2019,3,19,11,30,0.84150000,29.15000000,58.60250000,0.71142808
2019-03-19T11:40:00,2019,3,19,11,40,0.86833333,29.40000000,59.79166667,0.72936382
2019-03-19T11:50:00,2019,3,19,11,50,0.89516667,29.65000000,60.98083333,0.74700599
2019-03-19T12:00:00,2019,3,19,12,0,0.92200000,29.90000000,62.17000000,0.76435460
2019-03-19T12:10:00,2019,3,19,12,10,0.89166667,30.06666667,61.27500000,0.74287871
2019-03-19T12:20:00,2019,3,19,12,20,0.86133333,30.23333333,60.38000000,0.72115306
2019-03-19T12:30:00,2019,3,19,12,30,0.83100000,30.40000000,59.48500000,0.69917764
2019-03-19T12:40:00,2019,3,19,12,40,0.80066667,30.56666667,58.59000000,0.67695246
2019-03-19T12:50:00,2019,3,19,12,50,0.77033333,30.73333333,57.69500000,0.65447751
2019-03-19T13:00:00,2019,3,19,13,0,0.74000000,30.90000000,56.80000000,0.63175280
2019-03-19T13:10:00,2019,3,19,13,10,0.71650000,30.68333333,55.76083333,0.61511537
2019-03-19T13:20:00,2019,3,19,13,20,0.69300000,30.46666667,54.72166667,0.59825327
2019-03-19T13:30:00,2019,3,19,13,30,0.66950000,30.25000000,53.68250000,0.58116650
2019-03-19T13:40:00,2019,3,19,13,40,0.64600000,30.03333333,52.64333333,0.56385507
2019-03-19T13:50:00,2019,3,19,13,50,0.62250000,29.81666667,51.60416667,0.54631897
2019-03-19T14:00:00,2019,3,19,14,0,0.59900000,29.60000000,50.56500000,0.52855820
2019-03-19T14:10:00,2019,3,19,14,10,0.57083333,29.50000000,49.47916667,0.50655512
2019-03-19T14:20:00,2019,3,19,14,20,0.54266667,29.40000000,48.39333333,0.48427067
2019-03-19T14:30:00,2019,3,19,14,30,0.51450000,29.30000000,47.30750000,0.46170484
2019-03-19T14:40:00,2019,3,19,14,40,0.48633333,29.20000000,46.22166667,0.43885764
2019-03-19T14:50:00,2019,3,19,14,50,0.45816667,29.10000000,45.13583333,0.41572906
2019-03-19T15:00:00,2019,3,19,15,0,0.43000000,29.00000000,44.05000000,0.39231910
2019-03-19T15:10:00,2019,3,19,15,10,0.40483333,28.66666667,42.83583333,0.37161885
2019-03-19T15:20:00,2019,3,19,15,20,0.37966667,28.33333333,41.62166667,0.35063748
2019-03-19T15:30:00,2019,3,19,15,30,0.35450000,28.00000000,40.40750000,0.32937499
2019-03-19T15:40:00,2019,3,19,15,40,0.32933333,27.66666667,39.19333333,0.30783138
2019-03-19T15:50:00,2019,3,19,15,50,0.30416667,27.33333333,37.97916667,0.28600665
2019-03-19T16:00:00,2019,3,19,16,0,0.27900000,27.00000000,36.76500000,0.26390080
2019-03-19T16:10:00,2019,3,19,16,10,0.24883333,26.73333333,35.44250000,0.23688050
2019-03-19T16:20:00,2019,3,19,16,20,0.21866667,26.46666667,34.12000000,0.20949316
2019-03-19T16:30:00,2019,3,19,16,30,0.18850000,26.20000000,32.79750000,0.18173879
2019-03-19T16:40:00,2019,3,19,16,40,0.15833333,25.93333333,31.47500000,0.15361738
2019-03-19T16:50:00,2019,3,19,16,50,0.12816667,25.66666667,30.15250000,0.12512892
2019-03-19T17:00:00,2019,3,19,17,0,0.09800000,25.40000000,28.83000000,0.09627344
2019-03-19T17:10:00,2019,3,19,17,10,0.08166667,25.13333333,27.99166667,0.08054280
2019-03-19T17:20:00,2019,3,19,17,20,0.06533333,24.86666667,27.15333333,0.06468618
2019-03-19T17:30:00,2019,3,19,17,30,0.04900000,24.60000000,26.31500000,0.04870360
2019-03-19T17:40:00,2019,3,19,17,40,0.03266667,24.33333333,25.47666667,0.03259504
2019-03-19T17:50:00,2019,3,19,17,50,0.01633333,24.06666667,24.63833333,0.01636051
2019-03-19T18:00:00,2019,3,19,18,0,0.00000000,23.80000000,23.80000000,0.00000000
2019-03-19T18:10:00,2019,3,19,18,10,0.00000000,23.55000000,23.55000000,0.00000000
2019-03-19T18:20:00,2019,3,19,18,20,0.00000000,23.30000000,23.30000000,0.00000000
2019-03-19T18:30:00,2019,3,19,18,30,0.00000000,23.05000000,23.05000000,0.00000000
2019-03-19T18:40:00,2019,3,19,18,40,0.00000000,22.80000000,22.80000000,0.00000000
2019-03-19T18:50:00,2019,3,19,18,50,0.00000000,22.55000000,22.55000000,0.00000000
2019-03-19T19:00:00,2019,3,19,19,0,0.00000000,22.30000000,22.30000000,0.00000000
2019-03-19T19:10:00,2019,3,19,19,10,0.00000000,22.36666667,22.36666667,0.00000000
2019-03-19T19:20:00,2019,3,19,19,20,0.00000000,22.43333333,22.43333333,0.00000000
2019-03-19T19:30:00,2019,3,19,19,30,0.00000000,22.50000000,22.50000000,0.00000000
2019-03-19T19:40:00,2019,3,19,19,40,0.00000000,22.56666667,22.56666667,0.00000000
2019-03-19T19:50:00,2019,3,19,19,50,0.00000000,22.63333333,22.63333333,0.00000000
2019-03-19T20:00:00,2019,3,19,20,0,0.00000000,22.70000000,22.70000000,0.00000000
2019-03-19T20:10:00,2019,3,19,20,10,0.00000000,22.50000000,22.50000000,0.00000000
2019-03-19T20:20:00,2019,3,19,20,20,0.00000000,22.30000000,22.30000000,0.00000000
2019-03-19T20:30:00,2019,3,19,20,30,0.00000000,22.10000000,22.10000000,0.00000000
2019-03-19T20:40:00,2019,3,19,20,40,0.00000000,21.90000000,21.90000000,0.00000000
2019-03-19T20:50:00,2019,3,19,20,50,0.00000000,21.70000000,21.70000000,0.00000000
2019-03-19T21:00:00,2019,3,19,21,0,0.00000000,21.50000000,21.50000000,0.00000000
2019-03-19T21:10:00,2019,3,19,21,10,0.00000000,21.36666667,21.36666667,0.00000000
2019-03-19T21:20:00,2019,3,19,21,20,0.00000000,21.23333333,21.23333333,0.00000000
2019-03-19T21:30:00,2019,3,19,21,30,0.00000000,21.10000000,21.10000000,0.00000000
2019-03-19T21:40:00,2019,3,19,21,40,0.00000000,20.96666667,20.96666667,0.00000000
2019-03-19T21:50:00,2019,3,19,21,50,0.00000000,20.83333333,20.83333333,0.00000000
2019-03-19T22:00:00,2019,3,19,22,0,0.00000000,20.70000000,20.70000000,0.00000000
2019-03-19T22:10:00,2019,3,19,22,10,0.00000000,20.73333333,20.73333333,0.00000000
2019-03-19T22:20:00,2019,3,19,22,20,0.00000000,20.76666667,20.76666667,0.00000000
2019-03-19T22:30:00,2019,3,19,22,30,0.00000000,20.80000000,20.80000000,0.00000000
2019-03-19T22:40:00,2019,3,19,22,40,0.00000000,20.83333333,20.83333333,0.00000000
2019-03-19T22:50:00,2019,3,19,22,50,0.00000000,20.86666667,20.86666667,0.00000000
2019-03-19T23:00:00,2019,3,19,23,0,0.00000000,20.90000000,20.90000000,0.00000000
2019-03-19T23:10:00,2019,3,19,23,10,0.00000000,20.83333333,20.83333333,0.00000000
2019-03-19T23:20:00,2019,3,19,23,20,0.00000000,20.76666667,20.76666667,0.00000000
2019-03-19T23:30:00,2019,3,19,23,30,0.00000000,20.70000000,20.70000000,0.00000000
2019-03-19T23:40:00,2019,3,19,23,40,0.00000000,20.63333333,20.63333333,0.00000000
2019-03-19T23:50:00,2019,3,19,23,50,0.00000000,20.56666667,20.56666667,0.00000000
2019-03-20T00:00:00,2019,3,20,0,0,0.00000000,20.50000000,20.50000000,0.00000000
2019-03-20T00:10:00,2019,3,20,0,10,0.00000000,20.48333333,20.48333333,0.00000000
2019-03-20T00:20:00,2019,3,20,0,20,0.00000000,20.46666667,20.46666667,0.00000000
2019-03-20T00:30:00,2019,3,20,0,30,0.00000000,20.45000000,20.45000000,0.00000000
2019-03-20T00:40:00,2019,3,20,0,40,0.00000000,20.43333333,20.43333333,0.00000000
2019-03-20T00:50:00,2019,3,20,0,50,0.00000000,20.41666667,20.41666667,0.00000000
2019-03-20T01:00:00,2019,3,20,1,0,0.00000000,20.40000000,20.40000000,0.00000000
2019-03-20T01:10:00,2019,3,20,1,10,0.00000000,20.25000000,20.25000000,0.00000000
2019-03-20T01:20:00,2019,3,20,1,20,0.00000000,20.10000000,20.10000000,0.00000000
2019-03-20T01:30:00,2019,3,20,1,30,0.00000000,19.95000000,19.95000000,0.00000000
2019-03-20T01:40:00,2019,3,20,1,40,0.00000000,19.80000000,19.80000000,0.00000000
2019-03-20T01:50:00,2019,3,20,1,50,0.00000000,19.65000000,19.65000000,0.00000000
2019-03-20T02:00:00,2019,3,20,2,0,0.00000000,19.50000000,19.50000000,0.00000000
2019-03-20T02:10:00,2019,3,20,2,10,0.00000000,19.50000000,19.50000000,0.00000000
2019-03-20T02:20:00,2019,3,20,2,20,0.00000000,19.50000000,19.50000000,0.00000000
2019-03-20T02:30:00,2019,3,20,2,30,0.00000000,19.50000000,19.50000000,0.00000000
2019-03-20T02:40:00,2019,3,20,2,40,0.00000000,19.50000000,19.50000000,0.00000000
2019-03-20T02:50:00,2019,3,20,2,50,0.00000000,19.50000000,19.50000000,0.00000000
2019-03-20T03:00:00,2019,3,20,3,0,0.00000000,19.50000000,19.50000000,0.00000000
2019-03-20T03:10:00,2019,3,20,3,10,0.00000000,19.45000000,19.45000000,0.00000000
2019-03-20T03:20:00,2019,3,20,3,20,0.00000000,19.40000000,19.40000000,0.00000000
2019-03-20T03:30:00,2019,3,20,3,30,0.00000000,19.35000000,19.35000000,0.00000000
2019-03-20T03:40:00,2019,3,20,3,40,0.00000000,19.30000000,19.30000000,0.00000000
2019-03-20T03:50:00,2019,3,20,3,50,0.00000000,19.25000000,19.25000000,0.00000000
2019-03-20T04:00:00,2019,3,20,4,0,0.00000000,19.20000000,19.20000000,0.00000000
2019-03-20T04:10:00,2019,3,20,4,10,0.00000000,19.16666667,19.16666667,0.00000000
2019-03-20T04:20:00,2019,3,20,4,20,0.00000000,19.13333333,19.13333333,0.00000000
2019-03-20T04:30:00,2019,3,20,4,30,0.00000000,19.10000000,19.10000000,0.00000000
2019-03-20T04:40:00,2019,3,20,4,40,0.00000000,19.06666667,19.06666667,0.00000000
2019-03-20T04:50:00,2019,3,20,4,50,0.00000000,19.03333333,19.03333333,0.00000000
2019-03-20T05:00:00,2019,3,20,5,0,0.00000000,19.00000000,19.00000000,0.00000000
2019-03-20T05:10:00,2019,3,20,5,10,0.01466667,19.01666667,19.53000000,0.01503571
2019-03-20T05:20:00,2019,3,20,5,20,0.02933333,19.03333333,20.06000000,0.02999990
2019-03-20T05:30:00,2019,3,20,5,30,0.04400000,19.05000000,20.59000000,0.04489258
2019-03-20T05:40:00,2019,3,20,5,40,0.05866667,19.06666667,21.12000000,0.05971375
2019-03-20T05:50:00,2019,3,20,5,50,0.07333333,19.08333333,21.65000000,0.07446340
2019-03-20T06:00:00,2019,3,20,6,0,0.08800000,19.10000000,22.18000000,0.08914154
2019-03-20T06:10:00,2019,3,20,6,10,0.09283333,19.51666667,22.76583333,0.09378740
2019-03-20T06:20:00,2019,3,20,6,20,0.09766667,19.93333333,23.35166667,0.09840721
2019-03-20T06:30:00,2019,3,20,6,30,0.10250000,20.35000000,23.93750000,0.10300097
2019-03-20T06:40:00,2019,3,20,6,40,0.10733333,20.76666667,24.52333333,0.10756868
2019-03-20T06:50:00,2019,3,20,6,50,0.11216667,21.18333333,25.10916667,0.11211034
2019-03-20T07:00:00,2019,3,20,7,0,0.11700000,21.60000000,25.69500000,0.11662595
2019-03-20T07:10:00,2019,3,20,7,10,0.18333333,21.73333333,28.15000000,0.18067683
2019-03-20T07:20:00,2019,3,20,7,20,0.24966667,21.86666667,30.60500000,0.24322951
2019-03-20T07:30:00,2019,3,20,7,30,0.31600000,22.00000000,33.06000000,0.30428398
2019-03-20T07:40:00,2019,3,20,7,40,0.38233333,22.13333333,35.51500000,0.36384025
2019-03-20T07:50:00,2019,3,20,7,50,0.44866667,22.26666667,37.97000000,0.42189832
2019-03-20T08:00:00,2019,3,20,8,0,0.51500000,22.40000000,40.42500000,0.47845818
2019-03-20T08:10:00,2019,3,20,8,10,0.49883333,22.83333333,40.29250000,0.46374265
2019-03-20T08:20:00,2019,3,20,8,20,0.48266667,23.26666667,40.16000000,0.44900742
2019-03-20T08:30:00,2019,3,20,8,30,0.46650000,23.70000000,40.02750000,0.43425249
2019-03-20T08:40:00,2019,3,20,8,40,0.45033333,24.13333333,39.89500000,0.41947784
2019-03-20T08:50:00,2019,3,20,8,50,0.43416667,24.56666667,39.76250000,0.40468349
2019-03-20T09:00:00,2019,3,20,9,0,0.41800000,25.00000000,39.63000000,0.38986944
2019-03-20T09:10:00,2019,3,20,9,10,0.42700000,25.08333333,40.02833333,0.39748135
2019-03-20T09:20:00,2019,3,20,9,20,0.43600000,25.16666667,40.42666667,0.40506028
2019-03-20T09:30:00,2019,3,20,9,30,0.44500000,25.25000000,40.82500000,0.41260622
2019-03-20T09:40:00,2019,3,20,9,40,0.45400000,25.33333333,41.22333333,0.42011919
2019-03-20T09:50:00,2019,3,20,9,50,0.46300000,25.41666667,41.62166667,0.42759917
2019-03-20T10:00:00,2019,3,20,10,0,0.47200000,25.50000000,42.02000000,0.43504618
2019-03-20T10:10:00,2019,3,20,10,10,0.54016667,25.66666667,44.57250000,0.49153357
2019-03-20T10:20:00,2019,3,20,10,20,0.60833333,25.83333333,47.12500000,0.54642021
2019-03-20T10:30:00,2019,3,20,10,30,0.67650000,26.00000000,49.67750000,0.59970609
2019-03-20T10:40:00,2019,3,20,10,40,0.74466667,26.16666667,52.23000000,0.65139121
2019-03-20T10:50:00,2019,3,20,10,50,0.81283333,26.33333333,54.78250000,0.70147557
2019-03-20T11:00:00,2019,3,20,11,0,0.88100000,26.50000000,57.33500000,0.74995918
2019-03-20T11:10:00,2019,3,20,11,10,0.88966667,26.88333333,58.02166667,0.75452660
2019-03-20T11:20:00,2019,3,20,11,20,0.89833333,27.26666667,58.70833333,0.75903926
2019-03-20T11:30:00,2019,3,20,11,30,0.90700000,27.65000000,59.39500000,0.76349718
2019-03-20T11:40:00,2019,3,20,11,40,0.91566667,28.03333333,60.08166667,0.76790035
2019-03-20T11:50:00,2019,3,20,11,50,0.92433333,28.41666667,60.76833333,0.77224876
2019-03-20T12:00:00,2019,3,20,12,0,0.93300000,28.80000000,61.45500000,0.77654243
2019-03-20T12:10:00,2019,3,20,12,10,0.91350000,28.91666667,60.88916667,0.76269013
2019-03-20T12:20:00,2019,3,20,12,20,0.89400000,29.03333333,60.32333333,0.74873632
2019-03-20T12:30:00,2019,3,20,12,30,0.87450000,29.15000000,59.75750000,0.73468100
2019-03-20T12:40:00,2019,3,20,12,40,0.85500000,29.26666667,59.19166667,0.72052417
2019-03-20T12:50:00,2019,3,20,12,50,0.83550000,29.38333333,58.62583333,0.70626583
2019-03-20T13:00:00,2019,3,20,13,0,0.81600000,29.50000000,58.06000000,0.69190598
2019-03-20T13:10:00,2019,3,20,13,10,0.73783333,29.43333333,55.25750000,0.63513837
2019-03-20T13:20:00,2019,3,20,13,20,0.65966667,29.36666667,52.45500000,0.57635538
2019-03-20T13:30:00,2019,3,20,13,30,0.58150000,29.30000000,49.65250000,0.51555703
2019-03-20T13:40:00,2019,3,20,13,40,0.50333333,29.23333333,46.85000000,0.45274330
2019-03-20T13:50:00,2019,3,20,13,50,0.42516667,29.16666667,44.04750000,0.38791420
2019-03-20T14:00:00,2019,3,20,14,0,0.34700000,29.10000000,41.24500000,0.32106973
2019-03-20T14:10:00,2019,3,20,14,10,0.33283333,28.66666667,40.31583333,0.30938428
2019-03-20T14:20:00,2019,3,20,14,20,0.31866667,28.23333333,39.38666667,0.29757773
2019-03-20T14:30:00,2019,3,20,14,30,0.30450000,27.80000000,38.45750000,0.28565008
2019-03-20T14:40:00,2019,3,20,14,40,0.29033333,27.36666667,37.52833333,0.27360133
2019-03-20T14:50:00,2019,3,20,14,50,0.27616667,26.93333333,36.59916667,0.26143147
2019-03-20T15:00:00,2019,3,20,15,0,0.26200000,26.50000000,35.67000000,0.24914052
2019-03-20T15:10:00,2019,3,20,15,10,0.25800000,26.33333333,35.36333333,0.24570080
2019-03-20T15:20:00,2019,3,20,15,20,0.25400000,26.16666667,35.05666667,0.24224979
2019-03-20T15:30:00,2019,3,20,15,30,0.25000000,26.00000000,34.75000000,0.23878750
2019-03-20T15:40:00,2019,3,20,15,40,0.24600000,25.83333333,34.44333333,0.23531392
2019-03-20T15:50:00,2019,3,20,15,50,0.24200000,25.66666667,34.13666667,0.23182906
2019-03-20T16:00:00,2019,3,20,16,0,0.23800000,25.50000000,33.83000000,0.22833292
2019-03-20T16:10:00,2019,3,20,16,10,0.20933333,25.41666667,32.74333333,0.20187702
2019-03-20T16:20:00,2019,3,20,16,20,0.18066667,25.33333333,31.65666667,0.17513453
2019-03-20T16:30:00,2019,3,20,16,30,0.15200000,25.25000000,30.57000000,0.14810546
2019-03-20T16:40:00,2019,3,20,16,40,0.12333333,25.16666667,29.48333333,0.12078979
2019-03-20T16:50:00,2019,3,20,16,50,0.09466667,25.08333333,28.39666667,0.09318753
2019-03-20T17:00:00,2019,3,20,17,0,0.06600000,25.00000000,27.31000000,0.06529868
2019-03-20T17:10:00,2019,3,20,17,10,0.05500000,24.86666667,26.79166667,0.05454671
2019-03-20T17:20:00,2019,3,20,17,20,0.04400000,24.73333333,26.27333333,0.04374228
2019-03-20T17:30:00,2019,3,20,17,30,0.03300000,24.60000000,25.75500000,0.03288539
2019-03-20T17:40:00,2019,3,20,17,40,0.02200000,24.46666667,25.23666667,0.02197605
2019-03-20T17:50:00,2019,3,20,17,50,0.01100000,24.33333333,24.71833333,0.01101425
2019-03-20T18:00:00,2019,3,20,18,0,0.00000000,24.20000000,24.20000000,0.00000000
2019-03-20T18:10:00,2019,3,20,18,10,0.00000000,23.98333333,23.98333333,0.00000000
2019-03-20T18:20:00,2019,3,20,18,20,0.00000000,23.76666667,23.76666667,0.00000000
2019-03-20T18:30:00,2019,3,20,18,30,0.00000000,23.55000000,23.55000000,0.00000000
2019-03-20T18:40:00,2019,3,20,18,40,0.00000000,23.33333333,23.33333333,0.00000000
2019-03-20T18:50:00,2019,3,20,18,50,0.00000000,23.11666667,23.11666667,0.00000000
2019-03-20T19:00:00,2019,3,20,19,0,0.00000000,22.90000000,22.90000000,0.00000000
2019-03-20T19:10:00,2019,3,20,19,10,0.00000000,22.88333333,22.88333333,0.00000000
2019-03-20T19:20:00,2019,3,20,19,20,0.00000000,22.86666667,22.86666667,0.00000000
2019-03-20T19:30:00,2019,3,20,19,30,0.00000000,22.85000000,22.85000000,0.00000000
2019-03-20T19:40:00,2019,3,20,19,40,0.00000000,22.83333333,22.83333333,0.00000000
2019-03-20T19:50:00,2019,3,20,19,50,0.00000000,22.81666667,22.81666667,0.00000000
2019-03-20T20:00:00,2019,3,20,20,0,0.00000000,22.80000000,22.80000000,0.00000000
2019-03-20T20:10:00,2019,3,20,20,10,0.00000000,22.70000000,22.70000000,0.00000000
2019-03-20T20:20:00,2019,3,20,20,20,0.00000000,22.60000000,22.60000000,0.00000000
2019-03-20T20:30:00,2019,3,20,20,30,0.00000000,22.50000000,22.50000000,0.00000000
2019-03-20T20:40:00,2019,3,20,20,40,0.00000000,22.40000000,22.40000000,0.00000000
2019-03-20T20:50:00,2019,3,20,20,50,0.00000000,22.30000000,22.30000000,0.00000000
2019-03-20T21:00:00,2019,3,20,21,0,0.00000000,22.20000000,22.20000000,0.00000000
2019-03-20T21:10:00,2019,3,20,21,10,0.00000000,22.03333333,22.03333333,0.00000000
2019-03-20T21:20:00,2019,3,20,21,20,0.00000000,21.86666667,21.86666667,0.00000000
2019-03-20T21:30:00,2019,3,20,21,30,0.00000000,21.70000000,21.70000000,0.00000000
2019-03-20T21:40:00,2019,3,20,21,40,0.00000000,21.53333333,21.53333333,0.00000000
2019-03-20T21:50:00,2019,3,20,21,50,0.00000000,21.36666667,21.36666667,0.00000000
2019-03-20T22:00:00,2019,3,20,22,0,0.00000000,21.20000000,21.20000000,0.00000000
2019-03-20T22:10:00,2019,3,20,22,10,0.00000000,21.16666667,21.16666667,0.00000000
2019-03-20T22:20:00,2019,3,20,22,20,0.00000000,21.13333333,21.13333333,0.00000000
2019-03-20T22:30:00,2019,3,20,22,30,0.00000000,21.10000000,21.10000000,0.00000000
2019-03-20T22:40:00,2019,3,20,22,40,0.00000000,21.06666667,21.06666667,0.00000000
2019-03-20T22:50:00,2019,3,20,22,50,0.00000000,21.03333333,21.03333333,0.00000000
2019-03-20T23:00:00,2019,3,20,23,0,0.00000000,21.00000000,21.00000000,0.00000000
2019-03-20T23:10:00,2019,3,20,23,10,0.00000000,21.01666667,21.01666667,0.00000000
2019-03-20T23:20:00,2019,3,20,23,20,0.00000000,21.03333333,21.03333333,0.00000000
2019-03-20T23:30:00,2019,3,20,23,30,0.00000000,21.05000000,21.05000000,0.00000000
2019-03-20T23:40:00,2019,3,20,23,40,0.00000000,21.06666667,21.06666667,0.00000000
2019-03-20T23:50:00,2019,3,20,23,50,0.00000000,21.08333333,21.08333333,0.00000000
2019-03-21T00:00:00,2019,3,21,0,0,0.00000000,21.10000000,21.10000000,0.00000000
2019-03-21T00:10:00,2019,3,21,0,10,0.00000000,21.03333333,21.03333333,0.00000000
2019-03-21T00:20:00,2019,3,21,0,20,0.00000000,20.96666667,20.96666667,0.00000000
2019-03-21T00:30:00,2019,3,21,0,30,0.00000000,20.90000000,20.90000000,0.00000000
2019-03-21T00:40:00,2019,3,21,0,40,0.00000000,20.83333333,20.83333333,0.00000000
2019-03-21T00:50:00,2019,3,21,0,50,0.00000000,20.76666667,20.76666667,0.00000000
2019-03-21T01:00:00,2019,3,21,1,0,0.00000000,20.70000000,20.70000000,0.00000000
2019-03-21T01:10:00,2019,3,21,1,10,0.00000000,20.65000000,20.65000000,0.00000000
2019-03-21T01:20:00,2019,3,21,1,20,0.00000000,20.60000000,20.60000000,0.00000000
2019-03-21T01:30:00,2019,3,21,1,30,0.00000000,20.55000000,20.55000000,0.00000000
2019-03-21T01:40:00,2019,3,21,1,40,0.00000000,20.50000000,20.50000000,0.00000000
2019-03-21T01:50:00,2019,3,21,1,50,0.00000000,20.45000000,20.45000000,0.00000000
2019-03-21T02:00:00,2019,3,21,2,0,0.00000000,20.40000000,20.40000000,0.00000000
2019-03-21T02:10:00,2019,3,21,2,10,0.00000000,20.41666667,20.41666667,0.00000000
2019-03-21T02:20:00,2019,3,21,2,20,0.00000000,20.43333333,20.43333333,0.00000000
2019-03-21T02:30:00,2019,3,21,2,30,0.00000000,20.45000000,20.45000000,0.00000000
2019-03-21T02:40:00,2019,3,21,2,40,0.00000000,20.46666667,20.46666667,0.00000000
2019-03-21T02:50:00,2019,3,21,2,50,0.00000000,20.48333333,20.48333333,0.00000000
2019-03-21T03:00:00,2019,3,21,3,0,0.00000000,20.50000000,20.50000000,0.00000000
2019-03-21T03:10:00,2019,3,21,3,10,0.00000000,20.53333333,20.53333333,0.00000000
2019-03-21T03:20:00,2019,3,21,3,20,0.00000000,20.56666667,20.56666667,0.00000000
2019-03-21T03:30:00,2019,3,21,3,30,0.00000000,20.60000000,20.60000000,0.00000000
2019-03-21T03:40:00,2019,3,21,3,40,0.00000000,20.63333333,20.63333333,0.00000000
2019-03-21T03:50:00,2019,3,21,3,50,0.00000000,20.66666667,20.66666667,0.00000000
2019-03-21T04:00:00,2019,3,21,4,0,0.00000000,20.70000000,20.70000000,0.00000000
2019-03-21T04:10:00,2019,3,21,4,10,0.00000000,20.58333333,20.58333333,0.00000000
2019-03-21T04:20:00,2019,3,21,4,20,0.00000000,20.46666667,20.46666667,0.00000000
2019-03-21T04:30:00,2019,3,21,4,30,0.00000000,20.35000000,20.35000000,0.00000000
2019-03-21T04:40:00,2019,3,21,4,40,0.00000000,20.23333333,20.23333333,0.00000000
2019-03-21T04:50:00,2019,3,21,4,50,0.00000000,20.11666667,20.11666667,0.00000000
2019-03-21T05:00:00,2019,3,21,5,0,0.00000000,20.00000000,20.00000000,0.00000000
2019-03-21T05:10:00,2019,3,21,5,10,0.01100000,20.06666667,20.45166667,0.01123015
2019-03-21T05:20:00,2019,3,21,5,20,0.02200000,20.13333333,20.90333333,0.02241458
2019-03-21T05:30:00,2019,3,21,5,30,0.03300000,20.20000000,21.35500000,0.03355331
2019-03-21T05:40:00,2019,3,21,5,40,0.04400000,20.26666667,21.80666667,0.04464633
2019-03-21T05:50:00,2019,3,21,5,50,0.05500000,20.33333333,22.25833333,0.05569364
2019-03-21T06:00:00,2019,3,21,6,0,0.06600000,20.40000000,22.71000000,0.06669524
2019-03-21T06:10:00,2019,3,21,6,10,0.09333333,20.60000000,23.86666667,0.09381991
2019-03-21T06:20:00,2019,3,21,6,20,0.12066667,20.80000000,25.02333333,0.12065372
2019-03-21T06:30:00,2019,3,21,6,30,0.14800000,21.00000000,26.18000000,0.14719666
2019-03-21T06:40:00,2019,3,21,6,40,0.17533333,21.20000000,27.33666667,0.17344873
2019-03-21T06:50:00,2019,3,21,6,50,0.20266667,21.40000000,28.49333333,0.19940995
2019-03-21T07:00:00,2019,3,21,7,0,0.23000000,21.60000000,29.65000000,0.22508030
2019-03-21T07:10:00,2019,3,21,7,10,0.25700000,21.93333333,30.92833333,0.24999152
2019-03-21T07:20:00,2019,3,21,7,20,0.28400000,22.26666667,32.20666667,0.27458521
2019-03-21T07:30:00,2019,3,21,7,30,0.31100000,22.60000000,33.48500000,0.29886136
2019-03-21T07:40:00,2019,3,21,7,40,0.33800000,22.93333333,34.76333333,0.32281997
2019-03-21T07:50:00,2019,3,21,7,50,0.36500000,23.26666667,36.04166667,0.34646104
2019-03-21T08:00:00,2019,3,21,8,0,0.39200000,23.60000000,37.32000000,0.36978458
2019-03-21T08:10:00,2019,3,21,8,10,0.42033333,23.86666667,38.57833333,0.39407917
2019-03-21T08:20:00,2019,3,21,8,20,0.44866667,24.13333333,39.83666667,0.41804576
2019-03-21T08:30:00,2019,3,21,8,30,0.47700000,24.40000000,41.09500000,0.44168435
2019-03-21T08:40:00,2019,3,21,8,40,0.50533333,24.66666667,42.35333333,0.46499493
2019-03-21T08:50:00,2019,3,21,8,50,0.53366667,24.93333333,43.61166667,0.48797751
2019-03-21T09:00:00,2019,3,21,9,0,0.56200000,25.20000000,44.87000000,0.51063208
2019-03-21T09:10:00,2019,3,21,9,10,0.57550000,25.41666667,45.55916667,0.52107372
2019-03-21T09:20:00,2019,3,21,9,20,0.58900000,25.63333333,46.24833333,0.53142977
2019-03-21T09:30:00,2019,3,21,9,30,0.60250000,25.85000000,46.93750000,0.54170022
2019-03-21T09:40:00,2019,3,21,9,40,0.61600000,26.06666667,47.62666667,0.55188508
2019-03-21T09:50:00,2019,3,21,9,50,0.62950000,26.28333333,48.31583333,0.56198434
2019-03-21T10:00:00,2019,3,21,10,0,0.64300000,26.50000000,49.00500000,0.57199801
2019-03-21T10:10:00,2019,3,21,10,10,0.67766667,26.70000000,50.41833333,0.59843094
2019-03-21T10:20:00,2019,3,21,10,20,0.71233333,26.90000000,51.83166667,0.62441312
2019-03-21T10:30:00,2019,3,21,10,30,0.74700000,27.10000000,53.24500000,0.64994453
2019-03-21T10:40:00,2019,3,21,10,40,0.78166667,27.30000000,54.65833333,0.67502519
2019-03-21T10:50:00,2019,3,21,10,50,0.81633333,27.50000000,56.07166667,0.69965508
2019-03-21T11:00:00,2019,3,21,11,0,0.85100000,27.70000000,57.48500000,0.72383422
2019-03-21T11:10:00,2019,3,21,11,10,0.79683333,28.01666667,55.90583333,0.68355006
2019-03-21T11:20:00,2019,3,21,11,20,0.74266667,28.33333333,54.32666667,0.64247895
2019-03-21T11:30:00,2019,3,21,11,30,0.68850000,28.65000000,52.74750000,0.60062089
2019-03-21T11:40:00,2019,3,21,11,40,0.63433333,28.96666667,51.16833333,0.55797588
2019-03-21T11:50:00,2019,3,21,11,50,0.58016667,29.28333333,49.58916667,0.51454392
2019-03-21T12:00:00,2019,3,21,12,0,0.52600000,29.60000000,48.01000000,0.47032500
2019-03-21T12:10:00,2019,3,21,12,10,0.57800000,29.18333333,49.41333333,0.51308983
2019-03-21T12:20:00,2019,3,21,12,20,0.63000000,28.76666667,50.81666667,0.55518330
2019-03-21T12:30:00,2019,3,21,12,30,0.68200000,28.35000000,52.22000000,0.59660542
2019-03-21T12:40:00,2019,3,21,12,40,0.73400000,27.93333333,53.62333333,0.63735618
2019-03-21T12:50:00,2019,3,21,12,50,0.78600000,27.51666667,55.02666667,0.67743558
2019-03-21T13:00:00,2019,3,21,13,0,0.83800000,27.10000000,56.43000000,0.71684364
2019-03-21T13:10:00,2019,3,21,13,10,0.80400000,27.50000000,55.64000000,0.69068102
2019-03-21T13:20:00,2019,3,21,13,20,0.77000000,27.90000000,54.85000000,0.66427130
2019-03-21T13:30:00,2019,3,21,13,30,0.73600000,28.30000000,54.06000000,0.63761446
2019-03-21T13:40:00,2019,3,21,13,40,0.70200000,28.70000000,53.27000000,0.61071052
2019-03-21T13:50:00,2019,3,21,13,50,0.66800000,29.10000000,52.48000000,0.58355946
2019-03-21T14:00:00,2019,3,21,14,0,0.63400000,29.50000000,51.69000000,0.55616128
2019-03-21T14:10:00,2019,3,21,14,10,0.58650000,29.26666667,49.79416667,0.51960782
2019-03-21T14:20:00,2019,3,21,14,20,0.53900000,29.03333333,47.89833333,0.48222587
2019-03-21T14:30:00,2019,3,21,14,30,0.49150000,28.80000000,46.00250000,0.44401545
2019-03-21T14:40:00,2019,3,21,14,40,0.44400000,28.56666667,44.10666667,0.40497654
2019-03-21T14:50:00,2019,3,21,14,50,0.39650000,28.33333333,42.21083333,0.36510916
2019-03-21T15:00:00,2019,3,21,15,0,0.34900000,28.10000000,40.31500000,0.32441330
2019-03-21T15:10:00,2019,3,21,15,10,0.31083333,27.88333333,38.76250000,0.29115525
2019-03-21T15:20:00,2019,3,21,15,20,0.27266667,27.66666667,37.21000000,0.25735207
2019-03-21T15:30:00,2019,3,21,15,30,0.23450000,27.45000000,35.65750000,0.22300375
2019-03-21T15:40:00,2019,3,21,15,40,0.19633333,27.23333333,34.10500000,0.18811030
2019-03-21T15:50:00,2019,3,21,15,50,0.15816667,27.01666667,32.55250000,0.15267172
2019-03-21T16:00:00,2019,3,21,16,0,0.12000000,26.80000000,31.00000000,0.11668800
2019-03-21T16:10:00,2019,3,21,16,10,0.10500000,26.41666667,30.09166667,0.10254072
2019-03-21T16:20:00,2019,3,21,16,20,0.09000000,26.03333333,29.18333333,0.08826810
2019-03-21T16:30:00,2019,3,21,16,30,0.07500000,25.65000000,28.27500000,0.07387012
2019-03-21T16:40:00,2019,3,21,16,40,0.06000000,25.26666667,27.36666667,0.05934680
2019-03-21T16:50:00,2019,3,21,16,50,0.04500000,24.88333333,26.45833333,0.04469812
2019-03-21T17:00:00,2019,3,21,17,0,0.03000000,24.50000000,25.55000000,0.02992410
2019-03-21T17:10:00,2019,3,21,17,10,0.02500000,24.41666667,25.29166667,0.02496646
2019-03-21T17:20:00,2019,3,21,17,20,0.02000000,24.33333333,25.03333333,0.01999693
2019-03-21T17:30:00,2019,3,21,17,30,0.01500000,24.25000000,24.77500000,0.01501552
2019-03-21T17:40:00,2019,3,21,17,40,0.01000000,24.16666667,24.51666667,0.01002223
2019-03-21T17:50:00,2019,3,21,17,50,0.00500000,24.08333333,24.25833333,0.00501706
2019-03-21T18:00:00,2019,3,21,18,0,0.00000000,24.00000000,24.00000000,0.00000000
2019-03-21T18:10:00,2019,3,21,18,10,0.00000000,23.93333333,23.93333333,0.00000000
2019-03-21T18:20:00,2019,3,21,18,20,0.00000000,23.86666667,23.86666667,0.00000000
2019-03-21T18:30:00,2019,3,21,18,30,0.00000000,23.80000000,23.80000000,0.00000000
2019-03-21T18:40:00,2019,3,21,18,40,0.00000000,23.73333333,23.73333333,0.00000000
2019-03-21T18:50:00,2019,3,21,18,50,0.00000000,23.66666667,23.66666667,0.00000000
2019-03-21T19:00:00,2019,3,21,19,0,0.00000000,23.60000000,23.60000000,0.00000000
2019-03-21T19:10:00,2019,3,21,19,10,0.00000000,23.45000000,23.45000000,0.00000000
2019-03-21T19:20:00,2019,3,21,19,20,0.00000000,23.30000000,23.30000000,0.00000000
2019-03-21T19:30:00,2019,3,21,19,30,0.00000000,23.15000000,23.15000000,0.00000000
2019-03-21T19:40:00,2019,3,21,19,40,0.00000000,23.00000000,23.00000000,0.00000000
2019-03-21T19:50:00,2019,3,21,19,50,0.00000000,22.85000000,22.85000000,0.00000000
2019-03-21T20:00:00,2019,3,21,20,0,0.00000000,22.70000000,22.70000000,0.00000000
2019-03-21T20:10:00,2019,3,21,20,10,0.00000000,22.73333333,22.73333333,0.00000000
2019-03-21T20:20:00,2019,3,21,20,20,0.00000000,22.76666667,22.76666667,0.00000000
2019-03-21T20:30:00,2019,3,21,20,30,0.00000000,22.80000000,22.80000000,0.00000000
2019-03-21T20:40:00,2019,3,21,20,40,0.00000000,22.83333333,22.83333333,0.00000000
2019-03-21T20:50:00,2019,3,21,20,50,0.00000000,22.86666667,22.86666667,0.00000000
2019-03-21T21:00:00,2019,3,21,21,0,0.00000000,22.90000000,22.90000000,0.00000000
2019-03-21T21:10:00,2019,3,21,21,10,0.00000000,22.75000000,22.75000000,0.00000000
2019-03-21T21:20:00,2019,3,21,21,20,0.00000000,22.60000000,22.60000000,0.00000000
2019-03-21T21:30:00,2019,3,21,21,30,0.00000000,22.45000000,22.45000000,0.00000000
2019-03-21T21:40:00,2019,3,21,21,40,0.00000000,22.30000000,22.30000000,0.00000000
2019-03-21T21:50:00,2019,3,21,21,50,0.00000000,22.15000000,22.15000000,0.00000000
2019-03-21T22:00:00,2019,3,21,22,0,0.00000000,22.00000000,22.00000000,0.00000000
2019-03-21T22:10:00,2019,3,21,22,10,0.00000000,21.85000000,21.85000000,0.00000000
2019-03-21T22:20:00,2019,3,21,22,20,0.00000000,21.70000000,21.70000000,0.00000000
2019-03-21T22:30:00,2019,3,21,22,30,0.00000000,21.55000000,21.55000000,0.00000000
2019-03-21T22:40:00,2019,3,21,22,40,0.00000000,21.40000000,21.40000000,0.00000000
2019-03-21T22:50:00,2019,3,21,22,50,0.00000000,21.25000000,21.25000000,0.00000000
2019-03-21T23:00:00,2019,3,21,23,0,0.00000000,21.10000000,21.10000000,0.00000000
2019-03-21T23:10:00,2019,3,21,23,10,0.00000000,21.15000000,21.15000000,0.00000000
2019-03-21T23:20:00,2019,3,21,23,20,0.00000000,21.20000000,21.20000000,0.00000000
2019-03-21T23:30:00,2019,3,21,23,30,0.00000000,21.25000000,21.25000000,0.00000000
2019-03-21T23:40:00,2019,3,21,23,40,0.00000000,21.30000000,21.30000000,0.00000000
2019-03-21T23:50:00,2019,3,21,23,50,0.00000000,21.35000000,21.35000000,0.00000000
2019-03-22T00:00:00,2019,3,22,0,0,0.00000000,21.40000000,21.40000000,0.00000000
2019-03-22T00:10:00,2019,3,22,0,10,0.00000000,21.38333333,21.38333333,0.00000000
2019-03-22T00:20:00,2019,3,22,0,20,0.00000000,21.36666667,21.36666667,0.00000000
2019-03-22T00:30:00,2019,3,22,0,30,0.00000000,21.35000000,21.35000000,0.00000000
2019-03-22T00:40:00,2019,3,22,0,40,0.00000000,21.33333333,21.33333333,0.00000000
2019-03-22T00:50:00,2019,3,22,0,50,0.00000000,21.31666667,21.31666667,0.00000000
2019-03-22T01:00:00,2019,3,22,1,0,0.00000000,21.30000000,21.30000000,0.00000000
2019-03-22T01:10:00,2019,3,22,1,10,0.00000000,21.21666667,21.21666667,0.00000000
2019-03-22T01:20:00,2019,3,22,1,20,0.00000000,21.13333333,21.13333333,0.00000000
2019-03-22T01:30:00,2019,3,22,1,30,0.00000000,21.05000000,21.05000000,0.00000000
2019-03-22T01:40:00,2019,3,22,1,40,0.00000000,20.96666667,20.96666667,0.00000000
2019-03-22T01:50:00,2019,3,22,1,50,0.00000000,20.88333333,20.88333333,0.00000000
2019-03-22T02:00:00,2019,3,22,2,0,0.00000000,20.80000000,20.80000000,0.00000000
2019-03-22T02:10:00,2019,3,22,2,10,0.00000000,20.76666667,20.76666667,0.00000000
2019-03-22T02:20:00,2019,3,22,2,20,0.00000000,20.73333333,20.73333333,0.00000000
2019-03-22T02:30:00,2019,3,22,2,30,0.00000000,20.70000000,20.70000000,0.00000000
2019-03-22T02:40:00,2019,3,22,2,40,0.00000000,20.66666667,20.66666667,0.00000000
2019-03-22T02:50:00,2019,3,22,2,50,0.00000000,20.63333333,20.63333333,0.00000000
2019-03-22T03:00:00,2019,3,22,3,0,0.00000000,20.60000000,20.60000000,0.00000000
2019-03-22T03:10:00,2019,3,22,3,10,0.00000000,20.58333333,20.58333333,0.00000000
2019-03-22T03:20:00,2019,3,22,3,20,0.00000000,20.56666667,20.56666667,0.00000000
2019-03-22T03:30:00,2019,3,22,3,30,0.00000000,20.55000000,20.55000000,0.00000000
2019-03-22T03:40:00,2019,3,22,3,40,0.00000000,20.53333333,20.53333333,0.00000000
2019-03-22T03:50:00,2019,3,22,3,50,0.00000000,20.51666667,20.51666667,0.00000000
2019-03-22T04:00:00,2019,3,22,4,0,0.00000000,20.50000000,20.50000000,0.00000000
2019-03-22T04:10:00,2019,3,22,4,10,0.00000000,20.50000000,20.50000000,0.00000000
2019-03-22T04:20:00,2019,3,22,4,20,0.00000000,20.50000000,20.50000000,0.00000000
2019-03-22T04:30:00,2019,3,22,4,30,0.00000000,20.50000000,20.50000000,0.00000000
2019-03-22T04:40:00,2019,3,22,4,40,0.00000000,20.50000000,20.50000000,0.00000000
2019-03-22T04:50:00,2019,3,22,4,50,0.00000000,20.50000000,20.50000000,0.00000000
2019-03-22T05:00:00,2019,3,22,5,0,0.00000000,20.50000000,20.50000000,0.00000000
2019-03-22T05:10:00,2019,3,22,5,10,0.01216667,20.46666667,20.89250000,0.01239655
2019-03-22T05:20:00,2019,3,22,5,20,0.02433333,20.43333333,21.28500000,0.02474917
2019-03-22T05:30:00,2019,3,22,5,30,0.03650000,20.40000000,21.67750000,0.03705785
2019-03-22T05:40:00,2019,3,22,5,40,0.04866667,20.36666667,22.07000000,0.04932260
2019-03-22T05:50:00,2019,3,22,5,50,0.06083333,20.33333333,22.46250000,0.06154341
2019-03-22T06:00:00,2019,3,22,6,0,0.07300000,20.30000000,22.85500000,0.07372029
2019-03-22T06:10:00,2019,3,22,6,10,0.10400000,20.60000000,24.24000000,0.10436358
2019-03-22T06:20:00,2019,3,22,6,20,0.13500000,20.90000000,25.62500000,0.13461188
2019-03-22T06:30:00,2019,3,22,6,30,0.16600000,21.20000000,27.01000000,0.16446516
2019-03-22T06:40:00,2019,3,22,6,40,0.19700000,21.50000000,28.39500000,0.19392345
2019-03-22T06:50:00,2019,3,22,6,50,0.22800000,21.80000000,29.78000000,0.22298674
2019-03-22T07:00:00,2019,3,22,7,0,0.25900000,22.10000000,31.16500000,0.25165502
2019-03-22T07:10:00,2019,3,22,7,10,0.30350000,22.31666667,32.93916667,0.29241613
2019-03-22T07:20:00,2019,3,22,7,20,0.34800000,22.53333333,34.71333333,0.33245090
2019-03-22T07:30:00,2019,3,22,7,30,0.39250000,22.75000000,36.48750000,0.37175932
2019-03-22T07:40:00,2019,3,22,7,40,0.43700000,22.96666667,38.26166667,0.41034140
2019-03-22T07:50:00,2019,3,22,7,50,0.48150000,23.18333333,40.03583333,0.44819713
2019-03-22T08:00:00,2019,3,22,8,0,0.52600000,23.40000000,41.81000000,0.48532652
2019-03-22T08:10:00,2019,3,22,8,10,0.54100000,23.88333333,42.81833333,0.49665730
2019-03-22T08:20:00,2019,3,22,8,20,0.55600000,24.36666667,43.82666667,0.50784892
2019-03-22T08:30:00,2019,3,22,8,30,0.57100000,24.85000000,44.83500000,0.51890139
2019-03-22T08:40:00,2019,3,22,8,40,0.58600000,25.33333333,45.84333333,0.52981471
2019-03-22T08:50:00,2019,3,22,8,50,0.60100000,25.81666667,46.85166667,0.54058888
2019-03-22T09:00:00,2019,3,22,9,0,0.61600000,26.30000000,47.86000000,0.55122390
2019-03-22T09:10:00,2019,3,22,9,10,0.65133333,26.41666667,49.21333333,0.57878696
2019-03-22T09:20:00,2019,3,22,9,20,0.68666667,26.53333333,50.56666667,0.60591009
2019-03-22T09:30:00,2019,3,22,9,30,0.72200000,26.65000000,51.92000000,0.63259330
2019-03-22T09:40:00,2019,3,22,9,40,0.75733333,26.76666667,53.27333333,0.65883658
2019-03-22T09:50:00,2019,3,22,9,50,0.79266667,26.88333333,54.62666667,0.68463994
2019-03-22T10:00:00,2019,3,22,10,0,0.82800000,27.00000000,55.98000000,0.71000338
2019-03-22T10:10:00,2019,3,22,10,10,0.85350000,27.30000000,57.17250000,0.72718755
2019-03-22T10:20:00,2019,3,22,10,20,0.87900000,27.60000000,58.36500000,0.74409196
2019-03-22T10:30:00,2019,3,22,10,30,0.90450000,27.90000000,59.55750000,0.76071661
2019-03-22T10:40:00,2019,3,22,10,40,0.93000000,28.20000000,60.75000000,0.77706150
2019-03-22T10:50:00,2019,3,22,10,50,0.95550000,28.50000000,61.94250000,0.79312663
2019-03-22T11:00:00,2019,3,22,11,0,0.98100000,28.80000000,63.13500000,0.80891200
2019-03-22T11:10:00,2019,3,22,11,10,0.97583333,28.95000000,63.10416667,0.80479008
2019-03-22T11:20:00,2019,3,22,11,20,0.97066667,29.10000000,63.07333333,0.80066670
2019-03-22T11:30:00,2019,3,22,11,30,0.96550000,29.25000000,63.04250000,0.79654184
2019-03-22T11:40:00,2019,3,22,11,40,0.96033333,29.40000000,63.01166667,0.79241553
2019-03-22T11:50:00,2019,3,22,11,50,0.95516667,29.55000000,62.98083333,0.78828775
2019-03-22T12:00:00,2019,3,22,12,0,0.95000000,29.70000000,62.95000000,0.78415850
2019-03-22T12:10:00,2019,3,22,12,10,0.91716667,29.80000000,61.90083333,0.76148328
2019-03-22T12:20:00,2019,3,22,12,20,0.88433333,29.90000000,60.85166667,0.73849114
2019-03-22T12:30:00,2019,3,22,12,30,0.85150000,30.00000000,59.80250000,0.71518209
2019-03-22T12:40:00,2019,3,22,12,40,0.81866667,30.10000000,58.75333333,0.69155611
2019-03-22T12:50:00,2019,3,22,12,50,0.78583333,30.20000000,57.70416667,0.66761322
2019-03-22T13:00:00,2019,3,22,13,0,0.75300000,30.30000000,56.65500000,0.64335341
2019-03-22T13:10:00,2019,3,22,13,10,0.73583333,30.13333333,55.88750000,0.63128429
2019-03-22T13:20:00,2019,3,22,13,20,0.71866667,29.96666667,55.12000000,0.61909396
2019-03-22T13:30:00,2019,3,22,13,30,0.70150000,29.80000000,54.35250000,0.60678242
2019-03-22T13:40:00,2019,3,22,13,40,0.68433333,29.63333333,53.58500000,0.59434966
2019-03-22T13:50:00,2019,3,22,13,50,0.66716667,29.46666667,52.81750000,0.58179569
2019-03-22T14:00:00,2019,3,22,14,0,0.65000000,29.30000000,52.05000000,0.56912050
2019-03-22T14:10:00,2019,3,22,14,10,0.60766667,29.23333333,50.50166667,0.53638271
2019-03-22T14:20:00,2019,3,22,14,20,0.56533333,29.16666667,48.95333333,0.50304189
2019-03-22T14:30:00,2019,3,22,14,30,0.52300000,29.10000000,47.40500000,0.46909805
2019-03-22T14:40:00,2019,3,22,14,40,0.48066667,29.03333333,45.85666667,0.43455119
2019-03-22T14:50:00,2019,3,22,14,50,0.43833333,28.96666667,44.30833333,0.39940130
2019-03-22T15:00:00,2019,3,22,15,0,0.39600000,28.90000000,42.76000000,0.36364838
2019-03-22T15:10:00,2019,3,22,15,10,0.37566667,28.58333333,41.73166667,0.34675323
2019-03-22T15:20:00,2019,3,22,15,20,0.35533333,28.26666667,40.70333333,0.32966571
2019-03-22T15:30:00,2019,3,22,15,30,0.33500000,27.95000000,39.67500000,0.31238583
2019-03-22T15:40:00,2019,3,22,15,40,0.31466667,27.63333333,38.64666667,0.29491357
2019-03-22T15:50:00,2019,3,22,15,50,0.29433333,27.31666667,37.61833333,0.27724895
2019-03-22T16:00:00,2019,3,22,16,0,0.27400000,27.00000000,36.59000000,0.25939196
2019-03-22T16:10:00,2019,3,22,16,10,0.24350000,26.86666667,35.38916667,0.23186309
2019-03-22T16:20:00,2019,3,22,16,20,0.21300000,26.73333333,34.18833333,0.20399727
2019-03-22T16:30:00,2019,3,22,16,30,0.18250000,26.60000000,32.98750000,0.17579449
2019-03-22T16:40:00,2019,3,22,16,40,0.15200000,26.46666667,31.78666667,0.14725476
2019-03-22T16:50:00,2019,3,22,16,50,0.12150000,26.33333333,30.58583333,0.11837808
2019-03-22T17:00:00,2019,3,22,17,0,0.09100000,26.20000000,29.38500000,0.08916444
2019-03-22T17:10:00,2019,3,22,17,10,0.07583333,26.08333333,28.73750000,0.07452957
2019-03-22T17:20:00,2019,3,22,17,20,0.06066667,25.96666667,28.09000000,0.05980435
2019-03-22T17:30:00,2019,3,22,17,30,0.04550000,25.85000000,27.44250000,0.04498878
2019-03-22T17:40:00,2019,3,22,17,40,0.03033333,25.73333333,26.79500000,0.03008287
2019-03-22T17:50:00,2019,3,22,17,50,0.01516667,25.61666667,26.14750000,0.01508661
2019-03-22T18:00:00,2019,3,22,18,0,0.00000000,25.50000000,25.50000000,0.00000000
2019-03-22T18:10:00,2019,3,22,18,10,0.00000000,25.23333333,25.23333333,0.00000000
2019-03-22T18:20:00,2019,3,22,18,20,0.00000000,24.96666667,24.96666667,0.00000000
2019-03-22T18:30:00,2019,3,22,18,30,0.00000000,24.70000000,24.70000000,0.00000000
2019-03-22T18:40:00,2019,3,22,18,40,0.00000000,24.43333333,24.43333333,0.00000000
2019-03-22T18:50:00,2019,3,22,18,50,0.00000000,24.16666667,24.16666667,0.00000000
2019-03-22T19:00:00,2019,3,22,19,0,0.00000000,23.90000000,23.90000000,0.00000000
2019-03-22T19:10:00,2019,3,22,19,10,0.00000000,23.81666667,23.81666667,0.00000000
2019-03-22T19:20:00,2019,3,22,19,20,0.00000000,23.73333333,23.73333333,0.00000000
2019-03-22T19:30:00,2019,3,22,19,30,0.00000000,23.65000000,23.65000000,0.00000000
2019-03-22T19:40:00,2019,3,22,19,40,0.00000000,23.56666667,23.56666667,0.00000000
2019-03-22T19:50:00,2019,3,22,19,50,0.00000000,23.48333333,23.48333333,0.00000000
2019-03-22T20:00:00,2019,3,22,20,0,0.00000000,23.40000000,23.40000000,0.00000000
2019-03-22T20:10:00,2019,3,22,20,10,0.00000000,23.35000000,23.35000000,0.00000000
2019-03-22T20:20:00,2019,3,22,20,20,0.00000000,23.30000000,23.30000000,0.00000000
2019-03-22T20:30:00,2019,3,22,20,30,0.00000000,23.25000000,23.25000000,0.00000000
2019-03-22T20:40:00,2019,3,22,20,40,0.00000000,23.20000000,23.20000000,0.00000000
2019-03-22T20:50:00,2019,3,22,20,50,0.00000000,23.15000000,23.15000000,0.00000000
2019-03-22T21:00:00,2019,3,22,21,0,0.00000000,23.10000000,23.10000000,0.00000000
2019-03-22T21:10:00,2019,3,22,21,10,0.00000000,23.03333333,23.03333333,0.00000000
2019-03-22T21:20:00,2019,3,22,21,20,0.00000000,22.96666667,22.96666667,0.00000000
2019-03-22T21:30:00,2019,3,22,21,30,0.00000000,22.90000000,22.90000000,0.00000000
2019-03-22T21:40:00,2019,3,22,21,40,0.00000000,22.83333333,22.83333333,0.00000000
2019-03-22T21:50:00,2019,3,22,21,50,0.00000000,22.76666667,22.76666667,0.00000000
2019-03-22T22:00:00,2019,3,22,22,0,0.00000000,22.70000000,22.70000000,0.00000000
2019-03-22T22:10:00,2019,3,22,22,10,0.00000000,22.61666667,22.61666667,0.00000000
2019-03-22T22:20:00,2019,3,22,22,20,0.00000000,22.53333333,22.53333333,0.00000000
2019-03-22T22:30:00,2019,3,22,22,30,0.00000000,22.45000000,22.45000000,0.00000000
2019-03-22T22:40:00,2019,3,22,22,40,0.00000000,22.36666667,22.36666667,0.00000000
2019-03-22T22:50:00,2019,3,22,22,50,0.00000000,22.28333333,22.28333333,0.00000000
2019-03-22T23:00:00,2019,3,22,23,0,0.00000000,22.20000000,22.20000000,0.00000000
2019-03-22T23:10:00,2019,3,22,23,10,0.00000000,22.06666667,22.06666667,0.00000000
2019-03-22T23:20:00,2019,3,22,23,20,0.00000000,21.93333333,21.93333333,0.00000000
2019-03-22T23:30:00,2019,3,22,23,30,0.00000000,21.80000000,21.80000000,0.00000000
2019-03-22T23:40:00,2019,3,22,23,40,0.00000000,21.66666667,21.66666667,0.00000000
2019-03-22T23:50:00,2019,3,22,23,50,0.00000000,21.53333333,21.53333333,0.00000000
2019-03-23T00:00:00,2019,3,23,0,0,0.00000000,21.40000000,21.40000000,0.00000000
2019-03-23T00:10:00,2019,3,23,0,10,0.00000000,21.33333333,21.33333333,0.00000000
2019-03-23T00:20:00,2019,3,23,0,20,0.00000000,21.26666667,21.26666667,0.00000000
2019-03-23T00:30:00,2019,3,23,0,30,0.00000000,21.20000000,21.20000000,0.00000000
2019-03-23T00:40:00,2019,3,23,0,40,0.00000000,21.13333333,21.13333333,0.00000000
2019-03-23T00:50:00,2019,3,23,0,50,0.00000000,21.06666667,21.06666667,0.00000000
2019-03-23T01:00:00,2019,3,23,1,0,0.00000000,21.00000000,21.00000000,0.00000000
2019-03-23T01:10:00,2019,3,23,1,10,0.00000000,21.00000000,21.00000000,0.00000000
2019-03-23T01:20:00,2019,3,23,1,20,0.00000000,21.00000000,21.00000000,0.00000000
2019-03-23T01:30:00,2019,3,23,1,30,0.00000000,21.00000000,21.00000000,0.00000000
2019-03-23T01:40:00,2019,3,23,1,40,0.00000000,21.00000000,21.00000000,0.00000000
2019-03-23T01:50:00,2019,3,23,1,50,0.00000000,21.00000000,21.00000000,0.00000000
2019-03-23T02:00:00,2019,3,23,2,0,0.00000000,21.00000000,21.00000000,0.00000000
2019-03-23T02:10:00,2019,3,23,2,10,0.00000000,20.90000000,20.90000000,0.00000000
2019-03-23T02:20:00,2019,3,23,2,20,0.00000000,20.80000000,20.80000000,0.00000000
2019-03-23T02:30:00,2019,3,23,2,30,0.00000000,20.70000000,20.70000000,0.00000000
2019-03-23T02:40:00,2019,3,23,2,40,0.00000000,20.60000000,20.60000000,0.00000000
2019-03-23T02:50:00,2019,3,23,2,50,0.00000000,20.50000000,20.50000000,0.00000000
2019-03-23T03:00:00,2019,3,23,3,0,0.00000000,20.40000000,20.40000000,0.00000000
2019-03-23T03:10:00,2019,3,23,3,10,0.00000000,20.43333333,20.43333333,0.00000000
2019-03-23T03:20:00,2019,3,23,3,20,0.00000000,20.46666667,20.46666667,0.00000000
2019-03-23T03:30:00,2019,3,23,3,30,0.00000000,20.50000000,20.50000000,0.00000000
2019-03-23T03:40:00,2019,3,23,3,40,0.00000000,20.53333333,20.53333333,0.00000000
2019-03-23T03:50:00,2019,3,23,3,50,0.00000000,20.56666667,20.56666667,0.00000000
2019-03-23T04:00:00,2019,3,23,4,0,0.00000000,20.60000000,20.60000000,0.00000000
2019-03-23T04:10:00,2019,3,23,4,10,0.00000000,20.55000000,20.55000000,0.00000000
2019-03-23T04:20:00,2019,3,23,4,20,0.00000000,20.50000000,20.50000000,0.00000000
2019-03-23T04:30:00,2019,3,23,4,30,0.00000000,20.45000000,20.45000000,0.00000000
2019-03-23T04:40:00,2019,3,23,4,40,0.00000000,20.40000000,20.40000000,0.00000000
2019-03-23T04:50:00,2019,3,23,4,50,0.00000000,20.35000000,20.35000000,0.00000000
2019-03-23T05:00:00,2019,3,23,5,0,0.00000000,20.30000000,20.30000000,0.00000000
2019-03-23T05:10:00,2019,3,23,5,10,0.01100000,20.26666667,20.65166667,0.01122003
2019-03-23T05:20:00,2019,3,23,5,20,0.02200000,20.23333333,21.00333333,0.02240446
2019-03-23T05:30:00,2019,3,23,5,30,0.03300000,20.20000000,21.35500000,0.03355331
2019-03-23T05:40:00,2019,3,23,5,40,0.04400000,20.16666667,21.70666667,0.04466657
2019-03-23T05:50:00,2019,3,23,5,50,0.05500000,20.13333333,22.05833333,0.05574424
2019-03-23T06:00:00,2019,3,23,6,0,0.06600000,20.10000000,22.41000000,0.06678632
2019-03-23T06:10:00,2019,3,23,6,10,0.09433333,20.51666667,23.81833333,0.09484610
2019-03-23T06:20:00,2019,3,23,6,20,0.12266667,20.93333333,25.22666667,0.12253877
2019-03-23T06:30:00,2019,3,23,6,30,0.15100000,21.35000000,26.63500000,0.14986433
2019-03-23T06:40:00,2019,3,23,6,40,0.17933333,21.76666667,28.04333333,0.17682279
2019-03-23T06:50:00,2019,3,23,6,50,0.20766667,22.18333333,29.45166667,0.20341414
2019-03-23T07:00:00,2019,3,23,7,0,0.23600000,22.60000000,30.86000000,0.22963838
2019-03-23T07:10:00,2019,3,23,7,10,0.26016667,22.98333333,32.08916667,0.25168259
2019-03-23T07:20:00,2019,3,23,7,20,0.28433333,23.36666667,33.31833333,0.27345351
2019-03-23T07:30:00,2019,3,23,7,30,0.30850000,23.75000000,34.54750000,0.29495114
2019-03-23T07:40:00,2019,3,23,7,40,0.33266667,24.13333333,35.77666667,0.31617549
2019-03-23T07:50:00,2019,3,23,7,50,0.35683333,24.51666667,37.00583333,0.33712656
2019-03-23T08:00:00,2019,3,23,8,0,0.38100000,24.90000000,38.23500000,0.35780434
2019-03-23T08:10:00,2019,3,23,8,10,0.42383333,25.26666667,40.10083333,0.39439225
2019-03-23T08:20:00,2019,3,23,8,20,0.46666667,25.63333333,41.96666667,0.43024489
2019-03-23T08:30:00,2019,3,23,8,30,0.50950000,26.00000000,43.83250000,0.46536227
2019-03-23T08:40:00,2019,3,23,8,40,0.55233333,26.36666667,45.69833333,0.49974439
2019-03-23T08:50:00,2019,3,23,8,50,0.59516667,26.73333333,47.56416667,0.53339124
2019-03-23T09:00:00,2019,3,23,9,0,0.63800000,27.10000000,49.43000000,0.56630284
2019-03-23T09:10:00,2019,3,23,9,10,0.66166667,27.56666667,50.72500000,0.58336834
2019-03-23T09:20:00,2019,3,23,9,20,0.68533333,28.03333333,52.02000000,0.60015188
2019-03-23T09:30:00,2019,3,23,9,30,0.70900000,28.50000000,53.31500000,0.61665346
2019-03-23T09:40:00,2019,3,23,9,40,0.73266667,28.96666667,54.61000000,0.63287307
2019-03-23T09:50:00,2019,3,23,9,50,0.75633333,29.43333333,55.90500000,0.64881072
2019-03-23T10:00:00,2019,3,23,10,0,0.78000000,29.90000000,57.20000000,0.66446640
2019-03-23T10:10:00,2019,3,23,10,10,0.80150000,30.31666667,58.36916667,0.67847122
2019-03-23T10:20:00,2019,3,23,10,20,0.82300000,30.73333333,59.53833333,0.69224478
2019-03-23T10:30:00,2019,3,23,10,30,0.84450000,31.15000000,60.70750000,0.70578707
2019-03-23T10:40:00,2019,3,23,10,40,0.86600000,31.56666667,61.87666667,0.71909811
2019-03-23T10:50:00,2019,3,23,10,50,0.88750000,31.98333333,63.04583333,0.73217789
2019-03-23T11:00:00,2019,3,23,11,0,0.90900000,32.40000000,64.21500000,0.74502640
2019-03-23T11:10:00,2019,3,23,11,10,0.91616667,32.58333333,64.64916667,0.74907054
2019-03-23T11:20:00,2019,3,23,11,20,0.92333333,32.76666667,65.08333333,0.75308606
2019-03-23T11:30:00,2019,3,23,11,30,0.93050000,32.95000000,65.51750000,0.75707294
2019-03-23T11:40:00,2019,3,23,11,40,0.93766667,33.13333333,65.95166667,0.76103121
2019-03-23T11:50:00,2019,3,23,11,50,0.94483333,33.31666667,66.38583333,0.76496084
2019-03-23T12:00:00,2019,3,23,12,0,0.95200000,33.50000000,66.82000000,0.76886186
2019-03-23T12:10:00,2019,3,23,12,10,0.89233333,33.75000000,64.98166667,0.72821925
2019-03-23T12:20:00,2019,3,23,12,20,0.83266667,34.00000000,63.14333333,0.68656753
2019-03-23T12:30:00,2019,3,23,12,30,0.77300000,34.25000000,61.30500000,0.64390668
2019-03-23T12:40:00,2019,3,23,12,40,0.71333333,34.50000000,59.46666667,0.60023671
2019-03-23T12:50:00,2019,3,23,12,50,0.65366667,34.75000000,57.62833333,0.55555762
2019-03-23T13:00:00,2019,3,23,13,0,0.59400000,35.00000000,55.79000000,0.50986940
2019-03-23T13:10:00,2019,3,23,13,10,0.59216667,34.30000000,55.02583333,0.51037730
2019-03-23T13:20:00,2019,3,23,13,20,0.59033333,33.60000000,54.26166667,0.51087230
2019-03-23T13:30:00,2019,3,23,13,30,0.58850000,32.90000000,53.49750000,0.51135442
2019-03-23T13:40:00,2019,3,23,13,40,0.58666667,32.20000000,52.73333333,0.51182364
2019-03-23T13:50:00,2019,3,23,13,50,0.58483333,31.50000000,51.96916667,0.51227998
2019-03-23T14:00:00,2019,3,23,14,0,0.58300000,30.80000000,51.20500000,0.51272343
2019-03-23T14:10:00,2019,3,23,14,10,0.53666667,30.78333333,49.56666667,0.47601976
2019-03-23T14:20:00,2019,3,23,14,20,0.49033333,30.76666667,47.92833333,0.43861771
2019-03-23T14:30:00,2019,3,23,14,30,0.44400000,30.75000000,46.29000000,0.40051730
2019-03-23T14:40:00,2019,3,23,14,40,0.39766667,30.73333333,44.65166667,0.36171853
2019-03-23T14:50:00,2019,3,23,14,50,0.35133333,30.71666667,43.01333333,0.32222138
2019-03-23T15:00:00,2019,3,23,15,0,0.30500000,30.70000000,41.37500000,0.28202587
2019-03-23T15:10:00,2019,3,23,15,10,0.28866667,30.16666667,40.27000000,0.26839014
2019-03-23T15:20:00,2019,3,23,15,20,0.27233333,29.63333333,39.16500000,0.25458837
2019-03-23T15:30:00,2019,3,23,15,30,0.25600000,29.10000000,38.06000000,0.24062054
2019-03-23T15:40:00,2019,3,23,15,40,0.23966667,28.56666667,36.95500000,0.22648668
2019-03-23T15:50:00,2019,3,23,15,50,0.22333333,28.03333333,35.85000000,0.21218677
2019-03-23T16:00:00,2019,3,23,16,0,0.20700000,27.50000000,34.74500000,0.19772081
2019-03-23T16:10:00,2019,3,23,16,10,0.18066667,27.21666667,33.54000000,0.17356936
2019-03-23T16:20:00,2019,3,23,16,20,0.15433333,26.93333333,32.33500000,0.14912597
2019-03-23T16:30:00,2019,3,23,16,30,0.12800000,26.65000000,31.13000000,0.12439066
2019-03-23T16:40:00,2019,3,23,16,40,0.10166667,26.36666667,29.92500000,0.09936341
2019-03-23T16:50:00,2019,3,23,16,50,0.07533333,26.08333333,28.72000000,0.07404423
2019-03-23T17:00:00,2019,3,23,17,0,0.04900000,25.80000000,27.51500000,0.04843312
2019-03-23T17:10:00,2019,3,23,17,10,0.04083333,25.41666667,26.84583333,0.04048662
2019-03-23T17:20:00,2019,3,23,17,20,0.03266667,25.03333333,26.17666667,0.03248985
2019-03-23T17:30:00,2019,3,23,17,30,0.02450000,24.65000000,25.50750000,0.02444280
2019-03-23T17:40:00,2019,3,23,17,40,0.01633333,24.26666667,24.83833333,0.01634548
2019-03-23T17:50:00,2019,3,23,17,50,0.00816667,23.88333333,24.16916667,0.00819788
2019-03-23T18:00:00,2019,3,23,18,0,0.00000000,23.50000000,23.50000000,0.00000000
2019-03-23T18:10:00,2019,3,23,18,10,0.00000000,23.26666667,23.26666667,0.00000000
2019-03-23T18:20:00,2019,3,23,18,20,0.00000000,23.03333333,23.03333333,0.00000000
2019-03-23T18:30:00,2019,3,23,18,30,0.00000000,22.80000000,22.80000000,0.00000000
2019-03-23T18:40:00,2019,3,23,18,40,0.00000000,22.56666667,22.56666667,0.00000000
2019-03-23T18:50:00,2019,3,23,18,50,0.00000000,22.33333333,22.33333333,0.00000000
2019-03-23T19:00:00,2019,3,23,19,0,0.00000000,22.10000000,22.10000000,0.00000000
2019-03-23T19:10:00,2019,3,23,19,10,0.00000000,21.98333333,21.98333333,0.00000000
2019-03-23T19:20:00,2019,3,23,19,20,0.00000000,21.86666667,21.86666667,0.00000000
2019-03-23T19:30:00,2019,3,23,19,30,0.00000000,21.75000000,21.75000000,0.00000000
2019-03-23T19:40:00,2019,3,23,19,40,0.00000000,21.63333333,21.63333333,0.00000000
2019-03-23T19:50:00,2019,3,23,19,50,0.00000000,21.51666667,21.51666667,0.00000000
2019-03-23T20:00:00,2019,3,23,20,0,0.00000000,21.40000000,21.40000000,0.00000000
2019-03-23T20:10:00,2019,3,23,20,10,0.00000000,21.30000000,21.30000000,0.00000000
2019-03-23T20:20:00,2019,3,23,20,20,0.00000000,21.20000000,21.20000000,0.00000000
2019-03-23T20:30:00,2019,3,23,20,30,0.00000000,21.10000000,21.10000000,0.00000000
2019-03-23T20:40:00,2019,3,23,20,40,0.00000000,21.00000000,21.00000000,0.00000000
2019-03-23T20:50:00,2019,3,23,20,50,0.00000000,20.90000000,20.90000000,0.00000000
2019-03-23T21:00:00,2019,3,23,21,0,0.00000000,20.80000000,20.80000000,0.00000000
2019-03-23T21:10:00,2019,3,23,21,10,0.00000000,20.81666667,20.81666667,0.00000000
2019-03-23T21:20:00,2019,3,23,21,20,0.00000000,20.83333333,20.83333333,0.00000000
2019-03-23T21:30:00,2019,3,23,21,30,0.00000000,20.85000000,20.85000000,0.00000000
2019-03-23T21:40:00,2019,3,23,21,40,0.00000000,20.86666667,20.86666667,0.00000000
2019-03-23T21:50:00,2019,3,23,21,50,0.00000000,20.88333333,20.88333333,0.00000000
2019-03-23T22:00:00,2019,3,23,22,0,0.00000000,20.90000000,20.90000000,0.00000000
2019-03-23T22:10:00,2019,3,23,22,10,0.00000000,20.71666667,20.71666667,0.00000000
2019-03-23T22:20:00,2019,3,23,22,20,0.00000000,20.53333333,20.53333333,0.00000000
2019-03-23T22:30:00,2019,3,23,22,30,0.00000000,20.35000000,20.35000000,0.00000000
2019-03-23T22:40:00,2019,3,23,22,40,0.00000000,20.16666667,20.16666667,0.00000000
2019-03-23T22:50:00,2019,3,23,22,50,0.00000000,19.98333333,19.98333333,0.00000000
2019-03-23T23:00:00,2019,3,23,23,0,0.00000000,19.80000000,19.80000000,0.00000000
2019-03-23T23:10:00,2019,3,23,23,10,0.00000000,19.81666667,19.81666667,0.00000000
2019-03-23T23:20:00,2019,3,23,23,20,0.00000000,19.83333333,19.83333333,0.00000000
2019-03-23T23:30:00,2019,3,23,23,30,0.00000000,19.85000000,19.85000000,0.00000000
2019-03-23T23:40:00,2019,3,23,23,40,0.00000000,19.86666667,19.86666667,0.00000000
2019-03-23T23:50:00,2019,3,23,23,50,0.00000000,19.88333333,19.88333333,0.00000000
2019-03-24T00:00:00,2019,3,24,0,0,0.00000000,19.90000000,19.90000000,0.00000000
2019-03-24T00:10:00,2019,3,24,0,10,0.00000000,19.83333333,19.83333333,0.00000000
2019-03-24T00:20:00,2019,3,24,0,20,0.00000000,19.76666667,19.76666667,0.00000000
2019-03-24T00:30:00,2019,3,24,0,30,0.00000000,19.70000000,19.70000000,0.00000000
2019-03-24T00:40:00,2019,3,24,0,40,0.00000000,19.63333333,19.63333333,0.00000000
2019-03-24T00:50:00,2019,3,24,0,50,0.00000000,19.56666667,19.56666667,0.00000000
2019-03-24T01:00:00,2019,3,24,1,0,0.00000000,19.50000000,19.50000000,0.00000000
2019-03-24T01:10:00,2019,3,24,1,10,0.00000000,19.45000000,19.45000000,0.00000000
2019-03-24T01:20:00,2019,3,24,1,20,0.00000000,19.40000000,19.40000000,0.00000000
2019-03-24T01:30:00,2019,3,24,1,30,0.00000000,19.35000000,19.35000000,0.00000000
2019-03-24T01:40:00,2019,3,24,1,40,0.00000000,19.30000000,19.30000000,0.00000000
2019-03-24T01:50:00,2019,3,24,1,50,0.00000000,19.25000000,19.25000000,0.00000000
2019-03-24T02:00:00,2019,3,24,2,0,0.00000000,19.20000000,19.20000000,0.00000000
2019-03-24T02:10:00,2019,3,24,2,10,0.00000000,19.16666667,19.16666667,0.00000000
2019-03-24T02:20:00,2019,3,24,2,20,0.00000000,19.13333333,19.13333333,0.00000000
2019-03-24T02:30:00,2019,3,24,2,30,0.00000000,19.10000000,19.10000000,0.00000000
2019-03-24T02:40:00,2019,3,24,2,40,0.00000000,19.06666667,19.06666667,0.00000000
2019-03-24T02:50:00,2019,3,24,2,50,0.00000000,19.03333333,19.03333333,0.00000000
2019-03-24T03:00:00,2019,3,24,3,0,0.00000000,19.00000000,19.00000000,0.00000000
2019-03-24T03:10:00,2019,3,24,3,10,0.00000000,19.03333333,19.03333333,0.00000000
2019-03-24T03:20:00,2019,3,24,3,20,0.00000000,19.06666667,19.06666667,0.00000000
2019-03-24T03:30:00,2019,3,24,3,30,0.00000000,19.10000000,19.10000000,0.00000000
2019-03-24T03:40:00,2019,3,24,3,40,0.00000000,19.13333333,19.13333333,0.00000000
2019-03-24T03:50:00,2019,3,24,3,50,0.00000000,19.16666667,19.16666667,0.00000000
2019-03-24T04:00:00,2019,3,24,4,0,0.00000000,19.20000000,19.20000000,0.00000000
2019-03-24T04:10:00,2019,3,24,4,10,0.00000000,19.10000000,19.10000000,0.00000000
2019-03-24T04:20:00,2019,3,24,4,20,0.00000000,19.00000000,19.00000000,0.00000000
2019-03-24T04:30:00,2019,3,24,4,30,0.00000000,18.90000000,18.90000000,0.00000000
2019-03-24T04:40:00,2019,3,24,4,40,0.00000000,18.80000000,18.80000000,0.00000000
2019-03-24T04:50:00,2019,3,24,4,50,0.00000000,18.70000000,18.70000000,0.00000000
2019-03-24T05:00:00,2019,3,24,5,0,0.00000000,18.60000000,18.60000000,0.00000000
2019-03-24T05:10:00,2019,3,24,5,10,0.01016667,18.55000000,18.90583333,0.01045167
2019-03-24T05:20:00,2019,3,24,5,20,0.02033333,18.50000000,19.21166667,0.02087474
2019-03-24T05:30:00,2019,3,24,5,30,0.03050000,18.45000000,19.51750000,0.03126919
2019-03-24T05:40:00,2019,3,24,5,40,0.04066667,18.40000000,19.82333333,0.04163505
2019-03-24T05:50:00,2019,3,24,5,50,0.05083333,18.35000000,20.12916667,0.05197230
2019-03-24T06:00:00,2019,3,24,6,0,0.06100000,18.30000000,20.43500000,0.06228094
2019-03-24T06:10:00,2019,3,24,6,10,0.08916667,18.68333333,21.80416667,0.09047749
2019-03-24T06:20:00,2019,3,24,6,20,0.11733333,19.06666667,23.17333333,0.11831925
2019-03-24T06:30:00,2019,3,24,6,30,0.14550000,19.45000000,24.54250000,0.14580620
2019-03-24T06:40:00,2019,3,24,6,40,0.17366667,19.83333333,25.91166667,0.17293837
2019-03-24T06:50:00,2019,3,24,6,50,0.20183333,20.21666667,27.28083333,0.19971573
2019-03-24T07:00:00,2019,3,24,7,0,0.23000000,20.60000000,28.65000000,0.22613830
2019-03-24T07:10:00,2019,3,24,7,10,0.27166667,20.86666667,30.37500000,0.26494971
2019-03-24T07:20:00,2019,3,24,7,20,0.31333333,21.13333333,32.10000000,0.30309987
2019-03-24T07:30:00,2019,3,24,7,30,0.35500000,21.40000000,33.82500000,0.34058878
2019-03-24T07:40:00,2019,3,24,7,40,0.39666667,21.66666667,35.55000000,0.37741643
2019-03-24T07:50:00,2019,3,24,7,50,0.43833333,21.93333333,37.27500000,0.41358284
2019-03-24T08:00:00,2019,3,24,8,0,0.48000000,22.20000000,39.00000000,0.44908800
2019-03-24T08:10:00,2019,3,24,8,10,0.48500000,22.50000000,39.47500000,0.45270627
2019-03-24T08:20:00,2019,3,24,8,20,0.49000000,22.80000000,39.95000000,0.45630270
2019-03-24T08:30:00,2019,3,24,8,30,0.49500000,23.10000000,40.42500000,0.45987727
2019-03-24T08:40:00,2019,3,24,8,40,0.50000000,23.40000000,40.90000000,0.46343000
2019-03-24T08:50:00,2019,3,24,8,50,0.50500000,23.70000000,41.37500000,0.46696087
2019-03-24T09:00:00,2019,3,24,9,0,0.51000000,24.00000000,41.85000000,0.47046990
2019-03-24T09:10:00,2019,3,24,9,10,0.54250000,24.28333333,43.27083333,0.49690514
2019-03-24T09:20:00,2019,3,24,9,20,0.57500000,24.56666667,44.69166667,0.52291554
2019-03-24T09:30:00,2019,3,24,9,30,0.60750000,24.85000000,46.11250000,0.54850112
2019-03-24T09:40:00,2019,3,24,9,40,0.64000000,25.13333333,47.53333333,0.57366187
2019-03-24T09:50:00,2019,3,24,9,50,0.67250000,25.41666667,48.95416667,0.59839779
2019-03-24T10:00:00,2019,3,24,10,0,0.70500000,25.70000000,50.37500000,0.62270887
2019-03-24T10:10:00,2019,3,24,10,10,0.70483333,25.96666667,50.63583333,0.62171598
2019-03-24T10:20:00,2019,3,24,10,20,0.70466667,26.23333333,50.89666667,0.62072348
2019-03-24T10:30:00,2019,3,24,10,30,0.70450000,26.50000000,51.15750000,0.61973139
2019-03-24T10:40:00,2019,3,24,10,40,0.70433333,26.76666667,51.41833333,0.61873969
2019-03-24T10:50:00,2019,3,24,10,50,0.70416667,27.03333333,51.67916667,0.61774840
2019-03-24T11:00:00,2019,3,24,11,0,0.70400000,27.30000000,51.94000000,0.61675750
2019-03-24T11:10:00,2019,3,24,11,10,0.75400000,27.36666667,53.75666667,0.65426038
2019-03-24T11:20:00,2019,3,24,11,20,0.80400000,27.43333333,55.57333333,0.69092758
2019-03-24T11:30:00,2019,3,24,11,30,0.85400000,27.50000000,57.39000000,0.72675912
2019-03-24T11:40:00,2019,3,24,11,40,0.90400000,27.56666667,59.20666667,0.76175500
2019-03-24T11:50:00,2019,3,24,11,50,0.95400000,27.63333333,61.02333333,0.79591520
2019-03-24T12:00:00,2019,3,24,12,0,1.00400000,27.70000000,62.84000000,0.82923974
2019-03-24T12:10:00,2019,3,24,12,10,0.92016667,28.00000000,60.20583333,0.77114859
2019-03-24T12:20:00,2019,3,24,12,20,0.83633333,28.30000000,57.57166667,0.71102579
2019-03-24T12:30:00,2019,3,24,12,30,0.75250000,28.60000000,54.93750000,0.64887134
2019-03-24T12:40:00,2019,3,24,12,40,0.66866667,28.90000000,52.30333333,0.58468525
2019-03-24T12:50:00,2019,3,24,12,50,0.58483333,29.20000000,49.66916667,0.51846752
2019-03-24T13:00:00,2019,3,24,13,0,0.50100000,29.50000000,47.03500000,0.45021814
2019-03-24T13:10:00,2019,3,24,13,10,0.52383333,29.11666667,47.45083333,0.46973506
2019-03-24T13:20:00,2019,3,24,13,20,0.54666667,28.73333333,47.86666667,0.48916462
2019-03-24T13:30:00,2019,3,24,13,30,0.56950000,28.35000000,48.28250000,0.50850683
2019-03-24T13:40:00,2019,3,24,13,40,0.59233333,27.96666667,48.69833333,0.52776169
2019-03-24T13:50:00,2019,3,24,13,50,0.61516667,27.58333333,49.11416667,0.54692920
2019-03-24T14:00:00,2019,3,24,14,0,0.63800000,27.20000000,49.53000000,0.56600936
2019-03-24T14:10:00,2019,3,24,14,10,0.58516667,27.20000000,47.68083333,0.52411516
2019-03-24T14:20:00,2019,3,24,14,20,0.53233333,27.20000000,45.83166667,0.48132214
2019-03-24T14:30:00,2019,3,24,14,30,0.47950000,27.20000000,43.98250000,0.43763030
2019-03-24T14:40:00,2019,3,24,14,40,0.42666667,27.20000000,42.13333333,0.39303964
2019-03-24T14:50:00,2019,3,24,14,50,0.37383333,27.20000000,40.28416667,0.34755017
2019-03-24T15:00:00,2019,3,24,15,0,0.32100000,27.20000000,38.43500000,0.30116188
2019-03-24T15:10:00,2019,3,24,15,10,0.30233333,26.95000000,37.53166667,0.28490513
2019-03-24T15:20:00,2019,3,24,15,20,0.28366667,26.70000000,36.62833333,0.26849324
2019-03-24T15:30:00,2019,3,24,15,30,0.26500000,26.45000000,35.72500000,0.25192623
2019-03-24T15:40:00,2019,3,24,15,40,0.24633333,26.20000000,34.82166667,0.23520408
2019-03-24T15:50:00,2019,3,24,15,50,0.22766667,25.95000000,33.91833333,0.21832679
2019-03-24T16:00:00,2019,3,24,16,0,0.20900000,25.70000000,33.01500000,0.20129438
2019-03-24T16:10:00,2019,3,24,16,10,0.18733333,25.56666667,32.12333333,0.18119492
2019-03-24T16:20:00,2019,3,24,16,20,0.16566667,25.43333333,31.23166667,0.16091772
2019-03-24T16:30:00,2019,3,24,16,30,0.14400000,25.30000000,30.34000000,0.14046278
2019-03-24T16:40:00,2019,3,24,16,40,0.12233333,25.16666667,29.44833333,0.11983011
2019-03-24T16:50:00,2019,3,24,16,50,0.10066667,25.03333333,28.55666667,0.09901969
2019-03-24T17:00:00,2019,3,24,17,0,0.07900000,24.90000000,27.66500000,0.07803154
2019-03-24T17:10:00,2019,3,24,17,10,0.06583333,24.78333333,27.08750000,0.06520117
2019-03-24T17:20:00,2019,3,24,17,20,0.05266667,24.66666667,26.51000000,0.05230084
2019-03-24T17:30:00,2019,3,24,17,30,0.03950000,24.55000000,25.93250000,0.03933056
2019-03-24T17:40:00,2019,3,24,17,40,0.02633333,24.43333333,25.35500000,0.02629033
2019-03-24T17:50:00,2019,3,24,17,50,0.01316667,24.31666667,24.77750000,0.01318014
2019-03-24T18:00:00,2019,3,24,18,0,0.00000000,24.20000000,24.20000000,0.00000000
2019-03-24T18:10:00,2019,3,24,18,10,0.00000000,24.16666667,24.16666667,0.00000000
2019-03-24T18:20:00,2019,3,24,18,20,0.00000000,24.13333333,24.13333333,0.00000000
2019-03-24T18:30:00,2019,3,24,18,30,0.00000000,24.10000000,24.10000000,0.00000000
2019-03-24T18:40:00,2019,3,24,18,40,0.00000000,24.06666667,24.06666667,0.00000000
2019-03-24T18:50:00,2019,3,24,18,50,0.00000000,24.03333333,24.03333333,0.00000000
2019-03-24T19:00:00,2019,3,24,19,0,0.00000000,24.00000000,24.00000000,0.00000000
2019-03-24T19:10:00,2019,3,24,19,10,0.00000000,23.80000000,23.80000000,0.00000000
2019-03-24T19:20:00,2019,3,24,19,20,0.00000000,23.60000000,23.60000000,0.00000000
2019-03-24T19:30:00,2019,3,24,19,30,0.00000000,23.40000000,23.40000000,0.00000000
2019-03-24T19:40:00,2019,3,24,19,40,0.00000000,23.20000000,23.20000000,0.00000000
2019-03-24T19:50:00,2019,3,24,19,50,0.00000000,23.00000000,23.00000000,0.00000000
2019-03-24T20:00:00,2019,3,24,20,0,0.00000000,22.80000000,22.80000000,0.00000000
2019-03-24T20:10:00,2019,3,24,20,10,0.00000000,22.71666667,22.71666667,0.00000000
2019-03-24T20:20:00,2019,3,24,20,20,0.00000000,22.63333333,22.63333333,0.00000000
2019-03-24T20:30:00,2019,3,24,20,30,0.00000000,22.55000000,22.55000000,0.00000000
2019-03-24T20:40:00,2019,3,24,20,40,0.00000000,22.46666667,22.46666667,0.00000000
2019-03-24T20:50:00,2019,3,24,20,50,0.00000000,22.38333333,22.38333333,0.00000000
2019-03-24T21:00:00,2019,3,24,21,0,0.00000000,22.30000000,22.30000000,0.00000000
2019-03-24T21:10:00,2019,3,24,21,10,0.00000000,22.20000000,22.20000000,0.00000000
2019-03-24T21:20:00,2019,3,24,21,20,0.00000000,22.10000000,22.10000000,0.00000000
2019-03-24T21:30:00,2019,3,24,21,30,0.00000000,22.00000000,22.00000000,0.00000000
2019-03-24T21:40:00,2019,3,24,21,40,0.00000000,21.90000000,21.90000000,0.00000000
2019-03-24T21:50:00,2019,3,24,21,50,0.00000000,21.80000000,21.80000000,0.00000000
2019-03-24T22:00:00,2019,3,24,22,0,0.00000000,21.70000000,21.70000000,0.00000000
2019-03-24T22:10:00,2019,3,24,22,10,0.00000000,21.68333333,21.68333333,0.00000000
2019-03-24T22:20:00,2019,3,24,22,20,0.00000000,21.66666667,21.66666667,0.00000000
2019-03-24T22:30:00,2019,3,24,22,30,0.00000000,21.65000000,21.65000000,0.00000000
2019-03-24T22:40:00,2019,3,24,22,40,0.00000000,21.63333333,21.63333333,0.00000000
2019-03-24T22:50:00,2019,3,24,22,50,0.00000000,21.61666667,21.61666667,0.00000000
2019-03-24T23:00:00,2019,3,24,23,0,0.00000000,21.60000000,21.60000000,0.00000000
2019-03-24T23:10:00,2019,3,24,23,10,0.00000000,21.56666667,21.56666667,0.00000000
2019-03-24T23:20:00,2019,3,24,23,20,0.00000000,21.53333333,21.53333333,0.00000000
2019-03-24T23:30:00,2019,3,24,23,30,0.00000000,21.50000000,21.50000000,0.00000000
2019-03-24T23:40:00,2019,3,24,23,40,0.00000000,21.46666667,21.46666667,0.00000000
2019-03-24T23:50:00,2019,3,24,23,50,0.00000000,21.43333333,21.43333333,0.00000000
2019-03-25T00:00:00,2019,3,25,0,0,0.00000000,21.40000000,21.40000000,0.00000000
2019-03-25T00:10:00,2019,3,25,0,10,0.00000000,21.25000000,21.25000000,0.00000000
2019-03-25T00:20:00,2019,3,25,0,20,0.00000000,21.10000000,21.10000000,0.00000000
2019-03-25T00:30:00,2019,3,25,0,30,0.00000000,20.95000000,20.95000000,0.00000000
2019-03-25T00:40:00,2019,3,25,0,40,0.00000000,20.80000000,20.80000000,0.00000000
2019-03-25T00:50:00,2019,3,25,0,50,0.00000000,20.65000000,20.65000000,0.00000000
2019-03-25T01:00:00,2019,3,25,1,0,0.00000000,20.50000000,20.50000000,0.00000000
2019-03-25T01:10:00,2019,3,25,1,10,0.00000000,20.56666667,20.56666667,0.00000000
2019-03-25T01:20:00,2019,3,25,1,20,0.00000000,20.63333333,20.63333333,0.00000000
2019-03-25T01:30:00,2019,3,25,1,30,0.00000000,20.70000000,20.70000000,0.00000000
2019-03-25T01:40:00,2019,3,25,1,40,0.00000000,20.76666667,20.76666667,0.00000000
2019-03-25T01:50:00,2019,3,25,1,50,0.00000000,20.83333333,20.83333333,0.00000000
2019-03-25T02:00:00,2019,3,25,2,0,0.00000000,20.90000000,20.90000000,0.00000000
2019-03-25T02:10:00,2019,3,25,2,10,0.00000000,20.86666667,20.86666667,0.00000000
2019-03-25T02:20:00,2019,3,25,2,20,0.00000000,20.83333333,20.83333333,0.00000000
2019-03-25T02:30:00,2019,3,25,2,30,0.00000000,20.80000000,20.80000000,0.00000000
2019-03-25T02:40:00,2019,3,25,2,40,0.00000000,20.76666667,20.76666667,0.00000000
2019-03-25T02:50:00,2019,3,25,2,50,0.00000000,20.73333333,20.73333333,0.00000000
2019-03-25T03:00:00,2019,3,25,3,0,0.00000000,20.70000000,20.70000000,0.00000000
2019-03-25T03:10:00,2019,3,25,3,10,0.00000000,20.56666667,20.56666667,0.00000000
2019-03-25T03:20:00,2019,3,25,3,20,0.00000000,20.43333333,20.43333333,0.00000000
2019-03-25T03:30:00,2019,3,25,3,30,0.00000000,20.30000000,20.30000000,0.00000000
2019-03-25T03:40:00,2019,3,25,3,40,0.00000000,20.16666667,20.16666667,0.00000000
2019-03-25T03:50:00,2019,3,25,3,50,0.00000000,20.03333333,20.03333333,0.00000000
2019-03-25T04:00:00,2019,3,25,4,0,0.00000000,19.90000000,19.90000000,0.00000000
2019-03-25T04:10:00,2019,3,25,4,10,0.00000000,19.78333333,19.78333333,0.00000000
2019-03-25T04:20:00,2019,3,25,4,20,0.00000000,19.66666667,19.66666667,0.00000000
2019-03-25T04:30:00,2019,3,25,4,30,0.00000000,19.55000000,19.55000000,0.00000000
2019-03-25T04:40:00,2019,3,25,4,40,0.00000000,19.43333333,19.43333333,0.00000000
2019-03-25T04:50:00,2019,3,25,4,50,0.00000000,19.31666667,19.31666667,0.00000000
2019-03-25T05:00:00,2019,3,25,5,0,0.00000000,19.20000000,19.20000000,0.00000000
2019-03-25T05:10:00,2019,3,25,5,10,0.00950000,19.28333333,19.61583333,0.00973529
2019-03-25T05:20:00,2019,3,25,5,20,0.01900000,19.36666667,20.03166667,0.01943423
2019-03-25T05:30:00,2019,3,25,5,30,0.02850000,19.45000000,20.44750000,0.02909683
2019-03-25T05:40:00,2019,3,25,5,40,0.03800000,19.53333333,20.86333333,0.03872309
2019-03-25T05:50:00,2019,3,25,5,50,0.04750000,19.61666667,21.27916667,0.04831300
2019-03-25T06:00:00,2019,3,25,6,0,0.05700000,19.70000000,21.69500000,0.05786657
2019-03-25T06:10:00,2019,3,25,6,10,0.08550000,20.08333333,23.07583333,0.08625677
2019-03-25T06:20:00,2019,3,25,6,20,0.11400000,20.46666667,24.45666667,0.11428492
2019-03-25T06:30:00,2019,3,25,6,30,0.14250000,20.85000000,25.83750000,0.14195102
2019-03-25T06:40:00,2019,3,25,6,40,0.17100000,21.23333333,27.21833333,0.16925506
2019-03-25T06:50:00,2019,3,25,6,50,0.19950000,21.61666667,28.59916667,0.19619704
2019-03-25T07:00:00,2019,3,25,7,0,0.22800000,22.00000000,29.98000000,0.22277698
2019-03-25T07:10:00,2019,3,25,7,10,0.22966667,22.45000000,30.48833333,0.22386843
2019-03-25T07:20:00,2019,3,25,7,20,0.23133333,22.90000000,30.99666667,0.22495208
2019-03-25T07:30:00,2019,3,25,7,30,0.23300000,23.35000000,31.50500000,0.22602794
2019-03-25T07:40:00,2019,3,25,7,40,0.23466667,23.80000000,32.01333333,0.22709601
2019-03-25T07:50:00,2019,3,25,7,50,0.23633333,24.25000000,32.52166667,0.22815628
2019-03-25T08:00:00,2019,3,25,8,0,0.23800000,24.70000000,33.03000000,0.22920876
2019-03-25T08:10:00,2019,3,25,8,10,0.31133333,24.78333333,35.68000000,0.29603815
2019-03-25T08:20:00,2019,3,25,8,20,0.38466667,24.86666667,38.33000000,0.36107968
2019-03-25T08:30:00,2019,3,25,8,30,0.45800000,24.95000000,40.98000000,0.42433334
2019-03-25T08:40:00,2019,3,25,8,40,0.53133333,25.03333333,43.63000000,0.48579913
2019-03-25T08:50:00,2019,3,25,8,50,0.60466667,25.11666667,46.28000000,0.54547706
2019-03-25T09:00:00,2019,3,25,9,0,0.67800000,25.20000000,48.93000000,0.60336712
2019-03-25T09:10:00,2019,3,25,9,10,0.65333333,26.16666667,49.03333333,0.58110516
2019-03-25T09:20:00,2019,3,25,9,20,0.62866667,27.13333333,49.13666667,0.55886664
2019-03-25T09:30:00,2019,3,25,9,30,0.60400000,28.10000000,49.24000000,0.53665158
2019-03-25T09:40:00,2019,3,25,9,40,0.57933333,29.06666667,49.34333333,0.51445997
2019-03-25T09:50:00,2019,3,25,9,50,0.55466667,30.03333333,49.44666667,0.49229181
2019-03-25T10:00:00,2019,3,25,10,0,0.53000000,31.00000000,49.55000000,0.47014710
2019-03-25T10:10:00,2019,3,25,10,10,0.60316667,30.75000000,51.86083333,0.52863949
2019-03-25T10:20:00,2019,3,25,10,20,0.67633333,30.50000000,54.17166667,0.58557639
2019-03-25T10:30:00,2019,3,25,10,30,0.74950000,30.25000000,56.48250000,0.64095778
2019-03-25T10:40:00,2019,3,25,10,40,0.82266667,30.00000000,58.79333333,0.69478368
2019-03-25T10:50:00,2019,3,25,10,50,0.89583333,29.75000000,61.10416667,0.74705408
2019-03-25T11:00:00,2019,3,25,11,0,0.96900000,29.50000000,63.41500000,0.79776898
2019-03-25T11:10:00,2019,3,25,11,10,0.96216667,30.45000000,64.12583333,0.78899703
2019-03-25T11:20:00,2019,3,25,11,20,0.95533333,31.40000000,64.83666667,0.78026977
2019-03-25T11:30:00,2019,3,25,11,30,0.94850000,32.35000000,65.54750000,0.77158720
2019-03-25T11:40:00,2019,3,25,11,40,0.94166667,33.30000000,66.25833333,0.76294932
2019-03-25T11:50:00,2019,3,25,11,50,0.93483333,34.25000000,66.96916667,0.75435612
2019-03-25T12:00:00,2019,3,25,12,0,0.92800000,35.20000000,67.68000000,0.74580762
2019-03-25T12:10:00,2019,3,25,12,10,0.86400000,35.08333333,65.32333333,0.70373894
2019-03-25T12:20:00,2019,3,25,12,20,0.80000000,34.96666667,62.96666667,0.66028267
2019-03-25T12:30:00,2019,3,25,12,30,0.73600000,34.85000000,60.61000000,0.61543878
2019-03-25T12:40:00,2019,3,25,12,40,0.67200000,34.73333333,58.25333333,0.56920730
2019-03-25T12:50:00,2019,3,25,12,50,0.60800000,34.61666667,55.89666667,0.52158820
2019-03-25T13:00:00,2019,3,25,13,0,0.54400000,34.50000000,53.54000000,0.47258150
2019-03-25T13:10:00,2019,3,25,13,10,0.52566667,33.81666667,52.21500000,0.45985898
2019-03-25T13:20:00,2019,3,25,13,20,0.50733333,33.13333333,50.89000000,0.44691298
2019-03-25T13:30:00,2019,3,25,13,30,0.48900000,32.45000000,49.56500000,0.43374349
2019-03-25T13:40:00,2019,3,25,13,40,0.47066667,31.76666667,48.24000000,0.42035052
2019-03-25T13:50:00,2019,3,25,13,50,0.45233333,31.08333333,46.91500000,0.40673406
2019-03-25T14:00:00,2019,3,25,14,0,0.43400000,30.40000000,45.59000000,0.39289412
2019-03-25T14:10:00,2019,3,25,14,10,0.43716667,30.03333333,45.33416667,0.39627534
2019-03-25T14:20:00,2019,3,25,14,20,0.44033333,29.66666667,45.07833333,0.39966400
2019-03-25T14:30:00,2019,3,25,14,30,0.44350000,29.30000000,44.82250000,0.40306012
2019-03-25T14:40:00,2019,3,25,14,40,0.44666667,28.93333333,44.56666667,0.40646369
2019-03-25T14:50:00,2019,3,25,14,50,0.44983333,28.56666667,44.31083333,0.40987471
2019-03-25T15:00:00,2019,3,25,15,0,0.45300000,28.20000000,44.05500000,0.41329319
2019-03-25T15:10:00,2019,3,25,15,10,0.40766667,28.26666667,42.53500000,0.37478387
2019-03-25T15:20:00,2019,3,25,15,20,0.36233333,28.33333333,41.01500000,0.33564060
2019-03-25T15:30:00,2019,3,25,15,30,0.31700000,28.40000000,39.49500000,0.29586339
2019-03-25T15:40:00,2019,3,25,15,40,0.27166667,28.46666667,37.97500000,0.25545224
2019-03-25T15:50:00,2019,3,25,15,50,0.22633333,28.53333333,36.45500000,0.21440715
2019-03-25T16:00:00,2019,3,25,16,0,0.18100000,28.60000000,34.93500000,0.17272812
2019-03-25T16:10:00,2019,3,25,16,10,0.15633333,28.03333333,33.50500000,0.15021710
2019-03-25T16:20:00,2019,3,25,16,20,0.13166667,27.46666667,32.07500000,0.12738157
2019-03-25T16:30:00,2019,3,25,16,30,0.10700000,26.90000000,30.64500000,0.10422153
2019-03-25T16:40:00,2019,3,25,16,40,0.08233333,26.33333333,29.21500000,0.08073697
2019-03-25T16:50:00,2019,3,25,16,50,0.05766667,25.76666667,27.78500000,0.05692790
2019-03-25T17:00:00,2019,3,25,17,0,0.03300000,25.20000000,26.35500000,0.03279431
2019-03-25T17:10:00,2019,3,25,17,10,0.02750000,24.78333333,25.74583333,0.02740565
2019-03-25T17:20:00,2019,3,25,17,20,0.02200000,24.36666667,25.13666667,0.02198617
2019-03-25T17:30:00,2019,3,25,17,30,0.01650000,23.95000000,24.52750000,0.01653586
2019-03-25T17:40:00,2019,3,25,17,40,0.01100000,23.53333333,23.91833333,0.01105473
2019-03-25T17:50:00,2019,3,25,17,50,0.00550000,23.11666667,23.30916667,0.00554278
2019-03-25T18:00:00,2019,3,25,18,0,0.00000000,22.70000000,22.70000000,0.00000000
2019-03-25T18:10:00,2019,3,25,18,10,0.00000000,22.53333333,22.53333333,0.00000000
2019-03-25T18:20:00,2019,3,25,18,20,0.00000000,22.36666667,22.36666667,0.00000000
2019-03-25T18:30:00,2019,3,25,18,30,0.00000000,22.20000000,22.20000000,0.00000000
2019-03-25T18:40:00,2019,3,25,18,40,0.00000000,22.03333333,22.03333333,0.00000000
2019-03-25T18:50:00,2019,3,25,18,50,0.00000000,21.86666667,21.86666667,0.00000000
2019-03-25T19:00:00,2019,3,25,19,0,0.00000000,21.70000000,21.70000000,0.00000000
2019-03-25T19:10:00,2019,3,25,19,10,0.00000000,21.58333333,21.58333333,0.00000000
2019-03-25T19:20:00,2019,3,25,19,20,0.00000000,21.46666667,21.46666667,0.00000000
2019-03-25T19:30:00,2019,3,25,19,30,0.00000000,21.35000000,21.35000000,0.00000000
2019-03-25T19:40:00,2019,3,25,19,40,0.00000000,21.23333333,21.23333333,0.00000000
2019-03-25T19:50:00,2019,3,25,19,50,0.00000000,21.11666667,21.11666667,0.00000000
2019-03-25T20:00:00,2019,3,25,20,0,0.00000000,21.00000000,21.00000000,0.00000000
2019-03-25T20:10:00,2019,3,25,20,10,0.00000000,20.81666667,20.81666667,0.00000000
2019-03-25T20:20:00,2019,3,25,20,20,0.00000000,20.63333333,20.63333333,0.00000000
2019-03-25T20:30:00,2019,3,25,20,30,0.00000000,20.45000000,20.45000000,0.00000000
2019-03-25T20:40:00,2019,3,25,20,40,0.00000000,20.26666667,20.26666667,0.00000000
2019-03-25T20:50:00,2019,3,25,20,50,0.00000000,20.08333333,20.08333333,0.00000000
2019-03-25T21:00:00,2019,3,25,21,0,0.00000000,19.90000000,19.90000000,0.00000000
2019-03-25T21:10:00,2019,3,25,21,10,0.00000000,19.91666667,19.91666667,0.00000000
2019-03-25T21:20:00,2019,3,25,21,20,0.00000000,19.93333333,19.93333333,0.00000000
2019-03-25T21:30:00,2019,3,25,21,30,0.00000000,19.95000000,19.95000000,0.00000000
2019-03-25T21:40:00,2019,3,25,21,40,0.00000000,19.96666667,19.96666667,0.00000000
2019-03-25T21:50:00,2019,3,25,21,50,0.00000000,19.98333333,19.98333333,0.00000000
2019-03-25T22:00:00,2019,3,25,22,0,0.00000000,20.00000000,20.00000000,0.00000000
2019-03-25T22:10:00,2019,3,25,22,10,0.00000000,19.75000000,19.75000000,0.00000000
2019-03-25T22:20:00,2019,3,25,22,20,0.00000000,19.50000000,19.50000000,0.00000000
2019-03-25T22:30:00,2019,3,25,22,30,0.00000000,19.25000000,19.25000000,0.00000000
2019-03-25T22:40:00,2019,3,25,22,40,0.00000000,19.00000000,19.00000000,0.00000000
2019-03-25T22:50:00,2019,3,25,22,50,0.00000000,18.75000000,18.75000000,0.00000000
2019-03-25T23:00:00,2019,3,25,23,0,0.00000000,18.50000000,18.50000000,0.00000000
2019-03-25T23:10:00,2019,3,25,23,10,0.00000000,18.53333333,18.53333333,0.00000000
2019-03-25T23:20:00,2019,3,25,23,20,0.00000000,18.56666667,18.56666667,0.00000000
2019-03-25T23:30:00,2019,3,25,23,30,0.00000000,18.60000000,18.60000000,0.00000000
2019-03-25T23:40:00,2019,3,25,23,40,0.00000000,18.63333333,18.63333333,0.00000000
2019-03-25T23:50:00,2019,3,25,23,50,0.00000000,18.66666667,18.66666667,0.00000000
2019-03-26T00:00:00,2019,3,26,0,0,0.00000000,18.70000000,18.70000000,0.00000000
2019-03-26T00:10:00,2019,3,26,0,10,0.00000000,18.60000000,18.60000000,0.00000000
2019-03-26T00:20:00,2019,3,26,0,20,0.00000000,18.50000000,18.50000000,0.00000000
2019-03-26T00:30:00,2019,3,26,0,30,0.00000000,18.40000000,18.40000000,0.00000000
2019-03-26T00:40:00,2019,3,26,0,40,0.00000000,18.30000000,18.30000000,0.00000000
2019-03-26T00:50:00,2019,3,26,0,50,0.00000000,18.20000000,18.20000000,0.00000000
2019-03-26T01:00:00,2019,3,26,1,0,0.00000000,18.10000000,18.10000000,0.00000000
2019-03-26T01:10:00,2019,3,26,1,10,0.00000000,18.11666667,18.11666667,0.00000000
2019-03-26T01:20:00,2019,3,26,1,20,0.00000000,18.13333333,18.13333333,0.00000000
2019-03-26T01:30:00,2019,3,26,1,30,0.00000000,18.15000000,18.15000000,0.00000000
2019-03-26T01:40:00,2019,3,26,1,40,0.00000000,18.16666667,18.16666667,0.00000000
2019-03-26T01:50:00,2019,3,26,1,50,0.00000000,18.18333333,18.18333333,0.00000000
2019-03-26T02:00:00,2019,3,26,2,0,0.00000000,18.20000000,18.20000000,0.00000000
2019-03-26T02:10:00,2019,3,26,2,10,0.00000000,18.06666667,18.06666667,0.00000000
2019-03-26T02:20:00,2019,3,26,2,20,0.00000000,17.93333333,17.93333333,0.00000000
2019-03-26T02:30:00,2019,3,26,2,30,0.00000000,17.80000000,17.80000000,0.00000000
2019-03-26T02:40:00,2019,3,26,2,40,0.00000000,17.66666667,17.66666667,0.00000000
2019-03-26T02:50:00,2019,3,26,2,50,0.00000000,17.53333333,17.53333333,0.00000000
2019-03-26T03:00:00,2019,3,26,3,0,0.00000000,17.40000000,17.40000000,0.00000000
2019-03-26T03:10:00,2019,3,26,3,10,0.00000000,17.45000000,17.45000000,0.00000000
2019-03-26T03:20:00,2019,3,26,3,20,0.00000000,17.50000000,17.50000000,0.00000000
2019-03-26T03:30:00,2019,3,26,3,30,0.00000000,17.55000000,17.55000000,0.00000000
2019-03-26T03:40:00,2019,3,26,3,40,0.00000000,17.60000000,17.60000000,0.00000000
2019-03-26T03:50:00,2019,3,26,3,50,0.00000000,17.65000000,17.65000000,0.00000000
2019-03-26T04:00:00,2019,3,26,4,0,0.00000000,17.70000000,17.70000000,0.00000000
2019-03-26T04:10:00,2019,3,26,4,10,0.00000000,17.66666667,17.66666667,0.00000000
2019-03-26T04:20:00,2019,3,26,4,20,0.00000000,17.63333333,17.63333333,0.00000000
2019-03-26T04:30:00,2019,3,26,4,30,0.00000000,17.60000000,17.60000000,0.00000000
2019-03-26T04:40:00,2019,3,26,4,40,0.00000000,17.56666667,17.56666667,0.00000000
2019-03-26T04:50:00,2019,3,26,4,50,0.00000000,17.53333333,17.53333333,0.00000000
2019-03-26T05:00:00,2019,3,26,5,0,0.00000000,17.50000000,17.50000000,0.00000000
2019-03-26T05:10:00,2019,3,26,5,10,0.00966667,17.46666667,17.80500000,0.00998660
2019-03-26T05:20:00,2019,3,26,5,20,0.01933333,17.43333333,18.11000000,0.01994608
2019-03-26T05:30:00,2019,3,26,5,30,0.02900000,17.40000000,18.41500000,0.02987844
2019-03-26T05:40:00,2019,3,26,5,40,0.03866667,17.36666667,18.72000000,0.03978367
2019-03-26T05:50:00,2019,3,26,5,50,0.04833333,17.33333333,19.02500000,0.04966177
2019-03-26T06:00:00,2019,3,26,6,0,0.05800000,17.30000000,19.33000000,0.05951276
2019-03-26T06:10:00,2019,3,26,6,10,0.09166667,17.63333333,20.84166667,0.09342010
2019-03-26T06:20:00,2019,3,26,6,20,0.12533333,17.96666667,22.35333333,0.12685922
2019-03-26T06:30:00,2019,3,26,6,30,0.15900000,18.30000000,23.86500000,0.15983014
2019-03-26T06:40:00,2019,3,26,6,40,0.19266667,18.63333333,25.37666667,0.19233284
2019-03-26T06:50:00,2019,3,26,6,50,0.22633333,18.96666667,26.88833333,0.22436733
2019-03-26T07:00:00,2019,3,26,7,0,0.26000000,19.30000000,28.40000000,0.25593360
2019-03-26T07:10:00,2019,3,26,7,10,0.29450000,19.71666667,30.02416667,0.28769376
2019-03-26T07:20:00,2019,3,26,7,20,0.32900000,20.13333333,31.64833333,0.31893841
2019-03-26T07:30:00,2019,3,26,7,30,0.36350000,20.55000000,33.27250000,0.34966755
2019-03-26T07:40:00,2019,3,26,7,40,0.39800000,20.96666667,34.89666667,0.37988118
2019-03-26T07:50:00,2019,3,26,7,50,0.43250000,21.38333333,36.52083333,0.40957930
2019-03-26T08:00:00,2019,3,26,8,0,0.46700000,21.80000000,38.14500000,0.43876191
2019-03-26T08:10:00,2019,3,26,8,10,0.47216667,22.13333333,38.65916667,0.44249941
2019-03-26T08:20:00,2019,3,26,8,20,0.47733333,22.46666667,39.17333333,0.44621247
2019-03-26T08:30:00,2019,3,26,8,30,0.48250000,22.80000000,39.68750000,0.44990109
2019-03-26T08:40:00,2019,3,26,8,40,0.48766667,23.13333333,40.20166667,0.45356527
2019-03-26T08:50:00,2019,3,26,8,50,0.49283333,23.46666667,40.71583333,0.45720502
2019-03-26T09:00:00,2019,3,26,9,0,0.49800000,23.80000000,41.23000000,0.46082032
2019-03-26T09:10:00,2019,3,26,9,10,0.53833333,23.90000000,42.74166667,0.49439905
2019-03-26T09:20:00,2019,3,26,9,20,0.57866667,24.00000000,44.25333333,0.52741686
2019-03-26T09:30:00,2019,3,26,9,30,0.61900000,24.10000000,45.76500000,0.55987374
2019-03-26T09:40:00,2019,3,26,9,40,0.65933333,24.20000000,47.27666667,0.59176969
2019-03-26T09:50:00,2019,3,26,9,50,0.69966667,24.30000000,48.78833333,0.62310471
2019-03-26T10:00:00,2019,3,26,10,0,0.74000000,24.40000000,50.30000000,0.65387880
2019-03-26T10:10:00,2019,3,26,10,10,0.77700000,24.75000000,51.94500000,0.68069318
2019-03-26T10:20:00,2019,3,26,10,20,0.81400000,25.10000000,53.59000000,0.70694760
2019-03-26T10:30:00,2019,3,26,10,30,0.85100000,25.45000000,55.23500000,0.73264207
2019-03-26T10:40:00,2019,3,26,10,40,0.88800000,25.80000000,56.88000000,0.75777658
2019-03-26T10:50:00,2019,3,26,10,50,0.92500000,26.15000000,58.52500000,0.78235112
2019-03-26T11:00:00,2019,3,26,11,0,0.96200000,26.50000000,60.17000000,0.80636572
2019-03-26T11:10:00,2019,3,26,11,10,0.89400000,26.83333333,58.12333333,0.75778360
2019-03-26T11:20:00,2019,3,26,11,20,0.82600000,27.16666667,56.07666667,0.70792110
2019-03-26T11:30:00,2019,3,26,11,30,0.75800000,27.50000000,54.03000000,0.65677820
2019-03-26T11:40:00,2019,3,26,11,40,0.69000000,27.83333333,51.98333333,0.60435490
2019-03-26T11:50:00,2019,3,26,11,50,0.62200000,28.16666667,49.93666667,0.55065121
2019-03-26T12:00:00,2019,3,26,12,0,0.55400000,28.50000000,47.89000000,0.49566712
2019-03-26T12:10:00,2019,3,26,12,10,0.54650000,28.05000000,47.17750000,0.49074798
2019-03-26T12:20:00,2019,3,26,12,20,0.53900000,27.60000000,46.46500000,0.48577968
2019-03-26T12:30:00,2019,3,26,12,30,0.53150000,27.15000000,45.75250000,0.48076221
2019-03-26T12:40:00,2019,3,26,12,40,0.52400000,26.70000000,45.04000000,0.47569558
2019-03-26T12:50:00,2019,3,26,12,50,0.51650000,26.25000000,44.32750000,0.47057979
2019-03-26T13:00:00,2019,3,26,13,0,0.50900000,25.80000000,43.61500000,0.46541484
2019-03-26T13:10:00,2019,3,26,13,10,0.51833333,25.73333333,43.87500000,0.47332904
2019-03-26T13:20:00,2019,3,26,13,20,0.52766667,25.66666667,44.13500000,0.48122092
2019-03-26T13:30:00,2019,3,26,13,30,0.53700000,25.60000000,44.39500000,0.48909047
2019-03-26T13:40:00,2019,3,26,13,40,0.54633333,25.53333333,44.65500000,0.49693770
2019-03-26T13:50:00,2019,3,26,13,50,0.55566667,25.46666667,44.91500000,0.50476260
2019-03-26T14:00:00,2019,3,26,14,0,0.56500000,25.40000000,45.17500000,0.51256517
2019-03-26T14:10:00,2019,3,26,14,10,0.55716667,25.61666667,45.11750000,0.50560618
2019-03-26T14:20:00,2019,3,26,14,20,0.54933333,25.83333333,45.06000000,0.49864305
2019-03-26T14:30:00,2019,3,26,14,30,0.54150000,26.05000000,45.00250000,0.49167577
2019-03-26T14:40:00,2019,3,26,14,40,0.53366667,26.26666667,44.94500000,0.48470435
2019-03-26T14:50:00,2019,3,26,14,50,0.52583333,26.48333333,44.88750000,0.47772879
2019-03-26T15:00:00,2019,3,26,15,0,0.51800000,26.70000000,44.83000000,0.47074908
2019-03-26T15:10:00,2019,3,26,15,10,0.45566667,26.60000000,42.54833333,0.41888419
2019-03-26T15:20:00,2019,3,26,15,20,0.39333333,26.50000000,40.26666667,0.36571084
2019-03-26T15:30:00,2019,3,26,15,30,0.33100000,26.40000000,37.98500000,0.31122904
2019-03-26T15:40:00,2019,3,26,15,40,0.26866667,26.30000000,35.70333333,0.25543877
2019-03-26T15:50:00,2019,3,26,15,50,0.20633333,26.20000000,33.42166667,0.19834005
2019-03-26T16:00:00,2019,3,26,16,0,0.14400000,26.10000000,31.14000000,0.13993286
2019-03-26T16:10:00,2019,3,26,16,10,0.13100000,25.65000000,30.23500000,0.12784539
2019-03-26T16:20:00,2019,3,26,16,20,0.11800000,25.20000000,29.33000000,0.11564968
2019-03-26T16:30:00,2019,3,26,16,30,0.10500000,24.75000000,28.42500000,0.10334572
2019-03-26T16:40:00,2019,3,26,16,40,0.09200000,24.30000000,27.52000000,0.09093354
2019-03-26T16:50:00,2019,3,26,16,50,0.07900000,23.85000000,26.61500000,0.07841311
2019-03-26T17:00:00,2019,3,26,17,0,0.06600000,23.40000000,25.71000000,0.06578444
2019-03-26T17:10:00,2019,3,26,17,10,0.05500000,23.33333333,25.25833333,0.05493464
2019-03-26T17:20:00,2019,3,26,17,20,0.04400000,23.26666667,24.80666667,0.04403913
2019-03-26T17:30:00,2019,3,26,17,30,0.03300000,23.20000000,24.35500000,0.03309791
2019-03-26T17:40:00,2019,3,26,17,40,0.02200000,23.13333333,23.90333333,0.02211098
2019-03-26T17:50:00,2019,3,26,17,50,0.01100000,23.06666667,23.45166667,0.01107835
2019-03-26T18:00:00,2019,3,26,18,0,0.00000000,23.00000000,23.00000000,0.00000000
2019-03-26T18:10:00,2019,3,26,18,10,0.00000000,22.76666667,22.76666667,0.00000000
2019-03-26T18:20:00,2019,3,26,18,20,0.00000000,22.53333333,22.53333333,0.00000000
2019-03-26T18:30:00,2019,3,26,18,30,0.00000000,22.30000000,22.30000000,0.00000000
2019-03-26T18:40:00,2019,3,26,18,40,0.00000000,22.06666667,22.06666667,0.00000000
2019-03-26T18:50:00,2019,3,26,18,50,0.00000000,21.83333333,21.83333333,0.00000000
2019-03-26T19:00:00,2019,3,26,19,0,0.00000000,21.60000000,21.60000000,0.00000000
2019-03-26T19:10:00,2019,3,26,19,10,0.00000000,21.51666667,21.51666667,0.00000000
2019-03-26T19:20:00,2019,3,26,19,20,0.00000000,21.43333333,21.43333333,0.00000000
2019-03-26T19:30:00,2019,3,26,19,30,0.00000000,21.35000000,21.35000000,0.00000000
2019-03-26T19:40:00,2019,3,26,19,40,0.00000000,21.26666667,21.26666667,0.00000000
2019-03-26T19:50:00,2019,3,26,19,50,0.00000000,21.18333333,21.18333333,0.00000000
2019-03-26T20:00:00,2019,3,26,20,0,0.00000000,21.10000000,21.10000000,0.00000000
2019-03-26T20:10:00,2019,3,26,20,10,0.00000000,21.13333333,21.13333333,0.00000000
2019-03-26T20:20:00,2019,3,26,20,20,0.00000000,21.16666667,21.16666667,0.00000000
2019-03-26T20:30:00,2019,3,26,20,30,0.00000000,21.20000000,21.20000000,0.00000000
2019-03-26T20:40:00,2019,3,26,20,40,0.00000000,21.23333333,21.23333333,0.00000000
2019-03-26T20:50:00,2019,3,26,20,50,0.00000000,21.26666667,21.26666667,0.00000000
2019-03-26T21:00:00,2019,3,26,21,0,0.00000000,21.30000000,21.30000000,0.00000000
2019-03-26T21:10:00,2019,3,26,21,10,0.00000000,21.16666667,21.16666667,0.00000000
2019-03-26T21:20:00,2019,3,26,21,20,0.00000000,21.03333333,21.03333333,0.00000000
2019-03-26T21:30:00,2019,3,26,21,30,0.00000000,20.90000000,20.90000000,0.00000000
2019-03-26T21:40:00,2019,3,26,21,40,0.00000000,20.76666667,20.76666667,0.00000000
2019-03-26T21:50:00,2019,3,26,21,50,0.00000000,20.63333333,20.63333333,0.00000000
2019-03-26T22:00:00,2019,3,26,22,0,0.00000000,20.50000000,20.50000000,0.00000000
2019-03-26T22:10:00,2019,3,26,22,10,0.00000000,20.36666667,20.36666667,0.00000000
2019-03-26T22:20:00,2019,3,26,22,20,0.00000000,20.23333333,20.23333333,0.00000000
2019-03-26T22:30:00,2019,3,26,22,30,0.00000000,20.10000000,20.10000000,0.00000000
2019-03-26T22:40:00,2019,3,26,22,40,0.00000000,19.96666667,19.96666667,0.00000000
2019-03-26T22:50:00,2019,3,26,22,50,0.00000000,19.83333333,19.83333333,0.00000000
2019-03-26T23:00:00,2019,3,26,23,0,0.00000000,19.70000000,19.70000000,0.00000000
2019-03-26T23:10:00,2019,3,26,23,10,0.00000000,19.80000000,19.80000000,0.00000000
2019-03-26T23:20:00,2019,3,26,23,20,0.00000000,19.90000000,19.90000000,0.00000000
2019-03-26T23:30:00,2019,3,26,23,30,0.00000000,20.00000000,20.00000000,0.00000000
2019-03-26T23:40:00,2019,3,26,23,40,0.00000000,20.10000000,20.10000000,0.00000000
2019-03-26T23:50:00,2019,3,26,23,50,0.00000000,20.20000000,20.20000000,0.00000000
2019-03-27T00:00:00,2019,3,27,0,0,0.00000000,20.30000000,20.30000000,0.00000000
2019-03-27T00:10:00,2019,3,27,0,10,0.00000000,20.26666667,20.26666667,0.00000000
2019-03-27T00:20:00,2019,3,27,0,20,0.00000000,20.23333333,20.23333333,0.00000000
2019-03-27T00:30:00,2019,3,27,0,30,0.00000000,20.20000000,20.20000000,0.00000000
2019-03-27T00:40:00,2019,3,27,0,40,0.00000000,20.16666667,20.16666667,0.00000000
2019-03-27T00:50:00,2019,3,27,0,50,0.00000000,20.13333333,20.13333333,0.00000000
2019-03-27T01:00:00,2019,3,27,1,0,0.00000000,20.10000000,20.10000000,0.00000000
2019-03-27T01:10:00,2019,3,27,1,10,0.00000000,20.00000000,20.00000000,0.00000000
2019-03-27T01:20:00,2019,3,27,1,20,0.00000000,19.90000000,19.90000000,0.00000000
2019-03-27T01:30:00,2019,3,27,1,30,0.00000000,19.80000000,19.80000000,0.00000000
2019-03-27T01:40:00,2019,3,27,1,40,0.00000000,19.70000000,19.70000000,0.00000000
2019-03-27T01:50:00,2019,3,27,1,50,0.00000000,19.60000000,19.60000000,0.00000000
2019-03-27T02:00:00,2019,3,27,2,0,0.00000000,19.50000000,19.50000000,0.00000000
2019-03-27T02:10:00,2019,3,27,2,10,0.00000000,19.53333333,19.53333333,0.00000000
2019-03-27T02:20:00,2019,3,27,2,20,0.00000000,19.56666667,19.56666667,0.00000000
2019-03-27T02:30:00,2019,3,27,2,30,0.00000000,19.60000000,19.60000000,0.00000000
2019-03-27T02:40:00,2019,3,27,2,40,0.00000000,19.63333333,19.63333333,0.00000000
2019-03-27T02:50:00,2019,3,27,2,50,0.00000000,19.66666667,19.66666667,0.00000000
2019-03-27T03:00:00,2019,3,27,3,0,0.00000000,19.70000000,19.70000000,0.00000000
2019-03-27T03:10:00,2019,3,27,3,10,0.00000000,19.61666667,19.61666667,0.00000000
2019-03-27T03:20:00,2019,3,27,3,20,0.00000000,19.53333333,19.53333333,0.00000000
2019-03-27T03:30:00,2019,3,27,3,30,0.00000000,19.45000000,19.45000000,0.00000000
2019-03-27T03:40:00,2019,3,27,3,40,0.00000000,19.36666667,19.36666667,0.00000000
2019-03-27T03:50:00,2019,3,27,3,50,0.00000000,19.28333333,19.28333333,0.00000000
2019-03-27T04:00:00,2019,3,27,4,0,0.00000000,19.20000000,19.20000000,0.00000000
2019-03-27T04:10:00,2019,3,27,4,10,0.00000000,19.13333333,19.13333333,0.00000000
2019-03-27T04:20:00,2019,3,27,4,20,0.00000000,19.06666667,19.06666667,0.00000000
2019-03-27T04:30:00,2019,3,27,4,30,0.00000000,19.00000000,19.00000000,0.00000000
2019-03-27T04:40:00,2019,3,27,4,40,0.00000000,18.93333333,18.93333333,0.00000000
2019-03-27T04:50:00,2019,3,27,4,50,0.00000000,18.86666667,18.86666667,0.00000000
2019-03-27T05:00:00,2019,3,27,5,0,0.00000000,18.80000000,18.80000000,0.00000000
2019-03-27T05:10:00,2019,3,27,5,10,0.00850000,18.85000000,19.14750000,0.00872883
2019-03-27T05:20:00,2019,3,27,5,20,0.01700000,18.90000000,19.49500000,0.01743049
2019-03-27T05:30:00,2019,3,27,5,30,0.02550000,18.95000000,19.84250000,0.02610497
2019-03-27T05:40:00,2019,3,27,5,40,0.03400000,19.00000000,20.19000000,0.03475228
2019-03-27T05:50:00,2019,3,27,5,50,0.04250000,19.05000000,20.53750000,0.04337242
2019-03-27T06:00:00,2019,3,27,6,0,0.05100000,19.10000000,20.88500000,0.05196538
2019-03-27T06:10:00,2019,3,27,6,10,0.05983333,19.40000000,21.49416667,0.06079826
2019-03-27T06:20:00,2019,3,27,6,20,0.06866667,19.70000000,22.10333333,0.06958163
2019-03-27T06:30:00,2019,3,27,6,30,0.07750000,20.00000000,22.71250000,0.07831549
2019-03-27T06:40:00,2019,3,27,6,40,0.08633333,20.30000000,23.32166667,0.08699986
2019-03-27T06:50:00,2019,3,27,6,50,0.09516667,20.60000000,23.93083333,0.09563471
2019-03-27T07:00:00,2019,3,27,7,0,0.10400000,20.90000000,24.54000000,0.10422006
2019-03-27T07:10:00,2019,3,27,7,10,0.16633333,21.06666667,26.88833333,0.16488851
2019-03-27T07:20:00,2019,3,27,7,20,0.22866667,21.23333333,29.23666667,0.22421026
2019-03-27T07:30:00,2019,3,27,7,30,0.29100000,21.40000000,31.58500000,0.28218532
2019-03-27T07:40:00,2019,3,27,7,40,0.35333333,21.56666667,33.93333333,0.33881369
2019-03-27T07:50:00,2019,3,27,7,50,0.41566667,21.73333333,36.28166667,0.39409537
2019-03-27T08:00:00,2019,3,27,8,0,0.47800000,21.90000000,38.63000000,0.44803036
2019-03-27T08:10:00,2019,3,27,8,10,0.47533333,22.40000000,39.03666667,0.44464169
2019-03-27T08:20:00,2019,3,27,8,20,0.47266667,22.90000000,39.44333333,0.44126301
2019-03-27T08:30:00,2019,3,27,8,30,0.47000000,23.40000000,39.85000000,0.43789430
2019-03-27T08:40:00,2019,3,27,8,40,0.46733333,23.90000000,40.25666667,0.43453557
2019-03-27T08:50:00,2019,3,27,8,50,0.46466667,24.40000000,40.66333333,0.43118681
2019-03-27T09:00:00,2019,3,27,9,0,0.46200000,24.90000000,41.07000000,0.42784804
2019-03-27T09:10:00,2019,3,27,9,10,0.51016667,25.03333333,42.88916667,0.46818497
2019-03-27T09:20:00,2019,3,27,9,20,0.55833333,25.16666667,44.70833333,0.50771576
2019-03-27T09:30:00,2019,3,27,9,30,0.60650000,25.30000000,46.52750000,0.54644043
2019-03-27T09:40:00,2019,3,27,9,40,0.65466667,25.43333333,48.34666667,0.58435896
2019-03-27T09:50:00,2019,3,27,9,50,0.70283333,25.56666667,50.16583333,0.62147136
2019-03-27T10:00:00,2019,3,27,10,0,0.75100000,25.70000000,51.98500000,0.65777762
2019-03-27T10:10:00,2019,3,27,10,10,0.76916667,26.08333333,53.00416667,0.67008326
2019-03-27T10:20:00,2019,3,27,10,20,0.78733333,26.46666667,54.02333333,0.68221856
2019-03-27T10:30:00,2019,3,27,10,30,0.80550000,26.85000000,55.04250000,0.69418352
2019-03-27T10:40:00,2019,3,27,10,40,0.82366667,27.23333333,56.06166667,0.70597815
2019-03-27T10:50:00,2019,3,27,10,50,0.84183333,27.61666667,57.08083333,0.71760244
2019-03-27T11:00:00,2019,3,27,11,0,0.86000000,28.00000000,58.10000000,0.72905640
2019-03-27T11:10:00,2019,3,27,11,10,0.86266667,28.21666667,58.41000000,0.73008688
2019-03-27T11:20:00,2019,3,27,11,20,0.86533333,28.43333333,58.72000000,0.73110975
2019-03-27T11:30:00,2019,3,27,11,30,0.86800000,28.65000000,59.03000000,0.73212502
2019-03-27T11:40:00,2019,3,27,11,40,0.87066667,28.86666667,59.34000000,0.73313268
2019-03-27T11:50:00,2019,3,27,11,50,0.87333333,29.08333333,59.65000000,0.73413273
2019-03-27T12:00:00,2019,3,27,12,0,0.87600000,29.30000000,59.96000000,0.73512518
2019-03-27T12:10:00,2019,3,27,12,10,0.81583333,29.45000000,58.00416667,0.69197420
2019-03-27T12:20:00,2019,3,27,12,20,0.75566667,29.60000000,56.04833333,0.64774059
2019-03-27T12:30:00,2019,3,27,12,30,0.69550000,29.75000000,54.09250000,0.60242436
2019-03-27T12:40:00,2019,3,27,12,40,0.63533333,29.90000000,52.13666667,0.55602552
2019-03-27T12:50:00,2019,3,27,12,50,0.57516667,30.05000000,50.18083333,0.50854406
2019-03-27T13:00:00,2019,3,27,13,0,0.51500000,30.20000000,48.22500000,0.45997997
2019-03-27T13:10:00,2019,3,27,13,10,0.48866667,29.58333333,46.68666667,0.43991793
2019-03-27T13:20:00,2019,3,27,13,20,0.46233333,28.96666667,45.14833333,0.41948320
2019-03-27T13:30:00,2019,3,27,13,30,0.43600000,28.35000000,43.61000000,0.39867578
2019-03-27T13:40:00,2019,3,27,13,40,0.40966667,27.73333333,42.07166667,0.37749568
2019-03-27T13:50:00,2019,3,27,13,50,0.38333333,27.11666667,40.53333333,0.35594289
2019-03-27T14:00:00,2019,3,27,14,0,0.35700000,26.50000000,38.99500000,0.33401741
2019-03-27T14:10:00,2019,3,27,14,10,0.34116667,26.25000000,38.19083333,0.32046541
2019-03-27T14:20:00,2019,3,27,14,20,0.32533333,26.00000000,37.38666667,0.30679627
2019-03-27T14:30:00,2019,3,27,14,30,0.30950000,25.75000000,36.58250000,0.29300999
2019-03-27T14:40:00,2019,3,27,14,40,0.29366667,25.50000000,35.77833333,0.27910658
2019-03-27T14:50:00,2019,3,27,14,50,0.27783333,25.25000000,34.97416667,0.26508602
2019-03-27T15:00:00,2019,3,27,15,0,0.26200000,25.00000000,34.17000000,0.25094832
2019-03-27T15:10:00,2019,3,27,15,10,0.26533333,24.90000000,34.18666667,0.25412070
2019-03-27T15:20:00,2019,3,27,15,20,0.26866667,24.80000000,34.20333333,0.25729257
2019-03-27T15:30:00,2019,3,27,15,30,0.27200000,24.70000000,34.22000000,0.26046394
2019-03-27T15:40:00,2019,3,27,15,40,0.27533333,24.60000000,34.23666667,0.26363479
2019-03-27T15:50:00,2019,3,27,15,50,0.27866667,24.50000000,34.25333333,0.26680513
2019-03-27T16:00:00,2019,3,27,16,0,0.28200000,24.40000000,34.27000000,0.26997496
2019-03-27T16:10:00,2019,3,27,16,10,0.24416667,24.30000000,32.84583333,0.23535449
2019-03-27T16:20:00,2019,3,27,16,20,0.20633333,24.20000000,31.42166667,0.20023832
2019-03-27T16:30:00,2019,3,27,16,30,0.16850000,24.10000000,29.99750000,0.16462644
2019-03-27T16:40:00,2019,3,27,16,40,0.13066667,24.00000000,28.57333333,0.12851886
2019-03-27T16:50:00,2019,3,27,16,50,0.09283333,23.90000000,27.14916667,0.09191557
2019-03-27T17:00:00,2019,3,27,17,0,0.05500000,23.80000000,25.72500000,0.05481657
2019-03-27T17:10:00,2019,3,27,17,10,0.04583333,23.41666667,25.02083333,0.04582894
2019-03-27T17:20:00,2019,3,27,17,20,0.03666667,23.03333333,24.31666667,0.03678192
2019-03-27T17:30:00,2019,3,27,17,30,0.02750000,22.65000000,23.61250000,0.02767552
2019-03-27T17:40:00,2019,3,27,17,40,0.01833333,22.26666667,22.90833333,0.01850973
2019-03-27T17:50:00,2019,3,27,17,50,0.00916667,21.88333333,22.20416667,0.00928456
2019-03-27T18:00:00,2019,3,27,18,0,0.00000000,21.50000000,21.50000000,0.00000000
2019-03-27T18:10:00,2019,3,27,18,10,0.00000000,21.38333333,21.38333333,0.00000000
2019-03-27T18:20:00,2019,3,27,18,20,0.00000000,21.26666667,21.26666667,0.00000000
2019-03-27T18:30:00,2019,3,27,18,30,0.00000000,21.15000000,21.15000000,0.00000000
2019-03-27T18:40:00,2019,3,27,18,40,0.00000000,21.03333333,21.03333333,0.00000000
2019-03-27T18:50:00,2019,3,27,18,50,0.00000000,20.91666667,20.91666667,0.00000000
2019-03-27T19:00:00,2019,3,27,19,0,0.00000000,20.80000000,20.80000000,0.00000000
2019-03-27T19:10:00,2019,3,27,19,10,0.00000000,20.70000000,20.70000000,0.00000000
2019-03-27T19:20:00,2019,3,27,19,20,0.00000000,20.60000000,20.60000000,0.00000000
2019-03-27T19:30:00,2019,3,27,19,30,0.00000000,20.50000000,20.50000000,0.00000000
2019-03-27T19:40:00,2019,3,27,19,40,0.00000000,20.40000000,20.40000000,0.00000000
2019-03-27T19:50:00,2019,3,27,19,50,0.00000000,20.30000000,20.30000000,0.00000000
2019-03-27T20:00:00,2019,3,27,20,0,0.00000000,20.20000000,20.20000000,0.00000000
2019-03-27T20:10:00,2019,3,27,20,10,0.00000000,20.21666667,20.21666667,0.00000000
2019-03-27T20:20:00,2019,3,27,20,20,0.00000000,20.23333333,20.23333333,0.00000000
2019-03-27T20:30:00,2019,3,27,20,30,0.00000000,20.25000000,20.25000000,0.00000000
2019-03-27T20:40:00,2019,3,27,20,40,0.00000000,20.26666667,20.26666667,0.00000000
2019-03-27T20:50:00,2019,3,27,20,50,0.00000000,20.28333333,20.28333333,0.00000000
2019-03-27T21:00:00,2019,3,27,21,0,0.00000000,20.30000000,20.30000000,0.00000000
2019-03-27T21:10:00,2019,3,27,21,10,0.00000000,20.25000000,20.25000000,0.00000000
2019-03-27T21:20:00,2019,3,27,21,20,0.00000000,20.20000000,20.20000000,0.00000000
2019-03-27T21:30:00,2019,3,27,21,30,0.00000000,20.15000000,20.15000000,0.00000000
2019-03-27T21:40:00,2019,3,27,21,40,0.00000000,20.10000000,20.10000000,0.00000000
2019-03-27T21:50:00,2019,3,27,21,50,0.00000000,20.05000000,20.05000000,0.00000000
2019-03-27T22:00:00,2019,3,27,22,0,0.00000000,20.00000000,20.00000000,0.00000000
2019-03-27T22:10:00,2019,3,27,22,10,0.00000000,19.91666667,19.91666667,0.00000000
2019-03-27T22:20:00,2019,3,27,22,20,0.00000000,19.83333333,19.83333333,0.00000000
2019-03-27T22:30:00,2019,3,27,22,30,0.00000000,19.75000000,19.75000000,0.00000000
2019-03-27T22:40:00,2019,3,27,22,40,0.00000000,19.66666667,19.66666667,0.00000000
2019-03-27T22:50:00,2019,3,27,22,50,0.00000000,19.58333333,19.58333333,0.00000000
2019-03-27T23:00:00,2019,3,27,23,0,0.00000000,19.50000000,19.50000000,0.00000000
2019-03-27T23:10:00,2019,3,27,23,10,0.00000000,19.26666667,19.26666667,0.00000000
2019-03-27T23:20:00,2019,3,27,23,20,0.00000000,19.03333333,19.03333333,0.00000000
2019-03-27T23:30:00,2019,3,27,23,30,0.00000000,18.80000000,18.80000000,0.00000000
2019-03-27T23:40:00,2019,3,27,23,40,0.00000000,18.56666667,18.56666667,0.00000000
2019-03-27T23:50:00,2019,3,27,23,50,0.00000000,18.33333333,18.33333333,0.00000000
2019-03-28T00:00:00,2019,3,28,0,0,0.00000000,18.10000000,18.10000000,0.00000000
2019-03-28T00:10:00,2019,3,28,0,10,0.00000000,18.11666667,18.11666667,0.00000000
2019-03-28T00:20:00,2019,3,28,0,20,0.00000000,18.13333333,18.13333333,0.00000000
2019-03-28T00:30:00,2019,3,28,0,30,0.00000000,18.15000000,18.15000000,0.00000000
2019-03-28T00:40:00,2019,3,28,0,40,0.00000000,18.16666667,18.16666667,0.00000000
2019-03-28T00:50:00,2019,3,28,0,50,0.00000000,18.18333333,18.18333333,0.00000000
2019-03-28T01:00:00,2019,3,28,1,0,0.00000000,18.20000000,18.20000000,0.00000000
2019-03-28T01:10:00,2019,3,28,1,10,0.00000000,18.16666667,18.16666667,0.00000000
2019-03-28T01:20:00,2019,3,28,1,20,0.00000000,18.13333333,18.13333333,0.00000000
2019-03-28T01:30:00,2019,3,28,1,30,0.00000000,18.10000000,18.10000000,0.00000000
2019-03-28T01:40:00,2019,3,28,1,40,0.00000000,18.06666667,18.06666667,0.00000000
2019-03-28T01:50:00,2019,3,28,1,50,0.00000000,18.03333333,18.03333333,0.00000000
2019-03-28T02:00:00,2019,3,28,2,0,0.00000000,18.00000000,18.00000000,0.00000000
2019-03-28T02:10:00,2019,3,28,2,10,0.00000000,18.06666667,18.06666667,0.00000000
2019-03-28T02:20:00,2019,3,28,2,20,0.00000000,18.13333333,18.13333333,0.00000000
2019-03-28T02:30:00,2019,3,28,2,30,0.00000000,18.20000000,18.20000000,0.00000000
2019-03-28T02:40:00,2019,3,28,2,40,0.00000000,18.26666667,18.26666667,0.00000000
2019-03-28T02:50:00,2019,3,28,2,50,0.00000000,18.33333333,18.33333333,0.00000000
2019-03-28T03:00:00,2019,3,28,3,0,0.00000000,18.40000000,18.40000000,0.00000000
2019-03-28T03:10:00,2019,3,28,3,10,0.00000000,18.40000000,18.40000000,0.00000000
2019-03-28T03:20:00,2019,3,28,3,20,0.00000000,18.40000000,18.40000000,0.00000000
2019-03-28T03:30:00,2019,3,28,3,30,0.00000000,18.40000000,18.40000000,0.00000000
2019-03-28T03:40:00,2019,3,28,3,40,0.00000000,18.40000000,18.40000000,0.00000000
2019-03-28T03:50:00,2019,3,28,3,50,0.00000000,18.40000000,18.40000000,0.00000000
2019-03-28T04:00:00,2019,3,28,4,0,0.00000000,18.40000000,18.40000000,0.00000000
2019-03-28T04:10:00,2019,3,28,4,10,0.00000000,18.36666667,18.36666667,0.00000000
2019-03-28T04:20:00,2019,3,28,4,20,0.00000000,18.33333333,18.33333333,0.00000000
2019-03-28T04:30:00,2019,3,28,4,30,0.00000000,18.30000000,18.30000000,0.00000000
2019-03-28T04:40:00,2019,3,28,4,40,0.00000000,18.26666667,18.26666667,0.00000000
2019-03-28T04:50:00,2019,3,28,4,50,0.00000000,18.23333333,18.23333333,0.00000000
2019-03-28T05:00:00,2019,3,28,5,0,0.00000000,18.20000000,18.20000000,0.00000000
2019-03-28T05:10:00,2019,3,28,5,10,0.00950000,18.18333333,18.51583333,0.00978336
2019-03-28T05:20:00,2019,3,28,5,20,0.01900000,18.16666667,18.83166667,0.01953911
2019-03-28T05:30:00,2019,3,28,5,30,0.02850000,18.15000000,19.14750000,0.02926726
2019-03-28T05:40:00,2019,3,28,5,40,0.03800000,18.13333333,19.46333333,0.03896781
2019-03-28T05:50:00,2019,3,28,5,50,0.04750000,18.11666667,19.77916667,0.04864075
2019-03-28T06:00:00,2019,3,28,6,0,0.05700000,18.10000000,20.09500000,0.05828609
2019-03-28T06:10:00,2019,3,28,6,10,0.09500000,18.38333333,21.70833333,0.09643846
2019-03-28T06:20:00,2019,3,28,6,20,0.13300000,18.66666667,23.32166667,0.13402680
2019-03-28T06:30:00,2019,3,28,6,30,0.17100000,18.95000000,24.93500000,0.17105113
2019-03-28T06:40:00,2019,3,28,6,40,0.20900000,19.23333333,26.54833333,0.20751143
2019-03-28T06:50:00,2019,3,28,6,50,0.24700000,19.51666667,28.16166667,0.24340771
2019-03-28T07:00:00,2019,3,28,7,0,0.28500000,19.80000000,29.77500000,0.27873997
2019-03-28T07:10:00,2019,3,28,7,10,0.32533333,20.18333333,31.57000000,0.31550111
2019-03-28T07:20:00,2019,3,28,7,20,0.36566667,20.56666667,33.36500000,0.35159618
2019-03-28T07:30:00,2019,3,28,7,30,0.40600000,20.95000000,35.16000000,0.38702518
2019-03-28T07:40:00,2019,3,28,7,40,0.44633333,21.33333333,36.95500000,0.42178812
2019-03-28T07:50:00,2019,3,28,7,50,0.48666667,21.71666667,38.75000000,0.45588500
2019-03-28T08:00:00,2019,3,28,8,0,0.52700000,22.10000000,40.54500000,0.48931581
2019-03-28T08:10:00,2019,3,28,8,10,0.51533333,22.30000000,40.33666667,0.47897725
2019-03-28T08:20:00,2019,3,28,8,20,0.50366667,22.50000000,40.12833333,0.46861634
2019-03-28T08:30:00,2019,3,28,8,30,0.49200000,22.70000000,39.92000000,0.45823306
2019-03-28T08:40:00,2019,3,28,8,40,0.48033333,22.90000000,39.71166667,0.44782742
2019-03-28T08:50:00,2019,3,28,8,50,0.46866667,23.10000000,39.50333333,0.43739941
2019-03-28T09:00:00,2019,3,28,9,0,0.45700000,23.30000000,39.29500000,0.42694905
2019-03-28T09:10:00,2019,3,28,9,10,0.48000000,23.38333333,40.18333333,0.44647520
2019-03-28T09:20:00,2019,3,28,9,20,0.50300000,23.46666667,41.07166667,0.46581338
2019-03-28T09:30:00,2019,3,28,9,30,0.52600000,23.55000000,41.96000000,0.48496358
2019-03-28T09:40:00,2019,3,28,9,40,0.54900000,23.63333333,42.84833333,0.50392582
2019-03-28T09:50:00,2019,3,28,9,50,0.57200000,23.71666667,43.73666667,0.52270008
2019-03-28T10:00:00,2019,3,28,10,0,0.59500000,23.80000000,44.62500000,0.54128637
2019-03-28T10:10:00,2019,3,28,10,10,0.60983333,24.08333333,45.42750000,0.55252943
2019-03-28T10:20:00,2019,3,28,10,20,0.62466667,24.36666667,46.23000000,0.56366297
2019-03-28T10:30:00,2019,3,28,10,30,0.63950000,24.65000000,47.03250000,0.57468699
2019-03-28T10:40:00,2019,3,28,10,40,0.65433333,24.93333333,47.83500000,0.58560151
2019-03-28T10:50:00,2019,3,28,10,50,0.66916667,25.21666667,48.63750000,0.59640650
2019-03-28T11:00:00,2019,3,28,11,0,0.68400000,25.50000000,49.44000000,0.60710198
2019-03-28T11:10:00,2019,3,28,11,10,0.73150000,25.50000000,51.10250000,0.64366770
2019-03-28T11:20:00,2019,3,28,11,20,0.77900000,25.50000000,52.76500000,0.67950690
2019-03-28T11:30:00,2019,3,28,11,30,0.82650000,25.50000000,54.42750000,0.71461959
2019-03-28T11:40:00,2019,3,28,11,40,0.87400000,25.50000000,56.09000000,0.74900576
2019-03-28T11:50:00,2019,3,28,11,50,0.92150000,25.50000000,57.75250000,0.78266543
2019-03-28T12:00:00,2019,3,28,12,0,0.96900000,25.50000000,59.41500000,0.81559858
2019-03-28T12:10:00,2019,3,28,12,10,0.91200000,25.78333333,57.70333333,0.77480298
2019-03-28T12:20:00,2019,3,28,12,20,0.85500000,26.06666667,55.99166667,0.73310977
2019-03-28T12:30:00,2019,3,28,12,30,0.79800000,26.35000000,54.28000000,0.69051898
2019-03-28T12:40:00,2019,3,28,12,40,0.74100000,26.63333333,52.56833333,0.64703058
2019-03-28T12:50:00,2019,3,28,12,50,0.68400000,26.91666667,50.85666667,0.60264458
2019-03-28T13:00:00,2019,3,28,13,0,0.62700000,27.20000000,49.14500000,0.55736099
2019-03-28T13:10:00,2019,3,28,13,10,0.59766667,27.00000000,47.91833333,0.53465806
2019-03-28T13:20:00,2019,3,28,13,20,0.56833333,26.80000000,46.69166667,0.51162409
2019-03-28T13:30:00,2019,3,28,13,30,0.53900000,26.60000000,45.46500000,0.48825908
2019-03-28T13:40:00,2019,3,28,13,40,0.50966667,26.40000000,44.23833333,0.46456304
2019-03-28T13:50:00,2019,3,28,13,50,0.48033333,26.20000000,43.01166667,0.44053596
2019-03-28T14:00:00,2019,3,28,14,0,0.45100000,26.00000000,41.78500000,0.41617784
2019-03-28T14:10:00,2019,3,28,14,10,0.45533333,25.98333333,41.92000000,0.41989383
2019-03-28T14:20:00,2019,3,28,14,20,0.45966667,25.96666667,42.05500000,0.42360444
2019-03-28T14:30:00,2019,3,28,14,30,0.46400000,25.95000000,42.19000000,0.42730966
2019-03-28T14:40:00,2019,3,28,14,40,0.46833333,25.93333333,42.32500000,0.43100951
2019-03-28T14:50:00,2019,3,28,14,50,0.47266667,25.91666667,42.46000000,0.43470397
2019-03-28T15:00:00,2019,3,28,15,0,0.47700000,25.90000000,42.59500000,0.43839305
2019-03-28T15:10:00,2019,3,28,15,10,0.44150000,25.81666667,41.26916667,0.40845895
2019-03-28T15:20:00,2019,3,28,15,20,0.40600000,25.73333333,39.94333333,0.37809183
2019-03-28T15:30:00,2019,3,28,15,30,0.37050000,25.65000000,38.61750000,0.34729169
2019-03-28T15:40:00,2019,3,28,15,40,0.33500000,25.56666667,37.29166667,0.31605854
2019-03-28T15:50:00,2019,3,28,15,50,0.29950000,25.48333333,35.96583333,0.28439237
2019-03-28T16:00:00,2019,3,28,16,0,0.26400000,25.40000000,34.64000000,0.25229318
2019-03-28T16:10:00,2019,3,28,16,10,0.23066667,25.31666667,33.39000000,0.22176432
2019-03-28T16:20:00,2019,3,28,16,20,0.19733333,25.23333333,32.14000000,0.19085212
2019-03-28T16:30:00,2019,3,28,16,30,0.16400000,25.15000000,30.89000000,0.15955658
2019-03-28T16:40:00,2019,3,28,16,40,0.13066667,25.06666667,29.64000000,0.12787772
2019-03-28T16:50:00,2019,3,28,16,50,0.09733333,24.98333333,28.39000000,0.09581552
2019-03-28T17:00:00,2019,3,28,17,0,0.06400000,24.90000000,27.14000000,0.06336998
2019-03-28T17:10:00,2019,3,28,17,10,0.05333333,24.70000000,26.56666667,0.05294898
2019-03-28T17:20:00,2019,3,28,17,20,0.04266667,24.50000000,25.99333333,0.04247171
2019-03-28T17:30:00,2019,3,28,17,30,0.03200000,24.30000000,25.42000000,0.03193818
2019-03-28T17:40:00,2019,3,28,17,40,0.02133333,24.10000000,24.84666667,0.02134838
2019-03-28T17:50:00,2019,3,28,17,50,0.01066667,23.90000000,24.27333333,0.01070232
2019-03-28T18:00:00,2019,3,28,18,0,0.00000000,23.70000000,23.70000000,0.00000000
2019-03-28T18:10:00,2019,3,28,18,10,0.00000000,23.53333333,23.53333333,0.00000000
2019-03-28T18:20:00,2019,3,28,18,20,0.00000000,23.36666667,23.36666667,0.00000000
2019-03-28T18:30:00,2019,3,28,18,30,0.00000000,23.20000000,23.20000000,0.00000000
2019-03-28T18:40:00,2019,3,28,18,40,0.00000000,23.03333333,23.03333333,0.00000000
2019-03-28T18:50:00,2019,3,28,18,50,0.00000000,22.86666667,22.86666667,0.00000000
2019-03-28T19:00:00,2019,3,28,19,0,0.00000000,22.70000000,22.70000000,0.00000000
2019-03-28T19:10:00,2019,3,28,19,10,0.00000000,22.76666667,22.76666667,0.00000000
2019-03-28T19:20:00,2019,3,28,19,20,0.00000000,22.83333333,22.83333333,0.00000000
2019-03-28T19:30:00,2019,3,28,19,30,0.00000000,22.90000000,22.90000000,0.00000000
2019-03-28T19:40:00,2019,3,28,19,40,0.00000000,22.96666667,22.96666667,0.00000000
2019-03-28T19:50:00,2019,3,28,19,50,0.00000000,23.03333333,23.03333333,0.00000000
2019-03-28T20:00:00,2019,3,28,20,0,0.00000000,23.10000000,23.10000000,0.00000000
2019-03-28T20:10:00,2019,3,28,20,10,0.00000000,22.90000000,22.90000000,0.00000000
2019-03-28T20:20:00,2019,3,28,20,20,0.00000000,22.70000000,22.70000000,0.00000000
2019-03-28T20:30:00,2019,3,28,20,30,0.00000000,22.50000000,22.50000000,0.00000000
2019-03-28T20:40:00,2019,3,28,20,40,0.00000000,22.30000000,22.30000000,0.00000000
2019-03-28T20:50:00,2019,3,28,20,50,0.00000000,22.10000000,22.10000000,0.00000000
2019-03-28T21:00:00,2019,3,28,21,0,0.00000000,21.90000000,21.90000000,0.00000000
2019-03-28T21:10:00,2019,3,28,21,10,0.00000000,21.95000000,21.95000000,0.00000000
2019-03-28T21:20:00,2019,3,28,21,20,0.00000000,22.00000000,22.00000000,0.00000000
2019-03-28T21:30:00,2019,3,28,21,30,0.00000000,22.05000000,22.05000000,0.00000000
2019-03-28T21:40:00,2019,3,28,21,40,0.00000000,22.10000000,22.10000000,0.00000000
2019-03-28T21:50:00,2019,3,28,21,50,0.00000000,22.15000000,22.15000000,0.00000000
2019-03-28T22:00:00,2019,3,28,22,0,0.00000000,22.20000000,22.20000000,0.00000000
2019-03-28T22:10:00,2019,3,28,22,10,0.00000000,22.05000000,22.05000000,0.00000000
2019-03-28T22:20:00,2019,3,28,22,20,0.00000000,21.90000000,21.90000000,0.00000000
2019-03-28T22:30:00,2019,3,28,22,30,0.00000000,21.75000000,21.75000000,0.00000000
2019-03-28T22:40:00,2019,3,28,22,40,0.00000000,21.60000000,21.60000000,0.00000000
2019-03-28T22:50:00,2019,3,28,22,50,0.00000000,21.45000000,21.45000000,0.00000000
2019-03-28T23:00:00,2019,3,28,23,0,0.00000000,21.30000000,21.30000000,0.00000000
2019-03-28T23:10:00,2019,3,28,23,10,0.00000000,21.28333333,21.28333333,0.00000000
2019-03-28T23:20:00,2019,3,28,23,20,0.00000000,21.26666667,21.26666667,0.00000000
2019-03-28T23:30:00,2019,3,28,23,30,0.00000000,21.25000000,21.25000000,0.00000000
2019-03-28T23:40:00,2019,3,28,23,40,0.00000000,21.23333333,21.23333333,0.00000000
2019-03-28T23:50:00,2019,3,28,23,50,0.00000000,21.21666667,21.21666667,0.00000000
2019-03-29T00:00:00,2019,3,29,0,0,0.00000000,21.20000000,21.20000000,0.00000000
2019-03-29T00:10:00,2019,3,29,0,10,0.00000000,21.21666667,21.21666667,0.00000000
2019-03-29T00:20:00,2019,3,29,0,20,0.00000000,21.23333333,21.23333333,0.00000000
2019-03-29T00:30:00,2019,3,29,0,30,0.00000000,21.25000000,21.25000000,0.00000000
2019-03-29T00:40:00,2019,3,29,0,40,0.00000000,21.26666667,21.26666667,0.00000000
2019-03-29T00:50:00,2019,3,29,0,50,0.00000000,21.28333333,21.28333333,0.00000000
2019-03-29T01:00:00,2019,3,29,1,0,0.00000000,21.30000000,21.30000000,0.00000000
2019-03-29T01:10:00,2019,3,29,1,10,0.00000000,21.16666667,21.16666667,0.00000000
2019-03-29T01:20:00,2019,3,29,1,20,0.00000000,21.03333333,21.03333333,0.00000000
2019-03-29T01:30:00,2019,3,29,1,30,0.00000000,20.90000000,20.90000000,0.00000000
2019-03-29T01:40:00,2019,3,29,1,40,0.00000000,20.76666667,20.76666667,0.00000000
2019-03-29T01:50:00,2019,3,29,1,50,0.00000000,20.63333333,20.63333333,0.00000000
2019-03-29T02:00:00,2019,3,29,2,0,0.00000000,20.50000000,20.50000000,0.00000000
2019-03-29T02:10:00,2019,3,29,2,10,0.00000000,20.46666667,20.46666667,0.00000000
2019-03-29T02:20:00,2019,3,29,2,20,0.00000000,20.43333333,20.43333333,0.00000000
2019-03-29T02:30:00,2019,3,29,2,30,0.00000000,20.40000000,20.40000000,0.00000000
2019-03-29T02:40:00,2019,3,29,2,40,0.00000000,20.36666667,20.36666667,0.00000000
2019-03-29T02:50:00,2019,3,29,2,50,0.00000000,20.33333333,20.33333333,0.00000000
2019-03-29T03:00:00,2019,3,29,3,0,0.00000000,20.30000000,20.30000000,0.00000000
2019-03-29T03:10:00,2019,3,29,3,10,0.00000000,20.41666667,20.41666667,0.00000000
2019-03-29T03:20:00,2019,3,29,3,20,0.00000000,20.53333333,20.53333333,0.00000000
2019-03-29T03:30:00,2019,3,29,3,30,0.00000000,20.65000000,20.65000000,0.00000000
2019-03-29T03:40:00,2019,3,29,3,40,0.00000000,20.76666667,20.76666667,0.00000000
2019-03-29T03:50:00,2019,3,29,3,50,0.00000000,20.88333333,20.88333333,0.00000000
2019-03-29T04:00:00,2019,3,29,4,0,0.00000000,21.00000000,21.00000000,0.00000000
2019-03-29T04:10:00,2019,3,29,4,10,0.00000000,20.98333333,20.98333333,0.00000000
2019-03-29T04:20:00,2019,3,29,4,20,0.00000000,20.96666667,20.96666667,0.00000000
2019-03-29T04:30:00,2019,3,29,4,30,0.00000000,20.95000000,20.95000000,0.00000000
2019-03-29T04:40:00,2019,3,29,4,40,0.00000000,20.93333333,20.93333333,0.00000000
2019-03-29T04:50:00,2019,3,29,4,50,0.00000000,20.91666667,20.91666667,0.00000000
2019-03-29T05:00:00,2019,3,29,5,0,0.00000000,20.90000000,20.90000000,0.00000000
2019-03-29T05:10:00,2019,3,29,5,10,0.00966667,20.90000000,21.23833333,0.00983394
2019-03-29T05:20:00,2019,3,29,5,20,0.01933333,20.90000000,21.57666667,0.01963778
2019-03-29T05:30:00,2019,3,29,5,30,0.02900000,20.90000000,21.91500000,0.02941154
2019-03-29T05:40:00,2019,3,29,5,40,0.03866667,20.90000000,22.25333333,0.03915521
2019-03-29T05:50:00,2019,3,29,5,50,0.04833333,20.90000000,22.59166667,0.04886879
2019-03-29T06:00:00,2019,3,29,6,0,0.05800000,20.90000000,22.93000000,0.05855228
2019-03-29T06:10:00,2019,3,29,6,10,0.09416667,21.18333333,24.47916667,0.09439227
2019-03-29T06:20:00,2019,3,29,6,20,0.13033333,21.46666667,26.02833333,0.12971681
2019-03-29T06:30:00,2019,3,29,6,30,0.16650000,21.75000000,27.57750000,0.16452589
2019-03-29T06:40:00,2019,3,29,6,40,0.20266667,22.03333333,29.12666667,0.19881951
2019-03-29T06:50:00,2019,3,29,6,50,0.23883333,22.31666667,30.67583333,0.23259767
2019-03-29T07:00:00,2019,3,29,7,0,0.27500000,22.60000000,32.22500000,0.26586038
2019-03-29T07:10:00,2019,3,29,7,10,0.29416667,22.88333333,33.17916667,0.28309889
2019-03-29T07:20:00,2019,3,29,7,20,0.31333333,23.16666667,34.13333333,0.30016916
2019-03-29T07:30:00,2019,3,29,7,30,0.33250000,23.45000000,35.08750000,0.31707117
2019-03-29T07:40:00,2019,3,29,7,40,0.35166667,23.73333333,36.04166667,0.33380493
2019-03-29T07:50:00,2019,3,29,7,50,0.37083333,24.01666667,36.99583333,0.35037044
2019-03-29T08:00:00,2019,3,29,8,0,0.39000000,24.30000000,37.95000000,0.36676770
2019-03-29T08:10:00,2019,3,29,8,10,0.44250000,24.51666667,40.00416667,0.41195902
2019-03-29T08:20:00,2019,3,29,8,20,0.49500000,24.73333333,42.05833333,0.45615817
2019-03-29T08:30:00,2019,3,29,8,30,0.54750000,24.95000000,44.11250000,0.49936517
2019-03-29T08:40:00,2019,3,29,8,40,0.60000000,25.16666667,46.16666667,0.54158000
2019-03-29T08:50:00,2019,3,29,8,50,0.65250000,25.38333333,48.22083333,0.58280267
2019-03-29T09:00:00,2019,3,29,9,0,0.70500000,25.60000000,50.27500000,0.62303317
2019-03-29T09:10:00,2019,3,29,9,10,0.73216667,26.05000000,51.67583333,0.64232335
2019-03-29T09:20:00,2019,3,29,9,20,0.75933333,26.50000000,53.07666667,0.66126341
2019-03-29T09:30:00,2019,3,29,9,30,0.78650000,26.95000000,54.47750000,0.67985335
2019-03-29T09:40:00,2019,3,29,9,40,0.81366667,27.40000000,55.87833333,0.69809318
2019-03-29T09:50:00,2019,3,29,9,50,0.84083333,27.85000000,57.27916667,0.71598290
2019-03-29T10:00:00,2019,3,29,10,0,0.86800000,28.30000000,58.68000000,0.73352250
2019-03-29T10:10:00,2019,3,29,10,10,0.85133333,28.50000000,58.29666667,0.72093915
2019-03-29T10:20:00,2019,3,29,10,20,0.83466667,28.70000000,57.91333333,0.70829702
2019-03-29T10:30:00,2019,3,29,10,30,0.81800000,28.90000000,57.53000000,0.69559612
2019-03-29T10:40:00,2019,3,29,10,40,0.80133333,29.10000000,57.14666667,0.68283643
2019-03-29T10:50:00,2019,3,29,10,50,0.78466667,29.30000000,56.76333333,0.67001797
2019-03-29T11:00:00,2019,3,29,11,0,0.76800000,29.50000000,56.38000000,0.65714074
2019-03-29T11:10:00,2019,3,29,11,10,0.79566667,29.51666667,57.36500000,0.67720861
2019-03-29T11:20:00,2019,3,29,11,20,0.82333333,29.53333333,58.35000000,0.69702577
2019-03-29T11:30:00,2019,3,29,11,30,0.85100000,29.55000000,59.33500000,0.71659221
2019-03-29T11:40:00,2019,3,29,11,40,0.87866667,29.56666667,60.32000000,0.73590794
2019-03-29T11:50:00,2019,3,29,11,50,0.90633333,29.58333333,61.30500000,0.75497295
2019-03-29T12:00:00,2019,3,29,12,0,0.93400000,29.60000000,62.29000000,0.77378724
2019-03-29T12:10:00,2019,3,29,12,10,0.89383333,29.66666667,60.95083333,0.74601669
2019-03-29T12:20:00,2019,3,29,12,20,0.85366667,29.73333333,59.61166667,0.71775127
2019-03-29T12:30:00,2019,3,29,12,30,0.81350000,29.80000000,58.27250000,0.68899098
2019-03-29T12:40:00,2019,3,29,12,40,0.77333333,29.86666667,56.93333333,0.65973582
2019-03-29T12:50:00,2019,3,29,12,50,0.73316667,29.93333333,55.59416667,0.62998580
2019-03-29T13:00:00,2019,3,29,13,0,0.69300000,30.00000000,54.25500000,0.59974091
2019-03-29T13:10:00,2019,3,29,13,10,0.66300000,29.91666667,53.12166667,0.57723454
2019-03-29T13:20:00,2019,3,29,13,20,0.63300000,29.83333333,51.98833333,0.55441537
2019-03-29T13:30:00,2019,3,29,13,30,0.60300000,29.75000000,50.85500000,0.53128340
2019-03-29T13:40:00,2019,3,29,13,40,0.57300000,29.66666667,49.72166667,0.50783863
2019-03-29T13:50:00,2019,3,29,13,50,0.54300000,29.58333333,48.58833333,0.48408106
2019-03-29T14:00:00,2019,3,29,14,0,0.51300000,29.50000000,47.45500000,0.46001069
2019-03-29T14:10:00,2019,3,29,14,10,0.50683333,29.30000000,47.03916667,0.45545049
2019-03-29T14:20:00,2019,3,29,14,20,0.50066667,29.10000000,46.62333333,0.45086669
2019-03-29T14:30:00,2019,3,29,14,30,0.49450000,28.90000000,46.20750000,0.44625930
2019-03-29T14:40:00,2019,3,29,14,40,0.48833333,28.70000000,45.79166667,0.44162832
2019-03-29T14:50:00,2019,3,29,14,50,0.48216667,28.50000000,45.37583333,0.43697375
2019-03-29T15:00:00,2019,3,29,15,0,0.47600000,28.30000000,44.96000000,0.43229558
2019-03-29T15:10:00,2019,3,29,15,10,0.43216667,28.18333333,43.30916667,0.39576865
2019-03-29T15:20:00,2019,3,29,15,20,0.38833333,28.06666667,41.65833333,0.35857600
2019-03-29T15:30:00,2019,3,29,15,30,0.34450000,27.95000000,40.00750000,0.32071761
2019-03-29T15:40:00,2019,3,29,15,40,0.30066667,27.83333333,38.35666667,0.28219351
2019-03-29T15:50:00,2019,3,29,15,50,0.25683333,27.71666667,36.70583333,0.24300367
2019-03-29T16:00:00,2019,3,29,16,0,0.21300000,27.60000000,35.05500000,0.20314811
2019-03-29T16:10:00,2019,3,29,16,10,0.18850000,27.35000000,33.94750000,0.18074162
2019-03-29T16:20:00,2019,3,29,16,20,0.16400000,27.10000000,32.84000000,0.15808550
2019-03-29T16:30:00,2019,3,29,16,30,0.13950000,26.85000000,31.73250000,0.13517975
2019-03-29T16:40:00,2019,3,29,16,40,0.11500000,26.60000000,30.62500000,0.11202438
2019-03-29T16:50:00,2019,3,29,16,50,0.09050000,26.35000000,29.51750000,0.08861936
2019-03-29T17:00:00,2019,3,29,17,0,0.06600000,26.10000000,28.41000000,0.06496472
2019-03-29T17:10:00,2019,3,29,17,10,0.05500000,25.98333333,27.90833333,0.05426419
2019-03-29T17:20:00,2019,3,29,17,20,0.04400000,25.86666667,27.40666667,0.04351289
2019-03-29T17:30:00,2019,3,29,17,30,0.03300000,25.75000000,26.90500000,0.03271082
2019-03-29T17:40:00,2019,3,29,17,40,0.02200000,25.63333333,26.40333333,0.02185798
2019-03-29T17:50:00,2019,3,29,17,50,0.01100000,25.51666667,25.90166667,0.01095438
2019-03-29T18:00:00,2019,3,29,18,0,0.00000000,25.40000000,25.40000000,0.00000000
2019-03-29T18:10:00,2019,3,29,18,10,0.00000000,25.28333333,25.28333333,0.00000000
2019-03-29T18:20:00,2019,3,29,18,20,0.00000000,25.16666667,25.16666667,0.00000000
2019-03-29T18:30:00,2019,3,29,18,30,0.00000000,25.05000000,25.05000000,0.00000000
2019-03-29T18:40:00,2019,3,29,18,40,0.00000000,24.93333333,24.93333333,0.00000000
2019-03-29T18:50:00,2019,3,29,18,50,0.00000000,24.81666667,24.81666667,0.00000000
2019-03-29T19:00:00,2019,3,29,19,0,0.00000000,24.70000000,24.70000000,0.00000000
2019-03-29T19:10:00,2019,3,29,19,10,0.00000000,24.68333333,24.68333333,0.00000000
2019-03-29T19:20:00,2019,3,29,19,20,0.00000000,24.66666667,24.66666667,0.00000000
2019-03-29T19:30:00,2019,3,29,19,30,0.00000000,24.65000000,24.65000000,0.00000000
2019-03-29T19:40:00,2019,3,29,19,40,0.00000000,24.63333333,24.63333333,0.00000000
2019-03-29T19:50:00,2019,3,29,19,50,0.00000000,24.61666667,24.61666667,0.00000000
2019-03-29T20:00:00,2019,3,29,20,0,0.00000000,24.60000000,24.60000000,0.00000000
2019-03-29T20:10:00,2019,3,29,20,10,0.00000000,24.40000000,24.40000000,0.00000000
2019-03-29T20:20:00,2019,3,29,20,20,0.00000000,24.20000000,24.20000000,0.00000000
2019-03-29T20:30:00,2019,3,29,20,30,0.00000000,24.00000000,24.00000000,0.00000000
2019-03-29T20:40:00,2019,3,29,20,40,0.00000000,23.80000000,23.80000000,0.00000000
2019-03-29T20:50:00,2019,3,29,20,50,0.00000000,23.60000000,23.60000000,0.00000000
2019-03-29T21:00:00,2019,3,29,21,0,0.00000000,23.40000000,23.40000000,0.00000000
2019-03-29T21:10:00,2019,3,29,21,10,0.00000000,23.41666667,23.41666667,0.00000000
2019-03-29T21:20:00,2019,3,29,21,20,0.00000000,23.43333333,23.43333333,0.00000000
2019-03-29T21:30:00,2019,3,29,21,30,0.00000000,23.45000000,23.45000000,0.00000000
2019-03-29T21:40:00,2019,3,29,21,40,0.00000000,23.46666667,23.46666667,0.00000000
2019-03-29T21:50:00,2019,3,29,21,50,0.00000000,23.48333333,23.48333333,0.00000000
2019-03-29T22:00:00,2019,3,29,22,0,0.00000000,23.50000000,23.50000000,0.00000000
2019-03-29T22:10:00,2019,3,29,22,10,0.00000000,23.30000000,23.30000000,0.00000000
2019-03-29T22:20:00,2019,3,29,22,20,0.00000000,23.10000000,23.10000000,0.00000000
2019-03-29T22:30:00,2019,3,29,22,30,0.00000000,22.90000000,22.90000000,0.00000000
2019-03-29T22:40:00,2019,3,29,22,40,0.00000000,22.70000000,22.70000000,0.00000000
2019-03-29T22:50:00,2019,3,29,22,50,0.00000000,22.50000000,22.50000000,0.00000000
2019-03-29T23:00:00,2019,3,29,23,0,0.00000000,22.30000000,22.30000000,0.00000000
2019-03-29T23:10:00,2019,3,29,23,10,0.00000000,22.41666667,22.41666667,0.00000000
2019-03-29T23:20:00,2019,3,29,23,20,0.00000000,22.53333333,22.53333333,0.00000000
2019-03-29T23:30:00,2019,3,29,23,30,0.00000000,22.65000000,22.65000000,0.00000000
2019-03-29T23:40:00,2019,3,29,23,40,0.00000000,22.76666667,22.76666667,0.00000000
2019-03-29T23:50:00,2019,3,29,23,50,0.00000000,22.88333333,22.88333333,0.00000000
2019-03-30T00:00:00,2019,3,30,0,0,0.00000000,23.00000000,23.00000000,0.00000000
2019-03-30T00:10:00,2019,3,30,0,10,0.00000000,22.90000000,22.90000000,0.00000000
2019-03-30T00:20:00,2019,3,30,0,20,0.00000000,22.80000000,22.80000000,0.00000000
2019-03-30T00:30:00,2019,3,30,0,30,0.00000000,22.70000000,22.70000000,0.00000000
2019-03-30T00:40:00,2019,3,30,0,40,0.00000000,22.60000000,22.60000000,0.00000000
2019-03-30T00:50:00,2019,3,30,0,50,0.00000000,22.50000000,22.50000000,0.00000000
2019-03-30T01:00:00,2019,3,30,1,0,0.00000000,22.40000000,22.40000000,0.00000000
2019-03-30T01:10:00,2019,3,30,1,10,0.00000000,22.43333333,22.43333333,0.00000000
2019-03-30T01:20:00,2019,3,30,1,20,0.00000000,22.46666667,22.46666667,0.00000000
2019-03-30T01:30:00,2019,3,30,1,30,0.00000000,22.50000000,22.50000000,0.00000000
2019-03-30T01:40:00,2019,3,30,1,40,0.00000000,22.53333333,22.53333333,0.00000000
2019-03-30T01:50:00,2019,3,30,1,50,0.00000000,22.56666667,22.56666667,0.00000000
2019-03-30T02:00:00,2019,3,30,2,0,0.00000000,22.60000000,22.60000000,0.00000000
2019-03-30T02:10:00,2019,3,30,2,10,0.00000000,22.45000000,22.45000000,0.00000000
2019-03-30T02:20:00,2019,3,30,2,20,0.00000000,22.30000000,22.30000000,0.00000000
2019-03-30T02:30:00,2019,3,30,2,30,0.00000000,22.15000000,22.15000000,0.00000000
2019-03-30T02:40:00,2019,3,30,2,40,0.00000000,22.00000000,22.00000000,0.00000000
2019-03-30T02:50:00,2019,3,30,2,50,0.00000000,21.85000000,21.85000000,0.00000000
2019-03-30T03:00:00,2019,3,30,3,0,0.00000000,21.70000000,21.70000000,0.00000000
2019-03-30T03:10:00,2019,3,30,3,10,0.00000000,21.68333333,21.68333333,0.00000000
2019-03-30T03:20:00,2019,3,30,3,20,0.00000000,21.66666667,21.66666667,0.00000000
2019-03-30T03:30:00,2019,3,30,3,30,0.00000000,21.65000000,21.65000000,0.00000000
2019-03-30T03:40:00,2019,3,30,3,40,0.00000000,21.63333333,21.63333333,0.00000000
2019-03-30T03:50:00,2019,3,30,3,50,0.00000000,21.61666667,21.61666667,0.00000000
2019-03-30T04:00:00,2019,3,30,4,0,0.00000000,21.60000000,21.60000000,0.00000000
2019-03-30T04:10:00,2019,3,30,4,10,0.00000000,21.55000000,21.55000000,0.00000000
2019-03-30T04:20:00,2019,3,30,4,20,0.00000000,21.50000000,21.50000000,0.00000000
2019-03-30T04:30:00,2019,3,30,4,30,0.00000000,21.45000000,21.45000000,0.00000000
2019-03-30T04:40:00,2019,3,30,4,40,0.00000000,21.40000000,21.40000000,0.00000000
2019-03-30T04:50:00,2019,3,30,4,50,0.00000000,21.35000000,21.35000000,0.00000000
2019-03-30T05:00:00,2019,3,30,5,0,0.00000000,21.30000000,21.30000000,0.00000000
2019-03-30T05:10:00,2019,3,30,5,10,0.00866667,21.35000000,21.65333333,0.00880009
2019-03-30T05:20:00,2019,3,30,5,20,0.01733333,21.40000000,22.00666667,0.01757200
2019-03-30T05:30:00,2019,3,30,5,30,0.02600000,21.45000000,22.36000000,0.02631574
2019-03-30T05:40:00,2019,3,30,5,40,0.03466667,21.50000000,22.71333333,0.03503131
2019-03-30T05:50:00,2019,3,30,5,50,0.04333333,21.55000000,23.06666667,0.04371871
2019-03-30T06:00:00,2019,3,30,6,0,0.05200000,21.60000000,23.42000000,0.05237794
2019-03-30T06:10:00,2019,3,30,6,10,0.07216667,21.83333333,24.35916667,0.07237940
2019-03-30T06:20:00,2019,3,30,6,20,0.09233333,22.06666667,25.29833333,0.09220662
2019-03-30T06:30:00,2019,3,30,6,30,0.11250000,22.30000000,26.23750000,0.11185959
2019-03-30T06:40:00,2019,3,30,6,40,0.13266667,22.53333333,27.17666667,0.13133832
2019-03-30T06:50:00,2019,3,30,6,50,0.15283333,22.76666667,28.11583333,0.15064280
2019-03-30T07:00:00,2019,3,30,7,0,0.17300000,23.00000000,29.05500000,0.16977303
2019-03-30T07:10:00,2019,3,30,7,10,0.22450000,23.18333333,31.04083333,0.21826163
2019-03-30T07:20:00,2019,3,30,7,20,0.27600000,23.36666667,33.02666667,0.26580934
2019-03-30T07:30:00,2019,3,30,7,30,0.32750000,23.55000000,35.01250000,0.31241617
2019-03-30T07:40:00,2019,3,30,7,40,0.37900000,23.73333333,36.99833333,0.35808211
2019-03-30T07:50:00,2019,3,30,7,50,0.43050000,23.91666667,38.98416667,0.40280715
2019-03-30T08:00:00,2019,3,30,8,0,0.48200000,24.10000000,40.97000000,0.44659132
2019-03-30T08:10:00,2019,3,30,8,10,0.50666667,24.61666667,42.35000000,0.46622960
2019-03-30T08:20:00,2019,3,30,8,20,0.53133333,25.13333333,43.73000000,0.48555472
2019-03-30T08:30:00,2019,3,30,8,30,0.55600000,25.65000000,45.11000000,0.50456666
2019-03-30T08:40:00,2019,3,30,8,40,0.58066667,26.16666667,46.49000000,0.52326544
2019-03-30T08:50:00,2019,3,30,8,50,0.60533333,26.68333333,47.87000000,0.54165106
2019-03-30T09:00:00,2019,3,30,9,0,0.63000000,27.20000000,49.25000000,0.55972350
2019-03-30T09:10:00,2019,3,30,9,10,0.64100000,27.51666667,49.95166667,0.56742752
2019-03-30T09:20:00,2019,3,30,9,20,0.65200000,27.83333333,50.65333333,0.57506052
2019-03-30T09:30:00,2019,3,30,9,30,0.66300000,28.15000000,51.35500000,0.58262252
2019-03-30T09:40:00,2019,3,30,9,40,0.67400000,28.46666667,52.05666667,0.59011351
2019-03-30T09:50:00,2019,3,30,9,50,0.68500000,28.78333333,52.75833333,0.59753349
2019-03-30T10:00:00,2019,3,30,10,0,0.69600000,29.10000000,53.46000000,0.60488246
2019-03-30T10:10:00,2019,3,30,10,10,0.72000000,29.18333333,54.38333333,0.62268240
2019-03-30T10:20:00,2019,3,30,10,20,0.74400000,29.26666667,55.30666667,0.64027846
2019-03-30T10:30:00,2019,3,30,10,30,0.76800000,29.35000000,56.23000000,0.65767066
2019-03-30T10:40:00,2019,3,30,10,40,0.79200000,29.43333333,57.15333333,0.67485898
2019-03-30T10:50:00,2019,3,30,10,50,0.81600000,29.51666667,58.07666667,0.69184342
2019-03-30T11:00:00,2019,3,30,11,0,0.84000000,29.60000000,59.00000000,0.70862400
2019-03-30T11:10:00,2019,3,30,11,10,0.81966667,29.95000000,58.63833333,0.69283445
2019-03-30T11:20:00,2019,3,30,11,20,0.79933333,30.30000000,58.27666667,0.67697725
2019-03-30T11:30:00,2019,3,30,11,30,0.77900000,30.65000000,57.91500000,0.66105239
2019-03-30T11:40:00,2019,3,30,11,40,0.75866667,31.00000000,57.55333333,0.64505987
2019-03-30T11:50:00,2019,3,30,11,50,0.73833333,31.35000000,57.19166667,0.62899970
2019-03-30T12:00:00,2019,3,30,12,0,0.71800000,31.70000000,56.83000000,0.61287188
2019-03-30T12:10:00,2019,3,30,12,10,0.73333333,31.50000000,57.16666667,0.62482444
2019-03-30T12:20:00,2019,3,30,12,20,0.74866667,31.30000000,57.50333333,0.63672952
2019-03-30T12:30:00,2019,3,30,12,30,0.76400000,31.10000000,57.84000000,0.64858710
2019-03-30T12:40:00,2019,3,30,12,40,0.77933333,30.90000000,58.17666667,0.66039720
2019-03-30T12:50:00,2019,3,30,12,50,0.79466667,30.70000000,58.51333333,0.67215979
2019-03-30T13:00:00,2019,3,30,13,0,0.81000000,30.50000000,58.85000000,0.68387490
2019-03-30T13:10:00,2019,3,30,13,10,0.76050000,30.61666667,57.23416667,0.64773521
2019-03-30T13:20:00,2019,3,30,13,20,0.71100000,30.73333333,55.61833333,0.61085968
2019-03-30T13:30:00,2019,3,30,13,30,0.66150000,30.85000000,54.00250000,0.57324829
2019-03-30T13:40:00,2019,3,30,13,40,0.61200000,30.96666667,52.38666667,0.53490106
2019-03-30T13:50:00,2019,3,30,13,50,0.56250000,31.08333333,50.77083333,0.49581797
2019-03-30T14:00:00,2019,3,30,14,0,0.51300000,31.20000000,49.15500000,0.45599903
2019-03-30T14:10:00,2019,3,30,14,10,0.47133333,30.86666667,47.36333333,0.42284664
2019-03-30T14:20:00,2019,3,30,14,20,0.42966667,30.53333333,45.57166667,0.38900745
2019-03-30T14:30:00,2019,3,30,14,30,0.38800000,30.20000000,43.78000000,0.35448146
2019-03-30T14:40:00,2019,3,30,14,40,0.34633333,29.86666667,41.98833333,0.31926865
2019-03-30T14:50:00,2019,3,30,14,50,0.30466667,29.53333333,40.19666667,0.28336904
2019-03-30T15:00:00,2019,3,30,15,0,0.26300000,29.20000000,38.40500000,0.24678263
2019-03-30T15:10:00,2019,3,30,15,10,0.24183333,28.71666667,37.18083333,0.22828297
2019-03-30T15:20:00,2019,3,30,15,20,0.22066667,28.23333333,35.95666667,0.20954492
2019-03-30T15:30:00,2019,3,30,15,30,0.19950000,27.75000000,34.73250000,0.19056848
2019-03-30T15:40:00,2019,3,30,15,40,0.17833333,27.26666667,33.50833333,0.17135366
2019-03-30T15:50:00,2019,3,30,15,50,0.15716667,26.78333333,32.28416667,0.15190046
2019-03-30T16:00:00,2019,3,30,16,0,0.13600000,26.30000000,31.06000000,0.13220886
2019-03-30T16:10:00,2019,3,30,16,10,0.12283333,26.20000000,30.49916667,0.11972612
2019-03-30T16:20:00,2019,3,30,16,20,0.10966667,26.10000000,29.93833333,0.10717544
2019-03-30T16:30:00,2019,3,30,16,30,0.09650000,26.00000000,29.37750000,0.09455683
2019-03-30T16:40:00,2019,3,30,16,40,0.08333333,25.90000000,28.81666667,0.08187028
2019-03-30T16:50:00,2019,3,30,16,50,0.07016667,25.80000000,28.25583333,0.06911579
2019-03-30T17:00:00,2019,3,30,17,0,0.05700000,25.70000000,27.69500000,0.05629337
2019-03-30T17:10:00,2019,3,30,17,10,0.04750000,25.46666667,27.12916667,0.04703478
2019-03-30T17:20:00,2019,3,30,17,20,0.03800000,25.23333333,26.56333333,0.03772673
2019-03-30T17:30:00,2019,3,30,17,30,0.02850000,25.00000000,25.99750000,0.02836923
2019-03-30T17:40:00,2019,3,30,17,40,0.01900000,24.76666667,25.43166667,0.01896227
2019-03-30T17:50:00,2019,3,30,17,50,0.00950000,24.53333333,24.86583333,0.00950586
2019-03-30T18:00:00,2019,3,30,18,0,0.00000000,24.30000000,24.30000000,0.00000000
2019-03-30T18:10:00,2019,3,30,18,10,0.00000000,24.26666667,24.26666667,0.00000000
2019-03-30T18:20:00,2019,3,30,18,20,0.00000000,24.23333333,24.23333333,0.00000000
2019-03-30T18:30:00,2019,3,30,18,30,0.00000000,24.20000000,24.20000000,0.00000000
2019-03-30T18:40:00,2019,3,30,18,40,0.00000000,24.16666667,24.16666667,0.00000000
2019-03-30T18:50:00,2019,3,30,18,50,0.00000000,24.13333333,24.13333333,0.00000000
2019-03-30T19:00:00,2019,3,30,19,0,0.00000000,24.10000000,24.10000000,0.00000000
2019-03-30T19:10:00,2019,3,30,19,10,0.00000000,24.03333333,24.03333333,0.00000000
2019-03-30T19:20:00,2019,3,30,19,20,0.00000000,23.96666667,23.96666667,0.00000000
2019-03-30T19:30:00,2019,3,30,19,30,0.00000000,23.90000000,23.90000000,0.00000000
2019-03-30T19:40:00,2019,3,30,19,40,0.00000000,23.83333333,23.83333333,0.00000000
2019-03-30T19:50:00,2019,3,30,19,50,0.00000000,23.76666667,23.76666667,0.00000000
2019-03-30T20:00:00,2019,3,30,20,0,0.00000000,23.70000000,23.70000000,0.00000000
2019-03-30T20:10:00,2019,3,30,20,10,0.00000000,23.61666667,23.61666667,0.00000000
2019-03-30T20:20:00,2019,3,30,20,20,0.00000000,23.53333333,23.53333333,0.00000000
2019-03-30T20:30:00,2019,3,30,20,30,0.00000000,23.45000000,23.45000000,0.00000000
2019-03-30T20:40:00,2019,3,30,20,40,0.00000000,23.36666667,23.36666667,0.00000000
2019-03-30T20:50:00,2019,3,30,20,50,0.00000000,23.28333333,23.28333333,0.00000000
2019-03-30T21:00:00,2019,3,30,21,0,0.00000000,23.20000000,23.20000000,0.00000000
2019-03-30T21:10:00,2019,3,30,21,10,0.00000000,23.11666667,23.11666667,0.00000000
2019-03-30T21:20:00,2019,3,30,21,20,0.00000000,23.03333333,23.03333333,0.00000000
2019-03-30T21:30:00,2019,3,30,21,30,0.00000000,22.95000000,22.95000000,0.00000000
2019-03-30T21:40:00,2019,3,30,21,40,0.00000000,22.86666667,22.86666667,0.00000000
2019-03-30T21:50:00,2019,3,30,21,50,0.00000000,22.78333333,22.78333333,0.00000000
2019-03-30T22:00:00,2019,3,30,22,0,0.00000000,22.70000000,22.70000000,0.00000000
2019-03-30T22:10:00,2019,3,30,22,10,0.00000000,22.53333333,22.53333333,0.00000000
2019-03-30T22:20:00,2019,3,30,22,20,0.00000000,22.36666667,22.36666667,0.00000000
2019-03-30T22:30:00,2019,3,30,22,30,0.00000000,22.20000000,22.20000000,0.00000000
2019-03-30T22:40:00,2019,3,30,22,40,0.00000000,22.03333333,22.03333333,0.00000000
2019-03-30T22:50:00,2019,3,30,22,50,0.00000000,21.86666667,21.86666667,0.00000000
2019-03-30T23:00:00,2019,3,30,23,0,0.00000000,21.70000000,21.70000000,0.00000000
2019-03-30T23:10:00,2019,3,30,23,10,0.00000000,21.80000000,21.80000000,0.00000000
2019-03-30T23:20:00,2019,3,30,23,20,0.00000000,21.90000000,21.90000000,0.00000000
2019-03-30T23:30:00,2019,3,30,23,30,0.00000000,22.00000000,22.00000000,0.00000000
2019-03-30T23:40:00,2019,3,30,23,40,0.00000000,22.10000000,22.10000000,0.00000000
2019-03-30T23:50:00,2019,3,30,23,50,0.00000000,22.20000000,22.20000000,0.00000000
2019-03-31T00:00:00,2019,3,31,0,0,0.00000000,22.30000000,22.30000000,0.00000000
2019-03-31T00:10:00,2019,3,31,0,10,0.00000000,22.28333333,22.28333333,0.00000000
2019-03-31T00:20:00,2019,3,31,0,20,0.00000000,22.26666667,22.26666667,0.00000000
2019-03-31T00:30:00,2019,3,31,0,30,0.00000000,22.25000000,22.25000000,0.00000000
2019-03-31T00:40:00,2019,3,31,0,40,0.00000000,22.23333333,22.23333333,0.00000000
2019-03-31T00:50:00,2019,3,31,0,50,0.00000000,22.21666667,22.21666667,0.00000000
2019-03-31T01:00:00,2019,3,31,1,0,0.00000000,22.20000000,22.20000000,0.00000000
2019-03-31T01:10:00,2019,3,31,1,10,0.00000000,22.18333333,22.18333333,0.00000000
2019-03-31T01:20:00,2019,3,31,1,20,0.00000000,22.16666667,22.16666667,0.00000000
2019-03-31T01:30:00,2019,3,31,1,30,0.00000000,22.15000000,22.15000000,0.00000000
2019-03-31T01:40:00,2019,3,31,1,40,0.00000000,22.13333333,22.13333333,0.00000000
2019-03-31T01:50:00,2019,3,31,1,50,0.00000000,22.11666667,22.11666667,0.00000000
2019-03-31T02:00:00,2019,3,31,2,0,0.00000000,22.10000000,22.10000000,0.00000000
2019-03-31T02:10:00,2019,3,31,2,10,0.00000000,22.11666667,22.11666667,0.00000000
2019-03-31T02:20:00,2019,3,31,2,20,0.00000000,22.13333333,22.13333333,0.00000000
2019-03-31T02:30:00,2019,3,31,2,30,0.00000000,22.15000000,22.15000000,0.00000000
2019-03-31T02:40:00,2019,3,31,2,40,0.00000000,22.16666667,22.16666667,0.00000000
2019-03-31T02:50:00,2019,3,31,2,50,0.00000000,22.18333333,22.18333333,0.00000000
2019-03-31T03:00:00,2019,3,31,3,0,0.00000000,22.20000000,22.20000000,0.00000000
2019-03-31T03:10:00,2019,3,31,3,10,0.00000000,22.15000000,22.15000000,0.00000000
2019-03-31T03:20:00,2019,3,31,3,20,0.00000000,22.10000000,22.10000000,0.00000000
2019-03-31T03:30:00,2019,3,31,3,30,0.00000000,22.05000000,22.05000000,0.00000000
2019-03-31T03:40:00,2019,3,31,3,40,0.00000000,22.00000000,22.00000000,0.00000000
2019-03-31T03:50:00,2019,3,31,3,50,0.00000000,21.95000000,21.95000000,0.00000000
2019-03-31T04:00:00,2019,3,31,4,0,0.00000000,21.90000000,21.90000000,0.00000000
2019-03-31T04:10:00,2019,3,31,4,10,0.00000000,21.86666667,21.86666667,0.00000000
2019-03-31T04:20:00,2019,3,31,4,20,0.00000000,21.83333333,21.83333333,0.00000000
2019-03-31T04:30:00,2019,3,31,4,30,0.00000000,21.80000000,21.80000000,0.00000000
2019-03-31T04:40:00,2019,3,31,4,40,0.00000000,21.76666667,21.76666667,0.00000000
2019-03-31T04:50:00,2019,3,31,4,50,0.00000000,21.73333333,21.73333333,0.00000000
2019-03-31T05:00:00,2019,3,31,5,0,0.00000000,21.70000000,21.70000000,0.00000000
2019-03-31T05:10:00,2019,3,31,5,10,0.00350000,21.71666667,21.83916667,0.00355089
2019-03-31T05:20:00,2019,3,31,5,20,0.00700000,21.73333333,21.97833333,0.00709730
2019-03-31T05:30:00,2019,3,31,5,30,0.01050000,21.75000000,22.11750000,0.01063922
2019-03-31T05:40:00,2019,3,31,5,40,0.01400000,21.76666667,22.25666667,0.01417667
2019-03-31T05:50:00,2019,3,31,5,50,0.01750000,21.78333333,22.39583333,0.01770964
2019-03-31T06:00:00,2019,3,31,6,0,0.02100000,21.80000000,22.53500000,0.02123812
2019-03-31T06:10:00,2019,3,31,6,10,0.03050000,21.95000000,23.01750000,0.03077814
2019-03-31T06:20:00,2019,3,31,6,20,0.04000000,22.10000000,23.50000000,0.04027600
2019-03-31T06:30:00,2019,3,31,6,30,0.04950000,22.25000000,23.98250000,0.04973168
2019-03-31T06:40:00,2019,3,31,6,40,0.05900000,22.40000000,24.46500000,0.05914520
2019-03-31T06:50:00,2019,3,31,6,50,0.06850000,22.55000000,24.94750000,0.06851654
2019-03-31T07:00:00,2019,3,31,7,0,0.07800000,22.70000000,25.43000000,0.07784572
2019-03-31T07:10:00,2019,3,31,7,10,0.09233333,22.95000000,26.18166667,0.09183144
2019-03-31T07:20:00,2019,3,31,7,20,0.10666667,23.20000000,26.93333333,0.10571804
2019-03-31T07:30:00,2019,3,31,7,30,0.12100000,23.45000000,27.68500000,0.11950553
2019-03-31T07:40:00,2019,3,31,7,40,0.13533333,23.70000000,28.43666667,0.13319389
2019-03-31T07:50:00,2019,3,31,7,50,0.14966667,23.95000000,29.18833333,0.14678314
2019-03-31T08:00:00,2019,3,31,8,0,0.16400000,24.20000000,29.94000000,0.16027326
2019-03-31T08:10:00,2019,3,31,8,10,0.16216667,24.46666667,30.14250000,0.15833053
2019-03-31T08:20:00,2019,3,31,8,20,0.16033333,24.73333333,30.34500000,0.15639122
2019-03-31T08:30:00,2019,3,31,8,30,0.15850000,25.00000000,30.54750000,0.15445532
2019-03-31T08:40:00,2019,3,31,8,40,0.15666667,25.26666667,30.75000000,0.15252283
2019-03-31T08:50:00,2019,3,31,8,50,0.15483333,25.53333333,30.95250000,0.15059376
2019-03-31T09:00:00,2019,3,31,9,0,0.15300000,25.80000000,31.15500000,0.14866811
2019-03-31T09:10:00,2019,3,31,9,10,0.21433333,25.81666667,33.31833333,0.20613201
2019-03-31T09:20:00,2019,3,31,9,20,0.27566667,25.83333333,35.48166667,0.26237521
2019-03-31T09:30:00,2019,3,31,9,30,0.33700000,25.85000000,37.64500000,0.31739772
2019-03-31T09:40:00,2019,3,31,9,40,0.39833333,25.86666667,39.80833333,0.37119953
2019-03-31T09:50:00,2019,3,31,9,50,0.45966667,25.88333333,41.97166667,0.42378064
2019-03-31T10:00:00,2019,3,31,10,0,0.52100000,25.90000000,44.13500000,0.47514106
2019-03-31T10:10:00,2019,3,31,10,10,0.51766667,27.38333333,45.50166667,0.46884673
2019-03-31T10:20:00,2019,3,31,10,20,0.51433333,28.86666667,46.86833333,0.46259431
2019-03-31T10:30:00,2019,3,31,10,30,0.51100000,30.35000000,48.23500000,0.45638381
2019-03-31T10:40:00,2019,3,31,10,40,0.50766667,31.83333333,49.60166667,0.45021521
2019-03-31T10:50:00,2019,3,31,10,50,0.50433333,33.31666667,50.96833333,0.44408853
2019-03-31T11:00:00,2019,3,31,11,0,0.50100000,34.80000000,52.33500000,0.43800376
2019-03-31T11:10:00,2019,3,31,11,10,0.49383333,34.80000000,52.08416667,0.43230804
2019-03-31T11:20:00,2019,3,31,11,20,0.48666667,34.80000000,51.83333333,0.42659578
2019-03-31T11:30:00,2019,3,31,11,30,0.47950000,34.80000000,51.58250000,0.42086698
2019-03-31T11:40:00,2019,3,31,11,40,0.47233333,34.80000000,51.33166667,0.41512164
2019-03-31T11:50:00,2019,3,31,11,50,0.46516667,34.80000000,51.08083333,0.40935977
2019-03-31T12:00:00,2019,3,31,12,0,0.45800000,34.80000000,50.83000000,0.40358136
2019-03-31T12:10:00,2019,3,31,12,10,0.40866667,34.56666667,48.87000000,0.36379425
2019-03-31T12:20:00,2019,3,31,12,20,0.35933333,34.33333333,46.91000000,0.32311756
2019-03-31T12:30:00,2019,3,31,12,30,0.31000000,34.10000000,44.95000000,0.28155130
2019-03-31T12:40:00,2019,3,31,12,40,0.26066667,33.86666667,42.99000000,0.23909546
2019-03-31T12:50:00,2019,3,31,12,50,0.21133333,33.63333333,41.03000000,0.19575004
2019-03-31T13:00:00,2019,3,31,13,0,0.16200000,33.40000000,39.07000000,0.15151504
2019-03-31T13:10:00,2019,3,31,13,10,0.15783333,32.13333333,37.65750000,0.14864357
2019-03-31T13:20:00,2019,3,31,13,20,0.15366667,30.86666667,36.24500000,0.14571795
2019-03-31T13:30:00,2019,3,31,13,30,0.14950000,29.60000000,34.83250000,0.14273819
2019-03-31T13:40:00,2019,3,31,13,40,0.14533333,28.33333333,33.42000000,0.13970428
2019-03-31T13:50:00,2019,3,31,13,50,0.14116667,27.06666667,32.00750000,0.13661623
2019-03-31T14:00:00,2019,3,31,14,0,0.13700000,25.80000000,30.59500000,0.13347403
2019-03-31T14:10:00,2019,3,31,14,10,0.12666667,25.63333333,30.06666667,0.12371449
2019-03-31T14:20:00,2019,3,31,14,20,0.11633333,25.46666667,29.53833333,0.11390472
2019-03-31T14:30:00,2019,3,31,14,30,0.10600000,25.30000000,29.01000000,0.10404472
2019-03-31T14:40:00,2019,3,31,14,40,0.09566667,25.13333333,28.48166667,0.09413450
2019-03-31T14:50:00,2019,3,31,14,50,0.08533333,24.96666667,27.95333333,0.08417405
2019-03-31T15:00:00,2019,3,31,15,0,0.07500000,24.80000000,27.42500000,0.07416337
2019-03-31T15:10:00,2019,3,31,15,10,0.08183333,24.60000000,27.46416667,0.08090574
2019-03-31T15:20:00,2019,3,31,15,20,0.08866667,24.40000000,27.50333333,0.08764564
2019-03-31T15:30:00,2019,3,31,15,30,0.09550000,24.20000000,27.54250000,0.09438308
2019-03-31T15:40:00,2019,3,31,15,40,0.10233333,24.00000000,27.58166667,0.10111806
2019-03-31T15:50:00,2019,3,31,15,50,0.10916667,23.80000000,27.62083333,0.10785057
2019-03-31T16:00:00,2019,3,31,16,0,0.11600000,23.60000000,27.66000000,0.11458062
2019-03-31T16:10:00,2019,3,31,16,10,0.10083333,23.71666667,27.24583333,0.09979164
2019-03-31T16:20:00,2019,3,31,16,20,0.08566667,23.83333333,26.83166667,0.08494487
2019-03-31T16:30:00,2019,3,31,16,30,0.07050000,23.95000000,26.41750000,0.07004030
2019-03-31T16:40:00,2019,3,31,16,40,0.05533333,24.06666667,26.00333333,0.05507795
2019-03-31T16:50:00,2019,3,31,16,50,0.04016667,24.18333333,25.58916667,0.04005781
2019-03-31T17:00:00,2019,3,31,17,0,0.02500000,24.30000000,25.17500000,0.02497987
2019-03-31T17:10:00,2019,3,31,17,10,0.02083333,23.88333333,24.61250000,0.02087047
2019-03-31T17:20:00,2019,3,31,17,20,0.01666667,23.46666667,24.05000000,0.01673950
2019-03-31T17:30:00,2019,3,31,17,30,0.01250000,23.05000000,23.48750000,0.01258697
2019-03-31T17:40:00,2019,3,31,17,40,0.00833333,22.63333333,22.92500000,0.00841288
2019-03-31T17:50:00,2019,3,31,17,50,0.00416667,22.21666667,22.36250000,0.00421722
2019-03-31T18:00:00,2019,3,31,18,0,0.00000000,21.80000000,21.80000000,0.00000000
2019-03-31T18:10:00,2019,3,31,18,10,0.00000000,21.56666667,21.56666667,0.00000000
2019-03-31T18:20:00,2019,3,31,18,20,0.00000000,21.33333333,21.33333333,0.00000000
2019-03-31T18:30:00,2019,3,31,18,30,0.00000000,21.10000000,21.10000000,0.00000000
2019-03-31T18:40:00,2019,3,31,18,40,0.00000000,20.86666667,20.86666667,0.00000000
2019-03-31T18:50:00,2019,3,31,18,50,0.00000000,20.63333333,20.63333333,0.00000000
2019-03-31T19:00:00,2019,3,31,19,0,0.00000000,20.40000000,20.40000000,0.00000000
2019-03-31T19:10:00,2019,3,31,19,10,0.00000000,20.31666667,20.31666667,0.00000000
2019-03-31T19:20:00,2019,3,31,19,20,0.00000000,20.23333333,20.23333333,0.00000000
2019-03-31T19:30:00,2019,3,31,19,30,0.00000000,20.15000000,20.15000000,0.00000000
2019-03-31T19:40:00,2019,3,31,19,40,0.00000000,20.06666667,20.06666667,0.00000000
2019-03-31T19:50:00,2019,3,31,19,50,0.00000000,19.98333333,19.98333333,0.00000000
2019-03-31T20:00:00,2019,3,31,20,0,0.00000000,19.90000000,19.90000000,0.00000000
2019-03-31T20:10:00,2019,3,31,20,10,0.00000000,19.88333333,19.88333333,0.00000000
2019-03-31T20:20:00,2019,3,31,20,20,0.00000000,19.86666667,19.86666667,0.00000000
2019-03-31T20:30:00,2019,3,31,20,30,0.00000000,19.85000000,19.85000000,0.00000000
2019-03-31T20:40:00,2019,3,31,20,40,0.00000000,19.83333333,19.83333333,0.00000000
2019-03-31T20:50:00,2019,3,31,20,50,0.00000000,19.81666667,19.81666667,0.00000000
2019-03-31T21:00:00,2019,3,31,21,0,0.00000000,19.80000000,19.80000000,0.00000000
2019-03-31T21:10:00,2019,3,31,21,10,0.00000000,19.71666667,19.71666667,0.00000000
2019-03-31T21:20:00,2019,3,31,21,20,0.00000000,19.63333333,19.63333333,0.00000000
2019-03-31T21:30:00,2019,3,31,21,30,0.00000000,19.55000000,19.55000000,0.00000000
2019-03-31T21:40:00,2019,3,31,21,40,0.00000000,19.46666667,19.46666667,0.00000000
2019-03-31T21:50:00,2019,3,31,21,50,0.00000000,19.38333333,19.38333333,0.00000000
2019-03-31T22:00:00,2019,3,31,22,0,0.00000000,19.30000000,19.30000000,0.00000000
2019-03-31T22:10:00,2019,3,31,22,10,0.00000000,19.33333333,19.33333333,0.00000000
2019-03-31T22:20:00,2019,3,31,22,20,0.00000000,19.36666667,19.36666667,0.00000000
2019-03-31T22:30:00,2019,3,31,22,30,0.00000000,19.40000000,19.40000000,0.00000000
2019-03-31T22:40:00,2019,3,31,22,40,0.00000000,19.43333333,19.43333333,0.00000000
2019-03-31T22:50:00,2019,3,31,22,50,0.00000000,19.46666667,19.46666667,0.00000000
2019-03-31T23:00:00,2019,3,31,23,0,0.00000000,19.50000000,19.50000000,0.00000000
2019-03-31T23:10:00,2019,3,31,23,10,0.00000000,18.96666667,18.96666667,0.00000000
2019-03-31T23:20:00,2019,3,31,23,20,0.00000000,18.43333333,18.43333333,0.00000000
2019-03-31T23:30:00,2019,3,31,23,30,0.00000000,17.90000000,17.90000000,0.00000000
2019-03-31T23:40:00,2019,3,31,23,40,0.00000000,17.36666667,17.36666667,0.00000000
2019-03-31T23:50:00,2019,3,31,23,50,0.00000000,16.83333333,16.83333333,0.00000000
