timestamp,source_year_index,month,day,hour,minute,irradiance_pu,ambient_temperature_c,panel_temperature_c,generation_pu
2019-09-01T00:00:00,2019,9,1,0,0,0.00000000,14.60000000,14.60000000,0.00000000
2019-09-01T00:10:00,2019,9,1,0,10,0.00000000,14.56666667,14.56666667,0.00000000
2019-09-01T00:20:00,2019,9,1,0,20,0.00000000,14.53333333,14.53333333,0.00000000
2019-09-01T00:30:00,2019,9,1,0,30,0.00000000,14.50000000,14.50000000,0.00000000
2019-09-01T00:40:00,2019,9,1,0,40,0.00000000,14.46666667,14.46666667,0.00000000
2019-09-01T00:50:00,2019,9,1,0,50,0.00000000,14.43333333,14.43333333,0.00000000
2019-09-01T01:00:00,2019,9,1,1,0,0.00000000,14.40000000,14.40000000,0.00000000
2019-09-01T01:10:00,2019,9,1,1,10,0.00000000,14.30000000,14.30000000,0.00000000
2019-09-01T01:20:00,2019,9,1,1,20,0.00000000,14.20000000,14.20000000,0.00000000
2019-09-01T01:30:00,2019,9,1,1,30,0.00000000,14.10000000,14.10000000,0.00000000
2019-09-01T01:40:00,2019,9,1,1,40,0.00000000,14.00000000,14.00000000,0.00000000
2019-09-01T01:50:00,2019,9,1,1,50,0.00000000,13.90000000,13.90000000,0.00000000
2019-09-01T02:00:00,2019,9,1,2,0,0.00000000,13.80000000,13.80000000,0.00000000
2019-09-01T02:10:00,2019,9,1,2,10,0.00000000,13.73333333,13.73333333,0.00000000
2019-09-01T02:20:00,2019,9,1,2,20,0.00000000,13.66666667,13.66666667,0.00000000
2019-09-01T02:30:00,2019,9,1,2,30,0.00000000,13.60000000,13.60000000,0.00000000
2019-09-01T02:40:00,2019,9,1,2,40,0.00000000,13.53333333,13.53333333,0.00000000
2019-09-01T02:50:00,2019,9,1,2,50,0.00000000,13.46666667,13.46666667,0.00000000
2019-09-01T03:00:00,2019,9,1,3,0,0.00000000,13.40000000,13.40000000,0.00000000
2019-09-01T03:10:00,2019,9,1,3,10,0.00000000,13.41666667,13.41666667,0.00000000
2019-09-01T03:20:00,2019,9,1,3,20,0.00000000,13.43333333,13.43333333,0.00000000
2019-09-01T03:30:00,2019,9,1,3,30,0.00000000,13.45000000,13.45000000,0.00000000
2019-09-01T03:40:00,2019,9,1,3,40,0.00000000,13.46666667,13.46666667,0.00000000
2019-09-01T03:50:00,2019,9,1,3,50,0.00000000,13.48333333,13.48333333,0.00000000
2019-09-01T04:00:00,2019,9,1,4,0,0.00000000,13.50000000,13.50000000,0.00000000
2019-09-01T04:10:00,2019,9,1,4,10,0.00000000,13.43333333,13.43333333,0.00000000
2019-09-01T04:20:00,2019,9,1,4,20,0.00000000,13.36666667,13.36666667,0.00000000
2019-09-01T04:30:00,2019,9,1,4,30,0.00000000,13.30000000,13.30000000,0.00000000
2019-09-01T04:40:00,2019,9,1,4,40,0.00000000,13.23333333,13.23333333,0.00000000
2019-09-01T04:50:00,2019,9,1,4,50,0.00000000,13.16666667,13.16666667,0.00000000
2019-09-01T05:00:00,2019,9,1,5,0,0.00000000,13.10000000,13.10000000,0.00000000
2019-09-01T05:10:00,2019,9,1,5,10,0.00600000,13.10000000,13.31000000,0.00632264
2019-09-01T05:20:00,2019,9,1,5,20,0.01200000,13.10000000,13.52000000,0.01263370
2019-09-01T05:30:00,2019,9,1,5,30,0.01800000,13.10000000,13.73000000,0.01893316
2019-09-01T05:40:00,2019,9,1,5,40,0.02400000,13.10000000,13.94000000,0.02522102
2019-09-01T05:50:00,2019,9,1,5,50,0.03000000,13.10000000,14.15000000,0.03149730
2019-09-01T06:00:00,2019,9,1,6,0,0.03600000,13.10000000,14.36000000,0.03776198
2019-09-01T06:10:00,2019,9,1,6,10,0.05783333,13.46666667,15.49083333,0.06036309
2019-09-01T06:20:00,2019,9,1,6,20,0.07966667,13.83333333,16.62166667,0.08273705
2019-09-01T06:30:00,2019,9,1,6,30,0.10150000,14.20000000,17.75250000,0.10488386
2019-09-01T06:40:00,2019,9,1,6,40,0.12333333,14.56666667,18.88333333,0.12680352
2019-09-01T06:50:00,2019,9,1,6,50,0.14516667,14.93333333,20.01416667,0.14849604
2019-09-01T07:00:00,2019,9,1,7,0,0.16700000,15.30000000,21.14500000,0.16996141
2019-09-01T07:10:00,2019,9,1,7,10,0.20500000,15.56666667,22.74166667,0.20712961
2019-09-01T07:20:00,2019,9,1,7,20,0.24300000,15.83333333,24.33833333,0.24373961
2019-09-01T07:30:00,2019,9,1,7,30,0.28100000,16.10000000,25.93500000,0.27979142
2019-09-01T07:40:00,2019,9,1,7,40,0.31900000,16.36666667,27.53166667,0.31528503
2019-09-01T07:50:00,2019,9,1,7,50,0.35700000,16.63333333,29.12833333,0.35022045
2019-09-01T08:00:00,2019,9,1,8,0,0.39500000,16.90000000,30.72500000,0.38459768
2019-09-01T08:10:00,2019,9,1,8,10,0.40500000,17.33333333,31.50833333,0.39287498
2019-09-01T08:20:00,2019,9,1,8,20,0.41500000,17.76666667,32.29166667,0.40108021
2019-09-01T08:30:00,2019,9,1,8,30,0.42500000,18.20000000,33.07500000,0.40921338
2019-09-01T08:40:00,2019,9,1,8,40,0.43500000,18.63333333,33.85833333,0.41727447
2019-09-01T08:50:00,2019,9,1,8,50,0.44500000,19.06666667,34.64166667,0.42526351
2019-09-01T09:00:00,2019,9,1,9,0,0.45500000,19.50000000,35.42500000,0.43318048
2019-09-01T09:10:00,2019,9,1,9,10,0.51750000,19.68333333,37.79583333,0.48703952
2019-09-01T09:20:00,2019,9,1,9,20,0.58000000,19.86666667,40.16666667,0.53953533
2019-09-01T09:30:00,2019,9,1,9,30,0.64250000,20.05000000,42.53750000,0.59066792
2019-09-01T09:40:00,2019,9,1,9,40,0.70500000,20.23333333,44.90833333,0.64043728
2019-09-01T09:50:00,2019,9,1,9,50,0.76750000,20.41666667,47.27916667,0.68884340
2019-09-01T10:00:00,2019,9,1,10,0,0.83000000,20.60000000,49.65000000,0.73588630
2019-09-01T10:10:00,2019,9,1,10,10,0.80866667,21.45000000,49.75333333,0.71658757
2019-09-01T10:20:00,2019,9,1,10,20,0.78733333,22.30000000,49.85666667,0.69730912
2019-09-01T10:30:00,2019,9,1,10,30,0.76600000,23.15000000,49.96000000,0.67805094
2019-09-01T10:40:00,2019,9,1,10,40,0.74466667,24.00000000,50.06333333,0.65881305
2019-09-01T10:50:00,2019,9,1,10,50,0.72333333,24.85000000,50.16666667,0.63959544
2019-09-01T11:00:00,2019,9,1,11,0,0.70200000,25.70000000,50.27000000,0.62039812
2019-09-01T11:10:00,2019,9,1,11,10,0.67583333,25.45000000,49.10416667,0.60089750
2019-09-01T11:20:00,2019,9,1,11,20,0.64966667,25.20000000,47.93833333,0.58111622
2019-09-01T11:30:00,2019,9,1,11,30,0.62350000,24.95000000,46.77250000,0.56105429
2019-09-01T11:40:00,2019,9,1,11,40,0.59733333,24.70000000,45.60666667,0.54071171
2019-09-01T11:50:00,2019,9,1,11,50,0.57116667,24.45000000,44.44083333,0.52008847
2019-09-01T12:00:00,2019,9,1,12,0,0.54500000,24.20000000,43.27500000,0.49918458
2019-09-01T12:10:00,2019,9,1,12,10,0.56083333,23.96666667,43.59583333,0.51285918
2019-09-01T12:20:00,2019,9,1,12,20,0.57666667,23.73333333,43.91666667,0.52648706
2019-09-01T12:30:00,2019,9,1,12,30,0.59250000,23.50000000,44.23750000,0.54006819
2019-09-01T12:40:00,2019,9,1,12,40,0.60833333,23.26666667,44.55833333,0.55360260
2019-09-01T12:50:00,2019,9,1,12,50,0.62416667,23.03333333,44.87916667,0.56709027
2019-09-01T13:00:00,2019,9,1,13,0,0.64000000,22.80000000,45.20000000,0.58053120
2019-09-01T13:10:00,2019,9,1,13,10,0.61350000,22.96666667,44.43916667,0.55864073
2019-09-01T13:20:00,2019,9,1,13,20,0.58700000,23.13333333,43.67833333,0.53656476
2019-09-01T13:30:00,2019,9,1,13,30,0.56050000,23.30000000,42.91750000,0.51430331
2019-09-01T13:40:00,2019,9,1,13,40,0.53400000,23.46666667,42.15666667,0.49185636
2019-09-01T13:50:00,2019,9,1,13,50,0.50750000,23.63333333,41.39583333,0.46922393
2019-09-01T14:00:00,2019,9,1,14,0,0.48100000,23.80000000,40.63500000,0.44640600
2019-09-01T14:10:00,2019,9,1,14,10,0.46566667,23.51666667,39.81500000,0.43393195
2019-09-01T14:20:00,2019,9,1,14,20,0.45033333,23.23333333,38.99500000,0.42134222
2019-09-01T14:30:00,2019,9,1,14,30,0.43500000,22.95000000,38.17500000,0.40863682
2019-09-01T14:40:00,2019,9,1,14,40,0.41966667,22.66666667,37.35500000,0.39581575
2019-09-01T14:50:00,2019,9,1,14,50,0.40433333,22.38333333,36.53500000,0.38287900
2019-09-01T15:00:00,2019,9,1,15,0,0.38900000,22.10000000,35.71500000,0.36982658
2019-09-01T15:10:00,2019,9,1,15,10,0.35116667,21.91666667,34.20750000,0.33629318
2019-09-01T15:20:00,2019,9,1,15,20,0.31333333,21.73333333,32.70000000,0.30223507
2019-09-01T15:30:00,2019,9,1,15,30,0.27550000,21.55000000,31.19250000,0.26765224
2019-09-01T15:40:00,2019,9,1,15,40,0.23766667,21.36666667,29.68500000,0.23254471
2019-09-01T15:50:00,2019,9,1,15,50,0.19983333,21.18333333,28.17750000,0.19691247
2019-09-01T16:00:00,2019,9,1,16,0,0.16200000,21.00000000,26.67000000,0.16075552
2019-09-01T16:10:00,2019,9,1,16,10,0.14183333,20.66666667,25.63083333,0.14142176
2019-09-01T16:20:00,2019,9,1,16,20,0.12166667,20.33333333,24.59166667,0.12189520
2019-09-01T16:30:00,2019,9,1,16,30,0.10150000,20.00000000,23.55250000,0.10217584
2019-09-01T16:40:00,2019,9,1,16,40,0.08133333,19.66666667,22.51333333,0.08226368
2019-09-01T16:50:00,2019,9,1,16,50,0.06116667,19.33333333,21.47416667,0.06215872
2019-09-01T17:00:00,2019,9,1,17,0,0.04100000,19.00000000,20.43500000,0.04186096
2019-09-01T17:10:00,2019,9,1,17,10,0.03416667,18.66666667,19.86250000,0.03497411
2019-09-01T17:20:00,2019,9,1,17,20,0.02733333,18.33333333,19.29000000,0.02805127
2019-09-01T17:30:00,2019,9,1,17,30,0.02050000,18.00000000,18.71750000,0.02109244
2019-09-01T17:40:00,2019,9,1,17,40,0.01366667,17.66666667,18.14500000,0.01409762
2019-09-01T17:50:00,2019,9,1,17,50,0.00683333,17.33333333,17.57250000,0.00706680
2019-09-01T18:00:00,2019,9,1,18,0,0.00000000,17.00000000,17.00000000,0.00000000
2019-09-01T18:10:00,2019,9,1,18,10,0.00000000,16.81666667,16.81666667,0.00000000
2019-09-01T18:20:00,2019,9,1,18,20,0.00000000,16.63333333,16.63333333,0.00000000
2019-09-01T18:30:00,2019,9,1,18,30,0.00000000,16.45000000,16.45000000,0.00000000
2019-09-01T18:40:00,2019,9,1,18,40,0.00000000,16.26666667,16.26666667,0.00000000
2019-09-01T18:50:00,2019,9,1,18,50,0.00000000,16.08333333,16.08333333,0.00000000
2019-09-01T19:00:00,2019,9,1,19,0,0.00000000,15.90000000,15.90000000,0.00000000
2019-09-01T19:10:00,2019,9,1,19,10,0.00000000,15.93333333,15.93333333,0.00000000
2019-09-01T19:20:00,2019,9,1,19,20,0.00000000,15.96666667,15.96666667,0.00000000
2019-09-01T19:30:00,2019,9,1,19,30,0.00000000,16.00000000,16.00000000,0.00000000
2019-09-01T19:40:00,2019,9,1,19,40,0.00000000,16.03333333,16.03333333,0.00000000
2019-09-01T19:50:00,2019,9,1,19,50,0.00000000,16.06666667,16.06666667,0.00000000
2019-09-01T20:00:00,2019,9,1,20,0,0.00000000,16.10000000,16.10000000,0.00000000
2019-09-01T20:10:00,2019,9,1,20,10,0.00000000,15.96666667,15.96666667,0.00000000
2019-09-01T20:20:00,2019,9,1,20,20,0.00000000,15.83333333,15.83333333,0.00000000
2019-09-01T20:30:00,2019,9,1,20,30,0.00000000,15.70000000,15.70000000,0.00000000
2019-09-01T20:40:00,2019,9,1,20,40,0.00000000,15.56666667,15.56666667,0.00000000
2019-09-01T20:50:00,2019,9,1,20,50,0.00000000,15.43333333,15.43333333,0.00000000
2019-09-01T21:00:00,2019,9,1,21,0,0.00000000,15.30000000,15.30000000,0.00000000
2019-09-01T21:10:00,2019,9,1,21,10,0.00000000,15.15000000,15.15000000,0.00000000
2019-09-01T21:20:00,2019,9,1,21,20,0.00000000,15.00000000,15.00000000,0.00000000
2019-09-01T21:30:00,2019,9,1,21,30,0.00000000,14.85000000,14.85000000,0.00000000
2019-09-01T21:40:00,2019,9,1,21,40,0.00000000,14.70000000,14.70000000,0.00000000
2019-09-01T21:50:00,2019,9,1,21,50,0.00000000,14.55000000,14.55000000,0.00000000
2019-09-01T22:00:00,2019,9,1,22,0,0.00000000,14.40000000,14.40000000,0.00000000
2019-09-01T22:10:00,2019,9,1,22,10,0.00000000,14.23333333,14.23333333,0.00000000
2019-09-01T22:20:00,2019,9,1,22,20,0.00000000,14.06666667,14.06666667,0.00000000
2019-09-01T22:30:00,2019,9,1,22,30,0.00000000,13.90000000,13.90000000,0.00000000
2019-09-01T22:40:00,2019,9,1,22,40,0.00000000,13.73333333,13.73333333,0.00000000
2019-09-01T22:50:00,2019,9,1,22,50,0.00000000,13.56666667,13.56666667,0.00000000
2019-09-01T23:00:00,2019,9,1,23,0,0.00000000,13.40000000,13.40000000,0.00000000
2019-09-01T23:10:00,2019,9,1,23,10,0.00000000,13.36666667,13.36666667,0.00000000
2019-09-01T23:20:00,2019,9,1,23,20,0.00000000,13.33333333,13.33333333,0.00000000
2019-09-01T23:30:00,2019,9,1,23,30,0.00000000,13.30000000,13.30000000,0.00000000
2019-09-01T23:40:00,2019,9,1,23,40,0.00000000,13.26666667,13.26666667,0.00000000
2019-09-01T23:50:00,2019,9,1,23,50,0.00000000,13.23333333,13.23333333,0.00000000
2019-09-02T00:00:00,2019,9,2,0,0,0.00000000,13.20000000,13.20000000,0.00000000
2019-09-02T00:10:00,2019,9,2,0,10,0.00000000,13.21666667,13.21666667,0.00000000
2019-09-02T00:20:00,2019,9,2,0,20,0.00000000,13.23333333,13.23333333,0.00000000
2019-09-02T00:30:00,2019,9,2,0,30,0.00000000,13.25000000,13.25000000,0.00000000
2019-09-02T00:40:00,2019,9,2,0,40,0.00000000,13.26666667,13.26666667,0.00000000
2019-09-02T00:50:00,2019,9,2,0,50,0.00000000,13.28333333,13.28333333,0.00000000
2019-09-02T01:00:00,2019,9,2,1,0,0.00000000,13.30000000,13.30000000,0.00000000
2019-09-02T01:10:00,2019,9,2,1,10,0.00000000,13.11666667,13.11666667,0.00000000
2019-09-02T01:20:00,2019,9,2,1,20,0.00000000,12.93333333,12.93333333,0.00000000
2019-09-02T01:30:00,2019,9,2,1,30,0.00000000,12.75000000,12.75000000,0.00000000
2019-09-02T01:40:00,2019,9,2,1,40,0.00000000,12.56666667,12.56666667,0.00000000
2019-09-02T01:50:00,2019,9,2,1,50,0.00000000,12.38333333,12.38333333,0.00000000
2019-09-02T02:00:00,2019,9,2,2,0,0.00000000,12.20000000,12.20000000,0.00000000
2019-09-02T02:10:00,2019,9,2,2,10,0.00000000,12.31666667,12.31666667,0.00000000
2019-09-02T02:20:00,2019,9,2,2,20,0.00000000,12.43333333,12.43333333,0.00000000
2019-09-02T02:30:00,2019,9,2,2,30,0.00000000,12.55000000,12.55000000,0.00000000
2019-09-02T02:40:00,2019,9,2,2,40,0.00000000,12.66666667,12.66666667,0.00000000
2019-09-02T02:50:00,2019,9,2,2,50,0.00000000,12.78333333,12.78333333,0.00000000
2019-09-02T03:00:00,2019,9,2,3,0,0.00000000,12.90000000,12.90000000,0.00000000
2019-09-02T03:10:00,2019,9,2,3,10,0.00000000,12.80000000,12.80000000,0.00000000
2019-09-02T03:20:00,2019,9,2,3,20,0.00000000,12.70000000,12.70000000,0.00000000
2019-09-02T03:30:00,2019,9,2,3,30,0.00000000,12.60000000,12.60000000,0.00000000
2019-09-02T03:40:00,2019,9,2,3,40,0.00000000,12.50000000,12.50000000,0.00000000
2019-09-02T03:50:00,2019,9,2,3,50,0.00000000,12.40000000,12.40000000,0.00000000
2019-09-02T04:00:00,2019,9,2,4,0,0.00000000,12.30000000,12.30000000,0.00000000
2019-09-02T04:10:00,2019,9,2,4,10,0.00000000,12.36666667,12.36666667,0.00000000
2019-09-02T04:20:00,2019,9,2,4,20,0.00000000,12.43333333,12.43333333,0.00000000
2019-09-02T04:30:00,2019,9,2,4,30,0.00000000,12.50000000,12.50000000,0.00000000
2019-09-02T04:40:00,2019,9,2,4,40,0.00000000,12.56666667,12.56666667,0.00000000
2019-09-02T04:50:00,2019,9,2,4,50,0.00000000,12.63333333,12.63333333,0.00000000
2019-09-02T05:00:00,2019,9,2,5,0,0.00000000,12.70000000,12.70000000,0.00000000
2019-09-02T05:10:00,2019,9,2,5,10,0.00633333,12.65000000,12.87166667,0.00668667
2019-09-02T05:20:00,2019,9,2,5,20,0.01266667,12.60000000,13.04333333,0.01336334
2019-09-02T05:30:00,2019,9,2,5,30,0.01900000,12.55000000,13.21500000,0.02003001
2019-09-02T05:40:00,2019,9,2,5,40,0.02533333,12.50000000,13.38666667,0.02668667
2019-09-02T05:50:00,2019,9,2,5,50,0.03166667,12.45000000,13.55833333,0.03333334
2019-09-02T06:00:00,2019,9,2,6,0,0.03800000,12.40000000,13.73000000,0.03997000
2019-09-02T06:10:00,2019,9,2,6,10,0.06366667,12.68333333,14.91166667,0.06662120
2019-09-02T06:20:00,2019,9,2,6,20,0.08933333,12.96666667,16.09333333,0.09299338
2019-09-02T06:30:00,2019,9,2,6,30,0.11500000,13.25000000,17.27500000,0.11908652
2019-09-02T06:40:00,2019,9,2,6,40,0.14066667,13.53333333,18.45666667,0.14490064
2019-09-02T06:50:00,2019,9,2,6,50,0.16633333,13.81666667,19.63833333,0.17043572
2019-09-02T07:00:00,2019,9,2,7,0,0.19200000,14.10000000,20.82000000,0.19569178
2019-09-02T07:10:00,2019,9,2,7,10,0.22150000,14.50000000,22.25250000,0.22429943
2019-09-02T07:20:00,2019,9,2,7,20,0.25100000,14.90000000,23.68500000,0.25251830
2019-09-02T07:30:00,2019,9,2,7,30,0.28050000,15.30000000,25.11750000,0.28034839
2019-09-02T07:40:00,2019,9,2,7,40,0.31000000,15.70000000,26.55000000,0.30778970
2019-09-02T07:50:00,2019,9,2,7,50,0.33950000,16.10000000,27.98250000,0.33484223
2019-09-02T08:00:00,2019,9,2,8,0,0.36900000,16.50000000,29.41500000,0.36150598
2019-09-02T08:10:00,2019,9,2,8,10,0.41716667,16.71666667,31.31750000,0.40504359
2019-09-02T08:20:00,2019,9,2,8,20,0.46533333,16.93333333,33.22000000,0.44773815
2019-09-02T08:30:00,2019,9,2,8,30,0.51350000,17.15000000,35.12250000,0.48958964
2019-09-02T08:40:00,2019,9,2,8,40,0.56166667,17.36666667,37.02500000,0.53059808
2019-09-02T08:50:00,2019,9,2,8,50,0.60983333,17.58333333,38.92750000,0.57076345
2019-09-02T09:00:00,2019,9,2,9,0,0.65800000,17.80000000,40.83000000,0.61008576
2019-09-02T09:10:00,2019,9,2,9,10,0.64900000,18.35000000,41.06500000,0.60103955
2019-09-02T09:20:00,2019,9,2,9,20,0.64000000,18.90000000,41.30000000,0.59201280
2019-09-02T09:30:00,2019,9,2,9,30,0.63100000,19.45000000,41.53500000,0.58300551
2019-09-02T09:40:00,2019,9,2,9,40,0.62200000,20.00000000,41.77000000,0.57401768
2019-09-02T09:50:00,2019,9,2,9,50,0.61300000,20.55000000,42.00500000,0.56504930
2019-09-02T10:00:00,2019,9,2,10,0,0.60400000,21.10000000,42.24000000,0.55610038
2019-09-02T10:10:00,2019,9,2,10,10,0.64883333,21.05000000,43.75916667,0.59284410
2019-09-02T10:20:00,2019,9,2,10,20,0.69366667,21.00000000,45.27833333,0.62896121
2019-09-02T10:30:00,2019,9,2,10,30,0.73850000,20.95000000,46.79750000,0.66445171
2019-09-02T10:40:00,2019,9,2,10,40,0.78333333,20.90000000,48.31666667,0.69931561
2019-09-02T10:50:00,2019,9,2,10,50,0.82816667,20.85000000,49.83583333,0.73355290
2019-09-02T11:00:00,2019,9,2,11,0,0.87300000,20.80000000,51.35500000,0.76716359
2019-09-02T11:10:00,2019,9,2,11,10,0.84700000,21.36666667,51.01166667,0.74565334
2019-09-02T11:20:00,2019,9,2,11,20,0.82100000,21.93333333,50.66833333,0.72406097
2019-09-02T11:30:00,2019,9,2,11,30,0.79500000,22.50000000,50.32500000,0.70238647
2019-09-02T11:40:00,2019,9,2,11,40,0.76900000,23.06666667,49.98166667,0.68062985
2019-09-02T11:50:00,2019,9,2,11,50,0.74300000,23.63333333,49.63833333,0.65879110
2019-09-02T12:00:00,2019,9,2,12,0,0.71700000,24.20000000,49.29500000,0.63687023
2019-09-02T12:10:00,2019,9,2,12,10,0.73100000,24.01666667,49.60166667,0.64827444
2019-09-02T12:20:00,2019,9,2,12,20,0.74500000,23.83333333,49.90833333,0.65963914
2019-09-02T12:30:00,2019,9,2,12,30,0.75900000,23.65000000,50.21500000,0.67096435
2019-09-02T12:40:00,2019,9,2,12,40,0.77300000,23.46666667,50.52166667,0.68225006
2019-09-02T12:50:00,2019,9,2,12,50,0.78700000,23.28333333,50.82833333,0.69349627
2019-09-02T13:00:00,2019,9,2,13,0,0.80100000,23.10000000,51.13500000,0.70470298
2019-09-02T13:10:00,2019,9,2,13,10,0.77583333,23.13333333,50.28750000,0.68558646
2019-09-02T13:20:00,2019,9,2,13,20,0.75066667,23.16666667,49.44000000,0.66627372
2019-09-02T13:30:00,2019,9,2,13,30,0.72550000,23.20000000,48.59250000,0.64676475
2019-09-02T13:40:00,2019,9,2,13,40,0.70033333,23.23333333,47.74500000,0.62705956
2019-09-02T13:50:00,2019,9,2,13,50,0.67516667,23.26666667,46.89750000,0.60715814
2019-09-02T14:00:00,2019,9,2,14,0,0.65000000,23.30000000,46.05000000,0.58706050
2019-09-02T14:10:00,2019,9,2,14,10,0.60216667,23.21666667,44.29250000,0.54872708
2019-09-02T14:20:00,2019,9,2,14,20,0.55433333,23.13333333,42.53500000,0.50962025
2019-09-02T14:30:00,2019,9,2,14,30,0.50650000,23.05000000,40.77750000,0.46974000
2019-09-02T14:40:00,2019,9,2,14,40,0.45866667,22.96666667,39.02000000,0.42908634
2019-09-02T14:50:00,2019,9,2,14,50,0.41083333,22.88333333,37.26250000,0.38765925
2019-09-02T15:00:00,2019,9,2,15,0,0.36300000,22.80000000,35.50500000,0.34545875
2019-09-02T15:10:00,2019,9,2,15,10,0.33850000,22.35000000,34.19750000,0.32417857
2019-09-02T15:20:00,2019,9,2,15,20,0.31400000,21.90000000,32.89000000,0.30260368
2019-09-02T15:30:00,2019,9,2,15,30,0.28950000,21.45000000,31.58250000,0.28073408
2019-09-02T15:40:00,2019,9,2,15,40,0.26500000,21.00000000,30.27500000,0.25856978
2019-09-02T15:50:00,2019,9,2,15,50,0.24050000,20.55000000,28.96750000,0.23611075
2019-09-02T16:00:00,2019,9,2,16,0,0.21600000,20.10000000,27.66000000,0.21335702
2019-09-02T16:10:00,2019,9,2,16,10,0.18733333,19.88333333,26.44000000,0.18609244
2019-09-02T16:20:00,2019,9,2,16,20,0.15866667,19.66666667,25.22000000,0.15850610
2019-09-02T16:30:00,2019,9,2,16,30,0.13000000,19.45000000,24.00000000,0.13059800
2019-09-02T16:40:00,2019,9,2,16,40,0.10133333,19.23333333,22.78000000,0.10236815
2019-09-02T16:50:00,2019,9,2,16,50,0.07266667,19.01666667,21.56000000,0.07381654
2019-09-02T17:00:00,2019,9,2,17,0,0.04400000,18.80000000,20.34000000,0.04494318
2019-09-02T17:10:00,2019,9,2,17,10,0.03666667,18.53333333,19.81666667,0.03754092
2019-09-02T17:20:00,2019,9,2,17,20,0.02933333,18.26666667,19.29333333,0.03010335
2019-09-02T17:30:00,2019,9,2,17,30,0.02200000,18.00000000,18.77000000,0.02263048
2019-09-02T17:40:00,2019,9,2,17,40,0.01466667,17.73333333,18.24666667,0.01512229
2019-09-02T17:50:00,2019,9,2,17,50,0.00733333,17.46666667,17.72333333,0.00757880
2019-09-02T18:00:00,2019,9,2,18,0,0.00000000,17.20000000,17.20000000,0.00000000
2019-09-02T18:10:00,2019,9,2,18,10,0.00000000,17.01666667,17.01666667,0.00000000
2019-09-02T18:20:00,2019,9,2,18,20,0.00000000,16.83333333,16.83333333,0.00000000
2019-09-02T18:30:00,2019,9,2,18,30,0.00000000,16.65000000,16.65000000,0.00000000
2019-09-02T18:40:00,2019,9,2,18,40,0.00000000,16.46666667,16.46666667,0.00000000
2019-09-02T18:50:00,2019,9,2,18,50,0.00000000,16.28333333,16.28333333,0.00000000
2019-09-02T19:00:00,2019,9,2,19,0,0.00000000,16.10000000,16.10000000,0.00000000
2019-09-02T19:10:00,2019,9,2,19,10,0.00000000,16.08333333,16.08333333,0.00000000
2019-09-02T19:20:00,2019,9,2,19,20,0.00000000,16.06666667,16.06666667,0.00000000
2019-09-02T19:30:00,2019,9,2,19,30,0.00000000,16.05000000,16.05000000,0.00000000
2019-09-02T19:40:00,2019,9,2,19,40,0.00000000,16.03333333,16.03333333,0.00000000
2019-09-02T19:50:00,2019,9,2,19,50,0.00000000,16.01666667,16.01666667,0.00000000
2019-09-02T20:00:00,2019,9,2,20,0,0.00000000,16.00000000,16.00000000,0.00000000
2019-09-02T20:10:00,2019,9,2,20,10,0.00000000,15.81666667,15.81666667,0.00000000
2019-09-02T20:20:00,2019,9,2,20,20,0.00000000,15.63333333,15.63333333,0.00000000
2019-09-02T20:30:00,2019,9,2,20,30,0.00000000,15.45000000,15.45000000,0.00000000
2019-09-02T20:40:00,2019,9,2,20,40,0.00000000,15.26666667,15.26666667,0.00000000
2019-09-02T20:50:00,2019,9,2,20,50,0.00000000,15.08333333,15.08333333,0.00000000
2019-09-02T21:00:00,2019,9,2,21,0,0.00000000,14.90000000,14.90000000,0.00000000
2019-09-02T21:10:00,2019,9,2,21,10,0.00000000,14.95000000,14.95000000,0.00000000
2019-09-02T21:20:00,2019,9,2,21,20,0.00000000,15.00000000,15.00000000,0.00000000
2019-09-02T21:30:00,2019,9,2,21,30,0.00000000,15.05000000,15.05000000,0.00000000
2019-09-02T21:40:00,2019,9,2,21,40,0.00000000,15.10000000,15.10000000,0.00000000
2019-09-02T21:50:00,2019,9,2,21,50,0.00000000,15.15000000,15.15000000,0.00000000
2019-09-02T22:00:00,2019,9,2,22,0,0.00000000,15.20000000,15.20000000,0.00000000
2019-09-02T22:10:00,2019,9,2,22,10,0.00000000,15.05000000,15.05000000,0.00000000
2019-09-02T22:20:00,2019,9,2,22,20,0.00000000,14.90000000,14.90000000,0.00000000
2019-09-02T22:30:00,2019,9,2,22,30,0.00000000,14.75000000,14.75000000,0.00000000
2019-09-02T22:40:00,2019,9,2,22,40,0.00000000,14.60000000,14.60000000,0.00000000
2019-09-02T22:50:00,2019,9,2,22,50,0.00000000,14.45000000,14.45000000,0.00000000
2019-09-02T23:00:00,2019,9,2,23,0,0.00000000,14.30000000,14.30000000,0.00000000
2019-09-02T23:10:00,2019,9,2,23,10,0.00000000,14.41666667,14.41666667,0.00000000
2019-09-02T23:20:00,2019,9,2,23,20,0.00000000,14.53333333,14.53333333,0.00000000
2019-09-02T23:30:00,2019,9,2,23,30,0.00000000,14.65000000,14.65000000,0.00000000
2019-09-02T23:40:00,2019,9,2,23,40,0.00000000,14.76666667,14.76666667,0.00000000
2019-09-02T23:50:00,2019,9,2,23,50,0.00000000,14.88333333,14.88333333,0.00000000
2019-09-03T00:00:00,2019,9,3,0,0,0.00000000,15.00000000,15.00000000,0.00000000
2019-09-03T00:10:00,2019,9,3,0,10,0.00000000,14.88333333,14.88333333,0.00000000
2019-09-03T00:20:00,2019,9,3,0,20,0.00000000,14.76666667,14.76666667,0.00000000
2019-09-03T00:30:00,2019,9,3,0,30,0.00000000,14.65000000,14.65000000,0.00000000
2019-09-03T00:40:00,2019,9,3,0,40,0.00000000,14.53333333,14.53333333,0.00000000
2019-09-03T00:50:00,2019,9,3,0,50,0.00000000,14.41666667,14.41666667,0.00000000
2019-09-03T01:00:00,2019,9,3,1,0,0.00000000,14.30000000,14.30000000,0.00000000
2019-09-03T01:10:00,2019,9,3,1,10,0.00000000,14.36666667,14.36666667,0.00000000
2019-09-03T01:20:00,2019,9,3,1,20,0.00000000,14.43333333,14.43333333,0.00000000
2019-09-03T01:30:00,2019,9,3,1,30,0.00000000,14.50000000,14.50000000,0.00000000
2019-09-03T01:40:00,2019,9,3,1,40,0.00000000,14.56666667,14.56666667,0.00000000
2019-09-03T01:50:00,2019,9,3,1,50,0.00000000,14.63333333,14.63333333,0.00000000
2019-09-03T02:00:00,2019,9,3,2,0,0.00000000,14.70000000,14.70000000,0.00000000
2019-09-03T02:10:00,2019,9,3,2,10,0.00000000,14.65000000,14.65000000,0.00000000
2019-09-03T02:20:00,2019,9,3,2,20,0.00000000,14.60000000,14.60000000,0.00000000
2019-09-03T02:30:00,2019,9,3,2,30,0.00000000,14.55000000,14.55000000,0.00000000
2019-09-03T02:40:00,2019,9,3,2,40,0.00000000,14.50000000,14.50000000,0.00000000
2019-09-03T02:50:00,2019,9,3,2,50,0.00000000,14.45000000,14.45000000,0.00000000
2019-09-03T03:00:00,2019,9,3,3,0,0.00000000,14.40000000,14.40000000,0.00000000
2019-09-03T03:10:00,2019,9,3,3,10,0.00000000,14.41666667,14.41666667,0.00000000
2019-09-03T03:20:00,2019,9,3,3,20,0.00000000,14.43333333,14.43333333,0.00000000
2019-09-03T03:30:00,2019,9,3,3,30,0.00000000,14.45000000,14.45000000,0.00000000
2019-09-03T03:40:00,2019,9,3,3,40,0.00000000,14.46666667,14.46666667,0.00000000
2019-09-03T03:50:00,2019,9,3,3,50,0.00000000,14.48333333,14.48333333,0.00000000
2019-09-03T04:00:00,2019,9,3,4,0,0.00000000,14.50000000,14.50000000,0.00000000
2019-09-03T04:10:00,2019,9,3,4,10,0.00000000,14.41666667,14.41666667,0.00000000
2019-09-03T04:20:00,2019,9,3,4,20,0.00000000,14.33333333,14.33333333,0.00000000
2019-09-03T04:30:00,2019,9,3,4,30,0.00000000,14.25000000,14.25000000,0.00000000
2019-09-03T04:40:00,2019,9,3,4,40,0.00000000,14.16666667,14.16666667,0.00000000
2019-09-03T04:50:00,2019,9,3,4,50,0.00000000,14.08333333,14.08333333,0.00000000
2019-09-03T05:00:00,2019,9,3,5,0,0.00000000,14.00000000,14.00000000,0.00000000
2019-09-03T05:10:00,2019,9,3,5,10,0.00500000,14.08333333,14.25833333,0.00524706
2019-09-03T05:20:00,2019,9,3,5,20,0.01000000,14.16666667,14.51666667,0.01048223
2019-09-03T05:30:00,2019,9,3,5,30,0.01500000,14.25000000,14.77500000,0.01570553
2019-09-03T05:40:00,2019,9,3,5,40,0.02000000,14.33333333,15.03333333,0.02091693
2019-09-03T05:50:00,2019,9,3,5,50,0.02500000,14.41666667,15.29166667,0.02611646
2019-09-03T06:00:00,2019,9,3,6,0,0.03000000,14.50000000,15.55000000,0.03130410
2019-09-03T06:10:00,2019,9,3,6,10,0.04083333,14.63333333,16.06250000,0.04251209
2019-09-03T06:20:00,2019,9,3,6,20,0.05166667,14.76666667,16.57500000,0.05366901
2019-09-03T06:30:00,2019,9,3,6,30,0.06250000,14.90000000,17.08750000,0.06477484
2019-09-03T06:40:00,2019,9,3,6,40,0.07333333,15.03333333,17.60000000,0.07582960
2019-09-03T06:50:00,2019,9,3,6,50,0.08416667,15.16666667,18.11250000,0.08683328
2019-09-03T07:00:00,2019,9,3,7,0,0.09500000,15.30000000,18.62500000,0.09778588
2019-09-03T07:10:00,2019,9,3,7,10,0.12650000,15.46666667,19.89416667,0.12947108
2019-09-03T07:20:00,2019,9,3,7,20,0.15800000,15.63333333,21.16333333,0.16078849
2019-09-03T07:30:00,2019,9,3,7,30,0.18950000,15.80000000,22.43250000,0.19173809
2019-09-03T07:40:00,2019,9,3,7,40,0.22100000,15.96666667,23.70166667,0.22231989
2019-09-03T07:50:00,2019,9,3,7,50,0.25250000,16.13333333,24.97083333,0.25253388
2019-09-03T08:00:00,2019,9,3,8,0,0.28400000,16.30000000,26.24000000,0.28238006
2019-09-03T08:10:00,2019,9,3,8,10,0.33350000,16.56666667,28.23916667,0.32853079
2019-09-03T08:20:00,2019,9,3,8,20,0.38300000,16.83333333,30.23833333,0.37377110
2019-09-03T08:30:00,2019,9,3,8,30,0.43250000,17.10000000,32.23750000,0.41810099
2019-09-03T08:40:00,2019,9,3,8,40,0.48200000,17.36666667,34.23666667,0.46152046
2019-09-03T08:50:00,2019,9,3,8,50,0.53150000,17.63333333,36.23583333,0.50402951
2019-09-03T09:00:00,2019,9,3,9,0,0.58100000,17.90000000,38.23500000,0.54562814
2019-09-03T09:10:00,2019,9,3,9,10,0.60733333,18.31666667,39.57333333,0.56661933
2019-09-03T09:20:00,2019,9,3,9,20,0.63366667,18.73333333,40.91166667,0.58728628
2019-09-03T09:30:00,2019,9,3,9,30,0.66000000,19.15000000,42.25000000,0.60762900
2019-09-03T09:40:00,2019,9,3,9,40,0.68633333,19.56666667,43.58833333,0.62764749
2019-09-03T09:50:00,2019,9,3,9,50,0.71266667,19.98333333,44.92666667,0.64734174
2019-09-03T10:00:00,2019,9,3,10,0,0.73900000,20.40000000,46.26500000,0.66671176
2019-09-03T10:10:00,2019,9,3,10,10,0.69533333,20.60000000,44.93666667,0.63156524
2019-09-03T10:20:00,2019,9,3,10,20,0.65166667,20.80000000,43.60833333,0.59588509
2019-09-03T10:30:00,2019,9,3,10,30,0.60800000,21.00000000,42.28000000,0.55967130
2019-09-03T10:40:00,2019,9,3,10,40,0.56433333,21.20000000,40.95166667,0.52292387
2019-09-03T10:50:00,2019,9,3,10,50,0.52066667,21.40000000,39.62333333,0.48564281
2019-09-03T11:00:00,2019,9,3,11,0,0.47700000,21.60000000,38.29500000,0.44782811
2019-09-03T11:10:00,2019,9,3,11,10,0.45250000,21.43333333,37.27083333,0.42695826
2019-09-03T11:20:00,2019,9,3,11,20,0.42800000,21.26666667,36.24666667,0.40585756
2019-09-03T11:30:00,2019,9,3,11,30,0.40350000,21.10000000,35.22250000,0.38452602
2019-09-03T11:40:00,2019,9,3,11,40,0.37900000,20.93333333,34.19833333,0.36296363
2019-09-03T11:50:00,2019,9,3,11,50,0.35450000,20.76666667,33.17416667,0.34117039
2019-09-03T12:00:00,2019,9,3,12,0,0.33000000,20.60000000,32.15000000,0.31914630
2019-09-03T12:10:00,2019,9,3,12,10,0.40200000,20.36666667,34.43666667,0.38454972
2019-09-03T12:20:00,2019,9,3,12,20,0.47400000,20.13333333,36.72333333,0.44843844
2019-09-03T12:30:00,2019,9,3,12,30,0.54600000,19.90000000,39.01000000,0.51081248
2019-09-03T12:40:00,2019,9,3,12,40,0.61800000,19.66666667,41.29666667,0.57167184
2019-09-03T12:50:00,2019,9,3,12,50,0.69000000,19.43333333,43.58333333,0.63101650
2019-09-03T13:00:00,2019,9,3,13,0,0.76200000,19.20000000,45.87000000,0.68884648
2019-09-03T13:10:00,2019,9,3,13,10,0.71966667,19.71666667,44.90500000,0.65377183
2019-09-03T13:20:00,2019,9,3,13,20,0.67733333,20.23333333,43.94000000,0.61832134
2019-09-03T13:30:00,2019,9,3,13,30,0.63500000,20.75000000,42.97500000,0.58249503
2019-09-03T13:40:00,2019,9,3,13,40,0.59266667,21.26666667,42.01000000,0.54629287
2019-09-03T13:50:00,2019,9,3,13,50,0.55033333,21.78333333,41.04500000,0.50971488
2019-09-03T14:00:00,2019,9,3,14,0,0.50800000,22.30000000,40.08000000,0.47276106
2019-09-03T14:10:00,2019,9,3,14,10,0.44550000,22.03333333,37.62583333,0.41962588
2019-09-03T14:20:00,2019,9,3,14,20,0.38300000,21.76666667,35.17166667,0.36507956
2019-09-03T14:30:00,2019,9,3,14,30,0.32050000,21.50000000,32.71750000,0.30912209
2019-09-03T14:40:00,2019,9,3,14,40,0.25800000,21.23333333,30.26333333,0.25175348
2019-09-03T14:50:00,2019,9,3,14,50,0.19550000,20.96666667,27.80916667,0.19297372
2019-09-03T15:00:00,2019,9,3,15,0,0.13300000,20.70000000,25.35500000,0.13278281
2019-09-03T15:10:00,2019,9,3,15,10,0.12133333,20.26666667,24.51333333,0.12160496
2019-09-03T15:20:00,2019,9,3,15,20,0.10966667,19.83333333,23.67166667,0.11033677
2019-09-03T15:30:00,2019,9,3,15,30,0.09800000,19.40000000,22.83000000,0.09897824
2019-09-03T15:40:00,2019,9,3,15,40,0.08633333,18.96666667,21.98833333,0.08752937
2019-09-03T15:50:00,2019,9,3,15,50,0.07466667,18.53333333,21.14666667,0.07599016
2019-09-03T16:00:00,2019,9,3,16,0,0.06300000,18.10000000,20.30500000,0.06436061
2019-09-03T16:10:00,2019,9,3,16,10,0.05816667,17.98333333,20.01916667,0.05949937
2019-09-03T16:20:00,2019,9,3,16,20,0.05333333,17.86666667,19.73333333,0.05462542
2019-09-03T16:30:00,2019,9,3,16,30,0.04850000,17.75000000,19.44750000,0.04973876
2019-09-03T16:40:00,2019,9,3,16,40,0.04366667,17.63333333,19.16166667,0.04483939
2019-09-03T16:50:00,2019,9,3,16,50,0.03883333,17.51666667,18.87583333,0.03992731
2019-09-03T17:00:00,2019,9,3,17,0,0.03400000,17.40000000,18.59000000,0.03500252
2019-09-03T17:10:00,2019,9,3,17,10,0.02833333,17.36666667,18.35833333,0.02919896
2019-09-03T17:20:00,2019,9,3,17,20,0.02266667,17.33333333,18.12666667,0.02338333
2019-09-03T17:30:00,2019,9,3,17,30,0.01700000,17.30000000,17.89500000,0.01755561
2019-09-03T17:40:00,2019,9,3,17,40,0.01133333,17.26666667,17.66333333,0.01171582
2019-09-03T17:50:00,2019,9,3,17,50,0.00566667,17.23333333,17.43166667,0.00586395
2019-09-03T18:00:00,2019,9,3,18,0,0.00000000,17.20000000,17.20000000,0.00000000
2019-09-03T18:10:00,2019,9,3,18,10,0.00000000,17.05000000,17.05000000,0.00000000
2019-09-03T18:20:00,2019,9,3,18,20,0.00000000,16.90000000,16.90000000,0.00000000
2019-09-03T18:30:00,2019,9,3,18,30,0.00000000,16.75000000,16.75000000,0.00000000
2019-09-03T18:40:00,2019,9,3,18,40,0.00000000,16.60000000,16.60000000,0.00000000
2019-09-03T18:50:00,2019,9,3,18,50,0.00000000,16.45000000,16.45000000,0.00000000
2019-09-03T19:00:00,2019,9,3,19,0,0.00000000,16.30000000,16.30000000,0.00000000
2019-09-03T19:10:00,2019,9,3,19,10,0.00000000,16.28333333,16.28333333,0.00000000
2019-09-03T19:20:00,2019,9,3,19,20,0.00000000,16.26666667,16.26666667,0.00000000
2019-09-03T19:30:00,2019,9,3,19,30,0.00000000,16.25000000,16.25000000,0.00000000
2019-09-03T19:40:00,2019,9,3,19,40,0.00000000,16.23333333,16.23333333,0.00000000
2019-09-03T19:50:00,2019,9,3,19,50,0.00000000,16.21666667,16.21666667,0.00000000
2019-09-03T20:00:00,2019,9,3,20,0,0.00000000,16.20000000,16.20000000,0.00000000
2019-09-03T20:10:00,2019,9,3,20,10,0.00000000,16.06666667,16.06666667,0.00000000
2019-09-03T20:20:00,2019,9,3,20,20,0.00000000,15.93333333,15.93333333,0.00000000
2019-09-03T20:30:00,2019,9,3,20,30,0.00000000,15.80000000,15.80000000,0.00000000
2019-09-03T20:40:00,2019,9,3,20,40,0.00000000,15.66666667,15.66666667,0.00000000
2019-09-03T20:50:00,2019,9,3,20,50,0.00000000,15.53333333,15.53333333,0.00000000
2019-09-03T21:00:00,2019,9,3,21,0,0.00000000,15.40000000,15.40000000,0.00000000
2019-09-03T21:10:00,2019,9,3,21,10,0.00000000,15.33333333,15.33333333,0.00000000
2019-09-03T21:20:00,2019,9,3,21,20,0.00000000,15.26666667,15.26666667,0.00000000
2019-09-03T21:30:00,2019,9,3,21,30,0.00000000,15.20000000,15.20000000,0.00000000
2019-09-03T21:40:00,2019,9,3,21,40,0.00000000,15.13333333,15.13333333,0.00000000
2019-09-03T21:50:00,2019,9,3,21,50,0.00000000,15.06666667,15.06666667,0.00000000
2019-09-03T22:00:00,2019,9,3,22,0,0.00000000,15.00000000,15.00000000,0.00000000
2019-09-03T22:10:00,2019,9,3,22,10,0.00000000,15.08333333,15.08333333,0.00000000
2019-09-03T22:20:00,2019,9,3,22,20,0.00000000,15.16666667,15.16666667,0.00000000
2019-09-03T22:30:00,2019,9,3,22,30,0.00000000,15.25000000,15.25000000,0.00000000
2019-09-03T22:40:00,2019,9,3,22,40,0.00000000,15.33333333,15.33333333,0.00000000
2019-09-03T22:50:00,2019,9,3,22,50,0.00000000,15.41666667,15.41666667,0.00000000
2019-09-03T23:00:00,2019,9,3,23,0,0.00000000,15.50000000,15.50000000,0.00000000
2019-09-03T23:10:00,2019,9,3,23,10,0.00000000,15.13333333,15.13333333,0.00000000
2019-09-03T23:20:00,2019,9,3,23,20,0.00000000,14.76666667,14.76666667,0.00000000
2019-09-03T23:30:00,2019,9,3,23,30,0.00000000,14.40000000,14.40000000,0.00000000
2019-09-03T23:40:00,2019,9,3,23,40,0.00000000,14.03333333,14.03333333,0.00000000
2019-09-03T23:50:00,2019,9,3,23,50,0.00000000,13.66666667,13.66666667,0.00000000
2019-09-04T00:00:00,2019,9,4,0,0,0.00000000,13.30000000,13.30000000,0.00000000
2019-09-04T00:10:00,2019,9,4,0,10,0.00000000,13.31666667,13.31666667,0.00000000
2019-09-04T00:20:00,2019,9,4,0,20,0.00000000,13.33333333,13.33333333,0.00000000
2019-09-04T00:30:00,2019,9,4,0,30,0.00000000,13.35000000,13.35000000,0.00000000
2019-09-04T00:40:00,2019,9,4,0,40,0.00000000,13.36666667,13.36666667,0.00000000
2019-09-04T00:50:00,2019,9,4,0,50,0.00000000,13.38333333,13.38333333,0.00000000
2019-09-04T01:00:00,2019,9,4,1,0,0.00000000,13.40000000,13.40000000,0.00000000
2019-09-04T01:10:00,2019,9,4,1,10,0.00000000,13.36666667,13.36666667,0.00000000
2019-09-04T01:20:00,2019,9,4,1,20,0.00000000,13.33333333,13.33333333,0.00000000
2019-09-04T01:30:00,2019,9,4,1,30,0.00000000,13.30000000,13.30000000,0.00000000
2019-09-04T01:40:00,2019,9,4,1,40,0.00000000,13.26666667,13.26666667,0.00000000
2019-09-04T01:50:00,2019,9,4,1,50,0.00000000,13.23333333,13.23333333,0.00000000
2019-09-04T02:00:00,2019,9,4,2,0,0.00000000,13.20000000,13.20000000,0.00000000
2019-09-04T02:10:00,2019,9,4,2,10,0.00000000,13.16666667,13.16666667,0.00000000
2019-09-04T02:20:00,2019,9,4,2,20,0.00000000,13.13333333,13.13333333,0.00000000
2019-09-04T02:30:00,2019,9,4,2,30,0.00000000,13.10000000,13.10000000,0.00000000
2019-09-04T02:40:00,2019,9,4,2,40,0.00000000,13.06666667,13.06666667,0.00000000
2019-09-04T02:50:00,2019,9,4,2,50,0.00000000,13.03333333,13.03333333,0.00000000
2019-09-04T03:00:00,2019,9,4,3,0,0.00000000,13.00000000,13.00000000,0.00000000
2019-09-04T03:10:00,2019,9,4,3,10,0.00000000,12.98333333,12.98333333,0.00000000
2019-09-04T03:20:00,2019,9,4,3,20,0.00000000,12.96666667,12.96666667,0.00000000
2019-09-04T03:30:00,2019,9,4,3,30,0.00000000,12.95000000,12.95000000,0.00000000
2019-09-04T03:40:00,2019,9,4,3,40,0.00000000,12.93333333,12.93333333,0.00000000
2019-09-04T03:50:00,2019,9,4,3,50,0.00000000,12.91666667,12.91666667,0.00000000
2019-09-04T04:00:00,2019,9,4,4,0,0.00000000,12.90000000,12.90000000,0.00000000
2019-09-04T04:10:00,2019,9,4,4,10,0.00000000,12.78333333,12.78333333,0.00000000
2019-09-04T04:20:00,2019,9,4,4,20,0.00000000,12.66666667,12.66666667,0.00000000
2019-09-04T04:30:00,2019,9,4,4,30,0.00000000,12.55000000,12.55000000,0.00000000
2019-09-04T04:40:00,2019,9,4,4,40,0.00000000,12.43333333,12.43333333,0.00000000
2019-09-04T04:50:00,2019,9,4,4,50,0.00000000,12.31666667,12.31666667,0.00000000
2019-09-04T05:00:00,2019,9,4,5,0,0.00000000,12.20000000,12.20000000,0.00000000
2019-09-04T05:10:00,2019,9,4,5,10,0.00716667,12.21666667,12.46750000,0.00757982
2019-09-04T05:20:00,2019,9,4,5,20,0.01433333,12.23333333,12.73500000,0.01514201
2019-09-04T05:30:00,2019,9,4,5,30,0.02150000,12.25000000,13.00250000,0.02268655
2019-09-04T05:40:00,2019,9,4,5,40,0.02866667,12.26666667,13.27000000,0.03021346
2019-09-04T05:50:00,2019,9,4,5,50,0.03583333,12.28333333,13.53750000,0.03772274
2019-09-04T06:00:00,2019,9,4,6,0,0.04300000,12.30000000,13.80500000,0.04521437
2019-09-04T06:10:00,2019,9,4,6,10,0.07766667,12.71666667,15.43500000,0.08108392
2019-09-04T06:20:00,2019,9,4,6,20,0.11233333,13.13333333,17.06500000,0.11643361
2019-09-04T06:30:00,2019,9,4,6,30,0.14700000,13.55000000,18.69500000,0.15126344
2019-09-04T06:40:00,2019,9,4,6,40,0.18166667,13.96666667,20.32500000,0.18557341
2019-09-04T06:50:00,2019,9,4,6,50,0.21633333,14.38333333,21.95500000,0.21936351
2019-09-04T07:00:00,2019,9,4,7,0,0.25100000,14.80000000,23.58500000,0.25263376
2019-09-04T07:10:00,2019,9,4,7,10,0.28533333,15.21666667,25.20333333,0.28506645
2019-09-04T07:20:00,2019,9,4,7,20,0.31966667,15.63333333,26.82166667,0.31698797
2019-09-04T07:30:00,2019,9,4,7,30,0.35400000,16.05000000,28.44000000,0.34839830
2019-09-04T07:40:00,2019,9,4,7,40,0.38833333,16.46666667,30.05833333,0.37929746
2019-09-04T07:50:00,2019,9,4,7,50,0.42266667,16.88333333,31.67666667,0.40968545
2019-09-04T08:00:00,2019,9,4,8,0,0.45700000,17.30000000,33.29500000,0.43956225
2019-09-04T08:10:00,2019,9,4,8,10,0.47333333,17.61666667,34.18333333,0.45333816
2019-09-04T08:20:00,2019,9,4,8,20,0.48966667,17.93333333,35.07166667,0.46698057
2019-09-04T08:30:00,2019,9,4,8,30,0.50600000,18.25000000,35.96000000,0.48048950
2019-09-04T08:40:00,2019,9,4,8,40,0.52233333,18.56666667,36.84833333,0.49386495
2019-09-04T08:50:00,2019,9,4,8,50,0.53866667,18.88333333,37.73666667,0.50710690
2019-09-04T09:00:00,2019,9,4,9,0,0.55500000,19.20000000,38.62500000,0.52021538
2019-09-04T09:10:00,2019,9,4,9,10,0.59200000,19.46666667,40.18666667,0.55064367
2019-09-04T09:20:00,2019,9,4,9,20,0.62900000,19.73333333,41.74833333,0.58054037
2019-09-04T09:30:00,2019,9,4,9,30,0.66600000,20.00000000,43.31000000,0.60990548
2019-09-04T09:40:00,2019,9,4,9,40,0.70300000,20.26666667,44.87166667,0.63873900
2019-09-04T09:50:00,2019,9,4,9,50,0.74000000,20.53333333,46.43333333,0.66704093
2019-09-04T10:00:00,2019,9,4,10,0,0.77700000,20.80000000,47.99500000,0.69481127
2019-09-04T10:10:00,2019,9,4,10,10,0.80166667,21.16666667,49.22500000,0.71233294
2019-09-04T10:20:00,2019,9,4,10,20,0.82633333,21.53333333,50.45500000,0.72957548
2019-09-04T10:30:00,2019,9,4,10,30,0.85100000,21.90000000,51.68500000,0.74653890
2019-09-04T10:40:00,2019,9,4,10,40,0.87566667,22.26666667,52.91500000,0.76322319
2019-09-04T10:50:00,2019,9,4,10,50,0.90033333,22.63333333,54.14500000,0.77962834
2019-09-04T11:00:00,2019,9,4,11,0,0.92500000,23.00000000,55.37500000,0.79575438
2019-09-04T11:10:00,2019,9,4,11,10,0.90500000,23.23333333,54.90833333,0.78049161
2019-09-04T11:20:00,2019,9,4,11,20,0.88500000,23.46666667,54.44166667,0.76514298
2019-09-04T11:30:00,2019,9,4,11,30,0.86500000,23.70000000,53.97500000,0.74970848
2019-09-04T11:40:00,2019,9,4,11,40,0.84500000,23.93333333,53.50833333,0.73418811
2019-09-04T11:50:00,2019,9,4,11,50,0.82500000,24.16666667,53.04166667,0.71858188
2019-09-04T12:00:00,2019,9,4,12,0,0.80500000,24.40000000,52.57500000,0.70288978
2019-09-04T12:10:00,2019,9,4,12,10,0.78116667,24.38333333,51.72416667,0.68513694
2019-09-04T12:20:00,2019,9,4,12,20,0.75733333,24.36666667,50.87333333,0.66719754
2019-09-04T12:30:00,2019,9,4,12,30,0.73350000,24.35000000,50.02250000,0.64907158
2019-09-04T12:40:00,2019,9,4,12,40,0.70966667,24.33333333,49.17166667,0.63075907
2019-09-04T12:50:00,2019,9,4,12,50,0.68583333,24.31666667,48.32083333,0.61225999
2019-09-04T13:00:00,2019,9,4,13,0,0.66200000,24.30000000,47.47000000,0.59357436
2019-09-04T13:10:00,2019,9,4,13,10,0.63950000,24.13333333,46.51583333,0.57620687
2019-09-04T13:20:00,2019,9,4,13,20,0.61700000,23.96666667,45.56166667,0.55864188
2019-09-04T13:30:00,2019,9,4,13,30,0.59450000,23.80000000,44.60750000,0.54087937
2019-09-04T13:40:00,2019,9,4,13,40,0.57200000,23.63333333,43.65333333,0.52291935
2019-09-04T13:50:00,2019,9,4,13,50,0.54950000,23.46666667,42.69916667,0.50476182
2019-09-04T14:00:00,2019,9,4,14,0,0.52700000,23.30000000,41.74500000,0.48640677
2019-09-04T14:10:00,2019,9,4,14,10,0.49700000,23.23333333,40.62833333,0.46127050
2019-09-04T14:20:00,2019,9,4,14,20,0.46700000,23.16666667,39.51166667,0.43582604
2019-09-04T14:30:00,2019,9,4,14,30,0.43700000,23.10000000,38.39500000,0.41007337
2019-09-04T14:40:00,2019,9,4,14,40,0.40700000,23.03333333,37.27833333,0.38401250
2019-09-04T14:50:00,2019,9,4,14,50,0.37700000,22.96666667,36.16166667,0.35764344
2019-09-04T15:00:00,2019,9,4,15,0,0.34700000,22.90000000,35.04500000,0.33096617
2019-09-04T15:10:00,2019,9,4,15,10,0.32333333,22.56666667,33.88333333,0.31012086
2019-09-04T15:20:00,2019,9,4,15,20,0.29966667,22.23333333,32.72166667,0.28902261
2019-09-04T15:30:00,2019,9,4,15,30,0.27600000,21.90000000,31.56000000,0.26767142
2019-09-04T15:40:00,2019,9,4,15,40,0.25233333,21.56666667,30.39833333,0.24606731
2019-09-04T15:50:00,2019,9,4,15,50,0.22866667,21.23333333,29.23666667,0.22421026
2019-09-04T16:00:00,2019,9,4,16,0,0.20500000,20.90000000,28.07500000,0.20210027
2019-09-04T16:10:00,2019,9,4,16,10,0.17916667,20.65000000,26.92083333,0.17758358
2019-09-04T16:20:00,2019,9,4,16,20,0.15333333,20.40000000,25.76666667,0.15279258
2019-09-04T16:30:00,2019,9,4,16,30,0.12750000,20.15000000,24.61250000,0.12772727
2019-09-04T16:40:00,2019,9,4,16,40,0.10166667,19.90000000,23.45833333,0.10238765
2019-09-04T16:50:00,2019,9,4,16,50,0.07583333,19.65000000,22.30416667,0.07677373
2019-09-04T17:00:00,2019,9,4,17,0,0.05000000,19.40000000,21.15000000,0.05088550
2019-09-04T17:10:00,2019,9,4,17,10,0.04166667,19.25000000,20.70833333,0.04248924
2019-09-04T17:20:00,2019,9,4,17,20,0.03333333,19.10000000,20.26666667,0.03405911
2019-09-04T17:30:00,2019,9,4,17,30,0.02500000,18.95000000,19.82500000,0.02559513
2019-09-04T17:40:00,2019,9,4,17,40,0.01666667,18.80000000,19.38333333,0.01709728
2019-09-04T17:50:00,2019,9,4,17,50,0.00833333,18.65000000,18.94166667,0.00856557
2019-09-04T18:00:00,2019,9,4,18,0,0.00000000,18.50000000,18.50000000,0.00000000
2019-09-04T18:10:00,2019,9,4,18,10,0.00000000,18.25000000,18.25000000,0.00000000
2019-09-04T18:20:00,2019,9,4,18,20,0.00000000,18.00000000,18.00000000,0.00000000
2019-09-04T18:30:00,2019,9,4,18,30,0.00000000,17.75000000,17.75000000,0.00000000
2019-09-04T18:40:00,2019,9,4,18,40,0.00000000,17.50000000,17.50000000,0.00000000
2019-09-04T18:50:00,2019,9,4,18,50,0.00000000,17.25000000,17.25000000,0.00000000
2019-09-04T19:00:00,2019,9,4,19,0,0.00000000,17.00000000,17.00000000,0.00000000
2019-09-04T19:10:00,2019,9,4,19,10,0.00000000,16.90000000,16.90000000,0.00000000
2019-09-04T19:20:00,2019,9,4,19,20,0.00000000,16.80000000,16.80000000,0.00000000
2019-09-04T19:30:00,2019,9,4,19,30,0.00000000,16.70000000,16.70000000,0.00000000
2019-09-04T19:40:00,2019,9,4,19,40,0.00000000,16.60000000,16.60000000,0.00000000
2019-09-04T19:50:00,2019,9,4,19,50,0.00000000,16.50000000,16.50000000,0.00000000
2019-09-04T20:00:00,2019,9,4,20,0,0.00000000,16.40000000,16.40000000,0.00000000
2019-09-04T20:10:00,2019,9,4,20,10,0.00000000,16.38333333,16.38333333,0.00000000
2019-09-04T20:20:00,2019,9,4,20,20,0.00000000,16.36666667,16.36666667,0.00000000
2019-09-04T20:30:00,2019,9,4,20,30,0.00000000,16.35000000,16.35000000,0.00000000
2019-09-04T20:40:00,2019,9,4,20,40,0.00000000,16.33333333,16.33333333,0.00000000
2019-09-04T20:50:00,2019,9,4,20,50,0.00000000,16.31666667,16.31666667,0.00000000
2019-09-04T21:00:00,2019,9,4,21,0,0.00000000,16.30000000,16.30000000,0.00000000
2019-09-04T21:10:00,2019,9,4,21,10,0.00000000,16.16666667,16.16666667,0.00000000
2019-09-04T21:20:00,2019,9,4,21,20,0.00000000,16.03333333,16.03333333,0.00000000
2019-09-04T21:30:00,2019,9,4,21,30,0.00000000,15.90000000,15.90000000,0.00000000
2019-09-04T21:40:00,2019,9,4,21,40,0.00000000,15.76666667,15.76666667,0.00000000
2019-09-04T21:50:00,2019,9,4,21,50,0.00000000,15.63333333,15.63333333,0.00000000
2019-09-04T22:00:00,2019,9,4,22,0,0.00000000,15.50000000,15.50000000,0.00000000
2019-09-04T22:10:00,2019,9,4,22,10,0.00000000,15.40000000,15.40000000,0.00000000
2019-09-04T22:20:00,2019,9,4,22,20,0.00000000,15.30000000,15.30000000,0.00000000
2019-09-04T22:30:00,2019,9,4,22,30,0.00000000,15.20000000,15.20000000,0.00000000
2019-09-04T22:40:00,2019,9,4,22,40,0.00000000,15.10000000,15.10000000,0.00000000
2019-09-04T22:50:00,2019,9,4,22,50,0.00000000,15.00000000,15.00000000,0.00000000
2019-09-04T23:00:00,2019,9,4,23,0,0.00000000,14.90000000,14.90000000,0.00000000
2019-09-04T23:10:00,2019,9,4,23,10,0.00000000,14.90000000,14.90000000,0.00000000
2019-09-04T23:20:00,2019,9,4,23,20,0.00000000,14.90000000,14.90000000,0.00000000
2019-09-04T23:30:00,2019,9,4,23,30,0.00000000,14.90000000,14.90000000,0.00000000
2019-09-04T23:40:00,2019,9,4,23,40,0.00000000,14.90000000,14.90000000,0.00000000
2019-09-04T23:50:00,2019,9,4,23,50,0.00000000,14.90000000,14.90000000,0.00000000
2019-09-05T00:00:00,2019,9,5,0,0,0.00000000,14.90000000,14.90000000,0.00000000
2019-09-05T00:10:00,2019,9,5,0,10,0.00000000,15.13333333,15.13333333,0.00000000
2019-09-05T00:20:00,2019,9,5,0,20,0.00000000,15.36666667,15.36666667,0.00000000
2019-09-05T00:30:00,2019,9,5,0,30,0.00000000,15.60000000,15.60000000,0.00000000
2019-09-05T00:40:00,2019,9,5,0,40,0.00000000,15.83333333,15.83333333,0.00000000
2019-09-05T00:50:00,2019,9,5,0,50,0.00000000,16.06666667,16.06666667,0.00000000
2019-09-05T01:00:00,2019,9,5,1,0,0.00000000,16.30000000,16.30000000,0.00000000
2019-09-05T01:10:00,2019,9,5,1,10,0.00000000,16.31666667,16.31666667,0.00000000
2019-09-05T01:20:00,2019,9,5,1,20,0.00000000,16.33333333,16.33333333,0.00000000
2019-09-05T01:30:00,2019,9,5,1,30,0.00000000,16.35000000,16.35000000,0.00000000
2019-09-05T01:40:00,2019,9,5,1,40,0.00000000,16.36666667,16.36666667,0.00000000
2019-09-05T01:50:00,2019,9,5,1,50,0.00000000,16.38333333,16.38333333,0.00000000
2019-09-05T02:00:00,2019,9,5,2,0,0.00000000,16.40000000,16.40000000,0.00000000
2019-09-05T02:10:00,2019,9,5,2,10,0.00000000,16.46666667,16.46666667,0.00000000
2019-09-05T02:20:00,2019,9,5,2,20,0.00000000,16.53333333,16.53333333,0.00000000
2019-09-05T02:30:00,2019,9,5,2,30,0.00000000,16.60000000,16.60000000,0.00000000
2019-09-05T02:40:00,2019,9,5,2,40,0.00000000,16.66666667,16.66666667,0.00000000
2019-09-05T02:50:00,2019,9,5,2,50,0.00000000,16.73333333,16.73333333,0.00000000
2019-09-05T03:00:00,2019,9,5,3,0,0.00000000,16.80000000,16.80000000,0.00000000
2019-09-05T03:10:00,2019,9,5,3,10,0.00000000,16.73333333,16.73333333,0.00000000
2019-09-05T03:20:00,2019,9,5,3,20,0.00000000,16.66666667,16.66666667,0.00000000
2019-09-05T03:30:00,2019,9,5,3,30,0.00000000,16.60000000,16.60000000,0.00000000
2019-09-05T03:40:00,2019,9,5,3,40,0.00000000,16.53333333,16.53333333,0.00000000
2019-09-05T03:50:00,2019,9,5,3,50,0.00000000,16.46666667,16.46666667,0.00000000
2019-09-05T04:00:00,2019,9,5,4,0,0.00000000,16.40000000,16.40000000,0.00000000
2019-09-05T04:10:00,2019,9,5,4,10,0.00000000,16.38333333,16.38333333,0.00000000
2019-09-05T04:20:00,2019,9,5,4,20,0.00000000,16.36666667,16.36666667,0.00000000
2019-09-05T04:30:00,2019,9,5,4,30,0.00000000,16.35000000,16.35000000,0.00000000
2019-09-05T04:40:00,2019,9,5,4,40,0.00000000,16.33333333,16.33333333,0.00000000
2019-09-05T04:50:00,2019,9,5,4,50,0.00000000,16.31666667,16.31666667,0.00000000
2019-09-05T05:00:00,2019,9,5,5,0,0.00000000,16.30000000,16.30000000,0.00000000
2019-09-05T05:10:00,2019,9,5,5,10,0.00383333,16.21666667,16.35083333,0.00398585
2019-09-05T05:20:00,2019,9,5,5,20,0.00766667,16.13333333,16.40166667,0.00796990
2019-09-05T05:30:00,2019,9,5,5,30,0.01150000,16.05000000,16.45250000,0.01195216
2019-09-05T05:40:00,2019,9,5,5,40,0.01533333,15.96666667,16.50333333,0.01593263
2019-09-05T05:50:00,2019,9,5,5,50,0.01916667,15.88333333,16.55416667,0.01991131
2019-09-05T06:00:00,2019,9,5,6,0,0.02300000,15.80000000,16.60500000,0.02388819
2019-09-05T06:10:00,2019,9,5,6,10,0.02316667,15.91666667,16.72750000,0.02404824
2019-09-05T06:20:00,2019,9,5,6,20,0.02333333,16.03333333,16.85000000,0.02420810
2019-09-05T06:30:00,2019,9,5,6,30,0.02350000,16.15000000,16.97250000,0.02436777
2019-09-05T06:40:00,2019,9,5,6,40,0.02366667,16.26666667,17.09500000,0.02452726
2019-09-05T06:50:00,2019,9,5,6,50,0.02383333,16.38333333,17.21750000,0.02468655
2019-09-05T07:00:00,2019,9,5,7,0,0.02400000,16.50000000,17.34000000,0.02484566
2019-09-05T07:10:00,2019,9,5,7,10,0.05050000,16.61666667,18.38416667,0.05203686
2019-09-05T07:20:00,2019,9,5,7,20,0.07700000,16.73333333,19.42833333,0.07897348
2019-09-05T07:30:00,2019,9,5,7,30,0.10350000,16.85000000,20.47250000,0.10565554
2019-09-05T07:40:00,2019,9,5,7,40,0.13000000,16.96666667,21.51666667,0.13208303
2019-09-05T07:50:00,2019,9,5,7,50,0.15650000,17.08333333,22.56083333,0.15825596
2019-09-05T08:00:00,2019,9,5,8,0,0.18300000,17.20000000,23.60500000,0.18417431
2019-09-05T08:10:00,2019,9,5,8,10,0.17016667,17.45000000,23.40583333,0.17141453
2019-09-05T08:20:00,2019,9,5,8,20,0.15733333,17.70000000,23.20666667,0.15863123
2019-09-05T08:30:00,2019,9,5,8,30,0.14450000,17.95000000,23.00750000,0.14582441
2019-09-05T08:40:00,2019,9,5,8,40,0.13166667,18.20000000,22.80833333,0.13299409
2019-09-05T08:50:00,2019,9,5,8,50,0.11883333,18.45000000,22.60916667,0.12014024
2019-09-05T09:00:00,2019,9,5,9,0,0.10600000,18.70000000,22.41000000,0.10726288
2019-09-05T09:10:00,2019,9,5,9,10,0.16216667,18.48333333,24.15916667,0.16279390
2019-09-05T09:20:00,2019,9,5,9,20,0.21833333,18.26666667,25.90833333,0.21742106
2019-09-05T09:30:00,2019,9,5,9,30,0.27450000,18.05000000,27.65750000,0.27114437
2019-09-05T09:40:00,2019,9,5,9,40,0.33066667,17.83333333,29.40666667,0.32396383
2019-09-05T09:50:00,2019,9,5,9,50,0.38683333,17.61666667,31.15583333,0.37587944
2019-09-05T10:00:00,2019,9,5,10,0,0.44300000,17.40000000,32.90500000,0.42689119
2019-09-05T10:10:00,2019,9,5,10,10,0.41683333,18.20000000,32.78916667,0.40189813
2019-09-05T10:20:00,2019,9,5,10,20,0.39066667,19.00000000,32.67333333,0.37687718
2019-09-05T10:30:00,2019,9,5,10,30,0.36450000,19.80000000,32.55750000,0.35182834
2019-09-05T10:40:00,2019,9,5,10,40,0.33833333,20.60000000,32.44166667,0.32675162
2019-09-05T10:50:00,2019,9,5,10,50,0.31216667,21.40000000,32.32583333,0.30164701
2019-09-05T11:00:00,2019,9,5,11,0,0.28600000,22.20000000,32.21000000,0.27651452
2019-09-05T11:10:00,2019,9,5,11,10,0.29866667,21.85000000,32.30333333,0.28863286
2019-09-05T11:20:00,2019,9,5,11,20,0.31133333,21.50000000,32.39666667,0.30074032
2019-09-05T11:30:00,2019,9,5,11,30,0.32400000,21.15000000,32.49000000,0.31283690
2019-09-05T11:40:00,2019,9,5,11,40,0.33666667,20.80000000,32.58333333,0.32492261
2019-09-05T11:50:00,2019,9,5,11,50,0.34933333,20.45000000,32.67666667,0.33699744
2019-09-05T12:00:00,2019,9,5,12,0,0.36200000,20.10000000,32.77000000,0.34906140
2019-09-05T12:10:00,2019,9,5,12,10,0.40566667,20.35000000,34.54833333,0.38784884
2019-09-05T12:20:00,2019,9,5,12,20,0.44933333,20.60000000,36.32666667,0.42592187
2019-09-05T12:30:00,2019,9,5,12,30,0.49300000,20.85000000,38.10500000,0.46328048
2019-09-05T12:40:00,2019,9,5,12,40,0.53666667,21.10000000,39.88333333,0.49992468
2019-09-05T12:50:00,2019,9,5,12,50,0.58033333,21.35000000,41.66166667,0.53585446
2019-09-05T13:00:00,2019,9,5,13,0,0.62400000,21.60000000,43.44000000,0.57106982
2019-09-05T13:10:00,2019,9,5,13,10,0.60216667,22.15000000,43.22583333,0.55168172
2019-09-05T13:20:00,2019,9,5,13,20,0.58033333,22.70000000,43.01166667,0.53225059
2019-09-05T13:30:00,2019,9,5,13,30,0.55850000,23.25000000,42.79750000,0.51277644
2019-09-05T13:40:00,2019,9,5,13,40,0.53666667,23.80000000,42.58333333,0.49325928
2019-09-05T13:50:00,2019,9,5,13,50,0.51483333,24.35000000,42.36916667,0.47369909
2019-09-05T14:00:00,2019,9,5,14,0,0.49300000,24.90000000,42.15500000,0.45409589
2019-09-05T14:10:00,2019,9,5,14,10,0.46683333,24.68333333,41.02250000,0.43242608
2019-09-05T14:20:00,2019,9,5,14,20,0.44066667,24.46666667,39.89000000,0.41048364
2019-09-05T14:30:00,2019,9,5,14,30,0.41450000,24.25000000,38.75750000,0.38826857
2019-09-05T14:40:00,2019,9,5,14,40,0.38833333,24.03333333,37.62500000,0.36578088
2019-09-05T14:50:00,2019,9,5,14,50,0.36216667,23.81666667,36.49250000,0.34302054
2019-09-05T15:00:00,2019,9,5,15,0,0.33600000,23.60000000,35.36000000,0.31998758
2019-09-05T15:10:00,2019,9,5,15,10,0.29416667,23.15000000,33.44583333,0.28273805
2019-09-05T15:20:00,2019,9,5,15,20,0.25233333,22.70000000,31.53166667,0.24475181
2019-09-05T15:30:00,2019,9,5,15,30,0.21050000,22.25000000,29.61750000,0.20602887
2019-09-05T15:40:00,2019,9,5,15,40,0.16866667,21.80000000,27.70333333,0.16656924
2019-09-05T15:50:00,2019,9,5,15,50,0.12683333,21.35000000,25.78916667,0.12637291
2019-09-05T16:00:00,2019,9,5,16,0,0.08500000,20.90000000,23.87500000,0.08543987
2019-09-05T16:10:00,2019,9,5,16,10,0.07550000,20.30000000,22.94250000,0.07621457
2019-09-05T16:20:00,2019,9,5,16,20,0.06600000,19.70000000,22.01000000,0.06690776
2019-09-05T16:30:00,2019,9,5,16,30,0.05650000,19.10000000,21.07750000,0.05751946
2019-09-05T16:40:00,2019,9,5,16,40,0.04700000,18.50000000,20.14500000,0.04804965
2019-09-05T16:50:00,2019,9,5,16,50,0.03750000,17.90000000,19.21250000,0.03849834
2019-09-05T17:00:00,2019,9,5,17,0,0.02800000,17.30000000,18.28000000,0.02886554
2019-09-05T17:10:00,2019,9,5,17,10,0.02333333,17.10000000,17.91666667,0.02409361
2019-09-05T17:20:00,2019,9,5,17,20,0.01866667,16.90000000,17.55333333,0.01930609
2019-09-05T17:30:00,2019,9,5,17,30,0.01400000,16.70000000,17.19000000,0.01450296
2019-09-05T17:40:00,2019,9,5,17,40,0.00933333,16.50000000,16.82666667,0.00968424
2019-09-05T17:50:00,2019,9,5,17,50,0.00466667,16.30000000,16.46333333,0.00484992
2019-09-05T18:00:00,2019,9,5,18,0,0.00000000,16.10000000,16.10000000,0.00000000
2019-09-05T18:10:00,2019,9,5,18,10,0.00000000,16.11666667,16.11666667,0.00000000
2019-09-05T18:20:00,2019,9,5,18,20,0.00000000,16.13333333,16.13333333,0.00000000
2019-09-05T18:30:00,2019,9,5,18,30,0.00000000,16.15000000,16.15000000,0.00000000
2019-09-05T18:40:00,2019,9,5,18,40,0.00000000,16.16666667,16.16666667,0.00000000
2019-09-05T18:50:00,2019,9,5,18,50,0.00000000,16.18333333,16.18333333,0.00000000
2019-09-05T19:00:00,2019,9,5,19,0,0.00000000,16.20000000,16.20000000,0.00000000
2019-09-05T19:10:00,2019,9,5,19,10,0.00000000,16.15000000,16.15000000,0.00000000
2019-09-05T19:20:00,2019,9,5,19,20,0.00000000,16.10000000,16.10000000,0.00000000
2019-09-05T19:30:00,2019,9,5,19,30,0.00000000,16.05000000,16.05000000,0.00000000
2019-09-05T19:40:00,2019,9,5,19,40,0.00000000,16.00000000,16.00000000,0.00000000
2019-09-05T19:50:00,2019,9,5,19,50,0.00000000,15.95000000,15.95000000,0.00000000
2019-09-05T20:00:00,2019,9,5,20,0,0.00000000,15.90000000,15.90000000,0.00000000
2019-09-05T20:10:00,2019,9,5,20,10,0.00000000,15.78333333,15.78333333,0.00000000
2019-09-05T20:20:00,2019,9,5,20,20,0.00000000,15.66666667,15.66666667,0.00000000
2019-09-05T20:30:00,2019,9,5,20,30,0.00000000,15.55000000,15.55000000,0.00000000
2019-09-05T20:40:00,2019,9,5,20,40,0.00000000,15.43333333,15.43333333,0.00000000
2019-09-05T20:50:00,2019,9,5,20,50,0.00000000,15.31666667,15.31666667,0.00000000
2019-09-05T21:00:00,2019,9,5,21,0,0.00000000,15.20000000,15.20000000,0.00000000
2019-09-05T21:10:00,2019,9,5,21,10,0.00000000,15.11666667,15.11666667,0.00000000
2019-09-05T21:20:00,2019,9,5,21,20,0.00000000,15.03333333,15.03333333,0.00000000
2019-09-05T21:30:00,2019,9,5,21,30,0.00000000,14.95000000,14.95000000,0.00000000
2019-09-05T21:40:00,2019,9,5,21,40,0.00000000,14.86666667,14.86666667,0.00000000
2019-09-05T21:50:00,2019,9,5,21,50,0.00000000,14.78333333,14.78333333,0.00000000
2019-09-05T22:00:00,2019,9,5,22,0,0.00000000,14.70000000,14.70000000,0.00000000
2019-09-05T22:10:00,2019,9,5,22,10,0.00000000,14.76666667,14.76666667,0.00000000
2019-09-05T22:20:00,2019,9,5,22,20,0.00000000,14.83333333,14.83333333,0.00000000
2019-09-05T22:30:00,2019,9,5,22,30,0.00000000,14.90000000,14.90000000,0.00000000
2019-09-05T22:40:00,2019,9,5,22,40,0.00000000,14.96666667,14.96666667,0.00000000
2019-09-05T22:50:00,2019,9,5,22,50,0.00000000,15.03333333,15.03333333,0.00000000
2019-09-05T23:00:00,2019,9,5,23,0,0.00000000,15.10000000,15.10000000,0.00000000
2019-09-05T23:10:00,2019,9,5,23,10,0.00000000,15.26666667,15.26666667,0.00000000
2019-09-05T23:20:00,2019,9,5,23,20,0.00000000,15.43333333,15.43333333,0.00000000
2019-09-05T23:30:00,2019,9,5,23,30,0.00000000,15.60000000,15.60000000,0.00000000
2019-09-05T23:40:00,2019,9,5,23,40,0.00000000,15.76666667,15.76666667,0.00000000
2019-09-05T23:50:00,2019,9,5,23,50,0.00000000,15.93333333,15.93333333,0.00000000
2019-09-06T00:00:00,2019,9,6,0,0,0.00000000,16.10000000,16.10000000,0.00000000
2019-09-06T00:10:00,2019,9,6,0,10,0.00000000,16.11666667,16.11666667,0.00000000
2019-09-06T00:20:00,2019,9,6,0,20,0.00000000,16.13333333,16.13333333,0.00000000
2019-09-06T00:30:00,2019,9,6,0,30,0.00000000,16.15000000,16.15000000,0.00000000
2019-09-06T00:40:00,2019,9,6,0,40,0.00000000,16.16666667,16.16666667,0.00000000
2019-09-06T00:50:00,2019,9,6,0,50,0.00000000,16.18333333,16.18333333,0.00000000
2019-09-06T01:00:00,2019,9,6,1,0,0.00000000,16.20000000,16.20000000,0.00000000
2019-09-06T01:10:00,2019,9,6,1,10,0.00000000,16.30000000,16.30000000,0.00000000
2019-09-06T01:20:00,2019,9,6,1,20,0.00000000,16.40000000,16.40000000,0.00000000
2019-09-06T01:30:00,2019,9,6,1,30,0.00000000,16.50000000,16.50000000,0.00000000
2019-09-06T01:40:00,2019,9,6,1,40,0.00000000,16.60000000,16.60000000,0.00000000
2019-09-06T01:50:00,2019,9,6,1,50,0.00000000,16.70000000,16.70000000,0.00000000
2019-09-06T02:00:00,2019,9,6,2,0,0.00000000,16.80000000,16.80000000,0.00000000
2019-09-06T02:10:00,2019,9,6,2,10,0.00000000,16.71666667,16.71666667,0.00000000
2019-09-06T02:20:00,2019,9,6,2,20,0.00000000,16.63333333,16.63333333,0.00000000
2019-09-06T02:30:00,2019,9,6,2,30,0.00000000,16.55000000,16.55000000,0.00000000
2019-09-06T02:40:00,2019,9,6,2,40,0.00000000,16.46666667,16.46666667,0.00000000
2019-09-06T02:50:00,2019,9,6,2,50,0.00000000,16.38333333,16.38333333,0.00000000
2019-09-06T03:00:00,2019,9,6,3,0,0.00000000,16.30000000,16.30000000,0.00000000
2019-09-06T03:10:00,2019,9,6,3,10,0.00000000,16.35000000,16.35000000,0.00000000
2019-09-06T03:20:00,2019,9,6,3,20,0.00000000,16.40000000,16.40000000,0.00000000
2019-09-06T03:30:00,2019,9,6,3,30,0.00000000,16.45000000,16.45000000,0.00000000
2019-09-06T03:40:00,2019,9,6,3,40,0.00000000,16.50000000,16.50000000,0.00000000
2019-09-06T03:50:00,2019,9,6,3,50,0.00000000,16.55000000,16.55000000,0.00000000
2019-09-06T04:00:00,2019,9,6,4,0,0.00000000,16.60000000,16.60000000,0.00000000
2019-09-06T04:10:00,2019,9,6,4,10,0.00000000,16.58333333,16.58333333,0.00000000
2019-09-06T04:20:00,2019,9,6,4,20,0.00000000,16.56666667,16.56666667,0.00000000
2019-09-06T04:30:00,2019,9,6,4,30,0.00000000,16.55000000,16.55000000,0.00000000
2019-09-06T04:40:00,2019,9,6,4,40,0.00000000,16.53333333,16.53333333,0.00000000
2019-09-06T04:50:00,2019,9,6,4,50,0.00000000,16.51666667,16.51666667,0.00000000
2019-09-06T05:00:00,2019,9,6,5,0,0.00000000,16.50000000,16.50000000,0.00000000
2019-09-06T05:10:00,2019,9,6,5,10,0.00433333,16.60000000,16.75166667,0.00449775
2019-09-06T05:20:00,2019,9,6,5,20,0.00866667,16.70000000,17.00333333,0.00898547
2019-09-06T05:30:00,2019,9,6,5,30,0.01300000,16.80000000,17.25500000,0.01346315
2019-09-06T05:40:00,2019,9,6,5,40,0.01733333,16.90000000,17.50666667,0.01793080
2019-09-06T05:50:00,2019,9,6,5,50,0.02166667,17.00000000,17.75833333,0.02238842
2019-09-06T06:00:00,2019,9,6,6,0,0.02600000,17.10000000,18.01000000,0.02683600
2019-09-06T06:10:00,2019,9,6,6,10,0.04566667,17.13333333,18.73166667,0.04698343
2019-09-06T06:20:00,2019,9,6,6,20,0.06533333,17.16666667,19.45333333,0.06700029
2019-09-06T06:30:00,2019,9,6,6,30,0.08500000,17.20000000,20.17500000,0.08688658
2019-09-06T06:40:00,2019,9,6,6,40,0.10466667,17.23333333,20.89666667,0.10664228
2019-09-06T06:50:00,2019,9,6,6,50,0.12433333,17.26666667,21.61833333,0.12626742
2019-09-06T07:00:00,2019,9,6,7,0,0.14400000,17.30000000,22.34000000,0.14576198
2019-09-06T07:10:00,2019,9,6,7,10,0.16400000,17.16666667,22.90666667,0.16557921
2019-09-06T07:20:00,2019,9,6,7,20,0.18400000,17.03333333,23.47333333,0.18529217
2019-09-06T07:30:00,2019,9,6,7,30,0.20400000,16.90000000,24.04000000,0.20490086
2019-09-06T07:40:00,2019,9,6,7,40,0.22400000,16.76666667,24.60666667,0.22440529
2019-09-06T07:50:00,2019,9,6,7,50,0.24400000,16.63333333,25.17333333,0.24380545
2019-09-06T08:00:00,2019,9,6,8,0,0.26400000,16.50000000,25.74000000,0.26310134
2019-09-06T08:10:00,2019,9,6,8,10,0.30500000,16.41666667,27.09166667,0.30206539
2019-09-06T08:20:00,2019,9,6,8,20,0.34600000,16.33333333,28.44333333,0.34051959
2019-09-06T08:30:00,2019,9,6,8,30,0.38700000,16.25000000,29.79500000,0.37846394
2019-09-06T08:40:00,2019,9,6,8,40,0.42800000,16.16666667,31.14666667,0.41589844
2019-09-06T08:50:00,2019,9,6,8,50,0.46900000,16.08333333,32.49833333,0.45282310
2019-09-06T09:00:00,2019,9,6,9,0,0.51000000,16.00000000,33.85000000,0.48923790
2019-09-06T09:10:00,2019,9,6,9,10,0.47333333,15.80000000,32.36666667,0.45729364
2019-09-06T09:20:00,2019,9,6,9,20,0.43666667,15.60000000,30.88333333,0.42484901
2019-09-06T09:30:00,2019,9,6,9,30,0.40000000,15.40000000,29.40000000,0.39190400
2019-09-06T09:40:00,2019,9,6,9,40,0.36333333,15.20000000,27.91666667,0.35845861
2019-09-06T09:50:00,2019,9,6,9,50,0.32666667,15.00000000,26.43333333,0.32451284
2019-09-06T10:00:00,2019,9,6,10,0,0.29000000,14.80000000,24.95000000,0.29006670
2019-09-06T10:10:00,2019,9,6,10,10,0.32833333,14.95000000,26.44166667,0.32615594
2019-09-06T10:20:00,2019,9,6,10,20,0.36666667,15.10000000,27.93333333,0.36171911
2019-09-06T10:30:00,2019,9,6,10,30,0.40500000,15.25000000,29.42500000,0.39675623
2019-09-06T10:40:00,2019,9,6,10,40,0.44333333,15.40000000,30.91666667,0.43126728
2019-09-06T10:50:00,2019,9,6,10,50,0.48166667,15.55000000,32.40833333,0.46525227
2019-09-06T11:00:00,2019,9,6,11,0,0.52000000,15.70000000,33.90000000,0.49871120
2019-09-06T11:10:00,2019,9,6,11,10,0.51683333,15.56666667,33.65583333,0.49625467
2019-09-06T11:20:00,2019,9,6,11,20,0.51366667,15.43333333,33.41166667,0.49379102
2019-09-06T11:30:00,2019,9,6,11,30,0.51050000,15.30000000,33.16750000,0.49132026
2019-09-06T11:40:00,2019,9,6,11,40,0.50733333,15.16666667,32.92333333,0.48884239
2019-09-06T11:50:00,2019,9,6,11,50,0.50416667,15.03333333,32.67916667,0.48635740
2019-09-06T12:00:00,2019,9,6,12,0,0.50100000,14.90000000,32.43500000,0.48386530
2019-09-06T12:10:00,2019,9,6,12,10,0.48416667,14.90000000,31.84583333,0.46891985
2019-09-06T12:20:00,2019,9,6,12,20,0.46733333,14.90000000,31.25666667,0.45388317
2019-09-06T12:30:00,2019,9,6,12,30,0.45050000,14.90000000,30.66750000,0.43875524
2019-09-06T12:40:00,2019,9,6,12,40,0.43366667,14.90000000,30.07833333,0.42353607
2019-09-06T12:50:00,2019,9,6,12,50,0.41683333,14.90000000,29.48916667,0.40822566
2019-09-06T13:00:00,2019,9,6,13,0,0.40000000,14.90000000,28.90000000,0.39282400
2019-09-06T13:10:00,2019,9,6,13,10,0.37116667,15.10000000,28.09083333,0.36588948
2019-09-06T13:20:00,2019,9,6,13,20,0.34233333,15.30000000,27.28166667,0.33874032
2019-09-06T13:30:00,2019,9,6,13,30,0.31350000,15.50000000,26.47250000,0.31137651
2019-09-06T13:40:00,2019,9,6,13,40,0.28466667,15.70000000,25.66333333,0.28379805
2019-09-06T13:50:00,2019,9,6,13,50,0.25583333,15.90000000,24.85416667,0.25600495
2019-09-06T14:00:00,2019,9,6,14,0,0.22700000,16.10000000,24.04500000,0.22799721
2019-09-06T14:10:00,2019,9,6,14,10,0.22866667,16.28333333,24.28666667,0.22941700
2019-09-06T14:20:00,2019,9,6,14,20,0.23033333,16.46666667,24.52833333,0.23083308
2019-09-06T14:30:00,2019,9,6,14,30,0.23200000,16.65000000,24.77000000,0.23224546
2019-09-06T14:40:00,2019,9,6,14,40,0.23366667,16.83333333,25.01166667,0.23365413
2019-09-06T14:50:00,2019,9,6,14,50,0.23533333,17.01666667,25.25333333,0.23505909
2019-09-06T15:00:00,2019,9,6,15,0,0.23700000,17.20000000,25.49500000,0.23646035
2019-09-06T15:10:00,2019,9,6,15,10,0.20883333,17.08333333,24.39250000,0.20941692
2019-09-06T15:20:00,2019,9,6,15,20,0.18066667,16.96666667,23.29000000,0.18208779
2019-09-06T15:30:00,2019,9,6,15,30,0.15250000,16.85000000,22.18750000,0.15447297
2019-09-06T15:40:00,2019,9,6,15,40,0.12433333,16.73333333,21.08500000,0.12657245
2019-09-06T15:50:00,2019,9,6,15,50,0.09616667,16.61666667,19.98250000,0.09838624
2019-09-06T16:00:00,2019,9,6,16,0,0.06800000,16.50000000,18.88000000,0.06991434
2019-09-06T16:10:00,2019,9,6,16,10,0.06150000,16.73333333,18.88583333,0.06322970
2019-09-06T16:20:00,2019,9,6,16,20,0.05500000,16.96666667,18.89166667,0.05654541
2019-09-06T16:30:00,2019,9,6,16,30,0.04850000,17.20000000,18.89750000,0.04986147
2019-09-06T16:40:00,2019,9,6,16,40,0.04200000,17.43333333,18.90333333,0.04317788
2019-09-06T16:50:00,2019,9,6,16,50,0.03550000,17.66666667,18.90916667,0.03649463
2019-09-06T17:00:00,2019,9,6,17,0,0.02900000,17.90000000,18.91500000,0.02981174
2019-09-06T17:10:00,2019,9,6,17,10,0.02416667,17.95000000,18.79583333,0.02485636
2019-09-06T17:20:00,2019,9,6,17,20,0.01933333,18.00000000,18.67666667,0.01989569
2019-09-06T17:30:00,2019,9,6,17,30,0.01450000,18.05000000,18.55750000,0.01492971
2019-09-06T17:40:00,2019,9,6,17,40,0.00966667,18.10000000,18.43833333,0.00995844
2019-09-06T17:50:00,2019,9,6,17,50,0.00483333,18.15000000,18.31916667,0.00498187
2019-09-06T18:00:00,2019,9,6,18,0,0.00000000,18.20000000,18.20000000,0.00000000
2019-09-06T18:10:00,2019,9,6,18,10,0.00000000,18.23333333,18.23333333,0.00000000
2019-09-06T18:20:00,2019,9,6,18,20,0.00000000,18.26666667,18.26666667,0.00000000
2019-09-06T18:30:00,2019,9,6,18,30,0.00000000,18.30000000,18.30000000,0.00000000
2019-09-06T18:40:00,2019,9,6,18,40,0.00000000,18.33333333,18.33333333,0.00000000
2019-09-06T18:50:00,2019,9,6,18,50,0.00000000,18.36666667,18.36666667,0.00000000
2019-09-06T19:00:00,2019,9,6,19,0,0.00000000,18.40000000,18.40000000,0.00000000
2019-09-06T19:10:00,2019,9,6,19,10,0.00000000,18.43333333,18.43333333,0.00000000
2019-09-06T19:20:00,2019,9,6,19,20,0.00000000,18.46666667,18.46666667,0.00000000
2019-09-06T19:30:00,2019,9,6,19,30,0.00000000,18.50000000,18.50000000,0.00000000
2019-09-06T19:40:00,2019,9,6,19,40,0.00000000,18.53333333,18.53333333,0.00000000
2019-09-06T19:50:00,2019,9,6,19,50,0.00000000,18.56666667,18.56666667,0.00000000
2019-09-06T20:00:00,2019,9,6,20,0,0.00000000,18.60000000,18.60000000,0.00000000
2019-09-06T20:10:00,2019,9,6,20,10,0.00000000,18.78333333,18.78333333,0.00000000
2019-09-06T20:20:00,2019,9,6,20,20,0.00000000,18.96666667,18.96666667,0.00000000
2019-09-06T20:30:00,2019,9,6,20,30,0.00000000,19.15000000,19.15000000,0.00000000
2019-09-06T20:40:00,2019,9,6,20,40,0.00000000,19.33333333,19.33333333,0.00000000
2019-09-06T20:50:00,2019,9,6,20,50,0.00000000,19.51666667,19.51666667,0.00000000
2019-09-06T21:00:00,2019,9,6,21,0,0.00000000,19.70000000,19.70000000,0.00000000
2019-09-06T21:10:00,2019,9,6,21,10,0.00000000,19.65000000,19.65000000,0.00000000
2019-09-06T21:20:00,2019,9,6,21,20,0.00000000,19.60000000,19.60000000,0.00000000
2019-09-06T21:30:00,2019,9,6,21,30,0.00000000,19.55000000,19.55000000,0.00000000
2019-09-06T21:40:00,2019,9,6,21,40,0.00000000,19.50000000,19.50000000,0.00000000
2019-09-06T21:50:00,2019,9,6,21,50,0.00000000,19.45000000,19.45000000,0.00000000
2019-09-06T22:00:00,2019,9,6,22,0,0.00000000,19.40000000,19.40000000,0.00000000
2019-09-06T22:10:00,2019,9,6,22,10,0.00000000,19.38333333,19.38333333,0.00000000
2019-09-06T22:20:00,2019,9,6,22,20,0.00000000,19.36666667,19.36666667,0.00000000
2019-09-06T22:30:00,2019,9,6,22,30,0.00000000,19.35000000,19.35000000,0.00000000
2019-09-06T22:40:00,2019,9,6,22,40,0.00000000,19.33333333,19.33333333,0.00000000
2019-09-06T22:50:00,2019,9,6,22,50,0.00000000,19.31666667,19.31666667,0.00000000
2019-09-06T23:00:00,2019,9,6,23,0,0.00000000,19.30000000,19.30000000,0.00000000
2019-09-06T23:10:00,2019,9,6,23,10,0.00000000,19.08333333,19.08333333,0.00000000
2019-09-06T23:20:00,2019,9,6,23,20,0.00000000,18.86666667,18.86666667,0.00000000
2019-09-06T23:30:00,2019,9,6,23,30,0.00000000,18.65000000,18.65000000,0.00000000
2019-09-06T23:40:00,2019,9,6,23,40,0.00000000,18.43333333,18.43333333,0.00000000
2019-09-06T23:50:00,2019,9,6,23,50,0.00000000,18.21666667,18.21666667,0.00000000
2019-09-07T00:00:00,2019,9,7,0,0,0.00000000,18.00000000,18.00000000,0.00000000
2019-09-07T00:10:00,2019,9,7,0,10,0.00000000,17.85000000,17.85000000,0.00000000
2019-09-07T00:20:00,2019,9,7,0,20,0.00000000,17.70000000,17.70000000,0.00000000
2019-09-07T00:30:00,2019,9,7,0,30,0.00000000,17.55000000,17.55000000,0.00000000
2019-09-07T00:40:00,2019,9,7,0,40,0.00000000,17.40000000,17.40000000,0.00000000
2019-09-07T00:50:00,2019,9,7,0,50,0.00000000,17.25000000,17.25000000,0.00000000
2019-09-07T01:00:00,2019,9,7,1,0,0.00000000,17.10000000,17.10000000,0.00000000
2019-09-07T01:10:00,2019,9,7,1,10,0.00000000,17.05000000,17.05000000,0.00000000
2019-09-07T01:20:00,2019,9,7,1,20,0.00000000,17.00000000,17.00000000,0.00000000
2019-09-07T01:30:00,2019,9,7,1,30,0.00000000,16.95000000,16.95000000,0.00000000
2019-09-07T01:40:00,2019,9,7,1,40,0.00000000,16.90000000,16.90000000,0.00000000
2019-09-07T01:50:00,2019,9,7,1,50,0.00000000,16.85000000,16.85000000,0.00000000
2019-09-07T02:00:00,2019,9,7,2,0,0.00000000,16.80000000,16.80000000,0.00000000
2019-09-07T02:10:00,2019,9,7,2,10,0.00000000,16.75000000,16.75000000,0.00000000
2019-09-07T02:20:00,2019,9,7,2,20,0.00000000,16.70000000,16.70000000,0.00000000
2019-09-07T02:30:00,2019,9,7,2,30,0.00000000,16.65000000,16.65000000,0.00000000
2019-09-07T02:40:00,2019,9,7,2,40,0.00000000,16.60000000,16.60000000,0.00000000
2019-09-07T02:50:00,2019,9,7,2,50,0.00000000,16.55000000,16.55000000,0.00000000
2019-09-07T03:00:00,2019,9,7,3,0,0.00000000,16.50000000,16.50000000,0.00000000
2019-09-07T03:10:00,2019,9,7,3,10,0.00000000,16.51666667,16.51666667,0.00000000
2019-09-07T03:20:00,2019,9,7,3,20,0.00000000,16.53333333,16.53333333,0.00000000
2019-09-07T03:30:00,2019,9,7,3,30,0.00000000,16.55000000,16.55000000,0.00000000
2019-09-07T03:40:00,2019,9,7,3,40,0.00000000,16.56666667,16.56666667,0.00000000
2019-09-07T03:50:00,2019,9,7,3,50,0.00000000,16.58333333,16.58333333,0.00000000
2019-09-07T04:00:00,2019,9,7,4,0,0.00000000,16.60000000,16.60000000,0.00000000
2019-09-07T04:10:00,2019,9,7,4,10,0.00000000,16.56666667,16.56666667,0.00000000
2019-09-07T04:20:00,2019,9,7,4,20,0.00000000,16.53333333,16.53333333,0.00000000
2019-09-07T04:30:00,2019,9,7,4,30,0.00000000,16.50000000,16.50000000,0.00000000
2019-09-07T04:40:00,2019,9,7,4,40,0.00000000,16.46666667,16.46666667,0.00000000
2019-09-07T04:50:00,2019,9,7,4,50,0.00000000,16.43333333,16.43333333,0.00000000
2019-09-07T05:00:00,2019,9,7,5,0,0.00000000,16.40000000,16.40000000,0.00000000
2019-09-07T05:10:00,2019,9,7,5,10,0.00683333,16.28333333,16.52250000,0.00709981
2019-09-07T05:20:00,2019,9,7,5,20,0.01366667,16.16666667,16.64500000,0.01419192
2019-09-07T05:30:00,2019,9,7,5,30,0.02050000,16.05000000,16.76750000,0.02127632
2019-09-07T05:40:00,2019,9,7,5,40,0.02733333,15.93333333,16.89000000,0.02835303
2019-09-07T05:50:00,2019,9,7,5,50,0.03416667,15.81666667,17.01250000,0.03542204
2019-09-07T06:00:00,2019,9,7,6,0,0.04100000,15.70000000,17.13500000,0.04248334
2019-09-07T06:10:00,2019,9,7,6,10,0.06066667,15.91666667,18.04000000,0.06260897
2019-09-07T06:20:00,2019,9,7,6,20,0.08033333,16.13333333,18.94500000,0.08257086
2019-09-07T06:30:00,2019,9,7,6,30,0.10000000,16.35000000,19.85000000,0.10236900
2019-09-07T06:40:00,2019,9,7,6,40,0.11966667,16.56666667,20.75500000,0.12200340
2019-09-07T06:50:00,2019,9,7,6,50,0.13933333,16.78333333,21.66000000,0.14147405
2019-09-07T07:00:00,2019,9,7,7,0,0.15900000,17.00000000,22.56500000,0.16078096
2019-09-07T07:10:00,2019,9,7,7,10,0.18633333,17.46666667,23.98833333,0.18720047
2019-09-07T07:20:00,2019,9,7,7,20,0.21366667,17.93333333,25.41166667,0.21326205
2019-09-07T07:30:00,2019,9,7,7,30,0.24100000,18.40000000,26.83500000,0.23896572
2019-09-07T07:40:00,2019,9,7,7,40,0.26833333,18.86666667,28.25833333,0.26431146
2019-09-07T07:50:00,2019,9,7,7,50,0.29566667,19.33333333,29.68166667,0.28929929
2019-09-07T08:00:00,2019,9,7,8,0,0.32300000,19.80000000,31.10500000,0.31392919
2019-09-07T08:10:00,2019,9,7,8,10,0.36800000,20.13333333,33.01333333,0.35443503
2019-09-07T08:20:00,2019,9,7,8,20,0.41300000,20.46666667,34.92166667,0.39415082
2019-09-07T08:30:00,2019,9,7,8,30,0.45800000,20.80000000,36.83000000,0.43307656
2019-09-07T08:40:00,2019,9,7,8,40,0.50300000,21.13333333,38.73833333,0.47121224
2019-09-07T08:50:00,2019,9,7,8,50,0.54800000,21.46666667,40.64666667,0.50855788
2019-09-07T09:00:00,2019,9,7,9,0,0.59300000,21.80000000,42.55500000,0.54511347
2019-09-07T09:10:00,2019,9,7,9,10,0.59883333,22.60000000,43.55916667,0.54770963
2019-09-07T09:20:00,2019,9,7,9,20,0.60466667,23.40000000,44.56333333,0.55025191
2019-09-07T09:30:00,2019,9,7,9,30,0.61050000,24.20000000,45.56750000,0.55274029
2019-09-07T09:40:00,2019,9,7,9,40,0.61633333,25.00000000,46.57166667,0.55517478
2019-09-07T09:50:00,2019,9,7,9,50,0.62216667,25.80000000,47.57583333,0.55755538
2019-09-07T10:00:00,2019,9,7,10,0,0.62800000,26.60000000,48.58000000,0.55988210
2019-09-07T10:10:00,2019,9,7,10,10,0.64566667,26.58333333,49.18166667,0.57384550
2019-09-07T10:20:00,2019,9,7,10,20,0.66333333,26.56666667,49.78333333,0.58771112
2019-09-07T10:30:00,2019,9,7,10,30,0.68100000,26.55000000,50.38500000,0.60147895
2019-09-07T10:40:00,2019,9,7,10,40,0.69866667,26.53333333,50.98666667,0.61514898
2019-09-07T10:50:00,2019,9,7,10,50,0.71633333,26.51666667,51.58833333,0.62872123
2019-09-07T11:00:00,2019,9,7,11,0,0.73400000,26.50000000,52.19000000,0.64219568
2019-09-07T11:10:00,2019,9,7,11,10,0.72183333,26.90000000,52.16416667,0.63163653
2019-09-07T11:20:00,2019,9,7,11,20,0.70966667,27.30000000,52.13833333,0.62107448
2019-09-07T11:30:00,2019,9,7,11,30,0.69750000,27.70000000,52.11250000,0.61050954
2019-09-07T11:40:00,2019,9,7,11,40,0.68533333,28.10000000,52.08666667,0.59994171
2019-09-07T11:50:00,2019,9,7,11,50,0.67316667,28.50000000,52.06083333,0.58937099
2019-09-07T12:00:00,2019,9,7,12,0,0.66100000,28.90000000,52.03500000,0.57879738
2019-09-07T12:10:00,2019,9,7,12,10,0.67850000,28.70000000,52.44750000,0.59283361
2019-09-07T12:20:00,2019,9,7,12,20,0.69600000,28.50000000,52.86000000,0.60680342
2019-09-07T12:30:00,2019,9,7,12,30,0.71350000,28.30000000,53.27250000,0.62070683
2019-09-07T12:40:00,2019,9,7,12,40,0.73100000,28.10000000,53.68500000,0.63454382
2019-09-07T12:50:00,2019,9,7,12,50,0.74850000,27.90000000,54.09750000,0.64831440
2019-09-07T13:00:00,2019,9,7,13,0,0.76600000,27.70000000,54.51000000,0.66201856
2019-09-07T13:10:00,2019,9,7,13,10,0.70650000,27.95000000,52.67750000,0.61655089
2019-09-07T13:20:00,2019,9,7,13,20,0.64700000,28.20000000,50.84500000,0.57008011
2019-09-07T13:30:00,2019,9,7,13,30,0.58750000,28.45000000,49.01250000,0.52260622
2019-09-07T13:40:00,2019,9,7,13,40,0.52800000,28.70000000,47.18000000,0.47412922
2019-09-07T13:50:00,2019,9,7,13,50,0.46850000,28.95000000,45.34750000,0.42464910
2019-09-07T14:00:00,2019,9,7,14,0,0.40900000,29.20000000,43.51500000,0.37416588
2019-09-07T14:10:00,2019,9,7,14,10,0.41083333,28.25000000,42.62916667,0.37751715
2019-09-07T14:20:00,2019,9,7,14,20,0.41266667,27.30000000,41.74333333,0.38088336
2019-09-07T14:30:00,2019,9,7,14,30,0.41450000,26.35000000,40.85750000,0.38426450
2019-09-07T14:40:00,2019,9,7,14,40,0.41633333,25.40000000,39.97166667,0.38766060
2019-09-07T14:50:00,2019,9,7,14,50,0.41816667,24.45000000,39.08583333,0.39107163
2019-09-07T15:00:00,2019,9,7,15,0,0.42000000,23.50000000,38.20000000,0.39449760
2019-09-07T15:10:00,2019,9,7,15,10,0.39166667,23.48333333,37.19166667,0.36970135
2019-09-07T15:20:00,2019,9,7,15,20,0.36333333,23.46666667,36.18333333,0.34464226
2019-09-07T15:30:00,2019,9,7,15,30,0.33500000,23.45000000,35.17500000,0.31932032
2019-09-07T15:40:00,2019,9,7,15,40,0.30666667,23.43333333,34.16666667,0.29373556
2019-09-07T15:50:00,2019,9,7,15,50,0.27833333,23.41666667,33.15833333,0.26788795
2019-09-07T16:00:00,2019,9,7,16,0,0.25000000,23.40000000,32.15000000,0.24177750
2019-09-07T16:10:00,2019,9,7,16,10,0.21616667,23.03333333,30.59916667,0.21059904
2019-09-07T16:20:00,2019,9,7,16,20,0.18233333,22.66666667,29.04833333,0.17893786
2019-09-07T16:30:00,2019,9,7,16,30,0.14850000,22.30000000,27.49750000,0.14679396
2019-09-07T16:40:00,2019,9,7,16,40,0.11466667,21.93333333,25.94666667,0.11416733
2019-09-07T16:50:00,2019,9,7,16,50,0.08083333,21.56666667,24.39583333,0.08105798
2019-09-07T17:00:00,2019,9,7,17,0,0.04700000,21.20000000,22.84500000,0.04746591
2019-09-07T17:10:00,2019,9,7,17,10,0.03916667,20.68333333,22.05416667,0.03969741
2019-09-07T17:20:00,2019,9,7,17,20,0.03133333,20.16666667,21.26333333,0.03187191
2019-09-07T17:30:00,2019,9,7,17,30,0.02350000,19.65000000,20.47250000,0.02398942
2019-09-07T17:40:00,2019,9,7,17,40,0.01566667,19.13333333,19.68166667,0.01604994
2019-09-07T17:50:00,2019,9,7,17,50,0.00783333,18.61666667,18.89083333,0.00805347
2019-09-07T18:00:00,2019,9,7,18,0,0.00000000,18.10000000,18.10000000,0.00000000
2019-09-07T18:10:00,2019,9,7,18,10,0.00000000,17.85000000,17.85000000,0.00000000
2019-09-07T18:20:00,2019,9,7,18,20,0.00000000,17.60000000,17.60000000,0.00000000
2019-09-07T18:30:00,2019,9,7,18,30,0.00000000,17.35000000,17.35000000,0.00000000
2019-09-07T18:40:00,2019,9,7,18,40,0.00000000,17.10000000,17.10000000,0.00000000
2019-09-07T18:50:00,2019,9,7,18,50,0.00000000,16.85000000,16.85000000,0.00000000
2019-09-07T19:00:00,2019,9,7,19,0,0.00000000,16.60000000,16.60000000,0.00000000
2019-09-07T19:10:00,2019,9,7,19,10,0.00000000,16.41666667,16.41666667,0.00000000
2019-09-07T19:20:00,2019,9,7,19,20,0.00000000,16.23333333,16.23333333,0.00000000
2019-09-07T19:30:00,2019,9,7,19,30,0.00000000,16.05000000,16.05000000,0.00000000
2019-09-07T19:40:00,2019,9,7,19,40,0.00000000,15.86666667,15.86666667,0.00000000
2019-09-07T19:50:00,2019,9,7,19,50,0.00000000,15.68333333,15.68333333,0.00000000
2019-09-07T20:00:00,2019,9,7,20,0,0.00000000,15.50000000,15.50000000,0.00000000
2019-09-07T20:10:00,2019,9,7,20,10,0.00000000,15.45000000,15.45000000,0.00000000
2019-09-07T20:20:00,2019,9,7,20,20,0.00000000,15.40000000,15.40000000,0.00000000
2019-09-07T20:30:00,2019,9,7,20,30,0.00000000,15.35000000,15.35000000,0.00000000
2019-09-07T20:40:00,2019,9,7,20,40,0.00000000,15.30000000,15.30000000,0.00000000
2019-09-07T20:50:00,2019,9,7,20,50,0.00000000,15.25000000,15.25000000,0.00000000
2019-09-07T21:00:00,2019,9,7,21,0,0.00000000,15.20000000,15.20000000,0.00000000
2019-09-07T21:10:00,2019,9,7,21,10,0.00000000,15.08333333,15.08333333,0.00000000
2019-09-07T21:20:00,2019,9,7,21,20,0.00000000,14.96666667,14.96666667,0.00000000
2019-09-07T21:30:00,2019,9,7,21,30,0.00000000,14.85000000,14.85000000,0.00000000
2019-09-07T21:40:00,2019,9,7,21,40,0.00000000,14.73333333,14.73333333,0.00000000
2019-09-07T21:50:00,2019,9,7,21,50,0.00000000,14.61666667,14.61666667,0.00000000
2019-09-07T22:00:00,2019,9,7,22,0,0.00000000,14.50000000,14.50000000,0.00000000
2019-09-07T22:10:00,2019,9,7,22,10,0.00000000,14.51666667,14.51666667,0.00000000
2019-09-07T22:20:00,2019,9,7,22,20,0.00000000,14.53333333,14.53333333,0.00000000
2019-09-07T22:30:00,2019,9,7,22,30,0.00000000,14.55000000,14.55000000,0.00000000
2019-09-07T22:40:00,2019,9,7,22,40,0.00000000,14.56666667,14.56666667,0.00000000
2019-09-07T22:50:00,2019,9,7,22,50,0.00000000,14.58333333,14.58333333,0.00000000
2019-09-07T23:00:00,2019,9,7,23,0,0.00000000,14.60000000,14.60000000,0.00000000
2019-09-07T23:10:00,2019,9,7,23,10,0.00000000,14.58333333,14.58333333,0.00000000
2019-09-07T23:20:00,2019,9,7,23,20,0.00000000,14.56666667,14.56666667,0.00000000
2019-09-07T23:30:00,2019,9,7,23,30,0.00000000,14.55000000,14.55000000,0.00000000
2019-09-07T23:40:00,2019,9,7,23,40,0.00000000,14.53333333,14.53333333,0.00000000
2019-09-07T23:50:00,2019,9,7,23,50,0.00000000,14.51666667,14.51666667,0.00000000
2019-09-08T00:00:00,2019,9,8,0,0,0.00000000,14.50000000,14.50000000,0.00000000
2019-09-08T00:10:00,2019,9,8,0,10,0.00000000,14.43333333,14.43333333,0.00000000
2019-09-08T00:20:00,2019,9,8,0,20,0.00000000,14.36666667,14.36666667,0.00000000
2019-09-08T00:30:00,2019,9,8,0,30,0.00000000,14.30000000,14.30000000,0.00000000
2019-09-08T00:40:00,2019,9,8,0,40,0.00000000,14.23333333,14.23333333,0.00000000
2019-09-08T00:50:00,2019,9,8,0,50,0.00000000,14.16666667,14.16666667,0.00000000
2019-09-08T01:00:00,2019,9,8,1,0,0.00000000,14.10000000,14.10000000,0.00000000
2019-09-08T01:10:00,2019,9,8,1,10,0.00000000,14.15000000,14.15000000,0.00000000
2019-09-08T01:20:00,2019,9,8,1,20,0.00000000,14.20000000,14.20000000,0.00000000
2019-09-08T01:30:00,2019,9,8,1,30,0.00000000,14.25000000,14.25000000,0.00000000
2019-09-08T01:40:00,2019,9,8,1,40,0.00000000,14.30000000,14.30000000,0.00000000
2019-09-08T01:50:00,2019,9,8,1,50,0.00000000,14.35000000,14.35000000,0.00000000
2019-09-08T02:00:00,2019,9,8,2,0,0.00000000,14.40000000,14.40000000,0.00000000
2019-09-08T02:10:00,2019,9,8,2,10,0.00000000,14.33333333,14.33333333,0.00000000
2019-09-08T02:20:00,2019,9,8,2,20,0.00000000,14.26666667,14.26666667,0.00000000
2019-09-08T02:30:00,2019,9,8,2,30,0.00000000,14.20000000,14.20000000,0.00000000
2019-09-08T02:40:00,2019,9,8,2,40,0.00000000,14.13333333,14.13333333,0.00000000
2019-09-08T02:50:00,2019,9,8,2,50,0.00000000,14.06666667,14.06666667,0.00000000
2019-09-08T03:00:00,2019,9,8,3,0,0.00000000,14.00000000,14.00000000,0.00000000
2019-09-08T03:10:00,2019,9,8,3,10,0.00000000,14.06666667,14.06666667,0.00000000
2019-09-08T03:20:00,2019,9,8,3,20,0.00000000,14.13333333,14.13333333,0.00000000
2019-09-08T03:30:00,2019,9,8,3,30,0.00000000,14.20000000,14.20000000,0.00000000
2019-09-08T03:40:00,2019,9,8,3,40,0.00000000,14.26666667,14.26666667,0.00000000
2019-09-08T03:50:00,2019,9,8,3,50,0.00000000,14.33333333,14.33333333,0.00000000
2019-09-08T04:00:00,2019,9,8,4,0,0.00000000,14.40000000,14.40000000,0.00000000
2019-09-08T04:10:00,2019,9,8,4,10,0.00000000,14.33333333,14.33333333,0.00000000
2019-09-08T04:20:00,2019,9,8,4,20,0.00000000,14.26666667,14.26666667,0.00000000
2019-09-08T04:30:00,2019,9,8,4,30,0.00000000,14.20000000,14.20000000,0.00000000
2019-09-08T04:40:00,2019,9,8,4,40,0.00000000,14.13333333,14.13333333,0.00000000
2019-09-08T04:50:00,2019,9,8,4,50,0.00000000,14.06666667,14.06666667,0.00000000
2019-09-08T05:00:00,2019,9,8,5,0,0.00000000,14.00000000,14.00000000,0.00000000
2019-09-08T05:10:00,2019,9,8,5,10,0.00683333,14.05000000,14.28916667,0.00717001
2019-09-08T05:20:00,2019,9,8,5,20,0.01366667,14.10000000,14.57833333,0.01432184
2019-09-08T05:30:00,2019,9,8,5,30,0.02050000,14.15000000,14.86750000,0.02145549
2019-09-08T05:40:00,2019,9,8,5,40,0.02733333,14.20000000,15.15666667,0.02857097
2019-09-08T05:50:00,2019,9,8,5,50,0.03416667,14.25000000,15.44583333,0.03566826
2019-09-08T06:00:00,2019,9,8,6,0,0.04100000,14.30000000,15.73500000,0.04274738
2019-09-08T06:10:00,2019,9,8,6,10,0.07666667,14.56666667,17.25000000,0.07939983
2019-09-08T06:20:00,2019,9,8,6,20,0.11233333,14.83333333,18.76500000,0.11555517
2019-09-08T06:30:00,2019,9,8,6,30,0.14800000,15.10000000,20.28000000,0.15121338
2019-09-08T06:40:00,2019,9,8,6,40,0.18366667,15.36666667,21.79500000,0.18637446
2019-09-08T06:50:00,2019,9,8,6,50,0.21933333,15.63333333,23.31000000,0.22103843
2019-09-08T07:00:00,2019,9,8,7,0,0.25500000,15.90000000,24.82500000,0.25520528
2019-09-08T07:10:00,2019,9,8,7,10,0.27616667,16.05000000,25.71583333,0.27525730
2019-09-08T07:20:00,2019,9,8,7,20,0.29733333,16.20000000,26.60666667,0.29513584
2019-09-08T07:30:00,2019,9,8,7,30,0.31850000,16.35000000,27.49750000,0.31484091
2019-09-08T07:40:00,2019,9,8,7,40,0.33966667,16.50000000,28.38833333,0.33437251
2019-09-08T07:50:00,2019,9,8,7,50,0.36083333,16.65000000,29.27916667,0.35373063
2019-09-08T08:00:00,2019,9,8,8,0,0.38200000,16.80000000,30.17000000,0.37291528
2019-09-08T08:10:00,2019,9,8,8,10,0.42200000,17.00000000,31.77000000,0.40885808
2019-09-08T08:20:00,2019,9,8,8,20,0.46200000,17.20000000,33.37000000,0.44421208
2019-09-08T08:30:00,2019,9,8,8,30,0.50200000,17.40000000,34.97000000,0.47897728
2019-09-08T08:40:00,2019,9,8,8,40,0.54200000,17.60000000,36.57000000,0.51315368
2019-09-08T08:50:00,2019,9,8,8,50,0.58200000,17.80000000,38.17000000,0.54674128
2019-09-08T09:00:00,2019,9,8,9,0,0.62200000,18.00000000,39.77000000,0.57974008
2019-09-08T09:10:00,2019,9,8,9,10,0.62650000,18.15000000,40.07750000,0.58304815
2019-09-08T09:20:00,2019,9,8,9,20,0.63100000,18.30000000,40.38500000,0.58634350
2019-09-08T09:30:00,2019,9,8,9,30,0.63550000,18.45000000,40.69250000,0.58962611
2019-09-08T09:40:00,2019,9,8,9,40,0.64000000,18.60000000,41.00000000,0.59289600
2019-09-08T09:50:00,2019,9,8,9,50,0.64450000,18.75000000,41.30750000,0.59615315
2019-09-08T10:00:00,2019,9,8,10,0,0.64900000,18.90000000,41.61500000,0.59939758
2019-09-08T10:10:00,2019,9,8,10,10,0.66333333,18.95000000,42.16666667,0.61095211
2019-09-08T10:20:00,2019,9,8,10,20,0.67766667,19.00000000,42.71833333,0.62243390
2019-09-08T10:30:00,2019,9,8,10,30,0.69200000,19.05000000,43.27000000,0.63384294
2019-09-08T10:40:00,2019,9,8,10,40,0.70633333,19.10000000,43.82166667,0.64517923
2019-09-08T10:50:00,2019,9,8,10,50,0.72066667,19.15000000,44.37333333,0.65644278
2019-09-08T11:00:00,2019,9,8,11,0,0.73500000,19.20000000,44.92500000,0.66763357
2019-09-08T11:10:00,2019,9,8,11,10,0.72966667,19.45000000,44.98833333,0.66257649
2019-09-08T11:20:00,2019,9,8,11,20,0.72433333,19.70000000,45.05166667,0.65752252
2019-09-08T11:30:00,2019,9,8,11,30,0.71900000,19.95000000,45.11500000,0.65247165
2019-09-08T11:40:00,2019,9,8,11,40,0.71366667,20.20000000,45.17833333,0.64742389
2019-09-08T11:50:00,2019,9,8,11,50,0.70833333,20.45000000,45.24166667,0.64237924
2019-09-08T12:00:00,2019,9,8,12,0,0.70300000,20.70000000,45.30500000,0.63733769
2019-09-08T12:10:00,2019,9,8,12,10,0.67800000,20.58333333,44.31333333,0.61776558
2019-09-08T12:20:00,2019,9,8,12,20,0.65300000,20.46666667,43.32166667,0.59796538
2019-09-08T12:30:00,2019,9,8,12,30,0.62800000,20.35000000,42.33000000,0.57793710
2019-09-08T12:40:00,2019,9,8,12,40,0.60300000,20.23333333,41.33833333,0.55768073
2019-09-08T12:50:00,2019,9,8,12,50,0.57800000,20.11666667,40.34666667,0.53719628
2019-09-08T13:00:00,2019,9,8,13,0,0.55300000,20.00000000,39.35500000,0.51648375
2019-09-08T13:10:00,2019,9,8,13,10,0.52716667,19.98333333,38.43416667,0.49458926
2019-09-08T13:20:00,2019,9,8,13,20,0.50133333,19.96666667,37.51333333,0.47247592
2019-09-08T13:30:00,2019,9,8,13,30,0.47550000,19.95000000,36.59250000,0.45014372
2019-09-08T13:40:00,2019,9,8,13,40,0.44966667,19.93333333,35.67166667,0.42759268
2019-09-08T13:50:00,2019,9,8,13,50,0.42383333,19.91666667,34.75083333,0.40482278
2019-09-08T14:00:00,2019,9,8,14,0,0.39800000,19.90000000,33.83000000,0.38183404
2019-09-08T14:10:00,2019,9,8,14,10,0.41166667,19.91666667,34.32500000,0.39400822
2019-09-08T14:20:00,2019,9,8,14,20,0.42533333,19.93333333,34.82000000,0.40612018
2019-09-08T14:30:00,2019,9,8,14,30,0.43900000,19.95000000,35.31500000,0.41816989
2019-09-08T14:40:00,2019,9,8,14,40,0.45266667,19.96666667,35.81000000,0.43015736
2019-09-08T14:50:00,2019,9,8,14,50,0.46633333,19.98333333,36.30500000,0.44208260
2019-09-08T15:00:00,2019,9,8,15,0,0.48000000,20.00000000,36.80000000,0.45394560
2019-09-08T15:10:00,2019,9,8,15,10,0.43116667,20.08333333,35.17416667,0.41098756
2019-09-08T15:20:00,2019,9,8,15,20,0.38233333,20.16666667,33.54833333,0.36729909
2019-09-08T15:30:00,2019,9,8,15,30,0.33350000,20.25000000,31.92250000,0.32288019
2019-09-08T15:40:00,2019,9,8,15,40,0.28466667,20.33333333,30.29666667,0.27773086
2019-09-08T15:50:00,2019,9,8,15,50,0.23583333,20.41666667,28.67083333,0.23185109
2019-09-08T16:00:00,2019,9,8,16,0,0.18700000,20.50000000,27.04500000,0.18524089
2019-09-08T16:10:00,2019,9,8,16,10,0.16350000,20.30000000,26.02250000,0.16273098
2019-09-08T16:20:00,2019,9,8,16,20,0.14000000,20.10000000,25.00000000,0.14000000
2019-09-08T16:30:00,2019,9,8,16,30,0.11650000,19.90000000,23.97750000,0.11704796
2019-09-08T16:40:00,2019,9,8,16,40,0.09300000,19.70000000,22.95500000,0.09387485
2019-09-08T16:50:00,2019,9,8,16,50,0.06950000,19.50000000,21.93250000,0.07048068
2019-09-08T17:00:00,2019,9,8,17,0,0.04600000,19.30000000,20.91000000,0.04686544
2019-09-08T17:10:00,2019,9,8,17,10,0.03833333,19.16666667,20.50833333,0.03912536
2019-09-08T17:20:00,2019,9,8,17,20,0.03066667,19.03333333,20.10666667,0.03135695
2019-09-08T17:30:00,2019,9,8,17,30,0.02300000,18.90000000,19.70500000,0.02356021
2019-09-08T17:40:00,2019,9,8,17,40,0.01533333,18.76666667,19.30333333,0.01573514
2019-09-08T17:50:00,2019,9,8,17,50,0.00766667,18.63333333,18.90166667,0.00788173
2019-09-08T18:00:00,2019,9,8,18,0,0.00000000,18.50000000,18.50000000,0.00000000
2019-09-08T18:10:00,2019,9,8,18,10,0.00000000,18.46666667,18.46666667,0.00000000
2019-09-08T18:20:00,2019,9,8,18,20,0.00000000,18.43333333,18.43333333,0.00000000
2019-09-08T18:30:00,2019,9,8,18,30,0.00000000,18.40000000,18.40000000,0.00000000
2019-09-08T18:40:00,2019,9,8,18,40,0.00000000,18.36666667,18.36666667,0.00000000
2019-09-08T18:50:00,2019,9,8,18,50,0.00000000,18.33333333,18.33333333,0.00000000
2019-09-08T19:00:00,2019,9,8,19,0,0.00000000,18.30000000,18.30000000,0.00000000
2019-09-08T19:10:00,2019,9,8,19,10,0.00000000,18.30000000,18.30000000,0.00000000
2019-09-08T19:20:00,2019,9,8,19,20,0.00000000,18.30000000,18.30000000,0.00000000
2019-09-08T19:30:00,2019,9,8,19,30,0.00000000,18.30000000,18.30000000,0.00000000
2019-09-08T19:40:00,2019,9,8,19,40,0.00000000,18.30000000,18.30000000,0.00000000
2019-09-08T19:50:00,2019,9,8,19,50,0.00000000,18.30000000,18.30000000,0.00000000
2019-09-08T20:00:00,2019,9,8,20,0,0.00000000,18.30000000,18.30000000,0.00000000
2019-09-08T20:10:00,2019,9,8,20,10,0.00000000,18.16666667,18.16666667,0.00000000
2019-09-08T20:20:00,2019,9,8,20,20,0.00000000,18.03333333,18.03333333,0.00000000
2019-09-08T20:30:00,2019,9,8,20,30,0.00000000,17.90000000,17.90000000,0.00000000
2019-09-08T20:40:00,2019,9,8,20,40,0.00000000,17.76666667,17.76666667,0.00000000
2019-09-08T20:50:00,2019,9,8,20,50,0.00000000,17.63333333,17.63333333,0.00000000
2019-09-08T21:00:00,2019,9,8,21,0,0.00000000,17.50000000,17.50000000,0.00000000
2019-09-08T21:10:00,2019,9,8,21,10,0.00000000,17.50000000,17.50000000,0.00000000
2019-09-08T21:20:00,2019,9,8,21,20,0.00000000,17.50000000,17.50000000,0.00000000
2019-09-08T21:30:00,2019,9,8,21,30,0.00000000,17.50000000,17.50000000,0.00000000
2019-09-08T21:40:00,2019,9,8,21,40,0.00000000,17.50000000,17.50000000,0.00000000
2019-09-08T21:50:00,2019,9,8,21,50,0.00000000,17.50000000,17.50000000,0.00000000
2019-09-08T22:00:00,2019,9,8,22,0,0.00000000,17.50000000,17.50000000,0.00000000
2019-09-08T22:10:00,2019,9,8,22,10,0.00000000,17.51666667,17.51666667,0.00000000
2019-09-08T22:20:00,2019,9,8,22,20,0.00000000,17.53333333,17.53333333,0.00000000
2019-09-08T22:30:00,2019,9,8,22,30,0.00000000,17.55000000,17.55000000,0.00000000
2019-09-08T22:40:00,2019,9,8,22,40,0.00000000,17.56666667,17.56666667,0.00000000
2019-09-08T22:50:00,2019,9,8,22,50,0.00000000,17.58333333,17.58333333,0.00000000
2019-09-08T23:00:00,2019,9,8,23,0,0.00000000,17.60000000,17.60000000,0.00000000
2019-09-08T23:10:00,2019,9,8,23,10,0.00000000,17.18333333,17.18333333,0.00000000
2019-09-08T23:20:00,2019,9,8,23,20,0.00000000,16.76666667,16.76666667,0.00000000
2019-09-08T23:30:00,2019,9,8,23,30,0.00000000,16.35000000,16.35000000,0.00000000
2019-09-08T23:40:00,2019,9,8,23,40,0.00000000,15.93333333,15.93333333,0.00000000
2019-09-08T23:50:00,2019,9,8,23,50,0.00000000,15.51666667,15.51666667,0.00000000
2019-09-09T00:00:00,2019,9,9,0,0,0.00000000,15.10000000,15.10000000,0.00000000
2019-09-09T00:10:00,2019,9,9,0,10,0.00000000,15.06666667,15.06666667,0.00000000
2019-09-09T00:20:00,2019,9,9,0,20,0.00000000,15.03333333,15.03333333,0.00000000
2019-09-09T00:30:00,2019,9,9,0,30,0.00000000,15.00000000,15.00000000,0.00000000
2019-09-09T00:40:00,2019,9,9,0,40,0.00000000,14.96666667,14.96666667,0.00000000
2019-09-09T00:50:00,2019,9,9,0,50,0.00000000,14.93333333,14.93333333,0.00000000
2019-09-09T01:00:00,2019,9,9,1,0,0.00000000,14.90000000,14.90000000,0.00000000
2019-09-09T01:10:00,2019,9,9,1,10,0.00000000,14.85000000,14.85000000,0.00000000
2019-09-09T01:20:00,2019,9,9,1,20,0.00000000,14.80000000,14.80000000,0.00000000
2019-09-09T01:30:00,2019,9,9,1,30,0.00000000,14.75000000,14.75000000,0.00000000
2019-09-09T01:40:00,2019,9,9,1,40,0.00000000,14.70000000,14.70000000,0.00000000
2019-09-09T01:50:00,2019,9,9,1,50,0.00000000,14.65000000,14.65000000,0.00000000
2019-09-09T02:00:00,2019,9,9,2,0,0.00000000,14.60000000,14.60000000,0.00000000
2019-09-09T02:10:00,2019,9,9,2,10,0.00000000,14.55000000,14.55000000,0.00000000
2019-09-09T02:20:00,2019,9,9,2,20,0.00000000,14.50000000,14.50000000,0.00000000
2019-09-09T02:30:00,2019,9,9,2,30,0.00000000,14.45000000,14.45000000,0.00000000
2019-09-09T02:40:00,2019,9,9,2,40,0.00000000,14.40000000,14.40000000,0.00000000
2019-09-09T02:50:00,2019,9,9,2,50,0.00000000,14.35000000,14.35000000,0.00000000
2019-09-09T03:00:00,2019,9,9,3,0,0.00000000,14.30000000,14.30000000,0.00000000
2019-09-09T03:10:00,2019,9,9,3,10,0.00000000,14.25000000,14.25000000,0.00000000
2019-09-09T03:20:00,2019,9,9,3,20,0.00000000,14.20000000,14.20000000,0.00000000
2019-09-09T03:30:00,2019,9,9,3,30,0.00000000,14.15000000,14.15000000,0.00000000
2019-09-09T03:40:00,2019,9,9,3,40,0.00000000,14.10000000,14.10000000,0.00000000
2019-09-09T03:50:00,2019,9,9,3,50,0.00000000,14.05000000,14.05000000,0.00000000
2019-09-09T04:00:00,2019,9,9,4,0,0.00000000,14.00000000,14.00000000,0.00000000
2019-09-09T04:10:00,2019,9,9,4,10,0.00000000,13.98333333,13.98333333,0.00000000
2019-09-09T04:20:00,2019,9,9,4,20,0.00000000,13.96666667,13.96666667,0.00000000
2019-09-09T04:30:00,2019,9,9,4,30,0.00000000,13.95000000,13.95000000,0.00000000
2019-09-09T04:40:00,2019,9,9,4,40,0.00000000,13.93333333,13.93333333,0.00000000
2019-09-09T04:50:00,2019,9,9,4,50,0.00000000,13.91666667,13.91666667,0.00000000
2019-09-09T05:00:00,2019,9,9,5,0,0.00000000,13.90000000,13.90000000,0.00000000
2019-09-09T05:10:00,2019,9,9,5,10,0.00783333,13.76666667,14.04083333,0.00822823
2019-09-09T05:20:00,2019,9,9,5,20,0.01566667,13.63333333,14.18166667,0.01644631
2019-09-09T05:30:00,2019,9,9,5,30,0.02350000,13.50000000,14.32250000,0.02465424
2019-09-09T05:40:00,2019,9,9,5,40,0.03133333,13.36666667,14.46333333,0.03285202
2019-09-09T05:50:00,2019,9,9,5,50,0.03916667,13.23333333,14.60416667,0.04103965
2019-09-09T06:00:00,2019,9,9,6,0,0.04700000,13.10000000,14.74500000,0.04921713
2019-09-09T06:10:00,2019,9,9,6,10,0.07633333,13.56666667,16.23833333,0.07940985
2019-09-09T06:20:00,2019,9,9,6,20,0.10566667,14.03333333,17.73166667,0.10919956
2019-09-09T06:30:00,2019,9,9,6,30,0.13500000,14.50000000,19.22500000,0.13858628
2019-09-09T06:40:00,2019,9,9,6,40,0.16433333,14.96666667,20.71833333,0.16756999
2019-09-09T06:50:00,2019,9,9,6,50,0.19366667,15.43333333,22.21166667,0.19615070
2019-09-09T07:00:00,2019,9,9,7,0,0.22300000,15.90000000,23.70500000,0.22432841
2019-09-09T07:10:00,2019,9,9,7,10,0.25716667,16.45000000,25.45083333,0.25663335
2019-09-09T07:20:00,2019,9,9,7,20,0.29133333,17.00000000,27.19666667,0.28838951
2019-09-09T07:30:00,2019,9,9,7,30,0.32550000,17.55000000,28.94250000,0.31959689
2019-09-09T07:40:00,2019,9,9,7,40,0.35966667,18.10000000,30.68833333,0.35025551
2019-09-09T07:50:00,2019,9,9,7,50,0.39383333,18.65000000,32.43416667,0.38036535
2019-09-09T08:00:00,2019,9,9,8,0,0.42800000,19.20000000,34.18000000,0.40992642
2019-09-09T08:10:00,2019,9,9,8,10,0.46283333,19.70000000,35.89916667,0.43962864
2019-09-09T08:20:00,2019,9,9,8,20,0.49766667,20.20000000,37.61833333,0.46877994
2019-09-09T08:30:00,2019,9,9,8,30,0.53250000,20.70000000,39.33750000,0.49738029
2019-09-09T08:40:00,2019,9,9,8,40,0.56733333,21.20000000,41.05666667,0.52542972
2019-09-09T08:50:00,2019,9,9,8,50,0.60216667,21.70000000,42.77583333,0.55292820
2019-09-09T09:00:00,2019,9,9,9,0,0.63700000,22.20000000,44.49500000,0.57987575
2019-09-09T09:10:00,2019,9,9,9,10,0.63133333,22.65000000,44.74666667,0.57398638
2019-09-09T09:20:00,2019,9,9,9,20,0.62566667,23.10000000,44.99833333,0.56811013
2019-09-09T09:30:00,2019,9,9,9,30,0.62000000,23.55000000,45.25000000,0.56224700
2019-09-09T09:40:00,2019,9,9,9,40,0.61433333,24.00000000,45.50166667,0.55639699
2019-09-09T09:50:00,2019,9,9,9,50,0.60866667,24.45000000,45.75333333,0.55056010
2019-09-09T10:00:00,2019,9,9,10,0,0.60300000,24.90000000,46.00500000,0.54473633
2019-09-09T10:10:00,2019,9,9,10,10,0.65650000,24.98333333,47.96083333,0.58716058
2019-09-09T10:20:00,2019,9,9,10,20,0.71000000,25.06666667,49.91666667,0.62862217
2019-09-09T10:30:00,2019,9,9,10,30,0.76350000,25.15000000,51.87250000,0.66912109
2019-09-09T10:40:00,2019,9,9,10,40,0.81700000,25.23333333,53.82833333,0.70865736
2019-09-09T10:50:00,2019,9,9,10,50,0.87050000,25.31666667,55.78416667,0.74723096
2019-09-09T11:00:00,2019,9,9,11,0,0.92400000,25.40000000,57.74000000,0.78484190
2019-09-09T11:10:00,2019,9,9,11,10,0.91500000,26.13333333,58.15833333,0.77543657
2019-09-09T11:20:00,2019,9,9,11,20,0.90600000,26.86666667,58.57666667,0.76606588
2019-09-09T11:30:00,2019,9,9,11,30,0.89700000,27.60000000,58.99500000,0.75672983
2019-09-09T11:40:00,2019,9,9,11,40,0.88800000,28.33333333,59.41333333,0.74742842
2019-09-09T11:50:00,2019,9,9,11,50,0.87900000,29.06666667,59.83166667,0.73816164
2019-09-09T12:00:00,2019,9,9,12,0,0.87000000,29.80000000,60.25000000,0.72892950
2019-09-09T12:10:00,2019,9,9,12,10,0.84933333,29.68333333,59.41000000,0.71489576
2019-09-09T12:20:00,2019,9,9,12,20,0.82866667,29.56666667,58.57000000,0.70070230
2019-09-09T12:30:00,2019,9,9,12,30,0.80800000,29.45000000,57.73000000,0.68634914
2019-09-09T12:40:00,2019,9,9,12,40,0.78733333,29.33333333,56.89000000,0.67183626
2019-09-09T12:50:00,2019,9,9,12,50,0.76666667,29.21666667,56.05000000,0.65716367
2019-09-09T13:00:00,2019,9,9,13,0,0.74600000,29.10000000,55.21000000,0.64233136
2019-09-09T13:10:00,2019,9,9,13,10,0.71766667,28.91666667,54.03500000,0.62181439
2019-09-09T13:20:00,2019,9,9,13,20,0.68933333,28.73333333,52.86000000,0.60099113
2019-09-09T13:30:00,2019,9,9,13,30,0.66100000,28.55000000,51.68500000,0.57986159
2019-09-09T13:40:00,2019,9,9,13,40,0.63266667,28.36666667,50.51000000,0.55842576
2019-09-09T13:50:00,2019,9,9,13,50,0.60433333,28.18333333,49.33500000,0.53668366
2019-09-09T14:00:00,2019,9,9,14,0,0.57600000,28.00000000,48.16000000,0.51463526
2019-09-09T14:10:00,2019,9,9,14,10,0.53516667,27.70000000,46.43083333,0.48240896
2019-09-09T14:20:00,2019,9,9,14,20,0.49433333,27.40000000,44.70166667,0.44953306
2019-09-09T14:30:00,2019,9,9,14,30,0.45350000,27.10000000,42.97250000,0.41600757
2019-09-09T14:40:00,2019,9,9,14,40,0.41266667,26.80000000,41.24333333,0.38183249
2019-09-09T14:50:00,2019,9,9,14,50,0.37183333,26.50000000,39.51416667,0.34700782
2019-09-09T15:00:00,2019,9,9,15,0,0.33100000,26.20000000,37.78500000,0.31153356
2019-09-09T15:10:00,2019,9,9,15,10,0.30500000,25.50000000,36.17500000,0.28932147
2019-09-09T15:20:00,2019,9,9,15,20,0.27900000,24.80000000,34.56500000,0.26672428
2019-09-09T15:30:00,2019,9,9,15,30,0.25300000,24.10000000,32.95500000,0.24374197
2019-09-09T15:40:00,2019,9,9,15,40,0.22700000,23.40000000,31.34500000,0.22037455
2019-09-09T15:50:00,2019,9,9,15,50,0.20100000,22.70000000,29.73500000,0.19662202
2019-09-09T16:00:00,2019,9,9,16,0,0.17500000,22.00000000,28.12500000,0.17248437
2019-09-09T16:10:00,2019,9,9,16,10,0.15500000,21.70000000,27.12500000,0.15348487
2019-09-09T16:20:00,2019,9,9,16,20,0.13500000,21.40000000,26.12500000,0.13430138
2019-09-09T16:30:00,2019,9,9,16,30,0.11500000,21.10000000,25.12500000,0.11493387
2019-09-09T16:40:00,2019,9,9,16,40,0.09500000,20.80000000,24.12500000,0.09538237
2019-09-09T16:50:00,2019,9,9,16,50,0.07500000,20.50000000,23.12500000,0.07564687
2019-09-09T17:00:00,2019,9,9,17,0,0.05500000,20.20000000,22.12500000,0.05572738
2019-09-09T17:10:00,2019,9,9,17,10,0.04583333,19.88333333,21.48750000,0.04657389
2019-09-09T17:20:00,2019,9,9,17,20,0.03666667,19.56666667,20.85000000,0.03736663
2019-09-09T17:30:00,2019,9,9,17,30,0.02750000,19.25000000,20.21250000,0.02810562
2019-09-09T17:40:00,2019,9,9,17,40,0.01833333,18.93333333,19.57500000,0.01879084
2019-09-09T17:50:00,2019,9,9,17,50,0.00916667,18.61666667,18.93750000,0.00942230
2019-09-09T18:00:00,2019,9,9,18,0,0.00000000,18.30000000,18.30000000,0.00000000
2019-09-09T18:10:00,2019,9,9,18,10,0.00000000,18.06666667,18.06666667,0.00000000
2019-09-09T18:20:00,2019,9,9,18,20,0.00000000,17.83333333,17.83333333,0.00000000
2019-09-09T18:30:00,2019,9,9,18,30,0.00000000,17.60000000,17.60000000,0.00000000
2019-09-09T18:40:00,2019,9,9,18,40,0.00000000,17.36666667,17.36666667,0.00000000
2019-09-09T18:50:00,2019,9,9,18,50,0.00000000,17.13333333,17.13333333,0.00000000
2019-09-09T19:00:00,2019,9,9,19,0,0.00000000,16.90000000,16.90000000,0.00000000
2019-09-09T19:10:00,2019,9,9,19,10,0.00000000,16.73333333,16.73333333,0.00000000
2019-09-09T19:20:00,2019,9,9,19,20,0.00000000,16.56666667,16.56666667,0.00000000
2019-09-09T19:30:00,2019,9,9,19,30,0.00000000,16.40000000,16.40000000,0.00000000
2019-09-09T19:40:00,2019,9,9,19,40,0.00000000,16.23333333,16.23333333,0.00000000
2019-09-09T19:50:00,2019,9,9,19,50,0.00000000,16.06666667,16.06666667,0.00000000
2019-09-09T20:00:00,2019,9,9,20,0,0.00000000,15.90000000,15.90000000,0.00000000
2019-09-09T20:10:00,2019,9,9,20,10,0.00000000,15.78333333,15.78333333,0.00000000
2019-09-09T20:20:00,2019,9,9,20,20,0.00000000,15.66666667,15.66666667,0.00000000
2019-09-09T20:30:00,2019,9,9,20,30,0.00000000,15.55000000,15.55000000,0.00000000
2019-09-09T20:40:00,2019,9,9,20,40,0.00000000,15.43333333,15.43333333,0.00000000
2019-09-09T20:50:00,2019,9,9,20,50,0.00000000,15.31666667,15.31666667,0.00000000
2019-09-09T21:00:00,2019,9,9,21,0,0.00000000,15.20000000,15.20000000,0.00000000
2019-09-09T21:10:00,2019,9,9,21,10,0.00000000,15.06666667,15.06666667,0.00000000
2019-09-09T21:20:00,2019,9,9,21,20,0.00000000,14.93333333,14.93333333,0.00000000
2019-09-09T21:30:00,2019,9,9,21,30,0.00000000,14.80000000,14.80000000,0.00000000
2019-09-09T21:40:00,2019,9,9,21,40,0.00000000,14.66666667,14.66666667,0.00000000
2019-09-09T21:50:00,2019,9,9,21,50,0.00000000,14.53333333,14.53333333,0.00000000
2019-09-09T22:00:00,2019,9,9,22,0,0.00000000,14.40000000,14.40000000,0.00000000
2019-09-09T22:10:00,2019,9,9,22,10,0.00000000,14.26666667,14.26666667,0.00000000
2019-09-09T22:20:00,2019,9,9,22,20,0.00000000,14.13333333,14.13333333,0.00000000
2019-09-09T22:30:00,2019,9,9,22,30,0.00000000,14.00000000,14.00000000,0.00000000
2019-09-09T22:40:00,2019,9,9,22,40,0.00000000,13.86666667,13.86666667,0.00000000
2019-09-09T22:50:00,2019,9,9,22,50,0.00000000,13.73333333,13.73333333,0.00000000
2019-09-09T23:00:00,2019,9,9,23,0,0.00000000,13.60000000,13.60000000,0.00000000
2019-09-09T23:10:00,2019,9,9,23,10,0.00000000,14.21666667,14.21666667,0.00000000
2019-09-09T23:20:00,2019,9,9,23,20,0.00000000,14.83333333,14.83333333,0.00000000
2019-09-09T23:30:00,2019,9,9,23,30,0.00000000,15.45000000,15.45000000,0.00000000
2019-09-09T23:40:00,2019,9,9,23,40,0.00000000,16.06666667,16.06666667,0.00000000
2019-09-09T23:50:00,2019,9,9,23,50,0.00000000,16.68333333,16.68333333,0.00000000
2019-09-10T00:00:00,2019,9,10,0,0,0.00000000,17.30000000,17.30000000,0.00000000
2019-09-10T00:10:00,2019,9,10,0,10,0.00000000,17.31666667,17.31666667,0.00000000
2019-09-10T00:20:00,2019,9,10,0,20,0.00000000,17.33333333,17.33333333,0.00000000
2019-09-10T00:30:00,2019,9,10,0,30,0.00000000,17.35000000,17.35000000,0.00000000
2019-09-10T00:40:00,2019,9,10,0,40,0.00000000,17.36666667,17.36666667,0.00000000
2019-09-10T00:50:00,2019,9,10,0,50,0.00000000,17.38333333,17.38333333,0.00000000
2019-09-10T01:00:00,2019,9,10,1,0,0.00000000,17.40000000,17.40000000,0.00000000
2019-09-10T01:10:00,2019,9,10,1,10,0.00000000,17.46666667,17.46666667,0.00000000
2019-09-10T01:20:00,2019,9,10,1,20,0.00000000,17.53333333,17.53333333,0.00000000
2019-09-10T01:30:00,2019,9,10,1,30,0.00000000,17.60000000,17.60000000,0.00000000
2019-09-10T01:40:00,2019,9,10,1,40,0.00000000,17.66666667,17.66666667,0.00000000
2019-09-10T01:50:00,2019,9,10,1,50,0.00000000,17.73333333,17.73333333,0.00000000
2019-09-10T02:00:00,2019,9,10,2,0,0.00000000,17.80000000,17.80000000,0.00000000
2019-09-10T02:10:00,2019,9,10,2,10,0.00000000,17.98333333,17.98333333,0.00000000
2019-09-10T02:20:00,2019,9,10,2,20,0.00000000,18.16666667,18.16666667,0.00000000
2019-09-10T02:30:00,2019,9,10,2,30,0.00000000,18.35000000,18.35000000,0.00000000
2019-09-10T02:40:00,2019,9,10,2,40,0.00000000,18.53333333,18.53333333,0.00000000
2019-09-10T02:50:00,2019,9,10,2,50,0.00000000,18.71666667,18.71666667,0.00000000
2019-09-10T03:00:00,2019,9,10,3,0,0.00000000,18.90000000,18.90000000,0.00000000
2019-09-10T03:10:00,2019,9,10,3,10,0.00000000,18.90000000,18.90000000,0.00000000
2019-09-10T03:20:00,2019,9,10,3,20,0.00000000,18.90000000,18.90000000,0.00000000
2019-09-10T03:30:00,2019,9,10,3,30,0.00000000,18.90000000,18.90000000,0.00000000
2019-09-10T03:40:00,2019,9,10,3,40,0.00000000,18.90000000,18.90000000,0.00000000
2019-09-10T03:50:00,2019,9,10,3,50,0.00000000,18.90000000,18.90000000,0.00000000
2019-09-10T04:00:00,2019,9,10,4,0,0.00000000,18.90000000,18.90000000,0.00000000
2019-09-10T04:10:00,2019,9,10,4,10,0.00000000,18.81666667,18.81666667,0.00000000
2019-09-10T04:20:00,2019,9,10,4,20,0.00000000,18.73333333,18.73333333,0.00000000
2019-09-10T04:30:00,2019,9,10,4,30,0.00000000,18.65000000,18.65000000,0.00000000
2019-09-10T04:40:00,2019,9,10,4,40,0.00000000,18.56666667,18.56666667,0.00000000
2019-09-10T04:50:00,2019,9,10,4,50,0.00000000,18.48333333,18.48333333,0.00000000
2019-09-10T05:00:00,2019,9,10,5,0,0.00000000,18.40000000,18.40000000,0.00000000
2019-09-10T05:10:00,2019,9,10,5,10,0.00300000,18.46666667,18.57166667,0.00308871
2019-09-10T05:20:00,2019,9,10,5,20,0.00600000,18.53333333,18.74333333,0.00617268
2019-09-10T05:30:00,2019,9,10,5,30,0.00900000,18.60000000,18.91500000,0.00925192
2019-09-10T05:40:00,2019,9,10,5,40,0.01200000,18.66666667,19.08666667,0.01232642
2019-09-10T05:50:00,2019,9,10,5,50,0.01500000,18.73333333,19.25833333,0.01539617
2019-09-10T06:00:00,2019,9,10,6,0,0.01800000,18.80000000,19.43000000,0.01846120
2019-09-10T06:10:00,2019,9,10,6,10,0.01883333,18.61666667,19.27583333,0.01932924
2019-09-10T06:20:00,2019,9,10,6,20,0.01966667,18.43333333,19.12166667,0.02019846
2019-09-10T06:30:00,2019,9,10,6,30,0.02050000,18.25000000,18.96750000,0.02106886
2019-09-10T06:40:00,2019,9,10,6,40,0.02133333,18.06666667,18.81333333,0.02194045
2019-09-10T06:50:00,2019,9,10,6,50,0.02216667,17.88333333,18.65916667,0.02281322
2019-09-10T07:00:00,2019,9,10,7,0,0.02300000,17.70000000,18.50500000,0.02368717
2019-09-10T07:10:00,2019,9,10,7,10,0.04966667,17.76666667,19.50500000,0.05092209
2019-09-10T07:20:00,2019,9,10,7,20,0.07633333,17.83333333,20.50500000,0.07791168
2019-09-10T07:30:00,2019,9,10,7,30,0.10300000,17.90000000,21.50500000,0.10465593
2019-09-10T07:40:00,2019,9,10,7,40,0.12966667,17.96666667,22.50500000,0.13115485
2019-09-10T07:50:00,2019,9,10,7,50,0.15633333,18.03333333,23.50500000,0.15740844
2019-09-10T08:00:00,2019,9,10,8,0,0.18300000,18.10000000,24.50500000,0.18341669
2019-09-10T08:10:00,2019,9,10,8,10,0.19383333,17.61666667,24.40083333,0.19436757
2019-09-10T08:20:00,2019,9,10,8,20,0.20466667,17.13333333,24.29666667,0.20532883
2019-09-10T08:30:00,2019,9,10,8,30,0.21550000,16.65000000,24.19250000,0.21630047
2019-09-10T08:40:00,2019,9,10,8,40,0.22633333,16.16666667,24.08833333,0.22728250
2019-09-10T08:50:00,2019,9,10,8,50,0.23716667,15.68333333,23.98416667,0.23827491
2019-09-10T09:00:00,2019,9,10,9,0,0.24800000,15.20000000,23.88000000,0.24927770
2019-09-10T09:10:00,2019,9,10,9,10,0.26433333,15.01666667,24.26833333,0.26522299
2019-09-10T09:20:00,2019,9,10,9,20,0.28066667,14.83333333,24.65666667,0.28110993
2019-09-10T09:30:00,2019,9,10,9,30,0.29700000,14.65000000,25.04500000,0.29693852
2019-09-10T09:40:00,2019,9,10,9,40,0.31333333,14.46666667,25.43333333,0.31270876
2019-09-10T09:50:00,2019,9,10,9,50,0.32966667,14.28333333,25.82166667,0.32842064
2019-09-10T10:00:00,2019,9,10,10,0,0.34600000,14.10000000,26.21000000,0.34407416
2019-09-10T10:10:00,2019,9,10,10,10,0.34950000,13.95000000,26.18250000,0.34759889
2019-09-10T10:20:00,2019,9,10,10,20,0.35300000,13.80000000,26.15500000,0.35112451
2019-09-10T10:30:00,2019,9,10,10,30,0.35650000,13.65000000,26.12750000,0.35465101
2019-09-10T10:40:00,2019,9,10,10,40,0.36000000,13.50000000,26.10000000,0.35817840
2019-09-10T10:50:00,2019,9,10,10,50,0.36350000,13.35000000,26.07250000,0.36170667
2019-09-10T11:00:00,2019,9,10,11,0,0.36700000,13.20000000,26.04500000,0.36523583
2019-09-10T11:10:00,2019,9,10,11,10,0.35200000,13.08333333,25.40333333,0.35134692
2019-09-10T11:20:00,2019,9,10,11,20,0.33700000,12.96666667,24.76166667,0.33736946
2019-09-10T11:30:00,2019,9,10,11,30,0.32200000,12.85000000,24.12000000,0.32330346
2019-09-10T11:40:00,2019,9,10,11,40,0.30700000,12.73333333,23.47833333,0.30914890
2019-09-10T11:50:00,2019,9,10,11,50,0.29200000,12.61666667,22.83666667,0.29490579
2019-09-10T12:00:00,2019,9,10,12,0,0.27700000,12.50000000,22.19500000,0.28057413
2019-09-10T12:10:00,2019,9,10,12,10,0.28000000,12.81666667,22.61666667,0.28306973
2019-09-10T12:20:00,2019,9,10,12,20,0.28300000,13.13333333,23.03833333,0.28555370
2019-09-10T12:30:00,2019,9,10,12,30,0.28600000,13.45000000,23.46000000,0.28802602
2019-09-10T12:40:00,2019,9,10,12,40,0.28900000,13.76666667,23.88166667,0.29048671
2019-09-10T12:50:00,2019,9,10,12,50,0.29200000,14.08333333,24.30333333,0.29293576
2019-09-10T13:00:00,2019,9,10,13,0,0.29500000,14.40000000,24.72500000,0.29537317
2019-09-10T13:10:00,2019,9,10,13,10,0.28733333,14.33333333,24.39000000,0.28813959
2019-09-10T13:20:00,2019,9,10,13,20,0.27966667,14.26666667,24.05500000,0.28088238
2019-09-10T13:30:00,2019,9,10,13,30,0.27200000,14.20000000,23.72000000,0.27360154
2019-09-10T13:40:00,2019,9,10,13,40,0.26433333,14.13333333,23.38500000,0.26629707
2019-09-10T13:50:00,2019,9,10,13,50,0.25666667,14.06666667,23.05000000,0.25896897
2019-09-10T14:00:00,2019,9,10,14,0,0.24900000,14.00000000,22.71500000,0.25161724
2019-09-10T14:10:00,2019,9,10,14,10,0.24000000,13.98333333,22.38333333,0.24288880
2019-09-10T14:20:00,2019,9,10,14,20,0.23100000,13.96666667,22.05166667,0.23413290
2019-09-10T14:30:00,2019,9,10,14,30,0.22200000,13.95000000,21.72000000,0.22534954
2019-09-10T14:40:00,2019,9,10,14,40,0.21300000,13.93333333,21.38833333,0.21653871
2019-09-10T14:50:00,2019,9,10,14,50,0.20400000,13.91666667,21.05666667,0.20770042
2019-09-10T15:00:00,2019,9,10,15,0,0.19500000,13.90000000,20.72500000,0.19883468
2019-09-10T15:10:00,2019,9,10,15,10,0.17200000,14.03333333,20.05333333,0.17591380
2019-09-10T15:20:00,2019,9,10,15,20,0.14900000,14.16666667,19.38166667,0.15285081
2019-09-10T15:30:00,2019,9,10,15,30,0.12600000,14.30000000,18.71000000,0.12964568
2019-09-10T15:40:00,2019,9,10,15,40,0.10300000,14.43333333,18.03833333,0.10629844
2019-09-10T15:50:00,2019,9,10,15,50,0.08000000,14.56666667,17.36666667,0.08280907
2019-09-10T16:00:00,2019,9,10,16,0,0.05700000,14.70000000,16.69500000,0.05917757
2019-09-10T16:10:00,2019,9,10,16,10,0.05100000,15.15000000,16.93500000,0.05289205
2019-09-10T16:20:00,2019,9,10,16,20,0.04500000,15.60000000,17.17500000,0.04661977
2019-09-10T16:30:00,2019,9,10,16,30,0.03900000,16.05000000,17.41500000,0.04036075
2019-09-10T16:40:00,2019,9,10,16,40,0.03300000,16.50000000,17.65500000,0.03411497
2019-09-10T16:50:00,2019,9,10,16,50,0.02700000,16.95000000,17.89500000,0.02788244
2019-09-10T17:00:00,2019,9,10,17,0,0.02100000,17.40000000,18.13500000,0.02166316
2019-09-10T17:10:00,2019,9,10,17,10,0.01750000,17.50000000,18.11250000,0.01805444
2019-09-10T17:20:00,2019,9,10,17,20,0.01400000,17.60000000,18.09000000,0.01444500
2019-09-10T17:30:00,2019,9,10,17,30,0.01050000,17.70000000,18.06750000,0.01083484
2019-09-10T17:40:00,2019,9,10,17,40,0.00700000,17.80000000,18.04500000,0.00722395
2019-09-10T17:50:00,2019,9,10,17,50,0.00350000,17.90000000,18.02250000,0.00361234
2019-09-10T18:00:00,2019,9,10,18,0,0.00000000,18.00000000,18.00000000,0.00000000
2019-09-10T18:10:00,2019,9,10,18,10,0.00000000,18.01666667,18.01666667,0.00000000
2019-09-10T18:20:00,2019,9,10,18,20,0.00000000,18.03333333,18.03333333,0.00000000
2019-09-10T18:30:00,2019,9,10,18,30,0.00000000,18.05000000,18.05000000,0.00000000
2019-09-10T18:40:00,2019,9,10,18,40,0.00000000,18.06666667,18.06666667,0.00000000
2019-09-10T18:50:00,2019,9,10,18,50,0.00000000,18.08333333,18.08333333,0.00000000
2019-09-10T19:00:00,2019,9,10,19,0,0.00000000,18.10000000,18.10000000,0.00000000
2019-09-10T19:10:00,2019,9,10,19,10,0.00000000,18.33333333,18.33333333,0.00000000
2019-09-10T19:20:00,2019,9,10,19,20,0.00000000,18.56666667,18.56666667,0.00000000
2019-09-10T19:30:00,2019,9,10,19,30,0.00000000,18.80000000,18.80000000,0.00000000
2019-09-10T19:40:00,2019,9,10,19,40,0.00000000,19.03333333,19.03333333,0.00000000
2019-09-10T19:50:00,2019,9,10,19,50,0.00000000,19.26666667,19.26666667,0.00000000
2019-09-10T20:00:00,2019,9,10,20,0,0.00000000,19.50000000,19.50000000,0.00000000
2019-09-10T20:10:00,2019,9,10,20,10,0.00000000,19.41666667,19.41666667,0.00000000
2019-09-10T20:20:00,2019,9,10,20,20,0.00000000,19.33333333,19.33333333,0.00000000
2019-09-10T20:30:00,2019,9,10,20,30,0.00000000,19.25000000,19.25000000,0.00000000
2019-09-10T20:40:00,2019,9,10,20,40,0.00000000,19.16666667,19.16666667,0.00000000
2019-09-10T20:50:00,2019,9,10,20,50,0.00000000,19.08333333,19.08333333,0.00000000
2019-09-10T21:00:00,2019,9,10,21,0,0.00000000,19.00000000,19.00000000,0.00000000
2019-09-10T21:10:00,2019,9,10,21,10,0.00000000,19.23333333,19.23333333,0.00000000
2019-09-10T21:20:00,2019,9,10,21,20,0.00000000,19.46666667,19.46666667,0.00000000
2019-09-10T21:30:00,2019,9,10,21,30,0.00000000,19.70000000,19.70000000,0.00000000
2019-09-10T21:40:00,2019,9,10,21,40,0.00000000,19.93333333,19.93333333,0.00000000
2019-09-10T21:50:00,2019,9,10,21,50,0.00000000,20.16666667,20.16666667,0.00000000
2019-09-10T22:00:00,2019,9,10,22,0,0.00000000,20.40000000,20.40000000,0.00000000
2019-09-10T22:10:00,2019,9,10,22,10,0.00000000,20.38333333,20.38333333,0.00000000
2019-09-10T22:20:00,2019,9,10,22,20,0.00000000,20.36666667,20.36666667,0.00000000
2019-09-10T22:30:00,2019,9,10,22,30,0.00000000,20.35000000,20.35000000,0.00000000
2019-09-10T22:40:00,2019,9,10,22,40,0.00000000,20.33333333,20.33333333,0.00000000
2019-09-10T22:50:00,2019,9,10,22,50,0.00000000,20.31666667,20.31666667,0.00000000
2019-09-10T23:00:00,2019,9,10,23,0,0.00000000,20.30000000,20.30000000,0.00000000
2019-09-10T23:10:00,2019,9,10,23,10,0.00000000,20.46666667,20.46666667,0.00000000
2019-09-10T23:20:00,2019,9,10,23,20,0.00000000,20.63333333,20.63333333,0.00000000
2019-09-10T23:30:00,2019,9,10,23,30,0.00000000,20.80000000,20.80000000,0.00000000
2019-09-10T23:40:00,2019,9,10,23,40,0.00000000,20.96666667,20.96666667,0.00000000
2019-09-10T23:50:00,2019,9,10,23,50,0.00000000,21.13333333,21.13333333,0.00000000
2019-09-11T00:00:00,2019,9,11,0,0,0.00000000,21.30000000,21.30000000,0.00000000
2019-09-11T00:10:00,2019,9,11,0,10,0.00000000,21.30000000,21.30000000,0.00000000
2019-09-11T00:20:00,2019,9,11,0,20,0.00000000,21.30000000,21.30000000,0.00000000
2019-09-11T00:30:00,2019,9,11,0,30,0.00000000,21.30000000,21.30000000,0.00000000
2019-09-11T00:40:00,2019,9,11,0,40,0.00000000,21.30000000,21.30000000,0.00000000
2019-09-11T00:50:00,2019,9,11,0,50,0.00000000,21.30000000,21.30000000,0.00000000
2019-09-11T01:00:00,2019,9,11,1,0,0.00000000,21.30000000,21.30000000,0.00000000
2019-09-11T01:10:00,2019,9,11,1,10,0.00000000,21.38333333,21.38333333,0.00000000
2019-09-11T01:20:00,2019,9,11,1,20,0.00000000,21.46666667,21.46666667,0.00000000
2019-09-11T01:30:00,2019,9,11,1,30,0.00000000,21.55000000,21.55000000,0.00000000
2019-09-11T01:40:00,2019,9,11,1,40,0.00000000,21.63333333,21.63333333,0.00000000
2019-09-11T01:50:00,2019,9,11,1,50,0.00000000,21.71666667,21.71666667,0.00000000
2019-09-11T02:00:00,2019,9,11,2,0,0.00000000,21.80000000,21.80000000,0.00000000
2019-09-11T02:10:00,2019,9,11,2,10,0.00000000,21.70000000,21.70000000,0.00000000
2019-09-11T02:20:00,2019,9,11,2,20,0.00000000,21.60000000,21.60000000,0.00000000
2019-09-11T02:30:00,2019,9,11,2,30,0.00000000,21.50000000,21.50000000,0.00000000
2019-09-11T02:40:00,2019,9,11,2,40,0.00000000,21.40000000,21.40000000,0.00000000
2019-09-11T02:50:00,2019,9,11,2,50,0.00000000,21.30000000,21.30000000,0.00000000
2019-09-11T03:00:00,2019,9,11,3,0,0.00000000,21.20000000,21.20000000,0.00000000
2019-09-11T03:10:00,2019,9,11,3,10,0.00000000,21.21666667,21.21666667,0.00000000
2019-09-11T03:20:00,2019,9,11,3,20,0.00000000,21.23333333,21.23333333,0.00000000
2019-09-11T03:30:00,2019,9,11,3,30,0.00000000,21.25000000,21.25000000,0.00000000
2019-09-11T03:40:00,2019,9,11,3,40,0.00000000,21.26666667,21.26666667,0.00000000
2019-09-11T03:50:00,2019,9,11,3,50,0.00000000,21.28333333,21.28333333,0.00000000
2019-09-11T04:00:00,2019,9,11,4,0,0.00000000,21.30000000,21.30000000,0.00000000
2019-09-11T04:10:00,2019,9,11,4,10,0.00000000,21.43333333,21.43333333,0.00000000
2019-09-11T04:20:00,2019,9,11,4,20,0.00000000,21.56666667,21.56666667,0.00000000
2019-09-11T04:30:00,2019,9,11,4,30,0.00000000,21.70000000,21.70000000,0.00000000
2019-09-11T04:40:00,2019,9,11,4,40,0.00000000,21.83333333,21.83333333,0.00000000
2019-09-11T04:50:00,2019,9,11,4,50,0.00000000,21.96666667,21.96666667,0.00000000
2019-09-11T05:00:00,2019,9,11,5,0,0.00000000,22.10000000,22.10000000,0.00000000
2019-09-11T05:10:00,2019,9,11,5,10,0.00216667,22.03333333,22.10916667,0.00219548
2019-09-11T05:20:00,2019,9,11,5,20,0.00433333,21.96666667,22.11833333,0.00439077
2019-09-11T05:30:00,2019,9,11,5,30,0.00650000,21.90000000,22.12750000,0.00658589
2019-09-11T05:40:00,2019,9,11,5,40,0.00866667,21.83333333,22.13666667,0.00878082
2019-09-11T05:50:00,2019,9,11,5,50,0.01083333,21.76666667,22.14583333,0.01097557
2019-09-11T06:00:00,2019,9,11,6,0,0.01300000,21.70000000,22.15500000,0.01317013
2019-09-11T06:10:00,2019,9,11,6,10,0.01166667,21.50000000,21.90833333,0.01183259
2019-09-11T06:20:00,2019,9,11,6,20,0.01033333,21.30000000,21.66166667,0.01049202
2019-09-11T06:30:00,2019,9,11,6,30,0.00900000,21.10000000,21.41500000,0.00914842
2019-09-11T06:40:00,2019,9,11,6,40,0.00766667,20.90000000,21.16833333,0.00780180
2019-09-11T06:50:00,2019,9,11,6,50,0.00633333,20.70000000,20.92166667,0.00645215
2019-09-11T07:00:00,2019,9,11,7,0,0.00500000,20.50000000,20.67500000,0.00509948
2019-09-11T07:10:00,2019,9,11,7,10,0.01416667,20.43333333,20.92916667,0.01443195
2019-09-11T07:20:00,2019,9,11,7,20,0.02333333,20.36666667,21.18333333,0.02374299
2019-09-11T07:30:00,2019,9,11,7,30,0.03250000,20.30000000,21.43750000,0.03303259
2019-09-11T07:40:00,2019,9,11,7,40,0.04166667,20.23333333,21.69166667,0.04230076
2019-09-11T07:50:00,2019,9,11,7,50,0.05083333,20.16666667,21.94583333,0.05154750
2019-09-11T08:00:00,2019,9,11,8,0,0.06000000,20.10000000,22.20000000,0.06077280
2019-09-11T08:10:00,2019,9,11,8,10,0.08583333,20.03333333,23.03750000,0.08660819
2019-09-11T08:20:00,2019,9,11,8,20,0.11166667,19.96666667,23.87500000,0.11224454
2019-09-11T08:30:00,2019,9,11,8,30,0.13750000,19.90000000,24.71250000,0.13768184
2019-09-11T08:40:00,2019,9,11,8,40,0.16333333,19.83333333,25.55000000,0.16292010
2019-09-11T08:50:00,2019,9,11,8,50,0.18916667,19.76666667,26.38750000,0.18795931
2019-09-11T09:00:00,2019,9,11,9,0,0.21500000,19.70000000,27.22500000,0.21279947
2019-09-11T09:10:00,2019,9,11,9,10,0.21316667,19.53333333,26.99416667,0.21121125
2019-09-11T09:20:00,2019,9,11,9,20,0.21133333,19.36666667,26.76333333,0.20961914
2019-09-11T09:30:00,2019,9,11,9,30,0.20950000,19.20000000,26.53250000,0.20802313
2019-09-11T09:40:00,2019,9,11,9,40,0.20766667,19.03333333,26.30166667,0.20642323
2019-09-11T09:50:00,2019,9,11,9,50,0.20583333,18.86666667,26.07083333,0.20481943
2019-09-11T10:00:00,2019,9,11,10,0,0.20400000,18.70000000,25.84000000,0.20321174
2019-09-11T10:10:00,2019,9,11,10,10,0.18616667,18.73333333,25.24916667,0.18595329
2019-09-11T10:20:00,2019,9,11,10,20,0.16833333,18.76666667,24.65833333,0.16859790
2019-09-11T10:30:00,2019,9,11,10,30,0.15050000,18.80000000,24.06750000,0.15114557
2019-09-11T10:40:00,2019,9,11,10,40,0.13266667,18.83333333,23.47666667,0.13359631
2019-09-11T10:50:00,2019,9,11,10,50,0.11483333,18.86666667,22.88583333,0.11595011
2019-09-11T11:00:00,2019,9,11,11,0,0.09700000,18.90000000,22.29500000,0.09820697
2019-09-11T11:10:00,2019,9,11,11,10,0.09600000,18.71666667,22.07666667,0.09729094
2019-09-11T11:20:00,2019,9,11,11,20,0.09500000,18.53333333,21.85833333,0.09637291
2019-09-11T11:30:00,2019,9,11,11,30,0.09400000,18.35000000,21.64000000,0.09545286
2019-09-11T11:40:00,2019,9,11,11,40,0.09300000,18.16666667,21.42166667,0.09453081
2019-09-11T11:50:00,2019,9,11,11,50,0.09200000,17.98333333,21.20333333,0.09360675
2019-09-11T12:00:00,2019,9,11,12,0,0.09100000,17.80000000,20.98500000,0.09268068
2019-09-11T12:10:00,2019,9,11,12,10,0.12833333,17.73333333,22.22500000,0.12997151
2019-09-11T12:20:00,2019,9,11,12,20,0.16566667,17.66666667,23.46500000,0.16683644
2019-09-11T12:30:00,2019,9,11,12,30,0.20300000,17.60000000,24.70500000,0.20327547
2019-09-11T12:40:00,2019,9,11,12,40,0.24033333,17.53333333,25.94500000,0.23928860
2019-09-11T12:50:00,2019,9,11,12,50,0.27766667,17.46666667,27.18500000,0.27487584
2019-09-11T13:00:00,2019,9,11,13,0,0.31500000,17.40000000,28.42500000,0.31003717
2019-09-11T13:10:00,2019,9,11,13,10,0.30566667,17.58333333,28.28166667,0.30105242
2019-09-11T13:20:00,2019,9,11,13,20,0.29633333,17.76666667,28.13833333,0.29205537
2019-09-11T13:30:00,2019,9,11,13,30,0.28700000,17.95000000,27.99500000,0.28304600
2019-09-11T13:40:00,2019,9,11,13,40,0.27766667,18.13333333,27.85166667,0.27402433
2019-09-11T13:50:00,2019,9,11,13,50,0.26833333,18.31666667,27.70833333,0.26499035
2019-09-11T14:00:00,2019,9,11,14,0,0.25900000,18.50000000,27.56500000,0.25594406
2019-09-11T14:10:00,2019,9,11,14,10,0.24116667,18.41666667,26.85750000,0.23910602
2019-09-11T14:20:00,2019,9,11,14,20,0.22333333,18.33333333,26.15000000,0.22215190
2019-09-11T14:30:00,2019,9,11,14,30,0.20550000,18.25000000,25.44250000,0.20508170
2019-09-11T14:40:00,2019,9,11,14,40,0.18766667,18.16666667,24.73500000,0.18789543
2019-09-11T14:50:00,2019,9,11,14,50,0.16983333,18.08333333,24.02750000,0.17059308
2019-09-11T15:00:00,2019,9,11,15,0,0.15200000,18.00000000,23.32000000,0.15317466
2019-09-11T15:10:00,2019,9,11,15,10,0.14016667,17.96666667,22.87250000,0.14153841
2019-09-11T15:20:00,2019,9,11,15,20,0.12833333,17.93333333,22.42500000,0.12985344
2019-09-11T15:30:00,2019,9,11,15,30,0.11650000,17.90000000,21.97750000,0.11811976
2019-09-11T15:40:00,2019,9,11,15,40,0.10466667,17.86666667,21.53000000,0.10633736
2019-09-11T15:50:00,2019,9,11,15,50,0.09283333,17.83333333,21.08250000,0.09450624
2019-09-11T16:00:00,2019,9,11,16,0,0.08100000,17.80000000,20.63500000,0.08262640
2019-09-11T16:10:00,2019,9,11,16,10,0.06983333,17.83333333,20.27750000,0.07135036
2019-09-11T16:20:00,2019,9,11,16,20,0.05866667,17.86666667,19.92000000,0.06003759
2019-09-11T16:30:00,2019,9,11,16,30,0.04750000,17.90000000,19.56250000,0.04868809
2019-09-11T16:40:00,2019,9,11,16,40,0.03633333,17.93333333,19.20500000,0.03730187
2019-09-11T16:50:00,2019,9,11,16,50,0.02516667,17.96666667,18.84750000,0.02587892
2019-09-11T17:00:00,2019,9,11,17,0,0.01400000,18.00000000,18.49000000,0.01441924
2019-09-11T17:10:00,2019,9,11,17,10,0.01166667,17.93333333,18.34166667,0.01202400
2019-09-11T17:20:00,2019,9,11,17,20,0.00933333,17.86666667,18.19333333,0.00962557
2019-09-11T17:30:00,2019,9,11,17,30,0.00700000,17.80000000,18.04500000,0.00722395
2019-09-11T17:40:00,2019,9,11,17,40,0.00466667,17.73333333,17.89666667,0.00481915
2019-09-11T17:50:00,2019,9,11,17,50,0.00233333,17.66666667,17.74833333,0.00241117
2019-09-11T18:00:00,2019,9,11,18,0,0.00000000,17.60000000,17.60000000,0.00000000
2019-09-11T18:10:00,2019,9,11,18,10,0.00000000,17.68333333,17.68333333,0.00000000
2019-09-11T18:20:00,2019,9,11,18,20,0.00000000,17.76666667,17.76666667,0.00000000
2019-09-11T18:30:00,2019,9,11,18,30,0.00000000,17.85000000,17.85000000,0.00000000
2019-09-11T18:40:00,2019,9,11,18,40,0.00000000,17.93333333,17.93333333,0.00000000
2019-09-11T18:50:00,2019,9,11,18,50,0.00000000,18.01666667,18.01666667,0.00000000
2019-09-11T19:00:00,2019,9,11,19,0,0.00000000,18.10000000,18.10000000,0.00000000
2019-09-11T19:10:00,2019,9,11,19,10,0.00000000,18.10000000,18.10000000,0.00000000
2019-09-11T19:20:00,2019,9,11,19,20,0.00000000,18.10000000,18.10000000,0.00000000
2019-09-11T19:30:00,2019,9,11,19,30,0.00000000,18.10000000,18.10000000,0.00000000
2019-09-11T19:40:00,2019,9,11,19,40,0.00000000,18.10000000,18.10000000,0.00000000
2019-09-11T19:50:00,2019,9,11,19,50,0.00000000,18.10000000,18.10000000,0.00000000
2019-09-11T20:00:00,2019,9,11,20,0,0.00000000,18.10000000,18.10000000,0.00000000
2019-09-11T20:10:00,2019,9,11,20,10,0.00000000,18.20000000,18.20000000,0.00000000
2019-09-11T20:20:00,2019,9,11,20,20,0.00000000,18.30000000,18.30000000,0.00000000
2019-09-11T20:30:00,2019,9,11,20,30,0.00000000,18.40000000,18.40000000,0.00000000
2019-09-11T20:40:00,2019,9,11,20,40,0.00000000,18.50000000,18.50000000,0.00000000
2019-09-11T20:50:00,2019,9,11,20,50,0.00000000,18.60000000,18.60000000,0.00000000
2019-09-11T21:00:00,2019,9,11,21,0,0.00000000,18.70000000,18.70000000,0.00000000
2019-09-11T21:10:00,2019,9,11,21,10,0.00000000,18.76666667,18.76666667,0.00000000
2019-09-11T21:20:00,2019,9,11,21,20,0.00000000,18.83333333,18.83333333,0.00000000
2019-09-11T21:30:00,2019,9,11,21,30,0.00000000,18.90000000,18.90000000,0.00000000
2019-09-11T21:40:00,2019,9,11,21,40,0.00000000,18.96666667,18.96666667,0.00000000
2019-09-11T21:50:00,2019,9,11,21,50,0.00000000,19.03333333,19.03333333,0.00000000
2019-09-11T22:00:00,2019,9,11,22,0,0.00000000,19.10000000,19.10000000,0.00000000
2019-09-11T22:10:00,2019,9,11,22,10,0.00000000,19.20000000,19.20000000,0.00000000
2019-09-11T22:20:00,2019,9,11,22,20,0.00000000,19.30000000,19.30000000,0.00000000
2019-09-11T22:30:00,2019,9,11,22,30,0.00000000,19.40000000,19.40000000,0.00000000
2019-09-11T22:40:00,2019,9,11,22,40,0.00000000,19.50000000,19.50000000,0.00000000
2019-09-11T22:50:00,2019,9,11,22,50,0.00000000,19.60000000,19.60000000,0.00000000
2019-09-11T23:00:00,2019,9,11,23,0,0.00000000,19.70000000,19.70000000,0.00000000
2019-09-11T23:10:00,2019,9,11,23,10,0.00000000,19.35000000,19.35000000,0.00000000
2019-09-11T23:20:00,2019,9,11,23,20,0.00000000,19.00000000,19.00000000,0.00000000
2019-09-11T23:30:00,2019,9,11,23,30,0.00000000,18.65000000,18.65000000,0.00000000
2019-09-11T23:40:00,2019,9,11,23,40,0.00000000,18.30000000,18.30000000,0.00000000
2019-09-11T23:50:00,2019,9,11,23,50,0.00000000,17.95000000,17.95000000,0.00000000
2019-09-12T00:00:00,2019,9,12,0,0,0.00000000,17.60000000,17.60000000,0.00000000
2019-09-12T00:10:00,2019,9,12,0,10,0.00000000,17.51666667,17.51666667,0.00000000
2019-09-12T00:20:00,2019,9,12,0,20,0.00000000,17.43333333,17.43333333,0.00000000
2019-09-12T00:30:00,2019,9,12,0,30,0.00000000,17.35000000,17.35000000,0.00000000
2019-09-12T00:40:00,2019,9,12,0,40,0.00000000,17.26666667,17.26666667,0.00000000
2019-09-12T00:50:00,2019,9,12,0,50,0.00000000,17.18333333,17.18333333,0.00000000
2019-09-12T01:00:00,2019,9,12,1,0,0.00000000,17.10000000,17.10000000,0.00000000
2019-09-12T01:10:00,2019,9,12,1,10,0.00000000,17.15000000,17.15000000,0.00000000
2019-09-12T01:20:00,2019,9,12,1,20,0.00000000,17.20000000,17.20000000,0.00000000
2019-09-12T01:30:00,2019,9,12,1,30,0.00000000,17.25000000,17.25000000,0.00000000
2019-09-12T01:40:00,2019,9,12,1,40,0.00000000,17.30000000,17.30000000,0.00000000
2019-09-12T01:50:00,2019,9,12,1,50,0.00000000,17.35000000,17.35000000,0.00000000
2019-09-12T02:00:00,2019,9,12,2,0,0.00000000,17.40000000,17.40000000,0.00000000
2019-09-12T02:10:00,2019,9,12,2,10,0.00000000,17.25000000,17.25000000,0.00000000
2019-09-12T02:20:00,2019,9,12,2,20,0.00000000,17.10000000,17.10000000,0.00000000
2019-09-12T02:30:00,2019,9,12,2,30,0.00000000,16.95000000,16.95000000,0.00000000
2019-09-12T02:40:00,2019,9,12,2,40,0.00000000,16.80000000,16.80000000,0.00000000
2019-09-12T02:50:00,2019,9,12,2,50,0.00000000,16.65000000,16.65000000,0.00000000
2019-09-12T03:00:00,2019,9,12,3,0,0.00000000,16.50000000,16.50000000,0.00000000
2019-09-12T03:10:00,2019,9,12,3,10,0.00000000,16.50000000,16.50000000,0.00000000
2019-09-12T03:20:00,2019,9,12,3,20,0.00000000,16.50000000,16.50000000,0.00000000
2019-09-12T03:30:00,2019,9,12,3,30,0.00000000,16.50000000,16.50000000,0.00000000
2019-09-12T03:40:00,2019,9,12,3,40,0.00000000,16.50000000,16.50000000,0.00000000
2019-09-12T03:50:00,2019,9,12,3,50,0.00000000,16.50000000,16.50000000,0.00000000
2019-09-12T04:00:00,2019,9,12,4,0,0.00000000,16.50000000,16.50000000,0.00000000
2019-09-12T04:10:00,2019,9,12,4,10,0.00000000,16.56666667,16.56666667,0.00000000
2019-09-12T04:20:00,2019,9,12,4,20,0.00000000,16.63333333,16.63333333,0.00000000
2019-09-12T04:30:00,2019,9,12,4,30,0.00000000,16.70000000,16.70000000,0.00000000
2019-09-12T04:40:00,2019,9,12,4,40,0.00000000,16.76666667,16.76666667,0.00000000
2019-09-12T04:50:00,2019,9,12,4,50,0.00000000,16.83333333,16.83333333,0.00000000
2019-09-12T05:00:00,2019,9,12,5,0,0.00000000,16.90000000,16.90000000,0.00000000
2019-09-12T05:10:00,2019,9,12,5,10,0.00416667,16.80000000,16.94583333,0.00432104
2019-09-12T05:20:00,2019,9,12,5,20,0.00833333,16.70000000,16.99166667,0.00864032
2019-09-12T05:30:00,2019,9,12,5,30,0.01250000,16.60000000,17.03750000,0.01295784
2019-09-12T05:40:00,2019,9,12,5,40,0.01666667,16.50000000,17.08333333,0.01727361
2019-09-12T05:50:00,2019,9,12,5,50,0.02083333,16.40000000,17.12916667,0.02158762
2019-09-12T06:00:00,2019,9,12,6,0,0.02500000,16.30000000,17.17500000,0.02589988
2019-09-12T06:10:00,2019,9,12,6,10,0.04283333,16.36666667,17.86583333,0.04423900
2019-09-12T06:20:00,2019,9,12,6,20,0.06066667,16.43333333,18.55666667,0.06246479
2019-09-12T06:30:00,2019,9,12,6,30,0.07850000,16.50000000,19.24750000,0.08057723
2019-09-12T06:40:00,2019,9,12,6,40,0.09633333,16.56666667,19.93833333,0.09857633
2019-09-12T06:50:00,2019,9,12,6,50,0.11416667,16.63333333,20.62916667,0.11646208
2019-09-12T07:00:00,2019,9,12,7,0,0.13200000,16.70000000,21.32000000,0.13423450
2019-09-12T07:10:00,2019,9,12,7,10,0.15666667,17.21666667,22.70000000,0.15832420
2019-09-12T07:20:00,2019,9,12,7,20,0.18133333,17.73333333,24.08000000,0.18210074
2019-09-12T07:30:00,2019,9,12,7,30,0.20600000,18.25000000,25.46000000,0.20556410
2019-09-12T07:40:00,2019,9,12,7,40,0.23066667,18.76666667,26.84000000,0.22871430
2019-09-12T07:50:00,2019,9,12,7,50,0.25533333,19.28333333,28.22000000,0.25155134
2019-09-12T08:00:00,2019,9,12,8,0,0.28000000,19.80000000,29.60000000,0.27407520
2019-09-12T08:10:00,2019,9,12,8,10,0.27066667,20.30000000,29.77333333,0.26472355
2019-09-12T08:20:00,2019,9,12,8,20,0.26133333,20.80000000,29.94666667,0.25538678
2019-09-12T08:30:00,2019,9,12,8,30,0.25200000,21.30000000,30.12000000,0.24606490
2019-09-12T08:40:00,2019,9,12,8,40,0.24266667,21.80000000,30.29333333,0.23675790
2019-09-12T08:50:00,2019,9,12,8,50,0.23333333,22.30000000,30.46666667,0.22746578
2019-09-12T09:00:00,2019,9,12,9,0,0.22400000,22.80000000,30.64000000,0.21818854
2019-09-12T09:10:00,2019,9,12,9,10,0.24716667,22.53333333,31.18416667,0.24013548
2019-09-12T09:20:00,2019,9,12,9,20,0.27033333,22.26666667,31.72833333,0.26196643
2019-09-12T09:30:00,2019,9,12,9,30,0.29350000,22.00000000,32.27250000,0.28368140
2019-09-12T09:40:00,2019,9,12,9,40,0.31666667,21.73333333,32.81666667,0.30528039
2019-09-12T09:50:00,2019,9,12,9,50,0.33983333,21.46666667,33.36083333,0.32676340
2019-09-12T10:00:00,2019,9,12,10,0,0.36300000,21.20000000,33.90500000,0.34813043
2019-09-12T10:10:00,2019,9,12,10,10,0.34466667,21.70000000,33.76333333,0.33077269
2019-09-12T10:20:00,2019,9,12,10,20,0.32633333,22.20000000,33.62166667,0.31339106
2019-09-12T10:30:00,2019,9,12,10,30,0.30800000,22.70000000,33.48000000,0.29598554
2019-09-12T10:40:00,2019,9,12,10,40,0.28966667,23.20000000,33.33833333,0.27855612
2019-09-12T10:50:00,2019,9,12,10,50,0.27133333,23.70000000,33.19666667,0.26110280
2019-09-12T11:00:00,2019,9,12,11,0,0.25300000,24.20000000,33.05500000,0.24362559
2019-09-12T11:10:00,2019,9,12,11,10,0.31033333,23.88333333,34.74500000,0.29642202
2019-09-12T11:20:00,2019,9,12,11,20,0.36766667,23.56666667,36.43500000,0.34832703
2019-09-12T11:30:00,2019,9,12,11,30,0.42500000,23.25000000,38.12500000,0.39934063
2019-09-12T11:40:00,2019,9,12,11,40,0.48233333,22.93333333,39.81500000,0.44946280
2019-09-12T11:50:00,2019,9,12,11,50,0.53966667,22.61666667,41.50500000,0.49869355
2019-09-12T12:00:00,2019,9,12,12,0,0.59700000,22.30000000,43.19500000,0.54703289
2019-09-12T12:10:00,2019,9,12,12,10,0.53400000,23.45000000,42.14000000,0.49189730
2019-09-12T12:20:00,2019,9,12,12,20,0.47100000,24.60000000,41.08500000,0.43615024
2019-09-12T12:30:00,2019,9,12,12,30,0.40800000,25.75000000,40.03000000,0.37979170
2019-09-12T12:40:00,2019,9,12,12,40,0.34500000,26.90000000,38.97500000,0.32282167
2019-09-12T12:50:00,2019,9,12,12,50,0.28200000,28.05000000,37.92000000,0.26524018
2019-09-12T13:00:00,2019,9,12,13,0,0.21900000,29.20000000,36.86500000,0.20704720
2019-09-12T13:10:00,2019,9,12,13,10,0.22033333,27.78333333,35.49500000,0.20969630
2019-09-12T13:20:00,2019,9,12,13,20,0.22166667,26.36666667,34.12500000,0.21236221
2019-09-12T13:30:00,2019,9,12,13,30,0.22300000,24.95000000,32.75500000,0.21504492
2019-09-12T13:40:00,2019,9,12,13,40,0.22433333,23.53333333,31.38500000,0.21774444
2019-09-12T13:50:00,2019,9,12,13,50,0.22566667,22.11666667,30.01500000,0.22046076
2019-09-12T14:00:00,2019,9,12,14,0,0.22700000,20.70000000,28.64500000,0.22319389
2019-09-12T14:10:00,2019,9,12,14,10,0.22383333,20.71666667,28.55083333,0.22017728
2019-09-12T14:20:00,2019,9,12,14,20,0.22066667,20.73333333,28.45666667,0.21715792
2019-09-12T14:30:00,2019,9,12,14,30,0.21750000,20.75000000,28.36250000,0.21413582
2019-09-12T14:40:00,2019,9,12,14,40,0.21433333,20.76666667,28.26833333,0.21111097
2019-09-12T14:50:00,2019,9,12,14,50,0.21116667,20.78333333,28.17416667,0.20808339
2019-09-12T15:00:00,2019,9,12,15,0,0.20800000,20.80000000,28.08000000,0.20505306
2019-09-12T15:10:00,2019,9,12,15,10,0.20133333,20.76666667,27.81333333,0.19872781
2019-09-12T15:20:00,2019,9,12,15,20,0.19466667,20.73333333,27.54666667,0.19238621
2019-09-12T15:30:00,2019,9,12,15,30,0.18800000,20.70000000,27.28000000,0.18602826
2019-09-12T15:40:00,2019,9,12,15,40,0.18133333,20.66666667,27.01333333,0.17965394
2019-09-12T15:50:00,2019,9,12,15,50,0.17466667,20.63333333,26.74666667,0.17326328
2019-09-12T16:00:00,2019,9,12,16,0,0.16800000,20.60000000,26.48000000,0.16685626
2019-09-12T16:10:00,2019,9,12,16,10,0.14450000,20.38333333,25.44083333,0.14420698
2019-09-12T16:20:00,2019,9,12,16,20,0.12100000,20.16666667,24.40166667,0.12133303
2019-09-12T16:30:00,2019,9,12,16,30,0.09750000,19.95000000,23.36250000,0.09823442
2019-09-12T16:40:00,2019,9,12,16,40,0.07400000,19.73333333,22.32333333,0.07491114
2019-09-12T16:50:00,2019,9,12,16,50,0.05050000,19.51666667,21.28416667,0.05136319
2019-09-12T17:00:00,2019,9,12,17,0,0.02700000,19.30000000,20.24500000,0.02759057
2019-09-12T17:10:00,2019,9,12,17,10,0.02250000,18.63333333,19.42083333,0.02307744
2019-09-12T17:20:00,2019,9,12,17,20,0.01800000,17.96666667,18.59666667,0.01853020
2019-09-12T17:30:00,2019,9,12,17,30,0.01350000,17.30000000,17.77250000,0.01394883
2019-09-12T17:40:00,2019,9,12,17,40,0.00900000,16.63333333,16.94833333,0.00933334
2019-09-12T17:50:00,2019,9,12,17,50,0.00450000,15.96666667,16.12416667,0.00468373
2019-09-12T18:00:00,2019,9,12,18,0,0.00000000,15.30000000,15.30000000,0.00000000
2019-09-12T18:10:00,2019,9,12,18,10,0.00000000,15.18333333,15.18333333,0.00000000
2019-09-12T18:20:00,2019,9,12,18,20,0.00000000,15.06666667,15.06666667,0.00000000
2019-09-12T18:30:00,2019,9,12,18,30,0.00000000,14.95000000,14.95000000,0.00000000
2019-09-12T18:40:00,2019,9,12,18,40,0.00000000,14.83333333,14.83333333,0.00000000
2019-09-12T18:50:00,2019,9,12,18,50,0.00000000,14.71666667,14.71666667,0.00000000
2019-09-12T19:00:00,2019,9,12,19,0,0.00000000,14.60000000,14.60000000,0.00000000
2019-09-12T19:10:00,2019,9,12,19,10,0.00000000,14.60000000,14.60000000,0.00000000
2019-09-12T19:20:00,2019,9,12,19,20,0.00000000,14.60000000,14.60000000,0.00000000
2019-09-12T19:30:00,2019,9,12,19,30,0.00000000,14.60000000,14.60000000,0.00000000
2019-09-12T19:40:00,2019,9,12,19,40,0.00000000,14.60000000,14.60000000,0.00000000
2019-09-12T19:50:00,2019,9,12,19,50,0.00000000,14.60000000,14.60000000,0.00000000
2019-09-12T20:00:00,2019,9,12,20,0,0.00000000,14.60000000,14.60000000,0.00000000
2019-09-12T20:10:00,2019,9,12,20,10,0.00000000,14.55000000,14.55000000,0.00000000
2019-09-12T20:20:00,2019,9,12,20,20,0.00000000,14.50000000,14.50000000,0.00000000
2019-09-12T20:30:00,2019,9,12,20,30,0.00000000,14.45000000,14.45000000,0.00000000
2019-09-12T20:40:00,2019,9,12,20,40,0.00000000,14.40000000,14.40000000,0.00000000
2019-09-12T20:50:00,2019,9,12,20,50,0.00000000,14.35000000,14.35000000,0.00000000
2019-09-12T21:00:00,2019,9,12,21,0,0.00000000,14.30000000,14.30000000,0.00000000
2019-09-12T21:10:00,2019,9,12,21,10,0.00000000,14.16666667,14.16666667,0.00000000
2019-09-12T21:20:00,2019,9,12,21,20,0.00000000,14.03333333,14.03333333,0.00000000
2019-09-12T21:30:00,2019,9,12,21,30,0.00000000,13.90000000,13.90000000,0.00000000
2019-09-12T21:40:00,2019,9,12,21,40,0.00000000,13.76666667,13.76666667,0.00000000
2019-09-12T21:50:00,2019,9,12,21,50,0.00000000,13.63333333,13.63333333,0.00000000
2019-09-12T22:00:00,2019,9,12,22,0,0.00000000,13.50000000,13.50000000,0.00000000
2019-09-12T22:10:00,2019,9,12,22,10,0.00000000,13.50000000,13.50000000,0.00000000
2019-09-12T22:20:00,2019,9,12,22,20,0.00000000,13.50000000,13.50000000,0.00000000
2019-09-12T22:30:00,2019,9,12,22,30,0.00000000,13.50000000,13.50000000,0.00000000
2019-09-12T22:40:00,2019,9,12,22,40,0.00000000,13.50000000,13.50000000,0.00000000
2019-09-12T22:50:00,2019,9,12,22,50,0.00000000,13.50000000,13.50000000,0.00000000
2019-09-12T23:00:00,2019,9,12,23,0,0.00000000,13.50000000,13.50000000,0.00000000
2019-09-12T23:10:00,2019,9,12,23,10,0.00000000,13.33333333,13.33333333,0.00000000
2019-09-12T23:20:00,2019,9,12,23,20,0.00000000,13.16666667,13.16666667,0.00000000
2019-09-12T23:30:00,2019,9,12,23,30,0.00000000,13.00000000,13.00000000,0.00000000
2019-09-12T23:40:00,2019,9,12,23,40,0.00000000,12.83333333,12.83333333,0.00000000
2019-09-12T23:50:00,2019,9,12,23,50,0.00000000,12.66666667,12.66666667,0.00000000
2019-09-13T00:00:00,2019,9,13,0,0,0.00000000,12.50000000,12.50000000,0.00000000
2019-09-13T00:10:00,2019,9,13,0,10,0.00000000,12.53333333,12.53333333,0.00000000
2019-09-13T00:20:00,2019,9,13,0,20,0.00000000,12.56666667,12.56666667,0.00000000
2019-09-13T00:30:00,2019,9,13,0,30,0.00000000,12.60000000,12.60000000,0.00000000
2019-09-13T00:40:00,2019,9,13,0,40,0.00000000,12.63333333,12.63333333,0.00000000
2019-09-13T00:50:00,2019,9,13,0,50,0.00000000,12.66666667,12.66666667,0.00000000
2019-09-13T01:00:00,2019,9,13,1,0,0.00000000,12.70000000,12.70000000,0.00000000
2019-09-13T01:10:00,2019,9,13,1,10,0.00000000,12.66666667,12.66666667,0.00000000
2019-09-13T01:20:00,2019,9,13,1,20,0.00000000,12.63333333,12.63333333,0.00000000
2019-09-13T01:30:00,2019,9,13,1,30,0.00000000,12.60000000,12.60000000,0.00000000
2019-09-13T01:40:00,2019,9,13,1,40,0.00000000,12.56666667,12.56666667,0.00000000
2019-09-13T01:50:00,2019,9,13,1,50,0.00000000,12.53333333,12.53333333,0.00000000
2019-09-13T02:00:00,2019,9,13,2,0,0.00000000,12.50000000,12.50000000,0.00000000
2019-09-13T02:10:00,2019,9,13,2,10,0.00000000,12.50000000,12.50000000,0.00000000
2019-09-13T02:20:00,2019,9,13,2,20,0.00000000,12.50000000,12.50000000,0.00000000
2019-09-13T02:30:00,2019,9,13,2,30,0.00000000,12.50000000,12.50000000,0.00000000
2019-09-13T02:40:00,2019,9,13,2,40,0.00000000,12.50000000,12.50000000,0.00000000
2019-09-13T02:50:00,2019,9,13,2,50,0.00000000,12.50000000,12.50000000,0.00000000
2019-09-13T03:00:00,2019,9,13,3,0,0.00000000,12.50000000,12.50000000,0.00000000
2019-09-13T03:10:00,2019,9,13,3,10,0.00000000,12.46666667,12.46666667,0.00000000
2019-09-13T03:20:00,2019,9,13,3,20,0.00000000,12.43333333,12.43333333,0.00000000
2019-09-13T03:30:00,2019,9,13,3,30,0.00000000,12.40000000,12.40000000,0.00000000
2019-09-13T03:40:00,2019,9,13,3,40,0.00000000,12.36666667,12.36666667,0.00000000
2019-09-13T03:50:00,2019,9,13,3,50,0.00000000,12.33333333,12.33333333,0.00000000
2019-09-13T04:00:00,2019,9,13,4,0,0.00000000,12.30000000,12.30000000,0.00000000
2019-09-13T04:10:00,2019,9,13,4,10,0.00000000,12.36666667,12.36666667,0.00000000
2019-09-13T04:20:00,2019,9,13,4,20,0.00000000,12.43333333,12.43333333,0.00000000
2019-09-13T04:30:00,2019,9,13,4,30,0.00000000,12.50000000,12.50000000,0.00000000
2019-09-13T04:40:00,2019,9,13,4,40,0.00000000,12.56666667,12.56666667,0.00000000
2019-09-13T04:50:00,2019,9,13,4,50,0.00000000,12.63333333,12.63333333,0.00000000
2019-09-13T05:00:00,2019,9,13,5,0,0.00000000,12.70000000,12.70000000,0.00000000
2019-09-13T05:10:00,2019,9,13,5,10,0.00500000,12.76666667,12.94166667,0.00527734
2019-09-13T05:20:00,2019,9,13,5,20,0.01000000,12.83333333,13.18333333,0.01054357
2019-09-13T05:30:00,2019,9,13,5,30,0.01500000,12.90000000,13.42500000,0.01579868
2019-09-13T05:40:00,2019,9,13,5,40,0.02000000,12.96666667,13.66666667,0.02104267
2019-09-13T05:50:00,2019,9,13,5,50,0.02500000,13.03333333,13.90833333,0.02627554
2019-09-13T06:00:00,2019,9,13,6,0,0.03000000,13.10000000,14.15000000,0.03149730
2019-09-13T06:10:00,2019,9,13,6,10,0.04150000,13.16666667,14.61916667,0.04348170
2019-09-13T06:20:00,2019,9,13,6,20,0.05300000,13.23333333,15.08833333,0.05541646
2019-09-13T06:30:00,2019,9,13,6,30,0.06450000,13.30000000,15.55750000,0.06730159
2019-09-13T06:40:00,2019,9,13,6,40,0.07600000,13.36666667,16.02666667,0.07913708
2019-09-13T06:50:00,2019,9,13,6,50,0.08750000,13.43333333,16.49583333,0.09092293
2019-09-13T07:00:00,2019,9,13,7,0,0.09900000,13.50000000,16.96500000,0.10265914
2019-09-13T07:10:00,2019,9,13,7,10,0.12850000,13.65000000,18.14750000,0.13255051
2019-09-13T07:20:00,2019,9,13,7,20,0.15800000,13.80000000,19.33000000,0.16212096
2019-09-13T07:30:00,2019,9,13,7,30,0.18750000,13.95000000,20.51250000,0.19137047
2019-09-13T07:40:00,2019,9,13,7,40,0.21700000,14.10000000,21.69500000,0.22029905
2019-09-13T07:50:00,2019,9,13,7,50,0.24650000,14.25000000,22.87750000,0.24890670
2019-09-13T08:00:00,2019,9,13,8,0,0.27600000,14.40000000,24.06000000,0.27719342
2019-09-13T08:10:00,2019,9,13,8,10,0.28783333,14.61666667,24.69083333,0.28824268
2019-09-13T08:20:00,2019,9,13,8,20,0.29966667,14.83333333,25.32166667,0.29922326
2019-09-13T08:30:00,2019,9,13,8,30,0.31150000,15.05000000,25.95250000,0.31013516
2019-09-13T08:40:00,2019,9,13,8,40,0.32333333,15.26666667,26.58333333,0.32097839
2019-09-13T08:50:00,2019,9,13,8,50,0.33516667,15.48333333,27.21416667,0.33175294
2019-09-13T09:00:00,2019,9,13,9,0,0.34700000,15.70000000,27.84500000,0.34245881
2019-09-13T09:10:00,2019,9,13,9,10,0.34500000,15.85000000,27.92500000,0.34035802
2019-09-13T09:20:00,2019,9,13,9,20,0.34300000,16.00000000,28.00500000,0.33825871
2019-09-13T09:30:00,2019,9,13,9,30,0.34100000,16.15000000,28.08500000,0.33616087
2019-09-13T09:40:00,2019,9,13,9,40,0.33900000,16.30000000,28.16500000,0.33406450
2019-09-13T09:50:00,2019,9,13,9,50,0.33700000,16.45000000,28.24500000,0.33196960
2019-09-13T10:00:00,2019,9,13,10,0,0.33500000,16.60000000,28.32500000,0.32987617
2019-09-13T10:10:00,2019,9,13,10,10,0.40100000,16.65000000,30.68500000,0.39051345
2019-09-13T10:20:00,2019,9,13,10,20,0.46700000,16.70000000,33.04500000,0.44971773
2019-09-13T10:30:00,2019,9,13,10,30,0.53300000,16.75000000,35.40500000,0.50748902
2019-09-13T10:40:00,2019,9,13,10,40,0.59900000,16.80000000,37.76500000,0.56382732
2019-09-13T10:50:00,2019,9,13,10,50,0.66500000,16.85000000,40.12500000,0.61873263
2019-09-13T11:00:00,2019,9,13,11,0,0.73100000,16.90000000,42.48500000,0.67220494
2019-09-13T11:10:00,2019,9,13,11,10,0.71466667,17.00000000,42.01333333,0.65873590
2019-09-13T11:20:00,2019,9,13,11,20,0.69833333,17.10000000,41.54166667,0.64519599
2019-09-13T11:30:00,2019,9,13,11,30,0.68200000,17.20000000,41.07000000,0.63158520
2019-09-13T11:40:00,2019,9,13,11,40,0.66566667,17.30000000,40.59833333,0.61790353
2019-09-13T11:50:00,2019,9,13,11,50,0.64933333,17.40000000,40.12666667,0.60415099
2019-09-13T12:00:00,2019,9,13,12,0,0.63300000,17.50000000,39.65500000,0.59032757
2019-09-13T12:10:00,2019,9,13,12,10,0.59666667,17.58333333,38.46666667,0.55970516
2019-09-13T12:20:00,2019,9,13,12,20,0.56033333,17.66666667,37.27833333,0.52868552
2019-09-13T12:30:00,2019,9,13,12,30,0.52400000,17.75000000,36.09000000,0.49726866
2019-09-13T12:40:00,2019,9,13,12,40,0.48766667,17.83333333,34.90166667,0.46545459
2019-09-13T12:50:00,2019,9,13,12,50,0.45133333,17.91666667,33.71333333,0.43324329
2019-09-13T13:00:00,2019,9,13,13,0,0.41500000,18.00000000,32.52500000,0.40063477
2019-09-13T13:10:00,2019,9,13,13,10,0.38033333,18.06666667,31.37833333,0.36917423
2019-09-13T13:20:00,2019,9,13,13,20,0.34566667,18.13333333,30.23166667,0.33734797
2019-09-13T13:30:00,2019,9,13,13,30,0.31100000,18.20000000,29.08500000,0.30515600
2019-09-13T13:40:00,2019,9,13,13,40,0.27633333,18.26666667,27.93833333,0.27259832
2019-09-13T13:50:00,2019,9,13,13,50,0.24166667,18.33333333,26.79166667,0.23967493
2019-09-13T14:00:00,2019,9,13,14,0,0.20700000,18.40000000,25.64500000,0.20638583
2019-09-13T14:10:00,2019,9,13,14,10,0.19533333,18.21666667,25.05333333,0.19528541
2019-09-13T14:20:00,2019,9,13,14,20,0.18366667,18.03333333,24.46166667,0.18412149
2019-09-13T14:30:00,2019,9,13,14,30,0.17200000,17.85000000,23.87000000,0.17289406
2019-09-13T14:40:00,2019,9,13,14,40,0.16033333,17.66666667,23.27833333,0.16160312
2019-09-13T14:50:00,2019,9,13,14,50,0.14866667,17.48333333,22.68666667,0.15024868
2019-09-13T15:00:00,2019,9,13,15,0,0.13700000,17.30000000,22.09500000,0.13883073
2019-09-13T15:10:00,2019,9,13,15,10,0.13866667,17.36666667,22.22000000,0.14043994
2019-09-13T15:20:00,2019,9,13,15,20,0.14033333,17.43333333,22.34500000,0.14204722
2019-09-13T15:30:00,2019,9,13,15,30,0.14200000,17.50000000,22.47000000,0.14365260
2019-09-13T15:40:00,2019,9,13,15,40,0.14366667,17.56666667,22.59500000,0.14525605
2019-09-13T15:50:00,2019,9,13,15,50,0.14533333,17.63333333,22.72000000,0.14685759
2019-09-13T16:00:00,2019,9,13,16,0,0.14700000,17.70000000,22.84500000,0.14845721
2019-09-13T16:10:00,2019,9,13,16,10,0.12850000,17.68333333,22.18083333,0.13016641
2019-09-13T16:20:00,2019,9,13,16,20,0.11000000,17.66666667,21.51666667,0.11176257
2019-09-13T16:30:00,2019,9,13,16,30,0.09150000,17.65000000,20.85250000,0.09324568
2019-09-13T16:40:00,2019,9,13,16,40,0.07300000,17.63333333,20.18833333,0.07461576
2019-09-13T16:50:00,2019,9,13,16,50,0.05450000,17.61666667,19.52416667,0.05587279
2019-09-13T17:00:00,2019,9,13,17,0,0.03600000,17.60000000,18.86000000,0.03701678
2019-09-13T17:10:00,2019,9,13,17,10,0.03000000,17.65000000,18.70000000,0.03086940
2019-09-13T17:20:00,2019,9,13,17,20,0.02400000,17.70000000,18.54000000,0.02471318
2019-09-13T17:30:00,2019,9,13,17,30,0.01800000,17.75000000,18.38000000,0.01854814
2019-09-13T17:40:00,2019,9,13,17,40,0.01200000,17.80000000,18.22000000,0.01237426
2019-09-13T17:50:00,2019,9,13,17,50,0.00600000,17.85000000,18.06000000,0.00619154
2019-09-13T18:00:00,2019,9,13,18,0,0.00000000,17.90000000,17.90000000,0.00000000
2019-09-13T18:10:00,2019,9,13,18,10,0.00000000,17.73333333,17.73333333,0.00000000
2019-09-13T18:20:00,2019,9,13,18,20,0.00000000,17.56666667,17.56666667,0.00000000
2019-09-13T18:30:00,2019,9,13,18,30,0.00000000,17.40000000,17.40000000,0.00000000
2019-09-13T18:40:00,2019,9,13,18,40,0.00000000,17.23333333,17.23333333,0.00000000
2019-09-13T18:50:00,2019,9,13,18,50,0.00000000,17.06666667,17.06666667,0.00000000
2019-09-13T19:00:00,2019,9,13,19,0,0.00000000,16.90000000,16.90000000,0.00000000
2019-09-13T19:10:00,2019,9,13,19,10,0.00000000,16.91666667,16.91666667,0.00000000
2019-09-13T19:20:00,2019,9,13,19,20,0.00000000,16.93333333,16.93333333,0.00000000
2019-09-13T19:30:00,2019,9,13,19,30,0.00000000,16.95000000,16.95000000,0.00000000
2019-09-13T19:40:00,2019,9,13,19,40,0.00000000,16.96666667,16.96666667,0.00000000
2019-09-13T19:50:00,2019,9,13,19,50,0.00000000,16.98333333,16.98333333,0.00000000
2019-09-13T20:00:00,2019,9,13,20,0,0.00000000,17.00000000,17.00000000,0.00000000
2019-09-13T20:10:00,2019,9,13,20,10,0.00000000,17.05000000,17.05000000,0.00000000
2019-09-13T20:20:00,2019,9,13,20,20,0.00000000,17.10000000,17.10000000,0.00000000
2019-09-13T20:30:00,2019,9,13,20,30,0.00000000,17.15000000,17.15000000,0.00000000
2019-09-13T20:40:00,2019,9,13,20,40,0.00000000,17.20000000,17.20000000,0.00000000
2019-09-13T20:50:00,2019,9,13,20,50,0.00000000,17.25000000,17.25000000,0.00000000
2019-09-13T21:00:00,2019,9,13,21,0,0.00000000,17.30000000,17.30000000,0.00000000
2019-09-13T21:10:00,2019,9,13,21,10,0.00000000,17.26666667,17.26666667,0.00000000
2019-09-13T21:20:00,2019,9,13,21,20,0.00000000,17.23333333,17.23333333,0.00000000
2019-09-13T21:30:00,2019,9,13,21,30,0.00000000,17.20000000,17.20000000,0.00000000
2019-09-13T21:40:00,2019,9,13,21,40,0.00000000,17.16666667,17.16666667,0.00000000
2019-09-13T21:50:00,2019,9,13,21,50,0.00000000,17.13333333,17.13333333,0.00000000
2019-09-13T22:00:00,2019,9,13,22,0,0.00000000,17.10000000,17.10000000,0.00000000
2019-09-13T22:10:00,2019,9,13,22,10,0.00000000,16.95000000,16.95000000,0.00000000
2019-09-13T22:20:00,2019,9,13,22,20,0.00000000,16.80000000,16.80000000,0.00000000
2019-09-13T22:30:00,2019,9,13,22,30,0.00000000,16.65000000,16.65000000,0.00000000
2019-09-13T22:40:00,2019,9,13,22,40,0.00000000,16.50000000,16.50000000,0.00000000
2019-09-13T22:50:00,2019,9,13,22,50,0.00000000,16.35000000,16.35000000,0.00000000
2019-09-13T23:00:00,2019,9,13,23,0,0.00000000,16.20000000,16.20000000,0.00000000
2019-09-13T23:10:00,2019,9,13,23,10,0.00000000,16.43333333,16.43333333,0.00000000
2019-09-13T23:20:00,2019,9,13,23,20,0.00000000,16.66666667,16.66666667,0.00000000
2019-09-13T23:30:00,2019,9,13,23,30,0.00000000,16.90000000,16.90000000,0.00000000
2019-09-13T23:40:00,2019,9,13,23,40,0.00000000,17.13333333,17.13333333,0.00000000
2019-09-13T23:50:00,2019,9,13,23,50,0.00000000,17.36666667,17.36666667,0.00000000
2019-09-14T00:00:00,2019,9,14,0,0,0.00000000,17.60000000,17.60000000,0.00000000
2019-09-14T00:10:00,2019,9,14,0,10,0.00000000,17.50000000,17.50000000,0.00000000
2019-09-14T00:20:00,2019,9,14,0,20,0.00000000,17.40000000,17.40000000,0.00000000
2019-09-14T00:30:00,2019,9,14,0,30,0.00000000,17.30000000,17.30000000,0.00000000
2019-09-14T00:40:00,2019,9,14,0,40,0.00000000,17.20000000,17.20000000,0.00000000
2019-09-14T00:50:00,2019,9,14,0,50,0.00000000,17.10000000,17.10000000,0.00000000
2019-09-14T01:00:00,2019,9,14,1,0,0.00000000,17.00000000,17.00000000,0.00000000
2019-09-14T01:10:00,2019,9,14,1,10,0.00000000,17.01666667,17.01666667,0.00000000
2019-09-14T01:20:00,2019,9,14,1,20,0.00000000,17.03333333,17.03333333,0.00000000
2019-09-14T01:30:00,2019,9,14,1,30,0.00000000,17.05000000,17.05000000,0.00000000
2019-09-14T01:40:00,2019,9,14,1,40,0.00000000,17.06666667,17.06666667,0.00000000
2019-09-14T01:50:00,2019,9,14,1,50,0.00000000,17.08333333,17.08333333,0.00000000
2019-09-14T02:00:00,2019,9,14,2,0,0.00000000,17.10000000,17.10000000,0.00000000
2019-09-14T02:10:00,2019,9,14,2,10,0.00000000,17.20000000,17.20000000,0.00000000
2019-09-14T02:20:00,2019,9,14,2,20,0.00000000,17.30000000,17.30000000,0.00000000
2019-09-14T02:30:00,2019,9,14,2,30,0.00000000,17.40000000,17.40000000,0.00000000
2019-09-14T02:40:00,2019,9,14,2,40,0.00000000,17.50000000,17.50000000,0.00000000
2019-09-14T02:50:00,2019,9,14,2,50,0.00000000,17.60000000,17.60000000,0.00000000
2019-09-14T03:00:00,2019,9,14,3,0,0.00000000,17.70000000,17.70000000,0.00000000
2019-09-14T03:10:00,2019,9,14,3,10,0.00000000,17.68333333,17.68333333,0.00000000
2019-09-14T03:20:00,2019,9,14,3,20,0.00000000,17.66666667,17.66666667,0.00000000
2019-09-14T03:30:00,2019,9,14,3,30,0.00000000,17.65000000,17.65000000,0.00000000
2019-09-14T03:40:00,2019,9,14,3,40,0.00000000,17.63333333,17.63333333,0.00000000
2019-09-14T03:50:00,2019,9,14,3,50,0.00000000,17.61666667,17.61666667,0.00000000
2019-09-14T04:00:00,2019,9,14,4,0,0.00000000,17.60000000,17.60000000,0.00000000
2019-09-14T04:10:00,2019,9,14,4,10,0.00000000,17.45000000,17.45000000,0.00000000
2019-09-14T04:20:00,2019,9,14,4,20,0.00000000,17.30000000,17.30000000,0.00000000
2019-09-14T04:30:00,2019,9,14,4,30,0.00000000,17.15000000,17.15000000,0.00000000
2019-09-14T04:40:00,2019,9,14,4,40,0.00000000,17.00000000,17.00000000,0.00000000
2019-09-14T04:50:00,2019,9,14,4,50,0.00000000,16.85000000,16.85000000,0.00000000
2019-09-14T05:00:00,2019,9,14,5,0,0.00000000,16.70000000,16.70000000,0.00000000
2019-09-14T05:10:00,2019,9,14,5,10,0.00400000,16.80000000,16.94000000,0.00414830
2019-09-14T05:20:00,2019,9,14,5,20,0.00800000,16.90000000,17.18000000,0.00828778
2019-09-14T05:30:00,2019,9,14,5,30,0.01200000,17.00000000,17.42000000,0.01241842
2019-09-14T05:40:00,2019,9,14,5,40,0.01600000,17.10000000,17.66000000,0.01654022
2019-09-14T05:50:00,2019,9,14,5,50,0.02000000,17.20000000,17.90000000,0.02065320
2019-09-14T06:00:00,2019,9,14,6,0,0.02400000,17.30000000,18.14000000,0.02475734
2019-09-14T06:10:00,2019,9,14,6,10,0.03616667,17.36666667,18.63250000,0.03722601
2019-09-14T06:20:00,2019,9,14,6,20,0.04833333,17.43333333,19.12500000,0.04963954
2019-09-14T06:30:00,2019,9,14,6,30,0.06050000,17.50000000,19.61750000,0.06199795
2019-09-14T06:40:00,2019,9,14,6,40,0.07266667,17.56666667,20.11000000,0.07430123
2019-09-14T06:50:00,2019,9,14,6,50,0.08483333,17.63333333,20.60250000,0.08654938
2019-09-14T07:00:00,2019,9,14,7,0,0.09700000,17.70000000,21.09500000,0.09874241
2019-09-14T07:10:00,2019,9,14,7,10,0.09866667,17.71666667,21.17000000,0.10040498
2019-09-14T07:20:00,2019,9,14,7,20,0.10033333,17.73333333,21.24500000,0.10206639
2019-09-14T07:30:00,2019,9,14,7,30,0.10200000,17.75000000,21.32000000,0.10372666
2019-09-14T07:40:00,2019,9,14,7,40,0.10366667,17.76666667,21.39500000,0.10538577
2019-09-14T07:50:00,2019,9,14,7,50,0.10533333,17.78333333,21.47000000,0.10704374
2019-09-14T08:00:00,2019,9,14,8,0,0.10700000,17.80000000,21.54500000,0.10870055
2019-09-14T08:10:00,2019,9,14,8,10,0.11950000,17.83333333,22.01583333,0.12114040
2019-09-14T08:20:00,2019,9,14,8,20,0.13200000,17.86666667,22.48666667,0.13352610
2019-09-14T08:30:00,2019,9,14,8,30,0.14450000,17.90000000,22.95750000,0.14585765
2019-09-14T08:40:00,2019,9,14,8,40,0.15700000,17.93333333,23.42833333,0.15813506
2019-09-14T08:50:00,2019,9,14,8,50,0.16950000,17.96666667,23.89916667,0.17035832
2019-09-14T09:00:00,2019,9,14,9,0,0.18200000,18.00000000,24.37000000,0.18252744
2019-09-14T09:10:00,2019,9,14,9,10,0.24766667,18.26666667,26.93500000,0.24546219
2019-09-14T09:20:00,2019,9,14,9,20,0.31333333,18.53333333,29.50000000,0.30684733
2019-09-14T09:30:00,2019,9,14,9,30,0.37900000,18.80000000,32.06500000,0.36668288
2019-09-14T09:40:00,2019,9,14,9,40,0.44466667,19.06666667,34.63000000,0.42496882
2019-09-14T09:50:00,2019,9,14,9,50,0.51033333,19.33333333,37.19500000,0.48170516
2019-09-14T10:00:00,2019,9,14,10,0,0.57600000,19.60000000,39.76000000,0.53689190
2019-09-14T10:10:00,2019,9,14,10,10,0.56133333,20.36666667,40.01333333,0.52256690
2019-09-14T10:20:00,2019,9,14,10,20,0.54666667,21.13333333,40.26666667,0.50827609
2019-09-14T10:30:00,2019,9,14,10,30,0.53200000,21.90000000,40.52000000,0.49401946
2019-09-14T10:40:00,2019,9,14,10,40,0.51733333,22.66666667,40.77333333,0.47979701
2019-09-14T10:50:00,2019,9,14,10,50,0.50266667,23.43333333,41.02666667,0.46560874
2019-09-14T11:00:00,2019,9,14,11,0,0.48800000,24.20000000,41.28000000,0.45145466
2019-09-14T11:10:00,2019,9,14,11,10,0.47600000,23.96666667,40.62666667,0.44178385
2019-09-14T11:20:00,2019,9,14,11,20,0.46400000,23.73333333,39.97333333,0.43204092
2019-09-14T11:30:00,2019,9,14,11,30,0.45200000,23.50000000,39.32000000,0.42222586
2019-09-14T11:40:00,2019,9,14,11,40,0.44000000,23.26666667,38.66666667,0.41233867
2019-09-14T11:50:00,2019,9,14,11,50,0.42800000,23.03333333,38.01333333,0.40237935
2019-09-14T12:00:00,2019,9,14,12,0,0.41600000,22.80000000,37.36000000,0.39234790
2019-09-14T12:10:00,2019,9,14,12,10,0.39583333,22.73333333,36.58750000,0.37473443
2019-09-14T12:20:00,2019,9,14,12,20,0.37566667,22.66666667,35.81500000,0.35697763
2019-09-14T12:30:00,2019,9,14,12,30,0.35550000,22.60000000,35.04250000,0.33907750
2019-09-14T12:40:00,2019,9,14,12,40,0.33533333,22.53333333,34.27000000,0.32103405
2019-09-14T12:50:00,2019,9,14,12,50,0.31516667,22.46666667,33.49750000,0.30284727
2019-09-14T13:00:00,2019,9,14,13,0,0.29500000,22.40000000,32.72500000,0.28451718
2019-09-14T13:10:00,2019,9,14,13,10,0.29300000,22.13333333,32.38833333,0.28304200
2019-09-14T13:20:00,2019,9,14,13,20,0.29100000,21.86666667,32.05166667,0.28156064
2019-09-14T13:30:00,2019,9,14,13,30,0.28900000,21.60000000,31.71500000,0.28007308
2019-09-14T13:40:00,2019,9,14,13,40,0.28700000,21.33333333,31.37833333,0.27857932
2019-09-14T13:50:00,2019,9,14,13,50,0.28500000,21.06666667,31.04166667,0.27707937
2019-09-14T14:00:00,2019,9,14,14,0,0.28300000,20.80000000,30.70500000,0.27557323
2019-09-14T14:10:00,2019,9,14,14,10,0.26733333,20.76666667,30.12333333,0.26103300
2019-09-14T14:20:00,2019,9,14,14,20,0.25166667,20.73333333,29.54166667,0.24640893
2019-09-14T14:30:00,2019,9,14,14,30,0.23600000,20.70000000,28.96000000,0.23170102
2019-09-14T14:40:00,2019,9,14,14,40,0.22033333,20.66666667,28.37833333,0.21690928
2019-09-14T14:50:00,2019,9,14,14,50,0.20466667,20.63333333,27.79666667,0.20203370
2019-09-14T15:00:00,2019,9,14,15,0,0.18900000,20.60000000,27.21500000,0.18707428
2019-09-14T15:10:00,2019,9,14,15,10,0.16133333,20.31666667,25.96333333,0.16061841
2019-09-14T15:20:00,2019,9,14,15,20,0.13366667,20.03333333,24.71166667,0.13384395
2019-09-14T15:30:00,2019,9,14,15,30,0.10600000,19.75000000,23.46000000,0.10675090
2019-09-14T15:40:00,2019,9,14,15,40,0.07833333,19.46666667,22.20833333,0.07933926
2019-09-14T15:50:00,2019,9,14,15,50,0.05066667,19.18333333,20.95666667,0.05160903
2019-09-14T16:00:00,2019,9,14,16,0,0.02300000,18.90000000,19.70500000,0.02356021
2019-09-14T16:10:00,2019,9,14,16,10,0.02383333,18.70000000,19.53416667,0.02443257
2019-09-14T16:20:00,2019,9,14,16,20,0.02466667,18.50000000,19.36333333,0.02530624
2019-09-14T16:30:00,2019,9,14,16,30,0.02550000,18.30000000,19.19250000,0.02618122
2019-09-14T16:40:00,2019,9,14,16,40,0.02633333,18.10000000,19.02166667,0.02705751
2019-09-14T16:50:00,2019,9,14,16,50,0.02716667,17.90000000,18.85083333,0.02793511
2019-09-14T17:00:00,2019,9,14,17,0,0.02800000,17.70000000,18.68000000,0.02881402
2019-09-14T17:10:00,2019,9,14,17,10,0.02333333,17.56666667,18.38333333,0.02404352
2019-09-14T17:20:00,2019,9,14,17,20,0.01866667,17.43333333,18.08666667,0.01926029
2019-09-14T17:30:00,2019,9,14,17,30,0.01400000,17.30000000,17.79000000,0.01446432
2019-09-14T17:40:00,2019,9,14,17,40,0.00933333,17.16666667,17.49333333,0.00965562
2019-09-14T17:50:00,2019,9,14,17,50,0.00466667,17.03333333,17.19666667,0.00483418
2019-09-14T18:00:00,2019,9,14,18,0,0.00000000,16.90000000,16.90000000,0.00000000
2019-09-14T18:10:00,2019,9,14,18,10,0.00000000,16.93333333,16.93333333,0.00000000
2019-09-14T18:20:00,2019,9,14,18,20,0.00000000,16.96666667,16.96666667,0.00000000
2019-09-14T18:30:00,2019,9,14,18,30,0.00000000,17.00000000,17.00000000,0.00000000
2019-09-14T18:40:00,2019,9,14,18,40,0.00000000,17.03333333,17.03333333,0.00000000
2019-09-14T18:50:00,2019,9,14,18,50,0.00000000,17.06666667,17.06666667,0.00000000
2019-09-14T19:00:00,2019,9,14,19,0,0.00000000,17.10000000,17.10000000,0.00000000
2019-09-14T19:10:00,2019,9,14,19,10,0.00000000,16.98333333,16.98333333,0.00000000
2019-09-14T19:20:00,2019,9,14,19,20,0.00000000,16.86666667,16.86666667,0.00000000
2019-09-14T19:30:00,2019,9,14,19,30,0.00000000,16.75000000,16.75000000,0.00000000
2019-09-14T19:40:00,2019,9,14,19,40,0.00000000,16.63333333,16.63333333,0.00000000
2019-09-14T19:50:00,2019,9,14,19,50,0.00000000,16.51666667,16.51666667,0.00000000
2019-09-14T20:00:00,2019,9,14,20,0,0.00000000,16.40000000,16.40000000,0.00000000
2019-09-14T20:10:00,2019,9,14,20,10,0.00000000,16.38333333,16.38333333,0.00000000
2019-09-14T20:20:00,2019,9,14,20,20,0.00000000,16.36666667,16.36666667,0.00000000
2019-09-14T20:30:00,2019,9,14,20,30,0.00000000,16.35000000,16.35000000,0.00000000
2019-09-14T20:40:00,2019,9,14,20,40,0.00000000,16.33333333,16.33333333,0.00000000
2019-09-14T20:50:00,2019,9,14,20,50,0.00000000,16.31666667,16.31666667,0.00000000
2019-09-14T21:00:00,2019,9,14,21,0,0.00000000,16.30000000,16.30000000,0.00000000
2019-09-14T21:10:00,2019,9,14,21,10,0.00000000,16.35000000,16.35000000,0.00000000
2019-09-14T21:20:00,2019,9,14,21,20,0.00000000,16.40000000,16.40000000,0.00000000
2019-09-14T21:30:00,2019,9,14,21,30,0.00000000,16.45000000,16.45000000,0.00000000
2019-09-14T21:40:00,2019,9,14,21,40,0.00000000,16.50000000,16.50000000,0.00000000
2019-09-14T21:50:00,2019,9,14,21,50,0.00000000,16.55000000,16.55000000,0.00000000
2019-09-14T22:00:00,2019,9,14,22,0,0.00000000,16.60000000,16.60000000,0.00000000
2019-09-14T22:10:00,2019,9,14,22,10,0.00000000,16.55000000,16.55000000,0.00000000
2019-09-14T22:20:00,2019,9,14,22,20,0.00000000,16.50000000,16.50000000,0.00000000
2019-09-14T22:30:00,2019,9,14,22,30,0.00000000,16.45000000,16.45000000,0.00000000
2019-09-14T22:40:00,2019,9,14,22,40,0.00000000,16.40000000,16.40000000,0.00000000
2019-09-14T22:50:00,2019,9,14,22,50,0.00000000,16.35000000,16.35000000,0.00000000
2019-09-14T23:00:00,2019,9,14,23,0,0.00000000,16.30000000,16.30000000,0.00000000
2019-09-14T23:10:00,2019,9,14,23,10,0.00000000,16.18333333,16.18333333,0.00000000
2019-09-14T23:20:00,2019,9,14,23,20,0.00000000,16.06666667,16.06666667,0.00000000
2019-09-14T23:30:00,2019,9,14,23,30,0.00000000,15.95000000,15.95000000,0.00000000
2019-09-14T23:40:00,2019,9,14,23,40,0.00000000,15.83333333,15.83333333,0.00000000
2019-09-14T23:50:00,2019,9,14,23,50,0.00000000,15.71666667,15.71666667,0.00000000
2019-09-15T00:00:00,2019,9,15,0,0,0.00000000,15.60000000,15.60000000,0.00000000
2019-09-15T00:10:00,2019,9,15,0,10,0.00000000,15.60000000,15.60000000,0.00000000
2019-09-15T00:20:00,2019,9,15,0,20,0.00000000,15.60000000,15.60000000,0.00000000
2019-09-15T00:30:00,2019,9,15,0,30,0.00000000,15.60000000,15.60000000,0.00000000
2019-09-15T00:40:00,2019,9,15,0,40,0.00000000,15.60000000,15.60000000,0.00000000
2019-09-15T00:50:00,2019,9,15,0,50,0.00000000,15.60000000,15.60000000,0.00000000
2019-09-15T01:00:00,2019,9,15,1,0,0.00000000,15.60000000,15.60000000,0.00000000
2019-09-15T01:10:00,2019,9,15,1,10,0.00000000,15.46666667,15.46666667,0.00000000
2019-09-15T01:20:00,2019,9,15,1,20,0.00000000,15.33333333,15.33333333,0.00000000
2019-09-15T01:30:00,2019,9,15,1,30,0.00000000,15.20000000,15.20000000,0.00000000
2019-09-15T01:40:00,2019,9,15,1,40,0.00000000,15.06666667,15.06666667,0.00000000
2019-09-15T01:50:00,2019,9,15,1,50,0.00000000,14.93333333,14.93333333,0.00000000
2019-09-15T02:00:00,2019,9,15,2,0,0.00000000,14.80000000,14.80000000,0.00000000
2019-09-15T02:10:00,2019,9,15,2,10,0.00000000,14.81666667,14.81666667,0.00000000
2019-09-15T02:20:00,2019,9,15,2,20,0.00000000,14.83333333,14.83333333,0.00000000
2019-09-15T02:30:00,2019,9,15,2,30,0.00000000,14.85000000,14.85000000,0.00000000
2019-09-15T02:40:00,2019,9,15,2,40,0.00000000,14.86666667,14.86666667,0.00000000
2019-09-15T02:50:00,2019,9,15,2,50,0.00000000,14.88333333,14.88333333,0.00000000
2019-09-15T03:00:00,2019,9,15,3,0,0.00000000,14.90000000,14.90000000,0.00000000
2019-09-15T03:10:00,2019,9,15,3,10,0.00000000,14.95000000,14.95000000,0.00000000
2019-09-15T03:20:00,2019,9,15,3,20,0.00000000,15.00000000,15.00000000,0.00000000
2019-09-15T03:30:00,2019,9,15,3,30,0.00000000,15.05000000,15.05000000,0.00000000
2019-09-15T03:40:00,2019,9,15,3,40,0.00000000,15.10000000,15.10000000,0.00000000
2019-09-15T03:50:00,2019,9,15,3,50,0.00000000,15.15000000,15.15000000,0.00000000
2019-09-15T04:00:00,2019,9,15,4,0,0.00000000,15.20000000,15.20000000,0.00000000
2019-09-15T04:10:00,2019,9,15,4,10,0.00000000,15.11666667,15.11666667,0.00000000
2019-09-15T04:20:00,2019,9,15,4,20,0.00000000,15.03333333,15.03333333,0.00000000
2019-09-15T04:30:00,2019,9,15,4,30,0.00000000,14.95000000,14.95000000,0.00000000
2019-09-15T04:40:00,2019,9,15,4,40,0.00000000,14.86666667,14.86666667,0.00000000
2019-09-15T04:50:00,2019,9,15,4,50,0.00000000,14.78333333,14.78333333,0.00000000
2019-09-15T05:00:00,2019,9,15,5,0,0.00000000,14.70000000,14.70000000,0.00000000
2019-09-15T05:10:00,2019,9,15,5,10,0.00566667,14.63333333,14.83166667,0.00593172
2019-09-15T05:20:00,2019,9,15,5,20,0.01133333,14.56666667,14.96333333,0.01185658
2019-09-15T05:30:00,2019,9,15,5,30,0.01700000,14.50000000,15.09500000,0.01777457
2019-09-15T05:40:00,2019,9,15,5,40,0.02266667,14.43333333,15.22666667,0.02368570
2019-09-15T05:50:00,2019,9,15,5,50,0.02833333,14.36666667,15.35833333,0.02958996
2019-09-15T06:00:00,2019,9,15,6,0,0.03400000,14.30000000,15.49000000,0.03548736
2019-09-15T06:10:00,2019,9,15,6,10,0.04733333,14.53333333,16.19000000,0.04925156
2019-09-15T06:20:00,2019,9,15,6,20,0.06066667,14.76666667,16.89000000,0.06292990
2019-09-15T06:30:00,2019,9,15,6,30,0.07400000,15.00000000,17.59000000,0.07652236
2019-09-15T06:40:00,2019,9,15,6,40,0.08733333,15.23333333,18.29000000,0.09002896
2019-09-15T06:50:00,2019,9,15,6,50,0.10066667,15.46666667,18.99000000,0.10344970
2019-09-15T07:00:00,2019,9,15,7,0,0.11400000,15.70000000,19.69000000,0.11678456
2019-09-15T07:10:00,2019,9,15,7,10,0.11333333,15.86666667,19.83333333,0.11602689
2019-09-15T07:20:00,2019,9,15,7,20,0.11266667,16.03333333,19.97666667,0.11527009
2019-09-15T07:30:00,2019,9,15,7,30,0.11200000,16.20000000,20.12000000,0.11451418
2019-09-15T07:40:00,2019,9,15,7,40,0.11133333,16.36666667,20.26333333,0.11375914
2019-09-15T07:50:00,2019,9,15,7,50,0.11066667,16.53333333,20.40666667,0.11300498
2019-09-15T08:00:00,2019,9,15,8,0,0.11000000,16.70000000,20.55000000,0.11225170
2019-09-15T08:10:00,2019,9,15,8,10,0.13383333,16.68333333,21.36750000,0.13606962
2019-09-15T08:20:00,2019,9,15,8,20,0.15766667,16.66666667,22.18500000,0.15970829
2019-09-15T08:30:00,2019,9,15,8,30,0.18150000,16.65000000,23.00250000,0.18316771
2019-09-15T08:40:00,2019,9,15,8,40,0.20533333,16.63333333,23.82000000,0.20644788
2019-09-15T08:50:00,2019,9,15,8,50,0.22916667,16.61666667,24.63750000,0.22954880
2019-09-15T09:00:00,2019,9,15,9,0,0.25300000,16.60000000,25.45500000,0.25247047
2019-09-15T09:10:00,2019,9,15,9,10,0.26733333,16.88333333,26.24000000,0.26580846
2019-09-15T09:20:00,2019,9,15,9,20,0.28166667,17.16666667,27.02500000,0.27904294
2019-09-15T09:30:00,2019,9,15,9,30,0.29600000,17.45000000,27.81000000,0.29217390
2019-09-15T09:40:00,2019,9,15,9,40,0.31033333,17.73333333,28.59500000,0.30520135
2019-09-15T09:50:00,2019,9,15,9,50,0.32466667,18.01666667,29.38000000,0.31812528
2019-09-15T10:00:00,2019,9,15,10,0,0.33900000,18.30000000,30.16500000,0.33094570
2019-09-15T10:10:00,2019,9,15,10,10,0.34850000,18.43333333,30.63083333,0.33947321
2019-09-15T10:20:00,2019,9,15,10,20,0.35800000,18.56666667,31.09666667,0.34796001
2019-09-15T10:30:00,2019,9,15,10,30,0.36750000,18.70000000,31.56250000,0.35640609
2019-09-15T10:40:00,2019,9,15,10,40,0.37700000,18.83333333,32.02833333,0.36481146
2019-09-15T10:50:00,2019,9,15,10,50,0.38650000,18.96666667,32.49416667,0.37317612
2019-09-15T11:00:00,2019,9,15,11,0,0.39600000,19.10000000,32.96000000,0.38150006
2019-09-15T11:10:00,2019,9,15,11,10,0.44283333,19.08333333,34.58250000,0.42331346
2019-09-15T11:20:00,2019,9,15,11,20,0.48966667,19.06666667,36.20500000,0.46442778
2019-09-15T11:30:00,2019,9,15,11,30,0.53650000,19.05000000,37.82750000,0.50484301
2019-09-15T11:40:00,2019,9,15,11,40,0.58333333,19.03333333,39.45000000,0.54455917
2019-09-15T11:50:00,2019,9,15,11,50,0.63016667,19.01666667,41.07250000,0.58357624
2019-09-15T12:00:00,2019,9,15,12,0,0.67700000,19.00000000,42.69500000,0.62189423
2019-09-15T12:10:00,2019,9,15,12,10,0.68183333,19.38333333,43.24750000,0.62460127
2019-09-15T12:20:00,2019,9,15,12,20,0.68666667,19.76666667,43.80000000,0.62728373
2019-09-15T12:30:00,2019,9,15,12,30,0.69150000,20.15000000,44.35250000,0.62994163
2019-09-15T12:40:00,2019,9,15,12,40,0.69633333,20.53333333,44.90500000,0.63257496
2019-09-15T12:50:00,2019,9,15,12,50,0.70116667,20.91666667,45.45750000,0.63518373
2019-09-15T13:00:00,2019,9,15,13,0,0.70600000,21.30000000,46.01000000,0.63776792
2019-09-15T13:10:00,2019,9,15,13,10,0.63200000,21.38333333,43.50333333,0.57820711
2019-09-15T13:20:00,2019,9,15,13,20,0.55800000,21.46666667,40.99666667,0.51693976
2019-09-15T13:30:00,2019,9,15,13,30,0.48400000,21.55000000,38.49000000,0.45396586
2019-09-15T13:40:00,2019,9,15,13,40,0.41000000,21.63333333,35.98333333,0.38928543
2019-09-15T13:50:00,2019,9,15,13,50,0.33600000,21.71666667,33.47666667,0.32289846
2019-09-15T14:00:00,2019,9,15,14,0,0.26200000,21.80000000,30.97000000,0.25480496
2019-09-15T14:10:00,2019,9,15,14,10,0.26283333,21.30000000,30.49916667,0.25618466
2019-09-15T14:20:00,2019,9,15,14,20,0.26366667,20.80000000,30.02833333,0.25756797
2019-09-15T14:30:00,2019,9,15,14,30,0.26450000,20.30000000,29.55750000,0.25895489
2019-09-15T14:40:00,2019,9,15,14,40,0.26533333,19.80000000,29.08666667,0.26034542
2019-09-15T14:50:00,2019,9,15,14,50,0.26616667,19.30000000,28.61583333,0.26173956
2019-09-15T15:00:00,2019,9,15,15,0,0.26700000,18.80000000,28.14500000,0.26313731
2019-09-15T15:10:00,2019,9,15,15,10,0.26200000,18.85000000,28.02000000,0.25836030
2019-09-15T15:20:00,2019,9,15,15,20,0.25700000,18.90000000,27.89500000,0.25357753
2019-09-15T15:30:00,2019,9,15,15,30,0.25200000,18.95000000,27.77000000,0.24878902
2019-09-15T15:40:00,2019,9,15,15,40,0.24700000,19.00000000,27.64500000,0.24399475
2019-09-15T15:50:00,2019,9,15,15,50,0.24200000,19.05000000,27.52000000,0.23919474
2019-09-15T16:00:00,2019,9,15,16,0,0.23700000,19.10000000,27.39500000,0.23438897
2019-09-15T16:10:00,2019,9,15,16,10,0.20400000,19.01666667,26.15666667,0.20291458
2019-09-15T16:20:00,2019,9,15,16,20,0.17100000,18.93333333,24.91833333,0.17106424
2019-09-15T16:30:00,2019,9,15,16,30,0.13800000,18.85000000,23.68000000,0.13883794
2019-09-15T16:40:00,2019,9,15,16,40,0.10500000,18.76666667,22.44166667,0.10623567
2019-09-15T16:50:00,2019,9,15,16,50,0.07200000,18.68333333,21.20333333,0.07325746
2019-09-15T17:00:00,2019,9,15,17,0,0.03900000,18.60000000,19.96500000,0.03990328
2019-09-15T17:10:00,2019,9,15,17,10,0.03250000,18.28333333,19.42083333,0.03333409
2019-09-15T17:20:00,2019,9,15,17,20,0.02600000,17.96666667,18.87666667,0.02673235
2019-09-15T17:30:00,2019,9,15,17,30,0.01950000,17.65000000,18.33250000,0.02009807
2019-09-15T17:40:00,2019,9,15,17,40,0.01300000,17.33333333,17.78833333,0.01343126
2019-09-15T17:50:00,2019,9,15,17,50,0.00650000,17.01666667,17.24416667,0.00673190
2019-09-15T18:00:00,2019,9,15,18,0,0.00000000,16.70000000,16.70000000,0.00000000
2019-09-15T18:10:00,2019,9,15,18,10,0.00000000,16.65000000,16.65000000,0.00000000
2019-09-15T18:20:00,2019,9,15,18,20,0.00000000,16.60000000,16.60000000,0.00000000
2019-09-15T18:30:00,2019,9,15,18,30,0.00000000,16.55000000,16.55000000,0.00000000
2019-09-15T18:40:00,2019,9,15,18,40,0.00000000,16.50000000,16.50000000,0.00000000
2019-09-15T18:50:00,2019,9,15,18,50,0.00000000,16.45000000,16.45000000,0.00000000
2019-09-15T19:00:00,2019,9,15,19,0,0.00000000,16.40000000,16.40000000,0.00000000
2019-09-15T19:10:00,2019,9,15,19,10,0.00000000,16.36666667,16.36666667,0.00000000
2019-09-15T19:20:00,2019,9,15,19,20,0.00000000,16.33333333,16.33333333,0.00000000
2019-09-15T19:30:00,2019,9,15,19,30,0.00000000,16.30000000,16.30000000,0.00000000
2019-09-15T19:40:00,2019,9,15,19,40,0.00000000,16.26666667,16.26666667,0.00000000
2019-09-15T19:50:00,2019,9,15,19,50,0.00000000,16.23333333,16.23333333,0.00000000
2019-09-15T20:00:00,2019,9,15,20,0,0.00000000,16.20000000,16.20000000,0.00000000
2019-09-15T20:10:00,2019,9,15,20,10,0.00000000,16.21666667,16.21666667,0.00000000
2019-09-15T20:20:00,2019,9,15,20,20,0.00000000,16.23333333,16.23333333,0.00000000
2019-09-15T20:30:00,2019,9,15,20,30,0.00000000,16.25000000,16.25000000,0.00000000
2019-09-15T20:40:00,2019,9,15,20,40,0.00000000,16.26666667,16.26666667,0.00000000
2019-09-15T20:50:00,2019,9,15,20,50,0.00000000,16.28333333,16.28333333,0.00000000
2019-09-15T21:00:00,2019,9,15,21,0,0.00000000,16.30000000,16.30000000,0.00000000
2019-09-15T21:10:00,2019,9,15,21,10,0.00000000,16.23333333,16.23333333,0.00000000
2019-09-15T21:20:00,2019,9,15,21,20,0.00000000,16.16666667,16.16666667,0.00000000
2019-09-15T21:30:00,2019,9,15,21,30,0.00000000,16.10000000,16.10000000,0.00000000
2019-09-15T21:40:00,2019,9,15,21,40,0.00000000,16.03333333,16.03333333,0.00000000
2019-09-15T21:50:00,2019,9,15,21,50,0.00000000,15.96666667,15.96666667,0.00000000
2019-09-15T22:00:00,2019,9,15,22,0,0.00000000,15.90000000,15.90000000,0.00000000
2019-09-15T22:10:00,2019,9,15,22,10,0.00000000,15.80000000,15.80000000,0.00000000
2019-09-15T22:20:00,2019,9,15,22,20,0.00000000,15.70000000,15.70000000,0.00000000
2019-09-15T22:30:00,2019,9,15,22,30,0.00000000,15.60000000,15.60000000,0.00000000
2019-09-15T22:40:00,2019,9,15,22,40,0.00000000,15.50000000,15.50000000,0.00000000
2019-09-15T22:50:00,2019,9,15,22,50,0.00000000,15.40000000,15.40000000,0.00000000
2019-09-15T23:00:00,2019,9,15,23,0,0.00000000,15.30000000,15.30000000,0.00000000
2019-09-15T23:10:00,2019,9,15,23,10,0.00000000,15.40000000,15.40000000,0.00000000
2019-09-15T23:20:00,2019,9,15,23,20,0.00000000,15.50000000,15.50000000,0.00000000
2019-09-15T23:30:00,2019,9,15,23,30,0.00000000,15.60000000,15.60000000,0.00000000
2019-09-15T23:40:00,2019,9,15,23,40,0.00000000,15.70000000,15.70000000,0.00000000
2019-09-15T23:50:00,2019,9,15,23,50,0.00000000,15.80000000,15.80000000,0.00000000
2019-09-16T00:00:00,2019,9,16,0,0,0.00000000,15.90000000,15.90000000,0.00000000
2019-09-16T00:10:00,2019,9,16,0,10,0.00000000,16.00000000,16.00000000,0.00000000
2019-09-16T00:20:00,2019,9,16,0,20,0.00000000,16.10000000,16.10000000,0.00000000
2019-09-16T00:30:00,2019,9,16,0,30,0.00000000,16.20000000,16.20000000,0.00000000
2019-09-16T00:40:00,2019,9,16,0,40,0.00000000,16.30000000,16.30000000,0.00000000
2019-09-16T00:50:00,2019,9,16,0,50,0.00000000,16.40000000,16.40000000,0.00000000
2019-09-16T01:00:00,2019,9,16,1,0,0.00000000,16.50000000,16.50000000,0.00000000
2019-09-16T01:10:00,2019,9,16,1,10,0.00000000,16.48333333,16.48333333,0.00000000
2019-09-16T01:20:00,2019,9,16,1,20,0.00000000,16.46666667,16.46666667,0.00000000
2019-09-16T01:30:00,2019,9,16,1,30,0.00000000,16.45000000,16.45000000,0.00000000
2019-09-16T01:40:00,2019,9,16,1,40,0.00000000,16.43333333,16.43333333,0.00000000
2019-09-16T01:50:00,2019,9,16,1,50,0.00000000,16.41666667,16.41666667,0.00000000
2019-09-16T02:00:00,2019,9,16,2,0,0.00000000,16.40000000,16.40000000,0.00000000
2019-09-16T02:10:00,2019,9,16,2,10,0.00000000,16.31666667,16.31666667,0.00000000
2019-09-16T02:20:00,2019,9,16,2,20,0.00000000,16.23333333,16.23333333,0.00000000
2019-09-16T02:30:00,2019,9,16,2,30,0.00000000,16.15000000,16.15000000,0.00000000
2019-09-16T02:40:00,2019,9,16,2,40,0.00000000,16.06666667,16.06666667,0.00000000
2019-09-16T02:50:00,2019,9,16,2,50,0.00000000,15.98333333,15.98333333,0.00000000
2019-09-16T03:00:00,2019,9,16,3,0,0.00000000,15.90000000,15.90000000,0.00000000
2019-09-16T03:10:00,2019,9,16,3,10,0.00000000,15.86666667,15.86666667,0.00000000
2019-09-16T03:20:00,2019,9,16,3,20,0.00000000,15.83333333,15.83333333,0.00000000
2019-09-16T03:30:00,2019,9,16,3,30,0.00000000,15.80000000,15.80000000,0.00000000
2019-09-16T03:40:00,2019,9,16,3,40,0.00000000,15.76666667,15.76666667,0.00000000
2019-09-16T03:50:00,2019,9,16,3,50,0.00000000,15.73333333,15.73333333,0.00000000
2019-09-16T04:00:00,2019,9,16,4,0,0.00000000,15.70000000,15.70000000,0.00000000
2019-09-16T04:10:00,2019,9,16,4,10,0.00000000,15.78333333,15.78333333,0.00000000
2019-09-16T04:20:00,2019,9,16,4,20,0.00000000,15.86666667,15.86666667,0.00000000
2019-09-16T04:30:00,2019,9,16,4,30,0.00000000,15.95000000,15.95000000,0.00000000
2019-09-16T04:40:00,2019,9,16,4,40,0.00000000,16.03333333,16.03333333,0.00000000
2019-09-16T04:50:00,2019,9,16,4,50,0.00000000,16.11666667,16.11666667,0.00000000
2019-09-16T05:00:00,2019,9,16,5,0,0.00000000,16.20000000,16.20000000,0.00000000
2019-09-16T05:10:00,2019,9,16,5,10,0.00533333,16.18333333,16.37000000,0.00554506
2019-09-16T05:20:00,2019,9,16,5,20,0.01066667,16.16666667,16.54000000,0.01108177
2019-09-16T05:30:00,2019,9,16,5,30,0.01600000,16.15000000,16.71000000,0.01661014
2019-09-16T05:40:00,2019,9,16,5,40,0.02133333,16.13333333,16.88000000,0.02213018
2019-09-16T05:50:00,2019,9,16,5,50,0.02666667,16.11666667,17.05000000,0.02764187
2019-09-16T06:00:00,2019,9,16,6,0,0.03200000,16.10000000,17.22000000,0.03314522
2019-09-16T06:10:00,2019,9,16,6,10,0.05900000,16.11666667,18.18166667,0.06085050
2019-09-16T06:20:00,2019,9,16,6,20,0.08600000,16.13333333,19.14333333,0.08831690
2019-09-16T06:30:00,2019,9,16,6,30,0.11300000,16.15000000,20.10500000,0.11554442
2019-09-16T06:40:00,2019,9,16,6,40,0.14000000,16.16666667,21.06666667,0.14253307
2019-09-16T06:50:00,2019,9,16,6,50,0.16700000,16.18333333,22.02833333,0.16928283
2019-09-16T07:00:00,2019,9,16,7,0,0.19400000,16.20000000,22.99000000,0.19579372
2019-09-16T07:10:00,2019,9,16,7,10,0.19583333,16.33333333,23.18750000,0.19746609
2019-09-16T07:20:00,2019,9,16,7,20,0.19766667,16.46666667,23.38500000,0.19913513
2019-09-16T07:30:00,2019,9,16,7,30,0.19950000,16.60000000,23.58250000,0.20080084
2019-09-16T07:40:00,2019,9,16,7,40,0.20133333,16.73333333,23.78000000,0.20246322
2019-09-16T07:50:00,2019,9,16,7,50,0.20316667,16.86666667,23.97750000,0.20412226
2019-09-16T08:00:00,2019,9,16,8,0,0.20500000,17.00000000,24.17500000,0.20577797
2019-09-16T08:10:00,2019,9,16,8,10,0.20516667,17.03333333,24.21416667,0.20590831
2019-09-16T08:20:00,2019,9,16,8,20,0.20533333,17.06666667,24.25333333,0.20603858
2019-09-16T08:30:00,2019,9,16,8,30,0.20550000,17.10000000,24.29250000,0.20616880
2019-09-16T08:40:00,2019,9,16,8,40,0.20566667,17.13333333,24.33166667,0.20629895
2019-09-16T08:50:00,2019,9,16,8,50,0.20583333,17.16666667,24.37083333,0.20642905
2019-09-16T09:00:00,2019,9,16,9,0,0.20600000,17.20000000,24.41000000,0.20655908
2019-09-16T09:10:00,2019,9,16,9,10,0.27200000,17.21666667,26.73666667,0.26982708
2019-09-16T09:20:00,2019,9,16,9,20,0.33800000,17.23333333,29.06333333,0.33168233
2019-09-16T09:30:00,2019,9,16,9,30,0.40400000,17.25000000,31.39000000,0.39212482
2019-09-16T09:40:00,2019,9,16,9,40,0.47000000,17.26666667,33.71666667,0.45115457
2019-09-16T09:50:00,2019,9,16,9,50,0.53600000,17.28333333,36.04333333,0.50877156
2019-09-16T10:00:00,2019,9,16,10,0,0.60200000,17.30000000,38.37000000,0.56497580
2019-09-16T10:10:00,2019,9,16,10,10,0.53150000,17.73333333,36.33583333,0.50378502
2019-09-16T10:20:00,2019,9,16,10,20,0.46100000,18.16666667,34.30166667,0.44127489
2019-09-16T10:30:00,2019,9,16,10,30,0.39050000,18.60000000,32.26750000,0.37744539
2019-09-16T10:40:00,2019,9,16,10,40,0.32000000,19.03333333,30.23333333,0.31229653
2019-09-16T10:50:00,2019,9,16,10,50,0.24950000,19.46666667,28.19916667,0.24582832
2019-09-16T11:00:00,2019,9,16,11,0,0.17900000,19.90000000,26.16500000,0.17804074
2019-09-16T11:10:00,2019,9,16,11,10,0.25100000,19.45000000,28.23500000,0.24726487
2019-09-16T11:20:00,2019,9,16,11,20,0.32300000,19.00000000,30.30500000,0.31511783
2019-09-16T11:30:00,2019,9,16,11,30,0.39500000,18.55000000,32.37500000,0.38159962
2019-09-16T11:40:00,2019,9,16,11,40,0.46700000,18.10000000,34.44500000,0.44671025
2019-09-16T11:50:00,2019,9,16,11,50,0.53900000,17.65000000,36.51500000,0.51044971
2019-09-16T12:00:00,2019,9,16,12,0,0.61100000,17.20000000,38.58500000,0.57281800
2019-09-16T12:10:00,2019,9,16,12,10,0.57333333,17.68333333,37.75000000,0.53970733
2019-09-16T12:20:00,2019,9,16,12,20,0.53566667,18.16666667,36.91500000,0.50630731
2019-09-16T12:30:00,2019,9,16,12,30,0.49800000,18.65000000,36.08000000,0.47261794
2019-09-16T12:40:00,2019,9,16,12,40,0.46033333,19.13333333,35.24500000,0.43863920
2019-09-16T12:50:00,2019,9,16,12,50,0.42266667,19.61666667,34.41000000,0.40437112
2019-09-16T13:00:00,2019,9,16,13,0,0.38500000,20.10000000,33.57500000,0.36981368
2019-09-16T13:10:00,2019,9,16,13,10,0.38183333,19.90000000,33.26416667,0.36731788
2019-09-16T13:20:00,2019,9,16,13,20,0.37866667,19.70000000,32.95333333,0.36481302
2019-09-16T13:30:00,2019,9,16,13,30,0.37550000,19.50000000,32.64250000,0.36229911
2019-09-16T13:40:00,2019,9,16,13,40,0.37233333,19.30000000,32.33166667,0.35977614
2019-09-16T13:50:00,2019,9,16,13,50,0.36916667,19.10000000,32.02083333,0.35724412
2019-09-16T14:00:00,2019,9,16,14,0,0.36600000,18.90000000,31.71000000,0.35470304
2019-09-16T14:10:00,2019,9,16,14,10,0.36700000,18.90000000,31.74500000,0.35561309
2019-09-16T14:20:00,2019,9,16,14,20,0.36800000,18.90000000,31.78000000,0.35652282
2019-09-16T14:30:00,2019,9,16,14,30,0.36900000,18.90000000,31.81500000,0.35743222
2019-09-16T14:40:00,2019,9,16,14,40,0.37000000,18.90000000,31.85000000,0.35834130
2019-09-16T14:50:00,2019,9,16,14,50,0.37100000,18.90000000,31.88500000,0.35925006
2019-09-16T15:00:00,2019,9,16,15,0,0.37200000,18.90000000,31.92000000,0.36015850
2019-09-16T15:10:00,2019,9,16,15,10,0.32400000,18.83333333,30.17333333,0.31628966
2019-09-16T15:20:00,2019,9,16,15,20,0.27600000,18.76666667,28.42666667,0.27164950
2019-09-16T15:30:00,2019,9,16,15,30,0.22800000,18.70000000,26.68000000,0.22623802
2019-09-16T15:40:00,2019,9,16,15,40,0.18000000,18.63333333,24.93333333,0.18005520
2019-09-16T15:50:00,2019,9,16,15,50,0.13200000,18.56666667,23.18666667,0.13310106
2019-09-16T16:00:00,2019,9,16,16,0,0.08400000,18.50000000,21.44000000,0.08537558
2019-09-16T16:10:00,2019,9,16,16,10,0.07600000,18.20000000,20.86000000,0.07744734
2019-09-16T16:20:00,2019,9,16,16,20,0.06800000,17.90000000,20.28000000,0.06947642
2019-09-16T16:30:00,2019,9,16,16,30,0.06000000,17.60000000,19.70000000,0.06146280
2019-09-16T16:40:00,2019,9,16,16,40,0.05200000,17.30000000,19.12000000,0.05340650
2019-09-16T16:50:00,2019,9,16,16,50,0.04400000,17.00000000,18.54000000,0.04530750
2019-09-16T17:00:00,2019,9,16,17,0,0.03600000,16.70000000,17.96000000,0.03716582
2019-09-16T17:10:00,2019,9,16,17,10,0.03000000,16.63333333,17.68333333,0.03100970
2019-09-16T17:20:00,2019,9,16,17,20,0.02400000,16.56666667,17.40666667,0.02483830
2019-09-16T17:30:00,2019,9,16,17,30,0.01800000,16.50000000,17.13000000,0.01865164
2019-09-16T17:40:00,2019,9,16,17,40,0.01200000,16.43333333,16.85333333,0.01244970
2019-09-16T17:50:00,2019,9,16,17,50,0.00600000,16.36666667,16.57666667,0.00623248
2019-09-16T18:00:00,2019,9,16,18,0,0.00000000,16.30000000,16.30000000,0.00000000
2019-09-16T18:10:00,2019,9,16,18,10,0.00000000,16.30000000,16.30000000,0.00000000
2019-09-16T18:20:00,2019,9,16,18,20,0.00000000,16.30000000,16.30000000,0.00000000
2019-09-16T18:30:00,2019,9,16,18,30,0.00000000,16.30000000,16.30000000,0.00000000
2019-09-16T18:40:00,2019,9,16,18,40,0.00000000,16.30000000,16.30000000,0.00000000
2019-09-16T18:50:00,2019,9,16,18,50,0.00000000,16.30000000,16.30000000,0.00000000
2019-09-16T19:00:00,2019,9,16,19,0,0.00000000,16.30000000,16.30000000,0.00000000
2019-09-16T19:10:00,2019,9,16,19,10,0.00000000,16.30000000,16.30000000,0.00000000
2019-09-16T19:20:00,2019,9,16,19,20,0.00000000,16.30000000,16.30000000,0.00000000
2019-09-16T19:30:00,2019,9,16,19,30,0.00000000,16.30000000,16.30000000,0.00000000
2019-09-16T19:40:00,2019,9,16,19,40,0.00000000,16.30000000,16.30000000,0.00000000
2019-09-16T19:50:00,2019,9,16,19,50,0.00000000,16.30000000,16.30000000,0.00000000
2019-09-16T20:00:00,2019,9,16,20,0,0.00000000,16.30000000,16.30000000,0.00000000
2019-09-16T20:10:00,2019,9,16,20,10,0.00000000,16.21666667,16.21666667,0.00000000
2019-09-16T20:20:00,2019,9,16,20,20,0.00000000,16.13333333,16.13333333,0.00000000
2019-09-16T20:30:00,2019,9,16,20,30,0.00000000,16.05000000,16.05000000,0.00000000
2019-09-16T20:40:00,2019,9,16,20,40,0.00000000,15.96666667,15.96666667,0.00000000
2019-09-16T20:50:00,2019,9,16,20,50,0.00000000,15.88333333,15.88333333,0.00000000
2019-09-16T21:00:00,2019,9,16,21,0,0.00000000,15.80000000,15.80000000,0.00000000
2019-09-16T21:10:00,2019,9,16,21,10,0.00000000,15.85000000,15.85000000,0.00000000
2019-09-16T21:20:00,2019,9,16,21,20,0.00000000,15.90000000,15.90000000,0.00000000
2019-09-16T21:30:00,2019,9,16,21,30,0.00000000,15.95000000,15.95000000,0.00000000
2019-09-16T21:40:00,2019,9,16,21,40,0.00000000,16.00000000,16.00000000,0.00000000
2019-09-16T21:50:00,2019,9,16,21,50,0.00000000,16.05000000,16.05000000,0.00000000
2019-09-16T22:00:00,2019,9,16,22,0,0.00000000,16.10000000,16.10000000,0.00000000
2019-09-16T22:10:00,2019,9,16,22,10,0.00000000,16.01666667,16.01666667,0.00000000
2019-09-16T22:20:00,2019,9,16,22,20,0.00000000,15.93333333,15.93333333,0.00000000
2019-09-16T22:30:00,2019,9,16,22,30,0.00000000,15.85000000,15.85000000,0.00000000
2019-09-16T22:40:00,2019,9,16,22,40,0.00000000,15.76666667,15.76666667,0.00000000
2019-09-16T22:50:00,2019,9,16,22,50,0.00000000,15.68333333,15.68333333,0.00000000
2019-09-16T23:00:00,2019,9,16,23,0,0.00000000,15.60000000,15.60000000,0.00000000
2019-09-16T23:10:00,2019,9,16,23,10,0.00000000,15.25000000,15.25000000,0.00000000
2019-09-16T23:20:00,2019,9,16,23,20,0.00000000,14.90000000,14.90000000,0.00000000
2019-09-16T23:30:00,2019,9,16,23,30,0.00000000,14.55000000,14.55000000,0.00000000
2019-09-16T23:40:00,2019,9,16,23,40,0.00000000,14.20000000,14.20000000,0.00000000
2019-09-16T23:50:00,2019,9,16,23,50,0.00000000,13.85000000,13.85000000,0.00000000
2019-09-17T00:00:00,2019,9,17,0,0,0.00000000,13.50000000,13.50000000,0.00000000
2019-09-17T00:10:00,2019,9,17,0,10,0.00000000,13.45000000,13.45000000,0.00000000
2019-09-17T00:20:00,2019,9,17,0,20,0.00000000,13.40000000,13.40000000,0.00000000
2019-09-17T00:30:00,2019,9,17,0,30,0.00000000,13.35000000,13.35000000,0.00000000
2019-09-17T00:40:00,2019,9,17,0,40,0.00000000,13.30000000,13.30000000,0.00000000
2019-09-17T00:50:00,2019,9,17,0,50,0.00000000,13.25000000,13.25000000,0.00000000
2019-09-17T01:00:00,2019,9,17,1,0,0.00000000,13.20000000,13.20000000,0.00000000
2019-09-17T01:10:00,2019,9,17,1,10,0.00000000,13.20000000,13.20000000,0.00000000
2019-09-17T01:20:00,2019,9,17,1,20,0.00000000,13.20000000,13.20000000,0.00000000
2019-09-17T01:30:00,2019,9,17,1,30,0.00000000,13.20000000,13.20000000,0.00000000
2019-09-17T01:40:00,2019,9,17,1,40,0.00000000,13.20000000,13.20000000,0.00000000
2019-09-17T01:50:00,2019,9,17,1,50,0.00000000,13.20000000,13.20000000,0.00000000
2019-09-17T02:00:00,2019,9,17,2,0,0.00000000,13.20000000,13.20000000,0.00000000
2019-09-17T02:10:00,2019,9,17,2,10,0.00000000,13.15000000,13.15000000,0.00000000
2019-09-17T02:20:00,2019,9,17,2,20,0.00000000,13.10000000,13.10000000,0.00000000
2019-09-17T02:30:00,2019,9,17,2,30,0.00000000,13.05000000,13.05000000,0.00000000
2019-09-17T02:40:00,2019,9,17,2,40,0.00000000,13.00000000,13.00000000,0.00000000
2019-09-17T02:50:00,2019,9,17,2,50,0.00000000,12.95000000,12.95000000,0.00000000
2019-09-17T03:00:00,2019,9,17,3,0,0.00000000,12.90000000,12.90000000,0.00000000
2019-09-17T03:10:00,2019,9,17,3,10,0.00000000,12.81666667,12.81666667,0.00000000
2019-09-17T03:20:00,2019,9,17,3,20,0.00000000,12.73333333,12.73333333,0.00000000
2019-09-17T03:30:00,2019,9,17,3,30,0.00000000,12.65000000,12.65000000,0.00000000
2019-09-17T03:40:00,2019,9,17,3,40,0.00000000,12.56666667,12.56666667,0.00000000
2019-09-17T03:50:00,2019,9,17,3,50,0.00000000,12.48333333,12.48333333,0.00000000
2019-09-17T04:00:00,2019,9,17,4,0,0.00000000,12.40000000,12.40000000,0.00000000
2019-09-17T04:10:00,2019,9,17,4,10,0.00000000,12.40000000,12.40000000,0.00000000
2019-09-17T04:20:00,2019,9,17,4,20,0.00000000,12.40000000,12.40000000,0.00000000
2019-09-17T04:30:00,2019,9,17,4,30,0.00000000,12.40000000,12.40000000,0.00000000
2019-09-17T04:40:00,2019,9,17,4,40,0.00000000,12.40000000,12.40000000,0.00000000
2019-09-17T04:50:00,2019,9,17,4,50,0.00000000,12.40000000,12.40000000,0.00000000
2019-09-17T05:00:00,2019,9,17,5,0,0.00000000,12.40000000,12.40000000,0.00000000
2019-09-17T05:10:00,2019,9,17,5,10,0.00916667,12.36666667,12.68750000,0.00968584
2019-09-17T05:20:00,2019,9,17,5,20,0.01833333,12.33333333,12.97500000,0.01934744
2019-09-17T05:30:00,2019,9,17,5,30,0.02750000,12.30000000,13.26250000,0.02898479
2019-09-17T05:40:00,2019,9,17,5,40,0.03666667,12.26666667,13.55000000,0.03859790
2019-09-17T05:50:00,2019,9,17,5,50,0.04583333,12.23333333,13.83750000,0.04818676
2019-09-17T06:00:00,2019,9,17,6,0,0.05500000,12.20000000,14.12500000,0.05775138
2019-09-17T06:10:00,2019,9,17,6,10,0.08616667,12.55000000,15.56583333,0.08990606
2019-09-17T06:20:00,2019,9,17,6,20,0.11733333,12.90000000,17.00666667,0.12164760
2019-09-17T06:30:00,2019,9,17,6,30,0.14850000,13.25000000,18.44750000,0.15297601
2019-09-17T06:40:00,2019,9,17,6,40,0.17966667,13.60000000,19.88833333,0.18389129
2019-09-17T06:50:00,2019,9,17,6,50,0.21083333,13.95000000,21.32916667,0.21439343
2019-09-17T07:00:00,2019,9,17,7,0,0.24200000,14.30000000,22.77000000,0.24448244
2019-09-17T07:10:00,2019,9,17,7,10,0.27783333,14.70000000,24.42416667,0.27856927
2019-09-17T07:20:00,2019,9,17,7,20,0.31366667,15.10000000,26.07833333,0.31211078
2019-09-17T07:30:00,2019,9,17,7,30,0.34950000,15.50000000,27.73250000,0.34510696
2019-09-17T07:40:00,2019,9,17,7,40,0.38533333,15.90000000,29.38666667,0.37755782
2019-09-17T07:50:00,2019,9,17,7,50,0.42116667,16.30000000,31.04083333,0.40946336
2019-09-17T08:00:00,2019,9,17,8,0,0.45700000,16.70000000,32.69500000,0.44082357
2019-09-17T08:10:00,2019,9,17,8,10,0.44900000,17.13333333,32.84833333,0.43279005
2019-09-17T08:20:00,2019,9,17,8,20,0.44100000,17.56666667,33.00166667,0.42476782
2019-09-17T08:30:00,2019,9,17,8,30,0.43300000,18.00000000,33.15500000,0.41675687
2019-09-17T08:40:00,2019,9,17,8,40,0.42500000,18.43333333,33.30833333,0.40875721
2019-09-17T08:50:00,2019,9,17,8,50,0.41700000,18.86666667,33.46166667,0.40076883
2019-09-17T09:00:00,2019,9,17,9,0,0.40900000,19.30000000,33.61500000,0.39279174
2019-09-17T09:10:00,2019,9,17,9,10,0.48516667,19.31666667,36.29750000,0.45995328
2019-09-17T09:20:00,2019,9,17,9,20,0.56133333,19.33333333,38.98000000,0.52523511
2019-09-17T09:30:00,2019,9,17,9,30,0.63750000,19.35000000,41.66250000,0.58863722
2019-09-17T09:40:00,2019,9,17,9,40,0.71366667,19.36666667,44.34500000,0.65015961
2019-09-17T09:50:00,2019,9,17,9,50,0.78983333,19.38333333,47.02750000,0.70980229
2019-09-17T10:00:00,2019,9,17,10,0,0.86600000,19.40000000,49.71000000,0.76756524
2019-09-17T10:10:00,2019,9,17,10,10,0.85566667,19.95000000,49.89833333,0.75766517
2019-09-17T10:20:00,2019,9,17,10,20,0.84533333,20.50000000,50.08666667,0.74778299
2019-09-17T10:30:00,2019,9,17,10,30,0.83500000,21.05000000,50.27500000,0.73791872
2019-09-17T10:40:00,2019,9,17,10,40,0.82466667,21.60000000,50.46333333,0.72807236
2019-09-17T10:50:00,2019,9,17,10,50,0.81433333,22.15000000,50.65166667,0.71824390
2019-09-17T11:00:00,2019,9,17,11,0,0.80400000,22.70000000,50.84000000,0.70843334
2019-09-17T11:10:00,2019,9,17,11,10,0.80266667,22.75000000,50.84333333,0.70724619
2019-09-17T11:20:00,2019,9,17,11,20,0.80133333,22.80000000,50.84666667,0.70605907
2019-09-17T11:30:00,2019,9,17,11,30,0.80000000,22.85000000,50.85000000,0.70487200
2019-09-17T11:40:00,2019,9,17,11,40,0.79866667,22.90000000,50.85333333,0.70368497
2019-09-17T11:50:00,2019,9,17,11,50,0.79733333,22.95000000,50.85666667,0.70249798
2019-09-17T12:00:00,2019,9,17,12,0,0.79600000,23.00000000,50.86000000,0.70131102
2019-09-17T12:10:00,2019,9,17,12,10,0.74800000,23.06666667,49.24666667,0.66457207
2019-09-17T12:20:00,2019,9,17,12,20,0.70000000,23.13333333,47.63333333,0.62712067
2019-09-17T12:30:00,2019,9,17,12,30,0.65200000,23.20000000,46.02000000,0.58895682
2019-09-17T12:40:00,2019,9,17,12,40,0.60400000,23.26666667,44.40666667,0.55008052
2019-09-17T12:50:00,2019,9,17,12,50,0.55600000,23.33333333,42.79333333,0.51049177
2019-09-17T13:00:00,2019,9,17,13,0,0.50800000,23.40000000,41.18000000,0.47019058
2019-09-17T13:10:00,2019,9,17,13,10,0.53933333,23.11666667,41.99333333,0.49717401
2019-09-17T13:20:00,2019,9,17,13,20,0.57066667,22.83333333,42.80666667,0.52392298
2019-09-17T13:30:00,2019,9,17,13,30,0.60200000,22.55000000,43.62000000,0.55043750
2019-09-17T13:40:00,2019,9,17,13,40,0.63333333,22.26666667,44.43333333,0.57671756
2019-09-17T13:50:00,2019,9,17,13,50,0.66466667,21.98333333,45.24666667,0.60276316
2019-09-17T14:00:00,2019,9,17,14,0,0.69600000,21.70000000,46.06000000,0.62857430
2019-09-17T14:10:00,2019,9,17,14,10,0.63450000,21.95000000,44.15750000,0.57858500
2019-09-17T14:20:00,2019,9,17,14,20,0.57300000,22.20000000,42.25500000,0.52751927
2019-09-17T14:30:00,2019,9,17,14,30,0.51150000,22.45000000,40.35250000,0.47537710
2019-09-17T14:40:00,2019,9,17,14,40,0.45000000,22.70000000,38.45000000,0.42215850
2019-09-17T14:50:00,2019,9,17,14,50,0.38850000,22.95000000,36.54750000,0.36786346
2019-09-17T15:00:00,2019,9,17,15,0,0.32700000,23.20000000,34.64500000,0.31249199
2019-09-17T15:10:00,2019,9,17,15,10,0.30300000,22.70000000,33.30500000,0.29142449
2019-09-17T15:20:00,2019,9,17,15,20,0.27900000,22.20000000,31.96500000,0.27006112
2019-09-17T15:30:00,2019,9,17,15,30,0.25500000,21.70000000,30.62500000,0.24840188
2019-09-17T15:40:00,2019,9,17,15,40,0.23100000,21.20000000,29.28500000,0.22644676
2019-09-17T15:50:00,2019,9,17,15,50,0.20700000,20.70000000,27.94500000,0.20419577
2019-09-17T16:00:00,2019,9,17,16,0,0.18300000,20.20000000,26.60500000,0.18164891
2019-09-17T16:10:00,2019,9,17,16,10,0.16283333,20.06666667,25.76583333,0.16225970
2019-09-17T16:20:00,2019,9,17,16,20,0.14266667,19.93333333,24.92666667,0.14271479
2019-09-17T16:30:00,2019,9,17,16,30,0.12250000,19.80000000,24.08750000,0.12301419
2019-09-17T16:40:00,2019,9,17,16,40,0.10233333,19.66666667,23.24833333,0.10315790
2019-09-17T16:50:00,2019,9,17,16,50,0.08216667,19.53333333,22.40916667,0.08314592
2019-09-17T17:00:00,2019,9,17,17,0,0.06200000,19.40000000,21.57000000,0.06297824
2019-09-17T17:10:00,2019,9,17,17,10,0.05166667,19.11666667,20.92500000,0.05263516
2019-09-17T17:20:00,2019,9,17,17,20,0.04133333,18.83333333,20.28000000,0.04223076
2019-09-17T17:30:00,2019,9,17,17,30,0.03100000,18.55000000,19.63500000,0.03176505
2019-09-17T17:40:00,2019,9,17,17,40,0.02066667,18.26666667,18.99000000,0.02123802
2019-09-17T17:50:00,2019,9,17,17,50,0.01033333,17.98333333,18.34500000,0.01064967
2019-09-17T18:00:00,2019,9,17,18,0,0.00000000,17.70000000,17.70000000,0.00000000
2019-09-17T18:10:00,2019,9,17,18,10,0.00000000,17.58333333,17.58333333,0.00000000
2019-09-17T18:20:00,2019,9,17,18,20,0.00000000,17.46666667,17.46666667,0.00000000
2019-09-17T18:30:00,2019,9,17,18,30,0.00000000,17.35000000,17.35000000,0.00000000
2019-09-17T18:40:00,2019,9,17,18,40,0.00000000,17.23333333,17.23333333,0.00000000
2019-09-17T18:50:00,2019,9,17,18,50,0.00000000,17.11666667,17.11666667,0.00000000
2019-09-17T19:00:00,2019,9,17,19,0,0.00000000,17.00000000,17.00000000,0.00000000
2019-09-17T19:10:00,2019,9,17,19,10,0.00000000,16.91666667,16.91666667,0.00000000
2019-09-17T19:20:00,2019,9,17,19,20,0.00000000,16.83333333,16.83333333,0.00000000
2019-09-17T19:30:00,2019,9,17,19,30,0.00000000,16.75000000,16.75000000,0.00000000
2019-09-17T19:40:00,2019,9,17,19,40,0.00000000,16.66666667,16.66666667,0.00000000
2019-09-17T19:50:00,2019,9,17,19,50,0.00000000,16.58333333,16.58333333,0.00000000
2019-09-17T20:00:00,2019,9,17,20,0,0.00000000,16.50000000,16.50000000,0.00000000
2019-09-17T20:10:00,2019,9,17,20,10,0.00000000,16.40000000,16.40000000,0.00000000
2019-09-17T20:20:00,2019,9,17,20,20,0.00000000,16.30000000,16.30000000,0.00000000
2019-09-17T20:30:00,2019,9,17,20,30,0.00000000,16.20000000,16.20000000,0.00000000
2019-09-17T20:40:00,2019,9,17,20,40,0.00000000,16.10000000,16.10000000,0.00000000
2019-09-17T20:50:00,2019,9,17,20,50,0.00000000,16.00000000,16.00000000,0.00000000
2019-09-17T21:00:00,2019,9,17,21,0,0.00000000,15.90000000,15.90000000,0.00000000
2019-09-17T21:10:00,2019,9,17,21,10,0.00000000,15.88333333,15.88333333,0.00000000
2019-09-17T21:20:00,2019,9,17,21,20,0.00000000,15.86666667,15.86666667,0.00000000
2019-09-17T21:30:00,2019,9,17,21,30,0.00000000,15.85000000,15.85000000,0.00000000
2019-09-17T21:40:00,2019,9,17,21,40,0.00000000,15.83333333,15.83333333,0.00000000
2019-09-17T21:50:00,2019,9,17,21,50,0.00000000,15.81666667,15.81666667,0.00000000
2019-09-17T22:00:00,2019,9,17,22,0,0.00000000,15.80000000,15.80000000,0.00000000
2019-09-17T22:10:00,2019,9,17,22,10,0.00000000,15.68333333,15.68333333,0.00000000
2019-09-17T22:20:00,2019,9,17,22,20,0.00000000,15.56666667,15.56666667,0.00000000
2019-09-17T22:30:00,2019,9,17,22,30,0.00000000,15.45000000,15.45000000,0.00000000
2019-09-17T22:40:00,2019,9,17,22,40,0.00000000,15.33333333,15.33333333,0.00000000
2019-09-17T22:50:00,2019,9,17,22,50,0.00000000,15.21666667,15.21666667,0.00000000
2019-09-17T23:00:00,2019,9,17,23,0,0.00000000,15.10000000,15.10000000,0.00000000
2019-09-17T23:10:00,2019,9,17,23,10,0.00000000,15.68333333,15.68333333,0.00000000
2019-09-17T23:20:00,2019,9,17,23,20,0.00000000,16.26666667,16.26666667,0.00000000
2019-09-17T23:30:00,2019,9,17,23,30,0.00000000,16.85000000,16.85000000,0.00000000
2019-09-17T23:40:00,2019,9,17,23,40,0.00000000,17.43333333,17.43333333,0.00000000
2019-09-17T23:50:00,2019,9,17,23,50,0.00000000,18.01666667,18.01666667,0.00000000
2019-09-18T00:00:00,2019,9,18,0,0,0.00000000,18.60000000,18.60000000,0.00000000
2019-09-18T00:10:00,2019,9,18,0,10,0.00000000,18.58333333,18.58333333,0.00000000
2019-09-18T00:20:00,2019,9,18,0,20,0.00000000,18.56666667,18.56666667,0.00000000
2019-09-18T00:30:00,2019,9,18,0,30,0.00000000,18.55000000,18.55000000,0.00000000
2019-09-18T00:40:00,2019,9,18,0,40,0.00000000,18.53333333,18.53333333,0.00000000
2019-09-18T00:50:00,2019,9,18,0,50,0.00000000,18.51666667,18.51666667,0.00000000
2019-09-18T01:00:00,2019,9,18,1,0,0.00000000,18.50000000,18.50000000,0.00000000
2019-09-18T01:10:00,2019,9,18,1,10,0.00000000,18.48333333,18.48333333,0.00000000
2019-09-18T01:20:00,2019,9,18,1,20,0.00000000,18.46666667,18.46666667,0.00000000
2019-09-18T01:30:00,2019,9,18,1,30,0.00000000,18.45000000,18.45000000,0.00000000
2019-09-18T01:40:00,2019,9,18,1,40,0.00000000,18.43333333,18.43333333,0.00000000
2019-09-18T01:50:00,2019,9,18,1,50,0.00000000,18.41666667,18.41666667,0.00000000
2019-09-18T02:00:00,2019,9,18,2,0,0.00000000,18.40000000,18.40000000,0.00000000
2019-09-18T02:10:00,2019,9,18,2,10,0.00000000,18.46666667,18.46666667,0.00000000
2019-09-18T02:20:00,2019,9,18,2,20,0.00000000,18.53333333,18.53333333,0.00000000
2019-09-18T02:30:00,2019,9,18,2,30,0.00000000,18.60000000,18.60000000,0.00000000
2019-09-18T02:40:00,2019,9,18,2,40,0.00000000,18.66666667,18.66666667,0.00000000
2019-09-18T02:50:00,2019,9,18,2,50,0.00000000,18.73333333,18.73333333,0.00000000
2019-09-18T03:00:00,2019,9,18,3,0,0.00000000,18.80000000,18.80000000,0.00000000
2019-09-18T03:10:00,2019,9,18,3,10,0.00000000,18.68333333,18.68333333,0.00000000
2019-09-18T03:20:00,2019,9,18,3,20,0.00000000,18.56666667,18.56666667,0.00000000
2019-09-18T03:30:00,2019,9,18,3,30,0.00000000,18.45000000,18.45000000,0.00000000
2019-09-18T03:40:00,2019,9,18,3,40,0.00000000,18.33333333,18.33333333,0.00000000
2019-09-18T03:50:00,2019,9,18,3,50,0.00000000,18.21666667,18.21666667,0.00000000
2019-09-18T04:00:00,2019,9,18,4,0,0.00000000,18.10000000,18.10000000,0.00000000
2019-09-18T04:10:00,2019,9,18,4,10,0.00000000,18.25000000,18.25000000,0.00000000
2019-09-18T04:20:00,2019,9,18,4,20,0.00000000,18.40000000,18.40000000,0.00000000
2019-09-18T04:30:00,2019,9,18,4,30,0.00000000,18.55000000,18.55000000,0.00000000
2019-09-18T04:40:00,2019,9,18,4,40,0.00000000,18.70000000,18.70000000,0.00000000
2019-09-18T04:50:00,2019,9,18,4,50,0.00000000,18.85000000,18.85000000,0.00000000
2019-09-18T05:00:00,2019,9,18,5,0,0.00000000,19.00000000,19.00000000,0.00000000
2019-09-18T05:10:00,2019,9,18,5,10,0.00400000,18.86666667,19.00666667,0.00411028
2019-09-18T05:20:00,2019,9,18,5,20,0.00800000,18.73333333,19.01333333,0.00822031
2019-09-18T05:30:00,2019,9,18,5,30,0.01200000,18.60000000,19.02000000,0.01233010
2019-09-18T05:40:00,2019,9,18,5,40,0.01600000,18.46666667,19.02666667,0.01643964
2019-09-18T05:50:00,2019,9,18,5,50,0.02000000,18.33333333,19.03333333,0.02054893
2019-09-18T06:00:00,2019,9,18,6,0,0.02400000,18.20000000,19.04000000,0.02465798
2019-09-18T06:10:00,2019,9,18,6,10,0.02666667,18.18333333,19.11666667,0.02738836
2019-09-18T06:20:00,2019,9,18,6,20,0.02933333,18.16666667,19.19333333,0.03011685
2019-09-18T06:30:00,2019,9,18,6,30,0.03200000,18.15000000,19.27000000,0.03284346
2019-09-18T06:40:00,2019,9,18,6,40,0.03466667,18.13333333,19.34666667,0.03556818
2019-09-18T06:50:00,2019,9,18,6,50,0.03733333,18.11666667,19.42333333,0.03829103
2019-09-18T07:00:00,2019,9,18,7,0,0.04000000,18.10000000,19.50000000,0.04101200
2019-09-18T07:10:00,2019,9,18,7,10,0.08050000,18.01666667,20.83416667,0.08204261
2019-09-18T07:20:00,2019,9,18,7,20,0.12100000,17.93333333,22.16833333,0.12257611
2019-09-18T07:30:00,2019,9,18,7,30,0.16150000,17.85000000,23.50250000,0.16261249
2019-09-18T07:40:00,2019,9,18,7,40,0.20200000,17.76666667,24.83666667,0.20215177
2019-09-18T07:50:00,2019,9,18,7,50,0.24250000,17.68333333,26.17083333,0.24119394
2019-09-18T08:00:00,2019,9,18,8,0,0.28300000,17.60000000,27.50500000,0.27973899
2019-09-18T08:10:00,2019,9,18,8,10,0.28600000,17.76666667,27.77666667,0.28234702
2019-09-18T08:20:00,2019,9,18,8,20,0.28900000,17.93333333,28.04833333,0.28494755
2019-09-18T08:30:00,2019,9,18,8,30,0.29200000,18.10000000,28.32000000,0.28754058
2019-09-18T08:40:00,2019,9,18,8,40,0.29500000,18.26666667,28.59166667,0.29012611
2019-09-18T08:50:00,2019,9,18,8,50,0.29800000,18.43333333,28.86333333,0.29270414
2019-09-18T09:00:00,2019,9,18,9,0,0.30100000,18.60000000,29.13500000,0.29527468
2019-09-18T09:10:00,2019,9,18,9,10,0.26883333,18.55000000,27.95916667,0.26517393
2019-09-18T09:20:00,2019,9,18,9,20,0.23666667,18.50000000,26.78333333,0.23472521
2019-09-18T09:30:00,2019,9,18,9,30,0.20450000,18.45000000,25.60750000,0.20392852
2019-09-18T09:40:00,2019,9,18,9,40,0.17233333,18.40000000,24.43166667,0.17278387
2019-09-18T09:50:00,2019,9,18,9,50,0.14016667,18.35000000,23.25583333,0.14129125
2019-09-18T10:00:00,2019,9,18,10,0,0.10800000,18.30000000,22.08000000,0.10945066
2019-09-18T10:10:00,2019,9,18,10,10,0.15700000,18.23333333,23.72833333,0.15791840
2019-09-18T10:20:00,2019,9,18,10,20,0.20600000,18.16666667,25.37666667,0.20564307
2019-09-18T10:30:00,2019,9,18,10,30,0.25500000,18.10000000,27.02500000,0.25262468
2019-09-18T10:40:00,2019,9,18,10,40,0.30400000,18.03333333,28.67333333,0.29886321
2019-09-18T10:50:00,2019,9,18,10,50,0.35300000,17.96666667,30.32166667,0.34435868
2019-09-18T11:00:00,2019,9,18,11,0,0.40200000,17.90000000,31.97000000,0.38911108
2019-09-18T11:10:00,2019,9,18,11,10,0.41333333,17.83333333,32.30000000,0.39945360
2019-09-18T11:20:00,2019,9,18,11,20,0.42466667,17.76666667,32.63000000,0.40976172
2019-09-18T11:30:00,2019,9,18,11,30,0.43600000,17.70000000,32.96000000,0.42003542
2019-09-18T11:40:00,2019,9,18,11,40,0.44733333,17.63333333,33.29000000,0.43027472
2019-09-18T11:50:00,2019,9,18,11,50,0.45866667,17.56666667,33.62000000,0.44047962
2019-09-18T12:00:00,2019,9,18,12,0,0.47000000,17.50000000,33.95000000,0.45065010
2019-09-18T12:10:00,2019,9,18,12,10,0.45933333,17.50000000,33.57666667,0.44121141
2019-09-18T12:20:00,2019,9,18,12,20,0.44866667,17.50000000,33.20333333,0.43173608
2019-09-18T12:30:00,2019,9,18,12,30,0.43800000,17.50000000,32.83000000,0.42222412
2019-09-18T12:40:00,2019,9,18,12,40,0.42733333,17.50000000,32.45666667,0.41267552
2019-09-18T12:50:00,2019,9,18,12,50,0.41666667,17.50000000,32.08333333,0.40309028
2019-09-18T13:00:00,2019,9,18,13,0,0.40600000,17.50000000,31.71000000,0.39346840
2019-09-18T13:10:00,2019,9,18,13,10,0.39400000,17.56666667,31.35666667,0.38247918
2019-09-18T13:20:00,2019,9,18,13,20,0.38200000,17.63333333,31.00333333,0.37145094
2019-09-18T13:30:00,2019,9,18,13,30,0.37000000,17.70000000,30.65000000,0.36038370
2019-09-18T13:40:00,2019,9,18,13,40,0.35800000,17.76666667,30.29666667,0.34927745
2019-09-18T13:50:00,2019,9,18,13,50,0.34600000,17.83333333,29.94333333,0.33813219
2019-09-18T14:00:00,2019,9,18,14,0,0.33400000,17.90000000,29.59000000,0.32694792
2019-09-18T14:10:00,2019,9,18,14,10,0.29783333,17.81666667,28.24083333,0.29339328
2019-09-18T14:20:00,2019,9,18,14,20,0.26166667,17.73333333,26.89166667,0.25938973
2019-09-18T14:30:00,2019,9,18,14,30,0.22550000,17.65000000,25.54250000,0.22493726
2019-09-18T14:40:00,2019,9,18,14,40,0.18933333,17.56666667,24.19333333,0.19003589
2019-09-18T14:50:00,2019,9,18,14,50,0.15316667,17.48333333,22.84416667,0.15468559
2019-09-18T15:00:00,2019,9,18,15,0,0.11700000,17.40000000,21.49500000,0.11888639
2019-09-18T15:10:00,2019,9,18,15,10,0.10166667,17.35000000,20.90833333,0.10358020
2019-09-18T15:20:00,2019,9,18,15,20,0.08633333,17.30000000,20.32166667,0.08819126
2019-09-18T15:30:00,2019,9,18,15,30,0.07100000,17.25000000,19.73500000,0.07271955
2019-09-18T15:40:00,2019,9,18,15,40,0.05566667,17.20000000,19.14833333,0.05716508
2019-09-18T15:50:00,2019,9,18,15,50,0.04033333,17.15000000,18.56166667,0.04152786
2019-09-18T16:00:00,2019,9,18,16,0,0.02500000,17.10000000,17.97500000,0.02580788
2019-09-18T16:10:00,2019,9,18,16,10,0.02550000,17.11666667,18.00916667,0.02632002
2019-09-18T16:20:00,2019,9,18,16,20,0.02600000,17.13333333,18.04333333,0.02683202
2019-09-18T16:30:00,2019,9,18,16,30,0.02650000,17.15000000,18.07750000,0.02734385
2019-09-18T16:40:00,2019,9,18,16,40,0.02700000,17.16666667,18.11166667,0.02785553
2019-09-18T16:50:00,2019,9,18,16,50,0.02750000,17.18333333,18.14583333,0.02836705
2019-09-18T17:00:00,2019,9,18,17,0,0.02800000,17.20000000,18.18000000,0.02887842
2019-09-18T17:10:00,2019,9,18,17,10,0.02333333,17.25000000,18.06666667,0.02407751
2019-09-18T17:20:00,2019,9,18,17,20,0.01866667,17.30000000,17.95333333,0.01927174
2019-09-18T17:30:00,2019,9,18,17,30,0.01400000,17.35000000,17.84000000,0.01446110
2019-09-18T17:40:00,2019,9,18,17,40,0.00933333,17.40000000,17.72666667,0.00964560
2019-09-18T17:50:00,2019,9,18,17,50,0.00466667,17.45000000,17.61333333,0.00482523
2019-09-18T18:00:00,2019,9,18,18,0,0.00000000,17.50000000,17.50000000,0.00000000
2019-09-18T18:10:00,2019,9,18,18,10,0.00000000,17.45000000,17.45000000,0.00000000
2019-09-18T18:20:00,2019,9,18,18,20,0.00000000,17.40000000,17.40000000,0.00000000
2019-09-18T18:30:00,2019,9,18,18,30,0.00000000,17.35000000,17.35000000,0.00000000
2019-09-18T18:40:00,2019,9,18,18,40,0.00000000,17.30000000,17.30000000,0.00000000
2019-09-18T18:50:00,2019,9,18,18,50,0.00000000,17.25000000,17.25000000,0.00000000
2019-09-18T19:00:00,2019,9,18,19,0,0.00000000,17.20000000,17.20000000,0.00000000
2019-09-18T19:10:00,2019,9,18,19,10,0.00000000,17.25000000,17.25000000,0.00000000
2019-09-18T19:20:00,2019,9,18,19,20,0.00000000,17.30000000,17.30000000,0.00000000
2019-09-18T19:30:00,2019,9,18,19,30,0.00000000,17.35000000,17.35000000,0.00000000
2019-09-18T19:40:00,2019,9,18,19,40,0.00000000,17.40000000,17.40000000,0.00000000
2019-09-18T19:50:00,2019,9,18,19,50,0.00000000,17.45000000,17.45000000,0.00000000
2019-09-18T20:00:00,2019,9,18,20,0,0.00000000,17.50000000,17.50000000,0.00000000
2019-09-18T20:10:00,2019,9,18,20,10,0.00000000,17.43333333,17.43333333,0.00000000
2019-09-18T20:20:00,2019,9,18,20,20,0.00000000,17.36666667,17.36666667,0.00000000
2019-09-18T20:30:00,2019,9,18,20,30,0.00000000,17.30000000,17.30000000,0.00000000
2019-09-18T20:40:00,2019,9,18,20,40,0.00000000,17.23333333,17.23333333,0.00000000
2019-09-18T20:50:00,2019,9,18,20,50,0.00000000,17.16666667,17.16666667,0.00000000
2019-09-18T21:00:00,2019,9,18,21,0,0.00000000,17.10000000,17.10000000,0.00000000
2019-09-18T21:10:00,2019,9,18,21,10,0.00000000,17.21666667,17.21666667,0.00000000
2019-09-18T21:20:00,2019,9,18,21,20,0.00000000,17.33333333,17.33333333,0.00000000
2019-09-18T21:30:00,2019,9,18,21,30,0.00000000,17.45000000,17.45000000,0.00000000
2019-09-18T21:40:00,2019,9,18,21,40,0.00000000,17.56666667,17.56666667,0.00000000
2019-09-18T21:50:00,2019,9,18,21,50,0.00000000,17.68333333,17.68333333,0.00000000
2019-09-18T22:00:00,2019,9,18,22,0,0.00000000,17.80000000,17.80000000,0.00000000
2019-09-18T22:10:00,2019,9,18,22,10,0.00000000,17.75000000,17.75000000,0.00000000
2019-09-18T22:20:00,2019,9,18,22,20,0.00000000,17.70000000,17.70000000,0.00000000
2019-09-18T22:30:00,2019,9,18,22,30,0.00000000,17.65000000,17.65000000,0.00000000
2019-09-18T22:40:00,2019,9,18,22,40,0.00000000,17.60000000,17.60000000,0.00000000
2019-09-18T22:50:00,2019,9,18,22,50,0.00000000,17.55000000,17.55000000,0.00000000
2019-09-18T23:00:00,2019,9,18,23,0,0.00000000,17.50000000,17.50000000,0.00000000
2019-09-18T23:10:00,2019,9,18,23,10,0.00000000,16.83333333,16.83333333,0.00000000
2019-09-18T23:20:00,2019,9,18,23,20,0.00000000,16.16666667,16.16666667,0.00000000
2019-09-18T23:30:00,2019,9,18,23,30,0.00000000,15.50000000,15.50000000,0.00000000
2019-09-18T23:40:00,2019,9,18,23,40,0.00000000,14.83333333,14.83333333,0.00000000
2019-09-18T23:50:00,2019,9,18,23,50,0.00000000,14.16666667,14.16666667,0.00000000
2019-09-19T00:00:00,2019,9,19,0,0,0.00000000,13.50000000,13.50000000,0.00000000
2019-09-19T00:10:00,2019,9,19,0,10,0.00000000,13.46666667,13.46666667,0.00000000
2019-09-19T00:20:00,2019,9,19,0,20,0.00000000,13.43333333,13.43333333,0.00000000
2019-09-19T00:30:00,2019,9,19,0,30,0.00000000,13.40000000,13.40000000,0.00000000
2019-09-19T00:40:00,2019,9,19,0,40,0.00000000,13.36666667,13.36666667,0.00000000
2019-09-19T00:50:00,2019,9,19,0,50,0.00000000,13.33333333,13.33333333,0.00000000
2019-09-19T01:00:00,2019,9,19,1,0,0.00000000,13.30000000,13.30000000,0.00000000
2019-09-19T01:10:00,2019,9,19,1,10,0.00000000,13.15000000,13.15000000,0.00000000
2019-09-19T01:20:00,2019,9,19,1,20,0.00000000,13.00000000,13.00000000,0.00000000
2019-09-19T01:30:00,2019,9,19,1,30,0.00000000,12.85000000,12.85000000,0.00000000
2019-09-19T01:40:00,2019,9,19,1,40,0.00000000,12.70000000,12.70000000,0.00000000
2019-09-19T01:50:00,2019,9,19,1,50,0.00000000,12.55000000,12.55000000,0.00000000
2019-09-19T02:00:00,2019,9,19,2,0,0.00000000,12.40000000,12.40000000,0.00000000
2019-09-19T02:10:00,2019,9,19,2,10,0.00000000,12.43333333,12.43333333,0.00000000
2019-09-19T02:20:00,2019,9,19,2,20,0.00000000,12.46666667,12.46666667,0.00000000
2019-09-19T02:30:00,2019,9,19,2,30,0.00000000,12.50000000,12.50000000,0.00000000
2019-09-19T02:40:00,2019,9,19,2,40,0.00000000,12.53333333,12.53333333,0.00000000
2019-09-19T02:50:00,2019,9,19,2,50,0.00000000,12.56666667,12.56666667,0.00000000
2019-09-19T03:00:00,2019,9,19,3,0,0.00000000,12.60000000,12.60000000,0.00000000
2019-09-19T03:10:00,2019,9,19,3,10,0.00000000,12.45000000,12.45000000,0.00000000
2019-09-19T03:20:00,2019,9,19,3,20,0.00000000,12.30000000,12.30000000,0.00000000
2019-09-19T03:30:00,2019,9,19,3,30,0.00000000,12.15000000,12.15000000,0.00000000
2019-09-19T03:40:00,2019,9,19,3,40,0.00000000,12.00000000,12.00000000,0.00000000
2019-09-19T03:50:00,2019,9,19,3,50,0.00000000,11.85000000,11.85000000,0.00000000
2019-09-19T04:00:00,2019,9,19,4,0,0.00000000,11.70000000,11.70000000,0.00000000
2019-09-19T04:10:00,2019,9,19,4,10,0.00000000,11.75000000,11.75000000,0.00000000
2019-09-19T04:20:00,2019,9,19,4,20,0.00000000,11.80000000,11.80000000,0.00000000
2019-09-19T04:30:00,2019,9,19,4,30,0.00000000,11.85000000,11.85000000,0.00000000
2019-09-19T04:40:00,2019,9,19,4,40,0.00000000,11.90000000,11.90000000,0.00000000
2019-09-19T04:50:00,2019,9,19,4,50,0.00000000,11.95000000,11.95000000,0.00000000
2019-09-19T05:00:00,2019,9,19,5,0,0.00000000,12.00000000,12.00000000,0.00000000
2019-09-19T05:10:00,2019,9,19,5,10,0.01100000,11.98333333,12.36833333,0.01163916
2019-09-19T05:20:00,2019,9,19,5,20,0.02200000,11.96666667,12.73666667,0.02324105
2019-09-19T05:30:00,2019,9,19,5,30,0.03300000,11.95000000,13.10500000,0.03480566
2019-09-19T05:40:00,2019,9,19,5,40,0.04400000,11.93333333,13.47333333,0.04633300
2019-09-19T05:50:00,2019,9,19,5,50,0.05500000,11.91666667,13.84166667,0.05782306
2019-09-19T06:00:00,2019,9,19,6,0,0.06600000,11.90000000,14.21000000,0.06927584
2019-09-19T06:10:00,2019,9,19,6,10,0.09783333,12.38333333,15.80750000,0.10197026
2019-09-19T06:20:00,2019,9,19,6,20,0.12966667,12.86666667,17.40500000,0.13419683
2019-09-19T06:30:00,2019,9,19,6,30,0.16150000,13.35000000,19.00250000,0.16595554
2019-09-19T06:40:00,2019,9,19,6,40,0.19333333,13.83333333,20.60000000,0.19724640
2019-09-19T06:50:00,2019,9,19,6,50,0.22516667,14.31666667,22.19750000,0.22806940
2019-09-19T07:00:00,2019,9,19,7,0,0.25700000,14.80000000,23.79500000,0.25842455
2019-09-19T07:10:00,2019,9,19,7,10,0.29400000,15.16666667,25.45666667,0.29338240
2019-09-19T07:20:00,2019,9,19,7,20,0.33100000,15.53333333,27.11833333,0.32777463
2019-09-19T07:30:00,2019,9,19,7,30,0.36800000,15.90000000,28.78000000,0.36160122
2019-09-19T07:40:00,2019,9,19,7,40,0.40500000,16.26666667,30.44166667,0.39486218
2019-09-19T07:50:00,2019,9,19,7,50,0.44200000,16.63333333,32.10333333,0.42755750
2019-09-19T08:00:00,2019,9,19,8,0,0.47900000,17.00000000,33.76500000,0.45968720
2019-09-19T08:10:00,2019,9,19,8,10,0.50383333,17.68333333,35.31750000,0.47992115
2019-09-19T08:20:00,2019,9,19,8,20,0.52866667,18.36666667,36.87000000,0.49980041
2019-09-19T08:30:00,2019,9,19,8,30,0.55350000,19.05000000,38.42250000,0.51932497
2019-09-19T08:40:00,2019,9,19,8,40,0.57833333,19.73333333,39.97500000,0.53849484
2019-09-19T08:50:00,2019,9,19,8,50,0.60316667,20.41666667,41.52750000,0.55731002
2019-09-19T09:00:00,2019,9,19,9,0,0.62800000,21.10000000,43.08000000,0.57577050
2019-09-19T09:10:00,2019,9,19,9,10,0.65350000,21.46666667,44.33916667,0.59536453
2019-09-19T09:20:00,2019,9,19,9,20,0.67900000,21.83333333,45.59833333,0.61466317
2019-09-19T09:30:00,2019,9,19,9,30,0.70450000,22.20000000,46.85750000,0.63366640
2019-09-19T09:40:00,2019,9,19,9,40,0.73000000,22.56666667,48.11666667,0.65237423
2019-09-19T09:50:00,2019,9,19,9,50,0.75550000,22.93333333,49.37583333,0.67078667
2019-09-19T10:00:00,2019,9,19,10,0,0.78100000,23.30000000,50.63500000,0.68890370
2019-09-19T10:10:00,2019,9,19,10,10,0.78950000,23.65000000,51.28250000,0.69404984
2019-09-19T10:20:00,2019,9,19,10,20,0.79800000,24.00000000,51.93000000,0.69914536
2019-09-19T10:30:00,2019,9,19,10,30,0.80650000,24.35000000,52.57750000,0.70419023
2019-09-19T10:40:00,2019,9,19,10,40,0.81500000,24.70000000,53.22500000,0.70918448
2019-09-19T10:50:00,2019,9,19,10,50,0.82350000,25.05000000,53.87250000,0.71412808
2019-09-19T11:00:00,2019,9,19,11,0,0.83200000,25.40000000,54.52000000,0.71902106
2019-09-19T11:10:00,2019,9,19,11,10,0.85033333,25.56666667,55.32833333,0.73170305
2019-09-19T11:20:00,2019,9,19,11,20,0.86866667,25.73333333,56.13666667,0.74424870
2019-09-19T11:30:00,2019,9,19,11,30,0.88700000,25.90000000,56.94500000,0.75665801
2019-09-19T11:40:00,2019,9,19,11,40,0.90533333,26.06666667,57.75333333,0.76893098
2019-09-19T11:50:00,2019,9,19,11,50,0.92366667,26.23333333,58.56166667,0.78106762
2019-09-19T12:00:00,2019,9,19,12,0,0.94200000,26.40000000,59.37000000,0.79306792
2019-09-19T12:10:00,2019,9,19,12,10,0.91583333,26.61666667,58.67083333,0.77398372
2019-09-19T12:20:00,2019,9,19,12,20,0.88966667,26.83333333,57.97166667,0.75473122
2019-09-19T12:30:00,2019,9,19,12,30,0.86350000,27.05000000,57.27250000,0.73531040
2019-09-19T12:40:00,2019,9,19,12,40,0.83733333,27.26666667,56.57333333,0.71572127
2019-09-19T12:50:00,2019,9,19,12,50,0.81116667,27.48333333,55.87416667,0.69596383
2019-09-19T13:00:00,2019,9,19,13,0,0.78500000,27.70000000,55.17500000,0.67603808
2019-09-19T13:10:00,2019,9,19,13,10,0.77083333,27.41666667,54.39583333,0.66660061
2019-09-19T13:20:00,2019,9,19,13,20,0.75666667,27.13333333,53.61666667,0.65706159
2019-09-19T13:30:00,2019,9,19,13,30,0.74250000,26.85000000,52.83750000,0.64742102
2019-09-19T13:40:00,2019,9,19,13,40,0.72833333,26.56666667,52.05833333,0.63767890
2019-09-19T13:50:00,2019,9,19,13,50,0.71416667,26.28333333,51.27916667,0.62783522
2019-09-19T14:00:00,2019,9,19,14,0,0.70000000,26.00000000,50.50000000,0.61789000
2019-09-19T14:10:00,2019,9,19,14,10,0.65183333,25.90000000,48.71416667,0.58072799
2019-09-19T14:20:00,2019,9,19,14,20,0.60366667,25.80000000,46.92833333,0.54277461
2019-09-19T14:30:00,2019,9,19,14,30,0.55550000,25.70000000,45.14250000,0.50402987
2019-09-19T14:40:00,2019,9,19,14,40,0.50733333,25.60000000,43.35666667,0.46449377
2019-09-19T14:50:00,2019,9,19,14,50,0.45916667,25.50000000,41.57083333,0.42416630
2019-09-19T15:00:00,2019,9,19,15,0,0.41100000,25.40000000,39.78500000,0.38304748
2019-09-19T15:10:00,2019,9,19,15,10,0.38483333,24.78333333,38.25250000,0.36137332
2019-09-19T15:20:00,2019,9,19,15,20,0.35866667,24.16666667,36.72000000,0.33933023
2019-09-19T15:30:00,2019,9,19,15,30,0.33250000,23.55000000,35.18750000,0.31691822
2019-09-19T15:40:00,2019,9,19,15,40,0.30633333,22.93333333,33.65500000,0.29413728
2019-09-19T15:50:00,2019,9,19,15,50,0.28016667,22.31666667,32.12250000,0.27098743
2019-09-19T16:00:00,2019,9,19,16,0,0.25400000,21.70000000,30.59000000,0.24746864
2019-09-19T16:10:00,2019,9,19,16,10,0.22416667,21.43333333,29.27916667,0.21975413
2019-09-19T16:20:00,2019,9,19,16,20,0.19433333,21.16666667,27.96833333,0.19167984
2019-09-19T16:30:00,2019,9,19,16,30,0.16450000,20.90000000,26.65750000,0.16324577
2019-09-19T16:40:00,2019,9,19,16,40,0.13466667,20.63333333,25.34666667,0.13445192
2019-09-19T16:50:00,2019,9,19,16,50,0.10483333,20.36666667,24.03583333,0.10529829
2019-09-19T17:00:00,2019,9,19,17,0,0.07500000,20.10000000,22.72500000,0.07578487
2019-09-19T17:10:00,2019,9,19,17,10,0.06250000,19.63333333,21.82083333,0.06341401
2019-09-19T17:20:00,2019,9,19,17,20,0.05000000,19.16666667,20.91666667,0.05093917
2019-09-19T17:30:00,2019,9,19,17,30,0.03750000,18.70000000,20.01250000,0.03836034
2019-09-19T17:40:00,2019,9,19,17,40,0.02500000,18.23333333,19.10833333,0.02567754
2019-09-19T17:50:00,2019,9,19,17,50,0.01250000,17.76666667,18.20416667,0.01289076
2019-09-19T18:00:00,2019,9,19,18,0,0.00000000,17.30000000,17.30000000,0.00000000
2019-09-19T18:10:00,2019,9,19,18,10,0.00000000,16.96666667,16.96666667,0.00000000
2019-09-19T18:20:00,2019,9,19,18,20,0.00000000,16.63333333,16.63333333,0.00000000
2019-09-19T18:30:00,2019,9,19,18,30,0.00000000,16.30000000,16.30000000,0.00000000
2019-09-19T18:40:00,2019,9,19,18,40,0.00000000,15.96666667,15.96666667,0.00000000
2019-09-19T18:50:00,2019,9,19,18,50,0.00000000,15.63333333,15.63333333,0.00000000
2019-09-19T19:00:00,2019,9,19,19,0,0.00000000,15.30000000,15.30000000,0.00000000
2019-09-19T19:10:00,2019,9,19,19,10,0.00000000,15.28333333,15.28333333,0.00000000
2019-09-19T19:20:00,2019,9,19,19,20,0.00000000,15.26666667,15.26666667,0.00000000
2019-09-19T19:30:00,2019,9,19,19,30,0.00000000,15.25000000,15.25000000,0.00000000
2019-09-19T19:40:00,2019,9,19,19,40,0.00000000,15.23333333,15.23333333,0.00000000
2019-09-19T19:50:00,2019,9,19,19,50,0.00000000,15.21666667,15.21666667,0.00000000
2019-09-19T20:00:00,2019,9,19,20,0,0.00000000,15.20000000,15.20000000,0.00000000
2019-09-19T20:10:00,2019,9,19,20,10,0.00000000,14.95000000,14.95000000,0.00000000
2019-09-19T20:20:00,2019,9,19,20,20,0.00000000,14.70000000,14.70000000,0.00000000
2019-09-19T20:30:00,2019,9,19,20,30,0.00000000,14.45000000,14.45000000,0.00000000
2019-09-19T20:40:00,2019,9,19,20,40,0.00000000,14.20000000,14.20000000,0.00000000
2019-09-19T20:50:00,2019,9,19,20,50,0.00000000,13.95000000,13.95000000,0.00000000
2019-09-19T21:00:00,2019,9,19,21,0,0.00000000,13.70000000,13.70000000,0.00000000
2019-09-19T21:10:00,2019,9,19,21,10,0.00000000,13.56666667,13.56666667,0.00000000
2019-09-19T21:20:00,2019,9,19,21,20,0.00000000,13.43333333,13.43333333,0.00000000
2019-09-19T21:30:00,2019,9,19,21,30,0.00000000,13.30000000,13.30000000,0.00000000
2019-09-19T21:40:00,2019,9,19,21,40,0.00000000,13.16666667,13.16666667,0.00000000
2019-09-19T21:50:00,2019,9,19,21,50,0.00000000,13.03333333,13.03333333,0.00000000
2019-09-19T22:00:00,2019,9,19,22,0,0.00000000,12.90000000,12.90000000,0.00000000
2019-09-19T22:10:00,2019,9,19,22,10,0.00000000,12.80000000,12.80000000,0.00000000
2019-09-19T22:20:00,2019,9,19,22,20,0.00000000,12.70000000,12.70000000,0.00000000
2019-09-19T22:30:00,2019,9,19,22,30,0.00000000,12.60000000,12.60000000,0.00000000
2019-09-19T22:40:00,2019,9,19,22,40,0.00000000,12.50000000,12.50000000,0.00000000
2019-09-19T22:50:00,2019,9,19,22,50,0.00000000,12.40000000,12.40000000,0.00000000
2019-09-19T23:00:00,2019,9,19,23,0,0.00000000,12.30000000,12.30000000,0.00000000
2019-09-19T23:10:00,2019,9,19,23,10,0.00000000,12.55000000,12.55000000,0.00000000
2019-09-19T23:20:00,2019,9,19,23,20,0.00000000,12.80000000,12.80000000,0.00000000
2019-09-19T23:30:00,2019,9,19,23,30,0.00000000,13.05000000,13.05000000,0.00000000
2019-09-19T23:40:00,2019,9,19,23,40,0.00000000,13.30000000,13.30000000,0.00000000
2019-09-19T23:50:00,2019,9,19,23,50,0.00000000,13.55000000,13.55000000,0.00000000
2019-09-20T00:00:00,2019,9,20,0,0,0.00000000,13.80000000,13.80000000,0.00000000
2019-09-20T00:10:00,2019,9,20,0,10,0.00000000,13.85000000,13.85000000,0.00000000
2019-09-20T00:20:00,2019,9,20,0,20,0.00000000,13.90000000,13.90000000,0.00000000
2019-09-20T00:30:00,2019,9,20,0,30,0.00000000,13.95000000,13.95000000,0.00000000
2019-09-20T00:40:00,2019,9,20,0,40,0.00000000,14.00000000,14.00000000,0.00000000
2019-09-20T00:50:00,2019,9,20,0,50,0.00000000,14.05000000,14.05000000,0.00000000
2019-09-20T01:00:00,2019,9,20,1,0,0.00000000,14.10000000,14.10000000,0.00000000
2019-09-20T01:10:00,2019,9,20,1,10,0.00000000,14.16666667,14.16666667,0.00000000
2019-09-20T01:20:00,2019,9,20,1,20,0.00000000,14.23333333,14.23333333,0.00000000
2019-09-20T01:30:00,2019,9,20,1,30,0.00000000,14.30000000,14.30000000,0.00000000
2019-09-20T01:40:00,2019,9,20,1,40,0.00000000,14.36666667,14.36666667,0.00000000
2019-09-20T01:50:00,2019,9,20,1,50,0.00000000,14.43333333,14.43333333,0.00000000
2019-09-20T02:00:00,2019,9,20,2,0,0.00000000,14.50000000,14.50000000,0.00000000
2019-09-20T02:10:00,2019,9,20,2,10,0.00000000,14.55000000,14.55000000,0.00000000
2019-09-20T02:20:00,2019,9,20,2,20,0.00000000,14.60000000,14.60000000,0.00000000
2019-09-20T02:30:00,2019,9,20,2,30,0.00000000,14.65000000,14.65000000,0.00000000
2019-09-20T02:40:00,2019,9,20,2,40,0.00000000,14.70000000,14.70000000,0.00000000
2019-09-20T02:50:00,2019,9,20,2,50,0.00000000,14.75000000,14.75000000,0.00000000
2019-09-20T03:00:00,2019,9,20,3,0,0.00000000,14.80000000,14.80000000,0.00000000
2019-09-20T03:10:00,2019,9,20,3,10,0.00000000,14.80000000,14.80000000,0.00000000
2019-09-20T03:20:00,2019,9,20,3,20,0.00000000,14.80000000,14.80000000,0.00000000
2019-09-20T03:30:00,2019,9,20,3,30,0.00000000,14.80000000,14.80000000,0.00000000
2019-09-20T03:40:00,2019,9,20,3,40,0.00000000,14.80000000,14.80000000,0.00000000
2019-09-20T03:50:00,2019,9,20,3,50,0.00000000,14.80000000,14.80000000,0.00000000
2019-09-20T04:00:00,2019,9,20,4,0,0.00000000,14.80000000,14.80000000,0.00000000
2019-09-20T04:10:00,2019,9,20,4,10,0.00000000,14.78333333,14.78333333,0.00000000
2019-09-20T04:20:00,2019,9,20,4,20,0.00000000,14.76666667,14.76666667,0.00000000
2019-09-20T04:30:00,2019,9,20,4,30,0.00000000,14.75000000,14.75000000,0.00000000
2019-09-20T04:40:00,2019,9,20,4,40,0.00000000,14.73333333,14.73333333,0.00000000
2019-09-20T04:50:00,2019,9,20,4,50,0.00000000,14.71666667,14.71666667,0.00000000
2019-09-20T05:00:00,2019,9,20,5,0,0.00000000,14.70000000,14.70000000,0.00000000
2019-09-20T05:10:00,2019,9,20,5,10,0.00700000,14.63333333,14.87833333,0.00732592
2019-09-20T05:20:00,2019,9,20,5,20,0.01400000,14.56666667,15.05666667,0.01464035
2019-09-20T05:30:00,2019,9,20,5,30,0.02100000,14.50000000,15.23500000,0.02194330
2019-09-20T05:40:00,2019,9,20,5,40,0.02800000,14.43333333,15.41333333,0.02923476
2019-09-20T05:50:00,2019,9,20,5,50,0.03500000,14.36666667,15.59166667,0.03651474
2019-09-20T06:00:00,2019,9,20,6,0,0.04200000,14.30000000,15.77000000,0.04378324
2019-09-20T06:10:00,2019,9,20,6,10,0.07166667,14.48333333,16.99166667,0.07430675
2019-09-20T06:20:00,2019,9,20,6,20,0.10133333,14.66666667,18.21333333,0.10449682
2019-09-20T06:30:00,2019,9,20,6,30,0.13100000,14.85000000,19.43500000,0.13435347
2019-09-20T06:40:00,2019,9,20,6,40,0.16066667,15.03333333,20.65666667,0.16387668
2019-09-20T06:50:00,2019,9,20,6,50,0.19033333,15.21666667,21.87833333,0.19306646
2019-09-20T07:00:00,2019,9,20,7,0,0.22000000,15.40000000,23.10000000,0.22192280
2019-09-20T07:10:00,2019,9,20,7,10,0.25350000,15.55000000,24.42250000,0.25417342
2019-09-20T07:20:00,2019,9,20,7,20,0.28700000,15.70000000,25.74500000,0.28601645
2019-09-20T07:30:00,2019,9,20,7,30,0.32050000,15.85000000,27.06750000,0.31745188
2019-09-20T07:40:00,2019,9,20,7,40,0.35400000,16.00000000,28.39000000,0.34847972
2019-09-20T07:50:00,2019,9,20,7,50,0.38750000,16.15000000,29.71250000,0.37909997
2019-09-20T08:00:00,2019,9,20,8,0,0.42100000,16.30000000,31.03500000,0.40931262
2019-09-20T08:10:00,2019,9,20,8,10,0.42350000,16.45000000,31.27250000,0.41128054
2019-09-20T08:20:00,2019,9,20,8,20,0.42600000,16.60000000,31.51000000,0.41324300
2019-09-20T08:30:00,2019,9,20,8,30,0.42850000,16.75000000,31.74750000,0.41520000
2019-09-20T08:40:00,2019,9,20,8,40,0.43100000,16.90000000,31.98500000,0.41715154
2019-09-20T08:50:00,2019,9,20,8,50,0.43350000,17.05000000,32.22250000,0.41909761
2019-09-20T09:00:00,2019,9,20,9,0,0.43600000,17.20000000,32.46000000,0.42103822
2019-09-20T09:10:00,2019,9,20,9,10,0.44183333,17.25000000,32.71416667,0.42615480
2019-09-20T09:20:00,2019,9,20,9,20,0.44766667,17.30000000,32.96833333,0.43125774
2019-09-20T09:30:00,2019,9,20,9,30,0.45350000,17.35000000,33.22250000,0.43634704
2019-09-20T09:40:00,2019,9,20,9,40,0.45933333,17.40000000,33.47666667,0.44142270
2019-09-20T09:50:00,2019,9,20,9,50,0.46516667,17.45000000,33.73083333,0.44648472
2019-09-20T10:00:00,2019,9,20,10,0,0.47100000,17.50000000,33.98500000,0.45153310
2019-09-20T10:10:00,2019,9,20,10,10,0.44900000,17.43333333,33.14833333,0.43217043
2019-09-20T10:20:00,2019,9,20,10,20,0.42700000,17.36666667,32.31166667,0.41263842
2019-09-20T10:30:00,2019,9,20,10,30,0.40500000,17.30000000,31.47500000,0.39293708
2019-09-20T10:40:00,2019,9,20,10,40,0.38300000,17.23333333,30.63833333,0.37306638
2019-09-20T10:50:00,2019,9,20,10,50,0.36100000,17.16666667,29.80166667,0.35302635
2019-09-20T11:00:00,2019,9,20,11,0,0.33900000,17.10000000,28.96500000,0.33281698
2019-09-20T11:10:00,2019,9,20,11,10,0.37183333,17.15000000,30.16416667,0.36300037
2019-09-20T11:20:00,2019,9,20,11,20,0.40466667,17.20000000,31.36333333,0.39282153
2019-09-20T11:30:00,2019,9,20,11,30,0.43750000,17.25000000,32.56250000,0.42228047
2019-09-20T11:40:00,2019,9,20,11,40,0.47033333,17.30000000,33.76166667,0.45137718
2019-09-20T11:50:00,2019,9,20,11,50,0.50316667,17.35000000,34.96083333,0.48011165
2019-09-20T12:00:00,2019,9,20,12,0,0.53600000,17.40000000,36.16000000,0.50848390
2019-09-20T12:10:00,2019,9,20,12,10,0.56750000,17.58333333,37.44583333,0.53501015
2019-09-20T12:20:00,2019,9,20,12,20,0.59900000,17.76666667,38.73166667,0.56116377
2019-09-20T12:30:00,2019,9,20,12,30,0.63050000,17.95000000,40.01750000,0.58694474
2019-09-20T12:40:00,2019,9,20,12,40,0.66200000,18.13333333,41.30333333,0.61235309
2019-09-20T12:50:00,2019,9,20,12,50,0.69350000,18.31666667,42.58916667,0.63738880
2019-09-20T13:00:00,2019,9,20,13,0,0.72500000,18.50000000,43.87500000,0.66205187
2019-09-20T13:10:00,2019,9,20,13,10,0.65283333,18.53333333,41.38250000,0.60363614
2019-09-20T13:20:00,2019,9,20,13,20,0.58066667,18.56666667,38.89000000,0.54356555
2019-09-20T13:30:00,2019,9,20,13,30,0.50850000,18.60000000,36.39750000,0.48184011
2019-09-20T13:40:00,2019,9,20,13,40,0.43633333,18.63333333,33.90500000,0.41845981
2019-09-20T13:50:00,2019,9,20,13,50,0.36416667,18.66666667,31.41250000,0.35342466
2019-09-20T14:00:00,2019,9,20,14,0,0.29200000,18.70000000,28.92000000,0.28673466
2019-09-20T14:10:00,2019,9,20,14,10,0.28683333,18.61666667,28.65583333,0.28200970
2019-09-20T14:20:00,2019,9,20,14,20,0.28166667,18.53333333,28.39166667,0.27727220
2019-09-20T14:30:00,2019,9,20,14,30,0.27650000,18.45000000,28.12750000,0.27252213
2019-09-20T14:40:00,2019,9,20,14,40,0.27133333,18.36666667,27.86333333,0.26775951
2019-09-20T14:50:00,2019,9,20,14,50,0.26616667,18.28333333,27.59916667,0.26298433
2019-09-20T15:00:00,2019,9,20,15,0,0.26100000,18.20000000,27.33500000,0.25819660
2019-09-20T15:10:00,2019,9,20,15,10,0.24966667,18.21666667,26.95500000,0.24742141
2019-09-20T15:20:00,2019,9,20,15,20,0.23833333,18.23333333,26.57500000,0.23660661
2019-09-20T15:30:00,2019,9,20,15,30,0.22700000,18.25000000,26.19500000,0.22575218
2019-09-20T15:40:00,2019,9,20,15,40,0.21566667,18.26666667,25.81500000,0.21485813
2019-09-20T15:50:00,2019,9,20,15,50,0.20433333,18.28333333,25.43500000,0.20392446
2019-09-20T16:00:00,2019,9,20,16,0,0.19300000,18.30000000,25.05500000,0.19295117
2019-09-20T16:10:00,2019,9,20,16,10,0.16766667,18.35000000,24.21833333,0.16826954
2019-09-20T16:20:00,2019,9,20,16,20,0.14233333,18.40000000,23.38166667,0.14339291
2019-09-20T16:30:00,2019,9,20,16,30,0.11700000,18.45000000,22.54500000,0.11832128
2019-09-20T16:40:00,2019,9,20,16,40,0.09166667,18.50000000,21.70833333,0.09305465
2019-09-20T16:50:00,2019,9,20,16,50,0.06633333,18.55000000,20.87166667,0.06759303
2019-09-20T17:00:00,2019,9,20,17,0,0.04100000,18.60000000,20.03500000,0.04193640
2019-09-20T17:10:00,2019,9,20,17,10,0.03416667,18.58333333,19.77916667,0.03498721
2019-09-20T17:20:00,2019,9,20,17,20,0.02733333,18.56666667,19.52333333,0.02802193
2019-09-20T17:30:00,2019,9,20,17,30,0.02050000,18.55000000,19.26750000,0.02104057
2019-09-20T17:40:00,2019,9,20,17,40,0.01366667,18.53333333,19.01166667,0.01404313
2019-09-20T17:50:00,2019,9,20,17,50,0.00683333,18.51666667,18.75583333,0.00702961
2019-09-20T18:00:00,2019,9,20,18,0,0.00000000,18.50000000,18.50000000,0.00000000
2019-09-20T18:10:00,2019,9,20,18,10,0.00000000,18.53333333,18.53333333,0.00000000
2019-09-20T18:20:00,2019,9,20,18,20,0.00000000,18.56666667,18.56666667,0.00000000
2019-09-20T18:30:00,2019,9,20,18,30,0.00000000,18.60000000,18.60000000,0.00000000
2019-09-20T18:40:00,2019,9,20,18,40,0.00000000,18.63333333,18.63333333,0.00000000
2019-09-20T18:50:00,2019,9,20,18,50,0.00000000,18.66666667,18.66666667,0.00000000
2019-09-20T19:00:00,2019,9,20,19,0,0.00000000,18.70000000,18.70000000,0.00000000
2019-09-20T19:10:00,2019,9,20,19,10,0.00000000,18.68333333,18.68333333,0.00000000
2019-09-20T19:20:00,2019,9,20,19,20,0.00000000,18.66666667,18.66666667,0.00000000
2019-09-20T19:30:00,2019,9,20,19,30,0.00000000,18.65000000,18.65000000,0.00000000
2019-09-20T19:40:00,2019,9,20,19,40,0.00000000,18.63333333,18.63333333,0.00000000
2019-09-20T19:50:00,2019,9,20,19,50,0.00000000,18.61666667,18.61666667,0.00000000
2019-09-20T20:00:00,2019,9,20,20,0,0.00000000,18.60000000,18.60000000,0.00000000
2019-09-20T20:10:00,2019,9,20,20,10,0.00000000,18.51666667,18.51666667,0.00000000
2019-09-20T20:20:00,2019,9,20,20,20,0.00000000,18.43333333,18.43333333,0.00000000
2019-09-20T20:30:00,2019,9,20,20,30,0.00000000,18.35000000,18.35000000,0.00000000
2019-09-20T20:40:00,2019,9,20,20,40,0.00000000,18.26666667,18.26666667,0.00000000
2019-09-20T20:50:00,2019,9,20,20,50,0.00000000,18.18333333,18.18333333,0.00000000
2019-09-20T21:00:00,2019,9,20,21,0,0.00000000,18.10000000,18.10000000,0.00000000
2019-09-20T21:10:00,2019,9,20,21,10,0.00000000,18.16666667,18.16666667,0.00000000
2019-09-20T21:20:00,2019,9,20,21,20,0.00000000,18.23333333,18.23333333,0.00000000
2019-09-20T21:30:00,2019,9,20,21,30,0.00000000,18.30000000,18.30000000,0.00000000
2019-09-20T21:40:00,2019,9,20,21,40,0.00000000,18.36666667,18.36666667,0.00000000
2019-09-20T21:50:00,2019,9,20,21,50,0.00000000,18.43333333,18.43333333,0.00000000
2019-09-20T22:00:00,2019,9,20,22,0,0.00000000,18.50000000,18.50000000,0.00000000
2019-09-20T22:10:00,2019,9,20,22,10,0.00000000,18.43333333,18.43333333,0.00000000
2019-09-20T22:20:00,2019,9,20,22,20,0.00000000,18.36666667,18.36666667,0.00000000
2019-09-20T22:30:00,2019,9,20,22,30,0.00000000,18.30000000,18.30000000,0.00000000
2019-09-20T22:40:00,2019,9,20,22,40,0.00000000,18.23333333,18.23333333,0.00000000
2019-09-20T22:50:00,2019,9,20,22,50,0.00000000,18.16666667,18.16666667,0.00000000
2019-09-20T23:00:00,2019,9,20,23,0,0.00000000,18.10000000,18.10000000,0.00000000
2019-09-20T23:10:00,2019,9,20,23,10,0.00000000,17.73333333,17.73333333,0.00000000
2019-09-20T23:20:00,2019,9,20,23,20,0.00000000,17.36666667,17.36666667,0.00000000
2019-09-20T23:30:00,2019,9,20,23,30,0.00000000,17.00000000,17.00000000,0.00000000
2019-09-20T23:40:00,2019,9,20,23,40,0.00000000,16.63333333,16.63333333,0.00000000
2019-09-20T23:50:00,2019,9,20,23,50,0.00000000,16.26666667,16.26666667,0.00000000
2019-09-21T00:00:00,2019,9,21,0,0,0.00000000,15.90000000,15.90000000,0.00000000
2019-09-21T00:10:00,2019,9,21,0,10,0.00000000,15.85000000,15.85000000,0.00000000
2019-09-21T00:20:00,2019,9,21,0,20,0.00000000,15.80000000,15.80000000,0.00000000
2019-09-21T00:30:00,2019,9,21,0,30,0.00000000,15.75000000,15.75000000,0.00000000
2019-09-21T00:40:00,2019,9,21,0,40,0.00000000,15.70000000,15.70000000,0.00000000
2019-09-21T00:50:00,2019,9,21,0,50,0.00000000,15.65000000,15.65000000,0.00000000
2019-09-21T01:00:00,2019,9,21,1,0,0.00000000,15.60000000,15.60000000,0.00000000
2019-09-21T01:10:00,2019,9,21,1,10,0.00000000,15.56666667,15.56666667,0.00000000
2019-09-21T01:20:00,2019,9,21,1,20,0.00000000,15.53333333,15.53333333,0.00000000
2019-09-21T01:30:00,2019,9,21,1,30,0.00000000,15.50000000,15.50000000,0.00000000
2019-09-21T01:40:00,2019,9,21,1,40,0.00000000,15.46666667,15.46666667,0.00000000
2019-09-21T01:50:00,2019,9,21,1,50,0.00000000,15.43333333,15.43333333,0.00000000
2019-09-21T02:00:00,2019,9,21,2,0,0.00000000,15.40000000,15.40000000,0.00000000
2019-09-21T02:10:00,2019,9,21,2,10,0.00000000,15.30000000,15.30000000,0.00000000
2019-09-21T02:20:00,2019,9,21,2,20,0.00000000,15.20000000,15.20000000,0.00000000
2019-09-21T02:30:00,2019,9,21,2,30,0.00000000,15.10000000,15.10000000,0.00000000
2019-09-21T02:40:00,2019,9,21,2,40,0.00000000,15.00000000,15.00000000,0.00000000
2019-09-21T02:50:00,2019,9,21,2,50,0.00000000,14.90000000,14.90000000,0.00000000
2019-09-21T03:00:00,2019,9,21,3,0,0.00000000,14.80000000,14.80000000,0.00000000
2019-09-21T03:10:00,2019,9,21,3,10,0.00000000,14.75000000,14.75000000,0.00000000
2019-09-21T03:20:00,2019,9,21,3,20,0.00000000,14.70000000,14.70000000,0.00000000
2019-09-21T03:30:00,2019,9,21,3,30,0.00000000,14.65000000,14.65000000,0.00000000
2019-09-21T03:40:00,2019,9,21,3,40,0.00000000,14.60000000,14.60000000,0.00000000
2019-09-21T03:50:00,2019,9,21,3,50,0.00000000,14.55000000,14.55000000,0.00000000
2019-09-21T04:00:00,2019,9,21,4,0,0.00000000,14.50000000,14.50000000,0.00000000
2019-09-21T04:10:00,2019,9,21,4,10,0.00000000,14.46666667,14.46666667,0.00000000
2019-09-21T04:20:00,2019,9,21,4,20,0.00000000,14.43333333,14.43333333,0.00000000
2019-09-21T04:30:00,2019,9,21,4,30,0.00000000,14.40000000,14.40000000,0.00000000
2019-09-21T04:40:00,2019,9,21,4,40,0.00000000,14.36666667,14.36666667,0.00000000
2019-09-21T04:50:00,2019,9,21,4,50,0.00000000,14.33333333,14.33333333,0.00000000
2019-09-21T05:00:00,2019,9,21,5,0,0.00000000,14.30000000,14.30000000,0.00000000
2019-09-21T05:10:00,2019,9,21,5,10,0.01000000,14.21666667,14.56666667,0.01047993
2019-09-21T05:20:00,2019,9,21,5,20,0.02000000,14.13333333,14.83333333,0.02093533
2019-09-21T05:30:00,2019,9,21,5,30,0.03000000,14.05000000,15.10000000,0.03136620
2019-09-21T05:40:00,2019,9,21,5,40,0.04000000,13.96666667,15.36666667,0.04177253
2019-09-21T05:50:00,2019,9,21,5,50,0.05000000,13.88333333,15.63333333,0.05215433
2019-09-21T06:00:00,2019,9,21,6,0,0.06000000,13.80000000,15.90000000,0.06251160
2019-09-21T06:10:00,2019,9,21,6,10,0.08866667,14.28333333,17.38666667,0.09177189
2019-09-21T06:20:00,2019,9,21,6,20,0.11733333,14.76666667,18.87333333,0.12064010
2019-09-21T06:30:00,2019,9,21,6,30,0.14600000,15.25000000,20.36000000,0.14911622
2019-09-21T06:40:00,2019,9,21,6,40,0.17466667,15.73333333,21.84666667,0.17720026
2019-09-21T06:50:00,2019,9,21,6,50,0.20333333,16.21666667,23.33333333,0.20489222
2019-09-21T07:00:00,2019,9,21,7,0,0.23200000,16.70000000,24.82000000,0.23219210
2019-09-21T07:10:00,2019,9,21,7,10,0.27416667,17.21666667,26.81250000,0.27188080
2019-09-21T07:20:00,2019,9,21,7,20,0.31633333,17.73333333,28.80500000,0.31079655
2019-09-21T07:30:00,2019,9,21,7,30,0.35850000,18.25000000,30.79750000,0.34893934
2019-09-21T07:40:00,2019,9,21,7,40,0.40066667,18.76666667,32.79000000,0.38630918
2019-09-21T07:50:00,2019,9,21,7,50,0.44283333,19.28333333,34.78250000,0.42290605
2019-09-21T08:00:00,2019,9,21,8,0,0.48500000,19.80000000,36.77500000,0.45872997
2019-09-21T08:10:00,2019,9,21,8,10,0.51183333,20.38333333,38.29750000,0.48052526
2019-09-21T08:20:00,2019,9,21,8,20,0.53866667,20.96666667,39.82000000,0.50194468
2019-09-21T08:30:00,2019,9,21,8,30,0.56550000,21.55000000,41.34250000,0.52298825
2019-09-21T08:40:00,2019,9,21,8,40,0.59233333,22.13333333,42.86500000,0.54365597
2019-09-21T08:50:00,2019,9,21,8,50,0.61916667,22.71666667,44.38750000,0.56394784
2019-09-21T09:00:00,2019,9,21,9,0,0.64600000,23.30000000,45.91000000,0.58386384
2019-09-21T09:10:00,2019,9,21,9,10,0.67833333,23.63333333,47.37500000,0.60851587
2019-09-21T09:20:00,2019,9,21,9,20,0.71066667,23.96666667,48.84000000,0.63273212
2019-09-21T09:30:00,2019,9,21,9,30,0.74300000,24.30000000,50.30500000,0.65651257
2019-09-21T09:40:00,2019,9,21,9,40,0.77533333,24.63333333,51.77000000,0.67985724
2019-09-21T09:50:00,2019,9,21,9,50,0.80766667,24.96666667,53.23500000,0.70276611
2019-09-21T10:00:00,2019,9,21,10,0,0.84000000,25.30000000,54.70000000,0.72523920
2019-09-21T10:10:00,2019,9,21,10,10,0.85466667,25.78333333,55.69666667,0.73398374
2019-09-21T10:20:00,2019,9,21,10,20,0.86933333,26.26666667,56.69333333,0.74259381
2019-09-21T10:30:00,2019,9,21,10,30,0.88400000,26.75000000,57.69000000,0.75106938
2019-09-21T10:40:00,2019,9,21,10,40,0.89866667,27.23333333,58.68666667,0.75941048
2019-09-21T10:50:00,2019,9,21,10,50,0.91333333,27.71666667,59.68333333,0.76761709
2019-09-21T11:00:00,2019,9,21,11,0,0.92800000,28.20000000,60.68000000,0.77568922
2019-09-21T11:10:00,2019,9,21,11,10,0.85850000,28.48333333,58.53083333,0.72608339
2019-09-21T11:20:00,2019,9,21,11,20,0.78900000,28.76666667,56.38166667,0.67510338
2019-09-21T11:30:00,2019,9,21,11,30,0.71950000,29.05000000,54.23250000,0.62274919
2019-09-21T11:40:00,2019,9,21,11,40,0.65000000,29.33333333,52.08333333,0.56902083
2019-09-21T11:50:00,2019,9,21,11,50,0.58050000,29.61666667,49.93416667,0.51391829
2019-09-21T12:00:00,2019,9,21,12,0,0.51100000,29.90000000,47.78500000,0.45744158
2019-09-21T12:10:00,2019,9,21,12,10,0.51766667,29.05000000,47.16833333,0.46487795
2019-09-21T12:20:00,2019,9,21,12,20,0.52433333,28.20000000,46.55166667,0.47235215
2019-09-21T12:30:00,2019,9,21,12,30,0.53100000,27.35000000,45.93500000,0.47986417
2019-09-21T12:40:00,2019,9,21,12,40,0.53766667,26.50000000,45.31833333,0.48741401
2019-09-21T12:50:00,2019,9,21,12,50,0.54433333,25.65000000,44.70166667,0.49500167
2019-09-21T13:00:00,2019,9,21,13,0,0.55100000,24.80000000,44.08500000,0.50262716
2019-09-21T13:10:00,2019,9,21,13,10,0.51866667,25.03333333,43.18666667,0.47527570
2019-09-21T13:20:00,2019,9,21,13,20,0.48633333,25.26666667,42.28833333,0.44765703
2019-09-21T13:30:00,2019,9,21,13,30,0.45400000,25.50000000,41.39000000,0.41977112
2019-09-21T13:40:00,2019,9,21,13,40,0.42166667,25.73333333,40.49166667,0.39161800
2019-09-21T13:50:00,2019,9,21,13,50,0.38933333,25.96666667,39.59333333,0.36319765
2019-09-21T14:00:00,2019,9,21,14,0,0.35700000,26.20000000,38.69500000,0.33451007
2019-09-21T14:10:00,2019,9,21,14,10,0.35850000,25.71666667,38.26416667,0.33662606
2019-09-21T14:20:00,2019,9,21,14,20,0.36000000,25.23333333,37.83333333,0.33874800
2019-09-21T14:30:00,2019,9,21,14,30,0.36150000,24.75000000,37.40250000,0.34087588
2019-09-21T14:40:00,2019,9,21,14,40,0.36300000,24.26666667,36.97166667,0.34300971
2019-09-21T14:50:00,2019,9,21,14,50,0.36450000,23.78333333,36.54083333,0.34514948
2019-09-21T15:00:00,2019,9,21,15,0,0.36600000,23.30000000,36.11000000,0.34729520
2019-09-21T15:10:00,2019,9,21,15,10,0.32633333,23.25000000,34.67166667,0.31181487
2019-09-21T15:20:00,2019,9,21,15,20,0.28666667,23.20000000,33.23333333,0.27580964
2019-09-21T15:30:00,2019,9,21,15,30,0.24700000,23.15000000,31.79500000,0.23927952
2019-09-21T15:40:00,2019,9,21,15,40,0.20733333,23.10000000,30.35666667,0.20222450
2019-09-21T15:50:00,2019,9,21,15,50,0.16766667,23.05000000,28.91833333,0.16464459
2019-09-21T16:00:00,2019,9,21,16,0,0.12800000,23.00000000,27.48000000,0.12653978
2019-09-21T16:10:00,2019,9,21,16,10,0.11333333,22.53333333,26.50000000,0.11255133
2019-09-21T16:20:00,2019,9,21,16,20,0.09866667,22.06666667,25.52000000,0.09843066
2019-09-21T16:30:00,2019,9,21,16,30,0.08400000,21.60000000,24.54000000,0.08417774
2019-09-21T16:40:00,2019,9,21,16,40,0.06933333,21.13333333,23.56000000,0.06979260
2019-09-21T16:50:00,2019,9,21,16,50,0.05466667,20.66666667,22.58000000,0.05527522
2019-09-21T17:00:00,2019,9,21,17,0,0.04000000,20.20000000,21.60000000,0.04062560
2019-09-21T17:10:00,2019,9,21,17,10,0.03333333,19.98333333,21.15000000,0.03392367
2019-09-21T17:20:00,2019,9,21,17,20,0.02666667,19.76666667,20.70000000,0.02719413
2019-09-21T17:30:00,2019,9,21,17,30,0.02000000,19.55000000,20.25000000,0.02043700
2019-09-21T17:40:00,2019,9,21,17,40,0.01333333,19.33333333,19.80000000,0.01365227
2019-09-21T17:50:00,2019,9,21,17,50,0.00666667,19.11666667,19.35000000,0.00683993
2019-09-21T18:00:00,2019,9,21,18,0,0.00000000,18.90000000,18.90000000,0.00000000
2019-09-21T18:10:00,2019,9,21,18,10,0.00000000,18.61666667,18.61666667,0.00000000
2019-09-21T18:20:00,2019,9,21,18,20,0.00000000,18.33333333,18.33333333,0.00000000
2019-09-21T18:30:00,2019,9,21,18,30,0.00000000,18.05000000,18.05000000,0.00000000
2019-09-21T18:40:00,2019,9,21,18,40,0.00000000,17.76666667,17.76666667,0.00000000
2019-09-21T18:50:00,2019,9,21,18,50,0.00000000,17.48333333,17.48333333,0.00000000
2019-09-21T19:00:00,2019,9,21,19,0,0.00000000,17.20000000,17.20000000,0.00000000
2019-09-21T19:10:00,2019,9,21,19,10,0.00000000,17.16666667,17.16666667,0.00000000
2019-09-21T19:20:00,2019,9,21,19,20,0.00000000,17.13333333,17.13333333,0.00000000
2019-09-21T19:30:00,2019,9,21,19,30,0.00000000,17.10000000,17.10000000,0.00000000
2019-09-21T19:40:00,2019,9,21,19,40,0.00000000,17.06666667,17.06666667,0.00000000
2019-09-21T19:50:00,2019,9,21,19,50,0.00000000,17.03333333,17.03333333,0.00000000
2019-09-21T20:00:00,2019,9,21,20,0,0.00000000,17.00000000,17.00000000,0.00000000
2019-09-21T20:10:00,2019,9,21,20,10,0.00000000,16.83333333,16.83333333,0.00000000
2019-09-21T20:20:00,2019,9,21,20,20,0.00000000,16.66666667,16.66666667,0.00000000
2019-09-21T20:30:00,2019,9,21,20,30,0.00000000,16.50000000,16.50000000,0.00000000
2019-09-21T20:40:00,2019,9,21,20,40,0.00000000,16.33333333,16.33333333,0.00000000
2019-09-21T20:50:00,2019,9,21,20,50,0.00000000,16.16666667,16.16666667,0.00000000
2019-09-21T21:00:00,2019,9,21,21,0,0.00000000,16.00000000,16.00000000,0.00000000
2019-09-21T21:10:00,2019,9,21,21,10,0.00000000,15.76666667,15.76666667,0.00000000
2019-09-21T21:20:00,2019,9,21,21,20,0.00000000,15.53333333,15.53333333,0.00000000
2019-09-21T21:30:00,2019,9,21,21,30,0.00000000,15.30000000,15.30000000,0.00000000
2019-09-21T21:40:00,2019,9,21,21,40,0.00000000,15.06666667,15.06666667,0.00000000
2019-09-21T21:50:00,2019,9,21,21,50,0.00000000,14.83333333,14.83333333,0.00000000
2019-09-21T22:00:00,2019,9,21,22,0,0.00000000,14.60000000,14.60000000,0.00000000
2019-09-21T22:10:00,2019,9,21,22,10,0.00000000,14.48333333,14.48333333,0.00000000
2019-09-21T22:20:00,2019,9,21,22,20,0.00000000,14.36666667,14.36666667,0.00000000
2019-09-21T22:30:00,2019,9,21,22,30,0.00000000,14.25000000,14.25000000,0.00000000
2019-09-21T22:40:00,2019,9,21,22,40,0.00000000,14.13333333,14.13333333,0.00000000
2019-09-21T22:50:00,2019,9,21,22,50,0.00000000,14.01666667,14.01666667,0.00000000
2019-09-21T23:00:00,2019,9,21,23,0,0.00000000,13.90000000,13.90000000,0.00000000
2019-09-21T23:10:00,2019,9,21,23,10,0.00000000,13.78333333,13.78333333,0.00000000
2019-09-21T23:20:00,2019,9,21,23,20,0.00000000,13.66666667,13.66666667,0.00000000
2019-09-21T23:30:00,2019,9,21,23,30,0.00000000,13.55000000,13.55000000,0.00000000
2019-09-21T23:40:00,2019,9,21,23,40,0.00000000,13.43333333,13.43333333,0.00000000
2019-09-21T23:50:00,2019,9,21,23,50,0.00000000,13.31666667,13.31666667,0.00000000
2019-09-22T00:00:00,2019,9,22,0,0,0.00000000,13.20000000,13.20000000,0.00000000
2019-09-22T00:10:00,2019,9,22,0,10,0.00000000,13.28333333,13.28333333,0.00000000
2019-09-22T00:20:00,2019,9,22,0,20,0.00000000,13.36666667,13.36666667,0.00000000
2019-09-22T00:30:00,2019,9,22,0,30,0.00000000,13.45000000,13.45000000,0.00000000
2019-09-22T00:40:00,2019,9,22,0,40,0.00000000,13.53333333,13.53333333,0.00000000
2019-09-22T00:50:00,2019,9,22,0,50,0.00000000,13.61666667,13.61666667,0.00000000
2019-09-22T01:00:00,2019,9,22,1,0,0.00000000,13.70000000,13.70000000,0.00000000
2019-09-22T01:10:00,2019,9,22,1,10,0.00000000,13.50000000,13.50000000,0.00000000
2019-09-22T01:20:00,2019,9,22,1,20,0.00000000,13.30000000,13.30000000,0.00000000
2019-09-22T01:30:00,2019,9,22,1,30,0.00000000,13.10000000,13.10000000,0.00000000
2019-09-22T01:40:00,2019,9,22,1,40,0.00000000,12.90000000,12.90000000,0.00000000
2019-09-22T01:50:00,2019,9,22,1,50,0.00000000,12.70000000,12.70000000,0.00000000
2019-09-22T02:00:00,2019,9,22,2,0,0.00000000,12.50000000,12.50000000,0.00000000
2019-09-22T02:10:00,2019,9,22,2,10,0.00000000,12.55000000,12.55000000,0.00000000
2019-09-22T02:20:00,2019,9,22,2,20,0.00000000,12.60000000,12.60000000,0.00000000
2019-09-22T02:30:00,2019,9,22,2,30,0.00000000,12.65000000,12.65000000,0.00000000
2019-09-22T02:40:00,2019,9,22,2,40,0.00000000,12.70000000,12.70000000,0.00000000
2019-09-22T02:50:00,2019,9,22,2,50,0.00000000,12.75000000,12.75000000,0.00000000
2019-09-22T03:00:00,2019,9,22,3,0,0.00000000,12.80000000,12.80000000,0.00000000
2019-09-22T03:10:00,2019,9,22,3,10,0.00000000,12.75000000,12.75000000,0.00000000
2019-09-22T03:20:00,2019,9,22,3,20,0.00000000,12.70000000,12.70000000,0.00000000
2019-09-22T03:30:00,2019,9,22,3,30,0.00000000,12.65000000,12.65000000,0.00000000
2019-09-22T03:40:00,2019,9,22,3,40,0.00000000,12.60000000,12.60000000,0.00000000
2019-09-22T03:50:00,2019,9,22,3,50,0.00000000,12.55000000,12.55000000,0.00000000
2019-09-22T04:00:00,2019,9,22,4,0,0.00000000,12.50000000,12.50000000,0.00000000
2019-09-22T04:10:00,2019,9,22,4,10,0.00000000,12.56666667,12.56666667,0.00000000
2019-09-22T04:20:00,2019,9,22,4,20,0.00000000,12.63333333,12.63333333,0.00000000
2019-09-22T04:30:00,2019,9,22,4,30,0.00000000,12.70000000,12.70000000,0.00000000
2019-09-22T04:40:00,2019,9,22,4,40,0.00000000,12.76666667,12.76666667,0.00000000
2019-09-22T04:50:00,2019,9,22,4,50,0.00000000,12.83333333,12.83333333,0.00000000
2019-09-22T05:00:00,2019,9,22,5,0,0.00000000,12.90000000,12.90000000,0.00000000
2019-09-22T05:10:00,2019,9,22,5,10,0.00983333,12.78333333,13.12750000,0.01037037
2019-09-22T05:20:00,2019,9,22,5,20,0.01966667,12.66666667,13.35500000,0.02072015
2019-09-22T05:30:00,2019,9,22,5,30,0.02950000,12.55000000,13.58250000,0.03104935
2019-09-22T05:40:00,2019,9,22,5,40,0.03933333,12.43333333,13.81000000,0.04135798
2019-09-22T05:50:00,2019,9,22,5,50,0.04916667,12.31666667,14.03750000,0.05164602
2019-09-22T06:00:00,2019,9,22,6,0,0.05900000,12.20000000,14.26500000,0.06191348
2019-09-22T06:10:00,2019,9,22,6,10,0.08683333,12.71666667,15.75583333,0.09052576
2019-09-22T06:20:00,2019,9,22,6,20,0.11466667,13.23333333,17.24666667,0.11875629
2019-09-22T06:30:00,2019,9,22,6,30,0.14250000,13.75000000,18.73750000,0.14660507
2019-09-22T06:40:00,2019,9,22,6,40,0.17033333,14.26666667,20.22833333,0.17407209
2019-09-22T06:50:00,2019,9,22,6,50,0.19816667,14.78333333,21.71916667,0.20115736
2019-09-22T07:00:00,2019,9,22,7,0,0.22600000,15.30000000,23.21000000,0.22786088
2019-09-22T07:10:00,2019,9,22,7,10,0.22850000,15.71666667,23.71416667,0.22985154
2019-09-22T07:20:00,2019,9,22,7,20,0.23100000,16.13333333,24.21833333,0.23183060
2019-09-22T07:30:00,2019,9,22,7,30,0.23350000,16.55000000,24.72250000,0.23379806
2019-09-22T07:40:00,2019,9,22,7,40,0.23600000,16.96666667,25.22666667,0.23575393
2019-09-22T07:50:00,2019,9,22,7,50,0.23850000,17.38333333,25.73083333,0.23769820
2019-09-22T08:00:00,2019,9,22,8,0,0.24100000,17.80000000,26.23500000,0.23963088
2019-09-22T08:10:00,2019,9,22,8,10,0.30916667,17.98333333,28.80416667,0.30375651
2019-09-22T08:20:00,2019,9,22,8,20,0.37733333,18.16666667,31.37333333,0.36627093
2019-09-22T08:30:00,2019,9,22,8,30,0.44550000,18.35000000,33.94250000,0.42717413
2019-09-22T08:40:00,2019,9,22,8,40,0.51366667,18.53333333,36.51166667,0.48646613
2019-09-22T08:50:00,2019,9,22,8,50,0.58183333,18.71666667,39.08083333,0.54414692
2019-09-22T09:00:00,2019,9,22,9,0,0.65000000,18.90000000,41.65000000,0.60021650
2019-09-22T09:10:00,2019,9,22,9,10,0.65533333,19.46666667,42.40333333,0.60287040
2019-09-22T09:20:00,2019,9,22,9,20,0.66066667,20.03333333,43.15666667,0.60548735
2019-09-22T09:30:00,2019,9,22,9,30,0.66600000,20.60000000,43.91000000,0.60806732
2019-09-22T09:40:00,2019,9,22,9,40,0.67133333,21.16666667,44.66333333,0.61061034
2019-09-22T09:50:00,2019,9,22,9,50,0.67666667,21.73333333,45.41666667,0.61311639
2019-09-22T10:00:00,2019,9,22,10,0,0.68200000,22.30000000,46.17000000,0.61558548
2019-09-22T10:10:00,2019,9,22,10,10,0.73116667,22.48333333,48.07416667,0.65355978
2019-09-22T10:20:00,2019,9,22,10,20,0.78033333,22.66666667,49.97833333,0.69067277
2019-09-22T10:30:00,2019,9,22,10,30,0.82950000,22.85000000,51.88250000,0.72692444
2019-09-22T10:40:00,2019,9,22,10,40,0.87866667,23.03333333,53.78666667,0.76231480
2019-09-22T10:50:00,2019,9,22,10,50,0.92783333,23.21666667,55.69083333,0.79684383
2019-09-22T11:00:00,2019,9,22,11,0,0.97700000,23.40000000,57.59500000,0.83051155
2019-09-22T11:10:00,2019,9,22,11,10,0.92450000,23.93333333,56.29083333,0.79142947
2019-09-22T11:20:00,2019,9,22,11,20,0.87200000,24.46666667,54.98666667,0.75171748
2019-09-22T11:30:00,2019,9,22,11,30,0.81950000,25.00000000,53.68250000,0.71137558
2019-09-22T11:40:00,2019,9,22,11,40,0.76700000,25.53333333,52.37833333,0.67040376
2019-09-22T11:50:00,2019,9,22,11,50,0.71450000,26.06666667,51.07416667,0.62880204
2019-09-22T12:00:00,2019,9,22,12,0,0.66200000,26.60000000,49.77000000,0.58657040
2019-09-22T12:10:00,2019,9,22,12,10,0.64283333,26.20000000,48.69916667,0.57275411
2019-09-22T12:20:00,2019,9,22,12,20,0.62366667,25.80000000,47.62833333,0.55874900
2019-09-22T12:30:00,2019,9,22,12,30,0.60450000,25.40000000,46.55750000,0.54455506
2019-09-22T12:40:00,2019,9,22,12,40,0.58533333,25.00000000,45.48666667,0.53017230
2019-09-22T12:50:00,2019,9,22,12,50,0.56616667,24.60000000,44.41583333,0.51560072
2019-09-22T13:00:00,2019,9,22,13,0,0.54700000,24.20000000,43.34500000,0.50084031
2019-09-22T13:10:00,2019,9,22,13,10,0.52066667,24.23333333,42.45666667,0.47885679
2019-09-22T13:20:00,2019,9,22,13,20,0.49433333,24.26666667,41.56833333,0.45665805
2019-09-22T13:30:00,2019,9,22,13,30,0.46800000,24.30000000,40.68000000,0.43424410
2019-09-22T13:40:00,2019,9,22,13,40,0.44166667,24.33333333,39.79166667,0.41161493
2019-09-22T13:50:00,2019,9,22,13,50,0.41533333,24.36666667,38.90333333,0.38877055
2019-09-22T14:00:00,2019,9,22,14,0,0.38900000,24.40000000,38.01500000,0.36571096
2019-09-22T14:10:00,2019,9,22,14,10,0.39133333,24.20000000,37.89666667,0.36811761
2019-09-22T14:20:00,2019,9,22,14,20,0.39366667,24.00000000,37.77833333,0.37052681
2019-09-22T14:30:00,2019,9,22,14,30,0.39600000,23.80000000,37.66000000,0.37293854
2019-09-22T14:40:00,2019,9,22,14,40,0.39833333,23.60000000,37.54166667,0.37535282
2019-09-22T14:50:00,2019,9,22,14,50,0.40066667,23.40000000,37.42333333,0.37776964
2019-09-22T15:00:00,2019,9,22,15,0,0.40300000,23.20000000,37.30500000,0.38018899
2019-09-22T15:10:00,2019,9,22,15,10,0.38500000,23.18333333,36.65833333,0.36435309
2019-09-22T15:20:00,2019,9,22,15,20,0.36700000,23.16666667,36.01166667,0.34841010
2019-09-22T15:30:00,2019,9,22,15,30,0.34900000,23.15000000,35.36500000,0.33236003
2019-09-22T15:40:00,2019,9,22,15,40,0.33100000,23.13333333,34.71833333,0.31620287
2019-09-22T15:50:00,2019,9,22,15,50,0.31300000,23.11666667,34.07166667,0.29993861
2019-09-22T16:00:00,2019,9,22,16,0,0.29500000,23.10000000,33.42500000,0.28356728
2019-09-22T16:10:00,2019,9,22,16,10,0.26000000,23.00000000,32.10000000,0.25150840
2019-09-22T16:20:00,2019,9,22,16,20,0.22500000,22.90000000,30.77500000,0.21902287
2019-09-22T16:30:00,2019,9,22,16,30,0.19000000,22.80000000,29.45000000,0.18611070
2019-09-22T16:40:00,2019,9,22,16,40,0.15500000,22.70000000,28.12500000,0.15277188
2019-09-22T16:50:00,2019,9,22,16,50,0.12000000,22.60000000,26.80000000,0.11900640
2019-09-22T17:00:00,2019,9,22,17,0,0.08500000,22.50000000,25.47500000,0.08481428
2019-09-22T17:10:00,2019,9,22,17,10,0.07083333,22.13333333,24.61250000,0.07095959
2019-09-22T17:20:00,2019,9,22,17,20,0.05666667,21.76666667,23.75000000,0.05699250
2019-09-22T17:30:00,2019,9,22,17,30,0.04250000,21.40000000,22.88750000,0.04291299
2019-09-22T17:40:00,2019,9,22,17,40,0.02833333,21.03333333,22.02500000,0.02872108
2019-09-22T17:50:00,2019,9,22,17,50,0.01416667,20.66666667,21.16250000,0.01441674
2019-09-22T18:00:00,2019,9,22,18,0,0.00000000,20.30000000,20.30000000,0.00000000
2019-09-22T18:10:00,2019,9,22,18,10,0.00000000,20.05000000,20.05000000,0.00000000
2019-09-22T18:20:00,2019,9,22,18,20,0.00000000,19.80000000,19.80000000,0.00000000
2019-09-22T18:30:00,2019,9,22,18,30,0.00000000,19.55000000,19.55000000,0.00000000
2019-09-22T18:40:00,2019,9,22,18,40,0.00000000,19.30000000,19.30000000,0.00000000
2019-09-22T18:50:00,2019,9,22,18,50,0.00000000,19.05000000,19.05000000,0.00000000
2019-09-22T19:00:00,2019,9,22,19,0,0.00000000,18.80000000,18.80000000,0.00000000
2019-09-22T19:10:00,2019,9,22,19,10,0.00000000,18.73333333,18.73333333,0.00000000
2019-09-22T19:20:00,2019,9,22,19,20,0.00000000,18.66666667,18.66666667,0.00000000
2019-09-22T19:30:00,2019,9,22,19,30,0.00000000,18.60000000,18.60000000,0.00000000
2019-09-22T19:40:00,2019,9,22,19,40,0.00000000,18.53333333,18.53333333,0.00000000
2019-09-22T19:50:00,2019,9,22,19,50,0.00000000,18.46666667,18.46666667,0.00000000
2019-09-22T20:00:00,2019,9,22,20,0,0.00000000,18.40000000,18.40000000,0.00000000
2019-09-22T20:10:00,2019,9,22,20,10,0.00000000,18.18333333,18.18333333,0.00000000
2019-09-22T20:20:00,2019,9,22,20,20,0.00000000,17.96666667,17.96666667,0.00000000
2019-09-22T20:30:00,2019,9,22,20,30,0.00000000,17.75000000,17.75000000,0.00000000
2019-09-22T20:40:00,2019,9,22,20,40,0.00000000,17.53333333,17.53333333,0.00000000
2019-09-22T20:50:00,2019,9,22,20,50,0.00000000,17.31666667,17.31666667,0.00000000
2019-09-22T21:00:00,2019,9,22,21,0,0.00000000,17.10000000,17.10000000,0.00000000
2019-09-22T21:10:00,2019,9,22,21,10,0.00000000,16.95000000,16.95000000,0.00000000
2019-09-22T21:20:00,2019,9,22,21,20,0.00000000,16.80000000,16.80000000,0.00000000
2019-09-22T21:30:00,2019,9,22,21,30,0.00000000,16.65000000,16.65000000,0.00000000
2019-09-22T21:40:00,2019,9,22,21,40,0.00000000,16.50000000,16.50000000,0.00000000
2019-09-22T21:50:00,2019,9,22,21,50,0.00000000,16.35000000,16.35000000,0.00000000
2019-09-22T22:00:00,2019,9,22,22,0,0.00000000,16.20000000,16.20000000,0.00000000
2019-09-22T22:10:00,2019,9,22,22,10,0.00000000,16.15000000,16.15000000,0.00000000
2019-09-22T22:20:00,2019,9,22,22,20,0.00000000,16.10000000,16.10000000,0.00000000
2019-09-22T22:30:00,2019,9,22,22,30,0.00000000,16.05000000,16.05000000,0.00000000
2019-09-22T22:40:00,2019,9,22,22,40,0.00000000,16.00000000,16.00000000,0.00000000
2019-09-22T22:50:00,2019,9,22,22,50,0.00000000,15.95000000,15.95000000,0.00000000
2019-09-22T23:00:00,2019,9,22,23,0,0.00000000,15.90000000,15.90000000,0.00000000
2019-09-22T23:10:00,2019,9,22,23,10,0.00000000,16.71666667,16.71666667,0.00000000
2019-09-22T23:20:00,2019,9,22,23,20,0.00000000,17.53333333,17.53333333,0.00000000
2019-09-22T23:30:00,2019,9,22,23,30,0.00000000,18.35000000,18.35000000,0.00000000
2019-09-22T23:40:00,2019,9,22,23,40,0.00000000,19.16666667,19.16666667,0.00000000
2019-09-22T23:50:00,2019,9,22,23,50,0.00000000,19.98333333,19.98333333,0.00000000
2019-09-23T00:00:00,2019,9,23,0,0,0.00000000,20.80000000,20.80000000,0.00000000
2019-09-23T00:10:00,2019,9,23,0,10,0.00000000,20.76666667,20.76666667,0.00000000
2019-09-23T00:20:00,2019,9,23,0,20,0.00000000,20.73333333,20.73333333,0.00000000
2019-09-23T00:30:00,2019,9,23,0,30,0.00000000,20.70000000,20.70000000,0.00000000
2019-09-23T00:40:00,2019,9,23,0,40,0.00000000,20.66666667,20.66666667,0.00000000
2019-09-23T00:50:00,2019,9,23,0,50,0.00000000,20.63333333,20.63333333,0.00000000
2019-09-23T01:00:00,2019,9,23,1,0,0.00000000,20.60000000,20.60000000,0.00000000
2019-09-23T01:10:00,2019,9,23,1,10,0.00000000,20.56666667,20.56666667,0.00000000
2019-09-23T01:20:00,2019,9,23,1,20,0.00000000,20.53333333,20.53333333,0.00000000
2019-09-23T01:30:00,2019,9,23,1,30,0.00000000,20.50000000,20.50000000,0.00000000
2019-09-23T01:40:00,2019,9,23,1,40,0.00000000,20.46666667,20.46666667,0.00000000
2019-09-23T01:50:00,2019,9,23,1,50,0.00000000,20.43333333,20.43333333,0.00000000
2019-09-23T02:00:00,2019,9,23,2,0,0.00000000,20.40000000,20.40000000,0.00000000
2019-09-23T02:10:00,2019,9,23,2,10,0.00000000,20.43333333,20.43333333,0.00000000
2019-09-23T02:20:00,2019,9,23,2,20,0.00000000,20.46666667,20.46666667,0.00000000
2019-09-23T02:30:00,2019,9,23,2,30,0.00000000,20.50000000,20.50000000,0.00000000
2019-09-23T02:40:00,2019,9,23,2,40,0.00000000,20.53333333,20.53333333,0.00000000
2019-09-23T02:50:00,2019,9,23,2,50,0.00000000,20.56666667,20.56666667,0.00000000
2019-09-23T03:00:00,2019,9,23,3,0,0.00000000,20.60000000,20.60000000,0.00000000
2019-09-23T03:10:00,2019,9,23,3,10,0.00000000,20.65000000,20.65000000,0.00000000
2019-09-23T03:20:00,2019,9,23,3,20,0.00000000,20.70000000,20.70000000,0.00000000
2019-09-23T03:30:00,2019,9,23,3,30,0.00000000,20.75000000,20.75000000,0.00000000
2019-09-23T03:40:00,2019,9,23,3,40,0.00000000,20.80000000,20.80000000,0.00000000
2019-09-23T03:50:00,2019,9,23,3,50,0.00000000,20.85000000,20.85000000,0.00000000
2019-09-23T04:00:00,2019,9,23,4,0,0.00000000,20.90000000,20.90000000,0.00000000
2019-09-23T04:10:00,2019,9,23,4,10,0.00000000,20.78333333,20.78333333,0.00000000
2019-09-23T04:20:00,2019,9,23,4,20,0.00000000,20.66666667,20.66666667,0.00000000
2019-09-23T04:30:00,2019,9,23,4,30,0.00000000,20.55000000,20.55000000,0.00000000
2019-09-23T04:40:00,2019,9,23,4,40,0.00000000,20.43333333,20.43333333,0.00000000
2019-09-23T04:50:00,2019,9,23,4,50,0.00000000,20.31666667,20.31666667,0.00000000
2019-09-23T05:00:00,2019,9,23,5,0,0.00000000,20.20000000,20.20000000,0.00000000
2019-09-23T05:10:00,2019,9,23,5,10,0.00500000,20.25000000,20.42500000,0.00510522
2019-09-23T05:20:00,2019,9,23,5,20,0.01000000,20.30000000,20.65000000,0.01020010
2019-09-23T05:30:00,2019,9,23,5,30,0.01500000,20.35000000,20.87500000,0.01528463
2019-09-23T05:40:00,2019,9,23,5,40,0.02000000,20.40000000,21.10000000,0.02035880
2019-09-23T05:50:00,2019,9,23,5,50,0.02500000,20.45000000,21.32500000,0.02542263
2019-09-23T06:00:00,2019,9,23,6,0,0.03000000,20.50000000,21.55000000,0.03047610
2019-09-23T06:10:00,2019,9,23,6,10,0.03366667,20.35000000,21.52833333,0.03420431
2019-09-23T06:20:00,2019,9,23,6,20,0.03733333,20.20000000,21.50666667,0.03793326
2019-09-23T06:30:00,2019,9,23,6,30,0.04100000,20.05000000,21.48500000,0.04166293
2019-09-23T06:40:00,2019,9,23,6,40,0.04466667,19.90000000,21.46333333,0.04539333
2019-09-23T06:50:00,2019,9,23,6,50,0.04833333,19.75000000,21.44166667,0.04912447
2019-09-23T07:00:00,2019,9,23,7,0,0.05200000,19.60000000,21.42000000,0.05285634
2019-09-23T07:10:00,2019,9,23,7,10,0.10066667,19.56666667,23.09000000,0.10155112
2019-09-23T07:20:00,2019,9,23,7,20,0.14933333,19.53333333,24.76000000,0.14949820
2019-09-23T07:30:00,2019,9,23,7,30,0.19800000,19.50000000,26.43000000,0.19669756
2019-09-23T07:40:00,2019,9,23,7,40,0.24666667,19.46666667,28.10000000,0.24314920
2019-09-23T07:50:00,2019,9,23,7,50,0.29533333,19.43333333,29.77000000,0.28885313
2019-09-23T08:00:00,2019,9,23,8,0,0.34400000,19.40000000,31.44000000,0.33380934
2019-09-23T08:10:00,2019,9,23,8,10,0.33083333,19.71666667,31.29583333,0.32125212
2019-09-23T08:20:00,2019,9,23,8,20,0.31766667,20.03333333,31.15166667,0.30867744
2019-09-23T08:30:00,2019,9,23,8,30,0.30450000,20.35000000,31.00750000,0.29608529
2019-09-23T08:40:00,2019,9,23,8,40,0.29133333,20.66666667,30.86333333,0.28347568
2019-09-23T08:50:00,2019,9,23,8,50,0.27816667,20.98333333,30.71916667,0.27084861
2019-09-23T09:00:00,2019,9,23,9,0,0.26500000,21.30000000,30.57500000,0.25820408
2019-09-23T09:10:00,2019,9,23,9,10,0.26950000,21.18333333,30.61583333,0.26253805
2019-09-23T09:20:00,2019,9,23,9,20,0.27400000,21.06666667,30.65666667,0.26687034
2019-09-23T09:30:00,2019,9,23,9,30,0.27850000,20.95000000,30.69750000,0.27120093
2019-09-23T09:40:00,2019,9,23,9,40,0.28300000,20.83333333,30.73833333,0.27552984
2019-09-23T09:50:00,2019,9,23,9,50,0.28750000,20.71666667,30.77916667,0.27985705
2019-09-23T10:00:00,2019,9,23,10,0,0.29200000,20.60000000,30.82000000,0.28418258
2019-09-23T10:10:00,2019,9,23,10,10,0.26366667,20.56666667,29.79500000,0.25785097
2019-09-23T10:20:00,2019,9,23,10,20,0.23533333,20.53333333,28.77000000,0.23125218
2019-09-23T10:30:00,2019,9,23,10,30,0.20700000,20.50000000,27.74500000,0.20438621
2019-09-23T10:40:00,2019,9,23,10,40,0.17866667,20.46666667,26.72000000,0.17725306
2019-09-23T10:50:00,2019,9,23,10,50,0.15033333,20.43333333,25.69500000,0.14985272
2019-09-23T11:00:00,2019,9,23,11,0,0.12200000,20.40000000,24.67000000,0.12218520
2019-09-23T11:10:00,2019,9,23,11,10,0.12650000,20.03333333,24.46083333,0.12681374
2019-09-23T11:20:00,2019,9,23,11,20,0.13100000,19.66666667,24.25166667,0.13145095
2019-09-23T11:30:00,2019,9,23,11,30,0.13550000,19.30000000,24.04250000,0.13609681
2019-09-23T11:40:00,2019,9,23,11,40,0.14000000,18.93333333,23.83333333,0.14075133
2019-09-23T11:50:00,2019,9,23,11,50,0.14450000,18.56666667,23.62416667,0.14541452
2019-09-23T12:00:00,2019,9,23,12,0,0.14900000,18.20000000,23.41500000,0.15008636
2019-09-23T12:10:00,2019,9,23,12,10,0.18816667,18.28333333,24.86916667,0.18827991
2019-09-23T12:20:00,2019,9,23,12,20,0.22733333,18.36666667,26.32333333,0.22594948
2019-09-23T12:30:00,2019,9,23,12,30,0.26650000,18.45000000,27.77750000,0.26309506
2019-09-23T12:40:00,2019,9,23,12,40,0.30566667,18.53333333,29.23166667,0.29971666
2019-09-23T12:50:00,2019,9,23,12,50,0.34483333,18.61666667,30.68583333,0.33581427
2019-09-23T13:00:00,2019,9,23,13,0,0.38400000,18.70000000,32.14000000,0.37138790
2019-09-23T13:10:00,2019,9,23,13,10,0.38666667,18.96666667,32.50000000,0.37332667
2019-09-23T13:20:00,2019,9,23,13,20,0.38933333,19.23333333,32.86000000,0.37525660
2019-09-23T13:30:00,2019,9,23,13,30,0.39200000,19.50000000,33.22000000,0.37717770
2019-09-23T13:40:00,2019,9,23,13,40,0.39466667,19.76666667,33.58000000,0.37908996
2019-09-23T13:50:00,2019,9,23,13,50,0.39733333,20.03333333,33.94000000,0.38099340
2019-09-23T14:00:00,2019,9,23,14,0,0.40000000,20.30000000,34.30000000,0.38288800
2019-09-23T14:10:00,2019,9,23,14,10,0.39166667,20.38333333,34.09166667,0.37528651
2019-09-23T14:20:00,2019,9,23,14,20,0.38333333,20.46666667,33.88333333,0.36766906
2019-09-23T14:30:00,2019,9,23,14,30,0.37500000,20.55000000,33.67500000,0.36003563
2019-09-23T14:40:00,2019,9,23,14,40,0.36666667,20.63333333,33.46666667,0.35238622
2019-09-23T14:50:00,2019,9,23,14,50,0.35833333,20.71666667,33.25833333,0.34472085
2019-09-23T15:00:00,2019,9,23,15,0,0.35000000,20.80000000,33.05000000,0.33703950
2019-09-23T15:10:00,2019,9,23,15,10,0.30250000,20.61666667,31.20416667,0.29386690
2019-09-23T15:20:00,2019,9,23,15,20,0.25500000,20.43333333,29.35833333,0.24988768
2019-09-23T15:30:00,2019,9,23,15,30,0.20750000,20.25000000,27.51250000,0.20510182
2019-09-23T15:40:00,2019,9,23,15,40,0.16000000,20.06666667,25.66666667,0.15950933
2019-09-23T15:50:00,2019,9,23,15,50,0.11250000,19.88333333,23.82083333,0.11311022
2019-09-23T16:00:00,2019,9,23,16,0,0.06500000,19.70000000,21.97500000,0.06590447
2019-09-23T16:10:00,2019,9,23,16,10,0.05650000,19.40000000,21.37750000,0.05744149
2019-09-23T16:20:00,2019,9,23,16,20,0.04800000,19.10000000,20.78000000,0.04893178
2019-09-23T16:30:00,2019,9,23,16,30,0.03950000,18.80000000,20.18250000,0.04037534
2019-09-23T16:40:00,2019,9,23,16,40,0.03100000,18.50000000,19.58500000,0.03177218
2019-09-23T16:50:00,2019,9,23,16,50,0.02250000,18.20000000,18.98750000,0.02312229
2019-09-23T17:00:00,2019,9,23,17,0,0.01400000,17.90000000,18.39000000,0.01442568
2019-09-23T17:10:00,2019,9,23,17,10,0.01166667,17.78333333,18.19166667,0.01203205
2019-09-23T17:20:00,2019,9,23,17,20,0.00933333,17.66666667,17.99333333,0.00963415
2019-09-23T17:30:00,2019,9,23,17,30,0.00700000,17.55000000,17.79500000,0.00723200
2019-09-23T17:40:00,2019,9,23,17,40,0.00466667,17.43333333,17.59666667,0.00482559
2019-09-23T17:50:00,2019,9,23,17,50,0.00233333,17.31666667,17.39833333,0.00241492
2019-09-23T18:00:00,2019,9,23,18,0,0.00000000,17.20000000,17.20000000,0.00000000
2019-09-23T18:10:00,2019,9,23,18,10,0.00000000,17.28333333,17.28333333,0.00000000
2019-09-23T18:20:00,2019,9,23,18,20,0.00000000,17.36666667,17.36666667,0.00000000
2019-09-23T18:30:00,2019,9,23,18,30,0.00000000,17.45000000,17.45000000,0.00000000
2019-09-23T18:40:00,2019,9,23,18,40,0.00000000,17.53333333,17.53333333,0.00000000
2019-09-23T18:50:00,2019,9,23,18,50,0.00000000,17.61666667,17.61666667,0.00000000
2019-09-23T19:00:00,2019,9,23,19,0,0.00000000,17.70000000,17.70000000,0.00000000
2019-09-23T19:10:00,2019,9,23,19,10,0.00000000,17.70000000,17.70000000,0.00000000
2019-09-23T19:20:00,2019,9,23,19,20,0.00000000,17.70000000,17.70000000,0.00000000
2019-09-23T19:30:00,2019,9,23,19,30,0.00000000,17.70000000,17.70000000,0.00000000
2019-09-23T19:40:00,2019,9,23,19,40,0.00000000,17.70000000,17.70000000,0.00000000
2019-09-23T19:50:00,2019,9,23,19,50,0.00000000,17.70000000,17.70000000,0.00000000
2019-09-23T20:00:00,2019,9,23,20,0,0.00000000,17.70000000,17.70000000,0.00000000
2019-09-23T20:10:00,2019,9,23,20,10,0.00000000,17.68333333,17.68333333,0.00000000
2019-09-23T20:20:00,2019,9,23,20,20,0.00000000,17.66666667,17.66666667,0.00000000
2019-09-23T20:30:00,2019,9,23,20,30,0.00000000,17.65000000,17.65000000,0.00000000
2019-09-23T20:40:00,2019,9,23,20,40,0.00000000,17.63333333,17.63333333,0.00000000
2019-09-23T20:50:00,2019,9,23,20,50,0.00000000,17.61666667,17.61666667,0.00000000
2019-09-23T21:00:00,2019,9,23,21,0,0.00000000,17.60000000,17.60000000,0.00000000
2019-09-23T21:10:00,2019,9,23,21,10,0.00000000,17.73333333,17.73333333,0.00000000
2019-09-23T21:20:00,2019,9,23,21,20,0.00000000,17.86666667,17.86666667,0.00000000
2019-09-23T21:30:00,2019,9,23,21,30,0.00000000,18.00000000,18.00000000,0.00000000
2019-09-23T21:40:00,2019,9,23,21,40,0.00000000,18.13333333,18.13333333,0.00000000
2019-09-23T21:50:00,2019,9,23,21,50,0.00000000,18.26666667,18.26666667,0.00000000
2019-09-23T22:00:00,2019,9,23,22,0,0.00000000,18.40000000,18.40000000,0.00000000
2019-09-23T22:10:00,2019,9,23,22,10,0.00000000,18.38333333,18.38333333,0.00000000
2019-09-23T22:20:00,2019,9,23,22,20,0.00000000,18.36666667,18.36666667,0.00000000
2019-09-23T22:30:00,2019,9,23,22,30,0.00000000,18.35000000,18.35000000,0.00000000
2019-09-23T22:40:00,2019,9,23,22,40,0.00000000,18.33333333,18.33333333,0.00000000
2019-09-23T22:50:00,2019,9,23,22,50,0.00000000,18.31666667,18.31666667,0.00000000
2019-09-23T23:00:00,2019,9,23,23,0,0.00000000,18.30000000,18.30000000,0.00000000
2019-09-23T23:10:00,2019,9,23,23,10,0.00000000,18.05000000,18.05000000,0.00000000
2019-09-23T23:20:00,2019,9,23,23,20,0.00000000,17.80000000,17.80000000,0.00000000
2019-09-23T23:30:00,2019,9,23,23,30,0.00000000,17.55000000,17.55000000,0.00000000
2019-09-23T23:40:00,2019,9,23,23,40,0.00000000,17.30000000,17.30000000,0.00000000
2019-09-23T23:50:00,2019,9,23,23,50,0.00000000,17.05000000,17.05000000,0.00000000
2019-09-24T00:00:00,2019,9,24,0,0,0.00000000,16.80000000,16.80000000,0.00000000
2019-09-24T00:10:00,2019,9,24,0,10,0.00000000,16.83333333,16.83333333,0.00000000
2019-09-24T00:20:00,2019,9,24,0,20,0.00000000,16.86666667,16.86666667,0.00000000
2019-09-24T00:30:00,2019,9,24,0,30,0.00000000,16.90000000,16.90000000,0.00000000
2019-09-24T00:40:00,2019,9,24,0,40,0.00000000,16.93333333,16.93333333,0.00000000
2019-09-24T00:50:00,2019,9,24,0,50,0.00000000,16.96666667,16.96666667,0.00000000
2019-09-24T01:00:00,2019,9,24,1,0,0.00000000,17.00000000,17.00000000,0.00000000
2019-09-24T01:10:00,2019,9,24,1,10,0.00000000,16.98333333,16.98333333,0.00000000
2019-09-24T01:20:00,2019,9,24,1,20,0.00000000,16.96666667,16.96666667,0.00000000
2019-09-24T01:30:00,2019,9,24,1,30,0.00000000,16.95000000,16.95000000,0.00000000
2019-09-24T01:40:00,2019,9,24,1,40,0.00000000,16.93333333,16.93333333,0.00000000
2019-09-24T01:50:00,2019,9,24,1,50,0.00000000,16.91666667,16.91666667,0.00000000
2019-09-24T02:00:00,2019,9,24,2,0,0.00000000,16.90000000,16.90000000,0.00000000
2019-09-24T02:10:00,2019,9,24,2,10,0.00000000,17.01666667,17.01666667,0.00000000
2019-09-24T02:20:00,2019,9,24,2,20,0.00000000,17.13333333,17.13333333,0.00000000
2019-09-24T02:30:00,2019,9,24,2,30,0.00000000,17.25000000,17.25000000,0.00000000
2019-09-24T02:40:00,2019,9,24,2,40,0.00000000,17.36666667,17.36666667,0.00000000
2019-09-24T02:50:00,2019,9,24,2,50,0.00000000,17.48333333,17.48333333,0.00000000
2019-09-24T03:00:00,2019,9,24,3,0,0.00000000,17.60000000,17.60000000,0.00000000
2019-09-24T03:10:00,2019,9,24,3,10,0.00000000,17.48333333,17.48333333,0.00000000
2019-09-24T03:20:00,2019,9,24,3,20,0.00000000,17.36666667,17.36666667,0.00000000
2019-09-24T03:30:00,2019,9,24,3,30,0.00000000,17.25000000,17.25000000,0.00000000
2019-09-24T03:40:00,2019,9,24,3,40,0.00000000,17.13333333,17.13333333,0.00000000
2019-09-24T03:50:00,2019,9,24,3,50,0.00000000,17.01666667,17.01666667,0.00000000
2019-09-24T04:00:00,2019,9,24,4,0,0.00000000,16.90000000,16.90000000,0.00000000
2019-09-24T04:10:00,2019,9,24,4,10,0.00000000,16.93333333,16.93333333,0.00000000
2019-09-24T04:20:00,2019,9,24,4,20,0.00000000,16.96666667,16.96666667,0.00000000
2019-09-24T04:30:00,2019,9,24,4,30,0.00000000,17.00000000,17.00000000,0.00000000
2019-09-24T04:40:00,2019,9,24,4,40,0.00000000,17.03333333,17.03333333,0.00000000
2019-09-24T04:50:00,2019,9,24,4,50,0.00000000,17.06666667,17.06666667,0.00000000
2019-09-24T05:00:00,2019,9,24,5,0,0.00000000,17.10000000,17.10000000,0.00000000
2019-09-24T05:10:00,2019,9,24,5,10,0.01366667,17.18333333,17.66166667,0.01412800
2019-09-24T05:20:00,2019,9,24,5,20,0.02733333,17.26666667,18.22333333,0.02818539
2019-09-24T05:30:00,2019,9,24,5,30,0.04100000,17.35000000,18.78500000,0.04217215
2019-09-24T05:40:00,2019,9,24,5,40,0.05466667,17.43333333,19.34666667,0.05608829
2019-09-24T05:50:00,2019,9,24,5,50,0.06833333,17.51666667,19.90833333,0.06993381
2019-09-24T06:00:00,2019,9,24,6,0,0.08200000,17.60000000,20.47000000,0.08370872
2019-09-24T06:10:00,2019,9,24,6,10,0.11583333,17.48333333,21.53750000,0.11767827
2019-09-24T06:20:00,2019,9,24,6,20,0.14966667,17.36666667,22.60500000,0.15131554
2019-09-24T06:30:00,2019,9,24,6,30,0.18350000,17.25000000,23.67250000,0.18462054
2019-09-24T06:40:00,2019,9,24,6,40,0.21733333,17.13333333,24.74000000,0.21759326
2019-09-24T06:50:00,2019,9,24,6,50,0.25116667,17.01666667,25.80750000,0.25023371
2019-09-24T07:00:00,2019,9,24,7,0,0.28500000,16.90000000,26.87500000,0.28254187
2019-09-24T07:10:00,2019,9,24,7,10,0.28350000,17.05000000,26.97250000,0.28092766
2019-09-24T07:20:00,2019,9,24,7,20,0.28200000,17.20000000,27.07000000,0.27931480
2019-09-24T07:30:00,2019,9,24,7,30,0.28050000,17.35000000,27.16750000,0.27770327
2019-09-24T07:40:00,2019,9,24,7,40,0.27900000,17.50000000,27.26500000,0.27609310
2019-09-24T07:50:00,2019,9,24,7,50,0.27750000,17.65000000,27.36250000,0.27448427
2019-09-24T08:00:00,2019,9,24,8,0,0.27600000,17.80000000,27.46000000,0.27287678
2019-09-24T08:10:00,2019,9,24,8,10,0.27433333,17.76666667,27.36833333,0.27134465
2019-09-24T08:20:00,2019,9,24,8,20,0.27266667,17.73333333,27.27666667,0.26981112
2019-09-24T08:30:00,2019,9,24,8,30,0.27100000,17.70000000,27.18500000,0.26827618
2019-09-24T08:40:00,2019,9,24,8,40,0.26933333,17.66666667,27.09333333,0.26673983
2019-09-24T08:50:00,2019,9,24,8,50,0.26766667,17.63333333,27.00166667,0.26520208
2019-09-24T09:00:00,2019,9,24,9,0,0.26600000,17.60000000,26.91000000,0.26366292
2019-09-24T09:10:00,2019,9,24,9,10,0.30150000,17.66666667,28.21916667,0.29703534
2019-09-24T09:20:00,2019,9,24,9,20,0.33700000,17.73333333,29.52833333,0.32998018
2019-09-24T09:30:00,2019,9,24,9,30,0.37250000,17.80000000,30.83750000,0.36249744
2019-09-24T09:40:00,2019,9,24,9,40,0.40800000,17.86666667,32.14666667,0.39458714
2019-09-24T09:50:00,2019,9,24,9,50,0.44350000,17.93333333,33.45583333,0.42624925
2019-09-24T10:00:00,2019,9,24,10,0,0.47900000,18.00000000,34.76500000,0.45748380
2019-09-24T10:10:00,2019,9,24,10,10,0.46583333,18.01666667,34.32083333,0.44586034
2019-09-24T10:20:00,2019,9,24,10,20,0.45266667,18.03333333,33.87666667,0.43418308
2019-09-24T10:30:00,2019,9,24,10,30,0.43950000,18.05000000,33.43250000,0.42245201
2019-09-24T10:40:00,2019,9,24,10,40,0.42633333,18.06666667,32.98833333,0.41066715
2019-09-24T10:50:00,2019,9,24,10,50,0.41316667,18.08333333,32.54416667,0.39882847
2019-09-24T11:00:00,2019,9,24,11,0,0.40000000,18.10000000,32.10000000,0.38693600
2019-09-24T11:10:00,2019,9,24,11,10,0.42066667,18.13333333,32.85666667,0.40546349
2019-09-24T11:20:00,2019,9,24,11,20,0.44133333,18.16666667,33.61333333,0.42384712
2019-09-24T11:30:00,2019,9,24,11,30,0.46200000,18.20000000,34.37000000,0.44208688
2019-09-24T11:40:00,2019,9,24,11,40,0.48266667,18.23333333,35.12666667,0.46018277
2019-09-24T11:50:00,2019,9,24,11,50,0.50333333,18.26666667,35.88333333,0.47813479
2019-09-24T12:00:00,2019,9,24,12,0,0.52400000,18.30000000,36.64000000,0.49594294
2019-09-24T12:10:00,2019,9,24,12,10,0.52783333,18.25000000,36.72416667,0.49936667
2019-09-24T12:20:00,2019,9,24,12,20,0.53166667,18.20000000,36.80833333,0.50278742
2019-09-24T12:30:00,2019,9,24,12,30,0.53550000,18.15000000,36.89250000,0.50620520
2019-09-24T12:40:00,2019,9,24,12,40,0.53933333,18.10000000,36.97666667,0.50962002
2019-09-24T12:50:00,2019,9,24,12,50,0.54316667,18.05000000,37.06083333,0.51303187
2019-09-24T13:00:00,2019,9,24,13,0,0.54700000,18.00000000,37.14500000,0.51644075
2019-09-24T13:10:00,2019,9,24,13,10,0.53766667,18.06666667,36.88500000,0.50827189
2019-09-24T13:20:00,2019,9,24,13,20,0.52833333,18.13333333,36.62500000,0.50008071
2019-09-24T13:30:00,2019,9,24,13,30,0.51900000,18.20000000,36.36500000,0.49186720
2019-09-24T13:40:00,2019,9,24,13,40,0.50966667,18.26666667,36.10500000,0.48363136
2019-09-24T13:50:00,2019,9,24,13,50,0.50033333,18.33333333,35.84500000,0.47537320
2019-09-24T14:00:00,2019,9,24,14,0,0.49100000,18.40000000,35.58500000,0.46709272
2019-09-24T14:10:00,2019,9,24,14,10,0.48216667,18.38333333,35.25916667,0.45941218
2019-09-24T14:20:00,2019,9,24,14,20,0.47333333,18.36666667,34.93333333,0.45170516
2019-09-24T14:30:00,2019,9,24,14,30,0.46450000,18.35000000,34.60750000,0.44397165
2019-09-24T14:40:00,2019,9,24,14,40,0.45566667,18.33333333,34.28166667,0.43621167
2019-09-24T14:50:00,2019,9,24,14,50,0.44683333,18.31666667,33.95583333,0.42842521
2019-09-24T15:00:00,2019,9,24,15,0,0.43800000,18.30000000,33.63000000,0.42061228
2019-09-24T15:10:00,2019,9,24,15,10,0.40683333,18.20000000,32.43916667,0.39291143
2019-09-24T15:20:00,2019,9,24,15,20,0.37566667,18.10000000,31.24833333,0.36486913
2019-09-24T15:30:00,2019,9,24,15,30,0.34450000,18.00000000,30.05750000,0.33648538
2019-09-24T15:40:00,2019,9,24,15,40,0.31333333,17.90000000,28.86666667,0.30776018
2019-09-24T15:50:00,2019,9,24,15,50,0.28216667,17.80000000,27.67583333,0.27869352
2019-09-24T16:00:00,2019,9,24,16,0,0.25100000,17.70000000,26.48500000,0.24928542
2019-09-24T16:10:00,2019,9,24,16,10,0.21566667,17.60000000,25.14833333,0.21551951
2019-09-24T16:20:00,2019,9,24,16,20,0.18033333,17.50000000,23.81166667,0.18131910
2019-09-24T16:30:00,2019,9,24,16,30,0.14500000,17.40000000,22.47500000,0.14668417
2019-09-24T16:40:00,2019,9,24,16,40,0.10966667,17.30000000,21.13833333,0.11161475
2019-09-24T16:50:00,2019,9,24,16,50,0.07433333,17.20000000,19.80166667,0.07611082
2019-09-24T17:00:00,2019,9,24,17,0,0.03900000,17.10000000,18.46500000,0.04017238
2019-09-24T17:10:00,2019,9,24,17,10,0.03250000,17.11666667,18.25416667,0.03350850
2019-09-24T17:20:00,2019,9,24,17,20,0.02600000,17.13333333,18.04333333,0.02683202
2019-09-24T17:30:00,2019,9,24,17,30,0.01950000,17.15000000,17.83250000,0.02014292
2019-09-24T17:40:00,2019,9,24,17,40,0.01300000,17.16666667,17.62166667,0.01344122
2019-09-24T17:50:00,2019,9,24,17,50,0.00650000,17.18333333,17.41083333,0.00672692
2019-09-24T18:00:00,2019,9,24,18,0,0.00000000,17.20000000,17.20000000,0.00000000
2019-09-24T18:10:00,2019,9,24,18,10,0.00000000,17.16666667,17.16666667,0.00000000
2019-09-24T18:20:00,2019,9,24,18,20,0.00000000,17.13333333,17.13333333,0.00000000
2019-09-24T18:30:00,2019,9,24,18,30,0.00000000,17.10000000,17.10000000,0.00000000
2019-09-24T18:40:00,2019,9,24,18,40,0.00000000,17.06666667,17.06666667,0.00000000
2019-09-24T18:50:00,2019,9,24,18,50,0.00000000,17.03333333,17.03333333,0.00000000
2019-09-24T19:00:00,2019,9,24,19,0,0.00000000,17.00000000,17.00000000,0.00000000
2019-09-24T19:10:00,2019,9,24,19,10,0.00000000,17.06666667,17.06666667,0.00000000
2019-09-24T19:20:00,2019,9,24,19,20,0.00000000,17.13333333,17.13333333,0.00000000
2019-09-24T19:30:00,2019,9,24,19,30,0.00000000,17.20000000,17.20000000,0.00000000
2019-09-24T19:40:00,2019,9,24,19,40,0.00000000,17.26666667,17.26666667,0.00000000
2019-09-24T19:50:00,2019,9,24,19,50,0.00000000,17.33333333,17.33333333,0.00000000
2019-09-24T20:00:00,2019,9,24,20,0,0.00000000,17.40000000,17.40000000,0.00000000
2019-09-24T20:10:00,2019,9,24,20,10,0.00000000,17.45000000,17.45000000,0.00000000
2019-09-24T20:20:00,2019,9,24,20,20,0.00000000,17.50000000,17.50000000,0.00000000
2019-09-24T20:30:00,2019,9,24,20,30,0.00000000,17.55000000,17.55000000,0.00000000
2019-09-24T20:40:00,2019,9,24,20,40,0.00000000,17.60000000,17.60000000,0.00000000
2019-09-24T20:50:00,2019,9,24,20,50,0.00000000,17.65000000,17.65000000,0.00000000
2019-09-24T21:00:00,2019,9,24,21,0,0.00000000,17.70000000,17.70000000,0.00000000
2019-09-24T21:10:00,2019,9,24,21,10,0.00000000,17.68333333,17.68333333,0.00000000
2019-09-24T21:20:00,2019,9,24,21,20,0.00000000,17.66666667,17.66666667,0.00000000
2019-09-24T21:30:00,2019,9,24,21,30,0.00000000,17.65000000,17.65000000,0.00000000
2019-09-24T21:40:00,2019,9,24,21,40,0.00000000,17.63333333,17.63333333,0.00000000
2019-09-24T21:50:00,2019,9,24,21,50,0.00000000,17.61666667,17.61666667,0.00000000
2019-09-24T22:00:00,2019,9,24,22,0,0.00000000,17.60000000,17.60000000,0.00000000
2019-09-24T22:10:00,2019,9,24,22,10,0.00000000,17.61666667,17.61666667,0.00000000
2019-09-24T22:20:00,2019,9,24,22,20,0.00000000,17.63333333,17.63333333,0.00000000
2019-09-24T22:30:00,2019,9,24,22,30,0.00000000,17.65000000,17.65000000,0.00000000
2019-09-24T22:40:00,2019,9,24,22,40,0.00000000,17.66666667,17.66666667,0.00000000
2019-09-24T22:50:00,2019,9,24,22,50,0.00000000,17.68333333,17.68333333,0.00000000
2019-09-24T23:00:00,2019,9,24,23,0,0.00000000,17.70000000,17.70000000,0.00000000
2019-09-24T23:10:00,2019,9,24,23,10,0.00000000,17.58333333,17.58333333,0.00000000
2019-09-24T23:20:00,2019,9,24,23,20,0.00000000,17.46666667,17.46666667,0.00000000
2019-09-24T23:30:00,2019,9,24,23,30,0.00000000,17.35000000,17.35000000,0.00000000
2019-09-24T23:40:00,2019,9,24,23,40,0.00000000,17.23333333,17.23333333,0.00000000
2019-09-24T23:50:00,2019,9,24,23,50,0.00000000,17.11666667,17.11666667,0.00000000
2019-09-25T00:00:00,2019,9,25,0,0,0.00000000,17.00000000,17.00000000,0.00000000
2019-09-25T00:10:00,2019,9,25,0,10,0.00000000,17.03333333,17.03333333,0.00000000
2019-09-25T00:20:00,2019,9,25,0,20,0.00000000,17.06666667,17.06666667,0.00000000
2019-09-25T00:30:00,2019,9,25,0,30,0.00000000,17.10000000,17.10000000,0.00000000
2019-09-25T00:40:00,2019,9,25,0,40,0.00000000,17.13333333,17.13333333,0.00000000
2019-09-25T00:50:00,2019,9,25,0,50,0.00000000,17.16666667,17.16666667,0.00000000
2019-09-25T01:00:00,2019,9,25,1,0,0.00000000,17.20000000,17.20000000,0.00000000
2019-09-25T01:10:00,2019,9,25,1,10,0.00000000,17.16666667,17.16666667,0.00000000
2019-09-25T01:20:00,2019,9,25,1,20,0.00000000,17.13333333,17.13333333,0.00000000
2019-09-25T01:30:00,2019,9,25,1,30,0.00000000,17.10000000,17.10000000,0.00000000
2019-09-25T01:40:00,2019,9,25,1,40,0.00000000,17.06666667,17.06666667,0.00000000
2019-09-25T01:50:00,2019,9,25,1,50,0.00000000,17.03333333,17.03333333,0.00000000
2019-09-25T02:00:00,2019,9,25,2,0,0.00000000,17.00000000,17.00000000,0.00000000
2019-09-25T02:10:00,2019,9,25,2,10,0.00000000,17.06666667,17.06666667,0.00000000
2019-09-25T02:20:00,2019,9,25,2,20,0.00000000,17.13333333,17.13333333,0.00000000
2019-09-25T02:30:00,2019,9,25,2,30,0.00000000,17.20000000,17.20000000,0.00000000
2019-09-25T02:40:00,2019,9,25,2,40,0.00000000,17.26666667,17.26666667,0.00000000
2019-09-25T02:50:00,2019,9,25,2,50,0.00000000,17.33333333,17.33333333,0.00000000
2019-09-25T03:00:00,2019,9,25,3,0,0.00000000,17.40000000,17.40000000,0.00000000
2019-09-25T03:10:00,2019,9,25,3,10,0.00000000,17.25000000,17.25000000,0.00000000
2019-09-25T03:20:00,2019,9,25,3,20,0.00000000,17.10000000,17.10000000,0.00000000
2019-09-25T03:30:00,2019,9,25,3,30,0.00000000,16.95000000,16.95000000,0.00000000
2019-09-25T03:40:00,2019,9,25,3,40,0.00000000,16.80000000,16.80000000,0.00000000
2019-09-25T03:50:00,2019,9,25,3,50,0.00000000,16.65000000,16.65000000,0.00000000
2019-09-25T04:00:00,2019,9,25,4,0,0.00000000,16.50000000,16.50000000,0.00000000
2019-09-25T04:10:00,2019,9,25,4,10,0.00000000,16.50000000,16.50000000,0.00000000
2019-09-25T04:20:00,2019,9,25,4,20,0.00000000,16.50000000,16.50000000,0.00000000
2019-09-25T04:30:00,2019,9,25,4,30,0.00000000,16.50000000,16.50000000,0.00000000
2019-09-25T04:40:00,2019,9,25,4,40,0.00000000,16.50000000,16.50000000,0.00000000
2019-09-25T04:50:00,2019,9,25,4,50,0.00000000,16.50000000,16.50000000,0.00000000
2019-09-25T05:00:00,2019,9,25,5,0,0.00000000,16.50000000,16.50000000,0.00000000
2019-09-25T05:10:00,2019,9,25,5,10,0.00333333,16.55000000,16.66666667,0.00346111
2019-09-25T05:20:00,2019,9,25,5,20,0.00666667,16.60000000,16.83333333,0.00691711
2019-09-25T05:30:00,2019,9,25,5,30,0.01000000,16.65000000,17.00000000,0.01036800
2019-09-25T05:40:00,2019,9,25,5,40,0.01333333,16.70000000,17.16666667,0.01381378
2019-09-25T05:50:00,2019,9,25,5,50,0.01666667,16.75000000,17.33333333,0.01725444
2019-09-25T06:00:00,2019,9,25,6,0,0.02000000,16.80000000,17.50000000,0.02069000
2019-09-25T06:10:00,2019,9,25,6,10,0.04566667,16.76666667,18.36500000,0.04706046
2019-09-25T06:20:00,2019,9,25,6,20,0.07133333,16.73333333,19.23000000,0.07322666
2019-09-25T06:30:00,2019,9,25,6,30,0.09700000,16.70000000,20.09500000,0.09918861
2019-09-25T06:40:00,2019,9,25,6,40,0.12266667,16.66666667,20.96000000,0.12494630
2019-09-25T06:50:00,2019,9,25,6,50,0.14833333,16.63333333,21.82500000,0.15049974
2019-09-25T07:00:00,2019,9,25,7,0,0.17400000,16.60000000,22.69000000,0.17584892
2019-09-25T07:10:00,2019,9,25,7,10,0.21983333,16.76666667,24.46083333,0.22037856
2019-09-25T07:20:00,2019,9,25,7,20,0.26566667,16.93333333,26.23166667,0.26416149
2019-09-25T07:30:00,2019,9,25,7,30,0.31150000,17.10000000,28.00250000,0.30719772
2019-09-25T07:40:00,2019,9,25,7,40,0.35733333,17.26666667,29.77333333,0.34948725
2019-09-25T07:50:00,2019,9,25,7,50,0.40316667,17.43333333,31.54416667,0.39103007
2019-09-25T08:00:00,2019,9,25,8,0,0.44900000,17.60000000,33.31500000,0.43182620
2019-09-25T08:10:00,2019,9,25,8,10,0.46083333,17.81666667,33.94583333,0.44186966
2019-09-25T08:20:00,2019,9,25,8,20,0.47266667,18.03333333,34.57666667,0.45184444
2019-09-25T08:30:00,2019,9,25,8,30,0.48450000,18.25000000,35.20750000,0.46175054
2019-09-25T08:40:00,2019,9,25,8,40,0.49633333,18.46666667,35.83833333,0.47158797
2019-09-25T08:50:00,2019,9,25,8,50,0.50816667,18.68333333,36.46916667,0.48135672
2019-09-25T09:00:00,2019,9,25,9,0,0.52000000,18.90000000,37.10000000,0.49105680
2019-09-25T09:10:00,2019,9,25,9,10,0.48216667,19.00000000,35.87583333,0.45804443
2019-09-25T09:20:00,2019,9,25,9,20,0.44433333,19.10000000,34.65166667,0.42460597
2019-09-25T09:30:00,2019,9,25,9,30,0.40650000,19.20000000,33.42750000,0.39074142
2019-09-25T09:40:00,2019,9,25,9,40,0.36866667,19.30000000,32.20333333,0.35645077
2019-09-25T09:50:00,2019,9,25,9,50,0.33083333,19.40000000,30.97916667,0.32173404
2019-09-25T10:00:00,2019,9,25,10,0,0.29300000,19.50000000,29.75500000,0.28659121
2019-09-25T10:10:00,2019,9,25,10,10,0.32283333,19.35000000,30.64916667,0.31444413
2019-09-25T10:20:00,2019,9,25,10,20,0.35266667,19.20000000,31.54333333,0.34205164
2019-09-25T10:30:00,2019,9,25,10,30,0.38250000,19.05000000,32.43750000,0.36941372
2019-09-25T10:40:00,2019,9,25,10,40,0.41233333,18.90000000,33.33166667,0.39653038
2019-09-25T10:50:00,2019,9,25,10,50,0.44216667,18.75000000,34.22583333,0.42340163
2019-09-25T11:00:00,2019,9,25,11,0,0.47200000,18.60000000,35.12000000,0.45002746
2019-09-25T11:10:00,2019,9,25,11,10,0.48316667,18.58333333,35.49416667,0.45984268
2019-09-25T11:20:00,2019,9,25,11,20,0.49433333,18.56666667,35.86833333,0.46961947
2019-09-25T11:30:00,2019,9,25,11,30,0.50550000,18.55000000,36.24250000,0.47935781
2019-09-25T11:40:00,2019,9,25,11,40,0.51666667,18.53333333,36.61666667,0.48905772
2019-09-25T11:50:00,2019,9,25,11,50,0.52783333,18.51666667,36.99083333,0.49871919
2019-09-25T12:00:00,2019,9,25,12,0,0.53900000,18.50000000,37.36500000,0.50834222
2019-09-25T12:10:00,2019,9,25,12,10,0.49950000,18.55000000,36.03250000,0.47415062
2019-09-25T12:20:00,2019,9,25,12,20,0.46000000,18.60000000,34.70000000,0.43947480
2019-09-25T12:30:00,2019,9,25,12,30,0.42050000,18.65000000,33.36750000,0.40431474
2019-09-25T12:40:00,2019,9,25,12,40,0.38100000,18.70000000,32.03500000,0.36867046
2019-09-25T12:50:00,2019,9,25,12,50,0.34150000,18.75000000,30.70250000,0.33254194
2019-09-25T13:00:00,2019,9,25,13,0,0.30200000,18.80000000,29.37000000,0.29592920
2019-09-25T13:10:00,2019,9,25,13,10,0.34483333,18.76666667,30.83583333,0.33557634
2019-09-25T13:20:00,2019,9,25,13,20,0.38766667,18.73333333,32.30166667,0.37464585
2019-09-25T13:30:00,2019,9,25,13,30,0.43050000,18.70000000,33.76750000,0.41313772
2019-09-25T13:40:00,2019,9,25,13,40,0.47333333,18.66666667,35.23333333,0.45105196
2019-09-25T13:50:00,2019,9,25,13,50,0.51616667,18.63333333,36.69916667,0.48838856
2019-09-25T14:00:00,2019,9,25,14,0,0.55900000,18.60000000,38.16500000,0.52514752
2019-09-25T14:10:00,2019,9,25,14,10,0.53216667,18.70000000,37.32583333,0.50199344
2019-09-25T14:20:00,2019,9,25,14,20,0.50533333,18.80000000,36.48666667,0.47863219
2019-09-25T14:30:00,2019,9,25,14,30,0.47850000,18.90000000,35.64750000,0.45506379
2019-09-25T14:40:00,2019,9,25,14,40,0.45166667,19.00000000,34.80833333,0.43128822
2019-09-25T14:50:00,2019,9,25,14,50,0.42483333,19.10000000,33.96916667,0.40730549
2019-09-25T15:00:00,2019,9,25,15,0,0.39800000,19.20000000,33.13000000,0.38311560
2019-09-25T15:10:00,2019,9,25,15,10,0.34750000,19.13333333,31.29583333,0.33743611
2019-09-25T15:20:00,2019,9,25,15,20,0.29700000,19.06666667,29.46166667,0.29090447
2019-09-25T15:30:00,2019,9,25,15,30,0.24650000,19.00000000,27.62750000,0.24352068
2019-09-25T15:40:00,2019,9,25,15,40,0.19600000,18.93333333,25.79333333,0.19528473
2019-09-25T15:50:00,2019,9,25,15,50,0.14550000,18.86666667,23.95916667,0.14619663
2019-09-25T16:00:00,2019,9,25,16,0,0.09500000,18.80000000,22.12500000,0.09625638
2019-09-25T16:10:00,2019,9,25,16,10,0.08483333,18.56666667,21.53583333,0.08618517
2019-09-25T16:20:00,2019,9,25,16,20,0.07466667,18.33333333,20.94666667,0.07605885
2019-09-25T16:30:00,2019,9,25,16,30,0.06450000,18.10000000,20.35750000,0.06587743
2019-09-25T16:40:00,2019,9,25,16,40,0.05433333,17.86666667,19.76833333,0.05564090
2019-09-25T16:50:00,2019,9,25,16,50,0.04416667,17.63333333,19.17916667,0.04534927
2019-09-25T17:00:00,2019,9,25,17,0,0.03400000,17.40000000,18.59000000,0.03500252
2019-09-25T17:10:00,2019,9,25,17,10,0.02833333,17.30000000,18.29166667,0.02920765
2019-09-25T17:20:00,2019,9,25,17,20,0.02266667,17.20000000,17.99333333,0.02339723
2019-09-25T17:30:00,2019,9,25,17,30,0.01700000,17.10000000,17.69500000,0.01757125
2019-09-25T17:40:00,2019,9,25,17,40,0.01133333,17.00000000,17.39666667,0.01172972
2019-09-25T17:50:00,2019,9,25,17,50,0.00566667,16.90000000,17.09833333,0.00587264
2019-09-25T18:00:00,2019,9,25,18,0,0.00000000,16.80000000,16.80000000,0.00000000
2019-09-25T18:10:00,2019,9,25,18,10,0.00000000,16.78333333,16.78333333,0.00000000
2019-09-25T18:20:00,2019,9,25,18,20,0.00000000,16.76666667,16.76666667,0.00000000
2019-09-25T18:30:00,2019,9,25,18,30,0.00000000,16.75000000,16.75000000,0.00000000
2019-09-25T18:40:00,2019,9,25,18,40,0.00000000,16.73333333,16.73333333,0.00000000
2019-09-25T18:50:00,2019,9,25,18,50,0.00000000,16.71666667,16.71666667,0.00000000
2019-09-25T19:00:00,2019,9,25,19,0,0.00000000,16.70000000,16.70000000,0.00000000
2019-09-25T19:10:00,2019,9,25,19,10,0.00000000,16.70000000,16.70000000,0.00000000
2019-09-25T19:20:00,2019,9,25,19,20,0.00000000,16.70000000,16.70000000,0.00000000
2019-09-25T19:30:00,2019,9,25,19,30,0.00000000,16.70000000,16.70000000,0.00000000
2019-09-25T19:40:00,2019,9,25,19,40,0.00000000,16.70000000,16.70000000,0.00000000
2019-09-25T19:50:00,2019,9,25,19,50,0.00000000,16.70000000,16.70000000,0.00000000
2019-09-25T20:00:00,2019,9,25,20,0,0.00000000,16.70000000,16.70000000,0.00000000
2019-09-25T20:10:00,2019,9,25,20,10,0.00000000,16.65000000,16.65000000,0.00000000
2019-09-25T20:20:00,2019,9,25,20,20,0.00000000,16.60000000,16.60000000,0.00000000
2019-09-25T20:30:00,2019,9,25,20,30,0.00000000,16.55000000,16.55000000,0.00000000
2019-09-25T20:40:00,2019,9,25,20,40,0.00000000,16.50000000,16.50000000,0.00000000
2019-09-25T20:50:00,2019,9,25,20,50,0.00000000,16.45000000,16.45000000,0.00000000
2019-09-25T21:00:00,2019,9,25,21,0,0.00000000,16.40000000,16.40000000,0.00000000
2019-09-25T21:10:00,2019,9,25,21,10,0.00000000,16.40000000,16.40000000,0.00000000
2019-09-25T21:20:00,2019,9,25,21,20,0.00000000,16.40000000,16.40000000,0.00000000
2019-09-25T21:30:00,2019,9,25,21,30,0.00000000,16.40000000,16.40000000,0.00000000
2019-09-25T21:40:00,2019,9,25,21,40,0.00000000,16.40000000,16.40000000,0.00000000
2019-09-25T21:50:00,2019,9,25,21,50,0.00000000,16.40000000,16.40000000,0.00000000
2019-09-25T22:00:00,2019,9,25,22,0,0.00000000,16.40000000,16.40000000,0.00000000
2019-09-25T22:10:00,2019,9,25,22,10,0.00000000,16.46666667,16.46666667,0.00000000
2019-09-25T22:20:00,2019,9,25,22,20,0.00000000,16.53333333,16.53333333,0.00000000
2019-09-25T22:30:00,2019,9,25,22,30,0.00000000,16.60000000,16.60000000,0.00000000
2019-09-25T22:40:00,2019,9,25,22,40,0.00000000,16.66666667,16.66666667,0.00000000
2019-09-25T22:50:00,2019,9,25,22,50,0.00000000,16.73333333,16.73333333,0.00000000
2019-09-25T23:00:00,2019,9,25,23,0,0.00000000,16.80000000,16.80000000,0.00000000
2019-09-25T23:10:00,2019,9,25,23,10,0.00000000,16.36666667,16.36666667,0.00000000
2019-09-25T23:20:00,2019,9,25,23,20,0.00000000,15.93333333,15.93333333,0.00000000
2019-09-25T23:30:00,2019,9,25,23,30,0.00000000,15.50000000,15.50000000,0.00000000
2019-09-25T23:40:00,2019,9,25,23,40,0.00000000,15.06666667,15.06666667,0.00000000
2019-09-25T23:50:00,2019,9,25,23,50,0.00000000,14.63333333,14.63333333,0.00000000
2019-09-26T00:00:00,2019,9,26,0,0,0.00000000,14.20000000,14.20000000,0.00000000
2019-09-26T00:10:00,2019,9,26,0,10,0.00000000,14.23333333,14.23333333,0.00000000
2019-09-26T00:20:00,2019,9,26,0,20,0.00000000,14.26666667,14.26666667,0.00000000
2019-09-26T00:30:00,2019,9,26,0,30,0.00000000,14.30000000,14.30000000,0.00000000
2019-09-26T00:40:00,2019,9,26,0,40,0.00000000,14.33333333,14.33333333,0.00000000
2019-09-26T00:50:00,2019,9,26,0,50,0.00000000,14.36666667,14.36666667,0.00000000
2019-09-26T01:00:00,2019,9,26,1,0,0.00000000,14.40000000,14.40000000,0.00000000
2019-09-26T01:10:00,2019,9,26,1,10,0.00000000,14.30000000,14.30000000,0.00000000
2019-09-26T01:20:00,2019,9,26,1,20,0.00000000,14.20000000,14.20000000,0.00000000
2019-09-26T01:30:00,2019,9,26,1,30,0.00000000,14.10000000,14.10000000,0.00000000
2019-09-26T01:40:00,2019,9,26,1,40,0.00000000,14.00000000,14.00000000,0.00000000
2019-09-26T01:50:00,2019,9,26,1,50,0.00000000,13.90000000,13.90000000,0.00000000
2019-09-26T02:00:00,2019,9,26,2,0,0.00000000,13.80000000,13.80000000,0.00000000
2019-09-26T02:10:00,2019,9,26,2,10,0.00000000,13.71666667,13.71666667,0.00000000
2019-09-26T02:20:00,2019,9,26,2,20,0.00000000,13.63333333,13.63333333,0.00000000
2019-09-26T02:30:00,2019,9,26,2,30,0.00000000,13.55000000,13.55000000,0.00000000
2019-09-26T02:40:00,2019,9,26,2,40,0.00000000,13.46666667,13.46666667,0.00000000
2019-09-26T02:50:00,2019,9,26,2,50,0.00000000,13.38333333,13.38333333,0.00000000
2019-09-26T03:00:00,2019,9,26,3,0,0.00000000,13.30000000,13.30000000,0.00000000
2019-09-26T03:10:00,2019,9,26,3,10,0.00000000,13.26666667,13.26666667,0.00000000
2019-09-26T03:20:00,2019,9,26,3,20,0.00000000,13.23333333,13.23333333,0.00000000
2019-09-26T03:30:00,2019,9,26,3,30,0.00000000,13.20000000,13.20000000,0.00000000
2019-09-26T03:40:00,2019,9,26,3,40,0.00000000,13.16666667,13.16666667,0.00000000
2019-09-26T03:50:00,2019,9,26,3,50,0.00000000,13.13333333,13.13333333,0.00000000
2019-09-26T04:00:00,2019,9,26,4,0,0.00000000,13.10000000,13.10000000,0.00000000
2019-09-26T04:10:00,2019,9,26,4,10,0.00000000,13.10000000,13.10000000,0.00000000
2019-09-26T04:20:00,2019,9,26,4,20,0.00000000,13.10000000,13.10000000,0.00000000
2019-09-26T04:30:00,2019,9,26,4,30,0.00000000,13.10000000,13.10000000,0.00000000
2019-09-26T04:40:00,2019,9,26,4,40,0.00000000,13.10000000,13.10000000,0.00000000
2019-09-26T04:50:00,2019,9,26,4,50,0.00000000,13.10000000,13.10000000,0.00000000
2019-09-26T05:00:00,2019,9,26,5,0,0.00000000,13.10000000,13.10000000,0.00000000
2019-09-26T05:10:00,2019,9,26,5,10,0.01250000,13.13333333,13.57083333,0.01315718
2019-09-26T05:20:00,2019,9,26,5,20,0.02500000,13.16666667,14.04166667,0.02626021
2019-09-26T05:30:00,2019,9,26,5,30,0.03750000,13.20000000,14.51250000,0.03930909
2019-09-26T05:40:00,2019,9,26,5,40,0.05000000,13.23333333,14.98333333,0.05230383
2019-09-26T05:50:00,2019,9,26,5,50,0.06250000,13.26666667,15.45416667,0.06524443
2019-09-26T06:00:00,2019,9,26,6,0,0.07500000,13.30000000,15.92500000,0.07813087
2019-09-26T06:10:00,2019,9,26,6,10,0.10983333,13.58333333,17.42750000,0.11365921
2019-09-26T06:20:00,2019,9,26,6,20,0.14466667,13.86666667,18.93000000,0.14870605
2019-09-26T06:30:00,2019,9,26,6,30,0.17950000,14.15000000,20.43250000,0.18327138
2019-09-26T06:40:00,2019,9,26,6,40,0.21433333,14.43333333,21.93500000,0.21735522
2019-09-26T06:50:00,2019,9,26,6,50,0.24916667,14.71666667,23.43750000,0.25095755
2019-09-26T07:00:00,2019,9,26,7,0,0.28400000,15.00000000,24.94000000,0.28407838
2019-09-26T07:10:00,2019,9,26,7,10,0.29750000,15.48333333,25.89583333,0.29627405
2019-09-26T07:20:00,2019,9,26,7,20,0.31100000,15.96666667,26.85166667,0.30835101
2019-09-26T07:30:00,2019,9,26,7,30,0.32450000,16.45000000,27.80750000,0.32030924
2019-09-26T07:40:00,2019,9,26,7,40,0.33800000,16.93333333,28.76333333,0.33214877
2019-09-26T07:50:00,2019,9,26,7,50,0.35150000,17.41666667,29.71916667,0.34386958
2019-09-26T08:00:00,2019,9,26,8,0,0.36500000,17.90000000,30.67500000,0.35547168
2019-09-26T08:10:00,2019,9,26,8,10,0.39933333,18.00000000,31.97666667,0.38651766
2019-09-26T08:20:00,2019,9,26,8,20,0.43366667,18.10000000,33.27833333,0.41715250
2019-09-26T08:30:00,2019,9,26,8,30,0.46800000,18.20000000,34.58000000,0.44737618
2019-09-26T08:40:00,2019,9,26,8,40,0.50233333,18.30000000,35.88166667,0.47718870
2019-09-26T08:50:00,2019,9,26,8,50,0.53666667,18.40000000,37.18333333,0.50659008
2019-09-26T09:00:00,2019,9,26,9,0,0.57100000,18.50000000,38.48500000,0.53558030
2019-09-26T09:10:00,2019,9,26,9,10,0.59266667,18.95000000,39.69333333,0.55260872
2019-09-26T09:20:00,2019,9,26,9,20,0.61433333,19.40000000,40.90166667,0.56939628
2019-09-26T09:30:00,2019,9,26,9,30,0.63600000,19.85000000,42.11000000,0.58594298
2019-09-26T09:40:00,2019,9,26,9,40,0.65766667,20.30000000,43.31833333,0.60224882
2019-09-26T09:50:00,2019,9,26,9,50,0.67933333,20.75000000,44.52666667,0.61831380
2019-09-26T10:00:00,2019,9,26,10,0,0.70100000,21.20000000,45.73500000,0.63413792
2019-09-26T10:10:00,2019,9,26,10,10,0.68950000,21.38333333,45.51583333,0.62442993
2019-09-26T10:20:00,2019,9,26,10,20,0.67800000,21.56666667,45.29666667,0.61469876
2019-09-26T10:30:00,2019,9,26,10,30,0.66650000,21.75000000,45.07750000,0.60494439
2019-09-26T10:40:00,2019,9,26,10,40,0.65500000,21.93333333,44.85833333,0.59516684
2019-09-26T10:50:00,2019,9,26,10,50,0.64350000,22.11666667,44.63916667,0.58536610
2019-09-26T11:00:00,2019,9,26,11,0,0.63200000,22.30000000,44.42000000,0.57554218
2019-09-26T11:10:00,2019,9,26,11,10,0.64016667,22.31666667,44.72250000,0.58208851
2019-09-26T11:20:00,2019,9,26,11,20,0.64833333,22.33333333,45.02500000,0.58861211
2019-09-26T11:30:00,2019,9,26,11,30,0.65650000,22.35000000,45.32750000,0.59511298
2019-09-26T11:40:00,2019,9,26,11,40,0.66466667,22.36666667,45.63000000,0.60159113
2019-09-26T11:50:00,2019,9,26,11,50,0.67283333,22.38333333,45.93250000,0.60804655
2019-09-26T12:00:00,2019,9,26,12,0,0.68100000,22.40000000,46.23500000,0.61447924
2019-09-26T12:10:00,2019,9,26,12,10,0.71250000,22.60000000,47.53750000,0.63863334
2019-09-26T12:20:00,2019,9,26,12,20,0.74400000,22.80000000,48.84000000,0.66240998
2019-09-26T12:30:00,2019,9,26,12,30,0.77550000,23.00000000,50.14250000,0.68580916
2019-09-26T12:40:00,2019,9,26,12,40,0.80700000,23.20000000,51.44500000,0.70883087
2019-09-26T12:50:00,2019,9,26,12,50,0.83850000,23.40000000,52.74750000,0.73147512
2019-09-26T13:00:00,2019,9,26,13,0,0.87000000,23.60000000,54.05000000,0.75374190
2019-09-26T13:10:00,2019,9,26,13,10,0.84433333,23.80000000,53.35166667,0.73421735
2019-09-26T13:20:00,2019,9,26,13,20,0.81866667,24.00000000,52.65333333,0.71452790
2019-09-26T13:30:00,2019,9,26,13,30,0.79300000,24.20000000,51.95500000,0.69467355
2019-09-26T13:40:00,2019,9,26,13,40,0.76733333,24.40000000,51.25666667,0.67465430
2019-09-26T13:50:00,2019,9,26,13,50,0.74166667,24.60000000,50.55833333,0.65447015
2019-09-26T14:00:00,2019,9,26,14,0,0.71600000,24.80000000,49.86000000,0.63412110
2019-09-26T14:10:00,2019,9,26,14,10,0.65616667,24.71666667,47.68250000,0.58770256
2019-09-26T14:20:00,2019,9,26,14,20,0.59633333,24.63333333,45.50500000,0.54008538
2019-09-26T14:30:00,2019,9,26,14,30,0.53650000,24.55000000,43.32750000,0.49126956
2019-09-26T14:40:00,2019,9,26,14,40,0.47666667,24.46666667,41.15000000,0.44125510
2019-09-26T14:50:00,2019,9,26,14,50,0.41683333,24.38333333,38.97250000,0.39004200
2019-09-26T15:00:00,2019,9,26,15,0,0.35700000,24.30000000,36.79500000,0.33763025
2019-09-26T15:10:00,2019,9,26,15,10,0.34933333,23.71666667,35.94333333,0.33174813
2019-09-26T15:20:00,2019,9,26,15,20,0.34166667,23.13333333,35.09166667,0.32580593
2019-09-26T15:30:00,2019,9,26,15,30,0.33400000,22.55000000,34.24000000,0.31980366
2019-09-26T15:40:00,2019,9,26,15,40,0.32633333,21.96666667,33.38833333,0.31374133
2019-09-26T15:50:00,2019,9,26,15,50,0.31866667,21.38333333,32.53666667,0.30761892
2019-09-26T16:00:00,2019,9,26,16,0,0.31100000,20.80000000,31.68500000,0.30143644
2019-09-26T16:10:00,2019,9,26,16,10,0.27316667,20.76666667,30.32750000,0.26647231
2019-09-26T16:20:00,2019,9,26,16,20,0.23533333,20.73333333,28.97000000,0.23103568
2019-09-26T16:30:00,2019,9,26,16,30,0.19750000,20.70000000,27.61250000,0.19512654
2019-09-26T16:40:00,2019,9,26,16,40,0.15966667,20.66666667,26.25500000,0.15874491
2019-09-26T16:50:00,2019,9,26,16,50,0.12183333,20.63333333,24.89750000,0.12189078
2019-09-26T17:00:00,2019,9,26,17,0,0.08400000,20.60000000,23.54000000,0.08456414
2019-09-26T17:10:00,2019,9,26,17,10,0.07000000,20.18333333,22.63333333,0.07076207
2019-09-26T17:20:00,2019,9,26,17,20,0.05600000,19.76666667,21.72666667,0.05684321
2019-09-26T17:30:00,2019,9,26,17,30,0.04200000,19.35000000,20.82000000,0.04280758
2019-09-26T17:40:00,2019,9,26,17,40,0.02800000,18.93333333,19.91333333,0.02865516
2019-09-26T17:50:00,2019,9,26,17,50,0.01400000,18.51666667,19.00666667,0.01438597
2019-09-26T18:00:00,2019,9,26,18,0,0.00000000,18.10000000,18.10000000,0.00000000
2019-09-26T18:10:00,2019,9,26,18,10,0.00000000,18.05000000,18.05000000,0.00000000
2019-09-26T18:20:00,2019,9,26,18,20,0.00000000,18.00000000,18.00000000,0.00000000
2019-09-26T18:30:00,2019,9,26,18,30,0.00000000,17.95000000,17.95000000,0.00000000
2019-09-26T18:40:00,2019,9,26,18,40,0.00000000,17.90000000,17.90000000,0.00000000
2019-09-26T18:50:00,2019,9,26,18,50,0.00000000,17.85000000,17.85000000,0.00000000
2019-09-26T19:00:00,2019,9,26,19,0,0.00000000,17.80000000,17.80000000,0.00000000
2019-09-26T19:10:00,2019,9,26,19,10,0.00000000,17.71666667,17.71666667,0.00000000
2019-09-26T19:20:00,2019,9,26,19,20,0.00000000,17.63333333,17.63333333,0.00000000
2019-09-26T19:30:00,2019,9,26,19,30,0.00000000,17.55000000,17.55000000,0.00000000
2019-09-26T19:40:00,2019,9,26,19,40,0.00000000,17.46666667,17.46666667,0.00000000
2019-09-26T19:50:00,2019,9,26,19,50,0.00000000,17.38333333,17.38333333,0.00000000
2019-09-26T20:00:00,2019,9,26,20,0,0.00000000,17.30000000,17.30000000,0.00000000
2019-09-26T20:10:00,2019,9,26,20,10,0.00000000,17.13333333,17.13333333,0.00000000
2019-09-26T20:20:00,2019,9,26,20,20,0.00000000,16.96666667,16.96666667,0.00000000
2019-09-26T20:30:00,2019,9,26,20,30,0.00000000,16.80000000,16.80000000,0.00000000
2019-09-26T20:40:00,2019,9,26,20,40,0.00000000,16.63333333,16.63333333,0.00000000
2019-09-26T20:50:00,2019,9,26,20,50,0.00000000,16.46666667,16.46666667,0.00000000
2019-09-26T21:00:00,2019,9,26,21,0,0.00000000,16.30000000,16.30000000,0.00000000
2019-09-26T21:10:00,2019,9,26,21,10,0.00000000,16.28333333,16.28333333,0.00000000
2019-09-26T21:20:00,2019,9,26,21,20,0.00000000,16.26666667,16.26666667,0.00000000
2019-09-26T21:30:00,2019,9,26,21,30,0.00000000,16.25000000,16.25000000,0.00000000
2019-09-26T21:40:00,2019,9,26,21,40,0.00000000,16.23333333,16.23333333,0.00000000
2019-09-26T21:50:00,2019,9,26,21,50,0.00000000,16.21666667,16.21666667,0.00000000
2019-09-26T22:00:00,2019,9,26,22,0,0.00000000,16.20000000,16.20000000,0.00000000
2019-09-26T22:10:00,2019,9,26,22,10,0.00000000,16.08333333,16.08333333,0.00000000
2019-09-26T22:20:00,2019,9,26,22,20,0.00000000,15.96666667,15.96666667,0.00000000
2019-09-26T22:30:00,2019,9,26,22,30,0.00000000,15.85000000,15.85000000,0.00000000
2019-09-26T22:40:00,2019,9,26,22,40,0.00000000,15.73333333,15.73333333,0.00000000
2019-09-26T22:50:00,2019,9,26,22,50,0.00000000,15.61666667,15.61666667,0.00000000
2019-09-26T23:00:00,2019,9,26,23,0,0.00000000,15.50000000,15.50000000,0.00000000
2019-09-26T23:10:00,2019,9,26,23,10,0.00000000,15.26666667,15.26666667,0.00000000
2019-09-26T23:20:00,2019,9,26,23,20,0.00000000,15.03333333,15.03333333,0.00000000
2019-09-26T23:30:00,2019,9,26,23,30,0.00000000,14.80000000,14.80000000,0.00000000
2019-09-26T23:40:00,2019,9,26,23,40,0.00000000,14.56666667,14.56666667,0.00000000
2019-09-26T23:50:00,2019,9,26,23,50,0.00000000,14.33333333,14.33333333,0.00000000
2019-09-27T00:00:00,2019,9,27,0,0,0.00000000,14.10000000,14.10000000,0.00000000
2019-09-27T00:10:00,2019,9,27,0,10,0.00000000,14.13333333,14.13333333,0.00000000
2019-09-27T00:20:00,2019,9,27,0,20,0.00000000,14.16666667,14.16666667,0.00000000
2019-09-27T00:30:00,2019,9,27,0,30,0.00000000,14.20000000,14.20000000,0.00000000
2019-09-27T00:40:00,2019,9,27,0,40,0.00000000,14.23333333,14.23333333,0.00000000
2019-09-27T00:50:00,2019,9,27,0,50,0.00000000,14.26666667,14.26666667,0.00000000
2019-09-27T01:00:00,2019,9,27,1,0,0.00000000,14.30000000,14.30000000,0.00000000
2019-09-27T01:10:00,2019,9,27,1,10,0.00000000,14.25000000,14.25000000,0.00000000
2019-09-27T01:20:00,2019,9,27,1,20,0.00000000,14.20000000,14.20000000,0.00000000
2019-09-27T01:30:00,2019,9,27,1,30,0.00000000,14.15000000,14.15000000,0.00000000
2019-09-27T01:40:00,2019,9,27,1,40,0.00000000,14.10000000,14.10000000,0.00000000
2019-09-27T01:50:00,2019,9,27,1,50,0.00000000,14.05000000,14.05000000,0.00000000
2019-09-27T02:00:00,2019,9,27,2,0,0.00000000,14.00000000,14.00000000,0.00000000
2019-09-27T02:10:00,2019,9,27,2,10,0.00000000,13.96666667,13.96666667,0.00000000
2019-09-27T02:20:00,2019,9,27,2,20,0.00000000,13.93333333,13.93333333,0.00000000
2019-09-27T02:30:00,2019,9,27,2,30,0.00000000,13.90000000,13.90000000,0.00000000
2019-09-27T02:40:00,2019,9,27,2,40,0.00000000,13.86666667,13.86666667,0.00000000
2019-09-27T02:50:00,2019,9,27,2,50,0.00000000,13.83333333,13.83333333,0.00000000
2019-09-27T03:00:00,2019,9,27,3,0,0.00000000,13.80000000,13.80000000,0.00000000
2019-09-27T03:10:00,2019,9,27,3,10,0.00000000,13.61666667,13.61666667,0.00000000
2019-09-27T03:20:00,2019,9,27,3,20,0.00000000,13.43333333,13.43333333,0.00000000
2019-09-27T03:30:00,2019,9,27,3,30,0.00000000,13.25000000,13.25000000,0.00000000
2019-09-27T03:40:00,2019,9,27,3,40,0.00000000,13.06666667,13.06666667,0.00000000
2019-09-27T03:50:00,2019,9,27,3,50,0.00000000,12.88333333,12.88333333,0.00000000
2019-09-27T04:00:00,2019,9,27,4,0,0.00000000,12.70000000,12.70000000,0.00000000
2019-09-27T04:10:00,2019,9,27,4,10,0.00000000,12.78333333,12.78333333,0.00000000
2019-09-27T04:20:00,2019,9,27,4,20,0.00000000,12.86666667,12.86666667,0.00000000
2019-09-27T04:30:00,2019,9,27,4,30,0.00000000,12.95000000,12.95000000,0.00000000
2019-09-27T04:40:00,2019,9,27,4,40,0.00000000,13.03333333,13.03333333,0.00000000
2019-09-27T04:50:00,2019,9,27,4,50,0.00000000,13.11666667,13.11666667,0.00000000
2019-09-27T05:00:00,2019,9,27,5,0,0.00000000,13.20000000,13.20000000,0.00000000
2019-09-27T05:10:00,2019,9,27,5,10,0.01033333,13.08333333,13.44500000,0.01088258
2019-09-27T05:20:00,2019,9,27,5,20,0.02066667,12.96666667,13.69000000,0.02174187
2019-09-27T05:30:00,2019,9,27,5,30,0.03100000,12.85000000,13.93500000,0.03257787
2019-09-27T05:40:00,2019,9,27,5,40,0.04133333,12.73333333,14.18000000,0.04339058
2019-09-27T05:50:00,2019,9,27,5,50,0.05166667,12.61666667,14.42500000,0.05417999
2019-09-27T06:00:00,2019,9,27,6,0,0.06200000,12.50000000,14.67000000,0.06494612
2019-09-27T06:10:00,2019,9,27,6,10,0.08883333,13.05000000,16.15916667,0.09244599
2019-09-27T06:20:00,2019,9,27,6,20,0.11566667,13.60000000,17.64833333,0.11957824
2019-09-27T06:30:00,2019,9,27,6,30,0.14250000,14.15000000,19.13750000,0.14634287
2019-09-27T06:40:00,2019,9,27,6,40,0.16933333,14.70000000,20.62666667,0.17273987
2019-09-27T06:50:00,2019,9,27,6,50,0.19616667,15.25000000,22.11583333,0.19876924
2019-09-27T07:00:00,2019,9,27,7,0,0.22300000,15.80000000,23.60500000,0.22443099
2019-09-27T07:10:00,2019,9,27,7,10,0.27600000,16.18333333,25.84333333,0.27492930
2019-09-27T07:20:00,2019,9,27,7,20,0.32900000,16.56666667,28.08166667,0.32433621
2019-09-27T07:30:00,2019,9,27,7,30,0.38200000,16.95000000,30.32000000,0.37265170
2019-09-27T07:40:00,2019,9,27,7,40,0.43500000,17.33333333,32.55833333,0.41987578
2019-09-27T07:50:00,2019,9,27,7,50,0.48800000,17.71666667,34.79666667,0.46600844
2019-09-27T08:00:00,2019,9,27,8,0,0.54100000,18.10000000,37.03500000,0.51104970
2019-09-27T08:10:00,2019,9,27,8,10,0.57333333,18.65000000,38.71666667,0.53715791
2019-09-27T08:20:00,2019,9,27,8,20,0.60566667,19.20000000,40.39833333,0.56276588
2019-09-27T08:30:00,2019,9,27,8,30,0.63800000,19.75000000,42.08000000,0.58787362
2019-09-27T08:40:00,2019,9,27,8,40,0.67033333,20.30000000,43.76166667,0.61248111
2019-09-27T08:50:00,2019,9,27,8,50,0.70266667,20.85000000,45.44333333,0.63658836
2019-09-27T09:00:00,2019,9,27,9,0,0.73500000,21.40000000,47.12500000,0.66019538
2019-09-27T09:10:00,2019,9,27,9,10,0.75350000,21.75000000,48.12250000,0.67335510
2019-09-27T09:20:00,2019,9,27,9,20,0.77200000,22.10000000,49.12000000,0.68634506
2019-09-27T09:30:00,2019,9,27,9,30,0.79050000,22.45000000,50.11750000,0.69916523
2019-09-27T09:40:00,2019,9,27,9,40,0.80900000,22.80000000,51.11500000,0.71181564
2019-09-27T09:50:00,2019,9,27,9,50,0.82750000,23.15000000,52.11250000,0.72429627
2019-09-27T10:00:00,2019,9,27,10,0,0.84600000,23.50000000,53.11000000,0.73660712
2019-09-27T10:10:00,2019,9,27,10,10,0.86483333,23.80000000,54.06916667,0.74918941
2019-09-27T10:20:00,2019,9,27,10,20,0.88366667,24.10000000,55.02833333,0.76160550
2019-09-27T10:30:00,2019,9,27,10,30,0.90250000,24.40000000,55.98750000,0.77385539
2019-09-27T10:40:00,2019,9,27,10,40,0.92133333,24.70000000,56.94666667,0.78593910
2019-09-27T10:50:00,2019,9,27,10,50,0.94016667,25.00000000,57.90583333,0.79785662
2019-09-27T11:00:00,2019,9,27,11,0,0.95900000,25.30000000,58.86500000,0.80960794
2019-09-27T11:10:00,2019,9,27,11,10,0.93966667,25.55000000,58.43833333,0.79513059
2019-09-27T11:20:00,2019,9,27,11,20,0.92033333,25.80000000,58.01166667,0.78057734
2019-09-27T11:30:00,2019,9,27,11,30,0.90100000,26.05000000,57.58500000,0.76594821
2019-09-27T11:40:00,2019,9,27,11,40,0.88166667,26.30000000,57.15833333,0.75124319
2019-09-27T11:50:00,2019,9,27,11,50,0.86233333,26.55000000,56.73166667,0.73646227
2019-09-27T12:00:00,2019,9,27,12,0,0.84300000,26.80000000,56.30500000,0.72160547
2019-09-27T12:10:00,2019,9,27,12,10,0.83966667,26.63333333,56.02166667,0.71984651
2019-09-27T12:20:00,2019,9,27,12,20,0.83633333,26.46666667,55.73833333,0.71807887
2019-09-27T12:30:00,2019,9,27,12,30,0.83300000,26.30000000,55.45500000,0.71630253
2019-09-27T12:40:00,2019,9,27,12,40,0.82966667,26.13333333,55.17166667,0.71451751
2019-09-27T12:50:00,2019,9,27,12,50,0.82633333,25.96666667,54.88833333,0.71272379
2019-09-27T13:00:00,2019,9,27,13,0,0.82300000,25.80000000,54.60500000,0.71092139
2019-09-27T13:10:00,2019,9,27,13,10,0.78016667,25.85000000,53.15583333,0.67912195
2019-09-27T13:20:00,2019,9,27,13,20,0.73733333,25.90000000,51.70666667,0.64675144
2019-09-27T13:30:00,2019,9,27,13,30,0.69450000,25.95000000,50.25750000,0.61380986
2019-09-27T13:40:00,2019,9,27,13,40,0.65166667,26.00000000,48.80833333,0.58029722
2019-09-27T13:50:00,2019,9,27,13,50,0.60883333,26.05000000,47.35916667,0.54621351
2019-09-27T14:00:00,2019,9,27,14,0,0.56600000,26.10000000,45.91000000,0.51155872
2019-09-27T14:10:00,2019,9,27,14,10,0.55850000,25.71666667,45.26416667,0.50643933
2019-09-27T14:20:00,2019,9,27,14,20,0.55100000,25.33333333,44.61833333,0.50127537
2019-09-27T14:30:00,2019,9,27,14,30,0.54350000,24.95000000,43.97250000,0.49606685
2019-09-27T14:40:00,2019,9,27,14,40,0.53600000,24.56666667,43.32666667,0.49081377
2019-09-27T14:50:00,2019,9,27,14,50,0.52850000,24.18333333,42.68083333,0.48551613
2019-09-27T15:00:00,2019,9,27,15,0,0.52100000,23.80000000,42.03500000,0.48017392
2019-09-27T15:10:00,2019,9,27,15,10,0.48533333,23.78333333,40.77000000,0.45012628
2019-09-27T15:20:00,2019,9,27,15,20,0.44966667,23.76666667,39.50500000,0.41966356
2019-09-27T15:30:00,2019,9,27,15,30,0.41400000,23.75000000,38.24000000,0.38878574
2019-09-27T15:40:00,2019,9,27,15,40,0.37833333,23.73333333,36.97500000,0.35749284
2019-09-27T15:50:00,2019,9,27,15,50,0.34266667,23.71666667,35.71000000,0.32578485
2019-09-27T16:00:00,2019,9,27,16,0,0.30700000,23.70000000,34.44500000,0.29366177
2019-09-27T16:10:00,2019,9,27,16,10,0.26916667,23.38333333,32.80416667,0.25950381
2019-09-27T16:20:00,2019,9,27,16,20,0.23133333,23.06666667,31.16333333,0.22477472
2019-09-27T16:30:00,2019,9,27,16,30,0.19350000,22.75000000,29.52250000,0.18947452
2019-09-27T16:40:00,2019,9,27,16,40,0.15566667,22.43333333,27.88166667,0.15360320
2019-09-27T16:50:00,2019,9,27,16,50,0.11783333,22.11666667,26.24083333,0.11716076
2019-09-27T17:00:00,2019,9,27,17,0,0.08000000,21.80000000,24.60000000,0.08014720
2019-09-27T17:10:00,2019,9,27,17,10,0.06666667,21.36666667,23.70000000,0.06706533
2019-09-27T17:20:00,2019,9,27,17,20,0.05333333,20.93333333,22.80000000,0.05387307
2019-09-27T17:30:00,2019,9,27,17,30,0.04000000,20.50000000,21.90000000,0.04057040
2019-09-27T17:40:00,2019,9,27,17,40,0.02666667,20.06666667,21.00000000,0.02715733
2019-09-27T17:50:00,2019,9,27,17,50,0.01333333,19.63333333,20.10000000,0.01363387
2019-09-27T18:00:00,2019,9,27,18,0,0.00000000,19.20000000,19.20000000,0.00000000
2019-09-27T18:10:00,2019,9,27,18,10,0.00000000,18.96666667,18.96666667,0.00000000
2019-09-27T18:20:00,2019,9,27,18,20,0.00000000,18.73333333,18.73333333,0.00000000
2019-09-27T18:30:00,2019,9,27,18,30,0.00000000,18.50000000,18.50000000,0.00000000
2019-09-27T18:40:00,2019,9,27,18,40,0.00000000,18.26666667,18.26666667,0.00000000
2019-09-27T18:50:00,2019,9,27,18,50,0.00000000,18.03333333,18.03333333,0.00000000
2019-09-27T19:00:00,2019,9,27,19,0,0.00000000,17.80000000,17.80000000,0.00000000
2019-09-27T19:10:00,2019,9,27,19,10,0.00000000,17.71666667,17.71666667,0.00000000
2019-09-27T19:20:00,2019,9,27,19,20,0.00000000,17.63333333,17.63333333,0.00000000
2019-09-27T19:30:00,2019,9,27,19,30,0.00000000,17.55000000,17.55000000,0.00000000
2019-09-27T19:40:00,2019,9,27,19,40,0.00000000,17.46666667,17.46666667,0.00000000
2019-09-27T19:50:00,2019,9,27,19,50,0.00000000,17.38333333,17.38333333,0.00000000
2019-09-27T20:00:00,2019,9,27,20,0,0.00000000,17.30000000,17.30000000,0.00000000
2019-09-27T20:10:00,2019,9,27,20,10,0.00000000,17.18333333,17.18333333,0.00000000
2019-09-27T20:20:00,2019,9,27,20,20,0.00000000,17.06666667,17.06666667,0.00000000
2019-09-27T20:30:00,2019,9,27,20,30,0.00000000,16.95000000,16.95000000,0.00000000
2019-09-27T20:40:00,2019,9,27,20,40,0.00000000,16.83333333,16.83333333,0.00000000
2019-09-27T20:50:00,2019,9,27,20,50,0.00000000,16.71666667,16.71666667,0.00000000
2019-09-27T21:00:00,2019,9,27,21,0,0.00000000,16.60000000,16.60000000,0.00000000
2019-09-27T21:10:00,2019,9,27,21,10,0.00000000,16.41666667,16.41666667,0.00000000
2019-09-27T21:20:00,2019,9,27,21,20,0.00000000,16.23333333,16.23333333,0.00000000
2019-09-27T21:30:00,2019,9,27,21,30,0.00000000,16.05000000,16.05000000,0.00000000
2019-09-27T21:40:00,2019,9,27,21,40,0.00000000,15.86666667,15.86666667,0.00000000
2019-09-27T21:50:00,2019,9,27,21,50,0.00000000,15.68333333,15.68333333,0.00000000
2019-09-27T22:00:00,2019,9,27,22,0,0.00000000,15.50000000,15.50000000,0.00000000
2019-09-27T22:10:00,2019,9,27,22,10,0.00000000,15.36666667,15.36666667,0.00000000
2019-09-27T22:20:00,2019,9,27,22,20,0.00000000,15.23333333,15.23333333,0.00000000
2019-09-27T22:30:00,2019,9,27,22,30,0.00000000,15.10000000,15.10000000,0.00000000
2019-09-27T22:40:00,2019,9,27,22,40,0.00000000,14.96666667,14.96666667,0.00000000
2019-09-27T22:50:00,2019,9,27,22,50,0.00000000,14.83333333,14.83333333,0.00000000
2019-09-27T23:00:00,2019,9,27,23,0,0.00000000,14.70000000,14.70000000,0.00000000
2019-09-27T23:10:00,2019,9,27,23,10,0.00000000,15.11666667,15.11666667,0.00000000
2019-09-27T23:20:00,2019,9,27,23,20,0.00000000,15.53333333,15.53333333,0.00000000
2019-09-27T23:30:00,2019,9,27,23,30,0.00000000,15.95000000,15.95000000,0.00000000
2019-09-27T23:40:00,2019,9,27,23,40,0.00000000,16.36666667,16.36666667,0.00000000
2019-09-27T23:50:00,2019,9,27,23,50,0.00000000,16.78333333,16.78333333,0.00000000
2019-09-28T00:00:00,2019,9,28,0,0,0.00000000,17.20000000,17.20000000,0.00000000
2019-09-28T00:10:00,2019,9,28,0,10,0.00000000,17.10000000,17.10000000,0.00000000
2019-09-28T00:20:00,2019,9,28,0,20,0.00000000,17.00000000,17.00000000,0.00000000
2019-09-28T00:30:00,2019,9,28,0,30,0.00000000,16.90000000,16.90000000,0.00000000
2019-09-28T00:40:00,2019,9,28,0,40,0.00000000,16.80000000,16.80000000,0.00000000
2019-09-28T00:50:00,2019,9,28,0,50,0.00000000,16.70000000,16.70000000,0.00000000
2019-09-28T01:00:00,2019,9,28,1,0,0.00000000,16.60000000,16.60000000,0.00000000
2019-09-28T01:10:00,2019,9,28,1,10,0.00000000,16.70000000,16.70000000,0.00000000
2019-09-28T01:20:00,2019,9,28,1,20,0.00000000,16.80000000,16.80000000,0.00000000
2019-09-28T01:30:00,2019,9,28,1,30,0.00000000,16.90000000,16.90000000,0.00000000
2019-09-28T01:40:00,2019,9,28,1,40,0.00000000,17.00000000,17.00000000,0.00000000
2019-09-28T01:50:00,2019,9,28,1,50,0.00000000,17.10000000,17.10000000,0.00000000
2019-09-28T02:00:00,2019,9,28,2,0,0.00000000,17.20000000,17.20000000,0.00000000
2019-09-28T02:10:00,2019,9,28,2,10,0.00000000,17.10000000,17.10000000,0.00000000
2019-09-28T02:20:00,2019,9,28,2,20,0.00000000,17.00000000,17.00000000,0.00000000
2019-09-28T02:30:00,2019,9,28,2,30,0.00000000,16.90000000,16.90000000,0.00000000
2019-09-28T02:40:00,2019,9,28,2,40,0.00000000,16.80000000,16.80000000,0.00000000
2019-09-28T02:50:00,2019,9,28,2,50,0.00000000,16.70000000,16.70000000,0.00000000
2019-09-28T03:00:00,2019,9,28,3,0,0.00000000,16.60000000,16.60000000,0.00000000
2019-09-28T03:10:00,2019,9,28,3,10,0.00000000,16.65000000,16.65000000,0.00000000
2019-09-28T03:20:00,2019,9,28,3,20,0.00000000,16.70000000,16.70000000,0.00000000
2019-09-28T03:30:00,2019,9,28,3,30,0.00000000,16.75000000,16.75000000,0.00000000
2019-09-28T03:40:00,2019,9,28,3,40,0.00000000,16.80000000,16.80000000,0.00000000
2019-09-28T03:50:00,2019,9,28,3,50,0.00000000,16.85000000,16.85000000,0.00000000
2019-09-28T04:00:00,2019,9,28,4,0,0.00000000,16.90000000,16.90000000,0.00000000
2019-09-28T04:10:00,2019,9,28,4,10,0.00000000,16.86666667,16.86666667,0.00000000
2019-09-28T04:20:00,2019,9,28,4,20,0.00000000,16.83333333,16.83333333,0.00000000
2019-09-28T04:30:00,2019,9,28,4,30,0.00000000,16.80000000,16.80000000,0.00000000
2019-09-28T04:40:00,2019,9,28,4,40,0.00000000,16.76666667,16.76666667,0.00000000
2019-09-28T04:50:00,2019,9,28,4,50,0.00000000,16.73333333,16.73333333,0.00000000
2019-09-28T05:00:00,2019,9,28,5,0,0.00000000,16.70000000,16.70000000,0.00000000
2019-09-28T05:10:00,2019,9,28,5,10,0.00350000,16.75000000,16.87250000,0.00363085
2019-09-28T05:20:00,2019,9,28,5,20,0.00700000,16.80000000,17.04500000,0.00725615
2019-09-28T05:30:00,2019,9,28,5,30,0.01050000,16.85000000,17.21750000,0.01087589
2019-09-28T05:40:00,2019,9,28,5,40,0.01400000,16.90000000,17.39000000,0.01449008
2019-09-28T05:50:00,2019,9,28,5,50,0.01750000,16.95000000,17.56250000,0.01809872
2019-09-28T06:00:00,2019,9,28,6,0,0.02100000,17.00000000,17.73500000,0.02170180
2019-09-28T06:10:00,2019,9,28,6,10,0.05366667,17.13333333,19.01166667,0.05514499
2019-09-28T06:20:00,2019,9,28,6,20,0.08633333,17.26666667,20.28833333,0.08820449
2019-09-28T06:30:00,2019,9,28,6,30,0.11900000,17.40000000,21.56500000,0.12088032
2019-09-28T06:40:00,2019,9,28,6,40,0.15166667,17.53333333,22.84166667,0.15317246
2019-09-28T06:50:00,2019,9,28,6,50,0.18433333,17.66666667,24.11833333,0.18508093
2019-09-28T07:00:00,2019,9,28,7,0,0.21700000,17.80000000,25.39500000,0.21660571
2019-09-28T07:10:00,2019,9,28,7,10,0.19366667,17.98333333,24.76166667,0.19387899
2019-09-28T07:20:00,2019,9,28,7,20,0.17033333,18.16666667,24.12833333,0.17101631
2019-09-28T07:30:00,2019,9,28,7,30,0.14700000,18.35000000,23.49500000,0.14801768
2019-09-28T07:40:00,2019,9,28,7,40,0.12366667,18.53333333,22.86166667,0.12488309
2019-09-28T07:50:00,2019,9,28,7,50,0.10033333,18.71666667,22.22833333,0.10161255
2019-09-28T08:00:00,2019,9,28,8,0,0.07700000,18.90000000,21.59500000,0.07820605
2019-09-28T08:10:00,2019,9,28,8,10,0.13266667,18.73333333,23.37666667,0.13365733
2019-09-28T08:20:00,2019,9,28,8,20,0.18833333,18.56666667,25.15833333,0.18819616
2019-09-28T08:30:00,2019,9,28,8,30,0.24400000,18.40000000,26.94000000,0.24182254
2019-09-28T08:40:00,2019,9,28,8,40,0.29966667,18.23333333,28.72166667,0.29453647
2019-09-28T08:50:00,2019,9,28,8,50,0.35533333,18.06666667,30.50333333,0.34633795
2019-09-28T09:00:00,2019,9,28,9,0,0.41100000,17.90000000,32.28500000,0.39722698
2019-09-28T09:10:00,2019,9,28,9,10,0.35700000,18.16666667,30.66166667,0.34770241
2019-09-28T09:20:00,2019,9,28,9,20,0.30300000,18.43333333,29.03833333,0.29737137
2019-09-28T09:30:00,2019,9,28,9,30,0.24900000,18.70000000,27.41500000,0.24623386
2019-09-28T09:40:00,2019,9,28,9,40,0.19500000,18.96666667,25.79166667,0.19428988
2019-09-28T09:50:00,2019,9,28,9,50,0.14100000,19.23333333,24.16833333,0.14153942
2019-09-28T10:00:00,2019,9,28,10,0,0.08700000,19.50000000,22.54500000,0.08798249
2019-09-28T10:10:00,2019,9,28,10,10,0.16916667,19.30000000,25.22083333,0.16899482
2019-09-28T10:20:00,2019,9,28,10,20,0.25133333,19.10000000,27.89666667,0.24798440
2019-09-28T10:30:00,2019,9,28,10,30,0.33350000,18.90000000,30.57250000,0.32495123
2019-09-28T10:40:00,2019,9,28,10,40,0.41566667,18.70000000,33.24833333,0.39989530
2019-09-28T10:50:00,2019,9,28,10,50,0.49783333,18.50000000,35.92416667,0.47281663
2019-09-28T11:00:00,2019,9,28,11,0,0.58000000,18.30000000,38.60000000,0.54371520
2019-09-28T11:10:00,2019,9,28,11,10,0.59183333,18.80000000,39.51416667,0.55231948
2019-09-28T11:20:00,2019,9,28,11,20,0.60366667,19.30000000,40.42833333,0.56082424
2019-09-28T11:30:00,2019,9,28,11,30,0.61550000,19.80000000,41.34250000,0.56922948
2019-09-28T11:40:00,2019,9,28,11,40,0.62733333,20.30000000,42.25666667,0.57753520
2019-09-28T11:50:00,2019,9,28,11,50,0.63916667,20.80000000,43.17083333,0.58574139
2019-09-28T12:00:00,2019,9,28,12,0,0.65100000,21.30000000,44.08500000,0.59384806
2019-09-28T12:10:00,2019,9,28,12,10,0.55966667,21.36666667,40.95500000,0.51859105
2019-09-28T12:20:00,2019,9,28,12,20,0.46833333,21.43333333,37.82500000,0.44070401
2019-09-28T12:30:00,2019,9,28,12,30,0.37700000,21.50000000,34.69500000,0.36018693
2019-09-28T12:40:00,2019,9,28,12,40,0.28566667,21.56666667,31.56500000,0.27703982
2019-09-28T12:50:00,2019,9,28,12,50,0.19433333,21.63333333,28.43500000,0.19126267
2019-09-28T13:00:00,2019,9,28,13,0,0.10300000,21.70000000,25.30500000,0.10285549
2019-09-28T13:10:00,2019,9,28,13,10,0.11300000,21.36666667,25.32166667,0.11283280
2019-09-28T13:20:00,2019,9,28,13,20,0.12300000,21.03333333,25.33833333,0.12280857
2019-09-28T13:30:00,2019,9,28,13,30,0.13300000,20.70000000,25.35500000,0.13278281
2019-09-28T13:40:00,2019,9,28,13,40,0.14300000,20.36666667,25.37166667,0.14275552
2019-09-28T13:50:00,2019,9,28,13,50,0.15300000,20.03333333,25.38833333,0.15272669
2019-09-28T14:00:00,2019,9,28,14,0,0.16300000,19.70000000,25.40500000,0.16269633
2019-09-28T14:10:00,2019,9,28,14,10,0.16700000,19.60000000,25.44500000,0.16665815
2019-09-28T14:20:00,2019,9,28,14,20,0.17100000,19.50000000,25.48500000,0.17061850
2019-09-28T14:30:00,2019,9,28,14,30,0.17500000,19.40000000,25.52500000,0.17457738
2019-09-28T14:40:00,2019,9,28,14,40,0.17900000,19.30000000,25.56500000,0.17853478
2019-09-28T14:50:00,2019,9,28,14,50,0.18300000,19.20000000,25.60500000,0.18249071
2019-09-28T15:00:00,2019,9,28,15,0,0.18700000,19.10000000,25.64500000,0.18644517
2019-09-28T15:10:00,2019,9,28,15,10,0.17550000,19.23333333,25.37583333,0.17519659
2019-09-28T15:20:00,2019,9,28,15,20,0.16400000,19.36666667,25.10666667,0.16391953
2019-09-28T15:30:00,2019,9,28,15,30,0.15250000,19.50000000,24.83750000,0.15261399
2019-09-28T15:40:00,2019,9,28,15,40,0.14100000,19.63333333,24.56833333,0.14127998
2019-09-28T15:50:00,2019,9,28,15,50,0.12950000,19.76666667,24.29916667,0.12991749
2019-09-28T16:00:00,2019,9,28,16,0,0.11800000,19.90000000,24.03000000,0.11852652
2019-09-28T16:10:00,2019,9,28,16,10,0.10566667,19.75000000,23.44833333,0.10642088
2019-09-28T16:20:00,2019,9,28,16,20,0.09333333,19.60000000,22.86666667,0.09424924
2019-09-28T16:30:00,2019,9,28,16,30,0.08100000,19.45000000,22.28500000,0.08201161
2019-09-28T16:40:00,2019,9,28,16,40,0.06866667,19.30000000,21.70333333,0.06970797
2019-09-28T16:50:00,2019,9,28,16,50,0.05633333,19.15000000,21.12166667,0.05733834
2019-09-28T17:00:00,2019,9,28,17,0,0.04400000,19.00000000,20.54000000,0.04490270
2019-09-28T17:10:00,2019,9,28,17,10,0.03666667,18.98333333,20.26666667,0.03746502
2019-09-28T17:20:00,2019,9,28,17,20,0.02933333,18.96666667,19.99333333,0.03000890
2019-09-28T17:30:00,2019,9,28,17,30,0.02200000,18.95000000,19.72000000,0.02253434
2019-09-28T17:40:00,2019,9,28,17,40,0.01466667,18.93333333,19.44666667,0.01504133
2019-09-28T17:50:00,2019,9,28,17,50,0.00733333,18.91666667,19.17333333,0.00752989
2019-09-28T18:00:00,2019,9,28,18,0,0.00000000,18.90000000,18.90000000,0.00000000
2019-09-28T18:10:00,2019,9,28,18,10,0.00000000,18.88333333,18.88333333,0.00000000
2019-09-28T18:20:00,2019,9,28,18,20,0.00000000,18.86666667,18.86666667,0.00000000
2019-09-28T18:30:00,2019,9,28,18,30,0.00000000,18.85000000,18.85000000,0.00000000
2019-09-28T18:40:00,2019,9,28,18,40,0.00000000,18.83333333,18.83333333,0.00000000
2019-09-28T18:50:00,2019,9,28,18,50,0.00000000,18.81666667,18.81666667,0.00000000
2019-09-28T19:00:00,2019,9,28,19,0,0.00000000,18.80000000,18.80000000,0.00000000
2019-09-28T19:10:00,2019,9,28,19,10,0.00000000,18.71666667,18.71666667,0.00000000
2019-09-28T19:20:00,2019,9,28,19,20,0.00000000,18.63333333,18.63333333,0.00000000
2019-09-28T19:30:00,2019,9,28,19,30,0.00000000,18.55000000,18.55000000,0.00000000
2019-09-28T19:40:00,2019,9,28,19,40,0.00000000,18.46666667,18.46666667,0.00000000
2019-09-28T19:50:00,2019,9,28,19,50,0.00000000,18.38333333,18.38333333,0.00000000
2019-09-28T20:00:00,2019,9,28,20,0,0.00000000,18.30000000,18.30000000,0.00000000
2019-09-28T20:10:00,2019,9,28,20,10,0.00000000,18.38333333,18.38333333,0.00000000
2019-09-28T20:20:00,2019,9,28,20,20,0.00000000,18.46666667,18.46666667,0.00000000
2019-09-28T20:30:00,2019,9,28,20,30,0.00000000,18.55000000,18.55000000,0.00000000
2019-09-28T20:40:00,2019,9,28,20,40,0.00000000,18.63333333,18.63333333,0.00000000
2019-09-28T20:50:00,2019,9,28,20,50,0.00000000,18.71666667,18.71666667,0.00000000
2019-09-28T21:00:00,2019,9,28,21,0,0.00000000,18.80000000,18.80000000,0.00000000
2019-09-28T21:10:00,2019,9,28,21,10,0.00000000,18.70000000,18.70000000,0.00000000
2019-09-28T21:20:00,2019,9,28,21,20,0.00000000,18.60000000,18.60000000,0.00000000
2019-09-28T21:30:00,2019,9,28,21,30,0.00000000,18.50000000,18.50000000,0.00000000
2019-09-28T21:40:00,2019,9,28,21,40,0.00000000,18.40000000,18.40000000,0.00000000
2019-09-28T21:50:00,2019,9,28,21,50,0.00000000,18.30000000,18.30000000,0.00000000
2019-09-28T22:00:00,2019,9,28,22,0,0.00000000,18.20000000,18.20000000,0.00000000
2019-09-28T22:10:00,2019,9,28,22,10,0.00000000,18.10000000,18.10000000,0.00000000
2019-09-28T22:20:00,2019,9,28,22,20,0.00000000,18.00000000,18.00000000,0.00000000
2019-09-28T22:30:00,2019,9,28,22,30,0.00000000,17.90000000,17.90000000,0.00000000
2019-09-28T22:40:00,2019,9,28,22,40,0.00000000,17.80000000,17.80000000,0.00000000
2019-09-28T22:50:00,2019,9,28,22,50,0.00000000,17.70000000,17.70000000,0.00000000
2019-09-28T23:00:00,2019,9,28,23,0,0.00000000,17.60000000,17.60000000,0.00000000
2019-09-28T23:10:00,2019,9,28,23,10,0.00000000,18.01666667,18.01666667,0.00000000
2019-09-28T23:20:00,2019,9,28,23,20,0.00000000,18.43333333,18.43333333,0.00000000
2019-09-28T23:30:00,2019,9,28,23,30,0.00000000,18.85000000,18.85000000,0.00000000
2019-09-28T23:40:00,2019,9,28,23,40,0.00000000,19.26666667,19.26666667,0.00000000
2019-09-28T23:50:00,2019,9,28,23,50,0.00000000,19.68333333,19.68333333,0.00000000
2019-09-29T00:00:00,2019,9,29,0,0,0.00000000,20.10000000,20.10000000,0.00000000
2019-09-29T00:10:00,2019,9,29,0,10,0.00000000,20.15000000,20.15000000,0.00000000
2019-09-29T00:20:00,2019,9,29,0,20,0.00000000,20.20000000,20.20000000,0.00000000
2019-09-29T00:30:00,2019,9,29,0,30,0.00000000,20.25000000,20.25000000,0.00000000
2019-09-29T00:40:00,2019,9,29,0,40,0.00000000,20.30000000,20.30000000,0.00000000
2019-09-29T00:50:00,2019,9,29,0,50,0.00000000,20.35000000,20.35000000,0.00000000
2019-09-29T01:00:00,2019,9,29,1,0,0.00000000,20.40000000,20.40000000,0.00000000
2019-09-29T01:10:00,2019,9,29,1,10,0.00000000,20.36666667,20.36666667,0.00000000
2019-09-29T01:20:00,2019,9,29,1,20,0.00000000,20.33333333,20.33333333,0.00000000
2019-09-29T01:30:00,2019,9,29,1,30,0.00000000,20.30000000,20.30000000,0.00000000
2019-09-29T01:40:00,2019,9,29,1,40,0.00000000,20.26666667,20.26666667,0.00000000
2019-09-29T01:50:00,2019,9,29,1,50,0.00000000,20.23333333,20.23333333,0.00000000
2019-09-29T02:00:00,2019,9,29,2,0,0.00000000,20.20000000,20.20000000,0.00000000
2019-09-29T02:10:00,2019,9,29,2,10,0.00000000,20.18333333,20.18333333,0.00000000
2019-09-29T02:20:00,2019,9,29,2,20,0.00000000,20.16666667,20.16666667,0.00000000
2019-09-29T02:30:00,2019,9,29,2,30,0.00000000,20.15000000,20.15000000,0.00000000
2019-09-29T02:40:00,2019,9,29,2,40,0.00000000,20.13333333,20.13333333,0.00000000
2019-09-29T02:50:00,2019,9,29,2,50,0.00000000,20.11666667,20.11666667,0.00000000
2019-09-29T03:00:00,2019,9,29,3,0,0.00000000,20.10000000,20.10000000,0.00000000
2019-09-29T03:10:00,2019,9,29,3,10,0.00000000,20.10000000,20.10000000,0.00000000
2019-09-29T03:20:00,2019,9,29,3,20,0.00000000,20.10000000,20.10000000,0.00000000
2019-09-29T03:30:00,2019,9,29,3,30,0.00000000,20.10000000,20.10000000,0.00000000
2019-09-29T03:40:00,2019,9,29,3,40,0.00000000,20.10000000,20.10000000,0.00000000
2019-09-29T03:50:00,2019,9,29,3,50,0.00000000,20.10000000,20.10000000,0.00000000
2019-09-29T04:00:00,2019,9,29,4,0,0.00000000,20.10000000,20.10000000,0.00000000
2019-09-29T04:10:00,2019,9,29,4,10,0.00000000,20.21666667,20.21666667,0.00000000
2019-09-29T04:20:00,2019,9,29,4,20,0.00000000,20.33333333,20.33333333,0.00000000
2019-09-29T04:30:00,2019,9,29,4,30,0.00000000,20.45000000,20.45000000,0.00000000
2019-09-29T04:40:00,2019,9,29,4,40,0.00000000,20.56666667,20.56666667,0.00000000
2019-09-29T04:50:00,2019,9,29,4,50,0.00000000,20.68333333,20.68333333,0.00000000
2019-09-29T05:00:00,2019,9,29,5,0,0.00000000,20.80000000,20.80000000,0.00000000
2019-09-29T05:10:00,2019,9,29,5,10,0.00400000,20.73333333,20.87333333,0.00407593
2019-09-29T05:20:00,2019,9,29,5,20,0.00800000,20.66666667,20.94666667,0.00814916
2019-09-29T05:30:00,2019,9,29,5,30,0.01200000,20.60000000,21.02000000,0.01221970
2019-09-29T05:40:00,2019,9,29,5,40,0.01600000,20.53333333,21.09333333,0.01628753
2019-09-29T05:50:00,2019,9,29,5,50,0.02000000,20.46666667,21.16666667,0.02035267
2019-09-29T06:00:00,2019,9,29,6,0,0.02400000,20.40000000,21.24000000,0.02441510
2019-09-29T06:10:00,2019,9,29,6,10,0.02833333,20.28333333,21.27500000,0.02881882
2019-09-29T06:20:00,2019,9,29,6,20,0.03266667,20.16666667,21.31000000,0.03322115
2019-09-29T06:30:00,2019,9,29,6,30,0.03700000,20.05000000,21.34500000,0.03762208
2019-09-29T06:40:00,2019,9,29,6,40,0.04133333,19.93333333,21.38000000,0.04202162
2019-09-29T06:50:00,2019,9,29,6,50,0.04566667,19.81666667,21.41500000,0.04641976
2019-09-29T07:00:00,2019,9,29,7,0,0.05000000,19.70000000,21.45000000,0.05081650
2019-09-29T07:10:00,2019,9,29,7,10,0.07266667,19.60000000,22.14333333,0.07362156
2019-09-29T07:20:00,2019,9,29,7,20,0.09533333,19.50000000,22.83666667,0.09628203
2019-09-29T07:30:00,2019,9,29,7,30,0.11800000,19.40000000,23.53000000,0.11879792
2019-09-29T07:40:00,2019,9,29,7,40,0.14066667,19.30000000,24.22333333,0.14116922
2019-09-29T07:50:00,2019,9,29,7,50,0.16333333,19.20000000,24.91666667,0.16339594
2019-09-29T08:00:00,2019,9,29,8,0,0.18600000,19.10000000,25.61000000,0.18547808
2019-09-29T08:10:00,2019,9,29,8,10,0.19383333,19.45000000,26.23416667,0.19273291
2019-09-29T08:20:00,2019,9,29,8,20,0.20166667,19.80000000,26.85833333,0.19994275
2019-09-29T08:30:00,2019,9,29,8,30,0.20950000,20.15000000,27.48250000,0.20710761
2019-09-29T08:40:00,2019,9,29,8,40,0.21733333,20.50000000,28.10666667,0.21422750
2019-09-29T08:50:00,2019,9,29,8,50,0.22516667,20.85000000,28.73083333,0.22130239
2019-09-29T09:00:00,2019,9,29,9,0,0.23300000,21.20000000,29.35500000,0.22833231
2019-09-29T09:10:00,2019,9,29,9,10,0.20466667,21.23333333,28.39666667,0.20146882
2019-09-29T09:20:00,2019,9,29,9,20,0.17633333,21.26666667,27.43833333,0.17435552
2019-09-29T09:30:00,2019,9,29,9,30,0.14800000,21.30000000,26.48000000,0.14699242
2019-09-29T09:40:00,2019,9,29,9,40,0.11966667,21.33333333,25.52166667,0.11937951
2019-09-29T09:50:00,2019,9,29,9,50,0.09133333,21.36666667,24.56333333,0.09151679
2019-09-29T10:00:00,2019,9,29,10,0,0.06300000,21.40000000,23.60500000,0.06340427
2019-09-29T10:10:00,2019,9,29,10,10,0.09066667,20.91666667,24.09000000,0.09104620
2019-09-29T10:20:00,2019,9,29,10,20,0.11833333,20.43333333,24.57500000,0.11856467
2019-09-29T10:30:00,2019,9,29,10,30,0.14600000,19.95000000,25.06000000,0.14595970
2019-09-29T10:40:00,2019,9,29,10,40,0.17366667,19.46666667,25.54500000,0.17323128
2019-09-29T10:50:00,2019,9,29,10,50,0.20133333,18.98333333,26.03000000,0.20037942
2019-09-29T11:00:00,2019,9,29,11,0,0.22900000,18.50000000,26.51500000,0.22740410
2019-09-29T11:10:00,2019,9,29,11,10,0.25466667,18.75000000,27.66333333,0.25154666
2019-09-29T11:20:00,2019,9,29,11,20,0.28033333,19.00000000,28.81166667,0.27541806
2019-09-29T11:30:00,2019,9,29,11,30,0.30600000,19.25000000,29.96000000,0.29901830
2019-09-29T11:40:00,2019,9,29,11,40,0.33166667,19.50000000,31.10833333,0.32234739
2019-09-29T11:50:00,2019,9,29,11,50,0.35733333,19.75000000,32.25666667,0.34540531
2019-09-29T12:00:00,2019,9,29,12,0,0.38300000,20.00000000,33.40500000,0.36819207
2019-09-29T12:10:00,2019,9,29,12,10,0.32633333,20.38333333,31.80500000,0.31611812
2019-09-29T12:20:00,2019,9,29,12,20,0.26966667,20.76666667,30.20500000,0.26321004
2019-09-29T12:30:00,2019,9,29,12,30,0.21300000,21.15000000,28.60500000,0.20946782
2019-09-29T12:40:00,2019,9,29,12,40,0.15633333,21.53333333,27.00500000,0.15489147
2019-09-29T12:50:00,2019,9,29,12,50,0.09966667,21.91666667,25.40500000,0.09948099
2019-09-29T13:00:00,2019,9,29,13,0,0.04300000,22.30000000,23.80500000,0.04323637
2019-09-29T13:10:00,2019,9,29,13,10,0.05583333,21.51666667,23.47083333,0.05622607
2019-09-29T13:20:00,2019,9,29,13,20,0.06866667,20.73333333,23.13666667,0.06925523
2019-09-29T13:30:00,2019,9,29,13,30,0.08150000,19.95000000,22.80250000,0.08232384
2019-09-29T13:40:00,2019,9,29,13,40,0.09433333,19.16666667,22.46833333,0.09543191
2019-09-29T13:50:00,2019,9,29,13,50,0.10716667,18.38333333,22.13416667,0.10857943
2019-09-29T14:00:00,2019,9,29,14,0,0.12000000,17.60000000,21.80000000,0.12176640
2019-09-29T14:10:00,2019,9,29,14,10,0.11983333,17.76666667,21.96083333,0.12150862
2019-09-29T14:20:00,2019,9,29,14,20,0.11966667,17.93333333,22.12166667,0.12125109
2019-09-29T14:30:00,2019,9,29,14,30,0.11950000,18.10000000,22.28250000,0.12099381
2019-09-29T14:40:00,2019,9,29,14,40,0.11933333,18.26666667,22.44333333,0.12073677
2019-09-29T14:50:00,2019,9,29,14,50,0.11916667,18.43333333,22.60416667,0.12047998
2019-09-29T15:00:00,2019,9,29,15,0,0.11900000,18.60000000,22.76500000,0.12022344
2019-09-29T15:10:00,2019,9,29,15,10,0.11983333,18.50000000,22.69416667,0.12110439
2019-09-29T15:20:00,2019,9,29,15,20,0.12066667,18.40000000,22.62333333,0.12198588
2019-09-29T15:30:00,2019,9,29,15,30,0.12150000,18.30000000,22.55250000,0.12286791
2019-09-29T15:40:00,2019,9,29,15,40,0.12233333,18.20000000,22.48166667,0.12375048
2019-09-29T15:50:00,2019,9,29,15,50,0.12316667,18.10000000,22.41083333,0.12463360
2019-09-29T16:00:00,2019,9,29,16,0,0.12400000,18.00000000,22.34000000,0.12551726
2019-09-29T16:10:00,2019,9,29,16,10,0.10750000,18.08333333,21.84583333,0.10905974
2019-09-29T16:20:00,2019,9,29,16,20,0.09100000,18.16666667,21.35166667,0.09252719
2019-09-29T16:30:00,2019,9,29,16,30,0.07450000,18.25000000,20.85750000,0.07591963
2019-09-29T16:40:00,2019,9,29,16,40,0.05800000,18.33333333,20.36333333,0.05923706
2019-09-29T16:50:00,2019,9,29,16,50,0.04150000,18.41666667,19.86916667,0.04247948
2019-09-29T17:00:00,2019,9,29,17,0,0.02500000,18.50000000,19.37500000,0.02564688
2019-09-29T17:10:00,2019,9,29,17,10,0.02083333,18.31666667,19.04583333,0.02140394
2019-09-29T17:20:00,2019,9,29,17,20,0.01666667,18.13333333,18.71666667,0.01714839
2019-09-29T17:30:00,2019,9,29,17,30,0.01250000,17.95000000,18.38750000,0.01288022
2019-09-29T17:40:00,2019,9,29,17,40,0.00833333,17.76666667,18.05833333,0.00859943
2019-09-29T17:50:00,2019,9,29,17,50,0.00416667,17.58333333,17.72916667,0.00430602
2019-09-29T18:00:00,2019,9,29,18,0,0.00000000,17.40000000,17.40000000,0.00000000
2019-09-29T18:10:00,2019,9,29,18,10,0.00000000,17.38333333,17.38333333,0.00000000
2019-09-29T18:20:00,2019,9,29,18,20,0.00000000,17.36666667,17.36666667,0.00000000
2019-09-29T18:30:00,2019,9,29,18,30,0.00000000,17.35000000,17.35000000,0.00000000
2019-09-29T18:40:00,2019,9,29,18,40,0.00000000,17.33333333,17.33333333,0.00000000
2019-09-29T18:50:00,2019,9,29,18,50,0.00000000,17.31666667,17.31666667,0.00000000
2019-09-29T19:00:00,2019,9,29,19,0,0.00000000,17.30000000,17.30000000,0.00000000
2019-09-29T19:10:00,2019,9,29,19,10,0.00000000,17.25000000,17.25000000,0.00000000
2019-09-29T19:20:00,2019,9,29,19,20,0.00000000,17.20000000,17.20000000,0.00000000
2019-09-29T19:30:00,2019,9,29,19,30,0.00000000,17.15000000,17.15000000,0.00000000
2019-09-29T19:40:00,2019,9,29,19,40,0.00000000,17.10000000,17.10000000,0.00000000
2019-09-29T19:50:00,2019,9,29,19,50,0.00000000,17.05000000,17.05000000,0.00000000
2019-09-29T20:00:00,2019,9,29,20,0,0.00000000,17.00000000,17.00000000,0.00000000
2019-09-29T20:10:00,2019,9,29,20,10,0.00000000,17.11666667,17.11666667,0.00000000
2019-09-29T20:20:00,2019,9,29,20,20,0.00000000,17.23333333,17.23333333,0.00000000
2019-09-29T20:30:00,2019,9,29,20,30,0.00000000,17.35000000,17.35000000,0.00000000
2019-09-29T20:40:00,2019,9,29,20,40,0.00000000,17.46666667,17.46666667,0.00000000
2019-09-29T20:50:00,2019,9,29,20,50,0.00000000,17.58333333,17.58333333,0.00000000
2019-09-29T21:00:00,2019,9,29,21,0,0.00000000,17.70000000,17.70000000,0.00000000
2019-09-29T21:10:00,2019,9,29,21,10,0.00000000,17.71666667,17.71666667,0.00000000
2019-09-29T21:20:00,2019,9,29,21,20,0.00000000,17.73333333,17.73333333,0.00000000
2019-09-29T21:30:00,2019,9,29,21,30,0.00000000,17.75000000,17.75000000,0.00000000
2019-09-29T21:40:00,2019,9,29,21,40,0.00000000,17.76666667,17.76666667,0.00000000
2019-09-29T21:50:00,2019,9,29,21,50,0.00000000,17.78333333,17.78333333,0.00000000
2019-09-29T22:00:00,2019,9,29,22,0,0.00000000,17.80000000,17.80000000,0.00000000
2019-09-29T22:10:00,2019,9,29,22,10,0.00000000,17.83333333,17.83333333,0.00000000
2019-09-29T22:20:00,2019,9,29,22,20,0.00000000,17.86666667,17.86666667,0.00000000
2019-09-29T22:30:00,2019,9,29,22,30,0.00000000,17.90000000,17.90000000,0.00000000
2019-09-29T22:40:00,2019,9,29,22,40,0.00000000,17.93333333,17.93333333,0.00000000
2019-09-29T22:50:00,2019,9,29,22,50,0.00000000,17.96666667,17.96666667,0.00000000
2019-09-29T23:00:00,2019,9,29,23,0,0.00000000,18.00000000,18.00000000,0.00000000
2019-09-29T23:10:00,2019,9,29,23,10,0.00000000,17.16666667,17.16666667,0.00000000
2019-09-29T23:20:00,2019,9,29,23,20,0.00000000,16.33333333,16.33333333,0.00000000
2019-09-29T23:30:00,2019,9,29,23,30,0.00000000,15.50000000,15.50000000,0.00000000
2019-09-29T23:40:00,2019,9,29,23,40,0.00000000,14.66666667,14.66666667,0.00000000
2019-09-29T23:50:00,2019,9,29,23,50,0.00000000,13.83333333,13.83333333,0.00000000
2019-09-30T00:00:00,2019,9,30,0,0,0.00000000,13.00000000,13.00000000,0.00000000
2019-09-30T00:10:00,2019,9,30,0,10,0.00000000,12.91666667,12.91666667,0.00000000
2019-09-30T00:20:00,2019,9,30,0,20,0.00000000,12.83333333,12.83333333,0.00000000
2019-09-30T00:30:00,2019,9,30,0,30,0.00000000,12.75000000,12.75000000,0.00000000
2019-09-30T00:40:00,2019,9,30,0,40,0.00000000,12.66666667,12.66666667,0.00000000
2019-09-30T00:50:00,2019,9,30,0,50,0.00000000,12.58333333,12.58333333,0.00000000
2019-09-30T01:00:00,2019,9,30,1,0,0.00000000,12.50000000,12.50000000,0.00000000
2019-09-30T01:10:00,2019,9,30,1,10,0.00000000,12.41666667,12.41666667,0.00000000
2019-09-30T01:20:00,2019,9,30,1,20,0.00000000,12.33333333,12.33333333,0.00000000
2019-09-30T01:30:00,2019,9,30,1,30,0.00000000,12.25000000,12.25000000,0.00000000
2019-09-30T01:40:00,2019,9,30,1,40,0.00000000,12.16666667,12.16666667,0.00000000
2019-09-30T01:50:00,2019,9,30,1,50,0.00000000,12.08333333,12.08333333,0.00000000
2019-09-30T02:00:00,2019,9,30,2,0,0.00000000,12.00000000,12.00000000,0.00000000
2019-09-30T02:10:00,2019,9,30,2,10,0.00000000,11.98333333,11.98333333,0.00000000
2019-09-30T02:20:00,2019,9,30,2,20,0.00000000,11.96666667,11.96666667,0.00000000
2019-09-30T02:30:00,2019,9,30,2,30,0.00000000,11.95000000,11.95000000,0.00000000
2019-09-30T02:40:00,2019,9,30,2,40,0.00000000,11.93333333,11.93333333,0.00000000
2019-09-30T02:50:00,2019,9,30,2,50,0.00000000,11.91666667,11.91666667,0.00000000
2019-09-30T03:00:00,2019,9,30,3,0,0.00000000,11.90000000,11.90000000,0.00000000
2019-09-30T03:10:00,2019,9,30,3,10,0.00000000,11.80000000,11.80000000,0.00000000
2019-09-30T03:20:00,2019,9,30,3,20,0.00000000,11.70000000,11.70000000,0.00000000
2019-09-30T03:30:00,2019,9,30,3,30,0.00000000,11.60000000,11.60000000,0.00000000
2019-09-30T03:40:00,2019,9,30,3,40,0.00000000,11.50000000,11.50000000,0.00000000
2019-09-30T03:50:00,2019,9,30,3,50,0.00000000,11.40000000,11.40000000,0.00000000
2019-09-30T04:00:00,2019,9,30,4,0,0.00000000,11.30000000,11.30000000,0.00000000
2019-09-30T04:10:00,2019,9,30,4,10,0.00000000,11.25000000,11.25000000,0.00000000
2019-09-30T04:20:00,2019,9,30,4,20,0.00000000,11.20000000,11.20000000,0.00000000
2019-09-30T04:30:00,2019,9,30,4,30,0.00000000,11.15000000,11.15000000,0.00000000
2019-09-30T04:40:00,2019,9,30,4,40,0.00000000,11.10000000,11.10000000,0.00000000
2019-09-30T04:50:00,2019,9,30,4,50,0.00000000,11.05000000,11.05000000,0.00000000
2019-09-30T05:00:00,2019,9,30,5,0,0.00000000,11.00000000,11.00000000,0.00000000
2019-09-30T05:10:00,2019,9,30,5,10,0.01733333,11.11666667,11.72333333,0.01839193
2019-09-30T05:20:00,2019,9,30,5,20,0.03466667,11.23333333,12.44666667,0.03666850
2019-09-30T05:30:00,2019,9,30,5,30,0.05200000,11.35000000,13.17000000,0.05482974
2019-09-30T05:40:00,2019,9,30,5,40,0.06933333,11.46666667,13.89333333,0.07287562
2019-09-30T05:50:00,2019,9,30,5,50,0.08666667,11.58333333,14.61666667,0.09080616
2019-09-30T06:00:00,2019,9,30,6,0,0.10400000,11.70000000,15.34000000,0.10862134
2019-09-30T06:10:00,2019,9,30,6,10,0.12850000,12.10000000,16.59750000,0.13346672
2019-09-30T06:20:00,2019,9,30,6,20,0.15300000,12.50000000,17.85500000,0.15802865
2019-09-30T06:30:00,2019,9,30,6,30,0.17750000,12.90000000,19.11250000,0.18230714
2019-09-30T06:40:00,2019,9,30,6,40,0.20200000,13.30000000,20.37000000,0.20630220
2019-09-30T06:50:00,2019,9,30,6,50,0.22650000,13.70000000,21.62750000,0.23001381
2019-09-30T07:00:00,2019,9,30,7,0,0.25100000,14.10000000,22.88500000,0.25344198
2019-09-30T07:10:00,2019,9,30,7,10,0.27566667,14.51666667,24.16500000,0.27672550
2019-09-30T07:20:00,2019,9,30,7,20,0.30033333,14.93333333,25.44500000,0.29971855
2019-09-30T07:30:00,2019,9,30,7,30,0.32500000,15.35000000,26.72500000,0.32242112
2019-09-30T07:40:00,2019,9,30,7,40,0.34966667,15.76666667,28.00500000,0.34483322
2019-09-30T07:50:00,2019,9,30,7,50,0.37433333,16.18333333,29.28500000,0.36695485
2019-09-30T08:00:00,2019,9,30,8,0,0.39900000,16.60000000,30.56500000,0.38878600
2019-09-30T08:10:00,2019,9,30,8,10,0.41450000,17.03333333,31.54083333,0.40202859
2019-09-30T08:20:00,2019,9,30,8,20,0.43000000,17.46666667,32.51666667,0.41513203
2019-09-30T08:30:00,2019,9,30,8,30,0.44550000,17.90000000,33.49250000,0.42809632
2019-09-30T08:40:00,2019,9,30,8,40,0.46100000,18.33333333,34.46833333,0.44092145
2019-09-30T08:50:00,2019,9,30,8,50,0.47650000,18.76666667,35.44416667,0.45360743
2019-09-30T09:00:00,2019,9,30,9,0,0.49200000,19.20000000,36.42000000,0.46615426
2019-09-30T09:10:00,2019,9,30,9,10,0.49383333,19.46666667,36.75083333,0.46713975
2019-09-30T09:20:00,2019,9,30,9,20,0.49566667,19.73333333,37.08166667,0.46811966
2019-09-30T09:30:00,2019,9,30,9,30,0.49750000,20.00000000,37.41250000,0.46909399
2019-09-30T09:40:00,2019,9,30,9,40,0.49933333,20.26666667,37.74333333,0.47006275
2019-09-30T09:50:00,2019,9,30,9,50,0.50116667,20.53333333,38.07416667,0.47102592
2019-09-30T10:00:00,2019,9,30,10,0,0.50300000,20.80000000,38.40500000,0.47198351
2019-09-30T10:10:00,2019,9,30,10,10,0.58250000,21.03333333,41.42083333,0.53850038
2019-09-30T10:20:00,2019,9,30,10,20,0.66200000,21.26666667,44.43666667,0.60281146
2019-09-30T10:30:00,2019,9,30,10,30,0.74150000,21.50000000,47.45250000,0.66491677
2019-09-30T10:40:00,2019,9,30,10,40,0.82100000,21.73333333,50.46833333,0.72481629
2019-09-30T10:50:00,2019,9,30,10,50,0.90050000,21.96666667,53.48416667,0.78251004
2019-09-30T11:00:00,2019,9,30,11,0,0.98000000,22.20000000,56.50000000,0.83799800
2019-09-30T11:10:00,2019,9,30,11,10,0.91300000,22.98333333,54.93833333,0.78726499
2019-09-30T11:20:00,2019,9,30,11,20,0.84600000,23.76666667,53.37666667,0.73556936
2019-09-30T11:30:00,2019,9,30,11,30,0.77900000,24.55000000,51.81500000,0.68291113
2019-09-30T11:40:00,2019,9,30,11,40,0.71200000,25.33333333,50.25333333,0.62929028
2019-09-30T11:50:00,2019,9,30,11,50,0.64500000,26.11666667,48.69166667,0.57470683
2019-09-30T12:00:00,2019,9,30,12,0,0.57800000,26.90000000,47.13000000,0.51916076
2019-09-30T12:10:00,2019,9,30,12,10,0.62450000,26.40000000,48.25750000,0.55768818
2019-09-30T12:20:00,2019,9,30,12,20,0.67100000,25.90000000,49.38500000,0.59573326
2019-09-30T12:30:00,2019,9,30,12,30,0.71750000,25.40000000,50.51250000,0.63329599
2019-09-30T12:40:00,2019,9,30,12,40,0.76400000,24.90000000,51.64000000,0.67037638
2019-09-30T12:50:00,2019,9,30,12,50,0.81050000,24.40000000,52.76750000,0.70697443
2019-09-30T13:00:00,2019,9,30,13,0,0.85700000,23.90000000,53.89500000,0.74309013
2019-09-30T13:10:00,2019,9,30,13,10,0.80250000,24.23333333,52.32083333,0.70164514
2019-09-30T13:20:00,2019,9,30,13,20,0.74800000,24.56666667,50.74666667,0.65941087
2019-09-30T13:30:00,2019,9,30,13,30,0.69350000,24.90000000,49.17250000,0.61638731
2019-09-30T13:40:00,2019,9,30,13,40,0.63900000,25.23333333,47.59833333,0.57257446
2019-09-30T13:50:00,2019,9,30,13,50,0.58450000,25.56666667,46.02416667,0.52797232
2019-09-30T14:00:00,2019,9,30,14,0,0.53000000,25.90000000,44.45000000,0.48258090
2019-09-30T14:10:00,2019,9,30,14,10,0.51016667,25.55000000,43.40583333,0.46697247
2019-09-30T14:20:00,2019,9,30,14,20,0.49033333,25.20000000,42.36166667,0.45117352
2019-09-30T14:30:00,2019,9,30,14,30,0.47050000,24.85000000,41.31750000,0.43518403
2019-09-30T14:40:00,2019,9,30,14,40,0.45066667,24.50000000,40.27333333,0.41900403
2019-09-30T14:50:00,2019,9,30,14,50,0.43083333,24.15000000,39.22916667,0.40263350
2019-09-30T15:00:00,2019,9,30,15,0,0.41100000,23.80000000,38.18500000,0.38607244
2019-09-30T15:10:00,2019,9,30,15,10,0.39483333,23.61666667,37.43583333,0.37224696
2019-09-30T15:20:00,2019,9,30,15,20,0.37866667,23.43333333,36.68666667,0.35831005
2019-09-30T15:30:00,2019,9,30,15,30,0.36250000,23.25000000,35.93750000,0.34426172
2019-09-30T15:40:00,2019,9,30,15,40,0.34633333,23.06666667,35.18833333,0.33010196
2019-09-30T15:50:00,2019,9,30,15,50,0.33016667,22.88333333,34.43916667,0.31583077
2019-09-30T16:00:00,2019,9,30,16,0,0.31400000,22.70000000,33.69000000,0.30144816
2019-09-30T16:10:00,2019,9,30,16,10,0.28016667,22.35000000,32.15583333,0.27094447
2019-09-30T16:20:00,2019,9,30,16,20,0.24633333,22.00000000,30.62166667,0.23996324
2019-09-30T16:30:00,2019,9,30,16,30,0.21250000,21.65000000,29.08750000,0.20850447
2019-09-30T16:40:00,2019,9,30,16,40,0.17866667,21.30000000,27.55333333,0.17656817
2019-09-30T16:50:00,2019,9,30,16,50,0.14483333,20.95000000,26.01916667,0.14415433
2019-09-30T17:00:00,2019,9,30,17,0,0.11100000,20.60000000,24.48500000,0.11126296
2019-09-30T17:10:00,2019,9,30,17,10,0.09250000,20.35000000,23.58750000,0.09310102
2019-09-30T17:20:00,2019,9,30,17,20,0.07400000,20.10000000,22.69000000,0.07478632
2019-09-30T17:30:00,2019,9,30,17,30,0.05550000,19.85000000,21.79250000,0.05631887
2019-09-30T17:40:00,2019,9,30,17,40,0.03700000,19.60000000,20.89500000,0.03769867
2019-09-30T17:50:00,2019,9,30,17,50,0.01850000,19.35000000,19.99750000,0.01892571
2019-09-30T18:00:00,2019,9,30,18,0,0.00000000,19.10000000,19.10000000,0.00000000
2019-09-30T18:10:00,2019,9,30,18,10,0.00000000,18.85000000,18.85000000,0.00000000
2019-09-30T18:20:00,2019,9,30,18,20,0.00000000,18.60000000,18.60000000,0.00000000
2019-09-30T18:30:00,2019,9,30,18,30,0.00000000,18.35000000,18.35000000,0.00000000
2019-09-30T18:40:00,2019,9,30,18,40,0.00000000,18.10000000,18.10000000,0.00000000
2019-09-30T18:50:00,2019,9,30,18,50,0.00000000,17.85000000,17.85000000,0.00000000
2019-09-30T19:00:00,2019,9,30,19,0,0.00000000,17.60000000,17.60000000,0.00000000
2019-09-30T19:10:00,2019,9,30,19,10,0.00000000,17.41666667,17.41666667,0.00000000
2019-09-30T19:20:00,2019,9,30,19,20,0.00000000,17.23333333,17.23333333,0.00000000
2019-09-30T19:30:00,2019,9,30,19,30,0.00000000,17.05000000,17.05000000,0.00000000
2019-09-30T19:40:00,2019,9,30,19,40,0.00000000,16.86666667,16.86666667,0.00000000
2019-09-30T19:50:00,2019,9,30,19,50,0.00000000,16.68333333,16.68333333,0.00000000
2019-09-30T20:00:00,2019,9,30,20,0,0.00000000,16.50000000,16.50000000,0.00000000
2019-09-30T20:10:00,2019,9,30,20,10,0.00000000,16.28333333,16.28333333,0.00000000
2019-09-30T20:20:00,2019,9,30,20,20,0.00000000,16.06666667,16.06666667,0.00000000
2019-09-30T20:30:00,2019,9,30,20,30,0.00000000,15.85000000,15.85000000,0.00000000
2019-09-30T20:40:00,2019,9,30,20,40,0.00000000,15.63333333,15.63333333,0.00000000
2019-09-30T20:50:00,2019,9,30,20,50,0.00000000,15.41666667,15.41666667,0.00000000
2019-09-30T21:00:00,2019,9,30,21,0,0.00000000,15.20000000,15.20000000,0.00000000
2019-09-30T21:10:00,2019,9,30,21,10,0.00000000,15.03333333,15.03333333,0.00000000
2019-09-30T21:20:00,2019,9,30,21,20,0.00000000,14.86666667,14.86666667,0.00000000
2019-09-30T21:30:00,2019,9,30,21,30,0.00000000,14.70000000,14.70000000,0.00000000
2019-09-30T21:40:00,2019,9,30,21,40,0.00000000,14.53333333,14.53333333,0.00000000
2019-09-30T21:50:00,2019,9,30,21,50,0.00000000,14.36666667,14.36666667,0.00000000
2019-09-30T22:00:00,2019,9,30,22,0,0.00000000,14.20000000,14.20000000,0.00000000
2019-09-30T22:10:00,2019,9,30,22,10,0.00000000,14.10000000,14.10000000,0.00000000
2019-09-30T22:20:00,2019,9,30,22,20,0.00000000,14.00000000,14.00000000,0.00000000
2019-09-30T22:30:00,2019,9,30,22,30,0.00000000,13.90000000,13.90000000,0.00000000
2019-09-30T22:40:00,2019,9,30,22,40,0.00000000,13.80000000,13.80000000,0.00000000
2019-09-30T22:50:00,2019,9,30,22,50,0.00000000,13.70000000,13.70000000,0.00000000
2019-09-30T23:00:00,2019,9,30,23,0,0.00000000,13.60000000,13.60000000,0.00000000
2019-09-30T23:10:00,2019,9,30,23,10,0.00000000,13.41666667,13.41666667,0.00000000
2019-09-30T23:20:00,2019,9,30,23,20,0.00000000,13.23333333,13.23333333,0.00000000
2019-09-30T23:30:00,2019,9,30,23,30,0.00000000,13.05000000,13.05000000,0.00000000
2019-09-30T23:40:00,2019,9,30,23,40,0.00000000,12.86666667,12.86666667,0.00000000
2019-09-30T23:50:00,2019,9,30,23,50,0.00000000,12.68333333,12.68333333,0.00000000
