timestamp,source_year_index,month,day,hour,minute,irradiance_pu,ambient_temperature_c,panel_temperature_c,generation_pu
2001-02-01T00:00:00,1,2,1,0,0,0.00000000,22.60000000,22.60000000,0.00000000
2001-02-01T00:10:00,1,2,1,0,10,0.00000000,22.55000000,22.55000000,0.00000000
2001-02-01T00:20:00,1,2,1,0,20,0.00000000,22.50000000,22.50000000,0.00000000
2001-02-01T00:30:00,1,2,1,0,30,0.00000000,22.45000000,22.45000000,0.00000000
2001-02-01T00:40:00,1,2,1,0,40,0.00000000,22.40000000,22.40000000,0.00000000
2001-02-01T00:50:00,1,2,1,0,50,0.00000000,22.35000000,22.35000000,0.00000000
2001-02-01T01:00:00,1,2,1,1,0,0.00000000,22.30000000,22.30000000,0.00000000
2001-02-01T01:10:00,1,2,1,1,10,0.00000000,22.28333333,22.28333333,0.00000000
2001-02-01T01:20:00,1,2,1,1,20,0.00000000,22.26666667,22.26666667,0.00000000
2001-02-01T01:30:00,1,2,1,1,30,0.00000000,22.25000000,22.25000000,0.00000000
2001-02-01T01:40:00,1,2,1,1,40,0.00000000,22.23333333,22.23333333,0.00000000
2001-02-01T01:50:00,1,2,1,1,50,0.00000000,22.21666667,22.21666667,0.00000000
2001-02-01T02:00:00,1,2,1,2,0,0.00000000,22.20000000,22.20000000,0.00000000
2001-02-01T02:10:00,1,2,1,2,10,0.00000000,22.20000000,22.20000000,0.00000000
2001-02-01T02:20:00,1,2,1,2,20,0.00000000,22.20000000,22.20000000,0.00000000
2001-02-01T02:30:00,1,2,1,2,30,0.00000000,22.20000000,22.20000000,0.00000000
2001-02-01T02:40:00,1,2,1,2,40,0.00000000,22.20000000,22.20000000,0.00000000
2001-02-01T02:50:00,1,2,1,2,50,0.00000000,22.20000000,22.20000000,0.00000000
2001-02-01T03:00:00,1,2,1,3,0,0.00000000,22.20000000,22.20000000,0.00000000
2001-02-01T03:10:00,1,2,1,3,10,0.00000000,22.15000000,22.15000000,0.00000000
2001-02-01T03:20:00,1,2,1,3,20,0.00000000,22.10000000,22.10000000,0.00000000
2001-02-01T03:30:00,1,2,1,3,30,0.00000000,22.05000000,22.05000000,0.00000000
2001-02-01T03:40:00,1,2,1,3,40,0.00000000,22.00000000,22.00000000,0.00000000
2001-02-01T03:50:00,1,2,1,3,50,0.00000000,21.95000000,21.95000000,0.00000000
2001-02-01T04:00:00,1,2,1,4,0,0.00000000,21.90000000,21.90000000,0.00000000
2001-02-01T04:10:00,1,2,1,4,10,0.00216667,21.78333333,21.85916667,0.00219797
2001-02-01T04:20:00,1,2,1,4,20,0.00433333,21.66666667,21.81833333,0.00439675
2001-02-01T04:30:00,1,2,1,4,30,0.00650000,21.55000000,21.77750000,0.00659635
2001-02-01T04:40:00,1,2,1,4,40,0.00866667,21.43333333,21.73666667,0.00879676
2001-02-01T04:50:00,1,2,1,4,50,0.01083333,21.31666667,21.69583333,0.01099799
2001-02-01T05:00:00,1,2,1,5,0,0.01300000,21.20000000,21.65500000,0.01320003
2001-02-01T05:10:00,1,2,1,5,10,0.03316667,21.38333333,22.54416667,0.03354134
2001-02-01T05:20:00,1,2,1,5,20,0.05333333,21.56666667,23.43333333,0.05371769
2001-02-01T05:30:00,1,2,1,5,30,0.07350000,21.75000000,24.32250000,0.07372906
2001-02-01T05:40:00,1,2,1,5,40,0.09366667,21.93333333,25.21166667,0.09357547
2001-02-01T05:50:00,1,2,1,5,50,0.11383333,22.11666667,26.10083333,0.11325690
2001-02-01T06:00:00,1,2,1,6,0,0.13400000,22.30000000,26.99000000,0.13277336
2001-02-01T06:10:00,1,2,1,6,10,0.17183333,22.45000000,28.46416667,0.16909514
2001-02-01T06:20:00,1,2,1,6,20,0.20966667,22.60000000,29.93833333,0.20490381
2001-02-01T06:30:00,1,2,1,6,30,0.24750000,22.75000000,31.41250000,0.24019937
2001-02-01T06:40:00,1,2,1,6,40,0.28533333,22.90000000,32.88666667,0.27498182
2001-02-01T06:50:00,1,2,1,6,50,0.32316667,23.05000000,34.36083333,0.30925116
2001-02-01T07:00:00,1,2,1,7,0,0.36100000,23.20000000,35.83500000,0.34300740
2001-02-01T07:10:00,1,2,1,7,10,0.36466667,23.51666667,36.28000000,0.34574484
2001-02-01T07:20:00,1,2,1,7,20,0.36833333,23.83333333,36.72500000,0.34846728
2001-02-01T07:30:00,1,2,1,7,30,0.37200000,24.15000000,37.17000000,0.35117470
2001-02-01T07:40:00,1,2,1,7,40,0.37566667,24.46666667,37.61500000,0.35386711
2001-02-01T07:50:00,1,2,1,7,50,0.37933333,24.78333333,38.06000000,0.35654450
2001-02-01T08:00:00,1,2,1,8,0,0.38300000,25.10000000,38.50500000,0.35920689
2001-02-01T08:10:00,1,2,1,8,10,0.37800000,25.21666667,38.44666667,0.35461894
2001-02-01T08:20:00,1,2,1,8,20,0.37300000,25.33333333,38.38833333,0.35002830
2001-02-01T08:30:00,1,2,1,8,30,0.36800000,25.45000000,38.33000000,0.34543498
2001-02-01T08:40:00,1,2,1,8,40,0.36300000,25.56666667,38.27166667,0.34083897
2001-02-01T08:50:00,1,2,1,8,50,0.35800000,25.68333333,38.21333333,0.33624028
2001-02-01T09:00:00,1,2,1,9,0,0.35300000,25.80000000,38.15500000,0.33163891
2001-02-01T09:10:00,1,2,1,9,10,0.45183333,25.83333333,41.64750000,0.41723261
2001-02-01T09:20:00,1,2,1,9,20,0.55066667,25.86666667,45.14000000,0.49965070
2001-02-01T09:30:00,1,2,1,9,30,0.64950000,25.90000000,48.63250000,0.57889318
2001-02-01T09:40:00,1,2,1,9,40,0.74833333,25.93333333,52.12500000,0.65496004
2001-02-01T09:50:00,1,2,1,9,50,0.84716667,25.96666667,55.61750000,0.72785129
2001-02-01T10:00:00,1,2,1,10,0,0.94600000,26.00000000,59.11000000,0.79756692
2001-02-01T10:10:00,1,2,1,10,10,0.93633333,26.50000000,59.27166667,0.78872070
2001-02-01T10:20:00,1,2,1,10,20,0.92666667,27.00000000,59.43333333,0.77988884
2001-02-01T10:30:00,1,2,1,10,30,0.91700000,27.50000000,59.59500000,0.77107137
2001-02-01T10:40:00,1,2,1,10,40,0.90733333,28.00000000,59.75666667,0.76226828
2001-02-01T10:50:00,1,2,1,10,50,0.89766667,28.50000000,59.91833333,0.75347956
2001-02-01T11:00:00,1,2,1,11,0,0.88800000,29.00000000,60.08000000,0.74470522
2001-02-01T11:10:00,1,2,1,11,10,0.80766667,28.98333333,57.25166667,0.68784312
2001-02-01T11:20:00,1,2,1,11,20,0.72733333,28.96666667,54.42333333,0.62889071
2001-02-01T11:30:00,1,2,1,11,30,0.64700000,28.95000000,51.59500000,0.56784796
2001-02-01T11:40:00,1,2,1,11,40,0.56666667,28.93333333,48.76666667,0.50471489
2001-02-01T11:50:00,1,2,1,11,50,0.48633333,28.91666667,45.93833333,0.43949149
2001-02-01T12:00:00,1,2,1,12,0,0.40600000,28.90000000,43.11000000,0.37217776
2001-02-01T12:10:00,1,2,1,12,10,0.43666667,28.51666667,43.80000000,0.39890373
2001-02-01T12:20:00,1,2,1,12,20,0.46733333,28.13333333,44.49000000,0.42543503
2001-02-01T12:30:00,1,2,1,12,30,0.49800000,27.75000000,45.18000000,0.45177166
2001-02-01T12:40:00,1,2,1,12,40,0.52866667,27.36666667,45.87000000,0.47791361
2001-02-01T12:50:00,1,2,1,12,50,0.55933333,26.98333333,46.56000000,0.50386089
2001-02-01T13:00:00,1,2,1,13,0,0.59000000,26.60000000,47.25000000,0.52961350
2001-02-01T13:10:00,1,2,1,13,10,0.56000000,26.75000000,46.35000000,0.50500240
2001-02-01T13:20:00,1,2,1,13,20,0.53000000,26.90000000,45.45000000,0.48014290
2001-02-01T13:30:00,1,2,1,13,30,0.50000000,27.05000000,44.55000000,0.45503500
2001-02-01T13:40:00,1,2,1,13,40,0.47000000,27.20000000,43.65000000,0.42967870
2001-02-01T13:50:00,1,2,1,13,50,0.44000000,27.35000000,42.75000000,0.40407400
2001-02-01T14:00:00,1,2,1,14,0,0.41000000,27.50000000,41.85000000,0.37822090
2001-02-01T14:10:00,1,2,1,14,10,0.44333333,27.31666667,42.83333333,0.40696522
2001-02-01T14:20:00,1,2,1,14,20,0.47666667,27.13333333,43.81666667,0.43540799
2001-02-01T14:30:00,1,2,1,14,30,0.51000000,26.95000000,44.80000000,0.46354920
2001-02-01T14:40:00,1,2,1,14,40,0.54333333,26.76666667,45.78333333,0.49138886
2001-02-01T14:50:00,1,2,1,14,50,0.57666667,26.58333333,46.76666667,0.51892696
2001-02-01T15:00:00,1,2,1,15,0,0.61000000,26.40000000,47.75000000,0.54616350
2001-02-01T15:10:00,1,2,1,15,10,0.54100000,26.61666667,45.55166667,0.48985512
2001-02-01T15:20:00,1,2,1,15,20,0.47200000,26.83333333,43.35333333,0.43215124
2001-02-01T15:30:00,1,2,1,15,30,0.40300000,27.05000000,41.15500000,0.37305186
2001-02-01T15:40:00,1,2,1,15,40,0.33400000,27.26666667,38.95666667,0.31255698
2001-02-01T15:50:00,1,2,1,15,50,0.26500000,27.48333333,36.75833333,0.25066659
2001-02-01T16:00:00,1,2,1,16,0,0.19600000,27.70000000,34.56000000,0.18738070
2001-02-01T16:10:00,1,2,1,16,10,0.18133333,27.30000000,33.64666667,0.17412086
2001-02-01T16:20:00,1,2,1,16,20,0.16666667,26.90000000,32.73333333,0.16073778
2001-02-01T16:30:00,1,2,1,16,30,0.15200000,26.50000000,31.82000000,0.14723146
2001-02-01T16:40:00,1,2,1,16,40,0.13733333,26.10000000,30.90666667,0.13360190
2001-02-01T16:50:00,1,2,1,16,50,0.12266667,25.70000000,29.99333333,0.11984910
2001-02-01T17:00:00,1,2,1,17,0,0.10800000,25.30000000,29.08000000,0.10597306
2001-02-01T17:10:00,1,2,1,17,10,0.09266667,25.21666667,28.46000000,0.09119178
2001-02-01T17:20:00,1,2,1,17,20,0.07733333,25.13333333,27.84000000,0.07632305
2001-02-01T17:30:00,1,2,1,17,30,0.06200000,25.05000000,27.22000000,0.06136686
2001-02-01T17:40:00,1,2,1,17,40,0.04666667,24.96666667,26.60000000,0.04632320
2001-02-01T17:50:00,1,2,1,17,50,0.03133333,24.88333333,25.98000000,0.03119208
2001-02-01T18:00:00,1,2,1,18,0,0.01600000,24.80000000,25.36000000,0.01597350
2001-02-01T18:10:00,1,2,1,18,10,0.01333333,24.65000000,25.11666667,0.01332618
2001-02-01T18:20:00,1,2,1,18,20,0.01066667,24.50000000,24.87333333,0.01067288
2001-02-01T18:30:00,1,2,1,18,30,0.00800000,24.35000000,24.63000000,0.00801362
2001-02-01T18:40:00,1,2,1,18,40,0.00533333,24.20000000,24.38666667,0.00534838
2001-02-01T18:50:00,1,2,1,18,50,0.00266667,24.05000000,24.14333333,0.00267718
2001-02-01T19:00:00,1,2,1,19,0,0.00000000,23.90000000,23.90000000,0.00000000
2001-02-01T19:10:00,1,2,1,19,10,0.00000000,23.86666667,23.86666667,0.00000000
2001-02-01T19:20:00,1,2,1,19,20,0.00000000,23.83333333,23.83333333,0.00000000
2001-02-01T19:30:00,1,2,1,19,30,0.00000000,23.80000000,23.80000000,0.00000000
2001-02-01T19:40:00,1,2,1,19,40,0.00000000,23.76666667,23.76666667,0.00000000
2001-02-01T19:50:00,1,2,1,19,50,0.00000000,23.73333333,23.73333333,0.00000000
2001-02-01T20:00:00,1,2,1,20,0,0.00000000,23.70000000,23.70000000,0.00000000
2001-02-01T20:10:00,1,2,1,20,10,0.00000000,23.61666667,23.61666667,0.00000000
2001-02-01T20:20:00,1,2,1,20,20,0.00000000,23.53333333,23.53333333,0.00000000
2001-02-01T20:30:00,1,2,1,20,30,0.00000000,23.45000000,23.45000000,0.00000000
2001-02-01T20:40:00,1,2,1,20,40,0.00000000,23.36666667,23.36666667,0.00000000
2001-02-01T20:50:00,1,2,1,20,50,0.00000000,23.28333333,23.28333333,0.00000000
2001-02-01T21:00:00,1,2,1,21,0,0.00000000,23.20000000,23.20000000,0.00000000
2001-02-01T21:10:00,1,2,1,21,10,0.00000000,23.25000000,23.25000000,0.00000000
2001-02-01T21:20:00,1,2,1,21,20,0.00000000,23.30000000,23.30000000,0.00000000
2001-02-01T21:30:00,1,2,1,21,30,0.00000000,23.35000000,23.35000000,0.00000000
2001-02-01T21:40:00,1,2,1,21,40,0.00000000,23.40000000,23.40000000,0.00000000
2001-02-01T21:50:00,1,2,1,21,50,0.00000000,23.45000000,23.45000000,0.00000000
2001-02-01T22:00:00,1,2,1,22,0,0.00000000,23.50000000,23.50000000,0.00000000
2001-02-01T22:10:00,1,2,1,22,10,0.00000000,23.38333333,23.38333333,0.00000000
2001-02-01T22:20:00,1,2,1,22,20,0.00000000,23.26666667,23.26666667,0.00000000
2001-02-01T22:30:00,1,2,1,22,30,0.00000000,23.15000000,23.15000000,0.00000000
2001-02-01T22:40:00,1,2,1,22,40,0.00000000,23.03333333,23.03333333,0.00000000
2001-02-01T22:50:00,1,2,1,22,50,0.00000000,22.91666667,22.91666667,0.00000000
2001-02-01T23:00:00,1,2,1,23,0,0.00000000,22.80000000,22.80000000,0.00000000
2001-02-01T23:10:00,1,2,1,23,10,0.00000000,22.85000000,22.85000000,0.00000000
2001-02-01T23:20:00,1,2,1,23,20,0.00000000,22.90000000,22.90000000,0.00000000
2001-02-01T23:30:00,1,2,1,23,30,0.00000000,22.95000000,22.95000000,0.00000000
2001-02-01T23:40:00,1,2,1,23,40,0.00000000,23.00000000,23.00000000,0.00000000
2001-02-01T23:50:00,1,2,1,23,50,0.00000000,23.05000000,23.05000000,0.00000000
2001-02-02T00:00:00,1,2,2,0,0,0.00000000,23.10000000,23.10000000,0.00000000
2001-02-02T00:10:00,1,2,2,0,10,0.00000000,23.08333333,23.08333333,0.00000000
2001-02-02T00:20:00,1,2,2,0,20,0.00000000,23.06666667,23.06666667,0.00000000
2001-02-02T00:30:00,1,2,2,0,30,0.00000000,23.05000000,23.05000000,0.00000000
2001-02-02T00:40:00,1,2,2,0,40,0.00000000,23.03333333,23.03333333,0.00000000
2001-02-02T00:50:00,1,2,2,0,50,0.00000000,23.01666667,23.01666667,0.00000000
2001-02-02T01:00:00,1,2,2,1,0,0.00000000,23.00000000,23.00000000,0.00000000
2001-02-02T01:10:00,1,2,2,1,10,0.00000000,22.88333333,22.88333333,0.00000000
2001-02-02T01:20:00,1,2,2,1,20,0.00000000,22.76666667,22.76666667,0.00000000
2001-02-02T01:30:00,1,2,2,1,30,0.00000000,22.65000000,22.65000000,0.00000000
2001-02-02T01:40:00,1,2,2,1,40,0.00000000,22.53333333,22.53333333,0.00000000
2001-02-02T01:50:00,1,2,2,1,50,0.00000000,22.41666667,22.41666667,0.00000000
2001-02-02T02:00:00,1,2,2,2,0,0.00000000,22.30000000,22.30000000,0.00000000
2001-02-02T02:10:00,1,2,2,2,10,0.00000000,22.20000000,22.20000000,0.00000000
2001-02-02T02:20:00,1,2,2,2,20,0.00000000,22.10000000,22.10000000,0.00000000
2001-02-02T02:30:00,1,2,2,2,30,0.00000000,22.00000000,22.00000000,0.00000000
2001-02-02T02:40:00,1,2,2,2,40,0.00000000,21.90000000,21.90000000,0.00000000
2001-02-02T02:50:00,1,2,2,2,50,0.00000000,21.80000000,21.80000000,0.00000000
2001-02-02T03:00:00,1,2,2,3,0,0.00000000,21.70000000,21.70000000,0.00000000
2001-02-02T03:10:00,1,2,2,3,10,0.00000000,21.73333333,21.73333333,0.00000000
2001-02-02T03:20:00,1,2,2,3,20,0.00000000,21.76666667,21.76666667,0.00000000
2001-02-02T03:30:00,1,2,2,3,30,0.00000000,21.80000000,21.80000000,0.00000000
2001-02-02T03:40:00,1,2,2,3,40,0.00000000,21.83333333,21.83333333,0.00000000
2001-02-02T03:50:00,1,2,2,3,50,0.00000000,21.86666667,21.86666667,0.00000000
2001-02-02T04:00:00,1,2,2,4,0,0.00000000,21.90000000,21.90000000,0.00000000
2001-02-02T04:10:00,1,2,2,4,10,0.00200000,21.93333333,22.00333333,0.00202757
2001-02-02T04:20:00,1,2,2,4,20,0.00400000,21.96666667,22.10666667,0.00405324
2001-02-02T04:30:00,1,2,2,4,30,0.00600000,22.00000000,22.21000000,0.00607700
2001-02-02T04:40:00,1,2,2,4,40,0.00800000,22.03333333,22.31333333,0.00809887
2001-02-02T04:50:00,1,2,2,4,50,0.01000000,22.06666667,22.41666667,0.01011883
2001-02-02T05:00:00,1,2,2,5,0,0.01200000,22.10000000,22.52000000,0.01213690
2001-02-02T05:10:00,1,2,2,5,10,0.03700000,22.16666667,23.46166667,0.03726182
2001-02-02T05:20:00,1,2,2,5,20,0.06200000,22.23333333,24.40333333,0.06217017
2001-02-02T05:30:00,1,2,2,5,30,0.08700000,22.30000000,25.34500000,0.08686193
2001-02-02T05:40:00,1,2,2,5,40,0.11200000,22.36666667,26.28666667,0.11133711
2001-02-02T05:50:00,1,2,2,5,50,0.13700000,22.43333333,27.22833333,0.13559570
2001-02-02T06:00:00,1,2,2,6,0,0.16200000,22.50000000,28.17000000,0.15963772
2001-02-02T06:10:00,1,2,2,6,10,0.19350000,22.70000000,29.47250000,0.18951903
2001-02-02T06:20:00,1,2,2,6,20,0.22500000,22.90000000,30.77500000,0.21902287
2001-02-02T06:30:00,1,2,2,6,30,0.25650000,23.10000000,32.07750000,0.24814926
2001-02-02T06:40:00,1,2,2,6,40,0.28800000,23.30000000,33.38000000,0.27689818
2001-02-02T06:50:00,1,2,2,6,50,0.31950000,23.50000000,34.68250000,0.30526963
2001-02-02T07:00:00,1,2,2,7,0,0.35100000,23.70000000,35.98500000,0.33326362
2001-02-02T07:10:00,1,2,2,7,10,0.35433333,24.05000000,36.45166667,0.33566788
2001-02-02T07:20:00,1,2,2,7,20,0.35766667,24.40000000,36.91833333,0.33805783
2001-02-02T07:30:00,1,2,2,7,30,0.36100000,24.75000000,37.38500000,0.34043347
2001-02-02T07:40:00,1,2,2,7,40,0.36433333,25.10000000,37.85166667,0.34279480
2001-02-02T07:50:00,1,2,2,7,50,0.36766667,25.45000000,38.31833333,0.34514181
2001-02-02T08:00:00,1,2,2,8,0,0.37100000,25.80000000,38.78500000,0.34747452
2001-02-02T08:10:00,1,2,2,8,10,0.44150000,25.85000000,41.30250000,0.40839125
2001-02-02T08:20:00,1,2,2,8,20,0.51200000,25.90000000,43.82000000,0.46767514
2001-02-02T08:30:00,1,2,2,8,30,0.58250000,25.95000000,46.33750000,0.52532617
2001-02-02T08:40:00,1,2,2,8,40,0.65300000,26.00000000,48.85500000,0.58134435
2001-02-02T08:50:00,1,2,2,8,50,0.72350000,26.05000000,51.37250000,0.63572968
2001-02-02T09:00:00,1,2,2,9,0,0.79400000,26.10000000,53.89000000,0.68848216
2001-02-02T09:10:00,1,2,2,9,10,0.81233333,26.51666667,54.94833333,0.70042440
2001-02-02T09:20:00,1,2,2,9,20,0.83066667,26.93333333,56.00666667,0.71218813
2001-02-02T09:30:00,1,2,2,9,30,0.84900000,27.35000000,57.06500000,0.72377335
2001-02-02T09:40:00,1,2,2,9,40,0.86733333,27.76666667,58.12333333,0.73518007
2001-02-02T09:50:00,1,2,2,9,50,0.88566667,28.18333333,59.18166667,0.74640828
2001-02-02T10:00:00,1,2,2,10,0,0.90400000,28.60000000,60.24000000,0.75745798
2001-02-02T10:10:00,1,2,2,10,10,0.85600000,28.75000000,58.71000000,0.72326350
2001-02-02T10:20:00,1,2,2,10,20,0.80800000,28.90000000,57.18000000,0.68839338
2001-02-02T10:30:00,1,2,2,10,30,0.76000000,29.05000000,55.65000000,0.65284760
2001-02-02T10:40:00,1,2,2,10,40,0.71200000,29.20000000,54.12000000,0.61662618
2001-02-02T10:50:00,1,2,2,10,50,0.66400000,29.35000000,52.59000000,0.57972910
2001-02-02T11:00:00,1,2,2,11,0,0.61600000,29.50000000,51.06000000,0.54215638
2001-02-02T11:10:00,1,2,2,11,10,0.59866667,29.18333333,50.13666667,0.52944364
2001-02-02T11:20:00,1,2,2,11,20,0.58133333,28.86666667,49.21333333,0.51658365
2001-02-02T11:30:00,1,2,2,11,30,0.56400000,28.55000000,48.29000000,0.50357642
2001-02-02T11:40:00,1,2,2,11,40,0.54666667,28.23333333,47.36666667,0.49042196
2001-02-02T11:50:00,1,2,2,11,50,0.52933333,27.91666667,46.44333333,0.47712025
2001-02-02T12:00:00,1,2,2,12,0,0.51200000,27.60000000,45.52000000,0.46367130
2001-02-02T12:10:00,1,2,2,12,10,0.52516667,27.63333333,46.01416667,0.47440134
2001-02-02T12:20:00,1,2,2,12,20,0.53833333,27.66666667,46.50833333,0.48507153
2001-02-02T12:30:00,1,2,2,12,30,0.55150000,27.70000000,47.00250000,0.49568186
2001-02-02T12:40:00,1,2,2,12,40,0.56466667,27.73333333,47.49666667,0.50623232
2001-02-02T12:50:00,1,2,2,12,50,0.57783333,27.76666667,47.99083333,0.51672293
2001-02-02T13:00:00,1,2,2,13,0,0.59100000,27.80000000,48.48500000,0.52715368
2001-02-02T13:10:00,1,2,2,13,10,0.56550000,27.90000000,47.69250000,0.50647000
2001-02-02T13:20:00,1,2,2,13,20,0.54000000,28.00000000,46.90000000,0.48560040
2001-02-02T13:30:00,1,2,2,13,30,0.51450000,28.10000000,46.10750000,0.46454488
2001-02-02T13:40:00,1,2,2,13,40,0.48900000,28.20000000,45.31500000,0.44330344
2001-02-02T13:50:00,1,2,2,13,50,0.46350000,28.30000000,44.52250000,0.42187608
2001-02-02T14:00:00,1,2,2,14,0,0.43800000,28.40000000,43.73000000,0.40026280
2001-02-02T14:10:00,1,2,2,14,10,0.40100000,28.26666667,42.30166667,0.36908535
2001-02-02T14:20:00,1,2,2,14,20,0.36400000,28.13333333,40.87333333,0.33742169
2001-02-02T14:30:00,1,2,2,14,30,0.32700000,28.00000000,39.44500000,0.30527183
2001-02-02T14:40:00,1,2,2,14,40,0.29000000,27.86666667,38.01666667,0.27263577
2001-02-02T14:50:00,1,2,2,14,50,0.25300000,27.73333333,36.58833333,0.23951350
2001-02-02T15:00:00,1,2,2,15,0,0.21600000,27.60000000,35.16000000,0.20590502
2001-02-02T15:10:00,1,2,2,15,10,0.22550000,27.35000000,35.24250000,0.21487545
2001-02-02T15:20:00,1,2,2,15,20,0.23500000,27.10000000,35.32500000,0.22383867
2001-02-02T15:30:00,1,2,2,15,30,0.24450000,26.85000000,35.40750000,0.23279468
2001-02-02T15:40:00,1,2,2,15,40,0.25400000,26.60000000,35.49000000,0.24174348
2001-02-02T15:50:00,1,2,2,15,50,0.26350000,26.35000000,35.57250000,0.25068507
2001-02-02T16:00:00,1,2,2,16,0,0.27300000,26.10000000,35.65500000,0.25961945
2001-02-02T16:10:00,1,2,2,16,10,0.24050000,26.15000000,34.56750000,0.22991547
2001-02-02T16:20:00,1,2,2,16,20,0.20800000,26.20000000,33.48000000,0.19988634
2001-02-02T16:30:00,1,2,2,16,30,0.17550000,26.25000000,32.39250000,0.16953203
2001-02-02T16:40:00,1,2,2,16,40,0.14300000,26.30000000,31.30500000,0.13885257
2001-02-02T16:50:00,1,2,2,16,50,0.11050000,26.35000000,30.21750000,0.10784794
2001-02-02T17:00:00,1,2,2,17,0,0.07800000,26.40000000,29.13000000,0.07651816
2001-02-02T17:10:00,1,2,2,17,10,0.06750000,26.18333333,28.54583333,0.06639902
2001-02-02T17:20:00,1,2,2,17,20,0.05700000,25.96666667,27.96166667,0.05622345
2001-02-02T17:30:00,1,2,2,17,30,0.04650000,25.75000000,27.37750000,0.04599145
2001-02-02T17:40:00,1,2,2,17,40,0.03600000,25.53333333,26.79333333,0.03570302
2001-02-02T17:50:00,1,2,2,17,50,0.02550000,25.31666667,26.20916667,0.02535816
2001-02-02T18:00:00,1,2,2,18,0,0.01500000,25.10000000,25.62500000,0.01495687
2001-02-02T18:10:00,1,2,2,18,10,0.01250000,25.01666667,25.45416667,0.01247389
2001-02-02T18:20:00,1,2,2,18,20,0.01000000,24.93333333,25.28333333,0.00998697
2001-02-02T18:30:00,1,2,2,18,30,0.00750000,24.85000000,25.11250000,0.00749612
2001-02-02T18:40:00,1,2,2,18,40,0.00500000,24.76666667,24.94166667,0.00500134
2001-02-02T18:50:00,1,2,2,18,50,0.00250000,24.68333333,24.77083333,0.00250264
2001-02-02T19:00:00,1,2,2,19,0,0.00000000,24.60000000,24.60000000,0.00000000
2001-02-02T19:10:00,1,2,2,19,10,0.00000000,24.58333333,24.58333333,0.00000000
2001-02-02T19:20:00,1,2,2,19,20,0.00000000,24.56666667,24.56666667,0.00000000
2001-02-02T19:30:00,1,2,2,19,30,0.00000000,24.55000000,24.55000000,0.00000000
2001-02-02T19:40:00,1,2,2,19,40,0.00000000,24.53333333,24.53333333,0.00000000
2001-02-02T19:50:00,1,2,2,19,50,0.00000000,24.51666667,24.51666667,0.00000000
2001-02-02T20:00:00,1,2,2,20,0,0.00000000,24.50000000,24.50000000,0.00000000
2001-02-02T20:10:00,1,2,2,20,10,0.00000000,24.36666667,24.36666667,0.00000000
2001-02-02T20:20:00,1,2,2,20,20,0.00000000,24.23333333,24.23333333,0.00000000
2001-02-02T20:30:00,1,2,2,20,30,0.00000000,24.10000000,24.10000000,0.00000000
2001-02-02T20:40:00,1,2,2,20,40,0.00000000,23.96666667,23.96666667,0.00000000
2001-02-02T20:50:00,1,2,2,20,50,0.00000000,23.83333333,23.83333333,0.00000000
2001-02-02T21:00:00,1,2,2,21,0,0.00000000,23.70000000,23.70000000,0.00000000
2001-02-02T21:10:00,1,2,2,21,10,0.00000000,23.76666667,23.76666667,0.00000000
2001-02-02T21:20:00,1,2,2,21,20,0.00000000,23.83333333,23.83333333,0.00000000
2001-02-02T21:30:00,1,2,2,21,30,0.00000000,23.90000000,23.90000000,0.00000000
2001-02-02T21:40:00,1,2,2,21,40,0.00000000,23.96666667,23.96666667,0.00000000
2001-02-02T21:50:00,1,2,2,21,50,0.00000000,24.03333333,24.03333333,0.00000000
2001-02-02T22:00:00,1,2,2,22,0,0.00000000,24.10000000,24.10000000,0.00000000
2001-02-02T22:10:00,1,2,2,22,10,0.00000000,24.05000000,24.05000000,0.00000000
2001-02-02T22:20:00,1,2,2,22,20,0.00000000,24.00000000,24.00000000,0.00000000
2001-02-02T22:30:00,1,2,2,22,30,0.00000000,23.95000000,23.95000000,0.00000000
2001-02-02T22:40:00,1,2,2,22,40,0.00000000,23.90000000,23.90000000,0.00000000
2001-02-02T22:50:00,1,2,2,22,50,0.00000000,23.85000000,23.85000000,0.00000000
2001-02-02T23:00:00,1,2,2,23,0,0.00000000,23.80000000,23.80000000,0.00000000
2001-02-02T23:10:00,1,2,2,23,10,0.00000000,23.66666667,23.66666667,0.00000000
2001-02-02T23:20:00,1,2,2,23,20,0.00000000,23.53333333,23.53333333,0.00000000
2001-02-02T23:30:00,1,2,2,23,30,0.00000000,23.40000000,23.40000000,0.00000000
2001-02-02T23:40:00,1,2,2,23,40,0.00000000,23.26666667,23.26666667,0.00000000
2001-02-02T23:50:00,1,2,2,23,50,0.00000000,23.13333333,23.13333333,0.00000000
2001-02-03T00:00:00,1,2,3,0,0,0.00000000,23.00000000,23.00000000,0.00000000
2001-02-03T00:10:00,1,2,3,0,10,0.00000000,22.98333333,22.98333333,0.00000000
2001-02-03T00:20:00,1,2,3,0,20,0.00000000,22.96666667,22.96666667,0.00000000
2001-02-03T00:30:00,1,2,3,0,30,0.00000000,22.95000000,22.95000000,0.00000000
2001-02-03T00:40:00,1,2,3,0,40,0.00000000,22.93333333,22.93333333,0.00000000
2001-02-03T00:50:00,1,2,3,0,50,0.00000000,22.91666667,22.91666667,0.00000000
2001-02-03T01:00:00,1,2,3,1,0,0.00000000,22.90000000,22.90000000,0.00000000
2001-02-03T01:10:00,1,2,3,1,10,0.00000000,22.78333333,22.78333333,0.00000000
2001-02-03T01:20:00,1,2,3,1,20,0.00000000,22.66666667,22.66666667,0.00000000
2001-02-03T01:30:00,1,2,3,1,30,0.00000000,22.55000000,22.55000000,0.00000000
2001-02-03T01:40:00,1,2,3,1,40,0.00000000,22.43333333,22.43333333,0.00000000
2001-02-03T01:50:00,1,2,3,1,50,0.00000000,22.31666667,22.31666667,0.00000000
2001-02-03T02:00:00,1,2,3,2,0,0.00000000,22.20000000,22.20000000,0.00000000
2001-02-03T02:10:00,1,2,3,2,10,0.00000000,22.25000000,22.25000000,0.00000000
2001-02-03T02:20:00,1,2,3,2,20,0.00000000,22.30000000,22.30000000,0.00000000
2001-02-03T02:30:00,1,2,3,2,30,0.00000000,22.35000000,22.35000000,0.00000000
2001-02-03T02:40:00,1,2,3,2,40,0.00000000,22.40000000,22.40000000,0.00000000
2001-02-03T02:50:00,1,2,3,2,50,0.00000000,22.45000000,22.45000000,0.00000000
2001-02-03T03:00:00,1,2,3,3,0,0.00000000,22.50000000,22.50000000,0.00000000
2001-02-03T03:10:00,1,2,3,3,10,0.00000000,22.46666667,22.46666667,0.00000000
2001-02-03T03:20:00,1,2,3,3,20,0.00000000,22.43333333,22.43333333,0.00000000
2001-02-03T03:30:00,1,2,3,3,30,0.00000000,22.40000000,22.40000000,0.00000000
2001-02-03T03:40:00,1,2,3,3,40,0.00000000,22.36666667,22.36666667,0.00000000
2001-02-03T03:50:00,1,2,3,3,50,0.00000000,22.33333333,22.33333333,0.00000000
2001-02-03T04:00:00,1,2,3,4,0,0.00000000,22.30000000,22.30000000,0.00000000
2001-02-03T04:10:00,1,2,3,4,10,0.00183333,22.21666667,22.28083333,0.00185626
2001-02-03T04:20:00,1,2,3,4,20,0.00366667,22.13333333,22.26166667,0.00371285
2001-02-03T04:30:00,1,2,3,4,30,0.00550000,22.05000000,22.24250000,0.00556976
2001-02-03T04:40:00,1,2,3,4,40,0.00733333,21.96666667,22.22333333,0.00742700
2001-02-03T04:50:00,1,2,3,4,50,0.00916667,21.88333333,22.20416667,0.00928456
2001-02-03T05:00:00,1,2,3,5,0,0.01100000,21.80000000,22.18500000,0.01114244
2001-02-03T05:10:00,1,2,3,5,10,0.03050000,21.88333333,22.95083333,0.03078750
2001-02-03T05:20:00,1,2,3,5,20,0.05000000,21.96666667,23.71666667,0.05029517
2001-02-03T05:30:00,1,2,3,5,30,0.06950000,22.05000000,24.48250000,0.06966544
2001-02-03T05:40:00,1,2,3,5,40,0.08900000,22.13333333,25.24833333,0.08889833
2001-02-03T05:50:00,1,2,3,5,50,0.10850000,22.21666667,26.01416667,0.10799383
2001-02-03T06:00:00,1,2,3,6,0,0.12800000,22.30000000,26.78000000,0.12695194
2001-02-03T06:10:00,1,2,3,6,10,0.12983333,22.55000000,27.09416667,0.12858263
2001-02-03T06:20:00,1,2,3,6,20,0.13166667,22.80000000,27.40833333,0.13020802
2001-02-03T06:30:00,1,2,3,6,30,0.13350000,23.05000000,27.72250000,0.13182811
2001-02-03T06:40:00,1,2,3,6,40,0.13533333,23.30000000,28.03666667,0.13344291
2001-02-03T06:50:00,1,2,3,6,50,0.13716667,23.55000000,28.35083333,0.13505240
2001-02-03T07:00:00,1,2,3,7,0,0.13900000,23.80000000,28.66500000,0.13665660
2001-02-03T07:10:00,1,2,3,7,10,0.19166667,23.88333333,30.59166667,0.18673668
2001-02-03T07:20:00,1,2,3,7,20,0.24433333,23.96666667,32.51833333,0.23588323
2001-02-03T07:30:00,1,2,3,7,30,0.29700000,24.05000000,34.44500000,0.28409624
2001-02-03T07:40:00,1,2,3,7,40,0.34966667,24.13333333,36.37166667,0.33137572
2001-02-03T07:50:00,1,2,3,7,50,0.40233333,24.21666667,38.29833333,0.37772166
2001-02-03T08:00:00,1,2,3,8,0,0.45500000,24.30000000,40.22500000,0.42313408
2001-02-03T08:10:00,1,2,3,8,10,0.44866667,24.71666667,40.42000000,0.41684184
2001-02-03T08:20:00,1,2,3,8,20,0.44233333,25.13333333,40.61500000,0.41056097
2001-02-03T08:30:00,1,2,3,8,30,0.43600000,25.55000000,40.81000000,0.40429146
2001-02-03T08:40:00,1,2,3,8,40,0.42966667,25.96666667,41.00500000,0.39803332
2001-02-03T08:50:00,1,2,3,8,50,0.42333333,26.38333333,41.20000000,0.39178653
2001-02-03T09:00:00,1,2,3,9,0,0.41700000,26.80000000,41.39500000,0.38555111
2001-02-03T09:10:00,1,2,3,9,10,0.44166667,26.91666667,42.37500000,0.40636646
2001-02-03T09:20:00,1,2,3,9,20,0.46633333,27.03333333,43.35500000,0.42695941
2001-02-03T09:30:00,1,2,3,9,30,0.49100000,27.15000000,44.33500000,0.44732997
2001-02-03T09:40:00,1,2,3,9,40,0.51566667,27.26666667,45.31500000,0.46747813
2001-02-03T09:50:00,1,2,3,9,50,0.54033333,27.38333333,46.29500000,0.48740390
2001-02-03T10:00:00,1,2,3,10,0,0.56500000,27.50000000,47.27500000,0.50710727
2001-02-03T10:10:00,1,2,3,10,10,0.63566667,27.70000000,49.94833333,0.56271608
2001-02-03T10:20:00,1,2,3,10,20,0.70633333,27.90000000,52.62166667,0.61658686
2001-02-03T10:30:00,1,2,3,10,30,0.77700000,28.10000000,55.29500000,0.66871961
2001-02-03T10:40:00,1,2,3,10,40,0.84766667,28.30000000,57.96833333,0.71911434
2001-02-03T10:50:00,1,2,3,10,50,0.91833333,28.50000000,60.64166667,0.76777105
2001-02-03T11:00:00,1,2,3,11,0,0.98900000,28.70000000,63.31500000,0.81468974
2001-02-03T11:10:00,1,2,3,11,10,0.95783333,29.15000000,62.67416667,0.79183970
2001-02-03T11:20:00,1,2,3,11,20,0.92666667,29.60000000,62.03333333,0.76880591
2001-02-03T11:30:00,1,2,3,11,30,0.89550000,30.05000000,61.39250000,0.74558837
2001-02-03T11:40:00,1,2,3,11,40,0.86433333,30.50000000,60.75166667,0.72218709
2001-02-03T11:50:00,1,2,3,11,50,0.83316667,30.95000000,60.11083333,0.69860206
2001-02-03T12:00:00,1,2,3,12,0,0.80200000,31.40000000,59.47000000,0.67483328
2001-02-03T12:10:00,1,2,3,12,10,0.78100000,31.33333333,58.66833333,0.66004315
2001-02-03T12:20:00,1,2,3,12,20,0.76000000,31.26666667,57.86666667,0.64509813
2001-02-03T12:30:00,1,2,3,12,30,0.73900000,31.20000000,57.06500000,0.62999824
2001-02-03T12:40:00,1,2,3,12,40,0.71800000,31.13333333,56.26333333,0.61474346
2001-02-03T12:50:00,1,2,3,12,50,0.69700000,31.06666667,55.46166667,0.59933380
2001-02-03T13:00:00,1,2,3,13,0,0.67600000,31.00000000,54.66000000,0.58376926
2001-02-03T13:10:00,1,2,3,13,10,0.65883333,30.71666667,53.77583333,0.57162433
2001-02-03T13:20:00,1,2,3,13,20,0.64166667,30.43333333,52.89166667,0.55933976
2001-02-03T13:30:00,1,2,3,13,30,0.62450000,30.15000000,52.00750000,0.54691555
2001-02-03T13:40:00,1,2,3,13,40,0.60733333,29.86666667,51.12333333,0.53435171
2001-02-03T13:50:00,1,2,3,13,50,0.59016667,29.58333333,50.23916667,0.52164822
2001-02-03T14:00:00,1,2,3,14,0,0.57300000,29.30000000,49.35500000,0.50880509
2001-02-03T14:10:00,1,2,3,14,10,0.53683333,29.30000000,48.08916667,0.47981618
2001-02-03T14:20:00,1,2,3,14,20,0.50066667,29.30000000,46.82333333,0.45040608
2001-02-03T14:30:00,1,2,3,14,30,0.46450000,29.30000000,45.55750000,0.42057479
2001-02-03T14:40:00,1,2,3,14,40,0.42833333,29.30000000,44.29166667,0.39032232
2001-02-03T14:50:00,1,2,3,14,50,0.39216667,29.30000000,43.02583333,0.35964866
2001-02-03T15:00:00,1,2,3,15,0,0.35600000,29.30000000,41.76000000,0.32855382
2001-02-03T15:10:00,1,2,3,15,10,0.34116667,28.98333333,40.92416667,0.31617581
2001-02-03T15:20:00,1,2,3,15,20,0.32633333,28.66666667,40.08833333,0.30368373
2001-02-03T15:30:00,1,2,3,15,30,0.31150000,28.35000000,39.25250000,0.29107759
2001-02-03T15:40:00,1,2,3,15,40,0.29666667,28.03333333,38.41666667,0.27835739
2001-02-03T15:50:00,1,2,3,15,50,0.28183333,27.71666667,37.58083333,0.26552312
2001-02-03T16:00:00,1,2,3,16,0,0.26700000,27.40000000,36.74500000,0.25257479
2001-02-03T16:10:00,1,2,3,16,10,0.24533333,27.28333333,35.87000000,0.23306618
2001-02-03T16:20:00,1,2,3,16,20,0.22366667,27.16666667,34.99500000,0.21338314
2001-02-03T16:30:00,1,2,3,16,30,0.20200000,27.05000000,34.12000000,0.19352570
2001-02-03T16:40:00,1,2,3,16,40,0.18033333,26.93333333,33.24500000,0.17349383
2001-02-03T16:50:00,1,2,3,16,50,0.15866667,26.81666667,32.37000000,0.15328755
2001-02-03T17:00:00,1,2,3,17,0,0.13700000,26.70000000,31.49500000,0.13290685
2001-02-03T17:10:00,1,2,3,17,10,0.11666667,26.41666667,30.50000000,0.11371500
2001-02-03T17:20:00,1,2,3,17,20,0.09633333,26.13333333,29.50500000,0.09433702
2001-02-03T17:30:00,1,2,3,17,30,0.07600000,25.85000000,28.51000000,0.07477290
2001-02-03T17:40:00,1,2,3,17,40,0.05566667,25.56666667,27.51500000,0.05502266
2001-02-03T17:50:00,1,2,3,17,50,0.03533333,25.28333333,26.52000000,0.03508628
2001-02-03T18:00:00,1,2,3,18,0,0.01500000,25.00000000,25.52500000,0.01496378
2001-02-03T18:10:00,1,2,3,18,10,0.01250000,24.76666667,25.20416667,0.01248826
2001-02-03T18:20:00,1,2,3,18,20,0.01000000,24.53333333,24.88333333,0.01000537
2001-02-03T18:30:00,1,2,3,18,30,0.00750000,24.30000000,24.56250000,0.00751509
2001-02-03T18:40:00,1,2,3,18,40,0.00500000,24.06666667,24.24166667,0.00501744
2001-02-03T18:50:00,1,2,3,18,50,0.00250000,23.83333333,23.92083333,0.00251241
2001-02-03T19:00:00,1,2,3,19,0,0.00000000,23.60000000,23.60000000,0.00000000
2001-02-03T19:10:00,1,2,3,19,10,0.00000000,23.48333333,23.48333333,0.00000000
2001-02-03T19:20:00,1,2,3,19,20,0.00000000,23.36666667,23.36666667,0.00000000
2001-02-03T19:30:00,1,2,3,19,30,0.00000000,23.25000000,23.25000000,0.00000000
2001-02-03T19:40:00,1,2,3,19,40,0.00000000,23.13333333,23.13333333,0.00000000
2001-02-03T19:50:00,1,2,3,19,50,0.00000000,23.01666667,23.01666667,0.00000000
2001-02-03T20:00:00,1,2,3,20,0,0.00000000,22.90000000,22.90000000,0.00000000
2001-02-03T20:10:00,1,2,3,20,10,0.00000000,22.90000000,22.90000000,0.00000000
2001-02-03T20:20:00,1,2,3,20,20,0.00000000,22.90000000,22.90000000,0.00000000
2001-02-03T20:30:00,1,2,3,20,30,0.00000000,22.90000000,22.90000000,0.00000000
2001-02-03T20:40:00,1,2,3,20,40,0.00000000,22.90000000,22.90000000,0.00000000
2001-02-03T20:50:00,1,2,3,20,50,0.00000000,22.90000000,22.90000000,0.00000000
2001-02-03T21:00:00,1,2,3,21,0,0.00000000,22.90000000,22.90000000,0.00000000
2001-02-03T21:10:00,1,2,3,21,10,0.00000000,22.80000000,22.80000000,0.00000000
2001-02-03T21:20:00,1,2,3,21,20,0.00000000,22.70000000,22.70000000,0.00000000
2001-02-03T21:30:00,1,2,3,21,30,0.00000000,22.60000000,22.60000000,0.00000000
2001-02-03T21:40:00,1,2,3,21,40,0.00000000,22.50000000,22.50000000,0.00000000
2001-02-03T21:50:00,1,2,3,21,50,0.00000000,22.40000000,22.40000000,0.00000000
2001-02-03T22:00:00,1,2,3,22,0,0.00000000,22.30000000,22.30000000,0.00000000
2001-02-03T22:10:00,1,2,3,22,10,0.00000000,22.21666667,22.21666667,0.00000000
2001-02-03T22:20:00,1,2,3,22,20,0.00000000,22.13333333,22.13333333,0.00000000
2001-02-03T22:30:00,1,2,3,22,30,0.00000000,22.05000000,22.05000000,0.00000000
2001-02-03T22:40:00,1,2,3,22,40,0.00000000,21.96666667,21.96666667,0.00000000
2001-02-03T22:50:00,1,2,3,22,50,0.00000000,21.88333333,21.88333333,0.00000000
2001-02-03T23:00:00,1,2,3,23,0,0.00000000,21.80000000,21.80000000,0.00000000
2001-02-03T23:10:00,1,2,3,23,10,0.00000000,21.75000000,21.75000000,0.00000000
2001-02-03T23:20:00,1,2,3,23,20,0.00000000,21.70000000,21.70000000,0.00000000
2001-02-03T23:30:00,1,2,3,23,30,0.00000000,21.65000000,21.65000000,0.00000000
2001-02-03T23:40:00,1,2,3,23,40,0.00000000,21.60000000,21.60000000,0.00000000
2001-02-03T23:50:00,1,2,3,23,50,0.00000000,21.55000000,21.55000000,0.00000000
2001-02-04T00:00:00,1,2,4,0,0,0.00000000,21.50000000,21.50000000,0.00000000
2001-02-04T00:10:00,1,2,4,0,10,0.00000000,21.46666667,21.46666667,0.00000000
2001-02-04T00:20:00,1,2,4,0,20,0.00000000,21.43333333,21.43333333,0.00000000
2001-02-04T00:30:00,1,2,4,0,30,0.00000000,21.40000000,21.40000000,0.00000000
2001-02-04T00:40:00,1,2,4,0,40,0.00000000,21.36666667,21.36666667,0.00000000
2001-02-04T00:50:00,1,2,4,0,50,0.00000000,21.33333333,21.33333333,0.00000000
2001-02-04T01:00:00,1,2,4,1,0,0.00000000,21.30000000,21.30000000,0.00000000
2001-02-04T01:10:00,1,2,4,1,10,0.00000000,21.20000000,21.20000000,0.00000000
2001-02-04T01:20:00,1,2,4,1,20,0.00000000,21.10000000,21.10000000,0.00000000
2001-02-04T01:30:00,1,2,4,1,30,0.00000000,21.00000000,21.00000000,0.00000000
2001-02-04T01:40:00,1,2,4,1,40,0.00000000,20.90000000,20.90000000,0.00000000
2001-02-04T01:50:00,1,2,4,1,50,0.00000000,20.80000000,20.80000000,0.00000000
2001-02-04T02:00:00,1,2,4,2,0,0.00000000,20.70000000,20.70000000,0.00000000
2001-02-04T02:10:00,1,2,4,2,10,0.00000000,20.70000000,20.70000000,0.00000000
2001-02-04T02:20:00,1,2,4,2,20,0.00000000,20.70000000,20.70000000,0.00000000
2001-02-04T02:30:00,1,2,4,2,30,0.00000000,20.70000000,20.70000000,0.00000000
2001-02-04T02:40:00,1,2,4,2,40,0.00000000,20.70000000,20.70000000,0.00000000
2001-02-04T02:50:00,1,2,4,2,50,0.00000000,20.70000000,20.70000000,0.00000000
2001-02-04T03:00:00,1,2,4,3,0,0.00000000,20.70000000,20.70000000,0.00000000
2001-02-04T03:10:00,1,2,4,3,10,0.00000000,20.61666667,20.61666667,0.00000000
2001-02-04T03:20:00,1,2,4,3,20,0.00000000,20.53333333,20.53333333,0.00000000
2001-02-04T03:30:00,1,2,4,3,30,0.00000000,20.45000000,20.45000000,0.00000000
2001-02-04T03:40:00,1,2,4,3,40,0.00000000,20.36666667,20.36666667,0.00000000
2001-02-04T03:50:00,1,2,4,3,50,0.00000000,20.28333333,20.28333333,0.00000000
2001-02-04T04:00:00,1,2,4,4,0,0.00000000,20.20000000,20.20000000,0.00000000
2001-02-04T04:10:00,1,2,4,4,10,0.00200000,20.20000000,20.27000000,0.00204352
2001-02-04T04:20:00,1,2,4,4,20,0.00400000,20.20000000,20.34000000,0.00408574
2001-02-04T04:30:00,1,2,4,4,30,0.00600000,20.20000000,20.41000000,0.00612668
2001-02-04T04:40:00,1,2,4,4,40,0.00800000,20.20000000,20.48000000,0.00816634
2001-02-04T04:50:00,1,2,4,4,50,0.01000000,20.20000000,20.55000000,0.01020470
2001-02-04T05:00:00,1,2,4,5,0,0.01200000,20.20000000,20.62000000,0.01224178
2001-02-04T05:10:00,1,2,4,5,10,0.01883333,20.23333333,20.89250000,0.01918918
2001-02-04T05:20:00,1,2,4,5,20,0.02566667,20.26666667,21.16500000,0.02611945
2001-02-04T05:30:00,1,2,4,5,30,0.03250000,20.30000000,21.43750000,0.03303259
2001-02-04T05:40:00,1,2,4,5,40,0.03933333,20.33333333,21.71000000,0.03992860
2001-02-04T05:50:00,1,2,4,5,50,0.04616667,20.36666667,21.98250000,0.04680748
2001-02-04T06:00:00,1,2,4,6,0,0.05300000,20.40000000,22.25500000,0.05366923
2001-02-04T06:10:00,1,2,4,6,10,0.07750000,20.71666667,23.42916667,0.07806000
2001-02-04T06:20:00,1,2,4,6,20,0.10200000,21.03333333,24.60333333,0.10218612
2001-02-04T06:30:00,1,2,4,6,30,0.12650000,21.35000000,25.77750000,0.12604757
2001-02-04T06:40:00,1,2,4,6,40,0.15100000,21.66666667,26.95166667,0.14964437
2001-02-04T06:50:00,1,2,4,6,50,0.17550000,21.98333333,28.12583333,0.17297651
2001-02-04T07:00:00,1,2,4,7,0,0.20000000,22.30000000,29.30000000,0.19604400
2001-02-04T07:10:00,1,2,4,7,10,0.25383333,22.43333333,31.31750000,0.24645681
2001-02-04T07:20:00,1,2,4,7,20,0.30766667,22.56666667,33.33500000,0.29587042
2001-02-04T07:30:00,1,2,4,7,30,0.36150000,22.70000000,35.35250000,0.34428483
2001-02-04T07:40:00,1,2,4,7,40,0.41533333,22.83333333,37.37000000,0.39170004
2001-02-04T07:50:00,1,2,4,7,50,0.46916667,22.96666667,39.38750000,0.43811604
2001-02-04T08:00:00,1,2,4,8,0,0.52300000,23.10000000,41.40500000,0.48353285
2001-02-04T08:10:00,1,2,4,8,10,0.50000000,23.50000000,41.00000000,0.46320000
2001-02-04T08:20:00,1,2,4,8,20,0.47700000,23.90000000,40.59500000,0.44278145
2001-02-04T08:30:00,1,2,4,8,30,0.45400000,24.30000000,40.19000000,0.42227720
2001-02-04T08:40:00,1,2,4,8,40,0.43100000,24.70000000,39.78500000,0.40168726
2001-02-04T08:50:00,1,2,4,8,50,0.40800000,25.10000000,39.38000000,0.38101162
2001-02-04T09:00:00,1,2,4,9,0,0.38500000,25.50000000,38.97500000,0.36025028
2001-02-04T09:10:00,1,2,4,9,10,0.39083333,25.45000000,39.12916667,0.36543145
2001-02-04T09:20:00,1,2,4,9,20,0.39666667,25.40000000,39.28333333,0.37060434
2001-02-04T09:30:00,1,2,4,9,30,0.40250000,25.35000000,39.43750000,0.37576897
2001-02-04T09:40:00,1,2,4,9,40,0.40833333,25.30000000,39.59166667,0.38092532
2001-02-04T09:50:00,1,2,4,9,50,0.41416667,25.25000000,39.74583333,0.38607340
2001-02-04T10:00:00,1,2,4,10,0,0.42000000,25.20000000,39.90000000,0.39121320
2001-02-04T10:10:00,1,2,4,10,10,0.52133333,25.30000000,43.54666667,0.47685595
2001-02-04T10:20:00,1,2,4,10,20,0.62266667,25.40000000,47.19333333,0.55909904
2001-02-04T10:30:00,1,2,4,10,30,0.72400000,25.50000000,50.84000000,0.63794246
2001-02-04T10:40:00,1,2,4,10,40,0.82533333,25.60000000,54.48666667,0.71338622
2001-02-04T10:50:00,1,2,4,10,50,0.92666667,25.70000000,58.13333333,0.78543031
2001-02-04T11:00:00,1,2,4,11,0,1.02800000,25.80000000,61.78000000,0.85407474
2001-02-04T11:10:00,1,2,4,11,10,0.97200000,26.50000000,60.52000000,0.81318298
2001-02-04T11:20:00,1,2,4,11,20,0.91600000,27.20000000,59.26000000,0.77164206
2001-02-04T11:30:00,1,2,4,11,30,0.86000000,27.90000000,58.00000000,0.72945200
2001-02-04T11:40:00,1,2,4,11,40,0.80400000,28.60000000,56.74000000,0.68661278
2001-02-04T11:50:00,1,2,4,11,50,0.74800000,29.30000000,55.48000000,0.64312442
2001-02-04T12:00:00,1,2,4,12,0,0.69200000,30.00000000,54.22000000,0.59898690
2001-02-04T12:10:00,1,2,4,12,10,0.72600000,29.71666667,55.12666667,0.62538898
2001-02-04T12:20:00,1,2,4,12,20,0.76000000,29.43333333,56.03333333,0.65150747
2001-02-04T12:30:00,1,2,4,12,30,0.79400000,29.15000000,56.94000000,0.67734234
2001-02-04T12:40:00,1,2,4,12,40,0.82800000,28.86666667,57.84666667,0.70289362
2001-02-04T12:50:00,1,2,4,12,50,0.86200000,28.58333333,58.75333333,0.72816128
2001-02-04T13:00:00,1,2,4,13,0,0.89600000,28.30000000,59.66000000,0.75314534
2001-02-04T13:10:00,1,2,4,13,10,0.86500000,28.50000000,58.77500000,0.73060928
2001-02-04T13:20:00,1,2,4,13,20,0.83400000,28.70000000,57.89000000,0.70782080
2001-02-04T13:30:00,1,2,4,13,30,0.80300000,28.90000000,57.00500000,0.68477993
2001-02-04T13:40:00,1,2,4,13,40,0.77200000,29.10000000,56.12000000,0.66148666
2001-02-04T13:50:00,1,2,4,13,50,0.74100000,29.30000000,55.23500000,0.63794098
2001-02-04T14:00:00,1,2,4,14,0,0.71000000,29.50000000,54.35000000,0.61414290
2001-02-04T14:10:00,1,2,4,14,10,0.64400000,29.35000000,51.89000000,0.56434106
2001-02-04T14:20:00,1,2,4,14,20,0.57800000,29.20000000,49.43000000,0.51304552
2001-02-04T14:30:00,1,2,4,14,30,0.51200000,29.05000000,46.97000000,0.46025626
2001-02-04T14:40:00,1,2,4,14,40,0.44600000,28.90000000,44.51000000,0.40597328
2001-02-04T14:50:00,1,2,4,14,50,0.38000000,28.75000000,42.05000000,0.35019660
2001-02-04T15:00:00,1,2,4,15,0,0.31400000,28.60000000,39.59000000,0.29292620
2001-02-04T15:10:00,1,2,4,15,10,0.31100000,28.30000000,39.18500000,0.29070694
2001-02-04T15:20:00,1,2,4,15,20,0.30800000,28.00000000,38.78000000,0.28847650
2001-02-04T15:30:00,1,2,4,15,30,0.30500000,27.70000000,38.37500000,0.28623487
2001-02-04T15:40:00,1,2,4,15,40,0.30200000,27.40000000,37.97000000,0.28398208
2001-02-04T15:50:00,1,2,4,15,50,0.29900000,27.10000000,37.56500000,0.28171810
2001-02-04T16:00:00,1,2,4,16,0,0.29600000,26.80000000,37.16000000,0.27944294
2001-02-04T16:10:00,1,2,4,16,10,0.27366667,26.81666667,36.39500000,0.25932188
2001-02-04T16:20:00,1,2,4,16,20,0.25133333,26.83333333,35.63000000,0.23904364
2001-02-04T16:30:00,1,2,4,16,30,0.22900000,26.85000000,34.86500000,0.21860821
2001-02-04T16:40:00,1,2,4,16,40,0.20666667,26.86666667,34.10000000,0.19801560
2001-02-04T16:50:00,1,2,4,16,50,0.18433333,26.88333333,33.33500000,0.17726581
2001-02-04T17:00:00,1,2,4,17,0,0.16200000,26.90000000,32.57000000,0.15635884
2001-02-04T17:10:00,1,2,4,17,10,0.13750000,26.66666667,31.47916667,0.13340193
2001-02-04T17:20:00,1,2,4,17,20,0.11300000,26.43333333,30.38833333,0.11019914
2001-02-04T17:30:00,1,2,4,17,30,0.08850000,26.20000000,29.29750000,0.08675049
2001-02-04T17:40:00,1,2,4,17,40,0.06400000,25.96666667,28.20666667,0.06305596
2001-02-04T17:50:00,1,2,4,17,50,0.03950000,25.73333333,27.11583333,0.03911555
2001-02-04T18:00:00,1,2,4,18,0,0.01500000,25.50000000,26.02500000,0.01492927
2001-02-04T18:10:00,1,2,4,18,10,0.01250000,25.36666667,25.80416667,0.01245376
2001-02-04T18:20:00,1,2,4,18,20,0.01000000,25.23333333,25.58333333,0.00997317
2001-02-04T18:30:00,1,2,4,18,30,0.00750000,25.10000000,25.36250000,0.00748749
2001-02-04T18:40:00,1,2,4,18,40,0.00500000,24.96666667,25.14166667,0.00499674
2001-02-04T18:50:00,1,2,4,18,50,0.00250000,24.83333333,24.92083333,0.00250091
2001-02-04T19:00:00,1,2,4,19,0,0.00000000,24.70000000,24.70000000,0.00000000
2001-02-04T19:10:00,1,2,4,19,10,0.00000000,24.63333333,24.63333333,0.00000000
2001-02-04T19:20:00,1,2,4,19,20,0.00000000,24.56666667,24.56666667,0.00000000
2001-02-04T19:30:00,1,2,4,19,30,0.00000000,24.50000000,24.50000000,0.00000000
2001-02-04T19:40:00,1,2,4,19,40,0.00000000,24.43333333,24.43333333,0.00000000
2001-02-04T19:50:00,1,2,4,19,50,0.00000000,24.36666667,24.36666667,0.00000000
2001-02-04T20:00:00,1,2,4,20,0,0.00000000,24.30000000,24.30000000,0.00000000
2001-02-04T20:10:00,1,2,4,20,10,0.00000000,24.28333333,24.28333333,0.00000000
2001-02-04T20:20:00,1,2,4,20,20,0.00000000,24.26666667,24.26666667,0.00000000
2001-02-04T20:30:00,1,2,4,20,30,0.00000000,24.25000000,24.25000000,0.00000000
2001-02-04T20:40:00,1,2,4,20,40,0.00000000,24.23333333,24.23333333,0.00000000
2001-02-04T20:50:00,1,2,4,20,50,0.00000000,24.21666667,24.21666667,0.00000000
2001-02-04T21:00:00,1,2,4,21,0,0.00000000,24.20000000,24.20000000,0.00000000
2001-02-04T21:10:00,1,2,4,21,10,0.00000000,24.06666667,24.06666667,0.00000000
2001-02-04T21:20:00,1,2,4,21,20,0.00000000,23.93333333,23.93333333,0.00000000
2001-02-04T21:30:00,1,2,4,21,30,0.00000000,23.80000000,23.80000000,0.00000000
2001-02-04T21:40:00,1,2,4,21,40,0.00000000,23.66666667,23.66666667,0.00000000
2001-02-04T21:50:00,1,2,4,21,50,0.00000000,23.53333333,23.53333333,0.00000000
2001-02-04T22:00:00,1,2,4,22,0,0.00000000,23.40000000,23.40000000,0.00000000
2001-02-04T22:10:00,1,2,4,22,10,0.00000000,23.31666667,23.31666667,0.00000000
2001-02-04T22:20:00,1,2,4,22,20,0.00000000,23.23333333,23.23333333,0.00000000
2001-02-04T22:30:00,1,2,4,22,30,0.00000000,23.15000000,23.15000000,0.00000000
2001-02-04T22:40:00,1,2,4,22,40,0.00000000,23.06666667,23.06666667,0.00000000
2001-02-04T22:50:00,1,2,4,22,50,0.00000000,22.98333333,22.98333333,0.00000000
2001-02-04T23:00:00,1,2,4,23,0,0.00000000,22.90000000,22.90000000,0.00000000
2001-02-04T23:10:00,1,2,4,23,10,0.00000000,22.95000000,22.95000000,0.00000000
2001-02-04T23:20:00,1,2,4,23,20,0.00000000,23.00000000,23.00000000,0.00000000
2001-02-04T23:30:00,1,2,4,23,30,0.00000000,23.05000000,23.05000000,0.00000000
2001-02-04T23:40:00,1,2,4,23,40,0.00000000,23.10000000,23.10000000,0.00000000
2001-02-04T23:50:00,1,2,4,23,50,0.00000000,23.15000000,23.15000000,0.00000000
2001-02-05T00:00:00,1,2,5,0,0,0.00000000,23.20000000,23.20000000,0.00000000
2001-02-05T00:10:00,1,2,5,0,10,0.00000000,23.18333333,23.18333333,0.00000000
2001-02-05T00:20:00,1,2,5,0,20,0.00000000,23.16666667,23.16666667,0.00000000
2001-02-05T00:30:00,1,2,5,0,30,0.00000000,23.15000000,23.15000000,0.00000000
2001-02-05T00:40:00,1,2,5,0,40,0.00000000,23.13333333,23.13333333,0.00000000
2001-02-05T00:50:00,1,2,5,0,50,0.00000000,23.11666667,23.11666667,0.00000000
2001-02-05T01:00:00,1,2,5,1,0,0.00000000,23.10000000,23.10000000,0.00000000
2001-02-05T01:10:00,1,2,5,1,10,0.00000000,22.96666667,22.96666667,0.00000000
2001-02-05T01:20:00,1,2,5,1,20,0.00000000,22.83333333,22.83333333,0.00000000
2001-02-05T01:30:00,1,2,5,1,30,0.00000000,22.70000000,22.70000000,0.00000000
2001-02-05T01:40:00,1,2,5,1,40,0.00000000,22.56666667,22.56666667,0.00000000
2001-02-05T01:50:00,1,2,5,1,50,0.00000000,22.43333333,22.43333333,0.00000000
2001-02-05T02:00:00,1,2,5,2,0,0.00000000,22.30000000,22.30000000,0.00000000
2001-02-05T02:10:00,1,2,5,2,10,0.00000000,22.28333333,22.28333333,0.00000000
2001-02-05T02:20:00,1,2,5,2,20,0.00000000,22.26666667,22.26666667,0.00000000
2001-02-05T02:30:00,1,2,5,2,30,0.00000000,22.25000000,22.25000000,0.00000000
2001-02-05T02:40:00,1,2,5,2,40,0.00000000,22.23333333,22.23333333,0.00000000
2001-02-05T02:50:00,1,2,5,2,50,0.00000000,22.21666667,22.21666667,0.00000000
2001-02-05T03:00:00,1,2,5,3,0,0.00000000,22.20000000,22.20000000,0.00000000
2001-02-05T03:10:00,1,2,5,3,10,0.00000000,22.11666667,22.11666667,0.00000000
2001-02-05T03:20:00,1,2,5,3,20,0.00000000,22.03333333,22.03333333,0.00000000
2001-02-05T03:30:00,1,2,5,3,30,0.00000000,21.95000000,21.95000000,0.00000000
2001-02-05T03:40:00,1,2,5,3,40,0.00000000,21.86666667,21.86666667,0.00000000
2001-02-05T03:50:00,1,2,5,3,50,0.00000000,21.78333333,21.78333333,0.00000000
2001-02-05T04:00:00,1,2,5,4,0,0.00000000,21.70000000,21.70000000,0.00000000
2001-02-05T04:10:00,1,2,5,4,10,0.00166667,21.73333333,21.79166667,0.00169126
2001-02-05T04:20:00,1,2,5,4,20,0.00333333,21.76666667,21.88333333,0.00338112
2001-02-05T04:30:00,1,2,5,4,30,0.00500000,21.80000000,21.97500000,0.00506957
2001-02-05T04:40:00,1,2,5,4,40,0.00666667,21.83333333,22.06666667,0.00675662
2001-02-05T04:50:00,1,2,5,4,50,0.00833333,21.86666667,22.15833333,0.00844226
2001-02-05T05:00:00,1,2,5,5,0,0.01000000,21.90000000,22.25000000,0.01012650
2001-02-05T05:10:00,1,2,5,5,10,0.01516667,21.88333333,22.41416667,0.01534707
2001-02-05T05:20:00,1,2,5,5,20,0.02033333,21.86666667,22.57833333,0.02055984
2001-02-05T05:30:00,1,2,5,5,30,0.02550000,21.85000000,22.74250000,0.02576480
2001-02-05T05:40:00,1,2,5,5,40,0.03066667,21.83333333,22.90666667,0.03096197
2001-02-05T05:50:00,1,2,5,5,50,0.03583333,21.81666667,23.07083333,0.03615132
2001-02-05T06:00:00,1,2,5,6,0,0.04100000,21.80000000,23.23500000,0.04133288
2001-02-05T06:10:00,1,2,5,6,10,0.09933333,22.01666667,25.49333333,0.09910791
2001-02-05T06:20:00,1,2,5,6,20,0.15766667,22.23333333,27.75166667,0.15567097
2001-02-05T06:30:00,1,2,5,6,30,0.21600000,22.45000000,30.01000000,0.21102206
2001-02-05T06:40:00,1,2,5,6,40,0.27433333,22.66666667,32.26833333,0.26516118
2001-02-05T06:50:00,1,2,5,6,50,0.33266667,22.88333333,34.52666667,0.31808833
2001-02-05T07:00:00,1,2,5,7,0,0.39100000,23.10000000,36.78500000,0.36980350
2001-02-05T07:10:00,1,2,5,7,10,0.40583333,23.68333333,37.88750000,0.38177452
2001-02-05T07:20:00,1,2,5,7,20,0.42066667,24.26666667,38.99000000,0.39359508
2001-02-05T07:30:00,1,2,5,7,30,0.43550000,24.85000000,40.09250000,0.40526519
2001-02-05T07:40:00,1,2,5,7,40,0.45033333,25.43333333,41.19500000,0.41678485
2001-02-05T07:50:00,1,2,5,7,50,0.46516667,26.01666667,42.29750000,0.42815405
2001-02-05T08:00:00,1,2,5,8,0,0.48000000,26.60000000,43.40000000,0.43937280
2001-02-05T08:10:00,1,2,5,8,10,0.49666667,26.86666667,44.25000000,0.45268683
2001-02-05T08:20:00,1,2,5,8,20,0.51333333,27.13333333,45.10000000,0.46587053
2001-02-05T08:30:00,1,2,5,8,30,0.53000000,27.40000000,45.95000000,0.47892390
2001-02-05T08:40:00,1,2,5,8,40,0.54666667,27.66666667,46.80000000,0.49184693
2001-02-05T08:50:00,1,2,5,8,50,0.56333333,27.93333333,47.65000000,0.50463963
2001-02-05T09:00:00,1,2,5,9,0,0.58000000,28.20000000,48.50000000,0.51730200
2001-02-05T09:10:00,1,2,5,9,10,0.57016667,28.53333333,48.48916667,0.50856006
2001-02-05T09:20:00,1,2,5,9,20,0.56033333,28.86666667,48.47833333,0.49981715
2001-02-05T09:30:00,1,2,5,9,30,0.55050000,29.20000000,48.46750000,0.49107325
2001-02-05T09:40:00,1,2,5,9,40,0.54066667,29.53333333,48.45666667,0.48232837
2001-02-05T09:50:00,1,2,5,9,50,0.53083333,29.86666667,48.44583333,0.47358252
2001-02-05T10:00:00,1,2,5,10,0,0.52100000,30.20000000,48.43500000,0.46483568
2001-02-05T10:10:00,1,2,5,10,10,0.58316667,30.00000000,50.41083333,0.51500041
2001-02-05T10:20:00,1,2,5,10,20,0.64533333,29.80000000,52.38666667,0.56403510
2001-02-05T10:30:00,1,2,5,10,30,0.70750000,29.60000000,54.36250000,0.61193974
2001-02-05T10:40:00,1,2,5,10,40,0.76966667,29.40000000,56.33833333,0.65871434
2001-02-05T10:50:00,1,2,5,10,50,0.83183333,29.20000000,58.31416667,0.70435890
2001-02-05T11:00:00,1,2,5,11,0,0.89400000,29.00000000,60.29000000,0.74887340
2001-02-05T11:10:00,1,2,5,11,10,0.86533333,29.76666667,60.05333333,0.72580237
2001-02-05T11:20:00,1,2,5,11,20,0.83666667,30.53333333,59.81666667,0.70266892
2001-02-05T11:30:00,1,2,5,11,30,0.80800000,31.30000000,59.58000000,0.67947306
2001-02-05T11:40:00,1,2,5,11,40,0.77933333,32.06666667,59.34333333,0.65621477
2001-02-05T11:50:00,1,2,5,11,50,0.75066667,32.83333333,59.10666667,0.63289407
2001-02-05T12:00:00,1,2,5,12,0,0.72200000,33.60000000,58.87000000,0.60951096
2001-02-05T12:10:00,1,2,5,12,10,0.67850000,33.31666667,57.06416667,0.57842453
2001-02-05T12:20:00,1,2,5,12,20,0.63500000,33.03333333,55.25833333,0.54661541
2001-02-05T12:30:00,1,2,5,12,30,0.59150000,32.75000000,53.45250000,0.51408359
2001-02-05T12:40:00,1,2,5,12,40,0.54800000,32.46666667,51.64666667,0.48082908
2001-02-05T12:50:00,1,2,5,12,50,0.50450000,32.18333333,49.84083333,0.44685188
2001-02-05T13:00:00,1,2,5,13,0,0.46100000,31.90000000,48.03500000,0.41215198
2001-02-05T13:10:00,1,2,5,13,10,0.43383333,31.41666667,46.60083333,0.39072599
2001-02-05T13:20:00,1,2,5,13,20,0.40666667,30.93333333,45.16666667,0.36894156
2001-02-05T13:30:00,1,2,5,13,30,0.37950000,30.45000000,43.73250000,0.34679867
2001-02-05T13:40:00,1,2,5,13,40,0.35233333,29.96666667,42.29833333,0.32429735
2001-02-05T13:50:00,1,2,5,13,50,0.32516667,29.48333333,40.86416667,0.30143757
2001-02-05T14:00:00,1,2,5,14,0,0.29800000,29.00000000,39.43000000,0.27821936
2001-02-05T14:10:00,1,2,5,14,10,0.32866667,28.68333333,40.18666667,0.30570645
2001-02-05T14:20:00,1,2,5,14,20,0.35933333,28.36666667,40.94333333,0.33298007
2001-02-05T14:30:00,1,2,5,14,30,0.39000000,28.05000000,41.70000000,0.36004020
2001-02-05T14:40:00,1,2,5,14,40,0.42066667,27.73333333,42.45666667,0.38688685
2001-02-05T14:50:00,1,2,5,14,50,0.45133333,27.41666667,43.21333333,0.41352002
2001-02-05T15:00:00,1,2,5,15,0,0.48200000,27.10000000,43.97000000,0.43993972
2001-02-05T15:10:00,1,2,5,15,10,0.44266667,27.48333333,42.97666667,0.40606138
2001-02-05T15:20:00,1,2,5,15,20,0.40333333,27.86666667,41.98333333,0.37182359
2001-02-05T15:30:00,1,2,5,15,30,0.36400000,28.25000000,40.99000000,0.33722634
2001-02-05T15:40:00,1,2,5,15,40,0.32466667,28.63333333,39.99666667,0.30226964
2001-02-05T15:50:00,1,2,5,15,50,0.28533333,29.01666667,39.00333333,0.26695349
2001-02-05T16:00:00,1,2,5,16,0,0.24600000,29.40000000,38.01000000,0.23127788
2001-02-05T16:10:00,1,2,5,16,10,0.22750000,28.83333333,36.79583333,0.21515566
2001-02-05T16:20:00,1,2,5,16,20,0.20900000,28.26666667,35.58166667,0.19882679
2001-02-05T16:30:00,1,2,5,16,30,0.19050000,27.70000000,34.36750000,0.18229126
2001-02-05T16:40:00,1,2,5,16,40,0.17200000,27.13333333,33.15333333,0.16554908
2001-02-05T16:50:00,1,2,5,16,50,0.15350000,26.56666667,31.93916667,0.14860025
2001-02-05T17:00:00,1,2,5,17,0,0.13500000,26.00000000,30.72500000,0.13144478
2001-02-05T17:10:00,1,2,5,17,10,0.11466667,25.86666667,29.88000000,0.11209263
2001-02-05T17:20:00,1,2,5,17,20,0.09433333,25.73333333,29.03500000,0.09258241
2001-02-05T17:30:00,1,2,5,17,30,0.07400000,25.60000000,28.19000000,0.07291412
2001-02-05T17:40:00,1,2,5,17,40,0.05366667,25.46666667,27.34500000,0.05308776
2001-02-05T17:50:00,1,2,5,17,50,0.03333333,25.33333333,26.50000000,0.03310333
2001-02-05T18:00:00,1,2,5,18,0,0.01300000,25.20000000,25.65500000,0.01296083
2001-02-05T18:10:00,1,2,5,18,10,0.01083333,24.88333333,25.26250000,0.01082025
2001-02-05T18:20:00,1,2,5,18,20,0.00866667,24.56666667,24.87000000,0.00867185
2001-02-05T18:30:00,1,2,5,18,30,0.00650000,24.25000000,24.47750000,0.00651562
2001-02-05T18:40:00,1,2,5,18,40,0.00433333,23.93333333,24.08500000,0.00435157
2001-02-05T18:50:00,1,2,5,18,50,0.00216667,23.61666667,23.69250000,0.00217970
2001-02-05T19:00:00,1,2,5,19,0,0.00000000,23.30000000,23.30000000,0.00000000
2001-02-05T19:10:00,1,2,5,19,10,0.00000000,23.16666667,23.16666667,0.00000000
2001-02-05T19:20:00,1,2,5,19,20,0.00000000,23.03333333,23.03333333,0.00000000
2001-02-05T19:30:00,1,2,5,19,30,0.00000000,22.90000000,22.90000000,0.00000000
2001-02-05T19:40:00,1,2,5,19,40,0.00000000,22.76666667,22.76666667,0.00000000
2001-02-05T19:50:00,1,2,5,19,50,0.00000000,22.63333333,22.63333333,0.00000000
2001-02-05T20:00:00,1,2,5,20,0,0.00000000,22.50000000,22.50000000,0.00000000
2001-02-05T20:10:00,1,2,5,20,10,0.00000000,22.46666667,22.46666667,0.00000000
2001-02-05T20:20:00,1,2,5,20,20,0.00000000,22.43333333,22.43333333,0.00000000
2001-02-05T20:30:00,1,2,5,20,30,0.00000000,22.40000000,22.40000000,0.00000000
2001-02-05T20:40:00,1,2,5,20,40,0.00000000,22.36666667,22.36666667,0.00000000
2001-02-05T20:50:00,1,2,5,20,50,0.00000000,22.33333333,22.33333333,0.00000000
2001-02-05T21:00:00,1,2,5,21,0,0.00000000,22.30000000,22.30000000,0.00000000
2001-02-05T21:10:00,1,2,5,21,10,0.00000000,22.11666667,22.11666667,0.00000000
2001-02-05T21:20:00,1,2,5,21,20,0.00000000,21.93333333,21.93333333,0.00000000
2001-02-05T21:30:00,1,2,5,21,30,0.00000000,21.75000000,21.75000000,0.00000000
2001-02-05T21:40:00,1,2,5,21,40,0.00000000,21.56666667,21.56666667,0.00000000
2001-02-05T21:50:00,1,2,5,21,50,0.00000000,21.38333333,21.38333333,0.00000000
2001-02-05T22:00:00,1,2,5,22,0,0.00000000,21.20000000,21.20000000,0.00000000
2001-02-05T22:10:00,1,2,5,22,10,0.00000000,21.20000000,21.20000000,0.00000000
2001-02-05T22:20:00,1,2,5,22,20,0.00000000,21.20000000,21.20000000,0.00000000
2001-02-05T22:30:00,1,2,5,22,30,0.00000000,21.20000000,21.20000000,0.00000000
2001-02-05T22:40:00,1,2,5,22,40,0.00000000,21.20000000,21.20000000,0.00000000
2001-02-05T22:50:00,1,2,5,22,50,0.00000000,21.20000000,21.20000000,0.00000000
2001-02-05T23:00:00,1,2,5,23,0,0.00000000,21.20000000,21.20000000,0.00000000
2001-02-05T23:10:00,1,2,5,23,10,0.00000000,21.13333333,21.13333333,0.00000000
2001-02-05T23:20:00,1,2,5,23,20,0.00000000,21.06666667,21.06666667,0.00000000
2001-02-05T23:30:00,1,2,5,23,30,0.00000000,21.00000000,21.00000000,0.00000000
2001-02-05T23:40:00,1,2,5,23,40,0.00000000,20.93333333,20.93333333,0.00000000
2001-02-05T23:50:00,1,2,5,23,50,0.00000000,20.86666667,20.86666667,0.00000000
2001-02-06T00:00:00,1,2,6,0,0,0.00000000,20.80000000,20.80000000,0.00000000
2001-02-06T00:10:00,1,2,6,0,10,0.00000000,20.78333333,20.78333333,0.00000000
2001-02-06T00:20:00,1,2,6,0,20,0.00000000,20.76666667,20.76666667,0.00000000
2001-02-06T00:30:00,1,2,6,0,30,0.00000000,20.75000000,20.75000000,0.00000000
2001-02-06T00:40:00,1,2,6,0,40,0.00000000,20.73333333,20.73333333,0.00000000
2001-02-06T00:50:00,1,2,6,0,50,0.00000000,20.71666667,20.71666667,0.00000000
2001-02-06T01:00:00,1,2,6,1,0,0.00000000,20.70000000,20.70000000,0.00000000
2001-02-06T01:10:00,1,2,6,1,10,0.00000000,20.58333333,20.58333333,0.00000000
2001-02-06T01:20:00,1,2,6,1,20,0.00000000,20.46666667,20.46666667,0.00000000
2001-02-06T01:30:00,1,2,6,1,30,0.00000000,20.35000000,20.35000000,0.00000000
2001-02-06T01:40:00,1,2,6,1,40,0.00000000,20.23333333,20.23333333,0.00000000
2001-02-06T01:50:00,1,2,6,1,50,0.00000000,20.11666667,20.11666667,0.00000000
2001-02-06T02:00:00,1,2,6,2,0,0.00000000,20.00000000,20.00000000,0.00000000
2001-02-06T02:10:00,1,2,6,2,10,0.00000000,19.96666667,19.96666667,0.00000000
2001-02-06T02:20:00,1,2,6,2,20,0.00000000,19.93333333,19.93333333,0.00000000
2001-02-06T02:30:00,1,2,6,2,30,0.00000000,19.90000000,19.90000000,0.00000000
2001-02-06T02:40:00,1,2,6,2,40,0.00000000,19.86666667,19.86666667,0.00000000
2001-02-06T02:50:00,1,2,6,2,50,0.00000000,19.83333333,19.83333333,0.00000000
2001-02-06T03:00:00,1,2,6,3,0,0.00000000,19.80000000,19.80000000,0.00000000
2001-02-06T03:10:00,1,2,6,3,10,0.00000000,19.78333333,19.78333333,0.00000000
2001-02-06T03:20:00,1,2,6,3,20,0.00000000,19.76666667,19.76666667,0.00000000
2001-02-06T03:30:00,1,2,6,3,30,0.00000000,19.75000000,19.75000000,0.00000000
2001-02-06T03:40:00,1,2,6,3,40,0.00000000,19.73333333,19.73333333,0.00000000
2001-02-06T03:50:00,1,2,6,3,50,0.00000000,19.71666667,19.71666667,0.00000000
2001-02-06T04:00:00,1,2,6,4,0,0.00000000,19.70000000,19.70000000,0.00000000
2001-02-06T04:10:00,1,2,6,4,10,0.00166667,19.71666667,19.77500000,0.00170672
2001-02-06T04:20:00,1,2,6,4,20,0.00333333,19.73333333,19.85000000,0.00341230
2001-02-06T04:30:00,1,2,6,4,30,0.00500000,19.75000000,19.92500000,0.00511672
2001-02-06T04:40:00,1,2,6,4,40,0.00666667,19.76666667,20.00000000,0.00682000
2001-02-06T04:50:00,1,2,6,4,50,0.00833333,19.78333333,20.07500000,0.00852213
2001-02-06T05:00:00,1,2,6,5,0,0.01000000,19.80000000,20.15000000,0.01022310
2001-02-06T05:10:00,1,2,6,5,10,0.03383333,19.91666667,21.10083333,0.03444017
2001-02-06T05:20:00,1,2,6,5,20,0.05766667,20.03333333,22.05166667,0.05844876
2001-02-06T05:30:00,1,2,6,5,30,0.08150000,20.15000000,23.00250000,0.08224886
2001-02-06T05:40:00,1,2,6,5,40,0.10533333,20.26666667,23.95333333,0.10584048
2001-02-06T05:50:00,1,2,6,5,50,0.12916667,20.38333333,24.90416667,0.12922361
2001-02-06T06:00:00,1,2,6,6,0,0.15300000,20.50000000,25.85500000,0.15239825
2001-02-06T06:10:00,1,2,6,6,10,0.16300000,20.75000000,26.45500000,0.16190904
2001-02-06T06:20:00,1,2,6,6,20,0.17300000,21.00000000,27.05500000,0.17136463
2001-02-06T06:30:00,1,2,6,6,30,0.18300000,21.25000000,27.65500000,0.18076502
2001-02-06T06:40:00,1,2,6,6,40,0.19300000,21.50000000,28.25500000,0.19011021
2001-02-06T06:50:00,1,2,6,6,50,0.20300000,21.75000000,28.85500000,0.19940020
2001-02-06T07:00:00,1,2,6,7,0,0.21300000,22.00000000,29.45500000,0.20863499
2001-02-06T07:10:00,1,2,6,7,10,0.22116667,22.05000000,29.79083333,0.21629263
2001-02-06T07:20:00,1,2,6,7,20,0.22933333,22.10000000,30.12666667,0.22392504
2001-02-06T07:30:00,1,2,6,7,30,0.23750000,22.15000000,30.46250000,0.23153222
2001-02-06T07:40:00,1,2,6,7,40,0.24566667,22.20000000,30.79833333,0.23911416
2001-02-06T07:50:00,1,2,6,7,50,0.25383333,22.25000000,31.13416667,0.24667088
2001-02-06T08:00:00,1,2,6,8,0,0.26200000,22.30000000,31.47000000,0.25420236
2001-02-06T08:10:00,1,2,6,8,10,0.35683333,22.45000000,34.93916667,0.34051885
2001-02-06T08:20:00,1,2,6,8,20,0.45166667,22.60000000,38.40833333,0.42380862
2001-02-06T08:30:00,1,2,6,8,30,0.54650000,22.75000000,41.87750000,0.50407165
2001-02-06T08:40:00,1,2,6,8,40,0.64133333,22.90000000,45.34666667,0.58130795
2001-02-06T08:50:00,1,2,6,8,50,0.73616667,23.05000000,48.81583333,0.65551752
2001-02-06T09:00:00,1,2,6,9,0,0.83100000,23.20000000,52.28500000,0.72670036
2001-02-06T09:10:00,1,2,6,9,10,0.84816667,23.66666667,53.35250000,0.73754750
2001-02-06T09:20:00,1,2,6,9,20,0.86533333,24.13333333,54.42000000,0.74822604
2001-02-06T09:30:00,1,2,6,9,30,0.88250000,24.60000000,55.48750000,0.75873599
2001-02-06T09:40:00,1,2,6,9,40,0.89966667,25.06666667,56.55500000,0.76907735
2001-02-06T09:50:00,1,2,6,9,50,0.91683333,25.53333333,57.62250000,0.77925011
2001-02-06T10:00:00,1,2,6,10,0,0.93400000,26.00000000,58.69000000,0.78925428
2001-02-06T10:10:00,1,2,6,10,10,0.92383333,26.30000000,58.63416667,0.78090046
2001-02-06T10:20:00,1,2,6,10,20,0.91366667,26.60000000,58.57833333,0.77254141
2001-02-06T10:30:00,1,2,6,10,30,0.90350000,26.90000000,58.52250000,0.76417714
2001-02-06T10:40:00,1,2,6,10,40,0.89333333,27.20000000,58.46666667,0.75580764
2001-02-06T10:50:00,1,2,6,10,50,0.88316667,27.50000000,58.41083333,0.74743293
2001-02-06T11:00:00,1,2,6,11,0,0.87300000,27.80000000,58.35500000,0.73905299
2001-02-06T11:10:00,1,2,6,11,10,0.81850000,27.71666667,56.36416667,0.70041078
2001-02-06T11:20:00,1,2,6,11,20,0.76400000,27.63333333,54.37333333,0.66077036
2001-02-06T11:30:00,1,2,6,11,30,0.70950000,27.55000000,52.38250000,0.62013173
2001-02-06T11:40:00,1,2,6,11,40,0.65500000,27.46666667,50.39166667,0.57849491
2001-02-06T11:50:00,1,2,6,11,50,0.60050000,27.38333333,48.40083333,0.53585988
2001-02-06T12:00:00,1,2,6,12,0,0.54600000,27.30000000,46.41000000,0.49222664
2001-02-06T12:10:00,1,2,6,12,10,0.53650000,27.05000000,45.82750000,0.48509981
2001-02-06T12:20:00,1,2,6,12,20,0.52700000,26.80000000,45.24500000,0.47792207
2001-02-06T12:30:00,1,2,6,12,30,0.51750000,26.55000000,44.66250000,0.47069342
2001-02-06T12:40:00,1,2,6,12,40,0.50800000,26.30000000,44.08000000,0.46341386
2001-02-06T12:50:00,1,2,6,12,50,0.49850000,26.05000000,43.49750000,0.45608338
2001-02-06T13:00:00,1,2,6,13,0,0.48900000,25.80000000,42.91500000,0.44870200
2001-02-06T13:10:00,1,2,6,13,10,0.54000000,25.81666667,44.71666667,0.49102380
2001-02-06T13:20:00,1,2,6,13,20,0.59100000,25.83333333,46.51833333,0.53250026
2001-02-06T13:30:00,1,2,6,13,30,0.64200000,25.85000000,48.32000000,0.57313138
2001-02-06T13:40:00,1,2,6,13,40,0.69300000,25.86666667,50.12166667,0.61291715
2001-02-06T13:50:00,1,2,6,13,50,0.74400000,25.88333333,51.92333333,0.65185758
2001-02-06T14:00:00,1,2,6,14,0,0.79500000,25.90000000,53.72500000,0.68995268
2001-02-06T14:10:00,1,2,6,14,10,0.76716667,26.18333333,53.03416667,0.66823503
2001-02-06T14:20:00,1,2,6,14,20,0.73933333,26.46666667,52.34333333,0.64634048
2001-02-06T14:30:00,1,2,6,14,30,0.71150000,26.75000000,51.65250000,0.62426903
2001-02-06T14:40:00,1,2,6,14,40,0.68366667,27.03333333,50.96166667,0.60202069
2001-02-06T14:50:00,1,2,6,14,50,0.65583333,27.31666667,50.27083333,0.57959544
2001-02-06T15:00:00,1,2,6,15,0,0.62800000,27.60000000,49.58000000,0.55699330
2001-02-06T15:10:00,1,2,6,15,10,0.56133333,27.38333333,47.03000000,0.50444894
2001-02-06T15:20:00,1,2,6,15,20,0.49466667,27.16666667,44.48000000,0.45034058
2001-02-06T15:30:00,1,2,6,15,30,0.42800000,26.95000000,41.93000000,0.39466822
2001-02-06T15:40:00,1,2,6,15,40,0.36133333,26.73333333,39.38000000,0.33743186
2001-02-06T15:50:00,1,2,6,15,50,0.29466667,26.51666667,36.83000000,0.27863150
2001-02-06T16:00:00,1,2,6,16,0,0.22800000,26.30000000,34.28000000,0.21826714
2001-02-06T16:10:00,1,2,6,16,10,0.20383333,25.93333333,33.06750000,0.19626898
2001-02-06T16:20:00,1,2,6,16,20,0.17966667,25.56666667,31.85500000,0.17400124
2001-02-06T16:30:00,1,2,6,16,30,0.15550000,25.20000000,30.64250000,0.15146392
2001-02-06T16:40:00,1,2,6,16,40,0.13133333,24.83333333,29.43000000,0.12865702
2001-02-06T16:50:00,1,2,6,16,50,0.10716667,24.46666667,28.21750000,0.10558055
2001-02-06T17:00:00,1,2,6,17,0,0.08300000,24.10000000,27.00500000,0.08223449
2001-02-06T17:10:00,1,2,6,17,10,0.07150000,23.93333333,26.43583333,0.07102775
2001-02-06T17:20:00,1,2,6,17,20,0.06000000,23.76666667,25.86666667,0.05976080
2001-02-06T17:30:00,1,2,6,17,30,0.04850000,23.60000000,25.29750000,0.04843363
2001-02-06T17:40:00,1,2,6,17,40,0.03700000,23.43333333,24.72833333,0.03704624
2001-02-06T17:50:00,1,2,6,17,50,0.02550000,23.26666667,24.15916667,0.02559863
2001-02-06T18:00:00,1,2,6,18,0,0.01400000,23.10000000,23.59000000,0.01409080
2001-02-06T18:10:00,1,2,6,18,10,0.01166667,23.03333333,23.44166667,0.01175030
2001-02-06T18:20:00,1,2,6,18,20,0.00933333,22.96666667,23.29333333,0.00940661
2001-02-06T18:30:00,1,2,6,18,30,0.00700000,22.90000000,23.14500000,0.00705973
2001-02-06T18:40:00,1,2,6,18,40,0.00466667,22.83333333,22.99666667,0.00470967
2001-02-06T18:50:00,1,2,6,18,50,0.00233333,22.76666667,22.84833333,0.00235643
2001-02-06T19:00:00,1,2,6,19,0,0.00000000,22.70000000,22.70000000,0.00000000
2001-02-06T19:10:00,1,2,6,19,10,0.00000000,22.71666667,22.71666667,0.00000000
2001-02-06T19:20:00,1,2,6,19,20,0.00000000,22.73333333,22.73333333,0.00000000
2001-02-06T19:30:00,1,2,6,19,30,0.00000000,22.75000000,22.75000000,0.00000000
2001-02-06T19:40:00,1,2,6,19,40,0.00000000,22.76666667,22.76666667,0.00000000
2001-02-06T19:50:00,1,2,6,19,50,0.00000000,22.78333333,22.78333333,0.00000000
2001-02-06T20:00:00,1,2,6,20,0,0.00000000,22.80000000,22.80000000,0.00000000
2001-02-06T20:10:00,1,2,6,20,10,0.00000000,22.66666667,22.66666667,0.00000000
2001-02-06T20:20:00,1,2,6,20,20,0.00000000,22.53333333,22.53333333,0.00000000
2001-02-06T20:30:00,1,2,6,20,30,0.00000000,22.40000000,22.40000000,0.00000000
2001-02-06T20:40:00,1,2,6,20,40,0.00000000,22.26666667,22.26666667,0.00000000
2001-02-06T20:50:00,1,2,6,20,50,0.00000000,22.13333333,22.13333333,0.00000000
2001-02-06T21:00:00,1,2,6,21,0,0.00000000,22.00000000,22.00000000,0.00000000
2001-02-06T21:10:00,1,2,6,21,10,0.00000000,21.93333333,21.93333333,0.00000000
2001-02-06T21:20:00,1,2,6,21,20,0.00000000,21.86666667,21.86666667,0.00000000
2001-02-06T21:30:00,1,2,6,21,30,0.00000000,21.80000000,21.80000000,0.00000000
2001-02-06T21:40:00,1,2,6,21,40,0.00000000,21.73333333,21.73333333,0.00000000
2001-02-06T21:50:00,1,2,6,21,50,0.00000000,21.66666667,21.66666667,0.00000000
2001-02-06T22:00:00,1,2,6,22,0,0.00000000,21.60000000,21.60000000,0.00000000
2001-02-06T22:10:00,1,2,6,22,10,0.00000000,21.58333333,21.58333333,0.00000000
2001-02-06T22:20:00,1,2,6,22,20,0.00000000,21.56666667,21.56666667,0.00000000
2001-02-06T22:30:00,1,2,6,22,30,0.00000000,21.55000000,21.55000000,0.00000000
2001-02-06T22:40:00,1,2,6,22,40,0.00000000,21.53333333,21.53333333,0.00000000
2001-02-06T22:50:00,1,2,6,22,50,0.00000000,21.51666667,21.51666667,0.00000000
2001-02-06T23:00:00,1,2,6,23,0,0.00000000,21.50000000,21.50000000,0.00000000
2001-02-06T23:10:00,1,2,6,23,10,0.00000000,21.38333333,21.38333333,0.00000000
2001-02-06T23:20:00,1,2,6,23,20,0.00000000,21.26666667,21.26666667,0.00000000
2001-02-06T23:30:00,1,2,6,23,30,0.00000000,21.15000000,21.15000000,0.00000000
2001-02-06T23:40:00,1,2,6,23,40,0.00000000,21.03333333,21.03333333,0.00000000
2001-02-06T23:50:00,1,2,6,23,50,0.00000000,20.91666667,20.91666667,0.00000000
2001-02-07T00:00:00,1,2,7,0,0,0.00000000,20.80000000,20.80000000,0.00000000
2001-02-07T00:10:00,1,2,7,0,10,0.00000000,20.78333333,20.78333333,0.00000000
2001-02-07T00:20:00,1,2,7,0,20,0.00000000,20.76666667,20.76666667,0.00000000
2001-02-07T00:30:00,1,2,7,0,30,0.00000000,20.75000000,20.75000000,0.00000000
2001-02-07T00:40:00,1,2,7,0,40,0.00000000,20.73333333,20.73333333,0.00000000
2001-02-07T00:50:00,1,2,7,0,50,0.00000000,20.71666667,20.71666667,0.00000000
2001-02-07T01:00:00,1,2,7,1,0,0.00000000,20.70000000,20.70000000,0.00000000
2001-02-07T01:10:00,1,2,7,1,10,0.00000000,20.65000000,20.65000000,0.00000000
2001-02-07T01:20:00,1,2,7,1,20,0.00000000,20.60000000,20.60000000,0.00000000
2001-02-07T01:30:00,1,2,7,1,30,0.00000000,20.55000000,20.55000000,0.00000000
2001-02-07T01:40:00,1,2,7,1,40,0.00000000,20.50000000,20.50000000,0.00000000
2001-02-07T01:50:00,1,2,7,1,50,0.00000000,20.45000000,20.45000000,0.00000000
2001-02-07T02:00:00,1,2,7,2,0,0.00000000,20.40000000,20.40000000,0.00000000
2001-02-07T02:10:00,1,2,7,2,10,0.00000000,20.35000000,20.35000000,0.00000000
2001-02-07T02:20:00,1,2,7,2,20,0.00000000,20.30000000,20.30000000,0.00000000
2001-02-07T02:30:00,1,2,7,2,30,0.00000000,20.25000000,20.25000000,0.00000000
2001-02-07T02:40:00,1,2,7,2,40,0.00000000,20.20000000,20.20000000,0.00000000
2001-02-07T02:50:00,1,2,7,2,50,0.00000000,20.15000000,20.15000000,0.00000000
2001-02-07T03:00:00,1,2,7,3,0,0.00000000,20.10000000,20.10000000,0.00000000
2001-02-07T03:10:00,1,2,7,3,10,0.00000000,20.06666667,20.06666667,0.00000000
2001-02-07T03:20:00,1,2,7,3,20,0.00000000,20.03333333,20.03333333,0.00000000
2001-02-07T03:30:00,1,2,7,3,30,0.00000000,20.00000000,20.00000000,0.00000000
2001-02-07T03:40:00,1,2,7,3,40,0.00000000,19.96666667,19.96666667,0.00000000
2001-02-07T03:50:00,1,2,7,3,50,0.00000000,19.93333333,19.93333333,0.00000000
2001-02-07T04:00:00,1,2,7,4,0,0.00000000,19.90000000,19.90000000,0.00000000
2001-02-07T04:10:00,1,2,7,4,10,0.00216667,19.93333333,20.00916667,0.00221641
2001-02-07T04:20:00,1,2,7,4,20,0.00433333,19.96666667,20.11833333,0.00443064
2001-02-07T04:30:00,1,2,7,4,30,0.00650000,20.00000000,20.22750000,0.00664270
2001-02-07T04:40:00,1,2,7,4,40,0.00866667,20.03333333,20.33666667,0.00885258
2001-02-07T04:50:00,1,2,7,4,50,0.01083333,20.06666667,20.44583333,0.01106028
2001-02-07T05:00:00,1,2,7,5,0,0.01300000,20.10000000,20.55500000,0.01326581
2001-02-07T05:10:00,1,2,7,5,10,0.03866667,20.11666667,21.47000000,0.03929454
2001-02-07T05:20:00,1,2,7,5,20,0.06433333,20.13333333,22.38500000,0.06510720
2001-02-07T05:30:00,1,2,7,5,30,0.09000000,20.15000000,23.30000000,0.09070380
2001-02-07T05:40:00,1,2,7,5,40,0.11566667,20.16666667,24.21500000,0.11608434
2001-02-07T05:50:00,1,2,7,5,50,0.14133333,20.18333333,25.13000000,0.14124882
2001-02-07T06:00:00,1,2,7,6,0,0.16700000,20.20000000,26.04500000,0.16619723
2001-02-07T06:10:00,1,2,7,6,10,0.20133333,20.58333333,27.63000000,0.19889760
2001-02-07T06:20:00,1,2,7,6,20,0.23566667,20.96666667,29.21500000,0.23109733
2001-02-07T06:30:00,1,2,7,6,30,0.27000000,21.35000000,30.80000000,0.26279640
2001-02-07T06:40:00,1,2,7,6,40,0.30433333,21.73333333,32.38500000,0.29399483
2001-02-07T06:50:00,1,2,7,6,50,0.33866667,22.11666667,33.97000000,0.32469260
2001-02-07T07:00:00,1,2,7,7,0,0.37300000,22.50000000,35.55500000,0.35488973
2001-02-07T07:10:00,1,2,7,7,10,0.39150000,22.80000000,36.50250000,0.37078515
2001-02-07T07:20:00,1,2,7,7,20,0.41000000,23.10000000,37.45000000,0.38651930
2001-02-07T07:30:00,1,2,7,7,30,0.42850000,23.40000000,38.39750000,0.40209219
2001-02-07T07:40:00,1,2,7,7,40,0.44700000,23.70000000,39.34500000,0.41750381
2001-02-07T07:50:00,1,2,7,7,50,0.46550000,24.00000000,40.29250000,0.43275417
2001-02-07T08:00:00,1,2,7,8,0,0.48400000,24.30000000,41.24000000,0.44784326
2001-02-07T08:10:00,1,2,7,8,10,0.51283333,24.41666667,42.36583333,0.47186675
2001-02-07T08:20:00,1,2,7,8,20,0.54166667,24.53333333,43.49166667,0.49559160
2001-02-07T08:30:00,1,2,7,8,30,0.57050000,24.65000000,44.61750000,0.51901779
2001-02-07T08:40:00,1,2,7,8,40,0.59933333,24.76666667,45.74333333,0.54214535
2001-02-07T08:50:00,1,2,7,8,50,0.62816667,24.88333333,46.86916667,0.56497425
2001-02-07T09:00:00,1,2,7,9,0,0.65700000,25.00000000,47.99500000,0.58750451
2001-02-07T09:10:00,1,2,7,9,10,0.71316667,25.26666667,50.22750000,0.63040617
2001-02-07T09:20:00,1,2,7,9,20,0.76933333,25.53333333,52.46000000,0.67215422
2001-02-07T09:30:00,1,2,7,9,30,0.82550000,25.80000000,54.69250000,0.71274867
2001-02-07T09:40:00,1,2,7,9,40,0.88166667,26.06666667,56.92500000,0.75218951
2001-02-07T09:50:00,1,2,7,9,50,0.93783333,26.33333333,59.15750000,0.79047674
2001-02-07T10:00:00,1,2,7,10,0,0.99400000,26.60000000,61.39000000,0.82761036
2001-02-07T10:10:00,1,2,7,10,10,0.97433333,26.98333333,61.08500000,0.81260277
2001-02-07T10:20:00,1,2,7,10,20,0.95466667,27.36666667,60.78000000,0.79753999
2001-02-07T10:30:00,1,2,7,10,30,0.93500000,27.75000000,60.47500000,0.78242202
2001-02-07T10:40:00,1,2,7,10,40,0.91533333,28.13333333,60.17000000,0.76724888
2001-02-07T10:50:00,1,2,7,10,50,0.89566667,28.51666667,59.86500000,0.75202054
2001-02-07T11:00:00,1,2,7,11,0,0.87600000,28.90000000,59.56000000,0.73673702
2001-02-07T11:10:00,1,2,7,11,10,0.89233333,28.86666667,60.09833333,0.74826403
2001-02-07T11:20:00,1,2,7,11,20,0.90866667,28.83333333,60.63666667,0.75971015
2001-02-07T11:30:00,1,2,7,11,30,0.92500000,28.80000000,61.17500000,0.77107538
2001-02-07T11:40:00,1,2,7,11,40,0.94133333,28.76666667,61.71333333,0.78235970
2001-02-07T11:50:00,1,2,7,11,50,0.95766667,28.73333333,62.25166667,0.79356314
2001-02-07T12:00:00,1,2,7,12,0,0.97400000,28.70000000,62.79000000,0.80468568
2001-02-07T12:10:00,1,2,7,12,10,0.94900000,28.73333333,61.94833333,0.78770575
2001-02-07T12:20:00,1,2,7,12,20,0.92400000,28.76666667,61.10666667,0.77053222
2001-02-07T12:30:00,1,2,7,12,30,0.89900000,28.80000000,60.26500000,0.75316512
2001-02-07T12:40:00,1,2,7,12,40,0.87400000,28.83333333,59.42333333,0.73560443
2001-02-07T12:50:00,1,2,7,12,50,0.84900000,28.86666667,58.58166667,0.71785016
2001-02-07T13:00:00,1,2,7,13,0,0.82400000,28.90000000,57.74000000,0.69990230
2001-02-07T13:10:00,1,2,7,13,10,0.82583333,28.86666667,57.77083333,0.70134240
2001-02-07T13:20:00,1,2,7,13,20,0.82766667,28.83333333,57.80166667,0.70278197
2001-02-07T13:30:00,1,2,7,13,30,0.82950000,28.80000000,57.83250000,0.70422103
2001-02-07T13:40:00,1,2,7,13,40,0.83133333,28.76666667,57.86333333,0.70565956
2001-02-07T13:50:00,1,2,7,13,50,0.83316667,28.73333333,57.89416667,0.70709758
2001-02-07T14:00:00,1,2,7,14,0,0.83500000,28.70000000,57.92500000,0.70853508
2001-02-07T14:10:00,1,2,7,14,10,0.79250000,28.80000000,56.53750000,0.67753004
2001-02-07T14:20:00,1,2,7,14,20,0.75000000,28.90000000,55.15000000,0.64598250
2001-02-07T14:30:00,1,2,7,14,30,0.70750000,29.00000000,53.76250000,0.61389244
2001-02-07T14:40:00,1,2,7,14,40,0.66500000,29.10000000,52.37500000,0.58125987
2001-02-07T14:50:00,1,2,7,14,50,0.62250000,29.20000000,50.98750000,0.54808479
2001-02-07T15:00:00,1,2,7,15,0,0.58000000,29.30000000,49.60000000,0.51436720
2001-02-07T15:10:00,1,2,7,15,10,0.54300000,29.00000000,48.00500000,0.48553811
2001-02-07T15:20:00,1,2,7,15,20,0.50600000,28.70000000,46.41000000,0.45616608
2001-02-07T15:30:00,1,2,7,15,30,0.46900000,28.40000000,44.81500000,0.42625112
2001-02-07T15:40:00,1,2,7,15,40,0.43200000,28.10000000,43.22000000,0.39579322
2001-02-07T15:50:00,1,2,7,15,50,0.39500000,27.80000000,41.62500000,0.36479238
2001-02-07T16:00:00,1,2,7,16,0,0.35800000,27.50000000,40.03000000,0.33324860
2001-02-07T16:10:00,1,2,7,16,10,0.31733333,27.40000000,38.50666667,0.29761720
2001-02-07T16:20:00,1,2,7,16,20,0.27666667,27.30000000,36.98333333,0.26141588
2001-02-07T16:30:00,1,2,7,16,30,0.23600000,27.20000000,35.46000000,0.22464462
2001-02-07T16:40:00,1,2,7,16,40,0.19533333,27.10000000,33.93666667,0.18730344
2001-02-07T16:50:00,1,2,7,16,50,0.15466667,27.00000000,32.41333333,0.14939233
2001-02-07T17:00:00,1,2,7,17,0,0.11400000,26.90000000,30.89000000,0.11091128
2001-02-07T17:10:00,1,2,7,17,10,0.09766667,26.51666667,29.93500000,0.09544954
2001-02-07T17:20:00,1,2,7,17,20,0.08133333,26.13333333,28.98000000,0.07984428
2001-02-07T17:30:00,1,2,7,17,30,0.06500000,25.75000000,28.02500000,0.06409553
2001-02-07T17:40:00,1,2,7,17,40,0.04866667,25.36666667,27.07000000,0.04820326
2001-02-07T17:50:00,1,2,7,17,50,0.03233333,24.98333333,26.11500000,0.03216750
2001-02-07T18:00:00,1,2,7,18,0,0.01600000,24.60000000,25.16000000,0.01598822
2001-02-07T18:10:00,1,2,7,18,10,0.01333333,24.58333333,25.05000000,0.01333027
2001-02-07T18:20:00,1,2,7,18,20,0.01066667,24.56666667,24.94000000,0.01066961
2001-02-07T18:30:00,1,2,7,18,30,0.00800000,24.55000000,24.83000000,0.00800626
2001-02-07T18:40:00,1,2,7,18,40,0.00533333,24.53333333,24.72000000,0.00534020
2001-02-07T18:50:00,1,2,7,18,50,0.00266667,24.51666667,24.61000000,0.00267145
2001-02-07T19:00:00,1,2,7,19,0,0.00000000,24.50000000,24.50000000,0.00000000
2001-02-07T19:10:00,1,2,7,19,10,0.00000000,24.38333333,24.38333333,0.00000000
2001-02-07T19:20:00,1,2,7,19,20,0.00000000,24.26666667,24.26666667,0.00000000
2001-02-07T19:30:00,1,2,7,19,30,0.00000000,24.15000000,24.15000000,0.00000000
2001-02-07T19:40:00,1,2,7,19,40,0.00000000,24.03333333,24.03333333,0.00000000
2001-02-07T19:50:00,1,2,7,19,50,0.00000000,23.91666667,23.91666667,0.00000000
2001-02-07T20:00:00,1,2,7,20,0,0.00000000,23.80000000,23.80000000,0.00000000
2001-02-07T20:10:00,1,2,7,20,10,0.00000000,23.73333333,23.73333333,0.00000000
2001-02-07T20:20:00,1,2,7,20,20,0.00000000,23.66666667,23.66666667,0.00000000
2001-02-07T20:30:00,1,2,7,20,30,0.00000000,23.60000000,23.60000000,0.00000000
2001-02-07T20:40:00,1,2,7,20,40,0.00000000,23.53333333,23.53333333,0.00000000
2001-02-07T20:50:00,1,2,7,20,50,0.00000000,23.46666667,23.46666667,0.00000000
2001-02-07T21:00:00,1,2,7,21,0,0.00000000,23.40000000,23.40000000,0.00000000
2001-02-07T21:10:00,1,2,7,21,10,0.00000000,23.30000000,23.30000000,0.00000000
2001-02-07T21:20:00,1,2,7,21,20,0.00000000,23.20000000,23.20000000,0.00000000
2001-02-07T21:30:00,1,2,7,21,30,0.00000000,23.10000000,23.10000000,0.00000000
2001-02-07T21:40:00,1,2,7,21,40,0.00000000,23.00000000,23.00000000,0.00000000
2001-02-07T21:50:00,1,2,7,21,50,0.00000000,22.90000000,22.90000000,0.00000000
2001-02-07T22:00:00,1,2,7,22,0,0.00000000,22.80000000,22.80000000,0.00000000
2001-02-07T22:10:00,1,2,7,22,10,0.00000000,22.80000000,22.80000000,0.00000000
2001-02-07T22:20:00,1,2,7,22,20,0.00000000,22.80000000,22.80000000,0.00000000
2001-02-07T22:30:00,1,2,7,22,30,0.00000000,22.80000000,22.80000000,0.00000000
2001-02-07T22:40:00,1,2,7,22,40,0.00000000,22.80000000,22.80000000,0.00000000
2001-02-07T22:50:00,1,2,7,22,50,0.00000000,22.80000000,22.80000000,0.00000000
2001-02-07T23:00:00,1,2,7,23,0,0.00000000,22.80000000,22.80000000,0.00000000
2001-02-07T23:10:00,1,2,7,23,10,0.00000000,22.70000000,22.70000000,0.00000000
2001-02-07T23:20:00,1,2,7,23,20,0.00000000,22.60000000,22.60000000,0.00000000
2001-02-07T23:30:00,1,2,7,23,30,0.00000000,22.50000000,22.50000000,0.00000000
2001-02-07T23:40:00,1,2,7,23,40,0.00000000,22.40000000,22.40000000,0.00000000
2001-02-07T23:50:00,1,2,7,23,50,0.00000000,22.30000000,22.30000000,0.00000000
2001-02-08T00:00:00,1,2,8,0,0,0.00000000,22.20000000,22.20000000,0.00000000
2001-02-08T00:10:00,1,2,8,0,10,0.00000000,22.21666667,22.21666667,0.00000000
2001-02-08T00:20:00,1,2,8,0,20,0.00000000,22.23333333,22.23333333,0.00000000
2001-02-08T00:30:00,1,2,8,0,30,0.00000000,22.25000000,22.25000000,0.00000000
2001-02-08T00:40:00,1,2,8,0,40,0.00000000,22.26666667,22.26666667,0.00000000
2001-02-08T00:50:00,1,2,8,0,50,0.00000000,22.28333333,22.28333333,0.00000000
2001-02-08T01:00:00,1,2,8,1,0,0.00000000,22.30000000,22.30000000,0.00000000
2001-02-08T01:10:00,1,2,8,1,10,0.00000000,22.30000000,22.30000000,0.00000000
2001-02-08T01:20:00,1,2,8,1,20,0.00000000,22.30000000,22.30000000,0.00000000
2001-02-08T01:30:00,1,2,8,1,30,0.00000000,22.30000000,22.30000000,0.00000000
2001-02-08T01:40:00,1,2,8,1,40,0.00000000,22.30000000,22.30000000,0.00000000
2001-02-08T01:50:00,1,2,8,1,50,0.00000000,22.30000000,22.30000000,0.00000000
2001-02-08T02:00:00,1,2,8,2,0,0.00000000,22.30000000,22.30000000,0.00000000
2001-02-08T02:10:00,1,2,8,2,10,0.00000000,22.16666667,22.16666667,0.00000000
2001-02-08T02:20:00,1,2,8,2,20,0.00000000,22.03333333,22.03333333,0.00000000
2001-02-08T02:30:00,1,2,8,2,30,0.00000000,21.90000000,21.90000000,0.00000000
2001-02-08T02:40:00,1,2,8,2,40,0.00000000,21.76666667,21.76666667,0.00000000
2001-02-08T02:50:00,1,2,8,2,50,0.00000000,21.63333333,21.63333333,0.00000000
2001-02-08T03:00:00,1,2,8,3,0,0.00000000,21.50000000,21.50000000,0.00000000
2001-02-08T03:10:00,1,2,8,3,10,0.00000000,21.50000000,21.50000000,0.00000000
2001-02-08T03:20:00,1,2,8,3,20,0.00000000,21.50000000,21.50000000,0.00000000
2001-02-08T03:30:00,1,2,8,3,30,0.00000000,21.50000000,21.50000000,0.00000000
2001-02-08T03:40:00,1,2,8,3,40,0.00000000,21.50000000,21.50000000,0.00000000
2001-02-08T03:50:00,1,2,8,3,50,0.00000000,21.50000000,21.50000000,0.00000000
2001-02-08T04:00:00,1,2,8,4,0,0.00000000,21.50000000,21.50000000,0.00000000
2001-02-08T04:10:00,1,2,8,4,10,0.00200000,21.51666667,21.58666667,0.00203140
2001-02-08T04:20:00,1,2,8,4,20,0.00400000,21.53333333,21.67333333,0.00406121
2001-02-08T04:30:00,1,2,8,4,30,0.00600000,21.55000000,21.76000000,0.00608942
2001-02-08T04:40:00,1,2,8,4,40,0.00800000,21.56666667,21.84666667,0.00811604
2001-02-08T04:50:00,1,2,8,4,50,0.01000000,21.58333333,21.93333333,0.01014107
2001-02-08T05:00:00,1,2,8,5,0,0.01200000,21.60000000,22.02000000,0.01216450
2001-02-08T05:10:00,1,2,8,5,10,0.03483333,21.66666667,22.88583333,0.03517209
2001-02-08T05:20:00,1,2,8,5,20,0.05766667,21.73333333,23.75166667,0.05799781
2001-02-08T05:30:00,1,2,8,5,30,0.08050000,21.80000000,24.61750000,0.08064164
2001-02-08T05:40:00,1,2,8,5,40,0.10333333,21.86666667,25.48333333,0.10310359
2001-02-08T05:50:00,1,2,8,5,50,0.12616667,21.93333333,26.34916667,0.12538366
2001-02-08T06:00:00,1,2,8,6,0,0.14900000,22.00000000,27.21500000,0.14748184
2001-02-08T06:10:00,1,2,8,6,10,0.18650000,22.26666667,28.79416667,0.18324498
2001-02-08T06:20:00,1,2,8,6,20,0.22400000,22.53333333,30.37333333,0.21846332
2001-02-08T06:30:00,1,2,8,6,30,0.26150000,22.80000000,31.95250000,0.25313684
2001-02-08T06:40:00,1,2,8,6,40,0.29900000,23.06666667,33.53166667,0.28726555
2001-02-08T06:50:00,1,2,8,6,50,0.33650000,23.33333333,35.11083333,0.32084944
2001-02-08T07:00:00,1,2,8,7,0,0.37400000,23.60000000,36.69000000,0.35388852
2001-02-08T07:10:00,1,2,8,7,10,0.40950000,23.83333333,38.16583333,0.38469952
2001-02-08T07:20:00,1,2,8,7,20,0.44500000,24.06666667,39.64166667,0.41502851
2001-02-08T07:30:00,1,2,8,7,30,0.48050000,24.30000000,41.11750000,0.44487549
2001-02-08T07:40:00,1,2,8,7,40,0.51600000,24.53333333,42.59333333,0.47424046
2001-02-08T07:50:00,1,2,8,7,50,0.55150000,24.76666667,44.06916667,0.50312343
2001-02-08T08:00:00,1,2,8,8,0,0.58700000,25.00000000,45.54500000,0.53152439
2001-02-08T08:10:00,1,2,8,8,10,0.59866667,25.33333333,46.28666667,0.54004602
2001-02-08T08:20:00,1,2,8,8,20,0.61033333,25.66666667,47.02833333,0.54848805
2001-02-08T08:30:00,1,2,8,8,30,0.62200000,26.00000000,47.77000000,0.55685048
2001-02-08T08:40:00,1,2,8,8,40,0.63366667,26.33333333,48.51166667,0.56513329
2001-02-08T08:50:00,1,2,8,8,50,0.64533333,26.66666667,49.25333333,0.57333650
2001-02-08T09:00:00,1,2,8,9,0,0.65700000,27.00000000,49.99500000,0.58146011
2001-02-08T09:10:00,1,2,8,9,10,0.69883333,27.08333333,51.54250000,0.61350893
2001-02-08T09:20:00,1,2,8,9,20,0.74066667,27.16666667,53.09000000,0.64496216
2001-02-08T09:30:00,1,2,8,9,30,0.78250000,27.25000000,54.63750000,0.67581982
2001-02-08T09:40:00,1,2,8,9,40,0.82433333,27.33333333,56.18500000,0.70608189
2001-02-08T09:50:00,1,2,8,9,50,0.86616667,27.41666667,57.73250000,0.73574838
2001-02-08T10:00:00,1,2,8,10,0,0.90800000,27.50000000,59.28000000,0.76481930
2001-02-08T10:10:00,1,2,8,10,10,0.90233333,27.81666667,59.39833333,0.75955502
2001-02-08T10:20:00,1,2,8,10,20,0.89666667,28.13333333,59.51666667,0.75429692
2001-02-08T10:30:00,1,2,8,10,30,0.89100000,28.45000000,59.63500000,0.74904499
2001-02-08T10:40:00,1,2,8,10,40,0.88533333,28.76666667,59.75333333,0.74379922
2001-02-08T10:50:00,1,2,8,10,50,0.87966667,29.08333333,59.87166667,0.73855963
2001-02-08T11:00:00,1,2,8,11,0,0.87400000,29.40000000,59.99000000,0.73332620
2001-02-08T11:10:00,1,2,8,11,10,0.87716667,29.41666667,60.11750000,0.73546872
2001-02-08T11:20:00,1,2,8,11,20,0.88033333,29.43333333,60.24500000,0.73760753
2001-02-08T11:30:00,1,2,8,11,30,0.88350000,29.45000000,60.37250000,0.73974262
2001-02-08T11:40:00,1,2,8,11,40,0.88666667,29.46666667,60.50000000,0.74187400
2001-02-08T11:50:00,1,2,8,11,50,0.88983333,29.48333333,60.62750000,0.74400166
2001-02-08T12:00:00,1,2,8,12,0,0.89300000,29.50000000,60.75500000,0.74612561
2001-02-08T12:10:00,1,2,8,12,10,0.87550000,29.58333333,60.22583333,0.73363500
2001-02-08T12:20:00,1,2,8,12,20,0.85800000,29.66666667,59.69666667,0.72105920
2001-02-08T12:30:00,1,2,8,12,30,0.84050000,29.75000000,59.16750000,0.70839819
2001-02-08T12:40:00,1,2,8,12,40,0.82300000,29.83333333,58.63833333,0.69565200
2001-02-08T12:50:00,1,2,8,12,50,0.80550000,29.91666667,58.10916667,0.68282060
2001-02-08T13:00:00,1,2,8,13,0,0.78800000,30.00000000,57.58000000,0.66990402
2001-02-08T13:10:00,1,2,8,13,10,0.80300000,29.95000000,58.05500000,0.68090144
2001-02-08T13:20:00,1,2,8,13,20,0.81800000,29.90000000,58.53000000,0.69183332
2001-02-08T13:30:00,1,2,8,13,30,0.83300000,29.85000000,59.00500000,0.70269964
2001-02-08T13:40:00,1,2,8,13,40,0.84800000,29.80000000,59.48000000,0.71350042
2001-02-08T13:50:00,1,2,8,13,50,0.86300000,29.75000000,59.95500000,0.72423564
2001-02-08T14:00:00,1,2,8,14,0,0.87800000,29.70000000,60.43000000,0.73490532
2001-02-08T14:10:00,1,2,8,14,10,0.81483333,29.85000000,58.36916667,0.68975791
2001-02-08T14:20:00,1,2,8,14,20,0.75166667,30.00000000,56.30833333,0.64341289
2001-02-08T14:30:00,1,2,8,14,30,0.68850000,30.15000000,54.24750000,0.59587024
2001-02-08T14:40:00,1,2,8,14,40,0.62533333,30.30000000,52.18666667,0.54712998
2001-02-08T14:50:00,1,2,8,14,50,0.56216667,30.45000000,50.12583333,0.49719210
2001-02-08T15:00:00,1,2,8,15,0,0.49900000,30.60000000,48.06500000,0.44605660
2001-02-08T15:10:00,1,2,8,15,10,0.48333333,30.16666667,47.08333333,0.43423472
2001-02-08T15:20:00,1,2,8,15,20,0.46766667,29.73333333,46.10166667,0.42227135
2001-02-08T15:30:00,1,2,8,15,30,0.45200000,29.30000000,45.12000000,0.41016650
2001-02-08T15:40:00,1,2,8,15,40,0.43633333,28.86666667,44.13833333,0.39792015
2001-02-08T15:50:00,1,2,8,15,50,0.42066667,28.43333333,43.15666667,0.38553231
2001-02-08T16:00:00,1,2,8,16,0,0.40500000,28.00000000,42.17500000,0.37300298
2001-02-08T16:10:00,1,2,8,16,10,0.36783333,27.88333333,40.75750000,0.34117112
2001-02-08T16:20:00,1,2,8,16,20,0.33066667,27.76666667,39.34000000,0.30885457
2001-02-08T16:30:00,1,2,8,16,30,0.29350000,27.65000000,37.92250000,0.27605333
2001-02-08T16:40:00,1,2,8,16,40,0.25633333,27.53333333,36.50500000,0.24276740
2001-02-08T16:50:00,1,2,8,16,50,0.21916667,27.41666667,35.08750000,0.20899679
2001-02-08T17:00:00,1,2,8,17,0,0.18200000,27.30000000,33.67000000,0.17474148
2001-02-08T17:10:00,1,2,8,17,10,0.15433333,27.05000000,32.45166667,0.14904315
2001-02-08T17:20:00,1,2,8,17,20,0.12666667,26.80000000,31.23333333,0.12303471
2001-02-08T17:30:00,1,2,8,17,30,0.09900000,26.55000000,30.01500000,0.09671617
2001-02-08T17:40:00,1,2,8,17,40,0.07133333,26.30000000,28.79666667,0.07008752
2001-02-08T17:50:00,1,2,8,17,50,0.04366667,26.05000000,27.57833333,0.04314877
2001-02-08T18:00:00,1,2,8,18,0,0.01600000,25.80000000,26.36000000,0.01589990
2001-02-08T18:10:00,1,2,8,18,10,0.01333333,25.56666667,26.03333333,0.01326996
2001-02-08T18:20:00,1,2,8,18,20,0.01066667,25.33333333,25.70666667,0.01063199
2001-02-08T18:30:00,1,2,8,18,30,0.00800000,25.10000000,25.38000000,0.00798602
2001-02-08T18:40:00,1,2,8,18,40,0.00533333,24.86666667,25.05333333,0.00533202
2001-02-08T18:50:00,1,2,8,18,50,0.00266667,24.63333333,24.72666667,0.00267002
2001-02-08T19:00:00,1,2,8,19,0,0.00000000,24.40000000,24.40000000,0.00000000
2001-02-08T19:10:00,1,2,8,19,10,0.00000000,24.36666667,24.36666667,0.00000000
2001-02-08T19:20:00,1,2,8,19,20,0.00000000,24.33333333,24.33333333,0.00000000
2001-02-08T19:30:00,1,2,8,19,30,0.00000000,24.30000000,24.30000000,0.00000000
2001-02-08T19:40:00,1,2,8,19,40,0.00000000,24.26666667,24.26666667,0.00000000
2001-02-08T19:50:00,1,2,8,19,50,0.00000000,24.23333333,24.23333333,0.00000000
2001-02-08T20:00:00,1,2,8,20,0,0.00000000,24.20000000,24.20000000,0.00000000
2001-02-08T20:10:00,1,2,8,20,10,0.00000000,24.05000000,24.05000000,0.00000000
2001-02-08T20:20:00,1,2,8,20,20,0.00000000,23.90000000,23.90000000,0.00000000
2001-02-08T20:30:00,1,2,8,20,30,0.00000000,23.75000000,23.75000000,0.00000000
2001-02-08T20:40:00,1,2,8,20,40,0.00000000,23.60000000,23.60000000,0.00000000
2001-02-08T20:50:00,1,2,8,20,50,0.00000000,23.45000000,23.45000000,0.00000000
2001-02-08T21:00:00,1,2,8,21,0,0.00000000,23.30000000,23.30000000,0.00000000
2001-02-08T21:10:00,1,2,8,21,10,0.00000000,23.13333333,23.13333333,0.00000000
2001-02-08T21:20:00,1,2,8,21,20,0.00000000,22.96666667,22.96666667,0.00000000
2001-02-08T21:30:00,1,2,8,21,30,0.00000000,22.80000000,22.80000000,0.00000000
2001-02-08T21:40:00,1,2,8,21,40,0.00000000,22.63333333,22.63333333,0.00000000
2001-02-08T21:50:00,1,2,8,21,50,0.00000000,22.46666667,22.46666667,0.00000000
2001-02-08T22:00:00,1,2,8,22,0,0.00000000,22.30000000,22.30000000,0.00000000
2001-02-08T22:10:00,1,2,8,22,10,0.00000000,22.28333333,22.28333333,0.00000000
2001-02-08T22:20:00,1,2,8,22,20,0.00000000,22.26666667,22.26666667,0.00000000
2001-02-08T22:30:00,1,2,8,22,30,0.00000000,22.25000000,22.25000000,0.00000000
2001-02-08T22:40:00,1,2,8,22,40,0.00000000,22.23333333,22.23333333,0.00000000
2001-02-08T22:50:00,1,2,8,22,50,0.00000000,22.21666667,22.21666667,0.00000000
2001-02-08T23:00:00,1,2,8,23,0,0.00000000,22.20000000,22.20000000,0.00000000
2001-02-08T23:10:00,1,2,8,23,10,0.00000000,22.30000000,22.30000000,0.00000000
2001-02-08T23:20:00,1,2,8,23,20,0.00000000,22.40000000,22.40000000,0.00000000
2001-02-08T23:30:00,1,2,8,23,30,0.00000000,22.50000000,22.50000000,0.00000000
2001-02-08T23:40:00,1,2,8,23,40,0.00000000,22.60000000,22.60000000,0.00000000
2001-02-08T23:50:00,1,2,8,23,50,0.00000000,22.70000000,22.70000000,0.00000000
2001-02-09T00:00:00,1,2,9,0,0,0.00000000,22.80000000,22.80000000,0.00000000
2001-02-09T00:10:00,1,2,9,0,10,0.00000000,22.68333333,22.68333333,0.00000000
2001-02-09T00:20:00,1,2,9,0,20,0.00000000,22.56666667,22.56666667,0.00000000
2001-02-09T00:30:00,1,2,9,0,30,0.00000000,22.45000000,22.45000000,0.00000000
2001-02-09T00:40:00,1,2,9,0,40,0.00000000,22.33333333,22.33333333,0.00000000
2001-02-09T00:50:00,1,2,9,0,50,0.00000000,22.21666667,22.21666667,0.00000000
2001-02-09T01:00:00,1,2,9,1,0,0.00000000,22.10000000,22.10000000,0.00000000
2001-02-09T01:10:00,1,2,9,1,10,0.00000000,22.16666667,22.16666667,0.00000000
2001-02-09T01:20:00,1,2,9,1,20,0.00000000,22.23333333,22.23333333,0.00000000
2001-02-09T01:30:00,1,2,9,1,30,0.00000000,22.30000000,22.30000000,0.00000000
2001-02-09T01:40:00,1,2,9,1,40,0.00000000,22.36666667,22.36666667,0.00000000
2001-02-09T01:50:00,1,2,9,1,50,0.00000000,22.43333333,22.43333333,0.00000000
2001-02-09T02:00:00,1,2,9,2,0,0.00000000,22.50000000,22.50000000,0.00000000
2001-02-09T02:10:00,1,2,9,2,10,0.00000000,22.48333333,22.48333333,0.00000000
2001-02-09T02:20:00,1,2,9,2,20,0.00000000,22.46666667,22.46666667,0.00000000
2001-02-09T02:30:00,1,2,9,2,30,0.00000000,22.45000000,22.45000000,0.00000000
2001-02-09T02:40:00,1,2,9,2,40,0.00000000,22.43333333,22.43333333,0.00000000
2001-02-09T02:50:00,1,2,9,2,50,0.00000000,22.41666667,22.41666667,0.00000000
2001-02-09T03:00:00,1,2,9,3,0,0.00000000,22.40000000,22.40000000,0.00000000
2001-02-09T03:10:00,1,2,9,3,10,0.00000000,22.26666667,22.26666667,0.00000000
2001-02-09T03:20:00,1,2,9,3,20,0.00000000,22.13333333,22.13333333,0.00000000
2001-02-09T03:30:00,1,2,9,3,30,0.00000000,22.00000000,22.00000000,0.00000000
2001-02-09T03:40:00,1,2,9,3,40,0.00000000,21.86666667,21.86666667,0.00000000
2001-02-09T03:50:00,1,2,9,3,50,0.00000000,21.73333333,21.73333333,0.00000000
2001-02-09T04:00:00,1,2,9,4,0,0.00000000,21.60000000,21.60000000,0.00000000
2001-02-09T04:10:00,1,2,9,4,10,0.00116667,21.68333333,21.72416667,0.00118425
2001-02-09T04:20:00,1,2,9,4,20,0.00233333,21.76666667,21.84833333,0.00236716
2001-02-09T04:30:00,1,2,9,4,30,0.00350000,21.85000000,21.97250000,0.00354874
2001-02-09T04:40:00,1,2,9,4,40,0.00466667,21.93333333,22.09666667,0.00472899
2001-02-09T04:50:00,1,2,9,4,50,0.00583333,22.01666667,22.22083333,0.00590791
2001-02-09T05:00:00,1,2,9,5,0,0.00700000,22.10000000,22.34500000,0.00708549
2001-02-09T05:10:00,1,2,9,5,10,0.02650000,21.95000000,22.87750000,0.02675873
2001-02-09T05:20:00,1,2,9,5,20,0.04600000,21.80000000,23.41000000,0.04633644
2001-02-09T05:30:00,1,2,9,5,30,0.06550000,21.65000000,23.94250000,0.06581862
2001-02-09T05:40:00,1,2,9,5,40,0.08500000,21.50000000,24.47500000,0.08520528
2001-02-09T05:50:00,1,2,9,5,50,0.10450000,21.35000000,25.00750000,0.10449639
2001-02-09T06:00:00,1,2,9,6,0,0.12400000,21.20000000,25.54000000,0.12369198
2001-02-09T06:10:00,1,2,9,6,10,0.15650000,21.51666667,26.99416667,0.15506440
2001-02-09T06:20:00,1,2,9,6,20,0.18900000,21.83333333,28.44833333,0.18600202
2001-02-09T06:30:00,1,2,9,6,30,0.22150000,22.15000000,29.90250000,0.21650484
2001-02-09T06:40:00,1,2,9,6,40,0.25400000,22.46666667,31.35666667,0.24657287
2001-02-09T06:50:00,1,2,9,6,50,0.28650000,22.78333333,32.81083333,0.27620610
2001-02-09T07:00:00,1,2,9,7,0,0.31900000,23.10000000,34.26500000,0.30540454
2001-02-09T07:10:00,1,2,9,7,10,0.34866667,23.60000000,35.80333333,0.33133956
2001-02-09T07:20:00,1,2,9,7,20,0.37833333,24.10000000,37.34166667,0.35685472
2001-02-09T07:30:00,1,2,9,7,30,0.40800000,24.60000000,38.88000000,0.38195002
2001-02-09T07:40:00,1,2,9,7,40,0.43766667,25.10000000,40.41833333,0.40662545
2001-02-09T07:50:00,1,2,9,7,50,0.46733333,25.60000000,41.95666667,0.43088102
2001-02-09T08:00:00,1,2,9,8,0,0.49700000,26.10000000,43.49500000,0.45471673
2001-02-09T08:10:00,1,2,9,8,10,0.52866667,26.36666667,44.87000000,0.48034548
2001-02-09T08:20:00,1,2,9,8,20,0.56033333,26.63333333,46.24500000,0.50557364
2001-02-09T08:30:00,1,2,9,8,30,0.59200000,26.90000000,47.62000000,0.53040122
2001-02-09T08:40:00,1,2,9,8,40,0.62366667,27.16666667,48.99500000,0.55482821
2001-02-09T08:50:00,1,2,9,8,50,0.65533333,27.43333333,50.37000000,0.57885462
2001-02-09T09:00:00,1,2,9,9,0,0.68700000,27.70000000,51.74500000,0.60248045
2001-02-09T09:10:00,1,2,9,9,10,0.63000000,28.11666667,50.16666667,0.55706700
2001-02-09T09:20:00,1,2,9,9,20,0.57300000,28.53333333,48.58833333,0.51082587
2001-02-09T09:30:00,1,2,9,9,30,0.51600000,28.95000000,47.01000000,0.46375706
2001-02-09T09:40:00,1,2,9,9,40,0.45900000,29.36666667,45.43166667,0.41586058
2001-02-09T09:50:00,1,2,9,9,50,0.40200000,29.78333333,43.85333333,0.36713642
2001-02-09T10:00:00,1,2,9,10,0,0.34500000,30.20000000,42.27500000,0.31758457
2001-02-09T10:10:00,1,2,9,10,10,0.33583333,29.70000000,41.45416667,0.31041439
2001-02-09T10:20:00,1,2,9,10,20,0.32666667,29.20000000,40.63333333,0.30317498
2001-02-09T10:30:00,1,2,9,10,30,0.31750000,28.70000000,39.81250000,0.29586634
2001-02-09T10:40:00,1,2,9,10,40,0.30833333,28.20000000,38.99166667,0.28848849
2001-02-09T10:50:00,1,2,9,10,50,0.29916667,27.70000000,38.17083333,0.28104140
2001-02-09T11:00:00,1,2,9,11,0,0.29000000,27.20000000,37.35000000,0.27352510
2001-02-09T11:10:00,1,2,9,11,10,0.36416667,27.06666667,39.81250000,0.33935326
2001-02-09T11:20:00,1,2,9,11,20,0.43833333,26.93333333,42.27500000,0.40350117
2001-02-09T11:30:00,1,2,9,11,30,0.51250000,26.80000000,44.73750000,0.46596884
2001-02-09T11:40:00,1,2,9,11,40,0.58666667,26.66666667,47.20000000,0.52675627
2001-02-09T11:50:00,1,2,9,11,50,0.66083333,26.53333333,49.66250000,0.58586344
2001-02-09T12:00:00,1,2,9,12,0,0.73500000,26.40000000,52.12500000,0.64329037
2001-02-09T12:10:00,1,2,9,12,10,0.69316667,27.11666667,51.37750000,0.60906025
2001-02-09T12:20:00,1,2,9,12,20,0.65133333,27.83333333,50.63000000,0.57454244
2001-02-09T12:30:00,1,2,9,12,30,0.60950000,28.55000000,49.88250000,0.53973693
2001-02-09T12:40:00,1,2,9,12,40,0.56766667,29.26666667,49.13500000,0.50464375
2001-02-09T12:50:00,1,2,9,12,50,0.52583333,29.98333333,48.38750000,0.46926287
2001-02-09T13:00:00,1,2,9,13,0,0.48400000,30.70000000,47.64000000,0.43359430
2001-02-09T13:10:00,1,2,9,13,10,0.52050000,30.30000000,48.51750000,0.46419205
2001-02-09T13:20:00,1,2,9,13,20,0.55700000,29.90000000,49.39500000,0.49449513
2001-02-09T13:30:00,1,2,9,13,30,0.59350000,29.50000000,50.27250000,0.52450355
2001-02-09T13:40:00,1,2,9,13,40,0.63000000,29.10000000,51.15000000,0.55421730
2001-02-09T13:50:00,1,2,9,13,50,0.66650000,28.70000000,52.02750000,0.58363639
2001-02-09T14:00:00,1,2,9,14,0,0.70300000,28.30000000,52.90500000,0.61276081
2001-02-09T14:10:00,1,2,9,14,10,0.63183333,28.66666667,50.78083333,0.55690306
2001-02-09T14:20:00,1,2,9,14,20,0.56066667,29.03333333,48.65666667,0.49965455
2001-02-09T14:30:00,1,2,9,14,30,0.48950000,29.40000000,46.53250000,0.44101527
2001-02-09T14:40:00,1,2,9,14,40,0.41833333,29.76666667,44.40833333,0.38098523
2001-02-09T14:50:00,1,2,9,14,50,0.34716667,30.13333333,42.28416667,0.31956443
2001-02-09T15:00:00,1,2,9,15,0,0.27600000,30.50000000,40.16000000,0.25675286
2001-02-09T15:10:00,1,2,9,15,10,0.24816667,29.83333333,38.51916667,0.23273364
2001-02-09T15:20:00,1,2,9,15,20,0.22033333,29.16666667,36.87833333,0.20829425
2001-02-09T15:30:00,1,2,9,15,30,0.19250000,28.50000000,35.23750000,0.18343469
2001-02-09T15:40:00,1,2,9,15,40,0.16466667,27.83333333,33.59666667,0.15815498
2001-02-09T15:50:00,1,2,9,15,50,0.13683333,27.16666667,31.95583333,0.13245510
2001-02-09T16:00:00,1,2,9,16,0,0.10900000,26.50000000,30.31500000,0.10633506
2001-02-09T16:10:00,1,2,9,16,10,0.09600000,26.13333333,29.49333333,0.09401574
2001-02-09T16:20:00,1,2,9,16,20,0.08300000,25.76666667,28.67166667,0.08159816
2001-02-09T16:30:00,1,2,9,16,30,0.07000000,25.40000000,27.85000000,0.06908230
2001-02-09T16:40:00,1,2,9,16,40,0.05700000,25.03333333,27.02833333,0.05646817
2001-02-09T16:50:00,1,2,9,16,50,0.04400000,24.66666667,26.20666667,0.04375577
2001-02-09T17:00:00,1,2,9,17,0,0.03100000,24.30000000,25.38500000,0.03094510
2001-02-09T17:10:00,1,2,9,17,10,0.02733333,24.03333333,24.99000000,0.02733459
2001-02-09T17:20:00,1,2,9,17,20,0.02366667,23.76666667,24.59500000,0.02371076
2001-02-09T17:30:00,1,2,9,17,30,0.02000000,23.50000000,24.20000000,0.02007360
2001-02-09T17:40:00,1,2,9,17,40,0.01633333,23.23333333,23.80500000,0.01642312
2001-02-09T17:50:00,1,2,9,17,50,0.01266667,22.96666667,23.41000000,0.01275931
2001-02-09T18:00:00,1,2,9,18,0,0.00900000,22.70000000,23.01500000,0.00908218
2001-02-09T18:10:00,1,2,9,18,10,0.00750000,22.65000000,22.91250000,0.00757202
2001-02-09T18:20:00,1,2,9,18,20,0.00600000,22.60000000,22.81000000,0.00606044
2001-02-09T18:30:00,1,2,9,18,30,0.00450000,22.55000000,22.70750000,0.00454745
2001-02-09T18:40:00,1,2,9,18,40,0.00300000,22.50000000,22.60500000,0.00303305
2001-02-09T18:50:00,1,2,9,18,50,0.00150000,22.45000000,22.50250000,0.00151723
2001-02-09T19:00:00,1,2,9,19,0,0.00000000,22.40000000,22.40000000,0.00000000
2001-02-09T19:10:00,1,2,9,19,10,0.00000000,22.40000000,22.40000000,0.00000000
2001-02-09T19:20:00,1,2,9,19,20,0.00000000,22.40000000,22.40000000,0.00000000
2001-02-09T19:30:00,1,2,9,19,30,0.00000000,22.40000000,22.40000000,0.00000000
2001-02-09T19:40:00,1,2,9,19,40,0.00000000,22.40000000,22.40000000,0.00000000
2001-02-09T19:50:00,1,2,9,19,50,0.00000000,22.40000000,22.40000000,0.00000000
2001-02-09T20:00:00,1,2,9,20,0,0.00000000,22.40000000,22.40000000,0.00000000
2001-02-09T20:10:00,1,2,9,20,10,0.00000000,22.28333333,22.28333333,0.00000000
2001-02-09T20:20:00,1,2,9,20,20,0.00000000,22.16666667,22.16666667,0.00000000
2001-02-09T20:30:00,1,2,9,20,30,0.00000000,22.05000000,22.05000000,0.00000000
2001-02-09T20:40:00,1,2,9,20,40,0.00000000,21.93333333,21.93333333,0.00000000
2001-02-09T20:50:00,1,2,9,20,50,0.00000000,21.81666667,21.81666667,0.00000000
2001-02-09T21:00:00,1,2,9,21,0,0.00000000,21.70000000,21.70000000,0.00000000
2001-02-09T21:10:00,1,2,9,21,10,0.00000000,21.63333333,21.63333333,0.00000000
2001-02-09T21:20:00,1,2,9,21,20,0.00000000,21.56666667,21.56666667,0.00000000
2001-02-09T21:30:00,1,2,9,21,30,0.00000000,21.50000000,21.50000000,0.00000000
2001-02-09T21:40:00,1,2,9,21,40,0.00000000,21.43333333,21.43333333,0.00000000
2001-02-09T21:50:00,1,2,9,21,50,0.00000000,21.36666667,21.36666667,0.00000000
2001-02-09T22:00:00,1,2,9,22,0,0.00000000,21.30000000,21.30000000,0.00000000
2001-02-09T22:10:00,1,2,9,22,10,0.00000000,21.35000000,21.35000000,0.00000000
2001-02-09T22:20:00,1,2,9,22,20,0.00000000,21.40000000,21.40000000,0.00000000
2001-02-09T22:30:00,1,2,9,22,30,0.00000000,21.45000000,21.45000000,0.00000000
2001-02-09T22:40:00,1,2,9,22,40,0.00000000,21.50000000,21.50000000,0.00000000
2001-02-09T22:50:00,1,2,9,22,50,0.00000000,21.55000000,21.55000000,0.00000000
2001-02-09T23:00:00,1,2,9,23,0,0.00000000,21.60000000,21.60000000,0.00000000
2001-02-09T23:10:00,1,2,9,23,10,0.00000000,21.33333333,21.33333333,0.00000000
2001-02-09T23:20:00,1,2,9,23,20,0.00000000,21.06666667,21.06666667,0.00000000
2001-02-09T23:30:00,1,2,9,23,30,0.00000000,20.80000000,20.80000000,0.00000000
2001-02-09T23:40:00,1,2,9,23,40,0.00000000,20.53333333,20.53333333,0.00000000
2001-02-09T23:50:00,1,2,9,23,50,0.00000000,20.26666667,20.26666667,0.00000000
2001-02-10T00:00:00,1,2,10,0,0,0.00000000,20.00000000,20.00000000,0.00000000
2001-02-10T00:10:00,1,2,10,0,10,0.00000000,20.05000000,20.05000000,0.00000000
2001-02-10T00:20:00,1,2,10,0,20,0.00000000,20.10000000,20.10000000,0.00000000
2001-02-10T00:30:00,1,2,10,0,30,0.00000000,20.15000000,20.15000000,0.00000000
2001-02-10T00:40:00,1,2,10,0,40,0.00000000,20.20000000,20.20000000,0.00000000
2001-02-10T00:50:00,1,2,10,0,50,0.00000000,20.25000000,20.25000000,0.00000000
2001-02-10T01:00:00,1,2,10,1,0,0.00000000,20.30000000,20.30000000,0.00000000
2001-02-10T01:10:00,1,2,10,1,10,0.00000000,20.15000000,20.15000000,0.00000000
2001-02-10T01:20:00,1,2,10,1,20,0.00000000,20.00000000,20.00000000,0.00000000
2001-02-10T01:30:00,1,2,10,1,30,0.00000000,19.85000000,19.85000000,0.00000000
2001-02-10T01:40:00,1,2,10,1,40,0.00000000,19.70000000,19.70000000,0.00000000
2001-02-10T01:50:00,1,2,10,1,50,0.00000000,19.55000000,19.55000000,0.00000000
2001-02-10T02:00:00,1,2,10,2,0,0.00000000,19.40000000,19.40000000,0.00000000
2001-02-10T02:10:00,1,2,10,2,10,0.00000000,19.35000000,19.35000000,0.00000000
2001-02-10T02:20:00,1,2,10,2,20,0.00000000,19.30000000,19.30000000,0.00000000
2001-02-10T02:30:00,1,2,10,2,30,0.00000000,19.25000000,19.25000000,0.00000000
2001-02-10T02:40:00,1,2,10,2,40,0.00000000,19.20000000,19.20000000,0.00000000
2001-02-10T02:50:00,1,2,10,2,50,0.00000000,19.15000000,19.15000000,0.00000000
2001-02-10T03:00:00,1,2,10,3,0,0.00000000,19.10000000,19.10000000,0.00000000
2001-02-10T03:10:00,1,2,10,3,10,0.00000000,19.20000000,19.20000000,0.00000000
2001-02-10T03:20:00,1,2,10,3,20,0.00000000,19.30000000,19.30000000,0.00000000
2001-02-10T03:30:00,1,2,10,3,30,0.00000000,19.40000000,19.40000000,0.00000000
2001-02-10T03:40:00,1,2,10,3,40,0.00000000,19.50000000,19.50000000,0.00000000
2001-02-10T03:50:00,1,2,10,3,50,0.00000000,19.60000000,19.60000000,0.00000000
2001-02-10T04:00:00,1,2,10,4,0,0.00000000,19.70000000,19.70000000,0.00000000
2001-02-10T04:10:00,1,2,10,4,10,0.00166667,19.60000000,19.65833333,0.00170762
2001-02-10T04:20:00,1,2,10,4,20,0.00333333,19.50000000,19.61666667,0.00341588
2001-02-10T04:30:00,1,2,10,4,30,0.00500000,19.40000000,19.57500000,0.00512478
2001-02-10T04:40:00,1,2,10,4,40,0.00666667,19.30000000,19.53333333,0.00683431
2001-02-10T04:50:00,1,2,10,4,50,0.00833333,19.20000000,19.49166667,0.00854449
2001-02-10T05:00:00,1,2,10,5,0,0.01000000,19.10000000,19.45000000,0.01025530
2001-02-10T05:10:00,1,2,10,5,10,0.02050000,19.03333333,19.75083333,0.02099500
2001-02-10T05:20:00,1,2,10,5,20,0.03100000,18.96666667,20.05166667,0.03170563
2001-02-10T05:30:00,1,2,10,5,30,0.04150000,18.90000000,20.35250000,0.04238721
2001-02-10T05:40:00,1,2,10,5,40,0.05200000,18.83333333,20.65333333,0.05303972
2001-02-10T05:50:00,1,2,10,5,50,0.06250000,18.76666667,20.95416667,0.06366318
2001-02-10T06:00:00,1,2,10,6,0,0.07300000,18.70000000,21.25500000,0.07425757
2001-02-10T06:10:00,1,2,10,6,10,0.09733333,19.06666667,22.47333333,0.09846461
2001-02-10T06:20:00,1,2,10,6,20,0.12166667,19.43333333,23.69166667,0.12239890
2001-02-10T06:30:00,1,2,10,6,30,0.14600000,19.80000000,24.91000000,0.14606044
2001-02-10T06:40:00,1,2,10,6,40,0.17033333,20.16666667,26.12833333,0.16944925
2001-02-10T06:50:00,1,2,10,6,50,0.19466667,20.53333333,27.34666667,0.19256530
2001-02-10T07:00:00,1,2,10,7,0,0.21900000,20.90000000,28.56500000,0.21540862
2001-02-10T07:10:00,1,2,10,7,10,0.25150000,21.05000000,29.85250000,0.24588614
2001-02-10T07:20:00,1,2,10,7,20,0.28400000,21.20000000,31.14000000,0.27597870
2001-02-10T07:30:00,1,2,10,7,30,0.31650000,21.35000000,32.42750000,0.30568630
2001-02-10T07:40:00,1,2,10,7,40,0.34900000,21.50000000,33.71500000,0.33500894
2001-02-10T07:50:00,1,2,10,7,50,0.38150000,21.65000000,35.00250000,0.36394661
2001-02-10T08:00:00,1,2,10,8,0,0.41400000,21.80000000,36.29000000,0.39249932
2001-02-10T08:10:00,1,2,10,8,10,0.46783333,22.20000000,38.57416667,0.43862127
2001-02-10T08:20:00,1,2,10,8,20,0.52166667,22.60000000,40.85833333,0.48361195
2001-02-10T08:30:00,1,2,10,8,30,0.57550000,23.00000000,43.14250000,0.52747136
2001-02-10T08:40:00,1,2,10,8,40,0.62933333,23.40000000,45.42666667,0.57019950
2001-02-10T08:50:00,1,2,10,8,50,0.68316667,23.80000000,47.71083333,0.61179636
2001-02-10T09:00:00,1,2,10,9,0,0.73700000,24.20000000,49.99500000,0.65226195
2001-02-10T09:10:00,1,2,10,9,10,0.78366667,24.50000000,51.92833333,0.68659362
2001-02-10T09:20:00,1,2,10,9,20,0.83033333,24.80000000,53.86166667,0.72009524
2001-02-10T09:30:00,1,2,10,9,30,0.87700000,25.10000000,55.79500000,0.75276681
2001-02-10T09:40:00,1,2,10,9,40,0.92366667,25.40000000,57.72833333,0.78460834
2001-02-10T09:50:00,1,2,10,9,50,0.97033333,25.70000000,59.66166667,0.81561983
2001-02-10T10:00:00,1,2,10,10,0,1.01700000,26.00000000,61.59500000,0.84580127
2001-02-10T10:10:00,1,2,10,10,10,0.94716667,26.38333333,59.53416667,0.79670245
2001-02-10T10:20:00,1,2,10,10,20,0.87733333,26.76666667,57.47333333,0.74627962
2001-02-10T10:30:00,1,2,10,10,30,0.80750000,27.15000000,55.41250000,0.69453277
2001-02-10T10:40:00,1,2,10,10,40,0.73766667,27.53333333,53.35166667,0.64146190
2001-02-10T10:50:00,1,2,10,10,50,0.66783333,27.91666667,51.29083333,0.58706702
2001-02-10T11:00:00,1,2,10,11,0,0.59800000,28.30000000,49.23000000,0.53134812
2001-02-10T11:10:00,1,2,10,11,10,0.62016667,27.91666667,49.62250000,0.54992442
2001-02-10T11:20:00,1,2,10,11,20,0.64233333,27.53333333,50.01500000,0.56842068
2001-02-10T11:30:00,1,2,10,11,30,0.66450000,27.15000000,50.40750000,0.58683689
2001-02-10T11:40:00,1,2,10,11,40,0.68666667,26.76666667,50.80000000,0.60517307
2001-02-10T11:50:00,1,2,10,11,50,0.70883333,26.38333333,51.19250000,0.62342919
2001-02-10T12:00:00,1,2,10,12,0,0.73100000,26.00000000,51.58500000,0.64160528
2001-02-10T12:10:00,1,2,10,12,10,0.72633333,26.23333333,51.65500000,0.63727542
2001-02-10T12:20:00,1,2,10,12,20,0.72166667,26.46666667,51.72500000,0.63294858
2001-02-10T12:30:00,1,2,10,12,30,0.71700000,26.70000000,51.79500000,0.62862473
2001-02-10T12:40:00,1,2,10,12,40,0.71233333,26.93333333,51.86500000,0.62430389
2001-02-10T12:50:00,1,2,10,12,50,0.70766667,27.16666667,51.93500000,0.61998606
2001-02-10T13:00:00,1,2,10,13,0,0.70300000,27.40000000,52.00500000,0.61567123
2001-02-10T13:10:00,1,2,10,13,10,0.69616667,27.40000000,51.76583333,0.61045265
2001-02-10T13:20:00,1,2,10,13,20,0.68933333,27.40000000,51.52666667,0.60521904
2001-02-10T13:30:00,1,2,10,13,30,0.68250000,27.40000000,51.28750000,0.59997039
2001-02-10T13:40:00,1,2,10,13,40,0.67566667,27.40000000,51.04833333,0.59470671
2001-02-10T13:50:00,1,2,10,13,50,0.66883333,27.40000000,50.80916667,0.58942799
2001-02-10T14:00:00,1,2,10,14,0,0.66200000,27.40000000,50.57000000,0.58413424
2001-02-10T14:10:00,1,2,10,14,10,0.65083333,27.26666667,50.04583333,0.57585028
2001-02-10T14:20:00,1,2,10,14,20,0.63966667,27.13333333,49.52166667,0.56751248
2001-02-10T14:30:00,1,2,10,14,30,0.62850000,27.00000000,48.99750000,0.55912083
2001-02-10T14:40:00,1,2,10,14,40,0.61733333,26.86666667,48.47333333,0.55067533
2001-02-10T14:50:00,1,2,10,14,50,0.60616667,26.73333333,47.94916667,0.54217598
2001-02-10T15:00:00,1,2,10,15,0,0.59500000,26.60000000,47.42500000,0.53362277
2001-02-10T15:10:00,1,2,10,15,10,0.55666667,26.56666667,46.05000000,0.50276463
2001-02-10T15:20:00,1,2,10,15,20,0.51833333,26.53333333,44.67500000,0.47142157
2001-02-10T15:30:00,1,2,10,15,30,0.48000000,26.50000000,43.30000000,0.43959360
2001-02-10T15:40:00,1,2,10,15,40,0.44166667,26.46666667,41.92500000,0.40728071
2001-02-10T15:50:00,1,2,10,15,50,0.40333333,26.43333333,40.55000000,0.37448290
2001-02-10T16:00:00,1,2,10,16,0,0.36500000,26.40000000,39.17500000,0.34120017
2001-02-10T16:10:00,1,2,10,16,10,0.33550000,26.23333333,37.97583333,0.31547440
2001-02-10T16:20:00,1,2,10,16,20,0.30600000,26.06666667,36.77666667,0.28942316
2001-02-10T16:30:00,1,2,10,16,30,0.27650000,25.90000000,35.57750000,0.26304648
2001-02-10T16:40:00,1,2,10,16,40,0.24700000,25.73333333,34.37833333,0.23634434
2001-02-10T16:50:00,1,2,10,16,50,0.21750000,25.56666667,33.17916667,0.20931674
2001-02-10T17:00:00,1,2,10,17,0,0.18800000,25.40000000,31.98000000,0.18196370
2001-02-10T17:10:00,1,2,10,17,10,0.15883333,25.20000000,30.75916667,0.15462549
2001-02-10T17:20:00,1,2,10,17,20,0.12966667,25.00000000,29.53833333,0.12695970
2001-02-10T17:30:00,1,2,10,17,30,0.10050000,24.80000000,28.31750000,0.09896632
2001-02-10T17:40:00,1,2,10,17,40,0.07133333,24.60000000,27.09666667,0.07064535
2001-02-10T17:50:00,1,2,10,17,50,0.04216667,24.40000000,25.87583333,0.04199678
2001-02-10T18:00:00,1,2,10,18,0,0.01300000,24.20000000,24.65500000,0.01302063
2001-02-10T18:10:00,1,2,10,18,10,0.01083333,23.91666667,24.29583333,0.01086842
2001-02-10T18:20:00,1,2,10,18,20,0.00866667,23.63333333,23.93666667,0.00870906
2001-02-10T18:30:00,1,2,10,18,30,0.00650000,23.35000000,23.57750000,0.00654253
2001-02-10T18:40:00,1,2,10,18,40,0.00433333,23.06666667,23.21833333,0.00436885
2001-02-10T18:50:00,1,2,10,18,50,0.00216667,22.78333333,22.85916667,0.00218800
2001-02-10T19:00:00,1,2,10,19,0,0.00000000,22.50000000,22.50000000,0.00000000
2001-02-10T19:10:00,1,2,10,19,10,0.00000000,22.38333333,22.38333333,0.00000000
2001-02-10T19:20:00,1,2,10,19,20,0.00000000,22.26666667,22.26666667,0.00000000
2001-02-10T19:30:00,1,2,10,19,30,0.00000000,22.15000000,22.15000000,0.00000000
2001-02-10T19:40:00,1,2,10,19,40,0.00000000,22.03333333,22.03333333,0.00000000
2001-02-10T19:50:00,1,2,10,19,50,0.00000000,21.91666667,21.91666667,0.00000000
2001-02-10T20:00:00,1,2,10,20,0,0.00000000,21.80000000,21.80000000,0.00000000
2001-02-10T20:10:00,1,2,10,20,10,0.00000000,21.81666667,21.81666667,0.00000000
2001-02-10T20:20:00,1,2,10,20,20,0.00000000,21.83333333,21.83333333,0.00000000
2001-02-10T20:30:00,1,2,10,20,30,0.00000000,21.85000000,21.85000000,0.00000000
2001-02-10T20:40:00,1,2,10,20,40,0.00000000,21.86666667,21.86666667,0.00000000
2001-02-10T20:50:00,1,2,10,20,50,0.00000000,21.88333333,21.88333333,0.00000000
2001-02-10T21:00:00,1,2,10,21,0,0.00000000,21.90000000,21.90000000,0.00000000
2001-02-10T21:10:00,1,2,10,21,10,0.00000000,21.81666667,21.81666667,0.00000000
2001-02-10T21:20:00,1,2,10,21,20,0.00000000,21.73333333,21.73333333,0.00000000
2001-02-10T21:30:00,1,2,10,21,30,0.00000000,21.65000000,21.65000000,0.00000000
2001-02-10T21:40:00,1,2,10,21,40,0.00000000,21.56666667,21.56666667,0.00000000
2001-02-10T21:50:00,1,2,10,21,50,0.00000000,21.48333333,21.48333333,0.00000000
2001-02-10T22:00:00,1,2,10,22,0,0.00000000,21.40000000,21.40000000,0.00000000
2001-02-10T22:10:00,1,2,10,22,10,0.00000000,21.18333333,21.18333333,0.00000000
2001-02-10T22:20:00,1,2,10,22,20,0.00000000,20.96666667,20.96666667,0.00000000
2001-02-10T22:30:00,1,2,10,22,30,0.00000000,20.75000000,20.75000000,0.00000000
2001-02-10T22:40:00,1,2,10,22,40,0.00000000,20.53333333,20.53333333,0.00000000
2001-02-10T22:50:00,1,2,10,22,50,0.00000000,20.31666667,20.31666667,0.00000000
2001-02-10T23:00:00,1,2,10,23,0,0.00000000,20.10000000,20.10000000,0.00000000
2001-02-10T23:10:00,1,2,10,23,10,0.00000000,20.03333333,20.03333333,0.00000000
2001-02-10T23:20:00,1,2,10,23,20,0.00000000,19.96666667,19.96666667,0.00000000
2001-02-10T23:30:00,1,2,10,23,30,0.00000000,19.90000000,19.90000000,0.00000000
2001-02-10T23:40:00,1,2,10,23,40,0.00000000,19.83333333,19.83333333,0.00000000
2001-02-10T23:50:00,1,2,10,23,50,0.00000000,19.76666667,19.76666667,0.00000000
2001-02-11T00:00:00,1,2,11,0,0,0.00000000,19.70000000,19.70000000,0.00000000
2001-02-11T00:10:00,1,2,11,0,10,0.00000000,19.68333333,19.68333333,0.00000000
2001-02-11T00:20:00,1,2,11,0,20,0.00000000,19.66666667,19.66666667,0.00000000
2001-02-11T00:30:00,1,2,11,0,30,0.00000000,19.65000000,19.65000000,0.00000000
2001-02-11T00:40:00,1,2,11,0,40,0.00000000,19.63333333,19.63333333,0.00000000
2001-02-11T00:50:00,1,2,11,0,50,0.00000000,19.61666667,19.61666667,0.00000000
2001-02-11T01:00:00,1,2,11,1,0,0.00000000,19.60000000,19.60000000,0.00000000
2001-02-11T01:10:00,1,2,11,1,10,0.00000000,19.61666667,19.61666667,0.00000000
2001-02-11T01:20:00,1,2,11,1,20,0.00000000,19.63333333,19.63333333,0.00000000
2001-02-11T01:30:00,1,2,11,1,30,0.00000000,19.65000000,19.65000000,0.00000000
2001-02-11T01:40:00,1,2,11,1,40,0.00000000,19.66666667,19.66666667,0.00000000
2001-02-11T01:50:00,1,2,11,1,50,0.00000000,19.68333333,19.68333333,0.00000000
2001-02-11T02:00:00,1,2,11,2,0,0.00000000,19.70000000,19.70000000,0.00000000
2001-02-11T02:10:00,1,2,11,2,10,0.00000000,19.58333333,19.58333333,0.00000000
2001-02-11T02:20:00,1,2,11,2,20,0.00000000,19.46666667,19.46666667,0.00000000
2001-02-11T02:30:00,1,2,11,2,30,0.00000000,19.35000000,19.35000000,0.00000000
2001-02-11T02:40:00,1,2,11,2,40,0.00000000,19.23333333,19.23333333,0.00000000
2001-02-11T02:50:00,1,2,11,2,50,0.00000000,19.11666667,19.11666667,0.00000000
2001-02-11T03:00:00,1,2,11,3,0,0.00000000,19.00000000,19.00000000,0.00000000
2001-02-11T03:10:00,1,2,11,3,10,0.00000000,19.11666667,19.11666667,0.00000000
2001-02-11T03:20:00,1,2,11,3,20,0.00000000,19.23333333,19.23333333,0.00000000
2001-02-11T03:30:00,1,2,11,3,30,0.00000000,19.35000000,19.35000000,0.00000000
2001-02-11T03:40:00,1,2,11,3,40,0.00000000,19.46666667,19.46666667,0.00000000
2001-02-11T03:50:00,1,2,11,3,50,0.00000000,19.58333333,19.58333333,0.00000000
2001-02-11T04:00:00,1,2,11,4,0,0.00000000,19.70000000,19.70000000,0.00000000
2001-02-11T04:10:00,1,2,11,4,10,0.00150000,19.65000000,19.70250000,0.00153655
2001-02-11T04:20:00,1,2,11,4,20,0.00300000,19.60000000,19.70500000,0.00307307
2001-02-11T04:30:00,1,2,11,4,30,0.00450000,19.55000000,19.70750000,0.00460955
2001-02-11T04:40:00,1,2,11,4,40,0.00600000,19.50000000,19.71000000,0.00614600
2001-02-11T04:50:00,1,2,11,4,50,0.00750000,19.45000000,19.71250000,0.00768242
2001-02-11T05:00:00,1,2,11,5,0,0.00900000,19.40000000,19.71500000,0.00921880
2001-02-11T05:10:00,1,2,11,5,10,0.03583333,19.25000000,20.50416667,0.03657440
2001-02-11T05:20:00,1,2,11,5,20,0.06266667,19.10000000,21.29333333,0.06373518
2001-02-11T05:30:00,1,2,11,5,30,0.08950000,18.95000000,22.08250000,0.09070113
2001-02-11T05:40:00,1,2,11,5,40,0.11633333,18.80000000,22.87166667,0.11747228
2001-02-11T05:50:00,1,2,11,5,50,0.14316667,18.65000000,23.66083333,0.14404860
2001-02-11T06:00:00,1,2,11,6,0,0.17000000,18.50000000,24.45000000,0.17043010
2001-02-11T06:10:00,1,2,11,6,10,0.19316667,18.95000000,25.71083333,0.19253504
2001-02-11T06:20:00,1,2,11,6,20,0.21633333,19.40000000,26.97166667,0.21437126
2001-02-11T06:30:00,1,2,11,6,30,0.23950000,19.85000000,28.23250000,0.23593875
2001-02-11T06:40:00,1,2,11,6,40,0.26266667,20.30000000,29.49333333,0.25723752
2001-02-11T06:50:00,1,2,11,6,50,0.28583333,20.75000000,30.75416667,0.27826756
2001-02-11T07:00:00,1,2,11,7,0,0.30900000,21.20000000,32.01500000,0.29902888
2001-02-11T07:10:00,1,2,11,7,10,0.33250000,21.48333333,33.12083333,0.32007919
2001-02-11T07:20:00,1,2,11,7,20,0.35600000,21.76666667,34.22666667,0.34089041
2001-02-11T07:30:00,1,2,11,7,30,0.37950000,22.05000000,35.33250000,0.36146255
2001-02-11T07:40:00,1,2,11,7,40,0.40300000,22.33333333,36.43833333,0.38179562
2001-02-11T07:50:00,1,2,11,7,50,0.42650000,22.61666667,37.54416667,0.40188960
2001-02-11T08:00:00,1,2,11,8,0,0.45000000,22.90000000,38.65000000,0.42174450
2001-02-11T08:10:00,1,2,11,8,10,0.45866667,23.15000000,39.20333333,0.42869953
2001-02-11T08:20:00,1,2,11,8,20,0.46733333,23.40000000,39.75666667,0.43561044
2001-02-11T08:30:00,1,2,11,8,30,0.47600000,23.65000000,40.31000000,0.44247722
2001-02-11T08:40:00,1,2,11,8,40,0.48466667,23.90000000,40.86333333,0.44929989
2001-02-11T08:50:00,1,2,11,8,50,0.49333333,24.15000000,41.41666667,0.45607844
2001-02-11T09:00:00,1,2,11,9,0,0.50200000,24.40000000,41.97000000,0.46281288
2001-02-11T09:10:00,1,2,11,9,10,0.53983333,24.53333333,43.42750000,0.49407355
2001-02-11T09:20:00,1,2,11,9,20,0.57766667,24.66666667,44.88500000,0.52482692
2001-02-11T09:30:00,1,2,11,9,30,0.61550000,24.80000000,46.34250000,0.55507298
2001-02-11T09:40:00,1,2,11,9,40,0.65333333,24.93333333,47.80000000,0.58481173
2001-02-11T09:50:00,1,2,11,9,50,0.69116667,25.06666667,49.25750000,0.61404318
2001-02-11T10:00:00,1,2,11,10,0,0.72900000,25.20000000,50.71500000,0.64276732
2001-02-11T10:10:00,1,2,11,10,10,0.71550000,25.58333333,50.62583333,0.63115769
2001-02-11T10:20:00,1,2,11,10,20,0.70200000,25.96666667,50.53666667,0.61953700
2001-02-11T10:30:00,1,2,11,10,30,0.68850000,26.35000000,50.44750000,0.60790522
2001-02-11T10:40:00,1,2,11,10,40,0.67500000,26.73333333,50.35833333,0.59626238
2001-02-11T10:50:00,1,2,11,10,50,0.66150000,27.11666667,50.26916667,0.58460845
2001-02-11T11:00:00,1,2,11,11,0,0.64800000,27.50000000,50.18000000,0.57294346
2001-02-11T11:10:00,1,2,11,11,10,0.71983333,27.48333333,52.67750000,0.62818667
2001-02-11T11:20:00,1,2,11,11,20,0.79166667,27.46666667,55.17500000,0.68177937
2001-02-11T11:30:00,1,2,11,11,30,0.86350000,27.45000000,57.67250000,0.73372156
2001-02-11T11:40:00,1,2,11,11,40,0.93533333,27.43333333,60.17000000,0.78401324
2001-02-11T11:50:00,1,2,11,11,50,1.00716667,27.41666667,62.66750000,0.83265439
2001-02-11T12:00:00,1,2,11,12,0,1.07900000,27.40000000,65.16500000,0.87964504
2001-02-11T12:10:00,1,2,11,12,10,0.99583333,27.75000000,62.60416667,0.82357491
2001-02-11T12:20:00,1,2,11,12,20,0.91266667,28.10000000,60.04333333,0.76554541
2001-02-11T12:30:00,1,2,11,12,30,0.82950000,28.45000000,57.48250000,0.70555652
2001-02-11T12:40:00,1,2,11,12,40,0.74633333,28.80000000,54.92166667,0.64360826
2001-02-11T12:50:00,1,2,11,12,50,0.66316667,29.15000000,52.36083333,0.57970062
2001-02-11T13:00:00,1,2,11,13,0,0.58000000,29.50000000,49.80000000,0.51383360
2001-02-11T13:10:00,1,2,11,13,10,0.59933333,29.10000000,50.07666667,0.53019864
2001-02-11T13:20:00,1,2,11,13,20,0.61866667,28.70000000,50.35333333,0.54651446
2001-02-11T13:30:00,1,2,11,13,30,0.63800000,28.30000000,50.63000000,0.56278108
2001-02-11T13:40:00,1,2,11,13,40,0.65733333,27.90000000,50.90666667,0.57899848
2001-02-11T13:50:00,1,2,11,13,50,0.67666667,27.50000000,51.18333333,0.59516668
2001-02-11T14:00:00,1,2,11,14,0,0.69600000,27.10000000,51.46000000,0.61128566
2001-02-11T14:10:00,1,2,11,14,10,0.67466667,27.21666667,50.83000000,0.59450412
2001-02-11T14:20:00,1,2,11,14,20,0.65333333,27.33333333,50.20000000,0.57759893
2001-02-11T14:30:00,1,2,11,14,30,0.63200000,27.45000000,49.57000000,0.56057010
2001-02-11T14:40:00,1,2,11,14,40,0.61066667,27.56666667,48.94000000,0.54341761
2001-02-11T14:50:00,1,2,11,14,50,0.58933333,27.68333333,48.31000000,0.52614148
2001-02-11T15:00:00,1,2,11,15,0,0.56800000,27.80000000,47.68000000,0.50874170
2001-02-11T15:10:00,1,2,11,15,10,0.53300000,27.60000000,46.25500000,0.48088699
2001-02-11T15:20:00,1,2,11,15,20,0.49800000,27.40000000,44.83000000,0.45257344
2001-02-11T15:30:00,1,2,11,15,30,0.46300000,27.20000000,43.40500000,0.42380103
2001-02-11T15:40:00,1,2,11,15,40,0.42800000,27.00000000,41.98000000,0.39456978
2001-02-11T15:50:00,1,2,11,15,50,0.39300000,26.80000000,40.55500000,0.36487967
2001-02-11T16:00:00,1,2,11,16,0,0.35800000,26.60000000,39.13000000,0.33473072
2001-02-11T16:10:00,1,2,11,16,10,0.32916667,26.31666667,37.83750000,0.30972855
2001-02-11T16:20:00,1,2,11,16,20,0.30033333,26.03333333,36.54500000,0.28438353
2001-02-11T16:30:00,1,2,11,16,30,0.27150000,25.75000000,35.25250000,0.25869565
2001-02-11T16:40:00,1,2,11,16,40,0.24266667,25.46666667,33.96000000,0.23266492
2001-02-11T16:50:00,1,2,11,16,50,0.21383333,25.18333333,32.66750000,0.20629132
2001-02-11T17:00:00,1,2,11,17,0,0.18500000,24.90000000,31.37500000,0.17957487
2001-02-11T17:10:00,1,2,11,17,10,0.15616667,24.63333333,30.09916667,0.15250360
2001-02-11T17:20:00,1,2,11,17,20,0.12733333,24.36666667,28.82333333,0.12509388
2001-02-11T17:30:00,1,2,11,17,30,0.09850000,24.10000000,27.54750000,0.09734573
2001-02-11T17:40:00,1,2,11,17,40,0.06966667,23.83333333,26.27166667,0.06925914
2001-02-11T17:50:00,1,2,11,17,50,0.04083333,23.56666667,24.99583333,0.04083412
2001-02-11T18:00:00,1,2,11,18,0,0.01200000,23.30000000,23.72000000,0.01207066
2001-02-11T18:10:00,1,2,11,18,10,0.01000000,23.11666667,23.46666667,0.01007053
2001-02-11T18:20:00,1,2,11,18,20,0.00800000,22.93333333,23.21333333,0.00806575
2001-02-11T18:30:00,1,2,11,18,30,0.00600000,22.75000000,22.96000000,0.00605630
2001-02-11T18:40:00,1,2,11,18,40,0.00400000,22.56666667,22.70666667,0.00404220
2001-02-11T18:50:00,1,2,11,18,50,0.00200000,22.38333333,22.45333333,0.00202343
2001-02-11T19:00:00,1,2,11,19,0,0.00000000,22.20000000,22.20000000,0.00000000
2001-02-11T19:10:00,1,2,11,19,10,0.00000000,22.06666667,22.06666667,0.00000000
2001-02-11T19:20:00,1,2,11,19,20,0.00000000,21.93333333,21.93333333,0.00000000
2001-02-11T19:30:00,1,2,11,19,30,0.00000000,21.80000000,21.80000000,0.00000000
2001-02-11T19:40:00,1,2,11,19,40,0.00000000,21.66666667,21.66666667,0.00000000
2001-02-11T19:50:00,1,2,11,19,50,0.00000000,21.53333333,21.53333333,0.00000000
2001-02-11T20:00:00,1,2,11,20,0,0.00000000,21.40000000,21.40000000,0.00000000
2001-02-11T20:10:00,1,2,11,20,10,0.00000000,21.36666667,21.36666667,0.00000000
2001-02-11T20:20:00,1,2,11,20,20,0.00000000,21.33333333,21.33333333,0.00000000
2001-02-11T20:30:00,1,2,11,20,30,0.00000000,21.30000000,21.30000000,0.00000000
2001-02-11T20:40:00,1,2,11,20,40,0.00000000,21.26666667,21.26666667,0.00000000
2001-02-11T20:50:00,1,2,11,20,50,0.00000000,21.23333333,21.23333333,0.00000000
2001-02-11T21:00:00,1,2,11,21,0,0.00000000,21.20000000,21.20000000,0.00000000
2001-02-11T21:10:00,1,2,11,21,10,0.00000000,21.05000000,21.05000000,0.00000000
2001-02-11T21:20:00,1,2,11,21,20,0.00000000,20.90000000,20.90000000,0.00000000
2001-02-11T21:30:00,1,2,11,21,30,0.00000000,20.75000000,20.75000000,0.00000000
2001-02-11T21:40:00,1,2,11,21,40,0.00000000,20.60000000,20.60000000,0.00000000
2001-02-11T21:50:00,1,2,11,21,50,0.00000000,20.45000000,20.45000000,0.00000000
2001-02-11T22:00:00,1,2,11,22,0,0.00000000,20.30000000,20.30000000,0.00000000
2001-02-11T22:10:00,1,2,11,22,10,0.00000000,20.16666667,20.16666667,0.00000000
2001-02-11T22:20:00,1,2,11,22,20,0.00000000,20.03333333,20.03333333,0.00000000
2001-02-11T22:30:00,1,2,11,22,30,0.00000000,19.90000000,19.90000000,0.00000000
2001-02-11T22:40:00,1,2,11,22,40,0.00000000,19.76666667,19.76666667,0.00000000
2001-02-11T22:50:00,1,2,11,22,50,0.00000000,19.63333333,19.63333333,0.00000000
2001-02-11T23:00:00,1,2,11,23,0,0.00000000,19.50000000,19.50000000,0.00000000
2001-02-11T23:10:00,1,2,11,23,10,0.00000000,19.41666667,19.41666667,0.00000000
2001-02-11T23:20:00,1,2,11,23,20,0.00000000,19.33333333,19.33333333,0.00000000
2001-02-11T23:30:00,1,2,11,23,30,0.00000000,19.25000000,19.25000000,0.00000000
2001-02-11T23:40:00,1,2,11,23,40,0.00000000,19.16666667,19.16666667,0.00000000
2001-02-11T23:50:00,1,2,11,23,50,0.00000000,19.08333333,19.08333333,0.00000000
2001-02-12T00:00:00,1,2,12,0,0,0.00000000,19.00000000,19.00000000,0.00000000
2001-02-12T00:10:00,1,2,12,0,10,0.00000000,19.01666667,19.01666667,0.00000000
2001-02-12T00:20:00,1,2,12,0,20,0.00000000,19.03333333,19.03333333,0.00000000
2001-02-12T00:30:00,1,2,12,0,30,0.00000000,19.05000000,19.05000000,0.00000000
2001-02-12T00:40:00,1,2,12,0,40,0.00000000,19.06666667,19.06666667,0.00000000
2001-02-12T00:50:00,1,2,12,0,50,0.00000000,19.08333333,19.08333333,0.00000000
2001-02-12T01:00:00,1,2,12,1,0,0.00000000,19.10000000,19.10000000,0.00000000
2001-02-12T01:10:00,1,2,12,1,10,0.00000000,19.11666667,19.11666667,0.00000000
2001-02-12T01:20:00,1,2,12,1,20,0.00000000,19.13333333,19.13333333,0.00000000
2001-02-12T01:30:00,1,2,12,1,30,0.00000000,19.15000000,19.15000000,0.00000000
2001-02-12T01:40:00,1,2,12,1,40,0.00000000,19.16666667,19.16666667,0.00000000
2001-02-12T01:50:00,1,2,12,1,50,0.00000000,19.18333333,19.18333333,0.00000000
2001-02-12T02:00:00,1,2,12,2,0,0.00000000,19.20000000,19.20000000,0.00000000
2001-02-12T02:10:00,1,2,12,2,10,0.00000000,19.20000000,19.20000000,0.00000000
2001-02-12T02:20:00,1,2,12,2,20,0.00000000,19.20000000,19.20000000,0.00000000
2001-02-12T02:30:00,1,2,12,2,30,0.00000000,19.20000000,19.20000000,0.00000000
2001-02-12T02:40:00,1,2,12,2,40,0.00000000,19.20000000,19.20000000,0.00000000
2001-02-12T02:50:00,1,2,12,2,50,0.00000000,19.20000000,19.20000000,0.00000000
2001-02-12T03:00:00,1,2,12,3,0,0.00000000,19.20000000,19.20000000,0.00000000
2001-02-12T03:10:00,1,2,12,3,10,0.00000000,19.08333333,19.08333333,0.00000000
2001-02-12T03:20:00,1,2,12,3,20,0.00000000,18.96666667,18.96666667,0.00000000
2001-02-12T03:30:00,1,2,12,3,30,0.00000000,18.85000000,18.85000000,0.00000000
2001-02-12T03:40:00,1,2,12,3,40,0.00000000,18.73333333,18.73333333,0.00000000
2001-02-12T03:50:00,1,2,12,3,50,0.00000000,18.61666667,18.61666667,0.00000000
2001-02-12T04:00:00,1,2,12,4,0,0.00000000,18.50000000,18.50000000,0.00000000
2001-02-12T04:10:00,1,2,12,4,10,0.00150000,18.56666667,18.61916667,0.00154403
2001-02-12T04:20:00,1,2,12,4,20,0.00300000,18.63333333,18.73833333,0.00308641
2001-02-12T04:30:00,1,2,12,4,30,0.00450000,18.70000000,18.85750000,0.00462715
2001-02-12T04:40:00,1,2,12,4,40,0.00600000,18.76666667,18.97666667,0.00616624
2001-02-12T04:50:00,1,2,12,4,50,0.00750000,18.83333333,19.09583333,0.00770369
2001-02-12T05:00:00,1,2,12,5,0,0.00900000,18.90000000,19.21500000,0.00923950
2001-02-12T05:10:00,1,2,12,5,10,0.02633333,18.88333333,19.80500000,0.02696262
2001-02-12T05:20:00,1,2,12,5,20,0.04366667,18.86666667,20.39500000,0.04459166
2001-02-12T05:30:00,1,2,12,5,30,0.06100000,18.85000000,20.98500000,0.06212661
2001-02-12T05:40:00,1,2,12,5,40,0.07833333,18.83333333,21.57500000,0.07956747
2001-02-12T05:50:00,1,2,12,5,50,0.09566667,18.81666667,22.16500000,0.09691426
2001-02-12T06:00:00,1,2,12,6,0,0.11300000,18.80000000,22.75500000,0.11416695
2001-02-12T06:10:00,1,2,12,6,10,0.15500000,19.05000000,24.47500000,0.15537433
2001-02-12T06:20:00,1,2,12,6,20,0.19700000,19.30000000,26.19500000,0.19591709
2001-02-12T06:30:00,1,2,12,6,30,0.23900000,19.55000000,27.91500000,0.23579525
2001-02-12T06:40:00,1,2,12,6,40,0.28100000,19.80000000,29.63500000,0.27500880
2001-02-12T06:50:00,1,2,12,6,50,0.32300000,20.05000000,31.35500000,0.31355774
2001-02-12T07:00:00,1,2,12,7,0,0.36500000,20.30000000,33.07500000,0.35144208
2001-02-12T07:10:00,1,2,12,7,10,0.39766667,20.75000000,34.66833333,0.37998071
2001-02-12T07:20:00,1,2,12,7,20,0.43033333,21.20000000,36.26166667,0.40804049
2001-02-12T07:30:00,1,2,12,7,30,0.46300000,21.65000000,37.85500000,0.43562142
2001-02-12T07:40:00,1,2,12,7,40,0.49566667,22.10000000,39.44833333,0.46272350
2001-02-12T07:50:00,1,2,12,7,50,0.52833333,22.55000000,41.04166667,0.48934674
2001-02-12T08:00:00,1,2,12,8,0,0.56100000,23.00000000,42.63500000,0.51549112
2001-02-12T08:10:00,1,2,12,8,10,0.53716667,23.20000000,42.00083333,0.49515817
2001-02-12T08:20:00,1,2,12,8,20,0.51333333,23.40000000,41.36666667,0.47468618
2001-02-12T08:30:00,1,2,12,8,30,0.48950000,23.60000000,40.73250000,0.45407513
2001-02-12T08:40:00,1,2,12,8,40,0.46566667,23.80000000,40.09833333,0.43332503
2001-02-12T08:50:00,1,2,12,8,50,0.44183333,24.00000000,39.46416667,0.41243588
2001-02-12T09:00:00,1,2,12,9,0,0.41800000,24.20000000,38.83000000,0.39140768
2001-02-12T09:10:00,1,2,12,9,10,0.45683333,24.28333333,40.27250000,0.42473919
2001-02-12T09:20:00,1,2,12,9,20,0.49566667,24.36666667,41.71500000,0.45755535
2001-02-12T09:30:00,1,2,12,9,30,0.53450000,24.45000000,43.15750000,0.48985615
2001-02-12T09:40:00,1,2,12,9,40,0.57333333,24.53333333,44.60000000,0.52164160
2001-02-12T09:50:00,1,2,12,9,50,0.61216667,24.61666667,46.04250000,0.55291169
2001-02-12T10:00:00,1,2,12,10,0,0.65100000,24.70000000,47.48500000,0.58366642
2001-02-12T10:10:00,1,2,12,10,10,0.73250000,24.80000000,50.43750000,0.64678834
2001-02-12T10:20:00,1,2,12,10,20,0.81400000,24.90000000,53.39000000,0.70769648
2001-02-12T10:30:00,1,2,12,10,30,0.89550000,25.00000000,56.34250000,0.76639084
2001-02-12T10:40:00,1,2,12,10,40,0.97700000,25.10000000,59.29500000,0.82287141
2001-02-12T10:50:00,1,2,12,10,50,1.05850000,25.20000000,62.24750000,0.87713820
2001-02-12T11:00:00,1,2,12,11,0,1.14000000,25.30000000,65.20000000,0.92919120
2001-02-12T11:10:00,1,2,12,11,10,1.09600000,25.78333333,64.14333333,0.89865497
2001-02-12T11:20:00,1,2,12,11,20,1.05200000,26.26666667,63.08666667,0.86769100
2001-02-12T11:30:00,1,2,12,11,30,1.00800000,26.75000000,62.03000000,0.83629930
2001-02-12T11:40:00,1,2,12,11,40,0.96400000,27.23333333,60.97333333,0.80447985
2001-02-12T11:50:00,1,2,12,11,50,0.92000000,27.71666667,59.91666667,0.77223267
2001-02-12T12:00:00,1,2,12,12,0,0.87600000,28.20000000,58.86000000,0.73955774
2001-02-12T12:10:00,1,2,12,12,10,0.82433333,28.08333333,56.93500000,0.70323794
2001-02-12T12:20:00,1,2,12,12,20,0.77266667,27.96666667,55.01000000,0.66600312
2001-02-12T12:30:00,1,2,12,12,30,0.72100000,27.85000000,53.08500000,0.62785329
2001-02-12T12:40:00,1,2,12,12,40,0.66933333,27.73333333,51.16000000,0.58878844
2001-02-12T12:50:00,1,2,12,12,50,0.61766667,27.61666667,49.23500000,0.54880857
2001-02-12T13:00:00,1,2,12,13,0,0.56600000,27.50000000,47.31000000,0.50791368
2001-02-12T13:10:00,1,2,12,13,10,0.57933333,27.31666667,47.59333333,0.51912361
2001-02-12T13:20:00,1,2,12,13,20,0.59266667,27.13333333,47.87666667,0.53029877
2001-02-12T13:30:00,1,2,12,13,30,0.60600000,26.95000000,48.16000000,0.54143918
2001-02-12T13:40:00,1,2,12,13,40,0.61933333,26.76666667,48.44333333,0.55254484
2001-02-12T13:50:00,1,2,12,13,50,0.63266667,26.58333333,48.72666667,0.56361574
2001-02-12T14:00:00,1,2,12,14,0,0.64600000,26.40000000,49.01000000,0.57465188
2001-02-12T14:10:00,1,2,12,14,10,0.58816667,26.50000000,47.08583333,0.52841197
2001-02-12T14:20:00,1,2,12,14,20,0.53033333,26.60000000,45.16166667,0.48114828
2001-02-12T14:30:00,1,2,12,14,30,0.47250000,26.70000000,43.23750000,0.43286079
2001-02-12T14:40:00,1,2,12,14,40,0.41466667,26.80000000,41.31333333,0.38354953
2001-02-12T14:50:00,1,2,12,14,50,0.35683333,26.90000000,39.38916667,0.33321448
2001-02-12T15:00:00,1,2,12,15,0,0.29900000,27.00000000,37.46500000,0.28185564
2001-02-12T15:10:00,1,2,12,15,10,0.30250000,26.71666667,37.30416667,0.28537875
2001-02-12T15:20:00,1,2,12,15,20,0.30600000,26.43333333,37.14333333,0.28890704
2001-02-12T15:30:00,1,2,12,15,30,0.30950000,26.15000000,36.98250000,0.29244051
2001-02-12T15:40:00,1,2,12,15,40,0.31300000,25.86666667,36.82166667,0.29597916
2001-02-12T15:50:00,1,2,12,15,50,0.31650000,25.58333333,36.66083333,0.29952299
2001-02-12T16:00:00,1,2,12,16,0,0.32000000,25.30000000,36.50000000,0.30307200
2001-02-12T16:10:00,1,2,12,16,10,0.29716667,25.36666667,35.76750000,0.28244785
2001-02-12T16:20:00,1,2,12,16,20,0.27433333,25.43333333,35.03500000,0.26166983
2001-02-12T16:30:00,1,2,12,16,30,0.25150000,25.50000000,34.30250000,0.24073794
2001-02-12T16:40:00,1,2,12,16,40,0.22866667,25.56666667,33.57000000,0.21965217
2001-02-12T16:50:00,1,2,12,16,50,0.20583333,25.63333333,32.83750000,0.19841253
2001-02-12T17:00:00,1,2,12,17,0,0.18300000,25.70000000,32.10500000,0.17701901
2001-02-12T17:10:00,1,2,12,17,10,0.15450000,25.50000000,30.90750000,0.15030154
2001-02-12T17:20:00,1,2,12,17,20,0.12600000,25.30000000,29.71000000,0.12327008
2001-02-12T17:30:00,1,2,12,17,30,0.09750000,25.10000000,28.51250000,0.09592464
2001-02-12T17:40:00,1,2,12,17,40,0.06900000,24.90000000,27.31500000,0.06826522
2001-02-12T17:50:00,1,2,12,17,50,0.04050000,24.70000000,26.11750000,0.04029181
2001-02-12T18:00:00,1,2,12,18,0,0.01200000,24.50000000,24.92000000,0.01200442
2001-02-12T18:10:00,1,2,12,18,10,0.01000000,24.26666667,24.61666667,0.01001763
2001-02-12T18:20:00,1,2,12,18,20,0.00800000,24.03333333,24.31333333,0.00802527
2001-02-12T18:30:00,1,2,12,18,30,0.00600000,23.80000000,24.01000000,0.00602732
2001-02-12T18:40:00,1,2,12,18,40,0.00400000,23.56666667,23.70666667,0.00402380
2001-02-12T18:50:00,1,2,12,18,50,0.00200000,23.33333333,23.40333333,0.00201469
2001-02-12T19:00:00,1,2,12,19,0,0.00000000,23.10000000,23.10000000,0.00000000
2001-02-12T19:10:00,1,2,12,19,10,0.00000000,22.96666667,22.96666667,0.00000000
2001-02-12T19:20:00,1,2,12,19,20,0.00000000,22.83333333,22.83333333,0.00000000
2001-02-12T19:30:00,1,2,12,19,30,0.00000000,22.70000000,22.70000000,0.00000000
2001-02-12T19:40:00,1,2,12,19,40,0.00000000,22.56666667,22.56666667,0.00000000
2001-02-12T19:50:00,1,2,12,19,50,0.00000000,22.43333333,22.43333333,0.00000000
2001-02-12T20:00:00,1,2,12,20,0,0.00000000,22.30000000,22.30000000,0.00000000
2001-02-12T20:10:00,1,2,12,20,10,0.00000000,22.28333333,22.28333333,0.00000000
2001-02-12T20:20:00,1,2,12,20,20,0.00000000,22.26666667,22.26666667,0.00000000
2001-02-12T20:30:00,1,2,12,20,30,0.00000000,22.25000000,22.25000000,0.00000000
2001-02-12T20:40:00,1,2,12,20,40,0.00000000,22.23333333,22.23333333,0.00000000
2001-02-12T20:50:00,1,2,12,20,50,0.00000000,22.21666667,22.21666667,0.00000000
2001-02-12T21:00:00,1,2,12,21,0,0.00000000,22.20000000,22.20000000,0.00000000
2001-02-12T21:10:00,1,2,12,21,10,0.00000000,22.16666667,22.16666667,0.00000000
2001-02-12T21:20:00,1,2,12,21,20,0.00000000,22.13333333,22.13333333,0.00000000
2001-02-12T21:30:00,1,2,12,21,30,0.00000000,22.10000000,22.10000000,0.00000000
2001-02-12T21:40:00,1,2,12,21,40,0.00000000,22.06666667,22.06666667,0.00000000
2001-02-12T21:50:00,1,2,12,21,50,0.00000000,22.03333333,22.03333333,0.00000000
2001-02-12T22:00:00,1,2,12,22,0,0.00000000,22.00000000,22.00000000,0.00000000
2001-02-12T22:10:00,1,2,12,22,10,0.00000000,21.88333333,21.88333333,0.00000000
2001-02-12T22:20:00,1,2,12,22,20,0.00000000,21.76666667,21.76666667,0.00000000
2001-02-12T22:30:00,1,2,12,22,30,0.00000000,21.65000000,21.65000000,0.00000000
2001-02-12T22:40:00,1,2,12,22,40,0.00000000,21.53333333,21.53333333,0.00000000
2001-02-12T22:50:00,1,2,12,22,50,0.00000000,21.41666667,21.41666667,0.00000000
2001-02-12T23:00:00,1,2,12,23,0,0.00000000,21.30000000,21.30000000,0.00000000
2001-02-12T23:10:00,1,2,12,23,10,0.00000000,21.33333333,21.33333333,0.00000000
2001-02-12T23:20:00,1,2,12,23,20,0.00000000,21.36666667,21.36666667,0.00000000
2001-02-12T23:30:00,1,2,12,23,30,0.00000000,21.40000000,21.40000000,0.00000000
2001-02-12T23:40:00,1,2,12,23,40,0.00000000,21.43333333,21.43333333,0.00000000
2001-02-12T23:50:00,1,2,12,23,50,0.00000000,21.46666667,21.46666667,0.00000000
2001-02-13T00:00:00,1,2,13,0,0,0.00000000,21.50000000,21.50000000,0.00000000
2001-02-13T00:10:00,1,2,13,0,10,0.00000000,21.50000000,21.50000000,0.00000000
2001-02-13T00:20:00,1,2,13,0,20,0.00000000,21.50000000,21.50000000,0.00000000
2001-02-13T00:30:00,1,2,13,0,30,0.00000000,21.50000000,21.50000000,0.00000000
2001-02-13T00:40:00,1,2,13,0,40,0.00000000,21.50000000,21.50000000,0.00000000
2001-02-13T00:50:00,1,2,13,0,50,0.00000000,21.50000000,21.50000000,0.00000000
2001-02-13T01:00:00,1,2,13,1,0,0.00000000,21.50000000,21.50000000,0.00000000
2001-02-13T01:10:00,1,2,13,1,10,0.00000000,21.55000000,21.55000000,0.00000000
2001-02-13T01:20:00,1,2,13,1,20,0.00000000,21.60000000,21.60000000,0.00000000
2001-02-13T01:30:00,1,2,13,1,30,0.00000000,21.65000000,21.65000000,0.00000000
2001-02-13T01:40:00,1,2,13,1,40,0.00000000,21.70000000,21.70000000,0.00000000
2001-02-13T01:50:00,1,2,13,1,50,0.00000000,21.75000000,21.75000000,0.00000000
2001-02-13T02:00:00,1,2,13,2,0,0.00000000,21.80000000,21.80000000,0.00000000
2001-02-13T02:10:00,1,2,13,2,10,0.00000000,21.63333333,21.63333333,0.00000000
2001-02-13T02:20:00,1,2,13,2,20,0.00000000,21.46666667,21.46666667,0.00000000
2001-02-13T02:30:00,1,2,13,2,30,0.00000000,21.30000000,21.30000000,0.00000000
2001-02-13T02:40:00,1,2,13,2,40,0.00000000,21.13333333,21.13333333,0.00000000
2001-02-13T02:50:00,1,2,13,2,50,0.00000000,20.96666667,20.96666667,0.00000000
2001-02-13T03:00:00,1,2,13,3,0,0.00000000,20.80000000,20.80000000,0.00000000
2001-02-13T03:10:00,1,2,13,3,10,0.00000000,20.83333333,20.83333333,0.00000000
2001-02-13T03:20:00,1,2,13,3,20,0.00000000,20.86666667,20.86666667,0.00000000
2001-02-13T03:30:00,1,2,13,3,30,0.00000000,20.90000000,20.90000000,0.00000000
2001-02-13T03:40:00,1,2,13,3,40,0.00000000,20.93333333,20.93333333,0.00000000
2001-02-13T03:50:00,1,2,13,3,50,0.00000000,20.96666667,20.96666667,0.00000000
2001-02-13T04:00:00,1,2,13,4,0,0.00000000,21.00000000,21.00000000,0.00000000
2001-02-13T04:10:00,1,2,13,4,10,0.00100000,20.90000000,20.93500000,0.00101870
2001-02-13T04:20:00,1,2,13,4,20,0.00200000,20.80000000,20.87000000,0.00203800
2001-02-13T04:30:00,1,2,13,4,30,0.00300000,20.70000000,20.80500000,0.00305789
2001-02-13T04:40:00,1,2,13,4,40,0.00400000,20.60000000,20.74000000,0.00407838
2001-02-13T04:50:00,1,2,13,4,50,0.00500000,20.50000000,20.67500000,0.00509948
2001-02-13T05:00:00,1,2,13,5,0,0.00600000,20.40000000,20.61000000,0.00612116
2001-02-13T05:10:00,1,2,13,5,10,0.01450000,20.48333333,20.99083333,0.01476741
2001-02-13T05:20:00,1,2,13,5,20,0.02300000,20.56666667,21.37166667,0.02338388
2001-02-13T05:30:00,1,2,13,5,30,0.03150000,20.65000000,21.75250000,0.03197056
2001-02-13T05:40:00,1,2,13,5,40,0.04000000,20.73333333,22.13333333,0.04052747
2001-02-13T05:50:00,1,2,13,5,50,0.04850000,20.81666667,22.51416667,0.04905459
2001-02-13T06:00:00,1,2,13,6,0,0.05700000,20.90000000,22.89500000,0.05755193
2001-02-13T06:10:00,1,2,13,6,10,0.05866667,21.11666667,23.17000000,0.05916052
2001-02-13T06:20:00,1,2,13,6,20,0.06033333,21.33333333,23.44500000,0.06076490
2001-02-13T06:30:00,1,2,13,6,30,0.06200000,21.55000000,23.72000000,0.06236506
2001-02-13T06:40:00,1,2,13,6,40,0.06366667,21.76666667,23.99500000,0.06396100
2001-02-13T06:50:00,1,2,13,6,50,0.06533333,21.98333333,24.27000000,0.06555272
2001-02-13T07:00:00,1,2,13,7,0,0.06700000,22.20000000,24.54500000,0.06714023
2001-02-13T07:10:00,1,2,13,7,10,0.10650000,22.31666667,26.04416667,0.10598846
2001-02-13T07:20:00,1,2,13,7,20,0.14600000,22.43333333,27.54333333,0.14429190
2001-02-13T07:30:00,1,2,13,7,30,0.18550000,22.55000000,29.04250000,0.18205053
2001-02-13T07:40:00,1,2,13,7,40,0.22500000,22.66666667,30.54166667,0.21926437
2001-02-13T07:50:00,1,2,13,7,50,0.26450000,22.78333333,32.04083333,0.25593342
2001-02-13T08:00:00,1,2,13,8,0,0.30400000,22.90000000,33.54000000,0.29205766
2001-02-13T08:10:00,1,2,13,8,10,0.35616667,23.21666667,35.68250000,0.33866481
2001-02-13T08:20:00,1,2,13,8,20,0.40833333,23.53333333,37.82500000,0.38424371
2001-02-13T08:30:00,1,2,13,8,30,0.46050000,23.85000000,39.96750000,0.42879434
2001-02-13T08:40:00,1,2,13,8,40,0.51266667,24.16666667,42.11000000,0.47231672
2001-02-13T08:50:00,1,2,13,8,50,0.56483333,24.48333333,44.25250000,0.51481085
2001-02-13T09:00:00,1,2,13,9,0,0.61700000,24.80000000,46.39500000,0.55627671
2001-02-13T09:10:00,1,2,13,9,10,0.65283333,25.28333333,48.13250000,0.58336566
2001-02-13T09:20:00,1,2,13,9,20,0.68866667,25.76666667,49.87000000,0.60988182
2001-02-13T09:30:00,1,2,13,9,30,0.72450000,26.25000000,51.60750000,0.63582518
2001-02-13T09:40:00,1,2,13,9,40,0.76033333,26.73333333,53.34500000,0.66119575
2001-02-13T09:50:00,1,2,13,9,50,0.79616667,27.21666667,55.08250000,0.68599352
2001-02-13T10:00:00,1,2,13,10,0,0.83200000,27.70000000,56.82000000,0.71021850
2001-02-13T10:10:00,1,2,13,10,10,0.82833333,28.08333333,57.07500000,0.70611689
2001-02-13T10:20:00,1,2,13,10,20,0.82466667,28.46666667,57.33000000,0.70202389
2001-02-13T10:30:00,1,2,13,10,30,0.82100000,28.85000000,57.58500000,0.69793949
2001-02-13T10:40:00,1,2,13,10,40,0.81733333,29.23333333,57.84000000,0.69386369
2001-02-13T10:50:00,1,2,13,10,50,0.81366667,29.61666667,58.09500000,0.68979649
2001-02-13T11:00:00,1,2,13,11,0,0.81000000,30.00000000,58.35000000,0.68573790
2001-02-13T11:10:00,1,2,13,11,10,0.76566667,30.06666667,56.86500000,0.65343601
2001-02-13T11:20:00,1,2,13,11,20,0.72133333,30.13333333,55.38000000,0.62052844
2001-02-13T11:30:00,1,2,13,11,30,0.67700000,30.20000000,53.89500000,0.58701519
2001-02-13T11:40:00,1,2,13,11,40,0.63266667,30.26666667,52.41000000,0.55289626
2001-02-13T11:50:00,1,2,13,11,50,0.58833333,30.33333333,50.92500000,0.51817164
2001-02-13T12:00:00,1,2,13,12,0,0.54400000,30.40000000,49.44000000,0.48284134
2001-02-13T12:10:00,1,2,13,12,10,0.52483333,30.01666667,48.38583333,0.46837447
2001-02-13T12:20:00,1,2,13,12,20,0.50566667,29.63333333,47.33166667,0.45372172
2001-02-13T12:30:00,1,2,13,12,30,0.48650000,29.25000000,46.27750000,0.43888308
2001-02-13T12:40:00,1,2,13,12,40,0.46733333,28.86666667,45.22333333,0.42385856
2001-02-13T12:50:00,1,2,13,12,50,0.44816667,28.48333333,44.16916667,0.40864815
2001-02-13T13:00:00,1,2,13,13,0,0.42900000,28.10000000,43.11500000,0.39325186
2001-02-13T13:10:00,1,2,13,13,10,0.39100000,27.96666667,41.65166667,0.36105031
2001-02-13T13:20:00,1,2,13,13,20,0.35300000,27.83333333,40.18833333,0.32833718
2001-02-13T13:30:00,1,2,13,13,30,0.31500000,27.70000000,38.72500000,0.29511247
2001-02-13T13:40:00,1,2,13,13,40,0.27700000,27.56666667,37.26166667,0.26137618
2001-02-13T13:50:00,1,2,13,13,50,0.23900000,27.43333333,35.79833333,0.22712831
2001-02-13T14:00:00,1,2,13,14,0,0.20100000,27.30000000,34.33500000,0.19236886
2001-02-13T14:10:00,1,2,13,14,10,0.22166667,26.95000000,34.70833333,0.21176740
2001-02-13T14:20:00,1,2,13,14,20,0.24233333,26.60000000,35.08166667,0.23109496
2001-02-13T14:30:00,1,2,13,14,30,0.26300000,26.25000000,35.45500000,0.25035154
2001-02-13T14:40:00,1,2,13,14,40,0.28366667,25.90000000,35.82833333,0.26953714
2001-02-13T14:50:00,1,2,13,14,50,0.30433333,25.55000000,36.20166667,0.28865175
2001-02-13T15:00:00,1,2,13,15,0,0.32500000,25.20000000,36.57500000,0.30769537
2001-02-13T15:10:00,1,2,13,15,10,0.30616667,25.33333333,36.04916667,0.29060539
2001-02-13T15:20:00,1,2,13,15,20,0.28733333,25.46666667,35.52333333,0.27342429
2001-02-13T15:30:00,1,2,13,15,30,0.26850000,25.60000000,34.99750000,0.25615209
2001-02-13T15:40:00,1,2,13,15,40,0.24966667,25.73333333,34.47166667,0.23878877
2001-02-13T15:50:00,1,2,13,15,50,0.23083333,25.86666667,33.94583333,0.22133435
2001-02-13T16:00:00,1,2,13,16,0,0.21200000,26.00000000,33.42000000,0.20378882
2001-02-13T16:10:00,1,2,13,16,10,0.20283333,25.76666667,32.86583333,0.19549425
2001-02-13T16:20:00,1,2,13,16,20,0.19366667,25.53333333,32.31166667,0.18715295
2001-02-13T16:30:00,1,2,13,16,30,0.18450000,25.30000000,31.75750000,0.17876491
2001-02-13T16:40:00,1,2,13,16,40,0.17533333,25.06666667,31.20333333,0.17033014
2001-02-13T16:50:00,1,2,13,16,50,0.16616667,24.83333333,30.64916667,0.16184863
2001-02-13T17:00:00,1,2,13,17,0,0.15700000,24.60000000,30.09500000,0.15332039
2001-02-13T17:10:00,1,2,13,17,10,0.13216667,24.51666667,29.14250000,0.12964816
2001-02-13T17:20:00,1,2,13,17,20,0.10733333,24.43333333,28.19000000,0.10575832
2001-02-13T17:30:00,1,2,13,17,30,0.08250000,24.35000000,27.23750000,0.08165087
2001-02-13T17:40:00,1,2,13,17,40,0.05766667,24.26666667,26.28500000,0.05732580
2001-02-13T17:50:00,1,2,13,17,50,0.03283333,24.18333333,25.33250000,0.03278311
2001-02-13T18:00:00,1,2,13,18,0,0.00800000,24.10000000,24.38000000,0.00802282
2001-02-13T18:10:00,1,2,13,18,10,0.00666667,23.83333333,24.06666667,0.00669529
2001-02-13T18:20:00,1,2,13,18,20,0.00533333,23.56666667,23.75333333,0.00536392
2001-02-13T18:30:00,1,2,13,18,30,0.00400000,23.30000000,23.44000000,0.00402870
2001-02-13T18:40:00,1,2,13,18,40,0.00266667,23.03333333,23.12666667,0.00268965
2001-02-13T18:50:00,1,2,13,18,50,0.00133333,22.76666667,22.81333333,0.00134674
2001-02-13T19:00:00,1,2,13,19,0,0.00000000,22.50000000,22.50000000,0.00000000
2001-02-13T19:10:00,1,2,13,19,10,0.00000000,22.45000000,22.45000000,0.00000000
2001-02-13T19:20:00,1,2,13,19,20,0.00000000,22.40000000,22.40000000,0.00000000
2001-02-13T19:30:00,1,2,13,19,30,0.00000000,22.35000000,22.35000000,0.00000000
2001-02-13T19:40:00,1,2,13,19,40,0.00000000,22.30000000,22.30000000,0.00000000
2001-02-13T19:50:00,1,2,13,19,50,0.00000000,22.25000000,22.25000000,0.00000000
2001-02-13T20:00:00,1,2,13,20,0,0.00000000,22.20000000,22.20000000,0.00000000
2001-02-13T20:10:00,1,2,13,20,10,0.00000000,22.15000000,22.15000000,0.00000000
2001-02-13T20:20:00,1,2,13,20,20,0.00000000,22.10000000,22.10000000,0.00000000
2001-02-13T20:30:00,1,2,13,20,30,0.00000000,22.05000000,22.05000000,0.00000000
2001-02-13T20:40:00,1,2,13,20,40,0.00000000,22.00000000,22.00000000,0.00000000
2001-02-13T20:50:00,1,2,13,20,50,0.00000000,21.95000000,21.95000000,0.00000000
2001-02-13T21:00:00,1,2,13,21,0,0.00000000,21.90000000,21.90000000,0.00000000
2001-02-13T21:10:00,1,2,13,21,10,0.00000000,21.88333333,21.88333333,0.00000000
2001-02-13T21:20:00,1,2,13,21,20,0.00000000,21.86666667,21.86666667,0.00000000
2001-02-13T21:30:00,1,2,13,21,30,0.00000000,21.85000000,21.85000000,0.00000000
2001-02-13T21:40:00,1,2,13,21,40,0.00000000,21.83333333,21.83333333,0.00000000
2001-02-13T21:50:00,1,2,13,21,50,0.00000000,21.81666667,21.81666667,0.00000000
2001-02-13T22:00:00,1,2,13,22,0,0.00000000,21.80000000,21.80000000,0.00000000
2001-02-13T22:10:00,1,2,13,22,10,0.00000000,21.70000000,21.70000000,0.00000000
2001-02-13T22:20:00,1,2,13,22,20,0.00000000,21.60000000,21.60000000,0.00000000
2001-02-13T22:30:00,1,2,13,22,30,0.00000000,21.50000000,21.50000000,0.00000000
2001-02-13T22:40:00,1,2,13,22,40,0.00000000,21.40000000,21.40000000,0.00000000
2001-02-13T22:50:00,1,2,13,22,50,0.00000000,21.30000000,21.30000000,0.00000000
2001-02-13T23:00:00,1,2,13,23,0,0.00000000,21.20000000,21.20000000,0.00000000
2001-02-13T23:10:00,1,2,13,23,10,0.00000000,21.11666667,21.11666667,0.00000000
2001-02-13T23:20:00,1,2,13,23,20,0.00000000,21.03333333,21.03333333,0.00000000
2001-02-13T23:30:00,1,2,13,23,30,0.00000000,20.95000000,20.95000000,0.00000000
2001-02-13T23:40:00,1,2,13,23,40,0.00000000,20.86666667,20.86666667,0.00000000
2001-02-13T23:50:00,1,2,13,23,50,0.00000000,20.78333333,20.78333333,0.00000000
2001-02-14T00:00:00,1,2,14,0,0,0.00000000,20.70000000,20.70000000,0.00000000
2001-02-14T00:10:00,1,2,14,0,10,0.00000000,20.56666667,20.56666667,0.00000000
2001-02-14T00:20:00,1,2,14,0,20,0.00000000,20.43333333,20.43333333,0.00000000
2001-02-14T00:30:00,1,2,14,0,30,0.00000000,20.30000000,20.30000000,0.00000000
2001-02-14T00:40:00,1,2,14,0,40,0.00000000,20.16666667,20.16666667,0.00000000
2001-02-14T00:50:00,1,2,14,0,50,0.00000000,20.03333333,20.03333333,0.00000000
2001-02-14T01:00:00,1,2,14,1,0,0.00000000,19.90000000,19.90000000,0.00000000
2001-02-14T01:10:00,1,2,14,1,10,0.00000000,19.88333333,19.88333333,0.00000000
2001-02-14T01:20:00,1,2,14,1,20,0.00000000,19.86666667,19.86666667,0.00000000
2001-02-14T01:30:00,1,2,14,1,30,0.00000000,19.85000000,19.85000000,0.00000000
2001-02-14T01:40:00,1,2,14,1,40,0.00000000,19.83333333,19.83333333,0.00000000
2001-02-14T01:50:00,1,2,14,1,50,0.00000000,19.81666667,19.81666667,0.00000000
2001-02-14T02:00:00,1,2,14,2,0,0.00000000,19.80000000,19.80000000,0.00000000
2001-02-14T02:10:00,1,2,14,2,10,0.00000000,19.83333333,19.83333333,0.00000000
2001-02-14T02:20:00,1,2,14,2,20,0.00000000,19.86666667,19.86666667,0.00000000
2001-02-14T02:30:00,1,2,14,2,30,0.00000000,19.90000000,19.90000000,0.00000000
2001-02-14T02:40:00,1,2,14,2,40,0.00000000,19.93333333,19.93333333,0.00000000
2001-02-14T02:50:00,1,2,14,2,50,0.00000000,19.96666667,19.96666667,0.00000000
2001-02-14T03:00:00,1,2,14,3,0,0.00000000,20.00000000,20.00000000,0.00000000
2001-02-14T03:10:00,1,2,14,3,10,0.00000000,20.03333333,20.03333333,0.00000000
2001-02-14T03:20:00,1,2,14,3,20,0.00000000,20.06666667,20.06666667,0.00000000
2001-02-14T03:30:00,1,2,14,3,30,0.00000000,20.10000000,20.10000000,0.00000000
2001-02-14T03:40:00,1,2,14,3,40,0.00000000,20.13333333,20.13333333,0.00000000
2001-02-14T03:50:00,1,2,14,3,50,0.00000000,20.16666667,20.16666667,0.00000000
2001-02-14T04:00:00,1,2,14,4,0,0.00000000,20.20000000,20.20000000,0.00000000
2001-02-14T04:10:00,1,2,14,4,10,0.00133333,20.06666667,20.11333333,0.00136330
2001-02-14T04:20:00,1,2,14,4,20,0.00266667,19.93333333,20.02666667,0.00272767
2001-02-14T04:30:00,1,2,14,4,30,0.00400000,19.80000000,19.94000000,0.00409310
2001-02-14T04:40:00,1,2,14,4,40,0.00533333,19.66666667,19.85333333,0.00545960
2001-02-14T04:50:00,1,2,14,4,50,0.00666667,19.53333333,19.76666667,0.00682716
2001-02-14T05:00:00,1,2,14,5,0,0.00800000,19.40000000,19.68000000,0.00819578
2001-02-14T05:10:00,1,2,14,5,10,0.02900000,19.50000000,20.51500000,0.02959830
2001-02-14T05:20:00,1,2,14,5,20,0.05000000,19.60000000,21.35000000,0.05083950
2001-02-14T05:30:00,1,2,14,5,30,0.07100000,19.70000000,22.18500000,0.07191938
2001-02-14T05:40:00,1,2,14,5,40,0.09200000,19.80000000,23.02000000,0.09283794
2001-02-14T05:50:00,1,2,14,5,50,0.11300000,19.90000000,23.85500000,0.11359517
2001-02-14T06:00:00,1,2,14,6,0,0.13400000,20.00000000,24.69000000,0.13419108
2001-02-14T06:10:00,1,2,14,6,10,0.15183333,20.23333333,25.54750000,0.15145094
2001-02-14T06:20:00,1,2,14,6,20,0.16966667,20.46666667,26.40500000,0.16857011
2001-02-14T06:30:00,1,2,14,6,30,0.18750000,20.70000000,27.26250000,0.18554859
2001-02-14T06:40:00,1,2,14,6,40,0.20533333,20.93333333,28.12000000,0.20238639
2001-02-14T06:50:00,1,2,14,6,50,0.22316667,21.16666667,28.97750000,0.21908350
2001-02-14T07:00:00,1,2,14,7,0,0.24100000,21.40000000,29.83500000,0.23563992
2001-02-14T07:10:00,1,2,14,7,10,0.28933333,21.61666667,31.74333333,0.28035841
2001-02-14T07:20:00,1,2,14,7,20,0.33766667,21.83333333,33.65166667,0.32422832
2001-02-14T07:30:00,1,2,14,7,30,0.38600000,22.05000000,35.56000000,0.36724966
2001-02-14T07:40:00,1,2,14,7,40,0.43433333,22.26666667,37.46833333,0.40942243
2001-02-14T07:50:00,1,2,14,7,50,0.48266667,22.48333333,39.37666667,0.45074663
2001-02-14T08:00:00,1,2,14,8,0,0.53100000,22.70000000,41.28500000,0.49122226
2001-02-14T08:10:00,1,2,14,8,10,0.53166667,23.03333333,41.64166667,0.49096670
2001-02-14T08:20:00,1,2,14,8,20,0.53233333,23.36666667,41.99833333,0.49070895
2001-02-14T08:30:00,1,2,14,8,30,0.53300000,23.70000000,42.35500000,0.49044901
2001-02-14T08:40:00,1,2,14,8,40,0.53366667,24.03333333,42.71166667,0.49018689
2001-02-14T08:50:00,1,2,14,8,50,0.53433333,24.36666667,43.06833333,0.48992257
2001-02-14T09:00:00,1,2,14,9,0,0.53500000,24.70000000,43.42500000,0.48965608
2001-02-14T09:10:00,1,2,14,9,10,0.52716667,24.83333333,43.28416667,0.48282817
2001-02-14T09:20:00,1,2,14,9,20,0.51933333,24.96666667,43.14333333,0.47599012
2001-02-14T09:30:00,1,2,14,9,30,0.51150000,25.10000000,43.00250000,0.46914192
2001-02-14T09:40:00,1,2,14,9,40,0.50366667,25.23333333,42.86166667,0.46228357
2001-02-14T09:50:00,1,2,14,9,50,0.49583333,25.36666667,42.72083333,0.45541507
2001-02-14T10:00:00,1,2,14,10,0,0.48800000,25.50000000,42.58000000,0.44853642
2001-02-14T10:10:00,1,2,14,10,10,0.55700000,25.46666667,44.96166667,0.50585422
2001-02-14T10:20:00,1,2,14,10,20,0.62600000,25.43333333,47.34333333,0.56166014
2001-02-14T10:30:00,1,2,14,10,30,0.69500000,25.40000000,49.72500000,0.61595418
2001-02-14T10:40:00,1,2,14,10,40,0.76400000,25.36666667,52.10666667,0.66873633
2001-02-14T10:50:00,1,2,14,10,50,0.83300000,25.33333333,54.48833333,0.72000660
2001-02-14T11:00:00,1,2,14,11,0,0.90200000,25.30000000,56.87000000,0.76976500
2001-02-14T11:10:00,1,2,14,11,10,0.91933333,25.68333333,57.86000000,0.78037058
2001-02-14T11:20:00,1,2,14,11,20,0.93666667,26.06666667,58.85000000,0.79081830
2001-02-14T11:30:00,1,2,14,11,30,0.95400000,26.45000000,59.84000000,0.80110814
2001-02-14T11:40:00,1,2,14,11,40,0.97133333,26.83333333,60.83000000,0.81124012
2001-02-14T11:50:00,1,2,14,11,50,0.98866667,27.21666667,61.82000000,0.82121422
2001-02-14T12:00:00,1,2,14,12,0,1.00600000,27.60000000,62.81000000,0.83103044
2001-02-14T12:10:00,1,2,14,12,10,0.92450000,27.78333333,60.14083333,0.77505658
2001-02-14T12:20:00,1,2,14,12,20,0.84300000,27.96666667,57.47166667,0.71708137
2001-02-14T12:30:00,1,2,14,12,30,0.76150000,28.15000000,54.80250000,0.65710482
2001-02-14T12:40:00,1,2,14,12,40,0.68000000,28.33333333,52.13333333,0.59512693
2001-02-14T12:50:00,1,2,14,12,50,0.59850000,28.51666667,49.46416667,0.53114770
2001-02-14T13:00:00,1,2,14,13,0,0.51700000,28.70000000,46.79500000,0.46516713
2001-02-14T13:10:00,1,2,14,13,10,0.53016667,28.30000000,46.85583333,0.47686539
2001-02-14T13:20:00,1,2,14,13,20,0.54333333,27.90000000,46.91666667,0.48855628
2001-02-14T13:30:00,1,2,14,13,30,0.55650000,27.50000000,46.97750000,0.50023980
2001-02-14T13:40:00,1,2,14,13,40,0.56966667,27.10000000,47.03833333,0.51191595
2001-02-14T13:50:00,1,2,14,13,50,0.58283333,26.70000000,47.09916667,0.52358473
2001-02-14T14:00:00,1,2,14,14,0,0.59600000,26.30000000,47.16000000,0.53524614
2001-02-14T14:10:00,1,2,14,14,10,0.57633333,26.25000000,46.42166667,0.51954164
2001-02-14T14:20:00,1,2,14,14,20,0.55666667,26.20000000,45.68333333,0.50370354
2001-02-14T14:30:00,1,2,14,14,30,0.53700000,26.15000000,44.94500000,0.48773186
2001-02-14T14:40:00,1,2,14,14,40,0.51733333,26.10000000,44.20666667,0.47162659
2001-02-14T14:50:00,1,2,14,14,50,0.49766667,26.05000000,43.46833333,0.45538773
2001-02-14T15:00:00,1,2,14,15,0,0.47800000,26.00000000,42.73000000,0.43901528
2001-02-14T15:10:00,1,2,14,15,10,0.43016667,25.88333333,40.93916667,0.39862677
2001-02-14T15:20:00,1,2,14,15,20,0.38233333,25.76666667,39.14833333,0.35745019
2001-02-14T15:30:00,1,2,14,15,30,0.33450000,25.65000000,37.35750000,0.31548551
2001-02-14T15:40:00,1,2,14,15,40,0.28666667,25.53333333,35.56666667,0.27273276
2001-02-14T15:50:00,1,2,14,15,50,0.23883333,25.41666667,33.77583333,0.22919191
2001-02-14T16:00:00,1,2,14,16,0,0.19100000,25.30000000,31.98500000,0.18486298
2001-02-14T16:10:00,1,2,14,16,10,0.16933333,25.18333333,31.11000000,0.16457405
2001-02-14T16:20:00,1,2,14,16,20,0.14766667,25.06666667,30.23500000,0.14411071
2001-02-14T16:30:00,1,2,14,16,30,0.12600000,24.95000000,29.36000000,0.12347294
2001-02-14T16:40:00,1,2,14,16,40,0.10433333,24.83333333,28.48500000,0.10266077
2001-02-14T16:50:00,1,2,14,16,50,0.08266667,24.71666667,27.61000000,0.08167417
2001-02-14T17:00:00,1,2,14,17,0,0.06100000,24.60000000,26.73500000,0.06051316
2001-02-14T17:10:00,1,2,14,17,10,0.05250000,24.28333333,26.12083333,0.05222932
2001-02-14T17:20:00,1,2,14,17,20,0.04400000,23.96666667,25.50666667,0.04389745
2001-02-14T17:30:00,1,2,14,17,30,0.03550000,23.65000000,24.89250000,0.03551755
2001-02-14T17:40:00,1,2,14,17,40,0.02700000,23.33333333,24.27833333,0.02708963
2001-02-14T17:50:00,1,2,14,17,50,0.01850000,23.01666667,23.66416667,0.01861368
2001-02-14T18:00:00,1,2,14,18,0,0.01000000,22.70000000,23.05000000,0.01008970
2001-02-14T18:10:00,1,2,14,18,10,0.00833333,22.63333333,22.92500000,0.00841287
2001-02-14T18:20:00,1,2,14,18,20,0.00666667,22.56666667,22.80000000,0.00673413
2001-02-14T18:30:00,1,2,14,18,30,0.00500000,22.50000000,22.67500000,0.00505347
2001-02-14T18:40:00,1,2,14,18,40,0.00333333,22.43333333,22.55000000,0.00337090
2001-02-14T18:50:00,1,2,14,18,50,0.00166667,22.36666667,22.42500000,0.00168641
2001-02-14T19:00:00,1,2,14,19,0,0.00000000,22.30000000,22.30000000,0.00000000
2001-02-14T19:10:00,1,2,14,19,10,0.00000000,22.23333333,22.23333333,0.00000000
2001-02-14T19:20:00,1,2,14,19,20,0.00000000,22.16666667,22.16666667,0.00000000
2001-02-14T19:30:00,1,2,14,19,30,0.00000000,22.10000000,22.10000000,0.00000000
2001-02-14T19:40:00,1,2,14,19,40,0.00000000,22.03333333,22.03333333,0.00000000
2001-02-14T19:50:00,1,2,14,19,50,0.00000000,21.96666667,21.96666667,0.00000000
2001-02-14T20:00:00,1,2,14,20,0,0.00000000,21.90000000,21.90000000,0.00000000
2001-02-14T20:10:00,1,2,14,20,10,0.00000000,21.93333333,21.93333333,0.00000000
2001-02-14T20:20:00,1,2,14,20,20,0.00000000,21.96666667,21.96666667,0.00000000
2001-02-14T20:30:00,1,2,14,20,30,0.00000000,22.00000000,22.00000000,0.00000000
2001-02-14T20:40:00,1,2,14,20,40,0.00000000,22.03333333,22.03333333,0.00000000
2001-02-14T20:50:00,1,2,14,20,50,0.00000000,22.06666667,22.06666667,0.00000000
2001-02-14T21:00:00,1,2,14,21,0,0.00000000,22.10000000,22.10000000,0.00000000
2001-02-14T21:10:00,1,2,14,21,10,0.00000000,21.91666667,21.91666667,0.00000000
2001-02-14T21:20:00,1,2,14,21,20,0.00000000,21.73333333,21.73333333,0.00000000
2001-02-14T21:30:00,1,2,14,21,30,0.00000000,21.55000000,21.55000000,0.00000000
2001-02-14T21:40:00,1,2,14,21,40,0.00000000,21.36666667,21.36666667,0.00000000
2001-02-14T21:50:00,1,2,14,21,50,0.00000000,21.18333333,21.18333333,0.00000000
2001-02-14T22:00:00,1,2,14,22,0,0.00000000,21.00000000,21.00000000,0.00000000
2001-02-14T22:10:00,1,2,14,22,10,0.00000000,21.03333333,21.03333333,0.00000000
2001-02-14T22:20:00,1,2,14,22,20,0.00000000,21.06666667,21.06666667,0.00000000
2001-02-14T22:30:00,1,2,14,22,30,0.00000000,21.10000000,21.10000000,0.00000000
2001-02-14T22:40:00,1,2,14,22,40,0.00000000,21.13333333,21.13333333,0.00000000
2001-02-14T22:50:00,1,2,14,22,50,0.00000000,21.16666667,21.16666667,0.00000000
2001-02-14T23:00:00,1,2,14,23,0,0.00000000,21.20000000,21.20000000,0.00000000
2001-02-14T23:10:00,1,2,14,23,10,0.00000000,21.10000000,21.10000000,0.00000000
2001-02-14T23:20:00,1,2,14,23,20,0.00000000,21.00000000,21.00000000,0.00000000
2001-02-14T23:30:00,1,2,14,23,30,0.00000000,20.90000000,20.90000000,0.00000000
2001-02-14T23:40:00,1,2,14,23,40,0.00000000,20.80000000,20.80000000,0.00000000
2001-02-14T23:50:00,1,2,14,23,50,0.00000000,20.70000000,20.70000000,0.00000000
2001-02-15T00:00:00,1,2,15,0,0,0.00000000,20.60000000,20.60000000,0.00000000
2001-02-15T00:10:00,1,2,15,0,10,0.00000000,20.53333333,20.53333333,0.00000000
2001-02-15T00:20:00,1,2,15,0,20,0.00000000,20.46666667,20.46666667,0.00000000
2001-02-15T00:30:00,1,2,15,0,30,0.00000000,20.40000000,20.40000000,0.00000000
2001-02-15T00:40:00,1,2,15,0,40,0.00000000,20.33333333,20.33333333,0.00000000
2001-02-15T00:50:00,1,2,15,0,50,0.00000000,20.26666667,20.26666667,0.00000000
2001-02-15T01:00:00,1,2,15,1,0,0.00000000,20.20000000,20.20000000,0.00000000
2001-02-15T01:10:00,1,2,15,1,10,0.00000000,20.20000000,20.20000000,0.00000000
2001-02-15T01:20:00,1,2,15,1,20,0.00000000,20.20000000,20.20000000,0.00000000
2001-02-15T01:30:00,1,2,15,1,30,0.00000000,20.20000000,20.20000000,0.00000000
2001-02-15T01:40:00,1,2,15,1,40,0.00000000,20.20000000,20.20000000,0.00000000
2001-02-15T01:50:00,1,2,15,1,50,0.00000000,20.20000000,20.20000000,0.00000000
2001-02-15T02:00:00,1,2,15,2,0,0.00000000,20.20000000,20.20000000,0.00000000
2001-02-15T02:10:00,1,2,15,2,10,0.00000000,20.26666667,20.26666667,0.00000000
2001-02-15T02:20:00,1,2,15,2,20,0.00000000,20.33333333,20.33333333,0.00000000
2001-02-15T02:30:00,1,2,15,2,30,0.00000000,20.40000000,20.40000000,0.00000000
2001-02-15T02:40:00,1,2,15,2,40,0.00000000,20.46666667,20.46666667,0.00000000
2001-02-15T02:50:00,1,2,15,2,50,0.00000000,20.53333333,20.53333333,0.00000000
2001-02-15T03:00:00,1,2,15,3,0,0.00000000,20.60000000,20.60000000,0.00000000
2001-02-15T03:10:00,1,2,15,3,10,0.00000000,20.51666667,20.51666667,0.00000000
2001-02-15T03:20:00,1,2,15,3,20,0.00000000,20.43333333,20.43333333,0.00000000
2001-02-15T03:30:00,1,2,15,3,30,0.00000000,20.35000000,20.35000000,0.00000000
2001-02-15T03:40:00,1,2,15,3,40,0.00000000,20.26666667,20.26666667,0.00000000
2001-02-15T03:50:00,1,2,15,3,50,0.00000000,20.18333333,20.18333333,0.00000000
2001-02-15T04:00:00,1,2,15,4,0,0.00000000,20.10000000,20.10000000,0.00000000
2001-02-15T04:10:00,1,2,15,4,10,0.00100000,20.16666667,20.20166667,0.00102207
2001-02-15T04:20:00,1,2,15,4,20,0.00200000,20.23333333,20.30333333,0.00204321
2001-02-15T04:30:00,1,2,15,4,30,0.00300000,20.30000000,20.40500000,0.00306341
2001-02-15T04:40:00,1,2,15,4,40,0.00400000,20.36666667,20.50666667,0.00408268
2001-02-15T04:50:00,1,2,15,4,50,0.00500000,20.43333333,20.60833333,0.00510101
2001-02-15T05:00:00,1,2,15,5,0,0.00600000,20.50000000,20.71000000,0.00611840
2001-02-15T05:10:00,1,2,15,5,10,0.01450000,20.41666667,20.92416667,0.01477186
2001-02-15T05:20:00,1,2,15,5,20,0.02300000,20.33333333,21.13833333,0.02340856
2001-02-15T05:30:00,1,2,15,5,30,0.03150000,20.25000000,21.35250000,0.03202852
2001-02-15T05:40:00,1,2,15,5,40,0.04000000,20.16666667,21.56666667,0.04063173
2001-02-15T05:50:00,1,2,15,5,50,0.04850000,20.08333333,21.78083333,0.04921820
2001-02-15T06:00:00,1,2,15,6,0,0.05700000,20.00000000,21.99500000,0.05778791
2001-02-15T06:10:00,1,2,15,6,10,0.08850000,20.30000000,23.39750000,0.08915238
2001-02-15T06:20:00,1,2,15,6,20,0.12000000,20.60000000,24.80000000,0.12011040
2001-02-15T06:30:00,1,2,15,6,30,0.15150000,20.90000000,26.20250000,0.15066198
2001-02-15T06:40:00,1,2,15,6,40,0.18300000,21.20000000,27.60500000,0.18080711
2001-02-15T06:50:00,1,2,15,6,50,0.21450000,21.50000000,29.00750000,0.21054580
2001-02-15T07:00:00,1,2,15,7,0,0.24600000,21.80000000,30.41000000,0.23987804
2001-02-15T07:10:00,1,2,15,7,10,0.29650000,22.03333333,32.41083333,0.28639236
2001-02-15T07:20:00,1,2,15,7,20,0.34700000,22.26666667,34.41166667,0.33197710
2001-02-15T07:30:00,1,2,15,7,30,0.39750000,22.50000000,36.41250000,0.37663224
2001-02-15T07:40:00,1,2,15,7,40,0.44800000,22.73333333,38.41333333,0.42035780
2001-02-15T07:50:00,1,2,15,7,50,0.49850000,22.96666667,40.41416667,0.46315377
2001-02-15T08:00:00,1,2,15,8,0,0.54900000,23.20000000,42.41500000,0.50502016
2001-02-15T08:10:00,1,2,15,8,10,0.53616667,23.53333333,42.29916667,0.49350058
2001-02-15T08:20:00,1,2,15,8,20,0.52333333,23.86666667,42.18333333,0.48196732
2001-02-15T08:30:00,1,2,15,8,30,0.51050000,24.20000000,42.06750000,0.47042039
2001-02-15T08:40:00,1,2,15,8,40,0.49766667,24.53333333,41.95166667,0.45885978
2001-02-15T08:50:00,1,2,15,8,50,0.48483333,24.86666667,41.83583333,0.44728550
2001-02-15T09:00:00,1,2,15,9,0,0.47200000,25.20000000,41.72000000,0.43569754
2001-02-15T09:10:00,1,2,15,9,10,0.52433333,25.15000000,43.50166667,0.47970855
2001-02-15T09:20:00,1,2,15,9,20,0.57666667,25.10000000,45.28333333,0.52286174
2001-02-15T09:30:00,1,2,15,9,30,0.62900000,25.05000000,47.06500000,0.56515713
2001-02-15T09:40:00,1,2,15,9,40,0.68133333,25.00000000,48.84666667,0.60659470
2001-02-15T09:50:00,1,2,15,9,50,0.73366667,24.95000000,50.62833333,0.64717446
2001-02-15T10:00:00,1,2,15,10,0,0.78600000,24.90000000,52.41000000,0.68689640
2001-02-15T10:10:00,1,2,15,10,10,0.76666667,25.15000000,51.98333333,0.67150544
2001-02-15T10:20:00,1,2,15,10,20,0.74733333,25.40000000,51.55666667,0.65603860
2001-02-15T10:30:00,1,2,15,10,30,0.72800000,25.65000000,51.13000000,0.64049586
2001-02-15T10:40:00,1,2,15,10,40,0.70866667,25.90000000,50.70333333,0.62487723
2001-02-15T10:50:00,1,2,15,10,50,0.68933333,26.15000000,50.27666667,0.60918271
2001-02-15T11:00:00,1,2,15,11,0,0.67000000,26.40000000,49.85000000,0.59341230
2001-02-15T11:10:00,1,2,15,11,10,0.71500000,26.31666667,51.34166667,0.62836226
2001-02-15T11:20:00,1,2,15,11,20,0.76000000,26.23333333,52.83333333,0.66269467
2001-02-15T11:30:00,1,2,15,11,30,0.80500000,26.15000000,54.32500000,0.69640952
2001-02-15T11:40:00,1,2,15,11,40,0.85000000,26.06666667,55.81666667,0.72950683
2001-02-15T11:50:00,1,2,15,11,50,0.89500000,25.98333333,57.30833333,0.76198659
2001-02-15T12:00:00,1,2,15,12,0,0.94000000,25.90000000,58.80000000,0.79384880
2001-02-15T12:10:00,1,2,15,12,10,0.88616667,26.26666667,57.28250000,0.75457136
2001-02-15T12:20:00,1,2,15,12,20,0.83233333,26.63333333,55.76500000,0.71454235
2001-02-15T12:30:00,1,2,15,12,30,0.77850000,27.00000000,54.24750000,0.67376178
2001-02-15T12:40:00,1,2,15,12,40,0.72466667,27.36666667,52.73000000,0.63222964
2001-02-15T12:50:00,1,2,15,12,50,0.67083333,27.73333333,51.21250000,0.58994593
2001-02-15T13:00:00,1,2,15,13,0,0.61700000,28.10000000,49.69500000,0.54691065
2001-02-15T13:10:00,1,2,15,13,10,0.61116667,27.80000000,49.19083333,0.54315736
2001-02-15T13:20:00,1,2,15,13,20,0.60533333,27.50000000,48.68666667,0.53937702
2001-02-15T13:30:00,1,2,15,13,30,0.59950000,27.20000000,48.18250000,0.53556962
2001-02-15T13:40:00,1,2,15,13,40,0.59366667,26.90000000,47.67833333,0.53173516
2001-02-15T13:50:00,1,2,15,13,50,0.58783333,26.60000000,47.17416667,0.52787365
2001-02-15T14:00:00,1,2,15,14,0,0.58200000,26.30000000,46.67000000,0.52398508
2001-02-15T14:10:00,1,2,15,14,10,0.57450000,26.30000000,46.40750000,0.51792640
2001-02-15T14:20:00,1,2,15,14,20,0.56700000,26.30000000,46.14500000,0.51184961
2001-02-15T14:30:00,1,2,15,14,30,0.55950000,26.30000000,45.88250000,0.50575471
2001-02-15T14:40:00,1,2,15,14,40,0.55200000,26.30000000,45.62000000,0.49964170
2001-02-15T14:50:00,1,2,15,14,50,0.54450000,26.30000000,45.35750000,0.49351057
2001-02-15T15:00:00,1,2,15,15,0,0.53700000,26.30000000,45.09500000,0.48736133
2001-02-15T15:10:00,1,2,15,15,10,0.50233333,26.20000000,43.78166667,0.45893391
2001-02-15T15:20:00,1,2,15,15,20,0.46766667,26.10000000,42.46833333,0.43008762
2001-02-15T15:30:00,1,2,15,15,30,0.43300000,26.00000000,41.15500000,0.40082247
2001-02-15T15:40:00,1,2,15,15,40,0.39833333,25.90000000,39.84166667,0.37113845
2001-02-15T15:50:00,1,2,15,15,50,0.36366667,25.80000000,38.52833333,0.34103557
2001-02-15T16:00:00,1,2,15,16,0,0.32900000,25.70000000,37.21500000,0.31051382
2001-02-15T16:10:00,1,2,15,16,10,0.29766667,25.53333333,35.95166667,0.28267091
2001-02-15T16:20:00,1,2,15,16,20,0.26633333,25.36666667,34.68833333,0.25446383
2001-02-15T16:30:00,1,2,15,16,30,0.23500000,25.20000000,33.42500000,0.22589257
2001-02-15T16:40:00,1,2,15,16,40,0.20366667,25.03333333,32.16166667,0.19695714
2001-02-15T16:50:00,1,2,15,16,50,0.17233333,24.86666667,30.89833333,0.16765753
2001-02-15T17:00:00,1,2,15,17,0,0.14100000,24.70000000,29.63500000,0.13799374
2001-02-15T17:10:00,1,2,15,17,10,0.11900000,24.56666667,28.73166667,0.11695729
2001-02-15T17:20:00,1,2,15,17,20,0.09700000,24.43333333,27.82833333,0.09573800
2001-02-15T17:30:00,1,2,15,17,30,0.07500000,24.30000000,26.92500000,0.07433587
2001-02-15T17:40:00,1,2,15,17,40,0.05300000,24.16666667,26.02166667,0.05275092
2001-02-15T17:50:00,1,2,15,17,50,0.03100000,24.03333333,25.11833333,0.03098313
2001-02-15T18:00:00,1,2,15,18,0,0.00900000,23.90000000,24.21500000,0.00903250
2001-02-15T18:10:00,1,2,15,18,10,0.00750000,23.60000000,23.86250000,0.00753924
2001-02-15T18:20:00,1,2,15,18,20,0.00600000,23.30000000,23.51000000,0.00604112
2001-02-15T18:30:00,1,2,15,18,30,0.00450000,23.00000000,23.15750000,0.00453814
2001-02-15T18:40:00,1,2,15,18,40,0.00300000,22.70000000,22.80500000,0.00303029
2001-02-15T18:50:00,1,2,15,18,50,0.00150000,22.40000000,22.45250000,0.00151758
2001-02-15T19:00:00,1,2,15,19,0,0.00000000,22.10000000,22.10000000,0.00000000
2001-02-15T19:10:00,1,2,15,19,10,0.00000000,22.06666667,22.06666667,0.00000000
2001-02-15T19:20:00,1,2,15,19,20,0.00000000,22.03333333,22.03333333,0.00000000
2001-02-15T19:30:00,1,2,15,19,30,0.00000000,22.00000000,22.00000000,0.00000000
2001-02-15T19:40:00,1,2,15,19,40,0.00000000,21.96666667,21.96666667,0.00000000
2001-02-15T19:50:00,1,2,15,19,50,0.00000000,21.93333333,21.93333333,0.00000000
2001-02-15T20:00:00,1,2,15,20,0,0.00000000,21.90000000,21.90000000,0.00000000
2001-02-15T20:10:00,1,2,15,20,10,0.00000000,21.80000000,21.80000000,0.00000000
2001-02-15T20:20:00,1,2,15,20,20,0.00000000,21.70000000,21.70000000,0.00000000
2001-02-15T20:30:00,1,2,15,20,30,0.00000000,21.60000000,21.60000000,0.00000000
2001-02-15T20:40:00,1,2,15,20,40,0.00000000,21.50000000,21.50000000,0.00000000
2001-02-15T20:50:00,1,2,15,20,50,0.00000000,21.40000000,21.40000000,0.00000000
2001-02-15T21:00:00,1,2,15,21,0,0.00000000,21.30000000,21.30000000,0.00000000
2001-02-15T21:10:00,1,2,15,21,10,0.00000000,21.31666667,21.31666667,0.00000000
2001-02-15T21:20:00,1,2,15,21,20,0.00000000,21.33333333,21.33333333,0.00000000
2001-02-15T21:30:00,1,2,15,21,30,0.00000000,21.35000000,21.35000000,0.00000000
2001-02-15T21:40:00,1,2,15,21,40,0.00000000,21.36666667,21.36666667,0.00000000
2001-02-15T21:50:00,1,2,15,21,50,0.00000000,21.38333333,21.38333333,0.00000000
2001-02-15T22:00:00,1,2,15,22,0,0.00000000,21.40000000,21.40000000,0.00000000
2001-02-15T22:10:00,1,2,15,22,10,0.00000000,21.35000000,21.35000000,0.00000000
2001-02-15T22:20:00,1,2,15,22,20,0.00000000,21.30000000,21.30000000,0.00000000
2001-02-15T22:30:00,1,2,15,22,30,0.00000000,21.25000000,21.25000000,0.00000000
2001-02-15T22:40:00,1,2,15,22,40,0.00000000,21.20000000,21.20000000,0.00000000
2001-02-15T22:50:00,1,2,15,22,50,0.00000000,21.15000000,21.15000000,0.00000000
2001-02-15T23:00:00,1,2,15,23,0,0.00000000,21.10000000,21.10000000,0.00000000
2001-02-15T23:10:00,1,2,15,23,10,0.00000000,21.00000000,21.00000000,0.00000000
2001-02-15T23:20:00,1,2,15,23,20,0.00000000,20.90000000,20.90000000,0.00000000
2001-02-15T23:30:00,1,2,15,23,30,0.00000000,20.80000000,20.80000000,0.00000000
2001-02-15T23:40:00,1,2,15,23,40,0.00000000,20.70000000,20.70000000,0.00000000
2001-02-15T23:50:00,1,2,15,23,50,0.00000000,20.60000000,20.60000000,0.00000000
2001-02-16T00:00:00,1,2,16,0,0,0.00000000,20.50000000,20.50000000,0.00000000
2001-02-16T00:10:00,1,2,16,0,10,0.00000000,20.45000000,20.45000000,0.00000000
2001-02-16T00:20:00,1,2,16,0,20,0.00000000,20.40000000,20.40000000,0.00000000
2001-02-16T00:30:00,1,2,16,0,30,0.00000000,20.35000000,20.35000000,0.00000000
2001-02-16T00:40:00,1,2,16,0,40,0.00000000,20.30000000,20.30000000,0.00000000
2001-02-16T00:50:00,1,2,16,0,50,0.00000000,20.25000000,20.25000000,0.00000000
2001-02-16T01:00:00,1,2,16,1,0,0.00000000,20.20000000,20.20000000,0.00000000
2001-02-16T01:10:00,1,2,16,1,10,0.00000000,20.18333333,20.18333333,0.00000000
2001-02-16T01:20:00,1,2,16,1,20,0.00000000,20.16666667,20.16666667,0.00000000
2001-02-16T01:30:00,1,2,16,1,30,0.00000000,20.15000000,20.15000000,0.00000000
2001-02-16T01:40:00,1,2,16,1,40,0.00000000,20.13333333,20.13333333,0.00000000
2001-02-16T01:50:00,1,2,16,1,50,0.00000000,20.11666667,20.11666667,0.00000000
2001-02-16T02:00:00,1,2,16,2,0,0.00000000,20.10000000,20.10000000,0.00000000
2001-02-16T02:10:00,1,2,16,2,10,0.00000000,20.13333333,20.13333333,0.00000000
2001-02-16T02:20:00,1,2,16,2,20,0.00000000,20.16666667,20.16666667,0.00000000
2001-02-16T02:30:00,1,2,16,2,30,0.00000000,20.20000000,20.20000000,0.00000000
2001-02-16T02:40:00,1,2,16,2,40,0.00000000,20.23333333,20.23333333,0.00000000
2001-02-16T02:50:00,1,2,16,2,50,0.00000000,20.26666667,20.26666667,0.00000000
2001-02-16T03:00:00,1,2,16,3,0,0.00000000,20.30000000,20.30000000,0.00000000
2001-02-16T03:10:00,1,2,16,3,10,0.00000000,20.28333333,20.28333333,0.00000000
2001-02-16T03:20:00,1,2,16,3,20,0.00000000,20.26666667,20.26666667,0.00000000
2001-02-16T03:30:00,1,2,16,3,30,0.00000000,20.25000000,20.25000000,0.00000000
2001-02-16T03:40:00,1,2,16,3,40,0.00000000,20.23333333,20.23333333,0.00000000
2001-02-16T03:50:00,1,2,16,3,50,0.00000000,20.21666667,20.21666667,0.00000000
2001-02-16T04:00:00,1,2,16,4,0,0.00000000,20.20000000,20.20000000,0.00000000
2001-02-16T04:10:00,1,2,16,4,10,0.00100000,20.18333333,20.21833333,0.00102200
2001-02-16T04:20:00,1,2,16,4,20,0.00200000,20.16666667,20.23666667,0.00204382
2001-02-16T04:30:00,1,2,16,4,30,0.00300000,20.15000000,20.25500000,0.00306548
2001-02-16T04:40:00,1,2,16,4,40,0.00400000,20.13333333,20.27333333,0.00408697
2001-02-16T04:50:00,1,2,16,4,50,0.00500000,20.11666667,20.29166667,0.00510829
2001-02-16T05:00:00,1,2,16,5,0,0.00600000,20.10000000,20.31000000,0.00612944
2001-02-16T05:10:00,1,2,16,5,10,0.03383333,20.05000000,21.23416667,0.03441942
2001-02-16T05:20:00,1,2,16,5,20,0.06166667,20.00000000,22.15833333,0.06247275
2001-02-16T05:30:00,1,2,16,5,30,0.08950000,19.95000000,23.08250000,0.09028943
2001-02-16T05:40:00,1,2,16,5,40,0.11733333,19.90000000,24.00666667,0.11786947
2001-02-16T05:50:00,1,2,16,5,50,0.14516667,19.85000000,24.93083333,0.14521285
2001-02-16T06:00:00,1,2,16,6,0,0.17300000,19.80000000,25.85500000,0.17231959
2001-02-16T06:10:00,1,2,16,6,10,0.17033333,20.06666667,26.02833333,0.16952760
2001-02-16T06:20:00,1,2,16,6,20,0.16766667,20.33333333,26.20166667,0.16673986
2001-02-16T06:30:00,1,2,16,6,30,0.16500000,20.60000000,26.37500000,0.16395637
2001-02-16T06:40:00,1,2,16,6,40,0.16233333,20.86666667,26.54833333,0.16117714
2001-02-16T06:50:00,1,2,16,6,50,0.15966667,21.13333333,26.72166667,0.15840216
2001-02-16T07:00:00,1,2,16,7,0,0.15700000,21.40000000,26.89500000,0.15563143
2001-02-16T07:10:00,1,2,16,7,10,0.18566667,21.48333333,27.98166667,0.18312012
2001-02-16T07:20:00,1,2,16,7,20,0.21433333,21.56666667,29.06833333,0.21032223
2001-02-16T07:30:00,1,2,16,7,30,0.24300000,21.65000000,30.15500000,0.23723774
2001-02-16T07:40:00,1,2,16,7,40,0.27166667,21.73333333,31.24166667,0.26386666
2001-02-16T07:50:00,1,2,16,7,50,0.30033333,21.81666667,32.32833333,0.29020900
2001-02-16T08:00:00,1,2,16,8,0,0.32900000,21.90000000,33.41500000,0.31626474
2001-02-16T08:10:00,1,2,16,8,10,0.40016667,22.11666667,36.12250000,0.37969274
2001-02-16T08:20:00,1,2,16,8,20,0.47133333,22.33333333,38.83000000,0.44134805
2001-02-16T08:30:00,1,2,16,8,30,0.54250000,22.55000000,41.53750000,0.50123067
2001-02-16T08:40:00,1,2,16,8,40,0.61366667,22.76666667,44.24500000,0.55934060
2001-02-16T08:50:00,1,2,16,8,50,0.68483333,22.98333333,46.95250000,0.61567784
2001-02-16T09:00:00,1,2,16,9,0,0.75600000,23.20000000,49.66000000,0.67024238
2001-02-16T09:10:00,1,2,16,9,10,0.76616667,23.75000000,50.56583333,0.67606330
2001-02-16T09:20:00,1,2,16,9,20,0.77633333,24.30000000,51.47166667,0.68179948
2001-02-16T09:30:00,1,2,16,9,30,0.78650000,24.85000000,52.37750000,0.68745094
2001-02-16T09:40:00,1,2,16,9,40,0.79666667,25.40000000,53.28333333,0.69301768
2001-02-16T09:50:00,1,2,16,9,50,0.80683333,25.95000000,54.18916667,0.69849969
2001-02-16T10:00:00,1,2,16,10,0,0.81700000,26.50000000,55.09500000,0.70389697
2001-02-16T10:10:00,1,2,16,10,10,0.77716667,26.56666667,53.76750000,0.67432381
2001-02-16T10:20:00,1,2,16,10,20,0.73733333,26.63333333,52.44000000,0.64426417
2001-02-16T10:30:00,1,2,16,10,30,0.69750000,26.70000000,51.11250000,0.61371804
2001-02-16T10:40:00,1,2,16,10,40,0.65766667,26.76666667,49.78500000,0.58268543
2001-02-16T10:50:00,1,2,16,10,50,0.61783333,26.83333333,48.45750000,0.55116634
2001-02-16T11:00:00,1,2,16,11,0,0.57800000,26.90000000,47.13000000,0.51916076
2001-02-16T11:10:00,1,2,16,11,10,0.63966667,26.66666667,49.05500000,0.56888563
2001-02-16T11:20:00,1,2,16,11,20,0.70133333,26.43333333,50.98000000,0.61751839
2001-02-16T11:30:00,1,2,16,11,30,0.76300000,26.20000000,52.90500000,0.66505903
2001-02-16T11:40:00,1,2,16,11,40,0.82466667,25.96666667,54.83000000,0.71150756
2001-02-16T11:50:00,1,2,16,11,50,0.88633333,25.73333333,56.75500000,0.75686396
2001-02-16T12:00:00,1,2,16,12,0,0.94800000,25.50000000,58.68000000,0.80112826
2001-02-16T12:10:00,1,2,16,12,10,0.87883333,25.95000000,56.70916667,0.75064480
2001-02-16T12:20:00,1,2,16,12,20,0.80966667,26.40000000,54.73833333,0.69890724
2001-02-16T12:30:00,1,2,16,12,30,0.74050000,26.85000000,52.76750000,0.64591556
2001-02-16T12:40:00,1,2,16,12,40,0.67133333,27.30000000,50.79666667,0.59166979
2001-02-16T12:50:00,1,2,16,12,50,0.60216667,27.75000000,48.82583333,0.53616990
2001-02-16T13:00:00,1,2,16,13,0,0.53300000,28.20000000,46.85500000,0.47941591
2001-02-16T13:10:00,1,2,16,13,10,0.58066667,27.85000000,48.17333333,0.51876915
2001-02-16T13:20:00,1,2,16,13,20,0.62833333,27.50000000,49.49166667,0.55754425
2001-02-16T13:30:00,1,2,16,13,30,0.67600000,27.15000000,50.81000000,0.59574122
2001-02-16T13:40:00,1,2,16,13,40,0.72366667,26.80000000,52.12833333,0.63336006
2001-02-16T13:50:00,1,2,16,13,50,0.77133333,26.45000000,53.44666667,0.67040077
2001-02-16T14:00:00,1,2,16,14,0,0.81900000,26.10000000,54.76500000,0.70686334
2001-02-16T14:10:00,1,2,16,14,10,0.75916667,26.33333333,52.90416667,0.66172067
2001-02-16T14:20:00,1,2,16,14,20,0.69933333,26.56666667,51.04333333,0.61555367
2001-02-16T14:30:00,1,2,16,14,30,0.63950000,26.80000000,49.18250000,0.56836234
2001-02-16T14:40:00,1,2,16,14,40,0.57966667,27.03333333,47.32166667,0.52014669
2001-02-16T14:50:00,1,2,16,14,50,0.51983333,27.26666667,45.46083333,0.47090671
2001-02-16T15:00:00,1,2,16,15,0,0.46000000,27.50000000,43.60000000,0.42064240
2001-02-16T15:10:00,1,2,16,15,10,0.41166667,27.11666667,41.52500000,0.38037383
2001-02-16T15:20:00,1,2,16,15,20,0.36333333,26.73333333,39.45000000,0.33918257
2001-02-16T15:30:00,1,2,16,15,30,0.31500000,26.35000000,37.37500000,0.29706862
2001-02-16T15:40:00,1,2,16,15,40,0.26666667,25.96666667,35.30000000,0.25403200
2001-02-16T15:50:00,1,2,16,15,50,0.21833333,25.58333333,33.22500000,0.21007269
2001-02-16T16:00:00,1,2,16,16,0,0.17000000,25.20000000,31.15000000,0.16519070
2001-02-16T16:10:00,1,2,16,16,10,0.16333333,24.96666667,30.68333333,0.15906326
2001-02-16T16:20:00,1,2,16,16,20,0.15666667,24.73333333,30.21666667,0.15290719
2001-02-16T16:30:00,1,2,16,16,30,0.15000000,24.50000000,29.75000000,0.14672250
2001-02-16T16:40:00,1,2,16,16,40,0.14333333,24.26666667,29.28333333,0.14050919
2001-02-16T16:50:00,1,2,16,16,50,0.13666667,24.03333333,28.81666667,0.13426726
2001-02-16T17:00:00,1,2,16,17,0,0.13000000,23.80000000,28.35000000,0.12799670
2001-02-16T17:10:00,1,2,16,17,10,0.10983333,23.78333333,27.62750000,0.10850583
2001-02-16T17:20:00,1,2,16,17,20,0.08966667,23.76666667,26.90500000,0.08888092
2001-02-16T17:30:00,1,2,16,17,30,0.06950000,23.75000000,26.18250000,0.06912195
2001-02-16T17:40:00,1,2,16,17,40,0.04933333,23.73333333,25.46000000,0.04922894
2001-02-16T17:50:00,1,2,16,17,50,0.02916667,23.71666667,24.73750000,0.02920189
2001-02-16T18:00:00,1,2,16,18,0,0.00900000,23.70000000,24.01500000,0.00904078
2001-02-16T18:10:00,1,2,16,18,10,0.00750000,23.45000000,23.71250000,0.00754442
2001-02-16T18:20:00,1,2,16,18,20,0.00600000,23.20000000,23.41000000,0.00604388
2001-02-16T18:30:00,1,2,16,18,30,0.00450000,22.95000000,23.10750000,0.00453917
2001-02-16T18:40:00,1,2,16,18,40,0.00300000,22.70000000,22.80500000,0.00303029
2001-02-16T18:50:00,1,2,16,18,50,0.00150000,22.45000000,22.50250000,0.00151723
2001-02-16T19:00:00,1,2,16,19,0,0.00000000,22.20000000,22.20000000,0.00000000
2001-02-16T19:10:00,1,2,16,19,10,0.00000000,22.15000000,22.15000000,0.00000000
2001-02-16T19:20:00,1,2,16,19,20,0.00000000,22.10000000,22.10000000,0.00000000
2001-02-16T19:30:00,1,2,16,19,30,0.00000000,22.05000000,22.05000000,0.00000000
2001-02-16T19:40:00,1,2,16,19,40,0.00000000,22.00000000,22.00000000,0.00000000
2001-02-16T19:50:00,1,2,16,19,50,0.00000000,21.95000000,21.95000000,0.00000000
2001-02-16T20:00:00,1,2,16,20,0,0.00000000,21.90000000,21.90000000,0.00000000
2001-02-16T20:10:00,1,2,16,20,10,0.00000000,21.90000000,21.90000000,0.00000000
2001-02-16T20:20:00,1,2,16,20,20,0.00000000,21.90000000,21.90000000,0.00000000
2001-02-16T20:30:00,1,2,16,20,30,0.00000000,21.90000000,21.90000000,0.00000000
2001-02-16T20:40:00,1,2,16,20,40,0.00000000,21.90000000,21.90000000,0.00000000
2001-02-16T20:50:00,1,2,16,20,50,0.00000000,21.90000000,21.90000000,0.00000000
2001-02-16T21:00:00,1,2,16,21,0,0.00000000,21.90000000,21.90000000,0.00000000
2001-02-16T21:10:00,1,2,16,21,10,0.00000000,21.71666667,21.71666667,0.00000000
2001-02-16T21:20:00,1,2,16,21,20,0.00000000,21.53333333,21.53333333,0.00000000
2001-02-16T21:30:00,1,2,16,21,30,0.00000000,21.35000000,21.35000000,0.00000000
2001-02-16T21:40:00,1,2,16,21,40,0.00000000,21.16666667,21.16666667,0.00000000
2001-02-16T21:50:00,1,2,16,21,50,0.00000000,20.98333333,20.98333333,0.00000000
2001-02-16T22:00:00,1,2,16,22,0,0.00000000,20.80000000,20.80000000,0.00000000
2001-02-16T22:10:00,1,2,16,22,10,0.00000000,20.76666667,20.76666667,0.00000000
2001-02-16T22:20:00,1,2,16,22,20,0.00000000,20.73333333,20.73333333,0.00000000
2001-02-16T22:30:00,1,2,16,22,30,0.00000000,20.70000000,20.70000000,0.00000000
2001-02-16T22:40:00,1,2,16,22,40,0.00000000,20.66666667,20.66666667,0.00000000
2001-02-16T22:50:00,1,2,16,22,50,0.00000000,20.63333333,20.63333333,0.00000000
2001-02-16T23:00:00,1,2,16,23,0,0.00000000,20.60000000,20.60000000,0.00000000
2001-02-16T23:10:00,1,2,16,23,10,0.00000000,20.70000000,20.70000000,0.00000000
2001-02-16T23:20:00,1,2,16,23,20,0.00000000,20.80000000,20.80000000,0.00000000
2001-02-16T23:30:00,1,2,16,23,30,0.00000000,20.90000000,20.90000000,0.00000000
2001-02-16T23:40:00,1,2,16,23,40,0.00000000,21.00000000,21.00000000,0.00000000
2001-02-16T23:50:00,1,2,16,23,50,0.00000000,21.10000000,21.10000000,0.00000000
2001-02-17T00:00:00,1,2,17,0,0,0.00000000,21.20000000,21.20000000,0.00000000
2001-02-17T00:10:00,1,2,17,0,10,0.00000000,21.23333333,21.23333333,0.00000000
2001-02-17T00:20:00,1,2,17,0,20,0.00000000,21.26666667,21.26666667,0.00000000
2001-02-17T00:30:00,1,2,17,0,30,0.00000000,21.30000000,21.30000000,0.00000000
2001-02-17T00:40:00,1,2,17,0,40,0.00000000,21.33333333,21.33333333,0.00000000
2001-02-17T00:50:00,1,2,17,0,50,0.00000000,21.36666667,21.36666667,0.00000000
2001-02-17T01:00:00,1,2,17,1,0,0.00000000,21.40000000,21.40000000,0.00000000
2001-02-17T01:10:00,1,2,17,1,10,0.00000000,21.40000000,21.40000000,0.00000000
2001-02-17T01:20:00,1,2,17,1,20,0.00000000,21.40000000,21.40000000,0.00000000
2001-02-17T01:30:00,1,2,17,1,30,0.00000000,21.40000000,21.40000000,0.00000000
2001-02-17T01:40:00,1,2,17,1,40,0.00000000,21.40000000,21.40000000,0.00000000
2001-02-17T01:50:00,1,2,17,1,50,0.00000000,21.40000000,21.40000000,0.00000000
2001-02-17T02:00:00,1,2,17,2,0,0.00000000,21.40000000,21.40000000,0.00000000
2001-02-17T02:10:00,1,2,17,2,10,0.00000000,21.38333333,21.38333333,0.00000000
2001-02-17T02:20:00,1,2,17,2,20,0.00000000,21.36666667,21.36666667,0.00000000
2001-02-17T02:30:00,1,2,17,2,30,0.00000000,21.35000000,21.35000000,0.00000000
2001-02-17T02:40:00,1,2,17,2,40,0.00000000,21.33333333,21.33333333,0.00000000
2001-02-17T02:50:00,1,2,17,2,50,0.00000000,21.31666667,21.31666667,0.00000000
2001-02-17T03:00:00,1,2,17,3,0,0.00000000,21.30000000,21.30000000,0.00000000
2001-02-17T03:10:00,1,2,17,3,10,0.00000000,21.21666667,21.21666667,0.00000000
2001-02-17T03:20:00,1,2,17,3,20,0.00000000,21.13333333,21.13333333,0.00000000
2001-02-17T03:30:00,1,2,17,3,30,0.00000000,21.05000000,21.05000000,0.00000000
2001-02-17T03:40:00,1,2,17,3,40,0.00000000,20.96666667,20.96666667,0.00000000
2001-02-17T03:50:00,1,2,17,3,50,0.00000000,20.88333333,20.88333333,0.00000000
2001-02-17T04:00:00,1,2,17,4,0,0.00000000,20.80000000,20.80000000,0.00000000
2001-02-17T04:10:00,1,2,17,4,10,0.00050000,20.83333333,20.85083333,0.00050954
2001-02-17T04:20:00,1,2,17,4,20,0.00100000,20.86666667,20.90166667,0.00101885
2001-02-17T04:30:00,1,2,17,4,30,0.00150000,20.90000000,20.95250000,0.00152793
2001-02-17T04:40:00,1,2,17,4,40,0.00200000,20.93333333,21.00333333,0.00203677
2001-02-17T04:50:00,1,2,17,4,50,0.00250000,20.96666667,21.05416667,0.00254538
2001-02-17T05:00:00,1,2,17,5,0,0.00300000,21.00000000,21.10500000,0.00305375
2001-02-17T05:10:00,1,2,17,5,10,0.00316667,21.00000000,21.11083333,0.00322332
2001-02-17T05:20:00,1,2,17,5,20,0.00333333,21.00000000,21.11666667,0.00339288
2001-02-17T05:30:00,1,2,17,5,30,0.00350000,21.00000000,21.12250000,0.00356243
2001-02-17T05:40:00,1,2,17,5,40,0.00366667,21.00000000,21.12833333,0.00373197
2001-02-17T05:50:00,1,2,17,5,50,0.00383333,21.00000000,21.13416667,0.00390150
2001-02-17T06:00:00,1,2,17,6,0,0.00400000,21.00000000,21.14000000,0.00407102
2001-02-17T06:10:00,1,2,17,6,10,0.01866667,21.10000000,21.75333333,0.01894545
2001-02-17T06:20:00,1,2,17,6,20,0.03333333,21.20000000,22.36666667,0.03373711
2001-02-17T06:30:00,1,2,17,6,30,0.04800000,21.30000000,22.98000000,0.04844602
2001-02-17T06:40:00,1,2,17,6,40,0.06266667,21.40000000,23.59333333,0.06307216
2001-02-17T06:50:00,1,2,17,6,50,0.07733333,21.50000000,24.20666667,0.07761555
2001-02-17T07:00:00,1,2,17,7,0,0.09200000,21.60000000,24.82000000,0.09207618
2001-02-17T07:10:00,1,2,17,7,10,0.10683333,21.63333333,25.37250000,0.10665027
2001-02-17T07:20:00,1,2,17,7,20,0.12166667,21.66666667,25.92500000,0.12114897
2001-02-17T07:30:00,1,2,17,7,30,0.13650000,21.70000000,26.47750000,0.13557228
2001-02-17T07:40:00,1,2,17,7,40,0.15133333,21.73333333,27.03000000,0.14992018
2001-02-17T07:50:00,1,2,17,7,50,0.16616667,21.76666667,27.58250000,0.16419269
2001-02-17T08:00:00,1,2,17,8,0,0.18100000,21.80000000,28.13500000,0.17838980
2001-02-17T08:10:00,1,2,17,8,10,0.18583333,22.03333333,28.53750000,0.18280936
2001-02-17T08:20:00,1,2,17,8,20,0.19066667,22.26666667,28.94000000,0.18721102
2001-02-17T08:30:00,1,2,17,8,30,0.19550000,22.50000000,29.34250000,0.19159479
2001-02-17T08:40:00,1,2,17,8,40,0.20033333,22.73333333,29.74500000,0.19596066
2001-02-17T08:50:00,1,2,17,8,50,0.20516667,22.96666667,30.14750000,0.20030863
2001-02-17T09:00:00,1,2,17,9,0,0.21000000,23.20000000,30.55000000,0.20463870
2001-02-17T09:10:00,1,2,17,9,10,0.28266667,23.18333333,33.07666667,0.27216485
2001-02-17T09:20:00,1,2,17,9,20,0.35533333,23.16666667,35.60333333,0.33800183
2001-02-17T09:30:00,1,2,17,9,30,0.42800000,23.15000000,38.13000000,0.40214966
2001-02-17T09:40:00,1,2,17,9,40,0.50066667,23.13333333,40.65666667,0.46460832
2001-02-17T09:50:00,1,2,17,9,50,0.57333333,23.11666667,43.18333333,0.52537782
2001-02-17T10:00:00,1,2,17,10,0,0.64600000,23.10000000,45.71000000,0.58445816
2001-02-17T10:10:00,1,2,17,10,10,0.62000000,23.75000000,45.45000000,0.56167660
2001-02-17T10:20:00,1,2,17,10,20,0.59400000,24.40000000,45.19000000,0.53883284
2001-02-17T10:30:00,1,2,17,10,30,0.56800000,25.05000000,44.93000000,0.51592690
2001-02-17T10:40:00,1,2,17,10,40,0.54200000,25.70000000,44.67000000,0.49295876
2001-02-17T10:50:00,1,2,17,10,50,0.51600000,26.35000000,44.41000000,0.46992842
2001-02-17T11:00:00,1,2,17,11,0,0.49000000,27.00000000,44.15000000,0.44683590
2001-02-17T11:10:00,1,2,17,11,10,0.50750000,26.90000000,44.66250000,0.46159789
2001-02-17T11:20:00,1,2,17,11,20,0.52500000,26.80000000,45.17500000,0.47627738
2001-02-17T11:30:00,1,2,17,11,30,0.54250000,26.70000000,45.68750000,0.49087434
2001-02-17T11:40:00,1,2,17,11,40,0.56000000,26.60000000,46.20000000,0.50538880
2001-02-17T11:50:00,1,2,17,11,50,0.57750000,26.50000000,46.71250000,0.51982074
2001-02-17T12:00:00,1,2,17,12,0,0.59500000,26.40000000,47.22500000,0.53417017
2001-02-17T12:10:00,1,2,17,12,10,0.53783333,26.56666667,45.39083333,0.48738573
2001-02-17T12:20:00,1,2,17,12,20,0.48066667,26.73333333,43.55666667,0.43963664
2001-02-17T12:30:00,1,2,17,12,30,0.42350000,26.90000000,41.72250000,0.39092290
2001-02-17T12:40:00,1,2,17,12,40,0.36633333,27.06666667,39.88833333,0.34124451
2001-02-17T12:50:00,1,2,17,12,50,0.30916667,27.23333333,38.05416667,0.29060147
2001-02-17T13:00:00,1,2,17,13,0,0.25200000,27.40000000,36.22000000,0.23899378
2001-02-17T13:10:00,1,2,17,13,10,0.26283333,26.83333333,36.03250000,0.24949467
2001-02-17T13:20:00,1,2,17,13,20,0.27366667,26.26666667,35.84500000,0.26001426
2001-02-17T13:30:00,1,2,17,13,30,0.28450000,25.70000000,35.65750000,0.27055253
2001-02-17T13:40:00,1,2,17,13,40,0.29533333,25.13333333,35.47000000,0.28110949
2001-02-17T13:50:00,1,2,17,13,50,0.30616667,24.56666667,35.28250000,0.29168514
2001-02-17T14:00:00,1,2,17,14,0,0.31700000,24.00000000,35.09500000,0.30227947
2001-02-17T14:10:00,1,2,17,14,10,0.31716667,24.16666667,35.26750000,0.30218673
2001-02-17T14:20:00,1,2,17,14,20,0.31733333,24.33333333,35.44000000,0.30209372
2001-02-17T14:30:00,1,2,17,14,30,0.31750000,24.50000000,35.61250000,0.30200044
2001-02-17T14:40:00,1,2,17,14,40,0.31766667,24.66666667,35.78500000,0.30190691
2001-02-17T14:50:00,1,2,17,14,50,0.31783333,24.83333333,35.95750000,0.30181310
2001-02-17T15:00:00,1,2,17,15,0,0.31800000,25.00000000,36.13000000,0.30171904
2001-02-17T15:10:00,1,2,17,15,10,0.29150000,24.88333333,35.08583333,0.27797591
2001-02-17T15:20:00,1,2,17,15,20,0.26500000,24.76666667,34.04166667,0.25397821
2001-02-17T15:30:00,1,2,17,15,30,0.23850000,24.65000000,32.99750000,0.22972594
2001-02-17T15:40:00,1,2,17,15,40,0.21200000,24.53333333,31.95333333,0.20521911
2001-02-17T15:50:00,1,2,17,15,50,0.18550000,24.41666667,30.90916667,0.18045771
2001-02-17T16:00:00,1,2,17,16,0,0.15900000,24.30000000,29.86500000,0.15544174
2001-02-17T16:10:00,1,2,17,16,10,0.15266667,24.16666667,29.51000000,0.14949944
2001-02-17T16:20:00,1,2,17,16,20,0.14633333,24.03333333,29.15500000,0.14353646
2001-02-17T16:30:00,1,2,17,16,30,0.14000000,23.90000000,28.80000000,0.13755280
2001-02-17T16:40:00,1,2,17,16,40,0.13366667,23.76666667,28.44500000,0.13154845
2001-02-17T16:50:00,1,2,17,16,50,0.12733333,23.63333333,28.09000000,0.12552342
2001-02-17T17:00:00,1,2,17,17,0,0.12100000,23.50000000,27.73500000,0.11947770
2001-02-17T17:10:00,1,2,17,17,10,0.10150000,23.28333333,26.83583333,0.10064285
2001-02-17T17:20:00,1,2,17,17,20,0.08200000,23.06666667,25.93666667,0.08164669
2001-02-17T17:30:00,1,2,17,17,30,0.06250000,22.85000000,25.03750000,0.06248922
2001-02-17T17:40:00,1,2,17,17,40,0.04300000,22.63333333,24.13833333,0.04317044
2001-02-17T17:50:00,1,2,17,17,50,0.02350000,22.41666667,23.23916667,0.02369035
2001-02-17T18:00:00,1,2,17,18,0,0.00400000,22.20000000,22.34000000,0.00404894
2001-02-17T18:10:00,1,2,17,18,10,0.00333333,22.15000000,22.26666667,0.00337524
2001-02-17T18:20:00,1,2,17,18,20,0.00266667,22.10000000,22.19333333,0.00270110
2001-02-17T18:30:00,1,2,17,18,30,0.00200000,22.05000000,22.12000000,0.00202650
2001-02-17T18:40:00,1,2,17,18,40,0.00133333,22.00000000,22.04666667,0.00135145
2001-02-17T18:50:00,1,2,17,18,50,0.00066667,21.95000000,21.97333333,0.00067595
2001-02-17T19:00:00,1,2,17,19,0,0.00000000,21.90000000,21.90000000,0.00000000
2001-02-17T19:10:00,1,2,17,19,10,0.00000000,21.81666667,21.81666667,0.00000000
2001-02-17T19:20:00,1,2,17,19,20,0.00000000,21.73333333,21.73333333,0.00000000
2001-02-17T19:30:00,1,2,17,19,30,0.00000000,21.65000000,21.65000000,0.00000000
2001-02-17T19:40:00,1,2,17,19,40,0.00000000,21.56666667,21.56666667,0.00000000
2001-02-17T19:50:00,1,2,17,19,50,0.00000000,21.48333333,21.48333333,0.00000000
2001-02-17T20:00:00,1,2,17,20,0,0.00000000,21.40000000,21.40000000,0.00000000
2001-02-17T20:10:00,1,2,17,20,10,0.00000000,21.40000000,21.40000000,0.00000000
2001-02-17T20:20:00,1,2,17,20,20,0.00000000,21.40000000,21.40000000,0.00000000
2001-02-17T20:30:00,1,2,17,20,30,0.00000000,21.40000000,21.40000000,0.00000000
2001-02-17T20:40:00,1,2,17,20,40,0.00000000,21.40000000,21.40000000,0.00000000
2001-02-17T20:50:00,1,2,17,20,50,0.00000000,21.40000000,21.40000000,0.00000000
2001-02-17T21:00:00,1,2,17,21,0,0.00000000,21.40000000,21.40000000,0.00000000
2001-02-17T21:10:00,1,2,17,21,10,0.00000000,21.26666667,21.26666667,0.00000000
2001-02-17T21:20:00,1,2,17,21,20,0.00000000,21.13333333,21.13333333,0.00000000
2001-02-17T21:30:00,1,2,17,21,30,0.00000000,21.00000000,21.00000000,0.00000000
2001-02-17T21:40:00,1,2,17,21,40,0.00000000,20.86666667,20.86666667,0.00000000
2001-02-17T21:50:00,1,2,17,21,50,0.00000000,20.73333333,20.73333333,0.00000000
2001-02-17T22:00:00,1,2,17,22,0,0.00000000,20.60000000,20.60000000,0.00000000
2001-02-17T22:10:00,1,2,17,22,10,0.00000000,20.58333333,20.58333333,0.00000000
2001-02-17T22:20:00,1,2,17,22,20,0.00000000,20.56666667,20.56666667,0.00000000
2001-02-17T22:30:00,1,2,17,22,30,0.00000000,20.55000000,20.55000000,0.00000000
2001-02-17T22:40:00,1,2,17,22,40,0.00000000,20.53333333,20.53333333,0.00000000
2001-02-17T22:50:00,1,2,17,22,50,0.00000000,20.51666667,20.51666667,0.00000000
2001-02-17T23:00:00,1,2,17,23,0,0.00000000,20.50000000,20.50000000,0.00000000
2001-02-17T23:10:00,1,2,17,23,10,0.00000000,20.45000000,20.45000000,0.00000000
2001-02-17T23:20:00,1,2,17,23,20,0.00000000,20.40000000,20.40000000,0.00000000
2001-02-17T23:30:00,1,2,17,23,30,0.00000000,20.35000000,20.35000000,0.00000000
2001-02-17T23:40:00,1,2,17,23,40,0.00000000,20.30000000,20.30000000,0.00000000
2001-02-17T23:50:00,1,2,17,23,50,0.00000000,20.25000000,20.25000000,0.00000000
2001-02-18T00:00:00,1,2,18,0,0,0.00000000,20.20000000,20.20000000,0.00000000
2001-02-18T00:10:00,1,2,18,0,10,0.00000000,20.18333333,20.18333333,0.00000000
2001-02-18T00:20:00,1,2,18,0,20,0.00000000,20.16666667,20.16666667,0.00000000
2001-02-18T00:30:00,1,2,18,0,30,0.00000000,20.15000000,20.15000000,0.00000000
2001-02-18T00:40:00,1,2,18,0,40,0.00000000,20.13333333,20.13333333,0.00000000
2001-02-18T00:50:00,1,2,18,0,50,0.00000000,20.11666667,20.11666667,0.00000000
2001-02-18T01:00:00,1,2,18,1,0,0.00000000,20.10000000,20.10000000,0.00000000
2001-02-18T01:10:00,1,2,18,1,10,0.00000000,20.00000000,20.00000000,0.00000000
2001-02-18T01:20:00,1,2,18,1,20,0.00000000,19.90000000,19.90000000,0.00000000
2001-02-18T01:30:00,1,2,18,1,30,0.00000000,19.80000000,19.80000000,0.00000000
2001-02-18T01:40:00,1,2,18,1,40,0.00000000,19.70000000,19.70000000,0.00000000
2001-02-18T01:50:00,1,2,18,1,50,0.00000000,19.60000000,19.60000000,0.00000000
2001-02-18T02:00:00,1,2,18,2,0,0.00000000,19.50000000,19.50000000,0.00000000
2001-02-18T02:10:00,1,2,18,2,10,0.00000000,19.58333333,19.58333333,0.00000000
2001-02-18T02:20:00,1,2,18,2,20,0.00000000,19.66666667,19.66666667,0.00000000
2001-02-18T02:30:00,1,2,18,2,30,0.00000000,19.75000000,19.75000000,0.00000000
2001-02-18T02:40:00,1,2,18,2,40,0.00000000,19.83333333,19.83333333,0.00000000
2001-02-18T02:50:00,1,2,18,2,50,0.00000000,19.91666667,19.91666667,0.00000000
2001-02-18T03:00:00,1,2,18,3,0,0.00000000,20.00000000,20.00000000,0.00000000
2001-02-18T03:10:00,1,2,18,3,10,0.00000000,19.90000000,19.90000000,0.00000000
2001-02-18T03:20:00,1,2,18,3,20,0.00000000,19.80000000,19.80000000,0.00000000
2001-02-18T03:30:00,1,2,18,3,30,0.00000000,19.70000000,19.70000000,0.00000000
2001-02-18T03:40:00,1,2,18,3,40,0.00000000,19.60000000,19.60000000,0.00000000
2001-02-18T03:50:00,1,2,18,3,50,0.00000000,19.50000000,19.50000000,0.00000000
2001-02-18T04:00:00,1,2,18,4,0,0.00000000,19.40000000,19.40000000,0.00000000
2001-02-18T04:10:00,1,2,18,4,10,0.00050000,19.41666667,19.43416667,0.00051280
2001-02-18T04:20:00,1,2,18,4,20,0.00100000,19.43333333,19.46833333,0.00102545
2001-02-18T04:30:00,1,2,18,4,30,0.00150000,19.45000000,19.50250000,0.00153793
2001-02-18T04:40:00,1,2,18,4,40,0.00200000,19.46666667,19.53666667,0.00205026
2001-02-18T04:50:00,1,2,18,4,50,0.00250000,19.48333333,19.57083333,0.00256244
2001-02-18T05:00:00,1,2,18,5,0,0.00300000,19.50000000,19.60500000,0.00307445
2001-02-18T05:10:00,1,2,18,5,10,0.02650000,19.51666667,20.44416667,0.02705536
2001-02-18T05:20:00,1,2,18,5,20,0.05000000,19.53333333,21.28333333,0.05085483
2001-02-18T05:30:00,1,2,18,5,30,0.07350000,19.55000000,22.12250000,0.07447288
2001-02-18T05:40:00,1,2,18,5,40,0.09700000,19.56666667,22.96166667,0.09790950
2001-02-18T05:50:00,1,2,18,5,50,0.12050000,19.58333333,23.80083333,0.12116470
2001-02-18T06:00:00,1,2,18,6,0,0.14400000,19.60000000,24.64000000,0.14423846
2001-02-18T06:10:00,1,2,18,6,10,0.16266667,19.80000000,25.49333333,0.16229752
2001-02-18T06:20:00,1,2,18,6,20,0.18133333,20.00000000,26.34666667,0.18021003
2001-02-18T06:30:00,1,2,18,6,30,0.20000000,20.20000000,27.20000000,0.19797600
2001-02-18T06:40:00,1,2,18,6,40,0.21866667,20.40000000,28.05333333,0.21559542
2001-02-18T06:50:00,1,2,18,6,50,0.23733333,20.60000000,28.90666667,0.23306830
2001-02-18T07:00:00,1,2,18,7,0,0.25600000,20.80000000,29.76000000,0.25039462
2001-02-18T07:10:00,1,2,18,7,10,0.30083333,21.01666667,31.54583333,0.29177499
2001-02-18T07:20:00,1,2,18,7,20,0.34566667,21.23333333,33.33166667,0.33241876
2001-02-18T07:30:00,1,2,18,7,30,0.39050000,21.45000000,35.11750000,0.37232593
2001-02-18T07:40:00,1,2,18,7,40,0.43533333,21.66666667,36.90333333,0.41149651
2001-02-18T07:50:00,1,2,18,7,50,0.48016667,21.88333333,38.68916667,0.44993049
2001-02-18T08:00:00,1,2,18,8,0,0.52500000,22.10000000,40.47500000,0.48762787
2001-02-18T08:10:00,1,2,18,8,10,0.47966667,22.40000000,39.18833333,0.44836058
2001-02-18T08:20:00,1,2,18,8,20,0.43433333,22.70000000,37.90166667,0.40855666
2001-02-18T08:30:00,1,2,18,8,30,0.38900000,23.00000000,36.61500000,0.36821612
2001-02-18T08:40:00,1,2,18,8,40,0.34366667,23.30000000,35.32833333,0.32733895
2001-02-18T08:50:00,1,2,18,8,50,0.29833333,23.60000000,34.04166667,0.28592515
2001-02-18T09:00:00,1,2,18,9,0,0.25300000,23.90000000,32.75500000,0.24397473
2001-02-18T09:10:00,1,2,18,9,10,0.28666667,23.66666667,33.70000000,0.27519427
2001-02-18T09:20:00,1,2,18,9,20,0.32033333,23.43333333,34.64500000,0.30612110
2001-02-18T09:30:00,1,2,18,9,30,0.35400000,23.20000000,35.59000000,0.33675524
2001-02-18T09:40:00,1,2,18,9,40,0.38766667,22.96666667,36.53500000,0.36709669
2001-02-18T09:50:00,1,2,18,9,50,0.42133333,22.73333333,37.48000000,0.39714543
2001-02-18T10:00:00,1,2,18,10,0,0.45500000,22.50000000,38.42500000,0.42690148
2001-02-18T10:10:00,1,2,18,10,10,0.47750000,22.66666667,39.37916667,0.44591616
2001-02-18T10:20:00,1,2,18,10,20,0.50000000,22.83333333,40.33333333,0.46473333
2001-02-18T10:30:00,1,2,18,10,30,0.52250000,23.00000000,41.28750000,0.48335299
2001-02-18T10:40:00,1,2,18,10,40,0.54500000,23.16666667,42.24166667,0.50177514
2001-02-18T10:50:00,1,2,18,10,50,0.56750000,23.33333333,43.19583333,0.51999978
2001-02-18T11:00:00,1,2,18,11,0,0.59000000,23.50000000,44.15000000,0.53802690
2001-02-18T11:10:00,1,2,18,11,10,0.62000000,23.70000000,45.40000000,0.56181920
2001-02-18T11:20:00,1,2,18,11,20,0.65000000,23.90000000,46.65000000,0.58526650
2001-02-18T11:30:00,1,2,18,11,30,0.68000000,24.10000000,47.90000000,0.60836880
2001-02-18T11:40:00,1,2,18,11,40,0.71000000,24.30000000,49.15000000,0.63112610
2001-02-18T11:50:00,1,2,18,11,50,0.74000000,24.50000000,50.40000000,0.65353840
2001-02-18T12:00:00,1,2,18,12,0,0.77000000,24.70000000,51.65000000,0.67560570
2001-02-18T12:10:00,1,2,18,12,10,0.70883333,24.86666667,49.67583333,0.62837449
2001-02-18T12:20:00,1,2,18,12,20,0.64766667,25.03333333,47.70166667,0.58003235
2001-02-18T12:30:00,1,2,18,12,30,0.58650000,25.20000000,45.72750000,0.53057928
2001-02-18T12:40:00,1,2,18,12,40,0.52533333,25.36666667,43.75333333,0.48001528
2001-02-18T12:50:00,1,2,18,12,50,0.46416667,25.53333333,41.77916667,0.42834035
2001-02-18T13:00:00,1,2,18,13,0,0.40300000,25.70000000,39.80500000,0.37555449
2001-02-18T13:10:00,1,2,18,13,10,0.40966667,25.50000000,39.83833333,0.38170432
2001-02-18T13:20:00,1,2,18,13,20,0.41633333,25.30000000,39.87166667,0.38785211
2001-02-18T13:30:00,1,2,18,13,30,0.42300000,25.10000000,39.90500000,0.39399785
2001-02-18T13:40:00,1,2,18,13,40,0.42966667,24.90000000,39.93833333,0.40014155
2001-02-18T13:50:00,1,2,18,13,50,0.43633333,24.70000000,39.97166667,0.40628320
2001-02-18T14:00:00,1,2,18,14,0,0.44300000,24.50000000,40.00500000,0.41242281
2001-02-18T14:10:00,1,2,18,14,10,0.43616667,24.50000000,39.76583333,0.40654099
2001-02-18T14:20:00,1,2,18,14,20,0.42933333,24.50000000,39.52666667,0.40064414
2001-02-18T14:30:00,1,2,18,14,30,0.42250000,24.50000000,39.28750000,0.39473224
2001-02-18T14:40:00,1,2,18,14,40,0.41566667,24.50000000,39.04833333,0.38880532
2001-02-18T14:50:00,1,2,18,14,50,0.40883333,24.50000000,38.80916667,0.38286335
2001-02-18T15:00:00,1,2,18,15,0,0.40200000,24.50000000,38.57000000,0.37690636
2001-02-18T15:10:00,1,2,18,15,10,0.38183333,24.43333333,37.79750000,0.35935538
2001-02-18T15:20:00,1,2,18,15,20,0.36166667,24.36666667,37.02500000,0.34166108
2001-02-18T15:30:00,1,2,18,15,30,0.34150000,24.30000000,36.25250000,0.32382345
2001-02-18T15:40:00,1,2,18,15,40,0.32133333,24.23333333,35.48000000,0.30584250
2001-02-18T15:50:00,1,2,18,15,50,0.30116667,24.16666667,34.70750000,0.28771822
2001-02-18T16:00:00,1,2,18,16,0,0.28100000,24.10000000,33.93500000,0.26945062
2001-02-18T16:10:00,1,2,18,16,10,0.25750000,24.00000000,33.01250000,0.24800919
2001-02-18T16:20:00,1,2,18,16,20,0.23400000,23.90000000,32.09000000,0.22636832
2001-02-18T16:30:00,1,2,18,16,30,0.21050000,23.80000000,31.16750000,0.20452801
2001-02-18T16:40:00,1,2,18,16,40,0.18700000,23.70000000,30.24500000,0.18248825
2001-02-18T16:50:00,1,2,18,16,50,0.16350000,23.60000000,29.32250000,0.16024905
2001-02-18T17:00:00,1,2,18,17,0,0.14000000,23.50000000,28.40000000,0.13781040
2001-02-18T17:10:00,1,2,18,17,10,0.11750000,23.48333333,27.59583333,0.11609695
2001-02-18T17:20:00,1,2,18,17,20,0.09500000,23.46666667,26.79166667,0.09421704
2001-02-18T17:30:00,1,2,18,17,30,0.07250000,23.45000000,25.98750000,0.07217067
2001-02-18T17:40:00,1,2,18,17,40,0.05000000,23.43333333,25.18333333,0.04995783
2001-02-18T17:50:00,1,2,18,17,50,0.02750000,23.41666667,24.37916667,0.02757854
2001-02-18T18:00:00,1,2,18,18,0,0.00500000,23.40000000,23.57500000,0.00503278
2001-02-18T18:10:00,1,2,18,18,10,0.00416667,23.18333333,23.32916667,0.00419869
2001-02-18T18:20:00,1,2,18,18,20,0.00333333,22.96666667,23.08333333,0.00336272
2001-02-18T18:30:00,1,2,18,18,30,0.00250000,22.75000000,22.83750000,0.00252487
2001-02-18T18:40:00,1,2,18,18,40,0.00166667,22.53333333,22.59166667,0.00168513
2001-02-18T18:50:00,1,2,18,18,50,0.00083333,22.31666667,22.34583333,0.00084351
2001-02-18T19:00:00,1,2,18,19,0,0.00000000,22.10000000,22.10000000,0.00000000
2001-02-18T19:10:00,1,2,18,19,10,0.00000000,22.16666667,22.16666667,0.00000000
2001-02-18T19:20:00,1,2,18,19,20,0.00000000,22.23333333,22.23333333,0.00000000
2001-02-18T19:30:00,1,2,18,19,30,0.00000000,22.30000000,22.30000000,0.00000000
2001-02-18T19:40:00,1,2,18,19,40,0.00000000,22.36666667,22.36666667,0.00000000
2001-02-18T19:50:00,1,2,18,19,50,0.00000000,22.43333333,22.43333333,0.00000000
2001-02-18T20:00:00,1,2,18,20,0,0.00000000,22.50000000,22.50000000,0.00000000
2001-02-18T20:10:00,1,2,18,20,10,0.00000000,22.40000000,22.40000000,0.00000000
2001-02-18T20:20:00,1,2,18,20,20,0.00000000,22.30000000,22.30000000,0.00000000
2001-02-18T20:30:00,1,2,18,20,30,0.00000000,22.20000000,22.20000000,0.00000000
2001-02-18T20:40:00,1,2,18,20,40,0.00000000,22.10000000,22.10000000,0.00000000
2001-02-18T20:50:00,1,2,18,20,50,0.00000000,22.00000000,22.00000000,0.00000000
2001-02-18T21:00:00,1,2,18,21,0,0.00000000,21.90000000,21.90000000,0.00000000
2001-02-18T21:10:00,1,2,18,21,10,0.00000000,21.83333333,21.83333333,0.00000000
2001-02-18T21:20:00,1,2,18,21,20,0.00000000,21.76666667,21.76666667,0.00000000
2001-02-18T21:30:00,1,2,18,21,30,0.00000000,21.70000000,21.70000000,0.00000000
2001-02-18T21:40:00,1,2,18,21,40,0.00000000,21.63333333,21.63333333,0.00000000
2001-02-18T21:50:00,1,2,18,21,50,0.00000000,21.56666667,21.56666667,0.00000000
2001-02-18T22:00:00,1,2,18,22,0,0.00000000,21.50000000,21.50000000,0.00000000
2001-02-18T22:10:00,1,2,18,22,10,0.00000000,21.46666667,21.46666667,0.00000000
2001-02-18T22:20:00,1,2,18,22,20,0.00000000,21.43333333,21.43333333,0.00000000
2001-02-18T22:30:00,1,2,18,22,30,0.00000000,21.40000000,21.40000000,0.00000000
2001-02-18T22:40:00,1,2,18,22,40,0.00000000,21.36666667,21.36666667,0.00000000
2001-02-18T22:50:00,1,2,18,22,50,0.00000000,21.33333333,21.33333333,0.00000000
2001-02-18T23:00:00,1,2,18,23,0,0.00000000,21.30000000,21.30000000,0.00000000
2001-02-18T23:10:00,1,2,18,23,10,0.00000000,21.08333333,21.08333333,0.00000000
2001-02-18T23:20:00,1,2,18,23,20,0.00000000,20.86666667,20.86666667,0.00000000
2001-02-18T23:30:00,1,2,18,23,30,0.00000000,20.65000000,20.65000000,0.00000000
2001-02-18T23:40:00,1,2,18,23,40,0.00000000,20.43333333,20.43333333,0.00000000
2001-02-18T23:50:00,1,2,18,23,50,0.00000000,20.21666667,20.21666667,0.00000000
2001-02-19T00:00:00,1,2,19,0,0,0.00000000,20.00000000,20.00000000,0.00000000
2001-02-19T00:10:00,1,2,19,0,10,0.00000000,20.03333333,20.03333333,0.00000000
2001-02-19T00:20:00,1,2,19,0,20,0.00000000,20.06666667,20.06666667,0.00000000
2001-02-19T00:30:00,1,2,19,0,30,0.00000000,20.10000000,20.10000000,0.00000000
2001-02-19T00:40:00,1,2,19,0,40,0.00000000,20.13333333,20.13333333,0.00000000
2001-02-19T00:50:00,1,2,19,0,50,0.00000000,20.16666667,20.16666667,0.00000000
2001-02-19T01:00:00,1,2,19,1,0,0.00000000,20.20000000,20.20000000,0.00000000
2001-02-19T01:10:00,1,2,19,1,10,0.00000000,20.20000000,20.20000000,0.00000000
2001-02-19T01:20:00,1,2,19,1,20,0.00000000,20.20000000,20.20000000,0.00000000
2001-02-19T01:30:00,1,2,19,1,30,0.00000000,20.20000000,20.20000000,0.00000000
2001-02-19T01:40:00,1,2,19,1,40,0.00000000,20.20000000,20.20000000,0.00000000
2001-02-19T01:50:00,1,2,19,1,50,0.00000000,20.20000000,20.20000000,0.00000000
2001-02-19T02:00:00,1,2,19,2,0,0.00000000,20.20000000,20.20000000,0.00000000
2001-02-19T02:10:00,1,2,19,2,10,0.00000000,20.06666667,20.06666667,0.00000000
2001-02-19T02:20:00,1,2,19,2,20,0.00000000,19.93333333,19.93333333,0.00000000
2001-02-19T02:30:00,1,2,19,2,30,0.00000000,19.80000000,19.80000000,0.00000000
2001-02-19T02:40:00,1,2,19,2,40,0.00000000,19.66666667,19.66666667,0.00000000
2001-02-19T02:50:00,1,2,19,2,50,0.00000000,19.53333333,19.53333333,0.00000000
2001-02-19T03:00:00,1,2,19,3,0,0.00000000,19.40000000,19.40000000,0.00000000
2001-02-19T03:10:00,1,2,19,3,10,0.00000000,19.36666667,19.36666667,0.00000000
2001-02-19T03:20:00,1,2,19,3,20,0.00000000,19.33333333,19.33333333,0.00000000
2001-02-19T03:30:00,1,2,19,3,30,0.00000000,19.30000000,19.30000000,0.00000000
2001-02-19T03:40:00,1,2,19,3,40,0.00000000,19.26666667,19.26666667,0.00000000
2001-02-19T03:50:00,1,2,19,3,50,0.00000000,19.23333333,19.23333333,0.00000000
2001-02-19T04:00:00,1,2,19,4,0,0.00000000,19.20000000,19.20000000,0.00000000
2001-02-19T04:10:00,1,2,19,4,10,0.00116667,19.15000000,19.19083333,0.00119784
2001-02-19T04:20:00,1,2,19,4,20,0.00233333,19.10000000,19.18166667,0.00239578
2001-02-19T04:30:00,1,2,19,4,30,0.00350000,19.05000000,19.17250000,0.00359382
2001-02-19T04:40:00,1,2,19,4,40,0.00466667,19.00000000,19.16333333,0.00479196
2001-02-19T04:50:00,1,2,19,4,50,0.00583333,18.95000000,19.15416667,0.00599020
2001-02-19T05:00:00,1,2,19,5,0,0.00700000,18.90000000,19.14500000,0.00718853
2001-02-19T05:10:00,1,2,19,5,10,0.03116667,19.00000000,20.09083333,0.03187048
2001-02-19T05:20:00,1,2,19,5,20,0.05533333,19.10000000,21.03666667,0.05634213
2001-02-19T05:30:00,1,2,19,5,30,0.07950000,19.20000000,21.98250000,0.08060350
2001-02-19T05:40:00,1,2,19,5,40,0.10366667,19.30000000,22.92833333,0.10465458
2001-02-19T05:50:00,1,2,19,5,50,0.12783333,19.40000000,23.87416667,0.12849536
2001-02-19T06:00:00,1,2,19,6,0,0.15200000,19.50000000,24.82000000,0.15212586
2001-02-19T06:10:00,1,2,19,6,10,0.16166667,19.88333333,25.54166667,0.16126385
2001-02-19T06:20:00,1,2,19,6,20,0.17133333,20.26666667,26.26333333,0.17033766
2001-02-19T06:30:00,1,2,19,6,30,0.18100000,20.65000000,26.98500000,0.17934729
2001-02-19T06:40:00,1,2,19,6,40,0.19066667,21.03333333,27.70666667,0.18829274
2001-02-19T06:50:00,1,2,19,6,50,0.20033333,21.41666667,28.42833333,0.19717401
2001-02-19T07:00:00,1,2,19,7,0,0.21000000,21.80000000,29.15000000,0.20599110
2001-02-19T07:10:00,1,2,19,7,10,0.22616667,21.83333333,29.74916667,0.22122579
2001-02-19T07:20:00,1,2,19,7,20,0.24233333,21.86666667,30.34833333,0.23637137
2001-02-19T07:30:00,1,2,19,7,30,0.25850000,21.90000000,30.94750000,0.25142783
2001-02-19T07:40:00,1,2,19,7,40,0.27466667,21.93333333,31.54666667,0.26639517
2001-02-19T07:50:00,1,2,19,7,50,0.29083333,21.96666667,32.14583333,0.28127340
2001-02-19T08:00:00,1,2,19,8,0,0.30700000,22.00000000,32.74500000,0.29606251
2001-02-19T08:10:00,1,2,19,8,10,0.36916667,22.28333333,35.20416667,0.35183829
2001-02-19T08:20:00,1,2,19,8,20,0.43133333,22.56666667,37.66333333,0.40620759
2001-02-19T08:30:00,1,2,19,8,30,0.49350000,22.85000000,40.12250000,0.45917041
2001-02-19T08:40:00,1,2,19,8,40,0.55566667,23.13333333,42.58166667,0.51072675
2001-02-19T08:50:00,1,2,19,8,50,0.61783333,23.41666667,45.04083333,0.56087662
2001-02-19T09:00:00,1,2,19,9,0,0.68000000,23.70000000,47.50000000,0.60962000
2001-02-19T09:10:00,1,2,19,9,10,0.67633333,24.15000000,47.82166667,0.60533209
2001-02-19T09:20:00,1,2,19,9,20,0.67266667,24.60000000,48.14333333,0.60105502
2001-02-19T09:30:00,1,2,19,9,30,0.66900000,25.05000000,48.46500000,0.59678881
2001-02-19T09:40:00,1,2,19,9,40,0.66533333,25.50000000,48.78666667,0.59253345
2001-02-19T09:50:00,1,2,19,9,50,0.66166667,25.95000000,49.10833333,0.58828894
2001-02-19T10:00:00,1,2,19,10,0,0.65800000,26.40000000,49.43000000,0.58405528
2001-02-19T10:10:00,1,2,19,10,10,0.66983333,26.40000000,49.84416667,0.59328266
2001-02-19T10:20:00,1,2,19,10,20,0.68166667,26.40000000,50.25833333,0.60246495
2001-02-19T10:30:00,1,2,19,10,30,0.69350000,26.40000000,50.67250000,0.61160216
2001-02-19T10:40:00,1,2,19,10,40,0.70533333,26.40000000,51.08666667,0.62069427
2001-02-19T10:50:00,1,2,19,10,50,0.71716667,26.40000000,51.50083333,0.62974130
2001-02-19T11:00:00,1,2,19,11,0,0.72900000,26.40000000,51.91500000,0.63874324
2001-02-19T11:10:00,1,2,19,11,10,0.70350000,26.65000000,51.27250000,0.61847956
2001-02-19T11:20:00,1,2,19,11,20,0.67800000,26.90000000,50.63000000,0.59806516
2001-02-19T11:30:00,1,2,19,11,30,0.65250000,27.15000000,49.98750000,0.57750002
2001-02-19T11:40:00,1,2,19,11,40,0.62700000,27.40000000,49.34500000,0.55678415
2001-02-19T11:50:00,1,2,19,11,50,0.60150000,27.65000000,48.70250000,0.53591755
2001-02-19T12:00:00,1,2,19,12,0,0.57600000,27.90000000,48.06000000,0.51490022
2001-02-19T12:10:00,1,2,19,12,10,0.64916667,27.70000000,50.42083333,0.57325582
2001-02-19T12:20:00,1,2,19,12,20,0.72233333,27.50000000,52.78166667,0.63002226
2001-02-19T12:30:00,1,2,19,12,30,0.79550000,27.30000000,55.14250000,0.68519955
2001-02-19T12:40:00,1,2,19,12,40,0.86866667,27.10000000,57.50333333,0.73878768
2001-02-19T12:50:00,1,2,19,12,50,0.94183333,26.90000000,59.86416667,0.79078666
2001-02-19T13:00:00,1,2,19,13,0,1.01500000,26.70000000,62.22500000,0.84119647
2001-02-19T13:10:00,1,2,19,13,10,0.95833333,27.11666667,60.65833333,0.80113951
2001-02-19T13:20:00,1,2,19,13,20,0.90166667,27.53333333,59.09166667,0.76026580
2001-02-19T13:30:00,1,2,19,13,30,0.84500000,27.95000000,57.52500000,0.71857532
2001-02-19T13:40:00,1,2,19,13,40,0.78833333,28.36666667,55.95833333,0.67606810
2001-02-19T13:50:00,1,2,19,13,50,0.73166667,28.78333333,54.39166667,0.63274411
2001-02-19T14:00:00,1,2,19,14,0,0.67500000,29.20000000,52.82500000,0.58860338
2001-02-19T14:10:00,1,2,19,14,10,0.64750000,28.91666667,51.57916667,0.56833395
2001-02-19T14:20:00,1,2,19,14,20,0.62000000,28.63333333,50.33333333,0.54774933
2001-02-19T14:30:00,1,2,19,14,30,0.59250000,28.35000000,49.08750000,0.52684952
2001-02-19T14:40:00,1,2,19,14,40,0.56500000,28.06666667,47.84166667,0.50563451
2001-02-19T14:50:00,1,2,19,14,50,0.53750000,27.78333333,46.59583333,0.48410430
2001-02-19T15:00:00,1,2,19,15,0,0.51000000,27.50000000,45.35000000,0.46225890
2001-02-19T15:10:00,1,2,19,15,10,0.49183333,27.38333333,44.59750000,0.44749530
2001-02-19T15:20:00,1,2,19,15,20,0.47366667,27.26666667,43.84500000,0.43260592
2001-02-19T15:30:00,1,2,19,15,30,0.45550000,27.15000000,43.09250000,0.41759078
2001-02-19T15:40:00,1,2,19,15,40,0.43733333,27.03333333,42.34000000,0.40244988
2001-02-19T15:50:00,1,2,19,15,50,0.41916667,26.91666667,41.58750000,0.38718320
2001-02-19T16:00:00,1,2,19,16,0,0.40100000,26.80000000,40.83500000,0.37179076
2001-02-19T16:10:00,1,2,19,16,10,0.34566667,26.63333333,38.73166667,0.32383240
2001-02-19T16:20:00,1,2,19,16,20,0.29033333,26.46666667,36.62833333,0.27480331
2001-02-19T16:30:00,1,2,19,16,30,0.23500000,26.30000000,34.52500000,0.22470348
2001-02-19T16:40:00,1,2,19,16,40,0.17966667,26.13333333,32.42166667,0.17353291
2001-02-19T16:50:00,1,2,19,16,50,0.12433333,25.96666667,30.31833333,0.12129160
2001-02-19T17:00:00,1,2,19,17,0,0.06900000,25.80000000,28.21500000,0.06797956
2001-02-19T17:10:00,1,2,19,17,10,0.05900000,25.31666667,27.38166667,0.05835362
2001-02-19T17:20:00,1,2,19,17,20,0.04900000,24.83333333,26.54833333,0.04865101
2001-02-19T17:30:00,1,2,19,17,30,0.03900000,24.35000000,25.71500000,0.03887173
2001-02-19T17:40:00,1,2,19,17,40,0.02900000,23.86666667,24.88166667,0.02901579
2001-02-19T17:50:00,1,2,19,17,50,0.01900000,23.38333333,24.04833333,0.01908318
2001-02-19T18:00:00,1,2,19,18,0,0.00900000,22.90000000,23.21500000,0.00907390
2001-02-19T18:10:00,1,2,19,18,10,0.00750000,22.90000000,23.16250000,0.00756339
2001-02-19T18:20:00,1,2,19,18,20,0.00600000,22.90000000,23.11000000,0.00605216
2001-02-19T18:30:00,1,2,19,18,30,0.00450000,22.90000000,23.05750000,0.00454021
2001-02-19T18:40:00,1,2,19,18,40,0.00300000,22.90000000,23.00500000,0.00302753
2001-02-19T18:50:00,1,2,19,18,50,0.00150000,22.90000000,22.95250000,0.00151413
2001-02-19T19:00:00,1,2,19,19,0,0.00000000,22.90000000,22.90000000,0.00000000
2001-02-19T19:10:00,1,2,19,19,10,0.00000000,22.80000000,22.80000000,0.00000000
2001-02-19T19:20:00,1,2,19,19,20,0.00000000,22.70000000,22.70000000,0.00000000
2001-02-19T19:30:00,1,2,19,19,30,0.00000000,22.60000000,22.60000000,0.00000000
2001-02-19T19:40:00,1,2,19,19,40,0.00000000,22.50000000,22.50000000,0.00000000
2001-02-19T19:50:00,1,2,19,19,50,0.00000000,22.40000000,22.40000000,0.00000000
2001-02-19T20:00:00,1,2,19,20,0,0.00000000,22.30000000,22.30000000,0.00000000
2001-02-19T20:10:00,1,2,19,20,10,0.00000000,22.16666667,22.16666667,0.00000000
2001-02-19T20:20:00,1,2,19,20,20,0.00000000,22.03333333,22.03333333,0.00000000
2001-02-19T20:30:00,1,2,19,20,30,0.00000000,21.90000000,21.90000000,0.00000000
2001-02-19T20:40:00,1,2,19,20,40,0.00000000,21.76666667,21.76666667,0.00000000
2001-02-19T20:50:00,1,2,19,20,50,0.00000000,21.63333333,21.63333333,0.00000000
2001-02-19T21:00:00,1,2,19,21,0,0.00000000,21.50000000,21.50000000,0.00000000
2001-02-19T21:10:00,1,2,19,21,10,0.00000000,21.45000000,21.45000000,0.00000000
2001-02-19T21:20:00,1,2,19,21,20,0.00000000,21.40000000,21.40000000,0.00000000
2001-02-19T21:30:00,1,2,19,21,30,0.00000000,21.35000000,21.35000000,0.00000000
2001-02-19T21:40:00,1,2,19,21,40,0.00000000,21.30000000,21.30000000,0.00000000
2001-02-19T21:50:00,1,2,19,21,50,0.00000000,21.25000000,21.25000000,0.00000000
2001-02-19T22:00:00,1,2,19,22,0,0.00000000,21.20000000,21.20000000,0.00000000
2001-02-19T22:10:00,1,2,19,22,10,0.00000000,21.08333333,21.08333333,0.00000000
2001-02-19T22:20:00,1,2,19,22,20,0.00000000,20.96666667,20.96666667,0.00000000
2001-02-19T22:30:00,1,2,19,22,30,0.00000000,20.85000000,20.85000000,0.00000000
2001-02-19T22:40:00,1,2,19,22,40,0.00000000,20.73333333,20.73333333,0.00000000
2001-02-19T22:50:00,1,2,19,22,50,0.00000000,20.61666667,20.61666667,0.00000000
2001-02-19T23:00:00,1,2,19,23,0,0.00000000,20.50000000,20.50000000,0.00000000
2001-02-19T23:10:00,1,2,19,23,10,0.00000000,20.46666667,20.46666667,0.00000000
2001-02-19T23:20:00,1,2,19,23,20,0.00000000,20.43333333,20.43333333,0.00000000
2001-02-19T23:30:00,1,2,19,23,30,0.00000000,20.40000000,20.40000000,0.00000000
2001-02-19T23:40:00,1,2,19,23,40,0.00000000,20.36666667,20.36666667,0.00000000
2001-02-19T23:50:00,1,2,19,23,50,0.00000000,20.33333333,20.33333333,0.00000000
2001-02-20T00:00:00,1,2,20,0,0,0.00000000,20.30000000,20.30000000,0.00000000
2001-02-20T00:10:00,1,2,20,0,10,0.00000000,20.36666667,20.36666667,0.00000000
2001-02-20T00:20:00,1,2,20,0,20,0.00000000,20.43333333,20.43333333,0.00000000
2001-02-20T00:30:00,1,2,20,0,30,0.00000000,20.50000000,20.50000000,0.00000000
2001-02-20T00:40:00,1,2,20,0,40,0.00000000,20.56666667,20.56666667,0.00000000
2001-02-20T00:50:00,1,2,20,0,50,0.00000000,20.63333333,20.63333333,0.00000000
2001-02-20T01:00:00,1,2,20,1,0,0.00000000,20.70000000,20.70000000,0.00000000
2001-02-20T01:10:00,1,2,20,1,10,0.00000000,20.58333333,20.58333333,0.00000000
2001-02-20T01:20:00,1,2,20,1,20,0.00000000,20.46666667,20.46666667,0.00000000
2001-02-20T01:30:00,1,2,20,1,30,0.00000000,20.35000000,20.35000000,0.00000000
2001-02-20T01:40:00,1,2,20,1,40,0.00000000,20.23333333,20.23333333,0.00000000
2001-02-20T01:50:00,1,2,20,1,50,0.00000000,20.11666667,20.11666667,0.00000000
2001-02-20T02:00:00,1,2,20,2,0,0.00000000,20.00000000,20.00000000,0.00000000
2001-02-20T02:10:00,1,2,20,2,10,0.00000000,19.98333333,19.98333333,0.00000000
2001-02-20T02:20:00,1,2,20,2,20,0.00000000,19.96666667,19.96666667,0.00000000
2001-02-20T02:30:00,1,2,20,2,30,0.00000000,19.95000000,19.95000000,0.00000000
2001-02-20T02:40:00,1,2,20,2,40,0.00000000,19.93333333,19.93333333,0.00000000
2001-02-20T02:50:00,1,2,20,2,50,0.00000000,19.91666667,19.91666667,0.00000000
2001-02-20T03:00:00,1,2,20,3,0,0.00000000,19.90000000,19.90000000,0.00000000
2001-02-20T03:10:00,1,2,20,3,10,0.00000000,19.88333333,19.88333333,0.00000000
2001-02-20T03:20:00,1,2,20,3,20,0.00000000,19.86666667,19.86666667,0.00000000
2001-02-20T03:30:00,1,2,20,3,30,0.00000000,19.85000000,19.85000000,0.00000000
2001-02-20T03:40:00,1,2,20,3,40,0.00000000,19.83333333,19.83333333,0.00000000
2001-02-20T03:50:00,1,2,20,3,50,0.00000000,19.81666667,19.81666667,0.00000000
2001-02-20T04:00:00,1,2,20,4,0,0.00000000,19.80000000,19.80000000,0.00000000
2001-02-20T04:10:00,1,2,20,4,10,0.00066667,19.81666667,19.84000000,0.00068249
2001-02-20T04:20:00,1,2,20,4,20,0.00133333,19.83333333,19.88000000,0.00136474
2001-02-20T04:30:00,1,2,20,4,30,0.00200000,19.85000000,19.92000000,0.00204674
2001-02-20T04:40:00,1,2,20,4,40,0.00266667,19.86666667,19.96000000,0.00272849
2001-02-20T04:50:00,1,2,20,4,50,0.00333333,19.88333333,20.00000000,0.00341000
2001-02-20T05:00:00,1,2,20,5,0,0.00400000,19.90000000,20.04000000,0.00409126
2001-02-20T05:10:00,1,2,20,5,10,0.02866667,19.93333333,20.93666667,0.02920248
2001-02-20T05:20:00,1,2,20,5,20,0.05333333,19.96666667,21.83333333,0.05411022
2001-02-20T05:30:00,1,2,20,5,30,0.07800000,20.00000000,22.73000000,0.07881448
2001-02-20T05:40:00,1,2,20,5,40,0.10266667,20.03333333,23.62666667,0.10331525
2001-02-20T05:50:00,1,2,20,5,50,0.12733333,20.06666667,24.52333333,0.12761253
2001-02-20T06:00:00,1,2,20,6,0,0.15200000,20.10000000,25.42000000,0.15170634
2001-02-20T06:10:00,1,2,20,6,10,0.16483333,20.38333333,26.15250000,0.16395947
2001-02-20T06:20:00,1,2,20,6,20,0.17766667,20.66666667,26.88500000,0.17612612
2001-02-20T06:30:00,1,2,20,6,30,0.19050000,20.95000000,27.61750000,0.18820628
2001-02-20T06:40:00,1,2,20,6,40,0.20333333,21.23333333,28.35000000,0.20019997
2001-02-20T06:50:00,1,2,20,6,50,0.21616667,21.51666667,29.08250000,0.21210716
2001-02-20T07:00:00,1,2,20,7,0,0.22900000,21.80000000,29.81500000,0.22392788
2001-02-20T07:10:00,1,2,20,7,10,0.26816667,21.95000000,31.33583333,0.26035099
2001-02-20T07:20:00,1,2,20,7,20,0.30733333,22.10000000,32.85666667,0.29622610
2001-02-20T07:30:00,1,2,20,7,30,0.34650000,22.25000000,34.37750000,0.33155320
2001-02-20T07:40:00,1,2,20,7,40,0.38566667,22.40000000,35.89833333,0.36633230
2001-02-20T07:50:00,1,2,20,7,50,0.42483333,22.55000000,37.41916667,0.40056338
2001-02-20T08:00:00,1,2,20,8,0,0.46400000,22.70000000,38.94000000,0.43424646
2001-02-20T08:10:00,1,2,20,8,10,0.43116667,22.96666667,38.05750000,0.40526886
2001-02-20T08:20:00,1,2,20,8,20,0.39833333,23.23333333,37.17500000,0.37602468
2001-02-20T08:30:00,1,2,20,8,30,0.36550000,23.50000000,36.29250000,0.34651392
2001-02-20T08:40:00,1,2,20,8,40,0.33266667,23.76666667,35.41000000,0.31673659
2001-02-20T08:50:00,1,2,20,8,50,0.29983333,24.03333333,34.52750000,0.28669269
2001-02-20T09:00:00,1,2,20,9,0,0.26700000,24.30000000,33.64500000,0.25638221
2001-02-20T09:10:00,1,2,20,9,10,0.36700000,24.10000000,36.94500000,0.34683445
2001-02-20T09:20:00,1,2,20,9,20,0.46700000,23.90000000,40.24500000,0.43425069
2001-02-20T09:30:00,1,2,20,9,30,0.56700000,23.70000000,43.54500000,0.51863093
2001-02-20T09:40:00,1,2,20,9,40,0.66700000,23.50000000,46.84500000,0.59997517
2001-02-20T09:50:00,1,2,20,9,50,0.76700000,23.30000000,50.14500000,0.67828341
2001-02-20T10:00:00,1,2,20,10,0,0.86700000,23.10000000,53.44500000,0.75355565
2001-02-20T10:10:00,1,2,20,10,10,0.85866667,23.75000000,53.80333333,0.74489734
2001-02-20T10:20:00,1,2,20,10,20,0.85033333,24.40000000,54.16166667,0.73626650
2001-02-20T10:30:00,1,2,20,10,30,0.84200000,25.05000000,54.52000000,0.72766314
2001-02-20T10:40:00,1,2,20,10,40,0.83366667,25.70000000,54.87833333,0.71908724
2001-02-20T10:50:00,1,2,20,10,50,0.82533333,26.35000000,55.23666667,0.71053882
2001-02-20T11:00:00,1,2,20,11,0,0.81700000,27.00000000,55.59500000,0.70201787
2001-02-20T11:10:00,1,2,20,11,10,0.74316667,27.00000000,53.01083333,0.64740977
2001-02-20T11:20:00,1,2,20,11,20,0.66933333,27.00000000,50.42666667,0.59104632
2001-02-20T11:30:00,1,2,20,11,30,0.59550000,27.00000000,47.84250000,0.53292754
2001-02-20T11:40:00,1,2,20,11,40,0.52166667,27.00000000,45.25833333,0.47305342
2001-02-20T11:50:00,1,2,20,11,50,0.44783333,27.00000000,42.67416667,0.41142396
2001-02-20T12:00:00,1,2,20,12,0,0.37400000,27.00000000,40.09000000,0.34803916
2001-02-20T12:10:00,1,2,20,12,10,0.41000000,26.68333333,41.03333333,0.37976113
2001-02-20T12:20:00,1,2,20,12,20,0.44600000,26.36666667,41.97666667,0.41117067
2001-02-20T12:30:00,1,2,20,12,30,0.48200000,26.05000000,42.92000000,0.44226778
2001-02-20T12:40:00,1,2,20,12,40,0.51800000,25.73333333,43.86333333,0.47305245
2001-02-20T12:50:00,1,2,20,12,50,0.55400000,25.41666667,44.80666667,0.50352469
2001-02-20T13:00:00,1,2,20,13,0,0.59000000,25.10000000,45.75000000,0.53368450
2001-02-20T13:10:00,1,2,20,13,10,0.60950000,25.31666667,46.64916667,0.54880223
2001-02-20T13:20:00,1,2,20,13,20,0.62900000,25.53333333,47.54833333,0.56375865
2001-02-20T13:30:00,1,2,20,13,30,0.64850000,25.75000000,48.44750000,0.57855376
2001-02-20T13:40:00,1,2,20,13,40,0.66800000,25.96666667,49.34666667,0.59318756
2001-02-20T13:50:00,1,2,20,13,50,0.68750000,26.18333333,50.24583333,0.60766005
2001-02-20T14:00:00,1,2,20,14,0,0.70700000,26.40000000,51.14500000,0.62197123
2001-02-20T14:10:00,1,2,20,14,10,0.64433333,26.41666667,48.96833333,0.57329279
2001-02-20T14:20:00,1,2,20,14,20,0.58166667,26.43333333,46.79166667,0.52335943
2001-02-20T14:30:00,1,2,20,14,30,0.51900000,26.45000000,44.61500000,0.47217115
2001-02-20T14:40:00,1,2,20,14,40,0.45633333,26.46666667,42.43833333,0.41972795
2001-02-20T14:50:00,1,2,20,14,50,0.39366667,26.48333333,40.26166667,0.36602982
2001-02-20T15:00:00,1,2,20,15,0,0.33100000,26.50000000,38.08500000,0.31107678
2001-02-20T15:10:00,1,2,20,15,10,0.32166667,26.18333333,37.44166667,0.30325715
2001-02-20T15:20:00,1,2,20,15,20,0.31233333,25.86666667,36.79833333,0.29538227
2001-02-20T15:30:00,1,2,20,15,30,0.30300000,25.55000000,36.15500000,0.28745216
2001-02-20T15:40:00,1,2,20,15,40,0.29366667,25.23333333,35.51166667,0.27946681
2001-02-20T15:50:00,1,2,20,15,50,0.28433333,24.91666667,34.86833333,0.27142621
2001-02-20T16:00:00,1,2,20,16,0,0.27500000,24.60000000,34.22500000,0.26333038
2001-02-20T16:10:00,1,2,20,16,10,0.25150000,24.55000000,33.35250000,0.24183699
2001-02-20T16:20:00,1,2,20,16,20,0.22800000,24.50000000,32.48000000,0.22015498
2001-02-20T16:30:00,1,2,20,16,30,0.20450000,24.45000000,31.60750000,0.19828432
2001-02-20T16:40:00,1,2,20,16,40,0.18100000,24.40000000,30.73500000,0.17622504
2001-02-20T16:50:00,1,2,20,16,50,0.15750000,24.35000000,29.86250000,0.15397712
2001-02-20T17:00:00,1,2,20,17,0,0.13400000,24.30000000,28.99000000,0.13154056
2001-02-20T17:10:00,1,2,20,17,10,0.11266667,24.16666667,28.11000000,0.11105486
2001-02-20T17:20:00,1,2,20,17,20,0.09133333,24.03333333,27.23000000,0.09039644
2001-02-20T17:30:00,1,2,20,17,30,0.07000000,23.90000000,26.35000000,0.06956530
2001-02-20T17:40:00,1,2,20,17,40,0.04866667,23.76666667,25.47000000,0.04856145
2001-02-20T17:50:00,1,2,20,17,50,0.02733333,23.63333333,24.59000000,0.02738488
2001-02-20T18:00:00,1,2,20,18,0,0.00600000,23.50000000,23.71000000,0.00603560
2001-02-20T18:10:00,1,2,20,18,10,0.00500000,23.25000000,23.42500000,0.00503623
2001-02-20T18:20:00,1,2,20,18,20,0.00400000,23.00000000,23.14000000,0.00403422
2001-02-20T18:30:00,1,2,20,18,30,0.00300000,22.75000000,22.85500000,0.00302960
2001-02-20T18:40:00,1,2,20,18,40,0.00200000,22.50000000,22.57000000,0.00202236
2001-02-20T18:50:00,1,2,20,18,50,0.00100000,22.25000000,22.28500000,0.00101249
2001-02-20T19:00:00,1,2,20,19,0,0.00000000,22.00000000,22.00000000,0.00000000
2001-02-20T19:10:00,1,2,20,19,10,0.00000000,21.93333333,21.93333333,0.00000000
2001-02-20T19:20:00,1,2,20,19,20,0.00000000,21.86666667,21.86666667,0.00000000
2001-02-20T19:30:00,1,2,20,19,30,0.00000000,21.80000000,21.80000000,0.00000000
2001-02-20T19:40:00,1,2,20,19,40,0.00000000,21.73333333,21.73333333,0.00000000
2001-02-20T19:50:00,1,2,20,19,50,0.00000000,21.66666667,21.66666667,0.00000000
2001-02-20T20:00:00,1,2,20,20,0,0.00000000,21.60000000,21.60000000,0.00000000
2001-02-20T20:10:00,1,2,20,20,10,0.00000000,21.65000000,21.65000000,0.00000000
2001-02-20T20:20:00,1,2,20,20,20,0.00000000,21.70000000,21.70000000,0.00000000
2001-02-20T20:30:00,1,2,20,20,30,0.00000000,21.75000000,21.75000000,0.00000000
2001-02-20T20:40:00,1,2,20,20,40,0.00000000,21.80000000,21.80000000,0.00000000
2001-02-20T20:50:00,1,2,20,20,50,0.00000000,21.85000000,21.85000000,0.00000000
2001-02-20T21:00:00,1,2,20,21,0,0.00000000,21.90000000,21.90000000,0.00000000
2001-02-20T21:10:00,1,2,20,21,10,0.00000000,21.75000000,21.75000000,0.00000000
2001-02-20T21:20:00,1,2,20,21,20,0.00000000,21.60000000,21.60000000,0.00000000
2001-02-20T21:30:00,1,2,20,21,30,0.00000000,21.45000000,21.45000000,0.00000000
2001-02-20T21:40:00,1,2,20,21,40,0.00000000,21.30000000,21.30000000,0.00000000
2001-02-20T21:50:00,1,2,20,21,50,0.00000000,21.15000000,21.15000000,0.00000000
2001-02-20T22:00:00,1,2,20,22,0,0.00000000,21.00000000,21.00000000,0.00000000
2001-02-20T22:10:00,1,2,20,22,10,0.00000000,20.98333333,20.98333333,0.00000000
2001-02-20T22:20:00,1,2,20,22,20,0.00000000,20.96666667,20.96666667,0.00000000
2001-02-20T22:30:00,1,2,20,22,30,0.00000000,20.95000000,20.95000000,0.00000000
2001-02-20T22:40:00,1,2,20,22,40,0.00000000,20.93333333,20.93333333,0.00000000
2001-02-20T22:50:00,1,2,20,22,50,0.00000000,20.91666667,20.91666667,0.00000000
2001-02-20T23:00:00,1,2,20,23,0,0.00000000,20.90000000,20.90000000,0.00000000
2001-02-20T23:10:00,1,2,20,23,10,0.00000000,20.65000000,20.65000000,0.00000000
2001-02-20T23:20:00,1,2,20,23,20,0.00000000,20.40000000,20.40000000,0.00000000
2001-02-20T23:30:00,1,2,20,23,30,0.00000000,20.15000000,20.15000000,0.00000000
2001-02-20T23:40:00,1,2,20,23,40,0.00000000,19.90000000,19.90000000,0.00000000
2001-02-20T23:50:00,1,2,20,23,50,0.00000000,19.65000000,19.65000000,0.00000000
2001-02-21T00:00:00,1,2,21,0,0,0.00000000,19.40000000,19.40000000,0.00000000
2001-02-21T00:10:00,1,2,21,0,10,0.00000000,19.36666667,19.36666667,0.00000000
2001-02-21T00:20:00,1,2,21,0,20,0.00000000,19.33333333,19.33333333,0.00000000
2001-02-21T00:30:00,1,2,21,0,30,0.00000000,19.30000000,19.30000000,0.00000000
2001-02-21T00:40:00,1,2,21,0,40,0.00000000,19.26666667,19.26666667,0.00000000
2001-02-21T00:50:00,1,2,21,0,50,0.00000000,19.23333333,19.23333333,0.00000000
2001-02-21T01:00:00,1,2,21,1,0,0.00000000,19.20000000,19.20000000,0.00000000
2001-02-21T01:10:00,1,2,21,1,10,0.00000000,19.31666667,19.31666667,0.00000000
2001-02-21T01:20:00,1,2,21,1,20,0.00000000,19.43333333,19.43333333,0.00000000
2001-02-21T01:30:00,1,2,21,1,30,0.00000000,19.55000000,19.55000000,0.00000000
2001-02-21T01:40:00,1,2,21,1,40,0.00000000,19.66666667,19.66666667,0.00000000
2001-02-21T01:50:00,1,2,21,1,50,0.00000000,19.78333333,19.78333333,0.00000000
2001-02-21T02:00:00,1,2,21,2,0,0.00000000,19.90000000,19.90000000,0.00000000
2001-02-21T02:10:00,1,2,21,2,10,0.00000000,19.78333333,19.78333333,0.00000000
2001-02-21T02:20:00,1,2,21,2,20,0.00000000,19.66666667,19.66666667,0.00000000
2001-02-21T02:30:00,1,2,21,2,30,0.00000000,19.55000000,19.55000000,0.00000000
2001-02-21T02:40:00,1,2,21,2,40,0.00000000,19.43333333,19.43333333,0.00000000
2001-02-21T02:50:00,1,2,21,2,50,0.00000000,19.31666667,19.31666667,0.00000000
2001-02-21T03:00:00,1,2,21,3,0,0.00000000,19.20000000,19.20000000,0.00000000
2001-02-21T03:10:00,1,2,21,3,10,0.00000000,19.18333333,19.18333333,0.00000000
2001-02-21T03:20:00,1,2,21,3,20,0.00000000,19.16666667,19.16666667,0.00000000
2001-02-21T03:30:00,1,2,21,3,30,0.00000000,19.15000000,19.15000000,0.00000000
2001-02-21T03:40:00,1,2,21,3,40,0.00000000,19.13333333,19.13333333,0.00000000
2001-02-21T03:50:00,1,2,21,3,50,0.00000000,19.11666667,19.11666667,0.00000000
2001-02-21T04:00:00,1,2,21,4,0,0.00000000,19.10000000,19.10000000,0.00000000
2001-02-21T04:10:00,1,2,21,4,10,0.00066667,18.98333333,19.00666667,0.00068505
2001-02-21T04:20:00,1,2,21,4,20,0.00133333,18.86666667,18.91333333,0.00137066
2001-02-21T04:30:00,1,2,21,4,30,0.00200000,18.75000000,18.82000000,0.00205686
2001-02-21T04:40:00,1,2,21,4,40,0.00266667,18.63333333,18.72666667,0.00274362
2001-02-21T04:50:00,1,2,21,4,50,0.00333333,18.51666667,18.63333333,0.00343096
2001-02-21T05:00:00,1,2,21,5,0,0.00400000,18.40000000,18.54000000,0.00411886
2001-02-21T05:10:00,1,2,21,5,10,0.01583333,18.48333333,19.03750000,0.01626760
2001-02-21T05:20:00,1,2,21,5,20,0.02766667,18.56666667,19.53500000,0.02836218
2001-02-21T05:30:00,1,2,21,5,30,0.03950000,18.65000000,20.03250000,0.04040259
2001-02-21T05:40:00,1,2,21,5,40,0.05133333,18.73333333,20.53000000,0.05238885
2001-02-21T05:50:00,1,2,21,5,50,0.06316667,18.81666667,21.02750000,0.06432094
2001-02-21T06:00:00,1,2,21,6,0,0.07500000,18.90000000,21.52500000,0.07619887
2001-02-21T06:10:00,1,2,21,6,10,0.09333333,19.21666667,22.48333333,0.09441382
2001-02-21T06:20:00,1,2,21,6,20,0.11166667,19.53333333,23.44166667,0.11246713
2001-02-21T06:30:00,1,2,21,6,30,0.13000000,19.85000000,24.40000000,0.13035880
2001-02-21T06:40:00,1,2,21,6,40,0.14833333,20.16666667,25.35833333,0.14808883
2001-02-21T06:50:00,1,2,21,6,50,0.16666667,20.48333333,26.31666667,0.16565722
2001-02-21T07:00:00,1,2,21,7,0,0.18500000,20.80000000,27.27500000,0.18306398
2001-02-21T07:10:00,1,2,21,7,10,0.21250000,20.96666667,28.40416667,0.20917243
2001-02-21T07:20:00,1,2,21,7,20,0.24000000,21.13333333,29.53333333,0.23499520
2001-02-21T07:30:00,1,2,21,7,30,0.26750000,21.30000000,30.66250000,0.26053229
2001-02-21T07:40:00,1,2,21,7,40,0.29500000,21.46666667,31.79166667,0.28578371
2001-02-21T07:50:00,1,2,21,7,50,0.32250000,21.63333333,32.92083333,0.31074944
2001-02-21T08:00:00,1,2,21,8,0,0.35000000,21.80000000,34.05000000,0.33542950
2001-02-21T08:10:00,1,2,21,8,10,0.40216667,22.10000000,36.17583333,0.38149175
2001-02-21T08:20:00,1,2,21,8,20,0.45433333,22.40000000,38.30166667,0.42653374
2001-02-21T08:30:00,1,2,21,8,30,0.50650000,22.70000000,40.42750000,0.47055547
2001-02-21T08:40:00,1,2,21,8,40,0.55866667,23.00000000,42.55333333,0.51355694
2001-02-21T08:50:00,1,2,21,8,50,0.61083333,23.30000000,44.67916667,0.55553815
2001-02-21T09:00:00,1,2,21,9,0,0.66300000,23.60000000,46.80500000,0.59649911
2001-02-21T09:10:00,1,2,21,9,10,0.71250000,24.01666667,48.95416667,0.63399022
2001-02-21T09:20:00,1,2,21,9,20,0.76200000,24.43333333,51.10333333,0.67050260
2001-02-21T09:30:00,1,2,21,9,30,0.81150000,24.85000000,53.25250000,0.70603624
2001-02-21T09:40:00,1,2,21,9,40,0.86100000,25.26666667,55.40166667,0.74059116
2001-02-21T09:50:00,1,2,21,9,50,0.91050000,25.68333333,57.55083333,0.77416734
2001-02-21T10:00:00,1,2,21,10,0,0.96000000,26.10000000,59.70000000,0.80676480
2001-02-21T10:10:00,1,2,21,10,10,0.98566667,26.40000000,60.89833333,0.82290123
2001-02-21T10:20:00,1,2,21,10,20,1.01133333,26.70000000,62.09666667,0.83875469
2001-02-21T10:30:00,1,2,21,10,30,1.03700000,27.00000000,63.29500000,0.85432519
2001-02-21T10:40:00,1,2,21,10,40,1.06266667,27.30000000,64.49333333,0.86961272
2001-02-21T10:50:00,1,2,21,10,50,1.08833333,27.60000000,65.69166667,0.88461729
2001-02-21T11:00:00,1,2,21,11,0,1.11400000,27.90000000,66.89000000,0.89933888
2001-02-21T11:10:00,1,2,21,11,10,1.05816667,28.13333333,65.16916667,0.86264057
2001-02-21T11:20:00,1,2,21,11,20,1.00233333,28.36666667,63.44833333,0.82505832
2001-02-21T11:30:00,1,2,21,11,30,0.94650000,28.60000000,61.72750000,0.78659214
2001-02-21T11:40:00,1,2,21,11,40,0.89066667,28.83333333,60.00666667,0.74724202
2001-02-21T11:50:00,1,2,21,11,50,0.83483333,29.06666667,58.28583333,0.70700797
2001-02-21T12:00:00,1,2,21,12,0,0.77900000,29.30000000,56.56500000,0.66588998
2001-02-21T12:10:00,1,2,21,12,10,0.78200000,28.98333333,56.35333333,0.66921579
2001-02-21T12:20:00,1,2,21,12,20,0.78500000,28.66666667,56.14166667,0.67254744
2001-02-21T12:30:00,1,2,21,12,30,0.78800000,28.35000000,55.93000000,0.67588494
2001-02-21T12:40:00,1,2,21,12,40,0.79100000,28.03333333,55.71833333,0.67922827
2001-02-21T12:50:00,1,2,21,12,50,0.79400000,27.71666667,55.50666667,0.68257745
2001-02-21T13:00:00,1,2,21,13,0,0.79700000,27.40000000,55.29500000,0.68593247
2001-02-21T13:10:00,1,2,21,13,10,0.74200000,27.43333333,53.40333333,0.64505374
2001-02-21T13:20:00,1,2,21,13,20,0.68700000,27.46666667,51.51166667,0.60321783
2001-02-21T13:30:00,1,2,21,13,30,0.63200000,27.50000000,49.62000000,0.56042474
2001-02-21T13:40:00,1,2,21,13,40,0.57700000,27.53333333,47.72833333,0.51667446
2001-02-21T13:50:00,1,2,21,13,50,0.52200000,27.56666667,45.83666667,0.47196700
2001-02-21T14:00:00,1,2,21,14,0,0.46700000,27.60000000,43.94500000,0.42630235
2001-02-21T14:10:00,1,2,21,14,10,0.45050000,27.36666667,43.13416667,0.41292057
2001-02-21T14:20:00,1,2,21,14,20,0.43400000,27.13333333,42.32333333,0.39941570
2001-02-21T14:30:00,1,2,21,14,30,0.41750000,26.90000000,41.51250000,0.38578774
2001-02-21T14:40:00,1,2,21,14,40,0.40100000,26.66666667,40.70166667,0.37203671
2001-02-21T14:50:00,1,2,21,14,50,0.38450000,26.43333333,39.89083333,0.35816258
2001-02-21T15:00:00,1,2,21,15,0,0.36800000,26.20000000,39.08000000,0.34416538
2001-02-21T15:10:00,1,2,21,15,10,0.36966667,26.08333333,39.02166667,0.34582329
2001-02-21T15:20:00,1,2,21,15,20,0.37133333,25.96666667,38.96333333,0.34748210
2001-02-21T15:30:00,1,2,21,15,30,0.37300000,25.85000000,38.90500000,0.34914180
2001-02-21T15:40:00,1,2,21,15,40,0.37466667,25.73333333,38.84666667,0.35080240
2001-02-21T15:50:00,1,2,21,15,50,0.37633333,25.61666667,38.78833333,0.35246389
2001-02-21T16:00:00,1,2,21,16,0,0.37800000,25.50000000,38.73000000,0.35412628
2001-02-21T16:10:00,1,2,21,16,10,0.34250000,25.43333333,37.42083333,0.32293098
2001-02-21T16:20:00,1,2,21,16,20,0.30700000,25.36666667,36.11166667,0.29130810
2001-02-21T16:30:00,1,2,21,16,30,0.27150000,25.30000000,34.80250000,0.25925766
2001-02-21T16:40:00,1,2,21,16,40,0.23600000,25.23333333,33.49333333,0.22677964
2001-02-21T16:50:00,1,2,21,16,50,0.20050000,25.16666667,32.18416667,0.19387404
2001-02-21T17:00:00,1,2,21,17,0,0.16500000,25.10000000,30.87500000,0.16054087
2001-02-21T17:10:00,1,2,21,17,10,0.13866667,24.90000000,29.75333333,0.13563467
2001-02-21T17:20:00,1,2,21,17,20,0.11233333,24.70000000,28.63166667,0.11045673
2001-02-21T17:30:00,1,2,21,17,30,0.08600000,24.50000000,27.51000000,0.08500704
2001-02-21T17:40:00,1,2,21,17,40,0.05966667,24.30000000,26.38833333,0.05928562
2001-02-21T17:50:00,1,2,21,17,50,0.03333333,24.10000000,25.26666667,0.03329244
2001-02-21T18:00:00,1,2,21,18,0,0.00700000,23.90000000,24.14500000,0.00702753
2001-02-21T18:10:00,1,2,21,18,10,0.00583333,23.61666667,23.82083333,0.00586497
2001-02-21T18:20:00,1,2,21,18,20,0.00466667,23.33333333,23.49666667,0.00469894
2001-02-21T18:30:00,1,2,21,18,30,0.00350000,23.05000000,23.17250000,0.00352942
2001-02-21T18:40:00,1,2,21,18,40,0.00233333,22.76666667,22.84833333,0.00235643
2001-02-21T18:50:00,1,2,21,18,50,0.00116667,22.48333333,22.52416667,0.00117995
2001-02-21T19:00:00,1,2,21,19,0,0.00000000,22.20000000,22.20000000,0.00000000
2001-02-21T19:10:00,1,2,21,19,10,0.00000000,22.13333333,22.13333333,0.00000000
2001-02-21T19:20:00,1,2,21,19,20,0.00000000,22.06666667,22.06666667,0.00000000
2001-02-21T19:30:00,1,2,21,19,30,0.00000000,22.00000000,22.00000000,0.00000000
2001-02-21T19:40:00,1,2,21,19,40,0.00000000,21.93333333,21.93333333,0.00000000
2001-02-21T19:50:00,1,2,21,19,50,0.00000000,21.86666667,21.86666667,0.00000000
2001-02-21T20:00:00,1,2,21,20,0,0.00000000,21.80000000,21.80000000,0.00000000
2001-02-21T20:10:00,1,2,21,20,10,0.00000000,21.80000000,21.80000000,0.00000000
2001-02-21T20:20:00,1,2,21,20,20,0.00000000,21.80000000,21.80000000,0.00000000
2001-02-21T20:30:00,1,2,21,20,30,0.00000000,21.80000000,21.80000000,0.00000000
2001-02-21T20:40:00,1,2,21,20,40,0.00000000,21.80000000,21.80000000,0.00000000
2001-02-21T20:50:00,1,2,21,20,50,0.00000000,21.80000000,21.80000000,0.00000000
2001-02-21T21:00:00,1,2,21,21,0,0.00000000,21.80000000,21.80000000,0.00000000
2001-02-21T21:10:00,1,2,21,21,10,0.00000000,21.70000000,21.70000000,0.00000000
2001-02-21T21:20:00,1,2,21,21,20,0.00000000,21.60000000,21.60000000,0.00000000
2001-02-21T21:30:00,1,2,21,21,30,0.00000000,21.50000000,21.50000000,0.00000000
2001-02-21T21:40:00,1,2,21,21,40,0.00000000,21.40000000,21.40000000,0.00000000
2001-02-21T21:50:00,1,2,21,21,50,0.00000000,21.30000000,21.30000000,0.00000000
2001-02-21T22:00:00,1,2,21,22,0,0.00000000,21.20000000,21.20000000,0.00000000
2001-02-21T22:10:00,1,2,21,22,10,0.00000000,21.00000000,21.00000000,0.00000000
2001-02-21T22:20:00,1,2,21,22,20,0.00000000,20.80000000,20.80000000,0.00000000
2001-02-21T22:30:00,1,2,21,22,30,0.00000000,20.60000000,20.60000000,0.00000000
2001-02-21T22:40:00,1,2,21,22,40,0.00000000,20.40000000,20.40000000,0.00000000
2001-02-21T22:50:00,1,2,21,22,50,0.00000000,20.20000000,20.20000000,0.00000000
2001-02-21T23:00:00,1,2,21,23,0,0.00000000,20.00000000,20.00000000,0.00000000
2001-02-21T23:10:00,1,2,21,23,10,0.00000000,20.18333333,20.18333333,0.00000000
2001-02-21T23:20:00,1,2,21,23,20,0.00000000,20.36666667,20.36666667,0.00000000
2001-02-21T23:30:00,1,2,21,23,30,0.00000000,20.55000000,20.55000000,0.00000000
2001-02-21T23:40:00,1,2,21,23,40,0.00000000,20.73333333,20.73333333,0.00000000
2001-02-21T23:50:00,1,2,21,23,50,0.00000000,20.91666667,20.91666667,0.00000000
2001-02-22T00:00:00,1,2,22,0,0,0.00000000,21.10000000,21.10000000,0.00000000
2001-02-22T00:10:00,1,2,22,0,10,0.00000000,21.03333333,21.03333333,0.00000000
2001-02-22T00:20:00,1,2,22,0,20,0.00000000,20.96666667,20.96666667,0.00000000
2001-02-22T00:30:00,1,2,22,0,30,0.00000000,20.90000000,20.90000000,0.00000000
2001-02-22T00:40:00,1,2,22,0,40,0.00000000,20.83333333,20.83333333,0.00000000
2001-02-22T00:50:00,1,2,22,0,50,0.00000000,20.76666667,20.76666667,0.00000000
2001-02-22T01:00:00,1,2,22,1,0,0.00000000,20.70000000,20.70000000,0.00000000
2001-02-22T01:10:00,1,2,22,1,10,0.00000000,20.78333333,20.78333333,0.00000000
2001-02-22T01:20:00,1,2,22,1,20,0.00000000,20.86666667,20.86666667,0.00000000
2001-02-22T01:30:00,1,2,22,1,30,0.00000000,20.95000000,20.95000000,0.00000000
2001-02-22T01:40:00,1,2,22,1,40,0.00000000,21.03333333,21.03333333,0.00000000
2001-02-22T01:50:00,1,2,22,1,50,0.00000000,21.11666667,21.11666667,0.00000000
2001-02-22T02:00:00,1,2,22,2,0,0.00000000,21.20000000,21.20000000,0.00000000
2001-02-22T02:10:00,1,2,22,2,10,0.00000000,21.13333333,21.13333333,0.00000000
2001-02-22T02:20:00,1,2,22,2,20,0.00000000,21.06666667,21.06666667,0.00000000
2001-02-22T02:30:00,1,2,22,2,30,0.00000000,21.00000000,21.00000000,0.00000000
2001-02-22T02:40:00,1,2,22,2,40,0.00000000,20.93333333,20.93333333,0.00000000
2001-02-22T02:50:00,1,2,22,2,50,0.00000000,20.86666667,20.86666667,0.00000000
2001-02-22T03:00:00,1,2,22,3,0,0.00000000,20.80000000,20.80000000,0.00000000
2001-02-22T03:10:00,1,2,22,3,10,0.00000000,20.75000000,20.75000000,0.00000000
2001-02-22T03:20:00,1,2,22,3,20,0.00000000,20.70000000,20.70000000,0.00000000
2001-02-22T03:30:00,1,2,22,3,30,0.00000000,20.65000000,20.65000000,0.00000000
2001-02-22T03:40:00,1,2,22,3,40,0.00000000,20.60000000,20.60000000,0.00000000
2001-02-22T03:50:00,1,2,22,3,50,0.00000000,20.55000000,20.55000000,0.00000000
2001-02-22T04:00:00,1,2,22,4,0,0.00000000,20.50000000,20.50000000,0.00000000
2001-02-22T04:10:00,1,2,22,4,10,0.00033333,20.45000000,20.46166667,0.00034029
2001-02-22T04:20:00,1,2,22,4,20,0.00066667,20.40000000,20.42333333,0.00068070
2001-02-22T04:30:00,1,2,22,4,30,0.00100000,20.35000000,20.38500000,0.00102123
2001-02-22T04:40:00,1,2,22,4,40,0.00133333,20.30000000,20.34666667,0.00136187
2001-02-22T04:50:00,1,2,22,4,50,0.00166667,20.25000000,20.30833333,0.00170264
2001-02-22T05:00:00,1,2,22,5,0,0.00200000,20.20000000,20.27000000,0.00204352
2001-02-22T05:10:00,1,2,22,5,10,0.01750000,20.31666667,20.92916667,0.01782770
2001-02-22T05:20:00,1,2,22,5,20,0.03300000,20.43333333,21.58833333,0.03351789
2001-02-22T05:30:00,1,2,22,5,30,0.04850000,20.55000000,22.24750000,0.04911408
2001-02-22T05:40:00,1,2,22,5,40,0.06400000,20.66666667,22.90666667,0.06461628
2001-02-22T05:50:00,1,2,22,5,50,0.07950000,20.78333333,23.56583333,0.08002447
2001-02-22T06:00:00,1,2,22,6,0,0.09500000,20.90000000,24.22500000,0.09533868
2001-02-22T06:10:00,1,2,22,6,10,0.11883333,21.06666667,25.22583333,0.11870989
2001-02-22T06:20:00,1,2,22,6,20,0.14266667,21.23333333,26.22666667,0.14186165
2001-02-22T06:30:00,1,2,22,6,30,0.16650000,21.40000000,27.22750000,0.16479396
2001-02-22T06:40:00,1,2,22,6,40,0.19033333,21.56666667,28.22833333,0.18750682
2001-02-22T06:50:00,1,2,22,6,50,0.21416667,21.73333333,29.22916667,0.21000023
2001-02-22T07:00:00,1,2,22,7,0,0.23800000,21.90000000,30.23000000,0.23227420
2001-02-22T07:10:00,1,2,22,7,10,0.22650000,22.01666667,29.94416667,0.22134867
2001-02-22T07:20:00,1,2,22,7,20,0.21500000,22.13333333,29.65833333,0.21039291
2001-02-22T07:30:00,1,2,22,7,30,0.20350000,22.25000000,29.37250000,0.19940690
2001-02-22T07:40:00,1,2,22,7,40,0.19200000,22.36666667,29.08666667,0.18839066
2001-02-22T07:50:00,1,2,22,7,50,0.18050000,22.48333333,28.80083333,0.17734417
2001-02-22T08:00:00,1,2,22,8,0,0.16900000,22.60000000,28.51500000,0.16626744
2001-02-22T08:10:00,1,2,22,8,10,0.18800000,22.70000000,29.28000000,0.18429866
2001-02-22T08:20:00,1,2,22,8,20,0.20700000,22.80000000,30.04500000,0.20219615
2001-02-22T08:30:00,1,2,22,8,30,0.22600000,22.90000000,30.81000000,0.21995992
2001-02-22T08:40:00,1,2,22,8,40,0.24500000,23.00000000,31.57500000,0.23758998
2001-02-22T08:50:00,1,2,22,8,50,0.26400000,23.10000000,32.34000000,0.25508630
2001-02-22T09:00:00,1,2,22,9,0,0.28300000,23.20000000,33.10500000,0.27244891
2001-02-22T09:10:00,1,2,22,9,10,0.36233333,23.38333333,36.06500000,0.34389093
2001-02-22T09:20:00,1,2,22,9,20,0.44166667,23.56666667,39.02500000,0.41317254
2001-02-22T09:30:00,1,2,22,9,30,0.52100000,23.75000000,41.98500000,0.48029375
2001-02-22T09:40:00,1,2,22,9,40,0.60033333,23.93333333,44.94500000,0.54525455
2001-02-22T09:50:00,1,2,22,9,50,0.67966667,24.11666667,47.90500000,0.60805495
2001-02-22T10:00:00,1,2,22,10,0,0.75900000,24.30000000,50.86500000,0.66869494
2001-02-22T10:10:00,1,2,22,10,10,0.70283333,24.73333333,49.33250000,0.62416555
2001-02-22T10:20:00,1,2,22,10,20,0.64666667,25.16666667,47.80000000,0.57884427
2001-02-22T10:30:00,1,2,22,10,30,0.59050000,25.60000000,46.26750000,0.53273109
2001-02-22T10:40:00,1,2,22,10,40,0.53433333,26.03333333,44.73500000,0.48582602
2001-02-22T10:50:00,1,2,22,10,50,0.47816667,26.46666667,43.20250000,0.43812905
2001-02-22T11:00:00,1,2,22,11,0,0.42200000,26.90000000,41.67000000,0.38964020
2001-02-22T11:10:00,1,2,22,11,10,0.41233333,26.65000000,41.08166667,0.38183070
2001-02-22T11:20:00,1,2,22,11,20,0.40266667,26.40000000,40.49333333,0.37396888
2001-02-22T11:30:00,1,2,22,11,30,0.39300000,26.15000000,39.90500000,0.36605474
2001-02-22T11:40:00,1,2,22,11,40,0.38333333,25.90000000,39.31666667,0.35808828
2001-02-22T11:50:00,1,2,22,11,50,0.37366667,25.65000000,38.72833333,0.35006949
2001-02-22T12:00:00,1,2,22,12,0,0.36400000,25.40000000,38.14000000,0.34199838
2001-02-22T12:10:00,1,2,22,12,10,0.38616667,25.36666667,38.88250000,0.36150626
2001-02-22T12:20:00,1,2,22,12,20,0.40833333,25.33333333,39.62500000,0.38086271
2001-02-22T12:30:00,1,2,22,12,30,0.43050000,25.30000000,40.36750000,0.40006774
2001-02-22T12:40:00,1,2,22,12,40,0.45266667,25.26666667,41.11000000,0.41912135
2001-02-22T12:50:00,1,2,22,12,50,0.47483333,25.23333333,41.85250000,0.43802354
2001-02-22T13:00:00,1,2,22,13,0,0.49700000,25.20000000,42.59500000,0.45677431
2001-02-22T13:10:00,1,2,22,13,10,0.47183333,25.25000000,41.76416667,0.43544783
2001-02-22T13:20:00,1,2,22,13,20,0.44666667,25.30000000,40.93333333,0.41392898
2001-02-22T13:30:00,1,2,22,13,30,0.42150000,25.35000000,40.10250000,0.39221776
2001-02-22T13:40:00,1,2,22,13,40,0.39633333,25.40000000,39.27166667,0.37031418
2001-02-22T13:50:00,1,2,22,13,50,0.37116667,25.45000000,38.44083333,0.34821824
2001-02-22T14:00:00,1,2,22,14,0,0.34600000,25.50000000,37.61000000,0.32592992
2001-02-22T14:10:00,1,2,22,14,10,0.35016667,25.40000000,37.65583333,0.32978107
2001-02-22T14:20:00,1,2,22,14,20,0.35433333,25.30000000,37.70166667,0.33363046
2001-02-22T14:30:00,1,2,22,14,30,0.35850000,25.20000000,37.74750000,0.33747810
2001-02-22T14:40:00,1,2,22,14,40,0.36266667,25.10000000,37.79333333,0.34132398
2001-02-22T14:50:00,1,2,22,14,50,0.36683333,25.00000000,37.83916667,0.34516810
2001-02-22T15:00:00,1,2,22,15,0,0.37100000,24.90000000,37.88500000,0.34901046
2001-02-22T15:10:00,1,2,22,15,10,0.32750000,24.95000000,36.41250000,0.31030707
2001-02-22T15:20:00,1,2,22,15,20,0.28400000,25.00000000,34.94000000,0.27101438
2001-02-22T15:30:00,1,2,22,15,30,0.24050000,25.05000000,33.46750000,0.23113240
2001-02-22T15:40:00,1,2,22,15,40,0.19700000,25.10000000,31.99500000,0.19066113
2001-02-22T15:50:00,1,2,22,15,50,0.15350000,25.15000000,30.52250000,0.14960056
2001-02-22T16:00:00,1,2,22,16,0,0.11000000,25.20000000,29.05000000,0.10795070
2001-02-22T16:10:00,1,2,22,16,10,0.10816667,24.93333333,28.71916667,0.10631613
2001-02-22T16:20:00,1,2,22,16,20,0.10633333,24.66666667,28.38833333,0.10467599
2001-02-22T16:30:00,1,2,22,16,30,0.10450000,24.40000000,28.05750000,0.10303026
2001-02-22T16:40:00,1,2,22,16,40,0.10266667,24.13333333,27.72666667,0.10137895
2001-02-22T16:50:00,1,2,22,16,50,0.10083333,23.86666667,27.39583333,0.09972207
2001-02-22T17:00:00,1,2,22,17,0,0.09900000,23.60000000,27.06500000,0.09805960
2001-02-22T17:10:00,1,2,22,17,10,0.08316667,23.61666667,26.52750000,0.08258230
2001-02-22T17:20:00,1,2,22,17,20,0.06733333,23.63333333,25.99000000,0.06702670
2001-02-22T17:30:00,1,2,22,17,30,0.05150000,23.65000000,25.45250000,0.05139280
2001-02-22T17:40:00,1,2,22,17,40,0.03566667,23.66666667,24.91500000,0.03568061
2001-02-22T17:50:00,1,2,22,17,50,0.01983333,23.68333333,24.37750000,0.01989013
2001-02-22T18:00:00,1,2,22,18,0,0.00400000,23.70000000,23.84000000,0.00402134
2001-02-22T18:10:00,1,2,22,18,10,0.00333333,23.65000000,23.76666667,0.00335224
2001-02-22T18:20:00,1,2,22,18,20,0.00266667,23.60000000,23.69333333,0.00268270
2001-02-22T18:30:00,1,2,22,18,30,0.00200000,23.55000000,23.62000000,0.00201270
2001-02-22T18:40:00,1,2,22,18,40,0.00133333,23.50000000,23.54666667,0.00134225
2001-02-22T18:50:00,1,2,22,18,50,0.00066667,23.45000000,23.47333333,0.00067135
2001-02-22T19:00:00,1,2,22,19,0,0.00000000,23.40000000,23.40000000,0.00000000
2001-02-22T19:10:00,1,2,22,19,10,0.00000000,23.23333333,23.23333333,0.00000000
2001-02-22T19:20:00,1,2,22,19,20,0.00000000,23.06666667,23.06666667,0.00000000
2001-02-22T19:30:00,1,2,22,19,30,0.00000000,22.90000000,22.90000000,0.00000000
2001-02-22T19:40:00,1,2,22,19,40,0.00000000,22.73333333,22.73333333,0.00000000
2001-02-22T19:50:00,1,2,22,19,50,0.00000000,22.56666667,22.56666667,0.00000000
2001-02-22T20:00:00,1,2,22,20,0,0.00000000,22.40000000,22.40000000,0.00000000
2001-02-22T20:10:00,1,2,22,20,10,0.00000000,22.31666667,22.31666667,0.00000000
2001-02-22T20:20:00,1,2,22,20,20,0.00000000,22.23333333,22.23333333,0.00000000
2001-02-22T20:30:00,1,2,22,20,30,0.00000000,22.15000000,22.15000000,0.00000000
2001-02-22T20:40:00,1,2,22,20,40,0.00000000,22.06666667,22.06666667,0.00000000
2001-02-22T20:50:00,1,2,22,20,50,0.00000000,21.98333333,21.98333333,0.00000000
2001-02-22T21:00:00,1,2,22,21,0,0.00000000,21.90000000,21.90000000,0.00000000
2001-02-22T21:10:00,1,2,22,21,10,0.00000000,21.93333333,21.93333333,0.00000000
2001-02-22T21:20:00,1,2,22,21,20,0.00000000,21.96666667,21.96666667,0.00000000
2001-02-22T21:30:00,1,2,22,21,30,0.00000000,22.00000000,22.00000000,0.00000000
2001-02-22T21:40:00,1,2,22,21,40,0.00000000,22.03333333,22.03333333,0.00000000
2001-02-22T21:50:00,1,2,22,21,50,0.00000000,22.06666667,22.06666667,0.00000000
2001-02-22T22:00:00,1,2,22,22,0,0.00000000,22.10000000,22.10000000,0.00000000
2001-02-22T22:10:00,1,2,22,22,10,0.00000000,21.98333333,21.98333333,0.00000000
2001-02-22T22:20:00,1,2,22,22,20,0.00000000,21.86666667,21.86666667,0.00000000
2001-02-22T22:30:00,1,2,22,22,30,0.00000000,21.75000000,21.75000000,0.00000000
2001-02-22T22:40:00,1,2,22,22,40,0.00000000,21.63333333,21.63333333,0.00000000
2001-02-22T22:50:00,1,2,22,22,50,0.00000000,21.51666667,21.51666667,0.00000000
2001-02-22T23:00:00,1,2,22,23,0,0.00000000,21.40000000,21.40000000,0.00000000
2001-02-22T23:10:00,1,2,22,23,10,0.00000000,21.51666667,21.51666667,0.00000000
2001-02-22T23:20:00,1,2,22,23,20,0.00000000,21.63333333,21.63333333,0.00000000
2001-02-22T23:30:00,1,2,22,23,30,0.00000000,21.75000000,21.75000000,0.00000000
2001-02-22T23:40:00,1,2,22,23,40,0.00000000,21.86666667,21.86666667,0.00000000
2001-02-22T23:50:00,1,2,22,23,50,0.00000000,21.98333333,21.98333333,0.00000000
2001-02-23T00:00:00,1,2,23,0,0,0.00000000,22.10000000,22.10000000,0.00000000
2001-02-23T00:10:00,1,2,23,0,10,0.00000000,22.06666667,22.06666667,0.00000000
2001-02-23T00:20:00,1,2,23,0,20,0.00000000,22.03333333,22.03333333,0.00000000
2001-02-23T00:30:00,1,2,23,0,30,0.00000000,22.00000000,22.00000000,0.00000000
2001-02-23T00:40:00,1,2,23,0,40,0.00000000,21.96666667,21.96666667,0.00000000
2001-02-23T00:50:00,1,2,23,0,50,0.00000000,21.93333333,21.93333333,0.00000000
2001-02-23T01:00:00,1,2,23,1,0,0.00000000,21.90000000,21.90000000,0.00000000
2001-02-23T01:10:00,1,2,23,1,10,0.00000000,21.90000000,21.90000000,0.00000000
2001-02-23T01:20:00,1,2,23,1,20,0.00000000,21.90000000,21.90000000,0.00000000
2001-02-23T01:30:00,1,2,23,1,30,0.00000000,21.90000000,21.90000000,0.00000000
2001-02-23T01:40:00,1,2,23,1,40,0.00000000,21.90000000,21.90000000,0.00000000
2001-02-23T01:50:00,1,2,23,1,50,0.00000000,21.90000000,21.90000000,0.00000000
2001-02-23T02:00:00,1,2,23,2,0,0.00000000,21.90000000,21.90000000,0.00000000
2001-02-23T02:10:00,1,2,23,2,10,0.00000000,21.73333333,21.73333333,0.00000000
2001-02-23T02:20:00,1,2,23,2,20,0.00000000,21.56666667,21.56666667,0.00000000
2001-02-23T02:30:00,1,2,23,2,30,0.00000000,21.40000000,21.40000000,0.00000000
2001-02-23T02:40:00,1,2,23,2,40,0.00000000,21.23333333,21.23333333,0.00000000
2001-02-23T02:50:00,1,2,23,2,50,0.00000000,21.06666667,21.06666667,0.00000000
2001-02-23T03:00:00,1,2,23,3,0,0.00000000,20.90000000,20.90000000,0.00000000
2001-02-23T03:10:00,1,2,23,3,10,0.00000000,20.98333333,20.98333333,0.00000000
2001-02-23T03:20:00,1,2,23,3,20,0.00000000,21.06666667,21.06666667,0.00000000
2001-02-23T03:30:00,1,2,23,3,30,0.00000000,21.15000000,21.15000000,0.00000000
2001-02-23T03:40:00,1,2,23,3,40,0.00000000,21.23333333,21.23333333,0.00000000
2001-02-23T03:50:00,1,2,23,3,50,0.00000000,21.31666667,21.31666667,0.00000000
2001-02-23T04:00:00,1,2,23,4,0,0.00000000,21.40000000,21.40000000,0.00000000
2001-02-23T04:10:00,1,2,23,4,10,0.00000000,21.33333333,21.33333333,0.00000000
2001-02-23T04:20:00,1,2,23,4,20,0.00000000,21.26666667,21.26666667,0.00000000
2001-02-23T04:30:00,1,2,23,4,30,0.00000000,21.20000000,21.20000000,0.00000000
2001-02-23T04:40:00,1,2,23,4,40,0.00000000,21.13333333,21.13333333,0.00000000
2001-02-23T04:50:00,1,2,23,4,50,0.00000000,21.06666667,21.06666667,0.00000000
2001-02-23T05:00:00,1,2,23,5,0,0.00000000,21.00000000,21.00000000,0.00000000
2001-02-23T05:10:00,1,2,23,5,10,0.01750000,21.10000000,21.71250000,0.01776464
2001-02-23T05:20:00,1,2,23,5,20,0.03500000,21.20000000,22.42500000,0.03541457
2001-02-23T05:30:00,1,2,23,5,30,0.05250000,21.30000000,23.13750000,0.05294979
2001-02-23T05:40:00,1,2,23,5,40,0.07000000,21.40000000,23.85000000,0.07037030
2001-02-23T05:50:00,1,2,23,5,50,0.08750000,21.50000000,24.56250000,0.08767609
2001-02-23T06:00:00,1,2,23,6,0,0.10500000,21.60000000,25.27500000,0.10486718
2001-02-23T06:10:00,1,2,23,6,10,0.14650000,21.80000000,26.92750000,0.14520106
2001-02-23T06:20:00,1,2,23,6,20,0.18800000,22.00000000,28.58000000,0.18490402
2001-02-23T06:30:00,1,2,23,6,30,0.22950000,22.20000000,30.23250000,0.22397605
2001-02-23T06:40:00,1,2,23,6,40,0.27100000,22.40000000,31.88500000,0.26241716
2001-02-23T06:50:00,1,2,23,6,50,0.31250000,22.60000000,33.53750000,0.30022734
2001-02-23T07:00:00,1,2,23,7,0,0.35400000,22.80000000,35.19000000,0.33740660
2001-02-23T07:10:00,1,2,23,7,10,0.39166667,23.06666667,36.77500000,0.37045204
2001-02-23T07:20:00,1,2,23,7,20,0.42933333,23.33333333,38.36000000,0.40294822
2001-02-23T07:30:00,1,2,23,7,30,0.46700000,23.60000000,39.94500000,0.43489515
2001-02-23T07:40:00,1,2,23,7,40,0.50466667,23.86666667,41.53000000,0.46629282
2001-02-23T07:50:00,1,2,23,7,50,0.54233333,24.13333333,43.11500000,0.49714124
2001-02-23T08:00:00,1,2,23,8,0,0.58000000,24.40000000,44.70000000,0.52744040
2001-02-23T08:10:00,1,2,23,8,10,0.60166667,24.48333333,45.54166667,0.54481418
2001-02-23T08:20:00,1,2,23,8,20,0.62333333,24.56666667,46.38333333,0.56202019
2001-02-23T08:30:00,1,2,23,8,30,0.64500000,24.65000000,47.22500000,0.57905843
2001-02-23T08:40:00,1,2,23,8,40,0.66666667,24.73333333,48.06666667,0.59592889
2001-02-23T08:50:00,1,2,23,8,50,0.68833333,24.81666667,48.90833333,0.61263158
2001-02-23T09:00:00,1,2,23,9,0,0.71000000,24.90000000,49.75000000,0.62916650
2001-02-23T09:10:00,1,2,23,9,10,0.67516667,25.13333333,48.76416667,0.60136071
2001-02-23T09:20:00,1,2,23,9,20,0.64033333,25.36666667,47.77833333,0.57323899
2001-02-23T09:30:00,1,2,23,9,30,0.60550000,25.60000000,46.79250000,0.54480135
2001-02-23T09:40:00,1,2,23,9,40,0.57066667,25.83333333,45.80666667,0.51604778
2001-02-23T09:50:00,1,2,23,9,50,0.53583333,26.06666667,44.82083333,0.48697828
2001-02-23T10:00:00,1,2,23,10,0,0.50100000,26.30000000,43.83500000,0.45759286
2001-02-23T10:10:00,1,2,23,10,10,0.54400000,26.11666667,45.15666667,0.49355996
2001-02-23T10:20:00,1,2,23,10,20,0.58700000,25.93333333,46.47833333,0.52900420
2001-02-23T10:30:00,1,2,23,10,30,0.63000000,25.75000000,47.80000000,0.56392560
2001-02-23T10:40:00,1,2,23,10,40,0.67300000,25.56666667,49.12166667,0.59832414
2001-02-23T10:50:00,1,2,23,10,50,0.71600000,25.38333333,50.44333333,0.63219984
2001-02-23T11:00:00,1,2,23,11,0,0.75900000,25.20000000,51.76500000,0.66555268
2001-02-23T11:10:00,1,2,23,11,10,0.76350000,25.45000000,52.17250000,0.66806746
2001-02-23T11:20:00,1,2,23,11,20,0.76800000,25.70000000,52.58000000,0.67056538
2001-02-23T11:30:00,1,2,23,11,30,0.77250000,25.95000000,52.98750000,0.67304642
2001-02-23T11:40:00,1,2,23,11,40,0.77700000,26.20000000,53.39500000,0.67551059
2001-02-23T11:50:00,1,2,23,11,50,0.78150000,26.45000000,53.80250000,0.67795789
2001-02-23T12:00:00,1,2,23,12,0,0.78600000,26.70000000,54.21000000,0.68038832
2001-02-23T12:10:00,1,2,23,12,10,0.76050000,26.83333333,53.45083333,0.66097045
2001-02-23T12:20:00,1,2,23,12,20,0.73500000,26.96666667,52.69166667,0.64137447
2001-02-23T12:30:00,1,2,23,12,30,0.70950000,27.10000000,51.93250000,0.62160040
2001-02-23T12:40:00,1,2,23,12,40,0.68400000,27.23333333,51.17333333,0.60164822
2001-02-23T12:50:00,1,2,23,12,50,0.65850000,27.36666667,50.41416667,0.58151795
2001-02-23T13:00:00,1,2,23,13,0,0.63300000,27.50000000,49.65500000,0.56120957
2001-02-23T13:10:00,1,2,23,13,10,0.63183333,27.43333333,49.54750000,0.56048766
2001-02-23T13:20:00,1,2,23,13,20,0.63066667,27.36666667,49.44000000,0.55976460
2001-02-23T13:30:00,1,2,23,13,30,0.62950000,27.30000000,49.33250000,0.55904038
2001-02-23T13:40:00,1,2,23,13,40,0.62833333,27.23333333,49.22500000,0.55831501
2001-02-23T13:50:00,1,2,23,13,50,0.62716667,27.16666667,49.11750000,0.55758848
2001-02-23T14:00:00,1,2,23,14,0,0.62600000,27.10000000,49.01000000,0.55686080
2001-02-23T14:10:00,1,2,23,14,10,0.59733333,27.11666667,48.02333333,0.53407135
2001-02-23T14:20:00,1,2,23,14,20,0.56866667,27.13333333,47.03666667,0.51102168
2001-02-23T14:30:00,1,2,23,14,30,0.54000000,27.15000000,46.05000000,0.48771180
2001-02-23T14:40:00,1,2,23,14,40,0.51133333,27.16666667,45.06333333,0.46414170
2001-02-23T14:50:00,1,2,23,14,50,0.48266667,27.18333333,44.07666667,0.44031138
2001-02-23T15:00:00,1,2,23,15,0,0.45400000,27.20000000,43.09000000,0.41622084
2001-02-23T15:10:00,1,2,23,15,10,0.43083333,26.96666667,42.04583333,0.39705133
2001-02-23T15:20:00,1,2,23,15,20,0.40766667,26.73333333,41.00166667,0.37765927
2001-02-23T15:30:00,1,2,23,15,30,0.38450000,26.50000000,39.95750000,0.35804467
2001-02-23T15:40:00,1,2,23,15,40,0.36133333,26.26666667,38.91333333,0.33820752
2001-02-23T15:50:00,1,2,23,15,50,0.33816667,26.03333333,37.86916667,0.31814782
2001-02-23T16:00:00,1,2,23,16,0,0.31500000,25.80000000,36.82500000,0.29786557
2001-02-23T16:10:00,1,2,23,16,10,0.27633333,25.76666667,35.43833333,0.26306482
2001-02-23T16:20:00,1,2,23,16,20,0.23766667,25.73333333,34.05166667,0.22777078
2001-02-23T16:30:00,1,2,23,16,30,0.19900000,25.70000000,32.66500000,0.19198346
2001-02-23T16:40:00,1,2,23,16,40,0.16033333,25.66666667,31.27833333,0.15570285
2001-02-23T16:50:00,1,2,23,16,50,0.12166667,25.63333333,29.89166667,0.11892896
2001-02-23T17:00:00,1,2,23,17,0,0.08300000,25.60000000,28.50500000,0.08166179
2001-02-23T17:10:00,1,2,23,17,10,0.07033333,25.35000000,27.81166667,0.06942367
2001-02-23T17:20:00,1,2,23,17,20,0.05766667,25.10000000,27.11833333,0.05710474
2001-02-23T17:30:00,1,2,23,17,30,0.04500000,24.85000000,26.42500000,0.04470503
2001-02-23T17:40:00,1,2,23,17,40,0.03233333,24.60000000,25.73166667,0.03222451
2001-02-23T17:50:00,1,2,23,17,50,0.01966667,24.35000000,25.03833333,0.01966320
2001-02-23T18:00:00,1,2,23,18,0,0.00700000,24.10000000,24.34500000,0.00702109
2001-02-23T18:10:00,1,2,23,18,10,0.00583333,24.05000000,24.25416667,0.00585335
2001-02-23T18:20:00,1,2,23,18,20,0.00466667,24.00000000,24.16333333,0.00468463
2001-02-23T18:30:00,1,2,23,18,30,0.00350000,23.95000000,24.07250000,0.00351493
2001-02-23T18:40:00,1,2,23,18,40,0.00233333,23.90000000,23.98166667,0.00234426
2001-02-23T18:50:00,1,2,23,18,50,0.00116667,23.85000000,23.89083333,0.00117262
2001-02-23T19:00:00,1,2,23,19,0,0.00000000,23.80000000,23.80000000,0.00000000
2001-02-23T19:10:00,1,2,23,19,10,0.00000000,23.73333333,23.73333333,0.00000000
2001-02-23T19:20:00,1,2,23,19,20,0.00000000,23.66666667,23.66666667,0.00000000
2001-02-23T19:30:00,1,2,23,19,30,0.00000000,23.60000000,23.60000000,0.00000000
2001-02-23T19:40:00,1,2,23,19,40,0.00000000,23.53333333,23.53333333,0.00000000
2001-02-23T19:50:00,1,2,23,19,50,0.00000000,23.46666667,23.46666667,0.00000000
2001-02-23T20:00:00,1,2,23,20,0,0.00000000,23.40000000,23.40000000,0.00000000
2001-02-23T20:10:00,1,2,23,20,10,0.00000000,23.35000000,23.35000000,0.00000000
2001-02-23T20:20:00,1,2,23,20,20,0.00000000,23.30000000,23.30000000,0.00000000
2001-02-23T20:30:00,1,2,23,20,30,0.00000000,23.25000000,23.25000000,0.00000000
2001-02-23T20:40:00,1,2,23,20,40,0.00000000,23.20000000,23.20000000,0.00000000
2001-02-23T20:50:00,1,2,23,20,50,0.00000000,23.15000000,23.15000000,0.00000000
2001-02-23T21:00:00,1,2,23,21,0,0.00000000,23.10000000,23.10000000,0.00000000
2001-02-23T21:10:00,1,2,23,21,10,0.00000000,23.15000000,23.15000000,0.00000000
2001-02-23T21:20:00,1,2,23,21,20,0.00000000,23.20000000,23.20000000,0.00000000
2001-02-23T21:30:00,1,2,23,21,30,0.00000000,23.25000000,23.25000000,0.00000000
2001-02-23T21:40:00,1,2,23,21,40,0.00000000,23.30000000,23.30000000,0.00000000
2001-02-23T21:50:00,1,2,23,21,50,0.00000000,23.35000000,23.35000000,0.00000000
2001-02-23T22:00:00,1,2,23,22,0,0.00000000,23.40000000,23.40000000,0.00000000
2001-02-23T22:10:00,1,2,23,22,10,0.00000000,23.35000000,23.35000000,0.00000000
2001-02-23T22:20:00,1,2,23,22,20,0.00000000,23.30000000,23.30000000,0.00000000
2001-02-23T22:30:00,1,2,23,22,30,0.00000000,23.25000000,23.25000000,0.00000000
2001-02-23T22:40:00,1,2,23,22,40,0.00000000,23.20000000,23.20000000,0.00000000
2001-02-23T22:50:00,1,2,23,22,50,0.00000000,23.15000000,23.15000000,0.00000000
2001-02-23T23:00:00,1,2,23,23,0,0.00000000,23.10000000,23.10000000,0.00000000
2001-02-23T23:10:00,1,2,23,23,10,0.00000000,22.93333333,22.93333333,0.00000000
2001-02-23T23:20:00,1,2,23,23,20,0.00000000,22.76666667,22.76666667,0.00000000
2001-02-23T23:30:00,1,2,23,23,30,0.00000000,22.60000000,22.60000000,0.00000000
2001-02-23T23:40:00,1,2,23,23,40,0.00000000,22.43333333,22.43333333,0.00000000
2001-02-23T23:50:00,1,2,23,23,50,0.00000000,22.26666667,22.26666667,0.00000000
2001-02-24T00:00:00,1,2,24,0,0,0.00000000,22.10000000,22.10000000,0.00000000
2001-02-24T00:10:00,1,2,24,0,10,0.00000000,22.15000000,22.15000000,0.00000000
2001-02-24T00:20:00,1,2,24,0,20,0.00000000,22.20000000,22.20000000,0.00000000
2001-02-24T00:30:00,1,2,24,0,30,0.00000000,22.25000000,22.25000000,0.00000000
2001-02-24T00:40:00,1,2,24,0,40,0.00000000,22.30000000,22.30000000,0.00000000
2001-02-24T00:50:00,1,2,24,0,50,0.00000000,22.35000000,22.35000000,0.00000000
2001-02-24T01:00:00,1,2,24,1,0,0.00000000,22.40000000,22.40000000,0.00000000
2001-02-24T01:10:00,1,2,24,1,10,0.00000000,22.30000000,22.30000000,0.00000000
2001-02-24T01:20:00,1,2,24,1,20,0.00000000,22.20000000,22.20000000,0.00000000
2001-02-24T01:30:00,1,2,24,1,30,0.00000000,22.10000000,22.10000000,0.00000000
2001-02-24T01:40:00,1,2,24,1,40,0.00000000,22.00000000,22.00000000,0.00000000
2001-02-24T01:50:00,1,2,24,1,50,0.00000000,21.90000000,21.90000000,0.00000000
2001-02-24T02:00:00,1,2,24,2,0,0.00000000,21.80000000,21.80000000,0.00000000
2001-02-24T02:10:00,1,2,24,2,10,0.00000000,21.83333333,21.83333333,0.00000000
2001-02-24T02:20:00,1,2,24,2,20,0.00000000,21.86666667,21.86666667,0.00000000
2001-02-24T02:30:00,1,2,24,2,30,0.00000000,21.90000000,21.90000000,0.00000000
2001-02-24T02:40:00,1,2,24,2,40,0.00000000,21.93333333,21.93333333,0.00000000
2001-02-24T02:50:00,1,2,24,2,50,0.00000000,21.96666667,21.96666667,0.00000000
2001-02-24T03:00:00,1,2,24,3,0,0.00000000,22.00000000,22.00000000,0.00000000
2001-02-24T03:10:00,1,2,24,3,10,0.00000000,22.01666667,22.01666667,0.00000000
2001-02-24T03:20:00,1,2,24,3,20,0.00000000,22.03333333,22.03333333,0.00000000
2001-02-24T03:30:00,1,2,24,3,30,0.00000000,22.05000000,22.05000000,0.00000000
2001-02-24T03:40:00,1,2,24,3,40,0.00000000,22.06666667,22.06666667,0.00000000
2001-02-24T03:50:00,1,2,24,3,50,0.00000000,22.08333333,22.08333333,0.00000000
2001-02-24T04:00:00,1,2,24,4,0,0.00000000,22.10000000,22.10000000,0.00000000
2001-02-24T04:10:00,1,2,24,4,10,0.00000000,22.01666667,22.01666667,0.00000000
2001-02-24T04:20:00,1,2,24,4,20,0.00000000,21.93333333,21.93333333,0.00000000
2001-02-24T04:30:00,1,2,24,4,30,0.00000000,21.85000000,21.85000000,0.00000000
2001-02-24T04:40:00,1,2,24,4,40,0.00000000,21.76666667,21.76666667,0.00000000
2001-02-24T04:50:00,1,2,24,4,50,0.00000000,21.68333333,21.68333333,0.00000000
2001-02-24T05:00:00,1,2,24,5,0,0.00000000,21.60000000,21.60000000,0.00000000
2001-02-24T05:10:00,1,2,24,5,10,0.00600000,21.53333333,21.74333333,0.00608988
2001-02-24T05:20:00,1,2,24,5,20,0.01200000,21.46666667,21.88666667,0.01217186
2001-02-24T05:30:00,1,2,24,5,30,0.01800000,21.40000000,22.03000000,0.01824592
2001-02-24T05:40:00,1,2,24,5,40,0.02400000,21.33333333,22.17333333,0.02431206
2001-02-24T05:50:00,1,2,24,5,50,0.03000000,21.26666667,22.31666667,0.03037030
2001-02-24T06:00:00,1,2,24,6,0,0.03600000,21.20000000,22.46000000,0.03642062
2001-02-24T06:10:00,1,2,24,6,10,0.06033333,21.46666667,23.57833333,0.06072789
2001-02-24T06:20:00,1,2,24,6,20,0.08466667,21.73333333,24.69666667,0.08478480
2001-02-24T06:30:00,1,2,24,6,30,0.10900000,22.00000000,25.81500000,0.10859136
2001-02-24T06:40:00,1,2,24,6,40,0.13333333,22.26666667,26.93333333,0.13214756
2001-02-24T06:50:00,1,2,24,6,50,0.15766667,22.53333333,28.05166667,0.15545339
2001-02-24T07:00:00,1,2,24,7,0,0.18200000,22.80000000,29.17000000,0.17850888
2001-02-24T07:10:00,1,2,24,7,10,0.20800000,22.98333333,30.26333333,0.20296404
2001-02-24T07:20:00,1,2,24,7,20,0.23400000,23.16666667,31.35666667,0.22715768
2001-02-24T07:30:00,1,2,24,7,30,0.26000000,23.35000000,32.45000000,0.25108980
2001-02-24T07:40:00,1,2,24,7,40,0.28600000,23.53333333,33.54333333,0.27476039
2001-02-24T07:50:00,1,2,24,7,50,0.31200000,23.71666667,34.63666667,0.29816946
2001-02-24T08:00:00,1,2,24,8,0,0.33800000,23.90000000,35.73000000,0.32131700
2001-02-24T08:10:00,1,2,24,8,10,0.33800000,24.25000000,36.08000000,0.32077282
2001-02-24T08:20:00,1,2,24,8,20,0.33800000,24.60000000,36.43000000,0.32022864
2001-02-24T08:30:00,1,2,24,8,30,0.33800000,24.95000000,36.78000000,0.31968446
2001-02-24T08:40:00,1,2,24,8,40,0.33800000,25.30000000,37.13000000,0.31914028
2001-02-24T08:50:00,1,2,24,8,50,0.33800000,25.65000000,37.48000000,0.31859610
2001-02-24T09:00:00,1,2,24,9,0,0.33800000,26.00000000,37.83000000,0.31805192
2001-02-24T09:10:00,1,2,24,9,10,0.41183333,26.06666667,40.48083333,0.38250593
2001-02-24T09:20:00,1,2,24,9,20,0.48566667,26.13333333,43.13166667,0.44515931
2001-02-24T09:30:00,1,2,24,9,30,0.55950000,26.20000000,45.78250000,0.50601208
2001-02-24T09:40:00,1,2,24,9,40,0.63333333,26.26666667,48.43333333,0.56506422
2001-02-24T09:50:00,1,2,24,9,50,0.70716667,26.33333333,51.08416667,0.62231574
2001-02-24T10:00:00,1,2,24,10,0,0.78100000,26.40000000,53.73500000,0.67776664
2001-02-24T10:10:00,1,2,24,10,10,0.75450000,27.18333333,53.59083333,0.65526979
2001-02-24T10:20:00,1,2,24,10,20,0.72800000,27.96666667,53.44666667,0.63273780
2001-02-24T10:30:00,1,2,24,10,30,0.70150000,28.75000000,53.30250000,0.61017066
2001-02-24T10:40:00,1,2,24,10,40,0.67500000,29.53333333,53.15833333,0.58756838
2001-02-24T10:50:00,1,2,24,10,50,0.64850000,30.31666667,53.01416667,0.56493094
2001-02-24T11:00:00,1,2,24,11,0,0.62200000,31.10000000,52.87000000,0.54225836
2001-02-24T11:10:00,1,2,24,11,10,0.62866667,30.83333333,52.83666667,0.54816674
2001-02-24T11:20:00,1,2,24,11,20,0.63533333,30.56666667,52.80333333,0.55407716
2001-02-24T11:30:00,1,2,24,11,30,0.64200000,30.30000000,52.77000000,0.55998964
2001-02-24T11:40:00,1,2,24,11,40,0.64866667,30.03333333,52.73666667,0.56590415
2001-02-24T11:50:00,1,2,24,11,50,0.65533333,29.76666667,52.70333333,0.57182071
2001-02-24T12:00:00,1,2,24,12,0,0.66200000,29.50000000,52.67000000,0.57773932
2001-02-24T12:10:00,1,2,24,12,10,0.67233333,29.68333333,53.21500000,0.58507186
2001-02-24T12:20:00,1,2,24,12,20,0.68266667,29.86666667,53.76000000,0.59235260
2001-02-24T12:30:00,1,2,24,12,30,0.69300000,30.05000000,54.30500000,0.59958152
2001-02-24T12:40:00,1,2,24,12,40,0.70333333,30.23333333,54.85000000,0.60675863
2001-02-24T12:50:00,1,2,24,12,50,0.71366667,30.41666667,55.39500000,0.61388393
2001-02-24T13:00:00,1,2,24,13,0,0.72400000,30.60000000,55.94000000,0.62095742
2001-02-24T13:10:00,1,2,24,13,10,0.70133333,30.63333333,55.18000000,0.60396863
2001-02-24T13:20:00,1,2,24,13,20,0.67866667,30.66666667,54.42000000,0.58682135
2001-02-24T13:30:00,1,2,24,13,30,0.65600000,30.70000000,53.66000000,0.56951558
2001-02-24T13:40:00,1,2,24,13,40,0.63333333,30.73333333,52.90000000,0.55205133
2001-02-24T13:50:00,1,2,24,13,50,0.61066667,30.76666667,52.14000000,0.53442860
2001-02-24T14:00:00,1,2,24,14,0,0.58800000,30.80000000,51.38000000,0.51664738
2001-02-24T14:10:00,1,2,24,14,10,0.58433333,30.53333333,50.98500000,0.51448739
2001-02-24T14:20:00,1,2,24,14,20,0.58066667,30.26666667,50.59000000,0.51231407
2001-02-24T14:30:00,1,2,24,14,30,0.57700000,30.00000000,50.19500000,0.51012743
2001-02-24T14:40:00,1,2,24,14,40,0.57333333,29.73333333,49.80000000,0.50792747
2001-02-24T14:50:00,1,2,24,14,50,0.56966667,29.46666667,49.40500000,0.50571418
2001-02-24T15:00:00,1,2,24,15,0,0.56600000,29.20000000,49.01000000,0.50348756
2001-02-24T15:10:00,1,2,24,15,10,0.50650000,29.23333333,46.96083333,0.45533345
2001-02-24T15:20:00,1,2,24,15,20,0.44700000,29.26666667,44.91166667,0.40605763
2001-02-24T15:30:00,1,2,24,15,30,0.38750000,29.30000000,42.86250000,0.35566009
2001-02-24T15:40:00,1,2,24,15,40,0.32800000,29.33333333,40.81333333,0.30414084
2001-02-24T15:50:00,1,2,24,15,50,0.26850000,29.36666667,38.76416667,0.25149988
2001-02-24T16:00:00,1,2,24,16,0,0.20900000,29.40000000,36.71500000,0.19773720
2001-02-24T16:10:00,1,2,24,16,10,0.20083333,28.65000000,35.67916667,0.19096756
2001-02-24T16:20:00,1,2,24,16,20,0.19266667,27.90000000,34.64333333,0.18412010
2001-02-24T16:30:00,1,2,24,16,30,0.18450000,27.15000000,33.60750000,0.17719481
2001-02-24T16:40:00,1,2,24,16,40,0.17633333,26.40000000,32.57166667,0.17019170
2001-02-24T16:50:00,1,2,24,16,50,0.16816667,25.65000000,31.53583333,0.16311076
2001-02-24T17:00:00,1,2,24,17,0,0.16000000,24.90000000,30.50000000,0.15595200
2001-02-24T17:10:00,1,2,24,17,10,0.13333333,24.76666667,29.43333333,0.13061422
2001-02-24T17:20:00,1,2,24,17,20,0.10666667,24.63333333,28.36666667,0.10501476
2001-02-24T17:30:00,1,2,24,17,30,0.08000000,24.50000000,27.30000000,0.07915360
2001-02-24T17:40:00,1,2,24,17,40,0.05333333,24.36666667,26.23333333,0.05303076
2001-02-24T17:50:00,1,2,24,17,50,0.02666667,24.23333333,25.16666667,0.02664622
2001-02-24T18:00:00,1,2,24,18,0,0.00000000,24.10000000,24.10000000,0.00000000
2001-02-24T18:10:00,1,2,24,18,10,0.00000000,23.78333333,23.78333333,0.00000000
2001-02-24T18:20:00,1,2,24,18,20,0.00000000,23.46666667,23.46666667,0.00000000
2001-02-24T18:30:00,1,2,24,18,30,0.00000000,23.15000000,23.15000000,0.00000000
2001-02-24T18:40:00,1,2,24,18,40,0.00000000,22.83333333,22.83333333,0.00000000
2001-02-24T18:50:00,1,2,24,18,50,0.00000000,22.51666667,22.51666667,0.00000000
2001-02-24T19:00:00,1,2,24,19,0,0.00000000,22.20000000,22.20000000,0.00000000
2001-02-24T19:10:00,1,2,24,19,10,0.00000000,22.15000000,22.15000000,0.00000000
2001-02-24T19:20:00,1,2,24,19,20,0.00000000,22.10000000,22.10000000,0.00000000
2001-02-24T19:30:00,1,2,24,19,30,0.00000000,22.05000000,22.05000000,0.00000000
2001-02-24T19:40:00,1,2,24,19,40,0.00000000,22.00000000,22.00000000,0.00000000
2001-02-24T19:50:00,1,2,24,19,50,0.00000000,21.95000000,21.95000000,0.00000000
2001-02-24T20:00:00,1,2,24,20,0,0.00000000,21.90000000,21.90000000,0.00000000
2001-02-24T20:10:00,1,2,24,20,10,0.00000000,21.81666667,21.81666667,0.00000000
2001-02-24T20:20:00,1,2,24,20,20,0.00000000,21.73333333,21.73333333,0.00000000
2001-02-24T20:30:00,1,2,24,20,30,0.00000000,21.65000000,21.65000000,0.00000000
2001-02-24T20:40:00,1,2,24,20,40,0.00000000,21.56666667,21.56666667,0.00000000
2001-02-24T20:50:00,1,2,24,20,50,0.00000000,21.48333333,21.48333333,0.00000000
2001-02-24T21:00:00,1,2,24,21,0,0.00000000,21.40000000,21.40000000,0.00000000
2001-02-24T21:10:00,1,2,24,21,10,0.00000000,21.28333333,21.28333333,0.00000000
2001-02-24T21:20:00,1,2,24,21,20,0.00000000,21.16666667,21.16666667,0.00000000
2001-02-24T21:30:00,1,2,24,21,30,0.00000000,21.05000000,21.05000000,0.00000000
2001-02-24T21:40:00,1,2,24,21,40,0.00000000,20.93333333,20.93333333,0.00000000
2001-02-24T21:50:00,1,2,24,21,50,0.00000000,20.81666667,20.81666667,0.00000000
2001-02-24T22:00:00,1,2,24,22,0,0.00000000,20.70000000,20.70000000,0.00000000
2001-02-24T22:10:00,1,2,24,22,10,0.00000000,20.60000000,20.60000000,0.00000000
2001-02-24T22:20:00,1,2,24,22,20,0.00000000,20.50000000,20.50000000,0.00000000
2001-02-24T22:30:00,1,2,24,22,30,0.00000000,20.40000000,20.40000000,0.00000000
2001-02-24T22:40:00,1,2,24,22,40,0.00000000,20.30000000,20.30000000,0.00000000
2001-02-24T22:50:00,1,2,24,22,50,0.00000000,20.20000000,20.20000000,0.00000000
2001-02-24T23:00:00,1,2,24,23,0,0.00000000,20.10000000,20.10000000,0.00000000
2001-02-24T23:10:00,1,2,24,23,10,0.00000000,20.46666667,20.46666667,0.00000000
2001-02-24T23:20:00,1,2,24,23,20,0.00000000,20.83333333,20.83333333,0.00000000
2001-02-24T23:30:00,1,2,24,23,30,0.00000000,21.20000000,21.20000000,0.00000000
2001-02-24T23:40:00,1,2,24,23,40,0.00000000,21.56666667,21.56666667,0.00000000
2001-02-24T23:50:00,1,2,24,23,50,0.00000000,21.93333333,21.93333333,0.00000000
2001-02-25T00:00:00,1,2,25,0,0,0.00000000,22.30000000,22.30000000,0.00000000
2001-02-25T00:10:00,1,2,25,0,10,0.00000000,22.18333333,22.18333333,0.00000000
2001-02-25T00:20:00,1,2,25,0,20,0.00000000,22.06666667,22.06666667,0.00000000
2001-02-25T00:30:00,1,2,25,0,30,0.00000000,21.95000000,21.95000000,0.00000000
2001-02-25T00:40:00,1,2,25,0,40,0.00000000,21.83333333,21.83333333,0.00000000
2001-02-25T00:50:00,1,2,25,0,50,0.00000000,21.71666667,21.71666667,0.00000000
2001-02-25T01:00:00,1,2,25,1,0,0.00000000,21.60000000,21.60000000,0.00000000
2001-02-25T01:10:00,1,2,25,1,10,0.00000000,21.73333333,21.73333333,0.00000000
2001-02-25T01:20:00,1,2,25,1,20,0.00000000,21.86666667,21.86666667,0.00000000
2001-02-25T01:30:00,1,2,25,1,30,0.00000000,22.00000000,22.00000000,0.00000000
2001-02-25T01:40:00,1,2,25,1,40,0.00000000,22.13333333,22.13333333,0.00000000
2001-02-25T01:50:00,1,2,25,1,50,0.00000000,22.26666667,22.26666667,0.00000000
2001-02-25T02:00:00,1,2,25,2,0,0.00000000,22.40000000,22.40000000,0.00000000
2001-02-25T02:10:00,1,2,25,2,10,0.00000000,22.43333333,22.43333333,0.00000000
2001-02-25T02:20:00,1,2,25,2,20,0.00000000,22.46666667,22.46666667,0.00000000
2001-02-25T02:30:00,1,2,25,2,30,0.00000000,22.50000000,22.50000000,0.00000000
2001-02-25T02:40:00,1,2,25,2,40,0.00000000,22.53333333,22.53333333,0.00000000
2001-02-25T02:50:00,1,2,25,2,50,0.00000000,22.56666667,22.56666667,0.00000000
2001-02-25T03:00:00,1,2,25,3,0,0.00000000,22.60000000,22.60000000,0.00000000
2001-02-25T03:10:00,1,2,25,3,10,0.00000000,22.50000000,22.50000000,0.00000000
2001-02-25T03:20:00,1,2,25,3,20,0.00000000,22.40000000,22.40000000,0.00000000
2001-02-25T03:30:00,1,2,25,3,30,0.00000000,22.30000000,22.30000000,0.00000000
2001-02-25T03:40:00,1,2,25,3,40,0.00000000,22.20000000,22.20000000,0.00000000
2001-02-25T03:50:00,1,2,25,3,50,0.00000000,22.10000000,22.10000000,0.00000000
2001-02-25T04:00:00,1,2,25,4,0,0.00000000,22.00000000,22.00000000,0.00000000
2001-02-25T04:10:00,1,2,25,4,10,0.00000000,22.08333333,22.08333333,0.00000000
2001-02-25T04:20:00,1,2,25,4,20,0.00000000,22.16666667,22.16666667,0.00000000
2001-02-25T04:30:00,1,2,25,4,30,0.00000000,22.25000000,22.25000000,0.00000000
2001-02-25T04:40:00,1,2,25,4,40,0.00000000,22.33333333,22.33333333,0.00000000
2001-02-25T04:50:00,1,2,25,4,50,0.00000000,22.41666667,22.41666667,0.00000000
2001-02-25T05:00:00,1,2,25,5,0,0.00000000,22.50000000,22.50000000,0.00000000
2001-02-25T05:10:00,1,2,25,5,10,0.00583333,22.48333333,22.68750000,0.00589539
2001-02-25T05:20:00,1,2,25,5,20,0.01166667,22.46666667,22.87500000,0.01178071
2001-02-25T05:30:00,1,2,25,5,30,0.01750000,22.45000000,23.06250000,0.01765597
2001-02-25T05:40:00,1,2,25,5,40,0.02333333,22.43333333,23.25000000,0.02352117
2001-02-25T05:50:00,1,2,25,5,50,0.02916667,22.41666667,23.43750000,0.02937630
2001-02-25T06:00:00,1,2,25,6,0,0.03500000,22.40000000,23.62500000,0.03522137
2001-02-25T06:10:00,1,2,25,6,10,0.05066667,22.41666667,24.19000000,0.05085545
2001-02-25T06:20:00,1,2,25,6,20,0.06633333,22.43333333,24.75500000,0.06640809
2001-02-25T06:30:00,1,2,25,6,30,0.08200000,22.45000000,25.32000000,0.08187930
2001-02-25T06:40:00,1,2,25,6,40,0.09766667,22.46666667,25.88500000,0.09726907
2001-02-25T06:50:00,1,2,25,6,50,0.11333333,22.48333333,26.45000000,0.11257740
2001-02-25T07:00:00,1,2,25,7,0,0.12900000,22.50000000,27.01500000,0.12780430
2001-02-25T07:10:00,1,2,25,7,10,0.15033333,22.50000000,27.76166667,0.14842355
2001-02-25T07:20:00,1,2,25,7,20,0.17166667,22.50000000,28.50833333,0.16889625
2001-02-25T07:30:00,1,2,25,7,30,0.19300000,22.50000000,29.25500000,0.18922241
2001-02-25T07:40:00,1,2,25,7,40,0.21433333,22.50000000,30.00166667,0.20940202
2001-02-25T07:50:00,1,2,25,7,50,0.23566667,22.50000000,30.74833333,0.22943509
2001-02-25T08:00:00,1,2,25,8,0,0.25700000,22.50000000,31.49500000,0.24932161
2001-02-25T08:10:00,1,2,25,8,10,0.23233333,22.46666667,30.59833333,0.22635021
2001-02-25T08:20:00,1,2,25,8,20,0.20766667,22.43333333,29.70166667,0.20317532
2001-02-25T08:30:00,1,2,25,8,30,0.18300000,22.40000000,28.80500000,0.17979695
2001-02-25T08:40:00,1,2,25,8,40,0.15833333,22.36666667,27.90833333,0.15621510
2001-02-25T08:50:00,1,2,25,8,50,0.13366667,22.33333333,27.01166667,0.13242976
2001-02-25T09:00:00,1,2,25,9,0,0.10900000,22.30000000,26.11500000,0.10844094
2001-02-25T09:10:00,1,2,25,9,10,0.12150000,22.31666667,26.56916667,0.12062299
2001-02-25T09:20:00,1,2,25,9,20,0.13400000,22.33333333,27.02333333,0.13275282
2001-02-25T09:30:00,1,2,25,9,30,0.14650000,22.35000000,27.47750000,0.14483041
2001-02-25T09:40:00,1,2,25,9,40,0.15900000,22.36666667,27.93166667,0.15685578
2001-02-25T09:50:00,1,2,25,9,50,0.17150000,22.38333333,28.38583333,0.16882892
2001-02-25T10:00:00,1,2,25,10,0,0.18400000,22.40000000,28.84000000,0.18074982
2001-02-25T10:10:00,1,2,25,10,10,0.21300000,22.45000000,29.90500000,0.20819408
2001-02-25T10:20:00,1,2,25,10,20,0.24200000,22.50000000,30.97000000,0.23535420
2001-02-25T10:30:00,1,2,25,10,30,0.27100000,22.55000000,32.03500000,0.26223017
2001-02-25T10:40:00,1,2,25,10,40,0.30000000,22.60000000,33.10000000,0.28882200
2001-02-25T10:50:00,1,2,25,10,50,0.32900000,22.65000000,34.16500000,0.31512969
2001-02-25T11:00:00,1,2,25,11,0,0.35800000,22.70000000,35.23000000,0.34115324
2001-02-25T11:10:00,1,2,25,11,10,0.34950000,22.55000000,34.78250000,0.33377267
2001-02-25T11:20:00,1,2,25,11,20,0.34100000,22.40000000,34.33500000,0.32635712
2001-02-25T11:30:00,1,2,25,11,30,0.33250000,22.25000000,33.88750000,0.31890657
2001-02-25T11:40:00,1,2,25,11,40,0.32400000,22.10000000,33.44000000,0.31142102
2001-02-25T11:50:00,1,2,25,11,50,0.31550000,21.95000000,32.99250000,0.30390048
2001-02-25T12:00:00,1,2,25,12,0,0.30700000,21.80000000,32.54500000,0.29634495
2001-02-25T12:10:00,1,2,25,12,10,0.29000000,21.86666667,32.01666667,0.28063977
2001-02-25T12:20:00,1,2,25,12,20,0.27300000,21.93333333,31.48833333,0.26485195
2001-02-25T12:30:00,1,2,25,12,30,0.25600000,22.00000000,30.96000000,0.24898150
2001-02-25T12:40:00,1,2,25,12,40,0.23900000,22.06666667,30.43166667,0.23302843
2001-02-25T12:50:00,1,2,25,12,50,0.22200000,22.13333333,29.90333333,0.21699272
2001-02-25T13:00:00,1,2,25,13,0,0.20500000,22.20000000,29.37500000,0.20087437
2001-02-25T13:10:00,1,2,25,13,10,0.19633333,22.15000000,29.02166667,0.19270123
2001-02-25T13:20:00,1,2,25,13,20,0.18766667,22.10000000,28.66833333,0.18449992
2001-02-25T13:30:00,1,2,25,13,30,0.17900000,22.05000000,28.31500000,0.17627043
2001-02-25T13:40:00,1,2,25,13,40,0.17033333,22.00000000,27.96166667,0.16801277
2001-02-25T13:50:00,1,2,25,13,50,0.16166667,21.95000000,27.60833333,0.15972694
2001-02-25T14:00:00,1,2,25,14,0,0.15300000,21.90000000,27.25500000,0.15141293
2001-02-25T14:10:00,1,2,25,14,10,0.14500000,21.98333333,27.05833333,0.14362709
2001-02-25T14:20:00,1,2,25,14,20,0.13700000,22.06666667,26.86166667,0.13582678
2001-02-25T14:30:00,1,2,25,14,30,0.12900000,22.15000000,26.66500000,0.12801199
2001-02-25T14:40:00,1,2,25,14,40,0.12100000,22.23333333,26.46833333,0.12018273
2001-02-25T14:50:00,1,2,25,14,50,0.11300000,22.31666667,26.27166667,0.11233899
2001-02-25T15:00:00,1,2,25,15,0,0.10500000,22.40000000,26.07500000,0.10448077
2001-02-25T15:10:00,1,2,25,15,10,0.08800000,22.38333333,25.46333333,0.08781244
2001-02-25T15:20:00,1,2,25,15,20,0.07100000,22.36666667,24.85166667,0.07104845
2001-02-25T15:30:00,1,2,25,15,30,0.05400000,22.35000000,24.24000000,0.05418878
2001-02-25T15:40:00,1,2,25,15,40,0.03700000,22.33333333,23.62833333,0.03723346
2001-02-25T15:50:00,1,2,25,15,50,0.02000000,22.31666667,23.01666667,0.02018247
2001-02-25T16:00:00,1,2,25,16,0,0.00300000,22.30000000,22.40500000,0.00303581
2001-02-25T16:10:00,1,2,25,16,10,0.00900000,22.43333333,22.74833333,0.00909322
2001-02-25T16:20:00,1,2,25,16,20,0.01500000,22.56666667,23.09166667,0.01513167
2001-02-25T16:30:00,1,2,25,16,30,0.02100000,22.70000000,23.43500000,0.02115118
2001-02-25T16:40:00,1,2,25,16,40,0.02700000,22.83333333,23.77833333,0.02715173
2001-02-25T16:50:00,1,2,25,16,50,0.03300000,22.96666667,24.12166667,0.03313333
2001-02-25T17:00:00,1,2,25,17,0,0.03900000,23.10000000,24.46500000,0.03909598
2001-02-25T17:10:00,1,2,25,17,10,0.03250000,23.10000000,24.23750000,0.03261399
2001-02-25T17:20:00,1,2,25,17,20,0.02600000,23.10000000,24.01000000,0.02611840
2001-02-25T17:30:00,1,2,25,17,30,0.01950000,23.10000000,23.78250000,0.01960921
2001-02-25T17:40:00,1,2,25,17,40,0.01300000,23.10000000,23.55500000,0.01308641
2001-02-25T17:50:00,1,2,25,17,50,0.00650000,23.10000000,23.32750000,0.00655001
2001-02-25T18:00:00,1,2,25,18,0,0.00000000,23.10000000,23.10000000,0.00000000
2001-02-25T18:10:00,1,2,25,18,10,0.00000000,23.10000000,23.10000000,0.00000000
2001-02-25T18:20:00,1,2,25,18,20,0.00000000,23.10000000,23.10000000,0.00000000
2001-02-25T18:30:00,1,2,25,18,30,0.00000000,23.10000000,23.10000000,0.00000000
2001-02-25T18:40:00,1,2,25,18,40,0.00000000,23.10000000,23.10000000,0.00000000
2001-02-25T18:50:00,1,2,25,18,50,0.00000000,23.10000000,23.10000000,0.00000000
2001-02-25T19:00:00,1,2,25,19,0,0.00000000,23.10000000,23.10000000,0.00000000
2001-02-25T19:10:00,1,2,25,19,10,0.00000000,23.16666667,23.16666667,0.00000000
2001-02-25T19:20:00,1,2,25,19,20,0.00000000,23.23333333,23.23333333,0.00000000
2001-02-25T19:30:00,1,2,25,19,30,0.00000000,23.30000000,23.30000000,0.00000000
2001-02-25T19:40:00,1,2,25,19,40,0.00000000,23.36666667,23.36666667,0.00000000
2001-02-25T19:50:00,1,2,25,19,50,0.00000000,23.43333333,23.43333333,0.00000000
2001-02-25T20:00:00,1,2,25,20,0,0.00000000,23.50000000,23.50000000,0.00000000
2001-02-25T20:10:00,1,2,25,20,10,0.00000000,23.48333333,23.48333333,0.00000000
2001-02-25T20:20:00,1,2,25,20,20,0.00000000,23.46666667,23.46666667,0.00000000
2001-02-25T20:30:00,1,2,25,20,30,0.00000000,23.45000000,23.45000000,0.00000000
2001-02-25T20:40:00,1,2,25,20,40,0.00000000,23.43333333,23.43333333,0.00000000
2001-02-25T20:50:00,1,2,25,20,50,0.00000000,23.41666667,23.41666667,0.00000000
2001-02-25T21:00:00,1,2,25,21,0,0.00000000,23.40000000,23.40000000,0.00000000
2001-02-25T21:10:00,1,2,25,21,10,0.00000000,23.30000000,23.30000000,0.00000000
2001-02-25T21:20:00,1,2,25,21,20,0.00000000,23.20000000,23.20000000,0.00000000
2001-02-25T21:30:00,1,2,25,21,30,0.00000000,23.10000000,23.10000000,0.00000000
2001-02-25T21:40:00,1,2,25,21,40,0.00000000,23.00000000,23.00000000,0.00000000
2001-02-25T21:50:00,1,2,25,21,50,0.00000000,22.90000000,22.90000000,0.00000000
2001-02-25T22:00:00,1,2,25,22,0,0.00000000,22.80000000,22.80000000,0.00000000
2001-02-25T22:10:00,1,2,25,22,10,0.00000000,22.93333333,22.93333333,0.00000000
2001-02-25T22:20:00,1,2,25,22,20,0.00000000,23.06666667,23.06666667,0.00000000
2001-02-25T22:30:00,1,2,25,22,30,0.00000000,23.20000000,23.20000000,0.00000000
2001-02-25T22:40:00,1,2,25,22,40,0.00000000,23.33333333,23.33333333,0.00000000
2001-02-25T22:50:00,1,2,25,22,50,0.00000000,23.46666667,23.46666667,0.00000000
2001-02-25T23:00:00,1,2,25,23,0,0.00000000,23.60000000,23.60000000,0.00000000
2001-02-25T23:10:00,1,2,25,23,10,0.00000000,23.55000000,23.55000000,0.00000000
2001-02-25T23:20:00,1,2,25,23,20,0.00000000,23.50000000,23.50000000,0.00000000
2001-02-25T23:30:00,1,2,25,23,30,0.00000000,23.45000000,23.45000000,0.00000000
2001-02-25T23:40:00,1,2,25,23,40,0.00000000,23.40000000,23.40000000,0.00000000
2001-02-25T23:50:00,1,2,25,23,50,0.00000000,23.35000000,23.35000000,0.00000000
2001-02-26T00:00:00,1,2,26,0,0,0.00000000,23.30000000,23.30000000,0.00000000
2001-02-26T00:10:00,1,2,26,0,10,0.00000000,23.33333333,23.33333333,0.00000000
2001-02-26T00:20:00,1,2,26,0,20,0.00000000,23.36666667,23.36666667,0.00000000
2001-02-26T00:30:00,1,2,26,0,30,0.00000000,23.40000000,23.40000000,0.00000000
2001-02-26T00:40:00,1,2,26,0,40,0.00000000,23.43333333,23.43333333,0.00000000
2001-02-26T00:50:00,1,2,26,0,50,0.00000000,23.46666667,23.46666667,0.00000000
2001-02-26T01:00:00,1,2,26,1,0,0.00000000,23.50000000,23.50000000,0.00000000
2001-02-26T01:10:00,1,2,26,1,10,0.00000000,23.36666667,23.36666667,0.00000000
2001-02-26T01:20:00,1,2,26,1,20,0.00000000,23.23333333,23.23333333,0.00000000
2001-02-26T01:30:00,1,2,26,1,30,0.00000000,23.10000000,23.10000000,0.00000000
2001-02-26T01:40:00,1,2,26,1,40,0.00000000,22.96666667,22.96666667,0.00000000
2001-02-26T01:50:00,1,2,26,1,50,0.00000000,22.83333333,22.83333333,0.00000000
2001-02-26T02:00:00,1,2,26,2,0,0.00000000,22.70000000,22.70000000,0.00000000
2001-02-26T02:10:00,1,2,26,2,10,0.00000000,22.83333333,22.83333333,0.00000000
2001-02-26T02:20:00,1,2,26,2,20,0.00000000,22.96666667,22.96666667,0.00000000
2001-02-26T02:30:00,1,2,26,2,30,0.00000000,23.10000000,23.10000000,0.00000000
2001-02-26T02:40:00,1,2,26,2,40,0.00000000,23.23333333,23.23333333,0.00000000
2001-02-26T02:50:00,1,2,26,2,50,0.00000000,23.36666667,23.36666667,0.00000000
2001-02-26T03:00:00,1,2,26,3,0,0.00000000,23.50000000,23.50000000,0.00000000
2001-02-26T03:10:00,1,2,26,3,10,0.00000000,23.38333333,23.38333333,0.00000000
2001-02-26T03:20:00,1,2,26,3,20,0.00000000,23.26666667,23.26666667,0.00000000
2001-02-26T03:30:00,1,2,26,3,30,0.00000000,23.15000000,23.15000000,0.00000000
2001-02-26T03:40:00,1,2,26,3,40,0.00000000,23.03333333,23.03333333,0.00000000
2001-02-26T03:50:00,1,2,26,3,50,0.00000000,22.91666667,22.91666667,0.00000000
2001-02-26T04:00:00,1,2,26,4,0,0.00000000,22.80000000,22.80000000,0.00000000
2001-02-26T04:10:00,1,2,26,4,10,0.00000000,22.81666667,22.81666667,0.00000000
2001-02-26T04:20:00,1,2,26,4,20,0.00000000,22.83333333,22.83333333,0.00000000
2001-02-26T04:30:00,1,2,26,4,30,0.00000000,22.85000000,22.85000000,0.00000000
2001-02-26T04:40:00,1,2,26,4,40,0.00000000,22.86666667,22.86666667,0.00000000
2001-02-26T04:50:00,1,2,26,4,50,0.00000000,22.88333333,22.88333333,0.00000000
2001-02-26T05:00:00,1,2,26,5,0,0.00000000,22.90000000,22.90000000,0.00000000
2001-02-26T05:10:00,1,2,26,5,10,0.00116667,22.90000000,22.94083333,0.00117772
2001-02-26T05:20:00,1,2,26,5,20,0.00233333,22.90000000,22.98166667,0.00235500
2001-02-26T05:30:00,1,2,26,5,30,0.00350000,22.90000000,23.02250000,0.00353184
2001-02-26T05:40:00,1,2,26,5,40,0.00466667,22.90000000,23.06333333,0.00470824
2001-02-26T05:50:00,1,2,26,5,50,0.00583333,22.90000000,23.10416667,0.00588420
2001-02-26T06:00:00,1,2,26,6,0,0.00700000,22.90000000,23.14500000,0.00705973
2001-02-26T06:10:00,1,2,26,6,10,0.01516667,22.90000000,23.43083333,0.01527614
2001-02-26T06:20:00,1,2,26,6,20,0.02333333,22.90000000,23.71666667,0.02347108
2001-02-26T06:30:00,1,2,26,6,30,0.03150000,22.90000000,24.00250000,0.03164454
2001-02-26T06:40:00,1,2,26,6,40,0.03966667,22.90000000,24.28833333,0.03979652
2001-02-26T06:50:00,1,2,26,6,50,0.04783333,22.90000000,24.57416667,0.04792703
2001-02-26T07:00:00,1,2,26,7,0,0.05600000,22.90000000,24.86000000,0.05603606
2001-02-26T07:10:00,1,2,26,7,10,0.06200000,23.03333333,25.20333333,0.06194201
2001-02-26T07:20:00,1,2,26,7,20,0.06800000,23.16666667,25.54666667,0.06782900
2001-02-26T07:30:00,1,2,26,7,30,0.07400000,23.30000000,25.89000000,0.07369704
2001-02-26T07:40:00,1,2,26,7,40,0.08000000,23.43333333,26.23333333,0.07954613
2001-02-26T07:50:00,1,2,26,7,50,0.08600000,23.56666667,26.57666667,0.08537627
2001-02-26T08:00:00,1,2,26,8,0,0.09200000,23.70000000,26.92000000,0.09118746
2001-02-26T08:10:00,1,2,26,8,10,0.08666667,23.70000000,26.73333333,0.08597564
2001-02-26T08:20:00,1,2,26,8,20,0.08133333,23.70000000,26.54666667,0.08075467
2001-02-26T08:30:00,1,2,26,8,30,0.07600000,23.70000000,26.36000000,0.07552454
2001-02-26T08:40:00,1,2,26,8,40,0.07066667,23.70000000,26.17333333,0.07028526
2001-02-26T08:50:00,1,2,26,8,50,0.06533333,23.70000000,25.98666667,0.06503681
2001-02-26T09:00:00,1,2,26,9,0,0.06000000,23.70000000,25.80000000,0.05977920
2001-02-26T09:10:00,1,2,26,9,10,0.08266667,23.71666667,26.61000000,0.08205444
2001-02-26T09:20:00,1,2,26,9,20,0.10533333,23.73333333,27.42000000,0.10416076
2001-02-26T09:30:00,1,2,26,9,30,0.12800000,23.75000000,28.23000000,0.12609818
2001-02-26T09:40:00,1,2,26,9,40,0.15066667,23.76666667,29.04000000,0.14786668
2001-02-26T09:50:00,1,2,26,9,50,0.17333333,23.78333333,29.85000000,0.16946627
2001-02-26T10:00:00,1,2,26,10,0,0.19600000,23.80000000,30.66000000,0.19089694
2001-02-26T10:10:00,1,2,26,10,10,0.19883333,23.90000000,30.85916667,0.19347434
2001-02-26T10:20:00,1,2,26,10,20,0.20166667,24.00000000,31.05833333,0.19604655
2001-02-26T10:30:00,1,2,26,10,30,0.20450000,24.10000000,31.25750000,0.19861357
2001-02-26T10:40:00,1,2,26,10,40,0.20733333,24.20000000,31.45666667,0.20117540
2001-02-26T10:50:00,1,2,26,10,50,0.21016667,24.30000000,31.65583333,0.20373203
2001-02-26T11:00:00,1,2,26,11,0,0.21300000,24.40000000,31.85500000,0.20628347
2001-02-26T11:10:00,1,2,26,11,10,0.21900000,24.31666667,31.98166667,0.21196667
2001-02-26T11:20:00,1,2,26,11,20,0.22500000,24.23333333,32.10833333,0.21764288
2001-02-26T11:30:00,1,2,26,11,30,0.23100000,24.15000000,32.23500000,0.22331209
2001-02-26T11:40:00,1,2,26,11,40,0.23700000,24.06666667,32.36166667,0.22897431
2001-02-26T11:50:00,1,2,26,11,50,0.24300000,23.98333333,32.48833333,0.23462954
2001-02-26T12:00:00,1,2,26,12,0,0.24900000,23.90000000,32.61500000,0.24027778
2001-02-26T12:10:00,1,2,26,12,10,0.23833333,24.06666667,32.40833333,0.23021133
2001-02-26T12:20:00,1,2,26,12,20,0.22766667,24.23333333,32.20166667,0.22012460
2001-02-26T12:30:00,1,2,26,12,30,0.21700000,24.40000000,31.99500000,0.21001759
2001-02-26T12:40:00,1,2,26,12,40,0.20633333,24.56666667,31.78833333,0.19989030
2001-02-26T12:50:00,1,2,26,12,50,0.19566667,24.73333333,31.58166667,0.18974273
2001-02-26T13:00:00,1,2,26,13,0,0.18500000,24.90000000,31.37500000,0.17957487
2001-02-26T13:10:00,1,2,26,13,10,0.20583333,24.78333333,31.98750000,0.19921734
2001-02-26T13:20:00,1,2,26,13,20,0.22666667,24.66666667,32.60000000,0.21874240
2001-02-26T13:30:00,1,2,26,13,30,0.24750000,24.55000000,33.21250000,0.23815007
2001-02-26T13:40:00,1,2,26,13,40,0.26833333,24.43333333,33.82500000,0.25744034
2001-02-26T13:50:00,1,2,26,13,50,0.28916667,24.31666667,34.43750000,0.27661322
2001-02-26T14:00:00,1,2,26,14,0,0.31000000,24.20000000,35.05000000,0.29566870
2001-02-26T14:10:00,1,2,26,14,10,0.29016667,24.38333333,34.53916667,0.27743410
2001-02-26T14:20:00,1,2,26,14,20,0.27033333,24.56666667,34.02833333,0.25910630
2001-02-26T14:30:00,1,2,26,14,30,0.25050000,24.75000000,33.51750000,0.24068528
2001-02-26T14:40:00,1,2,26,14,40,0.23066667,24.93333333,33.00666667,0.22217106
2001-02-26T14:50:00,1,2,26,14,50,0.21083333,25.11666667,32.49583333,0.20356362
2001-02-26T15:00:00,1,2,26,15,0,0.19100000,25.30000000,31.98500000,0.18486298
2001-02-26T15:10:00,1,2,26,15,10,0.16350000,25.11666667,30.83916667,0.15910836
2001-02-26T15:20:00,1,2,26,15,20,0.13600000,24.93333333,29.69333333,0.13306385
2001-02-26T15:30:00,1,2,26,15,30,0.10850000,24.75000000,28.54750000,0.10672944
2001-02-26T15:40:00,1,2,26,15,40,0.08100000,24.56666667,27.40166667,0.08010514
2001-02-26T15:50:00,1,2,26,15,50,0.05350000,24.38333333,26.25583333,0.05319094
2001-02-26T16:00:00,1,2,26,16,0,0.02600000,24.20000000,25.11000000,0.02598684
2001-02-26T16:10:00,1,2,26,16,10,0.03183333,24.15000000,25.26416667,0.03179465
2001-02-26T16:20:00,1,2,26,16,20,0.03766667,24.10000000,25.41833333,0.03759418
2001-02-26T16:30:00,1,2,26,16,30,0.04350000,24.05000000,25.57250000,0.04338544
2001-02-26T16:40:00,1,2,26,16,40,0.04933333,24.00000000,25.72666667,0.04916843
2001-02-26T16:50:00,1,2,26,16,50,0.05516667,23.95000000,25.88083333,0.05494314
2001-02-26T17:00:00,1,2,26,17,0,0.06100000,23.90000000,26.03500000,0.06070958
2001-02-26T17:10:00,1,2,26,17,10,0.05083333,23.78333333,25.56250000,0.05070180
2001-02-26T17:20:00,1,2,26,17,20,0.04066667,23.66666667,25.09000000,0.04064983
2001-02-26T17:30:00,1,2,26,17,30,0.03050000,23.55000000,24.61750000,0.03055366
2001-02-26T17:40:00,1,2,26,17,40,0.02033333,23.43333333,24.14500000,0.02041330
2001-02-26T17:50:00,1,2,26,17,50,0.01016667,23.31666667,23.67250000,0.01022875
2001-02-26T18:00:00,1,2,26,18,0,0.00000000,23.20000000,23.20000000,0.00000000
2001-02-26T18:10:00,1,2,26,18,10,0.00000000,23.26666667,23.26666667,0.00000000
2001-02-26T18:20:00,1,2,26,18,20,0.00000000,23.33333333,23.33333333,0.00000000
2001-02-26T18:30:00,1,2,26,18,30,0.00000000,23.40000000,23.40000000,0.00000000
2001-02-26T18:40:00,1,2,26,18,40,0.00000000,23.46666667,23.46666667,0.00000000
2001-02-26T18:50:00,1,2,26,18,50,0.00000000,23.53333333,23.53333333,0.00000000
2001-02-26T19:00:00,1,2,26,19,0,0.00000000,23.60000000,23.60000000,0.00000000
2001-02-26T19:10:00,1,2,26,19,10,0.00000000,23.60000000,23.60000000,0.00000000
2001-02-26T19:20:00,1,2,26,19,20,0.00000000,23.60000000,23.60000000,0.00000000
2001-02-26T19:30:00,1,2,26,19,30,0.00000000,23.60000000,23.60000000,0.00000000
2001-02-26T19:40:00,1,2,26,19,40,0.00000000,23.60000000,23.60000000,0.00000000
2001-02-26T19:50:00,1,2,26,19,50,0.00000000,23.60000000,23.60000000,0.00000000
2001-02-26T20:00:00,1,2,26,20,0,0.00000000,23.60000000,23.60000000,0.00000000
2001-02-26T20:10:00,1,2,26,20,10,0.00000000,23.51666667,23.51666667,0.00000000
2001-02-26T20:20:00,1,2,26,20,20,0.00000000,23.43333333,23.43333333,0.00000000
2001-02-26T20:30:00,1,2,26,20,30,0.00000000,23.35000000,23.35000000,0.00000000
2001-02-26T20:40:00,1,2,26,20,40,0.00000000,23.26666667,23.26666667,0.00000000
2001-02-26T20:50:00,1,2,26,20,50,0.00000000,23.18333333,23.18333333,0.00000000
2001-02-26T21:00:00,1,2,26,21,0,0.00000000,23.10000000,23.10000000,0.00000000
2001-02-26T21:10:00,1,2,26,21,10,0.00000000,23.06666667,23.06666667,0.00000000
2001-02-26T21:20:00,1,2,26,21,20,0.00000000,23.03333333,23.03333333,0.00000000
2001-02-26T21:30:00,1,2,26,21,30,0.00000000,23.00000000,23.00000000,0.00000000
2001-02-26T21:40:00,1,2,26,21,40,0.00000000,22.96666667,22.96666667,0.00000000
2001-02-26T21:50:00,1,2,26,21,50,0.00000000,22.93333333,22.93333333,0.00000000
2001-02-26T22:00:00,1,2,26,22,0,0.00000000,22.90000000,22.90000000,0.00000000
2001-02-26T22:10:00,1,2,26,22,10,0.00000000,23.06666667,23.06666667,0.00000000
2001-02-26T22:20:00,1,2,26,22,20,0.00000000,23.23333333,23.23333333,0.00000000
2001-02-26T22:30:00,1,2,26,22,30,0.00000000,23.40000000,23.40000000,0.00000000
2001-02-26T22:40:00,1,2,26,22,40,0.00000000,23.56666667,23.56666667,0.00000000
2001-02-26T22:50:00,1,2,26,22,50,0.00000000,23.73333333,23.73333333,0.00000000
2001-02-26T23:00:00,1,2,26,23,0,0.00000000,23.90000000,23.90000000,0.00000000
2001-02-26T23:10:00,1,2,26,23,10,0.00000000,23.46666667,23.46666667,0.00000000
2001-02-26T23:20:00,1,2,26,23,20,0.00000000,23.03333333,23.03333333,0.00000000
2001-02-26T23:30:00,1,2,26,23,30,0.00000000,22.60000000,22.60000000,0.00000000
2001-02-26T23:40:00,1,2,26,23,40,0.00000000,22.16666667,22.16666667,0.00000000
2001-02-26T23:50:00,1,2,26,23,50,0.00000000,21.73333333,21.73333333,0.00000000
2001-02-27T00:00:00,1,2,27,0,0,0.00000000,21.30000000,21.30000000,0.00000000
2001-02-27T00:10:00,1,2,27,0,10,0.00000000,21.23333333,21.23333333,0.00000000
2001-02-27T00:20:00,1,2,27,0,20,0.00000000,21.16666667,21.16666667,0.00000000
2001-02-27T00:30:00,1,2,27,0,30,0.00000000,21.10000000,21.10000000,0.00000000
2001-02-27T00:40:00,1,2,27,0,40,0.00000000,21.03333333,21.03333333,0.00000000
2001-02-27T00:50:00,1,2,27,0,50,0.00000000,20.96666667,20.96666667,0.00000000
2001-02-27T01:00:00,1,2,27,1,0,0.00000000,20.90000000,20.90000000,0.00000000
2001-02-27T01:10:00,1,2,27,1,10,0.00000000,20.88333333,20.88333333,0.00000000
2001-02-27T01:20:00,1,2,27,1,20,0.00000000,20.86666667,20.86666667,0.00000000
2001-02-27T01:30:00,1,2,27,1,30,0.00000000,20.85000000,20.85000000,0.00000000
2001-02-27T01:40:00,1,2,27,1,40,0.00000000,20.83333333,20.83333333,0.00000000
2001-02-27T01:50:00,1,2,27,1,50,0.00000000,20.81666667,20.81666667,0.00000000
2001-02-27T02:00:00,1,2,27,2,0,0.00000000,20.80000000,20.80000000,0.00000000
2001-02-27T02:10:00,1,2,27,2,10,0.00000000,20.75000000,20.75000000,0.00000000
2001-02-27T02:20:00,1,2,27,2,20,0.00000000,20.70000000,20.70000000,0.00000000
2001-02-27T02:30:00,1,2,27,2,30,0.00000000,20.65000000,20.65000000,0.00000000
2001-02-27T02:40:00,1,2,27,2,40,0.00000000,20.60000000,20.60000000,0.00000000
2001-02-27T02:50:00,1,2,27,2,50,0.00000000,20.55000000,20.55000000,0.00000000
2001-02-27T03:00:00,1,2,27,3,0,0.00000000,20.50000000,20.50000000,0.00000000
2001-02-27T03:10:00,1,2,27,3,10,0.00000000,20.51666667,20.51666667,0.00000000
2001-02-27T03:20:00,1,2,27,3,20,0.00000000,20.53333333,20.53333333,0.00000000
2001-02-27T03:30:00,1,2,27,3,30,0.00000000,20.55000000,20.55000000,0.00000000
2001-02-27T03:40:00,1,2,27,3,40,0.00000000,20.56666667,20.56666667,0.00000000
2001-02-27T03:50:00,1,2,27,3,50,0.00000000,20.58333333,20.58333333,0.00000000
2001-02-27T04:00:00,1,2,27,4,0,0.00000000,20.60000000,20.60000000,0.00000000
2001-02-27T04:10:00,1,2,27,4,10,0.00000000,20.53333333,20.53333333,0.00000000
2001-02-27T04:20:00,1,2,27,4,20,0.00000000,20.46666667,20.46666667,0.00000000
2001-02-27T04:30:00,1,2,27,4,30,0.00000000,20.40000000,20.40000000,0.00000000
2001-02-27T04:40:00,1,2,27,4,40,0.00000000,20.33333333,20.33333333,0.00000000
2001-02-27T04:50:00,1,2,27,4,50,0.00000000,20.26666667,20.26666667,0.00000000
2001-02-27T05:00:00,1,2,27,5,0,0.00000000,20.20000000,20.20000000,0.00000000
2001-02-27T05:10:00,1,2,27,5,10,0.01950000,20.18333333,20.86583333,0.01987083
2001-02-27T05:20:00,1,2,27,5,20,0.03900000,20.16666667,21.53166667,0.03962222
2001-02-27T05:30:00,1,2,27,5,30,0.05850000,20.15000000,22.19750000,0.05925415
2001-02-27T05:40:00,1,2,27,5,40,0.07800000,20.13333333,22.86333333,0.07876664
2001-02-27T05:50:00,1,2,27,5,50,0.09750000,20.11666667,23.52916667,0.09815967
2001-02-27T06:00:00,1,2,27,6,0,0.11700000,20.10000000,24.19500000,0.11743325
2001-02-27T06:10:00,1,2,27,6,10,0.15566667,20.36666667,25.81500000,0.15508307
2001-02-27T06:20:00,1,2,27,6,20,0.19433333,20.63333333,27.43500000,0.19215661
2001-02-27T06:30:00,1,2,27,6,30,0.23300000,20.90000000,29.05500000,0.22865385
2001-02-27T06:40:00,1,2,27,6,40,0.27166667,21.16666667,30.67500000,0.26457481
2001-02-27T06:50:00,1,2,27,6,50,0.31033333,21.43333333,32.29500000,0.29991948
2001-02-27T07:00:00,1,2,27,7,0,0.34900000,21.70000000,33.91500000,0.33468786
2001-02-27T07:10:00,1,2,27,7,10,0.37250000,22.05000000,35.08750000,0.35521507
2001-02-27T07:20:00,1,2,27,7,20,0.39600000,22.40000000,36.26000000,0.37548878
2001-02-27T07:30:00,1,2,27,7,30,0.41950000,22.75000000,37.43250000,0.39550900
2001-02-27T07:40:00,1,2,27,7,40,0.44300000,23.10000000,38.60500000,0.41527573
2001-02-27T07:50:00,1,2,27,7,50,0.46650000,23.45000000,39.77750000,0.43478896
2001-02-27T08:00:00,1,2,27,8,0,0.49000000,23.80000000,40.95000000,0.45404870
2001-02-27T08:10:00,1,2,27,8,10,0.52733333,24.05000000,42.50666667,0.48486683
2001-02-27T08:20:00,1,2,27,8,20,0.56466667,24.30000000,44.06333333,0.51515029
2001-02-27T08:30:00,1,2,27,8,30,0.60200000,24.55000000,45.62000000,0.54489910
2001-02-27T08:40:00,1,2,27,8,40,0.63933333,24.80000000,47.17666667,0.57411324
2001-02-27T08:50:00,1,2,27,8,50,0.67666667,25.05000000,48.73333333,0.60279271
2001-02-27T09:00:00,1,2,27,9,0,0.71400000,25.30000000,50.29000000,0.63093752
2001-02-27T09:10:00,1,2,27,9,10,0.73233333,25.61666667,51.24833333,0.64390970
2001-02-27T09:20:00,1,2,27,9,20,0.75066667,25.93333333,52.20666667,0.65672023
2001-02-27T09:30:00,1,2,27,9,30,0.76900000,26.25000000,53.16500000,0.66936913
2001-02-27T09:40:00,1,2,27,9,40,0.78733333,26.56666667,54.12333333,0.68185639
2001-02-27T09:50:00,1,2,27,9,50,0.80566667,26.88333333,55.08166667,0.69418200
2001-02-27T10:00:00,1,2,27,10,0,0.82400000,27.20000000,56.04000000,0.70634598
2001-02-27T10:10:00,1,2,27,10,10,0.86283333,27.45000000,57.64916667,0.73324770
2001-02-27T10:20:00,1,2,27,10,20,0.90166667,27.70000000,59.25833333,0.75957452
2001-02-27T10:30:00,1,2,27,10,30,0.94050000,27.95000000,60.86750000,0.78532643
2001-02-27T10:40:00,1,2,27,10,40,0.97933333,28.20000000,62.47666667,0.81050345
2001-02-27T10:50:00,1,2,27,10,50,1.01816667,28.45000000,64.08583333,0.83510556
2001-02-27T11:00:00,1,2,27,11,0,1.05700000,28.70000000,65.69500000,0.85913277
2001-02-27T11:10:00,1,2,27,11,10,1.03066667,29.01666667,65.09000000,0.84059730
2001-02-27T11:20:00,1,2,27,11,20,1.00433333,29.33333333,64.48500000,0.82191527
2001-02-27T11:30:00,1,2,27,11,30,0.97800000,29.65000000,63.88000000,0.80308666
2001-02-27T11:40:00,1,2,27,11,40,0.95166667,29.96666667,63.27500000,0.78411148
2001-02-27T11:50:00,1,2,27,11,50,0.92533333,30.28333333,62.67000000,0.76498972
2001-02-27T12:00:00,1,2,27,12,0,0.89900000,30.60000000,62.06500000,0.74572140
2001-02-27T12:10:00,1,2,27,12,10,0.88666667,30.38333333,61.41666667,0.73813522
2001-02-27T12:20:00,1,2,27,12,20,0.87433333,30.16666667,60.76833333,0.73047548
2001-02-27T12:30:00,1,2,27,12,30,0.86200000,29.95000000,60.12000000,0.72274218
2001-02-27T12:40:00,1,2,27,12,40,0.84966667,29.73333333,59.47166667,0.71493531
2001-02-27T12:50:00,1,2,27,12,50,0.83733333,29.51666667,58.82333333,0.70705487
2001-02-27T13:00:00,1,2,27,13,0,0.82500000,29.30000000,58.17500000,0.69910087
2001-02-27T13:10:00,1,2,27,13,10,0.81383333,29.25000000,57.73416667,0.69128862
2001-02-27T13:20:00,1,2,27,13,20,0.80266667,29.20000000,57.29333333,0.68343107
2001-02-27T13:30:00,1,2,27,13,30,0.79150000,29.15000000,56.85250000,0.67552823
2001-02-27T13:40:00,1,2,27,13,40,0.78033333,29.10000000,56.41166667,0.66758011
2001-02-27T13:50:00,1,2,27,13,50,0.76916667,29.05000000,55.97083333,0.65958670
2001-02-27T14:00:00,1,2,27,14,0,0.75800000,29.00000000,55.53000000,0.65154800
2001-02-27T14:10:00,1,2,27,14,10,0.71650000,29.03333333,54.11083333,0.62055360
2001-02-27T14:20:00,1,2,27,14,20,0.67500000,29.06666667,52.69166667,0.58901738
2001-02-27T14:30:00,1,2,27,14,30,0.63350000,29.10000000,51.27250000,0.55693931
2001-02-27T14:40:00,1,2,27,14,40,0.59200000,29.13333333,49.85333333,0.52431940
2001-02-27T14:50:00,1,2,27,14,50,0.55050000,29.16666667,48.43416667,0.49115766
2001-02-27T15:00:00,1,2,27,15,0,0.50900000,29.20000000,47.01500000,0.45745408
2001-02-27T15:10:00,1,2,27,15,10,0.48816667,28.88333333,45.96916667,0.44107900
2001-02-27T15:20:00,1,2,27,15,20,0.46733333,28.56666667,44.92333333,0.42450348
2001-02-27T15:30:00,1,2,27,15,30,0.44650000,28.25000000,43.87750000,0.40772750
2001-02-27T15:40:00,1,2,27,15,40,0.42566667,27.93333333,42.83166667,0.39075107
2001-02-27T15:50:00,1,2,27,15,50,0.40483333,27.61666667,41.78583333,0.37357419
2001-02-27T16:00:00,1,2,27,16,0,0.38400000,27.30000000,40.74000000,0.35619686
2001-02-27T16:10:00,1,2,27,16,10,0.34250000,27.10000000,39.08750000,0.32030514
2001-02-27T16:20:00,1,2,27,16,20,0.30100000,26.90000000,37.43500000,0.28378250
2001-02-27T16:30:00,1,2,27,16,30,0.25950000,26.70000000,35.78250000,0.24662893
2001-02-27T16:40:00,1,2,27,16,40,0.21800000,26.50000000,34.13000000,0.20884444
2001-02-27T16:50:00,1,2,27,16,50,0.17650000,26.30000000,32.47750000,0.17042902
2001-02-27T17:00:00,1,2,27,17,0,0.13500000,26.10000000,30.82500000,0.13138268
2001-02-27T17:10:00,1,2,27,17,10,0.11250000,25.83333333,29.77083333,0.11003109
2001-02-27T17:20:00,1,2,27,17,20,0.09000000,25.56666667,28.71666667,0.08846130
2001-02-27T17:30:00,1,2,27,17,30,0.06750000,25.30000000,27.66250000,0.06667329
2001-02-27T17:40:00,1,2,27,17,40,0.04500000,25.03333333,26.60833333,0.04466708
2001-02-27T17:50:00,1,2,27,17,50,0.02250000,24.76666667,25.55416667,0.02244264
2001-02-27T18:00:00,1,2,27,18,0,0.00000000,24.50000000,24.50000000,0.00000000
2001-02-27T18:10:00,1,2,27,18,10,0.00000000,24.35000000,24.35000000,0.00000000
2001-02-27T18:20:00,1,2,27,18,20,0.00000000,24.20000000,24.20000000,0.00000000
2001-02-27T18:30:00,1,2,27,18,30,0.00000000,24.05000000,24.05000000,0.00000000
2001-02-27T18:40:00,1,2,27,18,40,0.00000000,23.90000000,23.90000000,0.00000000
2001-02-27T18:50:00,1,2,27,18,50,0.00000000,23.75000000,23.75000000,0.00000000
2001-02-27T19:00:00,1,2,27,19,0,0.00000000,23.60000000,23.60000000,0.00000000
2001-02-27T19:10:00,1,2,27,19,10,0.00000000,23.50000000,23.50000000,0.00000000
2001-02-27T19:20:00,1,2,27,19,20,0.00000000,23.40000000,23.40000000,0.00000000
2001-02-27T19:30:00,1,2,27,19,30,0.00000000,23.30000000,23.30000000,0.00000000
2001-02-27T19:40:00,1,2,27,19,40,0.00000000,23.20000000,23.20000000,0.00000000
2001-02-27T19:50:00,1,2,27,19,50,0.00000000,23.10000000,23.10000000,0.00000000
2001-02-27T20:00:00,1,2,27,20,0,0.00000000,23.00000000,23.00000000,0.00000000
2001-02-27T20:10:00,1,2,27,20,10,0.00000000,22.93333333,22.93333333,0.00000000
2001-02-27T20:20:00,1,2,27,20,20,0.00000000,22.86666667,22.86666667,0.00000000
2001-02-27T20:30:00,1,2,27,20,30,0.00000000,22.80000000,22.80000000,0.00000000
2001-02-27T20:40:00,1,2,27,20,40,0.00000000,22.73333333,22.73333333,0.00000000
2001-02-27T20:50:00,1,2,27,20,50,0.00000000,22.66666667,22.66666667,0.00000000
2001-02-27T21:00:00,1,2,27,21,0,0.00000000,22.60000000,22.60000000,0.00000000
2001-02-27T21:10:00,1,2,27,21,10,0.00000000,22.46666667,22.46666667,0.00000000
2001-02-27T21:20:00,1,2,27,21,20,0.00000000,22.33333333,22.33333333,0.00000000
2001-02-27T21:30:00,1,2,27,21,30,0.00000000,22.20000000,22.20000000,0.00000000
2001-02-27T21:40:00,1,2,27,21,40,0.00000000,22.06666667,22.06666667,0.00000000
2001-02-27T21:50:00,1,2,27,21,50,0.00000000,21.93333333,21.93333333,0.00000000
2001-02-27T22:00:00,1,2,27,22,0,0.00000000,21.80000000,21.80000000,0.00000000
2001-02-27T22:10:00,1,2,27,22,10,0.00000000,21.70000000,21.70000000,0.00000000
2001-02-27T22:20:00,1,2,27,22,20,0.00000000,21.60000000,21.60000000,0.00000000
2001-02-27T22:30:00,1,2,27,22,30,0.00000000,21.50000000,21.50000000,0.00000000
2001-02-27T22:40:00,1,2,27,22,40,0.00000000,21.40000000,21.40000000,0.00000000
2001-02-27T22:50:00,1,2,27,22,50,0.00000000,21.30000000,21.30000000,0.00000000
2001-02-27T23:00:00,1,2,27,23,0,0.00000000,21.20000000,21.20000000,0.00000000
2001-02-27T23:10:00,1,2,27,23,10,0.00000000,21.13333333,21.13333333,0.00000000
2001-02-27T23:20:00,1,2,27,23,20,0.00000000,21.06666667,21.06666667,0.00000000
2001-02-27T23:30:00,1,2,27,23,30,0.00000000,21.00000000,21.00000000,0.00000000
2001-02-27T23:40:00,1,2,27,23,40,0.00000000,20.93333333,20.93333333,0.00000000
2001-02-27T23:50:00,1,2,27,23,50,0.00000000,20.86666667,20.86666667,0.00000000
2001-02-28T00:00:00,1,2,28,0,0,0.00000000,20.80000000,20.80000000,0.00000000
2001-02-28T00:10:00,1,2,28,0,10,0.00000000,20.88333333,20.88333333,0.00000000
2001-02-28T00:20:00,1,2,28,0,20,0.00000000,20.96666667,20.96666667,0.00000000
2001-02-28T00:30:00,1,2,28,0,30,0.00000000,21.05000000,21.05000000,0.00000000
2001-02-28T00:40:00,1,2,28,0,40,0.00000000,21.13333333,21.13333333,0.00000000
2001-02-28T00:50:00,1,2,28,0,50,0.00000000,21.21666667,21.21666667,0.00000000
2001-02-28T01:00:00,1,2,28,1,0,0.00000000,21.30000000,21.30000000,0.00000000
2001-02-28T01:10:00,1,2,28,1,10,0.00000000,21.11666667,21.11666667,0.00000000
2001-02-28T01:20:00,1,2,28,1,20,0.00000000,20.93333333,20.93333333,0.00000000
2001-02-28T01:30:00,1,2,28,1,30,0.00000000,20.75000000,20.75000000,0.00000000
2001-02-28T01:40:00,1,2,28,1,40,0.00000000,20.56666667,20.56666667,0.00000000
2001-02-28T01:50:00,1,2,28,1,50,0.00000000,20.38333333,20.38333333,0.00000000
2001-02-28T02:00:00,1,2,28,2,0,0.00000000,20.20000000,20.20000000,0.00000000
2001-02-28T02:10:00,1,2,28,2,10,0.00000000,20.26666667,20.26666667,0.00000000
2001-02-28T02:20:00,1,2,28,2,20,0.00000000,20.33333333,20.33333333,0.00000000
2001-02-28T02:30:00,1,2,28,2,30,0.00000000,20.40000000,20.40000000,0.00000000
2001-02-28T02:40:00,1,2,28,2,40,0.00000000,20.46666667,20.46666667,0.00000000
2001-02-28T02:50:00,1,2,28,2,50,0.00000000,20.53333333,20.53333333,0.00000000
2001-02-28T03:00:00,1,2,28,3,0,0.00000000,20.60000000,20.60000000,0.00000000
2001-02-28T03:10:00,1,2,28,3,10,0.00000000,20.61666667,20.61666667,0.00000000
2001-02-28T03:20:00,1,2,28,3,20,0.00000000,20.63333333,20.63333333,0.00000000
2001-02-28T03:30:00,1,2,28,3,30,0.00000000,20.65000000,20.65000000,0.00000000
2001-02-28T03:40:00,1,2,28,3,40,0.00000000,20.66666667,20.66666667,0.00000000
2001-02-28T03:50:00,1,2,28,3,50,0.00000000,20.68333333,20.68333333,0.00000000
2001-02-28T04:00:00,1,2,28,4,0,0.00000000,20.70000000,20.70000000,0.00000000
2001-02-28T04:10:00,1,2,28,4,10,0.00000000,20.58333333,20.58333333,0.00000000
2001-02-28T04:20:00,1,2,28,4,20,0.00000000,20.46666667,20.46666667,0.00000000
2001-02-28T04:30:00,1,2,28,4,30,0.00000000,20.35000000,20.35000000,0.00000000
2001-02-28T04:40:00,1,2,28,4,40,0.00000000,20.23333333,20.23333333,0.00000000
2001-02-28T04:50:00,1,2,28,4,50,0.00000000,20.11666667,20.11666667,0.00000000
2001-02-28T05:00:00,1,2,28,5,0,0.00000000,20.00000000,20.00000000,0.00000000
2001-02-28T05:10:00,1,2,28,5,10,0.01700000,20.00000000,20.59500000,0.01734447
2001-02-28T05:20:00,1,2,28,5,20,0.03400000,20.00000000,21.19000000,0.03459588
2001-02-28T05:30:00,1,2,28,5,30,0.05100000,20.00000000,21.78500000,0.05175424
2001-02-28T05:40:00,1,2,28,5,40,0.06800000,20.00000000,22.38000000,0.06881954
2001-02-28T05:50:00,1,2,28,5,50,0.08500000,20.00000000,22.97500000,0.08579177
2001-02-28T06:00:00,1,2,28,6,0,0.10200000,20.00000000,23.57000000,0.10267096
2001-02-28T06:10:00,1,2,28,6,10,0.13533333,20.26666667,25.00333333,0.13533126
2001-02-28T06:20:00,1,2,28,6,20,0.16866667,20.53333333,26.43666667,0.16755200
2001-02-28T06:30:00,1,2,28,6,30,0.20200000,20.80000000,27.87000000,0.19933320
2001-02-28T06:40:00,1,2,28,6,40,0.23533333,21.06666667,29.30333333,0.23067483
2001-02-28T06:50:00,1,2,28,6,50,0.26866667,21.33333333,30.73666667,0.26157691
2001-02-28T07:00:00,1,2,28,7,0,0.30200000,21.60000000,32.17000000,0.29203944
2001-02-28T07:10:00,1,2,28,7,10,0.31550000,21.93333333,32.97583333,0.30392467
2001-02-28T07:20:00,1,2,28,7,20,0.32900000,22.26666667,33.78166667,0.31570983
2001-02-28T07:30:00,1,2,28,7,30,0.34250000,22.60000000,34.58750000,0.32739489
2001-02-28T07:40:00,1,2,28,7,40,0.35600000,22.93333333,35.39333333,0.33897988
2001-02-28T07:50:00,1,2,28,7,50,0.36950000,23.26666667,36.19916667,0.35046478
2001-02-28T08:00:00,1,2,28,8,0,0.38300000,23.60000000,37.00500000,0.36184959
2001-02-28T08:10:00,1,2,28,8,10,0.43000000,23.78333333,38.83333333,0.40263767
2001-02-28T08:20:00,1,2,28,8,20,0.47700000,23.96666667,40.66166667,0.44263517
2001-02-28T08:30:00,1,2,28,8,30,0.52400000,24.15000000,42.49000000,0.48184210
2001-02-28T08:40:00,1,2,28,8,40,0.57100000,24.33333333,44.31833333,0.52025847
2001-02-28T08:50:00,1,2,28,8,50,0.61800000,24.51666667,46.14666667,0.55788426
2001-02-28T09:00:00,1,2,28,9,0,0.66500000,24.70000000,47.97500000,0.59471947
2001-02-28T09:10:00,1,2,28,9,10,0.71000000,25.05000000,49.90000000,0.62867660
2001-02-28T09:20:00,1,2,28,9,20,0.75500000,25.40000000,51.82500000,0.66183678
2001-02-28T09:30:00,1,2,28,9,30,0.80000000,25.75000000,53.75000000,0.69420000
2001-02-28T09:40:00,1,2,28,9,40,0.84500000,26.10000000,55.67500000,0.72576627
2001-02-28T09:50:00,1,2,28,9,50,0.89000000,26.45000000,57.60000000,0.75653560
2001-02-28T10:00:00,1,2,28,10,0,0.93500000,26.80000000,59.52500000,0.78650798
2001-02-28T10:10:00,1,2,28,10,10,0.92483333,27.18333333,59.55250000,0.77783894
2001-02-28T10:20:00,1,2,28,10,20,0.91466667,27.56666667,59.58000000,0.76917247
2001-02-28T10:30:00,1,2,28,10,30,0.90450000,27.95000000,59.60750000,0.76050857
2001-02-28T10:40:00,1,2,28,10,40,0.89433333,28.33333333,59.63500000,0.75184725
2001-02-28T10:50:00,1,2,28,10,50,0.88416667,28.71666667,59.66250000,0.74318850
2001-02-28T11:00:00,1,2,28,11,0,0.87400000,29.10000000,59.69000000,0.73453232
2001-02-28T11:10:00,1,2,28,11,10,0.89533333,29.13333333,60.47000000,0.74924896
2001-02-28T11:20:00,1,2,28,11,20,0.91666667,29.16666667,61.25000000,0.76381250
2001-02-28T11:30:00,1,2,28,11,30,0.93800000,29.20000000,62.03000000,0.77822296
2001-02-28T11:40:00,1,2,28,11,40,0.95933333,29.23333333,62.81000000,0.79248032
2001-02-28T11:50:00,1,2,28,11,50,0.98066667,29.26666667,63.59000000,0.80658460
2001-02-28T12:00:00,1,2,28,12,0,1.00200000,29.30000000,64.37000000,0.82053580
2001-02-28T12:10:00,1,2,28,12,10,0.96866667,29.35000000,63.25333333,0.79821491
2001-02-28T12:20:00,1,2,28,12,20,0.93533333,29.40000000,62.13666667,0.77555159
2001-02-28T12:30:00,1,2,28,12,30,0.90200000,29.45000000,61.02000000,0.75254582
2001-02-28T12:40:00,1,2,28,12,40,0.86866667,29.50000000,59.90333333,0.72919760
2001-02-28T12:50:00,1,2,28,12,50,0.83533333,29.55000000,58.78666667,0.70550694
2001-02-28T13:00:00,1,2,28,13,0,0.80200000,29.60000000,57.67000000,0.68147384
2001-02-28T13:10:00,1,2,28,13,10,0.76333333,29.46666667,56.18333333,0.65383826
2001-02-28T13:20:00,1,2,28,13,20,0.72466667,29.33333333,54.69666667,0.62567382
2001-02-28T13:30:00,1,2,28,13,30,0.68600000,29.20000000,53.21000000,0.59698052
2001-02-28T13:40:00,1,2,28,13,40,0.64733333,29.06666667,51.72333333,0.56775837
2001-02-28T13:50:00,1,2,28,13,50,0.60866667,28.93333333,50.23666667,0.53800736
2001-02-28T14:00:00,1,2,28,14,0,0.57000000,28.80000000,48.75000000,0.50772750
2001-02-28T14:10:00,1,2,28,14,10,0.54983333,28.61666667,47.86083333,0.49201295
2001-02-28T14:20:00,1,2,28,14,20,0.52966667,28.43333333,46.97166667,0.47613343
2001-02-28T14:30:00,1,2,28,14,30,0.50950000,28.25000000,46.08250000,0.46008894
2001-02-28T14:40:00,1,2,28,14,40,0.48933333,28.06666667,45.19333333,0.44387949
2001-02-28T14:50:00,1,2,28,14,50,0.46916667,27.88333333,44.30416667,0.42750506
2001-02-28T15:00:00,1,2,28,15,0,0.44900000,27.70000000,43.41500000,0.41096566
2001-02-28T15:10:00,1,2,28,15,10,0.41100000,27.51666667,41.90166667,0.37904571
2001-02-28T15:20:00,1,2,28,15,20,0.37300000,27.33333333,40.38833333,0.34659670
2001-02-28T15:30:00,1,2,28,15,30,0.33500000,27.15000000,38.87500000,0.31361862
2001-02-28T15:40:00,1,2,28,15,40,0.29700000,26.96666667,37.36166667,0.28011149
2001-02-28T15:50:00,1,2,28,15,50,0.25900000,26.78333333,35.84833333,0.24607530
2001-02-28T16:00:00,1,2,28,16,0,0.22100000,26.60000000,34.33500000,0.21151004
2001-02-28T16:10:00,1,2,28,16,10,0.20683333,26.45000000,33.68916667,0.19856617
2001-02-28T16:20:00,1,2,28,16,20,0.19266667,26.30000000,33.04333333,0.18553813
2001-02-28T16:30:00,1,2,28,16,30,0.17850000,26.15000000,32.39750000,0.17242591
2001-02-28T16:40:00,1,2,28,16,40,0.16433333,26.00000000,31.75166667,0.15922952
2001-02-28T16:50:00,1,2,28,16,50,0.15016667,25.85000000,31.10583333,0.14594896
2001-02-28T17:00:00,1,2,28,17,0,0.13600000,25.70000000,30.46000000,0.13258422
2001-02-28T17:10:00,1,2,28,17,10,0.11333333,25.43333333,29.40000000,0.11103947
2001-02-28T17:20:00,1,2,28,17,20,0.09066667,25.16666667,28.34000000,0.08927366
2001-02-28T17:30:00,1,2,28,17,30,0.06800000,24.90000000,27.28000000,0.06728682
2001-02-28T17:40:00,1,2,28,17,40,0.04533333,24.63333333,26.22000000,0.04507892
2001-02-28T17:50:00,1,2,28,17,50,0.02266667,24.36666667,25.16000000,0.02264998
2001-02-28T18:00:00,1,2,28,18,0,0.00000000,24.10000000,24.10000000,0.00000000
2001-02-28T18:10:00,1,2,28,18,10,0.00000000,23.96666667,23.96666667,0.00000000
2001-02-28T18:20:00,1,2,28,18,20,0.00000000,23.83333333,23.83333333,0.00000000
2001-02-28T18:30:00,1,2,28,18,30,0.00000000,23.70000000,23.70000000,0.00000000
2001-02-28T18:40:00,1,2,28,18,40,0.00000000,23.56666667,23.56666667,0.00000000
2001-02-28T18:50:00,1,2,28,18,50,0.00000000,23.43333333,23.43333333,0.00000000
2001-02-28T19:00:00,1,2,28,19,0,0.00000000,23.30000000,23.30000000,0.00000000
2001-02-28T19:10:00,1,2,28,19,10,0.00000000,23.15000000,23.15000000,0.00000000
2001-02-28T19:20:00,1,2,28,19,20,0.00000000,23.00000000,23.00000000,0.00000000
2001-02-28T19:30:00,1,2,28,19,30,0.00000000,22.85000000,22.85000000,0.00000000
2001-02-28T19:40:00,1,2,28,19,40,0.00000000,22.70000000,22.70000000,0.00000000
2001-02-28T19:50:00,1,2,28,19,50,0.00000000,22.55000000,22.55000000,0.00000000
2001-02-28T20:00:00,1,2,28,20,0,0.00000000,22.40000000,22.40000000,0.00000000
2001-02-28T20:10:00,1,2,28,20,10,0.00000000,22.36666667,22.36666667,0.00000000
2001-02-28T20:20:00,1,2,28,20,20,0.00000000,22.33333333,22.33333333,0.00000000
2001-02-28T20:30:00,1,2,28,20,30,0.00000000,22.30000000,22.30000000,0.00000000
2001-02-28T20:40:00,1,2,28,20,40,0.00000000,22.26666667,22.26666667,0.00000000
2001-02-28T20:50:00,1,2,28,20,50,0.00000000,22.23333333,22.23333333,0.00000000
2001-02-28T21:00:00,1,2,28,21,0,0.00000000,22.20000000,22.20000000,0.00000000
2001-02-28T21:10:00,1,2,28,21,10,0.00000000,22.18333333,22.18333333,0.00000000
2001-02-28T21:20:00,1,2,28,21,20,0.00000000,22.16666667,22.16666667,0.00000000
2001-02-28T21:30:00,1,2,28,21,30,0.00000000,22.15000000,22.15000000,0.00000000
2001-02-28T21:40:00,1,2,28,21,40,0.00000000,22.13333333,22.13333333,0.00000000
2001-02-28T21:50:00,1,2,28,21,50,0.00000000,22.11666667,22.11666667,0.00000000
2001-02-28T22:00:00,1,2,28,22,0,0.00000000,22.10000000,22.10000000,0.00000000
2001-02-28T22:10:00,1,2,28,22,10,0.00000000,21.91666667,21.91666667,0.00000000
2001-02-28T22:20:00,1,2,28,22,20,0.00000000,21.73333333,21.73333333,0.00000000
2001-02-28T22:30:00,1,2,28,22,30,0.00000000,21.55000000,21.55000000,0.00000000
2001-02-28T22:40:00,1,2,28,22,40,0.00000000,21.36666667,21.36666667,0.00000000
2001-02-28T22:50:00,1,2,28,22,50,0.00000000,21.18333333,21.18333333,0.00000000
2001-02-28T23:00:00,1,2,28,23,0,0.00000000,21.00000000,21.00000000,0.00000000
2001-02-28T23:10:00,1,2,28,23,10,0.00000000,21.30000000,21.30000000,0.00000000
2001-02-28T23:20:00,1,2,28,23,20,0.00000000,21.60000000,21.60000000,0.00000000
2001-02-28T23:30:00,1,2,28,23,30,0.00000000,21.90000000,21.90000000,0.00000000
2001-02-28T23:40:00,1,2,28,23,40,0.00000000,22.20000000,22.20000000,0.00000000
2001-02-28T23:50:00,1,2,28,23,50,0.00000000,22.50000000,22.50000000,0.00000000
