timestamp,source_year_index,month,day,hour,minute,irradiance_pu,ambient_temperature_c,panel_temperature_c,generation_pu
2001-11-01T00:00:00,1,11,1,0,0,0.00000000,19.20000000,19.20000000,0.00000000
2001-11-01T00:10:00,1,11,1,0,10,0.00000000,19.20000000,19.20000000,0.00000000
2001-11-01T00:20:00,1,11,1,0,20,0.00000000,19.20000000,19.20000000,0.00000000
2001-11-01T00:30:00,1,11,1,0,30,0.00000000,19.20000000,19.20000000,0.00000000
2001-11-01T00:40:00,1,11,1,0,40,0.00000000,19.20000000,19.20000000,0.00000000
2001-11-01T00:50:00,1,11,1,0,50,0.00000000,19.20000000,19.20000000,0.00000000
2001-11-01T01:00:00,1,11,1,1,0,0.00000000,19.20000000,19.20000000,0.00000000
2001-11-01T01:10:00,1,11,1,1,10,0.00000000,19.31666667,19.31666667,0.00000000
2001-11-01T01:20:00,1,11,1,1,20,0.00000000,19.43333333,19.43333333,0.00000000
2001-11-01T01:30:00,1,11,1,1,30,0.00000000,19.55000000,19.55000000,0.00000000
2001-11-01T01:40:00,1,11,1,1,40,0.00000000,19.66666667,19.66666667,0.00000000
2001-11-01T01:50:00,1,11,1,1,50,0.00000000,19.78333333,19.78333333,0.00000000
2001-11-01T02:00:00,1,11,1,2,0,0.00000000,19.90000000,19.90000000,0.00000000
2001-11-01T02:10:00,1,11,1,2,10,0.00000000,19.91666667,19.91666667,0.00000000
2001-11-01T02:20:00,1,11,1,2,20,0.00000000,19.93333333,19.93333333,0.00000000
2001-11-01T02:30:00,1,11,1,2,30,0.00000000,19.95000000,19.95000000,0.00000000
2001-11-01T02:40:00,1,11,1,2,40,0.00000000,19.96666667,19.96666667,0.00000000
2001-11-01T02:50:00,1,11,1,2,50,0.00000000,19.98333333,19.98333333,0.00000000
2001-11-01T03:00:00,1,11,1,3,0,0.00000000,20.00000000,20.00000000,0.00000000
2001-11-01T03:10:00,1,11,1,3,10,0.00000000,20.00000000,20.00000000,0.00000000
2001-11-01T03:20:00,1,11,1,3,20,0.00000000,20.00000000,20.00000000,0.00000000
2001-11-01T03:30:00,1,11,1,3,30,0.00000000,20.00000000,20.00000000,0.00000000
2001-11-01T03:40:00,1,11,1,3,40,0.00000000,20.00000000,20.00000000,0.00000000
2001-11-01T03:50:00,1,11,1,3,50,0.00000000,20.00000000,20.00000000,0.00000000
2001-11-01T04:00:00,1,11,1,4,0,0.00000000,20.00000000,20.00000000,0.00000000
2001-11-01T04:10:00,1,11,1,4,10,0.00033333,19.90000000,19.91166667,0.00034114
2001-11-01T04:20:00,1,11,1,4,20,0.00066667,19.80000000,19.82333333,0.00068254
2001-11-01T04:30:00,1,11,1,4,30,0.00100000,19.70000000,19.73500000,0.00102422
2001-11-01T04:40:00,1,11,1,4,40,0.00133333,19.60000000,19.64666667,0.00136617
2001-11-01T04:50:00,1,11,1,4,50,0.00166667,19.50000000,19.55833333,0.00170839
2001-11-01T05:00:00,1,11,1,5,0,0.00200000,19.40000000,19.47000000,0.00205088
2001-11-01T05:10:00,1,11,1,5,10,0.00933333,19.45000000,19.77666667,0.00955759
2001-11-01T05:20:00,1,11,1,5,20,0.01666667,19.50000000,20.08333333,0.01704361
2001-11-01T05:30:00,1,11,1,5,30,0.02400000,19.55000000,20.39000000,0.02450894
2001-11-01T05:40:00,1,11,1,5,40,0.03133333,19.60000000,20.69666667,0.03195359
2001-11-01T05:50:00,1,11,1,5,50,0.03866667,19.65000000,21.00333333,0.03937754
2001-11-01T06:00:00,1,11,1,6,0,0.04600000,19.70000000,21.31000000,0.04678080
2001-11-01T06:10:00,1,11,1,6,10,0.04000000,19.63333333,21.03333333,0.04072987
2001-11-01T06:20:00,1,11,1,6,20,0.03400000,19.56666667,20.75666667,0.03466366
2001-11-01T06:30:00,1,11,1,6,30,0.02800000,19.50000000,20.48000000,0.02858218
2001-11-01T06:40:00,1,11,1,6,40,0.02200000,19.43333333,20.20333333,0.02248542
2001-11-01T06:50:00,1,11,1,6,50,0.01600000,19.36666667,19.92666667,0.01637340
2001-11-01T07:00:00,1,11,1,7,0,0.01000000,19.30000000,19.65000000,0.01024610
2001-11-01T07:10:00,1,11,1,7,10,0.04133333,19.31666667,20.76333333,0.04213886
2001-11-01T07:20:00,1,11,1,7,20,0.07266667,19.33333333,21.87666667,0.07371069
2001-11-01T07:30:00,1,11,1,7,30,0.10400000,19.35000000,22.99000000,0.10496158
2001-11-01T07:40:00,1,11,1,7,40,0.13533333,19.36666667,24.10333333,0.13589154
2001-11-01T07:50:00,1,11,1,7,50,0.16666667,19.38333333,25.21666667,0.16650056
2001-11-01T08:00:00,1,11,1,8,0,0.19800000,19.40000000,26.33000000,0.19678864
2001-11-01T08:10:00,1,11,1,8,10,0.17383333,19.48333333,25.56750000,0.17337954
2001-11-01T08:20:00,1,11,1,8,20,0.14966667,19.56666667,24.80500000,0.14980092
2001-11-01T08:30:00,1,11,1,8,30,0.12550000,19.65000000,24.04250000,0.12605276
2001-11-01T08:40:00,1,11,1,8,40,0.10133333,19.73333333,23.28000000,0.10213508
2001-11-01T08:50:00,1,11,1,8,50,0.07716667,19.81666667,22.51750000,0.07804787
2001-11-01T09:00:00,1,11,1,9,0,0.05300000,19.90000000,21.75500000,0.05379113
2001-11-01T09:10:00,1,11,1,9,10,0.08900000,19.80000000,22.91500000,0.08985360
2001-11-01T09:20:00,1,11,1,9,20,0.12500000,19.70000000,24.07500000,0.12553187
2001-11-01T09:30:00,1,11,1,9,30,0.16100000,19.60000000,25.23500000,0.16082596
2001-11-01T09:40:00,1,11,1,9,40,0.19700000,19.50000000,26.39500000,0.19573585
2001-11-01T09:50:00,1,11,1,9,50,0.23300000,19.40000000,27.55500000,0.23026155
2001-11-01T10:00:00,1,11,1,10,0,0.26900000,19.30000000,28.71500000,0.26440306
2001-11-01T10:10:00,1,11,1,10,10,0.24866667,19.38333333,28.08666667,0.24513593
2001-11-01T10:20:00,1,11,1,10,20,0.22833333,19.46666667,27.45833333,0.22575126
2001-11-01T10:30:00,1,11,1,10,30,0.20800000,19.55000000,26.83000000,0.20624906
2001-11-01T10:40:00,1,11,1,10,40,0.18766667,19.63333333,26.20166667,0.18662931
2001-11-01T10:50:00,1,11,1,10,50,0.16733333,19.71666667,25.57333333,0.16689202
2001-11-01T11:00:00,1,11,1,11,0,0.14700000,19.80000000,24.94500000,0.14703719
2001-11-01T11:10:00,1,11,1,11,10,0.17933333,19.70000000,25.97666667,0.17852765
2001-11-01T11:20:00,1,11,1,11,20,0.21166667,19.60000000,27.00833333,0.20971122
2001-11-01T11:30:00,1,11,1,11,30,0.24400000,19.50000000,28.04000000,0.24058790
2001-11-01T11:40:00,1,11,1,11,40,0.27633333,19.40000000,29.07166667,0.27115770
2001-11-01T11:50:00,1,11,1,11,50,0.30866667,19.30000000,30.10333333,0.30142061
2001-11-01T12:00:00,1,11,1,12,0,0.34100000,19.20000000,31.13500000,0.33137664
2001-11-01T12:10:00,1,11,1,12,10,0.32583333,19.18333333,30.58750000,0.31745860
2001-11-01T12:20:00,1,11,1,12,20,0.31066667,19.16666667,30.04000000,0.30346417
2001-11-01T12:30:00,1,11,1,12,30,0.29550000,19.15000000,29.49250000,0.28939334
2001-11-01T12:40:00,1,11,1,12,40,0.28033333,19.13333333,28.94500000,0.27524612
2001-11-01T12:50:00,1,11,1,12,50,0.26516667,19.11666667,28.39750000,0.26102251
2001-11-01T13:00:00,1,11,1,13,0,0.25000000,19.10000000,27.85000000,0.24672250
2001-11-01T13:10:00,1,11,1,13,10,0.25433333,19.21666667,28.11833333,0.25068509
2001-11-01T13:20:00,1,11,1,13,20,0.25866667,19.33333333,28.38666667,0.25463698
2001-11-01T13:30:00,1,11,1,13,30,0.26300000,19.45000000,28.65500000,0.25857818
2001-11-01T13:40:00,1,11,1,13,40,0.26733333,19.56666667,28.92333333,0.26250868
2001-11-01T13:50:00,1,11,1,13,50,0.27166667,19.68333333,29.19166667,0.26642848
2001-11-01T14:00:00,1,11,1,14,0,0.27600000,19.80000000,29.46000000,0.27033758
2001-11-01T14:10:00,1,11,1,14,10,0.23450000,19.68333333,27.89083333,0.23138166
2001-11-01T14:20:00,1,11,1,14,20,0.19300000,19.56666667,26.32166667,0.19182662
2001-11-01T14:30:00,1,11,1,14,30,0.15150000,19.45000000,24.75250000,0.15167248
2001-11-01T14:40:00,1,11,1,14,40,0.11000000,19.33333333,23.18333333,0.11091923
2001-11-01T14:50:00,1,11,1,14,50,0.06850000,19.21666667,21.61416667,0.06956688
2001-11-01T15:00:00,1,11,1,15,0,0.02700000,19.10000000,20.04500000,0.02761541
2001-11-01T15:10:00,1,11,1,15,10,0.04250000,19.26666667,20.75416667,0.04333006
2001-11-01T15:20:00,1,11,1,15,20,0.05800000,19.43333333,21.46333333,0.05894358
2001-11-01T15:30:00,1,11,1,15,30,0.07350000,19.60000000,22.17250000,0.07445598
2001-11-01T15:40:00,1,11,1,15,40,0.08900000,19.76666667,22.88166667,0.08986725
2001-11-01T15:50:00,1,11,1,15,50,0.10450000,19.93333333,23.59083333,0.10517739
2001-11-01T16:00:00,1,11,1,16,0,0.12000000,20.10000000,24.30000000,0.12038640
2001-11-01T16:10:00,1,11,1,16,10,0.11116667,19.96666667,23.85750000,0.11175090
2001-11-01T16:20:00,1,11,1,16,20,0.10233333,19.83333333,23.41500000,0.10307945
2001-11-01T16:30:00,1,11,1,16,30,0.09350000,19.70000000,22.97250000,0.09437203
2001-11-01T16:40:00,1,11,1,16,40,0.08466667,19.56666667,22.53000000,0.08562865
2001-11-01T16:50:00,1,11,1,16,50,0.07583333,19.43333333,22.08750000,0.07684931
2001-11-01T17:00:00,1,11,1,17,0,0.06700000,19.30000000,21.64500000,0.06803401
2001-11-01T17:10:00,1,11,1,17,10,0.05633333,19.35000000,21.32166667,0.05728651
2001-11-01T17:20:00,1,11,1,17,20,0.04566667,19.40000000,20.99833333,0.04650728
2001-11-01T17:30:00,1,11,1,17,30,0.03500000,19.45000000,20.67500000,0.03569633
2001-11-01T17:40:00,1,11,1,17,40,0.02433333,19.50000000,20.35166667,0.02485364
2001-11-01T17:50:00,1,11,1,17,50,0.01366667,19.55000000,20.02833333,0.01397922
2001-11-01T18:00:00,1,11,1,18,0,0.00300000,19.60000000,19.70500000,0.00307307
2001-11-01T18:10:00,1,11,1,18,10,0.00250000,19.66666667,19.75416667,0.00256033
2001-11-01T18:20:00,1,11,1,18,20,0.00200000,19.73333333,19.80333333,0.00204781
2001-11-01T18:30:00,1,11,1,18,30,0.00150000,19.80000000,19.85250000,0.00153552
2001-11-01T18:40:00,1,11,1,18,40,0.00100000,19.86666667,19.90166667,0.00102345
2001-11-01T18:50:00,1,11,1,18,50,0.00050000,19.93333333,19.95083333,0.00051161
2001-11-01T19:00:00,1,11,1,19,0,0.00000000,20.00000000,20.00000000,0.00000000
2001-11-01T19:10:00,1,11,1,19,10,0.00000000,20.08333333,20.08333333,0.00000000
2001-11-01T19:20:00,1,11,1,19,20,0.00000000,20.16666667,20.16666667,0.00000000
2001-11-01T19:30:00,1,11,1,19,30,0.00000000,20.25000000,20.25000000,0.00000000
2001-11-01T19:40:00,1,11,1,19,40,0.00000000,20.33333333,20.33333333,0.00000000
2001-11-01T19:50:00,1,11,1,19,50,0.00000000,20.41666667,20.41666667,0.00000000
2001-11-01T20:00:00,1,11,1,20,0,0.00000000,20.50000000,20.50000000,0.00000000
2001-11-01T20:10:00,1,11,1,20,10,0.00000000,20.45000000,20.45000000,0.00000000
2001-11-01T20:20:00,1,11,1,20,20,0.00000000,20.40000000,20.40000000,0.00000000
2001-11-01T20:30:00,1,11,1,20,30,0.00000000,20.35000000,20.35000000,0.00000000
2001-11-01T20:40:00,1,11,1,20,40,0.00000000,20.30000000,20.30000000,0.00000000
2001-11-01T20:50:00,1,11,1,20,50,0.00000000,20.25000000,20.25000000,0.00000000
2001-11-01T21:00:00,1,11,1,21,0,0.00000000,20.20000000,20.20000000,0.00000000
2001-11-01T21:10:00,1,11,1,21,10,0.00000000,20.25000000,20.25000000,0.00000000
2001-11-01T21:20:00,1,11,1,21,20,0.00000000,20.30000000,20.30000000,0.00000000
2001-11-01T21:30:00,1,11,1,21,30,0.00000000,20.35000000,20.35000000,0.00000000
2001-11-01T21:40:00,1,11,1,21,40,0.00000000,20.40000000,20.40000000,0.00000000
2001-11-01T21:50:00,1,11,1,21,50,0.00000000,20.45000000,20.45000000,0.00000000
2001-11-01T22:00:00,1,11,1,22,0,0.00000000,20.50000000,20.50000000,0.00000000
2001-11-01T22:10:00,1,11,1,22,10,0.00000000,20.45000000,20.45000000,0.00000000
2001-11-01T22:20:00,1,11,1,22,20,0.00000000,20.40000000,20.40000000,0.00000000
2001-11-01T22:30:00,1,11,1,22,30,0.00000000,20.35000000,20.35000000,0.00000000
2001-11-01T22:40:00,1,11,1,22,40,0.00000000,20.30000000,20.30000000,0.00000000
2001-11-01T22:50:00,1,11,1,22,50,0.00000000,20.25000000,20.25000000,0.00000000
2001-11-01T23:00:00,1,11,1,23,0,0.00000000,20.20000000,20.20000000,0.00000000
2001-11-01T23:10:00,1,11,1,23,10,0.00000000,19.86666667,19.86666667,0.00000000
2001-11-01T23:20:00,1,11,1,23,20,0.00000000,19.53333333,19.53333333,0.00000000
2001-11-01T23:30:00,1,11,1,23,30,0.00000000,19.20000000,19.20000000,0.00000000
2001-11-01T23:40:00,1,11,1,23,40,0.00000000,18.86666667,18.86666667,0.00000000
2001-11-01T23:50:00,1,11,1,23,50,0.00000000,18.53333333,18.53333333,0.00000000
2001-11-02T00:00:00,1,11,2,0,0,0.00000000,18.20000000,18.20000000,0.00000000
2001-11-02T00:10:00,1,11,2,0,10,0.00000000,18.25000000,18.25000000,0.00000000
2001-11-02T00:20:00,1,11,2,0,20,0.00000000,18.30000000,18.30000000,0.00000000
2001-11-02T00:30:00,1,11,2,0,30,0.00000000,18.35000000,18.35000000,0.00000000
2001-11-02T00:40:00,1,11,2,0,40,0.00000000,18.40000000,18.40000000,0.00000000
2001-11-02T00:50:00,1,11,2,0,50,0.00000000,18.45000000,18.45000000,0.00000000
2001-11-02T01:00:00,1,11,2,1,0,0.00000000,18.50000000,18.50000000,0.00000000
2001-11-02T01:10:00,1,11,2,1,10,0.00000000,18.36666667,18.36666667,0.00000000
2001-11-02T01:20:00,1,11,2,1,20,0.00000000,18.23333333,18.23333333,0.00000000
2001-11-02T01:30:00,1,11,2,1,30,0.00000000,18.10000000,18.10000000,0.00000000
2001-11-02T01:40:00,1,11,2,1,40,0.00000000,17.96666667,17.96666667,0.00000000
2001-11-02T01:50:00,1,11,2,1,50,0.00000000,17.83333333,17.83333333,0.00000000
2001-11-02T02:00:00,1,11,2,2,0,0.00000000,17.70000000,17.70000000,0.00000000
2001-11-02T02:10:00,1,11,2,2,10,0.00000000,17.73333333,17.73333333,0.00000000
2001-11-02T02:20:00,1,11,2,2,20,0.00000000,17.76666667,17.76666667,0.00000000
2001-11-02T02:30:00,1,11,2,2,30,0.00000000,17.80000000,17.80000000,0.00000000
2001-11-02T02:40:00,1,11,2,2,40,0.00000000,17.83333333,17.83333333,0.00000000
2001-11-02T02:50:00,1,11,2,2,50,0.00000000,17.86666667,17.86666667,0.00000000
2001-11-02T03:00:00,1,11,2,3,0,0.00000000,17.90000000,17.90000000,0.00000000
2001-11-02T03:10:00,1,11,2,3,10,0.00000000,18.01666667,18.01666667,0.00000000
2001-11-02T03:20:00,1,11,2,3,20,0.00000000,18.13333333,18.13333333,0.00000000
2001-11-02T03:30:00,1,11,2,3,30,0.00000000,18.25000000,18.25000000,0.00000000
2001-11-02T03:40:00,1,11,2,3,40,0.00000000,18.36666667,18.36666667,0.00000000
2001-11-02T03:50:00,1,11,2,3,50,0.00000000,18.48333333,18.48333333,0.00000000
2001-11-02T04:00:00,1,11,2,4,0,0.00000000,18.60000000,18.60000000,0.00000000
2001-11-02T04:10:00,1,11,2,4,10,0.00100000,18.56666667,18.60166667,0.00102943
2001-11-02T04:20:00,1,11,2,4,20,0.00200000,18.53333333,18.60333333,0.00205885
2001-11-02T04:30:00,1,11,2,4,30,0.00300000,18.50000000,18.60500000,0.00308825
2001-11-02T04:40:00,1,11,2,4,40,0.00400000,18.46666667,18.60666667,0.00411764
2001-11-02T04:50:00,1,11,2,4,50,0.00500000,18.43333333,18.60833333,0.00514701
2001-11-02T05:00:00,1,11,2,5,0,0.00600000,18.40000000,18.61000000,0.00617636
2001-11-02T05:10:00,1,11,2,5,10,0.02166667,18.40000000,19.15833333,0.02224889
2001-11-02T05:20:00,1,11,2,5,20,0.03733333,18.40000000,19.70666667,0.03824238
2001-11-02T05:30:00,1,11,2,5,30,0.05300000,18.40000000,20.25500000,0.05415683
2001-11-02T05:40:00,1,11,2,5,40,0.06866667,18.40000000,20.80333333,0.06999225
2001-11-02T05:50:00,1,11,2,5,50,0.08433333,18.40000000,21.35166667,0.08574864
2001-11-02T06:00:00,1,11,2,6,0,0.10000000,18.40000000,21.90000000,0.10142600
2001-11-02T06:10:00,1,11,2,6,10,0.12083333,18.66666667,22.89583333,0.12200290
2001-11-02T06:20:00,1,11,2,6,20,0.14166667,18.93333333,23.89166667,0.14238893
2001-11-02T06:30:00,1,11,2,6,30,0.16250000,19.20000000,24.88750000,0.16258409
2001-11-02T06:40:00,1,11,2,6,40,0.18333333,19.46666667,25.88333333,0.18258839
2001-11-02T06:50:00,1,11,2,6,50,0.20416667,19.73333333,26.87916667,0.20240182
2001-11-02T07:00:00,1,11,2,7,0,0.22500000,20.00000000,27.87500000,0.22202437
2001-11-02T07:10:00,1,11,2,7,10,0.26100000,20.13333333,29.26833333,0.25587544
2001-11-02T07:20:00,1,11,2,7,20,0.29700000,20.26666667,30.66166667,0.28926503
2001-11-02T07:30:00,1,11,2,7,30,0.33300000,20.40000000,32.05500000,0.32219315
2001-11-02T07:40:00,1,11,2,7,40,0.36900000,20.53333333,33.44833333,0.35465980
2001-11-02T07:50:00,1,11,2,7,50,0.40500000,20.66666667,34.84166667,0.38666498
2001-11-02T08:00:00,1,11,2,8,0,0.44100000,20.80000000,36.23500000,0.41820868
2001-11-02T08:10:00,1,11,2,8,10,0.41083333,21.06666667,35.44583333,0.39109245
2001-11-02T08:20:00,1,11,2,8,20,0.38066667,21.33333333,34.65666667,0.36375720
2001-11-02T08:30:00,1,11,2,8,30,0.35050000,21.60000000,33.86750000,0.33620293
2001-11-02T08:40:00,1,11,2,8,40,0.32033333,21.86666667,33.07833333,0.30842964
2001-11-02T08:50:00,1,11,2,8,50,0.29016667,22.13333333,32.28916667,0.28043733
2001-11-02T09:00:00,1,11,2,9,0,0.26000000,22.40000000,31.50000000,0.25222600
2001-11-02T09:10:00,1,11,2,9,10,0.32483333,22.30000000,33.66916667,0.31187958
2001-11-02T09:20:00,1,11,2,9,20,0.38966667,22.20000000,35.83833333,0.37023932
2001-11-02T09:30:00,1,11,2,9,30,0.45450000,22.10000000,38.00750000,0.42730522
2001-11-02T09:40:00,1,11,2,9,40,0.51933333,22.00000000,40.17666667,0.48307729
2001-11-02T09:50:00,1,11,2,9,50,0.58416667,21.90000000,42.34583333,0.53755552
2001-11-02T10:00:00,1,11,2,10,0,0.64900000,21.80000000,44.51500000,0.59073992
2001-11-02T10:10:00,1,11,2,10,10,0.66883333,22.10000000,45.50916667,0.60573415
2001-11-02T10:20:00,1,11,2,10,20,0.68866667,22.40000000,46.50333333,0.62054697
2001-11-02T10:30:00,1,11,2,10,30,0.70850000,22.70000000,47.49750000,0.63517840
2001-11-02T10:40:00,1,11,2,10,40,0.72833333,23.00000000,48.49166667,0.64962842
2001-11-02T10:50:00,1,11,2,10,50,0.74816667,23.30000000,49.48583333,0.66389704
2001-11-02T11:00:00,1,11,2,11,0,0.76800000,23.60000000,50.48000000,0.67798426
2001-11-02T11:10:00,1,11,2,11,10,0.78850000,23.81666667,51.41416667,0.69269318
2001-11-02T11:20:00,1,11,2,11,20,0.80900000,24.03333333,52.34833333,0.70722591
2001-11-02T11:30:00,1,11,2,11,30,0.82950000,24.25000000,53.28250000,0.72158246
2001-11-02T11:40:00,1,11,2,11,40,0.85000000,24.46666667,54.21666667,0.73576283
2001-11-02T11:50:00,1,11,2,11,50,0.87050000,24.68333333,55.15083333,0.74976702
2001-11-02T12:00:00,1,11,2,12,0,0.89100000,24.90000000,56.08500000,0.76359502
2001-11-02T12:10:00,1,11,2,12,10,0.83466667,25.11666667,54.33000000,0.72205511
2001-11-02T12:20:00,1,11,2,12,20,0.77833333,25.33333333,52.57500000,0.67960564
2001-11-02T12:30:00,1,11,2,12,30,0.72200000,25.55000000,50.82000000,0.63624662
2001-11-02T12:40:00,1,11,2,12,40,0.66566667,25.76666667,49.06500000,0.59197803
2001-11-02T12:50:00,1,11,2,12,50,0.60933333,25.98333333,47.31000000,0.54679989
2001-11-02T13:00:00,1,11,2,13,0,0.55300000,26.20000000,45.55500000,0.50071219
2001-11-02T13:10:00,1,11,2,13,10,0.49783333,25.90000000,43.32416667,0.45587038
2001-11-02T13:20:00,1,11,2,13,20,0.44266667,25.60000000,41.09333333,0.40989635
2001-11-02T13:30:00,1,11,2,13,30,0.38750000,25.30000000,38.86250000,0.36279009
2001-11-02T13:40:00,1,11,2,13,40,0.33233333,25.00000000,36.63166667,0.31455162
2001-11-02T13:50:00,1,11,2,13,50,0.27716667,24.70000000,34.40083333,0.26518092
2001-11-02T14:00:00,1,11,2,14,0,0.22200000,24.40000000,32.17000000,0.21467800
2001-11-02T14:10:00,1,11,2,14,10,0.22166667,24.26666667,32.02500000,0.21450351
2001-11-02T14:20:00,1,11,2,14,20,0.22133333,24.13333333,31.88000000,0.21432858
2001-11-02T14:30:00,1,11,2,14,30,0.22100000,24.00000000,31.73500000,0.21415320
2001-11-02T14:40:00,1,11,2,14,40,0.22066667,23.86666667,31.59000000,0.21397738
2001-11-02T14:50:00,1,11,2,14,50,0.22033333,23.73333333,31.44500000,0.21380111
2001-11-02T15:00:00,1,11,2,15,0,0.22000000,23.60000000,31.30000000,0.21362440
2001-11-02T15:10:00,1,11,2,15,10,0.20500000,23.55000000,30.72500000,0.19960133
2001-11-02T15:20:00,1,11,2,15,20,0.19000000,23.50000000,30.15000000,0.18549890
2001-11-02T15:30:00,1,11,2,15,30,0.17500000,23.45000000,29.57500000,0.17131712
2001-11-02T15:40:00,1,11,2,15,40,0.16000000,23.40000000,29.00000000,0.15705600
2001-11-02T15:50:00,1,11,2,15,50,0.14500000,23.35000000,28.42500000,0.14271553
2001-11-02T16:00:00,1,11,2,16,0,0.13000000,23.30000000,27.85000000,0.12829570
2001-11-02T16:10:00,1,11,2,16,10,0.11833333,23.21666667,27.35833333,0.11704961
2001-11-02T16:20:00,1,11,2,16,20,0.10666667,23.13333333,26.86666667,0.10575076
2001-11-02T16:30:00,1,11,2,16,30,0.09500000,23.05000000,26.37500000,0.09439913
2001-11-02T16:40:00,1,11,2,16,40,0.08333333,22.96666667,25.88333333,0.08299472
2001-11-02T16:50:00,1,11,2,16,50,0.07166667,22.88333333,25.39166667,0.07153755
2001-11-02T17:00:00,1,11,2,17,0,0.06000000,22.80000000,24.90000000,0.06002760
2001-11-02T17:10:00,1,11,2,17,10,0.05166667,22.83333333,24.64166667,0.05175183
2001-11-02T17:20:00,1,11,2,17,20,0.04333333,22.86666667,24.38333333,0.04345626
2001-11-02T17:30:00,1,11,2,17,30,0.03500000,22.90000000,24.12500000,0.03514088
2001-11-02T17:40:00,1,11,2,17,40,0.02666667,22.93333333,23.86666667,0.02680569
2001-11-02T17:50:00,1,11,2,17,50,0.01833333,22.96666667,23.60833333,0.01845070
2001-11-02T18:00:00,1,11,2,18,0,0.01000000,23.00000000,23.35000000,0.01007590
2001-11-02T18:10:00,1,11,2,18,10,0.00833333,22.83333333,23.12500000,0.00840521
2001-11-02T18:20:00,1,11,2,18,20,0.00666667,22.66666667,22.90000000,0.00673107
2001-11-02T18:30:00,1,11,2,18,30,0.00500000,22.50000000,22.67500000,0.00505347
2001-11-02T18:40:00,1,11,2,18,40,0.00333333,22.33333333,22.45000000,0.00337243
2001-11-02T18:50:00,1,11,2,18,50,0.00166667,22.16666667,22.22500000,0.00168794
2001-11-02T19:00:00,1,11,2,19,0,0.00000000,22.00000000,22.00000000,0.00000000
2001-11-02T19:10:00,1,11,2,19,10,0.00000000,21.91666667,21.91666667,0.00000000
2001-11-02T19:20:00,1,11,2,19,20,0.00000000,21.83333333,21.83333333,0.00000000
2001-11-02T19:30:00,1,11,2,19,30,0.00000000,21.75000000,21.75000000,0.00000000
2001-11-02T19:40:00,1,11,2,19,40,0.00000000,21.66666667,21.66666667,0.00000000
2001-11-02T19:50:00,1,11,2,19,50,0.00000000,21.58333333,21.58333333,0.00000000
2001-11-02T20:00:00,1,11,2,20,0,0.00000000,21.50000000,21.50000000,0.00000000
2001-11-02T20:10:00,1,11,2,20,10,0.00000000,21.46666667,21.46666667,0.00000000
2001-11-02T20:20:00,1,11,2,20,20,0.00000000,21.43333333,21.43333333,0.00000000
2001-11-02T20:30:00,1,11,2,20,30,0.00000000,21.40000000,21.40000000,0.00000000
2001-11-02T20:40:00,1,11,2,20,40,0.00000000,21.36666667,21.36666667,0.00000000
2001-11-02T20:50:00,1,11,2,20,50,0.00000000,21.33333333,21.33333333,0.00000000
2001-11-02T21:00:00,1,11,2,21,0,0.00000000,21.30000000,21.30000000,0.00000000
2001-11-02T21:10:00,1,11,2,21,10,0.00000000,21.35000000,21.35000000,0.00000000
2001-11-02T21:20:00,1,11,2,21,20,0.00000000,21.40000000,21.40000000,0.00000000
2001-11-02T21:30:00,1,11,2,21,30,0.00000000,21.45000000,21.45000000,0.00000000
2001-11-02T21:40:00,1,11,2,21,40,0.00000000,21.50000000,21.50000000,0.00000000
2001-11-02T21:50:00,1,11,2,21,50,0.00000000,21.55000000,21.55000000,0.00000000
2001-11-02T22:00:00,1,11,2,22,0,0.00000000,21.60000000,21.60000000,0.00000000
2001-11-02T22:10:00,1,11,2,22,10,0.00000000,21.50000000,21.50000000,0.00000000
2001-11-02T22:20:00,1,11,2,22,20,0.00000000,21.40000000,21.40000000,0.00000000
2001-11-02T22:30:00,1,11,2,22,30,0.00000000,21.30000000,21.30000000,0.00000000
2001-11-02T22:40:00,1,11,2,22,40,0.00000000,21.20000000,21.20000000,0.00000000
2001-11-02T22:50:00,1,11,2,22,50,0.00000000,21.10000000,21.10000000,0.00000000
2001-11-02T23:00:00,1,11,2,23,0,0.00000000,21.00000000,21.00000000,0.00000000
2001-11-02T23:10:00,1,11,2,23,10,0.00000000,20.98333333,20.98333333,0.00000000
2001-11-02T23:20:00,1,11,2,23,20,0.00000000,20.96666667,20.96666667,0.00000000
2001-11-02T23:30:00,1,11,2,23,30,0.00000000,20.95000000,20.95000000,0.00000000
2001-11-02T23:40:00,1,11,2,23,40,0.00000000,20.93333333,20.93333333,0.00000000
2001-11-02T23:50:00,1,11,2,23,50,0.00000000,20.91666667,20.91666667,0.00000000
2001-11-03T00:00:00,1,11,3,0,0,0.00000000,20.90000000,20.90000000,0.00000000
2001-11-03T00:10:00,1,11,3,0,10,0.00000000,20.83333333,20.83333333,0.00000000
2001-11-03T00:20:00,1,11,3,0,20,0.00000000,20.76666667,20.76666667,0.00000000
2001-11-03T00:30:00,1,11,3,0,30,0.00000000,20.70000000,20.70000000,0.00000000
2001-11-03T00:40:00,1,11,3,0,40,0.00000000,20.63333333,20.63333333,0.00000000
2001-11-03T00:50:00,1,11,3,0,50,0.00000000,20.56666667,20.56666667,0.00000000
2001-11-03T01:00:00,1,11,3,1,0,0.00000000,20.50000000,20.50000000,0.00000000
2001-11-03T01:10:00,1,11,3,1,10,0.00000000,20.45000000,20.45000000,0.00000000
2001-11-03T01:20:00,1,11,3,1,20,0.00000000,20.40000000,20.40000000,0.00000000
2001-11-03T01:30:00,1,11,3,1,30,0.00000000,20.35000000,20.35000000,0.00000000
2001-11-03T01:40:00,1,11,3,1,40,0.00000000,20.30000000,20.30000000,0.00000000
2001-11-03T01:50:00,1,11,3,1,50,0.00000000,20.25000000,20.25000000,0.00000000
2001-11-03T02:00:00,1,11,3,2,0,0.00000000,20.20000000,20.20000000,0.00000000
2001-11-03T02:10:00,1,11,3,2,10,0.00000000,20.16666667,20.16666667,0.00000000
2001-11-03T02:20:00,1,11,3,2,20,0.00000000,20.13333333,20.13333333,0.00000000
2001-11-03T02:30:00,1,11,3,2,30,0.00000000,20.10000000,20.10000000,0.00000000
2001-11-03T02:40:00,1,11,3,2,40,0.00000000,20.06666667,20.06666667,0.00000000
2001-11-03T02:50:00,1,11,3,2,50,0.00000000,20.03333333,20.03333333,0.00000000
2001-11-03T03:00:00,1,11,3,3,0,0.00000000,20.00000000,20.00000000,0.00000000
2001-11-03T03:10:00,1,11,3,3,10,0.00000000,20.05000000,20.05000000,0.00000000
2001-11-03T03:20:00,1,11,3,3,20,0.00000000,20.10000000,20.10000000,0.00000000
2001-11-03T03:30:00,1,11,3,3,30,0.00000000,20.15000000,20.15000000,0.00000000
2001-11-03T03:40:00,1,11,3,3,40,0.00000000,20.20000000,20.20000000,0.00000000
2001-11-03T03:50:00,1,11,3,3,50,0.00000000,20.25000000,20.25000000,0.00000000
2001-11-03T04:00:00,1,11,3,4,0,0.00000000,20.30000000,20.30000000,0.00000000
2001-11-03T04:10:00,1,11,3,4,10,0.00116667,20.21666667,20.25750000,0.00119212
2001-11-03T04:20:00,1,11,3,4,20,0.00233333,20.13333333,20.21500000,0.00238469
2001-11-03T04:30:00,1,11,3,4,30,0.00350000,20.05000000,20.17250000,0.00357772
2001-11-03T04:40:00,1,11,3,4,40,0.00466667,19.96666667,20.13000000,0.00477121
2001-11-03T04:50:00,1,11,3,4,50,0.00583333,19.88333333,20.08750000,0.00596515
2001-11-03T05:00:00,1,11,3,5,0,0.00700000,19.80000000,20.04500000,0.00715955
2001-11-03T05:10:00,1,11,3,5,10,0.03066667,19.78333333,20.85666667,0.03125115
2001-11-03T05:20:00,1,11,3,5,20,0.05433333,19.76666667,21.66833333,0.05516603
2001-11-03T05:30:00,1,11,3,5,30,0.07800000,19.75000000,22.48000000,0.07890418
2001-11-03T05:40:00,1,11,3,5,40,0.10166667,19.73333333,23.29166667,0.10246560
2001-11-03T05:50:00,1,11,3,5,50,0.12533333,19.71666667,24.10333333,0.12585029
2001-11-03T06:00:00,1,11,3,6,0,0.14900000,19.70000000,24.91500000,0.14905826
2001-11-03T06:10:00,1,11,3,6,10,0.16366667,20.06666667,25.79500000,0.16306814
2001-11-03T06:20:00,1,11,3,6,20,0.17833333,20.43333333,26.67500000,0.17695927
2001-11-03T06:30:00,1,11,3,6,30,0.19300000,20.80000000,27.55500000,0.19073167
2001-11-03T06:40:00,1,11,3,6,40,0.20766667,21.16666667,28.43500000,0.20438533
2001-11-03T06:50:00,1,11,3,6,50,0.22233333,21.53333333,29.31500000,0.21792024
2001-11-03T07:00:00,1,11,3,7,0,0.23700000,21.90000000,30.19500000,0.23133641
2001-11-03T07:10:00,1,11,3,7,10,0.26466667,22.23333333,31.49666667,0.25675719
2001-11-03T07:20:00,1,11,3,7,20,0.29233333,22.56666667,32.79833333,0.28184665
2001-11-03T07:30:00,1,11,3,7,30,0.32000000,22.90000000,34.10000000,0.30660480
2001-11-03T07:40:00,1,11,3,7,40,0.34766667,23.23333333,35.40166667,0.33103163
2001-11-03T07:50:00,1,11,3,7,50,0.37533333,23.56666667,36.70333333,0.35512714
2001-11-03T08:00:00,1,11,3,8,0,0.40300000,23.90000000,38.00500000,0.37889133
2001-11-03T08:10:00,1,11,3,8,10,0.40716667,24.26666667,38.51750000,0.38184884
2001-11-03T08:20:00,1,11,3,8,20,0.41133333,24.63333333,39.03000000,0.38478670
2001-11-03T08:30:00,1,11,3,8,30,0.41550000,25.00000000,39.54250000,0.38770492
2001-11-03T08:40:00,1,11,3,8,40,0.41966667,25.36666667,40.05500000,0.39060349
2001-11-03T08:50:00,1,11,3,8,50,0.42383333,25.73333333,40.56750000,0.39348242
2001-11-03T09:00:00,1,11,3,9,0,0.42800000,26.10000000,41.08000000,0.39634170
2001-11-03T09:10:00,1,11,3,9,10,0.47883333,26.15000000,42.90916667,0.43938601
2001-11-03T09:20:00,1,11,3,9,20,0.52966667,26.20000000,44.73833333,0.48157488
2001-11-03T09:30:00,1,11,3,9,30,0.58050000,26.25000000,46.56750000,0.52290830
2001-11-03T09:40:00,1,11,3,9,40,0.63133333,26.30000000,48.39666667,0.56338629
2001-11-03T09:50:00,1,11,3,9,50,0.68216667,26.35000000,50.22583333,0.60300884
2001-11-03T10:00:00,1,11,3,10,0,0.73300000,26.40000000,52.05500000,0.64177595
2001-11-03T10:10:00,1,11,3,10,10,0.70450000,27.08333333,51.74083333,0.61784098
2001-11-03T10:20:00,1,11,3,10,20,0.67600000,27.76666667,51.42666667,0.59382364
2001-11-03T10:30:00,1,11,3,10,30,0.64750000,28.45000000,51.11250000,0.56972392
2001-11-03T10:40:00,1,11,3,10,40,0.61900000,29.13333333,50.79833333,0.54554183
2001-11-03T10:50:00,1,11,3,10,50,0.59050000,29.81666667,50.48416667,0.52127736
2001-11-03T11:00:00,1,11,3,11,0,0.56200000,30.50000000,50.17000000,0.49693052
2001-11-03T11:10:00,1,11,3,11,10,0.57583333,30.16666667,50.32083333,0.50876267
2001-11-03T11:20:00,1,11,3,11,20,0.58966667,29.83333333,50.47166667,0.52057562
2001-11-03T11:30:00,1,11,3,11,30,0.60350000,29.50000000,50.62250000,0.53236938
2001-11-03T11:40:00,1,11,3,11,40,0.61733333,29.16666667,50.77333333,0.54414394
2001-11-03T11:50:00,1,11,3,11,50,0.63116667,28.83333333,50.92416667,0.55589931
2001-11-03T12:00:00,1,11,3,12,0,0.64500000,28.50000000,51.07500000,0.56763548
2001-11-03T12:10:00,1,11,3,12,10,0.62766667,28.73333333,50.70166667,0.55345910
2001-11-03T12:20:00,1,11,3,12,20,0.61033333,28.96666667,50.32833333,0.53922319
2001-11-03T12:30:00,1,11,3,12,30,0.59300000,29.20000000,49.95500000,0.52492775
2001-11-03T12:40:00,1,11,3,12,40,0.57566667,29.43333333,49.58166667,0.51057277
2001-11-03T12:50:00,1,11,3,12,50,0.55833333,29.66666667,49.20833333,0.49615826
2001-11-03T13:00:00,1,11,3,13,0,0.54100000,29.90000000,48.83500000,0.48168422
2001-11-03T13:10:00,1,11,3,13,10,0.52950000,29.63333333,48.16583333,0.47307498
2001-11-03T13:20:00,1,11,3,13,20,0.51800000,29.36666667,47.49666667,0.46439494
2001-11-03T13:30:00,1,11,3,13,30,0.50650000,29.10000000,46.82750000,0.45564411
2001-11-03T13:40:00,1,11,3,13,40,0.49500000,28.83333333,46.15833333,0.44682247
2001-11-03T13:50:00,1,11,3,13,50,0.48350000,28.56666667,45.48916667,0.43793004
2001-11-03T14:00:00,1,11,3,14,0,0.47200000,28.30000000,44.82000000,0.42896682
2001-11-03T14:10:00,1,11,3,14,10,0.48416667,28.18333333,45.12916667,0.43933566
2001-11-03T14:20:00,1,11,3,14,20,0.49633333,28.06666667,45.43833333,0.44966989
2001-11-03T14:30:00,1,11,3,14,30,0.50850000,27.95000000,45.74750000,0.45996952
2001-11-03T14:40:00,1,11,3,14,40,0.52066667,27.83333333,46.05666667,0.47023455
2001-11-03T14:50:00,1,11,3,14,50,0.53283333,27.71666667,46.36583333,0.48046496
2001-11-03T15:00:00,1,11,3,15,0,0.54500000,27.60000000,46.67500000,0.49066077
2001-11-03T15:10:00,1,11,3,15,10,0.46650000,27.71666667,44.04416667,0.42563312
2001-11-03T15:20:00,1,11,3,15,20,0.38800000,27.83333333,41.41333333,0.35870548
2001-11-03T15:30:00,1,11,3,15,30,0.30950000,27.95000000,38.78250000,0.28987785
2001-11-03T15:40:00,1,11,3,15,40,0.23100000,28.06666667,36.15166667,0.21915024
2001-11-03T15:50:00,1,11,3,15,50,0.15250000,28.18333333,33.52083333,0.14652264
2001-11-03T16:00:00,1,11,3,16,0,0.07400000,28.30000000,30.89000000,0.07199504
2001-11-03T16:10:00,1,11,3,16,10,0.06683333,27.25000000,29.58916667,0.06542247
2001-11-03T16:20:00,1,11,3,16,20,0.05966667,26.20000000,28.28833333,0.05876413
2001-11-03T16:30:00,1,11,3,16,30,0.05250000,25.15000000,26.98750000,0.05202002
2001-11-03T16:40:00,1,11,3,16,40,0.04533333,24.10000000,25.68666667,0.04519014
2001-11-03T16:50:00,1,11,3,16,50,0.03816667,23.05000000,24.38583333,0.03827449
2001-11-03T17:00:00,1,11,3,17,0,0.03100000,22.00000000,23.08500000,0.03127308
2001-11-03T17:10:00,1,11,3,17,10,0.02733333,21.83333333,22.79000000,0.02761120
2001-11-03T17:20:00,1,11,3,17,20,0.02366667,21.66666667,22.49500000,0.02393938
2001-11-03T17:30:00,1,11,3,17,30,0.02000000,21.50000000,22.20000000,0.02025760
2001-11-03T17:40:00,1,11,3,17,40,0.01633333,21.33333333,21.90500000,0.01656587
2001-11-03T17:50:00,1,11,3,17,50,0.01266667,21.16666667,21.61000000,0.01286419
2001-11-03T18:00:00,1,11,3,18,0,0.00900000,21.00000000,21.31500000,0.00915256
2001-11-03T18:10:00,1,11,3,18,10,0.00750000,20.83333333,21.09583333,0.00763469
2001-11-03T18:20:00,1,11,3,18,20,0.00600000,20.66666667,20.87666667,0.00611380
2001-11-03T18:30:00,1,11,3,18,30,0.00450000,20.50000000,20.65750000,0.00458989
2001-11-03T18:40:00,1,11,3,18,40,0.00300000,20.33333333,20.43833333,0.00306295
2001-11-03T18:50:00,1,11,3,18,50,0.00150000,20.16666667,20.21916667,0.00153299
2001-11-03T19:00:00,1,11,3,19,0,0.00000000,20.00000000,20.00000000,0.00000000
2001-11-03T19:10:00,1,11,3,19,10,0.00000000,19.91666667,19.91666667,0.00000000
2001-11-03T19:20:00,1,11,3,19,20,0.00000000,19.83333333,19.83333333,0.00000000
2001-11-03T19:30:00,1,11,3,19,30,0.00000000,19.75000000,19.75000000,0.00000000
2001-11-03T19:40:00,1,11,3,19,40,0.00000000,19.66666667,19.66666667,0.00000000
2001-11-03T19:50:00,1,11,3,19,50,0.00000000,19.58333333,19.58333333,0.00000000
2001-11-03T20:00:00,1,11,3,20,0,0.00000000,19.50000000,19.50000000,0.00000000
2001-11-03T20:10:00,1,11,3,20,10,0.00000000,19.48333333,19.48333333,0.00000000
2001-11-03T20:20:00,1,11,3,20,20,0.00000000,19.46666667,19.46666667,0.00000000
2001-11-03T20:30:00,1,11,3,20,30,0.00000000,19.45000000,19.45000000,0.00000000
2001-11-03T20:40:00,1,11,3,20,40,0.00000000,19.43333333,19.43333333,0.00000000
2001-11-03T20:50:00,1,11,3,20,50,0.00000000,19.41666667,19.41666667,0.00000000
2001-11-03T21:00:00,1,11,3,21,0,0.00000000,19.40000000,19.40000000,0.00000000
2001-11-03T21:10:00,1,11,3,21,10,0.00000000,19.33333333,19.33333333,0.00000000
2001-11-03T21:20:00,1,11,3,21,20,0.00000000,19.26666667,19.26666667,0.00000000
2001-11-03T21:30:00,1,11,3,21,30,0.00000000,19.20000000,19.20000000,0.00000000
2001-11-03T21:40:00,1,11,3,21,40,0.00000000,19.13333333,19.13333333,0.00000000
2001-11-03T21:50:00,1,11,3,21,50,0.00000000,19.06666667,19.06666667,0.00000000
2001-11-03T22:00:00,1,11,3,22,0,0.00000000,19.00000000,19.00000000,0.00000000
2001-11-03T22:10:00,1,11,3,22,10,0.00000000,18.91666667,18.91666667,0.00000000
2001-11-03T22:20:00,1,11,3,22,20,0.00000000,18.83333333,18.83333333,0.00000000
2001-11-03T22:30:00,1,11,3,22,30,0.00000000,18.75000000,18.75000000,0.00000000
2001-11-03T22:40:00,1,11,3,22,40,0.00000000,18.66666667,18.66666667,0.00000000
2001-11-03T22:50:00,1,11,3,22,50,0.00000000,18.58333333,18.58333333,0.00000000
2001-11-03T23:00:00,1,11,3,23,0,0.00000000,18.50000000,18.50000000,0.00000000
2001-11-03T23:10:00,1,11,3,23,10,0.00000000,18.28333333,18.28333333,0.00000000
2001-11-03T23:20:00,1,11,3,23,20,0.00000000,18.06666667,18.06666667,0.00000000
2001-11-03T23:30:00,1,11,3,23,30,0.00000000,17.85000000,17.85000000,0.00000000
2001-11-03T23:40:00,1,11,3,23,40,0.00000000,17.63333333,17.63333333,0.00000000
2001-11-03T23:50:00,1,11,3,23,50,0.00000000,17.41666667,17.41666667,0.00000000
2001-11-04T00:00:00,1,11,4,0,0,0.00000000,17.20000000,17.20000000,0.00000000
2001-11-04T00:10:00,1,11,4,0,10,0.00000000,17.18333333,17.18333333,0.00000000
2001-11-04T00:20:00,1,11,4,0,20,0.00000000,17.16666667,17.16666667,0.00000000
2001-11-04T00:30:00,1,11,4,0,30,0.00000000,17.15000000,17.15000000,0.00000000
2001-11-04T00:40:00,1,11,4,0,40,0.00000000,17.13333333,17.13333333,0.00000000
2001-11-04T00:50:00,1,11,4,0,50,0.00000000,17.11666667,17.11666667,0.00000000
2001-11-04T01:00:00,1,11,4,1,0,0.00000000,17.10000000,17.10000000,0.00000000
2001-11-04T01:10:00,1,11,4,1,10,0.00000000,16.96666667,16.96666667,0.00000000
2001-11-04T01:20:00,1,11,4,1,20,0.00000000,16.83333333,16.83333333,0.00000000
2001-11-04T01:30:00,1,11,4,1,30,0.00000000,16.70000000,16.70000000,0.00000000
2001-11-04T01:40:00,1,11,4,1,40,0.00000000,16.56666667,16.56666667,0.00000000
2001-11-04T01:50:00,1,11,4,1,50,0.00000000,16.43333333,16.43333333,0.00000000
2001-11-04T02:00:00,1,11,4,2,0,0.00000000,16.30000000,16.30000000,0.00000000
2001-11-04T02:10:00,1,11,4,2,10,0.00000000,16.28333333,16.28333333,0.00000000
2001-11-04T02:20:00,1,11,4,2,20,0.00000000,16.26666667,16.26666667,0.00000000
2001-11-04T02:30:00,1,11,4,2,30,0.00000000,16.25000000,16.25000000,0.00000000
2001-11-04T02:40:00,1,11,4,2,40,0.00000000,16.23333333,16.23333333,0.00000000
2001-11-04T02:50:00,1,11,4,2,50,0.00000000,16.21666667,16.21666667,0.00000000
2001-11-04T03:00:00,1,11,4,3,0,0.00000000,16.20000000,16.20000000,0.00000000
2001-11-04T03:10:00,1,11,4,3,10,0.00000000,16.23333333,16.23333333,0.00000000
2001-11-04T03:20:00,1,11,4,3,20,0.00000000,16.26666667,16.26666667,0.00000000
2001-11-04T03:30:00,1,11,4,3,30,0.00000000,16.30000000,16.30000000,0.00000000
2001-11-04T03:40:00,1,11,4,3,40,0.00000000,16.33333333,16.33333333,0.00000000
2001-11-04T03:50:00,1,11,4,3,50,0.00000000,16.36666667,16.36666667,0.00000000
2001-11-04T04:00:00,1,11,4,4,0,0.00000000,16.40000000,16.40000000,0.00000000
2001-11-04T04:10:00,1,11,4,4,10,0.00166667,16.41666667,16.47500000,0.00173202
2001-11-04T04:20:00,1,11,4,4,20,0.00333333,16.43333333,16.55000000,0.00346290
2001-11-04T04:30:00,1,11,4,4,30,0.00500000,16.45000000,16.62500000,0.00519262
2001-11-04T04:40:00,1,11,4,4,40,0.00666667,16.46666667,16.70000000,0.00692120
2001-11-04T04:50:00,1,11,4,4,50,0.00833333,16.48333333,16.77500000,0.00864863
2001-11-04T05:00:00,1,11,4,5,0,0.01000000,16.50000000,16.85000000,0.01037490
2001-11-04T05:10:00,1,11,4,5,10,0.01933333,16.40000000,17.07666667,0.02003798
2001-11-04T05:20:00,1,11,4,5,20,0.02866667,16.30000000,17.30333333,0.02968160
2001-11-04T05:30:00,1,11,4,5,30,0.03800000,16.20000000,17.53000000,0.03930576
2001-11-04T05:40:00,1,11,4,5,40,0.04733333,16.10000000,17.75666667,0.04891045
2001-11-04T05:50:00,1,11,4,5,50,0.05666667,16.00000000,17.98333333,0.05849568
2001-11-04T06:00:00,1,11,4,6,0,0.06600000,15.90000000,18.21000000,0.06806144
2001-11-04T06:10:00,1,11,4,6,10,0.09250000,16.20000000,19.43750000,0.09486684
2001-11-04T06:20:00,1,11,4,6,20,0.11900000,16.50000000,20.66500000,0.12137298
2001-11-04T06:30:00,1,11,4,6,30,0.14550000,16.80000000,21.89250000,0.14757985
2001-11-04T06:40:00,1,11,4,6,40,0.17200000,17.10000000,23.12000000,0.17348746
2001-11-04T06:50:00,1,11,4,6,50,0.19850000,17.40000000,24.34750000,0.19909580
2001-11-04T07:00:00,1,11,4,7,0,0.22500000,17.70000000,25.57500000,0.22440488
2001-11-04T07:10:00,1,11,4,7,10,0.27416667,18.01666667,27.61250000,0.27087187
2001-11-04T07:20:00,1,11,4,7,20,0.32333333,18.33333333,29.65000000,0.31641723
2001-11-04T07:30:00,1,11,4,7,30,0.37250000,18.65000000,31.68750000,0.36104097
2001-11-04T07:40:00,1,11,4,7,40,0.42166667,18.96666667,33.72500000,0.40474308
2001-11-04T07:50:00,1,11,4,7,50,0.47083333,19.28333333,35.76250000,0.44752355
2001-11-04T08:00:00,1,11,4,8,0,0.52000000,19.60000000,37.80000000,0.48938240
2001-11-04T08:10:00,1,11,4,8,10,0.56600000,20.25000000,40.06000000,0.52678978
2001-11-04T08:20:00,1,11,4,8,20,0.61200000,20.90000000,42.32000000,0.56324074
2001-11-04T08:30:00,1,11,4,8,30,0.65800000,21.55000000,44.58000000,0.59873526
2001-11-04T08:40:00,1,11,4,8,40,0.70400000,22.20000000,46.84000000,0.63327334
2001-11-04T08:50:00,1,11,4,8,50,0.75000000,22.85000000,49.10000000,0.66685500
2001-11-04T09:00:00,1,11,4,9,0,0.79600000,23.50000000,51.36000000,0.69948022
2001-11-04T09:10:00,1,11,4,9,10,0.82983333,23.83333333,52.87750000,0.72341841
2001-11-04T09:20:00,1,11,4,9,20,0.86366667,24.16666667,54.39500000,0.74688425
2001-11-04T09:30:00,1,11,4,9,30,0.89750000,24.50000000,55.91250000,0.76987774
2001-11-04T09:40:00,1,11,4,9,40,0.93133333,24.83333333,57.43000000,0.79239889
2001-11-04T09:50:00,1,11,4,9,50,0.96516667,25.16666667,58.94750000,0.81444769
2001-11-04T10:00:00,1,11,4,10,0,0.99900000,25.50000000,60.46500000,0.83602414
2001-11-04T10:10:00,1,11,4,10,10,0.96716667,25.95000000,59.80083333,0.81233892
2001-11-04T10:20:00,1,11,4,10,20,0.93533333,26.40000000,59.13666667,0.78845919
2001-11-04T10:30:00,1,11,4,10,30,0.90350000,26.85000000,58.47250000,0.76438494
2001-11-04T10:40:00,1,11,4,10,40,0.87166667,27.30000000,57.80833333,0.74011619
2001-11-04T10:50:00,1,11,4,10,50,0.83983333,27.75000000,57.14416667,0.71565292
2001-11-04T11:00:00,1,11,4,11,0,0.80800000,28.20000000,56.48000000,0.69099514
2001-11-04T11:10:00,1,11,4,11,10,0.80233333,28.00000000,56.08166667,0.68761919
2001-11-04T11:20:00,1,11,4,11,20,0.79666667,27.80000000,55.68333333,0.68422248
2001-11-04T11:30:00,1,11,4,11,30,0.79100000,27.60000000,55.28500000,0.68080500
2001-11-04T11:40:00,1,11,4,11,40,0.78533333,27.40000000,54.88666667,0.67736675
2001-11-04T11:50:00,1,11,4,11,50,0.77966667,27.20000000,54.48833333,0.67390774
2001-11-04T12:00:00,1,11,4,12,0,0.77400000,27.00000000,54.09000000,0.67042796
2001-11-04T12:10:00,1,11,4,12,10,0.73466667,27.00000000,52.71333333,0.64101038
2001-11-04T12:20:00,1,11,4,12,20,0.69533333,27.00000000,51.33666667,0.61109463
2001-11-04T12:30:00,1,11,4,12,30,0.65600000,27.00000000,49.96000000,0.58068070
2001-11-04T12:40:00,1,11,4,12,40,0.61666667,27.00000000,48.58333333,0.54976861
2001-11-04T12:50:00,1,11,4,12,50,0.57733333,27.00000000,47.20666667,0.51835835
2001-11-04T13:00:00,1,11,4,13,0,0.53800000,27.00000000,45.83000000,0.48644992
2001-11-04T13:10:00,1,11,4,13,10,0.51700000,26.71666667,44.81166667,0.46988389
2001-11-04T13:20:00,1,11,4,13,20,0.49600000,26.43333333,43.79333333,0.45312113
2001-11-04T13:30:00,1,11,4,13,30,0.47500000,26.15000000,42.77500000,0.43616162
2001-11-04T13:40:00,1,11,4,13,40,0.45400000,25.86666667,41.75666667,0.41900538
2001-11-04T13:50:00,1,11,4,13,50,0.43300000,25.58333333,40.73833333,0.40165239
2001-11-04T14:00:00,1,11,4,14,0,0.41200000,25.30000000,39.72000000,0.38410266
2001-11-04T14:10:00,1,11,4,14,10,0.38683333,25.15000000,38.68916667,0.36247437
2001-11-04T14:20:00,1,11,4,14,20,0.36166667,25.00000000,37.65833333,0.34060742
2001-11-04T14:30:00,1,11,4,14,30,0.33650000,24.85000000,36.62750000,0.31850179
2001-11-04T14:40:00,1,11,4,14,40,0.31133333,24.70000000,35.59666667,0.29615749
2001-11-04T14:50:00,1,11,4,14,50,0.28616667,24.55000000,34.56583333,0.27357452
2001-11-04T15:00:00,1,11,4,15,0,0.26100000,24.40000000,33.53500000,0.25075288
2001-11-04T15:10:00,1,11,4,15,10,0.25333333,24.11666667,32.98333333,0.24403009
2001-11-04T15:20:00,1,11,4,15,20,0.24566667,23.83333333,32.43166667,0.23726839
2001-11-04T15:30:00,1,11,4,15,30,0.23800000,23.55000000,31.88000000,0.23046778
2001-11-04T15:40:00,1,11,4,15,40,0.23033333,23.26666667,31.32833333,0.22362825
2001-11-04T15:50:00,1,11,4,15,50,0.22266667,22.98333333,30.77666667,0.21674982
2001-11-04T16:00:00,1,11,4,16,0,0.21500000,22.70000000,30.22500000,0.20983247
2001-11-04T16:10:00,1,11,4,16,10,0.19183333,22.66666667,29.38083333,0.18796754
2001-11-04T16:20:00,1,11,4,16,20,0.16866667,22.63333333,28.53666667,0.16592268
2001-11-04T16:30:00,1,11,4,16,30,0.14550000,22.60000000,27.69250000,0.14369791
2001-11-04T16:40:00,1,11,4,16,40,0.12233333,22.56666667,26.84833333,0.12129321
2001-11-04T16:50:00,1,11,4,16,50,0.09916667,22.53333333,26.00416667,0.09870860
2001-11-04T17:00:00,1,11,4,17,0,0.07600000,22.50000000,25.16000000,0.07594406
2001-11-04T17:10:00,1,11,4,17,10,0.06550000,22.15000000,24.44250000,0.06566797
2001-11-04T17:20:00,1,11,4,17,20,0.05500000,21.80000000,23.72500000,0.05532257
2001-11-04T17:30:00,1,11,4,17,30,0.04450000,21.45000000,23.00750000,0.04490786
2001-11-04T17:40:00,1,11,4,17,40,0.03400000,21.10000000,22.29000000,0.03442384
2001-11-04T17:50:00,1,11,4,17,50,0.02350000,20.75000000,21.57250000,0.02387051
2001-11-04T18:00:00,1,11,4,18,0,0.01300000,20.40000000,20.85500000,0.01324787
2001-11-04T18:10:00,1,11,4,18,10,0.01083333,20.26666667,20.64583333,0.01105032
2001-11-04T18:20:00,1,11,4,18,20,0.00866667,20.13333333,20.43666667,0.00884859
2001-11-04T18:30:00,1,11,4,18,30,0.00650000,20.00000000,20.22750000,0.00664270
2001-11-04T18:40:00,1,11,4,18,40,0.00433333,19.86666667,20.01833333,0.00443263
2001-11-04T18:50:00,1,11,4,18,50,0.00216667,19.73333333,19.80916667,0.00221840
2001-11-04T19:00:00,1,11,4,19,0,0.00000000,19.60000000,19.60000000,0.00000000
2001-11-04T19:10:00,1,11,4,19,10,0.00000000,19.53333333,19.53333333,0.00000000
2001-11-04T19:20:00,1,11,4,19,20,0.00000000,19.46666667,19.46666667,0.00000000
2001-11-04T19:30:00,1,11,4,19,30,0.00000000,19.40000000,19.40000000,0.00000000
2001-11-04T19:40:00,1,11,4,19,40,0.00000000,19.33333333,19.33333333,0.00000000
2001-11-04T19:50:00,1,11,4,19,50,0.00000000,19.26666667,19.26666667,0.00000000
2001-11-04T20:00:00,1,11,4,20,0,0.00000000,19.20000000,19.20000000,0.00000000
2001-11-04T20:10:00,1,11,4,20,10,0.00000000,18.96666667,18.96666667,0.00000000
2001-11-04T20:20:00,1,11,4,20,20,0.00000000,18.73333333,18.73333333,0.00000000
2001-11-04T20:30:00,1,11,4,20,30,0.00000000,18.50000000,18.50000000,0.00000000
2001-11-04T20:40:00,1,11,4,20,40,0.00000000,18.26666667,18.26666667,0.00000000
2001-11-04T20:50:00,1,11,4,20,50,0.00000000,18.03333333,18.03333333,0.00000000
2001-11-04T21:00:00,1,11,4,21,0,0.00000000,17.80000000,17.80000000,0.00000000
2001-11-04T21:10:00,1,11,4,21,10,0.00000000,17.78333333,17.78333333,0.00000000
2001-11-04T21:20:00,1,11,4,21,20,0.00000000,17.76666667,17.76666667,0.00000000
2001-11-04T21:30:00,1,11,4,21,30,0.00000000,17.75000000,17.75000000,0.00000000
2001-11-04T21:40:00,1,11,4,21,40,0.00000000,17.73333333,17.73333333,0.00000000
2001-11-04T21:50:00,1,11,4,21,50,0.00000000,17.71666667,17.71666667,0.00000000
2001-11-04T22:00:00,1,11,4,22,0,0.00000000,17.70000000,17.70000000,0.00000000
2001-11-04T22:10:00,1,11,4,22,10,0.00000000,17.61666667,17.61666667,0.00000000
2001-11-04T22:20:00,1,11,4,22,20,0.00000000,17.53333333,17.53333333,0.00000000
2001-11-04T22:30:00,1,11,4,22,30,0.00000000,17.45000000,17.45000000,0.00000000
2001-11-04T22:40:00,1,11,4,22,40,0.00000000,17.36666667,17.36666667,0.00000000
2001-11-04T22:50:00,1,11,4,22,50,0.00000000,17.28333333,17.28333333,0.00000000
2001-11-04T23:00:00,1,11,4,23,0,0.00000000,17.20000000,17.20000000,0.00000000
2001-11-04T23:10:00,1,11,4,23,10,0.00000000,17.25000000,17.25000000,0.00000000
2001-11-04T23:20:00,1,11,4,23,20,0.00000000,17.30000000,17.30000000,0.00000000
2001-11-04T23:30:00,1,11,4,23,30,0.00000000,17.35000000,17.35000000,0.00000000
2001-11-04T23:40:00,1,11,4,23,40,0.00000000,17.40000000,17.40000000,0.00000000
2001-11-04T23:50:00,1,11,4,23,50,0.00000000,17.45000000,17.45000000,0.00000000
2001-11-05T00:00:00,1,11,5,0,0,0.00000000,17.50000000,17.50000000,0.00000000
2001-11-05T00:10:00,1,11,5,0,10,0.00000000,17.50000000,17.50000000,0.00000000
2001-11-05T00:20:00,1,11,5,0,20,0.00000000,17.50000000,17.50000000,0.00000000
2001-11-05T00:30:00,1,11,5,0,30,0.00000000,17.50000000,17.50000000,0.00000000
2001-11-05T00:40:00,1,11,5,0,40,0.00000000,17.50000000,17.50000000,0.00000000
2001-11-05T00:50:00,1,11,5,0,50,0.00000000,17.50000000,17.50000000,0.00000000
2001-11-05T01:00:00,1,11,5,1,0,0.00000000,17.50000000,17.50000000,0.00000000
2001-11-05T01:10:00,1,11,5,1,10,0.00000000,17.50000000,17.50000000,0.00000000
2001-11-05T01:20:00,1,11,5,1,20,0.00000000,17.50000000,17.50000000,0.00000000
2001-11-05T01:30:00,1,11,5,1,30,0.00000000,17.50000000,17.50000000,0.00000000
2001-11-05T01:40:00,1,11,5,1,40,0.00000000,17.50000000,17.50000000,0.00000000
2001-11-05T01:50:00,1,11,5,1,50,0.00000000,17.50000000,17.50000000,0.00000000
2001-11-05T02:00:00,1,11,5,2,0,0.00000000,17.50000000,17.50000000,0.00000000
2001-11-05T02:10:00,1,11,5,2,10,0.00000000,17.48333333,17.48333333,0.00000000
2001-11-05T02:20:00,1,11,5,2,20,0.00000000,17.46666667,17.46666667,0.00000000
2001-11-05T02:30:00,1,11,5,2,30,0.00000000,17.45000000,17.45000000,0.00000000
2001-11-05T02:40:00,1,11,5,2,40,0.00000000,17.43333333,17.43333333,0.00000000
2001-11-05T02:50:00,1,11,5,2,50,0.00000000,17.41666667,17.41666667,0.00000000
2001-11-05T03:00:00,1,11,5,3,0,0.00000000,17.40000000,17.40000000,0.00000000
2001-11-05T03:10:00,1,11,5,3,10,0.00000000,17.33333333,17.33333333,0.00000000
2001-11-05T03:20:00,1,11,5,3,20,0.00000000,17.26666667,17.26666667,0.00000000
2001-11-05T03:30:00,1,11,5,3,30,0.00000000,17.20000000,17.20000000,0.00000000
2001-11-05T03:40:00,1,11,5,3,40,0.00000000,17.13333333,17.13333333,0.00000000
2001-11-05T03:50:00,1,11,5,3,50,0.00000000,17.06666667,17.06666667,0.00000000
2001-11-05T04:00:00,1,11,5,4,0,0.00000000,17.00000000,17.00000000,0.00000000
2001-11-05T04:10:00,1,11,5,4,10,0.00116667,16.93333333,16.97416667,0.00120974
2001-11-05T04:20:00,1,11,5,4,20,0.00233333,16.86666667,16.94833333,0.00241975
2001-11-05T04:30:00,1,11,5,4,30,0.00350000,16.80000000,16.92250000,0.00363005
2001-11-05T04:40:00,1,11,5,4,40,0.00466667,16.73333333,16.89666667,0.00484062
2001-11-05T04:50:00,1,11,5,4,50,0.00583333,16.66666667,16.87083333,0.00605147
2001-11-05T05:00:00,1,11,5,5,0,0.00700000,16.60000000,16.84500000,0.00726259
2001-11-05T05:10:00,1,11,5,5,10,0.03016667,16.73333333,17.78916667,0.03116729
2001-11-05T05:20:00,1,11,5,5,20,0.05333333,16.86666667,18.73333333,0.05487076
2001-11-05T05:30:00,1,11,5,5,30,0.07650000,17.00000000,19.67750000,0.07837299
2001-11-05T05:40:00,1,11,5,5,40,0.09966667,17.13333333,20.62166667,0.10167399
2001-11-05T05:50:00,1,11,5,5,50,0.12283333,17.26666667,21.56583333,0.12477375
2001-11-05T06:00:00,1,11,5,6,0,0.14600000,17.40000000,22.51000000,0.14767228
2001-11-05T06:10:00,1,11,5,6,10,0.18233333,17.55000000,23.93166667,0.18322938
2001-11-05T06:20:00,1,11,5,6,20,0.21866667,17.70000000,25.35333333,0.21831126
2001-11-05T06:30:00,1,11,5,6,30,0.25500000,17.85000000,26.77500000,0.25291792
2001-11-05T06:40:00,1,11,5,6,40,0.29133333,18.00000000,28.19666667,0.28704937
2001-11-05T06:50:00,1,11,5,6,50,0.32766667,18.15000000,29.61833333,0.32070561
2001-11-05T07:00:00,1,11,5,7,0,0.36400000,18.30000000,31.04000000,0.35388662
2001-11-05T07:10:00,1,11,5,7,10,0.35200000,18.71666667,31.03666667,0.34222543
2001-11-05T07:20:00,1,11,5,7,20,0.34000000,19.13333333,31.03333333,0.33056387
2001-11-05T07:30:00,1,11,5,7,30,0.32800000,19.55000000,31.03000000,0.31890194
2001-11-05T07:40:00,1,11,5,7,40,0.31600000,19.96666667,31.02666667,0.30723964
2001-11-05T07:50:00,1,11,5,7,50,0.30400000,20.38333333,31.02333333,0.29557697
2001-11-05T08:00:00,1,11,5,8,0,0.29200000,20.80000000,31.02000000,0.28391394
2001-11-05T08:10:00,1,11,5,8,10,0.28833333,20.76666667,30.85833333,0.28056323
2001-11-05T08:20:00,1,11,5,8,20,0.28466667,20.73333333,30.69666667,0.27720707
2001-11-05T08:30:00,1,11,5,8,30,0.28100000,20.70000000,30.53500000,0.27384546
2001-11-05T08:40:00,1,11,5,8,40,0.27733333,20.66666667,30.37333333,0.27047839
2001-11-05T08:50:00,1,11,5,8,50,0.27366667,20.63333333,30.21166667,0.26710587
2001-11-05T09:00:00,1,11,5,9,0,0.27000000,20.60000000,30.05000000,0.26372790
2001-11-05T09:10:00,1,11,5,9,10,0.35016667,20.56666667,32.82250000,0.33756644
2001-11-05T09:20:00,1,11,5,9,20,0.43033333,20.53333333,35.59500000,0.40936018
2001-11-05T09:30:00,1,11,5,9,30,0.51050000,20.50000000,38.36750000,0.47910910
2001-11-05T09:40:00,1,11,5,9,40,0.59066667,20.46666667,41.14000000,0.54681321
2001-11-05T09:50:00,1,11,5,9,50,0.67083333,20.43333333,43.91250000,0.61247251
2001-11-05T10:00:00,1,11,5,10,0,0.75100000,20.40000000,46.68500000,0.67608700
2001-11-05T10:10:00,1,11,5,10,10,0.76316667,21.00000000,47.71083333,0.68343877
2001-11-05T10:20:00,1,11,5,10,20,0.77533333,21.60000000,48.73666667,0.69067572
2001-11-05T10:30:00,1,11,5,10,30,0.78750000,22.20000000,49.76250000,0.69779784
2001-11-05T10:40:00,1,11,5,10,40,0.79966667,22.80000000,50.78833333,0.70480514
2001-11-05T10:50:00,1,11,5,10,50,0.81183333,23.40000000,51.81416667,0.71169762
2001-11-05T11:00:00,1,11,5,11,0,0.82400000,24.00000000,52.84000000,0.71847526
2001-11-05T11:10:00,1,11,5,11,10,0.82433333,24.05000000,52.90166667,0.71853207
2001-11-05T11:20:00,1,11,5,11,20,0.82466667,24.10000000,52.96333333,0.71858869
2001-11-05T11:30:00,1,11,5,11,30,0.82500000,24.15000000,53.02500000,0.71864513
2001-11-05T11:40:00,1,11,5,11,40,0.82533333,24.20000000,53.08666667,0.71870137
2001-11-05T11:50:00,1,11,5,11,50,0.82566667,24.25000000,53.14833333,0.71875742
2001-11-05T12:00:00,1,11,5,12,0,0.82600000,24.30000000,53.21000000,0.71881328
2001-11-05T12:10:00,1,11,5,12,10,0.74200000,24.36666667,50.33666667,0.65552089
2001-11-05T12:20:00,1,11,5,12,20,0.65800000,24.43333333,47.46333333,0.59000798
2001-11-05T12:30:00,1,11,5,12,30,0.57400000,24.50000000,44.59000000,0.52227456
2001-11-05T12:40:00,1,11,5,12,40,0.49000000,24.56666667,41.71666667,0.45232063
2001-11-05T12:50:00,1,11,5,12,50,0.40600000,24.63333333,38.84333333,0.38014619
2001-11-05T13:00:00,1,11,5,13,0,0.32200000,24.70000000,35.97000000,0.30575124
2001-11-05T13:10:00,1,11,5,13,10,0.30733333,24.16666667,34.92333333,0.29330439
2001-11-05T13:20:00,1,11,5,13,20,0.29266667,23.63333333,33.87666667,0.28071631
2001-11-05T13:30:00,1,11,5,13,30,0.27800000,23.10000000,32.83000000,0.26798700
2001-11-05T13:40:00,1,11,5,13,40,0.26333333,22.56666667,31.78333333,0.25511646
2001-11-05T13:50:00,1,11,5,13,50,0.24866667,22.03333333,30.73666667,0.24210468
2001-11-05T14:00:00,1,11,5,14,0,0.23400000,21.50000000,29.69000000,0.22895168
2001-11-05T14:10:00,1,11,5,14,10,0.26683333,21.55000000,30.88916667,0.25960477
2001-11-05T14:20:00,1,11,5,14,20,0.29966667,21.60000000,32.08833333,0.28989564
2001-11-05T14:30:00,1,11,5,14,30,0.33250000,21.65000000,33.28750000,0.31982427
2001-11-05T14:40:00,1,11,5,14,40,0.36533333,21.70000000,34.48666667,0.34939067
2001-11-05T14:50:00,1,11,5,14,50,0.39816667,21.75000000,35.68583333,0.37859485
2001-11-05T15:00:00,1,11,5,15,0,0.43100000,21.80000000,36.88500000,0.40743680
2001-11-05T15:10:00,1,11,5,15,10,0.39816667,21.93333333,35.86916667,0.37825906
2001-11-05T15:20:00,1,11,5,15,20,0.36533333,22.06666667,34.85333333,0.34877448
2001-11-05T15:30:00,1,11,5,15,30,0.33250000,22.20000000,33.83750000,0.31898304
2001-11-05T15:40:00,1,11,5,15,40,0.29966667,22.33333333,32.82166667,0.28888476
2001-11-05T15:50:00,1,11,5,15,50,0.26683333,22.46666667,31.80583333,0.25847963
2001-11-05T16:00:00,1,11,5,16,0,0.23400000,22.60000000,30.79000000,0.22776764
2001-11-05T16:10:00,1,11,5,16,10,0.20350000,22.40000000,29.52250000,0.19926649
2001-11-05T16:20:00,1,11,5,16,20,0.17300000,22.20000000,28.25500000,0.17040967
2001-11-05T16:30:00,1,11,5,16,30,0.14250000,22.00000000,26.98750000,0.14119719
2001-11-05T16:40:00,1,11,5,16,40,0.11200000,21.80000000,25.72000000,0.11162906
2001-11-05T16:50:00,1,11,5,16,50,0.08150000,21.60000000,24.45250000,0.08170526
2001-11-05T17:00:00,1,11,5,17,0,0.05100000,21.40000000,23.18500000,0.05142580
2001-11-05T17:10:00,1,11,5,17,10,0.04416667,21.16666667,22.71250000,0.04463141
2001-11-05T17:20:00,1,11,5,17,20,0.03733333,20.93333333,22.24000000,0.03780732
2001-11-05T17:30:00,1,11,5,17,30,0.03050000,20.70000000,21.76750000,0.03095352
2001-11-05T17:40:00,1,11,5,17,40,0.02366667,20.46666667,21.29500000,0.02407002
2001-11-05T17:50:00,1,11,5,17,50,0.01683333,20.23333333,20.82250000,0.01715681
2001-11-05T18:00:00,1,11,5,18,0,0.01000000,20.00000000,20.35000000,0.01021390
2001-11-05T18:10:00,1,11,5,18,10,0.00833333,19.96666667,20.25833333,0.00851510
2001-11-05T18:20:00,1,11,5,18,20,0.00666667,19.93333333,20.16666667,0.00681489
2001-11-05T18:30:00,1,11,5,18,30,0.00500000,19.90000000,20.07500000,0.00511328
2001-11-05T18:40:00,1,11,5,18,40,0.00333333,19.86666667,19.98333333,0.00341026
2001-11-05T18:50:00,1,11,5,18,50,0.00166667,19.83333333,19.89166667,0.00170583
2001-11-05T19:00:00,1,11,5,19,0,0.00000000,19.80000000,19.80000000,0.00000000
2001-11-05T19:10:00,1,11,5,19,10,0.00000000,19.71666667,19.71666667,0.00000000
2001-11-05T19:20:00,1,11,5,19,20,0.00000000,19.63333333,19.63333333,0.00000000
2001-11-05T19:30:00,1,11,5,19,30,0.00000000,19.55000000,19.55000000,0.00000000
2001-11-05T19:40:00,1,11,5,19,40,0.00000000,19.46666667,19.46666667,0.00000000
2001-11-05T19:50:00,1,11,5,19,50,0.00000000,19.38333333,19.38333333,0.00000000
2001-11-05T20:00:00,1,11,5,20,0,0.00000000,19.30000000,19.30000000,0.00000000
2001-11-05T20:10:00,1,11,5,20,10,0.00000000,19.33333333,19.33333333,0.00000000
2001-11-05T20:20:00,1,11,5,20,20,0.00000000,19.36666667,19.36666667,0.00000000
2001-11-05T20:30:00,1,11,5,20,30,0.00000000,19.40000000,19.40000000,0.00000000
2001-11-05T20:40:00,1,11,5,20,40,0.00000000,19.43333333,19.43333333,0.00000000
2001-11-05T20:50:00,1,11,5,20,50,0.00000000,19.46666667,19.46666667,0.00000000
2001-11-05T21:00:00,1,11,5,21,0,0.00000000,19.50000000,19.50000000,0.00000000
2001-11-05T21:10:00,1,11,5,21,10,0.00000000,19.43333333,19.43333333,0.00000000
2001-11-05T21:20:00,1,11,5,21,20,0.00000000,19.36666667,19.36666667,0.00000000
2001-11-05T21:30:00,1,11,5,21,30,0.00000000,19.30000000,19.30000000,0.00000000
2001-11-05T21:40:00,1,11,5,21,40,0.00000000,19.23333333,19.23333333,0.00000000
2001-11-05T21:50:00,1,11,5,21,50,0.00000000,19.16666667,19.16666667,0.00000000
2001-11-05T22:00:00,1,11,5,22,0,0.00000000,19.10000000,19.10000000,0.00000000
2001-11-05T22:10:00,1,11,5,22,10,0.00000000,18.91666667,18.91666667,0.00000000
2001-11-05T22:20:00,1,11,5,22,20,0.00000000,18.73333333,18.73333333,0.00000000
2001-11-05T22:30:00,1,11,5,22,30,0.00000000,18.55000000,18.55000000,0.00000000
2001-11-05T22:40:00,1,11,5,22,40,0.00000000,18.36666667,18.36666667,0.00000000
2001-11-05T22:50:00,1,11,5,22,50,0.00000000,18.18333333,18.18333333,0.00000000
2001-11-05T23:00:00,1,11,5,23,0,0.00000000,18.00000000,18.00000000,0.00000000
2001-11-05T23:10:00,1,11,5,23,10,0.00000000,17.86666667,17.86666667,0.00000000
2001-11-05T23:20:00,1,11,5,23,20,0.00000000,17.73333333,17.73333333,0.00000000
2001-11-05T23:30:00,1,11,5,23,30,0.00000000,17.60000000,17.60000000,0.00000000
2001-11-05T23:40:00,1,11,5,23,40,0.00000000,17.46666667,17.46666667,0.00000000
2001-11-05T23:50:00,1,11,5,23,50,0.00000000,17.33333333,17.33333333,0.00000000
2001-11-06T00:00:00,1,11,6,0,0,0.00000000,17.20000000,17.20000000,0.00000000
2001-11-06T00:10:00,1,11,6,0,10,0.00000000,17.18333333,17.18333333,0.00000000
2001-11-06T00:20:00,1,11,6,0,20,0.00000000,17.16666667,17.16666667,0.00000000
2001-11-06T00:30:00,1,11,6,0,30,0.00000000,17.15000000,17.15000000,0.00000000
2001-11-06T00:40:00,1,11,6,0,40,0.00000000,17.13333333,17.13333333,0.00000000
2001-11-06T00:50:00,1,11,6,0,50,0.00000000,17.11666667,17.11666667,0.00000000
2001-11-06T01:00:00,1,11,6,1,0,0.00000000,17.10000000,17.10000000,0.00000000
2001-11-06T01:10:00,1,11,6,1,10,0.00000000,17.05000000,17.05000000,0.00000000
2001-11-06T01:20:00,1,11,6,1,20,0.00000000,17.00000000,17.00000000,0.00000000
2001-11-06T01:30:00,1,11,6,1,30,0.00000000,16.95000000,16.95000000,0.00000000
2001-11-06T01:40:00,1,11,6,1,40,0.00000000,16.90000000,16.90000000,0.00000000
2001-11-06T01:50:00,1,11,6,1,50,0.00000000,16.85000000,16.85000000,0.00000000
2001-11-06T02:00:00,1,11,6,2,0,0.00000000,16.80000000,16.80000000,0.00000000
2001-11-06T02:10:00,1,11,6,2,10,0.00000000,16.80000000,16.80000000,0.00000000
2001-11-06T02:20:00,1,11,6,2,20,0.00000000,16.80000000,16.80000000,0.00000000
2001-11-06T02:30:00,1,11,6,2,30,0.00000000,16.80000000,16.80000000,0.00000000
2001-11-06T02:40:00,1,11,6,2,40,0.00000000,16.80000000,16.80000000,0.00000000
2001-11-06T02:50:00,1,11,6,2,50,0.00000000,16.80000000,16.80000000,0.00000000
2001-11-06T03:00:00,1,11,6,3,0,0.00000000,16.80000000,16.80000000,0.00000000
2001-11-06T03:10:00,1,11,6,3,10,0.00000000,16.66666667,16.66666667,0.00000000
2001-11-06T03:20:00,1,11,6,3,20,0.00000000,16.53333333,16.53333333,0.00000000
2001-11-06T03:30:00,1,11,6,3,30,0.00000000,16.40000000,16.40000000,0.00000000
2001-11-06T03:40:00,1,11,6,3,40,0.00000000,16.26666667,16.26666667,0.00000000
2001-11-06T03:50:00,1,11,6,3,50,0.00000000,16.13333333,16.13333333,0.00000000
2001-11-06T04:00:00,1,11,6,4,0,0.00000000,16.00000000,16.00000000,0.00000000
2001-11-06T04:10:00,1,11,6,4,10,0.00216667,16.08333333,16.15916667,0.00225478
2001-11-06T04:20:00,1,11,6,4,20,0.00433333,16.16666667,16.31833333,0.00450639
2001-11-06T04:30:00,1,11,6,4,30,0.00650000,16.25000000,16.47750000,0.00675482
2001-11-06T04:40:00,1,11,6,4,40,0.00866667,16.33333333,16.63666667,0.00900008
2001-11-06T04:50:00,1,11,6,4,50,0.01083333,16.41666667,16.79583333,0.01124217
2001-11-06T05:00:00,1,11,6,5,0,0.01300000,16.50000000,16.95500000,0.01348109
2001-11-06T05:10:00,1,11,6,5,10,0.03466667,16.35000000,17.56333333,0.03585257
2001-11-06T05:20:00,1,11,6,5,20,0.05633333,16.20000000,18.17166667,0.05810278
2001-11-06T05:30:00,1,11,6,5,30,0.07800000,16.05000000,18.78000000,0.08023174
2001-11-06T05:40:00,1,11,6,5,40,0.09966667,15.90000000,19.38833333,0.10223943
2001-11-06T05:50:00,1,11,6,5,50,0.12133333,15.75000000,19.99666667,0.12412586
2001-11-06T06:00:00,1,11,6,6,0,0.14300000,15.60000000,20.60500000,0.14589103
2001-11-06T06:10:00,1,11,6,6,10,0.18350000,16.10000000,22.52250000,0.18559126
2001-11-06T06:20:00,1,11,6,6,20,0.22400000,16.60000000,24.44000000,0.22457702
2001-11-06T06:30:00,1,11,6,6,30,0.26450000,17.10000000,26.35750000,0.26284833
2001-11-06T06:40:00,1,11,6,6,40,0.30500000,17.60000000,28.27500000,0.30040517
2001-11-06T06:50:00,1,11,6,6,50,0.34550000,18.10000000,30.19250000,0.33724756
2001-11-06T07:00:00,1,11,6,7,0,0.38600000,18.60000000,32.11000000,0.37337548
2001-11-06T07:10:00,1,11,6,7,10,0.42850000,19.03333333,34.03083333,0.41069932
2001-11-06T07:20:00,1,11,6,7,20,0.47100000,19.46666667,35.95166667,0.44727212
2001-11-06T07:30:00,1,11,6,7,30,0.51350000,19.90000000,37.87250000,0.48309387
2001-11-06T07:40:00,1,11,6,7,40,0.55600000,20.33333333,39.79333333,0.51816457
2001-11-06T07:50:00,1,11,6,7,50,0.59850000,20.76666667,41.71416667,0.55248423
2001-11-06T08:00:00,1,11,6,8,0,0.64100000,21.20000000,43.63500000,0.58605284
2001-11-06T08:10:00,1,11,6,8,10,0.67300000,21.61666667,45.17166667,0.61055255
2001-11-06T08:20:00,1,11,6,8,20,0.70500000,22.03333333,46.70833333,0.63459988
2001-11-06T08:30:00,1,11,6,8,30,0.73700000,22.45000000,48.24500000,0.65819480
2001-11-06T08:40:00,1,11,6,8,40,0.76900000,22.86666667,49.78166667,0.68133733
2001-11-06T08:50:00,1,11,6,8,50,0.80100000,23.28333333,51.31833333,0.70402747
2001-11-06T09:00:00,1,11,6,9,0,0.83300000,23.70000000,52.85500000,0.72626521
2001-11-06T09:10:00,1,11,6,9,10,0.84383333,24.08333333,53.61750000,0.73275069
2001-11-06T09:20:00,1,11,6,9,20,0.85466667,24.46666667,54.38000000,0.73916018
2001-11-06T09:30:00,1,11,6,9,30,0.86550000,24.85000000,55.14250000,0.74549366
2001-11-06T09:40:00,1,11,6,9,40,0.87633333,25.23333333,55.90500000,0.75175116
2001-11-06T09:50:00,1,11,6,9,50,0.88716667,25.61666667,56.66750000,0.75793265
2001-11-06T10:00:00,1,11,6,10,0,0.89800000,26.00000000,57.43000000,0.76403816
2001-11-06T10:10:00,1,11,6,10,10,0.91016667,26.10000000,57.95583333,0.77218828
2001-11-06T10:20:00,1,11,6,10,20,0.92233333,26.20000000,58.48166667,0.78027955
2001-11-06T10:30:00,1,11,6,10,30,0.93450000,26.30000000,59.00750000,0.78831196
2001-11-06T10:40:00,1,11,6,10,40,0.94666667,26.40000000,59.53333333,0.79628551
2001-11-06T10:50:00,1,11,6,10,50,0.95883333,26.50000000,60.05916667,0.80420020
2001-11-06T11:00:00,1,11,6,11,0,0.97100000,26.60000000,60.58500000,0.81205604
2001-11-06T11:10:00,1,11,6,11,10,0.95516667,26.78333333,60.21416667,0.80044383
2001-11-06T11:20:00,1,11,6,11,20,0.93933333,26.96666667,59.84333333,0.78877761
2001-11-06T11:30:00,1,11,6,11,30,0.92350000,27.15000000,59.47250000,0.77705737
2001-11-06T11:40:00,1,11,6,11,40,0.90766667,27.33333333,59.10166667,0.76528311
2001-11-06T11:50:00,1,11,6,11,50,0.89183333,27.51666667,58.73083333,0.75345484
2001-11-06T12:00:00,1,11,6,12,0,0.87600000,27.70000000,58.36000000,0.74157254
2001-11-06T12:10:00,1,11,6,12,10,0.89566667,27.63333333,58.98166667,0.75565993
2001-11-06T12:20:00,1,11,6,12,20,0.91533333,27.56666667,59.60333333,0.76963484
2001-11-06T12:30:00,1,11,6,12,30,0.93500000,27.50000000,60.22500000,0.78349727
2001-11-06T12:40:00,1,11,6,12,40,0.95466667,27.43333333,60.84666667,0.79724722
2001-11-06T12:50:00,1,11,6,12,50,0.97433333,27.36666667,61.46833333,0.81088469
2001-11-06T13:00:00,1,11,6,13,0,0.99400000,27.30000000,62.09000000,0.82440968
2001-11-06T13:10:00,1,11,6,13,10,0.94083333,27.43333333,60.36250000,0.78779033
2001-11-06T13:20:00,1,11,6,13,20,0.88766667,27.56666667,58.63500000,0.75032599
2001-11-06T13:30:00,1,11,6,13,30,0.83450000,27.70000000,56.90750000,0.71201668
2001-11-06T13:40:00,1,11,6,13,40,0.78133333,27.83333333,55.18000000,0.67286239
2001-11-06T13:50:00,1,11,6,13,50,0.72816667,27.96666667,53.45250000,0.63286312
2001-11-06T14:00:00,1,11,6,14,0,0.67500000,28.10000000,51.72500000,0.59201888
2001-11-06T14:10:00,1,11,6,14,10,0.65883333,27.73333333,50.79250000,0.58066572
2001-11-06T14:20:00,1,11,6,14,20,0.64266667,27.36666667,49.86000000,0.56917388
2001-11-06T14:30:00,1,11,6,14,30,0.62650000,27.00000000,48.92750000,0.55754334
2001-11-06T14:40:00,1,11,6,14,40,0.61033333,26.63333333,47.99500000,0.54577410
2001-11-06T14:50:00,1,11,6,14,50,0.59416667,26.26666667,47.06250000,0.53386618
2001-11-06T15:00:00,1,11,6,15,0,0.57800000,25.90000000,46.13000000,0.52181956
2001-11-06T15:10:00,1,11,6,15,10,0.54066667,25.58333333,44.50666667,0.49215229
2001-11-06T15:20:00,1,11,6,15,20,0.50333333,25.26666667,42.88333333,0.46192746
2001-11-06T15:30:00,1,11,6,15,30,0.46600000,24.95000000,41.26000000,0.43114506
2001-11-06T15:40:00,1,11,6,15,40,0.42866667,24.63333333,39.63666667,0.39980511
2001-11-06T15:50:00,1,11,6,15,50,0.39133333,24.31666667,38.01333333,0.36790760
2001-11-06T16:00:00,1,11,6,16,0,0.35400000,24.00000000,36.39000000,0.33545252
2001-11-06T16:10:00,1,11,6,16,10,0.32183333,23.65000000,34.91416667,0.30715607
2001-11-06T16:20:00,1,11,6,16,20,0.28966667,23.30000000,33.43833333,0.27842287
2001-11-06T16:30:00,1,11,6,16,30,0.25750000,22.95000000,31.96250000,0.24925292
2001-11-06T16:40:00,1,11,6,16,40,0.22533333,22.60000000,30.48666667,0.21964622
2001-11-06T16:50:00,1,11,6,16,50,0.19316667,22.25000000,29.01083333,0.18960277
2001-11-06T17:00:00,1,11,6,17,0,0.16100000,21.90000000,27.53500000,0.15912258
2001-11-06T17:10:00,1,11,6,17,10,0.13716667,21.65000000,26.45083333,0.13625124
2001-11-06T17:20:00,1,11,6,17,20,0.11333333,21.40000000,25.36666667,0.11314218
2001-11-06T17:30:00,1,11,6,17,30,0.08950000,21.15000000,24.28250000,0.08979539
2001-11-06T17:40:00,1,11,6,17,40,0.06566667,20.90000000,23.19833333,0.06621089
2001-11-06T17:50:00,1,11,6,17,50,0.04183333,20.65000000,22.11416667,0.04238866
2001-11-06T18:00:00,1,11,6,18,0,0.01800000,20.40000000,21.03000000,0.01832872
2001-11-06T18:10:00,1,11,6,18,10,0.01500000,19.93333333,20.45833333,0.01531338
2001-11-06T18:20:00,1,11,6,18,20,0.01200000,19.46666667,19.88666667,0.01228226
2001-11-06T18:30:00,1,11,6,18,30,0.00900000,19.00000000,19.31500000,0.00923536
2001-11-06T18:40:00,1,11,6,18,40,0.00600000,18.53333333,18.74333333,0.00617268
2001-11-06T18:50:00,1,11,6,18,50,0.00300000,18.06666667,18.17166667,0.00309423
2001-11-06T19:00:00,1,11,6,19,0,0.00000000,17.60000000,17.60000000,0.00000000
2001-11-06T19:10:00,1,11,6,19,10,0.00000000,17.60000000,17.60000000,0.00000000
2001-11-06T19:20:00,1,11,6,19,20,0.00000000,17.60000000,17.60000000,0.00000000
2001-11-06T19:30:00,1,11,6,19,30,0.00000000,17.60000000,17.60000000,0.00000000
2001-11-06T19:40:00,1,11,6,19,40,0.00000000,17.60000000,17.60000000,0.00000000
2001-11-06T19:50:00,1,11,6,19,50,0.00000000,17.60000000,17.60000000,0.00000000
2001-11-06T20:00:00,1,11,6,20,0,0.00000000,17.60000000,17.60000000,0.00000000
2001-11-06T20:10:00,1,11,6,20,10,0.00000000,17.48333333,17.48333333,0.00000000
2001-11-06T20:20:00,1,11,6,20,20,0.00000000,17.36666667,17.36666667,0.00000000
2001-11-06T20:30:00,1,11,6,20,30,0.00000000,17.25000000,17.25000000,0.00000000
2001-11-06T20:40:00,1,11,6,20,40,0.00000000,17.13333333,17.13333333,0.00000000
2001-11-06T20:50:00,1,11,6,20,50,0.00000000,17.01666667,17.01666667,0.00000000
2001-11-06T21:00:00,1,11,6,21,0,0.00000000,16.90000000,16.90000000,0.00000000
2001-11-06T21:10:00,1,11,6,21,10,0.00000000,16.76666667,16.76666667,0.00000000
2001-11-06T21:20:00,1,11,6,21,20,0.00000000,16.63333333,16.63333333,0.00000000
2001-11-06T21:30:00,1,11,6,21,30,0.00000000,16.50000000,16.50000000,0.00000000
2001-11-06T21:40:00,1,11,6,21,40,0.00000000,16.36666667,16.36666667,0.00000000
2001-11-06T21:50:00,1,11,6,21,50,0.00000000,16.23333333,16.23333333,0.00000000
2001-11-06T22:00:00,1,11,6,22,0,0.00000000,16.10000000,16.10000000,0.00000000
2001-11-06T22:10:00,1,11,6,22,10,0.00000000,15.98333333,15.98333333,0.00000000
2001-11-06T22:20:00,1,11,6,22,20,0.00000000,15.86666667,15.86666667,0.00000000
2001-11-06T22:30:00,1,11,6,22,30,0.00000000,15.75000000,15.75000000,0.00000000
2001-11-06T22:40:00,1,11,6,22,40,0.00000000,15.63333333,15.63333333,0.00000000
2001-11-06T22:50:00,1,11,6,22,50,0.00000000,15.51666667,15.51666667,0.00000000
2001-11-06T23:00:00,1,11,6,23,0,0.00000000,15.40000000,15.40000000,0.00000000
2001-11-06T23:10:00,1,11,6,23,10,0.00000000,15.43333333,15.43333333,0.00000000
2001-11-06T23:20:00,1,11,6,23,20,0.00000000,15.46666667,15.46666667,0.00000000
2001-11-06T23:30:00,1,11,6,23,30,0.00000000,15.50000000,15.50000000,0.00000000
2001-11-06T23:40:00,1,11,6,23,40,0.00000000,15.53333333,15.53333333,0.00000000
2001-11-06T23:50:00,1,11,6,23,50,0.00000000,15.56666667,15.56666667,0.00000000
2001-11-07T00:00:00,1,11,7,0,0,0.00000000,15.60000000,15.60000000,0.00000000
2001-11-07T00:10:00,1,11,7,0,10,0.00000000,15.65000000,15.65000000,0.00000000
2001-11-07T00:20:00,1,11,7,0,20,0.00000000,15.70000000,15.70000000,0.00000000
2001-11-07T00:30:00,1,11,7,0,30,0.00000000,15.75000000,15.75000000,0.00000000
2001-11-07T00:40:00,1,11,7,0,40,0.00000000,15.80000000,15.80000000,0.00000000
2001-11-07T00:50:00,1,11,7,0,50,0.00000000,15.85000000,15.85000000,0.00000000
2001-11-07T01:00:00,1,11,7,1,0,0.00000000,15.90000000,15.90000000,0.00000000
2001-11-07T01:10:00,1,11,7,1,10,0.00000000,15.80000000,15.80000000,0.00000000
2001-11-07T01:20:00,1,11,7,1,20,0.00000000,15.70000000,15.70000000,0.00000000
2001-11-07T01:30:00,1,11,7,1,30,0.00000000,15.60000000,15.60000000,0.00000000
2001-11-07T01:40:00,1,11,7,1,40,0.00000000,15.50000000,15.50000000,0.00000000
2001-11-07T01:50:00,1,11,7,1,50,0.00000000,15.40000000,15.40000000,0.00000000
2001-11-07T02:00:00,1,11,7,2,0,0.00000000,15.30000000,15.30000000,0.00000000
2001-11-07T02:10:00,1,11,7,2,10,0.00000000,15.35000000,15.35000000,0.00000000
2001-11-07T02:20:00,1,11,7,2,20,0.00000000,15.40000000,15.40000000,0.00000000
2001-11-07T02:30:00,1,11,7,2,30,0.00000000,15.45000000,15.45000000,0.00000000
2001-11-07T02:40:00,1,11,7,2,40,0.00000000,15.50000000,15.50000000,0.00000000
2001-11-07T02:50:00,1,11,7,2,50,0.00000000,15.55000000,15.55000000,0.00000000
2001-11-07T03:00:00,1,11,7,3,0,0.00000000,15.60000000,15.60000000,0.00000000
2001-11-07T03:10:00,1,11,7,3,10,0.00000000,15.55000000,15.55000000,0.00000000
2001-11-07T03:20:00,1,11,7,3,20,0.00000000,15.50000000,15.50000000,0.00000000
2001-11-07T03:30:00,1,11,7,3,30,0.00000000,15.45000000,15.45000000,0.00000000
2001-11-07T03:40:00,1,11,7,3,40,0.00000000,15.40000000,15.40000000,0.00000000
2001-11-07T03:50:00,1,11,7,3,50,0.00000000,15.35000000,15.35000000,0.00000000
2001-11-07T04:00:00,1,11,7,4,0,0.00000000,15.30000000,15.30000000,0.00000000
2001-11-07T04:10:00,1,11,7,4,10,0.00133333,15.28333333,15.33000000,0.00139264
2001-11-07T04:20:00,1,11,7,4,20,0.00266667,15.26666667,15.36000000,0.00278492
2001-11-07T04:30:00,1,11,7,4,30,0.00400000,15.25000000,15.39000000,0.00417682
2001-11-07T04:40:00,1,11,7,4,40,0.00533333,15.23333333,15.42000000,0.00556836
2001-11-07T04:50:00,1,11,7,4,50,0.00666667,15.21666667,15.45000000,0.00695953
2001-11-07T05:00:00,1,11,7,5,0,0.00800000,15.20000000,15.48000000,0.00835034
2001-11-07T05:10:00,1,11,7,5,10,0.02933333,15.18333333,16.21000000,0.03051940
2001-11-07T05:20:00,1,11,7,5,20,0.05066667,15.16666667,16.94000000,0.05254518
2001-11-07T05:30:00,1,11,7,5,30,0.07200000,15.15000000,17.67000000,0.07442770
2001-11-07T05:40:00,1,11,7,5,40,0.09333333,15.13333333,18.40000000,0.09616693
2001-11-07T05:50:00,1,11,7,5,50,0.11466667,15.11666667,19.13000000,0.11776290
2001-11-07T06:00:00,1,11,7,6,0,0.13600000,15.10000000,19.86000000,0.13921558
2001-11-07T06:10:00,1,11,7,6,10,0.13633333,15.48333333,20.25500000,0.13930908
2001-11-07T06:20:00,1,11,7,6,20,0.13666667,15.86666667,20.65000000,0.13940137
2001-11-07T06:30:00,1,11,7,6,30,0.13700000,16.25000000,21.04500000,0.13949244
2001-11-07T06:40:00,1,11,7,6,40,0.13733333,16.63333333,21.44000000,0.13958230
2001-11-07T06:50:00,1,11,7,6,50,0.13766667,17.01666667,21.83500000,0.13967096
2001-11-07T07:00:00,1,11,7,7,0,0.13800000,17.40000000,22.23000000,0.13975840
2001-11-07T07:10:00,1,11,7,7,10,0.14683333,17.48333333,22.62250000,0.14843918
2001-11-07T07:20:00,1,11,7,7,20,0.15566667,17.56666667,23.01500000,0.15708806
2001-11-07T07:30:00,1,11,7,7,30,0.16450000,17.65000000,23.40750000,0.16570504
2001-11-07T07:40:00,1,11,7,7,40,0.17333333,17.73333333,23.80000000,0.17429013
2001-11-07T07:50:00,1,11,7,7,50,0.18216667,17.81666667,24.19250000,0.18284332
2001-11-07T08:00:00,1,11,7,8,0,0.19100000,17.90000000,24.58500000,0.19136462
2001-11-07T08:10:00,1,11,7,8,10,0.26466667,18.00000000,27.26333333,0.26191113
2001-11-07T08:20:00,1,11,7,8,20,0.33833333,18.10000000,29.94166667,0.33064245
2001-11-07T08:30:00,1,11,7,8,30,0.41200000,18.20000000,32.62000000,0.39755858
2001-11-07T08:40:00,1,11,7,8,40,0.48566667,18.30000000,35.29833333,0.46265950
2001-11-07T08:50:00,1,11,7,8,50,0.55933333,18.40000000,37.97666667,0.52594524
2001-11-07T09:00:00,1,11,7,9,0,0.63300000,18.50000000,40.65500000,0.58741577
2001-11-07T09:10:00,1,11,7,9,10,0.59733333,18.80000000,39.70666667,0.55692334
2001-11-07T09:20:00,1,11,7,9,20,0.56166667,19.10000000,38.75833333,0.52611972
2001-11-07T09:30:00,1,11,7,9,30,0.52600000,19.40000000,37.81000000,0.49500492
2001-11-07T09:40:00,1,11,7,9,40,0.49033333,19.70000000,36.86166667,0.46357895
2001-11-07T09:50:00,1,11,7,9,50,0.45466667,20.00000000,35.91333333,0.43184179
2001-11-07T10:00:00,1,11,7,10,0,0.41900000,20.30000000,34.96500000,0.39979346
2001-11-07T10:10:00,1,11,7,10,10,0.43633333,20.33333333,35.60500000,0.41504768
2001-11-07T10:20:00,1,11,7,10,20,0.45366667,20.36666667,36.24500000,0.43019985
2001-11-07T10:30:00,1,11,7,10,30,0.47100000,20.40000000,36.88500000,0.44524996
2001-11-07T10:40:00,1,11,7,10,40,0.48833333,20.43333333,37.52500000,0.46019801
2001-11-07T10:50:00,1,11,7,10,50,0.50566667,20.46666667,38.16500000,0.47504400
2001-11-07T11:00:00,1,11,7,11,0,0.52300000,20.50000000,38.80500000,0.48978793
2001-11-07T11:10:00,1,11,7,11,10,0.56916667,20.61666667,40.53750000,0.52848690
2001-11-07T11:20:00,1,11,7,11,20,0.61533333,20.73333333,42.27000000,0.56645002
2001-11-07T11:30:00,1,11,7,11,30,0.66150000,20.85000000,44.00250000,0.60367729
2001-11-07T11:40:00,1,11,7,11,40,0.70766667,20.96666667,45.73500000,0.64016871
2001-11-07T11:50:00,1,11,7,11,50,0.75383333,21.08333333,47.46750000,0.67592428
2001-11-07T12:00:00,1,11,7,12,0,0.80000000,21.20000000,49.20000000,0.71094400
2001-11-07T12:10:00,1,11,7,12,10,0.79416667,21.46666667,49.26250000,0.70553171
2001-11-07T12:20:00,1,11,7,12,20,0.78833333,21.73333333,49.32500000,0.70012277
2001-11-07T12:30:00,1,11,7,12,30,0.78250000,22.00000000,49.38750000,0.69471719
2001-11-07T12:40:00,1,11,7,12,40,0.77666667,22.26666667,49.45000000,0.68931497
2001-11-07T12:50:00,1,11,7,12,50,0.77083333,22.53333333,49.51250000,0.68391609
2001-11-07T13:00:00,1,11,7,13,0,0.76500000,22.80000000,49.57500000,0.67852057
2001-11-07T13:10:00,1,11,7,13,10,0.71066667,22.71666667,47.59000000,0.63681845
2001-11-07T13:20:00,1,11,7,13,20,0.65633333,22.63333333,45.60500000,0.59412409
2001-11-07T13:30:00,1,11,7,13,30,0.60200000,22.55000000,43.62000000,0.55043750
2001-11-07T13:40:00,1,11,7,13,40,0.54766667,22.46666667,41.63500000,0.50575867
2001-11-07T13:50:00,1,11,7,13,50,0.49333333,22.38333333,39.65000000,0.46008760
2001-11-07T14:00:00,1,11,7,14,0,0.43900000,22.30000000,37.66500000,0.41342430
2001-11-07T14:10:00,1,11,7,14,10,0.41083333,22.01666667,36.39583333,0.38929711
2001-11-07T14:20:00,1,11,7,14,20,0.38266667,21.73333333,35.12666667,0.36484103
2001-11-07T14:30:00,1,11,7,14,30,0.35450000,21.45000000,33.85750000,0.34005607
2001-11-07T14:40:00,1,11,7,14,40,0.32633333,21.16666667,32.58833333,0.31494223
2001-11-07T14:50:00,1,11,7,14,50,0.29816667,20.88333333,31.31916667,0.28949951
2001-11-07T15:00:00,1,11,7,15,0,0.27000000,20.60000000,30.05000000,0.26372790
2001-11-07T15:10:00,1,11,7,15,10,0.27466667,20.61666667,30.23000000,0.26805874
2001-11-07T15:20:00,1,11,7,15,20,0.27933333,20.63333333,30.41000000,0.27238184
2001-11-07T15:30:00,1,11,7,15,30,0.28400000,20.65000000,30.59000000,0.27669722
2001-11-07T15:40:00,1,11,7,15,40,0.28866667,20.66666667,30.77000000,0.28100488
2001-11-07T15:50:00,1,11,7,15,50,0.29333333,20.68333333,30.95000000,0.28530480
2001-11-07T16:00:00,1,11,7,16,0,0.29800000,20.70000000,31.13000000,0.28959700
2001-11-07T16:10:00,1,11,7,16,10,0.26966667,20.68333333,30.12166667,0.26331341
2001-11-07T16:20:00,1,11,7,16,20,0.24133333,20.66666667,29.11333333,0.23676698
2001-11-07T16:30:00,1,11,7,16,30,0.21300000,20.65000000,28.10500000,0.20995772
2001-11-07T16:40:00,1,11,7,16,40,0.18466667,20.63333333,27.09666667,0.18288562
2001-11-07T16:50:00,1,11,7,16,50,0.15633333,20.61666667,26.08833333,0.15555068
2001-11-07T17:00:00,1,11,7,17,0,0.12800000,20.60000000,25.08000000,0.12795290
2001-11-07T17:10:00,1,11,7,17,10,0.10850000,20.40000000,24.19750000,0.10890053
2001-11-07T17:20:00,1,11,7,17,20,0.08900000,20.20000000,23.31500000,0.08968984
2001-11-07T17:30:00,1,11,7,17,30,0.06950000,20.00000000,22.43250000,0.07032083
2001-11-07T17:40:00,1,11,7,17,40,0.05000000,19.80000000,21.55000000,0.05079350
2001-11-07T17:50:00,1,11,7,17,50,0.03050000,19.60000000,20.66750000,0.03110785
2001-11-07T18:00:00,1,11,7,18,0,0.01100000,19.40000000,19.78500000,0.01126388
2001-11-07T18:10:00,1,11,7,18,10,0.00916667,19.31666667,19.63750000,0.00939279
2001-11-07T18:20:00,1,11,7,18,20,0.00733333,19.23333333,19.49000000,0.00751920
2001-11-07T18:30:00,1,11,7,18,30,0.00550000,19.15000000,19.34250000,0.00564313
2001-11-07T18:40:00,1,11,7,18,40,0.00366667,19.06666667,19.19500000,0.00376458
2001-11-07T18:50:00,1,11,7,18,50,0.00183333,18.98333333,19.04750000,0.00188353
2001-11-07T19:00:00,1,11,7,19,0,0.00000000,18.90000000,18.90000000,0.00000000
2001-11-07T19:10:00,1,11,7,19,10,0.00000000,18.73333333,18.73333333,0.00000000
2001-11-07T19:20:00,1,11,7,19,20,0.00000000,18.56666667,18.56666667,0.00000000
2001-11-07T19:30:00,1,11,7,19,30,0.00000000,18.40000000,18.40000000,0.00000000
2001-11-07T19:40:00,1,11,7,19,40,0.00000000,18.23333333,18.23333333,0.00000000
2001-11-07T19:50:00,1,11,7,19,50,0.00000000,18.06666667,18.06666667,0.00000000
2001-11-07T20:00:00,1,11,7,20,0,0.00000000,17.90000000,17.90000000,0.00000000
2001-11-07T20:10:00,1,11,7,20,10,0.00000000,17.91666667,17.91666667,0.00000000
2001-11-07T20:20:00,1,11,7,20,20,0.00000000,17.93333333,17.93333333,0.00000000
2001-11-07T20:30:00,1,11,7,20,30,0.00000000,17.95000000,17.95000000,0.00000000
2001-11-07T20:40:00,1,11,7,20,40,0.00000000,17.96666667,17.96666667,0.00000000
2001-11-07T20:50:00,1,11,7,20,50,0.00000000,17.98333333,17.98333333,0.00000000
2001-11-07T21:00:00,1,11,7,21,0,0.00000000,18.00000000,18.00000000,0.00000000
2001-11-07T21:10:00,1,11,7,21,10,0.00000000,17.98333333,17.98333333,0.00000000
2001-11-07T21:20:00,1,11,7,21,20,0.00000000,17.96666667,17.96666667,0.00000000
2001-11-07T21:30:00,1,11,7,21,30,0.00000000,17.95000000,17.95000000,0.00000000
2001-11-07T21:40:00,1,11,7,21,40,0.00000000,17.93333333,17.93333333,0.00000000
2001-11-07T21:50:00,1,11,7,21,50,0.00000000,17.91666667,17.91666667,0.00000000
2001-11-07T22:00:00,1,11,7,22,0,0.00000000,17.90000000,17.90000000,0.00000000
2001-11-07T22:10:00,1,11,7,22,10,0.00000000,17.81666667,17.81666667,0.00000000
2001-11-07T22:20:00,1,11,7,22,20,0.00000000,17.73333333,17.73333333,0.00000000
2001-11-07T22:30:00,1,11,7,22,30,0.00000000,17.65000000,17.65000000,0.00000000
2001-11-07T22:40:00,1,11,7,22,40,0.00000000,17.56666667,17.56666667,0.00000000
2001-11-07T22:50:00,1,11,7,22,50,0.00000000,17.48333333,17.48333333,0.00000000
2001-11-07T23:00:00,1,11,7,23,0,0.00000000,17.40000000,17.40000000,0.00000000
2001-11-07T23:10:00,1,11,7,23,10,0.00000000,17.36666667,17.36666667,0.00000000
2001-11-07T23:20:00,1,11,7,23,20,0.00000000,17.33333333,17.33333333,0.00000000
2001-11-07T23:30:00,1,11,7,23,30,0.00000000,17.30000000,17.30000000,0.00000000
2001-11-07T23:40:00,1,11,7,23,40,0.00000000,17.26666667,17.26666667,0.00000000
2001-11-07T23:50:00,1,11,7,23,50,0.00000000,17.23333333,17.23333333,0.00000000
2001-11-08T00:00:00,1,11,8,0,0,0.00000000,17.20000000,17.20000000,0.00000000
2001-11-08T00:10:00,1,11,8,0,10,0.00000000,17.18333333,17.18333333,0.00000000
2001-11-08T00:20:00,1,11,8,0,20,0.00000000,17.16666667,17.16666667,0.00000000
2001-11-08T00:30:00,1,11,8,0,30,0.00000000,17.15000000,17.15000000,0.00000000
2001-11-08T00:40:00,1,11,8,0,40,0.00000000,17.13333333,17.13333333,0.00000000
2001-11-08T00:50:00,1,11,8,0,50,0.00000000,17.11666667,17.11666667,0.00000000
2001-11-08T01:00:00,1,11,8,1,0,0.00000000,17.10000000,17.10000000,0.00000000
2001-11-08T01:10:00,1,11,8,1,10,0.00000000,17.16666667,17.16666667,0.00000000
2001-11-08T01:20:00,1,11,8,1,20,0.00000000,17.23333333,17.23333333,0.00000000
2001-11-08T01:30:00,1,11,8,1,30,0.00000000,17.30000000,17.30000000,0.00000000
2001-11-08T01:40:00,1,11,8,1,40,0.00000000,17.36666667,17.36666667,0.00000000
2001-11-08T01:50:00,1,11,8,1,50,0.00000000,17.43333333,17.43333333,0.00000000
2001-11-08T02:00:00,1,11,8,2,0,0.00000000,17.50000000,17.50000000,0.00000000
2001-11-08T02:10:00,1,11,8,2,10,0.00000000,17.46666667,17.46666667,0.00000000
2001-11-08T02:20:00,1,11,8,2,20,0.00000000,17.43333333,17.43333333,0.00000000
2001-11-08T02:30:00,1,11,8,2,30,0.00000000,17.40000000,17.40000000,0.00000000
2001-11-08T02:40:00,1,11,8,2,40,0.00000000,17.36666667,17.36666667,0.00000000
2001-11-08T02:50:00,1,11,8,2,50,0.00000000,17.33333333,17.33333333,0.00000000
2001-11-08T03:00:00,1,11,8,3,0,0.00000000,17.30000000,17.30000000,0.00000000
2001-11-08T03:10:00,1,11,8,3,10,0.00000000,17.26666667,17.26666667,0.00000000
2001-11-08T03:20:00,1,11,8,3,20,0.00000000,17.23333333,17.23333333,0.00000000
2001-11-08T03:30:00,1,11,8,3,30,0.00000000,17.20000000,17.20000000,0.00000000
2001-11-08T03:40:00,1,11,8,3,40,0.00000000,17.16666667,17.16666667,0.00000000
2001-11-08T03:50:00,1,11,8,3,50,0.00000000,17.13333333,17.13333333,0.00000000
2001-11-08T04:00:00,1,11,8,4,0,0.00000000,17.10000000,17.10000000,0.00000000
2001-11-08T04:10:00,1,11,8,4,10,0.00133333,17.08333333,17.13000000,0.00138160
2001-11-08T04:20:00,1,11,8,4,20,0.00266667,17.06666667,17.16000000,0.00276284
2001-11-08T04:30:00,1,11,8,4,30,0.00400000,17.05000000,17.19000000,0.00414370
2001-11-08T04:40:00,1,11,8,4,40,0.00533333,17.03333333,17.22000000,0.00552420
2001-11-08T04:50:00,1,11,8,4,50,0.00666667,17.01666667,17.25000000,0.00690433
2001-11-08T05:00:00,1,11,8,5,0,0.00800000,17.00000000,17.28000000,0.00828410
2001-11-08T05:10:00,1,11,8,5,10,0.02716667,17.01666667,17.96750000,0.02804549
2001-11-08T05:20:00,1,11,8,5,20,0.04633333,17.03333333,18.65500000,0.04768566
2001-11-08T05:30:00,1,11,8,5,30,0.06550000,17.05000000,19.34250000,0.06720460
2001-11-08T05:40:00,1,11,8,5,40,0.08466667,17.06666667,20.03000000,0.08660232
2001-11-08T05:50:00,1,11,8,5,50,0.10383333,17.08333333,20.71750000,0.10587880
2001-11-08T06:00:00,1,11,8,6,0,0.12300000,17.10000000,21.40500000,0.12503405
2001-11-08T06:10:00,1,11,8,6,10,0.15466667,17.30000000,22.71333333,0.15629355
2001-11-08T06:20:00,1,11,8,6,20,0.18633333,17.50000000,24.02166667,0.18717190
2001-11-08T06:30:00,1,11,8,6,30,0.21800000,17.70000000,25.33000000,0.21766908
2001-11-08T06:40:00,1,11,8,6,40,0.24966667,17.90000000,26.63833333,0.24778510
2001-11-08T06:50:00,1,11,8,6,50,0.28133333,18.10000000,27.94666667,0.27751995
2001-11-08T07:00:00,1,11,8,7,0,0.31300000,18.30000000,29.25500000,0.30687365
2001-11-08T07:10:00,1,11,8,7,10,0.31433333,18.61666667,29.61833333,0.30765553
2001-11-08T07:20:00,1,11,8,7,20,0.31566667,18.93333333,29.98166667,0.30843295
2001-11-08T07:30:00,1,11,8,7,30,0.31700000,19.25000000,30.34500000,0.30920592
2001-11-08T07:40:00,1,11,8,7,40,0.31833333,19.56666667,30.70833333,0.30997443
2001-11-08T07:50:00,1,11,8,7,50,0.31966667,19.88333333,31.07166667,0.31073848
2001-11-08T08:00:00,1,11,8,8,0,0.32100000,20.20000000,31.43500000,0.31149808
2001-11-08T08:10:00,1,11,8,8,10,0.34816667,20.20000000,32.38583333,0.33633776
2001-11-08T08:20:00,1,11,8,8,20,0.37533333,20.20000000,33.33666667,0.36093980
2001-11-08T08:30:00,1,11,8,8,30,0.40250000,20.20000000,34.28750000,0.38530419
2001-11-08T08:40:00,1,11,8,8,40,0.42966667,20.20000000,35.23833333,0.40943094
2001-11-08T08:50:00,1,11,8,8,50,0.45683333,20.20000000,36.18916667,0.43332005
2001-11-08T09:00:00,1,11,8,9,0,0.48400000,20.20000000,37.14000000,0.45697150
2001-11-08T09:10:00,1,11,8,9,10,0.52866667,20.38333333,38.88666667,0.49489614
2001-11-08T09:20:00,1,11,8,9,20,0.57333333,20.56666667,40.63333333,0.53210302
2001-11-08T09:30:00,1,11,8,9,30,0.61800000,20.75000000,42.38000000,0.56859214
2001-11-08T09:40:00,1,11,8,9,40,0.66266667,20.93333333,44.12666667,0.60436349
2001-11-08T09:50:00,1,11,8,9,50,0.70733333,21.11666667,45.87333333,0.63941707
2001-11-08T10:00:00,1,11,8,10,0,0.75200000,21.30000000,47.62000000,0.67375290
2001-11-08T10:10:00,1,11,8,10,10,0.68516667,21.61666667,45.59750000,0.62024815
2001-11-08T10:20:00,1,11,8,10,20,0.61833333,21.93333333,43.57500000,0.56549984
2001-11-08T10:30:00,1,11,8,10,30,0.55150000,22.25000000,41.55250000,0.50950796
2001-11-08T10:40:00,1,11,8,10,40,0.48466667,22.56666667,39.53000000,0.45227252
2001-11-08T10:50:00,1,11,8,10,50,0.41783333,22.88333333,37.50750000,0.39379350
2001-11-08T11:00:00,1,11,8,11,0,0.35100000,23.20000000,35.48500000,0.33407092
2001-11-08T11:10:00,1,11,8,11,10,0.32683333,23.00000000,34.43916667,0.31264218
2001-11-08T11:20:00,1,11,8,11,20,0.30266667,22.80000000,33.39333333,0.29098091
2001-11-08T11:30:00,1,11,8,11,30,0.27850000,22.60000000,32.34750000,0.26908712
2001-11-08T11:40:00,1,11,8,11,40,0.25433333,22.40000000,31.30166667,0.24696080
2001-11-08T11:50:00,1,11,8,11,50,0.23016667,22.20000000,30.25583333,0.22460197
2001-11-08T12:00:00,1,11,8,12,0,0.20600000,22.00000000,29.21000000,0.20201060
2001-11-08T12:10:00,1,11,8,12,10,0.20116667,21.98333333,29.02416667,0.19744284
2001-11-08T12:20:00,1,11,8,12,20,0.19633333,21.96666667,28.83833333,0.19286681
2001-11-08T12:30:00,1,11,8,12,30,0.19150000,21.95000000,28.65250000,0.18828251
2001-11-08T12:40:00,1,11,8,12,40,0.18666667,21.93333333,28.46666667,0.18368996
2001-11-08T12:50:00,1,11,8,12,50,0.18183333,21.91666667,28.28083333,0.17908913
2001-11-08T13:00:00,1,11,8,13,0,0.17700000,21.90000000,28.09500000,0.17448005
2001-11-08T13:10:00,1,11,8,13,10,0.23450000,21.88333333,30.09083333,0.22900852
2001-11-08T13:20:00,1,11,8,13,20,0.29200000,21.86666667,32.08666667,0.28248119
2001-11-08T13:30:00,1,11,8,13,30,0.34950000,21.85000000,34.08250000,0.33489806
2001-11-08T13:40:00,1,11,8,13,40,0.40700000,21.83333333,36.07833333,0.38625914
2001-11-08T13:50:00,1,11,8,13,50,0.46450000,21.81666667,38.07416667,0.43656443
2001-11-08T14:00:00,1,11,8,14,0,0.52200000,21.80000000,40.07000000,0.48581392
2001-11-08T14:10:00,1,11,8,14,10,0.48483333,22.03333333,39.00250000,0.45360449
2001-11-08T14:20:00,1,11,8,14,20,0.44766667,22.26666667,37.93500000,0.42103005
2001-11-08T14:30:00,1,11,8,14,30,0.41050000,22.50000000,36.86750000,0.38809060
2001-11-08T14:40:00,1,11,8,14,40,0.37333333,22.73333333,35.80000000,0.35478613
2001-11-08T14:50:00,1,11,8,14,50,0.33616667,22.96666667,34.73250000,0.32111665
2001-11-08T15:00:00,1,11,8,15,0,0.29900000,23.20000000,33.66500000,0.28708216
2001-11-08T15:10:00,1,11,8,15,10,0.28950000,23.10000000,33.23250000,0.27853678
2001-11-08T15:20:00,1,11,8,15,20,0.28000000,23.00000000,32.80000000,0.26995360
2001-11-08T15:30:00,1,11,8,15,30,0.27050000,22.90000000,32.36750000,0.26133262
2001-11-08T15:40:00,1,11,8,15,40,0.26100000,22.80000000,31.93500000,0.25267384
2001-11-08T15:50:00,1,11,8,15,50,0.25150000,22.70000000,31.50250000,0.24397726
2001-11-08T16:00:00,1,11,8,16,0,0.24200000,22.60000000,31.07000000,0.23524288
2001-11-08T16:10:00,1,11,8,16,10,0.20533333,22.51666667,29.70333333,0.20089088
2001-11-08T16:20:00,1,11,8,16,20,0.16866667,22.43333333,28.33666667,0.16607786
2001-11-08T16:30:00,1,11,8,16,30,0.13200000,22.35000000,26.97000000,0.13080382
2001-11-08T16:40:00,1,11,8,16,40,0.09533333,22.26666667,25.60333333,0.09506875
2001-11-08T16:50:00,1,11,8,16,50,0.05866667,22.18333333,24.23666667,0.05887266
2001-11-08T17:00:00,1,11,8,17,0,0.02200000,22.10000000,22.87000000,0.02221556
2001-11-08T17:10:00,1,11,8,17,10,0.02000000,21.83333333,22.53333333,0.02022693
2001-11-08T17:20:00,1,11,8,17,20,0.01800000,21.56666667,22.19666667,0.01823212
2001-11-08T17:30:00,1,11,8,17,30,0.01600000,21.30000000,21.86000000,0.01623110
2001-11-08T17:40:00,1,11,8,17,40,0.01400000,21.03333333,21.52333333,0.01422390
2001-11-08T17:50:00,1,11,8,17,50,0.01200000,20.76666667,21.18666667,0.01221050
2001-11-08T18:00:00,1,11,8,18,0,0.01000000,20.50000000,20.85000000,0.01019090
2001-11-08T18:10:00,1,11,8,18,10,0.00833333,20.60000000,20.89166667,0.00849082
2001-11-08T18:20:00,1,11,8,18,20,0.00666667,20.70000000,20.93333333,0.00679138
2001-11-08T18:30:00,1,11,8,18,30,0.00500000,20.80000000,20.97500000,0.00509258
2001-11-08T18:40:00,1,11,8,18,40,0.00333333,20.90000000,21.01666667,0.00339441
2001-11-08T18:50:00,1,11,8,18,50,0.00166667,21.00000000,21.05833333,0.00169689
2001-11-08T19:00:00,1,11,8,19,0,0.00000000,21.10000000,21.10000000,0.00000000
2001-11-08T19:10:00,1,11,8,19,10,0.00000000,21.08333333,21.08333333,0.00000000
2001-11-08T19:20:00,1,11,8,19,20,0.00000000,21.06666667,21.06666667,0.00000000
2001-11-08T19:30:00,1,11,8,19,30,0.00000000,21.05000000,21.05000000,0.00000000
2001-11-08T19:40:00,1,11,8,19,40,0.00000000,21.03333333,21.03333333,0.00000000
2001-11-08T19:50:00,1,11,8,19,50,0.00000000,21.01666667,21.01666667,0.00000000
2001-11-08T20:00:00,1,11,8,20,0,0.00000000,21.00000000,21.00000000,0.00000000
2001-11-08T20:10:00,1,11,8,20,10,0.00000000,20.95000000,20.95000000,0.00000000
2001-11-08T20:20:00,1,11,8,20,20,0.00000000,20.90000000,20.90000000,0.00000000
2001-11-08T20:30:00,1,11,8,20,30,0.00000000,20.85000000,20.85000000,0.00000000
2001-11-08T20:40:00,1,11,8,20,40,0.00000000,20.80000000,20.80000000,0.00000000
2001-11-08T20:50:00,1,11,8,20,50,0.00000000,20.75000000,20.75000000,0.00000000
2001-11-08T21:00:00,1,11,8,21,0,0.00000000,20.70000000,20.70000000,0.00000000
2001-11-08T21:10:00,1,11,8,21,10,0.00000000,20.66666667,20.66666667,0.00000000
2001-11-08T21:20:00,1,11,8,21,20,0.00000000,20.63333333,20.63333333,0.00000000
2001-11-08T21:30:00,1,11,8,21,30,0.00000000,20.60000000,20.60000000,0.00000000
2001-11-08T21:40:00,1,11,8,21,40,0.00000000,20.56666667,20.56666667,0.00000000
2001-11-08T21:50:00,1,11,8,21,50,0.00000000,20.53333333,20.53333333,0.00000000
2001-11-08T22:00:00,1,11,8,22,0,0.00000000,20.50000000,20.50000000,0.00000000
2001-11-08T22:10:00,1,11,8,22,10,0.00000000,20.33333333,20.33333333,0.00000000
2001-11-08T22:20:00,1,11,8,22,20,0.00000000,20.16666667,20.16666667,0.00000000
2001-11-08T22:30:00,1,11,8,22,30,0.00000000,20.00000000,20.00000000,0.00000000
2001-11-08T22:40:00,1,11,8,22,40,0.00000000,19.83333333,19.83333333,0.00000000
2001-11-08T22:50:00,1,11,8,22,50,0.00000000,19.66666667,19.66666667,0.00000000
2001-11-08T23:00:00,1,11,8,23,0,0.00000000,19.50000000,19.50000000,0.00000000
2001-11-08T23:10:00,1,11,8,23,10,0.00000000,19.63333333,19.63333333,0.00000000
2001-11-08T23:20:00,1,11,8,23,20,0.00000000,19.76666667,19.76666667,0.00000000
2001-11-08T23:30:00,1,11,8,23,30,0.00000000,19.90000000,19.90000000,0.00000000
2001-11-08T23:40:00,1,11,8,23,40,0.00000000,20.03333333,20.03333333,0.00000000
2001-11-08T23:50:00,1,11,8,23,50,0.00000000,20.16666667,20.16666667,0.00000000
2001-11-09T00:00:00,1,11,9,0,0,0.00000000,20.30000000,20.30000000,0.00000000
2001-11-09T00:10:00,1,11,9,0,10,0.00000000,20.11666667,20.11666667,0.00000000
2001-11-09T00:20:00,1,11,9,0,20,0.00000000,19.93333333,19.93333333,0.00000000
2001-11-09T00:30:00,1,11,9,0,30,0.00000000,19.75000000,19.75000000,0.00000000
2001-11-09T00:40:00,1,11,9,0,40,0.00000000,19.56666667,19.56666667,0.00000000
2001-11-09T00:50:00,1,11,9,0,50,0.00000000,19.38333333,19.38333333,0.00000000
2001-11-09T01:00:00,1,11,9,1,0,0.00000000,19.20000000,19.20000000,0.00000000
2001-11-09T01:10:00,1,11,9,1,10,0.00000000,19.26666667,19.26666667,0.00000000
2001-11-09T01:20:00,1,11,9,1,20,0.00000000,19.33333333,19.33333333,0.00000000
2001-11-09T01:30:00,1,11,9,1,30,0.00000000,19.40000000,19.40000000,0.00000000
2001-11-09T01:40:00,1,11,9,1,40,0.00000000,19.46666667,19.46666667,0.00000000
2001-11-09T01:50:00,1,11,9,1,50,0.00000000,19.53333333,19.53333333,0.00000000
2001-11-09T02:00:00,1,11,9,2,0,0.00000000,19.60000000,19.60000000,0.00000000
2001-11-09T02:10:00,1,11,9,2,10,0.00000000,19.50000000,19.50000000,0.00000000
2001-11-09T02:20:00,1,11,9,2,20,0.00000000,19.40000000,19.40000000,0.00000000
2001-11-09T02:30:00,1,11,9,2,30,0.00000000,19.30000000,19.30000000,0.00000000
2001-11-09T02:40:00,1,11,9,2,40,0.00000000,19.20000000,19.20000000,0.00000000
2001-11-09T02:50:00,1,11,9,2,50,0.00000000,19.10000000,19.10000000,0.00000000
2001-11-09T03:00:00,1,11,9,3,0,0.00000000,19.00000000,19.00000000,0.00000000
2001-11-09T03:10:00,1,11,9,3,10,0.00000000,18.96666667,18.96666667,0.00000000
2001-11-09T03:20:00,1,11,9,3,20,0.00000000,18.93333333,18.93333333,0.00000000
2001-11-09T03:30:00,1,11,9,3,30,0.00000000,18.90000000,18.90000000,0.00000000
2001-11-09T03:40:00,1,11,9,3,40,0.00000000,18.86666667,18.86666667,0.00000000
2001-11-09T03:50:00,1,11,9,3,50,0.00000000,18.83333333,18.83333333,0.00000000
2001-11-09T04:00:00,1,11,9,4,0,0.00000000,18.80000000,18.80000000,0.00000000
2001-11-09T04:10:00,1,11,9,4,10,0.00150000,18.76666667,18.81916667,0.00154265
2001-11-09T04:20:00,1,11,9,4,20,0.00300000,18.73333333,18.83833333,0.00308503
2001-11-09T04:30:00,1,11,9,4,30,0.00450000,18.70000000,18.85750000,0.00462715
2001-11-09T04:40:00,1,11,9,4,40,0.00600000,18.66666667,18.87666667,0.00616900
2001-11-09T04:50:00,1,11,9,4,50,0.00750000,18.63333333,18.89583333,0.00771059
2001-11-09T05:00:00,1,11,9,5,0,0.00900000,18.60000000,18.91500000,0.00925192
2001-11-09T05:10:00,1,11,9,5,10,0.03066667,18.80000000,19.87333333,0.03138987
2001-11-09T05:20:00,1,11,9,5,20,0.05233333,19.00000000,20.83166667,0.05333679
2001-11-09T05:30:00,1,11,9,5,30,0.07400000,19.20000000,21.79000000,0.07509268
2001-11-09T05:40:00,1,11,9,5,40,0.09566667,19.40000000,22.74833333,0.09665755
2001-11-09T05:50:00,1,11,9,5,50,0.11733333,19.60000000,23.70666667,0.11803139
2001-11-09T06:00:00,1,11,9,6,0,0.13900000,19.80000000,24.66500000,0.13921420
2001-11-09T06:10:00,1,11,9,6,10,0.13216667,19.93333333,24.55916667,0.13243468
2001-11-09T06:20:00,1,11,9,6,20,0.12533333,20.06666667,24.45333333,0.12564850
2001-11-09T06:30:00,1,11,9,6,30,0.11850000,20.20000000,24.34750000,0.11885568
2001-11-09T06:40:00,1,11,9,6,40,0.11166667,20.33333333,24.24166667,0.11205620
2001-11-09T06:50:00,1,11,9,6,50,0.10483333,20.46666667,24.13583333,0.10525006
2001-11-09T07:00:00,1,11,9,7,0,0.09800000,20.60000000,24.03000000,0.09843728
2001-11-09T07:10:00,1,11,9,7,10,0.11900000,20.71666667,24.88166667,0.11906478
2001-11-09T07:20:00,1,11,9,7,20,0.14000000,20.83333333,25.73333333,0.13952773
2001-11-09T07:30:00,1,11,9,7,30,0.16100000,20.95000000,26.58500000,0.15982615
2001-11-09T07:40:00,1,11,9,7,40,0.18200000,21.06666667,27.43666667,0.17996002
2001-11-09T07:50:00,1,11,9,7,50,0.20300000,21.18333333,28.28833333,0.19992935
2001-11-09T08:00:00,1,11,9,8,0,0.22400000,21.30000000,29.14000000,0.21973414
2001-11-09T08:10:00,1,11,9,8,10,0.26216667,21.48333333,30.65916667,0.25534190
2001-11-09T08:20:00,1,11,9,8,20,0.30033333,21.66666667,32.17833333,0.29041623
2001-11-09T08:30:00,1,11,9,8,30,0.33850000,21.85000000,33.69750000,0.32495712
2001-11-09T08:40:00,1,11,9,8,40,0.37666667,22.03333333,35.21666667,0.35896459
2001-11-09T08:50:00,1,11,9,8,50,0.41483333,22.21666667,36.73583333,0.39243862
2001-11-09T09:00:00,1,11,9,9,0,0.45300000,22.40000000,38.25500000,0.42537923
2001-11-09T09:10:00,1,11,9,9,10,0.49116667,22.75000000,39.94083333,0.45740985
2001-11-09T09:20:00,1,11,9,9,20,0.52933333,23.10000000,41.62666667,0.48884851
2001-11-09T09:30:00,1,11,9,9,30,0.56750000,23.45000000,43.31250000,0.51969522
2001-11-09T09:40:00,1,11,9,9,40,0.60566667,23.80000000,44.99833333,0.54994998
2001-11-09T09:50:00,1,11,9,9,50,0.64383333,24.15000000,46.68416667,0.57961278
2001-11-09T10:00:00,1,11,9,10,0,0.68200000,24.50000000,48.37000000,0.60868364
2001-11-09T10:10:00,1,11,9,10,10,0.63216667,24.68333333,46.80916667,0.56874634
2001-11-09T10:20:00,1,11,9,10,20,0.58233333,24.86666667,45.24833333,0.52809345
2001-11-09T10:30:00,1,11,9,10,30,0.53250000,25.05000000,43.68750000,0.48672497
2001-11-09T10:40:00,1,11,9,10,40,0.48266667,25.23333333,42.12666667,0.44464090
2001-11-09T10:50:00,1,11,9,10,50,0.43283333,25.41666667,40.56583333,0.40184124
2001-11-09T11:00:00,1,11,9,11,0,0.38300000,25.60000000,39.00500000,0.35832599
2001-11-09T11:10:00,1,11,9,11,10,0.41983333,25.31666667,40.01083333,0.39084391
2001-11-09T11:20:00,1,11,9,11,20,0.45666667,25.03333333,41.01666667,0.42302099
2001-11-09T11:30:00,1,11,9,11,30,0.49350000,24.75000000,42.02250000,0.45485722
2001-11-09T11:40:00,1,11,9,11,40,0.53033333,24.46666667,43.02833333,0.48635261
2001-11-09T11:50:00,1,11,9,11,50,0.56716667,24.18333333,44.03416667,0.51750716
2001-11-09T12:00:00,1,11,9,12,0,0.60400000,23.90000000,45.04000000,0.54832086
2001-11-09T12:10:00,1,11,9,12,10,0.60600000,24.25000000,45.46000000,0.54896570
2001-11-09T12:20:00,1,11,9,12,20,0.60800000,24.60000000,45.88000000,0.54960282
2001-11-09T12:30:00,1,11,9,12,30,0.61000000,24.95000000,46.30000000,0.55023220
2001-11-09T12:40:00,1,11,9,12,40,0.61200000,25.30000000,46.72000000,0.55085386
2001-11-09T12:50:00,1,11,9,12,50,0.61400000,25.65000000,47.14000000,0.55146778
2001-11-09T13:00:00,1,11,9,13,0,0.61600000,26.00000000,47.56000000,0.55207398
2001-11-09T13:10:00,1,11,9,13,10,0.63116667,26.05000000,48.14083333,0.56398034
2001-11-09T13:20:00,1,11,9,13,20,0.64633333,26.10000000,48.72166667,0.57580566
2001-11-09T13:30:00,1,11,9,13,30,0.66150000,26.15000000,49.30250000,0.58754992
2001-11-09T13:40:00,1,11,9,13,40,0.67666667,26.20000000,49.88333333,0.59921314
2001-11-09T13:50:00,1,11,9,13,50,0.69183333,26.25000000,50.46416667,0.61079532
2001-11-09T14:00:00,1,11,9,14,0,0.70700000,26.30000000,51.04500000,0.62229645
2001-11-09T14:10:00,1,11,9,14,10,0.61383333,26.31666667,47.80083333,0.54945214
2001-11-09T14:20:00,1,11,9,14,20,0.52066667,26.33333333,44.55666667,0.47382715
2001-11-09T14:30:00,1,11,9,14,30,0.42750000,26.35000000,41.31250000,0.39542147
2001-11-09T14:40:00,1,11,9,14,40,0.33433333,26.36666667,38.06833333,0.31423511
2001-11-09T14:50:00,1,11,9,14,50,0.24116667,26.38333333,34.82416667,0.23026806
2001-11-09T15:00:00,1,11,9,15,0,0.14800000,26.40000000,31.58000000,0.14352034
2001-11-09T15:10:00,1,11,9,15,10,0.15500000,25.73333333,31.15833333,0.15060911
2001-11-09T15:20:00,1,11,9,15,20,0.16200000,25.06666667,30.73666667,0.15772504
2001-11-09T15:30:00,1,11,9,15,30,0.16900000,24.40000000,30.31500000,0.16486812
2001-11-09T15:40:00,1,11,9,15,40,0.17600000,23.73333333,29.89333333,0.17203836
2001-11-09T15:50:00,1,11,9,15,50,0.18300000,23.06666667,29.47166667,0.17923575
2001-11-09T16:00:00,1,11,9,16,0,0.19000000,22.40000000,29.05000000,0.18646030
2001-11-09T16:10:00,1,11,9,16,10,0.17300000,22.41666667,28.47166667,0.17023725
2001-11-09T16:20:00,1,11,9,16,20,0.15600000,22.43333333,27.89333333,0.15392374
2001-11-09T16:30:00,1,11,9,16,30,0.13900000,22.45000000,27.31500000,0.13751979
2001-11-09T16:40:00,1,11,9,16,40,0.12200000,22.46666667,26.73666667,0.12102538
2001-11-09T16:50:00,1,11,9,16,50,0.10500000,22.48333333,26.15833333,0.10444052
2001-11-09T17:00:00,1,11,9,17,0,0.08800000,22.50000000,25.58000000,0.08776522
2001-11-09T17:10:00,1,11,9,17,10,0.07533333,22.28333333,24.92000000,0.07536106
2001-11-09T17:20:00,1,11,9,17,20,0.06266667,22.06666667,24.26000000,0.06287998
2001-11-09T17:30:00,1,11,9,17,30,0.05000000,21.85000000,23.60000000,0.05032200
2001-11-09T17:40:00,1,11,9,17,40,0.03733333,21.63333333,22.94000000,0.03768710
2001-11-09T17:50:00,1,11,9,17,50,0.02466667,21.41666667,22.28000000,0.02497530
2001-11-09T18:00:00,1,11,9,18,0,0.01200000,21.20000000,21.62000000,0.01218658
2001-11-09T18:10:00,1,11,9,18,10,0.01000000,21.10000000,21.45000000,0.01016330
2001-11-09T18:20:00,1,11,9,18,20,0.00800000,21.00000000,21.28000000,0.00813690
2001-11-09T18:30:00,1,11,9,18,30,0.00600000,20.90000000,21.11000000,0.00610736
2001-11-09T18:40:00,1,11,9,18,40,0.00400000,20.80000000,20.94000000,0.00407470
2001-11-09T18:50:00,1,11,9,18,50,0.00200000,20.70000000,20.77000000,0.00203892
2001-11-09T19:00:00,1,11,9,19,0,0.00000000,20.60000000,20.60000000,0.00000000
2001-11-09T19:10:00,1,11,9,19,10,0.00000000,20.55000000,20.55000000,0.00000000
2001-11-09T19:20:00,1,11,9,19,20,0.00000000,20.50000000,20.50000000,0.00000000
2001-11-09T19:30:00,1,11,9,19,30,0.00000000,20.45000000,20.45000000,0.00000000
2001-11-09T19:40:00,1,11,9,19,40,0.00000000,20.40000000,20.40000000,0.00000000
2001-11-09T19:50:00,1,11,9,19,50,0.00000000,20.35000000,20.35000000,0.00000000
2001-11-09T20:00:00,1,11,9,20,0,0.00000000,20.30000000,20.30000000,0.00000000
2001-11-09T20:10:00,1,11,9,20,10,0.00000000,20.11666667,20.11666667,0.00000000
2001-11-09T20:20:00,1,11,9,20,20,0.00000000,19.93333333,19.93333333,0.00000000
2001-11-09T20:30:00,1,11,9,20,30,0.00000000,19.75000000,19.75000000,0.00000000
2001-11-09T20:40:00,1,11,9,20,40,0.00000000,19.56666667,19.56666667,0.00000000
2001-11-09T20:50:00,1,11,9,20,50,0.00000000,19.38333333,19.38333333,0.00000000
2001-11-09T21:00:00,1,11,9,21,0,0.00000000,19.20000000,19.20000000,0.00000000
2001-11-09T21:10:00,1,11,9,21,10,0.00000000,19.23333333,19.23333333,0.00000000
2001-11-09T21:20:00,1,11,9,21,20,0.00000000,19.26666667,19.26666667,0.00000000
2001-11-09T21:30:00,1,11,9,21,30,0.00000000,19.30000000,19.30000000,0.00000000
2001-11-09T21:40:00,1,11,9,21,40,0.00000000,19.33333333,19.33333333,0.00000000
2001-11-09T21:50:00,1,11,9,21,50,0.00000000,19.36666667,19.36666667,0.00000000
2001-11-09T22:00:00,1,11,9,22,0,0.00000000,19.40000000,19.40000000,0.00000000
2001-11-09T22:10:00,1,11,9,22,10,0.00000000,19.40000000,19.40000000,0.00000000
2001-11-09T22:20:00,1,11,9,22,20,0.00000000,19.40000000,19.40000000,0.00000000
2001-11-09T22:30:00,1,11,9,22,30,0.00000000,19.40000000,19.40000000,0.00000000
2001-11-09T22:40:00,1,11,9,22,40,0.00000000,19.40000000,19.40000000,0.00000000
2001-11-09T22:50:00,1,11,9,22,50,0.00000000,19.40000000,19.40000000,0.00000000
2001-11-09T23:00:00,1,11,9,23,0,0.00000000,19.40000000,19.40000000,0.00000000
2001-11-09T23:10:00,1,11,9,23,10,0.00000000,19.03333333,19.03333333,0.00000000
2001-11-09T23:20:00,1,11,9,23,20,0.00000000,18.66666667,18.66666667,0.00000000
2001-11-09T23:30:00,1,11,9,23,30,0.00000000,18.30000000,18.30000000,0.00000000
2001-11-09T23:40:00,1,11,9,23,40,0.00000000,17.93333333,17.93333333,0.00000000
2001-11-09T23:50:00,1,11,9,23,50,0.00000000,17.56666667,17.56666667,0.00000000
2001-11-10T00:00:00,1,11,10,0,0,0.00000000,17.20000000,17.20000000,0.00000000
2001-11-10T00:10:00,1,11,10,0,10,0.00000000,17.28333333,17.28333333,0.00000000
2001-11-10T00:20:00,1,11,10,0,20,0.00000000,17.36666667,17.36666667,0.00000000
2001-11-10T00:30:00,1,11,10,0,30,0.00000000,17.45000000,17.45000000,0.00000000
2001-11-10T00:40:00,1,11,10,0,40,0.00000000,17.53333333,17.53333333,0.00000000
2001-11-10T00:50:00,1,11,10,0,50,0.00000000,17.61666667,17.61666667,0.00000000
2001-11-10T01:00:00,1,11,10,1,0,0.00000000,17.70000000,17.70000000,0.00000000
2001-11-10T01:10:00,1,11,10,1,10,0.00000000,17.66666667,17.66666667,0.00000000
2001-11-10T01:20:00,1,11,10,1,20,0.00000000,17.63333333,17.63333333,0.00000000
2001-11-10T01:30:00,1,11,10,1,30,0.00000000,17.60000000,17.60000000,0.00000000
2001-11-10T01:40:00,1,11,10,1,40,0.00000000,17.56666667,17.56666667,0.00000000
2001-11-10T01:50:00,1,11,10,1,50,0.00000000,17.53333333,17.53333333,0.00000000
2001-11-10T02:00:00,1,11,10,2,0,0.00000000,17.50000000,17.50000000,0.00000000
2001-11-10T02:10:00,1,11,10,2,10,0.00000000,17.38333333,17.38333333,0.00000000
2001-11-10T02:20:00,1,11,10,2,20,0.00000000,17.26666667,17.26666667,0.00000000
2001-11-10T02:30:00,1,11,10,2,30,0.00000000,17.15000000,17.15000000,0.00000000
2001-11-10T02:40:00,1,11,10,2,40,0.00000000,17.03333333,17.03333333,0.00000000
2001-11-10T02:50:00,1,11,10,2,50,0.00000000,16.91666667,16.91666667,0.00000000
2001-11-10T03:00:00,1,11,10,3,0,0.00000000,16.80000000,16.80000000,0.00000000
2001-11-10T03:10:00,1,11,10,3,10,0.00000000,16.76666667,16.76666667,0.00000000
2001-11-10T03:20:00,1,11,10,3,20,0.00000000,16.73333333,16.73333333,0.00000000
2001-11-10T03:30:00,1,11,10,3,30,0.00000000,16.70000000,16.70000000,0.00000000
2001-11-10T03:40:00,1,11,10,3,40,0.00000000,16.66666667,16.66666667,0.00000000
2001-11-10T03:50:00,1,11,10,3,50,0.00000000,16.63333333,16.63333333,0.00000000
2001-11-10T04:00:00,1,11,10,4,0,0.00000000,16.60000000,16.60000000,0.00000000
2001-11-10T04:10:00,1,11,10,4,10,0.00266667,16.66666667,16.76000000,0.00276774
2001-11-10T04:20:00,1,11,10,4,20,0.00533333,16.73333333,16.92000000,0.00553156
2001-11-10T04:30:00,1,11,10,4,30,0.00800000,16.80000000,17.08000000,0.00829146
2001-11-10T04:40:00,1,11,10,4,40,0.01066667,16.86666667,17.24000000,0.01104742
2001-11-10T04:50:00,1,11,10,4,50,0.01333333,16.93333333,17.40000000,0.01379947
2001-11-10T05:00:00,1,11,10,5,0,0.01600000,17.00000000,17.56000000,0.01654758
2001-11-10T05:10:00,1,11,10,5,10,0.03416667,17.15000000,18.34583333,0.03521248
2001-11-10T05:20:00,1,11,10,5,20,0.05233333,17.30000000,19.13166667,0.05374604
2001-11-10T05:30:00,1,11,10,5,30,0.07050000,17.45000000,19.91750000,0.07214825
2001-11-10T05:40:00,1,11,10,5,40,0.08866667,17.60000000,20.70333333,0.09041913
2001-11-10T05:50:00,1,11,10,5,50,0.10683333,17.75000000,21.48916667,0.10855867
2001-11-10T06:00:00,1,11,10,6,0,0.12500000,17.90000000,22.27500000,0.12656687
2001-11-10T06:10:00,1,11,10,6,10,0.15933333,18.10000000,23.67666667,0.16030325
2001-11-10T06:20:00,1,11,10,6,20,0.19366667,18.30000000,25.07833333,0.19359688
2001-11-10T06:30:00,1,11,10,6,30,0.22800000,18.50000000,26.48000000,0.22644778
2001-11-10T06:40:00,1,11,10,6,40,0.26233333,18.70000000,27.88166667,0.25885593
2001-11-10T06:50:00,1,11,10,6,50,0.29666667,18.90000000,29.28333333,0.29082134
2001-11-10T07:00:00,1,11,10,7,0,0.33100000,19.10000000,30.68500000,0.32234402
2001-11-10T07:10:00,1,11,10,7,10,0.36466667,19.35000000,32.11333333,0.35273429
2001-11-10T07:20:00,1,11,10,7,20,0.39833333,19.60000000,33.54166667,0.38268215
2001-11-10T07:30:00,1,11,10,7,30,0.43200000,19.85000000,34.97000000,0.41218762
2001-11-10T07:40:00,1,11,10,7,40,0.46566667,20.10000000,36.39833333,0.44125068
2001-11-10T07:50:00,1,11,10,7,50,0.49933333,20.35000000,37.82666667,0.46987134
2001-11-10T08:00:00,1,11,10,8,0,0.53300000,20.60000000,39.25500000,0.49804959
2001-11-10T08:10:00,1,11,10,8,10,0.57150000,20.98333333,40.98583333,0.52947484
2001-11-10T08:20:00,1,11,10,8,20,0.61000000,21.36666667,42.71666667,0.56028703
2001-11-10T08:30:00,1,11,10,8,30,0.64850000,21.75000000,44.44750000,0.59048616
2001-11-10T08:40:00,1,11,10,8,40,0.68700000,22.13333333,46.17833333,0.62007223
2001-11-10T08:50:00,1,11,10,8,50,0.72550000,22.51666667,47.90916667,0.64904524
2001-11-10T09:00:00,1,11,10,9,0,0.76400000,22.90000000,49.64000000,0.67740518
2001-11-10T09:10:00,1,11,10,9,10,0.79766667,23.10000000,51.01833333,0.70219846
2001-11-10T09:20:00,1,11,10,9,20,0.83133333,23.30000000,52.39666667,0.72656483
2001-11-10T09:30:00,1,11,10,9,30,0.86500000,23.50000000,53.77500000,0.75050428
2001-11-10T09:40:00,1,11,10,9,40,0.89866667,23.70000000,55.15333333,0.77401681
2001-11-10T09:50:00,1,11,10,9,50,0.93233333,23.90000000,56.53166667,0.79710242
2001-11-10T10:00:00,1,11,10,10,0,0.96600000,24.10000000,57.91000000,0.81976112
2001-11-10T10:10:00,1,11,10,10,10,0.98433333,24.30000000,58.75166667,0.83150804
2001-11-10T10:20:00,1,11,10,10,20,1.00266667,24.50000000,59.59333333,0.84311299
2001-11-10T10:30:00,1,11,10,10,30,1.02100000,24.70000000,60.43500000,0.85457598
2001-11-10T10:40:00,1,11,10,10,40,1.03933333,24.90000000,61.27666667,0.86589701
2001-11-10T10:50:00,1,11,10,10,50,1.05766667,25.10000000,62.11833333,0.87707608
2001-11-10T11:00:00,1,11,10,11,0,1.07600000,25.30000000,62.96000000,0.88811318
2001-11-10T11:10:00,1,11,10,11,10,1.07683333,25.51666667,63.20583333,0.88758328
2001-11-10T11:20:00,1,11,10,11,20,1.07766667,25.73333333,63.45166667,0.88705150
2001-11-10T11:30:00,1,11,10,11,30,1.07850000,25.95000000,63.69750000,0.88651783
2001-11-10T11:40:00,1,11,10,11,40,1.07933333,26.16666667,63.94333333,0.88598228
2001-11-10T11:50:00,1,11,10,11,50,1.08016667,26.38333333,64.18916667,0.88544484
2001-11-10T12:00:00,1,11,10,12,0,1.08100000,26.60000000,64.43500000,0.88490552
2001-11-10T12:10:00,1,11,10,12,10,1.04733333,26.73333333,63.39000000,0.86238055
2001-11-10T12:20:00,1,11,10,12,20,1.01366667,26.86666667,62.34500000,0.83953191
2001-11-10T12:30:00,1,11,10,12,30,0.98000000,27.00000000,61.30000000,0.81635960
2001-11-10T12:40:00,1,11,10,12,40,0.94633333,27.13333333,60.25500000,0.79286362
2001-11-10T12:50:00,1,11,10,12,50,0.91266667,27.26666667,59.21000000,0.76904396
2001-11-10T13:00:00,1,11,10,13,0,0.87900000,27.40000000,58.16500000,0.74490064
2001-11-10T13:10:00,1,11,10,13,10,0.85366667,27.23333333,57.11166667,0.72756843
2001-11-10T13:20:00,1,11,10,13,20,0.82833333,27.06666667,56.05833333,0.70999073
2001-11-10T13:30:00,1,11,10,13,30,0.80300000,26.90000000,55.00500000,0.69216753
2001-11-10T13:40:00,1,11,10,13,40,0.77766667,26.73333333,53.95166667,0.67409883
2001-11-10T13:50:00,1,11,10,13,50,0.75233333,26.56666667,52.89833333,0.65578464
2001-11-10T14:00:00,1,11,10,14,0,0.72700000,26.40000000,51.84500000,0.63722495
2001-11-10T14:10:00,1,11,10,14,10,0.68716667,26.31666667,50.36750000,0.60698084
2001-11-10T14:20:00,1,11,10,14,20,0.64733333,26.23333333,48.89000000,0.57619528
2001-11-10T14:30:00,1,11,10,14,30,0.60750000,26.15000000,47.41250000,0.54486827
2001-11-10T14:40:00,1,11,10,14,40,0.56766667,26.06666667,45.93500000,0.51299980
2001-11-10T14:50:00,1,11,10,14,50,0.52783333,25.98333333,44.45750000,0.48058987
2001-11-10T15:00:00,1,11,10,15,0,0.48800000,25.90000000,42.98000000,0.44763850
2001-11-10T15:10:00,1,11,10,15,10,0.45800000,25.70000000,41.73000000,0.42275324
2001-11-10T15:20:00,1,11,10,15,20,0.42800000,25.50000000,40.48000000,0.39752298
2001-11-10T15:30:00,1,11,10,15,30,0.39800000,25.30000000,39.23000000,0.37194772
2001-11-10T15:40:00,1,11,10,15,40,0.36800000,25.10000000,37.98000000,0.34602746
2001-11-10T15:50:00,1,11,10,15,50,0.33800000,24.90000000,36.73000000,0.31976220
2001-11-10T16:00:00,1,11,10,16,0,0.30800000,24.70000000,35.48000000,0.29315194
2001-11-10T16:10:00,1,11,10,16,10,0.28816667,24.55000000,34.63583333,0.27539373
2001-11-10T16:20:00,1,11,10,16,20,0.26833333,24.40000000,33.79166667,0.25748149
2001-11-10T16:30:00,1,11,10,16,30,0.24850000,24.25000000,32.94750000,0.23941521
2001-11-10T16:40:00,1,11,10,16,40,0.22866667,24.10000000,32.10333333,0.22119491
2001-11-10T16:50:00,1,11,10,16,50,0.20883333,23.95000000,31.25916667,0.20282057
2001-11-10T17:00:00,1,11,10,17,0,0.18900000,23.80000000,30.41500000,0.18429220
2001-11-10T17:10:00,1,11,10,17,10,0.16083333,23.66666667,29.29583333,0.15765513
2001-11-10T17:20:00,1,11,10,17,20,0.13266667,23.53333333,28.17666667,0.13072805
2001-11-10T17:30:00,1,11,10,17,30,0.10450000,23.40000000,27.05750000,0.10351096
2001-11-10T17:40:00,1,11,10,17,40,0.07633333,23.26666667,25.93833333,0.07600385
2001-11-10T17:50:00,1,11,10,17,50,0.04816667,23.13333333,24.81916667,0.04820673
2001-11-10T18:00:00,1,11,10,18,0,0.02000000,23.00000000,23.70000000,0.02011960
2001-11-10T18:10:00,1,11,10,18,10,0.01666667,22.80000000,23.38333333,0.01679061
2001-11-10T18:20:00,1,11,10,18,20,0.01333333,22.60000000,23.06666667,0.01345191
2001-11-10T18:30:00,1,11,10,18,30,0.01000000,22.40000000,22.75000000,0.01010350
2001-11-10T18:40:00,1,11,10,18,40,0.00666667,22.20000000,22.43333333,0.00674538
2001-11-10T18:50:00,1,11,10,18,50,0.00333333,22.00000000,22.11666667,0.00337754
2001-11-10T19:00:00,1,11,10,19,0,0.00000000,21.80000000,21.80000000,0.00000000
2001-11-10T19:10:00,1,11,10,19,10,0.00000000,21.76666667,21.76666667,0.00000000
2001-11-10T19:20:00,1,11,10,19,20,0.00000000,21.73333333,21.73333333,0.00000000
2001-11-10T19:30:00,1,11,10,19,30,0.00000000,21.70000000,21.70000000,0.00000000
2001-11-10T19:40:00,1,11,10,19,40,0.00000000,21.66666667,21.66666667,0.00000000
2001-11-10T19:50:00,1,11,10,19,50,0.00000000,21.63333333,21.63333333,0.00000000
2001-11-10T20:00:00,1,11,10,20,0,0.00000000,21.60000000,21.60000000,0.00000000
2001-11-10T20:10:00,1,11,10,20,10,0.00000000,21.53333333,21.53333333,0.00000000
2001-11-10T20:20:00,1,11,10,20,20,0.00000000,21.46666667,21.46666667,0.00000000
2001-11-10T20:30:00,1,11,10,20,30,0.00000000,21.40000000,21.40000000,0.00000000
2001-11-10T20:40:00,1,11,10,20,40,0.00000000,21.33333333,21.33333333,0.00000000
2001-11-10T20:50:00,1,11,10,20,50,0.00000000,21.26666667,21.26666667,0.00000000
2001-11-10T21:00:00,1,11,10,21,0,0.00000000,21.20000000,21.20000000,0.00000000
2001-11-10T21:10:00,1,11,10,21,10,0.00000000,21.08333333,21.08333333,0.00000000
2001-11-10T21:20:00,1,11,10,21,20,0.00000000,20.96666667,20.96666667,0.00000000
2001-11-10T21:30:00,1,11,10,21,30,0.00000000,20.85000000,20.85000000,0.00000000
2001-11-10T21:40:00,1,11,10,21,40,0.00000000,20.73333333,20.73333333,0.00000000
2001-11-10T21:50:00,1,11,10,21,50,0.00000000,20.61666667,20.61666667,0.00000000
2001-11-10T22:00:00,1,11,10,22,0,0.00000000,20.50000000,20.50000000,0.00000000
2001-11-10T22:10:00,1,11,10,22,10,0.00000000,20.38333333,20.38333333,0.00000000
2001-11-10T22:20:00,1,11,10,22,20,0.00000000,20.26666667,20.26666667,0.00000000
2001-11-10T22:30:00,1,11,10,22,30,0.00000000,20.15000000,20.15000000,0.00000000
2001-11-10T22:40:00,1,11,10,22,40,0.00000000,20.03333333,20.03333333,0.00000000
2001-11-10T22:50:00,1,11,10,22,50,0.00000000,19.91666667,19.91666667,0.00000000
2001-11-10T23:00:00,1,11,10,23,0,0.00000000,19.80000000,19.80000000,0.00000000
2001-11-10T23:10:00,1,11,10,23,10,0.00000000,19.81666667,19.81666667,0.00000000
2001-11-10T23:20:00,1,11,10,23,20,0.00000000,19.83333333,19.83333333,0.00000000
2001-11-10T23:30:00,1,11,10,23,30,0.00000000,19.85000000,19.85000000,0.00000000
2001-11-10T23:40:00,1,11,10,23,40,0.00000000,19.86666667,19.86666667,0.00000000
2001-11-10T23:50:00,1,11,10,23,50,0.00000000,19.88333333,19.88333333,0.00000000
2001-11-11T00:00:00,1,11,11,0,0,0.00000000,19.90000000,19.90000000,0.00000000
2001-11-11T00:10:00,1,11,11,0,10,0.00000000,19.70000000,19.70000000,0.00000000
2001-11-11T00:20:00,1,11,11,0,20,0.00000000,19.50000000,19.50000000,0.00000000
2001-11-11T00:30:00,1,11,11,0,30,0.00000000,19.30000000,19.30000000,0.00000000
2001-11-11T00:40:00,1,11,11,0,40,0.00000000,19.10000000,19.10000000,0.00000000
2001-11-11T00:50:00,1,11,11,0,50,0.00000000,18.90000000,18.90000000,0.00000000
2001-11-11T01:00:00,1,11,11,1,0,0.00000000,18.70000000,18.70000000,0.00000000
2001-11-11T01:10:00,1,11,11,1,10,0.00000000,18.75000000,18.75000000,0.00000000
2001-11-11T01:20:00,1,11,11,1,20,0.00000000,18.80000000,18.80000000,0.00000000
2001-11-11T01:30:00,1,11,11,1,30,0.00000000,18.85000000,18.85000000,0.00000000
2001-11-11T01:40:00,1,11,11,1,40,0.00000000,18.90000000,18.90000000,0.00000000
2001-11-11T01:50:00,1,11,11,1,50,0.00000000,18.95000000,18.95000000,0.00000000
2001-11-11T02:00:00,1,11,11,2,0,0.00000000,19.00000000,19.00000000,0.00000000
2001-11-11T02:10:00,1,11,11,2,10,0.00000000,18.96666667,18.96666667,0.00000000
2001-11-11T02:20:00,1,11,11,2,20,0.00000000,18.93333333,18.93333333,0.00000000
2001-11-11T02:30:00,1,11,11,2,30,0.00000000,18.90000000,18.90000000,0.00000000
2001-11-11T02:40:00,1,11,11,2,40,0.00000000,18.86666667,18.86666667,0.00000000
2001-11-11T02:50:00,1,11,11,2,50,0.00000000,18.83333333,18.83333333,0.00000000
2001-11-11T03:00:00,1,11,11,3,0,0.00000000,18.80000000,18.80000000,0.00000000
2001-11-11T03:10:00,1,11,11,3,10,0.00000000,18.66666667,18.66666667,0.00000000
2001-11-11T03:20:00,1,11,11,3,20,0.00000000,18.53333333,18.53333333,0.00000000
2001-11-11T03:30:00,1,11,11,3,30,0.00000000,18.40000000,18.40000000,0.00000000
2001-11-11T03:40:00,1,11,11,3,40,0.00000000,18.26666667,18.26666667,0.00000000
2001-11-11T03:50:00,1,11,11,3,50,0.00000000,18.13333333,18.13333333,0.00000000
2001-11-11T04:00:00,1,11,11,4,0,0.00000000,18.00000000,18.00000000,0.00000000
2001-11-11T04:10:00,1,11,11,4,10,0.00250000,17.95000000,18.03750000,0.00258007
2001-11-11T04:20:00,1,11,11,4,20,0.00500000,17.90000000,18.07500000,0.00515927
2001-11-11T04:30:00,1,11,11,4,30,0.00750000,17.85000000,18.11250000,0.00773762
2001-11-11T04:40:00,1,11,11,4,40,0.01000000,17.80000000,18.15000000,0.01031510
2001-11-11T04:50:00,1,11,11,4,50,0.01250000,17.75000000,18.18750000,0.01289172
2001-11-11T05:00:00,1,11,11,5,0,0.01500000,17.70000000,18.22500000,0.01546748
2001-11-11T05:10:00,1,11,11,5,10,0.02900000,17.91666667,18.93166667,0.02980952
2001-11-11T05:20:00,1,11,11,5,20,0.04300000,18.13333333,19.63833333,0.04406054
2001-11-11T05:30:00,1,11,11,5,30,0.05700000,18.35000000,20.34500000,0.05822054
2001-11-11T05:40:00,1,11,11,5,40,0.07100000,18.56666667,21.05166667,0.07228953
2001-11-11T05:50:00,1,11,11,5,50,0.08500000,18.78333333,21.75833333,0.08626749
2001-11-11T06:00:00,1,11,11,6,0,0.09900000,19.00000000,22.46500000,0.10015444
2001-11-11T06:10:00,1,11,11,6,10,0.12383333,19.23333333,23.56750000,0.12464933
2001-11-11T06:20:00,1,11,11,6,20,0.14866667,19.46666667,24.67000000,0.14889234
2001-11-11T06:30:00,1,11,11,6,30,0.17350000,19.70000000,25.77250000,0.17288347
2001-11-11T06:40:00,1,11,11,6,40,0.19833333,19.93333333,26.87500000,0.19662271
2001-11-11T06:50:00,1,11,11,6,50,0.22316667,20.16666667,27.97750000,0.22011006
2001-11-11T07:00:00,1,11,11,7,0,0.24800000,20.40000000,29.08000000,0.24334554
2001-11-11T07:10:00,1,11,11,7,10,0.29916667,20.71666667,31.18750000,0.29065164
2001-11-11T07:20:00,1,11,11,7,20,0.35033333,21.03333333,33.29500000,0.33696566
2001-11-11T07:30:00,1,11,11,7,30,0.40150000,21.35000000,35.40250000,0.38228762
2001-11-11T07:40:00,1,11,11,7,40,0.45266667,21.66666667,37.51000000,0.42661751
2001-11-11T07:50:00,1,11,11,7,50,0.50383333,21.98333333,39.61750000,0.46995533
2001-11-11T08:00:00,1,11,11,8,0,0.55500000,22.30000000,41.72500000,0.51230108
2001-11-11T08:10:00,1,11,11,8,10,0.59900000,22.80000000,43.76500000,0.54729492
2001-11-11T08:20:00,1,11,11,8,20,0.64300000,23.30000000,45.80500000,0.58146297
2001-11-11T08:30:00,1,11,11,8,30,0.68700000,23.80000000,47.84500000,0.61480523
2001-11-11T08:40:00,1,11,11,8,40,0.73100000,24.30000000,49.88500000,0.64732170
2001-11-11T08:50:00,1,11,11,8,50,0.77500000,24.80000000,51.92500000,0.67901238
2001-11-11T09:00:00,1,11,11,9,0,0.81900000,25.30000000,53.96500000,0.70987726
2001-11-11T09:10:00,1,11,11,9,10,0.82633333,25.83333333,54.75500000,0.71323061
2001-11-11T09:20:00,1,11,11,9,20,0.83366667,26.36666667,55.54500000,0.71653066
2001-11-11T09:30:00,1,11,11,9,30,0.84100000,26.90000000,56.33500000,0.71977742
2001-11-11T09:40:00,1,11,11,9,40,0.84833333,27.43333333,57.12500000,0.72297087
2001-11-11T09:50:00,1,11,11,9,50,0.85566667,27.96666667,57.91500000,0.72611103
2001-11-11T10:00:00,1,11,11,10,0,0.86300000,28.50000000,58.70500000,0.72919789
2001-11-11T10:10:00,1,11,11,10,10,0.83616667,28.61666667,57.88250000,0.70968851
2001-11-11T10:20:00,1,11,11,10,20,0.80933333,28.73333333,57.06000000,0.68997609
2001-11-11T10:30:00,1,11,11,10,30,0.78250000,28.85000000,56.23750000,0.67006062
2001-11-11T10:40:00,1,11,11,10,40,0.75566667,28.96666667,55.41500000,0.64994210
2001-11-11T10:50:00,1,11,11,10,50,0.72883333,29.08333333,54.59250000,0.62962053
2001-11-11T11:00:00,1,11,11,11,0,0.70200000,29.20000000,53.77000000,0.60909592
2001-11-11T11:10:00,1,11,11,11,10,0.75933333,28.93333333,55.51000000,0.65276394
2001-11-11T11:20:00,1,11,11,11,20,0.81666667,28.66666667,57.25000000,0.69551417
2001-11-11T11:30:00,1,11,11,11,30,0.87400000,28.40000000,58.99000000,0.73734660
2001-11-11T11:40:00,1,11,11,11,40,0.93133333,28.13333333,60.73000000,0.77826125
2001-11-11T11:50:00,1,11,11,11,50,0.98866667,27.86666667,62.47000000,0.81825810
2001-11-11T12:00:00,1,11,11,12,0,1.04600000,27.60000000,64.21000000,0.85733716
2001-11-11T12:10:00,1,11,11,12,10,0.99383333,28.13333333,62.91750000,0.82048843
2001-11-11T12:20:00,1,11,11,12,20,0.94166667,28.66666667,61.62500000,0.78301938
2001-11-11T12:30:00,1,11,11,12,30,0.88950000,29.20000000,60.33250000,0.74493001
2001-11-11T12:40:00,1,11,11,12,40,0.83733333,29.73333333,59.04000000,0.70622033
2001-11-11T12:50:00,1,11,11,12,50,0.78516667,30.26666667,57.74750000,0.66689034
2001-11-11T13:00:00,1,11,11,13,0,0.73300000,30.80000000,56.45500000,0.62694003
2001-11-11T13:10:00,1,11,11,13,10,0.69333333,30.38333333,54.65000000,0.59876960
2001-11-11T13:20:00,1,11,11,13,20,0.65366667,29.96666667,52.84500000,0.56994046
2001-11-11T13:30:00,1,11,11,13,30,0.61400000,29.55000000,51.04000000,0.54045262
2001-11-11T13:40:00,1,11,11,13,40,0.57433333,29.13333333,49.23500000,0.51030608
2001-11-11T13:50:00,1,11,11,13,50,0.53466667,28.71666667,47.43000000,0.47950083
2001-11-11T14:00:00,1,11,11,14,0,0.49500000,28.30000000,45.62500000,0.44803688
2001-11-11T14:10:00,1,11,11,14,10,0.50250000,27.95000000,45.53750000,0.45502757
2001-11-11T14:20:00,1,11,11,14,20,0.51000000,27.60000000,45.45000000,0.46202430
2001-11-11T14:30:00,1,11,11,14,30,0.51750000,27.25000000,45.36250000,0.46902707
2001-11-11T14:40:00,1,11,11,14,40,0.52500000,26.90000000,45.27500000,0.47603588
2001-11-11T14:50:00,1,11,11,14,50,0.53250000,26.55000000,45.18750000,0.48305072
2001-11-11T15:00:00,1,11,11,15,0,0.54000000,26.20000000,45.10000000,0.49007160
2001-11-11T15:10:00,1,11,11,15,10,0.48700000,26.18333333,43.22833333,0.44616489
2001-11-11T15:20:00,1,11,11,15,20,0.43400000,26.16666667,41.35666667,0.40134555
2001-11-11T15:30:00,1,11,11,15,30,0.38100000,26.15000000,39.48500000,0.35561359
2001-11-11T15:40:00,1,11,11,15,40,0.32800000,26.13333333,37.61333333,0.30896900
2001-11-11T15:50:00,1,11,11,15,50,0.27500000,26.11666667,35.74166667,0.26141179
2001-11-11T16:00:00,1,11,11,16,0,0.22200000,26.10000000,33.87000000,0.21294196
2001-11-11T16:10:00,1,11,11,16,10,0.19916667,25.63333333,32.60416667,0.19219998
2001-11-11T16:20:00,1,11,11,16,20,0.17633333,25.16666667,31.33833333,0.17119210
2001-11-11T16:30:00,1,11,11,16,30,0.15350000,24.70000000,30.07250000,0.14991831
2001-11-11T16:40:00,1,11,11,16,40,0.13066667,24.23333333,28.80666667,0.12837861
2001-11-11T16:50:00,1,11,11,16,50,0.10783333,23.76666667,27.54083333,0.10657300
2001-11-11T17:00:00,1,11,11,17,0,0.08500000,23.30000000,26.27500000,0.08450148
2001-11-11T17:10:00,1,11,11,17,10,0.07383333,22.88333333,25.46750000,0.07367455
2001-11-11T17:20:00,1,11,11,17,20,0.06266667,22.46666667,24.66000000,0.06276468
2001-11-11T17:30:00,1,11,11,17,30,0.05150000,22.05000000,23.85250000,0.05177184
2001-11-11T17:40:00,1,11,11,17,40,0.04033333,21.63333333,23.04500000,0.04069605
2001-11-11T17:50:00,1,11,11,17,50,0.02916667,21.21666667,22.23750000,0.02953730
2001-11-11T18:00:00,1,11,11,18,0,0.01800000,20.80000000,21.43000000,0.01829560
2001-11-11T18:10:00,1,11,11,18,10,0.01500000,20.61666667,21.14166667,0.01526622
2001-11-11T18:20:00,1,11,11,18,20,0.01200000,20.43333333,20.85333333,0.01222890
2001-11-11T18:30:00,1,11,11,18,30,0.00900000,20.25000000,20.56500000,0.00918361
2001-11-11T18:40:00,1,11,11,18,40,0.00600000,20.06666667,20.27666667,0.00613036
2001-11-11T18:50:00,1,11,11,18,50,0.00300000,19.88333333,19.98833333,0.00306916
2001-11-11T19:00:00,1,11,11,19,0,0.00000000,19.70000000,19.70000000,0.00000000
2001-11-11T19:10:00,1,11,11,19,10,0.00000000,19.71666667,19.71666667,0.00000000
2001-11-11T19:20:00,1,11,11,19,20,0.00000000,19.73333333,19.73333333,0.00000000
2001-11-11T19:30:00,1,11,11,19,30,0.00000000,19.75000000,19.75000000,0.00000000
2001-11-11T19:40:00,1,11,11,19,40,0.00000000,19.76666667,19.76666667,0.00000000
2001-11-11T19:50:00,1,11,11,19,50,0.00000000,19.78333333,19.78333333,0.00000000
2001-11-11T20:00:00,1,11,11,20,0,0.00000000,19.80000000,19.80000000,0.00000000
2001-11-11T20:10:00,1,11,11,20,10,0.00000000,19.55000000,19.55000000,0.00000000
2001-11-11T20:20:00,1,11,11,20,20,0.00000000,19.30000000,19.30000000,0.00000000
2001-11-11T20:30:00,1,11,11,20,30,0.00000000,19.05000000,19.05000000,0.00000000
2001-11-11T20:40:00,1,11,11,20,40,0.00000000,18.80000000,18.80000000,0.00000000
2001-11-11T20:50:00,1,11,11,20,50,0.00000000,18.55000000,18.55000000,0.00000000
2001-11-11T21:00:00,1,11,11,21,0,0.00000000,18.30000000,18.30000000,0.00000000
2001-11-11T21:10:00,1,11,11,21,10,0.00000000,18.23333333,18.23333333,0.00000000
2001-11-11T21:20:00,1,11,11,21,20,0.00000000,18.16666667,18.16666667,0.00000000
2001-11-11T21:30:00,1,11,11,21,30,0.00000000,18.10000000,18.10000000,0.00000000
2001-11-11T21:40:00,1,11,11,21,40,0.00000000,18.03333333,18.03333333,0.00000000
2001-11-11T21:50:00,1,11,11,21,50,0.00000000,17.96666667,17.96666667,0.00000000
2001-11-11T22:00:00,1,11,11,22,0,0.00000000,17.90000000,17.90000000,0.00000000
2001-11-11T22:10:00,1,11,11,22,10,0.00000000,17.85000000,17.85000000,0.00000000
2001-11-11T22:20:00,1,11,11,22,20,0.00000000,17.80000000,17.80000000,0.00000000
2001-11-11T22:30:00,1,11,11,22,30,0.00000000,17.75000000,17.75000000,0.00000000
2001-11-11T22:40:00,1,11,11,22,40,0.00000000,17.70000000,17.70000000,0.00000000
2001-11-11T22:50:00,1,11,11,22,50,0.00000000,17.65000000,17.65000000,0.00000000
2001-11-11T23:00:00,1,11,11,23,0,0.00000000,17.60000000,17.60000000,0.00000000
2001-11-11T23:10:00,1,11,11,23,10,0.00000000,17.73333333,17.73333333,0.00000000
2001-11-11T23:20:00,1,11,11,23,20,0.00000000,17.86666667,17.86666667,0.00000000
2001-11-11T23:30:00,1,11,11,23,30,0.00000000,18.00000000,18.00000000,0.00000000
2001-11-11T23:40:00,1,11,11,23,40,0.00000000,18.13333333,18.13333333,0.00000000
2001-11-11T23:50:00,1,11,11,23,50,0.00000000,18.26666667,18.26666667,0.00000000
2001-11-12T00:00:00,1,11,12,0,0,0.00000000,18.40000000,18.40000000,0.00000000
2001-11-12T00:10:00,1,11,12,0,10,0.00000000,18.45000000,18.45000000,0.00000000
2001-11-12T00:20:00,1,11,12,0,20,0.00000000,18.50000000,18.50000000,0.00000000
2001-11-12T00:30:00,1,11,12,0,30,0.00000000,18.55000000,18.55000000,0.00000000
2001-11-12T00:40:00,1,11,12,0,40,0.00000000,18.60000000,18.60000000,0.00000000
2001-11-12T00:50:00,1,11,12,0,50,0.00000000,18.65000000,18.65000000,0.00000000
2001-11-12T01:00:00,1,11,12,1,0,0.00000000,18.70000000,18.70000000,0.00000000
2001-11-12T01:10:00,1,11,12,1,10,0.00000000,18.78333333,18.78333333,0.00000000
2001-11-12T01:20:00,1,11,12,1,20,0.00000000,18.86666667,18.86666667,0.00000000
2001-11-12T01:30:00,1,11,12,1,30,0.00000000,18.95000000,18.95000000,0.00000000
2001-11-12T01:40:00,1,11,12,1,40,0.00000000,19.03333333,19.03333333,0.00000000
2001-11-12T01:50:00,1,11,12,1,50,0.00000000,19.11666667,19.11666667,0.00000000
2001-11-12T02:00:00,1,11,12,2,0,0.00000000,19.20000000,19.20000000,0.00000000
2001-11-12T02:10:00,1,11,12,2,10,0.00000000,19.16666667,19.16666667,0.00000000
2001-11-12T02:20:00,1,11,12,2,20,0.00000000,19.13333333,19.13333333,0.00000000
2001-11-12T02:30:00,1,11,12,2,30,0.00000000,19.10000000,19.10000000,0.00000000
2001-11-12T02:40:00,1,11,12,2,40,0.00000000,19.06666667,19.06666667,0.00000000
2001-11-12T02:50:00,1,11,12,2,50,0.00000000,19.03333333,19.03333333,0.00000000
2001-11-12T03:00:00,1,11,12,3,0,0.00000000,19.00000000,19.00000000,0.00000000
2001-11-12T03:10:00,1,11,12,3,10,0.00000000,19.03333333,19.03333333,0.00000000
2001-11-12T03:20:00,1,11,12,3,20,0.00000000,19.06666667,19.06666667,0.00000000
2001-11-12T03:30:00,1,11,12,3,30,0.00000000,19.10000000,19.10000000,0.00000000
2001-11-12T03:40:00,1,11,12,3,40,0.00000000,19.13333333,19.13333333,0.00000000
2001-11-12T03:50:00,1,11,12,3,50,0.00000000,19.16666667,19.16666667,0.00000000
2001-11-12T04:00:00,1,11,12,4,0,0.00000000,19.20000000,19.20000000,0.00000000
2001-11-12T04:10:00,1,11,12,4,10,0.00100000,19.15000000,19.18500000,0.00102675
2001-11-12T04:20:00,1,11,12,4,20,0.00200000,19.10000000,19.17000000,0.00205364
2001-11-12T04:30:00,1,11,12,4,30,0.00300000,19.05000000,19.15500000,0.00308066
2001-11-12T04:40:00,1,11,12,4,40,0.00400000,19.00000000,19.14000000,0.00410782
2001-11-12T04:50:00,1,11,12,4,50,0.00500000,18.95000000,19.12500000,0.00513513
2001-11-12T05:00:00,1,11,12,5,0,0.00600000,18.90000000,19.11000000,0.00616256
2001-11-12T05:10:00,1,11,12,5,10,0.02433333,19.01666667,19.86833333,0.02490774
2001-11-12T05:20:00,1,11,12,5,20,0.04266667,19.13333333,20.62666667,0.04352501
2001-11-12T05:30:00,1,11,12,5,30,0.06100000,19.25000000,21.38500000,0.06201437
2001-11-12T05:40:00,1,11,12,5,40,0.07933333,19.36666667,22.14333333,0.08037583
2001-11-12T05:50:00,1,11,12,5,50,0.09766667,19.48333333,22.90166667,0.09860938
2001-11-12T06:00:00,1,11,12,6,0,0.11600000,19.60000000,23.66000000,0.11671502
2001-11-12T06:10:00,1,11,12,6,10,0.10450000,19.53333333,23.19083333,0.10536967
2001-11-12T06:20:00,1,11,12,6,20,0.09300000,19.46666667,22.72166667,0.09397467
2001-11-12T06:30:00,1,11,12,6,30,0.08150000,19.40000000,22.25250000,0.08253004
2001-11-12T06:40:00,1,11,12,6,40,0.07000000,19.33333333,21.78333333,0.07103577
2001-11-12T06:50:00,1,11,12,6,50,0.05850000,19.26666667,21.31416667,0.05949186
2001-11-12T07:00:00,1,11,12,7,0,0.04700000,19.20000000,20.84500000,0.04789831
2001-11-12T07:10:00,1,11,12,7,10,0.09283333,19.31666667,22.56583333,0.09387280
2001-11-12T07:20:00,1,11,12,7,20,0.13866667,19.43333333,24.28666667,0.13912168
2001-11-12T07:30:00,1,11,12,7,30,0.18450000,19.55000000,26.00750000,0.18364493
2001-11-12T07:40:00,1,11,12,7,40,0.23033333,19.66666667,27.72833333,0.22744257
2001-11-12T07:50:00,1,11,12,7,50,0.27616667,19.78333333,29.44916667,0.27051459
2001-11-12T08:00:00,1,11,12,8,0,0.32200000,19.90000000,31.17000000,0.31286100
2001-11-12T08:10:00,1,11,12,8,10,0.28400000,19.86666667,29.80666667,0.27772057
2001-11-12T08:20:00,1,11,12,8,20,0.24600000,19.83333333,28.44333333,0.24210352
2001-11-12T08:30:00,1,11,12,8,30,0.20800000,19.80000000,27.08000000,0.20600986
2001-11-12T08:40:00,1,11,12,8,40,0.17000000,19.76666667,25.71666667,0.16943957
2001-11-12T08:50:00,1,11,12,8,50,0.13200000,19.73333333,24.35333333,0.13239266
2001-11-12T09:00:00,1,11,12,9,0,0.09400000,19.70000000,22.99000000,0.09486912
2001-11-12T09:10:00,1,11,12,9,10,0.11983333,19.76666667,23.96083333,0.12040616
2001-11-12T09:20:00,1,11,12,9,20,0.14566667,19.83333333,24.93166667,0.14571245
2001-11-12T09:30:00,1,11,12,9,30,0.17150000,19.90000000,25.90250000,0.17078802
2001-11-12T09:40:00,1,11,12,9,40,0.19733333,19.96666667,26.87333333,0.19563285
2001-11-12T09:50:00,1,11,12,9,50,0.22316667,20.03333333,27.84416667,0.22024694
2001-11-12T10:00:00,1,11,12,10,0,0.24900000,20.10000000,28.81500000,0.24463030
2001-11-12T10:10:00,1,11,12,10,10,0.23700000,20.11666667,28.41166667,0.23328060
2001-11-12T10:20:00,1,11,12,10,20,0.22500000,20.13333333,28.00833333,0.22188638
2001-11-12T10:30:00,1,11,12,10,30,0.21300000,20.15000000,27.60500000,0.21044762
2001-11-12T10:40:00,1,11,12,10,40,0.20100000,20.16666667,27.20166667,0.19896434
2001-11-12T10:50:00,1,11,12,10,50,0.18900000,20.18333333,26.79833333,0.18743653
2001-11-12T11:00:00,1,11,12,11,0,0.17700000,20.20000000,26.39500000,0.17586419
2001-11-12T11:10:00,1,11,12,11,10,0.18333333,20.18333333,26.60000000,0.18198400
2001-11-12T11:20:00,1,11,12,11,20,0.18966667,20.16666667,26.80500000,0.18809186
2001-11-12T11:30:00,1,11,12,11,30,0.19600000,20.15000000,27.01000000,0.19418778
2001-11-12T11:40:00,1,11,12,11,40,0.20233333,20.13333333,27.21500000,0.20027176
2001-11-12T11:50:00,1,11,12,11,50,0.20866667,20.11666667,27.42000000,0.20634379
2001-11-12T12:00:00,1,11,12,12,0,0.21500000,20.10000000,27.62500000,0.21240388
2001-11-12T12:10:00,1,11,12,12,10,0.26066667,20.23333333,29.35666667,0.25544273
2001-11-12T12:20:00,1,11,12,12,20,0.30633333,20.36666667,31.08833333,0.29775406
2001-11-12T12:30:00,1,11,12,12,30,0.35200000,20.50000000,32.82000000,0.33933786
2001-11-12T12:40:00,1,11,12,12,40,0.39766667,20.63333333,34.55166667,0.38019412
2001-11-12T12:50:00,1,11,12,12,50,0.44333333,20.76666667,36.28333333,0.42032286
2001-11-12T13:00:00,1,11,12,13,0,0.48900000,20.90000000,38.01500000,0.45972406
2001-11-12T13:10:00,1,11,12,13,10,0.45816667,20.95000000,36.98583333,0.43290572
2001-11-12T13:20:00,1,11,12,13,20,0.42733333,21.00000000,35.95666667,0.40579545
2001-11-12T13:30:00,1,11,12,13,30,0.39650000,21.05000000,34.92750000,0.37839323
2001-11-12T13:40:00,1,11,12,13,40,0.36566667,21.10000000,33.89833333,0.35069908
2001-11-12T13:50:00,1,11,12,13,50,0.33483333,21.15000000,32.86916667,0.32271298
2001-11-12T14:00:00,1,11,12,14,0,0.30400000,21.20000000,31.84000000,0.29443494
2001-11-12T14:10:00,1,11,12,14,10,0.31500000,21.21666667,32.24166667,0.30450683
2001-11-12T14:20:00,1,11,12,14,20,0.32600000,21.23333333,32.64333333,0.31453806
2001-11-12T14:30:00,1,11,12,14,30,0.33700000,21.25000000,33.04500000,0.32452864
2001-11-12T14:40:00,1,11,12,14,40,0.34800000,21.26666667,33.44666667,0.33447858
2001-11-12T14:50:00,1,11,12,14,50,0.35900000,21.28333333,33.84833333,0.34438786
2001-11-12T15:00:00,1,11,12,15,0,0.37000000,21.30000000,34.25000000,0.35425650
2001-11-12T15:10:00,1,11,12,15,10,0.35150000,21.25000000,33.55250000,0.33767146
2001-11-12T15:20:00,1,11,12,15,20,0.33300000,21.20000000,32.85500000,0.32096771
2001-11-12T15:30:00,1,11,12,15,30,0.31450000,21.15000000,32.15750000,0.30414524
2001-11-12T15:40:00,1,11,12,15,40,0.29600000,21.10000000,31.46000000,0.28720406
2001-11-12T15:50:00,1,11,12,15,50,0.27750000,21.05000000,30.76250000,0.27014417
2001-11-12T16:00:00,1,11,12,16,0,0.25900000,21.00000000,30.06500000,0.25296556
2001-11-12T16:10:00,1,11,12,16,10,0.23016667,21.00000000,29.05583333,0.22587249
2001-11-12T16:20:00,1,11,12,16,20,0.20133333,21.00000000,28.04666667,0.19851171
2001-11-12T16:30:00,1,11,12,16,30,0.17250000,21.00000000,27.03750000,0.17088324
2001-11-12T16:40:00,1,11,12,16,40,0.14366667,21.00000000,26.02833333,0.14298708
2001-11-12T16:50:00,1,11,12,16,50,0.11483333,21.00000000,25.01916667,0.11482321
2001-11-12T17:00:00,1,11,12,17,0,0.08600000,21.00000000,24.01000000,0.08639164
2001-11-12T17:10:00,1,11,12,17,10,0.07283333,20.93333333,23.48250000,0.07334175
2001-11-12T17:20:00,1,11,12,17,20,0.05966667,20.86666667,22.95500000,0.06022795
2001-11-12T17:30:00,1,11,12,17,30,0.04650000,20.80000000,22.42750000,0.04705026
2001-11-12T17:40:00,1,11,12,17,40,0.03333333,20.73333333,21.90000000,0.03380867
2001-11-12T17:50:00,1,11,12,17,50,0.02016667,20.66666667,21.37250000,0.02050318
2001-11-12T18:00:00,1,11,12,18,0,0.00700000,20.60000000,20.84500000,0.00713379
2001-11-12T18:10:00,1,11,12,18,10,0.00583333,20.73333333,20.93750000,0.00594234
2001-11-12T18:20:00,1,11,12,18,20,0.00466667,20.86666667,21.03000000,0.00475189
2001-11-12T18:30:00,1,11,12,18,30,0.00350000,21.00000000,21.12250000,0.00356243
2001-11-12T18:40:00,1,11,12,18,40,0.00233333,21.13333333,21.21500000,0.00237396
2001-11-12T18:50:00,1,11,12,18,50,0.00116667,21.26666667,21.30750000,0.00118648
2001-11-12T19:00:00,1,11,12,19,0,0.00000000,21.40000000,21.40000000,0.00000000
2001-11-12T19:10:00,1,11,12,19,10,0.00000000,21.30000000,21.30000000,0.00000000
2001-11-12T19:20:00,1,11,12,19,20,0.00000000,21.20000000,21.20000000,0.00000000
2001-11-12T19:30:00,1,11,12,19,30,0.00000000,21.10000000,21.10000000,0.00000000
2001-11-12T19:40:00,1,11,12,19,40,0.00000000,21.00000000,21.00000000,0.00000000
2001-11-12T19:50:00,1,11,12,19,50,0.00000000,20.90000000,20.90000000,0.00000000
2001-11-12T20:00:00,1,11,12,20,0,0.00000000,20.80000000,20.80000000,0.00000000
2001-11-12T20:10:00,1,11,12,20,10,0.00000000,20.93333333,20.93333333,0.00000000
2001-11-12T20:20:00,1,11,12,20,20,0.00000000,21.06666667,21.06666667,0.00000000
2001-11-12T20:30:00,1,11,12,20,30,0.00000000,21.20000000,21.20000000,0.00000000
2001-11-12T20:40:00,1,11,12,20,40,0.00000000,21.33333333,21.33333333,0.00000000
2001-11-12T20:50:00,1,11,12,20,50,0.00000000,21.46666667,21.46666667,0.00000000
2001-11-12T21:00:00,1,11,12,21,0,0.00000000,21.60000000,21.60000000,0.00000000
2001-11-12T21:10:00,1,11,12,21,10,0.00000000,21.60000000,21.60000000,0.00000000
2001-11-12T21:20:00,1,11,12,21,20,0.00000000,21.60000000,21.60000000,0.00000000
2001-11-12T21:30:00,1,11,12,21,30,0.00000000,21.60000000,21.60000000,0.00000000
2001-11-12T21:40:00,1,11,12,21,40,0.00000000,21.60000000,21.60000000,0.00000000
2001-11-12T21:50:00,1,11,12,21,50,0.00000000,21.60000000,21.60000000,0.00000000
2001-11-12T22:00:00,1,11,12,22,0,0.00000000,21.60000000,21.60000000,0.00000000
2001-11-12T22:10:00,1,11,12,22,10,0.00000000,21.60000000,21.60000000,0.00000000
2001-11-12T22:20:00,1,11,12,22,20,0.00000000,21.60000000,21.60000000,0.00000000
2001-11-12T22:30:00,1,11,12,22,30,0.00000000,21.60000000,21.60000000,0.00000000
2001-11-12T22:40:00,1,11,12,22,40,0.00000000,21.60000000,21.60000000,0.00000000
2001-11-12T22:50:00,1,11,12,22,50,0.00000000,21.60000000,21.60000000,0.00000000
2001-11-12T23:00:00,1,11,12,23,0,0.00000000,21.60000000,21.60000000,0.00000000
2001-11-12T23:10:00,1,11,12,23,10,0.00000000,21.35000000,21.35000000,0.00000000
2001-11-12T23:20:00,1,11,12,23,20,0.00000000,21.10000000,21.10000000,0.00000000
2001-11-12T23:30:00,1,11,12,23,30,0.00000000,20.85000000,20.85000000,0.00000000
2001-11-12T23:40:00,1,11,12,23,40,0.00000000,20.60000000,20.60000000,0.00000000
2001-11-12T23:50:00,1,11,12,23,50,0.00000000,20.35000000,20.35000000,0.00000000
2001-11-13T00:00:00,1,11,13,0,0,0.00000000,20.10000000,20.10000000,0.00000000
2001-11-13T00:10:00,1,11,13,0,10,0.00000000,20.11666667,20.11666667,0.00000000
2001-11-13T00:20:00,1,11,13,0,20,0.00000000,20.13333333,20.13333333,0.00000000
2001-11-13T00:30:00,1,11,13,0,30,0.00000000,20.15000000,20.15000000,0.00000000
2001-11-13T00:40:00,1,11,13,0,40,0.00000000,20.16666667,20.16666667,0.00000000
2001-11-13T00:50:00,1,11,13,0,50,0.00000000,20.18333333,20.18333333,0.00000000
2001-11-13T01:00:00,1,11,13,1,0,0.00000000,20.20000000,20.20000000,0.00000000
2001-11-13T01:10:00,1,11,13,1,10,0.00000000,20.15000000,20.15000000,0.00000000
2001-11-13T01:20:00,1,11,13,1,20,0.00000000,20.10000000,20.10000000,0.00000000
2001-11-13T01:30:00,1,11,13,1,30,0.00000000,20.05000000,20.05000000,0.00000000
2001-11-13T01:40:00,1,11,13,1,40,0.00000000,20.00000000,20.00000000,0.00000000
2001-11-13T01:50:00,1,11,13,1,50,0.00000000,19.95000000,19.95000000,0.00000000
2001-11-13T02:00:00,1,11,13,2,0,0.00000000,19.90000000,19.90000000,0.00000000
2001-11-13T02:10:00,1,11,13,2,10,0.00000000,19.85000000,19.85000000,0.00000000
2001-11-13T02:20:00,1,11,13,2,20,0.00000000,19.80000000,19.80000000,0.00000000
2001-11-13T02:30:00,1,11,13,2,30,0.00000000,19.75000000,19.75000000,0.00000000
2001-11-13T02:40:00,1,11,13,2,40,0.00000000,19.70000000,19.70000000,0.00000000
2001-11-13T02:50:00,1,11,13,2,50,0.00000000,19.65000000,19.65000000,0.00000000
2001-11-13T03:00:00,1,11,13,3,0,0.00000000,19.60000000,19.60000000,0.00000000
2001-11-13T03:10:00,1,11,13,3,10,0.00000000,19.55000000,19.55000000,0.00000000
2001-11-13T03:20:00,1,11,13,3,20,0.00000000,19.50000000,19.50000000,0.00000000
2001-11-13T03:30:00,1,11,13,3,30,0.00000000,19.45000000,19.45000000,0.00000000
2001-11-13T03:40:00,1,11,13,3,40,0.00000000,19.40000000,19.40000000,0.00000000
2001-11-13T03:50:00,1,11,13,3,50,0.00000000,19.35000000,19.35000000,0.00000000
2001-11-13T04:00:00,1,11,13,4,0,0.00000000,19.30000000,19.30000000,0.00000000
2001-11-13T04:10:00,1,11,13,4,10,0.00150000,19.21666667,19.26916667,0.00153954
2001-11-13T04:20:00,1,11,13,4,20,0.00300000,19.13333333,19.23833333,0.00307951
2001-11-13T04:30:00,1,11,13,4,30,0.00450000,19.05000000,19.20750000,0.00461990
2001-11-13T04:40:00,1,11,13,4,40,0.00600000,18.96666667,19.17666667,0.00616072
2001-11-13T04:50:00,1,11,13,4,50,0.00750000,18.88333333,19.14583333,0.00770197
2001-11-13T05:00:00,1,11,13,5,0,0.00900000,18.80000000,19.11500000,0.00924364
2001-11-13T05:10:00,1,11,13,5,10,0.02550000,18.88333333,19.77583333,0.02611279
2001-11-13T05:20:00,1,11,13,5,20,0.04200000,18.96666667,20.43666667,0.04288164
2001-11-13T05:30:00,1,11,13,5,30,0.05850000,19.05000000,21.09750000,0.05955016
2001-11-13T05:40:00,1,11,13,5,40,0.07500000,19.13333333,21.75833333,0.07611838
2001-11-13T05:50:00,1,11,13,5,50,0.09150000,19.21666667,22.41916667,0.09258627
2001-11-13T06:00:00,1,11,13,6,0,0.10800000,19.30000000,23.08000000,0.10895386
2001-11-13T06:10:00,1,11,13,6,10,0.11650000,19.68333333,23.76083333,0.11716407
2001-11-13T06:20:00,1,11,13,6,20,0.12500000,20.06666667,24.44166667,0.12532104
2001-11-13T06:30:00,1,11,13,6,30,0.13350000,20.45000000,25.12250000,0.13342477
2001-11-13T06:40:00,1,11,13,6,40,0.14200000,20.83333333,25.80333333,0.14147526
2001-11-13T06:50:00,1,11,13,6,50,0.15050000,21.21666667,26.48416667,0.14947251
2001-11-13T07:00:00,1,11,13,7,0,0.15900000,21.60000000,27.16500000,0.15741652
2001-11-13T07:10:00,1,11,13,7,10,0.15600000,21.75000000,27.21000000,0.15441410
2001-11-13T07:20:00,1,11,13,7,20,0.15300000,21.90000000,27.25500000,0.15141293
2001-11-13T07:30:00,1,11,13,7,30,0.15000000,22.05000000,27.30000000,0.14841300
2001-11-13T07:40:00,1,11,13,7,40,0.14700000,22.20000000,27.34500000,0.14541431
2001-11-13T07:50:00,1,11,13,7,50,0.14400000,22.35000000,27.39000000,0.14241686
2001-11-13T08:00:00,1,11,13,8,0,0.14100000,22.50000000,27.43500000,0.13942066
2001-11-13T08:10:00,1,11,13,8,10,0.15650000,22.48333333,27.96083333,0.15436850
2001-11-13T08:20:00,1,11,13,8,20,0.17200000,22.46666667,28.48666667,0.16924135
2001-11-13T08:30:00,1,11,13,8,30,0.18750000,22.45000000,29.01250000,0.18403922
2001-11-13T08:40:00,1,11,13,8,40,0.20300000,22.43333333,29.53833333,0.19876210
2001-11-13T08:50:00,1,11,13,8,50,0.21850000,22.41666667,30.06416667,0.21341001
2001-11-13T09:00:00,1,11,13,9,0,0.23400000,22.40000000,30.59000000,0.22798292
2001-11-13T09:10:00,1,11,13,9,10,0.31000000,22.60000000,33.45000000,0.29795030
2001-11-13T09:20:00,1,11,13,9,20,0.38600000,22.80000000,36.31000000,0.36591796
2001-11-13T09:30:00,1,11,13,9,30,0.46200000,23.00000000,39.17000000,0.43188592
2001-11-13T09:40:00,1,11,13,9,40,0.53800000,23.20000000,42.03000000,0.49585416
2001-11-13T09:50:00,1,11,13,9,50,0.61400000,23.40000000,44.89000000,0.55782268
2001-11-13T10:00:00,1,11,13,10,0,0.69000000,23.60000000,47.75000000,0.61779150
2001-11-13T10:10:00,1,11,13,10,10,0.64133333,25.18333333,47.63000000,0.57457182
2001-11-13T10:20:00,1,11,13,10,20,0.59266667,26.76666667,47.51000000,0.53129840
2001-11-13T10:30:00,1,11,13,10,30,0.54400000,28.35000000,47.39000000,0.48797126
2001-11-13T10:40:00,1,11,13,10,40,0.49533333,29.93333333,47.27000000,0.44459040
2001-11-13T10:50:00,1,11,13,10,50,0.44666667,31.51666667,47.15000000,0.40115580
2001-11-13T11:00:00,1,11,13,11,0,0.39800000,33.10000000,47.03000000,0.35766748
2001-11-13T11:10:00,1,11,13,11,10,0.45150000,32.05000000,47.85250000,0.40403764
2001-11-13T11:20:00,1,11,13,11,20,0.50500000,31.00000000,48.67500000,0.45000297
2001-11-13T11:30:00,1,11,13,11,30,0.55850000,29.95000000,49.49750000,0.49556347
2001-11-13T11:40:00,1,11,13,11,40,0.61200000,28.90000000,50.32000000,0.54071914
2001-11-13T11:50:00,1,11,13,11,50,0.66550000,27.85000000,51.14250000,0.58546996
2001-11-13T12:00:00,1,11,13,12,0,0.71900000,26.80000000,51.96500000,0.62981596
2001-11-13T12:10:00,1,11,13,12,10,0.63566667,27.86666667,50.11500000,0.56222873
2001-11-13T12:20:00,1,11,13,12,20,0.55233333,28.93333333,48.26500000,0.49322317
2001-11-13T12:30:00,1,11,13,12,30,0.46900000,30.00000000,46.41500000,0.42279928
2001-11-13T12:40:00,1,11,13,12,40,0.38566667,31.06666667,44.56500000,0.35095705
2001-11-13T12:50:00,1,11,13,12,50,0.30233333,32.13333333,42.71500000,0.27769649
2001-11-13T13:00:00,1,11,13,13,0,0.21900000,33.20000000,40.86500000,0.20301760
2001-11-13T13:10:00,1,11,13,13,10,0.26750000,31.56666667,40.92916667,0.24789916
2001-11-13T13:20:00,1,11,13,13,20,0.31600000,29.93333333,40.99333333,0.29275209
2001-11-13T13:30:00,1,11,13,13,30,0.36450000,28.30000000,41.05750000,0.33757639
2001-11-13T13:40:00,1,11,13,13,40,0.41300000,26.66666667,41.12166667,0.38237206
2001-11-13T13:50:00,1,11,13,13,50,0.46150000,25.03333333,41.18583333,0.42713909
2001-11-13T14:00:00,1,11,13,14,0,0.51000000,23.40000000,41.25000000,0.47187750
2001-11-13T14:10:00,1,11,13,14,10,0.46900000,24.36666667,40.78166667,0.43495263
2001-11-13T14:20:00,1,11,13,14,20,0.42800000,25.33333333,40.31333333,0.39785111
2001-11-13T14:30:00,1,11,13,14,30,0.38700000,26.30000000,39.84500000,0.36057293
2001-11-13T14:40:00,1,11,13,14,40,0.34600000,27.26666667,39.37666667,0.32311810
2001-11-13T14:50:00,1,11,13,14,50,0.30500000,28.23333333,38.90833333,0.28548661
2001-11-13T15:00:00,1,11,13,15,0,0.26400000,29.20000000,38.44000000,0.24767846
2001-11-13T15:10:00,1,11,13,15,10,0.26483333,28.33333333,37.60250000,0.24948055
2001-11-13T15:20:00,1,11,13,15,20,0.26566667,27.46666667,36.76500000,0.25128905
2001-11-13T15:30:00,1,11,13,15,30,0.26650000,26.60000000,35.92750000,0.25310398
2001-11-13T15:40:00,1,11,13,15,40,0.26733333,25.73333333,35.09000000,0.25492532
2001-11-13T15:50:00,1,11,13,15,50,0.26816667,24.86666667,34.25250000,0.25675309
2001-11-13T16:00:00,1,11,13,16,0,0.26900000,24.00000000,33.41500000,0.25858728
2001-11-13T16:10:00,1,11,13,16,10,0.24533333,24.01666667,32.60333333,0.23675272
2001-11-13T16:20:00,1,11,13,16,20,0.22166667,24.03333333,31.79166667,0.21474143
2001-11-13T16:30:00,1,11,13,16,30,0.19800000,24.05000000,30.98000000,0.19255342
2001-11-13T16:40:00,1,11,13,16,40,0.17433333,24.06666667,30.16833333,0.17018867
2001-11-13T16:50:00,1,11,13,16,50,0.15066667,24.08333333,29.35666667,0.14764721
2001-11-13T17:00:00,1,11,13,17,0,0.12700000,24.10000000,28.54500000,0.12492901
2001-11-13T17:10:00,1,11,13,17,10,0.10766667,23.63333333,27.40166667,0.10647720
2001-11-13T17:20:00,1,11,13,17,20,0.08833333,23.16666667,26.25833333,0.08782203
2001-11-13T17:30:00,1,11,13,17,30,0.06900000,22.70000000,25.11500000,0.06896350
2001-11-13T17:40:00,1,11,13,17,40,0.04966667,22.23333333,23.97166667,0.04990161
2001-11-13T17:50:00,1,11,13,17,50,0.03033333,21.76666667,22.82833333,0.03063635
2001-11-13T18:00:00,1,11,13,18,0,0.01100000,21.30000000,21.68500000,0.01116774
2001-11-13T18:10:00,1,11,13,18,10,0.00916667,20.78333333,21.10416667,0.00933094
2001-11-13T18:20:00,1,11,13,18,20,0.00733333,20.26666667,20.52333333,0.00748435
2001-11-13T18:30:00,1,11,13,18,30,0.00550000,19.75000000,19.94250000,0.00562795
2001-11-13T18:40:00,1,11,13,18,40,0.00366667,19.23333333,19.36166667,0.00376177
2001-11-13T18:50:00,1,11,13,18,50,0.00183333,18.71666667,18.78083333,0.00188578
2001-11-13T19:00:00,1,11,13,19,0,0.00000000,18.20000000,18.20000000,0.00000000
2001-11-13T19:10:00,1,11,13,19,10,0.00000000,18.11666667,18.11666667,0.00000000
2001-11-13T19:20:00,1,11,13,19,20,0.00000000,18.03333333,18.03333333,0.00000000
2001-11-13T19:30:00,1,11,13,19,30,0.00000000,17.95000000,17.95000000,0.00000000
2001-11-13T19:40:00,1,11,13,19,40,0.00000000,17.86666667,17.86666667,0.00000000
2001-11-13T19:50:00,1,11,13,19,50,0.00000000,17.78333333,17.78333333,0.00000000
2001-11-13T20:00:00,1,11,13,20,0,0.00000000,17.70000000,17.70000000,0.00000000
2001-11-13T20:10:00,1,11,13,20,10,0.00000000,17.70000000,17.70000000,0.00000000
2001-11-13T20:20:00,1,11,13,20,20,0.00000000,17.70000000,17.70000000,0.00000000
2001-11-13T20:30:00,1,11,13,20,30,0.00000000,17.70000000,17.70000000,0.00000000
2001-11-13T20:40:00,1,11,13,20,40,0.00000000,17.70000000,17.70000000,0.00000000
2001-11-13T20:50:00,1,11,13,20,50,0.00000000,17.70000000,17.70000000,0.00000000
2001-11-13T21:00:00,1,11,13,21,0,0.00000000,17.70000000,17.70000000,0.00000000
2001-11-13T21:10:00,1,11,13,21,10,0.00000000,17.56666667,17.56666667,0.00000000
2001-11-13T21:20:00,1,11,13,21,20,0.00000000,17.43333333,17.43333333,0.00000000
2001-11-13T21:30:00,1,11,13,21,30,0.00000000,17.30000000,17.30000000,0.00000000
2001-11-13T21:40:00,1,11,13,21,40,0.00000000,17.16666667,17.16666667,0.00000000
2001-11-13T21:50:00,1,11,13,21,50,0.00000000,17.03333333,17.03333333,0.00000000
2001-11-13T22:00:00,1,11,13,22,0,0.00000000,16.90000000,16.90000000,0.00000000
2001-11-13T22:10:00,1,11,13,22,10,0.00000000,16.86666667,16.86666667,0.00000000
2001-11-13T22:20:00,1,11,13,22,20,0.00000000,16.83333333,16.83333333,0.00000000
2001-11-13T22:30:00,1,11,13,22,30,0.00000000,16.80000000,16.80000000,0.00000000
2001-11-13T22:40:00,1,11,13,22,40,0.00000000,16.76666667,16.76666667,0.00000000
2001-11-13T22:50:00,1,11,13,22,50,0.00000000,16.73333333,16.73333333,0.00000000
2001-11-13T23:00:00,1,11,13,23,0,0.00000000,16.70000000,16.70000000,0.00000000
2001-11-13T23:10:00,1,11,13,23,10,0.00000000,16.60000000,16.60000000,0.00000000
2001-11-13T23:20:00,1,11,13,23,20,0.00000000,16.50000000,16.50000000,0.00000000
2001-11-13T23:30:00,1,11,13,23,30,0.00000000,16.40000000,16.40000000,0.00000000
2001-11-13T23:40:00,1,11,13,23,40,0.00000000,16.30000000,16.30000000,0.00000000
2001-11-13T23:50:00,1,11,13,23,50,0.00000000,16.20000000,16.20000000,0.00000000
2001-11-14T00:00:00,1,11,14,0,0,0.00000000,16.10000000,16.10000000,0.00000000
2001-11-14T00:10:00,1,11,14,0,10,0.00000000,16.13333333,16.13333333,0.00000000
2001-11-14T00:20:00,1,11,14,0,20,0.00000000,16.16666667,16.16666667,0.00000000
2001-11-14T00:30:00,1,11,14,0,30,0.00000000,16.20000000,16.20000000,0.00000000
2001-11-14T00:40:00,1,11,14,0,40,0.00000000,16.23333333,16.23333333,0.00000000
2001-11-14T00:50:00,1,11,14,0,50,0.00000000,16.26666667,16.26666667,0.00000000
2001-11-14T01:00:00,1,11,14,1,0,0.00000000,16.30000000,16.30000000,0.00000000
2001-11-14T01:10:00,1,11,14,1,10,0.00000000,16.26666667,16.26666667,0.00000000
2001-11-14T01:20:00,1,11,14,1,20,0.00000000,16.23333333,16.23333333,0.00000000
2001-11-14T01:30:00,1,11,14,1,30,0.00000000,16.20000000,16.20000000,0.00000000
2001-11-14T01:40:00,1,11,14,1,40,0.00000000,16.16666667,16.16666667,0.00000000
2001-11-14T01:50:00,1,11,14,1,50,0.00000000,16.13333333,16.13333333,0.00000000
2001-11-14T02:00:00,1,11,14,2,0,0.00000000,16.10000000,16.10000000,0.00000000
2001-11-14T02:10:00,1,11,14,2,10,0.00000000,16.11666667,16.11666667,0.00000000
2001-11-14T02:20:00,1,11,14,2,20,0.00000000,16.13333333,16.13333333,0.00000000
2001-11-14T02:30:00,1,11,14,2,30,0.00000000,16.15000000,16.15000000,0.00000000
2001-11-14T02:40:00,1,11,14,2,40,0.00000000,16.16666667,16.16666667,0.00000000
2001-11-14T02:50:00,1,11,14,2,50,0.00000000,16.18333333,16.18333333,0.00000000
2001-11-14T03:00:00,1,11,14,3,0,0.00000000,16.20000000,16.20000000,0.00000000
2001-11-14T03:10:00,1,11,14,3,10,0.00000000,16.33333333,16.33333333,0.00000000
2001-11-14T03:20:00,1,11,14,3,20,0.00000000,16.46666667,16.46666667,0.00000000
2001-11-14T03:30:00,1,11,14,3,30,0.00000000,16.60000000,16.60000000,0.00000000
2001-11-14T03:40:00,1,11,14,3,40,0.00000000,16.73333333,16.73333333,0.00000000
2001-11-14T03:50:00,1,11,14,3,50,0.00000000,16.86666667,16.86666667,0.00000000
2001-11-14T04:00:00,1,11,14,4,0,0.00000000,17.00000000,17.00000000,0.00000000
2001-11-14T04:10:00,1,11,14,4,10,0.00116667,16.95000000,16.99083333,0.00120965
2001-11-14T04:20:00,1,11,14,4,20,0.00233333,16.90000000,16.98166667,0.00241940
2001-11-14T04:30:00,1,11,14,4,30,0.00350000,16.85000000,16.97250000,0.00362924
2001-11-14T04:40:00,1,11,14,4,40,0.00466667,16.80000000,16.96333333,0.00483919
2001-11-14T04:50:00,1,11,14,4,50,0.00583333,16.75000000,16.95416667,0.00604923
2001-11-14T05:00:00,1,11,14,5,0,0.00700000,16.70000000,16.94500000,0.00725937
2001-11-14T05:10:00,1,11,14,5,10,0.01783333,16.75000000,17.37416667,0.01845891
2001-11-14T05:20:00,1,11,14,5,20,0.02866667,16.80000000,17.80333333,0.02961567
2001-11-14T05:30:00,1,11,14,5,30,0.03950000,16.85000000,18.23250000,0.04072965
2001-11-14T05:40:00,1,11,14,5,40,0.05033333,16.90000000,18.66166667,0.05180087
2001-11-14T05:50:00,1,11,14,5,50,0.06116667,16.95000000,19.09083333,0.06282931
2001-11-14T06:00:00,1,11,14,6,0,0.07200000,17.00000000,19.52000000,0.07381498
2001-11-14T06:10:00,1,11,14,6,10,0.07200000,17.18333333,19.70333333,0.07375426
2001-11-14T06:20:00,1,11,14,6,20,0.07200000,17.36666667,19.88666667,0.07369354
2001-11-14T06:30:00,1,11,14,6,30,0.07200000,17.55000000,20.07000000,0.07363282
2001-11-14T06:40:00,1,11,14,6,40,0.07200000,17.73333333,20.25333333,0.07357210
2001-11-14T06:50:00,1,11,14,6,50,0.07200000,17.91666667,20.43666667,0.07351138
2001-11-14T07:00:00,1,11,14,7,0,0.07200000,18.10000000,20.62000000,0.07345066
2001-11-14T07:10:00,1,11,14,7,10,0.10950000,18.01666667,21.84916667,0.11108707
2001-11-14T07:20:00,1,11,14,7,20,0.14700000,17.93333333,23.07833333,0.14829943
2001-11-14T07:30:00,1,11,14,7,30,0.18450000,17.85000000,24.30750000,0.18508772
2001-11-14T07:40:00,1,11,14,7,40,0.22200000,17.76666667,25.53666667,0.22145196
2001-11-14T07:50:00,1,11,14,7,50,0.25950000,17.68333333,26.76583333,0.25739212
2001-11-14T08:00:00,1,11,14,8,0,0.29700000,17.60000000,27.99500000,0.29290823
2001-11-14T08:10:00,1,11,14,8,10,0.27150000,17.81666667,27.31916667,0.26860359
2001-11-14T08:20:00,1,11,14,8,20,0.24600000,18.03333333,26.64333333,0.24414040
2001-11-14T08:30:00,1,11,14,8,30,0.22050000,18.25000000,25.96750000,0.21951866
2001-11-14T08:40:00,1,11,14,8,40,0.19500000,18.46666667,25.29166667,0.19473837
2001-11-14T08:50:00,1,11,14,8,50,0.16950000,18.68333333,24.61583333,0.16979953
2001-11-14T09:00:00,1,11,14,9,0,0.14400000,18.90000000,23.94000000,0.14470214
2001-11-14T09:10:00,1,11,14,9,10,0.22333333,18.83333333,26.65000000,0.22163823
2001-11-14T09:20:00,1,11,14,9,20,0.30266667,18.76666667,29.36000000,0.29659638
2001-11-14T09:30:00,1,11,14,9,30,0.38200000,18.70000000,32.07000000,0.36957660
2001-11-14T09:40:00,1,11,14,9,40,0.46133333,18.63333333,34.78000000,0.44057887
2001-11-14T09:50:00,1,11,14,9,50,0.54066667,18.56666667,37.49000000,0.50960320
2001-11-14T10:00:00,1,11,14,10,0,0.62000000,18.50000000,40.20000000,0.57664960
2001-11-14T10:10:00,1,11,14,10,10,0.60716667,18.65000000,39.90083333,0.56554914
2001-11-14T10:20:00,1,11,14,10,20,0.59433333,18.80000000,39.60166667,0.55441335
2001-11-14T10:30:00,1,11,14,10,30,0.58150000,18.95000000,39.30250000,0.54324224
2001-11-14T10:40:00,1,11,14,10,40,0.56866667,19.10000000,39.00333333,0.53203581
2001-11-14T10:50:00,1,11,14,10,50,0.55583333,19.25000000,38.70416667,0.52079406
2001-11-14T11:00:00,1,11,14,11,0,0.54300000,19.40000000,38.40500000,0.50951699
2001-11-14T11:10:00,1,11,14,11,10,0.48966667,19.40000000,36.53833333,0.46367696
2001-11-14T11:20:00,1,11,14,11,20,0.43633333,19.40000000,34.67166667,0.41692101
2001-11-14T11:30:00,1,11,14,11,30,0.38300000,19.40000000,32.80500000,0.36924915
2001-11-14T11:40:00,1,11,14,11,40,0.32966667,19.40000000,30.93833333,0.32066138
2001-11-14T11:50:00,1,11,14,11,50,0.27633333,19.40000000,29.07166667,0.27115770
2001-11-14T12:00:00,1,11,14,12,0,0.22300000,19.40000000,27.20500000,0.22073811
2001-11-14T12:10:00,1,11,14,12,10,0.26716667,19.35000000,28.70083333,0.26261847
2001-11-14T12:20:00,1,11,14,12,20,0.31133333,19.30000000,30.19666667,0.30389101
2001-11-14T12:30:00,1,11,14,12,30,0.35550000,19.25000000,31.69250000,0.34455575
2001-11-14T12:40:00,1,11,14,12,40,0.39966667,19.20000000,33.18833333,0.38461269
2001-11-14T12:50:00,1,11,14,12,50,0.44383333,19.15000000,34.68416667,0.42406182
2001-11-14T13:00:00,1,11,14,13,0,0.48800000,19.10000000,36.18000000,0.46290314
2001-11-14T13:10:00,1,11,14,13,10,0.42966667,19.21666667,34.25500000,0.41137447
2001-11-14T13:20:00,1,11,14,13,20,0.37133333,19.33333333,32.33000000,0.35881272
2001-11-14T13:30:00,1,11,14,13,30,0.31300000,19.45000000,30.40500000,0.30521788
2001-11-14T13:40:00,1,11,14,13,40,0.25466667,19.56666667,28.48000000,0.25058996
2001-11-14T13:50:00,1,11,14,13,50,0.19633333,19.68333333,26.55500000,0.19492896
2001-11-14T14:00:00,1,11,14,14,0,0.13800000,19.80000000,24.63000000,0.13823488
2001-11-14T14:10:00,1,11,14,14,10,0.17550000,19.85000000,25.99250000,0.17469875
2001-11-14T14:20:00,1,11,14,14,20,0.21300000,19.90000000,27.35500000,0.21069257
2001-11-14T14:30:00,1,11,14,14,30,0.25050000,19.95000000,28.71750000,0.24621632
2001-11-14T14:40:00,1,11,14,14,40,0.28800000,20.00000000,30.08000000,0.28127002
2001-11-14T14:50:00,1,11,14,14,50,0.32550000,20.05000000,31.44250000,0.31585364
2001-11-14T15:00:00,1,11,14,15,0,0.36300000,20.10000000,32.80500000,0.34996721
2001-11-14T15:10:00,1,11,14,15,10,0.34683333,20.06666667,32.20583333,0.33533691
2001-11-14T15:20:00,1,11,14,15,20,0.33066667,20.03333333,31.60666667,0.32061749
2001-11-14T15:30:00,1,11,14,15,30,0.31450000,20.00000000,31.00750000,0.30580895
2001-11-14T15:40:00,1,11,14,15,40,0.29833333,19.96666667,30.40833333,0.29091130
2001-11-14T15:50:00,1,11,14,15,50,0.28216667,19.93333333,29.80916667,0.27592453
2001-11-14T16:00:00,1,11,14,16,0,0.26600000,19.90000000,29.21000000,0.26084864
2001-11-14T16:10:00,1,11,14,16,10,0.23733333,19.90000000,28.20666667,0.23383251
2001-11-14T16:20:00,1,11,14,16,20,0.20866667,19.90000000,27.20333333,0.20655176
2001-11-14T16:30:00,1,11,14,16,30,0.18000000,19.90000000,26.20000000,0.17900640
2001-11-14T16:40:00,1,11,14,16,40,0.15133333,19.90000000,25.19666667,0.15119643
2001-11-14T16:50:00,1,11,14,16,50,0.12266667,19.90000000,24.19333333,0.12312184
2001-11-14T17:00:00,1,11,14,17,0,0.09400000,19.90000000,23.19000000,0.09478264
2001-11-14T17:10:00,1,11,14,17,10,0.07983333,19.83333333,22.62750000,0.08070459
2001-11-14T17:20:00,1,11,14,17,20,0.06566667,19.76666667,22.06500000,0.06655323
2001-11-14T17:30:00,1,11,14,17,30,0.05150000,19.70000000,21.50250000,0.05232856
2001-11-14T17:40:00,1,11,14,17,40,0.03733333,19.63333333,20.94000000,0.03803057
2001-11-14T17:50:00,1,11,14,17,50,0.02316667,19.56666667,20.37750000,0.02365927
2001-11-14T18:00:00,1,11,14,18,0,0.00900000,19.50000000,19.81500000,0.00921466
2001-11-14T18:10:00,1,11,14,18,10,0.00750000,19.61666667,19.87916667,0.00767667
2001-11-14T18:20:00,1,11,14,18,20,0.00600000,19.73333333,19.94333333,0.00613956
2001-11-14T18:30:00,1,11,14,18,30,0.00450000,19.85000000,20.00750000,0.00460334
2001-11-14T18:40:00,1,11,14,18,40,0.00300000,19.96666667,20.07166667,0.00306801
2001-11-14T18:50:00,1,11,14,18,50,0.00150000,20.08333333,20.13583333,0.00153356
2001-11-14T19:00:00,1,11,14,19,0,0.00000000,20.20000000,20.20000000,0.00000000
2001-11-14T19:10:00,1,11,14,19,10,0.00000000,20.13333333,20.13333333,0.00000000
2001-11-14T19:20:00,1,11,14,19,20,0.00000000,20.06666667,20.06666667,0.00000000
2001-11-14T19:30:00,1,11,14,19,30,0.00000000,20.00000000,20.00000000,0.00000000
2001-11-14T19:40:00,1,11,14,19,40,0.00000000,19.93333333,19.93333333,0.00000000
2001-11-14T19:50:00,1,11,14,19,50,0.00000000,19.86666667,19.86666667,0.00000000
2001-11-14T20:00:00,1,11,14,20,0,0.00000000,19.80000000,19.80000000,0.00000000
2001-11-14T20:10:00,1,11,14,20,10,0.00000000,19.81666667,19.81666667,0.00000000
2001-11-14T20:20:00,1,11,14,20,20,0.00000000,19.83333333,19.83333333,0.00000000
2001-11-14T20:30:00,1,11,14,20,30,0.00000000,19.85000000,19.85000000,0.00000000
2001-11-14T20:40:00,1,11,14,20,40,0.00000000,19.86666667,19.86666667,0.00000000
2001-11-14T20:50:00,1,11,14,20,50,0.00000000,19.88333333,19.88333333,0.00000000
2001-11-14T21:00:00,1,11,14,21,0,0.00000000,19.90000000,19.90000000,0.00000000
2001-11-14T21:10:00,1,11,14,21,10,0.00000000,19.93333333,19.93333333,0.00000000
2001-11-14T21:20:00,1,11,14,21,20,0.00000000,19.96666667,19.96666667,0.00000000
2001-11-14T21:30:00,1,11,14,21,30,0.00000000,20.00000000,20.00000000,0.00000000
2001-11-14T21:40:00,1,11,14,21,40,0.00000000,20.03333333,20.03333333,0.00000000
2001-11-14T21:50:00,1,11,14,21,50,0.00000000,20.06666667,20.06666667,0.00000000
2001-11-14T22:00:00,1,11,14,22,0,0.00000000,20.10000000,20.10000000,0.00000000
2001-11-14T22:10:00,1,11,14,22,10,0.00000000,20.01666667,20.01666667,0.00000000
2001-11-14T22:20:00,1,11,14,22,20,0.00000000,19.93333333,19.93333333,0.00000000
2001-11-14T22:30:00,1,11,14,22,30,0.00000000,19.85000000,19.85000000,0.00000000
2001-11-14T22:40:00,1,11,14,22,40,0.00000000,19.76666667,19.76666667,0.00000000
2001-11-14T22:50:00,1,11,14,22,50,0.00000000,19.68333333,19.68333333,0.00000000
2001-11-14T23:00:00,1,11,14,23,0,0.00000000,19.60000000,19.60000000,0.00000000
2001-11-14T23:10:00,1,11,14,23,10,0.00000000,19.35000000,19.35000000,0.00000000
2001-11-14T23:20:00,1,11,14,23,20,0.00000000,19.10000000,19.10000000,0.00000000
2001-11-14T23:30:00,1,11,14,23,30,0.00000000,18.85000000,18.85000000,0.00000000
2001-11-14T23:40:00,1,11,14,23,40,0.00000000,18.60000000,18.60000000,0.00000000
2001-11-14T23:50:00,1,11,14,23,50,0.00000000,18.35000000,18.35000000,0.00000000
2001-11-15T00:00:00,1,11,15,0,0,0.00000000,18.10000000,18.10000000,0.00000000
2001-11-15T00:10:00,1,11,15,0,10,0.00000000,18.03333333,18.03333333,0.00000000
2001-11-15T00:20:00,1,11,15,0,20,0.00000000,17.96666667,17.96666667,0.00000000
2001-11-15T00:30:00,1,11,15,0,30,0.00000000,17.90000000,17.90000000,0.00000000
2001-11-15T00:40:00,1,11,15,0,40,0.00000000,17.83333333,17.83333333,0.00000000
2001-11-15T00:50:00,1,11,15,0,50,0.00000000,17.76666667,17.76666667,0.00000000
2001-11-15T01:00:00,1,11,15,1,0,0.00000000,17.70000000,17.70000000,0.00000000
2001-11-15T01:10:00,1,11,15,1,10,0.00000000,17.73333333,17.73333333,0.00000000
2001-11-15T01:20:00,1,11,15,1,20,0.00000000,17.76666667,17.76666667,0.00000000
2001-11-15T01:30:00,1,11,15,1,30,0.00000000,17.80000000,17.80000000,0.00000000
2001-11-15T01:40:00,1,11,15,1,40,0.00000000,17.83333333,17.83333333,0.00000000
2001-11-15T01:50:00,1,11,15,1,50,0.00000000,17.86666667,17.86666667,0.00000000
2001-11-15T02:00:00,1,11,15,2,0,0.00000000,17.90000000,17.90000000,0.00000000
2001-11-15T02:10:00,1,11,15,2,10,0.00000000,17.90000000,17.90000000,0.00000000
2001-11-15T02:20:00,1,11,15,2,20,0.00000000,17.90000000,17.90000000,0.00000000
2001-11-15T02:30:00,1,11,15,2,30,0.00000000,17.90000000,17.90000000,0.00000000
2001-11-15T02:40:00,1,11,15,2,40,0.00000000,17.90000000,17.90000000,0.00000000
2001-11-15T02:50:00,1,11,15,2,50,0.00000000,17.90000000,17.90000000,0.00000000
2001-11-15T03:00:00,1,11,15,3,0,0.00000000,17.90000000,17.90000000,0.00000000
2001-11-15T03:10:00,1,11,15,3,10,0.00000000,17.85000000,17.85000000,0.00000000
2001-11-15T03:20:00,1,11,15,3,20,0.00000000,17.80000000,17.80000000,0.00000000
2001-11-15T03:30:00,1,11,15,3,30,0.00000000,17.75000000,17.75000000,0.00000000
2001-11-15T03:40:00,1,11,15,3,40,0.00000000,17.70000000,17.70000000,0.00000000
2001-11-15T03:50:00,1,11,15,3,50,0.00000000,17.65000000,17.65000000,0.00000000
2001-11-15T04:00:00,1,11,15,4,0,0.00000000,17.60000000,17.60000000,0.00000000
2001-11-15T04:10:00,1,11,15,4,10,0.00250000,17.60000000,17.68750000,0.00258409
2001-11-15T04:20:00,1,11,15,4,20,0.00500000,17.60000000,17.77500000,0.00516617
2001-11-15T04:30:00,1,11,15,4,30,0.00750000,17.60000000,17.86250000,0.00774624
2001-11-15T04:40:00,1,11,15,4,40,0.01000000,17.60000000,17.95000000,0.01032430
2001-11-15T04:50:00,1,11,15,4,50,0.01250000,17.60000000,18.03750000,0.01290034
2001-11-15T05:00:00,1,11,15,5,0,0.01500000,17.60000000,18.12500000,0.01547438
2001-11-15T05:10:00,1,11,15,5,10,0.04450000,17.83333333,19.39083333,0.04564820
2001-11-15T05:20:00,1,11,15,5,20,0.07400000,18.06666667,20.65666667,0.07547847
2001-11-15T05:30:00,1,11,15,5,30,0.10350000,18.30000000,21.92250000,0.10496520
2001-11-15T05:40:00,1,11,15,5,40,0.13300000,18.53333333,23.18833333,0.13410838
2001-11-15T05:50:00,1,11,15,5,50,0.16250000,18.76666667,24.45416667,0.16290801
2001-11-15T06:00:00,1,11,15,6,0,0.19200000,19.00000000,25.72000000,0.19136410
2001-11-15T06:10:00,1,11,15,6,10,0.20800000,19.16666667,26.44666667,0.20661583
2001-11-15T06:20:00,1,11,15,6,20,0.22400000,19.33333333,27.17333333,0.22176060
2001-11-15T06:30:00,1,11,15,6,30,0.24000000,19.50000000,27.90000000,0.23679840
2001-11-15T06:40:00,1,11,15,6,40,0.25600000,19.66666667,28.62666667,0.25172924
2001-11-15T06:50:00,1,11,15,6,50,0.27200000,19.83333333,29.35333333,0.26655311
2001-11-15T07:00:00,1,11,15,7,0,0.28800000,20.00000000,30.08000000,0.28127002
2001-11-15T07:10:00,1,11,15,7,10,0.34133333,20.21666667,32.16333333,0.33008594
2001-11-15T07:20:00,1,11,15,7,20,0.39466667,20.43333333,34.24666667,0.37787965
2001-11-15T07:30:00,1,11,15,7,30,0.44800000,20.65000000,36.33000000,0.42465114
2001-11-15T07:40:00,1,11,15,7,40,0.50133333,20.86666667,38.41333333,0.47040040
2001-11-15T07:50:00,1,11,15,7,50,0.55466667,21.08333333,40.49666667,0.51512744
2001-11-15T08:00:00,1,11,15,8,0,0.60800000,21.30000000,42.58000000,0.55883226
2001-11-15T08:10:00,1,11,15,8,10,0.61950000,21.73333333,43.41583333,0.56702040
2001-11-15T08:20:00,1,11,15,8,20,0.63100000,22.16666667,44.25166667,0.57512011
2001-11-15T08:30:00,1,11,15,8,30,0.64250000,22.60000000,45.08750000,0.58313139
2001-11-15T08:40:00,1,11,15,8,40,0.65400000,23.03333333,45.92333333,0.59105424
2001-11-15T08:50:00,1,11,15,8,50,0.66550000,23.46666667,46.75916667,0.59888866
2001-11-15T09:00:00,1,11,15,9,0,0.67700000,23.90000000,47.59500000,0.60663465
2001-11-15T09:10:00,1,11,15,9,10,0.65150000,23.93333333,46.73583333,0.58635988
2001-11-15T09:20:00,1,11,15,9,20,0.62600000,23.96666667,45.87666667,0.56588355
2001-11-15T09:30:00,1,11,15,9,30,0.60050000,24.00000000,45.01750000,0.54520566
2001-11-15T09:40:00,1,11,15,9,40,0.57500000,24.03333333,44.15833333,0.52432621
2001-11-15T09:50:00,1,11,15,9,50,0.54950000,24.06666667,43.29916667,0.50324520
2001-11-15T10:00:00,1,11,15,10,0,0.52400000,24.10000000,42.44000000,0.48196262
2001-11-15T10:10:00,1,11,15,10,10,0.57283333,24.03333333,44.08250000,0.52255031
2001-11-15T10:20:00,1,11,15,10,20,0.62166667,23.96666667,45.72500000,0.56240008
2001-11-15T10:30:00,1,11,15,10,30,0.67050000,23.90000000,47.36750000,0.60151192
2001-11-15T10:40:00,1,11,15,10,40,0.71933333,23.83333333,49.01000000,0.63988584
2001-11-15T10:50:00,1,11,15,10,50,0.76816667,23.76666667,50.65250000,0.67752185
2001-11-15T11:00:00,1,11,15,11,0,0.81700000,23.70000000,52.29500000,0.71441993
2001-11-15T11:10:00,1,11,15,11,10,0.85133333,24.06666667,53.86333333,0.73830067
2001-11-15T11:20:00,1,11,15,11,20,0.88566667,24.43333333,55.43166667,0.76168603
2001-11-15T11:30:00,1,11,15,11,30,0.92000000,24.80000000,57.00000000,0.78457600
2001-11-15T11:40:00,1,11,15,11,40,0.95433333,25.16666667,58.56833333,0.80697059
2001-11-15T11:50:00,1,11,15,11,50,0.98866667,25.53333333,60.13666667,0.82886979
2001-11-15T12:00:00,1,11,15,12,0,1.02300000,25.90000000,61.70500000,0.85027361
2001-11-15T12:10:00,1,11,15,12,10,0.95583333,26.11666667,59.57083333,0.80383114
2001-11-15T12:20:00,1,11,15,12,20,0.88866667,26.33333333,57.43666667,0.75606990
2001-11-15T12:30:00,1,11,15,12,30,0.82150000,26.55000000,55.30250000,0.70698988
2001-11-15T12:40:00,1,11,15,12,40,0.75433333,26.76666667,53.16833333,0.65659109
2001-11-15T12:50:00,1,11,15,12,50,0.68716667,26.98333333,51.03416667,0.60487353
2001-11-15T13:00:00,1,11,15,13,0,0.62000000,27.20000000,48.90000000,0.55183720
2001-11-15T13:10:00,1,11,15,13,10,0.60783333,26.96666667,48.24083333,0.54285119
2001-11-15T13:20:00,1,11,15,13,20,0.59566667,26.73333333,47.58166667,0.53379139
2001-11-15T13:30:00,1,11,15,13,30,0.58350000,26.50000000,46.92250000,0.52465782
2001-11-15T13:40:00,1,11,15,13,40,0.57133333,26.26666667,46.26333333,0.51545046
2001-11-15T13:50:00,1,11,15,13,50,0.55916667,26.03333333,45.60416667,0.50616932
2001-11-15T14:00:00,1,11,15,14,0,0.54700000,25.80000000,44.94500000,0.49681439
2001-11-15T14:10:00,1,11,15,14,10,0.52783333,25.66666667,44.14083333,0.48135875
2001-11-15T14:20:00,1,11,15,14,20,0.50866667,25.53333333,43.33666667,0.46576131
2001-11-15T14:30:00,1,11,15,14,30,0.48950000,25.40000000,42.53250000,0.45002207
2001-11-15T14:40:00,1,11,15,14,40,0.47033333,25.26666667,41.72833333,0.43414103
2001-11-15T14:50:00,1,11,15,14,50,0.45116667,25.13333333,40.92416667,0.41811818
2001-11-15T15:00:00,1,11,15,15,0,0.43200000,25.00000000,40.12000000,0.40195354
2001-11-15T15:10:00,1,11,15,15,10,0.41366667,24.86666667,39.34500000,0.38637004
2001-11-15T15:20:00,1,11,15,15,20,0.39533333,24.73333333,38.57000000,0.37065584
2001-11-15T15:30:00,1,11,15,15,30,0.37700000,24.60000000,37.79500000,0.35481091
2001-11-15T15:40:00,1,11,15,15,40,0.35866667,24.46666667,37.02000000,0.33883527
2001-11-15T15:50:00,1,11,15,15,50,0.34033333,24.33333333,36.24500000,0.32272891
2001-11-15T16:00:00,1,11,15,16,0,0.32200000,24.20000000,35.47000000,0.30649184
2001-11-15T16:10:00,1,11,15,16,10,0.28766667,24.20000000,34.26833333,0.27540219
2001-11-15T16:20:00,1,11,15,16,20,0.25333333,24.20000000,33.06666667,0.24393298
2001-11-15T16:30:00,1,11,15,16,30,0.21900000,24.20000000,31.86500000,0.21208420
2001-11-15T16:40:00,1,11,15,16,40,0.18466667,24.20000000,30.66333333,0.17985585
2001-11-15T16:50:00,1,11,15,16,50,0.15033333,24.20000000,29.46166667,0.14724794
2001-11-15T17:00:00,1,11,15,17,0,0.11600000,24.20000000,28.26000000,0.11426046
2001-11-15T17:10:00,1,11,15,17,10,0.09983333,23.96666667,27.46083333,0.09870324
2001-11-15T17:20:00,1,11,15,17,20,0.08366667,23.73333333,26.66166667,0.08302715
2001-11-15T17:30:00,1,11,15,17,30,0.06750000,23.50000000,25.86250000,0.06723219
2001-11-15T17:40:00,1,11,15,17,40,0.05133333,23.26666667,25.06333333,0.05131838
2001-11-15T17:50:00,1,11,15,17,50,0.03516667,23.03333333,24.26416667,0.03528570
2001-11-15T18:00:00,1,11,15,18,0,0.01900000,22.80000000,23.46500000,0.01913416
2001-11-15T18:10:00,1,11,15,18,10,0.01583333,22.51666667,23.07083333,0.01597384
2001-11-15T18:20:00,1,11,15,18,20,0.01266667,22.23333333,22.67666667,0.01280204
2001-11-15T18:30:00,1,11,15,18,30,0.00950000,21.95000000,22.28250000,0.00961875
2001-11-15T18:40:00,1,11,15,18,40,0.00633333,21.66666667,21.88833333,0.00642399
2001-11-15T18:50:00,1,11,15,18,50,0.00316667,21.38333333,21.49416667,0.00321773
2001-11-15T19:00:00,1,11,15,19,0,0.00000000,21.10000000,21.10000000,0.00000000
2001-11-15T19:10:00,1,11,15,19,10,0.00000000,21.03333333,21.03333333,0.00000000
2001-11-15T19:20:00,1,11,15,19,20,0.00000000,20.96666667,20.96666667,0.00000000
2001-11-15T19:30:00,1,11,15,19,30,0.00000000,20.90000000,20.90000000,0.00000000
2001-11-15T19:40:00,1,11,15,19,40,0.00000000,20.83333333,20.83333333,0.00000000
2001-11-15T19:50:00,1,11,15,19,50,0.00000000,20.76666667,20.76666667,0.00000000
2001-11-15T20:00:00,1,11,15,20,0,0.00000000,20.70000000,20.70000000,0.00000000
2001-11-15T20:10:00,1,11,15,20,10,0.00000000,20.61666667,20.61666667,0.00000000
2001-11-15T20:20:00,1,11,15,20,20,0.00000000,20.53333333,20.53333333,0.00000000
2001-11-15T20:30:00,1,11,15,20,30,0.00000000,20.45000000,20.45000000,0.00000000
2001-11-15T20:40:00,1,11,15,20,40,0.00000000,20.36666667,20.36666667,0.00000000
2001-11-15T20:50:00,1,11,15,20,50,0.00000000,20.28333333,20.28333333,0.00000000
2001-11-15T21:00:00,1,11,15,21,0,0.00000000,20.20000000,20.20000000,0.00000000
2001-11-15T21:10:00,1,11,15,21,10,0.00000000,20.15000000,20.15000000,0.00000000
2001-11-15T21:20:00,1,11,15,21,20,0.00000000,20.10000000,20.10000000,0.00000000
2001-11-15T21:30:00,1,11,15,21,30,0.00000000,20.05000000,20.05000000,0.00000000
2001-11-15T21:40:00,1,11,15,21,40,0.00000000,20.00000000,20.00000000,0.00000000
2001-11-15T21:50:00,1,11,15,21,50,0.00000000,19.95000000,19.95000000,0.00000000
2001-11-15T22:00:00,1,11,15,22,0,0.00000000,19.90000000,19.90000000,0.00000000
2001-11-15T22:10:00,1,11,15,22,10,0.00000000,19.93333333,19.93333333,0.00000000
2001-11-15T22:20:00,1,11,15,22,20,0.00000000,19.96666667,19.96666667,0.00000000
2001-11-15T22:30:00,1,11,15,22,30,0.00000000,20.00000000,20.00000000,0.00000000
2001-11-15T22:40:00,1,11,15,22,40,0.00000000,20.03333333,20.03333333,0.00000000
2001-11-15T22:50:00,1,11,15,22,50,0.00000000,20.06666667,20.06666667,0.00000000
2001-11-15T23:00:00,1,11,15,23,0,0.00000000,20.10000000,20.10000000,0.00000000
2001-11-15T23:10:00,1,11,15,23,10,0.00000000,20.10000000,20.10000000,0.00000000
2001-11-15T23:20:00,1,11,15,23,20,0.00000000,20.10000000,20.10000000,0.00000000
2001-11-15T23:30:00,1,11,15,23,30,0.00000000,20.10000000,20.10000000,0.00000000
2001-11-15T23:40:00,1,11,15,23,40,0.00000000,20.10000000,20.10000000,0.00000000
2001-11-15T23:50:00,1,11,15,23,50,0.00000000,20.10000000,20.10000000,0.00000000
2001-11-16T00:00:00,1,11,16,0,0,0.00000000,20.10000000,20.10000000,0.00000000
2001-11-16T00:10:00,1,11,16,0,10,0.00000000,19.93333333,19.93333333,0.00000000
2001-11-16T00:20:00,1,11,16,0,20,0.00000000,19.76666667,19.76666667,0.00000000
2001-11-16T00:30:00,1,11,16,0,30,0.00000000,19.60000000,19.60000000,0.00000000
2001-11-16T00:40:00,1,11,16,0,40,0.00000000,19.43333333,19.43333333,0.00000000
2001-11-16T00:50:00,1,11,16,0,50,0.00000000,19.26666667,19.26666667,0.00000000
2001-11-16T01:00:00,1,11,16,1,0,0.00000000,19.10000000,19.10000000,0.00000000
2001-11-16T01:10:00,1,11,16,1,10,0.00000000,19.10000000,19.10000000,0.00000000
2001-11-16T01:20:00,1,11,16,1,20,0.00000000,19.10000000,19.10000000,0.00000000
2001-11-16T01:30:00,1,11,16,1,30,0.00000000,19.10000000,19.10000000,0.00000000
2001-11-16T01:40:00,1,11,16,1,40,0.00000000,19.10000000,19.10000000,0.00000000
2001-11-16T01:50:00,1,11,16,1,50,0.00000000,19.10000000,19.10000000,0.00000000
2001-11-16T02:00:00,1,11,16,2,0,0.00000000,19.10000000,19.10000000,0.00000000
2001-11-16T02:10:00,1,11,16,2,10,0.00000000,19.11666667,19.11666667,0.00000000
2001-11-16T02:20:00,1,11,16,2,20,0.00000000,19.13333333,19.13333333,0.00000000
2001-11-16T02:30:00,1,11,16,2,30,0.00000000,19.15000000,19.15000000,0.00000000
2001-11-16T02:40:00,1,11,16,2,40,0.00000000,19.16666667,19.16666667,0.00000000
2001-11-16T02:50:00,1,11,16,2,50,0.00000000,19.18333333,19.18333333,0.00000000
2001-11-16T03:00:00,1,11,16,3,0,0.00000000,19.20000000,19.20000000,0.00000000
2001-11-16T03:10:00,1,11,16,3,10,0.00000000,19.16666667,19.16666667,0.00000000
2001-11-16T03:20:00,1,11,16,3,20,0.00000000,19.13333333,19.13333333,0.00000000
2001-11-16T03:30:00,1,11,16,3,30,0.00000000,19.10000000,19.10000000,0.00000000
2001-11-16T03:40:00,1,11,16,3,40,0.00000000,19.06666667,19.06666667,0.00000000
2001-11-16T03:50:00,1,11,16,3,50,0.00000000,19.03333333,19.03333333,0.00000000
2001-11-16T04:00:00,1,11,16,4,0,0.00000000,19.00000000,19.00000000,0.00000000
2001-11-16T04:10:00,1,11,16,4,10,0.00233333,18.85000000,18.93166667,0.00239847
2001-11-16T04:20:00,1,11,16,4,20,0.00466667,18.70000000,18.86333333,0.00479840
2001-11-16T04:30:00,1,11,16,4,30,0.00700000,18.55000000,18.79500000,0.00719980
2001-11-16T04:40:00,1,11,16,4,40,0.00933333,18.40000000,18.72666667,0.00960267
2001-11-16T04:50:00,1,11,16,4,50,0.01166667,18.25000000,18.65833333,0.01200700
2001-11-16T05:00:00,1,11,16,5,0,0.01400000,18.10000000,18.59000000,0.01441280
2001-11-16T05:10:00,1,11,16,5,10,0.01816667,18.25000000,18.88583333,0.01867761
2001-11-16T05:20:00,1,11,16,5,20,0.02233333,18.40000000,19.18166667,0.02293107
2001-11-16T05:30:00,1,11,16,5,30,0.02650000,18.55000000,19.47750000,0.02717319
2001-11-16T05:40:00,1,11,16,5,40,0.03066667,18.70000000,19.77333333,0.03140398
2001-11-16T05:50:00,1,11,16,5,50,0.03483333,18.85000000,20.06916667,0.03562342
2001-11-16T06:00:00,1,11,16,6,0,0.03900000,19.00000000,20.36500000,0.03983152
2001-11-16T06:10:00,1,11,16,6,10,0.07183333,19.18333333,21.69750000,0.07292459
2001-11-16T06:20:00,1,11,16,6,20,0.10466667,19.36666667,23.03000000,0.10561516
2001-11-16T06:30:00,1,11,16,6,30,0.13750000,19.55000000,24.36250000,0.13790322
2001-11-16T06:40:00,1,11,16,6,40,0.17033333,19.73333333,25.69500000,0.16978878
2001-11-16T06:50:00,1,11,16,6,50,0.20316667,19.91666667,27.02750000,0.20127183
2001-11-16T07:00:00,1,11,16,7,0,0.23600000,20.10000000,28.36000000,0.23235238
2001-11-16T07:10:00,1,11,16,7,10,0.24550000,20.41666667,29.00916667,0.24097245
2001-11-16T07:20:00,1,11,16,7,20,0.25500000,20.73333333,29.65833333,0.24953578
2001-11-16T07:30:00,1,11,16,7,30,0.26450000,21.05000000,30.30750000,0.25804236
2001-11-16T07:40:00,1,11,16,7,40,0.27400000,21.36666667,30.95666667,0.26649222
2001-11-16T07:50:00,1,11,16,7,50,0.28350000,21.68333333,31.60583333,0.27488533
2001-11-16T08:00:00,1,11,16,8,0,0.29300000,22.00000000,32.25500000,0.28322171
2001-11-16T08:10:00,1,11,16,8,10,0.37133333,22.18333333,35.18000000,0.35394454
2001-11-16T08:20:00,1,11,16,8,20,0.44966667,22.36666667,38.10500000,0.42255941
2001-11-16T08:30:00,1,11,16,8,30,0.52800000,22.55000000,41.03000000,0.48906634
2001-11-16T08:40:00,1,11,16,8,40,0.60633333,22.73333333,43.95500000,0.55346531
2001-11-16T08:50:00,1,11,16,8,50,0.68466667,22.91666667,46.88000000,0.61575634
2001-11-16T09:00:00,1,11,16,9,0,0.76300000,23.10000000,49.80500000,0.67593941
2001-11-16T09:10:00,1,11,16,9,10,0.72100000,23.48333333,48.71833333,0.64233578
2001-11-16T09:20:00,1,11,16,9,20,0.67900000,23.86666667,47.63166667,0.60831225
2001-11-16T09:30:00,1,11,16,9,30,0.63700000,24.25000000,46.54500000,0.57386884
2001-11-16T09:40:00,1,11,16,9,40,0.59500000,24.63333333,45.45833333,0.53900554
2001-11-16T09:50:00,1,11,16,9,50,0.55300000,25.01666667,44.37166667,0.50372235
2001-11-16T10:00:00,1,11,16,10,0,0.51100000,25.40000000,43.28500000,0.46801928
2001-11-16T10:10:00,1,11,16,10,10,0.48716667,25.26666667,42.31750000,0.44835873
2001-11-16T10:20:00,1,11,16,10,20,0.46333333,25.13333333,41.35000000,0.42848603
2001-11-16T10:30:00,1,11,16,10,30,0.43950000,25.00000000,40.38250000,0.40840120
2001-11-16T10:40:00,1,11,16,10,40,0.41566667,24.86666667,39.41500000,0.38810423
2001-11-16T10:50:00,1,11,16,10,50,0.39183333,24.73333333,38.44750000,0.36759511
2001-11-16T11:00:00,1,11,16,11,0,0.36800000,24.60000000,37.48000000,0.34687386
2001-11-16T11:10:00,1,11,16,11,10,0.41466667,24.46666667,38.98000000,0.38800028
2001-11-16T11:20:00,1,11,16,11,20,0.46133333,24.33333333,40.48000000,0.42848271
2001-11-16T11:30:00,1,11,16,11,30,0.50800000,24.20000000,41.98000000,0.46832114
2001-11-16T11:40:00,1,11,16,11,40,0.55466667,24.06666667,43.48000000,0.50751556
2001-11-16T11:50:00,1,11,16,11,50,0.60133333,23.93333333,44.98000000,0.54606599
2001-11-16T12:00:00,1,11,16,12,0,0.64800000,23.80000000,46.48000000,0.58397242
2001-11-16T12:10:00,1,11,16,12,10,0.69066667,24.15000000,48.32333333,0.61656688
2001-11-16T12:20:00,1,11,16,12,20,0.73333333,24.50000000,50.16666667,0.64843778
2001-11-16T12:30:00,1,11,16,12,30,0.77600000,24.85000000,52.01000000,0.67958510
2001-11-16T12:40:00,1,11,16,12,40,0.81866667,25.20000000,53.85333333,0.71000886
2001-11-16T12:50:00,1,11,16,12,50,0.86133333,25.55000000,55.69666667,0.73970905
2001-11-16T13:00:00,1,11,16,13,0,0.90400000,25.90000000,57.54000000,0.76868566
2001-11-16T13:10:00,1,11,16,13,10,0.88033333,26.15000000,56.96166667,0.75090350
2001-11-16T13:20:00,1,11,16,13,20,0.85666667,26.40000000,56.38333333,0.73299541
2001-11-16T13:30:00,1,11,16,13,30,0.83300000,26.65000000,55.80500000,0.71496140
2001-11-16T13:40:00,1,11,16,13,40,0.80933333,26.90000000,55.22666667,0.69680147
2001-11-16T13:50:00,1,11,16,13,50,0.78566667,27.15000000,54.64833333,0.67851561
2001-11-16T14:00:00,1,11,16,14,0,0.76200000,27.40000000,54.07000000,0.66010384
2001-11-16T14:10:00,1,11,16,14,10,0.70233333,27.23333333,51.81500000,0.61570122
2001-11-16T14:20:00,1,11,16,14,20,0.64266667,27.06666667,49.56000000,0.57006076
2001-11-16T14:30:00,1,11,16,14,30,0.58300000,26.90000000,47.30500000,0.52318245
2001-11-16T14:40:00,1,11,16,14,40,0.52333333,26.73333333,45.05000000,0.47506630
2001-11-16T14:50:00,1,11,16,14,50,0.46366667,26.56666667,42.79500000,0.42571230
2001-11-16T15:00:00,1,11,16,15,0,0.40400000,26.40000000,40.54000000,0.37512046
2001-11-16T15:10:00,1,11,16,15,10,0.36483333,26.06666667,38.83583333,0.34161358
2001-11-16T15:20:00,1,11,16,15,20,0.32566667,25.73333333,37.13166667,0.30749262
2001-11-16T15:30:00,1,11,16,15,30,0.28650000,25.40000000,35.42750000,0.27275760
2001-11-16T15:40:00,1,11,16,15,40,0.24733333,25.06666667,33.72333333,0.23740851
2001-11-16T15:50:00,1,11,16,15,50,0.20816667,24.73333333,32.01916667,0.20144535
2001-11-16T16:00:00,1,11,16,16,0,0.16900000,24.40000000,30.31500000,0.16486812
2001-11-16T16:10:00,1,11,16,16,10,0.17433333,24.06666667,30.16833333,0.17018867
2001-11-16T16:20:00,1,11,16,16,20,0.17966667,23.73333333,30.02166667,0.17551643
2001-11-16T16:30:00,1,11,16,16,30,0.18500000,23.40000000,29.87500000,0.18085137
2001-11-16T16:40:00,1,11,16,16,40,0.19033333,23.06666667,29.72833333,0.18619352
2001-11-16T16:50:00,1,11,16,16,50,0.19566667,22.73333333,29.58166667,0.19154286
2001-11-16T17:00:00,1,11,16,17,0,0.20100000,22.40000000,29.43500000,0.19689940
2001-11-16T17:10:00,1,11,16,17,10,0.17050000,22.53333333,28.50083333,0.16775430
2001-11-16T17:20:00,1,11,16,17,20,0.14000000,22.66666667,27.56666667,0.13834707
2001-11-16T17:30:00,1,11,16,17,30,0.10950000,22.80000000,26.63250000,0.10867771
2001-11-16T17:40:00,1,11,16,17,40,0.07900000,22.93333333,25.69833333,0.07874623
2001-11-16T17:50:00,1,11,16,17,50,0.04850000,23.06666667,24.76416667,0.04855261
2001-11-16T18:00:00,1,11,16,18,0,0.01800000,23.20000000,23.83000000,0.01809688
2001-11-16T18:10:00,1,11,16,18,10,0.01500000,22.93333333,23.45833333,0.01510638
2001-11-16T18:20:00,1,11,16,18,20,0.01200000,22.66666667,23.08666667,0.01210562
2001-11-16T18:30:00,1,11,16,18,30,0.00900000,22.40000000,22.71500000,0.00909460
2001-11-16T18:40:00,1,11,16,18,40,0.00600000,22.13333333,22.34333333,0.00607332
2001-11-16T18:50:00,1,11,16,18,50,0.00300000,21.86666667,21.97166667,0.00304179
2001-11-16T19:00:00,1,11,16,19,0,0.00000000,21.60000000,21.60000000,0.00000000
2001-11-16T19:10:00,1,11,16,19,10,0.00000000,21.51666667,21.51666667,0.00000000
2001-11-16T19:20:00,1,11,16,19,20,0.00000000,21.43333333,21.43333333,0.00000000
2001-11-16T19:30:00,1,11,16,19,30,0.00000000,21.35000000,21.35000000,0.00000000
2001-11-16T19:40:00,1,11,16,19,40,0.00000000,21.26666667,21.26666667,0.00000000
2001-11-16T19:50:00,1,11,16,19,50,0.00000000,21.18333333,21.18333333,0.00000000
2001-11-16T20:00:00,1,11,16,20,0,0.00000000,21.10000000,21.10000000,0.00000000
2001-11-16T20:10:00,1,11,16,20,10,0.00000000,20.95000000,20.95000000,0.00000000
2001-11-16T20:20:00,1,11,16,20,20,0.00000000,20.80000000,20.80000000,0.00000000
2001-11-16T20:30:00,1,11,16,20,30,0.00000000,20.65000000,20.65000000,0.00000000
2001-11-16T20:40:00,1,11,16,20,40,0.00000000,20.50000000,20.50000000,0.00000000
2001-11-16T20:50:00,1,11,16,20,50,0.00000000,20.35000000,20.35000000,0.00000000
2001-11-16T21:00:00,1,11,16,21,0,0.00000000,20.20000000,20.20000000,0.00000000
2001-11-16T21:10:00,1,11,16,21,10,0.00000000,20.18333333,20.18333333,0.00000000
2001-11-16T21:20:00,1,11,16,21,20,0.00000000,20.16666667,20.16666667,0.00000000
2001-11-16T21:30:00,1,11,16,21,30,0.00000000,20.15000000,20.15000000,0.00000000
2001-11-16T21:40:00,1,11,16,21,40,0.00000000,20.13333333,20.13333333,0.00000000
2001-11-16T21:50:00,1,11,16,21,50,0.00000000,20.11666667,20.11666667,0.00000000
2001-11-16T22:00:00,1,11,16,22,0,0.00000000,20.10000000,20.10000000,0.00000000
2001-11-16T22:10:00,1,11,16,22,10,0.00000000,19.95000000,19.95000000,0.00000000
2001-11-16T22:20:00,1,11,16,22,20,0.00000000,19.80000000,19.80000000,0.00000000
2001-11-16T22:30:00,1,11,16,22,30,0.00000000,19.65000000,19.65000000,0.00000000
2001-11-16T22:40:00,1,11,16,22,40,0.00000000,19.50000000,19.50000000,0.00000000
2001-11-16T22:50:00,1,11,16,22,50,0.00000000,19.35000000,19.35000000,0.00000000
2001-11-16T23:00:00,1,11,16,23,0,0.00000000,19.20000000,19.20000000,0.00000000
2001-11-16T23:10:00,1,11,16,23,10,0.00000000,19.25000000,19.25000000,0.00000000
2001-11-16T23:20:00,1,11,16,23,20,0.00000000,19.30000000,19.30000000,0.00000000
2001-11-16T23:30:00,1,11,16,23,30,0.00000000,19.35000000,19.35000000,0.00000000
2001-11-16T23:40:00,1,11,16,23,40,0.00000000,19.40000000,19.40000000,0.00000000
2001-11-16T23:50:00,1,11,16,23,50,0.00000000,19.45000000,19.45000000,0.00000000
2001-11-17T00:00:00,1,11,17,0,0,0.00000000,19.50000000,19.50000000,0.00000000
2001-11-17T00:10:00,1,11,17,0,10,0.00000000,19.58333333,19.58333333,0.00000000
2001-11-17T00:20:00,1,11,17,0,20,0.00000000,19.66666667,19.66666667,0.00000000
2001-11-17T00:30:00,1,11,17,0,30,0.00000000,19.75000000,19.75000000,0.00000000
2001-11-17T00:40:00,1,11,17,0,40,0.00000000,19.83333333,19.83333333,0.00000000
2001-11-17T00:50:00,1,11,17,0,50,0.00000000,19.91666667,19.91666667,0.00000000
2001-11-17T01:00:00,1,11,17,1,0,0.00000000,20.00000000,20.00000000,0.00000000
2001-11-17T01:10:00,1,11,17,1,10,0.00000000,19.90000000,19.90000000,0.00000000
2001-11-17T01:20:00,1,11,17,1,20,0.00000000,19.80000000,19.80000000,0.00000000
2001-11-17T01:30:00,1,11,17,1,30,0.00000000,19.70000000,19.70000000,0.00000000
2001-11-17T01:40:00,1,11,17,1,40,0.00000000,19.60000000,19.60000000,0.00000000
2001-11-17T01:50:00,1,11,17,1,50,0.00000000,19.50000000,19.50000000,0.00000000
2001-11-17T02:00:00,1,11,17,2,0,0.00000000,19.40000000,19.40000000,0.00000000
2001-11-17T02:10:00,1,11,17,2,10,0.00000000,19.43333333,19.43333333,0.00000000
2001-11-17T02:20:00,1,11,17,2,20,0.00000000,19.46666667,19.46666667,0.00000000
2001-11-17T02:30:00,1,11,17,2,30,0.00000000,19.50000000,19.50000000,0.00000000
2001-11-17T02:40:00,1,11,17,2,40,0.00000000,19.53333333,19.53333333,0.00000000
2001-11-17T02:50:00,1,11,17,2,50,0.00000000,19.56666667,19.56666667,0.00000000
2001-11-17T03:00:00,1,11,17,3,0,0.00000000,19.60000000,19.60000000,0.00000000
2001-11-17T03:10:00,1,11,17,3,10,0.00000000,19.63333333,19.63333333,0.00000000
2001-11-17T03:20:00,1,11,17,3,20,0.00000000,19.66666667,19.66666667,0.00000000
2001-11-17T03:30:00,1,11,17,3,30,0.00000000,19.70000000,19.70000000,0.00000000
2001-11-17T03:40:00,1,11,17,3,40,0.00000000,19.73333333,19.73333333,0.00000000
2001-11-17T03:50:00,1,11,17,3,50,0.00000000,19.76666667,19.76666667,0.00000000
2001-11-17T04:00:00,1,11,17,4,0,0.00000000,19.80000000,19.80000000,0.00000000
2001-11-17T04:10:00,1,11,17,4,10,0.00183333,19.71666667,19.78083333,0.00187735
2001-11-17T04:20:00,1,11,17,4,20,0.00366667,19.63333333,19.76166667,0.00375502
2001-11-17T04:30:00,1,11,17,4,30,0.00550000,19.55000000,19.74250000,0.00563301
2001-11-17T04:40:00,1,11,17,4,40,0.00733333,19.46666667,19.72333333,0.00751133
2001-11-17T04:50:00,1,11,17,4,50,0.00916667,19.38333333,19.70416667,0.00938997
2001-11-17T05:00:00,1,11,17,5,0,0.01100000,19.30000000,19.68500000,0.01126894
2001-11-17T05:10:00,1,11,17,5,10,0.02850000,19.35000000,20.34750000,0.02910994
2001-11-17T05:20:00,1,11,17,5,20,0.04600000,19.40000000,21.01000000,0.04684428
2001-11-17T05:30:00,1,11,17,5,30,0.06350000,19.45000000,21.67250000,0.06447196
2001-11-17T05:40:00,1,11,17,5,40,0.08100000,19.50000000,22.33500000,0.08199298
2001-11-17T05:50:00,1,11,17,5,50,0.09850000,19.55000000,22.99750000,0.09940733
2001-11-17T06:00:00,1,11,17,6,0,0.11600000,19.60000000,23.66000000,0.11671502
2001-11-17T06:10:00,1,11,17,6,10,0.13816667,19.75000000,24.58583333,0.13842990
2001-11-17T06:20:00,1,11,17,6,20,0.16033333,19.90000000,25.51166667,0.15995596
2001-11-17T06:30:00,1,11,17,6,30,0.18250000,20.05000000,26.43750000,0.18129322
2001-11-17T06:40:00,1,11,17,6,40,0.20466667,20.20000000,27.36333333,0.20244167
2001-11-17T06:50:00,1,11,17,6,50,0.22683333,20.35000000,28.28916667,0.22340131
2001-11-17T07:00:00,1,11,17,7,0,0.24900000,20.50000000,29.21500000,0.24417214
2001-11-17T07:10:00,1,11,17,7,10,0.24116667,20.73333333,29.17416667,0.23653599
2001-11-17T07:20:00,1,11,17,7,20,0.23333333,20.96666667,29.13333333,0.22889689
2001-11-17T07:30:00,1,11,17,7,30,0.22550000,21.20000000,29.09250000,0.22125485
2001-11-17T07:40:00,1,11,17,7,40,0.21766667,21.43333333,29.05166667,0.21360987
2001-11-17T07:50:00,1,11,17,7,50,0.20983333,21.66666667,29.01083333,0.20596194
2001-11-17T08:00:00,1,11,17,8,0,0.20200000,21.90000000,28.97000000,0.19831108
2001-11-17T08:10:00,1,11,17,8,10,0.27866667,21.91666667,31.67000000,0.27011662
2001-11-17T08:20:00,1,11,17,8,20,0.35533333,21.93333333,34.37000000,0.34001776
2001-11-17T08:30:00,1,11,17,8,30,0.43200000,21.95000000,37.07000000,0.40801450
2001-11-17T08:40:00,1,11,17,8,40,0.50866667,21.96666667,39.77000000,0.47410684
2001-11-17T08:50:00,1,11,17,8,50,0.58533333,21.98333333,42.47000000,0.53829478
2001-11-17T09:00:00,1,11,17,9,0,0.66200000,22.00000000,45.17000000,0.60057832
2001-11-17T09:10:00,1,11,17,9,10,0.60000000,22.45000000,43.45000000,0.54907800
2001-11-17T09:20:00,1,11,17,9,20,0.53800000,22.90000000,41.73000000,0.49659660
2001-11-17T09:30:00,1,11,17,9,30,0.47600000,23.35000000,40.01000000,0.44313410
2001-11-17T09:40:00,1,11,17,9,40,0.41400000,23.80000000,38.29000000,0.38869052
2001-11-17T09:50:00,1,11,17,9,50,0.35200000,24.25000000,36.57000000,0.33326586
2001-11-17T10:00:00,1,11,17,10,0,0.29000000,24.70000000,34.85000000,0.27686010
2001-11-17T10:10:00,1,11,17,10,10,0.34883333,24.31666667,36.52583333,0.33033860
2001-11-17T10:20:00,1,11,17,10,20,0.40766667,23.93333333,38.20166667,0.38291002
2001-11-17T10:30:00,1,11,17,10,30,0.46650000,23.55000000,39.87750000,0.43457437
2001-11-17T10:40:00,1,11,17,10,40,0.52533333,23.16666667,41.55333333,0.48533165
2001-11-17T10:50:00,1,11,17,10,50,0.58416667,22.78333333,43.22916667,0.53518186
2001-11-17T11:00:00,1,11,17,11,0,0.64300000,22.40000000,44.90500000,0.58412499
2001-11-17T11:10:00,1,11,17,11,10,0.65383333,22.81666667,45.70083333,0.59157282
2001-11-17T11:20:00,1,11,17,11,20,0.66466667,23.23333333,46.49666667,0.59894132
2001-11-17T11:30:00,1,11,17,11,30,0.67550000,23.65000000,47.29250000,0.60623051
2001-11-17T11:40:00,1,11,17,11,40,0.68633333,24.06666667,48.08833333,0.61344039
2001-11-17T11:50:00,1,11,17,11,50,0.69716667,24.48333333,48.88416667,0.62057094
2001-11-17T12:00:00,1,11,17,12,0,0.70800000,24.90000000,49.68000000,0.62762218
2001-11-17T12:10:00,1,11,17,12,10,0.67283333,24.96666667,48.51583333,0.60005105
2001-11-17T12:20:00,1,11,17,12,20,0.63766667,25.03333333,47.35166667,0.57210327
2001-11-17T12:30:00,1,11,17,12,30,0.60250000,25.10000000,46.18750000,0.54377884
2001-11-17T12:40:00,1,11,17,12,40,0.56733333,25.16666667,45.02333333,0.51507777
2001-11-17T12:50:00,1,11,17,12,50,0.53216667,25.23333333,43.85916667,0.48600006
2001-11-17T13:00:00,1,11,17,13,0,0.49700000,25.30000000,42.69500000,0.45654569
2001-11-17T13:10:00,1,11,17,13,10,0.51033333,25.11666667,42.97833333,0.46812860
2001-11-17T13:20:00,1,11,17,13,20,0.52366667,24.93333333,43.26166667,0.47967675
2001-11-17T13:30:00,1,11,17,13,30,0.53700000,24.75000000,43.54500000,0.49119014
2001-11-17T13:40:00,1,11,17,13,40,0.55033333,24.56666667,43.82833333,0.50266878
2001-11-17T13:50:00,1,11,17,13,50,0.56366667,24.38333333,44.11166667,0.51411266
2001-11-17T14:00:00,1,11,17,14,0,0.57700000,24.20000000,44.39500000,0.52552179
2001-11-17T14:10:00,1,11,17,14,10,0.50666667,24.28333333,42.01666667,0.46700649
2001-11-17T14:20:00,1,11,17,14,20,0.43633333,24.36666667,39.63833333,0.40695225
2001-11-17T14:30:00,1,11,17,14,30,0.36600000,24.45000000,37.26000000,0.34535906
2001-11-17T14:40:00,1,11,17,14,40,0.29566667,24.53333333,34.88166667,0.28222694
2001-11-17T14:50:00,1,11,17,14,50,0.22533333,24.61666667,32.50333333,0.21755588
2001-11-17T15:00:00,1,11,17,15,0,0.15500000,24.70000000,30.12500000,0.15134587
2001-11-17T15:10:00,1,11,17,15,10,0.16283333,24.30000000,29.99916667,0.15908879
2001-11-17T15:20:00,1,11,17,15,20,0.17066667,23.90000000,29.87333333,0.16684078
2001-11-17T15:30:00,1,11,17,15,30,0.17850000,23.50000000,29.74750000,0.17460183
2001-11-17T15:40:00,1,11,17,15,40,0.18633333,23.10000000,29.62166667,0.18237195
2001-11-17T15:50:00,1,11,17,15,50,0.19416667,22.70000000,29.49583333,0.19015114
2001-11-17T16:00:00,1,11,17,16,0,0.20200000,22.30000000,29.37000000,0.19793940
2001-11-17T16:10:00,1,11,17,16,10,0.17966667,22.33333333,28.62166667,0.17667348
2001-11-17T16:20:00,1,11,17,16,20,0.15733333,22.36666667,27.87333333,0.15525381
2001-11-17T16:30:00,1,11,17,16,30,0.13500000,22.40000000,27.12500000,0.13368038
2001-11-17T16:40:00,1,11,17,16,40,0.11266667,22.43333333,26.37666667,0.11195319
2001-11-17T16:50:00,1,11,17,16,50,0.09033333,22.46666667,25.62833333,0.09007224
2001-11-17T17:00:00,1,11,17,17,0,0.06800000,22.50000000,24.88000000,0.06803754
2001-11-17T17:10:00,1,11,17,17,10,0.05900000,22.36666667,24.43166667,0.05915425
2001-11-17T17:20:00,1,11,17,17,20,0.05000000,22.23333333,23.98333333,0.05023383
2001-11-17T17:30:00,1,11,17,17,30,0.04100000,22.10000000,23.53500000,0.04127630
2001-11-17T17:40:00,1,11,17,17,40,0.03200000,21.96666667,23.08666667,0.03228164
2001-11-17T17:50:00,1,11,17,17,50,0.02300000,21.83333333,22.63833333,0.02324986
2001-11-17T18:00:00,1,11,17,18,0,0.01400000,21.70000000,22.19000000,0.01418096
2001-11-17T18:10:00,1,11,17,18,10,0.01166667,21.53333333,21.94166667,0.01183080
2001-11-17T18:20:00,1,11,17,18,20,0.00933333,21.36666667,21.69333333,0.00947530
2001-11-17T18:30:00,1,11,17,18,30,0.00700000,21.20000000,21.44500000,0.00711447
2001-11-17T18:40:00,1,11,17,18,40,0.00466667,21.03333333,21.19666667,0.00474831
2001-11-17T18:50:00,1,11,17,18,50,0.00233333,20.86666667,20.94833333,0.00237682
2001-11-17T19:00:00,1,11,17,19,0,0.00000000,20.70000000,20.70000000,0.00000000
2001-11-17T19:10:00,1,11,17,19,10,0.00000000,20.66666667,20.66666667,0.00000000
2001-11-17T19:20:00,1,11,17,19,20,0.00000000,20.63333333,20.63333333,0.00000000
2001-11-17T19:30:00,1,11,17,19,30,0.00000000,20.60000000,20.60000000,0.00000000
2001-11-17T19:40:00,1,11,17,19,40,0.00000000,20.56666667,20.56666667,0.00000000
2001-11-17T19:50:00,1,11,17,19,50,0.00000000,20.53333333,20.53333333,0.00000000
2001-11-17T20:00:00,1,11,17,20,0,0.00000000,20.50000000,20.50000000,0.00000000
2001-11-17T20:10:00,1,11,17,20,10,0.00000000,20.43333333,20.43333333,0.00000000
2001-11-17T20:20:00,1,11,17,20,20,0.00000000,20.36666667,20.36666667,0.00000000
2001-11-17T20:30:00,1,11,17,20,30,0.00000000,20.30000000,20.30000000,0.00000000
2001-11-17T20:40:00,1,11,17,20,40,0.00000000,20.23333333,20.23333333,0.00000000
2001-11-17T20:50:00,1,11,17,20,50,0.00000000,20.16666667,20.16666667,0.00000000
2001-11-17T21:00:00,1,11,17,21,0,0.00000000,20.10000000,20.10000000,0.00000000
2001-11-17T21:10:00,1,11,17,21,10,0.00000000,20.15000000,20.15000000,0.00000000
2001-11-17T21:20:00,1,11,17,21,20,0.00000000,20.20000000,20.20000000,0.00000000
2001-11-17T21:30:00,1,11,17,21,30,0.00000000,20.25000000,20.25000000,0.00000000
2001-11-17T21:40:00,1,11,17,21,40,0.00000000,20.30000000,20.30000000,0.00000000
2001-11-17T21:50:00,1,11,17,21,50,0.00000000,20.35000000,20.35000000,0.00000000
2001-11-17T22:00:00,1,11,17,22,0,0.00000000,20.40000000,20.40000000,0.00000000
2001-11-17T22:10:00,1,11,17,22,10,0.00000000,20.38333333,20.38333333,0.00000000
2001-11-17T22:20:00,1,11,17,22,20,0.00000000,20.36666667,20.36666667,0.00000000
2001-11-17T22:30:00,1,11,17,22,30,0.00000000,20.35000000,20.35000000,0.00000000
2001-11-17T22:40:00,1,11,17,22,40,0.00000000,20.33333333,20.33333333,0.00000000
2001-11-17T22:50:00,1,11,17,22,50,0.00000000,20.31666667,20.31666667,0.00000000
2001-11-17T23:00:00,1,11,17,23,0,0.00000000,20.30000000,20.30000000,0.00000000
2001-11-17T23:10:00,1,11,17,23,10,0.00000000,20.26666667,20.26666667,0.00000000
2001-11-17T23:20:00,1,11,17,23,20,0.00000000,20.23333333,20.23333333,0.00000000
2001-11-17T23:30:00,1,11,17,23,30,0.00000000,20.20000000,20.20000000,0.00000000
2001-11-17T23:40:00,1,11,17,23,40,0.00000000,20.16666667,20.16666667,0.00000000
2001-11-17T23:50:00,1,11,17,23,50,0.00000000,20.13333333,20.13333333,0.00000000
2001-11-18T00:00:00,1,11,18,0,0,0.00000000,20.10000000,20.10000000,0.00000000
2001-11-18T00:10:00,1,11,18,0,10,0.00000000,20.10000000,20.10000000,0.00000000
2001-11-18T00:20:00,1,11,18,0,20,0.00000000,20.10000000,20.10000000,0.00000000
2001-11-18T00:30:00,1,11,18,0,30,0.00000000,20.10000000,20.10000000,0.00000000
2001-11-18T00:40:00,1,11,18,0,40,0.00000000,20.10000000,20.10000000,0.00000000
2001-11-18T00:50:00,1,11,18,0,50,0.00000000,20.10000000,20.10000000,0.00000000
2001-11-18T01:00:00,1,11,18,1,0,0.00000000,20.10000000,20.10000000,0.00000000
2001-11-18T01:10:00,1,11,18,1,10,0.00000000,20.15000000,20.15000000,0.00000000
2001-11-18T01:20:00,1,11,18,1,20,0.00000000,20.20000000,20.20000000,0.00000000
2001-11-18T01:30:00,1,11,18,1,30,0.00000000,20.25000000,20.25000000,0.00000000
2001-11-18T01:40:00,1,11,18,1,40,0.00000000,20.30000000,20.30000000,0.00000000
2001-11-18T01:50:00,1,11,18,1,50,0.00000000,20.35000000,20.35000000,0.00000000
2001-11-18T02:00:00,1,11,18,2,0,0.00000000,20.40000000,20.40000000,0.00000000
2001-11-18T02:10:00,1,11,18,2,10,0.00000000,20.40000000,20.40000000,0.00000000
2001-11-18T02:20:00,1,11,18,2,20,0.00000000,20.40000000,20.40000000,0.00000000
2001-11-18T02:30:00,1,11,18,2,30,0.00000000,20.40000000,20.40000000,0.00000000
2001-11-18T02:40:00,1,11,18,2,40,0.00000000,20.40000000,20.40000000,0.00000000
2001-11-18T02:50:00,1,11,18,2,50,0.00000000,20.40000000,20.40000000,0.00000000
2001-11-18T03:00:00,1,11,18,3,0,0.00000000,20.40000000,20.40000000,0.00000000
2001-11-18T03:10:00,1,11,18,3,10,0.00000000,20.30000000,20.30000000,0.00000000
2001-11-18T03:20:00,1,11,18,3,20,0.00000000,20.20000000,20.20000000,0.00000000
2001-11-18T03:30:00,1,11,18,3,30,0.00000000,20.10000000,20.10000000,0.00000000
2001-11-18T03:40:00,1,11,18,3,40,0.00000000,20.00000000,20.00000000,0.00000000
2001-11-18T03:50:00,1,11,18,3,50,0.00000000,19.90000000,19.90000000,0.00000000
2001-11-18T04:00:00,1,11,18,4,0,0.00000000,19.80000000,19.80000000,0.00000000
2001-11-18T04:10:00,1,11,18,4,10,0.00133333,19.86666667,19.91333333,0.00136453
2001-11-18T04:20:00,1,11,18,4,20,0.00266667,19.93333333,20.02666667,0.00272767
2001-11-18T04:30:00,1,11,18,4,30,0.00400000,20.00000000,20.14000000,0.00408942
2001-11-18T04:40:00,1,11,18,4,40,0.00533333,20.06666667,20.25333333,0.00544978
2001-11-18T04:50:00,1,11,18,4,50,0.00666667,20.13333333,20.36666667,0.00680876
2001-11-18T05:00:00,1,11,18,5,0,0.00800000,20.20000000,20.48000000,0.00816634
2001-11-18T05:10:00,1,11,18,5,10,0.02500000,20.15000000,21.02500000,0.02545713
2001-11-18T05:20:00,1,11,18,5,20,0.04200000,20.10000000,21.57000000,0.04266268
2001-11-18T05:30:00,1,11,18,5,30,0.05900000,20.05000000,22.11500000,0.05978299
2001-11-18T05:40:00,1,11,18,5,40,0.07600000,20.00000000,22.66000000,0.07681806
2001-11-18T05:50:00,1,11,18,5,50,0.09300000,19.95000000,23.20500000,0.09376790
2001-11-18T06:00:00,1,11,18,6,0,0.11000000,19.90000000,23.75000000,0.11063250
2001-11-18T06:10:00,1,11,18,6,10,0.10366667,20.20000000,23.82833333,0.10422540
2001-11-18T06:20:00,1,11,18,6,20,0.09733333,20.50000000,23.90666667,0.09782286
2001-11-18T06:30:00,1,11,18,6,30,0.09100000,20.80000000,23.98500000,0.09142488
2001-11-18T06:40:00,1,11,18,6,40,0.08466667,21.10000000,24.06333333,0.08503147
2001-11-18T06:50:00,1,11,18,6,50,0.07833333,21.40000000,24.14166667,0.07864262
2001-11-18T07:00:00,1,11,18,7,0,0.07200000,21.70000000,24.22000000,0.07225834
2001-11-18T07:10:00,1,11,18,7,10,0.09566667,21.56666667,24.91500000,0.09570407
2001-11-18T07:20:00,1,11,18,7,20,0.11933333,21.43333333,25.61000000,0.11899848
2001-11-18T07:30:00,1,11,18,7,30,0.14300000,21.30000000,26.30500000,0.14214157
2001-11-18T07:40:00,1,11,18,7,40,0.16666667,21.16666667,27.00000000,0.16513333
2001-11-18T07:50:00,1,11,18,7,50,0.19033333,21.03333333,27.69500000,0.18797377
2001-11-18T08:00:00,1,11,18,8,0,0.21400000,20.90000000,28.39000000,0.21066288
2001-11-18T08:10:00,1,11,18,8,10,0.23300000,21.20000000,29.35500000,0.22833231
2001-11-18T08:20:00,1,11,18,8,20,0.25200000,21.50000000,30.32000000,0.24583306
2001-11-18T08:30:00,1,11,18,8,30,0.27100000,21.80000000,31.28500000,0.26316512
2001-11-18T08:40:00,1,11,18,8,40,0.29000000,22.10000000,32.25000000,0.28032850
2001-11-18T08:50:00,1,11,18,8,50,0.30900000,22.40000000,33.21500000,0.29732320
2001-11-18T09:00:00,1,11,18,9,0,0.32800000,22.70000000,34.18000000,0.31414922
2001-11-18T09:10:00,1,11,18,9,10,0.34416667,22.80000000,34.84583333,0.32857907
2001-11-18T09:20:00,1,11,18,9,20,0.36033333,22.90000000,35.51166667,0.34290990
2001-11-18T09:30:00,1,11,18,9,30,0.37650000,23.00000000,36.17750000,0.35714169
2001-11-18T09:40:00,1,11,18,9,40,0.39266667,23.10000000,36.84333333,0.37127445
2001-11-18T09:50:00,1,11,18,9,50,0.40883333,23.20000000,37.50916667,0.38530818
2001-11-18T10:00:00,1,11,18,10,0,0.42500000,23.30000000,38.17500000,0.39924287
2001-11-18T10:10:00,1,11,18,10,10,0.40800000,23.50000000,37.78000000,0.38401450
2001-11-18T10:20:00,1,11,18,10,20,0.39100000,23.70000000,37.38500000,0.36872434
2001-11-18T10:30:00,1,11,18,10,30,0.37400000,23.90000000,36.99000000,0.35337240
2001-11-18T10:40:00,1,11,18,10,40,0.35700000,24.10000000,36.59500000,0.33795869
2001-11-18T10:50:00,1,11,18,10,50,0.34000000,24.30000000,36.20000000,0.32248320
2001-11-18T11:00:00,1,11,18,11,0,0.32300000,24.50000000,35.80500000,0.30694593
2001-11-18T11:10:00,1,11,18,11,10,0.32500000,24.35000000,35.72500000,0.30896612
2001-11-18T11:20:00,1,11,18,11,20,0.32700000,24.20000000,35.64500000,0.31098779
2001-11-18T11:30:00,1,11,18,11,30,0.32900000,24.05000000,35.56500000,0.31301093
2001-11-18T11:40:00,1,11,18,11,40,0.33100000,23.90000000,35.48500000,0.31503554
2001-11-18T11:50:00,1,11,18,11,50,0.33300000,23.75000000,35.40500000,0.31706162
2001-11-18T12:00:00,1,11,18,12,0,0.33500000,23.60000000,35.32500000,0.31908918
2001-11-18T12:10:00,1,11,18,12,10,0.36883333,23.56666667,36.47583333,0.34936305
2001-11-18T12:20:00,1,11,18,12,20,0.40266667,23.53333333,37.62666667,0.37927871
2001-11-18T12:30:00,1,11,18,12,30,0.43650000,23.50000000,38.77750000,0.40883616
2001-11-18T12:40:00,1,11,18,12,40,0.47033333,23.46666667,39.92833333,0.43803539
2001-11-18T12:50:00,1,11,18,12,50,0.50416667,23.43333333,41.07916667,0.46687640
2001-11-18T13:00:00,1,11,18,13,0,0.53800000,23.40000000,42.23000000,0.49535920
2001-11-18T13:10:00,1,11,18,13,10,0.52366667,23.66666667,41.99500000,0.48272798
2001-11-18T13:20:00,1,11,18,13,20,0.50933333,23.93333333,41.76000000,0.47006577
2001-11-18T13:30:00,1,11,18,13,30,0.49500000,24.20000000,41.52500000,0.45737258
2001-11-18T13:40:00,1,11,18,13,40,0.48066667,24.46666667,41.29000000,0.44464839
2001-11-18T13:50:00,1,11,18,13,50,0.46633333,24.73333333,41.05500000,0.43189322
2001-11-18T14:00:00,1,11,18,14,0,0.45200000,25.00000000,40.82000000,0.41910706
2001-11-18T14:10:00,1,11,18,14,10,0.38550000,24.93333333,38.42583333,0.36169197
2001-11-18T14:20:00,1,11,18,14,20,0.31900000,24.86666667,36.03166667,0.30281213
2001-11-18T14:30:00,1,11,18,14,30,0.25250000,24.80000000,33.63750000,0.24246754
2001-11-18T14:40:00,1,11,18,14,40,0.18600000,24.73333333,31.24333333,0.18065820
2001-11-18T14:50:00,1,11,18,14,50,0.11950000,24.66666667,28.84916667,0.11738411
2001-11-18T15:00:00,1,11,18,15,0,0.05300000,24.60000000,26.45500000,0.05264527
2001-11-18T15:10:00,1,11,18,15,10,0.08633333,24.00000000,27.02166667,0.08553046
2001-11-18T15:20:00,1,11,18,15,20,0.11966667,23.40000000,27.58833333,0.11824188
2001-11-18T15:30:00,1,11,18,15,30,0.15300000,22.80000000,28.15500000,0.15077951
2001-11-18T15:40:00,1,11,18,15,40,0.18633333,22.20000000,28.72166667,0.18314337
2001-11-18T15:50:00,1,11,18,15,50,0.21966667,21.60000000,29.28833333,0.21533345
2001-11-18T16:00:00,1,11,18,16,0,0.25300000,21.00000000,29.85500000,0.24734975
2001-11-18T16:10:00,1,11,18,16,10,0.21250000,21.20000000,28.63750000,0.20894434
2001-11-18T16:20:00,1,11,18,16,20,0.17200000,21.40000000,27.42000000,0.17008530
2001-11-18T16:30:00,1,11,18,16,30,0.13150000,21.60000000,26.20250000,0.13077261
2001-11-18T16:40:00,1,11,18,16,40,0.09100000,21.80000000,24.98500000,0.09100628
2001-11-18T16:50:00,1,11,18,16,50,0.05050000,22.00000000,23.76750000,0.05078631
2001-11-18T17:00:00,1,11,18,17,0,0.01000000,22.20000000,22.55000000,0.01011270
2001-11-18T17:10:00,1,11,18,17,10,0.01000000,21.91666667,22.26666667,0.01012573
2001-11-18T17:20:00,1,11,18,17,20,0.01000000,21.63333333,21.98333333,0.01013877
2001-11-18T17:30:00,1,11,18,17,30,0.01000000,21.35000000,21.70000000,0.01015180
2001-11-18T17:40:00,1,11,18,17,40,0.01000000,21.06666667,21.41666667,0.01016483
2001-11-18T17:50:00,1,11,18,17,50,0.01000000,20.78333333,21.13333333,0.01017787
2001-11-18T18:00:00,1,11,18,18,0,0.01000000,20.50000000,20.85000000,0.01019090
2001-11-18T18:10:00,1,11,18,18,10,0.00833333,20.45000000,20.74166667,0.00849657
2001-11-18T18:20:00,1,11,18,18,20,0.00666667,20.40000000,20.63333333,0.00680058
2001-11-18T18:30:00,1,11,18,18,30,0.00500000,20.35000000,20.52500000,0.00510293
2001-11-18T18:40:00,1,11,18,18,40,0.00333333,20.30000000,20.41666667,0.00340361
2001-11-18T18:50:00,1,11,18,18,50,0.00166667,20.25000000,20.30833333,0.00170264
2001-11-18T19:00:00,1,11,18,19,0,0.00000000,20.20000000,20.20000000,0.00000000
2001-11-18T19:10:00,1,11,18,19,10,0.00000000,20.18333333,20.18333333,0.00000000
2001-11-18T19:20:00,1,11,18,19,20,0.00000000,20.16666667,20.16666667,0.00000000
2001-11-18T19:30:00,1,11,18,19,30,0.00000000,20.15000000,20.15000000,0.00000000
2001-11-18T19:40:00,1,11,18,19,40,0.00000000,20.13333333,20.13333333,0.00000000
2001-11-18T19:50:00,1,11,18,19,50,0.00000000,20.11666667,20.11666667,0.00000000
2001-11-18T20:00:00,1,11,18,20,0,0.00000000,20.10000000,20.10000000,0.00000000
2001-11-18T20:10:00,1,11,18,20,10,0.00000000,19.96666667,19.96666667,0.00000000
2001-11-18T20:20:00,1,11,18,20,20,0.00000000,19.83333333,19.83333333,0.00000000
2001-11-18T20:30:00,1,11,18,20,30,0.00000000,19.70000000,19.70000000,0.00000000
2001-11-18T20:40:00,1,11,18,20,40,0.00000000,19.56666667,19.56666667,0.00000000
2001-11-18T20:50:00,1,11,18,20,50,0.00000000,19.43333333,19.43333333,0.00000000
2001-11-18T21:00:00,1,11,18,21,0,0.00000000,19.30000000,19.30000000,0.00000000
2001-11-18T21:10:00,1,11,18,21,10,0.00000000,19.25000000,19.25000000,0.00000000
2001-11-18T21:20:00,1,11,18,21,20,0.00000000,19.20000000,19.20000000,0.00000000
2001-11-18T21:30:00,1,11,18,21,30,0.00000000,19.15000000,19.15000000,0.00000000
2001-11-18T21:40:00,1,11,18,21,40,0.00000000,19.10000000,19.10000000,0.00000000
2001-11-18T21:50:00,1,11,18,21,50,0.00000000,19.05000000,19.05000000,0.00000000
2001-11-18T22:00:00,1,11,18,22,0,0.00000000,19.00000000,19.00000000,0.00000000
2001-11-18T22:10:00,1,11,18,22,10,0.00000000,19.13333333,19.13333333,0.00000000
2001-11-18T22:20:00,1,11,18,22,20,0.00000000,19.26666667,19.26666667,0.00000000
2001-11-18T22:30:00,1,11,18,22,30,0.00000000,19.40000000,19.40000000,0.00000000
2001-11-18T22:40:00,1,11,18,22,40,0.00000000,19.53333333,19.53333333,0.00000000
2001-11-18T22:50:00,1,11,18,22,50,0.00000000,19.66666667,19.66666667,0.00000000
2001-11-18T23:00:00,1,11,18,23,0,0.00000000,19.80000000,19.80000000,0.00000000
2001-11-18T23:10:00,1,11,18,23,10,0.00000000,19.41666667,19.41666667,0.00000000
2001-11-18T23:20:00,1,11,18,23,20,0.00000000,19.03333333,19.03333333,0.00000000
2001-11-18T23:30:00,1,11,18,23,30,0.00000000,18.65000000,18.65000000,0.00000000
2001-11-18T23:40:00,1,11,18,23,40,0.00000000,18.26666667,18.26666667,0.00000000
2001-11-18T23:50:00,1,11,18,23,50,0.00000000,17.88333333,17.88333333,0.00000000
2001-11-19T00:00:00,1,11,19,0,0,0.00000000,17.50000000,17.50000000,0.00000000
2001-11-19T00:10:00,1,11,19,0,10,0.00000000,17.51666667,17.51666667,0.00000000
2001-11-19T00:20:00,1,11,19,0,20,0.00000000,17.53333333,17.53333333,0.00000000
2001-11-19T00:30:00,1,11,19,0,30,0.00000000,17.55000000,17.55000000,0.00000000
2001-11-19T00:40:00,1,11,19,0,40,0.00000000,17.56666667,17.56666667,0.00000000
2001-11-19T00:50:00,1,11,19,0,50,0.00000000,17.58333333,17.58333333,0.00000000
2001-11-19T01:00:00,1,11,19,1,0,0.00000000,17.60000000,17.60000000,0.00000000
2001-11-19T01:10:00,1,11,19,1,10,0.00000000,17.56666667,17.56666667,0.00000000
2001-11-19T01:20:00,1,11,19,1,20,0.00000000,17.53333333,17.53333333,0.00000000
2001-11-19T01:30:00,1,11,19,1,30,0.00000000,17.50000000,17.50000000,0.00000000
2001-11-19T01:40:00,1,11,19,1,40,0.00000000,17.46666667,17.46666667,0.00000000
2001-11-19T01:50:00,1,11,19,1,50,0.00000000,17.43333333,17.43333333,0.00000000
2001-11-19T02:00:00,1,11,19,2,0,0.00000000,17.40000000,17.40000000,0.00000000
2001-11-19T02:10:00,1,11,19,2,10,0.00000000,17.43333333,17.43333333,0.00000000
2001-11-19T02:20:00,1,11,19,2,20,0.00000000,17.46666667,17.46666667,0.00000000
2001-11-19T02:30:00,1,11,19,2,30,0.00000000,17.50000000,17.50000000,0.00000000
2001-11-19T02:40:00,1,11,19,2,40,0.00000000,17.53333333,17.53333333,0.00000000
2001-11-19T02:50:00,1,11,19,2,50,0.00000000,17.56666667,17.56666667,0.00000000
2001-11-19T03:00:00,1,11,19,3,0,0.00000000,17.60000000,17.60000000,0.00000000
2001-11-19T03:10:00,1,11,19,3,10,0.00000000,17.45000000,17.45000000,0.00000000
2001-11-19T03:20:00,1,11,19,3,20,0.00000000,17.30000000,17.30000000,0.00000000
2001-11-19T03:30:00,1,11,19,3,30,0.00000000,17.15000000,17.15000000,0.00000000
2001-11-19T03:40:00,1,11,19,3,40,0.00000000,17.00000000,17.00000000,0.00000000
2001-11-19T03:50:00,1,11,19,3,50,0.00000000,16.85000000,16.85000000,0.00000000
2001-11-19T04:00:00,1,11,19,4,0,0.00000000,16.70000000,16.70000000,0.00000000
2001-11-19T04:10:00,1,11,19,4,10,0.00266667,16.80000000,16.89333333,0.00276611
2001-11-19T04:20:00,1,11,19,4,20,0.00533333,16.90000000,17.08666667,0.00552747
2001-11-19T04:30:00,1,11,19,4,30,0.00800000,17.00000000,17.28000000,0.00828410
2001-11-19T04:40:00,1,11,19,4,40,0.01066667,17.10000000,17.47333333,0.01103598
2001-11-19T04:50:00,1,11,19,4,50,0.01333333,17.20000000,17.66666667,0.01378311
2001-11-19T05:00:00,1,11,19,5,0,0.01600000,17.30000000,17.86000000,0.01652550
2001-11-19T05:10:00,1,11,19,5,10,0.02350000,17.48333333,18.30583333,0.02422364
2001-11-19T05:20:00,1,11,19,5,20,0.03100000,17.66666667,18.75166667,0.03189101
2001-11-19T05:30:00,1,11,19,5,30,0.03850000,17.85000000,19.19750000,0.03952762
2001-11-19T05:40:00,1,11,19,5,40,0.04600000,18.03333333,19.64333333,0.04713347
2001-11-19T05:50:00,1,11,19,5,50,0.05350000,18.21666667,20.08916667,0.05470856
2001-11-19T06:00:00,1,11,19,6,0,0.06100000,18.40000000,20.53500000,0.06225288
2001-11-19T06:10:00,1,11,19,6,10,0.10933333,18.60000000,22.42666667,0.11062755
2001-11-19T06:20:00,1,11,19,6,20,0.15766667,18.80000000,24.31833333,0.15816106
2001-11-19T06:30:00,1,11,19,6,30,0.20600000,19.00000000,26.21000000,0.20485340
2001-11-19T06:40:00,1,11,19,6,40,0.25433333,19.20000000,28.10166667,0.25070459
2001-11-19T06:50:00,1,11,19,6,50,0.30266667,19.40000000,29.99333333,0.29571462
2001-11-19T07:00:00,1,11,19,7,0,0.35100000,19.60000000,31.88500000,0.33988348
2001-11-19T07:10:00,1,11,19,7,10,0.34050000,19.78333333,31.70083333,0.33000448
2001-11-19T07:20:00,1,11,19,7,20,0.33000000,19.96666667,31.51666667,0.32010770
2001-11-19T07:30:00,1,11,19,7,30,0.31950000,20.15000000,31.33250000,0.31019312
2001-11-19T07:40:00,1,11,19,7,40,0.30900000,20.33333333,31.14833333,0.30026076
2001-11-19T07:50:00,1,11,19,7,50,0.29850000,20.51666667,30.96416667,0.29031060
2001-11-19T08:00:00,1,11,19,8,0,0.28800000,20.70000000,30.78000000,0.28034266
2001-11-19T08:10:00,1,11,19,8,10,0.29083333,20.71666667,30.89583333,0.28294569
2001-11-19T08:20:00,1,11,19,8,20,0.29366667,20.73333333,31.01166667,0.28554571
2001-11-19T08:30:00,1,11,19,8,30,0.29650000,20.75000000,31.12750000,0.28814270
2001-11-19T08:40:00,1,11,19,8,40,0.29933333,20.76666667,31.24333333,0.29073668
2001-11-19T08:50:00,1,11,19,8,50,0.30216667,20.78333333,31.35916667,0.29332764
2001-11-19T09:00:00,1,11,19,9,0,0.30500000,20.80000000,31.47500000,0.29591557
2001-11-19T09:10:00,1,11,19,9,10,0.39133333,20.96666667,34.66333333,0.37393804
2001-11-19T09:20:00,1,11,19,9,20,0.47766667,21.13333333,37.85166667,0.44942813
2001-11-19T09:30:00,1,11,19,9,30,0.56400000,21.30000000,41.04000000,0.52238582
2001-11-19T09:40:00,1,11,19,9,40,0.65033333,21.46666667,44.22833333,0.59281113
2001-11-19T09:50:00,1,11,19,9,50,0.73666667,21.63333333,47.41666667,0.66070406
2001-11-19T10:00:00,1,11,19,10,0,0.82300000,21.80000000,50.60500000,0.72606459
2001-11-19T10:10:00,1,11,19,10,10,0.85083333,22.16666667,51.94583333,0.74537183
2001-11-19T10:20:00,1,11,19,10,20,0.87866667,22.53333333,53.28666667,0.76433573
2001-11-19T10:30:00,1,11,19,10,30,0.90650000,22.90000000,54.62750000,0.78295629
2001-11-19T10:40:00,1,11,19,10,40,0.93433333,23.26666667,55.96833333,0.80123350
2001-11-19T10:50:00,1,11,19,10,50,0.96216667,23.63333333,57.30916667,0.81916737
2001-11-19T11:00:00,1,11,19,11,0,0.99000000,24.00000000,58.65000000,0.83675790
2001-11-19T11:10:00,1,11,19,11,10,0.98000000,24.06666667,58.36666667,0.82958307
2001-11-19T11:20:00,1,11,19,11,20,0.97000000,24.13333333,58.08333333,0.82238217
2001-11-19T11:30:00,1,11,19,11,30,0.96000000,24.20000000,57.80000000,0.81515520
2001-11-19T11:40:00,1,11,19,11,40,0.95000000,24.26666667,57.51666667,0.80790217
2001-11-19T11:50:00,1,11,19,11,50,0.94000000,24.33333333,57.23333333,0.80062307
2001-11-19T12:00:00,1,11,19,12,0,0.93000000,24.40000000,56.95000000,0.79331790
2001-11-19T12:10:00,1,11,19,12,10,0.88166667,24.45000000,55.30833333,0.75874617
2001-11-19T12:20:00,1,11,19,12,20,0.83333333,24.50000000,53.66666667,0.72344444
2001-11-19T12:30:00,1,11,19,12,30,0.78500000,24.55000000,52.02500000,0.68741273
2001-11-19T12:40:00,1,11,19,12,40,0.73666667,24.60000000,50.38333333,0.65065101
2001-11-19T12:50:00,1,11,19,12,50,0.68833333,24.65000000,48.74166667,0.61315930
2001-11-19T13:00:00,1,11,19,13,0,0.64000000,24.70000000,47.10000000,0.57493760
2001-11-19T13:10:00,1,11,19,13,10,0.58516667,24.70000000,45.18083333,0.53084457
2001-11-19T13:20:00,1,11,19,13,20,0.53033333,24.70000000,43.26166667,0.48578339
2001-11-19T13:30:00,1,11,19,13,30,0.47550000,24.70000000,41.34250000,0.43975405
2001-11-19T13:40:00,1,11,19,13,40,0.42066667,24.70000000,39.42333333,0.39275656
2001-11-19T13:50:00,1,11,19,13,50,0.36583333,24.70000000,37.50416667,0.34479090
2001-11-19T14:00:00,1,11,19,14,0,0.31100000,24.70000000,35.58500000,0.29585710
2001-11-19T14:10:00,1,11,19,14,10,0.33550000,24.50000000,36.24250000,0.31814945
2001-11-19T14:20:00,1,11,19,14,20,0.36000000,24.30000000,36.90000000,0.34029360
2001-11-19T14:30:00,1,11,19,14,30,0.38450000,24.10000000,37.55750000,0.36228955
2001-11-19T14:40:00,1,11,19,14,40,0.40900000,23.90000000,38.21500000,0.38413730
2001-11-19T14:50:00,1,11,19,14,50,0.43350000,23.70000000,38.87250000,0.40583685
2001-11-19T15:00:00,1,11,19,15,0,0.45800000,23.50000000,39.53000000,0.42738820
2001-11-19T15:10:00,1,11,19,15,10,0.41266667,23.51666667,37.96000000,0.38806513
2001-11-19T15:20:00,1,11,19,15,20,0.36733333,23.53333333,36.39000000,0.34808727
2001-11-19T15:30:00,1,11,19,15,30,0.32200000,23.55000000,34.82000000,0.30745462
2001-11-19T15:40:00,1,11,19,15,40,0.27666667,23.56666667,33.25000000,0.26616717
2001-11-19T15:50:00,1,11,19,15,50,0.23133333,23.58333333,31.68000000,0.22422492
2001-11-19T16:00:00,1,11,19,16,0,0.18600000,23.60000000,30.11000000,0.18162788
2001-11-19T16:10:00,1,11,19,16,10,0.18833333,23.53333333,30.12500000,0.18389337
2001-11-19T16:20:00,1,11,19,16,20,0.19066667,23.46666667,30.14000000,0.18615854
2001-11-19T16:30:00,1,11,19,16,30,0.19300000,23.40000000,30.15500000,0.18842339
2001-11-19T16:40:00,1,11,19,16,40,0.19533333,23.33333333,30.17000000,0.19068792
2001-11-19T16:50:00,1,11,19,16,50,0.19766667,23.26666667,30.18500000,0.19295212
2001-11-19T17:00:00,1,11,19,17,0,0.20000000,23.20000000,30.20000000,0.19521600
2001-11-19T17:10:00,1,11,19,17,10,0.17000000,23.16666667,29.11666667,0.16678077
2001-11-19T17:20:00,1,11,19,17,20,0.14000000,23.13333333,28.03333333,0.13804653
2001-11-19T17:30:00,1,11,19,17,30,0.11000000,23.10000000,26.95000000,0.10901330
2001-11-19T17:40:00,1,11,19,17,40,0.08000000,23.06666667,25.86666667,0.07968107
2001-11-19T17:50:00,1,11,19,17,50,0.05000000,23.03333333,24.78333333,0.05004983
2001-11-19T18:00:00,1,11,19,18,0,0.02000000,23.00000000,23.70000000,0.02011960
2001-11-19T18:10:00,1,11,19,18,10,0.01666667,22.88333333,23.46666667,0.01678422
2001-11-19T18:20:00,1,11,19,18,20,0.01333333,22.76666667,23.23333333,0.01344169
2001-11-19T18:30:00,1,11,19,18,30,0.01000000,22.65000000,23.00000000,0.01009200
2001-11-19T18:40:00,1,11,19,18,40,0.00666667,22.53333333,22.76666667,0.00673516
2001-11-19T18:50:00,1,11,19,18,50,0.00333333,22.41666667,22.53333333,0.00337116
2001-11-19T19:00:00,1,11,19,19,0,0.00000000,22.30000000,22.30000000,0.00000000
2001-11-19T19:10:00,1,11,19,19,10,0.00000000,22.30000000,22.30000000,0.00000000
2001-11-19T19:20:00,1,11,19,19,20,0.00000000,22.30000000,22.30000000,0.00000000
2001-11-19T19:30:00,1,11,19,19,30,0.00000000,22.30000000,22.30000000,0.00000000
2001-11-19T19:40:00,1,11,19,19,40,0.00000000,22.30000000,22.30000000,0.00000000
2001-11-19T19:50:00,1,11,19,19,50,0.00000000,22.30000000,22.30000000,0.00000000
2001-11-19T20:00:00,1,11,19,20,0,0.00000000,22.30000000,22.30000000,0.00000000
2001-11-19T20:10:00,1,11,19,20,10,0.00000000,22.30000000,22.30000000,0.00000000
2001-11-19T20:20:00,1,11,19,20,20,0.00000000,22.30000000,22.30000000,0.00000000
2001-11-19T20:30:00,1,11,19,20,30,0.00000000,22.30000000,22.30000000,0.00000000
2001-11-19T20:40:00,1,11,19,20,40,0.00000000,22.30000000,22.30000000,0.00000000
2001-11-19T20:50:00,1,11,19,20,50,0.00000000,22.30000000,22.30000000,0.00000000
2001-11-19T21:00:00,1,11,19,21,0,0.00000000,22.30000000,22.30000000,0.00000000
2001-11-19T21:10:00,1,11,19,21,10,0.00000000,22.23333333,22.23333333,0.00000000
2001-11-19T21:20:00,1,11,19,21,20,0.00000000,22.16666667,22.16666667,0.00000000
2001-11-19T21:30:00,1,11,19,21,30,0.00000000,22.10000000,22.10000000,0.00000000
2001-11-19T21:40:00,1,11,19,21,40,0.00000000,22.03333333,22.03333333,0.00000000
2001-11-19T21:50:00,1,11,19,21,50,0.00000000,21.96666667,21.96666667,0.00000000
2001-11-19T22:00:00,1,11,19,22,0,0.00000000,21.90000000,21.90000000,0.00000000
2001-11-19T22:10:00,1,11,19,22,10,0.00000000,21.70000000,21.70000000,0.00000000
2001-11-19T22:20:00,1,11,19,22,20,0.00000000,21.50000000,21.50000000,0.00000000
2001-11-19T22:30:00,1,11,19,22,30,0.00000000,21.30000000,21.30000000,0.00000000
2001-11-19T22:40:00,1,11,19,22,40,0.00000000,21.10000000,21.10000000,0.00000000
2001-11-19T22:50:00,1,11,19,22,50,0.00000000,20.90000000,20.90000000,0.00000000
2001-11-19T23:00:00,1,11,19,23,0,0.00000000,20.70000000,20.70000000,0.00000000
2001-11-19T23:10:00,1,11,19,23,10,0.00000000,20.66666667,20.66666667,0.00000000
2001-11-19T23:20:00,1,11,19,23,20,0.00000000,20.63333333,20.63333333,0.00000000
2001-11-19T23:30:00,1,11,19,23,30,0.00000000,20.60000000,20.60000000,0.00000000
2001-11-19T23:40:00,1,11,19,23,40,0.00000000,20.56666667,20.56666667,0.00000000
2001-11-19T23:50:00,1,11,19,23,50,0.00000000,20.53333333,20.53333333,0.00000000
2001-11-20T00:00:00,1,11,20,0,0,0.00000000,20.50000000,20.50000000,0.00000000
2001-11-20T00:10:00,1,11,20,0,10,0.00000000,20.45000000,20.45000000,0.00000000
2001-11-20T00:20:00,1,11,20,0,20,0.00000000,20.40000000,20.40000000,0.00000000
2001-11-20T00:30:00,1,11,20,0,30,0.00000000,20.35000000,20.35000000,0.00000000
2001-11-20T00:40:00,1,11,20,0,40,0.00000000,20.30000000,20.30000000,0.00000000
2001-11-20T00:50:00,1,11,20,0,50,0.00000000,20.25000000,20.25000000,0.00000000
2001-11-20T01:00:00,1,11,20,1,0,0.00000000,20.20000000,20.20000000,0.00000000
2001-11-20T01:10:00,1,11,20,1,10,0.00000000,20.15000000,20.15000000,0.00000000
2001-11-20T01:20:00,1,11,20,1,20,0.00000000,20.10000000,20.10000000,0.00000000
2001-11-20T01:30:00,1,11,20,1,30,0.00000000,20.05000000,20.05000000,0.00000000
2001-11-20T01:40:00,1,11,20,1,40,0.00000000,20.00000000,20.00000000,0.00000000
2001-11-20T01:50:00,1,11,20,1,50,0.00000000,19.95000000,19.95000000,0.00000000
2001-11-20T02:00:00,1,11,20,2,0,0.00000000,19.90000000,19.90000000,0.00000000
2001-11-20T02:10:00,1,11,20,2,10,0.00000000,19.86666667,19.86666667,0.00000000
2001-11-20T02:20:00,1,11,20,2,20,0.00000000,19.83333333,19.83333333,0.00000000
2001-11-20T02:30:00,1,11,20,2,30,0.00000000,19.80000000,19.80000000,0.00000000
2001-11-20T02:40:00,1,11,20,2,40,0.00000000,19.76666667,19.76666667,0.00000000
2001-11-20T02:50:00,1,11,20,2,50,0.00000000,19.73333333,19.73333333,0.00000000
2001-11-20T03:00:00,1,11,20,3,0,0.00000000,19.70000000,19.70000000,0.00000000
2001-11-20T03:10:00,1,11,20,3,10,0.00000000,19.58333333,19.58333333,0.00000000
2001-11-20T03:20:00,1,11,20,3,20,0.00000000,19.46666667,19.46666667,0.00000000
2001-11-20T03:30:00,1,11,20,3,30,0.00000000,19.35000000,19.35000000,0.00000000
2001-11-20T03:40:00,1,11,20,3,40,0.00000000,19.23333333,19.23333333,0.00000000
2001-11-20T03:50:00,1,11,20,3,50,0.00000000,19.11666667,19.11666667,0.00000000
2001-11-20T04:00:00,1,11,20,4,0,0.00000000,19.00000000,19.00000000,0.00000000
2001-11-20T04:10:00,1,11,20,4,10,0.00350000,18.98333333,19.10583333,0.00359490
2001-11-20T04:20:00,1,11,20,4,20,0.00700000,18.96666667,19.21166667,0.00718638
2001-11-20T04:30:00,1,11,20,4,30,0.01050000,18.95000000,19.31750000,0.01077446
2001-11-20T04:40:00,1,11,20,4,40,0.01400000,18.93333333,19.42333333,0.01435914
2001-11-20T04:50:00,1,11,20,4,50,0.01750000,18.91666667,19.52916667,0.01794040
2001-11-20T05:00:00,1,11,20,5,0,0.02100000,18.90000000,19.63500000,0.02151826
2001-11-20T05:10:00,1,11,20,5,10,0.04400000,18.95000000,20.49000000,0.04491282
2001-11-20T05:20:00,1,11,20,5,20,0.06700000,19.00000000,21.34500000,0.06812647
2001-11-20T05:30:00,1,11,20,5,30,0.09000000,19.05000000,22.20000000,0.09115920
2001-11-20T05:40:00,1,11,20,5,40,0.11300000,19.10000000,23.05500000,0.11401101
2001-11-20T05:50:00,1,11,20,5,50,0.13600000,19.15000000,23.91000000,0.13668190
2001-11-20T06:00:00,1,11,20,6,0,0.15900000,19.20000000,24.76500000,0.15917188
2001-11-20T06:10:00,1,11,20,6,10,0.18650000,19.70000000,26.22750000,0.18544693
2001-11-20T06:20:00,1,11,20,6,20,0.21400000,20.20000000,27.69000000,0.21135196
2001-11-20T06:30:00,1,11,20,6,30,0.24150000,20.70000000,29.15250000,0.23688699
2001-11-20T06:40:00,1,11,20,6,40,0.26900000,21.20000000,30.61500000,0.26205200
2001-11-20T06:50:00,1,11,20,6,50,0.29650000,21.70000000,32.07750000,0.28684700
2001-11-20T07:00:00,1,11,20,7,0,0.32400000,22.20000000,33.54000000,0.31127198
2001-11-20T07:10:00,1,11,20,7,10,0.35533333,22.58333333,35.02000000,0.33895531
2001-11-20T07:20:00,1,11,20,7,20,0.38666667,22.96666667,36.50000000,0.36621200
2001-11-20T07:30:00,1,11,20,7,30,0.41800000,23.35000000,37.98000000,0.39304206
2001-11-20T07:40:00,1,11,20,7,40,0.44933333,23.73333333,39.46000000,0.41944548
2001-11-20T07:50:00,1,11,20,7,50,0.48066667,24.11666667,40.94000000,0.44542226
2001-11-20T08:00:00,1,11,20,8,0,0.51200000,24.50000000,42.42000000,0.47097242
2001-11-20T08:10:00,1,11,20,8,10,0.51466667,24.96666667,42.98000000,0.47209962
2001-11-20T08:20:00,1,11,20,8,20,0.51733333,25.43333333,43.54000000,0.47321308
2001-11-20T08:30:00,1,11,20,8,30,0.52000000,25.90000000,44.10000000,0.47431280
2001-11-20T08:40:00,1,11,20,8,40,0.52266667,26.36666667,44.66000000,0.47539878
2001-11-20T08:50:00,1,11,20,8,50,0.52533333,26.83333333,45.22000000,0.47647103
2001-11-20T09:00:00,1,11,20,9,0,0.52800000,27.30000000,45.78000000,0.47752954
2001-11-20T09:10:00,1,11,20,9,10,0.59200000,27.40000000,48.12000000,0.52903962
2001-11-20T09:20:00,1,11,20,9,20,0.65600000,27.50000000,50.46000000,0.57917190
2001-11-20T09:30:00,1,11,20,9,30,0.72000000,27.60000000,52.80000000,0.62792640
2001-11-20T09:40:00,1,11,20,9,40,0.78400000,27.70000000,55.14000000,0.67530310
2001-11-20T09:50:00,1,11,20,9,50,0.84800000,27.80000000,57.48000000,0.72130202
2001-11-20T10:00:00,1,11,20,10,0,0.91200000,27.90000000,59.82000000,0.76592314
2001-11-20T10:10:00,1,11,20,10,10,0.90316667,28.63333333,60.24416667,0.75674243
2001-11-20T10:20:00,1,11,20,10,20,0.89433333,29.36666667,60.66833333,0.74759619
2001-11-20T10:30:00,1,11,20,10,30,0.88550000,30.10000000,61.09250000,0.73848442
2001-11-20T10:40:00,1,11,20,10,40,0.87666667,30.83333333,61.51666667,0.72940712
2001-11-20T10:50:00,1,11,20,10,50,0.86783333,31.56666667,61.94083333,0.72036430
2001-11-20T11:00:00,1,11,20,11,0,0.85900000,32.30000000,62.36500000,0.71135594
2001-11-20T11:10:00,1,11,20,11,10,0.83683333,32.28333333,61.57250000,0.69604993
2001-11-20T11:20:00,1,11,20,11,20,0.81466667,32.26666667,60.78000000,0.68058231
2001-11-20T11:30:00,1,11,20,11,30,0.79250000,32.25000000,59.98750000,0.66495307
2001-11-20T11:40:00,1,11,20,11,40,0.77033333,32.23333333,59.19500000,0.64916221
2001-11-20T11:50:00,1,11,20,11,50,0.74816667,32.21666667,58.40250000,0.63320974
2001-11-20T12:00:00,1,11,20,12,0,0.72600000,32.20000000,57.61000000,0.61709564
2001-11-20T12:10:00,1,11,20,12,10,0.72283333,31.81666667,57.11583333,0.61604712
2001-11-20T12:20:00,1,11,20,12,20,0.71966667,31.43333333,56.62166667,0.61498419
2001-11-20T12:30:00,1,11,20,12,30,0.71650000,31.05000000,56.12750000,0.61390687
2001-11-20T12:40:00,1,11,20,12,40,0.71333333,30.66666667,55.63333333,0.61281516
2001-11-20T12:50:00,1,11,20,12,50,0.71016667,30.28333333,55.13916667,0.61170904
2001-11-20T13:00:00,1,11,20,13,0,0.70700000,29.90000000,54.64500000,0.61058853
2001-11-20T13:10:00,1,11,20,13,10,0.71850000,29.91666667,55.06416667,0.61913492
2001-11-20T13:20:00,1,11,20,13,20,0.73000000,29.93333333,55.48333333,0.62763697
2001-11-20T13:30:00,1,11,20,13,30,0.74150000,29.95000000,55.90250000,0.63609466
2001-11-20T13:40:00,1,11,20,13,40,0.75300000,29.96666667,56.32166667,0.64450801
2001-11-20T13:50:00,1,11,20,13,50,0.76450000,29.98333333,56.74083333,0.65287701
2001-11-20T14:00:00,1,11,20,14,0,0.77600000,30.00000000,57.16000000,0.66120166
2001-11-20T14:10:00,1,11,20,14,10,0.72566667,30.00000000,55.39833333,0.62419500
2001-11-20T14:20:00,1,11,20,14,20,0.67533333,30.00000000,53.63666667,0.58637257
2001-11-20T14:30:00,1,11,20,14,30,0.62500000,30.00000000,51.87500000,0.54773437
2001-11-20T14:40:00,1,11,20,14,40,0.57466667,30.00000000,50.11333333,0.50828041
2001-11-20T14:50:00,1,11,20,14,50,0.52433333,30.00000000,48.35166667,0.46801067
2001-11-20T15:00:00,1,11,20,15,0,0.47400000,30.00000000,46.59000000,0.42692516
2001-11-20T15:10:00,1,11,20,15,10,0.46033333,29.33333333,45.44500000,0.41704036
2001-11-20T15:20:00,1,11,20,15,20,0.44666667,28.66666667,44.30000000,0.40701160
2001-11-20T15:30:00,1,11,20,15,30,0.43300000,28.00000000,43.15500000,0.39683887
2001-11-20T15:40:00,1,11,20,15,40,0.41933333,27.33333333,42.01000000,0.38652218
2001-11-20T15:50:00,1,11,20,15,50,0.40566667,26.66666667,40.86500000,0.37606152
2001-11-20T16:00:00,1,11,20,16,0,0.39200000,26.00000000,39.72000000,0.36545690
2001-11-20T16:10:00,1,11,20,16,10,0.36250000,25.91666667,38.60416667,0.33981505
2001-11-20T16:20:00,1,11,20,16,20,0.33300000,25.83333333,37.48833333,0.31387037
2001-11-20T16:30:00,1,11,20,16,30,0.30350000,25.75000000,36.37250000,0.28762285
2001-11-20T16:40:00,1,11,20,16,40,0.27400000,25.66666667,35.25666667,0.26107250
2001-11-20T16:50:00,1,11,20,16,50,0.24450000,25.58333333,34.14083333,0.23421930
2001-11-20T17:00:00,1,11,20,17,0,0.21500000,25.50000000,33.02500000,0.20706327
2001-11-20T17:10:00,1,11,20,17,10,0.18350000,25.01666667,31.43916667,0.17806470
2001-11-20T17:20:00,1,11,20,17,20,0.15200000,24.53333333,29.85333333,0.14860655
2001-11-20T17:30:00,1,11,20,17,30,0.12050000,24.05000000,28.26750000,0.11868882
2001-11-20T17:40:00,1,11,20,17,40,0.08900000,23.56666667,26.68166667,0.08831153
2001-11-20T17:50:00,1,11,20,17,50,0.05750000,23.08333333,25.09583333,0.05747465
2001-11-20T18:00:00,1,11,20,18,0,0.02600000,22.60000000,23.51000000,0.02617820
2001-11-20T18:10:00,1,11,20,18,10,0.02166667,22.01666667,22.77500000,0.02188842
2001-11-20T18:20:00,1,11,20,18,20,0.01733333,21.43333333,22.04000000,0.01756934
2001-11-20T18:30:00,1,11,20,18,30,0.01300000,20.85000000,21.30500000,0.01322096
2001-11-20T18:40:00,1,11,20,18,40,0.00866667,20.26666667,20.57000000,0.00884328
2001-11-20T18:50:00,1,11,20,18,50,0.00433333,19.68333333,19.83500000,0.00443629
2001-11-20T19:00:00,1,11,20,19,0,0.00000000,19.10000000,19.10000000,0.00000000
2001-11-20T19:10:00,1,11,20,19,10,0.00000000,19.05000000,19.05000000,0.00000000
2001-11-20T19:20:00,1,11,20,19,20,0.00000000,19.00000000,19.00000000,0.00000000
2001-11-20T19:30:00,1,11,20,19,30,0.00000000,18.95000000,18.95000000,0.00000000
2001-11-20T19:40:00,1,11,20,19,40,0.00000000,18.90000000,18.90000000,0.00000000
2001-11-20T19:50:00,1,11,20,19,50,0.00000000,18.85000000,18.85000000,0.00000000
2001-11-20T20:00:00,1,11,20,20,0,0.00000000,18.80000000,18.80000000,0.00000000
2001-11-20T20:10:00,1,11,20,20,10,0.00000000,18.61666667,18.61666667,0.00000000
2001-11-20T20:20:00,1,11,20,20,20,0.00000000,18.43333333,18.43333333,0.00000000
2001-11-20T20:30:00,1,11,20,20,30,0.00000000,18.25000000,18.25000000,0.00000000
2001-11-20T20:40:00,1,11,20,20,40,0.00000000,18.06666667,18.06666667,0.00000000
2001-11-20T20:50:00,1,11,20,20,50,0.00000000,17.88333333,17.88333333,0.00000000
2001-11-20T21:00:00,1,11,20,21,0,0.00000000,17.70000000,17.70000000,0.00000000
2001-11-20T21:10:00,1,11,20,21,10,0.00000000,17.70000000,17.70000000,0.00000000
2001-11-20T21:20:00,1,11,20,21,20,0.00000000,17.70000000,17.70000000,0.00000000
2001-11-20T21:30:00,1,11,20,21,30,0.00000000,17.70000000,17.70000000,0.00000000
2001-11-20T21:40:00,1,11,20,21,40,0.00000000,17.70000000,17.70000000,0.00000000
2001-11-20T21:50:00,1,11,20,21,50,0.00000000,17.70000000,17.70000000,0.00000000
2001-11-20T22:00:00,1,11,20,22,0,0.00000000,17.70000000,17.70000000,0.00000000
2001-11-20T22:10:00,1,11,20,22,10,0.00000000,17.61666667,17.61666667,0.00000000
2001-11-20T22:20:00,1,11,20,22,20,0.00000000,17.53333333,17.53333333,0.00000000
2001-11-20T22:30:00,1,11,20,22,30,0.00000000,17.45000000,17.45000000,0.00000000
2001-11-20T22:40:00,1,11,20,22,40,0.00000000,17.36666667,17.36666667,0.00000000
2001-11-20T22:50:00,1,11,20,22,50,0.00000000,17.28333333,17.28333333,0.00000000
2001-11-20T23:00:00,1,11,20,23,0,0.00000000,17.20000000,17.20000000,0.00000000
2001-11-20T23:10:00,1,11,20,23,10,0.00000000,17.03333333,17.03333333,0.00000000
2001-11-20T23:20:00,1,11,20,23,20,0.00000000,16.86666667,16.86666667,0.00000000
2001-11-20T23:30:00,1,11,20,23,30,0.00000000,16.70000000,16.70000000,0.00000000
2001-11-20T23:40:00,1,11,20,23,40,0.00000000,16.53333333,16.53333333,0.00000000
2001-11-20T23:50:00,1,11,20,23,50,0.00000000,16.36666667,16.36666667,0.00000000
2001-11-21T00:00:00,1,11,21,0,0,0.00000000,16.20000000,16.20000000,0.00000000
2001-11-21T00:10:00,1,11,21,0,10,0.00000000,16.15000000,16.15000000,0.00000000
2001-11-21T00:20:00,1,11,21,0,20,0.00000000,16.10000000,16.10000000,0.00000000
2001-11-21T00:30:00,1,11,21,0,30,0.00000000,16.05000000,16.05000000,0.00000000
2001-11-21T00:40:00,1,11,21,0,40,0.00000000,16.00000000,16.00000000,0.00000000
2001-11-21T00:50:00,1,11,21,0,50,0.00000000,15.95000000,15.95000000,0.00000000
2001-11-21T01:00:00,1,11,21,1,0,0.00000000,15.90000000,15.90000000,0.00000000
2001-11-21T01:10:00,1,11,21,1,10,0.00000000,15.81666667,15.81666667,0.00000000
2001-11-21T01:20:00,1,11,21,1,20,0.00000000,15.73333333,15.73333333,0.00000000
2001-11-21T01:30:00,1,11,21,1,30,0.00000000,15.65000000,15.65000000,0.00000000
2001-11-21T01:40:00,1,11,21,1,40,0.00000000,15.56666667,15.56666667,0.00000000
2001-11-21T01:50:00,1,11,21,1,50,0.00000000,15.48333333,15.48333333,0.00000000
2001-11-21T02:00:00,1,11,21,2,0,0.00000000,15.40000000,15.40000000,0.00000000
2001-11-21T02:10:00,1,11,21,2,10,0.00000000,15.36666667,15.36666667,0.00000000
2001-11-21T02:20:00,1,11,21,2,20,0.00000000,15.33333333,15.33333333,0.00000000
2001-11-21T02:30:00,1,11,21,2,30,0.00000000,15.30000000,15.30000000,0.00000000
2001-11-21T02:40:00,1,11,21,2,40,0.00000000,15.26666667,15.26666667,0.00000000
2001-11-21T02:50:00,1,11,21,2,50,0.00000000,15.23333333,15.23333333,0.00000000
2001-11-21T03:00:00,1,11,21,3,0,0.00000000,15.20000000,15.20000000,0.00000000
2001-11-21T03:10:00,1,11,21,3,10,0.00000000,15.15000000,15.15000000,0.00000000
2001-11-21T03:20:00,1,11,21,3,20,0.00000000,15.10000000,15.10000000,0.00000000
2001-11-21T03:30:00,1,11,21,3,30,0.00000000,15.05000000,15.05000000,0.00000000
2001-11-21T03:40:00,1,11,21,3,40,0.00000000,15.00000000,15.00000000,0.00000000
2001-11-21T03:50:00,1,11,21,3,50,0.00000000,14.95000000,14.95000000,0.00000000
2001-11-21T04:00:00,1,11,21,4,0,0.00000000,14.90000000,14.90000000,0.00000000
2001-11-21T04:10:00,1,11,21,4,10,0.00383333,14.88333333,15.01750000,0.00400936
2001-11-21T04:20:00,1,11,21,4,20,0.00766667,14.86666667,15.13500000,0.00801457
2001-11-21T04:30:00,1,11,21,4,30,0.01150000,14.85000000,15.25250000,0.01201564
2001-11-21T04:40:00,1,11,21,4,40,0.01533333,14.83333333,15.37000000,0.01601257
2001-11-21T04:50:00,1,11,21,4,50,0.01916667,14.81666667,15.48750000,0.02000535
2001-11-21T05:00:00,1,11,21,5,0,0.02300000,14.80000000,15.60500000,0.02399399
2001-11-21T05:10:00,1,11,21,5,10,0.04166667,15.10000000,16.55833333,0.04328465
2001-11-21T05:20:00,1,11,21,5,20,0.06033333,15.40000000,17.51166667,0.06241160
2001-11-21T05:30:00,1,11,21,5,30,0.07900000,15.70000000,18.46500000,0.08137482
2001-11-21T05:40:00,1,11,21,5,40,0.09766667,16.00000000,19.41833333,0.10017432
2001-11-21T05:50:00,1,11,21,5,50,0.11633333,16.30000000,20.37166667,0.11881011
2001-11-21T06:00:00,1,11,21,6,0,0.13500000,16.60000000,21.32500000,0.13728218
2001-11-21T06:10:00,1,11,21,6,10,0.16300000,16.80000000,22.50500000,0.16487075
2001-11-21T06:20:00,1,11,21,6,20,0.19100000,17.00000000,23.68500000,0.19215536
2001-11-21T06:30:00,1,11,21,6,30,0.21900000,17.20000000,24.86500000,0.21913600
2001-11-21T06:40:00,1,11,21,6,40,0.24700000,17.40000000,26.04500000,0.24581267
2001-11-21T06:50:00,1,11,21,6,50,0.27500000,17.60000000,27.22500000,0.27218538
2001-11-21T07:00:00,1,11,21,7,0,0.30300000,17.80000000,28.40500000,0.29825411
2001-11-21T07:10:00,1,11,21,7,10,0.36666667,18.01666667,30.85000000,0.35679967
2001-11-21T07:20:00,1,11,21,7,20,0.43033333,18.23333333,33.29500000,0.41391310
2001-11-21T07:30:00,1,11,21,7,30,0.49400000,18.45000000,35.74000000,0.46959442
2001-11-21T07:40:00,1,11,21,7,40,0.55766667,18.66666667,38.18500000,0.52384363
2001-11-21T07:50:00,1,11,21,7,50,0.62133333,18.88333333,40.63000000,0.57666071
2001-11-21T08:00:00,1,11,21,8,0,0.68500000,19.10000000,43.07500000,0.62804568
2001-11-21T08:10:00,1,11,21,8,10,0.68133333,19.58333333,43.43000000,0.62357126
2001-11-21T08:20:00,1,11,21,8,20,0.67766667,20.06666667,43.78500000,0.61910881
2001-11-21T08:30:00,1,11,21,8,30,0.67400000,20.55000000,44.14000000,0.61465834
2001-11-21T08:40:00,1,11,21,8,40,0.67033333,21.03333333,44.49500000,0.61021985
2001-11-21T08:50:00,1,11,21,8,50,0.66666667,21.51666667,44.85000000,0.60579333
2001-11-21T09:00:00,1,11,21,9,0,0.66300000,22.00000000,45.20500000,0.60137879
2001-11-21T09:10:00,1,11,21,9,10,0.65000000,22.06666667,44.81666667,0.59074817
2001-11-21T09:20:00,1,11,21,9,20,0.63700000,22.13333333,44.42833333,0.58007110
2001-11-21T09:30:00,1,11,21,9,30,0.62400000,22.20000000,44.04000000,0.56934758
2001-11-21T09:40:00,1,11,21,9,40,0.61100000,22.26666667,43.65166667,0.55857763
2001-11-21T09:50:00,1,11,21,9,50,0.59800000,22.33333333,43.26333333,0.54776122
2001-11-21T10:00:00,1,11,21,10,0,0.58500000,22.40000000,42.87500000,0.53689837
2001-11-21T10:10:00,1,11,21,10,10,0.59433333,22.45000000,43.25166667,0.54443449
2001-11-21T10:20:00,1,11,21,10,20,0.60366667,22.50000000,43.62833333,0.55193827
2001-11-21T10:30:00,1,11,21,10,30,0.61300000,22.55000000,44.00500000,0.55940970
2001-11-21T10:40:00,1,11,21,10,40,0.62233333,22.60000000,44.38166667,0.56684879
2001-11-21T10:50:00,1,11,21,10,50,0.63166667,22.65000000,44.75833333,0.57425554
2001-11-21T11:00:00,1,11,21,11,0,0.64100000,22.70000000,45.13500000,0.58162994
2001-11-21T11:10:00,1,11,21,11,10,0.71616667,22.73333333,47.79916667,0.64105785
2001-11-21T11:20:00,1,11,21,11,20,0.79133333,22.76666667,50.46333333,0.69864340
2001-11-21T11:30:00,1,11,21,11,30,0.86650000,22.80000000,53.12750000,0.75438660
2001-11-21T11:40:00,1,11,21,11,40,0.94166667,22.83333333,55.79166667,0.80828743
2001-11-21T11:50:00,1,11,21,11,50,1.01683333,22.86666667,58.45583333,0.86034590
2001-11-21T12:00:00,1,11,21,12,0,1.09200000,22.90000000,61.12000000,0.91056202
2001-11-21T12:10:00,1,11,21,12,10,1.03366667,23.41666667,59.59500000,0.86917205
2001-11-21T12:20:00,1,11,21,12,20,0.97533333,23.93333333,58.07000000,0.82696368
2001-11-21T12:30:00,1,11,21,12,30,0.91700000,24.45000000,56.54500000,0.78393688
2001-11-21T12:40:00,1,11,21,12,40,0.85866667,24.96666667,55.02000000,0.74009167
2001-11-21T12:50:00,1,11,21,12,50,0.80033333,25.48333333,53.49500000,0.69542804
2001-11-21T13:00:00,1,11,21,13,0,0.74200000,26.00000000,51.97000000,0.64994600
2001-11-21T13:10:00,1,11,21,13,10,0.74716667,25.71666667,51.86750000,0.65482396
2001-11-21T13:20:00,1,11,21,13,20,0.75233333,25.43333333,51.76500000,0.65970681
2001-11-21T13:30:00,1,11,21,13,30,0.75750000,25.15000000,51.66250000,0.66459452
2001-11-21T13:40:00,1,11,21,13,40,0.76266667,24.86666667,51.56000000,0.66948710
2001-11-21T13:50:00,1,11,21,13,50,0.76783333,24.58333333,51.45750000,0.67438456
2001-11-21T14:00:00,1,11,21,14,0,0.77300000,24.30000000,51.35500000,0.67928689
2001-11-21T14:10:00,1,11,21,14,10,0.71666667,24.40000000,49.48333333,0.63595328
2001-11-21T14:20:00,1,11,21,14,20,0.66033333,24.50000000,47.61166667,0.59164964
2001-11-21T14:30:00,1,11,21,14,30,0.60400000,24.60000000,45.74000000,0.54637598
2001-11-21T14:40:00,1,11,21,14,40,0.54766667,24.70000000,43.86833333,0.50013230
2001-11-21T14:50:00,1,11,21,14,50,0.49133333,24.80000000,41.99666667,0.45291860
2001-11-21T15:00:00,1,11,21,15,0,0.43500000,24.90000000,40.12500000,0.40473488
2001-11-21T15:10:00,1,11,21,15,10,0.43533333,24.48333333,39.72000000,0.40585604
2001-11-21T15:20:00,1,11,21,15,20,0.43566667,24.06666667,39.31500000,0.40697845
2001-11-21T15:30:00,1,11,21,15,30,0.43600000,23.65000000,38.91000000,0.40810210
2001-11-21T15:40:00,1,11,21,15,40,0.43633333,23.23333333,38.50500000,0.40922700
2001-11-21T15:50:00,1,11,21,15,50,0.43666667,22.81666667,38.10000000,0.41035313
2001-11-21T16:00:00,1,11,21,16,0,0.43700000,22.40000000,37.69500000,0.41148051
2001-11-21T16:10:00,1,11,21,16,10,0.38533333,22.46666667,35.95333333,0.36591818
2001-11-21T16:20:00,1,11,21,16,20,0.33366667,22.53333333,34.21166667,0.31952799
2001-11-21T16:30:00,1,11,21,16,30,0.28200000,22.60000000,32.47000000,0.27230992
2001-11-21T16:40:00,1,11,21,16,40,0.23033333,22.66666667,30.72833333,0.22426397
2001-11-21T16:50:00,1,11,21,16,50,0.17866667,22.73333333,28.98666667,0.17539016
2001-11-21T17:00:00,1,11,21,17,0,0.12700000,22.80000000,27.24500000,0.12568847
2001-11-21T17:10:00,1,11,21,17,10,0.11016667,22.50000000,26.35583333,0.10947958
2001-11-21T17:20:00,1,11,21,17,20,0.09333333,22.20000000,25.46666667,0.09313298
2001-11-21T17:30:00,1,11,21,17,30,0.07650000,21.90000000,24.57750000,0.07664868
2001-11-21T17:40:00,1,11,21,17,40,0.05966667,21.60000000,23.68833333,0.06002668
2001-11-21T17:50:00,1,11,21,17,50,0.04283333,21.30000000,22.79916667,0.04326697
2001-11-21T18:00:00,1,11,21,18,0,0.02600000,21.00000000,21.91000000,0.02636956
2001-11-21T18:10:00,1,11,21,18,10,0.02166667,20.90000000,21.65833333,0.02199972
2001-11-21T18:20:00,1,11,21,18,20,0.01733333,20.80000000,21.40666667,0.01761984
2001-11-21T18:30:00,1,11,21,18,30,0.01300000,20.70000000,21.15500000,0.01322993
2001-11-21T18:40:00,1,11,21,18,40,0.00866667,20.60000000,20.90333333,0.00882999
2001-11-21T18:50:00,1,11,21,18,50,0.00433333,20.50000000,20.65166667,0.00442001
2001-11-21T19:00:00,1,11,21,19,0,0.00000000,20.40000000,20.40000000,0.00000000
2001-11-21T19:10:00,1,11,21,19,10,0.00000000,20.28333333,20.28333333,0.00000000
2001-11-21T19:20:00,1,11,21,19,20,0.00000000,20.16666667,20.16666667,0.00000000
2001-11-21T19:30:00,1,11,21,19,30,0.00000000,20.05000000,20.05000000,0.00000000
2001-11-21T19:40:00,1,11,21,19,40,0.00000000,19.93333333,19.93333333,0.00000000
2001-11-21T19:50:00,1,11,21,19,50,0.00000000,19.81666667,19.81666667,0.00000000
2001-11-21T20:00:00,1,11,21,20,0,0.00000000,19.70000000,19.70000000,0.00000000
2001-11-21T20:10:00,1,11,21,20,10,0.00000000,19.60000000,19.60000000,0.00000000
2001-11-21T20:20:00,1,11,21,20,20,0.00000000,19.50000000,19.50000000,0.00000000
2001-11-21T20:30:00,1,11,21,20,30,0.00000000,19.40000000,19.40000000,0.00000000
2001-11-21T20:40:00,1,11,21,20,40,0.00000000,19.30000000,19.30000000,0.00000000
2001-11-21T20:50:00,1,11,21,20,50,0.00000000,19.20000000,19.20000000,0.00000000
2001-11-21T21:00:00,1,11,21,21,0,0.00000000,19.10000000,19.10000000,0.00000000
2001-11-21T21:10:00,1,11,21,21,10,0.00000000,19.05000000,19.05000000,0.00000000
2001-11-21T21:20:00,1,11,21,21,20,0.00000000,19.00000000,19.00000000,0.00000000
2001-11-21T21:30:00,1,11,21,21,30,0.00000000,18.95000000,18.95000000,0.00000000
2001-11-21T21:40:00,1,11,21,21,40,0.00000000,18.90000000,18.90000000,0.00000000
2001-11-21T21:50:00,1,11,21,21,50,0.00000000,18.85000000,18.85000000,0.00000000
2001-11-21T22:00:00,1,11,21,22,0,0.00000000,18.80000000,18.80000000,0.00000000
2001-11-21T22:10:00,1,11,21,22,10,0.00000000,18.63333333,18.63333333,0.00000000
2001-11-21T22:20:00,1,11,21,22,20,0.00000000,18.46666667,18.46666667,0.00000000
2001-11-21T22:30:00,1,11,21,22,30,0.00000000,18.30000000,18.30000000,0.00000000
2001-11-21T22:40:00,1,11,21,22,40,0.00000000,18.13333333,18.13333333,0.00000000
2001-11-21T22:50:00,1,11,21,22,50,0.00000000,17.96666667,17.96666667,0.00000000
2001-11-21T23:00:00,1,11,21,23,0,0.00000000,17.80000000,17.80000000,0.00000000
2001-11-21T23:10:00,1,11,21,23,10,0.00000000,17.88333333,17.88333333,0.00000000
2001-11-21T23:20:00,1,11,21,23,20,0.00000000,17.96666667,17.96666667,0.00000000
2001-11-21T23:30:00,1,11,21,23,30,0.00000000,18.05000000,18.05000000,0.00000000
2001-11-21T23:40:00,1,11,21,23,40,0.00000000,18.13333333,18.13333333,0.00000000
2001-11-21T23:50:00,1,11,21,23,50,0.00000000,18.21666667,18.21666667,0.00000000
2001-11-22T00:00:00,1,11,22,0,0,0.00000000,18.30000000,18.30000000,0.00000000
2001-11-22T00:10:00,1,11,22,0,10,0.00000000,18.18333333,18.18333333,0.00000000
2001-11-22T00:20:00,1,11,22,0,20,0.00000000,18.06666667,18.06666667,0.00000000
2001-11-22T00:30:00,1,11,22,0,30,0.00000000,17.95000000,17.95000000,0.00000000
2001-11-22T00:40:00,1,11,22,0,40,0.00000000,17.83333333,17.83333333,0.00000000
2001-11-22T00:50:00,1,11,22,0,50,0.00000000,17.71666667,17.71666667,0.00000000
2001-11-22T01:00:00,1,11,22,1,0,0.00000000,17.60000000,17.60000000,0.00000000
2001-11-22T01:10:00,1,11,22,1,10,0.00000000,17.58333333,17.58333333,0.00000000
2001-11-22T01:20:00,1,11,22,1,20,0.00000000,17.56666667,17.56666667,0.00000000
2001-11-22T01:30:00,1,11,22,1,30,0.00000000,17.55000000,17.55000000,0.00000000
2001-11-22T01:40:00,1,11,22,1,40,0.00000000,17.53333333,17.53333333,0.00000000
2001-11-22T01:50:00,1,11,22,1,50,0.00000000,17.51666667,17.51666667,0.00000000
2001-11-22T02:00:00,1,11,22,2,0,0.00000000,17.50000000,17.50000000,0.00000000
2001-11-22T02:10:00,1,11,22,2,10,0.00000000,17.53333333,17.53333333,0.00000000
2001-11-22T02:20:00,1,11,22,2,20,0.00000000,17.56666667,17.56666667,0.00000000
2001-11-22T02:30:00,1,11,22,2,30,0.00000000,17.60000000,17.60000000,0.00000000
2001-11-22T02:40:00,1,11,22,2,40,0.00000000,17.63333333,17.63333333,0.00000000
2001-11-22T02:50:00,1,11,22,2,50,0.00000000,17.66666667,17.66666667,0.00000000
2001-11-22T03:00:00,1,11,22,3,0,0.00000000,17.70000000,17.70000000,0.00000000
2001-11-22T03:10:00,1,11,22,3,10,0.00000000,17.65000000,17.65000000,0.00000000
2001-11-22T03:20:00,1,11,22,3,20,0.00000000,17.60000000,17.60000000,0.00000000
2001-11-22T03:30:00,1,11,22,3,30,0.00000000,17.55000000,17.55000000,0.00000000
2001-11-22T03:40:00,1,11,22,3,40,0.00000000,17.50000000,17.50000000,0.00000000
2001-11-22T03:50:00,1,11,22,3,50,0.00000000,17.45000000,17.45000000,0.00000000
2001-11-22T04:00:00,1,11,22,4,0,0.00000000,17.40000000,17.40000000,0.00000000
2001-11-22T04:10:00,1,11,22,4,10,0.00250000,17.25000000,17.33750000,0.00258812
2001-11-22T04:20:00,1,11,22,4,20,0.00500000,17.10000000,17.27500000,0.00517768
2001-11-22T04:30:00,1,11,22,4,30,0.00750000,16.95000000,17.21250000,0.00776867
2001-11-22T04:40:00,1,11,22,4,40,0.01000000,16.80000000,17.15000000,0.01036110
2001-11-22T04:50:00,1,11,22,4,50,0.01250000,16.65000000,17.08750000,0.01295497
2001-11-22T05:00:00,1,11,22,5,0,0.01500000,16.50000000,17.02500000,0.01555028
2001-11-22T05:10:00,1,11,22,5,10,0.04183333,16.73333333,18.19750000,0.04314236
2001-11-22T05:20:00,1,11,22,5,20,0.06866667,16.96666667,19.37000000,0.07044500
2001-11-22T05:30:00,1,11,22,5,30,0.09550000,17.20000000,20.54250000,0.09745818
2001-11-22T05:40:00,1,11,22,5,40,0.12233333,17.43333333,21.71500000,0.12418191
2001-11-22T05:50:00,1,11,22,5,50,0.14916667,17.66666667,22.88750000,0.15061619
2001-11-22T06:00:00,1,11,22,6,0,0.17600000,17.90000000,24.06000000,0.17676102
2001-11-22T06:10:00,1,11,22,6,10,0.20800000,18.18333333,25.46333333,0.20755668
2001-11-22T06:20:00,1,11,22,6,20,0.24000000,18.46666667,26.86666667,0.23793920
2001-11-22T06:30:00,1,11,22,6,30,0.27200000,18.75000000,28.27000000,0.26790858
2001-11-22T06:40:00,1,11,22,6,40,0.30400000,19.03333333,29.67333333,0.29746481
2001-11-22T06:50:00,1,11,22,6,50,0.33600000,19.31666667,31.07666667,0.32660790
2001-11-22T07:00:00,1,11,22,7,0,0.36800000,19.60000000,32.48000000,0.35533786
2001-11-22T07:10:00,1,11,22,7,10,0.36416667,20.01666667,32.76250000,0.35116319
2001-11-22T07:20:00,1,11,22,7,20,0.36033333,20.43333333,33.04500000,0.34699848
2001-11-22T07:30:00,1,11,22,7,30,0.35650000,20.85000000,33.32750000,0.34284373
2001-11-22T07:40:00,1,11,22,7,40,0.35266667,21.26666667,33.61000000,0.33869895
2001-11-22T07:50:00,1,11,22,7,50,0.34883333,21.68333333,33.89250000,0.33456413
2001-11-22T08:00:00,1,11,22,8,0,0.34500000,22.10000000,34.17500000,0.33043927
2001-11-22T08:10:00,1,11,22,8,10,0.33916667,22.13333333,34.00416667,0.32511867
2001-11-22T08:20:00,1,11,22,8,20,0.33333333,22.16666667,33.83333333,0.31978889
2001-11-22T08:30:00,1,11,22,8,30,0.32750000,22.20000000,33.66250000,0.31444994
2001-11-22T08:40:00,1,11,22,8,40,0.32166667,22.23333333,33.49166667,0.30910183
2001-11-22T08:50:00,1,11,22,8,50,0.31583333,22.26666667,33.32083333,0.30374455
2001-11-22T09:00:00,1,11,22,9,0,0.31000000,22.30000000,33.15000000,0.29837810
2001-11-22T09:10:00,1,11,22,9,10,0.35516667,22.38333333,34.81416667,0.33913261
2001-11-22T09:20:00,1,11,22,9,20,0.40033333,22.46666667,36.47833333,0.37919560
2001-11-22T09:30:00,1,11,22,9,30,0.44550000,22.55000000,38.14250000,0.41856707
2001-11-22T09:40:00,1,11,22,9,40,0.49066667,22.63333333,39.80666667,0.45724703
2001-11-22T09:50:00,1,11,22,9,50,0.53583333,22.71666667,41.47083333,0.49523547
2001-11-22T10:00:00,1,11,22,10,0,0.58100000,22.80000000,43.13500000,0.53253240
2001-11-22T10:10:00,1,11,22,10,10,0.63833333,23.20000000,45.54166667,0.57801615
2001-11-22T10:20:00,1,11,22,10,20,0.69566667,23.60000000,47.94833333,0.62223047
2001-11-22T10:30:00,1,11,22,10,30,0.75300000,24.00000000,50.35500000,0.66517535
2001-11-22T10:40:00,1,11,22,10,40,0.81033333,24.40000000,52.76166667,0.70685080
2001-11-22T10:50:00,1,11,22,10,50,0.86766667,24.80000000,55.16833333,0.74725680
2001-11-22T11:00:00,1,11,22,11,0,0.92500000,25.20000000,57.57500000,0.78639338
2001-11-22T11:10:00,1,11,22,11,10,0.90166667,25.86666667,57.42500000,0.76717858
2001-11-22T11:20:00,1,11,22,11,20,0.87833333,26.53333333,57.27500000,0.74793158
2001-11-22T11:30:00,1,11,22,11,30,0.85500000,27.20000000,57.12500000,0.72865238
2001-11-22T11:40:00,1,11,22,11,40,0.83166667,27.86666667,56.97500000,0.70934097
2001-11-22T11:50:00,1,11,22,11,50,0.80833333,28.53333333,56.82500000,0.68999738
2001-11-22T12:00:00,1,11,22,12,0,0.78500000,29.20000000,56.67500000,0.67062158
2001-11-22T12:10:00,1,11,22,12,10,0.75516667,29.03333333,55.46416667,0.64934126
2001-11-22T12:20:00,1,11,22,12,20,0.72533333,28.86666667,54.25333333,0.62772861
2001-11-22T12:30:00,1,11,22,12,30,0.69550000,28.70000000,53.04250000,0.60578363
2001-11-22T12:40:00,1,11,22,12,40,0.66566667,28.53333333,51.83166667,0.58350631
2001-11-22T12:50:00,1,11,22,12,50,0.63583333,28.36666667,50.62083333,0.56089667
2001-11-22T13:00:00,1,11,22,13,0,0.60600000,28.20000000,49.41000000,0.53795468
2001-11-22T13:10:00,1,11,22,13,10,0.55416667,27.88333333,47.27916667,0.49737336
2001-11-22T13:20:00,1,11,22,13,20,0.50233333,27.56666667,45.14833333,0.45577591
2001-11-22T13:30:00,1,11,22,13,30,0.45050000,27.25000000,43.01750000,0.41316233
2001-11-22T13:40:00,1,11,22,13,40,0.39866667,26.93333333,40.88666667,0.36953264
2001-11-22T13:50:00,1,11,22,13,50,0.34683333,26.61666667,38.75583333,0.32488682
2001-11-22T14:00:00,1,11,22,14,0,0.29500000,26.30000000,36.62500000,0.27922487
2001-11-22T14:10:00,1,11,22,14,10,0.27233333,25.78333333,35.31500000,0.25941139
2001-11-22T14:20:00,1,11,22,14,20,0.24966667,25.26666667,34.00500000,0.23932472
2001-11-22T14:30:00,1,11,22,14,30,0.22700000,24.75000000,32.69500000,0.21896488
2001-11-22T14:40:00,1,11,22,14,40,0.20433333,24.23333333,31.38500000,0.19833186
2001-11-22T14:50:00,1,11,22,14,50,0.18166667,23.71666667,30.07500000,0.17742566
2001-11-22T15:00:00,1,11,22,15,0,0.15900000,23.20000000,28.76500000,0.15624628
2001-11-22T15:10:00,1,11,22,15,10,0.16400000,22.91666667,28.65666667,0.16124141
2001-11-22T15:20:00,1,11,22,15,20,0.16900000,22.63333333,28.54833333,0.16624153
2001-11-22T15:30:00,1,11,22,15,30,0.17400000,22.35000000,28.44000000,0.17124662
2001-11-22T15:40:00,1,11,22,15,40,0.17900000,22.06666667,28.33166667,0.17625671
2001-11-22T15:50:00,1,11,22,15,50,0.18400000,21.78333333,28.22333333,0.18127177
2001-11-22T16:00:00,1,11,22,16,0,0.18900000,21.50000000,28.11500000,0.18629182
2001-11-22T16:10:00,1,11,22,16,10,0.16233333,21.41666667,27.09833333,0.16076644
2001-11-22T16:20:00,1,11,22,16,20,0.13566667,21.33333333,26.08166667,0.13499163
2001-11-22T16:30:00,1,11,22,16,30,0.10900000,21.25000000,25.06500000,0.10896741
2001-11-22T16:40:00,1,11,22,16,40,0.08233333,21.16666667,24.04833333,0.08269376
2001-11-22T16:50:00,1,11,22,16,50,0.05566667,21.08333333,23.03166667,0.05617069
2001-11-22T17:00:00,1,11,22,17,0,0.02900000,21.00000000,22.01500000,0.02939820
2001-11-22T17:10:00,1,11,22,17,10,0.02700000,20.73333333,21.67833333,0.02741255
2001-11-22T17:20:00,1,11,22,17,20,0.02500000,20.46666667,21.34166667,0.02542071
2001-11-22T17:30:00,1,11,22,17,30,0.02300000,20.20000000,21.00500000,0.02342267
2001-11-22T17:40:00,1,11,22,17,40,0.02100000,19.93333333,20.66833333,0.02141844
2001-11-22T17:50:00,1,11,22,17,50,0.01900000,19.66666667,20.33166667,0.01940801
2001-11-22T18:00:00,1,11,22,18,0,0.01700000,19.40000000,19.99500000,0.01739139
2001-11-22T18:10:00,1,11,22,18,10,0.01416667,19.31666667,19.81250000,0.01450472
2001-11-22T18:20:00,1,11,22,18,20,0.01133333,19.23333333,19.63000000,0.01161329
2001-11-22T18:30:00,1,11,22,18,30,0.00850000,19.15000000,19.44750000,0.00871710
2001-11-22T18:40:00,1,11,22,18,40,0.00566667,19.06666667,19.26500000,0.00581616
2001-11-22T18:50:00,1,11,22,18,50,0.00283333,18.98333333,19.08250000,0.00291046
2001-11-22T19:00:00,1,11,22,19,0,0.00000000,18.90000000,18.90000000,0.00000000
2001-11-22T19:10:00,1,11,22,19,10,0.00000000,18.85000000,18.85000000,0.00000000
2001-11-22T19:20:00,1,11,22,19,20,0.00000000,18.80000000,18.80000000,0.00000000
2001-11-22T19:30:00,1,11,22,19,30,0.00000000,18.75000000,18.75000000,0.00000000
2001-11-22T19:40:00,1,11,22,19,40,0.00000000,18.70000000,18.70000000,0.00000000
2001-11-22T19:50:00,1,11,22,19,50,0.00000000,18.65000000,18.65000000,0.00000000
2001-11-22T20:00:00,1,11,22,20,0,0.00000000,18.60000000,18.60000000,0.00000000
2001-11-22T20:10:00,1,11,22,20,10,0.00000000,18.46666667,18.46666667,0.00000000
2001-11-22T20:20:00,1,11,22,20,20,0.00000000,18.33333333,18.33333333,0.00000000
2001-11-22T20:30:00,1,11,22,20,30,0.00000000,18.20000000,18.20000000,0.00000000
2001-11-22T20:40:00,1,11,22,20,40,0.00000000,18.06666667,18.06666667,0.00000000
2001-11-22T20:50:00,1,11,22,20,50,0.00000000,17.93333333,17.93333333,0.00000000
2001-11-22T21:00:00,1,11,22,21,0,0.00000000,17.80000000,17.80000000,0.00000000
2001-11-22T21:10:00,1,11,22,21,10,0.00000000,17.76666667,17.76666667,0.00000000
2001-11-22T21:20:00,1,11,22,21,20,0.00000000,17.73333333,17.73333333,0.00000000
2001-11-22T21:30:00,1,11,22,21,30,0.00000000,17.70000000,17.70000000,0.00000000
2001-11-22T21:40:00,1,11,22,21,40,0.00000000,17.66666667,17.66666667,0.00000000
2001-11-22T21:50:00,1,11,22,21,50,0.00000000,17.63333333,17.63333333,0.00000000
2001-11-22T22:00:00,1,11,22,22,0,0.00000000,17.60000000,17.60000000,0.00000000
2001-11-22T22:10:00,1,11,22,22,10,0.00000000,17.48333333,17.48333333,0.00000000
2001-11-22T22:20:00,1,11,22,22,20,0.00000000,17.36666667,17.36666667,0.00000000
2001-11-22T22:30:00,1,11,22,22,30,0.00000000,17.25000000,17.25000000,0.00000000
2001-11-22T22:40:00,1,11,22,22,40,0.00000000,17.13333333,17.13333333,0.00000000
2001-11-22T22:50:00,1,11,22,22,50,0.00000000,17.01666667,17.01666667,0.00000000
2001-11-22T23:00:00,1,11,22,23,0,0.00000000,16.90000000,16.90000000,0.00000000
2001-11-22T23:10:00,1,11,22,23,10,0.00000000,16.78333333,16.78333333,0.00000000
2001-11-22T23:20:00,1,11,22,23,20,0.00000000,16.66666667,16.66666667,0.00000000
2001-11-22T23:30:00,1,11,22,23,30,0.00000000,16.55000000,16.55000000,0.00000000
2001-11-22T23:40:00,1,11,22,23,40,0.00000000,16.43333333,16.43333333,0.00000000
2001-11-22T23:50:00,1,11,22,23,50,0.00000000,16.31666667,16.31666667,0.00000000
2001-11-23T00:00:00,1,11,23,0,0,0.00000000,16.20000000,16.20000000,0.00000000
2001-11-23T00:10:00,1,11,23,0,10,0.00000000,16.15000000,16.15000000,0.00000000
2001-11-23T00:20:00,1,11,23,0,20,0.00000000,16.10000000,16.10000000,0.00000000
2001-11-23T00:30:00,1,11,23,0,30,0.00000000,16.05000000,16.05000000,0.00000000
2001-11-23T00:40:00,1,11,23,0,40,0.00000000,16.00000000,16.00000000,0.00000000
2001-11-23T00:50:00,1,11,23,0,50,0.00000000,15.95000000,15.95000000,0.00000000
2001-11-23T01:00:00,1,11,23,1,0,0.00000000,15.90000000,15.90000000,0.00000000
2001-11-23T01:10:00,1,11,23,1,10,0.00000000,15.78333333,15.78333333,0.00000000
2001-11-23T01:20:00,1,11,23,1,20,0.00000000,15.66666667,15.66666667,0.00000000
2001-11-23T01:30:00,1,11,23,1,30,0.00000000,15.55000000,15.55000000,0.00000000
2001-11-23T01:40:00,1,11,23,1,40,0.00000000,15.43333333,15.43333333,0.00000000
2001-11-23T01:50:00,1,11,23,1,50,0.00000000,15.31666667,15.31666667,0.00000000
2001-11-23T02:00:00,1,11,23,2,0,0.00000000,15.20000000,15.20000000,0.00000000
2001-11-23T02:10:00,1,11,23,2,10,0.00000000,15.13333333,15.13333333,0.00000000
2001-11-23T02:20:00,1,11,23,2,20,0.00000000,15.06666667,15.06666667,0.00000000
2001-11-23T02:30:00,1,11,23,2,30,0.00000000,15.00000000,15.00000000,0.00000000
2001-11-23T02:40:00,1,11,23,2,40,0.00000000,14.93333333,14.93333333,0.00000000
2001-11-23T02:50:00,1,11,23,2,50,0.00000000,14.86666667,14.86666667,0.00000000
2001-11-23T03:00:00,1,11,23,3,0,0.00000000,14.80000000,14.80000000,0.00000000
2001-11-23T03:10:00,1,11,23,3,10,0.00000000,14.86666667,14.86666667,0.00000000
2001-11-23T03:20:00,1,11,23,3,20,0.00000000,14.93333333,14.93333333,0.00000000
2001-11-23T03:30:00,1,11,23,3,30,0.00000000,15.00000000,15.00000000,0.00000000
2001-11-23T03:40:00,1,11,23,3,40,0.00000000,15.06666667,15.06666667,0.00000000
2001-11-23T03:50:00,1,11,23,3,50,0.00000000,15.13333333,15.13333333,0.00000000
2001-11-23T04:00:00,1,11,23,4,0,0.00000000,15.20000000,15.20000000,0.00000000
2001-11-23T04:10:00,1,11,23,4,10,0.00433333,15.15000000,15.30166667,0.00452665
2001-11-23T04:20:00,1,11,23,4,20,0.00866667,15.10000000,15.40333333,0.00904925
2001-11-23T04:30:00,1,11,23,4,30,0.01300000,15.05000000,15.50500000,0.01356780
2001-11-23T04:40:00,1,11,23,4,40,0.01733333,15.00000000,15.60666667,0.01808230
2001-11-23T04:50:00,1,11,23,4,50,0.02166667,14.95000000,15.70833333,0.02259274
2001-11-23T05:00:00,1,11,23,5,0,0.02600000,14.90000000,15.81000000,0.02709912
2001-11-23T05:10:00,1,11,23,5,10,0.04716667,15.06666667,16.71750000,0.04896369
2001-11-23T05:20:00,1,11,23,5,20,0.06833333,15.23333333,17.62500000,0.07065154
2001-11-23T05:30:00,1,11,23,5,30,0.08950000,15.40000000,18.53250000,0.09216267
2001-11-23T05:40:00,1,11,23,5,40,0.11066667,15.56666667,19.44000000,0.11349708
2001-11-23T05:50:00,1,11,23,5,50,0.13183333,15.73333333,20.34750000,0.13465476
2001-11-23T06:00:00,1,11,23,6,0,0.15300000,15.90000000,21.25500000,0.15563573
2001-11-23T06:10:00,1,11,23,6,10,0.18416667,16.16666667,22.61250000,0.18618928
2001-11-23T06:20:00,1,11,23,6,20,0.21533333,16.43333333,23.97000000,0.21635358
2001-11-23T06:30:00,1,11,23,6,30,0.24650000,16.70000000,25.32750000,0.24612865
2001-11-23T06:40:00,1,11,23,6,40,0.27766667,16.96666667,26.68500000,0.27551447
2001-11-23T06:50:00,1,11,23,6,50,0.30883333,17.23333333,28.04250000,0.30451106
2001-11-23T07:00:00,1,11,23,7,0,0.34000000,17.50000000,29.40000000,0.33311840
2001-11-23T07:10:00,1,11,23,7,10,0.39600000,17.73333333,31.59333333,0.38398958
2001-11-23T07:20:00,1,11,23,7,20,0.45200000,17.96666667,33.78666667,0.43373076
2001-11-23T07:30:00,1,11,23,7,30,0.50800000,18.20000000,35.98000000,0.48234194
2001-11-23T07:40:00,1,11,23,7,40,0.56400000,18.43333333,38.17333333,0.52982310
2001-11-23T07:50:00,1,11,23,7,50,0.62000000,18.66666667,40.36666667,0.57617427
2001-11-23T08:00:00,1,11,23,8,0,0.67600000,18.90000000,42.56000000,0.62139542
2001-11-23T08:10:00,1,11,23,8,10,0.70866667,19.28333333,44.08666667,0.64644668
2001-11-23T08:20:00,1,11,23,8,20,0.74133333,19.66666667,45.61333333,0.67103912
2001-11-23T08:30:00,1,11,23,8,30,0.77400000,20.05000000,47.14000000,0.69517274
2001-11-23T08:40:00,1,11,23,8,40,0.80666667,20.43333333,48.66666667,0.71884756
2001-11-23T08:50:00,1,11,23,8,50,0.83933333,20.81666667,50.19333333,0.74206355
2001-11-23T09:00:00,1,11,23,9,0,0.87200000,21.20000000,51.72000000,0.76482074
2001-11-23T09:10:00,1,11,23,9,10,0.86516667,21.58333333,51.86416667,0.75825355
2001-11-23T09:20:00,1,11,23,9,20,0.85833333,21.96666667,52.00833333,0.75169543
2001-11-23T09:30:00,1,11,23,9,30,0.85150000,22.35000000,52.15250000,0.74514637
2001-11-23T09:40:00,1,11,23,9,40,0.84466667,22.73333333,52.29666667,0.73860638
2001-11-23T09:50:00,1,11,23,9,50,0.83783333,23.11666667,52.44083333,0.73207545
2001-11-23T10:00:00,1,11,23,10,0,0.83100000,23.50000000,52.58500000,0.72555358
2001-11-23T10:10:00,1,11,23,10,10,0.85933333,23.51666667,53.59333333,0.74630579
2001-11-23T10:20:00,1,11,23,10,20,0.88766667,23.53333333,54.60166667,0.76679517
2001-11-23T10:30:00,1,11,23,10,30,0.91600000,23.55000000,55.61000000,0.78702170
2001-11-23T10:40:00,1,11,23,10,40,0.94433333,23.56666667,56.61833333,0.80698540
2001-11-23T10:50:00,1,11,23,10,50,0.97266667,23.58333333,57.62666667,0.82668626
2001-11-23T11:00:00,1,11,23,11,0,1.00100000,23.60000000,58.63500000,0.84612428
2001-11-23T11:10:00,1,11,23,11,10,1.00716667,23.75000000,59.00083333,0.84964194
2001-11-23T11:20:00,1,11,23,11,20,1.01333333,23.90000000,59.36666667,0.85313884
2001-11-23T11:30:00,1,11,23,11,30,1.01950000,24.05000000,59.73250000,0.85661499
2001-11-23T11:40:00,1,11,23,11,40,1.02566667,24.20000000,60.09833333,0.86007039
2001-11-23T11:50:00,1,11,23,11,50,1.03183333,24.35000000,60.46416667,0.86350503
2001-11-23T12:00:00,1,11,23,12,0,1.03800000,24.50000000,60.83000000,0.86691892
2001-11-23T12:10:00,1,11,23,12,10,1.00416667,24.55000000,59.69583333,0.84390083
2001-11-23T12:20:00,1,11,23,12,20,0.97033333,24.60000000,58.56166667,0.82052972
2001-11-23T12:30:00,1,11,23,12,30,0.93650000,24.65000000,57.42750000,0.79680557
2001-11-23T12:40:00,1,11,23,12,40,0.90266667,24.70000000,56.29333333,0.77272840
2001-11-23T12:50:00,1,11,23,12,50,0.86883333,24.75000000,55.15916667,0.74829820
2001-11-23T13:00:00,1,11,23,13,0,0.83500000,24.80000000,54.02500000,0.72351497
2001-11-23T13:10:00,1,11,23,13,10,0.82133333,24.76666667,53.51333333,0.71360616
2001-11-23T13:20:00,1,11,23,13,20,0.80766667,24.73333333,53.00166667,0.70363301
2001-11-23T13:30:00,1,11,23,13,30,0.79400000,24.70000000,52.49000000,0.69359552
2001-11-23T13:40:00,1,11,23,13,40,0.78033333,24.66666667,51.97833333,0.68349371
2001-11-23T13:50:00,1,11,23,13,50,0.76666667,24.63333333,51.46666667,0.67332756
2001-11-23T14:00:00,1,11,23,14,0,0.75300000,24.60000000,50.95500000,0.66309707
2001-11-23T14:10:00,1,11,23,14,10,0.74216667,24.43333333,50.40916667,0.65542062
2001-11-23T14:20:00,1,11,23,14,20,0.73133333,24.26666667,49.86333333,0.64768976
2001-11-23T14:30:00,1,11,23,14,30,0.72050000,24.10000000,49.31750000,0.63990451
2001-11-23T14:40:00,1,11,23,14,40,0.70966667,23.93333333,48.77166667,0.63206485
2001-11-23T14:50:00,1,11,23,14,50,0.69883333,23.76666667,48.22583333,0.62417080
2001-11-23T15:00:00,1,11,23,15,0,0.68800000,23.60000000,47.68000000,0.61622234
2001-11-23T15:10:00,1,11,23,15,10,0.64816667,23.65000000,46.33583333,0.58455246
2001-11-23T15:20:00,1,11,23,15,20,0.60833333,23.70000000,44.99166667,0.55238999
2001-11-23T15:30:00,1,11,23,15,30,0.56850000,23.75000000,43.64750000,0.51973492
2001-11-23T15:40:00,1,11,23,15,40,0.52866667,23.80000000,42.30333333,0.48658727
2001-11-23T15:50:00,1,11,23,15,50,0.48883333,23.85000000,40.95916667,0.45294702
2001-11-23T16:00:00,1,11,23,16,0,0.44900000,23.90000000,39.61500000,0.41881418
2001-11-23T16:10:00,1,11,23,16,10,0.40416667,23.66666667,37.81250000,0.38034609
2001-11-23T16:20:00,1,11,23,16,20,0.35933333,23.43333333,36.01000000,0.34113454
2001-11-23T16:30:00,1,11,23,16,30,0.31450000,23.20000000,34.20750000,0.30117951
2001-11-23T16:40:00,1,11,23,16,40,0.26966667,22.96666667,32.40500000,0.26048101
2001-11-23T16:50:00,1,11,23,16,50,0.22483333,22.73333333,30.60250000,0.21903904
2001-11-23T17:00:00,1,11,23,17,0,0.18000000,22.50000000,28.80000000,0.17685360
2001-11-23T17:10:00,1,11,23,17,10,0.15516667,22.28333333,27.71416667,0.15322938
2001-11-23T17:20:00,1,11,23,17,20,0.13033333,22.06666667,26.62833333,0.12935709
2001-11-23T17:30:00,1,11,23,17,30,0.10550000,21.85000000,25.54250000,0.10523672
2001-11-23T17:40:00,1,11,23,17,40,0.08066667,21.63333333,24.45666667,0.08086828
2001-11-23T17:50:00,1,11,23,17,50,0.05583333,21.41666667,23.37083333,0.05625176
2001-11-23T18:00:00,1,11,23,18,0,0.03100000,21.20000000,22.28500000,0.03138716
2001-11-23T18:10:00,1,11,23,18,10,0.02583333,20.98333333,21.88750000,0.02620320
2001-11-23T18:20:00,1,11,23,18,20,0.02066667,20.76666667,21.49000000,0.02100035
2001-11-23T18:30:00,1,11,23,18,30,0.01550000,20.55000000,21.09250000,0.01577860
2001-11-23T18:40:00,1,11,23,18,40,0.01033333,20.33333333,20.69500000,0.01053796
2001-11-23T18:50:00,1,11,23,18,50,0.00516667,20.11666667,20.29750000,0.00527843
2001-11-23T19:00:00,1,11,23,19,0,0.00000000,19.90000000,19.90000000,0.00000000
2001-11-23T19:10:00,1,11,23,19,10,0.00000000,19.81666667,19.81666667,0.00000000
2001-11-23T19:20:00,1,11,23,19,20,0.00000000,19.73333333,19.73333333,0.00000000
2001-11-23T19:30:00,1,11,23,19,30,0.00000000,19.65000000,19.65000000,0.00000000
2001-11-23T19:40:00,1,11,23,19,40,0.00000000,19.56666667,19.56666667,0.00000000
2001-11-23T19:50:00,1,11,23,19,50,0.00000000,19.48333333,19.48333333,0.00000000
2001-11-23T20:00:00,1,11,23,20,0,0.00000000,19.40000000,19.40000000,0.00000000
2001-11-23T20:10:00,1,11,23,20,10,0.00000000,19.35000000,19.35000000,0.00000000
2001-11-23T20:20:00,1,11,23,20,20,0.00000000,19.30000000,19.30000000,0.00000000
2001-11-23T20:30:00,1,11,23,20,30,0.00000000,19.25000000,19.25000000,0.00000000
2001-11-23T20:40:00,1,11,23,20,40,0.00000000,19.20000000,19.20000000,0.00000000
2001-11-23T20:50:00,1,11,23,20,50,0.00000000,19.15000000,19.15000000,0.00000000
2001-11-23T21:00:00,1,11,23,21,0,0.00000000,19.10000000,19.10000000,0.00000000
2001-11-23T21:10:00,1,11,23,21,10,0.00000000,18.95000000,18.95000000,0.00000000
2001-11-23T21:20:00,1,11,23,21,20,0.00000000,18.80000000,18.80000000,0.00000000
2001-11-23T21:30:00,1,11,23,21,30,0.00000000,18.65000000,18.65000000,0.00000000
2001-11-23T21:40:00,1,11,23,21,40,0.00000000,18.50000000,18.50000000,0.00000000
2001-11-23T21:50:00,1,11,23,21,50,0.00000000,18.35000000,18.35000000,0.00000000
2001-11-23T22:00:00,1,11,23,22,0,0.00000000,18.20000000,18.20000000,0.00000000
2001-11-23T22:10:00,1,11,23,22,10,0.00000000,18.16666667,18.16666667,0.00000000
2001-11-23T22:20:00,1,11,23,22,20,0.00000000,18.13333333,18.13333333,0.00000000
2001-11-23T22:30:00,1,11,23,22,30,0.00000000,18.10000000,18.10000000,0.00000000
2001-11-23T22:40:00,1,11,23,22,40,0.00000000,18.06666667,18.06666667,0.00000000
2001-11-23T22:50:00,1,11,23,22,50,0.00000000,18.03333333,18.03333333,0.00000000
2001-11-23T23:00:00,1,11,23,23,0,0.00000000,18.00000000,18.00000000,0.00000000
2001-11-23T23:10:00,1,11,23,23,10,0.00000000,17.85000000,17.85000000,0.00000000
2001-11-23T23:20:00,1,11,23,23,20,0.00000000,17.70000000,17.70000000,0.00000000
2001-11-23T23:30:00,1,11,23,23,30,0.00000000,17.55000000,17.55000000,0.00000000
2001-11-23T23:40:00,1,11,23,23,40,0.00000000,17.40000000,17.40000000,0.00000000
2001-11-23T23:50:00,1,11,23,23,50,0.00000000,17.25000000,17.25000000,0.00000000
2001-11-24T00:00:00,1,11,24,0,0,0.00000000,17.10000000,17.10000000,0.00000000
2001-11-24T00:10:00,1,11,24,0,10,0.00000000,17.08333333,17.08333333,0.00000000
2001-11-24T00:20:00,1,11,24,0,20,0.00000000,17.06666667,17.06666667,0.00000000
2001-11-24T00:30:00,1,11,24,0,30,0.00000000,17.05000000,17.05000000,0.00000000
2001-11-24T00:40:00,1,11,24,0,40,0.00000000,17.03333333,17.03333333,0.00000000
2001-11-24T00:50:00,1,11,24,0,50,0.00000000,17.01666667,17.01666667,0.00000000
2001-11-24T01:00:00,1,11,24,1,0,0.00000000,17.00000000,17.00000000,0.00000000
2001-11-24T01:10:00,1,11,24,1,10,0.00000000,16.96666667,16.96666667,0.00000000
2001-11-24T01:20:00,1,11,24,1,20,0.00000000,16.93333333,16.93333333,0.00000000
2001-11-24T01:30:00,1,11,24,1,30,0.00000000,16.90000000,16.90000000,0.00000000
2001-11-24T01:40:00,1,11,24,1,40,0.00000000,16.86666667,16.86666667,0.00000000
2001-11-24T01:50:00,1,11,24,1,50,0.00000000,16.83333333,16.83333333,0.00000000
2001-11-24T02:00:00,1,11,24,2,0,0.00000000,16.80000000,16.80000000,0.00000000
2001-11-24T02:10:00,1,11,24,2,10,0.00000000,16.75000000,16.75000000,0.00000000
2001-11-24T02:20:00,1,11,24,2,20,0.00000000,16.70000000,16.70000000,0.00000000
2001-11-24T02:30:00,1,11,24,2,30,0.00000000,16.65000000,16.65000000,0.00000000
2001-11-24T02:40:00,1,11,24,2,40,0.00000000,16.60000000,16.60000000,0.00000000
2001-11-24T02:50:00,1,11,24,2,50,0.00000000,16.55000000,16.55000000,0.00000000
2001-11-24T03:00:00,1,11,24,3,0,0.00000000,16.50000000,16.50000000,0.00000000
2001-11-24T03:10:00,1,11,24,3,10,0.00000000,16.53333333,16.53333333,0.00000000
2001-11-24T03:20:00,1,11,24,3,20,0.00000000,16.56666667,16.56666667,0.00000000
2001-11-24T03:30:00,1,11,24,3,30,0.00000000,16.60000000,16.60000000,0.00000000
2001-11-24T03:40:00,1,11,24,3,40,0.00000000,16.63333333,16.63333333,0.00000000
2001-11-24T03:50:00,1,11,24,3,50,0.00000000,16.66666667,16.66666667,0.00000000
2001-11-24T04:00:00,1,11,24,4,0,0.00000000,16.70000000,16.70000000,0.00000000
2001-11-24T04:10:00,1,11,24,4,10,0.00416667,16.70000000,16.84583333,0.00432295
2001-11-24T04:20:00,1,11,24,4,20,0.00833333,16.70000000,16.99166667,0.00864032
2001-11-24T04:30:00,1,11,24,4,30,0.01250000,16.70000000,17.13750000,0.01295209
2001-11-24T04:40:00,1,11,24,4,40,0.01666667,16.70000000,17.28333333,0.01725828
2001-11-24T04:50:00,1,11,24,4,50,0.02083333,16.70000000,17.42916667,0.02155887
2001-11-24T05:00:00,1,11,24,5,0,0.02500000,16.70000000,17.57500000,0.02585387
2001-11-24T05:10:00,1,11,24,5,10,0.04900000,16.86666667,18.58166667,0.05044669
2001-11-24T05:20:00,1,11,24,5,20,0.07300000,17.03333333,19.58833333,0.07481724
2001-11-24T05:30:00,1,11,24,5,30,0.09700000,17.20000000,20.59500000,0.09896551
2001-11-24T05:40:00,1,11,24,5,40,0.12100000,17.36666667,21.60166667,0.12289151
2001-11-24T05:50:00,1,11,24,5,50,0.14500000,17.53333333,22.60833333,0.14659524
2001-11-24T06:00:00,1,11,24,6,0,0.16900000,17.70000000,23.61500000,0.17007670
2001-11-24T06:10:00,1,11,24,6,10,0.20216667,17.95000000,25.02583333,0.20214264
2001-11-24T06:20:00,1,11,24,6,20,0.23533333,18.20000000,26.43666667,0.23377809
2001-11-24T06:30:00,1,11,24,6,30,0.26850000,18.45000000,27.84750000,0.26498305
2001-11-24T06:40:00,1,11,24,6,40,0.30166667,18.70000000,29.25833333,0.29575752
2001-11-24T06:50:00,1,11,24,6,50,0.33483333,18.95000000,30.66916667,0.32610149
2001-11-24T07:00:00,1,11,24,7,0,0.36800000,19.20000000,32.08000000,0.35601498
2001-11-24T07:10:00,1,11,24,7,10,0.40416667,19.33333333,33.47916667,0.38840248
2001-11-24T07:20:00,1,11,24,7,20,0.44033333,19.46666667,34.87833333,0.42032444
2001-11-24T07:30:00,1,11,24,7,30,0.47650000,19.60000000,36.27750000,0.45178085
2001-11-24T07:40:00,1,11,24,7,40,0.51266667,19.73333333,37.67666667,0.48277171
2001-11-24T07:50:00,1,11,24,7,50,0.54883333,19.86666667,39.07583333,0.51329702
2001-11-24T08:00:00,1,11,24,8,0,0.58500000,20.00000000,40.47500000,0.54335678
2001-11-24T08:10:00,1,11,24,8,10,0.63183333,20.28333333,42.39750000,0.58126866
2001-11-24T08:20:00,1,11,24,8,20,0.67866667,20.56666667,44.32000000,0.61835220
2001-11-24T08:30:00,1,11,24,8,30,0.72550000,20.85000000,46.24250000,0.65460740
2001-11-24T08:40:00,1,11,24,8,40,0.77233333,21.13333333,48.16500000,0.69003427
2001-11-24T08:50:00,1,11,24,8,50,0.81916667,21.41666667,50.08750000,0.72463279
2001-11-24T09:00:00,1,11,24,9,0,0.86600000,21.70000000,52.01000000,0.75840296
2001-11-24T09:10:00,1,11,24,9,10,0.85000000,21.85000000,51.60000000,0.74599400
2001-11-24T09:20:00,1,11,24,9,20,0.83400000,22.00000000,51.19000000,0.73352468
2001-11-24T09:30:00,1,11,24,9,30,0.81800000,22.15000000,50.78000000,0.72099502
2001-11-24T09:40:00,1,11,24,9,40,0.80200000,22.30000000,50.37000000,0.70840500
2001-11-24T09:50:00,1,11,24,9,50,0.78600000,22.45000000,49.96000000,0.69575462
2001-11-24T10:00:00,1,11,24,10,0,0.77000000,22.60000000,49.55000000,0.68304390
2001-11-24T10:10:00,1,11,24,10,10,0.82616667,22.60000000,51.51583333,0.72539678
2001-11-24T10:20:00,1,11,24,10,20,0.88233333,22.60000000,53.48166667,0.76673384
2001-11-24T10:30:00,1,11,24,10,30,0.93850000,22.60000000,55.44750000,0.80705510
2001-11-24T10:40:00,1,11,24,10,40,0.99466667,22.60000000,57.41333333,0.84636054
2001-11-24T10:50:00,1,11,24,10,50,1.05083333,22.60000000,59.37916667,0.88465017
2001-11-24T11:00:00,1,11,24,11,0,1.10700000,22.60000000,61.34500000,0.92192399
2001-11-24T11:10:00,1,11,24,11,10,1.08266667,22.75000000,60.64333333,0.90515336
2001-11-24T11:20:00,1,11,24,11,20,1.05833333,22.90000000,59.94166667,0.88822565
2001-11-24T11:30:00,1,11,24,11,30,1.03400000,23.05000000,59.24000000,0.87114086
2001-11-24T11:40:00,1,11,24,11,40,1.00966667,23.20000000,58.53833333,0.85389900
2001-11-24T11:50:00,1,11,24,11,50,0.98533333,23.35000000,57.83666667,0.83650005
2001-11-24T12:00:00,1,11,24,12,0,0.96100000,23.50000000,57.13500000,0.81894402
2001-11-24T12:10:00,1,11,24,12,10,0.95400000,23.60000000,56.99000000,0.81361508
2001-11-24T12:20:00,1,11,24,12,20,0.94700000,23.70000000,56.84500000,0.80827681
2001-11-24T12:30:00,1,11,24,12,30,0.94000000,23.80000000,56.70000000,0.80292920
2001-11-24T12:40:00,1,11,24,12,40,0.93300000,23.90000000,56.55500000,0.79757225
2001-11-24T12:50:00,1,11,24,12,50,0.92600000,24.00000000,56.41000000,0.79220596
2001-11-24T13:00:00,1,11,24,13,0,0.91900000,24.10000000,56.26500000,0.78683034
2001-11-24T13:10:00,1,11,24,13,10,0.88466667,24.13333333,55.09666667,0.76218928
2001-11-24T13:20:00,1,11,24,13,20,0.85033333,24.16666667,53.92833333,0.73717919
2001-11-24T13:30:00,1,11,24,13,30,0.81600000,24.20000000,52.76000000,0.71180006
2001-11-24T13:40:00,1,11,24,13,40,0.78166667,24.23333333,51.59166667,0.68605190
2001-11-24T13:50:00,1,11,24,13,50,0.74733333,24.26666667,50.42333333,0.65993469
2001-11-24T14:00:00,1,11,24,14,0,0.71300000,24.30000000,49.25500000,0.63344845
2001-11-24T14:10:00,1,11,24,14,10,0.69116667,24.23333333,48.42416667,0.61669265
2001-11-24T14:20:00,1,11,24,14,20,0.66933333,24.16666667,47.59333333,0.59976997
2001-11-24T14:30:00,1,11,24,14,30,0.64750000,24.10000000,46.76250000,0.58268039
2001-11-24T14:40:00,1,11,24,14,40,0.62566667,24.03333333,45.93166667,0.56542393
2001-11-24T14:50:00,1,11,24,14,50,0.60383333,23.96666667,45.10083333,0.54800059
2001-11-24T15:00:00,1,11,24,15,0,0.58200000,23.90000000,44.27000000,0.53041036
2001-11-24T15:10:00,1,11,24,15,10,0.54183333,23.93333333,42.89750000,0.49722501
2001-11-24T15:20:00,1,11,24,15,20,0.50166667,23.96666667,41.52500000,0.46353248
2001-11-24T15:30:00,1,11,24,15,30,0.46150000,24.00000000,40.15250000,0.42933276
2001-11-24T15:40:00,1,11,24,15,40,0.42133333,24.03333333,38.78000000,0.39462586
2001-11-24T15:50:00,1,11,24,15,50,0.38116667,24.06666667,37.40750000,0.35941177
2001-11-24T16:00:00,1,11,24,16,0,0.34100000,24.10000000,36.03500000,0.32369050
2001-11-24T16:10:00,1,11,24,16,10,0.30950000,24.00000000,34.83250000,0.29550147
2001-11-24T16:20:00,1,11,24,16,20,0.27800000,23.90000000,33.63000000,0.26696396
2001-11-24T16:30:00,1,11,24,16,30,0.24650000,23.80000000,32.42750000,0.23807796
2001-11-24T16:40:00,1,11,24,16,40,0.21500000,23.70000000,31.22500000,0.20884348
2001-11-24T16:50:00,1,11,24,16,50,0.18350000,23.60000000,30.02250000,0.17926051
2001-11-24T17:00:00,1,11,24,17,0,0.15200000,23.50000000,28.82000000,0.14932906
2001-11-24T17:10:00,1,11,24,17,10,0.13183333,23.43333333,28.04750000,0.12998523
2001-11-24T17:20:00,1,11,24,17,20,0.11166667,23.36666667,27.27500000,0.11049808
2001-11-24T17:30:00,1,11,24,17,30,0.09150000,23.30000000,26.50250000,0.09086760
2001-11-24T17:40:00,1,11,24,17,40,0.07133333,23.23333333,25.73000000,0.07109380
2001-11-24T17:50:00,1,11,24,17,50,0.05116667,23.16666667,24.95750000,0.05117667
2001-11-24T18:00:00,1,11,24,18,0,0.03100000,23.10000000,24.18500000,0.03111622
2001-11-24T18:10:00,1,11,24,18,10,0.02583333,23.05000000,23.95416667,0.02595761
2001-11-24T18:20:00,1,11,24,18,20,0.02066667,23.00000000,23.72333333,0.02078804
2001-11-24T18:30:00,1,11,24,18,30,0.01550000,22.95000000,23.49250000,0.01560748
2001-11-24T18:40:00,1,11,24,18,40,0.01033333,22.90000000,23.26166667,0.01041596
2001-11-24T18:50:00,1,11,24,18,50,0.00516667,22.85000000,23.03083333,0.00521347
2001-11-24T19:00:00,1,11,24,19,0,0.00000000,22.80000000,22.80000000,0.00000000
2001-11-24T19:10:00,1,11,24,19,10,0.00000000,22.66666667,22.66666667,0.00000000
2001-11-24T19:20:00,1,11,24,19,20,0.00000000,22.53333333,22.53333333,0.00000000
2001-11-24T19:30:00,1,11,24,19,30,0.00000000,22.40000000,22.40000000,0.00000000
2001-11-24T19:40:00,1,11,24,19,40,0.00000000,22.26666667,22.26666667,0.00000000
2001-11-24T19:50:00,1,11,24,19,50,0.00000000,22.13333333,22.13333333,0.00000000
2001-11-24T20:00:00,1,11,24,20,0,0.00000000,22.00000000,22.00000000,0.00000000
2001-11-24T20:10:00,1,11,24,20,10,0.00000000,21.93333333,21.93333333,0.00000000
2001-11-24T20:20:00,1,11,24,20,20,0.00000000,21.86666667,21.86666667,0.00000000
2001-11-24T20:30:00,1,11,24,20,30,0.00000000,21.80000000,21.80000000,0.00000000
2001-11-24T20:40:00,1,11,24,20,40,0.00000000,21.73333333,21.73333333,0.00000000
2001-11-24T20:50:00,1,11,24,20,50,0.00000000,21.66666667,21.66666667,0.00000000
2001-11-24T21:00:00,1,11,24,21,0,0.00000000,21.60000000,21.60000000,0.00000000
2001-11-24T21:10:00,1,11,24,21,10,0.00000000,21.55000000,21.55000000,0.00000000
2001-11-24T21:20:00,1,11,24,21,20,0.00000000,21.50000000,21.50000000,0.00000000
2001-11-24T21:30:00,1,11,24,21,30,0.00000000,21.45000000,21.45000000,0.00000000
2001-11-24T21:40:00,1,11,24,21,40,0.00000000,21.40000000,21.40000000,0.00000000
2001-11-24T21:50:00,1,11,24,21,50,0.00000000,21.35000000,21.35000000,0.00000000
2001-11-24T22:00:00,1,11,24,22,0,0.00000000,21.30000000,21.30000000,0.00000000
2001-11-24T22:10:00,1,11,24,22,10,0.00000000,21.31666667,21.31666667,0.00000000
2001-11-24T22:20:00,1,11,24,22,20,0.00000000,21.33333333,21.33333333,0.00000000
2001-11-24T22:30:00,1,11,24,22,30,0.00000000,21.35000000,21.35000000,0.00000000
2001-11-24T22:40:00,1,11,24,22,40,0.00000000,21.36666667,21.36666667,0.00000000
2001-11-24T22:50:00,1,11,24,22,50,0.00000000,21.38333333,21.38333333,0.00000000
2001-11-24T23:00:00,1,11,24,23,0,0.00000000,21.40000000,21.40000000,0.00000000
2001-11-24T23:10:00,1,11,24,23,10,0.00000000,21.23333333,21.23333333,0.00000000
2001-11-24T23:20:00,1,11,24,23,20,0.00000000,21.06666667,21.06666667,0.00000000
2001-11-24T23:30:00,1,11,24,23,30,0.00000000,20.90000000,20.90000000,0.00000000
2001-11-24T23:40:00,1,11,24,23,40,0.00000000,20.73333333,20.73333333,0.00000000
2001-11-24T23:50:00,1,11,24,23,50,0.00000000,20.56666667,20.56666667,0.00000000
2001-11-25T00:00:00,1,11,25,0,0,0.00000000,20.40000000,20.40000000,0.00000000
2001-11-25T00:10:00,1,11,25,0,10,0.00000000,20.40000000,20.40000000,0.00000000
2001-11-25T00:20:00,1,11,25,0,20,0.00000000,20.40000000,20.40000000,0.00000000
2001-11-25T00:30:00,1,11,25,0,30,0.00000000,20.40000000,20.40000000,0.00000000
2001-11-25T00:40:00,1,11,25,0,40,0.00000000,20.40000000,20.40000000,0.00000000
2001-11-25T00:50:00,1,11,25,0,50,0.00000000,20.40000000,20.40000000,0.00000000
2001-11-25T01:00:00,1,11,25,1,0,0.00000000,20.40000000,20.40000000,0.00000000
2001-11-25T01:10:00,1,11,25,1,10,0.00000000,20.25000000,20.25000000,0.00000000
2001-11-25T01:20:00,1,11,25,1,20,0.00000000,20.10000000,20.10000000,0.00000000
2001-11-25T01:30:00,1,11,25,1,30,0.00000000,19.95000000,19.95000000,0.00000000
2001-11-25T01:40:00,1,11,25,1,40,0.00000000,19.80000000,19.80000000,0.00000000
2001-11-25T01:50:00,1,11,25,1,50,0.00000000,19.65000000,19.65000000,0.00000000
2001-11-25T02:00:00,1,11,25,2,0,0.00000000,19.50000000,19.50000000,0.00000000
2001-11-25T02:10:00,1,11,25,2,10,0.00000000,19.50000000,19.50000000,0.00000000
2001-11-25T02:20:00,1,11,25,2,20,0.00000000,19.50000000,19.50000000,0.00000000
2001-11-25T02:30:00,1,11,25,2,30,0.00000000,19.50000000,19.50000000,0.00000000
2001-11-25T02:40:00,1,11,25,2,40,0.00000000,19.50000000,19.50000000,0.00000000
2001-11-25T02:50:00,1,11,25,2,50,0.00000000,19.50000000,19.50000000,0.00000000
2001-11-25T03:00:00,1,11,25,3,0,0.00000000,19.50000000,19.50000000,0.00000000
2001-11-25T03:10:00,1,11,25,3,10,0.00000000,19.41666667,19.41666667,0.00000000
2001-11-25T03:20:00,1,11,25,3,20,0.00000000,19.33333333,19.33333333,0.00000000
2001-11-25T03:30:00,1,11,25,3,30,0.00000000,19.25000000,19.25000000,0.00000000
2001-11-25T03:40:00,1,11,25,3,40,0.00000000,19.16666667,19.16666667,0.00000000
2001-11-25T03:50:00,1,11,25,3,50,0.00000000,19.08333333,19.08333333,0.00000000
2001-11-25T04:00:00,1,11,25,4,0,0.00000000,19.00000000,19.00000000,0.00000000
2001-11-25T04:10:00,1,11,25,4,10,0.00433333,18.91666667,19.06833333,0.00445157
2001-11-25T04:20:00,1,11,25,4,20,0.00866667,18.83333333,19.13666667,0.00890042
2001-11-25T04:30:00,1,11,25,4,30,0.01300000,18.75000000,19.20500000,0.01334654
2001-11-25T04:40:00,1,11,25,4,40,0.01733333,18.66666667,19.27333333,0.01778994
2001-11-25T04:50:00,1,11,25,4,50,0.02166667,18.58333333,19.34166667,0.02223061
2001-11-25T05:00:00,1,11,25,5,0,0.02600000,18.50000000,19.41000000,0.02666856
2001-11-25T05:10:00,1,11,25,5,10,0.05100000,18.68333333,20.46833333,0.05206313
2001-11-25T05:20:00,1,11,25,5,20,0.07600000,18.86666667,21.52666667,0.07721428
2001-11-25T05:30:00,1,11,25,5,30,0.10100000,19.05000000,22.58500000,0.10212201
2001-11-25T05:40:00,1,11,25,5,40,0.12600000,19.23333333,23.64333333,0.12678632
2001-11-25T05:50:00,1,11,25,5,50,0.15100000,19.41666667,24.70166667,0.15120722
2001-11-25T06:00:00,1,11,25,6,0,0.17600000,19.60000000,25.76000000,0.17538470
2001-11-25T06:10:00,1,11,25,6,10,0.21766667,19.98333333,27.60166667,0.21506170
2001-11-25T06:20:00,1,11,25,6,20,0.25933333,20.36666667,29.44333333,0.25403273
2001-11-25T06:30:00,1,11,25,6,30,0.30100000,20.75000000,31.28500000,0.29229779
2001-11-25T06:40:00,1,11,25,6,40,0.34266667,21.13333333,33.12666667,0.32985687
2001-11-25T06:50:00,1,11,25,6,50,0.38433333,21.51666667,34.96833333,0.36670998
2001-11-25T07:00:00,1,11,25,7,0,0.42600000,21.90000000,36.81000000,0.40285712
2001-11-25T07:10:00,1,11,25,7,10,0.44216667,22.35000000,37.82583333,0.41607935
2001-11-25T07:20:00,1,11,25,7,20,0.45833333,22.80000000,38.84166667,0.42915049
2001-11-25T07:30:00,1,11,25,7,30,0.47450000,23.25000000,39.85750000,0.44207053
2001-11-25T07:40:00,1,11,25,7,40,0.49066667,23.70000000,40.87333333,0.45483950
2001-11-25T07:50:00,1,11,25,7,50,0.50683333,24.15000000,41.88916667,0.46745737
2001-11-25T08:00:00,1,11,25,8,0,0.52300000,24.60000000,42.90500000,0.47992415
2001-11-25T08:10:00,1,11,25,8,10,0.57116667,24.83333333,44.82416667,0.51908131
2001-11-25T08:20:00,1,11,25,8,20,0.61933333,25.06666667,46.74333333,0.55738803
2001-11-25T08:30:00,1,11,25,8,30,0.66750000,25.30000000,48.66250000,0.59484429
2001-11-25T08:40:00,1,11,25,8,40,0.71566667,25.53333333,50.58166667,0.63145011
2001-11-25T08:50:00,1,11,25,8,50,0.76383333,25.76666667,52.50083333,0.66720549
2001-11-25T09:00:00,1,11,25,9,0,0.81200000,26.00000000,54.42000000,0.70211042
2001-11-25T09:10:00,1,11,25,9,10,0.83233333,26.48333333,55.61500000,0.71511666
2001-11-25T09:20:00,1,11,25,9,20,0.85266667,26.96666667,56.81000000,0.72789936
2001-11-25T09:30:00,1,11,25,9,30,0.87300000,27.45000000,58.00500000,0.74045852
2001-11-25T09:40:00,1,11,25,9,40,0.89333333,27.93333333,59.20000000,0.75279413
2001-11-25T09:50:00,1,11,25,9,50,0.91366667,28.41666667,60.39500000,0.76490620
2001-11-25T10:00:00,1,11,25,10,0,0.93400000,28.90000000,61.59000000,0.77679472
2001-11-25T10:10:00,1,11,25,10,10,0.95866667,29.20000000,62.75333333,0.79217950
2001-11-25T10:20:00,1,11,25,10,20,0.98333333,29.50000000,63.91666667,0.80730028
2001-11-25T10:30:00,1,11,25,10,30,1.00800000,29.80000000,65.08000000,0.82215706
2001-11-25T10:40:00,1,11,25,10,40,1.03266667,30.10000000,66.24333333,0.83674984
2001-11-25T10:50:00,1,11,25,10,50,1.05733333,30.40000000,67.40666667,0.85107862
2001-11-25T11:00:00,1,11,25,11,0,1.08200000,30.70000000,68.57000000,0.86514340
2001-11-25T11:10:00,1,11,25,11,10,1.06766667,30.88333333,68.25166667,0.85524620
2001-11-25T11:20:00,1,11,25,11,20,1.05333333,31.06666667,67.93333333,0.84530702
2001-11-25T11:30:00,1,11,25,11,30,1.03900000,31.25000000,67.61500000,0.83532587
2001-11-25T11:40:00,1,11,25,11,40,1.02466667,31.43333333,67.29666667,0.82530274
2001-11-25T11:50:00,1,11,25,11,50,1.01033333,31.61666667,66.97833333,0.81523763
2001-11-25T12:00:00,1,11,25,12,0,0.99600000,31.80000000,66.66000000,0.80513054
2001-11-25T12:10:00,1,11,25,12,10,0.98766667,31.73333333,66.30166667,0.80002218
2001-11-25T12:20:00,1,11,25,12,20,0.97933333,31.66666667,65.94333333,0.79488635
2001-11-25T12:30:00,1,11,25,12,30,0.97100000,31.60000000,65.58500000,0.78972304
2001-11-25T12:40:00,1,11,25,12,40,0.96266667,31.53333333,65.22666667,0.78453226
2001-11-25T12:50:00,1,11,25,12,50,0.95433333,31.46666667,64.86833333,0.77931401
2001-11-25T13:00:00,1,11,25,13,0,0.94600000,31.40000000,64.51000000,0.77406828
2001-11-25T13:10:00,1,11,25,13,10,0.91283333,31.26666667,63.21583333,0.75236378
2001-11-25T13:20:00,1,11,25,13,20,0.87966667,31.13333333,61.92166667,0.73026437
2001-11-25T13:30:00,1,11,25,13,30,0.84650000,31.00000000,60.62750000,0.70777008
2001-11-25T13:40:00,1,11,25,13,40,0.81333333,30.86666667,59.33333333,0.68488089
2001-11-25T13:50:00,1,11,25,13,50,0.78016667,30.73333333,58.03916667,0.66159681
2001-11-25T14:00:00,1,11,25,14,0,0.74700000,30.60000000,56.74500000,0.63791783
2001-11-25T14:10:00,1,11,25,14,10,0.72366667,30.33333333,55.66166667,0.62159807
2001-11-25T14:20:00,1,11,25,14,20,0.70033333,30.06666667,54.57833333,0.60504575
2001-11-25T14:30:00,1,11,25,14,30,0.67700000,29.80000000,53.49500000,0.58826087
2001-11-25T14:40:00,1,11,25,14,40,0.65366667,29.53333333,52.41166667,0.57124344
2001-11-25T14:50:00,1,11,25,14,50,0.63033333,29.26666667,51.32833333,0.55399345
2001-11-25T15:00:00,1,11,25,15,0,0.60700000,29.00000000,50.24500000,0.53651091
2001-11-25T15:10:00,1,11,25,15,10,0.56466667,28.78333333,48.54666667,0.50350498
2001-11-25T15:20:00,1,11,25,15,20,0.52233333,28.56666667,46.84833333,0.46983761
2001-11-25T15:30:00,1,11,25,15,30,0.48000000,28.35000000,45.15000000,0.43550880
2001-11-25T15:40:00,1,11,25,15,40,0.43766667,28.13333333,43.45166667,0.40051854
2001-11-25T15:50:00,1,11,25,15,50,0.39533333,27.91666667,41.75333333,0.36486684
2001-11-25T16:00:00,1,11,25,16,0,0.35300000,27.70000000,40.05500000,0.32855369
2001-11-25T16:10:00,1,11,25,16,10,0.32400000,27.20000000,38.54000000,0.30381998
2001-11-25T16:20:00,1,11,25,16,20,0.29500000,26.70000000,37.02500000,0.27868207
2001-11-25T16:30:00,1,11,25,16,30,0.26600000,26.20000000,35.51000000,0.25313996
2001-11-25T16:40:00,1,11,25,16,40,0.23700000,25.70000000,33.99500000,0.22719365
2001-11-25T16:50:00,1,11,25,16,50,0.20800000,25.20000000,32.48000000,0.20084314
2001-11-25T17:00:00,1,11,25,17,0,0.17900000,24.70000000,30.96500000,0.17408842
2001-11-25T17:10:00,1,11,25,17,10,0.15433333,24.45000000,29.85166667,0.15088897
2001-11-25T17:20:00,1,11,25,17,20,0.12966667,24.20000000,28.73833333,0.12743688
2001-11-25T17:30:00,1,11,25,17,30,0.10500000,23.95000000,27.62500000,0.10373213
2001-11-25T17:40:00,1,11,25,17,40,0.08033333,23.70000000,26.51166667,0.07977472
2001-11-25T17:50:00,1,11,25,17,50,0.05566667,23.45000000,25.39833333,0.05556467
2001-11-25T18:00:00,1,11,25,18,0,0.03100000,23.20000000,24.28500000,0.03110196
2001-11-25T18:10:00,1,11,25,18,10,0.02583333,22.78333333,23.68750000,0.02598930
2001-11-25T18:20:00,1,11,25,18,20,0.02066667,22.36666667,23.09000000,0.02084824
2001-11-25T18:30:00,1,11,25,18,30,0.01550000,21.95000000,22.49250000,0.01567878
2001-11-25T18:40:00,1,11,25,18,40,0.01033333,21.53333333,21.89500000,0.01048092
2001-11-25T18:50:00,1,11,25,18,50,0.00516667,21.11666667,21.29750000,0.00525466
2001-11-25T19:00:00,1,11,25,19,0,0.00000000,20.70000000,20.70000000,0.00000000
2001-11-25T19:10:00,1,11,25,19,10,0.00000000,20.60000000,20.60000000,0.00000000
2001-11-25T19:20:00,1,11,25,19,20,0.00000000,20.50000000,20.50000000,0.00000000
2001-11-25T19:30:00,1,11,25,19,30,0.00000000,20.40000000,20.40000000,0.00000000
2001-11-25T19:40:00,1,11,25,19,40,0.00000000,20.30000000,20.30000000,0.00000000
2001-11-25T19:50:00,1,11,25,19,50,0.00000000,20.20000000,20.20000000,0.00000000
2001-11-25T20:00:00,1,11,25,20,0,0.00000000,20.10000000,20.10000000,0.00000000
2001-11-25T20:10:00,1,11,25,20,10,0.00000000,20.03333333,20.03333333,0.00000000
2001-11-25T20:20:00,1,11,25,20,20,0.00000000,19.96666667,19.96666667,0.00000000
2001-11-25T20:30:00,1,11,25,20,30,0.00000000,19.90000000,19.90000000,0.00000000
2001-11-25T20:40:00,1,11,25,20,40,0.00000000,19.83333333,19.83333333,0.00000000
2001-11-25T20:50:00,1,11,25,20,50,0.00000000,19.76666667,19.76666667,0.00000000
2001-11-25T21:00:00,1,11,25,21,0,0.00000000,19.70000000,19.70000000,0.00000000
2001-11-25T21:10:00,1,11,25,21,10,0.00000000,19.63333333,19.63333333,0.00000000
2001-11-25T21:20:00,1,11,25,21,20,0.00000000,19.56666667,19.56666667,0.00000000
2001-11-25T21:30:00,1,11,25,21,30,0.00000000,19.50000000,19.50000000,0.00000000
2001-11-25T21:40:00,1,11,25,21,40,0.00000000,19.43333333,19.43333333,0.00000000
2001-11-25T21:50:00,1,11,25,21,50,0.00000000,19.36666667,19.36666667,0.00000000
2001-11-25T22:00:00,1,11,25,22,0,0.00000000,19.30000000,19.30000000,0.00000000
2001-11-25T22:10:00,1,11,25,22,10,0.00000000,19.15000000,19.15000000,0.00000000
2001-11-25T22:20:00,1,11,25,22,20,0.00000000,19.00000000,19.00000000,0.00000000
2001-11-25T22:30:00,1,11,25,22,30,0.00000000,18.85000000,18.85000000,0.00000000
2001-11-25T22:40:00,1,11,25,22,40,0.00000000,18.70000000,18.70000000,0.00000000
2001-11-25T22:50:00,1,11,25,22,50,0.00000000,18.55000000,18.55000000,0.00000000
2001-11-25T23:00:00,1,11,25,23,0,0.00000000,18.40000000,18.40000000,0.00000000
2001-11-25T23:10:00,1,11,25,23,10,0.00000000,18.60000000,18.60000000,0.00000000
2001-11-25T23:20:00,1,11,25,23,20,0.00000000,18.80000000,18.80000000,0.00000000
2001-11-25T23:30:00,1,11,25,23,30,0.00000000,19.00000000,19.00000000,0.00000000
2001-11-25T23:40:00,1,11,25,23,40,0.00000000,19.20000000,19.20000000,0.00000000
2001-11-25T23:50:00,1,11,25,23,50,0.00000000,19.40000000,19.40000000,0.00000000
2001-11-26T00:00:00,1,11,26,0,0,0.00000000,19.60000000,19.60000000,0.00000000
2001-11-26T00:10:00,1,11,26,0,10,0.00000000,19.43333333,19.43333333,0.00000000
2001-11-26T00:20:00,1,11,26,0,20,0.00000000,19.26666667,19.26666667,0.00000000
2001-11-26T00:30:00,1,11,26,0,30,0.00000000,19.10000000,19.10000000,0.00000000
2001-11-26T00:40:00,1,11,26,0,40,0.00000000,18.93333333,18.93333333,0.00000000
2001-11-26T00:50:00,1,11,26,0,50,0.00000000,18.76666667,18.76666667,0.00000000
2001-11-26T01:00:00,1,11,26,1,0,0.00000000,18.60000000,18.60000000,0.00000000
2001-11-26T01:10:00,1,11,26,1,10,0.00000000,18.56666667,18.56666667,0.00000000
2001-11-26T01:20:00,1,11,26,1,20,0.00000000,18.53333333,18.53333333,0.00000000
2001-11-26T01:30:00,1,11,26,1,30,0.00000000,18.50000000,18.50000000,0.00000000
2001-11-26T01:40:00,1,11,26,1,40,0.00000000,18.46666667,18.46666667,0.00000000
2001-11-26T01:50:00,1,11,26,1,50,0.00000000,18.43333333,18.43333333,0.00000000
2001-11-26T02:00:00,1,11,26,2,0,0.00000000,18.40000000,18.40000000,0.00000000
2001-11-26T02:10:00,1,11,26,2,10,0.00000000,18.55000000,18.55000000,0.00000000
2001-11-26T02:20:00,1,11,26,2,20,0.00000000,18.70000000,18.70000000,0.00000000
2001-11-26T02:30:00,1,11,26,2,30,0.00000000,18.85000000,18.85000000,0.00000000
2001-11-26T02:40:00,1,11,26,2,40,0.00000000,19.00000000,19.00000000,0.00000000
2001-11-26T02:50:00,1,11,26,2,50,0.00000000,19.15000000,19.15000000,0.00000000
2001-11-26T03:00:00,1,11,26,3,0,0.00000000,19.30000000,19.30000000,0.00000000
2001-11-26T03:10:00,1,11,26,3,10,0.00000000,19.15000000,19.15000000,0.00000000
2001-11-26T03:20:00,1,11,26,3,20,0.00000000,19.00000000,19.00000000,0.00000000
2001-11-26T03:30:00,1,11,26,3,30,0.00000000,18.85000000,18.85000000,0.00000000
2001-11-26T03:40:00,1,11,26,3,40,0.00000000,18.70000000,18.70000000,0.00000000
2001-11-26T03:50:00,1,11,26,3,50,0.00000000,18.55000000,18.55000000,0.00000000
2001-11-26T04:00:00,1,11,26,4,0,0.00000000,18.40000000,18.40000000,0.00000000
2001-11-26T04:10:00,1,11,26,4,10,0.00166667,18.41666667,18.47500000,0.00171669
2001-11-26T04:20:00,1,11,26,4,20,0.00333333,18.43333333,18.55000000,0.00343223
2001-11-26T04:30:00,1,11,26,4,30,0.00500000,18.45000000,18.62500000,0.00514663
2001-11-26T04:40:00,1,11,26,4,40,0.00666667,18.46666667,18.70000000,0.00685987
2001-11-26T04:50:00,1,11,26,4,50,0.00833333,18.48333333,18.77500000,0.00857196
2001-11-26T05:00:00,1,11,26,5,0,0.01000000,18.50000000,18.85000000,0.01028290
2001-11-26T05:10:00,1,11,26,5,10,0.02383333,18.66666667,19.50083333,0.02443623
2001-11-26T05:20:00,1,11,26,5,20,0.03766667,18.83333333,20.15166667,0.03850672
2001-11-26T05:30:00,1,11,26,5,30,0.05150000,19.00000000,20.80250000,0.05249439
2001-11-26T05:40:00,1,11,26,5,40,0.06533333,19.16666667,21.45333333,0.06639922
2001-11-26T05:50:00,1,11,26,5,50,0.07916667,19.33333333,22.10416667,0.08022123
2001-11-26T06:00:00,1,11,26,6,0,0.09300000,19.50000000,22.75500000,0.09396041
2001-11-26T06:10:00,1,11,26,6,10,0.10950000,19.55000000,23.38250000,0.11031473
2001-11-26T06:20:00,1,11,26,6,20,0.12600000,19.60000000,24.01000000,0.12657380
2001-11-26T06:30:00,1,11,26,6,30,0.14250000,19.65000000,24.63750000,0.14273762
2001-11-26T06:40:00,1,11,26,6,40,0.15900000,19.70000000,25.26500000,0.15880618
2001-11-26T06:50:00,1,11,26,6,50,0.17550000,19.75000000,25.89250000,0.17477948
2001-11-26T07:00:00,1,11,26,7,0,0.19200000,19.80000000,26.52000000,0.19065754
2001-11-26T07:10:00,1,11,26,7,10,0.21650000,19.95000000,27.52750000,0.21398286
2001-11-26T07:20:00,1,11,26,7,20,0.24100000,20.10000000,28.53500000,0.23708110
2001-11-26T07:30:00,1,11,26,7,30,0.26550000,20.25000000,29.54250000,0.25995224
2001-11-26T07:40:00,1,11,26,7,40,0.29000000,20.40000000,30.55000000,0.28259630
2001-11-26T07:50:00,1,11,26,7,50,0.31450000,20.55000000,31.55750000,0.30501326
2001-11-26T08:00:00,1,11,26,8,0,0.33900000,20.70000000,32.56500000,0.32720314
2001-11-26T08:10:00,1,11,26,8,10,0.32116667,20.91666667,32.15750000,0.31059241
2001-11-26T08:20:00,1,11,26,8,20,0.30333333,21.13333333,31.75000000,0.29391483
2001-11-26T08:30:00,1,11,26,8,30,0.28550000,21.35000000,31.34250000,0.27717039
2001-11-26T08:40:00,1,11,26,8,40,0.26766667,21.56666667,30.93500000,0.26035910
2001-11-26T08:50:00,1,11,26,8,50,0.24983333,21.78333333,30.52750000,0.24348095
2001-11-26T09:00:00,1,11,26,9,0,0.23200000,22.00000000,30.12000000,0.22653594
2001-11-26T09:10:00,1,11,26,9,10,0.25166667,21.85000000,30.65833333,0.24511620
2001-11-26T09:20:00,1,11,26,9,20,0.27133333,21.70000000,31.19666667,0.26359907
2001-11-26T09:30:00,1,11,26,9,30,0.29100000,21.55000000,31.73500000,0.28198453
2001-11-26T09:40:00,1,11,26,9,40,0.31066667,21.40000000,32.27333333,0.30027259
2001-11-26T09:50:00,1,11,26,9,50,0.33033333,21.25000000,32.81166667,0.31846325
2001-11-26T10:00:00,1,11,26,10,0,0.35000000,21.10000000,33.35000000,0.33655650
2001-11-26T10:10:00,1,11,26,10,10,0.35016667,21.23333333,33.48916667,0.33649260
2001-11-26T10:20:00,1,11,26,10,20,0.35033333,21.36666667,33.62833333,0.33642849
2001-11-26T10:30:00,1,11,26,10,30,0.35050000,21.50000000,33.76750000,0.33636416
2001-11-26T10:40:00,1,11,26,10,40,0.35066667,21.63333333,33.90666667,0.33629962
2001-11-26T10:50:00,1,11,26,10,50,0.35083333,21.76666667,34.04583333,0.33623487
2001-11-26T11:00:00,1,11,26,11,0,0.35100000,21.90000000,34.18500000,0.33616990
2001-11-26T11:10:00,1,11,26,11,10,0.38950000,21.91666667,35.54916667,0.37059906
2001-11-26T11:20:00,1,11,26,11,20,0.42800000,21.93333333,36.91333333,0.40454503
2001-11-26T11:30:00,1,11,26,11,30,0.46650000,21.95000000,38.27750000,0.43800781
2001-11-26T11:40:00,1,11,26,11,40,0.50500000,21.96666667,39.64166667,0.47098741
2001-11-26T11:50:00,1,11,26,11,50,0.54350000,21.98333333,41.00583333,0.50348382
2001-11-26T12:00:00,1,11,26,12,0,0.58200000,22.00000000,42.37000000,0.53549704
2001-11-26T12:10:00,1,11,26,12,10,0.53666667,22.26666667,41.05000000,0.49704457
2001-11-26T12:20:00,1,11,26,12,20,0.49133333,22.53333333,39.73000000,0.45804157
2001-11-26T12:30:00,1,11,26,12,30,0.44600000,22.80000000,38.41000000,0.41848804
2001-11-26T12:40:00,1,11,26,12,40,0.40066667,23.06666667,37.09000000,0.37838399
2001-11-26T12:50:00,1,11,26,12,50,0.35533333,23.33333333,35.77000000,0.33772941
2001-11-26T13:00:00,1,11,26,13,0,0.31000000,23.60000000,34.45000000,0.29652430
2001-11-26T13:10:00,1,11,26,13,10,0.27400000,23.36666667,32.95666667,0.26397142
2001-11-26T13:20:00,1,11,26,13,20,0.23800000,23.13333333,31.46333333,0.23092394
2001-11-26T13:30:00,1,11,26,13,30,0.20200000,22.90000000,29.97000000,0.19738188
2001-11-26T13:40:00,1,11,26,13,40,0.16600000,22.66666667,28.47666667,0.16334522
2001-11-26T13:50:00,1,11,26,13,50,0.13000000,22.43333333,26.98333333,0.12881397
2001-11-26T14:00:00,1,11,26,14,0,0.09400000,22.20000000,25.49000000,0.09378812
2001-11-26T14:10:00,1,11,26,14,10,0.12400000,22.01666667,26.35666667,0.12322616
2001-11-26T14:20:00,1,11,26,14,20,0.15400000,21.83333333,27.22333333,0.15242499
2001-11-26T14:30:00,1,11,26,14,30,0.18400000,21.65000000,28.09000000,0.18138462
2001-11-26T14:40:00,1,11,26,14,40,0.21400000,21.46666667,28.95666667,0.21010506
2001-11-26T14:50:00,1,11,26,14,50,0.24400000,21.28333333,29.82333333,0.23858629
2001-11-26T15:00:00,1,11,26,15,0,0.27400000,21.10000000,30.69000000,0.26682832
2001-11-26T15:10:00,1,11,26,15,10,0.25533333,21.20000000,30.13666667,0.24930015
2001-11-26T15:20:00,1,11,26,15,20,0.23666667,21.30000000,29.58333333,0.23167694
2001-11-26T15:30:00,1,11,26,15,30,0.21800000,21.40000000,29.03000000,0.21395872
2001-11-26T15:40:00,1,11,26,15,40,0.19933333,21.50000000,28.47666667,0.19614546
2001-11-26T15:50:00,1,11,26,15,50,0.18066667,21.60000000,27.92333333,0.17823718
2001-11-26T16:00:00,1,11,26,16,0,0.16200000,21.70000000,27.37000000,0.16023388
2001-11-26T16:10:00,1,11,26,16,10,0.14883333,21.60000000,26.80916667,0.14759472
2001-11-26T16:20:00,1,11,26,16,20,0.13566667,21.50000000,26.24833333,0.13488762
2001-11-26T16:30:00,1,11,26,16,30,0.12250000,21.40000000,25.68750000,0.12211259
2001-11-26T16:40:00,1,11,26,16,40,0.10933333,21.30000000,25.12666667,0.10926963
2001-11-26T16:50:00,1,11,26,16,50,0.09616667,21.20000000,24.56583333,0.09635873
2001-11-26T17:00:00,1,11,26,17,0,0.08300000,21.10000000,24.00500000,0.08337989
2001-11-26T17:10:00,1,11,26,17,10,0.07133333,21.06666667,23.56333333,0.07180475
2001-11-26T17:20:00,1,11,26,17,20,0.05966667,21.03333333,23.12166667,0.06018221
2001-11-26T17:30:00,1,11,26,17,30,0.04800000,21.00000000,22.68000000,0.04851226
2001-11-26T17:40:00,1,11,26,17,40,0.03633333,20.96666667,22.23833333,0.03679490
2001-11-26T17:50:00,1,11,26,17,50,0.02466667,20.93333333,21.79666667,0.02503014
2001-11-26T18:00:00,1,11,26,18,0,0.01300000,20.90000000,21.35500000,0.01321797
2001-11-26T18:10:00,1,11,26,18,10,0.01083333,20.75000000,21.12916667,0.01102623
2001-11-26T18:20:00,1,11,26,18,20,0.00866667,20.60000000,20.90333333,0.00882999
2001-11-26T18:30:00,1,11,26,18,30,0.00650000,20.45000000,20.67750000,0.00662924
2001-11-26T18:40:00,1,11,26,18,40,0.00433333,20.30000000,20.45166667,0.00442400
2001-11-26T18:50:00,1,11,26,18,50,0.00216667,20.15000000,20.22583333,0.00221425
2001-11-26T19:00:00,1,11,26,19,0,0.00000000,20.00000000,20.00000000,0.00000000
2001-11-26T19:10:00,1,11,26,19,10,0.00000000,20.00000000,20.00000000,0.00000000
2001-11-26T19:20:00,1,11,26,19,20,0.00000000,20.00000000,20.00000000,0.00000000
2001-11-26T19:30:00,1,11,26,19,30,0.00000000,20.00000000,20.00000000,0.00000000
2001-11-26T19:40:00,1,11,26,19,40,0.00000000,20.00000000,20.00000000,0.00000000
2001-11-26T19:50:00,1,11,26,19,50,0.00000000,20.00000000,20.00000000,0.00000000
2001-11-26T20:00:00,1,11,26,20,0,0.00000000,20.00000000,20.00000000,0.00000000
2001-11-26T20:10:00,1,11,26,20,10,0.00000000,19.90000000,19.90000000,0.00000000
2001-11-26T20:20:00,1,11,26,20,20,0.00000000,19.80000000,19.80000000,0.00000000
2001-11-26T20:30:00,1,11,26,20,30,0.00000000,19.70000000,19.70000000,0.00000000
2001-11-26T20:40:00,1,11,26,20,40,0.00000000,19.60000000,19.60000000,0.00000000
2001-11-26T20:50:00,1,11,26,20,50,0.00000000,19.50000000,19.50000000,0.00000000
2001-11-26T21:00:00,1,11,26,21,0,0.00000000,19.40000000,19.40000000,0.00000000
2001-11-26T21:10:00,1,11,26,21,10,0.00000000,19.50000000,19.50000000,0.00000000
2001-11-26T21:20:00,1,11,26,21,20,0.00000000,19.60000000,19.60000000,0.00000000
2001-11-26T21:30:00,1,11,26,21,30,0.00000000,19.70000000,19.70000000,0.00000000
2001-11-26T21:40:00,1,11,26,21,40,0.00000000,19.80000000,19.80000000,0.00000000
2001-11-26T21:50:00,1,11,26,21,50,0.00000000,19.90000000,19.90000000,0.00000000
2001-11-26T22:00:00,1,11,26,22,0,0.00000000,20.00000000,20.00000000,0.00000000
2001-11-26T22:10:00,1,11,26,22,10,0.00000000,19.88333333,19.88333333,0.00000000
2001-11-26T22:20:00,1,11,26,22,20,0.00000000,19.76666667,19.76666667,0.00000000
2001-11-26T22:30:00,1,11,26,22,30,0.00000000,19.65000000,19.65000000,0.00000000
2001-11-26T22:40:00,1,11,26,22,40,0.00000000,19.53333333,19.53333333,0.00000000
2001-11-26T22:50:00,1,11,26,22,50,0.00000000,19.41666667,19.41666667,0.00000000
2001-11-26T23:00:00,1,11,26,23,0,0.00000000,19.30000000,19.30000000,0.00000000
2001-11-26T23:10:00,1,11,26,23,10,0.00000000,19.58333333,19.58333333,0.00000000
2001-11-26T23:20:00,1,11,26,23,20,0.00000000,19.86666667,19.86666667,0.00000000
2001-11-26T23:30:00,1,11,26,23,30,0.00000000,20.15000000,20.15000000,0.00000000
2001-11-26T23:40:00,1,11,26,23,40,0.00000000,20.43333333,20.43333333,0.00000000
2001-11-26T23:50:00,1,11,26,23,50,0.00000000,20.71666667,20.71666667,0.00000000
2001-11-27T00:00:00,1,11,27,0,0,0.00000000,21.00000000,21.00000000,0.00000000
2001-11-27T00:10:00,1,11,27,0,10,0.00000000,21.01666667,21.01666667,0.00000000
2001-11-27T00:20:00,1,11,27,0,20,0.00000000,21.03333333,21.03333333,0.00000000
2001-11-27T00:30:00,1,11,27,0,30,0.00000000,21.05000000,21.05000000,0.00000000
2001-11-27T00:40:00,1,11,27,0,40,0.00000000,21.06666667,21.06666667,0.00000000
2001-11-27T00:50:00,1,11,27,0,50,0.00000000,21.08333333,21.08333333,0.00000000
2001-11-27T01:00:00,1,11,27,1,0,0.00000000,21.10000000,21.10000000,0.00000000
2001-11-27T01:10:00,1,11,27,1,10,0.00000000,21.03333333,21.03333333,0.00000000
2001-11-27T01:20:00,1,11,27,1,20,0.00000000,20.96666667,20.96666667,0.00000000
2001-11-27T01:30:00,1,11,27,1,30,0.00000000,20.90000000,20.90000000,0.00000000
2001-11-27T01:40:00,1,11,27,1,40,0.00000000,20.83333333,20.83333333,0.00000000
2001-11-27T01:50:00,1,11,27,1,50,0.00000000,20.76666667,20.76666667,0.00000000
2001-11-27T02:00:00,1,11,27,2,0,0.00000000,20.70000000,20.70000000,0.00000000
2001-11-27T02:10:00,1,11,27,2,10,0.00000000,20.76666667,20.76666667,0.00000000
2001-11-27T02:20:00,1,11,27,2,20,0.00000000,20.83333333,20.83333333,0.00000000
2001-11-27T02:30:00,1,11,27,2,30,0.00000000,20.90000000,20.90000000,0.00000000
2001-11-27T02:40:00,1,11,27,2,40,0.00000000,20.96666667,20.96666667,0.00000000
2001-11-27T02:50:00,1,11,27,2,50,0.00000000,21.03333333,21.03333333,0.00000000
2001-11-27T03:00:00,1,11,27,3,0,0.00000000,21.10000000,21.10000000,0.00000000
2001-11-27T03:10:00,1,11,27,3,10,0.00000000,21.10000000,21.10000000,0.00000000
2001-11-27T03:20:00,1,11,27,3,20,0.00000000,21.10000000,21.10000000,0.00000000
2001-11-27T03:30:00,1,11,27,3,30,0.00000000,21.10000000,21.10000000,0.00000000
2001-11-27T03:40:00,1,11,27,3,40,0.00000000,21.10000000,21.10000000,0.00000000
2001-11-27T03:50:00,1,11,27,3,50,0.00000000,21.10000000,21.10000000,0.00000000
2001-11-27T04:00:00,1,11,27,4,0,0.00000000,21.10000000,21.10000000,0.00000000
2001-11-27T04:10:00,1,11,27,4,10,0.00050000,21.18333333,21.20083333,0.00050874
2001-11-27T04:20:00,1,11,27,4,20,0.00100000,21.26666667,21.30166667,0.00101701
2001-11-27T04:30:00,1,11,27,4,30,0.00150000,21.35000000,21.40250000,0.00152482
2001-11-27T04:40:00,1,11,27,4,40,0.00200000,21.43333333,21.50333333,0.00203217
2001-11-27T04:50:00,1,11,27,4,50,0.00250000,21.51666667,21.60416667,0.00253905
2001-11-27T05:00:00,1,11,27,5,0,0.00300000,21.60000000,21.70500000,0.00304547
2001-11-27T05:10:00,1,11,27,5,10,0.00683333,21.43333333,21.67250000,0.00693793
2001-11-27T05:20:00,1,11,27,5,20,0.01066667,21.26666667,21.64000000,0.01083153
2001-11-27T05:30:00,1,11,27,5,30,0.01450000,21.10000000,21.60750000,0.01472628
2001-11-27T05:40:00,1,11,27,5,40,0.01833333,20.93333333,21.57500000,0.01862217
2001-11-27T05:50:00,1,11,27,5,50,0.02216667,20.76666667,21.54250000,0.02251922
2001-11-27T06:00:00,1,11,27,6,0,0.02600000,20.60000000,21.51000000,0.02641740
2001-11-27T06:10:00,1,11,27,6,10,0.03066667,20.66666667,21.74000000,0.03112654
2001-11-27T06:20:00,1,11,27,6,20,0.03533333,20.73333333,21.97000000,0.03582581
2001-11-27T06:30:00,1,11,27,6,30,0.04000000,20.80000000,22.20000000,0.04051520
2001-11-27T06:40:00,1,11,27,6,40,0.04466667,20.86666667,22.43000000,0.04519472
2001-11-27T06:50:00,1,11,27,6,50,0.04933333,20.93333333,22.66000000,0.04986436
2001-11-27T07:00:00,1,11,27,7,0,0.05400000,21.00000000,22.89000000,0.05452412
2001-11-27T07:10:00,1,11,27,7,10,0.05866667,20.91666667,22.97000000,0.05921450
2001-11-27T07:20:00,1,11,27,7,20,0.06333333,20.83333333,23.05000000,0.06390143
2001-11-27T07:30:00,1,11,27,7,30,0.06800000,20.75000000,23.13000000,0.06858494
2001-11-27T07:40:00,1,11,27,7,40,0.07266667,20.66666667,23.21000000,0.07326500
2001-11-27T07:50:00,1,11,27,7,50,0.07733333,20.58333333,23.29000000,0.07794164
2001-11-27T08:00:00,1,11,27,8,0,0.08200000,20.50000000,23.37000000,0.08261484
2001-11-27T08:10:00,1,11,27,8,10,0.08666667,20.40000000,23.43333333,0.08729124
2001-11-27T08:20:00,1,11,27,8,20,0.09133333,20.30000000,23.49666667,0.09196493
2001-11-27T08:30:00,1,11,27,8,30,0.09600000,20.20000000,23.56000000,0.09663590
2001-11-27T08:40:00,1,11,27,8,40,0.10066667,20.10000000,23.62333333,0.10130416
2001-11-27T08:50:00,1,11,27,8,50,0.10533333,20.00000000,23.68666667,0.10596969
2001-11-27T09:00:00,1,11,27,9,0,0.11000000,19.90000000,23.75000000,0.11063250
2001-11-27T09:10:00,1,11,27,9,10,0.11333333,20.03333333,24.00000000,0.11385467
2001-11-27T09:20:00,1,11,27,9,20,0.11666667,20.16666667,24.25000000,0.11706917
2001-11-27T09:30:00,1,11,27,9,30,0.12000000,20.30000000,24.50000000,0.12027600
2001-11-27T09:40:00,1,11,27,9,40,0.12333333,20.43333333,24.75000000,0.12347517
2001-11-27T09:50:00,1,11,27,9,50,0.12666667,20.56666667,25.00000000,0.12666667
2001-11-27T10:00:00,1,11,27,10,0,0.13000000,20.70000000,25.25000000,0.12985050
2001-11-27T10:10:00,1,11,27,10,10,0.13183333,20.58333333,25.19750000,0.13171356
2001-11-27T10:20:00,1,11,27,10,20,0.13366667,20.46666667,25.14500000,0.13357751
2001-11-27T10:30:00,1,11,27,10,30,0.13550000,20.35000000,25.09250000,0.13544234
2001-11-27T10:40:00,1,11,27,10,40,0.13733333,20.23333333,25.04000000,0.13730806
2001-11-27T10:50:00,1,11,27,10,50,0.13916667,20.11666667,24.98750000,0.13917467
2001-11-27T11:00:00,1,11,27,11,0,0.14100000,20.00000000,24.93500000,0.14104216
2001-11-27T11:10:00,1,11,27,11,10,0.14100000,20.05000000,24.98500000,0.14100973
2001-11-27T11:20:00,1,11,27,11,20,0.14100000,20.10000000,25.03500000,0.14097730
2001-11-27T11:30:00,1,11,27,11,30,0.14100000,20.15000000,25.08500000,0.14094487
2001-11-27T11:40:00,1,11,27,11,40,0.14100000,20.20000000,25.13500000,0.14091244
2001-11-27T11:50:00,1,11,27,11,50,0.14100000,20.25000000,25.18500000,0.14088001
2001-11-27T12:00:00,1,11,27,12,0,0.14100000,20.30000000,25.23500000,0.14084758
2001-11-27T12:10:00,1,11,27,12,10,0.13916667,20.23333333,25.10416667,0.13909998
2001-11-27T12:20:00,1,11,27,12,20,0.13733333,20.16666667,24.97333333,0.13735018
2001-11-27T12:30:00,1,11,27,12,30,0.13550000,20.10000000,24.84250000,0.13559817
2001-11-27T12:40:00,1,11,27,12,40,0.13366667,20.03333333,24.71166667,0.13384395
2001-11-27T12:50:00,1,11,27,12,50,0.13183333,19.96666667,24.58083333,0.13208753
2001-11-27T13:00:00,1,11,27,13,0,0.13000000,19.90000000,24.45000000,0.13032890
2001-11-27T13:10:00,1,11,27,13,10,0.12666667,19.83333333,24.26666667,0.12709396
2001-11-27T13:20:00,1,11,27,13,20,0.12333333,19.76666667,24.08333333,0.12385339
2001-11-27T13:30:00,1,11,27,13,30,0.12000000,19.70000000,23.90000000,0.12060720
2001-11-27T13:40:00,1,11,27,13,40,0.11666667,19.63333333,23.71666667,0.11735539
2001-11-27T13:50:00,1,11,27,13,50,0.11333333,19.56666667,23.53333333,0.11409796
2001-11-27T14:00:00,1,11,27,14,0,0.11000000,19.50000000,23.35000000,0.11083490
2001-11-27T14:10:00,1,11,27,14,10,0.10533333,19.63333333,23.32000000,0.10614735
2001-11-27T14:20:00,1,11,27,14,20,0.10066667,19.76666667,23.29000000,0.10145851
2001-11-27T14:30:00,1,11,27,14,30,0.09600000,19.90000000,23.26000000,0.09676838
2001-11-27T14:40:00,1,11,27,14,40,0.09133333,20.03333333,23.23000000,0.09207697
2001-11-27T14:50:00,1,11,27,14,50,0.08666667,20.16666667,23.20000000,0.08738427
2001-11-27T15:00:00,1,11,27,15,0,0.08200000,20.30000000,23.17000000,0.08269028
2001-11-27T15:10:00,1,11,27,15,10,0.07733333,20.30000000,23.00666667,0.07804243
2001-11-27T15:20:00,1,11,27,15,20,0.07266667,20.30000000,22.84333333,0.07338757
2001-11-27T15:30:00,1,11,27,15,30,0.06800000,20.30000000,22.68000000,0.06872570
2001-11-27T15:40:00,1,11,27,15,40,0.06333333,20.30000000,22.51666667,0.06405681
2001-11-27T15:50:00,1,11,27,15,50,0.05866667,20.30000000,22.35333333,0.05938091
2001-11-27T16:00:00,1,11,27,16,0,0.05400000,20.30000000,22.19000000,0.05469800
2001-11-27T16:10:00,1,11,27,16,10,0.04933333,20.18333333,21.91000000,0.05003456
2001-11-27T16:20:00,1,11,27,16,20,0.04466667,20.06666667,21.63000000,0.04535909
2001-11-27T16:30:00,1,11,27,16,30,0.04000000,19.95000000,21.35000000,0.04067160
2001-11-27T16:40:00,1,11,27,16,40,0.03533333,19.83333333,21.07000000,0.03597209
2001-11-27T16:50:00,1,11,27,16,50,0.03066667,19.71666667,20.79000000,0.03126056
2001-11-27T17:00:00,1,11,27,17,0,0.02600000,19.60000000,20.51000000,0.02653700
2001-11-27T17:10:00,1,11,27,17,10,0.02233333,19.68333333,20.46500000,0.02279923
2001-11-27T17:20:00,1,11,27,17,20,0.01866667,19.76666667,20.42000000,0.01905994
2001-11-27T17:30:00,1,11,27,17,30,0.01500000,19.85000000,20.37500000,0.01531912
2001-11-27T17:40:00,1,11,27,17,40,0.01133333,19.93333333,20.33000000,0.01157680
2001-11-27T17:50:00,1,11,27,17,50,0.00766667,20.01666667,20.28500000,0.00783295
2001-11-27T18:00:00,1,11,27,18,0,0.00400000,20.10000000,20.24000000,0.00408758
2001-11-27T18:10:00,1,11,27,18,10,0.00333333,20.15000000,20.26666667,0.00340591
2001-11-27T18:20:00,1,11,27,18,20,0.00266667,20.20000000,20.29333333,0.00272440
2001-11-27T18:30:00,1,11,27,18,30,0.00200000,20.25000000,20.32000000,0.00204306
2001-11-27T18:40:00,1,11,27,18,40,0.00133333,20.30000000,20.34666667,0.00136187
2001-11-27T18:50:00,1,11,27,18,50,0.00066667,20.35000000,20.37333333,0.00068086
2001-11-27T19:00:00,1,11,27,19,0,0.00000000,20.40000000,20.40000000,0.00000000
2001-11-27T19:10:00,1,11,27,19,10,0.00000000,20.41666667,20.41666667,0.00000000
2001-11-27T19:20:00,1,11,27,19,20,0.00000000,20.43333333,20.43333333,0.00000000
2001-11-27T19:30:00,1,11,27,19,30,0.00000000,20.45000000,20.45000000,0.00000000
2001-11-27T19:40:00,1,11,27,19,40,0.00000000,20.46666667,20.46666667,0.00000000
2001-11-27T19:50:00,1,11,27,19,50,0.00000000,20.48333333,20.48333333,0.00000000
2001-11-27T20:00:00,1,11,27,20,0,0.00000000,20.50000000,20.50000000,0.00000000
2001-11-27T20:10:00,1,11,27,20,10,0.00000000,20.61666667,20.61666667,0.00000000
2001-11-27T20:20:00,1,11,27,20,20,0.00000000,20.73333333,20.73333333,0.00000000
2001-11-27T20:30:00,1,11,27,20,30,0.00000000,20.85000000,20.85000000,0.00000000
2001-11-27T20:40:00,1,11,27,20,40,0.00000000,20.96666667,20.96666667,0.00000000
2001-11-27T20:50:00,1,11,27,20,50,0.00000000,21.08333333,21.08333333,0.00000000
2001-11-27T21:00:00,1,11,27,21,0,0.00000000,21.20000000,21.20000000,0.00000000
2001-11-27T21:10:00,1,11,27,21,10,0.00000000,21.15000000,21.15000000,0.00000000
2001-11-27T21:20:00,1,11,27,21,20,0.00000000,21.10000000,21.10000000,0.00000000
2001-11-27T21:30:00,1,11,27,21,30,0.00000000,21.05000000,21.05000000,0.00000000
2001-11-27T21:40:00,1,11,27,21,40,0.00000000,21.00000000,21.00000000,0.00000000
2001-11-27T21:50:00,1,11,27,21,50,0.00000000,20.95000000,20.95000000,0.00000000
2001-11-27T22:00:00,1,11,27,22,0,0.00000000,20.90000000,20.90000000,0.00000000
2001-11-27T22:10:00,1,11,27,22,10,0.00000000,21.05000000,21.05000000,0.00000000
2001-11-27T22:20:00,1,11,27,22,20,0.00000000,21.20000000,21.20000000,0.00000000
2001-11-27T22:30:00,1,11,27,22,30,0.00000000,21.35000000,21.35000000,0.00000000
2001-11-27T22:40:00,1,11,27,22,40,0.00000000,21.50000000,21.50000000,0.00000000
2001-11-27T22:50:00,1,11,27,22,50,0.00000000,21.65000000,21.65000000,0.00000000
2001-11-27T23:00:00,1,11,27,23,0,0.00000000,21.80000000,21.80000000,0.00000000
2001-11-27T23:10:00,1,11,27,23,10,0.00000000,21.20000000,21.20000000,0.00000000
2001-11-27T23:20:00,1,11,27,23,20,0.00000000,20.60000000,20.60000000,0.00000000
2001-11-27T23:30:00,1,11,27,23,30,0.00000000,20.00000000,20.00000000,0.00000000
2001-11-27T23:40:00,1,11,27,23,40,0.00000000,19.40000000,19.40000000,0.00000000
2001-11-27T23:50:00,1,11,27,23,50,0.00000000,18.80000000,18.80000000,0.00000000
2001-11-28T00:00:00,1,11,28,0,0,0.00000000,18.20000000,18.20000000,0.00000000
2001-11-28T00:10:00,1,11,28,0,10,0.00000000,18.20000000,18.20000000,0.00000000
2001-11-28T00:20:00,1,11,28,0,20,0.00000000,18.20000000,18.20000000,0.00000000
2001-11-28T00:30:00,1,11,28,0,30,0.00000000,18.20000000,18.20000000,0.00000000
2001-11-28T00:40:00,1,11,28,0,40,0.00000000,18.20000000,18.20000000,0.00000000
2001-11-28T00:50:00,1,11,28,0,50,0.00000000,18.20000000,18.20000000,0.00000000
2001-11-28T01:00:00,1,11,28,1,0,0.00000000,18.20000000,18.20000000,0.00000000
2001-11-28T01:10:00,1,11,28,1,10,0.00000000,18.08333333,18.08333333,0.00000000
2001-11-28T01:20:00,1,11,28,1,20,0.00000000,17.96666667,17.96666667,0.00000000
2001-11-28T01:30:00,1,11,28,1,30,0.00000000,17.85000000,17.85000000,0.00000000
2001-11-28T01:40:00,1,11,28,1,40,0.00000000,17.73333333,17.73333333,0.00000000
2001-11-28T01:50:00,1,11,28,1,50,0.00000000,17.61666667,17.61666667,0.00000000
2001-11-28T02:00:00,1,11,28,2,0,0.00000000,17.50000000,17.50000000,0.00000000
2001-11-28T02:10:00,1,11,28,2,10,0.00000000,17.51666667,17.51666667,0.00000000
2001-11-28T02:20:00,1,11,28,2,20,0.00000000,17.53333333,17.53333333,0.00000000
2001-11-28T02:30:00,1,11,28,2,30,0.00000000,17.55000000,17.55000000,0.00000000
2001-11-28T02:40:00,1,11,28,2,40,0.00000000,17.56666667,17.56666667,0.00000000
2001-11-28T02:50:00,1,11,28,2,50,0.00000000,17.58333333,17.58333333,0.00000000
2001-11-28T03:00:00,1,11,28,3,0,0.00000000,17.60000000,17.60000000,0.00000000
2001-11-28T03:10:00,1,11,28,3,10,0.00000000,17.56666667,17.56666667,0.00000000
2001-11-28T03:20:00,1,11,28,3,20,0.00000000,17.53333333,17.53333333,0.00000000
2001-11-28T03:30:00,1,11,28,3,30,0.00000000,17.50000000,17.50000000,0.00000000
2001-11-28T03:40:00,1,11,28,3,40,0.00000000,17.46666667,17.46666667,0.00000000
2001-11-28T03:50:00,1,11,28,3,50,0.00000000,17.43333333,17.43333333,0.00000000
2001-11-28T04:00:00,1,11,28,4,0,0.00000000,17.40000000,17.40000000,0.00000000
2001-11-28T04:10:00,1,11,28,4,10,0.00400000,17.35000000,17.49000000,0.00413818
2001-11-28T04:20:00,1,11,28,4,20,0.00800000,17.30000000,17.58000000,0.00827306
2001-11-28T04:30:00,1,11,28,4,30,0.01200000,17.25000000,17.67000000,0.01240462
2001-11-28T04:40:00,1,11,28,4,40,0.01600000,17.20000000,17.76000000,0.01653286
2001-11-28T04:50:00,1,11,28,4,50,0.02000000,17.15000000,17.85000000,0.02065780
2001-11-28T05:00:00,1,11,28,5,0,0.02400000,17.10000000,17.94000000,0.02477942
2001-11-28T05:10:00,1,11,28,5,10,0.04916667,17.35000000,19.07083333,0.05050765
2001-11-28T05:20:00,1,11,28,5,20,0.07433333,17.60000000,20.20166667,0.07597404
2001-11-28T05:30:00,1,11,28,5,30,0.09950000,17.85000000,21.33250000,0.10117861
2001-11-28T05:40:00,1,11,28,5,40,0.12466667,18.10000000,22.46333333,0.12612136
2001-11-28T05:50:00,1,11,28,5,50,0.14983333,18.35000000,23.59416667,0.15080228
2001-11-28T06:00:00,1,11,28,6,0,0.17500000,18.60000000,24.72500000,0.17522138
2001-11-28T06:10:00,1,11,28,6,10,0.21266667,18.93333333,26.37666667,0.21131992
2001-11-28T06:20:00,1,11,28,6,20,0.25033333,19.26666667,28.02833333,0.24684611
2001-11-28T06:30:00,1,11,28,6,30,0.28800000,19.60000000,29.68000000,0.28179994
2001-11-28T06:40:00,1,11,28,6,40,0.32566667,19.93333333,31.33166667,0.31618141
2001-11-28T06:50:00,1,11,28,6,50,0.36333333,20.26666667,32.98333333,0.34999052
2001-11-28T07:00:00,1,11,28,7,0,0.40100000,20.60000000,34.63500000,0.38322728
2001-11-28T07:10:00,1,11,28,7,10,0.39316667,20.93333333,34.69416667,0.37563412
2001-11-28T07:20:00,1,11,28,7,20,0.38533333,21.26666667,34.75333333,0.36804522
2001-11-28T07:30:00,1,11,28,7,30,0.37750000,21.60000000,34.81250000,0.36046059
2001-11-28T07:40:00,1,11,28,7,40,0.36966667,21.93333333,34.87166667,0.35288023
2001-11-28T07:50:00,1,11,28,7,50,0.36183333,22.26666667,34.93083333,0.34530412
2001-11-28T08:00:00,1,11,28,8,0,0.35400000,22.60000000,34.99000000,0.33773228
2001-11-28T08:10:00,1,11,28,8,10,0.39950000,22.56666667,36.54916667,0.37827610
2001-11-28T08:20:00,1,11,28,8,20,0.44500000,22.53333333,38.10833333,0.41816724
2001-11-28T08:30:00,1,11,28,8,30,0.49050000,22.50000000,39.66750000,0.45740572
2001-11-28T08:40:00,1,11,28,8,40,0.53600000,22.46666667,41.22666667,0.49599153
2001-11-28T08:50:00,1,11,28,8,50,0.58150000,22.43333333,42.78583333,0.53392467
2001-11-28T09:00:00,1,11,28,9,0,0.62700000,22.40000000,44.34500000,0.57120515
2001-11-28T09:10:00,1,11,28,9,10,0.61800000,22.81666667,44.44666667,0.56271702
2001-11-28T09:20:00,1,11,28,9,20,0.60900000,23.23333333,44.54833333,0.55423730
2001-11-28T09:30:00,1,11,28,9,30,0.60000000,23.65000000,44.65000000,0.54576600
2001-11-28T09:40:00,1,11,28,9,40,0.59100000,24.06666667,44.75166667,0.53730312
2001-11-28T09:50:00,1,11,28,9,50,0.58200000,24.48333333,44.85333333,0.52884866
2001-11-28T10:00:00,1,11,28,10,0,0.57300000,24.90000000,44.95500000,0.52040261
2001-11-28T10:10:00,1,11,28,10,10,0.65650000,24.80000000,47.77750000,0.58771423
2001-11-28T10:20:00,1,11,28,10,20,0.74000000,24.70000000,50.60000000,0.65285760
2001-11-28T10:30:00,1,11,28,10,30,0.82350000,24.60000000,53.42250000,0.71583273
2001-11-28T10:40:00,1,11,28,10,40,0.90700000,24.50000000,56.24500000,0.77663961
2001-11-28T10:50:00,1,11,28,10,50,0.99050000,24.40000000,59.06750000,0.83527825
2001-11-28T11:00:00,1,11,28,11,0,1.07400000,24.30000000,61.89000000,0.89174864
2001-11-28T11:10:00,1,11,28,11,10,1.07600000,25.00000000,62.66000000,0.88959806
2001-11-28T11:20:00,1,11,28,11,20,1.07800000,25.70000000,63.43000000,0.88743332
2001-11-28T11:30:00,1,11,28,11,30,1.08000000,26.40000000,64.20000000,0.88525440
2001-11-28T11:40:00,1,11,28,11,40,1.08200000,27.10000000,64.97000000,0.88306132
2001-11-28T11:50:00,1,11,28,11,50,1.08400000,27.80000000,65.74000000,0.88085406
2001-11-28T12:00:00,1,11,28,12,0,1.08600000,28.50000000,66.51000000,0.87863264
2001-11-28T12:10:00,1,11,28,12,10,1.06250000,28.51666667,65.70416667,0.86355839
2001-11-28T12:20:00,1,11,28,12,20,1.03900000,28.53333333,64.89833333,0.84830991
2001-11-28T12:30:00,1,11,28,12,30,1.01550000,28.55000000,64.09250000,0.83288720
2001-11-28T12:40:00,1,11,28,12,40,0.99200000,28.56666667,63.28666667,0.81729028
2001-11-28T12:50:00,1,11,28,12,50,0.96850000,28.58333333,62.48083333,0.80151914
2001-11-28T13:00:00,1,11,28,13,0,0.94500000,28.60000000,61.67500000,0.78557377
2001-11-28T13:10:00,1,11,28,13,10,0.87400000,28.40000000,58.99000000,0.73734660
2001-11-28T13:20:00,1,11,28,13,20,0.80300000,28.20000000,56.30500000,0.68736559
2001-11-28T13:30:00,1,11,28,13,30,0.73200000,28.00000000,53.62000000,0.63563074
2001-11-28T13:40:00,1,11,28,13,40,0.66100000,27.80000000,50.93500000,0.58214204
2001-11-28T13:50:00,1,11,28,13,50,0.59000000,27.60000000,48.25000000,0.52689950
2001-11-28T14:00:00,1,11,28,14,0,0.51900000,27.40000000,45.56500000,0.46990312
2001-11-28T14:10:00,1,11,28,14,10,0.51916667,27.00000000,45.17083333,0.47099535
2001-11-28T14:20:00,1,11,28,14,20,0.51933333,26.60000000,44.77666667,0.47208820
2001-11-28T14:30:00,1,11,28,14,30,0.51950000,26.20000000,44.38250000,0.47318164
2001-11-28T14:40:00,1,11,28,14,40,0.51966667,25.80000000,43.98833333,0.47427569
2001-11-28T14:50:00,1,11,28,14,50,0.51983333,25.40000000,43.59416667,0.47537034
2001-11-28T15:00:00,1,11,28,15,0,0.52000000,25.00000000,43.20000000,0.47646560
2001-11-28T15:10:00,1,11,28,15,10,0.49266667,24.98333333,42.22666667,0.45362645
2001-11-28T15:20:00,1,11,28,15,20,0.46533333,24.96666667,41.25333333,0.43054253
2001-11-28T15:30:00,1,11,28,15,30,0.43800000,24.95000000,40.28000000,0.40721386
2001-11-28T15:40:00,1,11,28,15,40,0.41066667,24.93333333,39.30666667,0.38364042
2001-11-28T15:50:00,1,11,28,15,50,0.38333333,24.91666667,38.33333333,0.35982222
2001-11-28T16:00:00,1,11,28,16,0,0.35600000,24.90000000,37.36000000,0.33575926
2001-11-28T16:10:00,1,11,28,16,10,0.32983333,24.70000000,36.24416667,0.31277331
2001-11-28T16:20:00,1,11,28,16,20,0.30366667,24.50000000,35.12833333,0.28951874
2001-11-28T16:30:00,1,11,28,16,30,0.27750000,24.30000000,34.01250000,0.26599554
2001-11-28T16:40:00,1,11,28,16,40,0.25133333,24.10000000,32.89666667,0.24220373
2001-11-28T16:50:00,1,11,28,16,50,0.22516667,23.90000000,31.78083333,0.21814331
2001-11-28T17:00:00,1,11,28,17,0,0.19900000,23.70000000,30.66500000,0.19381426
2001-11-28T17:10:00,1,11,28,17,10,0.17066667,23.46666667,29.44000000,0.16718097
2001-11-28T17:20:00,1,11,28,17,20,0.14233333,23.23333333,28.21500000,0.14022837
2001-11-28T17:30:00,1,11,28,17,30,0.11400000,23.00000000,26.99000000,0.11295644
2001-11-28T17:40:00,1,11,28,17,40,0.08566667,22.76666667,25.76500000,0.08536521
2001-11-28T17:50:00,1,11,28,17,50,0.05733333,22.53333333,24.54000000,0.05745465
2001-11-28T18:00:00,1,11,28,18,0,0.02900000,22.30000000,23.31500000,0.02922478
2001-11-28T18:10:00,1,11,28,18,10,0.02416667,22.06666667,22.91250000,0.02439873
2001-11-28T18:20:00,1,11,28,18,20,0.01933333,21.83333333,22.51000000,0.01955478
2001-11-28T18:30:00,1,11,28,18,30,0.01450000,21.60000000,22.10750000,0.01469293
2001-11-28T18:40:00,1,11,28,18,40,0.00966667,21.36666667,21.70500000,0.00981318
2001-11-28T18:50:00,1,11,28,18,50,0.00483333,21.13333333,21.30250000,0.00491554
2001-11-28T19:00:00,1,11,28,19,0,0.00000000,20.90000000,20.90000000,0.00000000
2001-11-28T19:10:00,1,11,28,19,10,0.00000000,20.90000000,20.90000000,0.00000000
2001-11-28T19:20:00,1,11,28,19,20,0.00000000,20.90000000,20.90000000,0.00000000
2001-11-28T19:30:00,1,11,28,19,30,0.00000000,20.90000000,20.90000000,0.00000000
2001-11-28T19:40:00,1,11,28,19,40,0.00000000,20.90000000,20.90000000,0.00000000
2001-11-28T19:50:00,1,11,28,19,50,0.00000000,20.90000000,20.90000000,0.00000000
2001-11-28T20:00:00,1,11,28,20,0,0.00000000,20.90000000,20.90000000,0.00000000
2001-11-28T20:10:00,1,11,28,20,10,0.00000000,20.68333333,20.68333333,0.00000000
2001-11-28T20:20:00,1,11,28,20,20,0.00000000,20.46666667,20.46666667,0.00000000
2001-11-28T20:30:00,1,11,28,20,30,0.00000000,20.25000000,20.25000000,0.00000000
2001-11-28T20:40:00,1,11,28,20,40,0.00000000,20.03333333,20.03333333,0.00000000
2001-11-28T20:50:00,1,11,28,20,50,0.00000000,19.81666667,19.81666667,0.00000000
2001-11-28T21:00:00,1,11,28,21,0,0.00000000,19.60000000,19.60000000,0.00000000
2001-11-28T21:10:00,1,11,28,21,10,0.00000000,19.66666667,19.66666667,0.00000000
2001-11-28T21:20:00,1,11,28,21,20,0.00000000,19.73333333,19.73333333,0.00000000
2001-11-28T21:30:00,1,11,28,21,30,0.00000000,19.80000000,19.80000000,0.00000000
2001-11-28T21:40:00,1,11,28,21,40,0.00000000,19.86666667,19.86666667,0.00000000
2001-11-28T21:50:00,1,11,28,21,50,0.00000000,19.93333333,19.93333333,0.00000000
2001-11-28T22:00:00,1,11,28,22,0,0.00000000,20.00000000,20.00000000,0.00000000
2001-11-28T22:10:00,1,11,28,22,10,0.00000000,19.81666667,19.81666667,0.00000000
2001-11-28T22:20:00,1,11,28,22,20,0.00000000,19.63333333,19.63333333,0.00000000
2001-11-28T22:30:00,1,11,28,22,30,0.00000000,19.45000000,19.45000000,0.00000000
2001-11-28T22:40:00,1,11,28,22,40,0.00000000,19.26666667,19.26666667,0.00000000
2001-11-28T22:50:00,1,11,28,22,50,0.00000000,19.08333333,19.08333333,0.00000000
2001-11-28T23:00:00,1,11,28,23,0,0.00000000,18.90000000,18.90000000,0.00000000
2001-11-28T23:10:00,1,11,28,23,10,0.00000000,19.06666667,19.06666667,0.00000000
2001-11-28T23:20:00,1,11,28,23,20,0.00000000,19.23333333,19.23333333,0.00000000
2001-11-28T23:30:00,1,11,28,23,30,0.00000000,19.40000000,19.40000000,0.00000000
2001-11-28T23:40:00,1,11,28,23,40,0.00000000,19.56666667,19.56666667,0.00000000
2001-11-28T23:50:00,1,11,28,23,50,0.00000000,19.73333333,19.73333333,0.00000000
2001-11-29T00:00:00,1,11,29,0,0,0.00000000,19.90000000,19.90000000,0.00000000
2001-11-29T00:10:00,1,11,29,0,10,0.00000000,19.98333333,19.98333333,0.00000000
2001-11-29T00:20:00,1,11,29,0,20,0.00000000,20.06666667,20.06666667,0.00000000
2001-11-29T00:30:00,1,11,29,0,30,0.00000000,20.15000000,20.15000000,0.00000000
2001-11-29T00:40:00,1,11,29,0,40,0.00000000,20.23333333,20.23333333,0.00000000
2001-11-29T00:50:00,1,11,29,0,50,0.00000000,20.31666667,20.31666667,0.00000000
2001-11-29T01:00:00,1,11,29,1,0,0.00000000,20.40000000,20.40000000,0.00000000
2001-11-29T01:10:00,1,11,29,1,10,0.00000000,20.28333333,20.28333333,0.00000000
2001-11-29T01:20:00,1,11,29,1,20,0.00000000,20.16666667,20.16666667,0.00000000
2001-11-29T01:30:00,1,11,29,1,30,0.00000000,20.05000000,20.05000000,0.00000000
2001-11-29T01:40:00,1,11,29,1,40,0.00000000,19.93333333,19.93333333,0.00000000
2001-11-29T01:50:00,1,11,29,1,50,0.00000000,19.81666667,19.81666667,0.00000000
2001-11-29T02:00:00,1,11,29,2,0,0.00000000,19.70000000,19.70000000,0.00000000
2001-11-29T02:10:00,1,11,29,2,10,0.00000000,19.73333333,19.73333333,0.00000000
2001-11-29T02:20:00,1,11,29,2,20,0.00000000,19.76666667,19.76666667,0.00000000
2001-11-29T02:30:00,1,11,29,2,30,0.00000000,19.80000000,19.80000000,0.00000000
2001-11-29T02:40:00,1,11,29,2,40,0.00000000,19.83333333,19.83333333,0.00000000
2001-11-29T02:50:00,1,11,29,2,50,0.00000000,19.86666667,19.86666667,0.00000000
2001-11-29T03:00:00,1,11,29,3,0,0.00000000,19.90000000,19.90000000,0.00000000
2001-11-29T03:10:00,1,11,29,3,10,0.00000000,19.90000000,19.90000000,0.00000000
2001-11-29T03:20:00,1,11,29,3,20,0.00000000,19.90000000,19.90000000,0.00000000
2001-11-29T03:30:00,1,11,29,3,30,0.00000000,19.90000000,19.90000000,0.00000000
2001-11-29T03:40:00,1,11,29,3,40,0.00000000,19.90000000,19.90000000,0.00000000
2001-11-29T03:50:00,1,11,29,3,50,0.00000000,19.90000000,19.90000000,0.00000000
2001-11-29T04:00:00,1,11,29,4,0,0.00000000,19.90000000,19.90000000,0.00000000
2001-11-29T04:10:00,1,11,29,4,10,0.00233333,19.91666667,19.99833333,0.00238702
2001-11-29T04:20:00,1,11,29,4,20,0.00466667,19.93333333,20.09666667,0.00477192
2001-11-29T04:30:00,1,11,29,4,30,0.00700000,19.95000000,20.19500000,0.00715472
2001-11-29T04:40:00,1,11,29,4,40,0.00933333,19.96666667,20.29333333,0.00953541
2001-11-29T04:50:00,1,11,29,4,50,0.01166667,19.98333333,20.39166667,0.01191398
2001-11-29T05:00:00,1,11,29,5,0,0.01400000,20.00000000,20.49000000,0.01429044
2001-11-29T05:10:00,1,11,29,5,10,0.03366667,20.10000000,21.27833333,0.03424303
2001-11-29T05:20:00,1,11,29,5,20,0.05333333,20.20000000,22.06666667,0.05405298
2001-11-29T05:30:00,1,11,29,5,30,0.07300000,20.30000000,22.85500000,0.07372029
2001-11-29T05:40:00,1,11,29,5,40,0.09266667,20.40000000,23.64333333,0.09324497
2001-11-29T05:50:00,1,11,29,5,50,0.11233333,20.50000000,24.43166667,0.11262701
2001-11-29T06:00:00,1,11,29,6,0,0.13200000,20.60000000,25.22000000,0.13186642
2001-11-29T06:10:00,1,11,29,6,10,0.14866667,20.61666667,25.82000000,0.14810590
2001-11-29T06:20:00,1,11,29,6,20,0.16533333,20.63333333,26.42000000,0.16425338
2001-11-29T06:30:00,1,11,29,6,30,0.18200000,20.65000000,27.02000000,0.18030886
2001-11-29T06:40:00,1,11,29,6,40,0.19866667,20.66666667,27.62000000,0.19627234
2001-11-29T06:50:00,1,11,29,6,50,0.21533333,20.68333333,28.22000000,0.21214382
2001-11-29T07:00:00,1,11,29,7,0,0.23200000,20.70000000,28.82000000,0.22792330
2001-11-29T07:10:00,1,11,29,7,10,0.27500000,20.83333333,30.45833333,0.26809521
2001-11-29T07:20:00,1,11,29,7,20,0.31800000,20.96666667,32.09666667,0.30761900
2001-11-29T07:30:00,1,11,29,7,30,0.36100000,21.10000000,33.73500000,0.34649466
2001-11-29T07:40:00,1,11,29,7,40,0.40400000,21.23333333,35.37333333,0.38472220
2001-11-29T07:50:00,1,11,29,7,50,0.44700000,21.36666667,37.01166667,0.42230161
2001-11-29T08:00:00,1,11,29,8,0,0.49000000,21.50000000,38.65000000,0.45923290
2001-11-29T08:10:00,1,11,29,8,10,0.46833333,21.75000000,38.14166667,0.44002180
2001-11-29T08:20:00,1,11,29,8,20,0.44666667,22.00000000,37.63333333,0.42070938
2001-11-29T08:30:00,1,11,29,8,30,0.42500000,22.25000000,37.12500000,0.40129562
2001-11-29T08:40:00,1,11,29,8,40,0.40333333,22.50000000,36.61666667,0.38178054
2001-11-29T08:50:00,1,11,29,8,50,0.38166667,22.75000000,36.10833333,0.36216414
2001-11-29T09:00:00,1,11,29,9,0,0.36000000,23.00000000,35.60000000,0.34244640
2001-11-29T09:10:00,1,11,29,9,10,0.35566667,22.80000000,35.24833333,0.33889971
2001-11-29T09:20:00,1,11,29,9,20,0.35133333,22.60000000,34.89666667,0.33533900
2001-11-29T09:30:00,1,11,29,9,30,0.34700000,22.40000000,34.54500000,0.33176427
2001-11-29T09:40:00,1,11,29,9,40,0.34266667,22.20000000,34.19333333,0.32817552
2001-11-29T09:50:00,1,11,29,9,50,0.33833333,22.00000000,33.84166667,0.32457275
2001-11-29T10:00:00,1,11,29,10,0,0.33400000,21.80000000,33.49000000,0.32095596
2001-11-29T10:10:00,1,11,29,10,10,0.34500000,21.81666667,33.89166667,0.33088893
2001-11-29T10:20:00,1,11,29,10,20,0.35600000,21.83333333,34.29333333,0.34078124
2001-11-29T10:30:00,1,11,29,10,30,0.36700000,21.85000000,34.69500000,0.35063290
2001-11-29T10:40:00,1,11,29,10,40,0.37800000,21.86666667,35.09666667,0.36044392
2001-11-29T10:50:00,1,11,29,10,50,0.38900000,21.88333333,35.49833333,0.37021428
2001-11-29T11:00:00,1,11,29,11,0,0.40000000,21.90000000,35.90000000,0.37994400
2001-11-29T11:10:00,1,11,29,11,10,0.42183333,22.00000000,36.76416667,0.39900575
2001-11-29T11:20:00,1,11,29,11,20,0.44366667,22.10000000,37.62833333,0.41789392
2001-11-29T11:30:00,1,11,29,11,30,0.46550000,22.20000000,38.49250000,0.43660851
2001-11-29T11:40:00,1,11,29,11,40,0.48733333,22.30000000,39.35666667,0.45514952
2001-11-29T11:50:00,1,11,29,11,50,0.50916667,22.40000000,40.22083333,0.47351694
2001-11-29T12:00:00,1,11,29,12,0,0.53100000,22.50000000,41.08500000,0.49171078
2001-11-29T12:10:00,1,11,29,12,10,0.50900000,22.63333333,40.44833333,0.47282927
2001-11-29T12:20:00,1,11,29,12,20,0.48700000,22.76666667,39.81166667,0.45381890
2001-11-29T12:30:00,1,11,29,12,30,0.46500000,22.90000000,39.17500000,0.43467968
2001-11-29T12:40:00,1,11,29,12,40,0.44300000,23.03333333,38.53833333,0.41541158
2001-11-29T12:50:00,1,11,29,12,50,0.42100000,23.16666667,37.90166667,0.39601463
2001-11-29T13:00:00,1,11,29,13,0,0.39900000,23.30000000,37.26500000,0.37648882
2001-11-29T13:10:00,1,11,29,13,10,0.37166667,23.16666667,36.17500000,0.35256114
2001-11-29T13:20:00,1,11,29,13,20,0.34433333,23.03333333,35.08500000,0.32835937
2001-11-29T13:30:00,1,11,29,13,30,0.31700000,22.90000000,33.99500000,0.30388349
2001-11-29T13:40:00,1,11,29,13,40,0.28966667,22.76666667,32.90500000,0.27913352
2001-11-29T13:50:00,1,11,29,13,50,0.26233333,22.63333333,31.81500000,0.25410945
2001-11-29T14:00:00,1,11,29,14,0,0.23500000,22.50000000,30.72500000,0.22881127
2001-11-29T14:10:00,1,11,29,14,10,0.23866667,22.38333333,30.73666667,0.23236857
2001-11-29T14:20:00,1,11,29,14,20,0.24233333,22.26666667,30.74833333,0.23592547
2001-11-29T14:30:00,1,11,29,14,30,0.24600000,22.15000000,30.76000000,0.23948198
2001-11-29T14:40:00,1,11,29,14,40,0.24966667,22.03333333,30.77166667,0.24303810
2001-11-29T14:50:00,1,11,29,14,50,0.25333333,21.91666667,30.78333333,0.24659382
2001-11-29T15:00:00,1,11,29,15,0,0.25700000,21.80000000,30.79500000,0.25014915
2001-11-29T15:10:00,1,11,29,15,10,0.27400000,21.81666667,31.40666667,0.26592504
2001-11-29T15:20:00,1,11,29,15,20,0.29100000,21.83333333,32.01833333,0.28160526
2001-11-29T15:30:00,1,11,29,15,30,0.30800000,21.85000000,32.63000000,0.29718982
2001-11-29T15:40:00,1,11,29,15,40,0.32500000,21.86666667,33.24166667,0.31267871
2001-11-29T15:50:00,1,11,29,15,50,0.34200000,21.88333333,33.85333333,0.32807194
2001-11-29T16:00:00,1,11,29,16,0,0.35900000,21.90000000,34.46500000,0.34336950
2001-11-29T16:10:00,1,11,29,16,10,0.30633333,21.91666667,32.63833333,0.29556990
2001-11-29T16:20:00,1,11,29,16,20,0.25366667,21.93333333,30.81166667,0.24688523
2001-11-29T16:30:00,1,11,29,16,30,0.20100000,21.95000000,28.98500000,0.19731547
2001-11-29T16:40:00,1,11,29,16,40,0.14833333,21.96666667,27.15833333,0.14686063
2001-11-29T16:50:00,1,11,29,16,50,0.09566667,21.98333333,25.33166667,0.09552071
2001-11-29T17:00:00,1,11,29,17,0,0.04300000,22.00000000,23.50500000,0.04329571
2001-11-29T17:10:00,1,11,29,17,10,0.03850000,21.80000000,23.14750000,0.03882808
2001-11-29T17:20:00,1,11,29,17,20,0.03400000,21.60000000,22.79000000,0.03434564
2001-11-29T17:30:00,1,11,29,17,30,0.02950000,21.40000000,22.43250000,0.02984841
2001-11-29T17:40:00,1,11,29,17,40,0.02500000,21.20000000,22.07500000,0.02533638
2001-11-29T17:50:00,1,11,29,17,50,0.02050000,21.00000000,21.71750000,0.02080954
2001-11-29T18:00:00,1,11,29,18,0,0.01600000,20.80000000,21.36000000,0.01626790
2001-11-29T18:10:00,1,11,29,18,10,0.01333333,20.83333333,21.30000000,0.01356027
2001-11-29T18:20:00,1,11,29,18,20,0.01066667,20.86666667,21.24000000,0.01085116
2001-11-29T18:30:00,1,11,29,18,30,0.00800000,20.90000000,21.18000000,0.00814058
2001-11-29T18:40:00,1,11,29,18,40,0.00533333,20.93333333,21.12000000,0.00542852
2001-11-29T18:50:00,1,11,29,18,50,0.00266667,20.96666667,21.06000000,0.00271500
2001-11-29T19:00:00,1,11,29,19,0,0.00000000,21.00000000,21.00000000,0.00000000
2001-11-29T19:10:00,1,11,29,19,10,0.00000000,20.93333333,20.93333333,0.00000000
2001-11-29T19:20:00,1,11,29,19,20,0.00000000,20.86666667,20.86666667,0.00000000
2001-11-29T19:30:00,1,11,29,19,30,0.00000000,20.80000000,20.80000000,0.00000000
2001-11-29T19:40:00,1,11,29,19,40,0.00000000,20.73333333,20.73333333,0.00000000
2001-11-29T19:50:00,1,11,29,19,50,0.00000000,20.66666667,20.66666667,0.00000000
2001-11-29T20:00:00,1,11,29,20,0,0.00000000,20.60000000,20.60000000,0.00000000
2001-11-29T20:10:00,1,11,29,20,10,0.00000000,20.61666667,20.61666667,0.00000000
2001-11-29T20:20:00,1,11,29,20,20,0.00000000,20.63333333,20.63333333,0.00000000
2001-11-29T20:30:00,1,11,29,20,30,0.00000000,20.65000000,20.65000000,0.00000000
2001-11-29T20:40:00,1,11,29,20,40,0.00000000,20.66666667,20.66666667,0.00000000
2001-11-29T20:50:00,1,11,29,20,50,0.00000000,20.68333333,20.68333333,0.00000000
2001-11-29T21:00:00,1,11,29,21,0,0.00000000,20.70000000,20.70000000,0.00000000
2001-11-29T21:10:00,1,11,29,21,10,0.00000000,20.60000000,20.60000000,0.00000000
2001-11-29T21:20:00,1,11,29,21,20,0.00000000,20.50000000,20.50000000,0.00000000
2001-11-29T21:30:00,1,11,29,21,30,0.00000000,20.40000000,20.40000000,0.00000000
2001-11-29T21:40:00,1,11,29,21,40,0.00000000,20.30000000,20.30000000,0.00000000
2001-11-29T21:50:00,1,11,29,21,50,0.00000000,20.20000000,20.20000000,0.00000000
2001-11-29T22:00:00,1,11,29,22,0,0.00000000,20.10000000,20.10000000,0.00000000
2001-11-29T22:10:00,1,11,29,22,10,0.00000000,20.16666667,20.16666667,0.00000000
2001-11-29T22:20:00,1,11,29,22,20,0.00000000,20.23333333,20.23333333,0.00000000
2001-11-29T22:30:00,1,11,29,22,30,0.00000000,20.30000000,20.30000000,0.00000000
2001-11-29T22:40:00,1,11,29,22,40,0.00000000,20.36666667,20.36666667,0.00000000
2001-11-29T22:50:00,1,11,29,22,50,0.00000000,20.43333333,20.43333333,0.00000000
2001-11-29T23:00:00,1,11,29,23,0,0.00000000,20.50000000,20.50000000,0.00000000
2001-11-29T23:10:00,1,11,29,23,10,0.00000000,20.31666667,20.31666667,0.00000000
2001-11-29T23:20:00,1,11,29,23,20,0.00000000,20.13333333,20.13333333,0.00000000
2001-11-29T23:30:00,1,11,29,23,30,0.00000000,19.95000000,19.95000000,0.00000000
2001-11-29T23:40:00,1,11,29,23,40,0.00000000,19.76666667,19.76666667,0.00000000
2001-11-29T23:50:00,1,11,29,23,50,0.00000000,19.58333333,19.58333333,0.00000000
2001-11-30T00:00:00,1,11,30,0,0,0.00000000,19.40000000,19.40000000,0.00000000
2001-11-30T00:10:00,1,11,30,0,10,0.00000000,19.38333333,19.38333333,0.00000000
2001-11-30T00:20:00,1,11,30,0,20,0.00000000,19.36666667,19.36666667,0.00000000
2001-11-30T00:30:00,1,11,30,0,30,0.00000000,19.35000000,19.35000000,0.00000000
2001-11-30T00:40:00,1,11,30,0,40,0.00000000,19.33333333,19.33333333,0.00000000
2001-11-30T00:50:00,1,11,30,0,50,0.00000000,19.31666667,19.31666667,0.00000000
2001-11-30T01:00:00,1,11,30,1,0,0.00000000,19.30000000,19.30000000,0.00000000
2001-11-30T01:10:00,1,11,30,1,10,0.00000000,19.38333333,19.38333333,0.00000000
2001-11-30T01:20:00,1,11,30,1,20,0.00000000,19.46666667,19.46666667,0.00000000
2001-11-30T01:30:00,1,11,30,1,30,0.00000000,19.55000000,19.55000000,0.00000000
2001-11-30T01:40:00,1,11,30,1,40,0.00000000,19.63333333,19.63333333,0.00000000
2001-11-30T01:50:00,1,11,30,1,50,0.00000000,19.71666667,19.71666667,0.00000000
2001-11-30T02:00:00,1,11,30,2,0,0.00000000,19.80000000,19.80000000,0.00000000
2001-11-30T02:10:00,1,11,30,2,10,0.00000000,19.75000000,19.75000000,0.00000000
2001-11-30T02:20:00,1,11,30,2,20,0.00000000,19.70000000,19.70000000,0.00000000
2001-11-30T02:30:00,1,11,30,2,30,0.00000000,19.65000000,19.65000000,0.00000000
2001-11-30T02:40:00,1,11,30,2,40,0.00000000,19.60000000,19.60000000,0.00000000
2001-11-30T02:50:00,1,11,30,2,50,0.00000000,19.55000000,19.55000000,0.00000000
2001-11-30T03:00:00,1,11,30,3,0,0.00000000,19.50000000,19.50000000,0.00000000
2001-11-30T03:10:00,1,11,30,3,10,0.00000000,19.50000000,19.50000000,0.00000000
2001-11-30T03:20:00,1,11,30,3,20,0.00000000,19.50000000,19.50000000,0.00000000
2001-11-30T03:30:00,1,11,30,3,30,0.00000000,19.50000000,19.50000000,0.00000000
2001-11-30T03:40:00,1,11,30,3,40,0.00000000,19.50000000,19.50000000,0.00000000
2001-11-30T03:50:00,1,11,30,3,50,0.00000000,19.50000000,19.50000000,0.00000000
2001-11-30T04:00:00,1,11,30,4,0,0.00000000,19.50000000,19.50000000,0.00000000
2001-11-30T04:10:00,1,11,30,4,10,0.00183333,19.55000000,19.61416667,0.00187875
2001-11-30T04:20:00,1,11,30,4,20,0.00366667,19.60000000,19.72833333,0.00375558
2001-11-30T04:30:00,1,11,30,4,30,0.00550000,19.65000000,19.84250000,0.00563048
2001-11-30T04:40:00,1,11,30,4,40,0.00733333,19.70000000,19.95666667,0.00750346
2001-11-30T04:50:00,1,11,30,4,50,0.00916667,19.75000000,20.07083333,0.00937451
2001-11-30T05:00:00,1,11,30,5,0,0.01100000,19.80000000,20.18500000,0.01124364
2001-11-30T05:10:00,1,11,30,5,10,0.02166667,19.75000000,20.50833333,0.02211434
2001-11-30T05:20:00,1,11,30,5,20,0.03233333,19.70000000,20.83166667,0.03295330
2001-11-30T05:30:00,1,11,30,5,30,0.04300000,19.65000000,21.15500000,0.04376054
2001-11-30T05:40:00,1,11,30,5,40,0.05366667,19.60000000,21.47833333,0.05453605
2001-11-30T05:50:00,1,11,30,5,50,0.06433333,19.55000000,21.80166667,0.06527983
2001-11-30T06:00:00,1,11,30,6,0,0.07500000,19.50000000,22.12500000,0.07599188
2001-11-30T06:10:00,1,11,30,6,10,0.08250000,19.73333333,22.62083333,0.08340289
2001-11-30T06:20:00,1,11,30,6,20,0.09000000,19.96666667,23.11666667,0.09077970
2001-11-30T06:30:00,1,11,30,6,30,0.09750000,20.20000000,23.61250000,0.09812229
2001-11-30T06:40:00,1,11,30,6,40,0.10500000,20.43333333,24.10833333,0.10543068
2001-11-30T06:50:00,1,11,30,6,50,0.11250000,20.66666667,24.60416667,0.11270484
2001-11-30T07:00:00,1,11,30,7,0,0.12000000,20.90000000,25.10000000,0.11994480
2001-11-30T07:10:00,1,11,30,7,10,0.11600000,20.96666667,25.02666667,0.11598577
2001-11-30T07:20:00,1,11,30,7,20,0.11200000,21.03333333,24.95333333,0.11202404
2001-11-30T07:30:00,1,11,30,7,30,0.10800000,21.10000000,24.88000000,0.10805962
2001-11-30T07:40:00,1,11,30,7,40,0.10400000,21.16666667,24.80666667,0.10409249
2001-11-30T07:50:00,1,11,30,7,50,0.10000000,21.23333333,24.73333333,0.10012267
2001-11-30T08:00:00,1,11,30,8,0,0.09600000,21.30000000,24.66000000,0.09615014
2001-11-30T08:10:00,1,11,30,8,10,0.09266667,21.20000000,24.44333333,0.09290396
2001-11-30T08:20:00,1,11,30,8,20,0.08933333,21.10000000,24.22666667,0.08965112
2001-11-30T08:30:00,1,11,30,8,30,0.08600000,21.00000000,24.01000000,0.08639164
2001-11-30T08:40:00,1,11,30,8,40,0.08266667,20.90000000,23.79333333,0.08312552
2001-11-30T08:50:00,1,11,30,8,50,0.07933333,20.80000000,23.57666667,0.07985276
2001-11-30T09:00:00,1,11,30,9,0,0.07600000,20.70000000,23.36000000,0.07657334
2001-11-30T09:10:00,1,11,30,9,10,0.13366667,20.78333333,25.46166667,0.13338280
2001-11-30T09:20:00,1,11,30,9,20,0.19133333,20.86666667,27.56333333,0.18907726
2001-11-30T09:30:00,1,11,30,9,30,0.24900000,20.95000000,29.66500000,0.24365671
2001-11-30T09:40:00,1,11,30,9,40,0.30666667,21.03333333,31.76666667,0.29712116
2001-11-30T09:50:00,1,11,30,9,50,0.36433333,21.11666667,33.86833333,0.34947060
2001-11-30T10:00:00,1,11,30,10,0,0.42200000,21.20000000,35.97000000,0.40070504
2001-11-30T10:10:00,1,11,30,10,10,0.39200000,21.61666667,35.33666667,0.37336092
2001-11-30T10:20:00,1,11,30,10,20,0.36200000,22.03333333,34.70333333,0.34584201
2001-11-30T10:30:00,1,11,30,10,30,0.33200000,22.45000000,34.07000000,0.31814830
2001-11-30T10:40:00,1,11,30,10,40,0.30200000,22.86666667,33.43666667,0.29027978
2001-11-30T10:50:00,1,11,30,10,50,0.27200000,23.28333333,32.80333333,0.26223647
2001-11-30T11:00:00,1,11,30,11,0,0.24200000,23.70000000,32.17000000,0.23401836
2001-11-30T11:10:00,1,11,30,11,10,0.26233333,23.51666667,32.69833333,0.25304350
2001-11-30T11:20:00,1,11,30,11,20,0.28266667,23.33333333,33.22666667,0.27196981
2001-11-30T11:30:00,1,11,30,11,30,0.30300000,23.15000000,33.75500000,0.29079728
2001-11-30T11:40:00,1,11,30,11,40,0.32333333,22.96666667,34.28333333,0.30952592
2001-11-30T11:50:00,1,11,30,11,50,0.34366667,22.78333333,34.81166667,0.32815573
2001-11-30T12:00:00,1,11,30,12,0,0.36400000,22.60000000,35.34000000,0.34668670
2001-11-30T12:10:00,1,11,30,12,10,0.40283333,22.75000000,36.84916667,0.38087643
2001-11-30T12:20:00,1,11,30,12,20,0.44166667,22.90000000,38.35833333,0.41452699
2001-11-30T12:30:00,1,11,30,12,30,0.48050000,23.05000000,39.86750000,0.44763836
2001-11-30T12:40:00,1,11,30,12,40,0.51933333,23.20000000,41.37666667,0.48021057
2001-11-30T12:50:00,1,11,30,12,50,0.55816667,23.35000000,42.88583333,0.51224360
2001-11-30T13:00:00,1,11,30,13,0,0.59700000,23.50000000,44.39500000,0.54373745
2001-11-30T13:10:00,1,11,30,13,10,0.58233333,23.81666667,44.19833333,0.53090612
2001-11-30T13:20:00,1,11,30,13,20,0.56766667,24.13333333,44.00166667,0.51804825
2001-11-30T13:30:00,1,11,30,13,30,0.55300000,24.45000000,43.80500000,0.50516384
2001-11-30T13:40:00,1,11,30,13,40,0.53833333,24.76666667,43.60833333,0.49225290
2001-11-30T13:50:00,1,11,30,13,50,0.52366667,25.08333333,43.41166667,0.47931542
2001-11-30T14:00:00,1,11,30,14,0,0.50900000,25.40000000,43.21500000,0.46635140
2001-11-30T14:10:00,1,11,30,14,10,0.47266667,25.25000000,41.79333333,0.43615348
2001-11-30T14:20:00,1,11,30,14,20,0.43633333,25.10000000,40.37166667,0.40548035
2001-11-30T14:30:00,1,11,30,14,30,0.40000000,24.95000000,38.95000000,0.37433200
2001-11-30T14:40:00,1,11,30,14,40,0.36366667,24.80000000,37.52833333,0.34270844
2001-11-30T14:50:00,1,11,30,14,50,0.32733333,24.65000000,36.10666667,0.31060966
2001-11-30T15:00:00,1,11,30,15,0,0.29100000,24.50000000,34.68500000,0.27803566
2001-11-30T15:10:00,1,11,30,15,10,0.26650000,24.28333333,33.61083333,0.25594398
2001-11-30T15:20:00,1,11,30,15,20,0.24200000,24.06666667,32.53666667,0.23361018
2001-11-30T15:30:00,1,11,30,15,30,0.21750000,23.85000000,31.46250000,0.21103427
2001-11-30T15:40:00,1,11,30,15,40,0.19300000,23.63333333,30.38833333,0.18821624
2001-11-30T15:50:00,1,11,30,15,50,0.16850000,23.41666667,29.31416667,0.16515609
2001-11-30T16:00:00,1,11,30,16,0,0.14400000,23.20000000,28.24000000,0.14185382
2001-11-30T16:10:00,1,11,30,16,10,0.12733333,22.86666667,27.32333333,0.12597248
2001-11-30T16:20:00,1,11,30,16,20,0.11066667,22.53333333,26.40666667,0.10995058
2001-11-30T16:30:00,1,11,30,16,30,0.09400000,22.20000000,25.49000000,0.09378812
2001-11-30T16:40:00,1,11,30,16,40,0.07733333,21.86666667,24.57333333,0.07748511
2001-11-30T16:50:00,1,11,30,16,50,0.06066667,21.53333333,23.65666667,0.06104155
2001-11-30T17:00:00,1,11,30,17,0,0.04400000,21.20000000,22.74000000,0.04445742
2001-11-30T17:10:00,1,11,30,17,10,0.03883333,21.16666667,22.52583333,0.03927530
2001-11-30T17:20:00,1,11,30,17,20,0.03366667,21.13333333,22.31166667,0.03408300
2001-11-30T17:30:00,1,11,30,17,30,0.02850000,21.10000000,22.09750000,0.02888052
2001-11-30T17:40:00,1,11,30,17,40,0.02333333,21.06666667,21.88333333,0.02366786
2001-11-30T17:50:00,1,11,30,17,50,0.01816667,21.03333333,21.66916667,0.01844501
2001-11-30T18:00:00,1,11,30,18,0,0.01300000,21.00000000,21.45500000,0.01321199
2001-11-30T18:10:00,1,11,30,18,10,0.01083333,20.86666667,21.24583333,0.01102042
2001-11-30T18:20:00,1,11,30,18,20,0.00866667,20.73333333,21.03666667,0.00882467
2001-11-30T18:30:00,1,11,30,18,30,0.00650000,20.60000000,20.82750000,0.00662476
2001-11-30T18:40:00,1,11,30,18,40,0.00433333,20.46666667,20.61833333,0.00442067
2001-11-30T18:50:00,1,11,30,18,50,0.00216667,20.33333333,20.40916667,0.00221242
2001-11-30T19:00:00,1,11,30,19,0,0.00000000,20.20000000,20.20000000,0.00000000
2001-11-30T19:10:00,1,11,30,19,10,0.00000000,20.25000000,20.25000000,0.00000000
2001-11-30T19:20:00,1,11,30,19,20,0.00000000,20.30000000,20.30000000,0.00000000
2001-11-30T19:30:00,1,11,30,19,30,0.00000000,20.35000000,20.35000000,0.00000000
2001-11-30T19:40:00,1,11,30,19,40,0.00000000,20.40000000,20.40000000,0.00000000
2001-11-30T19:50:00,1,11,30,19,50,0.00000000,20.45000000,20.45000000,0.00000000
2001-11-30T20:00:00,1,11,30,20,0,0.00000000,20.50000000,20.50000000,0.00000000
2001-11-30T20:10:00,1,11,30,20,10,0.00000000,20.38333333,20.38333333,0.00000000
2001-11-30T20:20:00,1,11,30,20,20,0.00000000,20.26666667,20.26666667,0.00000000
2001-11-30T20:30:00,1,11,30,20,30,0.00000000,20.15000000,20.15000000,0.00000000
2001-11-30T20:40:00,1,11,30,20,40,0.00000000,20.03333333,20.03333333,0.00000000
2001-11-30T20:50:00,1,11,30,20,50,0.00000000,19.91666667,19.91666667,0.00000000
2001-11-30T21:00:00,1,11,30,21,0,0.00000000,19.80000000,19.80000000,0.00000000
2001-11-30T21:10:00,1,11,30,21,10,0.00000000,19.85000000,19.85000000,0.00000000
2001-11-30T21:20:00,1,11,30,21,20,0.00000000,19.90000000,19.90000000,0.00000000
2001-11-30T21:30:00,1,11,30,21,30,0.00000000,19.95000000,19.95000000,0.00000000
2001-11-30T21:40:00,1,11,30,21,40,0.00000000,20.00000000,20.00000000,0.00000000
2001-11-30T21:50:00,1,11,30,21,50,0.00000000,20.05000000,20.05000000,0.00000000
2001-11-30T22:00:00,1,11,30,22,0,0.00000000,20.10000000,20.10000000,0.00000000
2001-11-30T22:10:00,1,11,30,22,10,0.00000000,19.91666667,19.91666667,0.00000000
2001-11-30T22:20:00,1,11,30,22,20,0.00000000,19.73333333,19.73333333,0.00000000
2001-11-30T22:30:00,1,11,30,22,30,0.00000000,19.55000000,19.55000000,0.00000000
2001-11-30T22:40:00,1,11,30,22,40,0.00000000,19.36666667,19.36666667,0.00000000
2001-11-30T22:50:00,1,11,30,22,50,0.00000000,19.18333333,19.18333333,0.00000000
2001-11-30T23:00:00,1,11,30,23,0,0.00000000,19.00000000,19.00000000,0.00000000
2001-11-30T23:10:00,1,11,30,23,10,0.00000000,19.11666667,19.11666667,0.00000000
2001-11-30T23:20:00,1,11,30,23,20,0.00000000,19.23333333,19.23333333,0.00000000
2001-11-30T23:30:00,1,11,30,23,30,0.00000000,19.35000000,19.35000000,0.00000000
2001-11-30T23:40:00,1,11,30,23,40,0.00000000,19.46666667,19.46666667,0.00000000
2001-11-30T23:50:00,1,11,30,23,50,0.00000000,19.58333333,19.58333333,0.00000000
