timestamp,source_year_index,month,day,hour,minute,irradiance_pu,ambient_temperature_c,panel_temperature_c,generation_pu
2001-04-01T00:00:00,1,4,1,0,0,0.00000000,16.30000000,16.30000000,0.00000000
2001-04-01T00:10:00,1,4,1,0,10,0.00000000,16.41666667,16.41666667,0.00000000
2001-04-01T00:20:00,1,4,1,0,20,0.00000000,16.53333333,16.53333333,0.00000000
2001-04-01T00:30:00,1,4,1,0,30,0.00000000,16.65000000,16.65000000,0.00000000
2001-04-01T00:40:00,1,4,1,0,40,0.00000000,16.76666667,16.76666667,0.00000000
2001-04-01T00:50:00,1,4,1,0,50,0.00000000,16.88333333,16.88333333,0.00000000
2001-04-01T01:00:00,1,4,1,1,0,0.00000000,17.00000000,17.00000000,0.00000000
2001-04-01T01:10:00,1,4,1,1,10,0.00000000,16.93333333,16.93333333,0.00000000
2001-04-01T01:20:00,1,4,1,1,20,0.00000000,16.86666667,16.86666667,0.00000000
2001-04-01T01:30:00,1,4,1,1,30,0.00000000,16.80000000,16.80000000,0.00000000
2001-04-01T01:40:00,1,4,1,1,40,0.00000000,16.73333333,16.73333333,0.00000000
2001-04-01T01:50:00,1,4,1,1,50,0.00000000,16.66666667,16.66666667,0.00000000
2001-04-01T02:00:00,1,4,1,2,0,0.00000000,16.60000000,16.60000000,0.00000000
2001-04-01T02:10:00,1,4,1,2,10,0.00000000,16.66666667,16.66666667,0.00000000
2001-04-01T02:20:00,1,4,1,2,20,0.00000000,16.73333333,16.73333333,0.00000000
2001-04-01T02:30:00,1,4,1,2,30,0.00000000,16.80000000,16.80000000,0.00000000
2001-04-01T02:40:00,1,4,1,2,40,0.00000000,16.86666667,16.86666667,0.00000000
2001-04-01T02:50:00,1,4,1,2,50,0.00000000,16.93333333,16.93333333,0.00000000
2001-04-01T03:00:00,1,4,1,3,0,0.00000000,17.00000000,17.00000000,0.00000000
2001-04-01T03:10:00,1,4,1,3,10,0.00000000,16.98333333,16.98333333,0.00000000
2001-04-01T03:20:00,1,4,1,3,20,0.00000000,16.96666667,16.96666667,0.00000000
2001-04-01T03:30:00,1,4,1,3,30,0.00000000,16.95000000,16.95000000,0.00000000
2001-04-01T03:40:00,1,4,1,3,40,0.00000000,16.93333333,16.93333333,0.00000000
2001-04-01T03:50:00,1,4,1,3,50,0.00000000,16.91666667,16.91666667,0.00000000
2001-04-01T04:00:00,1,4,1,4,0,0.00000000,16.90000000,16.90000000,0.00000000
2001-04-01T04:10:00,1,4,1,4,10,0.00000000,16.91666667,16.91666667,0.00000000
2001-04-01T04:20:00,1,4,1,4,20,0.00000000,16.93333333,16.93333333,0.00000000
2001-04-01T04:30:00,1,4,1,4,30,0.00000000,16.95000000,16.95000000,0.00000000
2001-04-01T04:40:00,1,4,1,4,40,0.00000000,16.96666667,16.96666667,0.00000000
2001-04-01T04:50:00,1,4,1,4,50,0.00000000,16.98333333,16.98333333,0.00000000
2001-04-01T05:00:00,1,4,1,5,0,0.00000000,17.00000000,17.00000000,0.00000000
2001-04-01T05:10:00,1,4,1,5,10,0.00633333,17.05000000,17.27166667,0.00655849
2001-04-01T05:20:00,1,4,1,5,20,0.01266667,17.10000000,17.54333333,0.01310114
2001-04-01T05:30:00,1,4,1,5,30,0.01900000,17.15000000,17.81500000,0.01962797
2001-04-01T05:40:00,1,4,1,5,40,0.02533333,17.20000000,18.08666667,0.02613897
2001-04-01T05:50:00,1,4,1,5,50,0.03166667,17.25000000,18.35833333,0.03263414
2001-04-01T06:00:00,1,4,1,6,0,0.03800000,17.30000000,18.63000000,0.03911348
2001-04-01T06:10:00,1,4,1,6,10,0.06950000,17.46666667,19.89916667,0.07113074
2001-04-01T06:20:00,1,4,1,6,20,0.10100000,17.63333333,21.16833333,0.10278019
2001-04-01T06:30:00,1,4,1,6,30,0.13250000,17.80000000,22.43750000,0.13406184
2001-04-01T06:40:00,1,4,1,6,40,0.16400000,17.96666667,23.70666667,0.16497569
2001-04-01T06:50:00,1,4,1,6,50,0.19550000,18.13333333,24.97583333,0.19552173
2001-04-01T07:00:00,1,4,1,7,0,0.22700000,18.30000000,26.24500000,0.22569997
2001-04-01T07:10:00,1,4,1,7,10,0.22450000,18.41666667,26.27416667,0.22318417
2001-04-01T07:20:00,1,4,1,7,20,0.22200000,18.53333333,26.30333333,0.22066904
2001-04-01T07:30:00,1,4,1,7,30,0.21950000,18.65000000,26.33250000,0.21815457
2001-04-01T07:40:00,1,4,1,7,40,0.21700000,18.76666667,26.36166667,0.21564078
2001-04-01T07:50:00,1,4,1,7,50,0.21450000,18.88333333,26.39083333,0.21312766
2001-04-01T08:00:00,1,4,1,8,0,0.21200000,19.00000000,26.42000000,0.21061522
2001-04-01T08:10:00,1,4,1,8,10,0.24233333,19.11666667,27.59833333,0.23943688
2001-04-01T08:20:00,1,4,1,8,20,0.27266667,19.23333333,28.77666667,0.26792972
2001-04-01T08:30:00,1,4,1,8,30,0.30300000,19.35000000,29.95500000,0.29609372
2001-04-01T08:40:00,1,4,1,8,40,0.33333333,19.46666667,31.13333333,0.32392889
2001-04-01T08:50:00,1,4,1,8,50,0.36366667,19.58333333,32.31166667,0.35143522
2001-04-01T09:00:00,1,4,1,9,0,0.39400000,19.70000000,33.49000000,0.37861272
2001-04-01T09:10:00,1,4,1,9,10,0.42050000,19.78333333,34.50083333,0.40212254
2001-04-01T09:20:00,1,4,1,9,20,0.44700000,19.86666667,35.51166667,0.42538591
2001-04-01T09:30:00,1,4,1,9,30,0.47350000,19.95000000,36.52250000,0.44840284
2001-04-01T09:40:00,1,4,1,9,40,0.50000000,20.03333333,37.53333333,0.47117333
2001-04-01T09:50:00,1,4,1,9,50,0.52650000,20.11666667,38.54416667,0.49369738
2001-04-01T10:00:00,1,4,1,10,0,0.55300000,20.20000000,39.55500000,0.51597499
2001-04-01T10:10:00,1,4,1,10,10,0.54550000,20.26666667,39.35916667,0.50946854
2001-04-01T10:20:00,1,4,1,10,20,0.53800000,20.33333333,39.16333333,0.50294858
2001-04-01T10:30:00,1,4,1,10,30,0.53050000,20.40000000,38.96750000,0.49641511
2001-04-01T10:40:00,1,4,1,10,40,0.52300000,20.46666667,38.77166667,0.48986812
2001-04-01T10:50:00,1,4,1,10,50,0.51550000,20.53333333,38.57583333,0.48330763
2001-04-01T11:00:00,1,4,1,11,0,0.50800000,20.60000000,38.38000000,0.47673362
2001-04-01T11:10:00,1,4,1,11,10,0.55016667,20.73333333,39.98916667,0.51223258
2001-04-01T11:20:00,1,4,1,11,20,0.59233333,20.86666667,41.59833333,0.54710730
2001-04-01T11:30:00,1,4,1,11,30,0.63450000,21.00000000,43.20750000,0.58135777
2001-04-01T11:40:00,1,4,1,11,40,0.67666667,21.13333333,44.81666667,0.61498399
2001-04-01T11:50:00,1,4,1,11,50,0.71883333,21.26666667,46.42583333,0.64798596
2001-04-01T12:00:00,1,4,1,12,0,0.76100000,21.40000000,48.03500000,0.68036368
2001-04-01T12:10:00,1,4,1,12,10,0.71700000,21.55000000,46.64500000,0.64561046
2001-04-01T12:20:00,1,4,1,12,20,0.67300000,21.70000000,45.25500000,0.61029457
2001-04-01T12:30:00,1,4,1,12,30,0.62900000,21.85000000,43.86500000,0.57441601
2001-04-01T12:40:00,1,4,1,12,40,0.58500000,22.00000000,42.47500000,0.53797478
2001-04-01T12:50:00,1,4,1,12,50,0.54100000,22.15000000,41.08500000,0.50097087
2001-04-01T13:00:00,1,4,1,13,0,0.49700000,22.30000000,39.69500000,0.46340429
2001-04-01T13:10:00,1,4,1,13,10,0.48750000,22.18333333,39.24583333,0.45555372
2001-04-01T13:20:00,1,4,1,13,20,0.47800000,22.06666667,38.79666667,0.44766389
2001-04-01T13:30:00,1,4,1,13,30,0.46850000,21.95000000,38.34750000,0.43973480
2001-04-01T13:40:00,1,4,1,13,40,0.45900000,21.83333333,37.89833333,0.43176646
2001-04-01T13:50:00,1,4,1,13,50,0.44950000,21.71666667,37.44916667,0.42375886
2001-04-01T14:00:00,1,4,1,14,0,0.44000000,21.60000000,37.00000000,0.41571200
2001-04-01T14:10:00,1,4,1,14,10,0.42183333,21.63333333,36.39750000,0.39971724
2001-04-01T14:20:00,1,4,1,14,20,0.40366667,21.66666667,35.79500000,0.38362179
2001-04-01T14:30:00,1,4,1,14,30,0.38550000,21.70000000,35.19250000,0.36742564
2001-04-01T14:40:00,1,4,1,14,40,0.36733333,21.73333333,34.59000000,0.35112879
2001-04-01T14:50:00,1,4,1,14,50,0.34916667,21.76666667,33.98750000,0.33473124
2001-04-01T15:00:00,1,4,1,15,0,0.33100000,21.80000000,33.38500000,0.31823300
2001-04-01T15:10:00,1,4,1,15,10,0.31300000,21.85000000,32.80500000,0.30176236
2001-04-01T15:20:00,1,4,1,15,20,0.29500000,21.90000000,32.22500000,0.28519568
2001-04-01T15:30:00,1,4,1,15,30,0.27700000,21.95000000,31.64500000,0.26853294
2001-04-01T15:40:00,1,4,1,15,40,0.25900000,22.00000000,31.06500000,0.25177416
2001-04-01T15:50:00,1,4,1,15,50,0.24100000,22.05000000,30.48500000,0.23491933
2001-04-01T16:00:00,1,4,1,16,0,0.22300000,22.10000000,29.90500000,0.21796845
2001-04-01T16:10:00,1,4,1,16,10,0.19266667,22.13333333,28.87666667,0.18923091
2001-04-01T16:20:00,1,4,1,16,20,0.16233333,22.16666667,27.84833333,0.16020639
2001-04-01T16:30:00,1,4,1,16,30,0.13200000,22.20000000,26.82000000,0.13089490
2001-04-01T16:40:00,1,4,1,16,40,0.10166667,22.23333333,25.79166667,0.10129643
2001-04-01T16:50:00,1,4,1,16,50,0.07133333,22.26666667,24.76333333,0.07141099
2001-04-01T17:00:00,1,4,1,17,0,0.04100000,22.30000000,23.73500000,0.04123858
2001-04-01T17:10:00,1,4,1,17,10,0.03416667,22.35000000,23.54583333,0.03439521
2001-04-01T17:20:00,1,4,1,17,20,0.02733333,22.40000000,23.35666667,0.02753996
2001-04-01T17:30:00,1,4,1,17,30,0.02050000,22.45000000,23.16750000,0.02067280
2001-04-01T17:40:00,1,4,1,17,40,0.01366667,22.50000000,22.97833333,0.01379376
2001-04-01T17:50:00,1,4,1,17,50,0.00683333,22.55000000,22.78916667,0.00690283
2001-04-01T18:00:00,1,4,1,18,0,0.00000000,22.60000000,22.60000000,0.00000000
2001-04-01T18:10:00,1,4,1,18,10,0.00000000,22.55000000,22.55000000,0.00000000
2001-04-01T18:20:00,1,4,1,18,20,0.00000000,22.50000000,22.50000000,0.00000000
2001-04-01T18:30:00,1,4,1,18,30,0.00000000,22.45000000,22.45000000,0.00000000
2001-04-01T18:40:00,1,4,1,18,40,0.00000000,22.40000000,22.40000000,0.00000000
2001-04-01T18:50:00,1,4,1,18,50,0.00000000,22.35000000,22.35000000,0.00000000
2001-04-01T19:00:00,1,4,1,19,0,0.00000000,22.30000000,22.30000000,0.00000000
2001-04-01T19:10:00,1,4,1,19,10,0.00000000,22.28333333,22.28333333,0.00000000
2001-04-01T19:20:00,1,4,1,19,20,0.00000000,22.26666667,22.26666667,0.00000000
2001-04-01T19:30:00,1,4,1,19,30,0.00000000,22.25000000,22.25000000,0.00000000
2001-04-01T19:40:00,1,4,1,19,40,0.00000000,22.23333333,22.23333333,0.00000000
2001-04-01T19:50:00,1,4,1,19,50,0.00000000,22.21666667,22.21666667,0.00000000
2001-04-01T20:00:00,1,4,1,20,0,0.00000000,22.20000000,22.20000000,0.00000000
2001-04-01T20:10:00,1,4,1,20,10,0.00000000,22.11666667,22.11666667,0.00000000
2001-04-01T20:20:00,1,4,1,20,20,0.00000000,22.03333333,22.03333333,0.00000000
2001-04-01T20:30:00,1,4,1,20,30,0.00000000,21.95000000,21.95000000,0.00000000
2001-04-01T20:40:00,1,4,1,20,40,0.00000000,21.86666667,21.86666667,0.00000000
2001-04-01T20:50:00,1,4,1,20,50,0.00000000,21.78333333,21.78333333,0.00000000
2001-04-01T21:00:00,1,4,1,21,0,0.00000000,21.70000000,21.70000000,0.00000000
2001-04-01T21:10:00,1,4,1,21,10,0.00000000,21.58333333,21.58333333,0.00000000
2001-04-01T21:20:00,1,4,1,21,20,0.00000000,21.46666667,21.46666667,0.00000000
2001-04-01T21:30:00,1,4,1,21,30,0.00000000,21.35000000,21.35000000,0.00000000
2001-04-01T21:40:00,1,4,1,21,40,0.00000000,21.23333333,21.23333333,0.00000000
2001-04-01T21:50:00,1,4,1,21,50,0.00000000,21.11666667,21.11666667,0.00000000
2001-04-01T22:00:00,1,4,1,22,0,0.00000000,21.00000000,21.00000000,0.00000000
2001-04-01T22:10:00,1,4,1,22,10,0.00000000,20.96666667,20.96666667,0.00000000
2001-04-01T22:20:00,1,4,1,22,20,0.00000000,20.93333333,20.93333333,0.00000000
2001-04-01T22:30:00,1,4,1,22,30,0.00000000,20.90000000,20.90000000,0.00000000
2001-04-01T22:40:00,1,4,1,22,40,0.00000000,20.86666667,20.86666667,0.00000000
2001-04-01T22:50:00,1,4,1,22,50,0.00000000,20.83333333,20.83333333,0.00000000
2001-04-01T23:00:00,1,4,1,23,0,0.00000000,20.80000000,20.80000000,0.00000000
2001-04-01T23:10:00,1,4,1,23,10,0.00000000,20.55000000,20.55000000,0.00000000
2001-04-01T23:20:00,1,4,1,23,20,0.00000000,20.30000000,20.30000000,0.00000000
2001-04-01T23:30:00,1,4,1,23,30,0.00000000,20.05000000,20.05000000,0.00000000
2001-04-01T23:40:00,1,4,1,23,40,0.00000000,19.80000000,19.80000000,0.00000000
2001-04-01T23:50:00,1,4,1,23,50,0.00000000,19.55000000,19.55000000,0.00000000
2001-04-02T00:00:00,1,4,2,0,0,0.00000000,19.30000000,19.30000000,0.00000000
2001-04-02T00:10:00,1,4,2,0,10,0.00000000,19.26666667,19.26666667,0.00000000
2001-04-02T00:20:00,1,4,2,0,20,0.00000000,19.23333333,19.23333333,0.00000000
2001-04-02T00:30:00,1,4,2,0,30,0.00000000,19.20000000,19.20000000,0.00000000
2001-04-02T00:40:00,1,4,2,0,40,0.00000000,19.16666667,19.16666667,0.00000000
2001-04-02T00:50:00,1,4,2,0,50,0.00000000,19.13333333,19.13333333,0.00000000
2001-04-02T01:00:00,1,4,2,1,0,0.00000000,19.10000000,19.10000000,0.00000000
2001-04-02T01:10:00,1,4,2,1,10,0.00000000,19.01666667,19.01666667,0.00000000
2001-04-02T01:20:00,1,4,2,1,20,0.00000000,18.93333333,18.93333333,0.00000000
2001-04-02T01:30:00,1,4,2,1,30,0.00000000,18.85000000,18.85000000,0.00000000
2001-04-02T01:40:00,1,4,2,1,40,0.00000000,18.76666667,18.76666667,0.00000000
2001-04-02T01:50:00,1,4,2,1,50,0.00000000,18.68333333,18.68333333,0.00000000
2001-04-02T02:00:00,1,4,2,2,0,0.00000000,18.60000000,18.60000000,0.00000000
2001-04-02T02:10:00,1,4,2,2,10,0.00000000,18.68333333,18.68333333,0.00000000
2001-04-02T02:20:00,1,4,2,2,20,0.00000000,18.76666667,18.76666667,0.00000000
2001-04-02T02:30:00,1,4,2,2,30,0.00000000,18.85000000,18.85000000,0.00000000
2001-04-02T02:40:00,1,4,2,2,40,0.00000000,18.93333333,18.93333333,0.00000000
2001-04-02T02:50:00,1,4,2,2,50,0.00000000,19.01666667,19.01666667,0.00000000
2001-04-02T03:00:00,1,4,2,3,0,0.00000000,19.10000000,19.10000000,0.00000000
2001-04-02T03:10:00,1,4,2,3,10,0.00000000,19.00000000,19.00000000,0.00000000
2001-04-02T03:20:00,1,4,2,3,20,0.00000000,18.90000000,18.90000000,0.00000000
2001-04-02T03:30:00,1,4,2,3,30,0.00000000,18.80000000,18.80000000,0.00000000
2001-04-02T03:40:00,1,4,2,3,40,0.00000000,18.70000000,18.70000000,0.00000000
2001-04-02T03:50:00,1,4,2,3,50,0.00000000,18.60000000,18.60000000,0.00000000
2001-04-02T04:00:00,1,4,2,4,0,0.00000000,18.50000000,18.50000000,0.00000000
2001-04-02T04:10:00,1,4,2,4,10,0.00000000,18.38333333,18.38333333,0.00000000
2001-04-02T04:20:00,1,4,2,4,20,0.00000000,18.26666667,18.26666667,0.00000000
2001-04-02T04:30:00,1,4,2,4,30,0.00000000,18.15000000,18.15000000,0.00000000
2001-04-02T04:40:00,1,4,2,4,40,0.00000000,18.03333333,18.03333333,0.00000000
2001-04-02T04:50:00,1,4,2,4,50,0.00000000,17.91666667,17.91666667,0.00000000
2001-04-02T05:00:00,1,4,2,5,0,0.00000000,17.80000000,17.80000000,0.00000000
2001-04-02T05:10:00,1,4,2,5,10,0.00766667,17.85000000,18.11833333,0.00790936
2001-04-02T05:20:00,1,4,2,5,20,0.01533333,17.90000000,18.43666667,0.01579627
2001-04-02T05:30:00,1,4,2,5,30,0.02300000,17.95000000,18.75500000,0.02366072
2001-04-02T05:40:00,1,4,2,5,40,0.03066667,18.00000000,19.07333333,0.03150272
2001-04-02T05:50:00,1,4,2,5,50,0.03833333,18.05000000,19.39166667,0.03932227
2001-04-02T06:00:00,1,4,2,6,0,0.04600000,18.10000000,19.71000000,0.04711936
2001-04-02T06:10:00,1,4,2,6,10,0.06583333,18.40000000,20.70416667,0.06713425
2001-04-02T06:20:00,1,4,2,6,20,0.08566667,18.70000000,21.69833333,0.08696774
2001-04-02T06:30:00,1,4,2,6,30,0.10550000,19.00000000,22.69250000,0.10661983
2001-04-02T06:40:00,1,4,2,6,40,0.12533333,19.30000000,23.68666667,0.12609051
2001-04-02T06:50:00,1,4,2,6,50,0.14516667,19.60000000,24.68083333,0.14537980
2001-04-02T07:00:00,1,4,2,7,0,0.16500000,19.90000000,25.67500000,0.16448767
2001-04-02T07:10:00,1,4,2,7,10,0.19433333,20.25000000,27.05166667,0.19249928
2001-04-02T07:20:00,1,4,2,7,20,0.22366667,20.60000000,28.42833333,0.22013937
2001-04-02T07:30:00,1,4,2,7,30,0.25300000,20.95000000,29.80500000,0.24740794
2001-04-02T07:40:00,1,4,2,7,40,0.28233333,21.30000000,31.18166667,0.27430500
2001-04-02T07:50:00,1,4,2,7,50,0.31166667,21.65000000,32.55833333,0.30083054
2001-04-02T08:00:00,1,4,2,8,0,0.34100000,22.00000000,33.93500000,0.32698456
2001-04-02T08:10:00,1,4,2,8,10,0.36900000,22.56666667,35.48166667,0.35120842
2001-04-02T08:20:00,1,4,2,8,20,0.39700000,23.13333333,37.02833333,0.37503386
2001-04-02T08:30:00,1,4,2,8,30,0.42500000,23.70000000,38.57500000,0.39846088
2001-04-02T08:40:00,1,4,2,8,40,0.45300000,24.26666667,40.12166667,0.42148947
2001-04-02T08:50:00,1,4,2,8,50,0.48100000,24.83333333,41.66833333,0.44411965
2001-04-02T09:00:00,1,4,2,9,0,0.50900000,25.40000000,43.21500000,0.46635140
2001-04-02T09:10:00,1,4,2,9,10,0.50883333,25.91666667,43.72583333,0.46500302
2001-04-02T09:20:00,1,4,2,9,20,0.50866667,26.43333333,44.23666667,0.46365543
2001-04-02T09:30:00,1,4,2,9,30,0.50850000,26.95000000,44.74750000,0.46230862
2001-04-02T09:40:00,1,4,2,9,40,0.50833333,27.46666667,45.25833333,0.46096260
2001-04-02T09:50:00,1,4,2,9,50,0.50816667,27.98333333,45.76916667,0.45961735
2001-04-02T10:00:00,1,4,2,10,0,0.50800000,28.50000000,46.28000000,0.45827290
2001-04-02T10:10:00,1,4,2,10,10,0.57283333,28.58333333,48.63250000,0.51056091
2001-04-02T10:20:00,1,4,2,10,20,0.63766667,28.66666667,50.98500000,0.56144573
2001-04-02T10:30:00,1,4,2,10,30,0.70250000,28.75000000,53.33750000,0.61092737
2001-04-02T10:40:00,1,4,2,10,40,0.76733333,28.83333333,55.69000000,0.65900582
2001-04-02T10:50:00,1,4,2,10,50,0.83216667,28.91666667,58.04250000,0.70568108
2001-04-02T11:00:00,1,4,2,11,0,0.89700000,29.00000000,60.39500000,0.75095315
2001-04-02T11:10:00,1,4,2,11,10,0.86650000,29.95000000,60.27750000,0.72588741
2001-04-02T11:20:00,1,4,2,11,20,0.83600000,30.90000000,60.16000000,0.70078870
2001-04-02T11:30:00,1,4,2,11,30,0.80550000,31.85000000,60.04250000,0.67565702
2001-04-02T11:40:00,1,4,2,11,40,0.77500000,32.80000000,59.92500000,0.65049238
2001-04-02T11:50:00,1,4,2,11,50,0.74450000,33.75000000,59.80750000,0.62529475
2001-04-02T12:00:00,1,4,2,12,0,0.71400000,34.70000000,59.69000000,0.60006416
2001-04-02T12:10:00,1,4,2,12,10,0.70866667,34.21666667,59.02000000,0.59776600
2001-04-02T12:20:00,1,4,2,12,20,0.70333333,33.73333333,58.35000000,0.59543497
2001-04-02T12:30:00,1,4,2,12,30,0.69800000,33.25000000,57.68000000,0.59307106
2001-04-02T12:40:00,1,4,2,12,40,0.69266667,32.76666667,57.01000000,0.59067427
2001-04-02T12:50:00,1,4,2,12,50,0.68733333,32.28333333,56.34000000,0.58824461
2001-04-02T13:00:00,1,4,2,13,0,0.68200000,31.80000000,55.67000000,0.58578208
2001-04-02T13:10:00,1,4,2,13,10,0.68050000,31.73333333,55.55083333,0.58486673
2001-04-02T13:20:00,1,4,2,13,20,0.67900000,31.66666667,55.43166667,0.58394973
2001-04-02T13:30:00,1,4,2,13,30,0.67750000,31.60000000,55.31250000,0.58303109
2001-04-02T13:40:00,1,4,2,13,40,0.67600000,31.53333333,55.19333333,0.58211081
2001-04-02T13:50:00,1,4,2,13,50,0.67450000,31.46666667,55.07416667,0.58118888
2001-04-02T14:00:00,1,4,2,14,0,0.67300000,31.40000000,54.95500000,0.58026531
2001-04-02T14:10:00,1,4,2,14,10,0.64050000,31.48333333,53.90083333,0.55534947
2001-04-02T14:20:00,1,4,2,14,20,0.60800000,31.56666667,52.84666667,0.53011844
2001-04-02T14:30:00,1,4,2,14,30,0.57550000,31.65000000,51.79250000,0.50457221
2001-04-02T14:40:00,1,4,2,14,40,0.54300000,31.73333333,50.73833333,0.47871079
2001-04-02T14:50:00,1,4,2,14,50,0.51050000,31.81666667,49.68416667,0.45253417
2001-04-02T15:00:00,1,4,2,15,0,0.47800000,31.90000000,48.63000000,0.42604236
2001-04-02T15:10:00,1,4,2,15,10,0.44133333,31.33333333,46.78000000,0.39711703
2001-04-02T15:20:00,1,4,2,15,20,0.40466667,30.76666667,44.93000000,0.36756764
2001-04-02T15:30:00,1,4,2,15,30,0.36800000,30.20000000,43.08000000,0.33739418
2001-04-02T15:40:00,1,4,2,15,40,0.33133333,29.63333333,41.23000000,0.30659665
2001-04-02T15:50:00,1,4,2,15,50,0.29466667,29.06666667,39.38000000,0.27517506
2001-04-02T16:00:00,1,4,2,16,0,0.25800000,28.50000000,37.53000000,0.24312940
2001-04-02T16:10:00,1,4,2,16,10,0.22366667,27.81666667,35.64500000,0.21271438
2001-04-02T16:20:00,1,4,2,16,20,0.18933333,27.13333333,33.76000000,0.18170396
2001-04-02T16:30:00,1,4,2,16,30,0.15500000,26.45000000,31.87500000,0.15009812
2001-04-02T16:40:00,1,4,2,16,40,0.12066667,25.76666667,29.99000000,0.11789688
2001-04-02T16:50:00,1,4,2,16,50,0.08633333,25.08333333,28.10500000,0.08510023
2001-04-02T17:00:00,1,4,2,17,0,0.05200000,24.40000000,26.22000000,0.05170818
2001-04-02T17:10:00,1,4,2,17,10,0.04333333,23.98333333,25.50000000,0.04323367
2001-04-02T17:20:00,1,4,2,17,20,0.03466667,23.56666667,24.78000000,0.03470175
2001-04-02T17:30:00,1,4,2,17,30,0.02600000,23.15000000,24.06000000,0.02611242
2001-04-02T17:40:00,1,4,2,17,40,0.01733333,22.73333333,23.34000000,0.01746569
2001-04-02T17:50:00,1,4,2,17,50,0.00866667,22.31666667,22.62000000,0.00876155
2001-04-02T18:00:00,1,4,2,18,0,0.00000000,21.90000000,21.90000000,0.00000000
2001-04-02T18:10:00,1,4,2,18,10,0.00000000,21.55000000,21.55000000,0.00000000
2001-04-02T18:20:00,1,4,2,18,20,0.00000000,21.20000000,21.20000000,0.00000000
2001-04-02T18:30:00,1,4,2,18,30,0.00000000,20.85000000,20.85000000,0.00000000
2001-04-02T18:40:00,1,4,2,18,40,0.00000000,20.50000000,20.50000000,0.00000000
2001-04-02T18:50:00,1,4,2,18,50,0.00000000,20.15000000,20.15000000,0.00000000
2001-04-02T19:00:00,1,4,2,19,0,0.00000000,19.80000000,19.80000000,0.00000000
2001-04-02T19:10:00,1,4,2,19,10,0.00000000,19.78333333,19.78333333,0.00000000
2001-04-02T19:20:00,1,4,2,19,20,0.00000000,19.76666667,19.76666667,0.00000000
2001-04-02T19:30:00,1,4,2,19,30,0.00000000,19.75000000,19.75000000,0.00000000
2001-04-02T19:40:00,1,4,2,19,40,0.00000000,19.73333333,19.73333333,0.00000000
2001-04-02T19:50:00,1,4,2,19,50,0.00000000,19.71666667,19.71666667,0.00000000
2001-04-02T20:00:00,1,4,2,20,0,0.00000000,19.70000000,19.70000000,0.00000000
2001-04-02T20:10:00,1,4,2,20,10,0.00000000,19.58333333,19.58333333,0.00000000
2001-04-02T20:20:00,1,4,2,20,20,0.00000000,19.46666667,19.46666667,0.00000000
2001-04-02T20:30:00,1,4,2,20,30,0.00000000,19.35000000,19.35000000,0.00000000
2001-04-02T20:40:00,1,4,2,20,40,0.00000000,19.23333333,19.23333333,0.00000000
2001-04-02T20:50:00,1,4,2,20,50,0.00000000,19.11666667,19.11666667,0.00000000
2001-04-02T21:00:00,1,4,2,21,0,0.00000000,19.00000000,19.00000000,0.00000000
2001-04-02T21:10:00,1,4,2,21,10,0.00000000,18.75000000,18.75000000,0.00000000
2001-04-02T21:20:00,1,4,2,21,20,0.00000000,18.50000000,18.50000000,0.00000000
2001-04-02T21:30:00,1,4,2,21,30,0.00000000,18.25000000,18.25000000,0.00000000
2001-04-02T21:40:00,1,4,2,21,40,0.00000000,18.00000000,18.00000000,0.00000000
2001-04-02T21:50:00,1,4,2,21,50,0.00000000,17.75000000,17.75000000,0.00000000
2001-04-02T22:00:00,1,4,2,22,0,0.00000000,17.50000000,17.50000000,0.00000000
2001-04-02T22:10:00,1,4,2,22,10,0.00000000,17.38333333,17.38333333,0.00000000
2001-04-02T22:20:00,1,4,2,22,20,0.00000000,17.26666667,17.26666667,0.00000000
2001-04-02T22:30:00,1,4,2,22,30,0.00000000,17.15000000,17.15000000,0.00000000
2001-04-02T22:40:00,1,4,2,22,40,0.00000000,17.03333333,17.03333333,0.00000000
2001-04-02T22:50:00,1,4,2,22,50,0.00000000,16.91666667,16.91666667,0.00000000
2001-04-02T23:00:00,1,4,2,23,0,0.00000000,16.80000000,16.80000000,0.00000000
2001-04-02T23:10:00,1,4,2,23,10,0.00000000,16.93333333,16.93333333,0.00000000
2001-04-02T23:20:00,1,4,2,23,20,0.00000000,17.06666667,17.06666667,0.00000000
2001-04-02T23:30:00,1,4,2,23,30,0.00000000,17.20000000,17.20000000,0.00000000
2001-04-02T23:40:00,1,4,2,23,40,0.00000000,17.33333333,17.33333333,0.00000000
2001-04-02T23:50:00,1,4,2,23,50,0.00000000,17.46666667,17.46666667,0.00000000
2001-04-03T00:00:00,1,4,3,0,0,0.00000000,17.60000000,17.60000000,0.00000000
2001-04-03T00:10:00,1,4,3,0,10,0.00000000,17.53333333,17.53333333,0.00000000
2001-04-03T00:20:00,1,4,3,0,20,0.00000000,17.46666667,17.46666667,0.00000000
2001-04-03T00:30:00,1,4,3,0,30,0.00000000,17.40000000,17.40000000,0.00000000
2001-04-03T00:40:00,1,4,3,0,40,0.00000000,17.33333333,17.33333333,0.00000000
2001-04-03T00:50:00,1,4,3,0,50,0.00000000,17.26666667,17.26666667,0.00000000
2001-04-03T01:00:00,1,4,3,1,0,0.00000000,17.20000000,17.20000000,0.00000000
2001-04-03T01:10:00,1,4,3,1,10,0.00000000,17.18333333,17.18333333,0.00000000
2001-04-03T01:20:00,1,4,3,1,20,0.00000000,17.16666667,17.16666667,0.00000000
2001-04-03T01:30:00,1,4,3,1,30,0.00000000,17.15000000,17.15000000,0.00000000
2001-04-03T01:40:00,1,4,3,1,40,0.00000000,17.13333333,17.13333333,0.00000000
2001-04-03T01:50:00,1,4,3,1,50,0.00000000,17.11666667,17.11666667,0.00000000
2001-04-03T02:00:00,1,4,3,2,0,0.00000000,17.10000000,17.10000000,0.00000000
2001-04-03T02:10:00,1,4,3,2,10,0.00000000,17.11666667,17.11666667,0.00000000
2001-04-03T02:20:00,1,4,3,2,20,0.00000000,17.13333333,17.13333333,0.00000000
2001-04-03T02:30:00,1,4,3,2,30,0.00000000,17.15000000,17.15000000,0.00000000
2001-04-03T02:40:00,1,4,3,2,40,0.00000000,17.16666667,17.16666667,0.00000000
2001-04-03T02:50:00,1,4,3,2,50,0.00000000,17.18333333,17.18333333,0.00000000
2001-04-03T03:00:00,1,4,3,3,0,0.00000000,17.20000000,17.20000000,0.00000000
2001-04-03T03:10:00,1,4,3,3,10,0.00000000,17.18333333,17.18333333,0.00000000
2001-04-03T03:20:00,1,4,3,3,20,0.00000000,17.16666667,17.16666667,0.00000000
2001-04-03T03:30:00,1,4,3,3,30,0.00000000,17.15000000,17.15000000,0.00000000
2001-04-03T03:40:00,1,4,3,3,40,0.00000000,17.13333333,17.13333333,0.00000000
2001-04-03T03:50:00,1,4,3,3,50,0.00000000,17.11666667,17.11666667,0.00000000
2001-04-03T04:00:00,1,4,3,4,0,0.00000000,17.10000000,17.10000000,0.00000000
2001-04-03T04:10:00,1,4,3,4,10,0.00000000,17.08333333,17.08333333,0.00000000
2001-04-03T04:20:00,1,4,3,4,20,0.00000000,17.06666667,17.06666667,0.00000000
2001-04-03T04:30:00,1,4,3,4,30,0.00000000,17.05000000,17.05000000,0.00000000
2001-04-03T04:40:00,1,4,3,4,40,0.00000000,17.03333333,17.03333333,0.00000000
2001-04-03T04:50:00,1,4,3,4,50,0.00000000,17.01666667,17.01666667,0.00000000
2001-04-03T05:00:00,1,4,3,5,0,0.00000000,17.00000000,17.00000000,0.00000000
2001-04-03T05:10:00,1,4,3,5,10,0.00733333,17.01666667,17.27333333,0.00759398
2001-04-03T05:20:00,1,4,3,5,20,0.01466667,17.03333333,17.54666667,0.01516952
2001-04-03T05:30:00,1,4,3,5,30,0.02200000,17.05000000,17.82000000,0.02272662
2001-04-03T05:40:00,1,4,3,5,40,0.02933333,17.06666667,18.09333333,0.03026527
2001-04-03T05:50:00,1,4,3,5,50,0.03666667,17.08333333,18.36666667,0.03778549
2001-04-03T06:00:00,1,4,3,6,0,0.04400000,17.10000000,18.64000000,0.04528726
2001-04-03T06:10:00,1,4,3,6,10,0.07500000,17.35000000,19.97500000,0.07673362
2001-04-03T06:20:00,1,4,3,6,20,0.10600000,17.60000000,21.31000000,0.10779924
2001-04-03T06:30:00,1,4,3,6,30,0.13700000,17.85000000,22.64500000,0.13848412
2001-04-03T06:40:00,1,4,3,6,40,0.16800000,18.10000000,23.98000000,0.16878826
2001-04-03T06:50:00,1,4,3,6,50,0.19900000,18.35000000,25.31500000,0.19871165
2001-04-03T07:00:00,1,4,3,7,0,0.23000000,18.60000000,26.65000000,0.22825430
2001-04-03T07:10:00,1,4,3,7,10,0.26933333,18.93333333,28.36000000,0.26517052
2001-04-03T07:20:00,1,4,3,7,20,0.30866667,19.26666667,30.07000000,0.30146794
2001-04-03T07:30:00,1,4,3,7,30,0.34800000,19.60000000,31.78000000,0.33714658
2001-04-03T07:40:00,1,4,3,7,40,0.38733333,19.93333333,33.49000000,0.37220642
2001-04-03T07:50:00,1,4,3,7,50,0.42666667,20.26666667,35.20000000,0.40664747
2001-04-03T08:00:00,1,4,3,8,0,0.46600000,20.60000000,36.91000000,0.44046972
2001-04-03T08:10:00,1,4,3,8,10,0.46566667,20.80000000,37.09833333,0.43975123
2001-04-03T08:20:00,1,4,3,8,20,0.46533333,21.00000000,37.28666667,0.43903331
2001-04-03T08:30:00,1,4,3,8,30,0.46500000,21.20000000,37.47500000,0.43831598
2001-04-03T08:40:00,1,4,3,8,40,0.46466667,21.40000000,37.66333333,0.43759921
2001-04-03T08:50:00,1,4,3,8,50,0.46433333,21.60000000,37.85166667,0.43688303
2001-04-03T09:00:00,1,4,3,9,0,0.46400000,21.80000000,38.04000000,0.43616742
2001-04-03T09:10:00,1,4,3,9,10,0.48950000,21.85000000,38.98250000,0.45801560
2001-04-03T09:20:00,1,4,3,9,20,0.51500000,21.90000000,39.92500000,0.47964268
2001-04-03T09:30:00,1,4,3,9,30,0.54050000,21.95000000,40.86750000,0.50104863
2001-04-03T09:40:00,1,4,3,9,40,0.56600000,22.00000000,41.81000000,0.52223348
2001-04-03T09:50:00,1,4,3,9,50,0.59150000,22.05000000,42.75250000,0.54319722
2001-04-03T10:00:00,1,4,3,10,0,0.61700000,22.10000000,43.69500000,0.56393985
2001-04-03T10:10:00,1,4,3,10,10,0.61283333,22.41666667,43.86583333,0.55964992
2001-04-03T10:20:00,1,4,3,10,20,0.60866667,22.73333333,44.03666667,0.55536654
2001-04-03T10:30:00,1,4,3,10,30,0.60450000,23.05000000,44.20750000,0.55108970
2001-04-03T10:40:00,1,4,3,10,40,0.60033333,23.36666667,44.37833333,0.54681942
2001-04-03T10:50:00,1,4,3,10,50,0.59616667,23.68333333,44.54916667,0.54255568
2001-04-03T11:00:00,1,4,3,11,0,0.59200000,24.00000000,44.72000000,0.53829850
2001-04-03T11:10:00,1,4,3,11,10,0.61616667,24.05000000,45.61583333,0.55773384
2001-04-03T11:20:00,1,4,3,11,20,0.64033333,24.10000000,46.51166667,0.57697000
2001-04-03T11:30:00,1,4,3,11,30,0.66450000,24.15000000,47.40750000,0.59600699
2001-04-03T11:40:00,1,4,3,11,40,0.68866667,24.20000000,48.30333333,0.61484481
2001-04-03T11:50:00,1,4,3,11,50,0.71283333,24.25000000,49.19916667,0.63348346
2001-04-03T12:00:00,1,4,3,12,0,0.73700000,24.30000000,50.09500000,0.65192293
2001-04-03T12:10:00,1,4,3,12,10,0.73300000,24.35000000,50.00500000,0.64868814
2001-04-03T12:20:00,1,4,3,12,20,0.72900000,24.40000000,49.91500000,0.64545004
2001-04-03T12:30:00,1,4,3,12,30,0.72500000,24.45000000,49.82500000,0.64220862
2001-04-03T12:40:00,1,4,3,12,40,0.72100000,24.50000000,49.73500000,0.63896390
2001-04-03T12:50:00,1,4,3,12,50,0.71700000,24.55000000,49.64500000,0.63571586
2001-04-03T13:00:00,1,4,3,13,0,0.71300000,24.60000000,49.55500000,0.63246451
2001-04-03T13:10:00,1,4,3,13,10,0.69500000,24.65000000,48.97500000,0.61835193
2001-04-03T13:20:00,1,4,3,13,20,0.67700000,24.70000000,48.39500000,0.60414329
2001-04-03T13:30:00,1,4,3,13,30,0.65900000,24.75000000,47.81500000,0.58983861
2001-04-03T13:40:00,1,4,3,13,40,0.64100000,24.80000000,47.23500000,0.57543788
2001-04-03T13:50:00,1,4,3,13,50,0.62300000,24.85000000,46.65500000,0.56094110
2001-04-03T14:00:00,1,4,3,14,0,0.60500000,24.90000000,46.07500000,0.54634828
2001-04-03T14:10:00,1,4,3,14,10,0.54250000,24.81666667,43.80416667,0.49557420
2001-04-03T14:20:00,1,4,3,14,20,0.48000000,24.73333333,41.53333333,0.44349440
2001-04-03T14:30:00,1,4,3,14,30,0.41750000,24.65000000,39.26250000,0.39010887
2001-04-03T14:40:00,1,4,3,14,40,0.35500000,24.56666667,36.99166667,0.33541761
2001-04-03T14:50:00,1,4,3,14,50,0.29250000,24.48333333,34.72083333,0.27942062
2001-04-03T15:00:00,1,4,3,15,0,0.23000000,24.40000000,32.45000000,0.22211790
2001-04-03T15:10:00,1,4,3,15,10,0.22333333,23.95000000,31.76666667,0.21638171
2001-04-03T15:20:00,1,4,3,15,20,0.21666667,23.50000000,31.08333333,0.21060361
2001-04-03T15:30:00,1,4,3,15,30,0.21000000,23.05000000,30.40000000,0.20478360
2001-04-03T15:40:00,1,4,3,15,40,0.20333333,22.60000000,29.71666667,0.19892168
2001-04-03T15:50:00,1,4,3,15,50,0.19666667,22.15000000,29.03333333,0.19301784
2001-04-03T16:00:00,1,4,3,16,0,0.19000000,21.70000000,28.35000000,0.18707210
2001-04-03T16:10:00,1,4,3,16,10,0.16666667,21.73333333,27.56666667,0.16469889
2001-04-03T16:20:00,1,4,3,16,20,0.14333333,21.76666667,26.78333333,0.14215752
2001-04-03T16:30:00,1,4,3,16,30,0.12000000,21.80000000,26.00000000,0.11944800
2001-04-03T16:40:00,1,4,3,16,40,0.09666667,21.83333333,25.21666667,0.09657032
2001-04-03T16:50:00,1,4,3,16,50,0.07333333,21.86666667,24.43333333,0.07352449
2001-04-03T17:00:00,1,4,3,17,0,0.05000000,21.90000000,23.65000000,0.05031050
2001-04-03T17:10:00,1,4,3,17,10,0.04166667,21.65000000,23.10833333,0.04202924
2001-04-03T17:20:00,1,4,3,17,20,0.03333333,21.40000000,22.56666667,0.03370644
2001-04-03T17:30:00,1,4,3,17,30,0.02500000,21.15000000,22.02500000,0.02534213
2001-04-03T17:40:00,1,4,3,17,40,0.01666667,20.90000000,21.48333333,0.01693628
2001-04-03T17:50:00,1,4,3,17,50,0.00833333,20.65000000,20.94166667,0.00848890
2001-04-03T18:00:00,1,4,3,18,0,0.00000000,20.40000000,20.40000000,0.00000000
2001-04-03T18:10:00,1,4,3,18,10,0.00000000,20.31666667,20.31666667,0.00000000
2001-04-03T18:20:00,1,4,3,18,20,0.00000000,20.23333333,20.23333333,0.00000000
2001-04-03T18:30:00,1,4,3,18,30,0.00000000,20.15000000,20.15000000,0.00000000
2001-04-03T18:40:00,1,4,3,18,40,0.00000000,20.06666667,20.06666667,0.00000000
2001-04-03T18:50:00,1,4,3,18,50,0.00000000,19.98333333,19.98333333,0.00000000
2001-04-03T19:00:00,1,4,3,19,0,0.00000000,19.90000000,19.90000000,0.00000000
2001-04-03T19:10:00,1,4,3,19,10,0.00000000,19.96666667,19.96666667,0.00000000
2001-04-03T19:20:00,1,4,3,19,20,0.00000000,20.03333333,20.03333333,0.00000000
2001-04-03T19:30:00,1,4,3,19,30,0.00000000,20.10000000,20.10000000,0.00000000
2001-04-03T19:40:00,1,4,3,19,40,0.00000000,20.16666667,20.16666667,0.00000000
2001-04-03T19:50:00,1,4,3,19,50,0.00000000,20.23333333,20.23333333,0.00000000
2001-04-03T20:00:00,1,4,3,20,0,0.00000000,20.30000000,20.30000000,0.00000000
2001-04-03T20:10:00,1,4,3,20,10,0.00000000,20.13333333,20.13333333,0.00000000
2001-04-03T20:20:00,1,4,3,20,20,0.00000000,19.96666667,19.96666667,0.00000000
2001-04-03T20:30:00,1,4,3,20,30,0.00000000,19.80000000,19.80000000,0.00000000
2001-04-03T20:40:00,1,4,3,20,40,0.00000000,19.63333333,19.63333333,0.00000000
2001-04-03T20:50:00,1,4,3,20,50,0.00000000,19.46666667,19.46666667,0.00000000
2001-04-03T21:00:00,1,4,3,21,0,0.00000000,19.30000000,19.30000000,0.00000000
2001-04-03T21:10:00,1,4,3,21,10,0.00000000,19.25000000,19.25000000,0.00000000
2001-04-03T21:20:00,1,4,3,21,20,0.00000000,19.20000000,19.20000000,0.00000000
2001-04-03T21:30:00,1,4,3,21,30,0.00000000,19.15000000,19.15000000,0.00000000
2001-04-03T21:40:00,1,4,3,21,40,0.00000000,19.10000000,19.10000000,0.00000000
2001-04-03T21:50:00,1,4,3,21,50,0.00000000,19.05000000,19.05000000,0.00000000
2001-04-03T22:00:00,1,4,3,22,0,0.00000000,19.00000000,19.00000000,0.00000000
2001-04-03T22:10:00,1,4,3,22,10,0.00000000,18.93333333,18.93333333,0.00000000
2001-04-03T22:20:00,1,4,3,22,20,0.00000000,18.86666667,18.86666667,0.00000000
2001-04-03T22:30:00,1,4,3,22,30,0.00000000,18.80000000,18.80000000,0.00000000
2001-04-03T22:40:00,1,4,3,22,40,0.00000000,18.73333333,18.73333333,0.00000000
2001-04-03T22:50:00,1,4,3,22,50,0.00000000,18.66666667,18.66666667,0.00000000
2001-04-03T23:00:00,1,4,3,23,0,0.00000000,18.60000000,18.60000000,0.00000000
2001-04-03T23:10:00,1,4,3,23,10,0.00000000,18.60000000,18.60000000,0.00000000
2001-04-03T23:20:00,1,4,3,23,20,0.00000000,18.60000000,18.60000000,0.00000000
2001-04-03T23:30:00,1,4,3,23,30,0.00000000,18.60000000,18.60000000,0.00000000
2001-04-03T23:40:00,1,4,3,23,40,0.00000000,18.60000000,18.60000000,0.00000000
2001-04-03T23:50:00,1,4,3,23,50,0.00000000,18.60000000,18.60000000,0.00000000
2001-04-04T00:00:00,1,4,4,0,0,0.00000000,18.60000000,18.60000000,0.00000000
2001-04-04T00:10:00,1,4,4,0,10,0.00000000,18.56666667,18.56666667,0.00000000
2001-04-04T00:20:00,1,4,4,0,20,0.00000000,18.53333333,18.53333333,0.00000000
2001-04-04T00:30:00,1,4,4,0,30,0.00000000,18.50000000,18.50000000,0.00000000
2001-04-04T00:40:00,1,4,4,0,40,0.00000000,18.46666667,18.46666667,0.00000000
2001-04-04T00:50:00,1,4,4,0,50,0.00000000,18.43333333,18.43333333,0.00000000
2001-04-04T01:00:00,1,4,4,1,0,0.00000000,18.40000000,18.40000000,0.00000000
2001-04-04T01:10:00,1,4,4,1,10,0.00000000,18.38333333,18.38333333,0.00000000
2001-04-04T01:20:00,1,4,4,1,20,0.00000000,18.36666667,18.36666667,0.00000000
2001-04-04T01:30:00,1,4,4,1,30,0.00000000,18.35000000,18.35000000,0.00000000
2001-04-04T01:40:00,1,4,4,1,40,0.00000000,18.33333333,18.33333333,0.00000000
2001-04-04T01:50:00,1,4,4,1,50,0.00000000,18.31666667,18.31666667,0.00000000
2001-04-04T02:00:00,1,4,4,2,0,0.00000000,18.30000000,18.30000000,0.00000000
2001-04-04T02:10:00,1,4,4,2,10,0.00000000,18.15000000,18.15000000,0.00000000
2001-04-04T02:20:00,1,4,4,2,20,0.00000000,18.00000000,18.00000000,0.00000000
2001-04-04T02:30:00,1,4,4,2,30,0.00000000,17.85000000,17.85000000,0.00000000
2001-04-04T02:40:00,1,4,4,2,40,0.00000000,17.70000000,17.70000000,0.00000000
2001-04-04T02:50:00,1,4,4,2,50,0.00000000,17.55000000,17.55000000,0.00000000
2001-04-04T03:00:00,1,4,4,3,0,0.00000000,17.40000000,17.40000000,0.00000000
2001-04-04T03:10:00,1,4,4,3,10,0.00000000,17.36666667,17.36666667,0.00000000
2001-04-04T03:20:00,1,4,4,3,20,0.00000000,17.33333333,17.33333333,0.00000000
2001-04-04T03:30:00,1,4,4,3,30,0.00000000,17.30000000,17.30000000,0.00000000
2001-04-04T03:40:00,1,4,4,3,40,0.00000000,17.26666667,17.26666667,0.00000000
2001-04-04T03:50:00,1,4,4,3,50,0.00000000,17.23333333,17.23333333,0.00000000
2001-04-04T04:00:00,1,4,4,4,0,0.00000000,17.20000000,17.20000000,0.00000000
2001-04-04T04:10:00,1,4,4,4,10,0.00000000,17.25000000,17.25000000,0.00000000
2001-04-04T04:20:00,1,4,4,4,20,0.00000000,17.30000000,17.30000000,0.00000000
2001-04-04T04:30:00,1,4,4,4,30,0.00000000,17.35000000,17.35000000,0.00000000
2001-04-04T04:40:00,1,4,4,4,40,0.00000000,17.40000000,17.40000000,0.00000000
2001-04-04T04:50:00,1,4,4,4,50,0.00000000,17.45000000,17.45000000,0.00000000
2001-04-04T05:00:00,1,4,4,5,0,0.00000000,17.50000000,17.50000000,0.00000000
2001-04-04T05:10:00,1,4,4,5,10,0.00650000,17.53333333,17.76083333,0.00671645
2001-04-04T05:20:00,1,4,4,5,20,0.01300000,17.56666667,18.02166667,0.01341730
2001-04-04T05:30:00,1,4,4,5,30,0.01950000,17.60000000,18.28250000,0.02010256
2001-04-04T05:40:00,1,4,4,5,40,0.02600000,17.63333333,18.54333333,0.02677222
2001-04-04T05:50:00,1,4,4,5,50,0.03250000,17.66666667,18.80416667,0.03342628
2001-04-04T06:00:00,1,4,4,6,0,0.03900000,17.70000000,19.06500000,0.04006474
2001-04-04T06:10:00,1,4,4,6,10,0.05600000,17.90000000,19.86000000,0.05732406
2001-04-04T06:20:00,1,4,4,6,20,0.07300000,18.10000000,20.65500000,0.07445905
2001-04-04T06:30:00,1,4,4,6,30,0.09000000,18.30000000,21.45000000,0.09146970
2001-04-04T06:40:00,1,4,4,6,40,0.10700000,18.50000000,22.24500000,0.10835601
2001-04-04T06:50:00,1,4,4,6,50,0.12400000,18.70000000,23.04000000,0.12511798
2001-04-04T07:00:00,1,4,4,7,0,0.14100000,18.90000000,23.83500000,0.14175562
2001-04-04T07:10:00,1,4,4,7,10,0.15966667,19.13333333,24.72166667,0.15987109
2001-04-04T07:20:00,1,4,4,7,20,0.17833333,19.36666667,25.60833333,0.17783430
2001-04-04T07:30:00,1,4,4,7,30,0.19700000,19.60000000,26.49500000,0.19564523
2001-04-04T07:40:00,1,4,4,7,40,0.21566667,19.83333333,27.38166667,0.21330389
2001-04-04T07:50:00,1,4,4,7,50,0.23433333,20.06666667,28.26833333,0.23081029
2001-04-04T08:00:00,1,4,4,8,0,0.25300000,20.30000000,29.15500000,0.24816441
2001-04-04T08:10:00,1,4,4,8,10,0.29616667,20.60000000,30.96583333,0.28803901
2001-04-04T08:20:00,1,4,4,8,20,0.33933333,20.90000000,32.77666667,0.32719448
2001-04-04T08:30:00,1,4,4,8,30,0.38250000,21.20000000,34.58750000,0.36563079
2001-04-04T08:40:00,1,4,4,8,40,0.42566667,21.50000000,36.39833333,0.40334797
2001-04-04T08:50:00,1,4,4,8,50,0.46883333,21.80000000,38.20916667,0.44034600
2001-04-04T09:00:00,1,4,4,9,0,0.51200000,22.10000000,40.02000000,0.47662490
2001-04-04T09:10:00,1,4,4,9,10,0.56066667,22.38333333,42.00666667,0.51680534
2001-04-04T09:20:00,1,4,4,9,20,0.60933333,22.66666667,43.99333333,0.55609629
2001-04-04T09:30:00,1,4,4,9,30,0.65800000,22.95000000,45.98000000,0.59449774
2001-04-04T09:40:00,1,4,4,9,40,0.70666667,23.23333333,47.96666667,0.63200969
2001-04-04T09:50:00,1,4,4,9,50,0.75533333,23.51666667,49.95333333,0.66863214
2001-04-04T10:00:00,1,4,4,10,0,0.80400000,23.80000000,51.94000000,0.70436510
2001-04-04T10:10:00,1,4,4,10,10,0.79850000,24.21666667,52.16416667,0.69872330
2001-04-04T10:20:00,1,4,4,10,20,0.79300000,24.63333333,52.38833333,0.69309284
2001-04-04T10:30:00,1,4,4,10,30,0.78750000,25.05000000,52.61250000,0.68747372
2001-04-04T10:40:00,1,4,4,10,40,0.78200000,25.46666667,52.83666667,0.68186594
2001-04-04T10:50:00,1,4,4,10,50,0.77650000,25.88333333,53.06083333,0.67626951
2001-04-04T11:00:00,1,4,4,11,0,0.77100000,26.30000000,53.28500000,0.67068442
2001-04-04T11:10:00,1,4,4,11,10,0.72550000,26.36666667,51.75916667,0.63619663
2001-04-04T11:20:00,1,4,4,11,20,0.68000000,26.43333333,50.23333333,0.60107013
2001-04-04T11:30:00,1,4,4,11,30,0.63450000,26.50000000,48.70750000,0.56530492
2001-04-04T11:40:00,1,4,4,11,40,0.58900000,26.56666667,47.18166667,0.52890099
2001-04-04T11:50:00,1,4,4,11,50,0.54350000,26.63333333,45.65583333,0.49185835
2001-04-04T12:00:00,1,4,4,12,0,0.49800000,26.70000000,44.13000000,0.45417700
2001-04-04T12:10:00,1,4,4,12,10,0.49716667,26.30000000,43.70083333,0.45439848
2001-04-04T12:20:00,1,4,4,12,20,0.49633333,25.90000000,43.27166667,0.45461668
2001-04-04T12:30:00,1,4,4,12,30,0.49550000,25.50000000,42.84250000,0.45483159
2001-04-04T12:40:00,1,4,4,12,40,0.49466667,25.10000000,42.41333333,0.45504321
2001-04-04T12:50:00,1,4,4,12,50,0.49383333,24.70000000,41.98416667,0.45525153
2001-04-04T13:00:00,1,4,4,13,0,0.49300000,24.30000000,41.55500000,0.45545657
2001-04-04T13:10:00,1,4,4,13,10,0.49800000,24.36666667,41.79666667,0.45952220
2001-04-04T13:20:00,1,4,4,13,20,0.50300000,24.43333333,42.03833333,0.46357670
2001-04-04T13:30:00,1,4,4,13,30,0.50800000,24.50000000,42.28000000,0.46762010
2001-04-04T13:40:00,1,4,4,13,40,0.51300000,24.56666667,42.52166667,0.47165237
2001-04-04T13:50:00,1,4,4,13,50,0.51800000,24.63333333,42.76333333,0.47567353
2001-04-04T14:00:00,1,4,4,14,0,0.52300000,24.70000000,43.00500000,0.47968357
2001-04-04T14:10:00,1,4,4,14,10,0.50800000,24.73333333,42.51333333,0.46707484
2001-04-04T14:20:00,1,4,4,14,20,0.49300000,24.76666667,42.02166667,0.45439826
2001-04-04T14:30:00,1,4,4,14,30,0.47800000,24.80000000,41.53000000,0.44165384
2001-04-04T14:40:00,1,4,4,14,40,0.46300000,24.83333333,41.03833333,0.42884156
2001-04-04T14:50:00,1,4,4,14,50,0.44800000,24.86666667,40.54666667,0.41596143
2001-04-04T15:00:00,1,4,4,15,0,0.43300000,24.90000000,40.05500000,0.40301345
2001-04-04T15:10:00,1,4,4,15,10,0.40083333,24.85000000,38.87916667,0.37524246
2001-04-04T15:20:00,1,4,4,15,20,0.36866667,24.80000000,37.70333333,0.34712351
2001-04-04T15:30:00,1,4,4,15,30,0.33650000,24.75000000,36.52750000,0.31865658
2001-04-04T15:40:00,1,4,4,15,40,0.30433333,24.70000000,35.35166667,0.28984169
2001-04-04T15:50:00,1,4,4,15,50,0.27216667,24.65000000,34.17583333,0.26067883
2001-04-04T16:00:00,1,4,4,16,0,0.24000000,24.60000000,33.00000000,0.23116800
2001-04-04T16:10:00,1,4,4,16,10,0.20733333,24.31666667,31.57333333,0.20106413
2001-04-04T16:20:00,1,4,4,16,20,0.17466667,24.03333333,30.14666667,0.17053149
2001-04-04T16:30:00,1,4,4,16,30,0.14200000,23.75000000,28.72000000,0.13957010
2001-04-04T16:40:00,1,4,4,16,40,0.10933333,23.46666667,27.29333333,0.10817994
2001-04-04T16:50:00,1,4,4,16,50,0.07666667,23.18333333,25.86666667,0.07636102
2001-04-04T17:00:00,1,4,4,17,0,0.04400000,22.90000000,24.44000000,0.04411334
2001-04-04T17:10:00,1,4,4,17,10,0.03666667,22.61666667,23.90000000,0.03685220
2001-04-04T17:20:00,1,4,4,17,20,0.02933333,22.33333333,23.36000000,0.02955462
2001-04-04T17:30:00,1,4,4,17,30,0.02200000,22.05000000,22.82000000,0.02222062
2001-04-04T17:40:00,1,4,4,17,40,0.01466667,21.76666667,22.28000000,0.01485018
2001-04-04T17:50:00,1,4,4,17,50,0.00733333,21.48333333,21.74000000,0.00744330
2001-04-04T18:00:00,1,4,4,18,0,0.00000000,21.20000000,21.20000000,0.00000000
2001-04-04T18:10:00,1,4,4,18,10,0.00000000,21.10000000,21.10000000,0.00000000
2001-04-04T18:20:00,1,4,4,18,20,0.00000000,21.00000000,21.00000000,0.00000000
2001-04-04T18:30:00,1,4,4,18,30,0.00000000,20.90000000,20.90000000,0.00000000
2001-04-04T18:40:00,1,4,4,18,40,0.00000000,20.80000000,20.80000000,0.00000000
2001-04-04T18:50:00,1,4,4,18,50,0.00000000,20.70000000,20.70000000,0.00000000
2001-04-04T19:00:00,1,4,4,19,0,0.00000000,20.60000000,20.60000000,0.00000000
2001-04-04T19:10:00,1,4,4,19,10,0.00000000,20.63333333,20.63333333,0.00000000
2001-04-04T19:20:00,1,4,4,19,20,0.00000000,20.66666667,20.66666667,0.00000000
2001-04-04T19:30:00,1,4,4,19,30,0.00000000,20.70000000,20.70000000,0.00000000
2001-04-04T19:40:00,1,4,4,19,40,0.00000000,20.73333333,20.73333333,0.00000000
2001-04-04T19:50:00,1,4,4,19,50,0.00000000,20.76666667,20.76666667,0.00000000
2001-04-04T20:00:00,1,4,4,20,0,0.00000000,20.80000000,20.80000000,0.00000000
2001-04-04T20:10:00,1,4,4,20,10,0.00000000,20.63333333,20.63333333,0.00000000
2001-04-04T20:20:00,1,4,4,20,20,0.00000000,20.46666667,20.46666667,0.00000000
2001-04-04T20:30:00,1,4,4,20,30,0.00000000,20.30000000,20.30000000,0.00000000
2001-04-04T20:40:00,1,4,4,20,40,0.00000000,20.13333333,20.13333333,0.00000000
2001-04-04T20:50:00,1,4,4,20,50,0.00000000,19.96666667,19.96666667,0.00000000
2001-04-04T21:00:00,1,4,4,21,0,0.00000000,19.80000000,19.80000000,0.00000000
2001-04-04T21:10:00,1,4,4,21,10,0.00000000,19.80000000,19.80000000,0.00000000
2001-04-04T21:20:00,1,4,4,21,20,0.00000000,19.80000000,19.80000000,0.00000000
2001-04-04T21:30:00,1,4,4,21,30,0.00000000,19.80000000,19.80000000,0.00000000
2001-04-04T21:40:00,1,4,4,21,40,0.00000000,19.80000000,19.80000000,0.00000000
2001-04-04T21:50:00,1,4,4,21,50,0.00000000,19.80000000,19.80000000,0.00000000
2001-04-04T22:00:00,1,4,4,22,0,0.00000000,19.80000000,19.80000000,0.00000000
2001-04-04T22:10:00,1,4,4,22,10,0.00000000,19.60000000,19.60000000,0.00000000
2001-04-04T22:20:00,1,4,4,22,20,0.00000000,19.40000000,19.40000000,0.00000000
2001-04-04T22:30:00,1,4,4,22,30,0.00000000,19.20000000,19.20000000,0.00000000
2001-04-04T22:40:00,1,4,4,22,40,0.00000000,19.00000000,19.00000000,0.00000000
2001-04-04T22:50:00,1,4,4,22,50,0.00000000,18.80000000,18.80000000,0.00000000
2001-04-04T23:00:00,1,4,4,23,0,0.00000000,18.60000000,18.60000000,0.00000000
2001-04-04T23:10:00,1,4,4,23,10,0.00000000,18.56666667,18.56666667,0.00000000
2001-04-04T23:20:00,1,4,4,23,20,0.00000000,18.53333333,18.53333333,0.00000000
2001-04-04T23:30:00,1,4,4,23,30,0.00000000,18.50000000,18.50000000,0.00000000
2001-04-04T23:40:00,1,4,4,23,40,0.00000000,18.46666667,18.46666667,0.00000000
2001-04-04T23:50:00,1,4,4,23,50,0.00000000,18.43333333,18.43333333,0.00000000
2001-04-05T00:00:00,1,4,5,0,0,0.00000000,18.40000000,18.40000000,0.00000000
2001-04-05T00:10:00,1,4,5,0,10,0.00000000,18.28333333,18.28333333,0.00000000
2001-04-05T00:20:00,1,4,5,0,20,0.00000000,18.16666667,18.16666667,0.00000000
2001-04-05T00:30:00,1,4,5,0,30,0.00000000,18.05000000,18.05000000,0.00000000
2001-04-05T00:40:00,1,4,5,0,40,0.00000000,17.93333333,17.93333333,0.00000000
2001-04-05T00:50:00,1,4,5,0,50,0.00000000,17.81666667,17.81666667,0.00000000
2001-04-05T01:00:00,1,4,5,1,0,0.00000000,17.70000000,17.70000000,0.00000000
2001-04-05T01:10:00,1,4,5,1,10,0.00000000,17.65000000,17.65000000,0.00000000
2001-04-05T01:20:00,1,4,5,1,20,0.00000000,17.60000000,17.60000000,0.00000000
2001-04-05T01:30:00,1,4,5,1,30,0.00000000,17.55000000,17.55000000,0.00000000
2001-04-05T01:40:00,1,4,5,1,40,0.00000000,17.50000000,17.50000000,0.00000000
2001-04-05T01:50:00,1,4,5,1,50,0.00000000,17.45000000,17.45000000,0.00000000
2001-04-05T02:00:00,1,4,5,2,0,0.00000000,17.40000000,17.40000000,0.00000000
2001-04-05T02:10:00,1,4,5,2,10,0.00000000,17.38333333,17.38333333,0.00000000
2001-04-05T02:20:00,1,4,5,2,20,0.00000000,17.36666667,17.36666667,0.00000000
2001-04-05T02:30:00,1,4,5,2,30,0.00000000,17.35000000,17.35000000,0.00000000
2001-04-05T02:40:00,1,4,5,2,40,0.00000000,17.33333333,17.33333333,0.00000000
2001-04-05T02:50:00,1,4,5,2,50,0.00000000,17.31666667,17.31666667,0.00000000
2001-04-05T03:00:00,1,4,5,3,0,0.00000000,17.30000000,17.30000000,0.00000000
2001-04-05T03:10:00,1,4,5,3,10,0.00000000,17.28333333,17.28333333,0.00000000
2001-04-05T03:20:00,1,4,5,3,20,0.00000000,17.26666667,17.26666667,0.00000000
2001-04-05T03:30:00,1,4,5,3,30,0.00000000,17.25000000,17.25000000,0.00000000
2001-04-05T03:40:00,1,4,5,3,40,0.00000000,17.23333333,17.23333333,0.00000000
2001-04-05T03:50:00,1,4,5,3,50,0.00000000,17.21666667,17.21666667,0.00000000
2001-04-05T04:00:00,1,4,5,4,0,0.00000000,17.20000000,17.20000000,0.00000000
2001-04-05T04:10:00,1,4,5,4,10,0.00000000,17.06666667,17.06666667,0.00000000
2001-04-05T04:20:00,1,4,5,4,20,0.00000000,16.93333333,16.93333333,0.00000000
2001-04-05T04:30:00,1,4,5,4,30,0.00000000,16.80000000,16.80000000,0.00000000
2001-04-05T04:40:00,1,4,5,4,40,0.00000000,16.66666667,16.66666667,0.00000000
2001-04-05T04:50:00,1,4,5,4,50,0.00000000,16.53333333,16.53333333,0.00000000
2001-04-05T05:00:00,1,4,5,5,0,0.00000000,16.40000000,16.40000000,0.00000000
2001-04-05T05:10:00,1,4,5,5,10,0.00716667,16.46666667,16.71750000,0.00743971
2001-04-05T05:20:00,1,4,5,5,20,0.01433333,16.53333333,17.03500000,0.01485849
2001-04-05T05:30:00,1,4,5,5,30,0.02150000,16.60000000,17.35250000,0.02225634
2001-04-05T05:40:00,1,4,5,5,40,0.02866667,16.66666667,17.67000000,0.02963325
2001-04-05T05:50:00,1,4,5,5,50,0.03583333,16.73333333,17.98750000,0.03698923
2001-04-05T06:00:00,1,4,5,6,0,0.04300000,16.80000000,18.30500000,0.04432427
2001-04-05T06:10:00,1,4,5,6,10,0.06533333,17.03333333,19.32000000,0.06704036
2001-04-05T06:20:00,1,4,5,6,20,0.08766667,17.26666667,20.33500000,0.08954791
2001-04-05T06:30:00,1,4,5,6,30,0.11000000,17.50000000,21.35000000,0.11184690
2001-04-05T06:40:00,1,4,5,6,40,0.13233333,17.73333333,22.36500000,0.13393735
2001-04-05T06:50:00,1,4,5,6,50,0.15466667,17.96666667,23.38000000,0.15581924
2001-04-05T07:00:00,1,4,5,7,0,0.17700000,18.20000000,24.39500000,0.17749259
2001-04-05T07:10:00,1,4,5,7,10,0.19233333,18.56666667,25.29833333,0.19206939
2001-04-05T07:20:00,1,4,5,7,20,0.20766667,18.93333333,26.20166667,0.20651875
2001-04-05T07:30:00,1,4,5,7,30,0.22300000,19.30000000,27.10500000,0.22084069
2001-04-05T07:40:00,1,4,5,7,40,0.23833333,19.66666667,28.00833333,0.23503520
2001-04-05T07:50:00,1,4,5,7,50,0.25366667,20.03333333,28.91166667,0.24910227
2001-04-05T08:00:00,1,4,5,8,0,0.26900000,20.40000000,29.81500000,0.26304192
2001-04-05T08:10:00,1,4,5,8,10,0.29700000,20.73333333,31.12833333,0.28862747
2001-04-05T08:20:00,1,4,5,8,20,0.32500000,21.06666667,32.44166667,0.31387471
2001-04-05T08:30:00,1,4,5,8,30,0.35300000,21.40000000,33.75500000,0.33878363
2001-04-05T08:40:00,1,4,5,8,40,0.38100000,21.73333333,35.06833333,0.36335424
2001-04-05T08:50:00,1,4,5,8,50,0.40900000,22.06666667,36.38166667,0.38758653
2001-04-05T09:00:00,1,4,5,9,0,0.43700000,22.40000000,37.69500000,0.41148051
2001-04-05T09:10:00,1,4,5,9,10,0.46633333,22.71666667,39.03833333,0.43621924
2001-04-05T09:20:00,1,4,5,9,20,0.49566667,23.03333333,40.38166667,0.46059544
2001-04-05T09:30:00,1,4,5,9,30,0.52500000,23.35000000,41.72500000,0.48460913
2001-04-05T09:40:00,1,4,5,9,40,0.55433333,23.66666667,43.06833333,0.50826029
2001-04-05T09:50:00,1,4,5,9,50,0.58366667,23.98333333,44.41166667,0.53154893
2001-04-05T10:00:00,1,4,5,10,0,0.61300000,24.30000000,45.75500000,0.55447505
2001-04-05T10:10:00,1,4,5,10,10,0.61066667,24.73333333,46.10666667,0.55137663
2001-04-05T10:20:00,1,4,5,10,20,0.60833333,25.16666667,46.45833333,0.54828576
2001-04-05T10:30:00,1,4,5,10,30,0.60600000,25.60000000,46.81000000,0.54520244
2001-04-05T10:40:00,1,4,5,10,40,0.60366667,26.03333333,47.16166667,0.54212667
2001-04-05T10:50:00,1,4,5,10,50,0.60133333,26.46666667,47.51333333,0.53905845
2001-04-05T11:00:00,1,4,5,11,0,0.59900000,26.90000000,47.86500000,0.53599778
2001-04-05T11:10:00,1,4,5,11,10,0.64683333,26.88333333,49.52250000,0.57386827
2001-04-05T11:20:00,1,4,5,11,20,0.69466667,26.86666667,51.18000000,0.61100935
2001-04-05T11:30:00,1,4,5,11,30,0.74250000,26.85000000,52.83750000,0.64742102
2001-04-05T11:40:00,1,4,5,11,40,0.79033333,26.83333333,54.49500000,0.68310328
2001-04-05T11:50:00,1,4,5,11,50,0.83816667,26.81666667,56.15250000,0.71805613
2001-04-05T12:00:00,1,4,5,12,0,0.88600000,26.80000000,57.81000000,0.75227956
2001-04-05T12:10:00,1,4,5,12,10,0.86550000,27.48333333,57.77583333,0.73500957
2001-04-05T12:20:00,1,4,5,12,20,0.84500000,28.16666667,57.74166667,0.71773314
2001-04-05T12:30:00,1,4,5,12,30,0.82450000,28.85000000,57.70750000,0.70045026
2001-04-05T12:40:00,1,4,5,12,40,0.80400000,29.53333333,57.67333333,0.68316094
2001-04-05T12:50:00,1,4,5,12,50,0.78350000,30.21666667,57.63916667,0.66586518
2001-04-05T13:00:00,1,4,5,13,0,0.76300000,30.90000000,57.60500000,0.64856297
2001-04-05T13:10:00,1,4,5,13,10,0.74283333,30.70000000,56.69916667,0.63451622
2001-04-05T13:20:00,1,4,5,13,20,0.72266667,30.50000000,55.79333333,0.62030142
2001-04-05T13:30:00,1,4,5,13,30,0.70250000,30.30000000,54.88750000,0.60591854
2001-04-05T13:40:00,1,4,5,13,40,0.68233333,30.10000000,53.98166667,0.59136761
2001-04-05T13:50:00,1,4,5,13,50,0.66216667,29.90000000,53.07583333,0.57664861
2001-04-05T14:00:00,1,4,5,14,0,0.64200000,29.70000000,52.17000000,0.56176156
2001-04-05T14:10:00,1,4,5,14,10,0.61716667,29.45000000,51.05083333,0.54320922
2001-04-05T14:20:00,1,4,5,14,20,0.59233333,29.20000000,49.93166667,0.52440119
2001-04-05T14:30:00,1,4,5,14,30,0.56750000,28.95000000,48.81250000,0.50533747
2001-04-05T14:40:00,1,4,5,14,40,0.54266667,28.70000000,47.69333333,0.48601806
2001-04-05T14:50:00,1,4,5,14,50,0.51783333,28.45000000,46.57416667,0.46644295
2001-04-05T15:00:00,1,4,5,15,0,0.49300000,28.20000000,45.45500000,0.44661215
2001-04-05T15:10:00,1,4,5,15,10,0.43883333,27.81666667,43.17583333,0.40214299
2001-04-05T15:20:00,1,4,5,15,20,0.38466667,27.43333333,40.89666667,0.35653804
2001-04-05T15:30:00,1,4,5,15,30,0.33050000,27.05000000,38.61750000,0.30979731
2001-04-05T15:40:00,1,4,5,15,40,0.27633333,26.66666667,36.33833333,0.26192080
2001-04-05T15:50:00,1,4,5,15,50,0.22216667,26.28333333,34.05916667,0.21290850
2001-04-05T16:00:00,1,4,5,16,0,0.16800000,25.90000000,31.78000000,0.16276042
2001-04-05T16:10:00,1,4,5,16,10,0.14816667,25.25000000,30.43583333,0.14446178
2001-04-05T16:20:00,1,4,5,16,20,0.12833333,24.60000000,29.09166667,0.12591789
2001-04-05T16:30:00,1,4,5,16,30,0.10850000,23.95000000,27.74750000,0.10712872
2001-04-05T16:40:00,1,4,5,16,40,0.08866667,23.30000000,26.40333333,0.08809429
2001-04-05T16:50:00,1,4,5,16,50,0.06883333,22.65000000,25.05916667,0.06881460
2001-04-05T17:00:00,1,4,5,17,0,0.04900000,22.00000000,23.71500000,0.04928964
2001-04-05T17:10:00,1,4,5,17,10,0.04083333,21.78333333,23.21250000,0.04116909
2001-04-05T17:20:00,1,4,5,17,20,0.03266667,21.56666667,22.71000000,0.03301078
2001-04-05T17:30:00,1,4,5,17,30,0.02450000,21.35000000,22.20750000,0.02481471
2001-04-05T17:40:00,1,4,5,17,40,0.01633333,21.13333333,21.70500000,0.01658090
2001-04-05T17:50:00,1,4,5,17,50,0.00816667,20.91666667,21.20250000,0.00830933
2001-04-05T18:00:00,1,4,5,18,0,0.00000000,20.70000000,20.70000000,0.00000000
2001-04-05T18:10:00,1,4,5,18,10,0.00000000,20.51666667,20.51666667,0.00000000
2001-04-05T18:20:00,1,4,5,18,20,0.00000000,20.33333333,20.33333333,0.00000000
2001-04-05T18:30:00,1,4,5,18,30,0.00000000,20.15000000,20.15000000,0.00000000
2001-04-05T18:40:00,1,4,5,18,40,0.00000000,19.96666667,19.96666667,0.00000000
2001-04-05T18:50:00,1,4,5,18,50,0.00000000,19.78333333,19.78333333,0.00000000
2001-04-05T19:00:00,1,4,5,19,0,0.00000000,19.60000000,19.60000000,0.00000000
2001-04-05T19:10:00,1,4,5,19,10,0.00000000,19.51666667,19.51666667,0.00000000
2001-04-05T19:20:00,1,4,5,19,20,0.00000000,19.43333333,19.43333333,0.00000000
2001-04-05T19:30:00,1,4,5,19,30,0.00000000,19.35000000,19.35000000,0.00000000
2001-04-05T19:40:00,1,4,5,19,40,0.00000000,19.26666667,19.26666667,0.00000000
2001-04-05T19:50:00,1,4,5,19,50,0.00000000,19.18333333,19.18333333,0.00000000
2001-04-05T20:00:00,1,4,5,20,0,0.00000000,19.10000000,19.10000000,0.00000000
2001-04-05T20:10:00,1,4,5,20,10,0.00000000,18.98333333,18.98333333,0.00000000
2001-04-05T20:20:00,1,4,5,20,20,0.00000000,18.86666667,18.86666667,0.00000000
2001-04-05T20:30:00,1,4,5,20,30,0.00000000,18.75000000,18.75000000,0.00000000
2001-04-05T20:40:00,1,4,5,20,40,0.00000000,18.63333333,18.63333333,0.00000000
2001-04-05T20:50:00,1,4,5,20,50,0.00000000,18.51666667,18.51666667,0.00000000
2001-04-05T21:00:00,1,4,5,21,0,0.00000000,18.40000000,18.40000000,0.00000000
2001-04-05T21:10:00,1,4,5,21,10,0.00000000,18.33333333,18.33333333,0.00000000
2001-04-05T21:20:00,1,4,5,21,20,0.00000000,18.26666667,18.26666667,0.00000000
2001-04-05T21:30:00,1,4,5,21,30,0.00000000,18.20000000,18.20000000,0.00000000
2001-04-05T21:40:00,1,4,5,21,40,0.00000000,18.13333333,18.13333333,0.00000000
2001-04-05T21:50:00,1,4,5,21,50,0.00000000,18.06666667,18.06666667,0.00000000
2001-04-05T22:00:00,1,4,5,22,0,0.00000000,18.00000000,18.00000000,0.00000000
2001-04-05T22:10:00,1,4,5,22,10,0.00000000,17.78333333,17.78333333,0.00000000
2001-04-05T22:20:00,1,4,5,22,20,0.00000000,17.56666667,17.56666667,0.00000000
2001-04-05T22:30:00,1,4,5,22,30,0.00000000,17.35000000,17.35000000,0.00000000
2001-04-05T22:40:00,1,4,5,22,40,0.00000000,17.13333333,17.13333333,0.00000000
2001-04-05T22:50:00,1,4,5,22,50,0.00000000,16.91666667,16.91666667,0.00000000
2001-04-05T23:00:00,1,4,5,23,0,0.00000000,16.70000000,16.70000000,0.00000000
2001-04-05T23:10:00,1,4,5,23,10,0.00000000,16.68333333,16.68333333,0.00000000
2001-04-05T23:20:00,1,4,5,23,20,0.00000000,16.66666667,16.66666667,0.00000000
2001-04-05T23:30:00,1,4,5,23,30,0.00000000,16.65000000,16.65000000,0.00000000
2001-04-05T23:40:00,1,4,5,23,40,0.00000000,16.63333333,16.63333333,0.00000000
2001-04-05T23:50:00,1,4,5,23,50,0.00000000,16.61666667,16.61666667,0.00000000
2001-04-06T00:00:00,1,4,6,0,0,0.00000000,16.60000000,16.60000000,0.00000000
2001-04-06T00:10:00,1,4,6,0,10,0.00000000,16.58333333,16.58333333,0.00000000
2001-04-06T00:20:00,1,4,6,0,20,0.00000000,16.56666667,16.56666667,0.00000000
2001-04-06T00:30:00,1,4,6,0,30,0.00000000,16.55000000,16.55000000,0.00000000
2001-04-06T00:40:00,1,4,6,0,40,0.00000000,16.53333333,16.53333333,0.00000000
2001-04-06T00:50:00,1,4,6,0,50,0.00000000,16.51666667,16.51666667,0.00000000
2001-04-06T01:00:00,1,4,6,1,0,0.00000000,16.50000000,16.50000000,0.00000000
2001-04-06T01:10:00,1,4,6,1,10,0.00000000,16.48333333,16.48333333,0.00000000
2001-04-06T01:20:00,1,4,6,1,20,0.00000000,16.46666667,16.46666667,0.00000000
2001-04-06T01:30:00,1,4,6,1,30,0.00000000,16.45000000,16.45000000,0.00000000
2001-04-06T01:40:00,1,4,6,1,40,0.00000000,16.43333333,16.43333333,0.00000000
2001-04-06T01:50:00,1,4,6,1,50,0.00000000,16.41666667,16.41666667,0.00000000
2001-04-06T02:00:00,1,4,6,2,0,0.00000000,16.40000000,16.40000000,0.00000000
2001-04-06T02:10:00,1,4,6,2,10,0.00000000,16.35000000,16.35000000,0.00000000
2001-04-06T02:20:00,1,4,6,2,20,0.00000000,16.30000000,16.30000000,0.00000000
2001-04-06T02:30:00,1,4,6,2,30,0.00000000,16.25000000,16.25000000,0.00000000
2001-04-06T02:40:00,1,4,6,2,40,0.00000000,16.20000000,16.20000000,0.00000000
2001-04-06T02:50:00,1,4,6,2,50,0.00000000,16.15000000,16.15000000,0.00000000
2001-04-06T03:00:00,1,4,6,3,0,0.00000000,16.10000000,16.10000000,0.00000000
2001-04-06T03:10:00,1,4,6,3,10,0.00000000,15.96666667,15.96666667,0.00000000
2001-04-06T03:20:00,1,4,6,3,20,0.00000000,15.83333333,15.83333333,0.00000000
2001-04-06T03:30:00,1,4,6,3,30,0.00000000,15.70000000,15.70000000,0.00000000
2001-04-06T03:40:00,1,4,6,3,40,0.00000000,15.56666667,15.56666667,0.00000000
2001-04-06T03:50:00,1,4,6,3,50,0.00000000,15.43333333,15.43333333,0.00000000
2001-04-06T04:00:00,1,4,6,4,0,0.00000000,15.30000000,15.30000000,0.00000000
2001-04-06T04:10:00,1,4,6,4,10,0.00000000,15.41666667,15.41666667,0.00000000
2001-04-06T04:20:00,1,4,6,4,20,0.00000000,15.53333333,15.53333333,0.00000000
2001-04-06T04:30:00,1,4,6,4,30,0.00000000,15.65000000,15.65000000,0.00000000
2001-04-06T04:40:00,1,4,6,4,40,0.00000000,15.76666667,15.76666667,0.00000000
2001-04-06T04:50:00,1,4,6,4,50,0.00000000,15.88333333,15.88333333,0.00000000
2001-04-06T05:00:00,1,4,6,5,0,0.00000000,16.00000000,16.00000000,0.00000000
2001-04-06T05:10:00,1,4,6,5,10,0.00766667,15.93333333,16.20166667,0.00797695
2001-04-06T05:20:00,1,4,6,5,20,0.01533333,15.86666667,16.40333333,0.01593968
2001-04-06T05:30:00,1,4,6,5,30,0.02300000,15.80000000,16.60500000,0.02388819
2001-04-06T05:40:00,1,4,6,5,40,0.03066667,15.73333333,16.80666667,0.03182247
2001-04-06T05:50:00,1,4,6,5,50,0.03833333,15.66666667,17.00833333,0.03974253
2001-04-06T06:00:00,1,4,6,6,0,0.04600000,15.60000000,17.21000000,0.04764836
2001-04-06T06:10:00,1,4,6,6,10,0.08300000,15.88333333,18.78833333,0.08537161
2001-04-06T06:20:00,1,4,6,6,20,0.12000000,16.16666667,20.36666667,0.12255760
2001-04-06T06:30:00,1,4,6,6,30,0.15700000,16.45000000,21.94500000,0.15920632
2001-04-06T06:40:00,1,4,6,6,40,0.19400000,16.73333333,23.52333333,0.19531778
2001-04-06T06:50:00,1,4,6,6,50,0.23100000,17.01666667,25.10166667,0.23089197
2001-04-06T07:00:00,1,4,6,7,0,0.26800000,17.30000000,26.68000000,0.26592890
2001-04-06T07:10:00,1,4,6,7,10,0.28566667,17.78333333,27.78166667,0.28201137
2001-04-06T07:20:00,1,4,6,7,20,0.30333333,18.26666667,28.88333333,0.29791479
2001-04-06T07:30:00,1,4,6,7,30,0.32100000,18.75000000,29.98500000,0.31363915
2001-04-06T07:40:00,1,4,6,7,40,0.33866667,19.23333333,31.08666667,0.32918445
2001-04-06T07:50:00,1,4,6,7,50,0.35633333,19.71666667,32.18833333,0.34455070
2001-04-06T08:00:00,1,4,6,8,0,0.37400000,20.20000000,33.29000000,0.35973788
2001-04-06T08:10:00,1,4,6,8,10,0.42716667,20.41666667,35.36750000,0.40679487
2001-04-06T08:20:00,1,4,6,8,20,0.48033333,20.63333333,37.44500000,0.45283569
2001-04-06T08:30:00,1,4,6,8,30,0.53350000,20.85000000,39.52250000,0.49786033
2001-04-06T08:40:00,1,4,6,8,40,0.58666667,21.06666667,41.60000000,0.54186880
2001-04-06T08:50:00,1,4,6,8,50,0.63983333,21.28333333,43.67750000,0.58486109
2001-04-06T09:00:00,1,4,6,9,0,0.69300000,21.50000000,45.75500000,0.62683721
2001-04-06T09:10:00,1,4,6,9,10,0.68933333,21.98333333,46.11000000,0.62239493
2001-04-06T09:20:00,1,4,6,9,20,0.68566667,22.46666667,46.46500000,0.61796463
2001-04-06T09:30:00,1,4,6,9,30,0.68200000,22.95000000,46.82000000,0.61354630
2001-04-06T09:40:00,1,4,6,9,40,0.67833333,23.43333333,47.17500000,0.60913994
2001-04-06T09:50:00,1,4,6,9,50,0.67466667,23.91666667,47.53000000,0.60474556
2001-04-06T10:00:00,1,4,6,10,0,0.67100000,24.40000000,47.88500000,0.60036316
2001-04-06T10:10:00,1,4,6,10,10,0.70800000,24.45000000,49.23000000,0.62908774
2001-04-06T10:20:00,1,4,6,10,20,0.74500000,24.50000000,50.57500000,0.65735447
2001-04-06T10:30:00,1,4,6,10,30,0.78200000,24.55000000,51.92000000,0.68516338
2001-04-06T10:40:00,1,4,6,10,40,0.81900000,24.60000000,53.26500000,0.71251444
2001-04-06T10:50:00,1,4,6,10,50,0.85600000,24.65000000,54.61000000,0.73940766
2001-04-06T11:00:00,1,4,6,11,0,0.89300000,24.70000000,55.95500000,0.76584305
2001-04-06T11:10:00,1,4,6,11,10,0.86883333,25.00000000,55.40916667,0.74729904
2001-04-06T11:20:00,1,4,6,11,20,0.84466667,25.30000000,54.86333333,0.72863368
2001-04-06T11:30:00,1,4,6,11,30,0.82050000,25.60000000,54.31750000,0.70984696
2001-04-06T11:40:00,1,4,6,11,40,0.79633333,25.90000000,53.77166667,0.69093888
2001-04-06T11:50:00,1,4,6,11,50,0.77216667,26.20000000,53.22583333,0.67190945
2001-04-06T12:00:00,1,4,6,12,0,0.74800000,26.50000000,52.68000000,0.65275866
2001-04-06T12:10:00,1,4,6,12,10,0.74066667,26.36666667,52.29000000,0.64768782
2001-04-06T12:20:00,1,4,6,12,20,0.73333333,26.23333333,51.90000000,0.64259067
2001-04-06T12:30:00,1,4,6,12,30,0.72600000,26.10000000,51.51000000,0.63746720
2001-04-06T12:40:00,1,4,6,12,40,0.71866667,25.96666667,51.12000000,0.63231743
2001-04-06T12:50:00,1,4,6,12,50,0.71133333,25.83333333,50.73000000,0.62714134
2001-04-06T13:00:00,1,4,6,13,0,0.70400000,25.70000000,50.34000000,0.62193894
2001-04-06T13:10:00,1,4,6,13,10,0.67033333,25.78333333,49.24500000,0.59557307
2001-04-06T13:20:00,1,4,6,13,20,0.63666667,25.86666667,48.15000000,0.56886803
2001-04-06T13:30:00,1,4,6,13,30,0.60300000,25.95000000,47.05500000,0.54182384
2001-04-06T13:40:00,1,4,6,13,40,0.56933333,26.03333333,45.96000000,0.51444049
2001-04-06T13:50:00,1,4,6,13,50,0.53566667,26.11666667,44.86500000,0.48671798
2001-04-06T14:00:00,1,4,6,14,0,0.50200000,26.20000000,43.77000000,0.45865632
2001-04-06T14:10:00,1,4,6,14,10,0.49866667,25.86666667,43.32000000,0.45664303
2001-04-06T14:20:00,1,4,6,14,20,0.49533333,25.53333333,42.87000000,0.45461594
2001-04-06T14:30:00,1,4,6,14,30,0.49200000,25.20000000,42.42000000,0.45257506
2001-04-06T14:40:00,1,4,6,14,40,0.48866667,24.86666667,41.97000000,0.45052037
2001-04-06T14:50:00,1,4,6,14,50,0.48533333,24.53333333,41.52000000,0.44845188
2001-04-06T15:00:00,1,4,6,15,0,0.48200000,24.20000000,41.07000000,0.44636960
2001-04-06T15:10:00,1,4,6,15,10,0.44550000,24.11666667,39.70916667,0.41535650
2001-04-06T15:20:00,1,4,6,15,20,0.40900000,24.03333333,38.34833333,0.38388645
2001-04-06T15:30:00,1,4,6,15,30,0.37250000,23.95000000,36.98750000,0.35195942
2001-04-06T15:40:00,1,4,6,15,40,0.33600000,23.86666667,35.62666667,0.31957542
2001-04-06T15:50:00,1,4,6,15,50,0.29950000,23.78333333,34.26583333,0.28673446
2001-04-06T16:00:00,1,4,6,16,0,0.26300000,23.70000000,32.90500000,0.25343653
2001-04-06T16:10:00,1,4,6,16,10,0.22800000,23.45000000,31.43000000,0.22125622
2001-04-06T16:20:00,1,4,6,16,20,0.19300000,23.20000000,29.95500000,0.18860095
2001-04-06T16:30:00,1,4,6,16,30,0.15800000,22.95000000,28.48000000,0.15547074
2001-04-06T16:40:00,1,4,6,16,40,0.12300000,22.70000000,27.00500000,0.12186557
2001-04-06T16:50:00,1,4,6,16,50,0.08800000,22.45000000,25.53000000,0.08778546
2001-04-06T17:00:00,1,4,6,17,0,0.05300000,22.20000000,24.05500000,0.05323039
2001-04-06T17:10:00,1,4,6,17,10,0.04416667,21.88333333,23.42916667,0.04448581
2001-04-06T17:20:00,1,4,6,17,20,0.03533333,21.56666667,22.80333333,0.03569036
2001-04-06T17:30:00,1,4,6,17,30,0.02650000,21.25000000,22.17750000,0.02684406
2001-04-06T17:40:00,1,4,6,17,40,0.01766667,20.93333333,21.55166667,0.01794690
2001-04-06T17:50:00,1,4,6,17,50,0.00883333,20.61666667,20.92583333,0.00899888
2001-04-06T18:00:00,1,4,6,18,0,0.00000000,20.30000000,20.30000000,0.00000000
2001-04-06T18:10:00,1,4,6,18,10,0.00000000,20.10000000,20.10000000,0.00000000
2001-04-06T18:20:00,1,4,6,18,20,0.00000000,19.90000000,19.90000000,0.00000000
2001-04-06T18:30:00,1,4,6,18,30,0.00000000,19.70000000,19.70000000,0.00000000
2001-04-06T18:40:00,1,4,6,18,40,0.00000000,19.50000000,19.50000000,0.00000000
2001-04-06T18:50:00,1,4,6,18,50,0.00000000,19.30000000,19.30000000,0.00000000
2001-04-06T19:00:00,1,4,6,19,0,0.00000000,19.10000000,19.10000000,0.00000000
2001-04-06T19:10:00,1,4,6,19,10,0.00000000,19.01666667,19.01666667,0.00000000
2001-04-06T19:20:00,1,4,6,19,20,0.00000000,18.93333333,18.93333333,0.00000000
2001-04-06T19:30:00,1,4,6,19,30,0.00000000,18.85000000,18.85000000,0.00000000
2001-04-06T19:40:00,1,4,6,19,40,0.00000000,18.76666667,18.76666667,0.00000000
2001-04-06T19:50:00,1,4,6,19,50,0.00000000,18.68333333,18.68333333,0.00000000
2001-04-06T20:00:00,1,4,6,20,0,0.00000000,18.60000000,18.60000000,0.00000000
2001-04-06T20:10:00,1,4,6,20,10,0.00000000,18.61666667,18.61666667,0.00000000
2001-04-06T20:20:00,1,4,6,20,20,0.00000000,18.63333333,18.63333333,0.00000000
2001-04-06T20:30:00,1,4,6,20,30,0.00000000,18.65000000,18.65000000,0.00000000
2001-04-06T20:40:00,1,4,6,20,40,0.00000000,18.66666667,18.66666667,0.00000000
2001-04-06T20:50:00,1,4,6,20,50,0.00000000,18.68333333,18.68333333,0.00000000
2001-04-06T21:00:00,1,4,6,21,0,0.00000000,18.70000000,18.70000000,0.00000000
2001-04-06T21:10:00,1,4,6,21,10,0.00000000,18.56666667,18.56666667,0.00000000
2001-04-06T21:20:00,1,4,6,21,20,0.00000000,18.43333333,18.43333333,0.00000000
2001-04-06T21:30:00,1,4,6,21,30,0.00000000,18.30000000,18.30000000,0.00000000
2001-04-06T21:40:00,1,4,6,21,40,0.00000000,18.16666667,18.16666667,0.00000000
2001-04-06T21:50:00,1,4,6,21,50,0.00000000,18.03333333,18.03333333,0.00000000
2001-04-06T22:00:00,1,4,6,22,0,0.00000000,17.90000000,17.90000000,0.00000000
2001-04-06T22:10:00,1,4,6,22,10,0.00000000,17.80000000,17.80000000,0.00000000
2001-04-06T22:20:00,1,4,6,22,20,0.00000000,17.70000000,17.70000000,0.00000000
2001-04-06T22:30:00,1,4,6,22,30,0.00000000,17.60000000,17.60000000,0.00000000
2001-04-06T22:40:00,1,4,6,22,40,0.00000000,17.50000000,17.50000000,0.00000000
2001-04-06T22:50:00,1,4,6,22,50,0.00000000,17.40000000,17.40000000,0.00000000
2001-04-06T23:00:00,1,4,6,23,0,0.00000000,17.30000000,17.30000000,0.00000000
2001-04-06T23:10:00,1,4,6,23,10,0.00000000,17.16666667,17.16666667,0.00000000
2001-04-06T23:20:00,1,4,6,23,20,0.00000000,17.03333333,17.03333333,0.00000000
2001-04-06T23:30:00,1,4,6,23,30,0.00000000,16.90000000,16.90000000,0.00000000
2001-04-06T23:40:00,1,4,6,23,40,0.00000000,16.76666667,16.76666667,0.00000000
2001-04-06T23:50:00,1,4,6,23,50,0.00000000,16.63333333,16.63333333,0.00000000
2001-04-07T00:00:00,1,4,7,0,0,0.00000000,16.50000000,16.50000000,0.00000000
2001-04-07T00:10:00,1,4,7,0,10,0.00000000,16.63333333,16.63333333,0.00000000
2001-04-07T00:20:00,1,4,7,0,20,0.00000000,16.76666667,16.76666667,0.00000000
2001-04-07T00:30:00,1,4,7,0,30,0.00000000,16.90000000,16.90000000,0.00000000
2001-04-07T00:40:00,1,4,7,0,40,0.00000000,17.03333333,17.03333333,0.00000000
2001-04-07T00:50:00,1,4,7,0,50,0.00000000,17.16666667,17.16666667,0.00000000
2001-04-07T01:00:00,1,4,7,1,0,0.00000000,17.30000000,17.30000000,0.00000000
2001-04-07T01:10:00,1,4,7,1,10,0.00000000,17.18333333,17.18333333,0.00000000
2001-04-07T01:20:00,1,4,7,1,20,0.00000000,17.06666667,17.06666667,0.00000000
2001-04-07T01:30:00,1,4,7,1,30,0.00000000,16.95000000,16.95000000,0.00000000
2001-04-07T01:40:00,1,4,7,1,40,0.00000000,16.83333333,16.83333333,0.00000000
2001-04-07T01:50:00,1,4,7,1,50,0.00000000,16.71666667,16.71666667,0.00000000
2001-04-07T02:00:00,1,4,7,2,0,0.00000000,16.60000000,16.60000000,0.00000000
2001-04-07T02:10:00,1,4,7,2,10,0.00000000,16.65000000,16.65000000,0.00000000
2001-04-07T02:20:00,1,4,7,2,20,0.00000000,16.70000000,16.70000000,0.00000000
2001-04-07T02:30:00,1,4,7,2,30,0.00000000,16.75000000,16.75000000,0.00000000
2001-04-07T02:40:00,1,4,7,2,40,0.00000000,16.80000000,16.80000000,0.00000000
2001-04-07T02:50:00,1,4,7,2,50,0.00000000,16.85000000,16.85000000,0.00000000
2001-04-07T03:00:00,1,4,7,3,0,0.00000000,16.90000000,16.90000000,0.00000000
2001-04-07T03:10:00,1,4,7,3,10,0.00000000,16.76666667,16.76666667,0.00000000
2001-04-07T03:20:00,1,4,7,3,20,0.00000000,16.63333333,16.63333333,0.00000000
2001-04-07T03:30:00,1,4,7,3,30,0.00000000,16.50000000,16.50000000,0.00000000
2001-04-07T03:40:00,1,4,7,3,40,0.00000000,16.36666667,16.36666667,0.00000000
2001-04-07T03:50:00,1,4,7,3,50,0.00000000,16.23333333,16.23333333,0.00000000
2001-04-07T04:00:00,1,4,7,4,0,0.00000000,16.10000000,16.10000000,0.00000000
2001-04-07T04:10:00,1,4,7,4,10,0.00000000,16.06666667,16.06666667,0.00000000
2001-04-07T04:20:00,1,4,7,4,20,0.00000000,16.03333333,16.03333333,0.00000000
2001-04-07T04:30:00,1,4,7,4,30,0.00000000,16.00000000,16.00000000,0.00000000
2001-04-07T04:40:00,1,4,7,4,40,0.00000000,15.96666667,15.96666667,0.00000000
2001-04-07T04:50:00,1,4,7,4,50,0.00000000,15.93333333,15.93333333,0.00000000
2001-04-07T05:00:00,1,4,7,5,0,0.00000000,15.90000000,15.90000000,0.00000000
2001-04-07T05:10:00,1,4,7,5,10,0.00716667,15.90000000,16.15083333,0.00745839
2001-04-07T05:20:00,1,4,7,5,20,0.01433333,15.90000000,16.40166667,0.01490025
2001-04-07T05:30:00,1,4,7,5,30,0.02150000,15.90000000,16.65250000,0.02232557
2001-04-07T05:40:00,1,4,7,5,40,0.02866667,15.90000000,16.90333333,0.02973435
2001-04-07T05:50:00,1,4,7,5,50,0.03583333,15.90000000,17.15416667,0.03712659
2001-04-07T06:00:00,1,4,7,6,0,0.04300000,15.90000000,17.40500000,0.04450229
2001-04-07T06:10:00,1,4,7,6,10,0.06250000,16.21666667,18.40416667,0.06439630
2001-04-07T06:20:00,1,4,7,6,20,0.08200000,16.53333333,19.40333333,0.08411106
2001-04-07T06:30:00,1,4,7,6,30,0.10150000,16.85000000,20.40250000,0.10364657
2001-04-07T06:40:00,1,4,7,6,40,0.12100000,17.16666667,21.40166667,0.12300283
2001-04-07T06:50:00,1,4,7,6,50,0.14050000,17.48333333,22.40083333,0.14217984
2001-04-07T07:00:00,1,4,7,7,0,0.16000000,17.80000000,23.40000000,0.16117760
2001-04-07T07:10:00,1,4,7,7,10,0.19933333,18.13333333,25.11000000,0.19923247
2001-04-07T07:20:00,1,4,7,7,20,0.23866667,18.46666667,26.82000000,0.23666855
2001-04-07T07:30:00,1,4,7,7,30,0.27800000,18.80000000,28.53000000,0.27348584
2001-04-07T07:40:00,1,4,7,7,40,0.31733333,19.13333333,30.24000000,0.30968433
2001-04-07T07:50:00,1,4,7,7,50,0.35666667,19.46666667,31.95000000,0.34526403
2001-04-07T08:00:00,1,4,7,8,0,0.39600000,19.80000000,33.66000000,0.38022494
2001-04-07T08:10:00,1,4,7,8,10,0.42200000,20.03333333,34.80333333,0.40296977
2001-04-07T08:20:00,1,4,7,8,20,0.44800000,20.26666667,35.94666667,0.42544111
2001-04-07T08:30:00,1,4,7,8,30,0.47400000,20.50000000,37.09000000,0.44763896
2001-04-07T08:40:00,1,4,7,8,40,0.50000000,20.73333333,38.23333333,0.46956333
2001-04-07T08:50:00,1,4,7,8,50,0.52600000,20.96666667,39.37666667,0.49121422
2001-04-07T09:00:00,1,4,7,9,0,0.55200000,21.20000000,40.52000000,0.51259162
2001-04-07T09:10:00,1,4,7,9,10,0.55333333,21.53333333,40.90000000,0.51286253
2001-04-07T09:20:00,1,4,7,9,20,0.55466667,21.86666667,41.28000000,0.51312879
2001-04-07T09:30:00,1,4,7,9,30,0.55600000,22.20000000,41.66000000,0.51339038
2001-04-07T09:40:00,1,4,7,9,40,0.55733333,22.53333333,42.04000000,0.51364732
2001-04-07T09:50:00,1,4,7,9,50,0.55866667,22.86666667,42.42000000,0.51389959
2001-04-07T10:00:00,1,4,7,10,0,0.56000000,23.20000000,42.80000000,0.51414720
2001-04-07T10:10:00,1,4,7,10,10,0.59450000,23.20000000,44.00750000,0.54252019
2001-04-07T10:20:00,1,4,7,10,20,0.62900000,23.20000000,45.21500000,0.57050992
2001-04-07T10:30:00,1,4,7,10,30,0.66350000,23.20000000,46.42250000,0.59811639
2001-04-07T10:40:00,1,4,7,10,40,0.69800000,23.20000000,47.63000000,0.62533960
2001-04-07T10:50:00,1,4,7,10,50,0.73250000,23.20000000,48.83750000,0.65217954
2001-04-07T11:00:00,1,4,7,11,0,0.76700000,23.20000000,50.04500000,0.67863623
2001-04-07T11:10:00,1,4,7,11,10,0.76166667,23.53333333,50.19166667,0.67340346
2001-04-07T11:20:00,1,4,7,11,20,0.75633333,23.86666667,50.33833333,0.66817789
2001-04-07T11:30:00,1,4,7,11,30,0.75100000,24.20000000,50.48500000,0.66295952
2001-04-07T11:40:00,1,4,7,11,40,0.74566667,24.53333333,50.63166667,0.65774834
2001-04-07T11:50:00,1,4,7,11,50,0.74033333,24.86666667,50.77833333,0.65254436
2001-04-07T12:00:00,1,4,7,12,0,0.73500000,25.20000000,50.92500000,0.64734757
2001-04-07T12:10:00,1,4,7,12,10,0.75200000,25.25000000,51.57000000,0.66008906
2001-04-07T12:20:00,1,4,7,12,20,0.76900000,25.30000000,52.21500000,0.67272966
2001-04-07T12:30:00,1,4,7,12,30,0.78600000,25.35000000,52.86000000,0.68526938
2001-04-07T12:40:00,1,4,7,12,40,0.80300000,25.40000000,53.50500000,0.69770823
2001-04-07T12:50:00,1,4,7,12,50,0.82000000,25.45000000,54.15000000,0.71004620
2001-04-07T13:00:00,1,4,7,13,0,0.83700000,25.50000000,54.79500000,0.72228329
2001-04-07T13:10:00,1,4,7,13,10,0.77566667,25.58333333,52.73166667,0.67671823
2001-04-07T13:20:00,1,4,7,13,20,0.71433333,25.66666667,50.66833333,0.62998890
2001-04-07T13:30:00,1,4,7,13,30,0.65300000,25.75000000,48.60500000,0.58209530
2001-04-07T13:40:00,1,4,7,13,40,0.59166667,25.83333333,46.54166667,0.53303743
2001-04-07T13:50:00,1,4,7,13,50,0.53033333,25.91666667,44.47833333,0.48281529
2001-04-07T14:00:00,1,4,7,14,0,0.46900000,26.00000000,42.41500000,0.43142888
2001-04-07T14:10:00,1,4,7,14,10,0.46150000,25.73333333,41.88583333,0.42565306
2001-04-07T14:20:00,1,4,7,14,20,0.45400000,25.46666667,41.35666667,0.41984074
2001-04-07T14:30:00,1,4,7,14,30,0.44650000,25.20000000,40.82750000,0.41399190
2001-04-07T14:40:00,1,4,7,14,40,0.43900000,24.93333333,40.29833333,0.40810655
2001-04-07T14:50:00,1,4,7,14,50,0.43150000,24.66666667,39.76916667,0.40218468
2001-04-07T15:00:00,1,4,7,15,0,0.42400000,24.40000000,39.24000000,0.39622630
2001-04-07T15:10:00,1,4,7,15,10,0.39650000,24.26666667,38.14416667,0.37252635
2001-04-07T15:20:00,1,4,7,15,20,0.36900000,24.13333333,37.04833333,0.34854916
2001-04-07T15:30:00,1,4,7,15,30,0.34150000,24.00000000,35.95250000,0.32429472
2001-04-07T15:40:00,1,4,7,15,40,0.31400000,23.86666667,34.85666667,0.29976303
2001-04-07T15:50:00,1,4,7,15,50,0.28650000,23.73333333,33.76083333,0.27495410
2001-04-07T16:00:00,1,4,7,16,0,0.25900000,23.60000000,32.66500000,0.24986792
2001-04-07T16:10:00,1,4,7,16,10,0.22400000,23.43333333,31.27333333,0.21753596
2001-04-07T16:20:00,1,4,7,16,20,0.18900000,23.26666667,29.88166667,0.18475588
2001-04-07T16:30:00,1,4,7,16,30,0.15400000,23.10000000,28.49000000,0.15152768
2001-04-07T16:40:00,1,4,7,16,40,0.11900000,22.93333333,27.09833333,0.11785137
2001-04-07T16:50:00,1,4,7,16,50,0.08400000,22.76666667,25.70666667,0.08372694
2001-04-07T17:00:00,1,4,7,17,0,0.04900000,22.60000000,24.31500000,0.04915440
2001-04-07T17:10:00,1,4,7,17,10,0.04083333,22.33333333,23.76250000,0.04106578
2001-04-07T17:20:00,1,4,7,17,20,0.03266667,22.06666667,23.21000000,0.03293564
2001-04-07T17:30:00,1,4,7,17,30,0.02450000,21.80000000,22.65750000,0.02476400
2001-04-07T17:40:00,1,4,7,17,40,0.01633333,21.53333333,22.10500000,0.01655084
2001-04-07T17:50:00,1,4,7,17,50,0.00816667,21.26666667,21.55250000,0.00829618
2001-04-07T18:00:00,1,4,7,18,0,0.00000000,21.00000000,21.00000000,0.00000000
2001-04-07T18:10:00,1,4,7,18,10,0.00000000,20.91666667,20.91666667,0.00000000
2001-04-07T18:20:00,1,4,7,18,20,0.00000000,20.83333333,20.83333333,0.00000000
2001-04-07T18:30:00,1,4,7,18,30,0.00000000,20.75000000,20.75000000,0.00000000
2001-04-07T18:40:00,1,4,7,18,40,0.00000000,20.66666667,20.66666667,0.00000000
2001-04-07T18:50:00,1,4,7,18,50,0.00000000,20.58333333,20.58333333,0.00000000
2001-04-07T19:00:00,1,4,7,19,0,0.00000000,20.50000000,20.50000000,0.00000000
2001-04-07T19:10:00,1,4,7,19,10,0.00000000,20.43333333,20.43333333,0.00000000
2001-04-07T19:20:00,1,4,7,19,20,0.00000000,20.36666667,20.36666667,0.00000000
2001-04-07T19:30:00,1,4,7,19,30,0.00000000,20.30000000,20.30000000,0.00000000
2001-04-07T19:40:00,1,4,7,19,40,0.00000000,20.23333333,20.23333333,0.00000000
2001-04-07T19:50:00,1,4,7,19,50,0.00000000,20.16666667,20.16666667,0.00000000
2001-04-07T20:00:00,1,4,7,20,0,0.00000000,20.10000000,20.10000000,0.00000000
2001-04-07T20:10:00,1,4,7,20,10,0.00000000,20.05000000,20.05000000,0.00000000
2001-04-07T20:20:00,1,4,7,20,20,0.00000000,20.00000000,20.00000000,0.00000000
2001-04-07T20:30:00,1,4,7,20,30,0.00000000,19.95000000,19.95000000,0.00000000
2001-04-07T20:40:00,1,4,7,20,40,0.00000000,19.90000000,19.90000000,0.00000000
2001-04-07T20:50:00,1,4,7,20,50,0.00000000,19.85000000,19.85000000,0.00000000
2001-04-07T21:00:00,1,4,7,21,0,0.00000000,19.80000000,19.80000000,0.00000000
2001-04-07T21:10:00,1,4,7,21,10,0.00000000,19.70000000,19.70000000,0.00000000
2001-04-07T21:20:00,1,4,7,21,20,0.00000000,19.60000000,19.60000000,0.00000000
2001-04-07T21:30:00,1,4,7,21,30,0.00000000,19.50000000,19.50000000,0.00000000
2001-04-07T21:40:00,1,4,7,21,40,0.00000000,19.40000000,19.40000000,0.00000000
2001-04-07T21:50:00,1,4,7,21,50,0.00000000,19.30000000,19.30000000,0.00000000
2001-04-07T22:00:00,1,4,7,22,0,0.00000000,19.20000000,19.20000000,0.00000000
2001-04-07T22:10:00,1,4,7,22,10,0.00000000,19.06666667,19.06666667,0.00000000
2001-04-07T22:20:00,1,4,7,22,20,0.00000000,18.93333333,18.93333333,0.00000000
2001-04-07T22:30:00,1,4,7,22,30,0.00000000,18.80000000,18.80000000,0.00000000
2001-04-07T22:40:00,1,4,7,22,40,0.00000000,18.66666667,18.66666667,0.00000000
2001-04-07T22:50:00,1,4,7,22,50,0.00000000,18.53333333,18.53333333,0.00000000
2001-04-07T23:00:00,1,4,7,23,0,0.00000000,18.40000000,18.40000000,0.00000000
2001-04-07T23:10:00,1,4,7,23,10,0.00000000,18.33333333,18.33333333,0.00000000
2001-04-07T23:20:00,1,4,7,23,20,0.00000000,18.26666667,18.26666667,0.00000000
2001-04-07T23:30:00,1,4,7,23,30,0.00000000,18.20000000,18.20000000,0.00000000
2001-04-07T23:40:00,1,4,7,23,40,0.00000000,18.13333333,18.13333333,0.00000000
2001-04-07T23:50:00,1,4,7,23,50,0.00000000,18.06666667,18.06666667,0.00000000
2001-04-08T00:00:00,1,4,8,0,0,0.00000000,18.00000000,18.00000000,0.00000000
2001-04-08T00:10:00,1,4,8,0,10,0.00000000,17.98333333,17.98333333,0.00000000
2001-04-08T00:20:00,1,4,8,0,20,0.00000000,17.96666667,17.96666667,0.00000000
2001-04-08T00:30:00,1,4,8,0,30,0.00000000,17.95000000,17.95000000,0.00000000
2001-04-08T00:40:00,1,4,8,0,40,0.00000000,17.93333333,17.93333333,0.00000000
2001-04-08T00:50:00,1,4,8,0,50,0.00000000,17.91666667,17.91666667,0.00000000
2001-04-08T01:00:00,1,4,8,1,0,0.00000000,17.90000000,17.90000000,0.00000000
2001-04-08T01:10:00,1,4,8,1,10,0.00000000,17.83333333,17.83333333,0.00000000
2001-04-08T01:20:00,1,4,8,1,20,0.00000000,17.76666667,17.76666667,0.00000000
2001-04-08T01:30:00,1,4,8,1,30,0.00000000,17.70000000,17.70000000,0.00000000
2001-04-08T01:40:00,1,4,8,1,40,0.00000000,17.63333333,17.63333333,0.00000000
2001-04-08T01:50:00,1,4,8,1,50,0.00000000,17.56666667,17.56666667,0.00000000
2001-04-08T02:00:00,1,4,8,2,0,0.00000000,17.50000000,17.50000000,0.00000000
2001-04-08T02:10:00,1,4,8,2,10,0.00000000,17.51666667,17.51666667,0.00000000
2001-04-08T02:20:00,1,4,8,2,20,0.00000000,17.53333333,17.53333333,0.00000000
2001-04-08T02:30:00,1,4,8,2,30,0.00000000,17.55000000,17.55000000,0.00000000
2001-04-08T02:40:00,1,4,8,2,40,0.00000000,17.56666667,17.56666667,0.00000000
2001-04-08T02:50:00,1,4,8,2,50,0.00000000,17.58333333,17.58333333,0.00000000
2001-04-08T03:00:00,1,4,8,3,0,0.00000000,17.60000000,17.60000000,0.00000000
2001-04-08T03:10:00,1,4,8,3,10,0.00000000,17.56666667,17.56666667,0.00000000
2001-04-08T03:20:00,1,4,8,3,20,0.00000000,17.53333333,17.53333333,0.00000000
2001-04-08T03:30:00,1,4,8,3,30,0.00000000,17.50000000,17.50000000,0.00000000
2001-04-08T03:40:00,1,4,8,3,40,0.00000000,17.46666667,17.46666667,0.00000000
2001-04-08T03:50:00,1,4,8,3,50,0.00000000,17.43333333,17.43333333,0.00000000
2001-04-08T04:00:00,1,4,8,4,0,0.00000000,17.40000000,17.40000000,0.00000000
2001-04-08T04:10:00,1,4,8,4,10,0.00000000,17.46666667,17.46666667,0.00000000
2001-04-08T04:20:00,1,4,8,4,20,0.00000000,17.53333333,17.53333333,0.00000000
2001-04-08T04:30:00,1,4,8,4,30,0.00000000,17.60000000,17.60000000,0.00000000
2001-04-08T04:40:00,1,4,8,4,40,0.00000000,17.66666667,17.66666667,0.00000000
2001-04-08T04:50:00,1,4,8,4,50,0.00000000,17.73333333,17.73333333,0.00000000
2001-04-08T05:00:00,1,4,8,5,0,0.00000000,17.80000000,17.80000000,0.00000000
2001-04-08T05:10:00,1,4,8,5,10,0.00733333,17.73333333,17.99000000,0.00756980
2001-04-08T05:20:00,1,4,8,5,20,0.01466667,17.66666667,18.18000000,0.01512679
2001-04-08T05:30:00,1,4,8,5,30,0.02200000,17.60000000,18.37000000,0.02267096
2001-04-08T05:40:00,1,4,8,5,40,0.02933333,17.53333333,18.56000000,0.03020230
2001-04-08T05:50:00,1,4,8,5,50,0.03666667,17.46666667,18.75000000,0.03772083
2001-04-08T06:00:00,1,4,8,6,0,0.04400000,17.40000000,18.94000000,0.04522654
2001-04-08T06:10:00,1,4,8,6,10,0.07416667,17.58333333,20.17916667,0.07581137
2001-04-08T06:20:00,1,4,8,6,20,0.10433333,17.76666667,21.41833333,0.10605229
2001-04-08T06:30:00,1,4,8,6,30,0.13450000,17.95000000,22.65750000,0.13594930
2001-04-08T06:40:00,1,4,8,6,40,0.16466667,18.13333333,23.89666667,0.16550240
2001-04-08T06:50:00,1,4,8,6,50,0.19483333,18.31666667,25.13583333,0.19471159
2001-04-08T07:00:00,1,4,8,7,0,0.22500000,18.50000000,26.37500000,0.22357688
2001-04-08T07:10:00,1,4,8,7,10,0.25300000,18.86666667,27.72166667,0.24983252
2001-04-08T07:20:00,1,4,8,7,20,0.28100000,19.23333333,29.06833333,0.27574127
2001-04-08T07:30:00,1,4,8,7,30,0.30900000,19.60000000,30.41500000,0.30130312
2001-04-08T07:40:00,1,4,8,7,40,0.33700000,19.96666667,31.76166667,0.32651806
2001-04-08T07:50:00,1,4,8,7,50,0.36500000,20.33333333,33.10833333,0.35138611
2001-04-08T08:00:00,1,4,8,8,0,0.39300000,20.70000000,34.45500000,0.37590725
2001-04-08T08:10:00,1,4,8,8,10,0.42550000,20.98333333,35.87583333,0.40421273
2001-04-08T08:20:00,1,4,8,8,20,0.45800000,21.26666667,37.29666667,0.43209338
2001-04-08T08:30:00,1,4,8,8,30,0.49050000,21.55000000,38.71750000,0.45954920
2001-04-08T08:40:00,1,4,8,8,40,0.52300000,21.83333333,40.13833333,0.48658020
2001-04-08T08:50:00,1,4,8,8,50,0.55550000,22.11666667,41.55916667,0.51318636
2001-04-08T09:00:00,1,4,8,9,0,0.58800000,22.40000000,42.98000000,0.53936770
2001-04-08T09:10:00,1,4,8,9,10,0.62600000,22.73333333,44.64333333,0.56943506
2001-04-08T09:20:00,1,4,8,9,20,0.66400000,23.06666667,46.30666667,0.59892092
2001-04-08T09:30:00,1,4,8,9,30,0.70200000,23.40000000,47.97000000,0.62782528
2001-04-08T09:40:00,1,4,8,9,40,0.74000000,23.73333333,49.63333333,0.65614813
2001-04-08T09:50:00,1,4,8,9,50,0.77800000,24.06666667,51.29666667,0.68388949
2001-04-08T10:00:00,1,4,8,10,0,0.81600000,24.40000000,52.96000000,0.71104934
2001-04-08T10:10:00,1,4,8,10,10,0.80183333,24.86666667,52.93083333,0.69881232
2001-04-08T10:20:00,1,4,8,10,20,0.78766667,25.33333333,52.90166667,0.68657149
2001-04-08T10:30:00,1,4,8,10,30,0.77350000,25.80000000,52.87250000,0.67432686
2001-04-08T10:40:00,1,4,8,10,40,0.75933333,26.26666667,52.84333333,0.66207843
2001-04-08T10:50:00,1,4,8,10,50,0.74516667,26.73333333,52.81416667,0.64982619
2001-04-08T11:00:00,1,4,8,11,0,0.73100000,27.20000000,52.78500000,0.63757016
2001-04-08T11:10:00,1,4,8,11,10,0.74150000,27.15000000,53.10250000,0.64564518
2001-04-08T11:20:00,1,4,8,11,20,0.75200000,27.10000000,53.42000000,0.65368954
2001-04-08T11:30:00,1,4,8,11,30,0.76250000,27.05000000,53.73750000,0.66170322
2001-04-08T11:40:00,1,4,8,11,40,0.77300000,27.00000000,54.05500000,0.66968623
2001-04-08T11:50:00,1,4,8,11,50,0.78350000,26.95000000,54.37250000,0.67763857
2001-04-08T12:00:00,1,4,8,12,0,0.79400000,26.90000000,54.69000000,0.68556024
2001-04-08T12:10:00,1,4,8,12,10,0.79283333,26.90000000,54.64916667,0.68470183
2001-04-08T12:20:00,1,4,8,12,20,0.79166667,26.90000000,54.60833333,0.68384299
2001-04-08T12:30:00,1,4,8,12,30,0.79050000,26.90000000,54.56750000,0.68298370
2001-04-08T12:40:00,1,4,8,12,40,0.78933333,26.90000000,54.52666667,0.68212398
2001-04-08T12:50:00,1,4,8,12,50,0.78816667,26.90000000,54.48583333,0.68126381
2001-04-08T13:00:00,1,4,8,13,0,0.78700000,26.90000000,54.44500000,0.68040321
2001-04-08T13:10:00,1,4,8,13,10,0.75716667,26.93333333,53.43416667,0.65813141
2001-04-08T13:20:00,1,4,8,13,20,0.72733333,26.96666667,52.42333333,0.63558217
2001-04-08T13:30:00,1,4,8,13,30,0.69750000,27.00000000,51.41250000,0.61275549
2001-04-08T13:40:00,1,4,8,13,40,0.66766667,27.03333333,50.40166667,0.58965137
2001-04-08T13:50:00,1,4,8,13,50,0.63783333,27.06666667,49.39083333,0.56626982
2001-04-08T14:00:00,1,4,8,14,0,0.60800000,27.10000000,48.38000000,0.54261082
2001-04-08T14:10:00,1,4,8,14,10,0.58300000,26.93333333,47.33833333,0.52309306
2001-04-08T14:20:00,1,4,8,14,20,0.55800000,26.76666667,46.29666667,0.50333572
2001-04-08T14:30:00,1,4,8,14,30,0.53300000,26.60000000,45.25500000,0.48333879
2001-04-08T14:40:00,1,4,8,14,40,0.50800000,26.43333333,44.21333333,0.46310228
2001-04-08T14:50:00,1,4,8,14,50,0.48300000,26.26666667,43.17166667,0.44262619
2001-04-08T15:00:00,1,4,8,15,0,0.45800000,26.10000000,42.13000000,0.42191052
2001-04-08T15:10:00,1,4,8,15,10,0.42433333,25.90000000,40.75166667,0.39358713
2001-04-08T15:20:00,1,4,8,15,20,0.39066667,25.70000000,39.37333333,0.36483683
2001-04-08T15:30:00,1,4,8,15,30,0.35700000,25.50000000,37.99500000,0.33565961
2001-04-08T15:40:00,1,4,8,15,40,0.32333333,25.30000000,36.61666667,0.30605548
2001-04-08T15:50:00,1,4,8,15,50,0.28966667,25.10000000,35.23833333,0.27602443
2001-04-08T16:00:00,1,4,8,16,0,0.25600000,24.90000000,33.86000000,0.24556646
2001-04-08T16:10:00,1,4,8,16,10,0.22150000,24.48333333,32.23583333,0.21412741
2001-04-08T16:20:00,1,4,8,16,20,0.18700000,24.06666667,30.61166667,0.18217284
2001-04-08T16:30:00,1,4,8,16,30,0.15250000,23.65000000,28.98750000,0.14970277
2001-04-08T16:40:00,1,4,8,16,40,0.11800000,23.23333333,27.36333333,0.11671718
2001-04-08T16:50:00,1,4,8,16,50,0.08350000,22.81666667,25.73916667,0.08321609
2001-04-08T17:00:00,1,4,8,17,0,0.04900000,22.40000000,24.11500000,0.04919948
2001-04-08T17:10:00,1,4,8,17,10,0.04083333,22.15000000,23.57916667,0.04110021
2001-04-08T17:20:00,1,4,8,17,20,0.03266667,21.90000000,23.04333333,0.03296069
2001-04-08T17:30:00,1,4,8,17,30,0.02450000,21.65000000,22.50750000,0.02478090
2001-04-08T17:40:00,1,4,8,17,40,0.01633333,21.40000000,21.97166667,0.01656086
2001-04-08T17:50:00,1,4,8,17,50,0.00816667,21.15000000,21.43583333,0.00830056
2001-04-08T18:00:00,1,4,8,18,0,0.00000000,20.90000000,20.90000000,0.00000000
2001-04-08T18:10:00,1,4,8,18,10,0.00000000,20.81666667,20.81666667,0.00000000
2001-04-08T18:20:00,1,4,8,18,20,0.00000000,20.73333333,20.73333333,0.00000000
2001-04-08T18:30:00,1,4,8,18,30,0.00000000,20.65000000,20.65000000,0.00000000
2001-04-08T18:40:00,1,4,8,18,40,0.00000000,20.56666667,20.56666667,0.00000000
2001-04-08T18:50:00,1,4,8,18,50,0.00000000,20.48333333,20.48333333,0.00000000
2001-04-08T19:00:00,1,4,8,19,0,0.00000000,20.40000000,20.40000000,0.00000000
2001-04-08T19:10:00,1,4,8,19,10,0.00000000,20.26666667,20.26666667,0.00000000
2001-04-08T19:20:00,1,4,8,19,20,0.00000000,20.13333333,20.13333333,0.00000000
2001-04-08T19:30:00,1,4,8,19,30,0.00000000,20.00000000,20.00000000,0.00000000
2001-04-08T19:40:00,1,4,8,19,40,0.00000000,19.86666667,19.86666667,0.00000000
2001-04-08T19:50:00,1,4,8,19,50,0.00000000,19.73333333,19.73333333,0.00000000
2001-04-08T20:00:00,1,4,8,20,0,0.00000000,19.60000000,19.60000000,0.00000000
2001-04-08T20:10:00,1,4,8,20,10,0.00000000,19.45000000,19.45000000,0.00000000
2001-04-08T20:20:00,1,4,8,20,20,0.00000000,19.30000000,19.30000000,0.00000000
2001-04-08T20:30:00,1,4,8,20,30,0.00000000,19.15000000,19.15000000,0.00000000
2001-04-08T20:40:00,1,4,8,20,40,0.00000000,19.00000000,19.00000000,0.00000000
2001-04-08T20:50:00,1,4,8,20,50,0.00000000,18.85000000,18.85000000,0.00000000
2001-04-08T21:00:00,1,4,8,21,0,0.00000000,18.70000000,18.70000000,0.00000000
2001-04-08T21:10:00,1,4,8,21,10,0.00000000,18.70000000,18.70000000,0.00000000
2001-04-08T21:20:00,1,4,8,21,20,0.00000000,18.70000000,18.70000000,0.00000000
2001-04-08T21:30:00,1,4,8,21,30,0.00000000,18.70000000,18.70000000,0.00000000
2001-04-08T21:40:00,1,4,8,21,40,0.00000000,18.70000000,18.70000000,0.00000000
2001-04-08T21:50:00,1,4,8,21,50,0.00000000,18.70000000,18.70000000,0.00000000
2001-04-08T22:00:00,1,4,8,22,0,0.00000000,18.70000000,18.70000000,0.00000000
2001-04-08T22:10:00,1,4,8,22,10,0.00000000,18.61666667,18.61666667,0.00000000
2001-04-08T22:20:00,1,4,8,22,20,0.00000000,18.53333333,18.53333333,0.00000000
2001-04-08T22:30:00,1,4,8,22,30,0.00000000,18.45000000,18.45000000,0.00000000
2001-04-08T22:40:00,1,4,8,22,40,0.00000000,18.36666667,18.36666667,0.00000000
2001-04-08T22:50:00,1,4,8,22,50,0.00000000,18.28333333,18.28333333,0.00000000
2001-04-08T23:00:00,1,4,8,23,0,0.00000000,18.20000000,18.20000000,0.00000000
2001-04-08T23:10:00,1,4,8,23,10,0.00000000,18.21666667,18.21666667,0.00000000
2001-04-08T23:20:00,1,4,8,23,20,0.00000000,18.23333333,18.23333333,0.00000000
2001-04-08T23:30:00,1,4,8,23,30,0.00000000,18.25000000,18.25000000,0.00000000
2001-04-08T23:40:00,1,4,8,23,40,0.00000000,18.26666667,18.26666667,0.00000000
2001-04-08T23:50:00,1,4,8,23,50,0.00000000,18.28333333,18.28333333,0.00000000
2001-04-09T00:00:00,1,4,9,0,0,0.00000000,18.30000000,18.30000000,0.00000000
2001-04-09T00:10:00,1,4,9,0,10,0.00000000,18.28333333,18.28333333,0.00000000
2001-04-09T00:20:00,1,4,9,0,20,0.00000000,18.26666667,18.26666667,0.00000000
2001-04-09T00:30:00,1,4,9,0,30,0.00000000,18.25000000,18.25000000,0.00000000
2001-04-09T00:40:00,1,4,9,0,40,0.00000000,18.23333333,18.23333333,0.00000000
2001-04-09T00:50:00,1,4,9,0,50,0.00000000,18.21666667,18.21666667,0.00000000
2001-04-09T01:00:00,1,4,9,1,0,0.00000000,18.20000000,18.20000000,0.00000000
2001-04-09T01:10:00,1,4,9,1,10,0.00000000,18.10000000,18.10000000,0.00000000
2001-04-09T01:20:00,1,4,9,1,20,0.00000000,18.00000000,18.00000000,0.00000000
2001-04-09T01:30:00,1,4,9,1,30,0.00000000,17.90000000,17.90000000,0.00000000
2001-04-09T01:40:00,1,4,9,1,40,0.00000000,17.80000000,17.80000000,0.00000000
2001-04-09T01:50:00,1,4,9,1,50,0.00000000,17.70000000,17.70000000,0.00000000
2001-04-09T02:00:00,1,4,9,2,0,0.00000000,17.60000000,17.60000000,0.00000000
2001-04-09T02:10:00,1,4,9,2,10,0.00000000,17.68333333,17.68333333,0.00000000
2001-04-09T02:20:00,1,4,9,2,20,0.00000000,17.76666667,17.76666667,0.00000000
2001-04-09T02:30:00,1,4,9,2,30,0.00000000,17.85000000,17.85000000,0.00000000
2001-04-09T02:40:00,1,4,9,2,40,0.00000000,17.93333333,17.93333333,0.00000000
2001-04-09T02:50:00,1,4,9,2,50,0.00000000,18.01666667,18.01666667,0.00000000
2001-04-09T03:00:00,1,4,9,3,0,0.00000000,18.10000000,18.10000000,0.00000000
2001-04-09T03:10:00,1,4,9,3,10,0.00000000,18.00000000,18.00000000,0.00000000
2001-04-09T03:20:00,1,4,9,3,20,0.00000000,17.90000000,17.90000000,0.00000000
2001-04-09T03:30:00,1,4,9,3,30,0.00000000,17.80000000,17.80000000,0.00000000
2001-04-09T03:40:00,1,4,9,3,40,0.00000000,17.70000000,17.70000000,0.00000000
2001-04-09T03:50:00,1,4,9,3,50,0.00000000,17.60000000,17.60000000,0.00000000
2001-04-09T04:00:00,1,4,9,4,0,0.00000000,17.50000000,17.50000000,0.00000000
2001-04-09T04:10:00,1,4,9,4,10,0.00000000,17.45000000,17.45000000,0.00000000
2001-04-09T04:20:00,1,4,9,4,20,0.00000000,17.40000000,17.40000000,0.00000000
2001-04-09T04:30:00,1,4,9,4,30,0.00000000,17.35000000,17.35000000,0.00000000
2001-04-09T04:40:00,1,4,9,4,40,0.00000000,17.30000000,17.30000000,0.00000000
2001-04-09T04:50:00,1,4,9,4,50,0.00000000,17.25000000,17.25000000,0.00000000
2001-04-09T05:00:00,1,4,9,5,0,0.00000000,17.20000000,17.20000000,0.00000000
2001-04-09T05:10:00,1,4,9,5,10,0.00550000,17.21666667,17.40916667,0.00569205
2001-04-09T05:20:00,1,4,9,5,20,0.01100000,17.23333333,17.61833333,0.01137351
2001-04-09T05:30:00,1,4,9,5,30,0.01650000,17.25000000,17.82750000,0.01704439
2001-04-09T05:40:00,1,4,9,5,40,0.02200000,17.26666667,18.03666667,0.02270469
2001-04-09T05:50:00,1,4,9,5,50,0.02750000,17.28333333,18.24583333,0.02835440
2001-04-09T06:00:00,1,4,9,6,0,0.03300000,17.30000000,18.45500000,0.03399353
2001-04-09T06:10:00,1,4,9,6,10,0.04316667,17.60000000,19.11083333,0.04433606
2001-04-09T06:20:00,1,4,9,6,20,0.05333333,17.90000000,19.76666667,0.05461724
2001-04-09T06:30:00,1,4,9,6,30,0.06350000,18.20000000,20.42250000,0.06483709
2001-04-09T06:40:00,1,4,9,6,40,0.07366667,18.50000000,21.07833333,0.07499559
2001-04-09T06:50:00,1,4,9,6,50,0.08383333,18.80000000,21.73416667,0.08509275
2001-04-09T07:00:00,1,4,9,7,0,0.09400000,19.10000000,22.39000000,0.09512856
2001-04-09T07:10:00,1,4,9,7,10,0.13750000,19.16666667,23.97916667,0.13814568
2001-04-09T07:20:00,1,4,9,7,20,0.18100000,19.23333333,25.56833333,0.18052681
2001-04-09T07:30:00,1,4,9,7,30,0.22450000,19.30000000,27.15750000,0.22227195
2001-04-09T07:40:00,1,4,9,7,40,0.26800000,19.36666667,28.74666667,0.26338111
2001-04-09T07:50:00,1,4,9,7,50,0.31150000,19.43333333,30.33583333,0.30385428
2001-04-09T08:00:00,1,4,9,8,0,0.35500000,19.50000000,31.92500000,0.34369147
2001-04-09T08:10:00,1,4,9,8,10,0.38133333,19.80000000,33.14666667,0.36704299
2001-04-09T08:20:00,1,4,9,8,20,0.40766667,20.10000000,34.36833333,0.39009854
2001-04-09T08:30:00,1,4,9,8,30,0.43400000,20.40000000,35.59000000,0.41285812
2001-04-09T08:40:00,1,4,9,8,40,0.46033333,20.70000000,36.81166667,0.43532174
2001-04-09T08:50:00,1,4,9,8,50,0.48666667,21.00000000,38.03333333,0.45748938
2001-04-09T09:00:00,1,4,9,9,0,0.51300000,21.30000000,39.25500000,0.47936105
2001-04-09T09:10:00,1,4,9,9,10,0.55283333,21.58333333,40.93250000,0.51231645
2001-04-09T09:20:00,1,4,9,9,20,0.59266667,21.86666667,42.61000000,0.54465711
2001-04-09T09:30:00,1,4,9,9,30,0.63250000,22.15000000,44.28750000,0.57638302
2001-04-09T09:40:00,1,4,9,9,40,0.67233333,22.43333333,45.96500000,0.60749418
2001-04-09T09:50:00,1,4,9,9,50,0.71216667,22.71666667,47.64250000,0.63799059
2001-04-09T10:00:00,1,4,9,10,0,0.75200000,23.00000000,49.32000000,0.66787226
2001-04-09T10:10:00,1,4,9,10,10,0.74133333,23.26666667,49.21333333,0.65876264
2001-04-09T10:20:00,1,4,9,10,20,0.73066667,23.53333333,49.10666667,0.64964255
2001-04-09T10:30:00,1,4,9,10,30,0.72000000,23.80000000,49.00000000,0.64051200
2001-04-09T10:40:00,1,4,9,10,40,0.70933333,24.06666667,48.89333333,0.63137098
2001-04-09T10:50:00,1,4,9,10,50,0.69866667,24.33333333,48.78666667,0.62221949
2001-04-09T11:00:00,1,4,9,11,0,0.68800000,24.60000000,48.68000000,0.61305754
2001-04-09T11:10:00,1,4,9,11,10,0.67850000,24.58333333,48.33083333,0.60568214
2001-04-09T11:20:00,1,4,9,11,20,0.66900000,24.56666667,47.98166667,0.59827622
2001-04-09T11:30:00,1,4,9,11,30,0.65950000,24.55000000,47.63250000,0.59083978
2001-04-09T11:40:00,1,4,9,11,40,0.65000000,24.53333333,47.28333333,0.58337283
2001-04-09T11:50:00,1,4,9,11,50,0.64050000,24.51666667,46.93416667,0.57587536
2001-04-09T12:00:00,1,4,9,12,0,0.63100000,24.50000000,46.58500000,0.56834738
2001-04-09T12:10:00,1,4,9,12,10,0.60383333,24.55000000,45.68416667,0.54638030
2001-04-09T12:20:00,1,4,9,12,20,0.57666667,24.60000000,44.78333333,0.52418808
2001-04-09T12:30:00,1,4,9,12,30,0.54950000,24.65000000,43.88250000,0.50177070
2001-04-09T12:40:00,1,4,9,12,40,0.52233333,24.70000000,42.98166667,0.47912818
2001-04-09T12:50:00,1,4,9,12,50,0.49516667,24.75000000,42.08083333,0.45626051
2001-04-09T13:00:00,1,4,9,13,0,0.46800000,24.80000000,41.18000000,0.43316770
2001-04-09T13:10:00,1,4,9,13,10,0.46316667,24.66666667,40.87750000,0.42933859
2001-04-09T13:20:00,1,4,9,13,20,0.45833333,24.53333333,40.57500000,0.42549604
2001-04-09T13:30:00,1,4,9,13,30,0.45350000,24.40000000,40.27250000,0.42164004
2001-04-09T13:40:00,1,4,9,13,40,0.44866667,24.26666667,39.97000000,0.41777058
2001-04-09T13:50:00,1,4,9,13,50,0.44383333,24.13333333,39.66750000,0.41388768
2001-04-09T14:00:00,1,4,9,14,0,0.43900000,24.00000000,39.36500000,0.40999132
2001-04-09T14:10:00,1,4,9,14,10,0.41900000,23.91666667,38.58166667,0.39282270
2001-04-09T14:20:00,1,4,9,14,20,0.39900000,23.83333333,37.79833333,0.37550994
2001-04-09T14:30:00,1,4,9,14,30,0.37900000,23.75000000,37.01500000,0.35805305
2001-04-09T14:40:00,1,4,9,14,40,0.35900000,23.66666667,36.23166667,0.34045203
2001-04-09T14:50:00,1,4,9,14,50,0.33900000,23.58333333,35.44833333,0.32270687
2001-04-09T15:00:00,1,4,9,15,0,0.31900000,23.50000000,34.66500000,0.30481758
2001-04-09T15:10:00,1,4,9,15,10,0.28000000,23.48333333,33.28333333,0.26933107
2001-04-09T15:20:00,1,4,9,15,20,0.24100000,23.46666667,31.90166667,0.23334881
2001-04-09T15:30:00,1,4,9,15,30,0.20200000,23.45000000,30.52000000,0.19687082
2001-04-09T15:40:00,1,4,9,15,40,0.16300000,23.43333333,29.13833333,0.15989708
2001-04-09T15:50:00,1,4,9,15,50,0.12400000,23.41666667,27.75666667,0.12242760
2001-04-09T16:00:00,1,4,9,16,0,0.08500000,23.40000000,26.37500000,0.08446238
2001-04-09T16:10:00,1,4,9,16,10,0.07716667,23.06666667,25.76750000,0.07689423
2001-04-09T16:20:00,1,4,9,16,20,0.06933333,22.73333333,25.16000000,0.06928230
2001-04-09T16:30:00,1,4,9,16,30,0.06150000,22.40000000,24.55250000,0.06162660
2001-04-09T16:40:00,1,4,9,16,40,0.05366667,22.06666667,23.94500000,0.05392711
2001-04-09T16:50:00,1,4,9,16,50,0.04583333,21.73333333,23.33750000,0.04618384
2001-04-09T17:00:00,1,4,9,17,0,0.03800000,21.40000000,22.73000000,0.03839680
2001-04-09T17:10:00,1,4,9,17,10,0.03166667,21.36666667,22.47500000,0.03203447
2001-04-09T17:20:00,1,4,9,17,20,0.02533333,21.33333333,22.22000000,0.02565730
2001-04-09T17:30:00,1,4,9,17,30,0.01900000,21.30000000,21.96500000,0.01926526
2001-04-09T17:40:00,1,4,9,17,40,0.01266667,21.26666667,21.71000000,0.01285836
2001-04-09T17:50:00,1,4,9,17,50,0.00633333,21.23333333,21.45500000,0.00643661
2001-04-09T18:00:00,1,4,9,18,0,0.00000000,21.20000000,21.20000000,0.00000000
2001-04-09T18:10:00,1,4,9,18,10,0.00000000,21.06666667,21.06666667,0.00000000
2001-04-09T18:20:00,1,4,9,18,20,0.00000000,20.93333333,20.93333333,0.00000000
2001-04-09T18:30:00,1,4,9,18,30,0.00000000,20.80000000,20.80000000,0.00000000
2001-04-09T18:40:00,1,4,9,18,40,0.00000000,20.66666667,20.66666667,0.00000000
2001-04-09T18:50:00,1,4,9,18,50,0.00000000,20.53333333,20.53333333,0.00000000
2001-04-09T19:00:00,1,4,9,19,0,0.00000000,20.40000000,20.40000000,0.00000000
2001-04-09T19:10:00,1,4,9,19,10,0.00000000,20.43333333,20.43333333,0.00000000
2001-04-09T19:20:00,1,4,9,19,20,0.00000000,20.46666667,20.46666667,0.00000000
2001-04-09T19:30:00,1,4,9,19,30,0.00000000,20.50000000,20.50000000,0.00000000
2001-04-09T19:40:00,1,4,9,19,40,0.00000000,20.53333333,20.53333333,0.00000000
2001-04-09T19:50:00,1,4,9,19,50,0.00000000,20.56666667,20.56666667,0.00000000
2001-04-09T20:00:00,1,4,9,20,0,0.00000000,20.60000000,20.60000000,0.00000000
2001-04-09T20:10:00,1,4,9,20,10,0.00000000,20.38333333,20.38333333,0.00000000
2001-04-09T20:20:00,1,4,9,20,20,0.00000000,20.16666667,20.16666667,0.00000000
2001-04-09T20:30:00,1,4,9,20,30,0.00000000,19.95000000,19.95000000,0.00000000
2001-04-09T20:40:00,1,4,9,20,40,0.00000000,19.73333333,19.73333333,0.00000000
2001-04-09T20:50:00,1,4,9,20,50,0.00000000,19.51666667,19.51666667,0.00000000
2001-04-09T21:00:00,1,4,9,21,0,0.00000000,19.30000000,19.30000000,0.00000000
2001-04-09T21:10:00,1,4,9,21,10,0.00000000,19.28333333,19.28333333,0.00000000
2001-04-09T21:20:00,1,4,9,21,20,0.00000000,19.26666667,19.26666667,0.00000000
2001-04-09T21:30:00,1,4,9,21,30,0.00000000,19.25000000,19.25000000,0.00000000
2001-04-09T21:40:00,1,4,9,21,40,0.00000000,19.23333333,19.23333333,0.00000000
2001-04-09T21:50:00,1,4,9,21,50,0.00000000,19.21666667,19.21666667,0.00000000
2001-04-09T22:00:00,1,4,9,22,0,0.00000000,19.20000000,19.20000000,0.00000000
2001-04-09T22:10:00,1,4,9,22,10,0.00000000,19.23333333,19.23333333,0.00000000
2001-04-09T22:20:00,1,4,9,22,20,0.00000000,19.26666667,19.26666667,0.00000000
2001-04-09T22:30:00,1,4,9,22,30,0.00000000,19.30000000,19.30000000,0.00000000
2001-04-09T22:40:00,1,4,9,22,40,0.00000000,19.33333333,19.33333333,0.00000000
2001-04-09T22:50:00,1,4,9,22,50,0.00000000,19.36666667,19.36666667,0.00000000
2001-04-09T23:00:00,1,4,9,23,0,0.00000000,19.40000000,19.40000000,0.00000000
2001-04-09T23:10:00,1,4,9,23,10,0.00000000,19.21666667,19.21666667,0.00000000
2001-04-09T23:20:00,1,4,9,23,20,0.00000000,19.03333333,19.03333333,0.00000000
2001-04-09T23:30:00,1,4,9,23,30,0.00000000,18.85000000,18.85000000,0.00000000
2001-04-09T23:40:00,1,4,9,23,40,0.00000000,18.66666667,18.66666667,0.00000000
2001-04-09T23:50:00,1,4,9,23,50,0.00000000,18.48333333,18.48333333,0.00000000
2001-04-10T00:00:00,1,4,10,0,0,0.00000000,18.30000000,18.30000000,0.00000000
2001-04-10T00:10:00,1,4,10,0,10,0.00000000,18.23333333,18.23333333,0.00000000
2001-04-10T00:20:00,1,4,10,0,20,0.00000000,18.16666667,18.16666667,0.00000000
2001-04-10T00:30:00,1,4,10,0,30,0.00000000,18.10000000,18.10000000,0.00000000
2001-04-10T00:40:00,1,4,10,0,40,0.00000000,18.03333333,18.03333333,0.00000000
2001-04-10T00:50:00,1,4,10,0,50,0.00000000,17.96666667,17.96666667,0.00000000
2001-04-10T01:00:00,1,4,10,1,0,0.00000000,17.90000000,17.90000000,0.00000000
2001-04-10T01:10:00,1,4,10,1,10,0.00000000,17.71666667,17.71666667,0.00000000
2001-04-10T01:20:00,1,4,10,1,20,0.00000000,17.53333333,17.53333333,0.00000000
2001-04-10T01:30:00,1,4,10,1,30,0.00000000,17.35000000,17.35000000,0.00000000
2001-04-10T01:40:00,1,4,10,1,40,0.00000000,17.16666667,17.16666667,0.00000000
2001-04-10T01:50:00,1,4,10,1,50,0.00000000,16.98333333,16.98333333,0.00000000
2001-04-10T02:00:00,1,4,10,2,0,0.00000000,16.80000000,16.80000000,0.00000000
2001-04-10T02:10:00,1,4,10,2,10,0.00000000,16.90000000,16.90000000,0.00000000
2001-04-10T02:20:00,1,4,10,2,20,0.00000000,17.00000000,17.00000000,0.00000000
2001-04-10T02:30:00,1,4,10,2,30,0.00000000,17.10000000,17.10000000,0.00000000
2001-04-10T02:40:00,1,4,10,2,40,0.00000000,17.20000000,17.20000000,0.00000000
2001-04-10T02:50:00,1,4,10,2,50,0.00000000,17.30000000,17.30000000,0.00000000
2001-04-10T03:00:00,1,4,10,3,0,0.00000000,17.40000000,17.40000000,0.00000000
2001-04-10T03:10:00,1,4,10,3,10,0.00000000,17.31666667,17.31666667,0.00000000
2001-04-10T03:20:00,1,4,10,3,20,0.00000000,17.23333333,17.23333333,0.00000000
2001-04-10T03:30:00,1,4,10,3,30,0.00000000,17.15000000,17.15000000,0.00000000
2001-04-10T03:40:00,1,4,10,3,40,0.00000000,17.06666667,17.06666667,0.00000000
2001-04-10T03:50:00,1,4,10,3,50,0.00000000,16.98333333,16.98333333,0.00000000
2001-04-10T04:00:00,1,4,10,4,0,0.00000000,16.90000000,16.90000000,0.00000000
2001-04-10T04:10:00,1,4,10,4,10,0.00000000,16.85000000,16.85000000,0.00000000
2001-04-10T04:20:00,1,4,10,4,20,0.00000000,16.80000000,16.80000000,0.00000000
2001-04-10T04:30:00,1,4,10,4,30,0.00000000,16.75000000,16.75000000,0.00000000
2001-04-10T04:40:00,1,4,10,4,40,0.00000000,16.70000000,16.70000000,0.00000000
2001-04-10T04:50:00,1,4,10,4,50,0.00000000,16.65000000,16.65000000,0.00000000
2001-04-10T05:00:00,1,4,10,5,0,0.00000000,16.60000000,16.60000000,0.00000000
2001-04-10T05:10:00,1,4,10,5,10,0.00550000,16.60000000,16.79250000,0.00570765
2001-04-10T05:20:00,1,4,10,5,20,0.01100000,16.60000000,16.98500000,0.01140556
2001-04-10T05:30:00,1,4,10,5,30,0.01650000,16.60000000,17.17750000,0.01709373
2001-04-10T05:40:00,1,4,10,5,40,0.02200000,16.60000000,17.37000000,0.02277216
2001-04-10T05:50:00,1,4,10,5,50,0.02750000,16.60000000,17.56250000,0.02844084
2001-04-10T06:00:00,1,4,10,6,0,0.03300000,16.60000000,17.75500000,0.03409979
2001-04-10T06:10:00,1,4,10,6,10,0.05700000,16.91666667,18.91166667,0.05859636
2001-04-10T06:20:00,1,4,10,6,20,0.08100000,17.23333333,20.06833333,0.08283754
2001-04-10T06:30:00,1,4,10,6,30,0.10500000,17.55000000,21.22500000,0.10682333
2001-04-10T06:40:00,1,4,10,6,40,0.12900000,17.86666667,22.38166667,0.13055372
2001-04-10T06:50:00,1,4,10,6,50,0.15300000,18.18333333,23.53833333,0.15402872
2001-04-10T07:00:00,1,4,10,7,0,0.17700000,18.50000000,24.69500000,0.17724833
2001-04-10T07:10:00,1,4,10,7,10,0.22266667,18.81666667,26.61000000,0.22101760
2001-04-10T07:20:00,1,4,10,7,20,0.26833333,19.13333333,28.52500000,0.26398231
2001-04-10T07:30:00,1,4,10,7,30,0.31400000,19.45000000,30.44000000,0.30614246
2001-04-10T07:40:00,1,4,10,7,40,0.35966667,19.76666667,32.35500000,0.34749806
2001-04-10T07:50:00,1,4,10,7,50,0.40533333,20.08333333,34.27000000,0.38804911
2001-04-10T08:00:00,1,4,10,8,0,0.45100000,20.40000000,36.18500000,0.42779560
2001-04-10T08:10:00,1,4,10,8,10,0.45050000,20.81666667,36.58416667,0.42649413
2001-04-10T08:20:00,1,4,10,8,20,0.45000000,21.23333333,36.98333333,0.42519450
2001-04-10T08:30:00,1,4,10,8,30,0.44950000,21.65000000,37.38250000,0.42389670
2001-04-10T08:40:00,1,4,10,8,40,0.44900000,22.06666667,37.78166667,0.42260075
2001-04-10T08:50:00,1,4,10,8,50,0.44850000,22.48333333,38.18083333,0.42130662
2001-04-10T09:00:00,1,4,10,9,0,0.44800000,22.90000000,38.58000000,0.42001434
2001-04-10T09:10:00,1,4,10,9,10,0.49950000,23.03333333,40.51583333,0.46384927
2001-04-10T09:20:00,1,4,10,9,20,0.55100000,23.16666667,42.45166667,0.50676701
2001-04-10T09:30:00,1,4,10,9,30,0.60250000,23.30000000,44.38750000,0.54876754
2001-04-10T09:40:00,1,4,10,9,40,0.65400000,23.43333333,46.32333333,0.58985088
2001-04-10T09:50:00,1,4,10,9,50,0.70550000,23.56666667,48.25916667,0.63001703
2001-04-10T10:00:00,1,4,10,10,0,0.75700000,23.70000000,50.19500000,0.66926597
2001-04-10T10:10:00,1,4,10,10,10,0.77783333,24.23333333,51.45750000,0.68316752
2001-04-10T10:20:00,1,4,10,10,20,0.79866667,24.76666667,52.72000000,0.69682708
2001-04-10T10:30:00,1,4,10,10,30,0.81950000,25.30000000,53.98250000,0.71024467
2001-04-10T10:40:00,1,4,10,10,40,0.84033333,25.83333333,55.24500000,0.72342028
2001-04-10T10:50:00,1,4,10,10,50,0.86116667,26.36666667,56.50750000,0.73635391
2001-04-10T11:00:00,1,4,10,11,0,0.88200000,26.90000000,57.77000000,0.74904556
2001-04-10T11:10:00,1,4,10,11,10,0.80516667,27.23333333,55.41416667,0.69251969
2001-04-10T11:20:00,1,4,10,11,20,0.72833333,27.56666667,53.05833333,0.63432856
2001-04-10T11:30:00,1,4,10,11,30,0.65150000,27.90000000,50.70250000,0.57447218
2001-04-10T11:40:00,1,4,10,11,40,0.57466667,28.23333333,48.34666667,0.51295053
2001-04-10T11:50:00,1,4,10,11,50,0.49783333,28.56666667,45.99083333,0.44976363
2001-04-10T12:00:00,1,4,10,12,0,0.42100000,28.90000000,43.63500000,0.38491146
2001-04-10T12:10:00,1,4,10,12,10,0.44266667,28.33333333,43.82666667,0.40433055
2001-04-10T12:20:00,1,4,10,12,20,0.46433333,27.76666667,44.01833333,0.42371144
2001-04-10T12:30:00,1,4,10,12,30,0.48600000,27.20000000,44.21000000,0.44305412
2001-04-10T12:40:00,1,4,10,12,40,0.50766667,26.63333333,44.40166667,0.46235860
2001-04-10T12:50:00,1,4,10,12,50,0.52933333,26.06666667,44.59333333,0.48162487
2001-04-10T13:00:00,1,4,10,13,0,0.55100000,25.50000000,44.78500000,0.50085294
2001-04-10T13:10:00,1,4,10,13,10,0.52900000,25.75000000,44.26500000,0.48212055
2001-04-10T13:20:00,1,4,10,13,20,0.50700000,26.00000000,43.74500000,0.46328291
2001-04-10T13:30:00,1,4,10,13,30,0.48500000,26.25000000,43.22500000,0.44434002
2001-04-10T13:40:00,1,4,10,13,40,0.46300000,26.50000000,42.70500000,0.42529189
2001-04-10T13:50:00,1,4,10,13,50,0.44100000,26.75000000,42.18500000,0.40613851
2001-04-10T14:00:00,1,4,10,14,0,0.41900000,27.00000000,41.66500000,0.38687988
2001-04-10T14:10:00,1,4,10,14,10,0.39850000,26.68333333,40.63083333,0.36984712
2001-04-10T14:20:00,1,4,10,14,20,0.37800000,26.36666667,39.59666667,0.35261932
2001-04-10T14:30:00,1,4,10,14,30,0.35750000,26.05000000,38.56250000,0.33519647
2001-04-10T14:40:00,1,4,10,14,40,0.33700000,25.73333333,37.52833333,0.31757858
2001-04-10T14:50:00,1,4,10,14,50,0.31650000,25.41666667,36.49416667,0.29976564
2001-04-10T15:00:00,1,4,10,15,0,0.29600000,25.10000000,35.46000000,0.28175766
2001-04-10T15:10:00,1,4,10,15,10,0.26150000,25.00000000,34.15250000,0.25049046
2001-04-10T15:20:00,1,4,10,15,20,0.22700000,24.90000000,32.84500000,0.21880825
2001-04-10T15:30:00,1,4,10,15,30,0.19250000,24.80000000,31.53750000,0.18671104
2001-04-10T15:40:00,1,4,10,15,40,0.15800000,24.70000000,30.23000000,0.15419884
2001-04-10T15:50:00,1,4,10,15,50,0.12350000,24.60000000,28.92250000,0.12127163
2001-04-10T16:00:00,1,4,10,16,0,0.08900000,24.50000000,27.61500000,0.08792942
2001-04-10T16:10:00,1,4,10,16,10,0.08083333,24.21666667,27.04583333,0.08007262
2001-04-10T16:20:00,1,4,10,16,20,0.07266667,23.93333333,26.47666667,0.07217307
2001-04-10T16:30:00,1,4,10,16,30,0.06450000,23.65000000,25.90750000,0.06423074
2001-04-10T16:40:00,1,4,10,16,40,0.05633333,23.36666667,25.33833333,0.05624566
2001-04-10T16:50:00,1,4,10,16,50,0.04816667,23.08333333,24.76916667,0.04821781
2001-04-10T17:00:00,1,4,10,17,0,0.04000000,22.80000000,24.20000000,0.04014720
2001-04-10T17:10:00,1,4,10,17,10,0.03333333,22.66666667,23.83333333,0.03351222
2001-04-10T17:20:00,1,4,10,17,20,0.02666667,22.53333333,23.46666667,0.02685476
2001-04-10T17:30:00,1,4,10,17,30,0.02000000,22.40000000,23.10000000,0.02017480
2001-04-10T17:40:00,1,4,10,17,40,0.01333333,22.26666667,22.73333333,0.01347236
2001-04-10T17:50:00,1,4,10,17,50,0.00666667,22.13333333,22.36666667,0.00674742
2001-04-10T18:00:00,1,4,10,18,0,0.00000000,22.00000000,22.00000000,0.00000000
2001-04-10T18:10:00,1,4,10,18,10,0.00000000,21.91666667,21.91666667,0.00000000
2001-04-10T18:20:00,1,4,10,18,20,0.00000000,21.83333333,21.83333333,0.00000000
2001-04-10T18:30:00,1,4,10,18,30,0.00000000,21.75000000,21.75000000,0.00000000
2001-04-10T18:40:00,1,4,10,18,40,0.00000000,21.66666667,21.66666667,0.00000000
2001-04-10T18:50:00,1,4,10,18,50,0.00000000,21.58333333,21.58333333,0.00000000
2001-04-10T19:00:00,1,4,10,19,0,0.00000000,21.50000000,21.50000000,0.00000000
2001-04-10T19:10:00,1,4,10,19,10,0.00000000,21.30000000,21.30000000,0.00000000
2001-04-10T19:20:00,1,4,10,19,20,0.00000000,21.10000000,21.10000000,0.00000000
2001-04-10T19:30:00,1,4,10,19,30,0.00000000,20.90000000,20.90000000,0.00000000
2001-04-10T19:40:00,1,4,10,19,40,0.00000000,20.70000000,20.70000000,0.00000000
2001-04-10T19:50:00,1,4,10,19,50,0.00000000,20.50000000,20.50000000,0.00000000
2001-04-10T20:00:00,1,4,10,20,0,0.00000000,20.30000000,20.30000000,0.00000000
2001-04-10T20:10:00,1,4,10,20,10,0.00000000,20.35000000,20.35000000,0.00000000
2001-04-10T20:20:00,1,4,10,20,20,0.00000000,20.40000000,20.40000000,0.00000000
2001-04-10T20:30:00,1,4,10,20,30,0.00000000,20.45000000,20.45000000,0.00000000
2001-04-10T20:40:00,1,4,10,20,40,0.00000000,20.50000000,20.50000000,0.00000000
2001-04-10T20:50:00,1,4,10,20,50,0.00000000,20.55000000,20.55000000,0.00000000
2001-04-10T21:00:00,1,4,10,21,0,0.00000000,20.60000000,20.60000000,0.00000000
2001-04-10T21:10:00,1,4,10,21,10,0.00000000,20.50000000,20.50000000,0.00000000
2001-04-10T21:20:00,1,4,10,21,20,0.00000000,20.40000000,20.40000000,0.00000000
2001-04-10T21:30:00,1,4,10,21,30,0.00000000,20.30000000,20.30000000,0.00000000
2001-04-10T21:40:00,1,4,10,21,40,0.00000000,20.20000000,20.20000000,0.00000000
2001-04-10T21:50:00,1,4,10,21,50,0.00000000,20.10000000,20.10000000,0.00000000
2001-04-10T22:00:00,1,4,10,22,0,0.00000000,20.00000000,20.00000000,0.00000000
2001-04-10T22:10:00,1,4,10,22,10,0.00000000,19.83333333,19.83333333,0.00000000
2001-04-10T22:20:00,1,4,10,22,20,0.00000000,19.66666667,19.66666667,0.00000000
2001-04-10T22:30:00,1,4,10,22,30,0.00000000,19.50000000,19.50000000,0.00000000
2001-04-10T22:40:00,1,4,10,22,40,0.00000000,19.33333333,19.33333333,0.00000000
2001-04-10T22:50:00,1,4,10,22,50,0.00000000,19.16666667,19.16666667,0.00000000
2001-04-10T23:00:00,1,4,10,23,0,0.00000000,19.00000000,19.00000000,0.00000000
2001-04-10T23:10:00,1,4,10,23,10,0.00000000,18.88333333,18.88333333,0.00000000
2001-04-10T23:20:00,1,4,10,23,20,0.00000000,18.76666667,18.76666667,0.00000000
2001-04-10T23:30:00,1,4,10,23,30,0.00000000,18.65000000,18.65000000,0.00000000
2001-04-10T23:40:00,1,4,10,23,40,0.00000000,18.53333333,18.53333333,0.00000000
2001-04-10T23:50:00,1,4,10,23,50,0.00000000,18.41666667,18.41666667,0.00000000
2001-04-11T00:00:00,1,4,11,0,0,0.00000000,18.30000000,18.30000000,0.00000000
2001-04-11T00:10:00,1,4,11,0,10,0.00000000,18.33333333,18.33333333,0.00000000
2001-04-11T00:20:00,1,4,11,0,20,0.00000000,18.36666667,18.36666667,0.00000000
2001-04-11T00:30:00,1,4,11,0,30,0.00000000,18.40000000,18.40000000,0.00000000
2001-04-11T00:40:00,1,4,11,0,40,0.00000000,18.43333333,18.43333333,0.00000000
2001-04-11T00:50:00,1,4,11,0,50,0.00000000,18.46666667,18.46666667,0.00000000
2001-04-11T01:00:00,1,4,11,1,0,0.00000000,18.50000000,18.50000000,0.00000000
2001-04-11T01:10:00,1,4,11,1,10,0.00000000,18.41666667,18.41666667,0.00000000
2001-04-11T01:20:00,1,4,11,1,20,0.00000000,18.33333333,18.33333333,0.00000000
2001-04-11T01:30:00,1,4,11,1,30,0.00000000,18.25000000,18.25000000,0.00000000
2001-04-11T01:40:00,1,4,11,1,40,0.00000000,18.16666667,18.16666667,0.00000000
2001-04-11T01:50:00,1,4,11,1,50,0.00000000,18.08333333,18.08333333,0.00000000
2001-04-11T02:00:00,1,4,11,2,0,0.00000000,18.00000000,18.00000000,0.00000000
2001-04-11T02:10:00,1,4,11,2,10,0.00000000,17.98333333,17.98333333,0.00000000
2001-04-11T02:20:00,1,4,11,2,20,0.00000000,17.96666667,17.96666667,0.00000000
2001-04-11T02:30:00,1,4,11,2,30,0.00000000,17.95000000,17.95000000,0.00000000
2001-04-11T02:40:00,1,4,11,2,40,0.00000000,17.93333333,17.93333333,0.00000000
2001-04-11T02:50:00,1,4,11,2,50,0.00000000,17.91666667,17.91666667,0.00000000
2001-04-11T03:00:00,1,4,11,3,0,0.00000000,17.90000000,17.90000000,0.00000000
2001-04-11T03:10:00,1,4,11,3,10,0.00000000,17.76666667,17.76666667,0.00000000
2001-04-11T03:20:00,1,4,11,3,20,0.00000000,17.63333333,17.63333333,0.00000000
2001-04-11T03:30:00,1,4,11,3,30,0.00000000,17.50000000,17.50000000,0.00000000
2001-04-11T03:40:00,1,4,11,3,40,0.00000000,17.36666667,17.36666667,0.00000000
2001-04-11T03:50:00,1,4,11,3,50,0.00000000,17.23333333,17.23333333,0.00000000
2001-04-11T04:00:00,1,4,11,4,0,0.00000000,17.10000000,17.10000000,0.00000000
2001-04-11T04:10:00,1,4,11,4,10,0.00000000,17.08333333,17.08333333,0.00000000
2001-04-11T04:20:00,1,4,11,4,20,0.00000000,17.06666667,17.06666667,0.00000000
2001-04-11T04:30:00,1,4,11,4,30,0.00000000,17.05000000,17.05000000,0.00000000
2001-04-11T04:40:00,1,4,11,4,40,0.00000000,17.03333333,17.03333333,0.00000000
2001-04-11T04:50:00,1,4,11,4,50,0.00000000,17.01666667,17.01666667,0.00000000
2001-04-11T05:00:00,1,4,11,5,0,0.00000000,17.00000000,17.00000000,0.00000000
2001-04-11T05:10:00,1,4,11,5,10,0.00750000,17.10000000,17.36250000,0.00776349
2001-04-11T05:20:00,1,4,11,5,20,0.01500000,17.20000000,17.72500000,0.01550198
2001-04-11T05:30:00,1,4,11,5,30,0.02250000,17.30000000,18.08750000,0.02321544
2001-04-11T05:40:00,1,4,11,5,40,0.03000000,17.40000000,18.45000000,0.03090390
2001-04-11T05:50:00,1,4,11,5,50,0.03750000,17.50000000,18.81250000,0.03856734
2001-04-11T06:00:00,1,4,11,6,0,0.04500000,17.60000000,19.17500000,0.04620577
2001-04-11T06:10:00,1,4,11,6,10,0.07716667,17.93333333,20.63416667,0.07871639
2001-04-11T06:20:00,1,4,11,6,20,0.10933333,18.26666667,22.09333333,0.11079519
2001-04-11T06:30:00,1,4,11,6,30,0.14150000,18.60000000,23.55250000,0.14244218
2001-04-11T06:40:00,1,4,11,6,40,0.17366667,18.93333333,25.01166667,0.17365735
2001-04-11T06:50:00,1,4,11,6,50,0.20583333,19.26666667,26.47083333,0.20444070
2001-04-11T07:00:00,1,4,11,7,0,0.23800000,19.60000000,27.93000000,0.23479224
2001-04-11T07:10:00,1,4,11,7,10,0.27500000,19.93333333,29.55833333,0.26923371
2001-04-11T07:20:00,1,4,11,7,20,0.31200000,20.26666667,31.18666667,0.30312090
2001-04-11T07:30:00,1,4,11,7,30,0.34900000,20.60000000,32.81500000,0.33645380
2001-04-11T07:40:00,1,4,11,7,40,0.38600000,20.93333333,34.44333333,0.36923242
2001-04-11T07:50:00,1,4,11,7,50,0.42300000,21.26666667,36.07166667,0.40145675
2001-04-11T08:00:00,1,4,11,8,0,0.46000000,21.60000000,37.70000000,0.43312680
2001-04-11T08:10:00,1,4,11,8,10,0.49416667,22.05000000,39.34583333,0.46155620
2001-04-11T08:20:00,1,4,11,8,20,0.52833333,22.50000000,40.99166667,0.48946825
2001-04-11T08:30:00,1,4,11,8,30,0.56250000,22.95000000,42.63750000,0.51686297
2001-04-11T08:40:00,1,4,11,8,40,0.59666667,23.40000000,44.28333333,0.54374034
2001-04-11T08:50:00,1,4,11,8,50,0.63083333,23.85000000,45.92916667,0.57010038
2001-04-11T09:00:00,1,4,11,9,0,0.66500000,24.30000000,47.57500000,0.59594308
2001-04-11T09:10:00,1,4,11,9,10,0.69200000,24.53333333,48.75333333,0.61638839
2001-04-11T09:20:00,1,4,11,9,20,0.71900000,24.76666667,49.93166667,0.63654101
2001-04-11T09:30:00,1,4,11,9,30,0.74600000,25.00000000,51.11000000,0.65640092
2001-04-11T09:40:00,1,4,11,9,40,0.77300000,25.23333333,52.28833333,0.67596814
2001-04-11T09:50:00,1,4,11,9,50,0.80000000,25.46666667,53.46666667,0.69524267
2001-04-11T10:00:00,1,4,11,10,0,0.82700000,25.70000000,54.64500000,0.71422449
2001-04-11T10:10:00,1,4,11,10,10,0.84316667,26.08333333,55.59416667,0.72450515
2001-04-11T10:20:00,1,4,11,10,20,0.85933333,26.46666667,56.54333333,0.73464464
2001-04-11T10:30:00,1,4,11,10,30,0.87550000,26.85000000,57.49250000,0.74464295
2001-04-11T10:40:00,1,4,11,10,40,0.89166667,27.23333333,58.44166667,0.75450010
2001-04-11T10:50:00,1,4,11,10,50,0.90783333,27.61666667,59.39083333,0.76421607
2001-04-11T11:00:00,1,4,11,11,0,0.92400000,28.00000000,60.34000000,0.77379086
2001-04-11T11:10:00,1,4,11,11,10,0.92300000,28.15000000,60.45500000,0.77246516
2001-04-11T11:20:00,1,4,11,11,20,0.92200000,28.30000000,60.57000000,0.77114052
2001-04-11T11:30:00,1,4,11,11,30,0.92100000,28.45000000,60.68500000,0.76981693
2001-04-11T11:40:00,1,4,11,11,40,0.92000000,28.60000000,60.80000000,0.76849440
2001-04-11T11:50:00,1,4,11,11,50,0.91900000,28.75000000,60.91500000,0.76717293
2001-04-11T12:00:00,1,4,11,12,0,0.91800000,28.90000000,61.03000000,0.76585252
2001-04-11T12:10:00,1,4,11,12,10,0.90533333,28.90000000,60.58666667,0.75713147
2001-04-11T12:20:00,1,4,11,12,20,0.89266667,28.90000000,60.14333333,0.74835877
2001-04-11T12:30:00,1,4,11,12,30,0.88000000,28.90000000,59.70000000,0.73953440
2001-04-11T12:40:00,1,4,11,12,40,0.86733333,28.90000000,59.25666667,0.73065837
2001-04-11T12:50:00,1,4,11,12,50,0.85466667,28.90000000,58.81333333,0.72173067
2001-04-11T13:00:00,1,4,11,13,0,0.84200000,28.90000000,58.37000000,0.71275132
2001-04-11T13:10:00,1,4,11,13,10,0.81416667,28.91666667,57.41250000,0.69277645
2001-04-11T13:20:00,1,4,11,13,20,0.78633333,28.93333333,56.45500000,0.67255640
2001-04-11T13:30:00,1,4,11,13,30,0.75850000,28.95000000,55.49750000,0.65209117
2001-04-11T13:40:00,1,4,11,13,40,0.73066667,28.96666667,54.54000000,0.63138076
2001-04-11T13:50:00,1,4,11,13,50,0.70283333,28.98333333,53.58250000,0.61042516
2001-04-11T14:00:00,1,4,11,14,0,0.67500000,29.00000000,52.62500000,0.58922438
2001-04-11T14:10:00,1,4,11,14,10,0.63833333,28.76666667,51.10833333,0.56167056
2001-04-11T14:20:00,1,4,11,14,20,0.60166667,28.53333333,49.59166667,0.53360513
2001-04-11T14:30:00,1,4,11,14,30,0.56500000,28.30000000,48.07500000,0.50502808
2001-04-11T14:40:00,1,4,11,14,40,0.52833333,28.06666667,46.55833333,0.47593940
2001-04-11T14:50:00,1,4,11,14,50,0.49166667,27.83333333,45.04166667,0.44633910
2001-04-11T15:00:00,1,4,11,15,0,0.45500000,27.60000000,43.52500000,0.41622718
2001-04-11T15:10:00,1,4,11,15,10,0.41933333,27.33333333,42.01000000,0.38652218
2001-04-11T15:20:00,1,4,11,15,20,0.38366667,27.06666667,40.49500000,0.35632006
2001-04-11T15:30:00,1,4,11,15,30,0.34800000,26.80000000,38.98000000,0.32562082
2001-04-11T15:40:00,1,4,11,15,40,0.31233333,26.53333333,37.46500000,0.29442445
2001-04-11T15:50:00,1,4,11,15,50,0.27666667,26.26666667,35.95000000,0.26273097
2001-04-11T16:00:00,1,4,11,16,0,0.24100000,26.00000000,34.43500000,0.23054036
2001-04-11T16:10:00,1,4,11,16,10,0.20983333,25.65000000,32.99416667,0.20211710
2001-04-11T16:20:00,1,4,11,16,20,0.17866667,25.30000000,31.55333333,0.17328070
2001-04-11T16:30:00,1,4,11,16,30,0.14750000,24.95000000,30.11250000,0.14403117
2001-04-11T16:40:00,1,4,11,16,40,0.11633333,24.60000000,28.67166667,0.11436850
2001-04-11T16:50:00,1,4,11,16,50,0.08516667,24.25000000,27.23083333,0.08429270
2001-04-11T17:00:00,1,4,11,17,0,0.05400000,23.90000000,25.79000000,0.05380376
2001-04-11T17:10:00,1,4,11,17,10,0.04500000,23.56666667,25.14166667,0.04497067
2001-04-11T17:20:00,1,4,11,17,20,0.03600000,23.23333333,24.49333333,0.03608390
2001-04-11T17:30:00,1,4,11,17,30,0.02700000,22.90000000,23.84500000,0.02714345
2001-04-11T17:40:00,1,4,11,17,40,0.01800000,22.56666667,23.19666667,0.01814932
2001-04-11T17:50:00,1,4,11,17,50,0.00900000,22.23333333,22.54833333,0.00910150
2001-04-11T18:00:00,1,4,11,18,0,0.00000000,21.90000000,21.90000000,0.00000000
2001-04-11T18:10:00,1,4,11,18,10,0.00000000,21.75000000,21.75000000,0.00000000
2001-04-11T18:20:00,1,4,11,18,20,0.00000000,21.60000000,21.60000000,0.00000000
2001-04-11T18:30:00,1,4,11,18,30,0.00000000,21.45000000,21.45000000,0.00000000
2001-04-11T18:40:00,1,4,11,18,40,0.00000000,21.30000000,21.30000000,0.00000000
2001-04-11T18:50:00,1,4,11,18,50,0.00000000,21.15000000,21.15000000,0.00000000
2001-04-11T19:00:00,1,4,11,19,0,0.00000000,21.00000000,21.00000000,0.00000000
2001-04-11T19:10:00,1,4,11,19,10,0.00000000,20.81666667,20.81666667,0.00000000
2001-04-11T19:20:00,1,4,11,19,20,0.00000000,20.63333333,20.63333333,0.00000000
2001-04-11T19:30:00,1,4,11,19,30,0.00000000,20.45000000,20.45000000,0.00000000
2001-04-11T19:40:00,1,4,11,19,40,0.00000000,20.26666667,20.26666667,0.00000000
2001-04-11T19:50:00,1,4,11,19,50,0.00000000,20.08333333,20.08333333,0.00000000
2001-04-11T20:00:00,1,4,11,20,0,0.00000000,19.90000000,19.90000000,0.00000000
2001-04-11T20:10:00,1,4,11,20,10,0.00000000,19.75000000,19.75000000,0.00000000
2001-04-11T20:20:00,1,4,11,20,20,0.00000000,19.60000000,19.60000000,0.00000000
2001-04-11T20:30:00,1,4,11,20,30,0.00000000,19.45000000,19.45000000,0.00000000
2001-04-11T20:40:00,1,4,11,20,40,0.00000000,19.30000000,19.30000000,0.00000000
2001-04-11T20:50:00,1,4,11,20,50,0.00000000,19.15000000,19.15000000,0.00000000
2001-04-11T21:00:00,1,4,11,21,0,0.00000000,19.00000000,19.00000000,0.00000000
2001-04-11T21:10:00,1,4,11,21,10,0.00000000,18.88333333,18.88333333,0.00000000
2001-04-11T21:20:00,1,4,11,21,20,0.00000000,18.76666667,18.76666667,0.00000000
2001-04-11T21:30:00,1,4,11,21,30,0.00000000,18.65000000,18.65000000,0.00000000
2001-04-11T21:40:00,1,4,11,21,40,0.00000000,18.53333333,18.53333333,0.00000000
2001-04-11T21:50:00,1,4,11,21,50,0.00000000,18.41666667,18.41666667,0.00000000
2001-04-11T22:00:00,1,4,11,22,0,0.00000000,18.30000000,18.30000000,0.00000000
2001-04-11T22:10:00,1,4,11,22,10,0.00000000,18.18333333,18.18333333,0.00000000
2001-04-11T22:20:00,1,4,11,22,20,0.00000000,18.06666667,18.06666667,0.00000000
2001-04-11T22:30:00,1,4,11,22,30,0.00000000,17.95000000,17.95000000,0.00000000
2001-04-11T22:40:00,1,4,11,22,40,0.00000000,17.83333333,17.83333333,0.00000000
2001-04-11T22:50:00,1,4,11,22,50,0.00000000,17.71666667,17.71666667,0.00000000
2001-04-11T23:00:00,1,4,11,23,0,0.00000000,17.60000000,17.60000000,0.00000000
2001-04-11T23:10:00,1,4,11,23,10,0.00000000,17.80000000,17.80000000,0.00000000
2001-04-11T23:20:00,1,4,11,23,20,0.00000000,18.00000000,18.00000000,0.00000000
2001-04-11T23:30:00,1,4,11,23,30,0.00000000,18.20000000,18.20000000,0.00000000
2001-04-11T23:40:00,1,4,11,23,40,0.00000000,18.40000000,18.40000000,0.00000000
2001-04-11T23:50:00,1,4,11,23,50,0.00000000,18.60000000,18.60000000,0.00000000
2001-04-12T00:00:00,1,4,12,0,0,0.00000000,18.80000000,18.80000000,0.00000000
2001-04-12T00:10:00,1,4,12,0,10,0.00000000,18.76666667,18.76666667,0.00000000
2001-04-12T00:20:00,1,4,12,0,20,0.00000000,18.73333333,18.73333333,0.00000000
2001-04-12T00:30:00,1,4,12,0,30,0.00000000,18.70000000,18.70000000,0.00000000
2001-04-12T00:40:00,1,4,12,0,40,0.00000000,18.66666667,18.66666667,0.00000000
2001-04-12T00:50:00,1,4,12,0,50,0.00000000,18.63333333,18.63333333,0.00000000
2001-04-12T01:00:00,1,4,12,1,0,0.00000000,18.60000000,18.60000000,0.00000000
2001-04-12T01:10:00,1,4,12,1,10,0.00000000,18.61666667,18.61666667,0.00000000
2001-04-12T01:20:00,1,4,12,1,20,0.00000000,18.63333333,18.63333333,0.00000000
2001-04-12T01:30:00,1,4,12,1,30,0.00000000,18.65000000,18.65000000,0.00000000
2001-04-12T01:40:00,1,4,12,1,40,0.00000000,18.66666667,18.66666667,0.00000000
2001-04-12T01:50:00,1,4,12,1,50,0.00000000,18.68333333,18.68333333,0.00000000
2001-04-12T02:00:00,1,4,12,2,0,0.00000000,18.70000000,18.70000000,0.00000000
2001-04-12T02:10:00,1,4,12,2,10,0.00000000,18.71666667,18.71666667,0.00000000
2001-04-12T02:20:00,1,4,12,2,20,0.00000000,18.73333333,18.73333333,0.00000000
2001-04-12T02:30:00,1,4,12,2,30,0.00000000,18.75000000,18.75000000,0.00000000
2001-04-12T02:40:00,1,4,12,2,40,0.00000000,18.76666667,18.76666667,0.00000000
2001-04-12T02:50:00,1,4,12,2,50,0.00000000,18.78333333,18.78333333,0.00000000
2001-04-12T03:00:00,1,4,12,3,0,0.00000000,18.80000000,18.80000000,0.00000000
2001-04-12T03:10:00,1,4,12,3,10,0.00000000,18.75000000,18.75000000,0.00000000
2001-04-12T03:20:00,1,4,12,3,20,0.00000000,18.70000000,18.70000000,0.00000000
2001-04-12T03:30:00,1,4,12,3,30,0.00000000,18.65000000,18.65000000,0.00000000
2001-04-12T03:40:00,1,4,12,3,40,0.00000000,18.60000000,18.60000000,0.00000000
2001-04-12T03:50:00,1,4,12,3,50,0.00000000,18.55000000,18.55000000,0.00000000
2001-04-12T04:00:00,1,4,12,4,0,0.00000000,18.50000000,18.50000000,0.00000000
2001-04-12T04:10:00,1,4,12,4,10,0.00000000,18.50000000,18.50000000,0.00000000
2001-04-12T04:20:00,1,4,12,4,20,0.00000000,18.50000000,18.50000000,0.00000000
2001-04-12T04:30:00,1,4,12,4,30,0.00000000,18.50000000,18.50000000,0.00000000
2001-04-12T04:40:00,1,4,12,4,40,0.00000000,18.50000000,18.50000000,0.00000000
2001-04-12T04:50:00,1,4,12,4,50,0.00000000,18.50000000,18.50000000,0.00000000
2001-04-12T05:00:00,1,4,12,5,0,0.00000000,18.50000000,18.50000000,0.00000000
2001-04-12T05:10:00,1,4,12,5,10,0.00400000,18.43333333,18.57333333,0.00411825
2001-04-12T05:20:00,1,4,12,5,20,0.00800000,18.36666667,18.64666667,0.00823380
2001-04-12T05:30:00,1,4,12,5,30,0.01200000,18.30000000,18.72000000,0.01234666
2001-04-12T05:40:00,1,4,12,5,40,0.01600000,18.23333333,18.79333333,0.01645681
2001-04-12T05:50:00,1,4,12,5,50,0.02000000,18.16666667,18.86666667,0.02056427
2001-04-12T06:00:00,1,4,12,6,0,0.02400000,18.10000000,18.94000000,0.02466902
2001-04-12T06:10:00,1,4,12,6,10,0.03483333,18.20000000,19.41916667,0.03572757
2001-04-12T06:20:00,1,4,12,6,20,0.04566667,18.30000000,19.89833333,0.04673836
2001-04-12T06:30:00,1,4,12,6,30,0.05650000,18.40000000,20.37750000,0.05770139
2001-04-12T06:40:00,1,4,12,6,40,0.06733333,18.50000000,20.85666667,0.06861666
2001-04-12T06:50:00,1,4,12,6,50,0.07816667,18.60000000,21.33583333,0.07948418
2001-04-12T07:00:00,1,4,12,7,0,0.08900000,18.70000000,21.81500000,0.09030394
2001-04-12T07:10:00,1,4,12,7,10,0.12850000,18.85000000,23.34750000,0.12947679
2001-04-12T07:20:00,1,4,12,7,20,0.16800000,19.00000000,24.88000000,0.16809274
2001-04-12T07:30:00,1,4,12,7,30,0.20750000,19.15000000,26.41250000,0.20615177
2001-04-12T07:40:00,1,4,12,7,40,0.24700000,19.30000000,27.94500000,0.24365389
2001-04-12T07:50:00,1,4,12,7,50,0.28650000,19.45000000,29.47750000,0.28059910
2001-04-12T08:00:00,1,4,12,8,0,0.32600000,19.60000000,31.01000000,0.31698740
2001-04-12T08:10:00,1,4,12,8,10,0.35983333,20.13333333,32.72750000,0.34704252
2001-04-12T08:20:00,1,4,12,8,20,0.39366667,20.66666667,34.44500000,0.37656303
2001-04-12T08:30:00,1,4,12,8,30,0.42750000,21.20000000,36.16250000,0.40554894
2001-04-12T08:40:00,1,4,12,8,40,0.46133333,21.73333333,37.88000000,0.43400026
2001-04-12T08:50:00,1,4,12,8,50,0.49516667,22.26666667,39.59750000,0.46191697
2001-04-12T09:00:00,1,4,12,9,0,0.52900000,22.80000000,41.31500000,0.48929908
2001-04-12T09:10:00,1,4,12,9,10,0.55050000,23.23333333,42.50083333,0.50618264
2001-04-12T09:20:00,1,4,12,9,20,0.57200000,23.66666667,43.68666667,0.52283164
2001-04-12T09:30:00,1,4,12,9,30,0.59350000,24.10000000,44.87250000,0.53924609
2001-04-12T09:40:00,1,4,12,9,40,0.61500000,24.53333333,46.05833333,0.55542598
2001-04-12T09:50:00,1,4,12,9,50,0.63650000,24.96666667,47.24416667,0.57137130
2001-04-12T10:00:00,1,4,12,10,0,0.65800000,25.40000000,48.43000000,0.58708208
2001-04-12T10:10:00,1,4,12,10,10,0.65350000,25.63333333,48.50583333,0.58283911
2001-04-12T10:20:00,1,4,12,10,20,0.64900000,25.86666667,48.58166667,0.57859929
2001-04-12T10:30:00,1,4,12,10,30,0.64450000,26.10000000,48.65750000,0.57436261
2001-04-12T10:40:00,1,4,12,10,40,0.64000000,26.33333333,48.73333333,0.57012907
2001-04-12T10:50:00,1,4,12,10,50,0.63550000,26.56666667,48.80916667,0.56589866
2001-04-12T11:00:00,1,4,12,11,0,0.63100000,26.80000000,48.88500000,0.56167140
2001-04-12T11:10:00,1,4,12,11,10,0.56900000,26.75000000,46.66500000,0.51229403
2001-04-12T11:20:00,1,4,12,11,20,0.50700000,26.70000000,44.44500000,0.46165037
2001-04-12T11:30:00,1,4,12,11,30,0.44500000,26.65000000,42.22500000,0.40974043
2001-04-12T11:40:00,1,4,12,11,40,0.38300000,26.60000000,40.00500000,0.35656419
2001-04-12T11:50:00,1,4,12,11,50,0.32100000,26.55000000,37.78500000,0.30212167
2001-04-12T12:00:00,1,4,12,12,0,0.25900000,26.50000000,35.56500000,0.24641286
2001-04-12T12:10:00,1,4,12,12,10,0.27716667,25.88333333,35.58416667,0.26367221
2001-04-12T12:20:00,1,4,12,12,20,0.29533333,25.26666667,35.60333333,0.28092835
2001-04-12T12:30:00,1,4,12,12,30,0.31350000,24.65000000,35.62250000,0.29818129
2001-04-12T12:40:00,1,4,12,12,40,0.33166667,24.03333333,35.64166667,0.31543103
2001-04-12T12:50:00,1,4,12,12,50,0.34983333,23.41666667,35.66083333,0.33267756
2001-04-12T13:00:00,1,4,12,13,0,0.36800000,22.80000000,35.68000000,0.34992090
2001-04-12T13:10:00,1,4,12,13,10,0.38183333,23.08333333,36.44750000,0.36172656
2001-04-12T13:20:00,1,4,12,13,20,0.39566667,23.36666667,37.21500000,0.37343455
2001-04-12T13:30:00,1,4,12,13,30,0.40950000,23.65000000,37.98250000,0.38504486
2001-04-12T13:40:00,1,4,12,13,40,0.42333333,23.93333333,38.75000000,0.39655750
2001-04-12T13:50:00,1,4,12,13,50,0.43716667,24.21666667,39.51750000,0.40797246
2001-04-12T14:00:00,1,4,12,14,0,0.45100000,24.50000000,40.28500000,0.41928974
2001-04-12T14:10:00,1,4,12,14,10,0.39933333,24.63333333,38.61000000,0.37433267
2001-04-12T14:20:00,1,4,12,14,20,0.34766667,24.76666667,36.93500000,0.32857942
2001-04-12T14:30:00,1,4,12,14,30,0.29600000,24.90000000,35.26000000,0.28202998
2001-04-12T14:40:00,1,4,12,14,40,0.24433333,25.03333333,33.58500000,0.23468437
2001-04-12T14:50:00,1,4,12,14,50,0.19266667,25.16666667,31.91000000,0.18654256
2001-04-12T15:00:00,1,4,12,15,0,0.14100000,25.30000000,30.23500000,0.13760458
2001-04-12T15:10:00,1,4,12,15,10,0.13783333,24.68333333,29.50750000,0.13497543
2001-04-12T15:20:00,1,4,12,15,20,0.13466667,24.06666667,28.78000000,0.13232508
2001-04-12T15:30:00,1,4,12,15,30,0.13150000,23.45000000,28.05250000,0.12965354
2001-04-12T15:40:00,1,4,12,15,40,0.12833333,22.83333333,27.32500000,0.12696081
2001-04-12T15:50:00,1,4,12,15,50,0.12516667,22.21666667,26.59750000,0.12424688
2001-04-12T16:00:00,1,4,12,16,0,0.12200000,21.60000000,25.87000000,0.12151176
2001-04-12T16:10:00,1,4,12,16,10,0.10633333,21.61666667,25.33833333,0.10616784
2001-04-12T16:20:00,1,4,12,16,20,0.09066667,21.63333333,24.80666667,0.09074730
2001-04-12T16:30:00,1,4,12,16,30,0.07500000,21.65000000,24.27500000,0.07525013
2001-04-12T16:40:00,1,4,12,16,40,0.05933333,21.66666667,23.74333333,0.05967632
2001-04-12T16:50:00,1,4,12,16,50,0.04366667,21.68333333,23.21166667,0.04402588
2001-04-12T17:00:00,1,4,12,17,0,0.02800000,21.70000000,22.68000000,0.02829882
2001-04-12T17:10:00,1,4,12,17,10,0.02333333,21.43333333,22.25000000,0.02362850
2001-04-12T17:20:00,1,4,12,17,20,0.01866667,21.16666667,21.82000000,0.01893972
2001-04-12T17:30:00,1,4,12,17,30,0.01400000,20.90000000,21.39000000,0.01423248
2001-04-12T17:40:00,1,4,12,17,40,0.00933333,20.63333333,20.96000000,0.00950678
2001-04-12T17:50:00,1,4,12,17,50,0.00466667,20.36666667,20.53000000,0.00476262
2001-04-12T18:00:00,1,4,12,18,0,0.00000000,20.10000000,20.10000000,0.00000000
2001-04-12T18:10:00,1,4,12,18,10,0.00000000,19.93333333,19.93333333,0.00000000
2001-04-12T18:20:00,1,4,12,18,20,0.00000000,19.76666667,19.76666667,0.00000000
2001-04-12T18:30:00,1,4,12,18,30,0.00000000,19.60000000,19.60000000,0.00000000
2001-04-12T18:40:00,1,4,12,18,40,0.00000000,19.43333333,19.43333333,0.00000000
2001-04-12T18:50:00,1,4,12,18,50,0.00000000,19.26666667,19.26666667,0.00000000
2001-04-12T19:00:00,1,4,12,19,0,0.00000000,19.10000000,19.10000000,0.00000000
2001-04-12T19:10:00,1,4,12,19,10,0.00000000,19.18333333,19.18333333,0.00000000
2001-04-12T19:20:00,1,4,12,19,20,0.00000000,19.26666667,19.26666667,0.00000000
2001-04-12T19:30:00,1,4,12,19,30,0.00000000,19.35000000,19.35000000,0.00000000
2001-04-12T19:40:00,1,4,12,19,40,0.00000000,19.43333333,19.43333333,0.00000000
2001-04-12T19:50:00,1,4,12,19,50,0.00000000,19.51666667,19.51666667,0.00000000
2001-04-12T20:00:00,1,4,12,20,0,0.00000000,19.60000000,19.60000000,0.00000000
2001-04-12T20:10:00,1,4,12,20,10,0.00000000,19.53333333,19.53333333,0.00000000
2001-04-12T20:20:00,1,4,12,20,20,0.00000000,19.46666667,19.46666667,0.00000000
2001-04-12T20:30:00,1,4,12,20,30,0.00000000,19.40000000,19.40000000,0.00000000
2001-04-12T20:40:00,1,4,12,20,40,0.00000000,19.33333333,19.33333333,0.00000000
2001-04-12T20:50:00,1,4,12,20,50,0.00000000,19.26666667,19.26666667,0.00000000
2001-04-12T21:00:00,1,4,12,21,0,0.00000000,19.20000000,19.20000000,0.00000000
2001-04-12T21:10:00,1,4,12,21,10,0.00000000,19.11666667,19.11666667,0.00000000
2001-04-12T21:20:00,1,4,12,21,20,0.00000000,19.03333333,19.03333333,0.00000000
2001-04-12T21:30:00,1,4,12,21,30,0.00000000,18.95000000,18.95000000,0.00000000
2001-04-12T21:40:00,1,4,12,21,40,0.00000000,18.86666667,18.86666667,0.00000000
2001-04-12T21:50:00,1,4,12,21,50,0.00000000,18.78333333,18.78333333,0.00000000
2001-04-12T22:00:00,1,4,12,22,0,0.00000000,18.70000000,18.70000000,0.00000000
2001-04-12T22:10:00,1,4,12,22,10,0.00000000,18.60000000,18.60000000,0.00000000
2001-04-12T22:20:00,1,4,12,22,20,0.00000000,18.50000000,18.50000000,0.00000000
2001-04-12T22:30:00,1,4,12,22,30,0.00000000,18.40000000,18.40000000,0.00000000
2001-04-12T22:40:00,1,4,12,22,40,0.00000000,18.30000000,18.30000000,0.00000000
2001-04-12T22:50:00,1,4,12,22,50,0.00000000,18.20000000,18.20000000,0.00000000
2001-04-12T23:00:00,1,4,12,23,0,0.00000000,18.10000000,18.10000000,0.00000000
2001-04-12T23:10:00,1,4,12,23,10,0.00000000,18.21666667,18.21666667,0.00000000
2001-04-12T23:20:00,1,4,12,23,20,0.00000000,18.33333333,18.33333333,0.00000000
2001-04-12T23:30:00,1,4,12,23,30,0.00000000,18.45000000,18.45000000,0.00000000
2001-04-12T23:40:00,1,4,12,23,40,0.00000000,18.56666667,18.56666667,0.00000000
2001-04-12T23:50:00,1,4,12,23,50,0.00000000,18.68333333,18.68333333,0.00000000
2001-04-13T00:00:00,1,4,13,0,0,0.00000000,18.80000000,18.80000000,0.00000000
2001-04-13T00:10:00,1,4,13,0,10,0.00000000,18.73333333,18.73333333,0.00000000
2001-04-13T00:20:00,1,4,13,0,20,0.00000000,18.66666667,18.66666667,0.00000000
2001-04-13T00:30:00,1,4,13,0,30,0.00000000,18.60000000,18.60000000,0.00000000
2001-04-13T00:40:00,1,4,13,0,40,0.00000000,18.53333333,18.53333333,0.00000000
2001-04-13T00:50:00,1,4,13,0,50,0.00000000,18.46666667,18.46666667,0.00000000
2001-04-13T01:00:00,1,4,13,1,0,0.00000000,18.40000000,18.40000000,0.00000000
2001-04-13T01:10:00,1,4,13,1,10,0.00000000,18.31666667,18.31666667,0.00000000
2001-04-13T01:20:00,1,4,13,1,20,0.00000000,18.23333333,18.23333333,0.00000000
2001-04-13T01:30:00,1,4,13,1,30,0.00000000,18.15000000,18.15000000,0.00000000
2001-04-13T01:40:00,1,4,13,1,40,0.00000000,18.06666667,18.06666667,0.00000000
2001-04-13T01:50:00,1,4,13,1,50,0.00000000,17.98333333,17.98333333,0.00000000
2001-04-13T02:00:00,1,4,13,2,0,0.00000000,17.90000000,17.90000000,0.00000000
2001-04-13T02:10:00,1,4,13,2,10,0.00000000,17.91666667,17.91666667,0.00000000
2001-04-13T02:20:00,1,4,13,2,20,0.00000000,17.93333333,17.93333333,0.00000000
2001-04-13T02:30:00,1,4,13,2,30,0.00000000,17.95000000,17.95000000,0.00000000
2001-04-13T02:40:00,1,4,13,2,40,0.00000000,17.96666667,17.96666667,0.00000000
2001-04-13T02:50:00,1,4,13,2,50,0.00000000,17.98333333,17.98333333,0.00000000
2001-04-13T03:00:00,1,4,13,3,0,0.00000000,18.00000000,18.00000000,0.00000000
2001-04-13T03:10:00,1,4,13,3,10,0.00000000,18.03333333,18.03333333,0.00000000
2001-04-13T03:20:00,1,4,13,3,20,0.00000000,18.06666667,18.06666667,0.00000000
2001-04-13T03:30:00,1,4,13,3,30,0.00000000,18.10000000,18.10000000,0.00000000
2001-04-13T03:40:00,1,4,13,3,40,0.00000000,18.13333333,18.13333333,0.00000000
2001-04-13T03:50:00,1,4,13,3,50,0.00000000,18.16666667,18.16666667,0.00000000
2001-04-13T04:00:00,1,4,13,4,0,0.00000000,18.20000000,18.20000000,0.00000000
2001-04-13T04:10:00,1,4,13,4,10,0.00000000,18.21666667,18.21666667,0.00000000
2001-04-13T04:20:00,1,4,13,4,20,0.00000000,18.23333333,18.23333333,0.00000000
2001-04-13T04:30:00,1,4,13,4,30,0.00000000,18.25000000,18.25000000,0.00000000
2001-04-13T04:40:00,1,4,13,4,40,0.00000000,18.26666667,18.26666667,0.00000000
2001-04-13T04:50:00,1,4,13,4,50,0.00000000,18.28333333,18.28333333,0.00000000
2001-04-13T05:00:00,1,4,13,5,0,0.00000000,18.30000000,18.30000000,0.00000000
2001-04-13T05:10:00,1,4,13,5,10,0.00333333,18.25000000,18.36666667,0.00343504
2001-04-13T05:20:00,1,4,13,5,20,0.00666667,18.20000000,18.43333333,0.00686804
2001-04-13T05:30:00,1,4,13,5,30,0.01000000,18.15000000,18.50000000,0.01029900
2001-04-13T05:40:00,1,4,13,5,40,0.01333333,18.10000000,18.56666667,0.01372791
2001-04-13T05:50:00,1,4,13,5,50,0.01666667,18.05000000,18.63333333,0.01715478
2001-04-13T06:00:00,1,4,13,6,0,0.02000000,18.00000000,18.70000000,0.02057960
2001-04-13T06:10:00,1,4,13,6,10,0.02283333,18.18333333,18.98250000,0.02346537
2001-04-13T06:20:00,1,4,13,6,20,0.02566667,18.36666667,19.26500000,0.02634378
2001-04-13T06:30:00,1,4,13,6,30,0.02850000,18.55000000,19.54750000,0.02921482
2001-04-13T06:40:00,1,4,13,6,40,0.03133333,18.73333333,19.83000000,0.03207850
2001-04-13T06:50:00,1,4,13,6,50,0.03416667,18.91666667,20.11250000,0.03493482
2001-04-13T07:00:00,1,4,13,7,0,0.03700000,19.10000000,20.39500000,0.03778377
2001-04-13T07:10:00,1,4,13,7,10,0.06350000,19.06666667,21.28916667,0.06458393
2001-04-13T07:20:00,1,4,13,7,20,0.09000000,19.03333333,22.18333333,0.09116610
2001-04-13T07:30:00,1,4,13,7,30,0.11650000,19.00000000,23.07750000,0.11753027
2001-04-13T07:40:00,1,4,13,7,40,0.14300000,18.96666667,23.97166667,0.14367644
2001-04-13T07:50:00,1,4,13,7,50,0.16950000,18.93333333,24.86583333,0.16960461
2001-04-13T08:00:00,1,4,13,8,0,0.19600000,18.90000000,25.76000000,0.19531478
2001-04-13T08:10:00,1,4,13,8,10,0.19833333,19.13333333,26.07500000,0.19735258
2001-04-13T08:20:00,1,4,13,8,20,0.20066667,19.36666667,26.39000000,0.19938360
2001-04-13T08:30:00,1,4,13,8,30,0.20300000,19.60000000,26.70500000,0.20140787
2001-04-13T08:40:00,1,4,13,8,40,0.20533333,19.83333333,27.02000000,0.20342538
2001-04-13T08:50:00,1,4,13,8,50,0.20766667,20.06666667,27.33500000,0.20543612
2001-04-13T09:00:00,1,4,13,9,0,0.21000000,20.30000000,27.65000000,0.20744010
2001-04-13T09:10:00,1,4,13,9,10,0.22450000,20.36666667,28.22416667,0.22117040
2001-04-13T09:20:00,1,4,13,9,20,0.23900000,20.43333333,28.79833333,0.23482411
2001-04-13T09:30:00,1,4,13,9,30,0.25350000,20.50000000,29.37250000,0.24840123
2001-04-13T09:40:00,1,4,13,9,40,0.26800000,20.56666667,29.94666667,0.26190175
2001-04-13T09:50:00,1,4,13,9,50,0.28250000,20.63333333,30.52083333,0.27532568
2001-04-13T10:00:00,1,4,13,10,0,0.29700000,20.70000000,31.09500000,0.28867301
2001-04-13T10:10:00,1,4,13,10,10,0.35066667,20.83333333,33.10666667,0.33759007
2001-04-13T10:20:00,1,4,13,10,20,0.40433333,20.96666667,35.11833333,0.38551391
2001-04-13T10:30:00,1,4,13,10,30,0.45800000,21.10000000,37.13000000,0.43244452
2001-04-13T10:40:00,1,4,13,10,40,0.51166667,21.23333333,39.14166667,0.47838190
2001-04-13T10:50:00,1,4,13,10,50,0.56533333,21.36666667,41.15333333,0.52332605
2001-04-13T11:00:00,1,4,13,11,0,0.61900000,21.50000000,43.16500000,0.56727698
2001-04-13T11:10:00,1,4,13,11,10,0.60600000,21.70000000,42.91000000,0.55607408
2001-04-13T11:20:00,1,4,13,11,20,0.59300000,21.90000000,42.65500000,0.54484069
2001-04-13T11:30:00,1,4,13,11,30,0.58000000,22.10000000,42.40000000,0.53357680
2001-04-13T11:40:00,1,4,13,11,40,0.56700000,22.30000000,42.14500000,0.52228241
2001-04-13T11:50:00,1,4,13,11,50,0.55400000,22.50000000,41.89000000,0.51095752
2001-04-13T12:00:00,1,4,13,12,0,0.54100000,22.70000000,41.63500000,0.49960214
2001-04-13T12:10:00,1,4,13,12,10,0.52366667,22.73333333,41.06166667,0.48497625
2001-04-13T12:20:00,1,4,13,12,20,0.50633333,22.76666667,40.48833333,0.47025894
2001-04-13T12:30:00,1,4,13,12,30,0.48900000,22.80000000,39.91500000,0.45545020
2001-04-13T12:40:00,1,4,13,12,40,0.47166667,22.83333333,39.34166667,0.44055003
2001-04-13T12:50:00,1,4,13,12,50,0.45433333,22.86666667,38.76833333,0.42555843
2001-04-13T13:00:00,1,4,13,13,0,0.43700000,22.90000000,38.19500000,0.41047541
2001-04-13T13:10:00,1,4,13,13,10,0.40916667,22.85000000,37.17083333,0.38625913
2001-04-13T13:20:00,1,4,13,13,20,0.38133333,22.80000000,36.14666667,0.36178059
2001-04-13T13:30:00,1,4,13,13,30,0.35350000,22.75000000,35.12250000,0.33703980
2001-04-13T13:40:00,1,4,13,13,40,0.32566667,22.70000000,34.09833333,0.31203676
2001-04-13T13:50:00,1,4,13,13,50,0.29783333,22.65000000,33.07416667,0.28677146
2001-04-13T14:00:00,1,4,13,14,0,0.27000000,22.60000000,32.05000000,0.26124390
2001-04-13T14:10:00,1,4,13,14,10,0.26816667,22.43333333,31.81916667,0.25975477
2001-04-13T14:20:00,1,4,13,14,20,0.26633333,22.26666667,31.58833333,0.25826175
2001-04-13T14:30:00,1,4,13,14,30,0.26450000,22.10000000,31.35750000,0.25676483
2001-04-13T14:40:00,1,4,13,14,40,0.26266667,21.93333333,31.12666667,0.25526402
2001-04-13T14:50:00,1,4,13,14,50,0.26083333,21.76666667,30.89583333,0.25375932
2001-04-13T15:00:00,1,4,13,15,0,0.25900000,21.60000000,30.66500000,0.25225072
2001-04-13T15:10:00,1,4,13,15,10,0.22866667,21.58333333,29.58666667,0.22384210
2001-04-13T15:20:00,1,4,13,15,20,0.19833333,21.56666667,28.50833333,0.19513256
2001-04-13T15:30:00,1,4,13,15,30,0.16800000,21.55000000,27.43000000,0.16612210
2001-04-13T15:40:00,1,4,13,15,40,0.13766667,21.53333333,26.35166667,0.13681070
2001-04-13T15:50:00,1,4,13,15,50,0.10733333,21.51666667,25.27333333,0.10719838
2001-04-13T16:00:00,1,4,13,16,0,0.07700000,21.50000000,24.19500000,0.07728513
2001-04-13T16:10:00,1,4,13,16,10,0.06816667,21.28333333,23.66916667,0.06858397
2001-04-13T16:20:00,1,4,13,16,20,0.05933333,21.06666667,23.14333333,0.05984008
2001-04-13T16:30:00,1,4,13,16,30,0.05050000,20.85000000,22.61750000,0.05105345
2001-04-13T16:40:00,1,4,13,16,40,0.04166667,20.63333333,22.09166667,0.04222410
2001-04-13T16:50:00,1,4,13,16,50,0.03283333,20.41666667,21.56583333,0.03335201
2001-04-13T17:00:00,1,4,13,17,0,0.02400000,20.20000000,21.04000000,0.02443718
2001-04-13T17:10:00,1,4,13,17,10,0.02000000,20.20000000,20.90000000,0.02037720
2001-04-13T17:20:00,1,4,13,17,20,0.01600000,20.20000000,20.76000000,0.01631206
2001-04-13T17:30:00,1,4,13,17,30,0.01200000,20.20000000,20.62000000,0.01224178
2001-04-13T17:40:00,1,4,13,17,40,0.00800000,20.20000000,20.48000000,0.00816634
2001-04-13T17:50:00,1,4,13,17,50,0.00400000,20.20000000,20.34000000,0.00408574
2001-04-13T18:00:00,1,4,13,18,0,0.00000000,20.20000000,20.20000000,0.00000000
2001-04-13T18:10:00,1,4,13,18,10,0.00000000,20.13333333,20.13333333,0.00000000
2001-04-13T18:20:00,1,4,13,18,20,0.00000000,20.06666667,20.06666667,0.00000000
2001-04-13T18:30:00,1,4,13,18,30,0.00000000,20.00000000,20.00000000,0.00000000
2001-04-13T18:40:00,1,4,13,18,40,0.00000000,19.93333333,19.93333333,0.00000000
2001-04-13T18:50:00,1,4,13,18,50,0.00000000,19.86666667,19.86666667,0.00000000
2001-04-13T19:00:00,1,4,13,19,0,0.00000000,19.80000000,19.80000000,0.00000000
2001-04-13T19:10:00,1,4,13,19,10,0.00000000,19.75000000,19.75000000,0.00000000
2001-04-13T19:20:00,1,4,13,19,20,0.00000000,19.70000000,19.70000000,0.00000000
2001-04-13T19:30:00,1,4,13,19,30,0.00000000,19.65000000,19.65000000,0.00000000
2001-04-13T19:40:00,1,4,13,19,40,0.00000000,19.60000000,19.60000000,0.00000000
2001-04-13T19:50:00,1,4,13,19,50,0.00000000,19.55000000,19.55000000,0.00000000
2001-04-13T20:00:00,1,4,13,20,0,0.00000000,19.50000000,19.50000000,0.00000000
2001-04-13T20:10:00,1,4,13,20,10,0.00000000,19.40000000,19.40000000,0.00000000
2001-04-13T20:20:00,1,4,13,20,20,0.00000000,19.30000000,19.30000000,0.00000000
2001-04-13T20:30:00,1,4,13,20,30,0.00000000,19.20000000,19.20000000,0.00000000
2001-04-13T20:40:00,1,4,13,20,40,0.00000000,19.10000000,19.10000000,0.00000000
2001-04-13T20:50:00,1,4,13,20,50,0.00000000,19.00000000,19.00000000,0.00000000
2001-04-13T21:00:00,1,4,13,21,0,0.00000000,18.90000000,18.90000000,0.00000000
2001-04-13T21:10:00,1,4,13,21,10,0.00000000,18.86666667,18.86666667,0.00000000
2001-04-13T21:20:00,1,4,13,21,20,0.00000000,18.83333333,18.83333333,0.00000000
2001-04-13T21:30:00,1,4,13,21,30,0.00000000,18.80000000,18.80000000,0.00000000
2001-04-13T21:40:00,1,4,13,21,40,0.00000000,18.76666667,18.76666667,0.00000000
2001-04-13T21:50:00,1,4,13,21,50,0.00000000,18.73333333,18.73333333,0.00000000
2001-04-13T22:00:00,1,4,13,22,0,0.00000000,18.70000000,18.70000000,0.00000000
2001-04-13T22:10:00,1,4,13,22,10,0.00000000,18.80000000,18.80000000,0.00000000
2001-04-13T22:20:00,1,4,13,22,20,0.00000000,18.90000000,18.90000000,0.00000000
2001-04-13T22:30:00,1,4,13,22,30,0.00000000,19.00000000,19.00000000,0.00000000
2001-04-13T22:40:00,1,4,13,22,40,0.00000000,19.10000000,19.10000000,0.00000000
2001-04-13T22:50:00,1,4,13,22,50,0.00000000,19.20000000,19.20000000,0.00000000
2001-04-13T23:00:00,1,4,13,23,0,0.00000000,19.30000000,19.30000000,0.00000000
2001-04-13T23:10:00,1,4,13,23,10,0.00000000,19.10000000,19.10000000,0.00000000
2001-04-13T23:20:00,1,4,13,23,20,0.00000000,18.90000000,18.90000000,0.00000000
2001-04-13T23:30:00,1,4,13,23,30,0.00000000,18.70000000,18.70000000,0.00000000
2001-04-13T23:40:00,1,4,13,23,40,0.00000000,18.50000000,18.50000000,0.00000000
2001-04-13T23:50:00,1,4,13,23,50,0.00000000,18.30000000,18.30000000,0.00000000
2001-04-14T00:00:00,1,4,14,0,0,0.00000000,18.10000000,18.10000000,0.00000000
2001-04-14T00:10:00,1,4,14,0,10,0.00000000,18.08333333,18.08333333,0.00000000
2001-04-14T00:20:00,1,4,14,0,20,0.00000000,18.06666667,18.06666667,0.00000000
2001-04-14T00:30:00,1,4,14,0,30,0.00000000,18.05000000,18.05000000,0.00000000
2001-04-14T00:40:00,1,4,14,0,40,0.00000000,18.03333333,18.03333333,0.00000000
2001-04-14T00:50:00,1,4,14,0,50,0.00000000,18.01666667,18.01666667,0.00000000
2001-04-14T01:00:00,1,4,14,1,0,0.00000000,18.00000000,18.00000000,0.00000000
2001-04-14T01:10:00,1,4,14,1,10,0.00000000,17.98333333,17.98333333,0.00000000
2001-04-14T01:20:00,1,4,14,1,20,0.00000000,17.96666667,17.96666667,0.00000000
2001-04-14T01:30:00,1,4,14,1,30,0.00000000,17.95000000,17.95000000,0.00000000
2001-04-14T01:40:00,1,4,14,1,40,0.00000000,17.93333333,17.93333333,0.00000000
2001-04-14T01:50:00,1,4,14,1,50,0.00000000,17.91666667,17.91666667,0.00000000
2001-04-14T02:00:00,1,4,14,2,0,0.00000000,17.90000000,17.90000000,0.00000000
2001-04-14T02:10:00,1,4,14,2,10,0.00000000,17.91666667,17.91666667,0.00000000
2001-04-14T02:20:00,1,4,14,2,20,0.00000000,17.93333333,17.93333333,0.00000000
2001-04-14T02:30:00,1,4,14,2,30,0.00000000,17.95000000,17.95000000,0.00000000
2001-04-14T02:40:00,1,4,14,2,40,0.00000000,17.96666667,17.96666667,0.00000000
2001-04-14T02:50:00,1,4,14,2,50,0.00000000,17.98333333,17.98333333,0.00000000
2001-04-14T03:00:00,1,4,14,3,0,0.00000000,18.00000000,18.00000000,0.00000000
2001-04-14T03:10:00,1,4,14,3,10,0.00000000,17.91666667,17.91666667,0.00000000
2001-04-14T03:20:00,1,4,14,3,20,0.00000000,17.83333333,17.83333333,0.00000000
2001-04-14T03:30:00,1,4,14,3,30,0.00000000,17.75000000,17.75000000,0.00000000
2001-04-14T03:40:00,1,4,14,3,40,0.00000000,17.66666667,17.66666667,0.00000000
2001-04-14T03:50:00,1,4,14,3,50,0.00000000,17.58333333,17.58333333,0.00000000
2001-04-14T04:00:00,1,4,14,4,0,0.00000000,17.50000000,17.50000000,0.00000000
2001-04-14T04:10:00,1,4,14,4,10,0.00000000,17.55000000,17.55000000,0.00000000
2001-04-14T04:20:00,1,4,14,4,20,0.00000000,17.60000000,17.60000000,0.00000000
2001-04-14T04:30:00,1,4,14,4,30,0.00000000,17.65000000,17.65000000,0.00000000
2001-04-14T04:40:00,1,4,14,4,40,0.00000000,17.70000000,17.70000000,0.00000000
2001-04-14T04:50:00,1,4,14,4,50,0.00000000,17.75000000,17.75000000,0.00000000
2001-04-14T05:00:00,1,4,14,5,0,0.00000000,17.80000000,17.80000000,0.00000000
2001-04-14T05:10:00,1,4,14,5,10,0.00516667,17.71666667,17.89750000,0.00533547
2001-04-14T05:20:00,1,4,14,5,20,0.01033333,17.63333333,17.99500000,0.01066630
2001-04-14T05:30:00,1,4,14,5,30,0.01550000,17.55000000,18.09250000,0.01599250
2001-04-14T05:40:00,1,4,14,5,40,0.02066667,17.46666667,18.19000000,0.02131407
2001-04-14T05:50:00,1,4,14,5,50,0.02583333,17.38333333,18.28750000,0.02663100
2001-04-14T06:00:00,1,4,14,6,0,0.03100000,17.30000000,18.38500000,0.03194330
2001-04-14T06:10:00,1,4,14,6,10,0.06100000,17.53333333,19.66833333,0.06249607
2001-04-14T06:20:00,1,4,14,6,20,0.09100000,17.76666667,20.95166667,0.09269463
2001-04-14T06:30:00,1,4,14,6,30,0.12100000,18.00000000,22.23500000,0.12253900
2001-04-14T06:40:00,1,4,14,6,40,0.15100000,18.23333333,23.51833333,0.15202917
2001-04-14T06:50:00,1,4,14,6,50,0.18100000,18.46666667,24.80166667,0.18116513
2001-04-14T07:00:00,1,4,14,7,0,0.21100000,18.70000000,26.08500000,0.20994690
2001-04-14T07:10:00,1,4,14,7,10,0.24533333,18.93333333,27.52000000,0.24248943
2001-04-14T07:20:00,1,4,14,7,20,0.27966667,19.16666667,28.95500000,0.27457869
2001-04-14T07:30:00,1,4,14,7,30,0.31400000,19.40000000,30.39000000,0.30621468
2001-04-14T07:40:00,1,4,14,7,40,0.34833333,19.63333333,31.82500000,0.33739741
2001-04-14T07:50:00,1,4,14,7,50,0.38266667,19.86666667,33.26000000,0.36812686
2001-04-14T08:00:00,1,4,14,8,0,0.41700000,20.10000000,34.69500000,0.39840305
2001-04-14T08:10:00,1,4,14,8,10,0.43250000,20.40000000,35.53750000,0.41153564
2001-04-14T08:20:00,1,4,14,8,20,0.44800000,20.70000000,36.38000000,0.42454810
2001-04-14T08:30:00,1,4,14,8,30,0.46350000,21.00000000,37.22250000,0.43744041
2001-04-14T08:40:00,1,4,14,8,40,0.47900000,21.30000000,38.06500000,0.45021258
2001-04-14T08:50:00,1,4,14,8,50,0.49450000,21.60000000,38.90750000,0.46286461
2001-04-14T09:00:00,1,4,14,9,0,0.51000000,21.90000000,39.75000000,0.47539650
2001-04-14T09:10:00,1,4,14,9,10,0.49516667,22.11666667,39.44750000,0.46225863
2001-04-14T09:20:00,1,4,14,9,20,0.48033333,22.33333333,39.14500000,0.44907948
2001-04-14T09:30:00,1,4,14,9,30,0.46550000,22.55000000,38.84250000,0.43585905
2001-04-14T09:40:00,1,4,14,9,40,0.45066667,22.76666667,38.54000000,0.42259734
2001-04-14T09:50:00,1,4,14,9,50,0.43583333,22.98333333,38.23750000,0.40929435
2001-04-14T10:00:00,1,4,14,10,0,0.42100000,23.20000000,37.93500000,0.39595008
2001-04-14T10:10:00,1,4,14,10,10,0.44600000,23.13333333,38.74333333,0.41780418
2001-04-14T10:20:00,1,4,14,10,20,0.47100000,23.06666667,39.55166667,0.43947236
2001-04-14T10:30:00,1,4,14,10,30,0.49600000,23.00000000,40.36000000,0.46095462
2001-04-14T10:40:00,1,4,14,10,40,0.52100000,22.93333333,41.16833333,0.48225097
2001-04-14T10:50:00,1,4,14,10,50,0.54600000,22.86666667,41.97666667,0.50336140
2001-04-14T11:00:00,1,4,14,11,0,0.57100000,22.80000000,42.78500000,0.52428592
2001-04-14T11:10:00,1,4,14,11,10,0.59650000,22.98333333,43.86083333,0.54474776
2001-04-14T11:20:00,1,4,14,11,20,0.62200000,23.16666667,44.93666667,0.56495721
2001-04-14T11:30:00,1,4,14,11,30,0.64750000,23.35000000,46.01250000,0.58491427
2001-04-14T11:40:00,1,4,14,11,40,0.67300000,23.53333333,47.08833333,0.60461894
2001-04-14T11:50:00,1,4,14,11,50,0.69850000,23.71666667,48.16416667,0.62407122
2001-04-14T12:00:00,1,4,14,12,0,0.72400000,23.90000000,49.24000000,0.64327110
2001-04-14T12:10:00,1,4,14,12,10,0.71916667,24.06666667,49.23750000,0.63898498
2001-04-14T12:20:00,1,4,14,12,20,0.71433333,24.23333333,49.23500000,0.63469874
2001-04-14T12:30:00,1,4,14,12,30,0.70950000,24.40000000,49.23250000,0.63041239
2001-04-14T12:40:00,1,4,14,12,40,0.70466667,24.56666667,49.23000000,0.62612593
2001-04-14T12:50:00,1,4,14,12,50,0.69983333,24.73333333,49.22750000,0.62183936
2001-04-14T13:00:00,1,4,14,13,0,0.69500000,24.90000000,49.22500000,0.61755267
2001-04-14T13:10:00,1,4,14,13,10,0.65566667,24.91666667,47.86500000,0.58670430
2001-04-14T13:20:00,1,4,14,13,20,0.61633333,24.93333333,46.50500000,0.55536379
2001-04-14T13:30:00,1,4,14,13,30,0.57700000,24.95000000,45.14500000,0.52353114
2001-04-14T13:40:00,1,4,14,13,40,0.53766667,24.96666667,43.78500000,0.49120635
2001-04-14T13:50:00,1,4,14,13,50,0.49833333,24.98333333,42.42500000,0.45838943
2001-04-14T14:00:00,1,4,14,14,0,0.45900000,25.00000000,41.06500000,0.42508036
2001-04-14T14:10:00,1,4,14,14,10,0.45633333,24.90000000,40.87166667,0.42301659
2001-04-14T14:20:00,1,4,14,14,20,0.45366667,24.80000000,40.67833333,0.42094808
2001-04-14T14:30:00,1,4,14,14,30,0.45100000,24.70000000,40.48500000,0.41887482
2001-04-14T14:40:00,1,4,14,14,40,0.44833333,24.60000000,40.29166667,0.41679682
2001-04-14T14:50:00,1,4,14,14,50,0.44566667,24.50000000,40.09833333,0.41471408
2001-04-14T15:00:00,1,4,14,15,0,0.44300000,24.40000000,39.90500000,0.41262659
2001-04-14T15:10:00,1,4,14,15,10,0.39583333,24.40000000,38.25416667,0.37169970
2001-04-14T15:20:00,1,4,14,15,20,0.34866667,24.40000000,36.60333333,0.33005647
2001-04-14T15:30:00,1,4,14,15,30,0.30150000,24.40000000,34.95250000,0.28769688
2001-04-14T15:40:00,1,4,14,15,40,0.25433333,24.40000000,33.30166667,0.24462094
2001-04-14T15:50:00,1,4,14,15,50,0.20716667,24.40000000,31.65083333,0.20082864
2001-04-14T16:00:00,1,4,14,16,0,0.16000000,24.40000000,30.00000000,0.15632000
2001-04-14T16:10:00,1,4,14,16,10,0.13900000,24.06666667,28.93166667,0.13648609
2001-04-14T16:20:00,1,4,14,16,20,0.11800000,23.73333333,27.86333333,0.11644578
2001-04-14T16:30:00,1,4,14,16,30,0.09700000,23.40000000,26.79500000,0.09619907
2001-04-14T16:40:00,1,4,14,16,40,0.07600000,23.06666667,25.72666667,0.07574596
2001-04-14T16:50:00,1,4,14,16,50,0.05500000,22.73333333,24.65833333,0.05508644
2001-04-14T17:00:00,1,4,14,17,0,0.03400000,22.40000000,23.59000000,0.03422052
2001-04-14T17:10:00,1,4,14,17,10,0.02833333,22.20000000,23.19166667,0.02856902
2001-04-14T17:20:00,1,4,14,17,20,0.02266667,22.00000000,22.79333333,0.02289675
2001-04-14T17:30:00,1,4,14,17,30,0.01700000,21.80000000,22.39500000,0.01720371
2001-04-14T17:40:00,1,4,14,17,40,0.01133333,21.60000000,21.99666667,0.01148991
2001-04-14T17:50:00,1,4,14,17,50,0.00566667,21.40000000,21.59833333,0.00575534
2001-04-14T18:00:00,1,4,14,18,0,0.00000000,21.20000000,21.20000000,0.00000000
2001-04-14T18:10:00,1,4,14,18,10,0.00000000,21.08333333,21.08333333,0.00000000
2001-04-14T18:20:00,1,4,14,18,20,0.00000000,20.96666667,20.96666667,0.00000000
2001-04-14T18:30:00,1,4,14,18,30,0.00000000,20.85000000,20.85000000,0.00000000
2001-04-14T18:40:00,1,4,14,18,40,0.00000000,20.73333333,20.73333333,0.00000000
2001-04-14T18:50:00,1,4,14,18,50,0.00000000,20.61666667,20.61666667,0.00000000
2001-04-14T19:00:00,1,4,14,19,0,0.00000000,20.50000000,20.50000000,0.00000000
2001-04-14T19:10:00,1,4,14,19,10,0.00000000,20.41666667,20.41666667,0.00000000
2001-04-14T19:20:00,1,4,14,19,20,0.00000000,20.33333333,20.33333333,0.00000000
2001-04-14T19:30:00,1,4,14,19,30,0.00000000,20.25000000,20.25000000,0.00000000
2001-04-14T19:40:00,1,4,14,19,40,0.00000000,20.16666667,20.16666667,0.00000000
2001-04-14T19:50:00,1,4,14,19,50,0.00000000,20.08333333,20.08333333,0.00000000
2001-04-14T20:00:00,1,4,14,20,0,0.00000000,20.00000000,20.00000000,0.00000000
2001-04-14T20:10:00,1,4,14,20,10,0.00000000,20.06666667,20.06666667,0.00000000
2001-04-14T20:20:00,1,4,14,20,20,0.00000000,20.13333333,20.13333333,0.00000000
2001-04-14T20:30:00,1,4,14,20,30,0.00000000,20.20000000,20.20000000,0.00000000
2001-04-14T20:40:00,1,4,14,20,40,0.00000000,20.26666667,20.26666667,0.00000000
2001-04-14T20:50:00,1,4,14,20,50,0.00000000,20.33333333,20.33333333,0.00000000
2001-04-14T21:00:00,1,4,14,21,0,0.00000000,20.40000000,20.40000000,0.00000000
2001-04-14T21:10:00,1,4,14,21,10,0.00000000,20.33333333,20.33333333,0.00000000
2001-04-14T21:20:00,1,4,14,21,20,0.00000000,20.26666667,20.26666667,0.00000000
2001-04-14T21:30:00,1,4,14,21,30,0.00000000,20.20000000,20.20000000,0.00000000
2001-04-14T21:40:00,1,4,14,21,40,0.00000000,20.13333333,20.13333333,0.00000000
2001-04-14T21:50:00,1,4,14,21,50,0.00000000,20.06666667,20.06666667,0.00000000
2001-04-14T22:00:00,1,4,14,22,0,0.00000000,20.00000000,20.00000000,0.00000000
2001-04-14T22:10:00,1,4,14,22,10,0.00000000,19.88333333,19.88333333,0.00000000
2001-04-14T22:20:00,1,4,14,22,20,0.00000000,19.76666667,19.76666667,0.00000000
2001-04-14T22:30:00,1,4,14,22,30,0.00000000,19.65000000,19.65000000,0.00000000
2001-04-14T22:40:00,1,4,14,22,40,0.00000000,19.53333333,19.53333333,0.00000000
2001-04-14T22:50:00,1,4,14,22,50,0.00000000,19.41666667,19.41666667,0.00000000
2001-04-14T23:00:00,1,4,14,23,0,0.00000000,19.30000000,19.30000000,0.00000000
2001-04-14T23:10:00,1,4,14,23,10,0.00000000,19.20000000,19.20000000,0.00000000
2001-04-14T23:20:00,1,4,14,23,20,0.00000000,19.10000000,19.10000000,0.00000000
2001-04-14T23:30:00,1,4,14,23,30,0.00000000,19.00000000,19.00000000,0.00000000
2001-04-14T23:40:00,1,4,14,23,40,0.00000000,18.90000000,18.90000000,0.00000000
2001-04-14T23:50:00,1,4,14,23,50,0.00000000,18.80000000,18.80000000,0.00000000
2001-04-15T00:00:00,1,4,15,0,0,0.00000000,18.70000000,18.70000000,0.00000000
2001-04-15T00:10:00,1,4,15,0,10,0.00000000,18.70000000,18.70000000,0.00000000
2001-04-15T00:20:00,1,4,15,0,20,0.00000000,18.70000000,18.70000000,0.00000000
2001-04-15T00:30:00,1,4,15,0,30,0.00000000,18.70000000,18.70000000,0.00000000
2001-04-15T00:40:00,1,4,15,0,40,0.00000000,18.70000000,18.70000000,0.00000000
2001-04-15T00:50:00,1,4,15,0,50,0.00000000,18.70000000,18.70000000,0.00000000
2001-04-15T01:00:00,1,4,15,1,0,0.00000000,18.70000000,18.70000000,0.00000000
2001-04-15T01:10:00,1,4,15,1,10,0.00000000,18.75000000,18.75000000,0.00000000
2001-04-15T01:20:00,1,4,15,1,20,0.00000000,18.80000000,18.80000000,0.00000000
2001-04-15T01:30:00,1,4,15,1,30,0.00000000,18.85000000,18.85000000,0.00000000
2001-04-15T01:40:00,1,4,15,1,40,0.00000000,18.90000000,18.90000000,0.00000000
2001-04-15T01:50:00,1,4,15,1,50,0.00000000,18.95000000,18.95000000,0.00000000
2001-04-15T02:00:00,1,4,15,2,0,0.00000000,19.00000000,19.00000000,0.00000000
2001-04-15T02:10:00,1,4,15,2,10,0.00000000,19.00000000,19.00000000,0.00000000
2001-04-15T02:20:00,1,4,15,2,20,0.00000000,19.00000000,19.00000000,0.00000000
2001-04-15T02:30:00,1,4,15,2,30,0.00000000,19.00000000,19.00000000,0.00000000
2001-04-15T02:40:00,1,4,15,2,40,0.00000000,19.00000000,19.00000000,0.00000000
2001-04-15T02:50:00,1,4,15,2,50,0.00000000,19.00000000,19.00000000,0.00000000
2001-04-15T03:00:00,1,4,15,3,0,0.00000000,19.00000000,19.00000000,0.00000000
2001-04-15T03:10:00,1,4,15,3,10,0.00000000,18.98333333,18.98333333,0.00000000
2001-04-15T03:20:00,1,4,15,3,20,0.00000000,18.96666667,18.96666667,0.00000000
2001-04-15T03:30:00,1,4,15,3,30,0.00000000,18.95000000,18.95000000,0.00000000
2001-04-15T03:40:00,1,4,15,3,40,0.00000000,18.93333333,18.93333333,0.00000000
2001-04-15T03:50:00,1,4,15,3,50,0.00000000,18.91666667,18.91666667,0.00000000
2001-04-15T04:00:00,1,4,15,4,0,0.00000000,18.90000000,18.90000000,0.00000000
2001-04-15T04:10:00,1,4,15,4,10,0.00000000,18.78333333,18.78333333,0.00000000
2001-04-15T04:20:00,1,4,15,4,20,0.00000000,18.66666667,18.66666667,0.00000000
2001-04-15T04:30:00,1,4,15,4,30,0.00000000,18.55000000,18.55000000,0.00000000
2001-04-15T04:40:00,1,4,15,4,40,0.00000000,18.43333333,18.43333333,0.00000000
2001-04-15T04:50:00,1,4,15,4,50,0.00000000,18.31666667,18.31666667,0.00000000
2001-04-15T05:00:00,1,4,15,5,0,0.00000000,18.20000000,18.20000000,0.00000000
2001-04-15T05:10:00,1,4,15,5,10,0.00433333,18.26666667,18.41833333,0.00446453
2001-04-15T05:20:00,1,4,15,5,20,0.00866667,18.33333333,18.63666667,0.00892035
2001-04-15T05:30:00,1,4,15,5,30,0.01300000,18.40000000,18.85500000,0.01336747
2001-04-15T05:40:00,1,4,15,5,40,0.01733333,18.46666667,19.07333333,0.01780589
2001-04-15T05:50:00,1,4,15,5,50,0.02166667,18.53333333,19.29166667,0.02223560
2001-04-15T06:00:00,1,4,15,6,0,0.02600000,18.60000000,19.51000000,0.02665660
2001-04-15T06:10:00,1,4,15,6,10,0.05600000,18.70000000,20.66000000,0.05711798
2001-04-15T06:20:00,1,4,15,6,20,0.08600000,18.80000000,21.81000000,0.08726196
2001-04-15T06:30:00,1,4,15,6,30,0.11600000,18.90000000,22.96000000,0.11708854
2001-04-15T06:40:00,1,4,15,6,40,0.14600000,19.00000000,24.11000000,0.14659772
2001-04-15T06:50:00,1,4,15,6,50,0.17600000,19.10000000,25.26000000,0.17578950
2001-04-15T07:00:00,1,4,15,7,0,0.20600000,19.20000000,26.41000000,0.20466388
2001-04-15T07:10:00,1,4,15,7,10,0.21833333,19.53333333,27.17500000,0.21614891
2001-04-15T07:20:00,1,4,15,7,20,0.23066667,19.86666667,27.94000000,0.22754713
2001-04-15T07:30:00,1,4,15,7,30,0.24300000,20.20000000,28.70500000,0.23885855
2001-04-15T07:40:00,1,4,15,7,40,0.25533333,20.53333333,29.47000000,0.25008317
2001-04-15T07:50:00,1,4,15,7,50,0.26766667,20.86666667,30.23500000,0.26122099
2001-04-15T08:00:00,1,4,15,8,0,0.28000000,21.20000000,31.00000000,0.27227200
2001-04-15T08:10:00,1,4,15,8,10,0.29300000,21.36666667,31.62166667,0.28407532
2001-04-15T08:20:00,1,4,15,8,20,0.30600000,21.53333333,32.24333333,0.29580428
2001-04-15T08:30:00,1,4,15,8,30,0.31900000,21.70000000,32.86500000,0.30745890
2001-04-15T08:40:00,1,4,15,8,40,0.33200000,21.86666667,33.48666667,0.31903916
2001-04-15T08:50:00,1,4,15,8,50,0.34500000,22.03333333,34.10833333,0.33054507
2001-04-15T09:00:00,1,4,15,9,0,0.35800000,22.20000000,34.73000000,0.34197664
2001-04-15T09:10:00,1,4,15,9,10,0.40500000,22.43333333,36.60833333,0.38337367
2001-04-15T09:20:00,1,4,15,9,20,0.45200000,22.66666667,38.48666667,0.42395852
2001-04-15T09:30:00,1,4,15,9,30,0.49900000,22.90000000,40.36500000,0.46373118
2001-04-15T09:40:00,1,4,15,9,40,0.54600000,23.13333333,42.24333333,0.50269164
2001-04-15T09:50:00,1,4,15,9,50,0.59300000,23.36666667,44.12166667,0.54083992
2001-04-15T10:00:00,1,4,15,10,0,0.64000000,23.60000000,46.00000000,0.57817600
2001-04-15T10:10:00,1,4,15,10,10,0.64966667,23.88333333,46.62166667,0.58505104
2001-04-15T10:20:00,1,4,15,10,20,0.65933333,24.16666667,47.24333333,0.59187079
2001-04-15T10:30:00,1,4,15,10,30,0.66900000,24.45000000,47.86500000,0.59863525
2001-04-15T10:40:00,1,4,15,10,40,0.67866667,24.73333333,48.48666667,0.60534442
2001-04-15T10:50:00,1,4,15,10,50,0.68833333,25.01666667,49.10833333,0.61199831
2001-04-15T11:00:00,1,4,15,11,0,0.69800000,25.30000000,49.73000000,0.61859692
2001-04-15T11:10:00,1,4,15,11,10,0.67733333,25.53333333,49.24000000,0.60180796
2001-04-15T11:20:00,1,4,15,11,20,0.65666667,25.76666667,48.75000000,0.58492583
2001-04-15T11:30:00,1,4,15,11,30,0.63600000,26.00000000,48.26000000,0.56795054
2001-04-15T11:40:00,1,4,15,11,40,0.61533333,26.23333333,47.77000000,0.55088209
2001-04-15T11:50:00,1,4,15,11,50,0.59466667,26.46666667,47.28000000,0.53372047
2001-04-15T12:00:00,1,4,15,12,0,0.57400000,26.70000000,46.79000000,0.51646568
2001-04-15T12:10:00,1,4,15,12,10,0.59700000,26.43333333,47.32833333,0.53568193
2001-04-15T12:20:00,1,4,15,12,20,0.62000000,26.16666667,47.86666667,0.55478427
2001-04-15T12:30:00,1,4,15,12,30,0.64300000,25.90000000,48.40500000,0.57377269
2001-04-15T12:40:00,1,4,15,12,40,0.66600000,25.63333333,48.94333333,0.59264720
2001-04-15T12:50:00,1,4,15,12,50,0.68900000,25.36666667,49.48166667,0.61140781
2001-04-15T13:00:00,1,4,15,13,0,0.71200000,25.10000000,50.02000000,0.63005450
2001-04-15T13:10:00,1,4,15,13,10,0.66500000,25.35000000,48.62500000,0.59273112
2001-04-15T13:20:00,1,4,15,13,20,0.61800000,25.60000000,47.23000000,0.55480456
2001-04-15T13:30:00,1,4,15,13,30,0.57100000,25.85000000,45.83500000,0.51627479
2001-04-15T13:40:00,1,4,15,13,40,0.52400000,26.10000000,44.44000000,0.47714182
2001-04-15T13:50:00,1,4,15,13,50,0.47700000,26.35000000,43.04500000,0.43740566
2001-04-15T14:00:00,1,4,15,14,0,0.43000000,26.60000000,41.65000000,0.39706630
2001-04-15T14:10:00,1,4,15,14,10,0.38550000,26.28333333,39.77583333,0.35929801
2001-04-15T14:20:00,1,4,15,14,20,0.34100000,25.96666667,37.90166667,0.32076245
2001-04-15T14:30:00,1,4,15,14,30,0.29650000,25.65000000,36.02750000,0.28145959
2001-04-15T14:40:00,1,4,15,14,40,0.25200000,25.33333333,34.15333333,0.24138946
2001-04-15T14:50:00,1,4,15,14,50,0.20750000,25.01666667,32.27916667,0.20055204
2001-04-15T15:00:00,1,4,15,15,0,0.16300000,24.70000000,30.40500000,0.15894733
2001-04-15T15:10:00,1,4,15,15,10,0.16916667,24.38333333,30.30416667,0.16503914
2001-04-15T15:20:00,1,4,15,15,20,0.17533333,24.06666667,30.20333333,0.17113667
2001-04-15T15:30:00,1,4,15,15,30,0.18150000,23.75000000,30.10250000,0.17723992
2001-04-15T15:40:00,1,4,15,15,40,0.18766667,23.43333333,30.00166667,0.18334889
2001-04-15T15:50:00,1,4,15,15,50,0.19383333,23.11666667,29.90083333,0.18946359
2001-04-15T16:00:00,1,4,15,16,0,0.20000000,22.80000000,29.80000000,0.19558400
2001-04-15T16:10:00,1,4,15,16,10,0.17166667,22.85000000,28.85833333,0.16861987
2001-04-15T16:20:00,1,4,15,16,20,0.14333333,22.90000000,27.91666667,0.14141028
2001-04-15T16:30:00,1,4,15,16,30,0.11500000,22.95000000,26.97500000,0.11395523
2001-04-15T16:40:00,1,4,15,16,40,0.08666667,23.00000000,26.03333333,0.08625471
2001-04-15T16:50:00,1,4,15,16,50,0.05833333,23.05000000,25.09166667,0.05830874
2001-04-15T17:00:00,1,4,15,17,0,0.03000000,23.10000000,24.15000000,0.03011730
2001-04-15T17:10:00,1,4,15,17,10,0.02500000,22.71666667,23.59166667,0.02516196
2001-04-15T17:20:00,1,4,15,17,20,0.02000000,22.33333333,23.03333333,0.02018093
2001-04-15T17:30:00,1,4,15,17,30,0.01500000,21.95000000,22.47500000,0.01517422
2001-04-15T17:40:00,1,4,15,17,40,0.01000000,21.56666667,21.91666667,0.01014183
2001-04-15T17:50:00,1,4,15,17,50,0.00500000,21.18333333,21.35833333,0.00508376
2001-04-15T18:00:00,1,4,15,18,0,0.00000000,20.80000000,20.80000000,0.00000000
2001-04-15T18:10:00,1,4,15,18,10,0.00000000,20.73333333,20.73333333,0.00000000
2001-04-15T18:20:00,1,4,15,18,20,0.00000000,20.66666667,20.66666667,0.00000000
2001-04-15T18:30:00,1,4,15,18,30,0.00000000,20.60000000,20.60000000,0.00000000
2001-04-15T18:40:00,1,4,15,18,40,0.00000000,20.53333333,20.53333333,0.00000000
2001-04-15T18:50:00,1,4,15,18,50,0.00000000,20.46666667,20.46666667,0.00000000
2001-04-15T19:00:00,1,4,15,19,0,0.00000000,20.40000000,20.40000000,0.00000000
2001-04-15T19:10:00,1,4,15,19,10,0.00000000,20.40000000,20.40000000,0.00000000
2001-04-15T19:20:00,1,4,15,19,20,0.00000000,20.40000000,20.40000000,0.00000000
2001-04-15T19:30:00,1,4,15,19,30,0.00000000,20.40000000,20.40000000,0.00000000
2001-04-15T19:40:00,1,4,15,19,40,0.00000000,20.40000000,20.40000000,0.00000000
2001-04-15T19:50:00,1,4,15,19,50,0.00000000,20.40000000,20.40000000,0.00000000
2001-04-15T20:00:00,1,4,15,20,0,0.00000000,20.40000000,20.40000000,0.00000000
2001-04-15T20:10:00,1,4,15,20,10,0.00000000,20.40000000,20.40000000,0.00000000
2001-04-15T20:20:00,1,4,15,20,20,0.00000000,20.40000000,20.40000000,0.00000000
2001-04-15T20:30:00,1,4,15,20,30,0.00000000,20.40000000,20.40000000,0.00000000
2001-04-15T20:40:00,1,4,15,20,40,0.00000000,20.40000000,20.40000000,0.00000000
2001-04-15T20:50:00,1,4,15,20,50,0.00000000,20.40000000,20.40000000,0.00000000
2001-04-15T21:00:00,1,4,15,21,0,0.00000000,20.40000000,20.40000000,0.00000000
2001-04-15T21:10:00,1,4,15,21,10,0.00000000,20.30000000,20.30000000,0.00000000
2001-04-15T21:20:00,1,4,15,21,20,0.00000000,20.20000000,20.20000000,0.00000000
2001-04-15T21:30:00,1,4,15,21,30,0.00000000,20.10000000,20.10000000,0.00000000
2001-04-15T21:40:00,1,4,15,21,40,0.00000000,20.00000000,20.00000000,0.00000000
2001-04-15T21:50:00,1,4,15,21,50,0.00000000,19.90000000,19.90000000,0.00000000
2001-04-15T22:00:00,1,4,15,22,0,0.00000000,19.80000000,19.80000000,0.00000000
2001-04-15T22:10:00,1,4,15,22,10,0.00000000,19.75000000,19.75000000,0.00000000
2001-04-15T22:20:00,1,4,15,22,20,0.00000000,19.70000000,19.70000000,0.00000000
2001-04-15T22:30:00,1,4,15,22,30,0.00000000,19.65000000,19.65000000,0.00000000
2001-04-15T22:40:00,1,4,15,22,40,0.00000000,19.60000000,19.60000000,0.00000000
2001-04-15T22:50:00,1,4,15,22,50,0.00000000,19.55000000,19.55000000,0.00000000
2001-04-15T23:00:00,1,4,15,23,0,0.00000000,19.50000000,19.50000000,0.00000000
2001-04-15T23:10:00,1,4,15,23,10,0.00000000,19.45000000,19.45000000,0.00000000
2001-04-15T23:20:00,1,4,15,23,20,0.00000000,19.40000000,19.40000000,0.00000000
2001-04-15T23:30:00,1,4,15,23,30,0.00000000,19.35000000,19.35000000,0.00000000
2001-04-15T23:40:00,1,4,15,23,40,0.00000000,19.30000000,19.30000000,0.00000000
2001-04-15T23:50:00,1,4,15,23,50,0.00000000,19.25000000,19.25000000,0.00000000
2001-04-16T00:00:00,1,4,16,0,0,0.00000000,19.20000000,19.20000000,0.00000000
2001-04-16T00:10:00,1,4,16,0,10,0.00000000,19.15000000,19.15000000,0.00000000
2001-04-16T00:20:00,1,4,16,0,20,0.00000000,19.10000000,19.10000000,0.00000000
2001-04-16T00:30:00,1,4,16,0,30,0.00000000,19.05000000,19.05000000,0.00000000
2001-04-16T00:40:00,1,4,16,0,40,0.00000000,19.00000000,19.00000000,0.00000000
2001-04-16T00:50:00,1,4,16,0,50,0.00000000,18.95000000,18.95000000,0.00000000
2001-04-16T01:00:00,1,4,16,1,0,0.00000000,18.90000000,18.90000000,0.00000000
2001-04-16T01:10:00,1,4,16,1,10,0.00000000,18.73333333,18.73333333,0.00000000
2001-04-16T01:20:00,1,4,16,1,20,0.00000000,18.56666667,18.56666667,0.00000000
2001-04-16T01:30:00,1,4,16,1,30,0.00000000,18.40000000,18.40000000,0.00000000
2001-04-16T01:40:00,1,4,16,1,40,0.00000000,18.23333333,18.23333333,0.00000000
2001-04-16T01:50:00,1,4,16,1,50,0.00000000,18.06666667,18.06666667,0.00000000
2001-04-16T02:00:00,1,4,16,2,0,0.00000000,17.90000000,17.90000000,0.00000000
2001-04-16T02:10:00,1,4,16,2,10,0.00000000,18.00000000,18.00000000,0.00000000
2001-04-16T02:20:00,1,4,16,2,20,0.00000000,18.10000000,18.10000000,0.00000000
2001-04-16T02:30:00,1,4,16,2,30,0.00000000,18.20000000,18.20000000,0.00000000
2001-04-16T02:40:00,1,4,16,2,40,0.00000000,18.30000000,18.30000000,0.00000000
2001-04-16T02:50:00,1,4,16,2,50,0.00000000,18.40000000,18.40000000,0.00000000
2001-04-16T03:00:00,1,4,16,3,0,0.00000000,18.50000000,18.50000000,0.00000000
2001-04-16T03:10:00,1,4,16,3,10,0.00000000,18.45000000,18.45000000,0.00000000
2001-04-16T03:20:00,1,4,16,3,20,0.00000000,18.40000000,18.40000000,0.00000000
2001-04-16T03:30:00,1,4,16,3,30,0.00000000,18.35000000,18.35000000,0.00000000
2001-04-16T03:40:00,1,4,16,3,40,0.00000000,18.30000000,18.30000000,0.00000000
2001-04-16T03:50:00,1,4,16,3,50,0.00000000,18.25000000,18.25000000,0.00000000
2001-04-16T04:00:00,1,4,16,4,0,0.00000000,18.20000000,18.20000000,0.00000000
2001-04-16T04:10:00,1,4,16,4,10,0.00000000,18.16666667,18.16666667,0.00000000
2001-04-16T04:20:00,1,4,16,4,20,0.00000000,18.13333333,18.13333333,0.00000000
2001-04-16T04:30:00,1,4,16,4,30,0.00000000,18.10000000,18.10000000,0.00000000
2001-04-16T04:40:00,1,4,16,4,40,0.00000000,18.06666667,18.06666667,0.00000000
2001-04-16T04:50:00,1,4,16,4,50,0.00000000,18.03333333,18.03333333,0.00000000
2001-04-16T05:00:00,1,4,16,5,0,0.00000000,18.00000000,18.00000000,0.00000000
2001-04-16T05:10:00,1,4,16,5,10,0.00450000,17.98333333,18.14083333,0.00464198
2001-04-16T05:20:00,1,4,16,5,20,0.00900000,17.96666667,18.28166667,0.00927814
2001-04-16T05:30:00,1,4,16,5,30,0.01350000,17.95000000,18.42250000,0.01390846
2001-04-16T05:40:00,1,4,16,5,40,0.01800000,17.93333333,18.56333333,0.01853296
2001-04-16T05:50:00,1,4,16,5,50,0.02250000,17.91666667,18.70416667,0.02315162
2001-04-16T06:00:00,1,4,16,6,0,0.02700000,17.90000000,18.84500000,0.02776445
2001-04-16T06:10:00,1,4,16,6,10,0.04316667,18.06666667,19.57750000,0.04424339
2001-04-16T06:20:00,1,4,16,6,20,0.05933333,18.23333333,20.31000000,0.06061339
2001-04-16T06:30:00,1,4,16,6,30,0.07550000,18.40000000,21.04250000,0.07687444
2001-04-16T06:40:00,1,4,16,6,40,0.09166667,18.56666667,21.77500000,0.09302654
2001-04-16T06:50:00,1,4,16,6,50,0.10783333,18.73333333,22.50750000,0.10906970
2001-04-16T07:00:00,1,4,16,7,0,0.12400000,18.90000000,23.24000000,0.12500390
2001-04-16T07:10:00,1,4,16,7,10,0.17850000,19.21666667,25.46416667,0.17811887
2001-04-16T07:20:00,1,4,16,7,20,0.23300000,19.53333333,27.68833333,0.23011864
2001-04-16T07:30:00,1,4,16,7,30,0.28750000,19.85000000,29.91250000,0.28100322
2001-04-16T07:40:00,1,4,16,7,40,0.34200000,20.16666667,32.13666667,0.33077260
2001-04-16T07:50:00,1,4,16,7,50,0.39650000,20.48333333,34.36083333,0.37942678
2001-04-16T08:00:00,1,4,16,8,0,0.45100000,20.80000000,36.58500000,0.42696576
2001-04-16T08:10:00,1,4,16,8,10,0.44750000,21.13333333,36.79583333,0.42321828
2001-04-16T08:20:00,1,4,16,8,20,0.44400000,21.46666667,37.00666667,0.41947758
2001-04-16T08:30:00,1,4,16,8,30,0.44050000,21.80000000,37.21750000,0.41574368
2001-04-16T08:40:00,1,4,16,8,40,0.43700000,22.13333333,37.42833333,0.41201656
2001-04-16T08:50:00,1,4,16,8,50,0.43350000,22.46666667,37.63916667,0.40829624
2001-04-16T09:00:00,1,4,16,9,0,0.43000000,22.80000000,37.85000000,0.40458270
2001-04-16T09:10:00,1,4,16,9,10,0.47850000,22.96666667,39.71416667,0.44611265
2001-04-16T09:20:00,1,4,16,9,20,0.52700000,23.13333333,41.57833333,0.48681080
2001-04-16T09:30:00,1,4,16,9,30,0.57550000,23.30000000,43.44250000,0.52667717
2001-04-16T09:40:00,1,4,16,9,40,0.62400000,23.46666667,45.30666667,0.56571174
2001-04-16T09:50:00,1,4,16,9,50,0.67250000,23.63333333,47.17083333,0.60391453
2001-04-16T10:00:00,1,4,16,10,0,0.72100000,23.80000000,49.03500000,0.64128552
2001-04-16T10:10:00,1,4,16,10,10,0.69933333,24.03333333,48.51000000,0.62370323
2001-04-16T10:20:00,1,4,16,10,20,0.67766667,24.26666667,47.98500000,0.60601629
2001-04-16T10:30:00,1,4,16,10,30,0.65600000,24.50000000,47.46000000,0.58822470
2001-04-16T10:40:00,1,4,16,10,40,0.63433333,24.73333333,46.93500000,0.57032847
2001-04-16T10:50:00,1,4,16,10,50,0.61266667,24.96666667,46.41000000,0.55232758
2001-04-16T11:00:00,1,4,16,11,0,0.59100000,25.20000000,45.88500000,0.53422204
2001-04-16T11:10:00,1,4,16,11,10,0.58050000,25.20000000,45.51750000,0.52571212
2001-04-16T11:20:00,1,4,16,11,20,0.57000000,25.20000000,45.15000000,0.51716670
2001-04-16T11:30:00,1,4,16,11,30,0.55950000,25.20000000,44.78250000,0.50858578
2001-04-16T11:40:00,1,4,16,11,40,0.54900000,25.20000000,44.41500000,0.49996936
2001-04-16T11:50:00,1,4,16,11,50,0.53850000,25.20000000,44.04750000,0.49131744
2001-04-16T12:00:00,1,4,16,12,0,0.52800000,25.20000000,43.68000000,0.48263002
2001-04-16T12:10:00,1,4,16,12,10,0.51783333,25.13333333,43.25750000,0.47434336
2001-04-16T12:20:00,1,4,16,12,20,0.50766667,25.06666667,42.83500000,0.46601719
2001-04-16T12:30:00,1,4,16,12,30,0.49750000,25.00000000,42.41250000,0.45765149
2001-04-16T12:40:00,1,4,16,12,40,0.48733333,24.93333333,41.99000000,0.44924628
2001-04-16T12:50:00,1,4,16,12,50,0.47716667,24.86666667,41.56750000,0.44080156
2001-04-16T13:00:00,1,4,16,13,0,0.46700000,24.80000000,41.14500000,0.43231731
2001-04-16T13:10:00,1,4,16,13,10,0.49283333,24.80000000,42.04916667,0.45418230
2001-04-16T13:20:00,1,4,16,13,20,0.51866667,24.80000000,42.95333333,0.47583241
2001-04-16T13:30:00,1,4,16,13,30,0.54450000,24.80000000,43.85750000,0.49726762
2001-04-16T13:40:00,1,4,16,13,40,0.57033333,24.80000000,44.76166667,0.51848794
2001-04-16T13:50:00,1,4,16,13,50,0.59616667,24.80000000,45.66583333,0.53949337
2001-04-16T14:00:00,1,4,16,14,0,0.62200000,24.80000000,46.57000000,0.56028392
2001-04-16T14:10:00,1,4,16,14,10,0.57166667,24.90000000,44.90833333,0.51931439
2001-04-16T14:20:00,1,4,16,14,20,0.52133333,25.00000000,43.24666667,0.47757539
2001-04-16T14:30:00,1,4,16,14,30,0.47100000,25.10000000,41.58500000,0.43506694
2001-04-16T14:40:00,1,4,16,14,40,0.42066667,25.20000000,39.92333333,0.39178902
2001-04-16T14:50:00,1,4,16,14,50,0.37033333,25.30000000,38.26166667,0.34774164
2001-04-16T15:00:00,1,4,16,15,0,0.32000000,25.40000000,36.60000000,0.30292480
2001-04-16T15:10:00,1,4,16,15,10,0.29683333,25.10000000,35.48916667,0.28251108
2001-04-16T15:20:00,1,4,16,15,20,0.27366667,24.80000000,34.37833333,0.26186060
2001-04-16T15:30:00,1,4,16,15,30,0.25050000,24.50000000,33.26750000,0.24097336
2001-04-16T15:40:00,1,4,16,15,40,0.22733333,24.20000000,32.15666667,0.21984937
2001-04-16T15:50:00,1,4,16,15,50,0.20416667,23.90000000,31.04583333,0.19848862
2001-04-16T16:00:00,1,4,16,16,0,0.18100000,23.60000000,29.93500000,0.17689112
2001-04-16T16:10:00,1,4,16,16,10,0.15666667,23.41666667,28.90000000,0.15385607
2001-04-16T16:20:00,1,4,16,16,20,0.13233333,23.23333333,27.86500000,0.13058931
2001-04-16T16:30:00,1,4,16,16,30,0.10800000,23.05000000,26.83000000,0.10709086
2001-04-16T16:40:00,1,4,16,16,40,0.08366667,22.86666667,25.79500000,0.08336070
2001-04-16T16:50:00,1,4,16,16,50,0.05933333,22.68333333,24.76000000,0.05939884
2001-04-16T17:00:00,1,4,16,17,0,0.03500000,22.50000000,23.72500000,0.03520528
2001-04-16T17:10:00,1,4,16,17,10,0.02916667,22.31666667,23.33750000,0.02938972
2001-04-16T17:20:00,1,4,16,17,20,0.02333333,22.13333333,22.95000000,0.02355337
2001-04-16T17:30:00,1,4,16,17,30,0.01750000,21.95000000,22.56250000,0.01769622
2001-04-16T17:40:00,1,4,16,17,40,0.01166667,21.76666667,22.17500000,0.01181828
2001-04-16T17:50:00,1,4,16,17,50,0.00583333,21.58333333,21.78750000,0.00591954
2001-04-16T18:00:00,1,4,16,18,0,0.00000000,21.40000000,21.40000000,0.00000000
2001-04-16T18:10:00,1,4,16,18,10,0.00000000,21.21666667,21.21666667,0.00000000
2001-04-16T18:20:00,1,4,16,18,20,0.00000000,21.03333333,21.03333333,0.00000000
2001-04-16T18:30:00,1,4,16,18,30,0.00000000,20.85000000,20.85000000,0.00000000
2001-04-16T18:40:00,1,4,16,18,40,0.00000000,20.66666667,20.66666667,0.00000000
2001-04-16T18:50:00,1,4,16,18,50,0.00000000,20.48333333,20.48333333,0.00000000
2001-04-16T19:00:00,1,4,16,19,0,0.00000000,20.30000000,20.30000000,0.00000000
2001-04-16T19:10:00,1,4,16,19,10,0.00000000,20.28333333,20.28333333,0.00000000
2001-04-16T19:20:00,1,4,16,19,20,0.00000000,20.26666667,20.26666667,0.00000000
2001-04-16T19:30:00,1,4,16,19,30,0.00000000,20.25000000,20.25000000,0.00000000
2001-04-16T19:40:00,1,4,16,19,40,0.00000000,20.23333333,20.23333333,0.00000000
2001-04-16T19:50:00,1,4,16,19,50,0.00000000,20.21666667,20.21666667,0.00000000
2001-04-16T20:00:00,1,4,16,20,0,0.00000000,20.20000000,20.20000000,0.00000000
2001-04-16T20:10:00,1,4,16,20,10,0.00000000,20.06666667,20.06666667,0.00000000
2001-04-16T20:20:00,1,4,16,20,20,0.00000000,19.93333333,19.93333333,0.00000000
2001-04-16T20:30:00,1,4,16,20,30,0.00000000,19.80000000,19.80000000,0.00000000
2001-04-16T20:40:00,1,4,16,20,40,0.00000000,19.66666667,19.66666667,0.00000000
2001-04-16T20:50:00,1,4,16,20,50,0.00000000,19.53333333,19.53333333,0.00000000
2001-04-16T21:00:00,1,4,16,21,0,0.00000000,19.40000000,19.40000000,0.00000000
2001-04-16T21:10:00,1,4,16,21,10,0.00000000,19.31666667,19.31666667,0.00000000
2001-04-16T21:20:00,1,4,16,21,20,0.00000000,19.23333333,19.23333333,0.00000000
2001-04-16T21:30:00,1,4,16,21,30,0.00000000,19.15000000,19.15000000,0.00000000
2001-04-16T21:40:00,1,4,16,21,40,0.00000000,19.06666667,19.06666667,0.00000000
2001-04-16T21:50:00,1,4,16,21,50,0.00000000,18.98333333,18.98333333,0.00000000
2001-04-16T22:00:00,1,4,16,22,0,0.00000000,18.90000000,18.90000000,0.00000000
2001-04-16T22:10:00,1,4,16,22,10,0.00000000,18.93333333,18.93333333,0.00000000
2001-04-16T22:20:00,1,4,16,22,20,0.00000000,18.96666667,18.96666667,0.00000000
2001-04-16T22:30:00,1,4,16,22,30,0.00000000,19.00000000,19.00000000,0.00000000
2001-04-16T22:40:00,1,4,16,22,40,0.00000000,19.03333333,19.03333333,0.00000000
2001-04-16T22:50:00,1,4,16,22,50,0.00000000,19.06666667,19.06666667,0.00000000
2001-04-16T23:00:00,1,4,16,23,0,0.00000000,19.10000000,19.10000000,0.00000000
2001-04-16T23:10:00,1,4,16,23,10,0.00000000,19.05000000,19.05000000,0.00000000
2001-04-16T23:20:00,1,4,16,23,20,0.00000000,19.00000000,19.00000000,0.00000000
2001-04-16T23:30:00,1,4,16,23,30,0.00000000,18.95000000,18.95000000,0.00000000
2001-04-16T23:40:00,1,4,16,23,40,0.00000000,18.90000000,18.90000000,0.00000000
2001-04-16T23:50:00,1,4,16,23,50,0.00000000,18.85000000,18.85000000,0.00000000
2001-04-17T00:00:00,1,4,17,0,0,0.00000000,18.80000000,18.80000000,0.00000000
2001-04-17T00:10:00,1,4,17,0,10,0.00000000,18.90000000,18.90000000,0.00000000
2001-04-17T00:20:00,1,4,17,0,20,0.00000000,19.00000000,19.00000000,0.00000000
2001-04-17T00:30:00,1,4,17,0,30,0.00000000,19.10000000,19.10000000,0.00000000
2001-04-17T00:40:00,1,4,17,0,40,0.00000000,19.20000000,19.20000000,0.00000000
2001-04-17T00:50:00,1,4,17,0,50,0.00000000,19.30000000,19.30000000,0.00000000
2001-04-17T01:00:00,1,4,17,1,0,0.00000000,19.40000000,19.40000000,0.00000000
2001-04-17T01:10:00,1,4,17,1,10,0.00000000,19.33333333,19.33333333,0.00000000
2001-04-17T01:20:00,1,4,17,1,20,0.00000000,19.26666667,19.26666667,0.00000000
2001-04-17T01:30:00,1,4,17,1,30,0.00000000,19.20000000,19.20000000,0.00000000
2001-04-17T01:40:00,1,4,17,1,40,0.00000000,19.13333333,19.13333333,0.00000000
2001-04-17T01:50:00,1,4,17,1,50,0.00000000,19.06666667,19.06666667,0.00000000
2001-04-17T02:00:00,1,4,17,2,0,0.00000000,19.00000000,19.00000000,0.00000000
2001-04-17T02:10:00,1,4,17,2,10,0.00000000,18.91666667,18.91666667,0.00000000
2001-04-17T02:20:00,1,4,17,2,20,0.00000000,18.83333333,18.83333333,0.00000000
2001-04-17T02:30:00,1,4,17,2,30,0.00000000,18.75000000,18.75000000,0.00000000
2001-04-17T02:40:00,1,4,17,2,40,0.00000000,18.66666667,18.66666667,0.00000000
2001-04-17T02:50:00,1,4,17,2,50,0.00000000,18.58333333,18.58333333,0.00000000
2001-04-17T03:00:00,1,4,17,3,0,0.00000000,18.50000000,18.50000000,0.00000000
2001-04-17T03:10:00,1,4,17,3,10,0.00000000,18.55000000,18.55000000,0.00000000
2001-04-17T03:20:00,1,4,17,3,20,0.00000000,18.60000000,18.60000000,0.00000000
2001-04-17T03:30:00,1,4,17,3,30,0.00000000,18.65000000,18.65000000,0.00000000
2001-04-17T03:40:00,1,4,17,3,40,0.00000000,18.70000000,18.70000000,0.00000000
2001-04-17T03:50:00,1,4,17,3,50,0.00000000,18.75000000,18.75000000,0.00000000
2001-04-17T04:00:00,1,4,17,4,0,0.00000000,18.80000000,18.80000000,0.00000000
2001-04-17T04:10:00,1,4,17,4,10,0.00000000,18.75000000,18.75000000,0.00000000
2001-04-17T04:20:00,1,4,17,4,20,0.00000000,18.70000000,18.70000000,0.00000000
2001-04-17T04:30:00,1,4,17,4,30,0.00000000,18.65000000,18.65000000,0.00000000
2001-04-17T04:40:00,1,4,17,4,40,0.00000000,18.60000000,18.60000000,0.00000000
2001-04-17T04:50:00,1,4,17,4,50,0.00000000,18.55000000,18.55000000,0.00000000
2001-04-17T05:00:00,1,4,17,5,0,0.00000000,18.50000000,18.50000000,0.00000000
2001-04-17T05:10:00,1,4,17,5,10,0.00300000,18.41666667,18.52166667,0.00308940
2001-04-17T05:20:00,1,4,17,5,20,0.00600000,18.33333333,18.54333333,0.00617820
2001-04-17T05:30:00,1,4,17,5,30,0.00900000,18.25000000,18.56500000,0.00926641
2001-04-17T05:40:00,1,4,17,5,40,0.01200000,18.16666667,18.58666667,0.01235402
2001-04-17T05:50:00,1,4,17,5,50,0.01500000,18.08333333,18.60833333,0.01544103
2001-04-17T06:00:00,1,4,17,6,0,0.01800000,18.00000000,18.63000000,0.01852744
2001-04-17T06:10:00,1,4,17,6,10,0.04300000,18.31666667,19.82166667,0.04402427
2001-04-17T06:20:00,1,4,17,6,20,0.06800000,18.63333333,21.01333333,0.06924703
2001-04-17T06:30:00,1,4,17,6,30,0.09300000,18.95000000,22.20500000,0.09419570
2001-04-17T06:40:00,1,4,17,6,40,0.11800000,19.26666667,23.39666667,0.11887029
2001-04-17T06:50:00,1,4,17,6,50,0.14300000,19.58333333,24.58833333,0.14327079
2001-04-17T07:00:00,1,4,17,7,0,0.16800000,19.90000000,25.78000000,0.16739722
2001-04-17T07:10:00,1,4,17,7,10,0.19833333,20.06666667,27.00833333,0.19650106
2001-04-17T07:20:00,1,4,17,7,20,0.22866667,20.23333333,28.23666667,0.22526212
2001-04-17T07:30:00,1,4,17,7,30,0.25900000,20.40000000,29.46500000,0.25368040
2001-04-17T07:40:00,1,4,17,7,40,0.28933333,20.56666667,30.69333333,0.28175589
2001-04-17T07:50:00,1,4,17,7,50,0.31966667,20.73333333,31.92166667,0.30948859
2001-04-17T08:00:00,1,4,17,8,0,0.35000000,20.90000000,33.15000000,0.33687850
2001-04-17T08:10:00,1,4,17,8,10,0.31066667,21.40000000,32.27333333,0.30027259
2001-04-17T08:20:00,1,4,17,8,20,0.27133333,21.90000000,31.39666667,0.26334944
2001-04-17T08:30:00,1,4,17,8,30,0.23200000,22.40000000,30.52000000,0.22610906
2001-04-17T08:40:00,1,4,17,8,40,0.19266667,22.90000000,29.64333333,0.18855144
2001-04-17T08:50:00,1,4,17,8,50,0.15333333,23.40000000,28.76666667,0.15067658
2001-04-17T09:00:00,1,4,17,9,0,0.11400000,23.90000000,27.89000000,0.11248448
2001-04-17T09:10:00,1,4,17,9,10,0.14266667,23.53333333,28.52666667,0.14035223
2001-04-17T09:20:00,1,4,17,9,20,0.17133333,23.16666667,29.16333333,0.16805207
2001-04-17T09:30:00,1,4,17,9,30,0.20000000,22.80000000,29.80000000,0.19558400
2001-04-17T09:40:00,1,4,17,9,40,0.22866667,22.43333333,30.43666667,0.22294802
2001-04-17T09:50:00,1,4,17,9,50,0.25733333,22.06666667,31.07333333,0.25014413
2001-04-17T10:00:00,1,4,17,10,0,0.28600000,21.70000000,31.71000000,0.27717232
2001-04-17T10:10:00,1,4,17,10,10,0.34216667,22.01666667,33.99250000,0.32801277
2001-04-17T10:20:00,1,4,17,10,20,0.39833333,22.33333333,36.27500000,0.37767377
2001-04-17T10:30:00,1,4,17,10,30,0.45450000,22.65000000,38.55750000,0.42615533
2001-04-17T10:40:00,1,4,17,10,40,0.51066667,22.96666667,40.84000000,0.47345745
2001-04-17T10:50:00,1,4,17,10,50,0.56683333,23.28333333,43.12250000,0.51958012
2001-04-17T11:00:00,1,4,17,11,0,0.62300000,23.60000000,45.40500000,0.56452335
2001-04-17T11:10:00,1,4,17,11,10,0.62583333,24.28333333,46.18750000,0.56483805
2001-04-17T11:20:00,1,4,17,11,20,0.62866667,24.96666667,46.97000000,0.56513236
2001-04-17T11:30:00,1,4,17,11,30,0.63150000,25.65000000,47.75250000,0.56540626
2001-04-17T11:40:00,1,4,17,11,40,0.63433333,26.33333333,48.53500000,0.56565977
2001-04-17T11:50:00,1,4,17,11,50,0.63716667,27.01666667,49.31750000,0.56589288
2001-04-17T12:00:00,1,4,17,12,0,0.64000000,27.70000000,50.10000000,0.56610560
2001-04-17T12:10:00,1,4,17,12,10,0.60366667,27.70000000,48.82833333,0.53749856
2001-04-17T12:20:00,1,4,17,12,20,0.56733333,27.70000000,47.55666667,0.50846645
2001-04-17T12:30:00,1,4,17,12,30,0.53100000,27.70000000,46.28500000,0.47900926
2001-04-17T12:40:00,1,4,17,12,40,0.49466667,27.70000000,45.01333333,0.44912699
2001-04-17T12:50:00,1,4,17,12,50,0.45833333,27.70000000,43.74166667,0.41881965
2001-04-17T13:00:00,1,4,17,13,0,0.42200000,27.70000000,42.47000000,0.38808724
2001-04-17T13:10:00,1,4,17,13,10,0.37033333,27.36666667,40.32833333,0.34422101
2001-04-17T13:20:00,1,4,17,13,20,0.31866667,27.03333333,38.18666667,0.29933677
2001-04-17T13:30:00,1,4,17,13,30,0.26700000,26.70000000,36.04500000,0.25343453
2001-04-17T13:40:00,1,4,17,13,40,0.21533333,26.36666667,33.90333333,0.20651428
2001-04-17T13:50:00,1,4,17,13,50,0.16366667,26.03333333,31.76166667,0.15857603
2001-04-17T14:00:00,1,4,17,14,0,0.11200000,25.70000000,29.62000000,0.10961978
2001-04-17T14:10:00,1,4,17,14,10,0.10333333,25.15000000,28.76666667,0.10154291
2001-04-17T14:20:00,1,4,17,14,20,0.09466667,24.60000000,27.91333333,0.09339801
2001-04-17T14:30:00,1,4,17,14,30,0.08600000,24.05000000,27.06000000,0.08518506
2001-04-17T14:40:00,1,4,17,14,40,0.07733333,23.50000000,26.20666667,0.07690408
2001-04-17T14:50:00,1,4,17,14,50,0.06866667,22.95000000,25.35333333,0.06855506
2001-04-17T15:00:00,1,4,17,15,0,0.06000000,22.40000000,24.50000000,0.06013800
2001-04-17T15:10:00,1,4,17,15,10,0.05616667,22.23333333,24.19916667,0.05637358
2001-04-17T15:20:00,1,4,17,15,20,0.05233333,22.06666667,23.89833333,0.05259854
2001-04-17T15:30:00,1,4,17,15,30,0.04850000,21.90000000,23.59750000,0.04881290
2001-04-17T15:40:00,1,4,17,15,40,0.04466667,21.73333333,23.29666667,0.04501664
2001-04-17T15:50:00,1,4,17,15,50,0.04083333,21.56666667,22.99583333,0.04120978
2001-04-17T16:00:00,1,4,17,16,0,0.03700000,21.40000000,22.69500000,0.03739231
2001-04-17T16:10:00,1,4,17,16,10,0.03433333,21.40000000,22.60166667,0.03471211
2001-04-17T16:20:00,1,4,17,16,20,0.03166667,21.40000000,22.50833333,0.03202962
2001-04-17T16:30:00,1,4,17,16,30,0.02900000,21.40000000,22.41500000,0.02934484
2001-04-17T16:40:00,1,4,17,16,40,0.02633333,21.40000000,22.32166667,0.02665777
2001-04-17T16:50:00,1,4,17,16,50,0.02366667,21.40000000,22.22833333,0.02396841
2001-04-17T17:00:00,1,4,17,17,0,0.02100000,21.40000000,22.13500000,0.02127676
2001-04-17T17:10:00,1,4,17,17,10,0.01750000,21.26666667,21.87916667,0.01775123
2001-04-17T17:20:00,1,4,17,17,20,0.01400000,21.13333333,21.62333333,0.01421746
2001-04-17T17:30:00,1,4,17,17,30,0.01050000,21.00000000,21.36750000,0.01067545
2001-04-17T17:40:00,1,4,17,17,40,0.00700000,20.86666667,21.11166667,0.00712520
2001-04-17T17:50:00,1,4,17,17,50,0.00350000,20.73333333,20.85583333,0.00356672
2001-04-17T18:00:00,1,4,17,18,0,0.00000000,20.60000000,20.60000000,0.00000000
2001-04-17T18:10:00,1,4,17,18,10,0.00000000,20.55000000,20.55000000,0.00000000
2001-04-17T18:20:00,1,4,17,18,20,0.00000000,20.50000000,20.50000000,0.00000000
2001-04-17T18:30:00,1,4,17,18,30,0.00000000,20.45000000,20.45000000,0.00000000
2001-04-17T18:40:00,1,4,17,18,40,0.00000000,20.40000000,20.40000000,0.00000000
2001-04-17T18:50:00,1,4,17,18,50,0.00000000,20.35000000,20.35000000,0.00000000
2001-04-17T19:00:00,1,4,17,19,0,0.00000000,20.30000000,20.30000000,0.00000000
2001-04-17T19:10:00,1,4,17,19,10,0.00000000,20.20000000,20.20000000,0.00000000
2001-04-17T19:20:00,1,4,17,19,20,0.00000000,20.10000000,20.10000000,0.00000000
2001-04-17T19:30:00,1,4,17,19,30,0.00000000,20.00000000,20.00000000,0.00000000
2001-04-17T19:40:00,1,4,17,19,40,0.00000000,19.90000000,19.90000000,0.00000000
2001-04-17T19:50:00,1,4,17,19,50,0.00000000,19.80000000,19.80000000,0.00000000
2001-04-17T20:00:00,1,4,17,20,0,0.00000000,19.70000000,19.70000000,0.00000000
2001-04-17T20:10:00,1,4,17,20,10,0.00000000,19.68333333,19.68333333,0.00000000
2001-04-17T20:20:00,1,4,17,20,20,0.00000000,19.66666667,19.66666667,0.00000000
2001-04-17T20:30:00,1,4,17,20,30,0.00000000,19.65000000,19.65000000,0.00000000
2001-04-17T20:40:00,1,4,17,20,40,0.00000000,19.63333333,19.63333333,0.00000000
2001-04-17T20:50:00,1,4,17,20,50,0.00000000,19.61666667,19.61666667,0.00000000
2001-04-17T21:00:00,1,4,17,21,0,0.00000000,19.60000000,19.60000000,0.00000000
2001-04-17T21:10:00,1,4,17,21,10,0.00000000,19.55000000,19.55000000,0.00000000
2001-04-17T21:20:00,1,4,17,21,20,0.00000000,19.50000000,19.50000000,0.00000000
2001-04-17T21:30:00,1,4,17,21,30,0.00000000,19.45000000,19.45000000,0.00000000
2001-04-17T21:40:00,1,4,17,21,40,0.00000000,19.40000000,19.40000000,0.00000000
2001-04-17T21:50:00,1,4,17,21,50,0.00000000,19.35000000,19.35000000,0.00000000
2001-04-17T22:00:00,1,4,17,22,0,0.00000000,19.30000000,19.30000000,0.00000000
2001-04-17T22:10:00,1,4,17,22,10,0.00000000,19.23333333,19.23333333,0.00000000
2001-04-17T22:20:00,1,4,17,22,20,0.00000000,19.16666667,19.16666667,0.00000000
2001-04-17T22:30:00,1,4,17,22,30,0.00000000,19.10000000,19.10000000,0.00000000
2001-04-17T22:40:00,1,4,17,22,40,0.00000000,19.03333333,19.03333333,0.00000000
2001-04-17T22:50:00,1,4,17,22,50,0.00000000,18.96666667,18.96666667,0.00000000
2001-04-17T23:00:00,1,4,17,23,0,0.00000000,18.90000000,18.90000000,0.00000000
2001-04-17T23:10:00,1,4,17,23,10,0.00000000,18.91666667,18.91666667,0.00000000
2001-04-17T23:20:00,1,4,17,23,20,0.00000000,18.93333333,18.93333333,0.00000000
2001-04-17T23:30:00,1,4,17,23,30,0.00000000,18.95000000,18.95000000,0.00000000
2001-04-17T23:40:00,1,4,17,23,40,0.00000000,18.96666667,18.96666667,0.00000000
2001-04-17T23:50:00,1,4,17,23,50,0.00000000,18.98333333,18.98333333,0.00000000
2001-04-18T00:00:00,1,4,18,0,0,0.00000000,19.00000000,19.00000000,0.00000000
2001-04-18T00:10:00,1,4,18,0,10,0.00000000,18.88333333,18.88333333,0.00000000
2001-04-18T00:20:00,1,4,18,0,20,0.00000000,18.76666667,18.76666667,0.00000000
2001-04-18T00:30:00,1,4,18,0,30,0.00000000,18.65000000,18.65000000,0.00000000
2001-04-18T00:40:00,1,4,18,0,40,0.00000000,18.53333333,18.53333333,0.00000000
2001-04-18T00:50:00,1,4,18,0,50,0.00000000,18.41666667,18.41666667,0.00000000
2001-04-18T01:00:00,1,4,18,1,0,0.00000000,18.30000000,18.30000000,0.00000000
2001-04-18T01:10:00,1,4,18,1,10,0.00000000,18.31666667,18.31666667,0.00000000
2001-04-18T01:20:00,1,4,18,1,20,0.00000000,18.33333333,18.33333333,0.00000000
2001-04-18T01:30:00,1,4,18,1,30,0.00000000,18.35000000,18.35000000,0.00000000
2001-04-18T01:40:00,1,4,18,1,40,0.00000000,18.36666667,18.36666667,0.00000000
2001-04-18T01:50:00,1,4,18,1,50,0.00000000,18.38333333,18.38333333,0.00000000
2001-04-18T02:00:00,1,4,18,2,0,0.00000000,18.40000000,18.40000000,0.00000000
2001-04-18T02:10:00,1,4,18,2,10,0.00000000,18.41666667,18.41666667,0.00000000
2001-04-18T02:20:00,1,4,18,2,20,0.00000000,18.43333333,18.43333333,0.00000000
2001-04-18T02:30:00,1,4,18,2,30,0.00000000,18.45000000,18.45000000,0.00000000
2001-04-18T02:40:00,1,4,18,2,40,0.00000000,18.46666667,18.46666667,0.00000000
2001-04-18T02:50:00,1,4,18,2,50,0.00000000,18.48333333,18.48333333,0.00000000
2001-04-18T03:00:00,1,4,18,3,0,0.00000000,18.50000000,18.50000000,0.00000000
2001-04-18T03:10:00,1,4,18,3,10,0.00000000,18.48333333,18.48333333,0.00000000
2001-04-18T03:20:00,1,4,18,3,20,0.00000000,18.46666667,18.46666667,0.00000000
2001-04-18T03:30:00,1,4,18,3,30,0.00000000,18.45000000,18.45000000,0.00000000
2001-04-18T03:40:00,1,4,18,3,40,0.00000000,18.43333333,18.43333333,0.00000000
2001-04-18T03:50:00,1,4,18,3,50,0.00000000,18.41666667,18.41666667,0.00000000
2001-04-18T04:00:00,1,4,18,4,0,0.00000000,18.40000000,18.40000000,0.00000000
2001-04-18T04:10:00,1,4,18,4,10,0.00000000,18.38333333,18.38333333,0.00000000
2001-04-18T04:20:00,1,4,18,4,20,0.00000000,18.36666667,18.36666667,0.00000000
2001-04-18T04:30:00,1,4,18,4,30,0.00000000,18.35000000,18.35000000,0.00000000
2001-04-18T04:40:00,1,4,18,4,40,0.00000000,18.33333333,18.33333333,0.00000000
2001-04-18T04:50:00,1,4,18,4,50,0.00000000,18.31666667,18.31666667,0.00000000
2001-04-18T05:00:00,1,4,18,5,0,0.00000000,18.30000000,18.30000000,0.00000000
2001-04-18T05:10:00,1,4,18,5,10,0.00383333,18.21666667,18.35083333,0.00395058
2001-04-18T05:20:00,1,4,18,5,20,0.00766667,18.13333333,18.40166667,0.00789937
2001-04-18T05:30:00,1,4,18,5,30,0.01150000,18.05000000,18.45250000,0.01184636
2001-04-18T05:40:00,1,4,18,5,40,0.01533333,17.96666667,18.50333333,0.01579156
2001-04-18T05:50:00,1,4,18,5,50,0.01916667,17.88333333,18.55416667,0.01973497
2001-04-18T06:00:00,1,4,18,6,0,0.02300000,17.80000000,18.60500000,0.02367659
2001-04-18T06:10:00,1,4,18,6,10,0.03900000,17.96666667,19.33166667,0.04001690
2001-04-18T06:20:00,1,4,18,6,20,0.05500000,18.13333333,20.05833333,0.05625024
2001-04-18T06:30:00,1,4,18,6,30,0.07100000,18.30000000,20.78500000,0.07237662
2001-04-18T06:40:00,1,4,18,6,40,0.08700000,18.46666667,21.51166667,0.08839603
2001-04-18T06:50:00,1,4,18,6,50,0.10300000,18.63333333,22.23833333,0.10430848
2001-04-18T07:00:00,1,4,18,7,0,0.11900000,18.80000000,22.96500000,0.12011396
2001-04-18T07:10:00,1,4,18,7,10,0.12583333,18.96666667,23.37083333,0.12677635
2001-04-18T07:20:00,1,4,18,7,20,0.13266667,19.13333333,23.77666667,0.13341323
2001-04-18T07:30:00,1,4,18,7,30,0.13950000,19.30000000,24.18250000,0.14002459
2001-04-18T07:40:00,1,4,18,7,40,0.14633333,19.46666667,24.58833333,0.14661044
2001-04-18T07:50:00,1,4,18,7,50,0.15316667,19.63333333,24.99416667,0.15317078
2001-04-18T08:00:00,1,4,18,8,0,0.16000000,19.80000000,25.40000000,0.15970560
2001-04-18T08:10:00,1,4,18,8,10,0.22266667,19.96666667,27.76000000,0.21983969
2001-04-18T08:20:00,1,4,18,8,20,0.28533333,20.13333333,30.12000000,0.27861316
2001-04-18T08:30:00,1,4,18,8,30,0.34800000,20.30000000,32.48000000,0.33602602
2001-04-18T08:40:00,1,4,18,8,40,0.41066667,20.46666667,34.84000000,0.39207825
2001-04-18T08:50:00,1,4,18,8,50,0.47333333,20.63333333,37.20000000,0.44676987
2001-04-18T09:00:00,1,4,18,9,0,0.53600000,20.80000000,39.56000000,0.50010086
2001-04-18T09:10:00,1,4,18,9,10,0.53666667,21.41666667,40.20000000,0.49914293
2001-04-18T09:20:00,1,4,18,9,20,0.53733333,22.03333333,40.84000000,0.49818108
2001-04-18T09:30:00,1,4,18,9,30,0.53800000,22.65000000,41.48000000,0.49721530
2001-04-18T09:40:00,1,4,18,9,40,0.53866667,23.26666667,42.12000000,0.49624559
2001-04-18T09:50:00,1,4,18,9,50,0.53933333,23.88333333,42.76000000,0.49527196
2001-04-18T10:00:00,1,4,18,10,0,0.54000000,24.50000000,43.40000000,0.49429440
2001-04-18T10:10:00,1,4,18,10,10,0.55766667,24.50000000,44.01833333,0.50887957
2001-04-18T10:20:00,1,4,18,10,20,0.57533333,24.50000000,44.63666667,0.52336424
2001-04-18T10:30:00,1,4,18,10,30,0.59300000,24.50000000,45.25500000,0.53774841
2001-04-18T10:40:00,1,4,18,10,40,0.61066667,24.50000000,45.87333333,0.55203208
2001-04-18T10:50:00,1,4,18,10,50,0.62833333,24.50000000,46.49166667,0.56621525
2001-04-18T11:00:00,1,4,18,11,0,0.64600000,24.50000000,47.11000000,0.58029792
2001-04-18T11:10:00,1,4,18,11,10,0.61966667,24.70000000,46.38833333,0.55869994
2001-04-18T11:20:00,1,4,18,11,20,0.59333333,24.90000000,45.66666667,0.53692711
2001-04-18T11:30:00,1,4,18,11,30,0.56700000,25.10000000,44.94500000,0.51497945
2001-04-18T11:40:00,1,4,18,11,40,0.54066667,25.30000000,44.22333333,0.49285696
2001-04-18T11:50:00,1,4,18,11,50,0.51433333,25.50000000,43.50166667,0.47055962
2001-04-18T12:00:00,1,4,18,12,0,0.48800000,25.70000000,42.78000000,0.44808746
2001-04-18T12:10:00,1,4,18,12,10,0.49400000,25.56666667,42.85666667,0.45342251
2001-04-18T12:20:00,1,4,18,12,20,0.50000000,25.43333333,42.93333333,0.45875333
2001-04-18T12:30:00,1,4,18,12,30,0.50600000,25.30000000,43.01000000,0.46407992
2001-04-18T12:40:00,1,4,18,12,40,0.51200000,25.16666667,43.08666667,0.46940228
2001-04-18T12:50:00,1,4,18,12,50,0.51800000,25.03333333,43.16333333,0.47472041
2001-04-18T13:00:00,1,4,18,13,0,0.52400000,24.90000000,43.24000000,0.48003430
2001-04-18T13:10:00,1,4,18,13,10,0.50816667,24.85000000,42.63583333,0.46694173
2001-04-18T13:20:00,1,4,18,13,20,0.49233333,24.80000000,42.03166667,0.45376115
2001-04-18T13:30:00,1,4,18,13,30,0.47650000,24.75000000,41.42750000,0.44049256
2001-04-18T13:40:00,1,4,18,13,40,0.46066667,24.70000000,40.82333333,0.42713597
2001-04-18T13:50:00,1,4,18,13,50,0.44483333,24.65000000,40.21916667,0.41369137
2001-04-18T14:00:00,1,4,18,14,0,0.42900000,24.60000000,39.61500000,0.40015876
2001-04-18T14:10:00,1,4,18,14,10,0.40183333,24.50000000,38.56416667,0.37676088
2001-04-18T14:20:00,1,4,18,14,20,0.37466667,24.40000000,37.51333333,0.35310035
2001-04-18T14:30:00,1,4,18,14,30,0.34750000,24.30000000,36.46250000,0.32917719
2001-04-18T14:40:00,1,4,18,14,40,0.32033333,24.20000000,35.41166667,0.30499140
2001-04-18T14:50:00,1,4,18,14,50,0.29316667,24.10000000,34.36083333,0.28054296
2001-04-18T15:00:00,1,4,18,15,0,0.26600000,24.00000000,33.31000000,0.25583188
2001-04-18T15:10:00,1,4,18,15,10,0.24850000,23.63333333,32.33083333,0.24012012
2001-04-18T15:20:00,1,4,18,15,20,0.23100000,23.26666667,31.35166667,0.22425072
2001-04-18T15:30:00,1,4,18,15,30,0.21350000,22.90000000,30.37250000,0.20822367
2001-04-18T15:40:00,1,4,18,15,40,0.19600000,22.53333333,29.39333333,0.19203897
2001-04-18T15:50:00,1,4,18,15,50,0.17850000,22.16666667,28.41416667,0.17569663
2001-04-18T16:00:00,1,4,18,16,0,0.16100000,21.80000000,27.43500000,0.15919664
2001-04-18T16:10:00,1,4,18,16,10,0.13883333,21.66666667,26.52583333,0.13785889
2001-04-18T16:20:00,1,4,18,16,20,0.11666667,21.53333333,25.61666667,0.11633572
2001-04-18T16:30:00,1,4,18,16,30,0.09450000,21.40000000,24.70750000,0.09462715
2001-04-18T16:40:00,1,4,18,16,40,0.07233333,21.26666667,23.79833333,0.07273317
2001-04-18T16:50:00,1,4,18,16,50,0.05016667,21.13333333,22.88916667,0.05065378
2001-04-18T17:00:00,1,4,18,17,0,0.02800000,21.00000000,21.98000000,0.02838898
2001-04-18T17:10:00,1,4,18,17,10,0.02333333,20.65000000,21.46666667,0.02371258
2001-04-18T17:20:00,1,4,18,17,20,0.01866667,20.30000000,20.95333333,0.01901414
2001-04-18T17:30:00,1,4,18,17,30,0.01400000,19.95000000,20.44000000,0.01429366
2001-04-18T17:40:00,1,4,18,17,40,0.00933333,19.60000000,19.92666667,0.00955115
2001-04-18T17:50:00,1,4,18,17,50,0.00466667,19.25000000,19.41333333,0.00478659
2001-04-18T18:00:00,1,4,18,18,0,0.00000000,18.90000000,18.90000000,0.00000000
2001-04-18T18:10:00,1,4,18,18,10,0.00000000,18.88333333,18.88333333,0.00000000
2001-04-18T18:20:00,1,4,18,18,20,0.00000000,18.86666667,18.86666667,0.00000000
2001-04-18T18:30:00,1,4,18,18,30,0.00000000,18.85000000,18.85000000,0.00000000
2001-04-18T18:40:00,1,4,18,18,40,0.00000000,18.83333333,18.83333333,0.00000000
2001-04-18T18:50:00,1,4,18,18,50,0.00000000,18.81666667,18.81666667,0.00000000
2001-04-18T19:00:00,1,4,18,19,0,0.00000000,18.80000000,18.80000000,0.00000000
2001-04-18T19:10:00,1,4,18,19,10,0.00000000,18.73333333,18.73333333,0.00000000
2001-04-18T19:20:00,1,4,18,19,20,0.00000000,18.66666667,18.66666667,0.00000000
2001-04-18T19:30:00,1,4,18,19,30,0.00000000,18.60000000,18.60000000,0.00000000
2001-04-18T19:40:00,1,4,18,19,40,0.00000000,18.53333333,18.53333333,0.00000000
2001-04-18T19:50:00,1,4,18,19,50,0.00000000,18.46666667,18.46666667,0.00000000
2001-04-18T20:00:00,1,4,18,20,0,0.00000000,18.40000000,18.40000000,0.00000000
2001-04-18T20:10:00,1,4,18,20,10,0.00000000,18.28333333,18.28333333,0.00000000
2001-04-18T20:20:00,1,4,18,20,20,0.00000000,18.16666667,18.16666667,0.00000000
2001-04-18T20:30:00,1,4,18,20,30,0.00000000,18.05000000,18.05000000,0.00000000
2001-04-18T20:40:00,1,4,18,20,40,0.00000000,17.93333333,17.93333333,0.00000000
2001-04-18T20:50:00,1,4,18,20,50,0.00000000,17.81666667,17.81666667,0.00000000
2001-04-18T21:00:00,1,4,18,21,0,0.00000000,17.70000000,17.70000000,0.00000000
2001-04-18T21:10:00,1,4,18,21,10,0.00000000,17.63333333,17.63333333,0.00000000
2001-04-18T21:20:00,1,4,18,21,20,0.00000000,17.56666667,17.56666667,0.00000000
2001-04-18T21:30:00,1,4,18,21,30,0.00000000,17.50000000,17.50000000,0.00000000
2001-04-18T21:40:00,1,4,18,21,40,0.00000000,17.43333333,17.43333333,0.00000000
2001-04-18T21:50:00,1,4,18,21,50,0.00000000,17.36666667,17.36666667,0.00000000
2001-04-18T22:00:00,1,4,18,22,0,0.00000000,17.30000000,17.30000000,0.00000000
2001-04-18T22:10:00,1,4,18,22,10,0.00000000,17.30000000,17.30000000,0.00000000
2001-04-18T22:20:00,1,4,18,22,20,0.00000000,17.30000000,17.30000000,0.00000000
2001-04-18T22:30:00,1,4,18,22,30,0.00000000,17.30000000,17.30000000,0.00000000
2001-04-18T22:40:00,1,4,18,22,40,0.00000000,17.30000000,17.30000000,0.00000000
2001-04-18T22:50:00,1,4,18,22,50,0.00000000,17.30000000,17.30000000,0.00000000
2001-04-18T23:00:00,1,4,18,23,0,0.00000000,17.30000000,17.30000000,0.00000000
2001-04-18T23:10:00,1,4,18,23,10,0.00000000,17.00000000,17.00000000,0.00000000
2001-04-18T23:20:00,1,4,18,23,20,0.00000000,16.70000000,16.70000000,0.00000000
2001-04-18T23:30:00,1,4,18,23,30,0.00000000,16.40000000,16.40000000,0.00000000
2001-04-18T23:40:00,1,4,18,23,40,0.00000000,16.10000000,16.10000000,0.00000000
2001-04-18T23:50:00,1,4,18,23,50,0.00000000,15.80000000,15.80000000,0.00000000
2001-04-19T00:00:00,1,4,19,0,0,0.00000000,15.50000000,15.50000000,0.00000000
2001-04-19T00:10:00,1,4,19,0,10,0.00000000,15.46666667,15.46666667,0.00000000
2001-04-19T00:20:00,1,4,19,0,20,0.00000000,15.43333333,15.43333333,0.00000000
2001-04-19T00:30:00,1,4,19,0,30,0.00000000,15.40000000,15.40000000,0.00000000
2001-04-19T00:40:00,1,4,19,0,40,0.00000000,15.36666667,15.36666667,0.00000000
2001-04-19T00:50:00,1,4,19,0,50,0.00000000,15.33333333,15.33333333,0.00000000
2001-04-19T01:00:00,1,4,19,1,0,0.00000000,15.30000000,15.30000000,0.00000000
2001-04-19T01:10:00,1,4,19,1,10,0.00000000,15.30000000,15.30000000,0.00000000
2001-04-19T01:20:00,1,4,19,1,20,0.00000000,15.30000000,15.30000000,0.00000000
2001-04-19T01:30:00,1,4,19,1,30,0.00000000,15.30000000,15.30000000,0.00000000
2001-04-19T01:40:00,1,4,19,1,40,0.00000000,15.30000000,15.30000000,0.00000000
2001-04-19T01:50:00,1,4,19,1,50,0.00000000,15.30000000,15.30000000,0.00000000
2001-04-19T02:00:00,1,4,19,2,0,0.00000000,15.30000000,15.30000000,0.00000000
2001-04-19T02:10:00,1,4,19,2,10,0.00000000,15.23333333,15.23333333,0.00000000
2001-04-19T02:20:00,1,4,19,2,20,0.00000000,15.16666667,15.16666667,0.00000000
2001-04-19T02:30:00,1,4,19,2,30,0.00000000,15.10000000,15.10000000,0.00000000
2001-04-19T02:40:00,1,4,19,2,40,0.00000000,15.03333333,15.03333333,0.00000000
2001-04-19T02:50:00,1,4,19,2,50,0.00000000,14.96666667,14.96666667,0.00000000
2001-04-19T03:00:00,1,4,19,3,0,0.00000000,14.90000000,14.90000000,0.00000000
2001-04-19T03:10:00,1,4,19,3,10,0.00000000,14.88333333,14.88333333,0.00000000
2001-04-19T03:20:00,1,4,19,3,20,0.00000000,14.86666667,14.86666667,0.00000000
2001-04-19T03:30:00,1,4,19,3,30,0.00000000,14.85000000,14.85000000,0.00000000
2001-04-19T03:40:00,1,4,19,3,40,0.00000000,14.83333333,14.83333333,0.00000000
2001-04-19T03:50:00,1,4,19,3,50,0.00000000,14.81666667,14.81666667,0.00000000
2001-04-19T04:00:00,1,4,19,4,0,0.00000000,14.80000000,14.80000000,0.00000000
2001-04-19T04:10:00,1,4,19,4,10,0.00000000,14.85000000,14.85000000,0.00000000
2001-04-19T04:20:00,1,4,19,4,20,0.00000000,14.90000000,14.90000000,0.00000000
2001-04-19T04:30:00,1,4,19,4,30,0.00000000,14.95000000,14.95000000,0.00000000
2001-04-19T04:40:00,1,4,19,4,40,0.00000000,15.00000000,15.00000000,0.00000000
2001-04-19T04:50:00,1,4,19,4,50,0.00000000,15.05000000,15.05000000,0.00000000
2001-04-19T05:00:00,1,4,19,5,0,0.00000000,15.10000000,15.10000000,0.00000000
2001-04-19T05:10:00,1,4,19,5,10,0.00500000,15.06666667,15.24166667,0.00522444
2001-04-19T05:20:00,1,4,19,5,20,0.01000000,15.03333333,15.38333333,0.01044237
2001-04-19T05:30:00,1,4,19,5,30,0.01500000,15.00000000,15.52500000,0.01565378
2001-04-19T05:40:00,1,4,19,5,40,0.02000000,14.96666667,15.66666667,0.02085867
2001-04-19T05:50:00,1,4,19,5,50,0.02500000,14.93333333,15.80833333,0.02605704
2001-04-19T06:00:00,1,4,19,6,0,0.03000000,14.90000000,15.95000000,0.03124890
2001-04-19T06:10:00,1,4,19,6,10,0.05783333,15.26666667,17.29083333,0.05988423
2001-04-19T06:20:00,1,4,19,6,20,0.08566667,15.63333333,18.63166667,0.08817621
2001-04-19T06:30:00,1,4,19,6,30,0.11350000,16.00000000,19.97250000,0.11612486
2001-04-19T06:40:00,1,4,19,6,40,0.14133333,16.36666667,21.31333333,0.14373016
2001-04-19T06:50:00,1,4,19,6,50,0.16916667,16.73333333,22.65416667,0.17099212
2001-04-19T07:00:00,1,4,19,7,0,0.19700000,17.10000000,23.99500000,0.19791073
2001-04-19T07:10:00,1,4,19,7,10,0.23416667,17.30000000,25.49583333,0.23363257
2001-04-19T07:20:00,1,4,19,7,20,0.27133333,17.50000000,26.99666667,0.26884123
2001-04-19T07:30:00,1,4,19,7,30,0.30850000,17.70000000,28.49750000,0.30353670
2001-04-19T07:40:00,1,4,19,7,40,0.34566667,17.90000000,29.99833333,0.33771898
2001-04-19T07:50:00,1,4,19,7,50,0.38283333,18.10000000,31.49916667,0.37138808
2001-04-19T08:00:00,1,4,19,8,0,0.42000000,18.30000000,33.00000000,0.40454400
2001-04-19T08:10:00,1,4,19,8,10,0.44216667,18.66666667,34.14250000,0.42357113
2001-04-19T08:20:00,1,4,19,8,20,0.46433333,19.03333333,35.28500000,0.44236526
2001-04-19T08:30:00,1,4,19,8,30,0.48650000,19.40000000,36.42750000,0.46092640
2001-04-19T08:40:00,1,4,19,8,40,0.50866667,19.76666667,37.57000000,0.47925454
2001-04-19T08:50:00,1,4,19,8,50,0.53083333,20.13333333,38.71250000,0.49734969
2001-04-19T09:00:00,1,4,19,9,0,0.55300000,20.50000000,39.85500000,0.51521185
2001-04-19T09:10:00,1,4,19,9,10,0.57850000,20.81666667,41.06416667,0.53575165
2001-04-19T09:20:00,1,4,19,9,20,0.60400000,21.13333333,42.27333333,0.55600777
2001-04-19T09:30:00,1,4,19,9,30,0.62950000,21.45000000,43.48250000,0.57598022
2001-04-19T09:40:00,1,4,19,9,40,0.65500000,21.76666667,44.69166667,0.59566901
2001-04-19T09:50:00,1,4,19,9,50,0.68050000,22.08333333,45.90083333,0.61507412
2001-04-19T10:00:00,1,4,19,10,0,0.70600000,22.40000000,47.11000000,0.63419556
2001-04-19T10:10:00,1,4,19,10,10,0.71583333,22.63333333,47.68750000,0.64112718
2001-04-19T10:20:00,1,4,19,10,20,0.72566667,22.86666667,48.26500000,0.64800655
2001-04-19T10:30:00,1,4,19,10,30,0.73550000,23.10000000,48.84250000,0.65483367
2001-04-19T10:40:00,1,4,19,10,40,0.74533333,23.33333333,49.42000000,0.66160855
2001-04-19T10:50:00,1,4,19,10,50,0.75516667,23.56666667,49.99750000,0.66833118
2001-04-19T11:00:00,1,4,19,11,0,0.76500000,23.80000000,50.57500000,0.67500158
2001-04-19T11:10:00,1,4,19,11,10,0.78533333,24.03333333,51.52000000,0.68952895
2001-04-19T11:20:00,1,4,19,11,20,0.80566667,24.26666667,52.46500000,0.70387955
2001-04-19T11:30:00,1,4,19,11,30,0.82600000,24.50000000,53.41000000,0.71805336
2001-04-19T11:40:00,1,4,19,11,40,0.84633333,24.73333333,54.35500000,0.73205040
2001-04-19T11:50:00,1,4,19,11,50,0.86666667,24.96666667,55.30000000,0.74587067
2001-04-19T12:00:00,1,4,19,12,0,0.88700000,25.20000000,56.24500000,0.75951415
2001-04-19T12:10:00,1,4,19,12,10,0.85166667,25.33333333,55.14166667,0.73358166
2001-04-19T12:20:00,1,4,19,12,20,0.81633333,25.46666667,54.03833333,0.70729052
2001-04-19T12:30:00,1,4,19,12,30,0.78100000,25.60000000,52.93500000,0.68064072
2001-04-19T12:40:00,1,4,19,12,40,0.74566667,25.73333333,51.83166667,0.65363226
2001-04-19T12:50:00,1,4,19,12,50,0.71033333,25.86666667,50.72833333,0.62626515
2001-04-19T13:00:00,1,4,19,13,0,0.67500000,26.00000000,49.62500000,0.59853937
2001-04-19T13:10:00,1,4,19,13,10,0.64416667,25.83333333,48.37916667,0.57489030
2001-04-19T13:20:00,1,4,19,13,20,0.61333333,25.66666667,47.13333333,0.55088782
2001-04-19T13:30:00,1,4,19,13,30,0.58250000,25.50000000,45.88750000,0.52653194
2001-04-19T13:40:00,1,4,19,13,40,0.55166667,25.33333333,44.64166667,0.50182266
2001-04-19T13:50:00,1,4,19,13,50,0.52083333,25.16666667,43.39583333,0.47675998
2001-04-19T14:00:00,1,4,19,14,0,0.49000000,25.00000000,42.15000000,0.45134390
2001-04-19T14:10:00,1,4,19,14,10,0.47783333,24.80000000,41.52416667,0.44151266
2001-04-19T14:20:00,1,4,19,14,20,0.46566667,24.60000000,40.89833333,0.43161138
2001-04-19T14:30:00,1,4,19,14,30,0.45350000,24.40000000,40.27250000,0.42164004
2001-04-19T14:40:00,1,4,19,14,40,0.44133333,24.20000000,39.64666667,0.41159865
2001-04-19T14:50:00,1,4,19,14,50,0.42916667,24.00000000,39.02083333,0.40148720
2001-04-19T15:00:00,1,4,19,15,0,0.41700000,23.80000000,38.39500000,0.39130571
2001-04-19T15:10:00,1,4,19,15,10,0.37933333,23.73333333,37.01000000,0.35837668
2001-04-19T15:20:00,1,4,19,15,20,0.34166667,23.66666667,35.62500000,0.32496771
2001-04-19T15:30:00,1,4,19,15,30,0.30400000,23.60000000,34.24000000,0.29107878
2001-04-19T15:40:00,1,4,19,15,40,0.26633333,23.53333333,32.85500000,0.25670991
2001-04-19T15:50:00,1,4,19,15,50,0.22866667,23.46666667,31.47000000,0.22186109
2001-04-19T16:00:00,1,4,19,16,0,0.19100000,23.40000000,30.08500000,0.18653232
2001-04-19T16:10:00,1,4,19,16,10,0.16516667,23.06666667,28.84750000,0.16224346
2001-04-19T16:20:00,1,4,19,16,20,0.13933333,22.73333333,27.61000000,0.13766050
2001-04-19T16:30:00,1,4,19,16,30,0.11350000,22.40000000,26.37250000,0.11278342
2001-04-19T16:40:00,1,4,19,16,40,0.08766667,22.06666667,25.13500000,0.08761223
2001-04-19T16:50:00,1,4,19,16,50,0.06183333,21.73333333,23.89750000,0.06214692
2001-04-19T17:00:00,1,4,19,17,0,0.03600000,21.40000000,22.66000000,0.03638750
2001-04-19T17:10:00,1,4,19,17,10,0.03000000,21.30000000,22.35000000,0.03036570
2001-04-19T17:20:00,1,4,19,17,20,0.02400000,21.20000000,22.04000000,0.02432678
2001-04-19T17:30:00,1,4,19,17,30,0.01800000,21.10000000,21.73000000,0.01827076
2001-04-19T17:40:00,1,4,19,17,40,0.01200000,21.00000000,21.42000000,0.01219762
2001-04-19T17:50:00,1,4,19,17,50,0.00600000,20.90000000,21.11000000,0.00610736
2001-04-19T18:00:00,1,4,19,18,0,0.00000000,20.80000000,20.80000000,0.00000000
2001-04-19T18:10:00,1,4,19,18,10,0.00000000,20.70000000,20.70000000,0.00000000
2001-04-19T18:20:00,1,4,19,18,20,0.00000000,20.60000000,20.60000000,0.00000000
2001-04-19T18:30:00,1,4,19,18,30,0.00000000,20.50000000,20.50000000,0.00000000
2001-04-19T18:40:00,1,4,19,18,40,0.00000000,20.40000000,20.40000000,0.00000000
2001-04-19T18:50:00,1,4,19,18,50,0.00000000,20.30000000,20.30000000,0.00000000
2001-04-19T19:00:00,1,4,19,19,0,0.00000000,20.20000000,20.20000000,0.00000000
2001-04-19T19:10:00,1,4,19,19,10,0.00000000,20.03333333,20.03333333,0.00000000
2001-04-19T19:20:00,1,4,19,19,20,0.00000000,19.86666667,19.86666667,0.00000000
2001-04-19T19:30:00,1,4,19,19,30,0.00000000,19.70000000,19.70000000,0.00000000
2001-04-19T19:40:00,1,4,19,19,40,0.00000000,19.53333333,19.53333333,0.00000000
2001-04-19T19:50:00,1,4,19,19,50,0.00000000,19.36666667,19.36666667,0.00000000
2001-04-19T20:00:00,1,4,19,20,0,0.00000000,19.20000000,19.20000000,0.00000000
2001-04-19T20:10:00,1,4,19,20,10,0.00000000,19.11666667,19.11666667,0.00000000
2001-04-19T20:20:00,1,4,19,20,20,0.00000000,19.03333333,19.03333333,0.00000000
2001-04-19T20:30:00,1,4,19,20,30,0.00000000,18.95000000,18.95000000,0.00000000
2001-04-19T20:40:00,1,4,19,20,40,0.00000000,18.86666667,18.86666667,0.00000000
2001-04-19T20:50:00,1,4,19,20,50,0.00000000,18.78333333,18.78333333,0.00000000
2001-04-19T21:00:00,1,4,19,21,0,0.00000000,18.70000000,18.70000000,0.00000000
2001-04-19T21:10:00,1,4,19,21,10,0.00000000,18.66666667,18.66666667,0.00000000
2001-04-19T21:20:00,1,4,19,21,20,0.00000000,18.63333333,18.63333333,0.00000000
2001-04-19T21:30:00,1,4,19,21,30,0.00000000,18.60000000,18.60000000,0.00000000
2001-04-19T21:40:00,1,4,19,21,40,0.00000000,18.56666667,18.56666667,0.00000000
2001-04-19T21:50:00,1,4,19,21,50,0.00000000,18.53333333,18.53333333,0.00000000
2001-04-19T22:00:00,1,4,19,22,0,0.00000000,18.50000000,18.50000000,0.00000000
2001-04-19T22:10:00,1,4,19,22,10,0.00000000,18.35000000,18.35000000,0.00000000
2001-04-19T22:20:00,1,4,19,22,20,0.00000000,18.20000000,18.20000000,0.00000000
2001-04-19T22:30:00,1,4,19,22,30,0.00000000,18.05000000,18.05000000,0.00000000
2001-04-19T22:40:00,1,4,19,22,40,0.00000000,17.90000000,17.90000000,0.00000000
2001-04-19T22:50:00,1,4,19,22,50,0.00000000,17.75000000,17.75000000,0.00000000
2001-04-19T23:00:00,1,4,19,23,0,0.00000000,17.60000000,17.60000000,0.00000000
2001-04-19T23:10:00,1,4,19,23,10,0.00000000,17.68333333,17.68333333,0.00000000
2001-04-19T23:20:00,1,4,19,23,20,0.00000000,17.76666667,17.76666667,0.00000000
2001-04-19T23:30:00,1,4,19,23,30,0.00000000,17.85000000,17.85000000,0.00000000
2001-04-19T23:40:00,1,4,19,23,40,0.00000000,17.93333333,17.93333333,0.00000000
2001-04-19T23:50:00,1,4,19,23,50,0.00000000,18.01666667,18.01666667,0.00000000
2001-04-20T00:00:00,1,4,20,0,0,0.00000000,18.10000000,18.10000000,0.00000000
2001-04-20T00:10:00,1,4,20,0,10,0.00000000,18.06666667,18.06666667,0.00000000
2001-04-20T00:20:00,1,4,20,0,20,0.00000000,18.03333333,18.03333333,0.00000000
2001-04-20T00:30:00,1,4,20,0,30,0.00000000,18.00000000,18.00000000,0.00000000
2001-04-20T00:40:00,1,4,20,0,40,0.00000000,17.96666667,17.96666667,0.00000000
2001-04-20T00:50:00,1,4,20,0,50,0.00000000,17.93333333,17.93333333,0.00000000
2001-04-20T01:00:00,1,4,20,1,0,0.00000000,17.90000000,17.90000000,0.00000000
2001-04-20T01:10:00,1,4,20,1,10,0.00000000,17.86666667,17.86666667,0.00000000
2001-04-20T01:20:00,1,4,20,1,20,0.00000000,17.83333333,17.83333333,0.00000000
2001-04-20T01:30:00,1,4,20,1,30,0.00000000,17.80000000,17.80000000,0.00000000
2001-04-20T01:40:00,1,4,20,1,40,0.00000000,17.76666667,17.76666667,0.00000000
2001-04-20T01:50:00,1,4,20,1,50,0.00000000,17.73333333,17.73333333,0.00000000
2001-04-20T02:00:00,1,4,20,2,0,0.00000000,17.70000000,17.70000000,0.00000000
2001-04-20T02:10:00,1,4,20,2,10,0.00000000,17.63333333,17.63333333,0.00000000
2001-04-20T02:20:00,1,4,20,2,20,0.00000000,17.56666667,17.56666667,0.00000000
2001-04-20T02:30:00,1,4,20,2,30,0.00000000,17.50000000,17.50000000,0.00000000
2001-04-20T02:40:00,1,4,20,2,40,0.00000000,17.43333333,17.43333333,0.00000000
2001-04-20T02:50:00,1,4,20,2,50,0.00000000,17.36666667,17.36666667,0.00000000
2001-04-20T03:00:00,1,4,20,3,0,0.00000000,17.30000000,17.30000000,0.00000000
2001-04-20T03:10:00,1,4,20,3,10,0.00000000,17.26666667,17.26666667,0.00000000
2001-04-20T03:20:00,1,4,20,3,20,0.00000000,17.23333333,17.23333333,0.00000000
2001-04-20T03:30:00,1,4,20,3,30,0.00000000,17.20000000,17.20000000,0.00000000
2001-04-20T03:40:00,1,4,20,3,40,0.00000000,17.16666667,17.16666667,0.00000000
2001-04-20T03:50:00,1,4,20,3,50,0.00000000,17.13333333,17.13333333,0.00000000
2001-04-20T04:00:00,1,4,20,4,0,0.00000000,17.10000000,17.10000000,0.00000000
2001-04-20T04:10:00,1,4,20,4,10,0.00000000,17.05000000,17.05000000,0.00000000
2001-04-20T04:20:00,1,4,20,4,20,0.00000000,17.00000000,17.00000000,0.00000000
2001-04-20T04:30:00,1,4,20,4,30,0.00000000,16.95000000,16.95000000,0.00000000
2001-04-20T04:40:00,1,4,20,4,40,0.00000000,16.90000000,16.90000000,0.00000000
2001-04-20T04:50:00,1,4,20,4,50,0.00000000,16.85000000,16.85000000,0.00000000
2001-04-20T05:00:00,1,4,20,5,0,0.00000000,16.80000000,16.80000000,0.00000000
2001-04-20T05:10:00,1,4,20,5,10,0.00383333,16.76666667,16.90083333,0.00397615
2001-04-20T05:20:00,1,4,20,5,20,0.00766667,16.73333333,17.00166667,0.00794874
2001-04-20T05:30:00,1,4,20,5,30,0.01150000,16.70000000,17.10250000,0.01191778
2001-04-20T05:40:00,1,4,20,5,40,0.01533333,16.66666667,17.20333333,0.01588326
2001-04-20T05:50:00,1,4,20,5,50,0.01916667,16.63333333,17.30416667,0.01984518
2001-04-20T06:00:00,1,4,20,6,0,0.02300000,16.60000000,17.40500000,0.02380355
2001-04-20T06:10:00,1,4,20,6,10,0.03183333,16.90000000,18.01416667,0.03285629
2001-04-20T06:20:00,1,4,20,6,20,0.04066667,17.20000000,18.62333333,0.04185953
2001-04-20T06:30:00,1,4,20,6,30,0.04950000,17.50000000,19.23250000,0.05081326
2001-04-20T06:40:00,1,4,20,6,40,0.05833333,17.80000000,19.84166667,0.05971749
2001-04-20T06:50:00,1,4,20,6,50,0.06716667,18.10000000,20.45083333,0.06857221
2001-04-20T07:00:00,1,4,20,7,0,0.07600000,18.40000000,21.06000000,0.07737742
2001-04-20T07:10:00,1,4,20,7,10,0.10266667,18.61666667,22.21000000,0.10398429
2001-04-20T07:20:00,1,4,20,7,20,0.12933333,18.83333333,23.36000000,0.13030902
2001-04-20T07:30:00,1,4,20,7,30,0.15600000,19.05000000,24.51000000,0.15635162
2001-04-20T07:40:00,1,4,20,7,40,0.18266667,19.26666667,25.66000000,0.18211209
2001-04-20T07:50:00,1,4,20,7,50,0.20933333,19.48333333,26.81000000,0.20759042
2001-04-20T08:00:00,1,4,20,8,0,0.23600000,19.70000000,27.96000000,0.23278662
2001-04-20T08:10:00,1,4,20,8,10,0.25816667,19.98333333,29.01916667,0.25339364
2001-04-20T08:20:00,1,4,20,8,20,0.28033333,20.26666667,30.07833333,0.27378465
2001-04-20T08:30:00,1,4,20,8,30,0.30250000,20.55000000,31.13750000,0.29395967
2001-04-20T08:40:00,1,4,20,8,40,0.32466667,20.83333333,32.19666667,0.31391868
2001-04-20T08:50:00,1,4,20,8,50,0.34683333,21.11666667,33.25583333,0.33366170
2001-04-20T09:00:00,1,4,20,9,0,0.36900000,21.40000000,34.31500000,0.35318872
2001-04-20T09:10:00,1,4,20,9,10,0.38800000,21.66666667,35.24666667,0.36971175
2001-04-20T09:20:00,1,4,20,9,20,0.40700000,21.93333333,36.17833333,0.38607192
2001-04-20T09:30:00,1,4,20,9,30,0.42600000,22.20000000,37.11000000,0.40226924
2001-04-20T09:40:00,1,4,20,9,40,0.44500000,22.46666667,38.04166667,0.41830371
2001-04-20T09:50:00,1,4,20,9,50,0.46400000,22.73333333,38.97333333,0.43417532
2001-04-20T10:00:00,1,4,20,10,0,0.48300000,23.00000000,39.90500000,0.44988407
2001-04-20T10:10:00,1,4,20,10,10,0.51050000,23.30000000,41.16750000,0.47253386
2001-04-20T10:20:00,1,4,20,10,20,0.53800000,23.60000000,42.43000000,0.49486424
2001-04-20T10:30:00,1,4,20,10,30,0.56550000,23.90000000,43.69250000,0.51687520
2001-04-20T10:40:00,1,4,20,10,40,0.59300000,24.20000000,44.95500000,0.53856675
2001-04-20T10:50:00,1,4,20,10,50,0.62050000,24.50000000,46.21750000,0.55993889
2001-04-20T11:00:00,1,4,20,11,0,0.64800000,24.80000000,47.48000000,0.58099162
2001-04-20T11:10:00,1,4,20,11,10,0.66733333,25.21666667,48.57333333,0.59496949
2001-04-20T11:20:00,1,4,20,11,20,0.68666667,25.63333333,49.66666667,0.60875289
2001-04-20T11:30:00,1,4,20,11,30,0.70600000,26.05000000,50.76000000,0.62234182
2001-04-20T11:40:00,1,4,20,11,40,0.72533333,26.46666667,51.85333333,0.63573629
2001-04-20T11:50:00,1,4,20,11,50,0.74466667,26.88333333,52.94666667,0.64893629
2001-04-20T12:00:00,1,4,20,12,0,0.76400000,27.30000000,54.04000000,0.66194182
2001-04-20T12:10:00,1,4,20,12,10,0.72366667,27.38333333,52.71166667,0.63141822
2001-04-20T12:20:00,1,4,20,12,20,0.68333333,27.46666667,51.38333333,0.60040172
2001-04-20T12:30:00,1,4,20,12,30,0.64300000,27.55000000,50.05500000,0.56889232
2001-04-20T12:40:00,1,4,20,12,40,0.60266667,27.63333333,48.72666667,0.53689002
2001-04-20T12:50:00,1,4,20,12,50,0.56233333,27.71666667,47.39833333,0.50439482
2001-04-20T13:00:00,1,4,20,13,0,0.52200000,27.80000000,46.07000000,0.47140672
2001-04-20T13:10:00,1,4,20,13,10,0.53683333,27.55000000,46.33916667,0.48413768
2001-04-20T13:20:00,1,4,20,13,20,0.55166667,27.30000000,46.60833333,0.49683192
2001-04-20T13:30:00,1,4,20,13,30,0.56650000,27.05000000,46.87750000,0.50948942
2001-04-20T13:40:00,1,4,20,13,40,0.58133333,26.80000000,47.14666667,0.52211019
2001-04-20T13:50:00,1,4,20,13,50,0.59616667,26.55000000,47.41583333,0.53469423
2001-04-20T14:00:00,1,4,20,14,0,0.61100000,26.30000000,47.68500000,0.54724154
2001-04-20T14:10:00,1,4,20,14,10,0.57650000,26.41666667,46.59416667,0.51923443
2001-04-20T14:20:00,1,4,20,14,20,0.54200000,26.53333333,45.50333333,0.49088109
2001-04-20T14:30:00,1,4,20,14,30,0.50750000,26.65000000,44.41250000,0.46218152
2001-04-20T14:40:00,1,4,20,14,40,0.47300000,26.76666667,43.32166667,0.43313572
2001-04-20T14:50:00,1,4,20,14,50,0.43850000,26.88333333,42.23083333,0.40374369
2001-04-20T15:00:00,1,4,20,15,0,0.40400000,27.00000000,41.14000000,0.37400542
2001-04-20T15:10:00,1,4,20,15,10,0.35783333,26.56666667,39.09083333,0.33463935
2001-04-20T15:20:00,1,4,20,15,20,0.31166667,26.13333333,37.04166667,0.29440293
2001-04-20T15:30:00,1,4,20,15,30,0.26550000,25.70000000,34.99250000,0.25329616
2001-04-20T15:40:00,1,4,20,15,40,0.21933333,25.26666667,32.94333333,0.21131904
2001-04-20T15:50:00,1,4,20,15,50,0.17316667,24.83333333,30.89416667,0.16847157
2001-04-20T16:00:00,1,4,20,16,0,0.12700000,24.40000000,28.84500000,0.12475375
2001-04-20T16:10:00,1,4,20,16,10,0.11033333,23.88333333,27.74500000,0.10894015
2001-04-20T16:20:00,1,4,20,16,20,0.09366667,23.36666667,26.64500000,0.09295789
2001-04-20T16:30:00,1,4,20,16,30,0.07700000,22.85000000,25.54500000,0.07680696
2001-04-20T16:40:00,1,4,20,16,40,0.06033333,22.33333333,24.44500000,0.06048736
2001-04-20T16:50:00,1,4,20,16,50,0.04366667,21.81666667,23.34500000,0.04399910
2001-04-20T17:00:00,1,4,20,17,0,0.02700000,21.30000000,22.24500000,0.02734217
2001-04-20T17:10:00,1,4,20,17,10,0.02250000,21.18333333,21.97083333,0.02281352
2001-04-20T17:20:00,1,4,20,17,20,0.01800000,21.06666667,21.69666667,0.01827352
2001-04-20T17:30:00,1,4,20,17,30,0.01350000,20.95000000,21.42250000,0.01372216
2001-04-20T17:40:00,1,4,20,17,40,0.00900000,20.83333333,21.14833333,0.00915946
2001-04-20T17:50:00,1,4,20,17,50,0.00450000,20.71666667,20.87416667,0.00458540
2001-04-20T18:00:00,1,4,20,18,0,0.00000000,20.60000000,20.60000000,0.00000000
2001-04-20T18:10:00,1,4,20,18,10,0.00000000,20.40000000,20.40000000,0.00000000
2001-04-20T18:20:00,1,4,20,18,20,0.00000000,20.20000000,20.20000000,0.00000000
2001-04-20T18:30:00,1,4,20,18,30,0.00000000,20.00000000,20.00000000,0.00000000
2001-04-20T18:40:00,1,4,20,18,40,0.00000000,19.80000000,19.80000000,0.00000000
2001-04-20T18:50:00,1,4,20,18,50,0.00000000,19.60000000,19.60000000,0.00000000
2001-04-20T19:00:00,1,4,20,19,0,0.00000000,19.40000000,19.40000000,0.00000000
2001-04-20T19:10:00,1,4,20,19,10,0.00000000,19.31666667,19.31666667,0.00000000
2001-04-20T19:20:00,1,4,20,19,20,0.00000000,19.23333333,19.23333333,0.00000000
2001-04-20T19:30:00,1,4,20,19,30,0.00000000,19.15000000,19.15000000,0.00000000
2001-04-20T19:40:00,1,4,20,19,40,0.00000000,19.06666667,19.06666667,0.00000000
2001-04-20T19:50:00,1,4,20,19,50,0.00000000,18.98333333,18.98333333,0.00000000
2001-04-20T20:00:00,1,4,20,20,0,0.00000000,18.90000000,18.90000000,0.00000000
2001-04-20T20:10:00,1,4,20,20,10,0.00000000,18.78333333,18.78333333,0.00000000
2001-04-20T20:20:00,1,4,20,20,20,0.00000000,18.66666667,18.66666667,0.00000000
2001-04-20T20:30:00,1,4,20,20,30,0.00000000,18.55000000,18.55000000,0.00000000
2001-04-20T20:40:00,1,4,20,20,40,0.00000000,18.43333333,18.43333333,0.00000000
2001-04-20T20:50:00,1,4,20,20,50,0.00000000,18.31666667,18.31666667,0.00000000
2001-04-20T21:00:00,1,4,20,21,0,0.00000000,18.20000000,18.20000000,0.00000000
2001-04-20T21:10:00,1,4,20,21,10,0.00000000,18.18333333,18.18333333,0.00000000
2001-04-20T21:20:00,1,4,20,21,20,0.00000000,18.16666667,18.16666667,0.00000000
2001-04-20T21:30:00,1,4,20,21,30,0.00000000,18.15000000,18.15000000,0.00000000
2001-04-20T21:40:00,1,4,20,21,40,0.00000000,18.13333333,18.13333333,0.00000000
2001-04-20T21:50:00,1,4,20,21,50,0.00000000,18.11666667,18.11666667,0.00000000
2001-04-20T22:00:00,1,4,20,22,0,0.00000000,18.10000000,18.10000000,0.00000000
2001-04-20T22:10:00,1,4,20,22,10,0.00000000,17.96666667,17.96666667,0.00000000
2001-04-20T22:20:00,1,4,20,22,20,0.00000000,17.83333333,17.83333333,0.00000000
2001-04-20T22:30:00,1,4,20,22,30,0.00000000,17.70000000,17.70000000,0.00000000
2001-04-20T22:40:00,1,4,20,22,40,0.00000000,17.56666667,17.56666667,0.00000000
2001-04-20T22:50:00,1,4,20,22,50,0.00000000,17.43333333,17.43333333,0.00000000
2001-04-20T23:00:00,1,4,20,23,0,0.00000000,17.30000000,17.30000000,0.00000000
2001-04-20T23:10:00,1,4,20,23,10,0.00000000,17.28333333,17.28333333,0.00000000
2001-04-20T23:20:00,1,4,20,23,20,0.00000000,17.26666667,17.26666667,0.00000000
2001-04-20T23:30:00,1,4,20,23,30,0.00000000,17.25000000,17.25000000,0.00000000
2001-04-20T23:40:00,1,4,20,23,40,0.00000000,17.23333333,17.23333333,0.00000000
2001-04-20T23:50:00,1,4,20,23,50,0.00000000,17.21666667,17.21666667,0.00000000
2001-04-21T00:00:00,1,4,21,0,0,0.00000000,17.20000000,17.20000000,0.00000000
2001-04-21T00:10:00,1,4,21,0,10,0.00000000,17.20000000,17.20000000,0.00000000
2001-04-21T00:20:00,1,4,21,0,20,0.00000000,17.20000000,17.20000000,0.00000000
2001-04-21T00:30:00,1,4,21,0,30,0.00000000,17.20000000,17.20000000,0.00000000
2001-04-21T00:40:00,1,4,21,0,40,0.00000000,17.20000000,17.20000000,0.00000000
2001-04-21T00:50:00,1,4,21,0,50,0.00000000,17.20000000,17.20000000,0.00000000
2001-04-21T01:00:00,1,4,21,1,0,0.00000000,17.20000000,17.20000000,0.00000000
2001-04-21T01:10:00,1,4,21,1,10,0.00000000,17.16666667,17.16666667,0.00000000
2001-04-21T01:20:00,1,4,21,1,20,0.00000000,17.13333333,17.13333333,0.00000000
2001-04-21T01:30:00,1,4,21,1,30,0.00000000,17.10000000,17.10000000,0.00000000
2001-04-21T01:40:00,1,4,21,1,40,0.00000000,17.06666667,17.06666667,0.00000000
2001-04-21T01:50:00,1,4,21,1,50,0.00000000,17.03333333,17.03333333,0.00000000
2001-04-21T02:00:00,1,4,21,2,0,0.00000000,17.00000000,17.00000000,0.00000000
2001-04-21T02:10:00,1,4,21,2,10,0.00000000,17.01666667,17.01666667,0.00000000
2001-04-21T02:20:00,1,4,21,2,20,0.00000000,17.03333333,17.03333333,0.00000000
2001-04-21T02:30:00,1,4,21,2,30,0.00000000,17.05000000,17.05000000,0.00000000
2001-04-21T02:40:00,1,4,21,2,40,0.00000000,17.06666667,17.06666667,0.00000000
2001-04-21T02:50:00,1,4,21,2,50,0.00000000,17.08333333,17.08333333,0.00000000
2001-04-21T03:00:00,1,4,21,3,0,0.00000000,17.10000000,17.10000000,0.00000000
2001-04-21T03:10:00,1,4,21,3,10,0.00000000,17.06666667,17.06666667,0.00000000
2001-04-21T03:20:00,1,4,21,3,20,0.00000000,17.03333333,17.03333333,0.00000000
2001-04-21T03:30:00,1,4,21,3,30,0.00000000,17.00000000,17.00000000,0.00000000
2001-04-21T03:40:00,1,4,21,3,40,0.00000000,16.96666667,16.96666667,0.00000000
2001-04-21T03:50:00,1,4,21,3,50,0.00000000,16.93333333,16.93333333,0.00000000
2001-04-21T04:00:00,1,4,21,4,0,0.00000000,16.90000000,16.90000000,0.00000000
2001-04-21T04:10:00,1,4,21,4,10,0.00000000,16.98333333,16.98333333,0.00000000
2001-04-21T04:20:00,1,4,21,4,20,0.00000000,17.06666667,17.06666667,0.00000000
2001-04-21T04:30:00,1,4,21,4,30,0.00000000,17.15000000,17.15000000,0.00000000
2001-04-21T04:40:00,1,4,21,4,40,0.00000000,17.23333333,17.23333333,0.00000000
2001-04-21T04:50:00,1,4,21,4,50,0.00000000,17.31666667,17.31666667,0.00000000
2001-04-21T05:00:00,1,4,21,5,0,0.00000000,17.40000000,17.40000000,0.00000000
2001-04-21T05:10:00,1,4,21,5,10,0.00366667,17.35000000,17.47833333,0.00379353
2001-04-21T05:20:00,1,4,21,5,20,0.00733333,17.30000000,17.55666667,0.00758442
2001-04-21T05:30:00,1,4,21,5,30,0.01100000,17.25000000,17.63500000,0.01137267
2001-04-21T05:40:00,1,4,21,5,40,0.01466667,17.20000000,17.71333333,0.01515827
2001-04-21T05:50:00,1,4,21,5,50,0.01833333,17.15000000,17.79166667,0.01894124
2001-04-21T06:00:00,1,4,21,6,0,0.02200000,17.10000000,17.87000000,0.02272156
2001-04-21T06:10:00,1,4,21,6,10,0.04383333,17.30000000,18.83416667,0.04507657
2001-04-21T06:20:00,1,4,21,6,20,0.06566667,17.50000000,19.79833333,0.06723792
2001-04-21T06:30:00,1,4,21,6,30,0.08750000,17.70000000,20.76250000,0.08920559
2001-04-21T06:40:00,1,4,21,6,40,0.10933333,17.90000000,21.72666667,0.11097960
2001-04-21T06:50:00,1,4,21,6,50,0.13116667,18.10000000,22.69083333,0.13255994
2001-04-21T07:00:00,1,4,21,7,0,0.15300000,18.30000000,23.65500000,0.15394661
2001-04-21T07:10:00,1,4,21,7,10,0.16966667,18.48333333,24.42166667,0.17011804
2001-04-21T07:20:00,1,4,21,7,20,0.18633333,18.66666667,25.18833333,0.18617191
2001-04-21T07:30:00,1,4,21,7,30,0.20300000,18.85000000,25.95500000,0.20210822
2001-04-21T07:40:00,1,4,21,7,40,0.21966667,19.03333333,26.72166667,0.21792698
2001-04-21T07:50:00,1,4,21,7,50,0.23633333,19.21666667,27.48833333,0.23362818
2001-04-21T08:00:00,1,4,21,8,0,0.25300000,19.40000000,28.25500000,0.24921183
2001-04-21T08:10:00,1,4,21,8,10,0.31100000,19.61666667,30.50166667,0.30312932
2001-04-21T08:20:00,1,4,21,8,20,0.36900000,19.83333333,32.74833333,0.35584798
2001-04-21T08:30:00,1,4,21,8,30,0.42700000,20.05000000,34.99500000,0.40736782
2001-04-21T08:40:00,1,4,21,8,40,0.48500000,20.26666667,37.24166667,0.45768884
2001-04-21T08:50:00,1,4,21,8,50,0.54300000,20.48333333,39.48833333,0.50681104
2001-04-21T09:00:00,1,4,21,9,0,0.60100000,20.70000000,41.73500000,0.55473442
2001-04-21T09:10:00,1,4,21,9,10,0.60100000,21.18333333,42.21833333,0.55339820
2001-04-21T09:20:00,1,4,21,9,20,0.60100000,21.66666667,42.70166667,0.55206197
2001-04-21T09:30:00,1,4,21,9,30,0.60100000,22.15000000,43.18500000,0.55072575
2001-04-21T09:40:00,1,4,21,9,40,0.60100000,22.63333333,43.66833333,0.54938953
2001-04-21T09:50:00,1,4,21,9,50,0.60100000,23.11666667,44.15166667,0.54805330
2001-04-21T10:00:00,1,4,21,10,0,0.60100000,23.60000000,44.63500000,0.54671708
2001-04-21T10:10:00,1,4,21,10,10,0.56816667,23.68333333,43.56916667,0.51963491
2001-04-21T10:20:00,1,4,21,10,20,0.53533333,23.76666667,42.50333333,0.49223079
2001-04-21T10:30:00,1,4,21,10,30,0.50250000,23.85000000,41.43750000,0.46450472
2001-04-21T10:40:00,1,4,21,10,40,0.46966667,23.93333333,40.37166667,0.43645669
2001-04-21T10:50:00,1,4,21,10,50,0.43683333,24.01666667,39.30583333,0.40808671
2001-04-21T11:00:00,1,4,21,11,0,0.40400000,24.10000000,38.24000000,0.37939478
2001-04-21T11:10:00,1,4,21,11,10,0.46933333,23.95000000,40.37666667,0.43613614
2001-04-21T11:20:00,1,4,21,11,20,0.53466667,23.80000000,42.51333333,0.49159321
2001-04-21T11:30:00,1,4,21,11,30,0.60000000,23.65000000,44.65000000,0.54576600
2001-04-21T11:40:00,1,4,21,11,40,0.66533333,23.50000000,46.78666667,0.59865451
2001-04-21T11:50:00,1,4,21,11,50,0.73066667,23.35000000,48.92333333,0.65025875
2001-04-21T12:00:00,1,4,21,12,0,0.79600000,23.20000000,51.06000000,0.70057870
2001-04-21T12:10:00,1,4,21,12,10,0.72150000,23.61666667,48.86916667,0.64228062
2001-04-21T12:20:00,1,4,21,12,20,0.64700000,24.03333333,46.67833333,0.58248094
2001-04-21T12:30:00,1,4,21,12,30,0.57250000,24.45000000,44.48750000,0.52117967
2001-04-21T12:40:00,1,4,21,12,40,0.49800000,24.86666667,42.29666667,0.45837680
2001-04-21T12:50:00,1,4,21,12,50,0.42350000,25.28333333,40.10583333,0.39407233
2001-04-21T13:00:00,1,4,21,13,0,0.34900000,25.70000000,37.91500000,0.32826626
2001-04-21T13:10:00,1,4,21,13,10,0.35116667,25.35000000,37.64083333,0.33074709
2001-04-21T13:20:00,1,4,21,13,20,0.35333333,25.00000000,37.36666667,0.33323338
2001-04-21T13:30:00,1,4,21,13,30,0.35550000,24.65000000,37.09250000,0.33572513
2001-04-21T13:40:00,1,4,21,13,40,0.35766667,24.30000000,36.81833333,0.33822236
2001-04-21T13:50:00,1,4,21,13,50,0.35983333,23.95000000,36.54416667,0.34072504
2001-04-21T14:00:00,1,4,21,14,0,0.36200000,23.60000000,36.27000000,0.34323320
2001-04-21T14:10:00,1,4,21,14,10,0.36033333,23.55000000,36.16166667,0.34183250
2001-04-21T14:20:00,1,4,21,14,20,0.35866667,23.50000000,36.05333333,0.34043014
2001-04-21T14:30:00,1,4,21,14,30,0.35700000,23.45000000,35.94500000,0.33902612
2001-04-21T14:40:00,1,4,21,14,40,0.35533333,23.40000000,35.83666667,0.33762044
2001-04-21T14:50:00,1,4,21,14,50,0.35366667,23.35000000,35.72833333,0.33621310
2001-04-21T15:00:00,1,4,21,15,0,0.35200000,23.30000000,35.62000000,0.33480410
2001-04-21T15:10:00,1,4,21,15,10,0.30900000,23.41666667,34.23166667,0.29587811
2001-04-21T15:20:00,1,4,21,15,20,0.26600000,23.53333333,32.84333333,0.25640290
2001-04-21T15:30:00,1,4,21,15,30,0.22300000,23.65000000,31.45500000,0.21637846
2001-04-21T15:40:00,1,4,21,15,40,0.18000000,23.76666667,30.06666667,0.17580480
2001-04-21T15:50:00,1,4,21,15,50,0.13700000,23.88333333,28.67833333,0.13468191
2001-04-21T16:00:00,1,4,21,16,0,0.09400000,24.00000000,27.29000000,0.09300980
2001-04-21T16:10:00,1,4,21,16,10,0.08266667,23.61666667,26.51000000,0.08209246
2001-04-21T16:20:00,1,4,21,16,20,0.07133333,23.23333333,25.73000000,0.07109380
2001-04-21T16:30:00,1,4,21,16,30,0.06000000,22.85000000,24.95000000,0.06001380
2001-04-21T16:40:00,1,4,21,16,40,0.04866667,22.46666667,24.17000000,0.04885248
2001-04-21T16:50:00,1,4,21,16,50,0.03733333,22.08333333,23.39000000,0.03760982
2001-04-21T17:00:00,1,4,21,17,0,0.02600000,21.70000000,22.61000000,0.02628584
2001-04-21T17:10:00,1,4,21,17,10,0.02166667,21.70000000,22.45833333,0.02191999
2001-04-21T17:20:00,1,4,21,17,20,0.01733333,21.70000000,22.30666667,0.01754808
2001-04-21T17:30:00,1,4,21,17,30,0.01300000,21.70000000,22.15500000,0.01317013
2001-04-21T17:40:00,1,4,21,17,40,0.00866667,21.70000000,22.00333333,0.00878613
2001-04-21T17:50:00,1,4,21,17,50,0.00433333,21.70000000,21.85166667,0.00439609
2001-04-21T18:00:00,1,4,21,18,0,0.00000000,21.70000000,21.70000000,0.00000000
2001-04-21T18:10:00,1,4,21,18,10,0.00000000,21.66666667,21.66666667,0.00000000
2001-04-21T18:20:00,1,4,21,18,20,0.00000000,21.63333333,21.63333333,0.00000000
2001-04-21T18:30:00,1,4,21,18,30,0.00000000,21.60000000,21.60000000,0.00000000
2001-04-21T18:40:00,1,4,21,18,40,0.00000000,21.56666667,21.56666667,0.00000000
2001-04-21T18:50:00,1,4,21,18,50,0.00000000,21.53333333,21.53333333,0.00000000
2001-04-21T19:00:00,1,4,21,19,0,0.00000000,21.50000000,21.50000000,0.00000000
2001-04-21T19:10:00,1,4,21,19,10,0.00000000,21.38333333,21.38333333,0.00000000
2001-04-21T19:20:00,1,4,21,19,20,0.00000000,21.26666667,21.26666667,0.00000000
2001-04-21T19:30:00,1,4,21,19,30,0.00000000,21.15000000,21.15000000,0.00000000
2001-04-21T19:40:00,1,4,21,19,40,0.00000000,21.03333333,21.03333333,0.00000000
2001-04-21T19:50:00,1,4,21,19,50,0.00000000,20.91666667,20.91666667,0.00000000
2001-04-21T20:00:00,1,4,21,20,0,0.00000000,20.80000000,20.80000000,0.00000000
2001-04-21T20:10:00,1,4,21,20,10,0.00000000,20.68333333,20.68333333,0.00000000
2001-04-21T20:20:00,1,4,21,20,20,0.00000000,20.56666667,20.56666667,0.00000000
2001-04-21T20:30:00,1,4,21,20,30,0.00000000,20.45000000,20.45000000,0.00000000
2001-04-21T20:40:00,1,4,21,20,40,0.00000000,20.33333333,20.33333333,0.00000000
2001-04-21T20:50:00,1,4,21,20,50,0.00000000,20.21666667,20.21666667,0.00000000
2001-04-21T21:00:00,1,4,21,21,0,0.00000000,20.10000000,20.10000000,0.00000000
2001-04-21T21:10:00,1,4,21,21,10,0.00000000,20.03333333,20.03333333,0.00000000
2001-04-21T21:20:00,1,4,21,21,20,0.00000000,19.96666667,19.96666667,0.00000000
2001-04-21T21:30:00,1,4,21,21,30,0.00000000,19.90000000,19.90000000,0.00000000
2001-04-21T21:40:00,1,4,21,21,40,0.00000000,19.83333333,19.83333333,0.00000000
2001-04-21T21:50:00,1,4,21,21,50,0.00000000,19.76666667,19.76666667,0.00000000
2001-04-21T22:00:00,1,4,21,22,0,0.00000000,19.70000000,19.70000000,0.00000000
2001-04-21T22:10:00,1,4,21,22,10,0.00000000,19.68333333,19.68333333,0.00000000
2001-04-21T22:20:00,1,4,21,22,20,0.00000000,19.66666667,19.66666667,0.00000000
2001-04-21T22:30:00,1,4,21,22,30,0.00000000,19.65000000,19.65000000,0.00000000
2001-04-21T22:40:00,1,4,21,22,40,0.00000000,19.63333333,19.63333333,0.00000000
2001-04-21T22:50:00,1,4,21,22,50,0.00000000,19.61666667,19.61666667,0.00000000
2001-04-21T23:00:00,1,4,21,23,0,0.00000000,19.60000000,19.60000000,0.00000000
2001-04-21T23:10:00,1,4,21,23,10,0.00000000,19.61666667,19.61666667,0.00000000
2001-04-21T23:20:00,1,4,21,23,20,0.00000000,19.63333333,19.63333333,0.00000000
2001-04-21T23:30:00,1,4,21,23,30,0.00000000,19.65000000,19.65000000,0.00000000
2001-04-21T23:40:00,1,4,21,23,40,0.00000000,19.66666667,19.66666667,0.00000000
2001-04-21T23:50:00,1,4,21,23,50,0.00000000,19.68333333,19.68333333,0.00000000
2001-04-22T00:00:00,1,4,22,0,0,0.00000000,19.70000000,19.70000000,0.00000000
2001-04-22T00:10:00,1,4,22,0,10,0.00000000,19.65000000,19.65000000,0.00000000
2001-04-22T00:20:00,1,4,22,0,20,0.00000000,19.60000000,19.60000000,0.00000000
2001-04-22T00:30:00,1,4,22,0,30,0.00000000,19.55000000,19.55000000,0.00000000
2001-04-22T00:40:00,1,4,22,0,40,0.00000000,19.50000000,19.50000000,0.00000000
2001-04-22T00:50:00,1,4,22,0,50,0.00000000,19.45000000,19.45000000,0.00000000
2001-04-22T01:00:00,1,4,22,1,0,0.00000000,19.40000000,19.40000000,0.00000000
2001-04-22T01:10:00,1,4,22,1,10,0.00000000,19.33333333,19.33333333,0.00000000
2001-04-22T01:20:00,1,4,22,1,20,0.00000000,19.26666667,19.26666667,0.00000000
2001-04-22T01:30:00,1,4,22,1,30,0.00000000,19.20000000,19.20000000,0.00000000
2001-04-22T01:40:00,1,4,22,1,40,0.00000000,19.13333333,19.13333333,0.00000000
2001-04-22T01:50:00,1,4,22,1,50,0.00000000,19.06666667,19.06666667,0.00000000
2001-04-22T02:00:00,1,4,22,2,0,0.00000000,19.00000000,19.00000000,0.00000000
2001-04-22T02:10:00,1,4,22,2,10,0.00000000,18.95000000,18.95000000,0.00000000
2001-04-22T02:20:00,1,4,22,2,20,0.00000000,18.90000000,18.90000000,0.00000000
2001-04-22T02:30:00,1,4,22,2,30,0.00000000,18.85000000,18.85000000,0.00000000
2001-04-22T02:40:00,1,4,22,2,40,0.00000000,18.80000000,18.80000000,0.00000000
2001-04-22T02:50:00,1,4,22,2,50,0.00000000,18.75000000,18.75000000,0.00000000
2001-04-22T03:00:00,1,4,22,3,0,0.00000000,18.70000000,18.70000000,0.00000000
2001-04-22T03:10:00,1,4,22,3,10,0.00000000,18.66666667,18.66666667,0.00000000
2001-04-22T03:20:00,1,4,22,3,20,0.00000000,18.63333333,18.63333333,0.00000000
2001-04-22T03:30:00,1,4,22,3,30,0.00000000,18.60000000,18.60000000,0.00000000
2001-04-22T03:40:00,1,4,22,3,40,0.00000000,18.56666667,18.56666667,0.00000000
2001-04-22T03:50:00,1,4,22,3,50,0.00000000,18.53333333,18.53333333,0.00000000
2001-04-22T04:00:00,1,4,22,4,0,0.00000000,18.50000000,18.50000000,0.00000000
2001-04-22T04:10:00,1,4,22,4,10,0.00000000,18.43333333,18.43333333,0.00000000
2001-04-22T04:20:00,1,4,22,4,20,0.00000000,18.36666667,18.36666667,0.00000000
2001-04-22T04:30:00,1,4,22,4,30,0.00000000,18.30000000,18.30000000,0.00000000
2001-04-22T04:40:00,1,4,22,4,40,0.00000000,18.23333333,18.23333333,0.00000000
2001-04-22T04:50:00,1,4,22,4,50,0.00000000,18.16666667,18.16666667,0.00000000
2001-04-22T05:00:00,1,4,22,5,0,0.00000000,18.10000000,18.10000000,0.00000000
2001-04-22T05:10:00,1,4,22,5,10,0.00383333,18.15000000,18.28416667,0.00395176
2001-04-22T05:20:00,1,4,22,5,20,0.00766667,18.20000000,18.46833333,0.00789702
2001-04-22T05:30:00,1,4,22,5,30,0.01150000,18.25000000,18.65250000,0.01183578
2001-04-22T05:40:00,1,4,22,5,40,0.01533333,18.30000000,18.83666667,0.01576805
2001-04-22T05:50:00,1,4,22,5,50,0.01916667,18.35000000,19.02083333,0.01969383
2001-04-22T06:00:00,1,4,22,6,0,0.02300000,18.40000000,19.20500000,0.02361311
2001-04-22T06:10:00,1,4,22,6,10,0.03250000,18.56666667,19.70416667,0.03329173
2001-04-22T06:20:00,1,4,22,6,20,0.04200000,18.73333333,20.20333333,0.04292672
2001-04-22T06:30:00,1,4,22,6,30,0.05150000,18.90000000,20.70250000,0.05251808
2001-04-22T06:40:00,1,4,22,6,40,0.06100000,19.06666667,21.20166667,0.06206581
2001-04-22T06:50:00,1,4,22,6,50,0.07050000,19.23333333,21.70083333,0.07156992
2001-04-22T07:00:00,1,4,22,7,0,0.08000000,19.40000000,22.20000000,0.08103040
2001-04-22T07:10:00,1,4,22,7,10,0.10533333,19.63333333,23.32000000,0.10614735
2001-04-22T07:20:00,1,4,22,7,20,0.13066667,19.86666667,24.44000000,0.13100326
2001-04-22T07:30:00,1,4,22,7,30,0.15600000,20.10000000,25.56000000,0.15559814
2001-04-22T07:40:00,1,4,22,7,40,0.18133333,20.33333333,26.68000000,0.17993199
2001-04-22T07:50:00,1,4,22,7,50,0.20666667,20.56666667,27.80000000,0.20400480
2001-04-22T08:00:00,1,4,22,8,0,0.23200000,20.80000000,28.92000000,0.22781658
2001-04-22T08:10:00,1,4,22,8,10,0.25950000,21.08333333,30.16583333,0.25333354
2001-04-22T08:20:00,1,4,22,8,20,0.28700000,21.36666667,31.41166667,0.27853532
2001-04-22T08:30:00,1,4,22,8,30,0.31450000,21.65000000,32.65750000,0.30342189
2001-04-22T08:40:00,1,4,22,8,40,0.34200000,21.93333333,33.90333333,0.32799328
2001-04-22T08:50:00,1,4,22,8,50,0.36950000,22.21666667,35.14916667,0.35224946
2001-04-22T09:00:00,1,4,22,9,0,0.39700000,22.50000000,36.39500000,0.37619045
2001-04-22T09:10:00,1,4,22,9,10,0.44133333,23.00000000,38.44666667,0.41403481
2001-04-22T09:20:00,1,4,22,9,20,0.48566667,23.50000000,40.49833333,0.45104236
2001-04-22T09:30:00,1,4,22,9,30,0.53000000,24.00000000,42.55000000,0.48721310
2001-04-22T09:40:00,1,4,22,9,40,0.57433333,24.50000000,44.60166667,0.52254704
2001-04-22T09:50:00,1,4,22,9,50,0.61866667,25.00000000,46.65333333,0.55704417
2001-04-22T10:00:00,1,4,22,10,0,0.66300000,25.50000000,48.70500000,0.59070449
2001-04-22T10:10:00,1,4,22,10,10,0.66333333,26.06666667,49.28333333,0.58923679
2001-04-22T10:20:00,1,4,22,10,20,0.66366667,26.63333333,49.86166667,0.58776731
2001-04-22T10:30:00,1,4,22,10,30,0.66400000,27.20000000,50.44000000,0.58629606
2001-04-22T10:40:00,1,4,22,10,40,0.66433333,27.76666667,51.01833333,0.58482304
2001-04-22T10:50:00,1,4,22,10,50,0.66466667,28.33333333,51.59666667,0.58334824
2001-04-22T11:00:00,1,4,22,11,0,0.66500000,28.90000000,52.17500000,0.58187168
2001-04-22T11:10:00,1,4,22,11,10,0.66183333,28.88333333,52.04750000,0.57948902
2001-04-22T11:20:00,1,4,22,11,20,0.65866667,28.86666667,51.92000000,0.57710266
2001-04-22T11:30:00,1,4,22,11,30,0.65550000,28.85000000,51.79250000,0.57471257
2001-04-22T11:40:00,1,4,22,11,40,0.65233333,28.83333333,51.66500000,0.57231878
2001-04-22T11:50:00,1,4,22,11,50,0.64916667,28.81666667,51.53750000,0.56992127
2001-04-22T12:00:00,1,4,22,12,0,0.64600000,28.80000000,51.41000000,0.56752004
2001-04-22T12:10:00,1,4,22,12,10,0.66016667,28.78333333,51.88916667,0.57851054
2001-04-22T12:20:00,1,4,22,12,20,0.67433333,28.76666667,52.36833333,0.58943859
2001-04-22T12:30:00,1,4,22,12,30,0.68850000,28.75000000,52.84750000,0.60030418
2001-04-22T12:40:00,1,4,22,12,40,0.70266667,28.73333333,53.32666667,0.61110733
2001-04-22T12:50:00,1,4,22,12,50,0.71683333,28.71666667,53.80583333,0.62184802
2001-04-22T13:00:00,1,4,22,13,0,0.73100000,28.70000000,54.28500000,0.63252626
2001-04-22T13:10:00,1,4,22,13,10,0.65816667,28.88333333,51.91916667,0.57666709
2001-04-22T13:20:00,1,4,22,13,20,0.58533333,29.06666667,49.55333333,0.51922266
2001-04-22T13:30:00,1,4,22,13,30,0.51250000,29.25000000,47.18750000,0.46019297
2001-04-22T13:40:00,1,4,22,13,40,0.43966667,29.43333333,44.82166667,0.39957801
2001-04-22T13:50:00,1,4,22,13,50,0.36683333,29.61666667,42.45583333,0.33737778
2001-04-22T14:00:00,1,4,22,14,0,0.29400000,29.80000000,40.09000000,0.27359228
2001-04-22T14:10:00,1,4,22,14,10,0.31650000,28.91666667,39.99416667,0.29466999
2001-04-22T14:20:00,1,4,22,14,20,0.33900000,28.03333333,39.89833333,0.31576754
2001-04-22T14:30:00,1,4,22,14,30,0.36150000,27.15000000,39.80250000,0.33688492
2001-04-22T14:40:00,1,4,22,14,40,0.38400000,26.26666667,39.70666667,0.35802214
2001-04-22T14:50:00,1,4,22,14,50,0.40650000,25.38333333,39.61083333,0.37917920
2001-04-22T15:00:00,1,4,22,15,0,0.42900000,24.50000000,39.51500000,0.40035610
2001-04-22T15:10:00,1,4,22,15,10,0.37833333,24.68333333,37.92500000,0.35583952
2001-04-22T15:20:00,1,4,22,15,20,0.32766667,24.86666667,36.33500000,0.31058180
2001-04-22T15:30:00,1,4,22,15,30,0.27700000,25.05000000,34.74500000,0.26458292
2001-04-22T15:40:00,1,4,22,15,40,0.22633333,25.23333333,33.15500000,0.21784289
2001-04-22T15:50:00,1,4,22,15,50,0.17566667,25.41666667,31.56500000,0.17036171
2001-04-22T16:00:00,1,4,22,16,0,0.12500000,25.60000000,29.97500000,0.12213937
2001-04-22T16:10:00,1,4,22,16,10,0.10866667,25.10000000,28.90333333,0.10671552
2001-04-22T16:20:00,1,4,22,16,20,0.09233333,24.60000000,27.83166667,0.09113063
2001-04-22T16:30:00,1,4,22,16,30,0.07600000,24.10000000,26.76000000,0.07538470
2001-04-22T16:40:00,1,4,22,16,40,0.05966667,23.60000000,25.68833333,0.05947774
2001-04-22T16:50:00,1,4,22,16,50,0.04333333,23.10000000,24.61666667,0.04340974
2001-04-22T17:00:00,1,4,22,17,0,0.02700000,22.60000000,23.54500000,0.02718071
2001-04-22T17:10:00,1,4,22,17,10,0.02250000,22.26666667,23.05416667,0.02270139
2001-04-22T17:20:00,1,4,22,17,20,0.01800000,21.93333333,22.56333333,0.01820176
2001-04-22T17:30:00,1,4,22,17,30,0.01350000,21.60000000,22.07250000,0.01368180
2001-04-22T17:40:00,1,4,22,17,40,0.00900000,21.26666667,21.58166667,0.00914152
2001-04-22T17:50:00,1,4,22,17,50,0.00450000,20.93333333,21.09083333,0.00458092
2001-04-22T18:00:00,1,4,22,18,0,0.00000000,20.60000000,20.60000000,0.00000000
2001-04-22T18:10:00,1,4,22,18,10,0.00000000,20.43333333,20.43333333,0.00000000
2001-04-22T18:20:00,1,4,22,18,20,0.00000000,20.26666667,20.26666667,0.00000000
2001-04-22T18:30:00,1,4,22,18,30,0.00000000,20.10000000,20.10000000,0.00000000
2001-04-22T18:40:00,1,4,22,18,40,0.00000000,19.93333333,19.93333333,0.00000000
2001-04-22T18:50:00,1,4,22,18,50,0.00000000,19.76666667,19.76666667,0.00000000
2001-04-22T19:00:00,1,4,22,19,0,0.00000000,19.60000000,19.60000000,0.00000000
2001-04-22T19:10:00,1,4,22,19,10,0.00000000,19.56666667,19.56666667,0.00000000
2001-04-22T19:20:00,1,4,22,19,20,0.00000000,19.53333333,19.53333333,0.00000000
2001-04-22T19:30:00,1,4,22,19,30,0.00000000,19.50000000,19.50000000,0.00000000
2001-04-22T19:40:00,1,4,22,19,40,0.00000000,19.46666667,19.46666667,0.00000000
2001-04-22T19:50:00,1,4,22,19,50,0.00000000,19.43333333,19.43333333,0.00000000
2001-04-22T20:00:00,1,4,22,20,0,0.00000000,19.40000000,19.40000000,0.00000000
2001-04-22T20:10:00,1,4,22,20,10,0.00000000,19.31666667,19.31666667,0.00000000
2001-04-22T20:20:00,1,4,22,20,20,0.00000000,19.23333333,19.23333333,0.00000000
2001-04-22T20:30:00,1,4,22,20,30,0.00000000,19.15000000,19.15000000,0.00000000
2001-04-22T20:40:00,1,4,22,20,40,0.00000000,19.06666667,19.06666667,0.00000000
2001-04-22T20:50:00,1,4,22,20,50,0.00000000,18.98333333,18.98333333,0.00000000
2001-04-22T21:00:00,1,4,22,21,0,0.00000000,18.90000000,18.90000000,0.00000000
2001-04-22T21:10:00,1,4,22,21,10,0.00000000,18.85000000,18.85000000,0.00000000
2001-04-22T21:20:00,1,4,22,21,20,0.00000000,18.80000000,18.80000000,0.00000000
2001-04-22T21:30:00,1,4,22,21,30,0.00000000,18.75000000,18.75000000,0.00000000
2001-04-22T21:40:00,1,4,22,21,40,0.00000000,18.70000000,18.70000000,0.00000000
2001-04-22T21:50:00,1,4,22,21,50,0.00000000,18.65000000,18.65000000,0.00000000
2001-04-22T22:00:00,1,4,22,22,0,0.00000000,18.60000000,18.60000000,0.00000000
2001-04-22T22:10:00,1,4,22,22,10,0.00000000,18.58333333,18.58333333,0.00000000
2001-04-22T22:20:00,1,4,22,22,20,0.00000000,18.56666667,18.56666667,0.00000000
2001-04-22T22:30:00,1,4,22,22,30,0.00000000,18.55000000,18.55000000,0.00000000
2001-04-22T22:40:00,1,4,22,22,40,0.00000000,18.53333333,18.53333333,0.00000000
2001-04-22T22:50:00,1,4,22,22,50,0.00000000,18.51666667,18.51666667,0.00000000
2001-04-22T23:00:00,1,4,22,23,0,0.00000000,18.50000000,18.50000000,0.00000000
2001-04-22T23:10:00,1,4,22,23,10,0.00000000,18.35000000,18.35000000,0.00000000
2001-04-22T23:20:00,1,4,22,23,20,0.00000000,18.20000000,18.20000000,0.00000000
2001-04-22T23:30:00,1,4,22,23,30,0.00000000,18.05000000,18.05000000,0.00000000
2001-04-22T23:40:00,1,4,22,23,40,0.00000000,17.90000000,17.90000000,0.00000000
2001-04-22T23:50:00,1,4,22,23,50,0.00000000,17.75000000,17.75000000,0.00000000
2001-04-23T00:00:00,1,4,23,0,0,0.00000000,17.60000000,17.60000000,0.00000000
2001-04-23T00:10:00,1,4,23,0,10,0.00000000,17.45000000,17.45000000,0.00000000
2001-04-23T00:20:00,1,4,23,0,20,0.00000000,17.30000000,17.30000000,0.00000000
2001-04-23T00:30:00,1,4,23,0,30,0.00000000,17.15000000,17.15000000,0.00000000
2001-04-23T00:40:00,1,4,23,0,40,0.00000000,17.00000000,17.00000000,0.00000000
2001-04-23T00:50:00,1,4,23,0,50,0.00000000,16.85000000,16.85000000,0.00000000
2001-04-23T01:00:00,1,4,23,1,0,0.00000000,16.70000000,16.70000000,0.00000000
2001-04-23T01:10:00,1,4,23,1,10,0.00000000,16.61666667,16.61666667,0.00000000
2001-04-23T01:20:00,1,4,23,1,20,0.00000000,16.53333333,16.53333333,0.00000000
2001-04-23T01:30:00,1,4,23,1,30,0.00000000,16.45000000,16.45000000,0.00000000
2001-04-23T01:40:00,1,4,23,1,40,0.00000000,16.36666667,16.36666667,0.00000000
2001-04-23T01:50:00,1,4,23,1,50,0.00000000,16.28333333,16.28333333,0.00000000
2001-04-23T02:00:00,1,4,23,2,0,0.00000000,16.20000000,16.20000000,0.00000000
2001-04-23T02:10:00,1,4,23,2,10,0.00000000,16.23333333,16.23333333,0.00000000
2001-04-23T02:20:00,1,4,23,2,20,0.00000000,16.26666667,16.26666667,0.00000000
2001-04-23T02:30:00,1,4,23,2,30,0.00000000,16.30000000,16.30000000,0.00000000
2001-04-23T02:40:00,1,4,23,2,40,0.00000000,16.33333333,16.33333333,0.00000000
2001-04-23T02:50:00,1,4,23,2,50,0.00000000,16.36666667,16.36666667,0.00000000
2001-04-23T03:00:00,1,4,23,3,0,0.00000000,16.40000000,16.40000000,0.00000000
2001-04-23T03:10:00,1,4,23,3,10,0.00000000,16.40000000,16.40000000,0.00000000
2001-04-23T03:20:00,1,4,23,3,20,0.00000000,16.40000000,16.40000000,0.00000000
2001-04-23T03:30:00,1,4,23,3,30,0.00000000,16.40000000,16.40000000,0.00000000
2001-04-23T03:40:00,1,4,23,3,40,0.00000000,16.40000000,16.40000000,0.00000000
2001-04-23T03:50:00,1,4,23,3,50,0.00000000,16.40000000,16.40000000,0.00000000
2001-04-23T04:00:00,1,4,23,4,0,0.00000000,16.40000000,16.40000000,0.00000000
2001-04-23T04:10:00,1,4,23,4,10,0.00000000,16.40000000,16.40000000,0.00000000
2001-04-23T04:20:00,1,4,23,4,20,0.00000000,16.40000000,16.40000000,0.00000000
2001-04-23T04:30:00,1,4,23,4,30,0.00000000,16.40000000,16.40000000,0.00000000
2001-04-23T04:40:00,1,4,23,4,40,0.00000000,16.40000000,16.40000000,0.00000000
2001-04-23T04:50:00,1,4,23,4,50,0.00000000,16.40000000,16.40000000,0.00000000
2001-04-23T05:00:00,1,4,23,5,0,0.00000000,16.40000000,16.40000000,0.00000000
2001-04-23T05:10:00,1,4,23,5,10,0.00400000,16.25000000,16.39000000,0.00415842
2001-04-23T05:20:00,1,4,23,5,20,0.00800000,16.10000000,16.38000000,0.00831722
2001-04-23T05:30:00,1,4,23,5,30,0.01200000,15.95000000,16.37000000,0.01247638
2001-04-23T05:40:00,1,4,23,5,40,0.01600000,15.80000000,16.36000000,0.01663590
2001-04-23T05:50:00,1,4,23,5,50,0.02000000,15.65000000,16.35000000,0.02079580
2001-04-23T06:00:00,1,4,23,6,0,0.02400000,15.50000000,16.34000000,0.02495606
2001-04-23T06:10:00,1,4,23,6,10,0.05433333,15.83333333,17.73500000,0.05614910
2001-04-23T06:20:00,1,4,23,6,20,0.08466667,16.16666667,19.13000000,0.08695284
2001-04-23T06:30:00,1,4,23,6,30,0.11500000,16.50000000,20.52500000,0.11736727
2001-04-23T06:40:00,1,4,23,6,40,0.14533333,16.83333333,21.92000000,0.14739242
2001-04-23T06:50:00,1,4,23,6,50,0.17566667,17.16666667,23.31500000,0.17702826
2001-04-23T07:00:00,1,4,23,7,0,0.20600000,17.50000000,24.71000000,0.20627480
2001-04-23T07:10:00,1,4,23,7,10,0.23233333,17.86666667,25.99833333,0.23126638
2001-04-23T07:20:00,1,4,23,7,20,0.25866667,18.23333333,27.28666667,0.25594584
2001-04-23T07:30:00,1,4,23,7,30,0.28500000,18.60000000,28.57500000,0.28031317
2001-04-23T07:40:00,1,4,23,7,40,0.31133333,18.96666667,29.86333333,0.30436839
2001-04-23T07:50:00,1,4,23,7,50,0.33766667,19.33333333,31.15166667,0.32811149
2001-04-23T08:00:00,1,4,23,8,0,0.36400000,19.70000000,32.44000000,0.35154246
2001-04-23T08:10:00,1,4,23,8,10,0.38033333,20.03333333,33.34500000,0.36573348
2001-04-23T08:20:00,1,4,23,8,20,0.39666667,20.36666667,34.25000000,0.37978850
2001-04-23T08:30:00,1,4,23,8,30,0.41300000,20.70000000,35.15500000,0.39370753
2001-04-23T08:40:00,1,4,23,8,40,0.42933333,21.03333333,36.06000000,0.40749057
2001-04-23T08:50:00,1,4,23,8,50,0.44566667,21.36666667,36.96500000,0.42113762
2001-04-23T09:00:00,1,4,23,9,0,0.46200000,21.70000000,37.87000000,0.43464868
2001-04-23T09:10:00,1,4,23,9,10,0.50900000,21.95000000,39.76500000,0.47442923
2001-04-23T09:20:00,1,4,23,9,20,0.55600000,22.20000000,41.66000000,0.51339038
2001-04-23T09:30:00,1,4,23,9,30,0.60300000,22.45000000,43.55500000,0.55153214
2001-04-23T09:40:00,1,4,23,9,40,0.65000000,22.70000000,45.45000000,0.58885450
2001-04-23T09:50:00,1,4,23,9,50,0.69700000,22.95000000,47.34500000,0.62535746
2001-04-23T10:00:00,1,4,23,10,0,0.74400000,23.20000000,49.24000000,0.66104102
2001-04-23T10:10:00,1,4,23,10,10,0.74900000,23.63333333,49.84833333,0.66338755
2001-04-23T10:20:00,1,4,23,10,20,0.75400000,24.06666667,50.45666667,0.66570610
2001-04-23T10:30:00,1,4,23,10,30,0.75900000,24.50000000,51.06500000,0.66799666
2001-04-23T10:40:00,1,4,23,10,40,0.76400000,24.93333333,51.67333333,0.67025924
2001-04-23T10:50:00,1,4,23,10,50,0.76900000,25.36666667,52.28166667,0.67249383
2001-04-23T11:00:00,1,4,23,11,0,0.77400000,25.80000000,52.89000000,0.67470044
2001-04-23T11:10:00,1,4,23,11,10,0.78166667,25.90000000,53.25833333,0.68005912
2001-04-23T11:20:00,1,4,23,11,20,0.78933333,26.00000000,53.62666667,0.68539182
2001-04-23T11:30:00,1,4,23,11,30,0.79700000,26.10000000,53.99500000,0.69069853
2001-04-23T11:40:00,1,4,23,11,40,0.80466667,26.20000000,54.36333333,0.69597927
2001-04-23T11:50:00,1,4,23,11,50,0.81233333,26.30000000,54.73166667,0.70123402
2001-04-23T12:00:00,1,4,23,12,0,0.82000000,26.40000000,55.10000000,0.70646280
2001-04-23T12:10:00,1,4,23,12,10,0.77883333,26.56666667,53.82583333,0.67556094
2001-04-23T12:20:00,1,4,23,12,20,0.73766667,26.73333333,52.55166667,0.64417651
2001-04-23T12:30:00,1,4,23,12,30,0.69650000,26.90000000,51.27750000,0.61230952
2001-04-23T12:40:00,1,4,23,12,40,0.65533333,27.06666667,50.00333333,0.57995995
2001-04-23T12:50:00,1,4,23,12,50,0.61416667,27.23333333,48.72916667,0.54712782
2001-04-23T13:00:00,1,4,23,13,0,0.57300000,27.40000000,47.45500000,0.51381311
2001-04-23T13:10:00,1,4,23,13,10,0.56266667,27.10000000,46.79333333,0.50625971
2001-04-23T13:20:00,1,4,23,13,20,0.55233333,26.80000000,46.13166667,0.49864340
2001-04-23T13:30:00,1,4,23,13,30,0.54200000,26.50000000,45.47000000,0.49096420
2001-04-23T13:40:00,1,4,23,13,40,0.53166667,26.20000000,44.80833333,0.48322209
2001-04-23T13:50:00,1,4,23,13,50,0.52133333,25.90000000,44.14666667,0.47541707
2001-04-23T14:00:00,1,4,23,14,0,0.51100000,25.60000000,43.48500000,0.46754916
2001-04-23T14:10:00,1,4,23,14,10,0.48716667,25.45000000,42.50083333,0.44794788
2001-04-23T14:20:00,1,4,23,14,20,0.46333333,25.30000000,41.51666667,0.42813081
2001-04-23T14:30:00,1,4,23,14,30,0.43950000,25.15000000,40.53250000,0.40809794
2001-04-23T14:40:00,1,4,23,14,40,0.41566667,25.00000000,39.54833333,0.38784928
2001-04-23T14:50:00,1,4,23,14,50,0.39183333,24.85000000,38.56416667,0.36738483
2001-04-23T15:00:00,1,4,23,15,0,0.36800000,24.70000000,37.58000000,0.34670458
2001-04-23T15:10:00,1,4,23,15,10,0.33700000,24.60000000,36.39500000,0.31933547
2001-04-23T15:20:00,1,4,23,15,20,0.30600000,24.50000000,35.21000000,0.29162840
2001-04-23T15:30:00,1,4,23,15,30,0.27500000,24.40000000,34.02500000,0.26358338
2001-04-23T15:40:00,1,4,23,15,40,0.24400000,24.30000000,32.84000000,0.23520038
2001-04-23T15:50:00,1,4,23,15,50,0.21300000,24.20000000,31.65500000,0.20647943
2001-04-23T16:00:00,1,4,23,16,0,0.18200000,24.10000000,30.47000000,0.17742052
2001-04-23T16:10:00,1,4,23,16,10,0.15683333,23.68333333,29.17250000,0.15382315
2001-04-23T16:20:00,1,4,23,16,20,0.13166667,23.26666667,27.87500000,0.12992537
2001-04-23T16:30:00,1,4,23,16,30,0.10650000,22.85000000,26.57750000,0.10572718
2001-04-23T16:40:00,1,4,23,16,40,0.08133333,22.43333333,25.28000000,0.08122858
2001-04-23T16:50:00,1,4,23,16,50,0.05616667,22.01666667,23.98250000,0.05642955
2001-04-23T17:00:00,1,4,23,17,0,0.03100000,21.60000000,22.68500000,0.03133012
2001-04-23T17:10:00,1,4,23,17,10,0.02583333,21.40000000,22.30416667,0.02615369
2001-04-23T17:20:00,1,4,23,17,20,0.02066667,21.20000000,21.92333333,0.02095916
2001-04-23T17:30:00,1,4,23,17,30,0.01550000,21.00000000,21.54250000,0.01574652
2001-04-23T17:40:00,1,4,23,17,40,0.01033333,20.80000000,21.16166667,0.01051578
2001-04-23T17:50:00,1,4,23,17,50,0.00516667,20.60000000,20.78083333,0.00526694
2001-04-23T18:00:00,1,4,23,18,0,0.00000000,20.40000000,20.40000000,0.00000000
2001-04-23T18:10:00,1,4,23,18,10,0.00000000,20.21666667,20.21666667,0.00000000
2001-04-23T18:20:00,1,4,23,18,20,0.00000000,20.03333333,20.03333333,0.00000000
2001-04-23T18:30:00,1,4,23,18,30,0.00000000,19.85000000,19.85000000,0.00000000
2001-04-23T18:40:00,1,4,23,18,40,0.00000000,19.66666667,19.66666667,0.00000000
2001-04-23T18:50:00,1,4,23,18,50,0.00000000,19.48333333,19.48333333,0.00000000
2001-04-23T19:00:00,1,4,23,19,0,0.00000000,19.30000000,19.30000000,0.00000000
2001-04-23T19:10:00,1,4,23,19,10,0.00000000,19.21666667,19.21666667,0.00000000
2001-04-23T19:20:00,1,4,23,19,20,0.00000000,19.13333333,19.13333333,0.00000000
2001-04-23T19:30:00,1,4,23,19,30,0.00000000,19.05000000,19.05000000,0.00000000
2001-04-23T19:40:00,1,4,23,19,40,0.00000000,18.96666667,18.96666667,0.00000000
2001-04-23T19:50:00,1,4,23,19,50,0.00000000,18.88333333,18.88333333,0.00000000
2001-04-23T20:00:00,1,4,23,20,0,0.00000000,18.80000000,18.80000000,0.00000000
2001-04-23T20:10:00,1,4,23,20,10,0.00000000,18.76666667,18.76666667,0.00000000
2001-04-23T20:20:00,1,4,23,20,20,0.00000000,18.73333333,18.73333333,0.00000000
2001-04-23T20:30:00,1,4,23,20,30,0.00000000,18.70000000,18.70000000,0.00000000
2001-04-23T20:40:00,1,4,23,20,40,0.00000000,18.66666667,18.66666667,0.00000000
2001-04-23T20:50:00,1,4,23,20,50,0.00000000,18.63333333,18.63333333,0.00000000
2001-04-23T21:00:00,1,4,23,21,0,0.00000000,18.60000000,18.60000000,0.00000000
2001-04-23T21:10:00,1,4,23,21,10,0.00000000,18.48333333,18.48333333,0.00000000
2001-04-23T21:20:00,1,4,23,21,20,0.00000000,18.36666667,18.36666667,0.00000000
2001-04-23T21:30:00,1,4,23,21,30,0.00000000,18.25000000,18.25000000,0.00000000
2001-04-23T21:40:00,1,4,23,21,40,0.00000000,18.13333333,18.13333333,0.00000000
2001-04-23T21:50:00,1,4,23,21,50,0.00000000,18.01666667,18.01666667,0.00000000
2001-04-23T22:00:00,1,4,23,22,0,0.00000000,17.90000000,17.90000000,0.00000000
2001-04-23T22:10:00,1,4,23,22,10,0.00000000,17.75000000,17.75000000,0.00000000
2001-04-23T22:20:00,1,4,23,22,20,0.00000000,17.60000000,17.60000000,0.00000000
2001-04-23T22:30:00,1,4,23,22,30,0.00000000,17.45000000,17.45000000,0.00000000
2001-04-23T22:40:00,1,4,23,22,40,0.00000000,17.30000000,17.30000000,0.00000000
2001-04-23T22:50:00,1,4,23,22,50,0.00000000,17.15000000,17.15000000,0.00000000
2001-04-23T23:00:00,1,4,23,23,0,0.00000000,17.00000000,17.00000000,0.00000000
2001-04-23T23:10:00,1,4,23,23,10,0.00000000,17.08333333,17.08333333,0.00000000
2001-04-23T23:20:00,1,4,23,23,20,0.00000000,17.16666667,17.16666667,0.00000000
2001-04-23T23:30:00,1,4,23,23,30,0.00000000,17.25000000,17.25000000,0.00000000
2001-04-23T23:40:00,1,4,23,23,40,0.00000000,17.33333333,17.33333333,0.00000000
2001-04-23T23:50:00,1,4,23,23,50,0.00000000,17.41666667,17.41666667,0.00000000
2001-04-24T00:00:00,1,4,24,0,0,0.00000000,17.50000000,17.50000000,0.00000000
2001-04-24T00:10:00,1,4,24,0,10,0.00000000,17.46666667,17.46666667,0.00000000
2001-04-24T00:20:00,1,4,24,0,20,0.00000000,17.43333333,17.43333333,0.00000000
2001-04-24T00:30:00,1,4,24,0,30,0.00000000,17.40000000,17.40000000,0.00000000
2001-04-24T00:40:00,1,4,24,0,40,0.00000000,17.36666667,17.36666667,0.00000000
2001-04-24T00:50:00,1,4,24,0,50,0.00000000,17.33333333,17.33333333,0.00000000
2001-04-24T01:00:00,1,4,24,1,0,0.00000000,17.30000000,17.30000000,0.00000000
2001-04-24T01:10:00,1,4,24,1,10,0.00000000,17.23333333,17.23333333,0.00000000
2001-04-24T01:20:00,1,4,24,1,20,0.00000000,17.16666667,17.16666667,0.00000000
2001-04-24T01:30:00,1,4,24,1,30,0.00000000,17.10000000,17.10000000,0.00000000
2001-04-24T01:40:00,1,4,24,1,40,0.00000000,17.03333333,17.03333333,0.00000000
2001-04-24T01:50:00,1,4,24,1,50,0.00000000,16.96666667,16.96666667,0.00000000
2001-04-24T02:00:00,1,4,24,2,0,0.00000000,16.90000000,16.90000000,0.00000000
2001-04-24T02:10:00,1,4,24,2,10,0.00000000,16.88333333,16.88333333,0.00000000
2001-04-24T02:20:00,1,4,24,2,20,0.00000000,16.86666667,16.86666667,0.00000000
2001-04-24T02:30:00,1,4,24,2,30,0.00000000,16.85000000,16.85000000,0.00000000
2001-04-24T02:40:00,1,4,24,2,40,0.00000000,16.83333333,16.83333333,0.00000000
2001-04-24T02:50:00,1,4,24,2,50,0.00000000,16.81666667,16.81666667,0.00000000
2001-04-24T03:00:00,1,4,24,3,0,0.00000000,16.80000000,16.80000000,0.00000000
2001-04-24T03:10:00,1,4,24,3,10,0.00000000,16.75000000,16.75000000,0.00000000
2001-04-24T03:20:00,1,4,24,3,20,0.00000000,16.70000000,16.70000000,0.00000000
2001-04-24T03:30:00,1,4,24,3,30,0.00000000,16.65000000,16.65000000,0.00000000
2001-04-24T03:40:00,1,4,24,3,40,0.00000000,16.60000000,16.60000000,0.00000000
2001-04-24T03:50:00,1,4,24,3,50,0.00000000,16.55000000,16.55000000,0.00000000
2001-04-24T04:00:00,1,4,24,4,0,0.00000000,16.50000000,16.50000000,0.00000000
2001-04-24T04:10:00,1,4,24,4,10,0.00000000,16.48333333,16.48333333,0.00000000
2001-04-24T04:20:00,1,4,24,4,20,0.00000000,16.46666667,16.46666667,0.00000000
2001-04-24T04:30:00,1,4,24,4,30,0.00000000,16.45000000,16.45000000,0.00000000
2001-04-24T04:40:00,1,4,24,4,40,0.00000000,16.43333333,16.43333333,0.00000000
2001-04-24T04:50:00,1,4,24,4,50,0.00000000,16.41666667,16.41666667,0.00000000
2001-04-24T05:00:00,1,4,24,5,0,0.00000000,16.40000000,16.40000000,0.00000000
2001-04-24T05:10:00,1,4,24,5,10,0.00300000,16.43333333,16.53833333,0.00311677
2001-04-24T05:20:00,1,4,24,5,20,0.00600000,16.46666667,16.67666667,0.00622972
2001-04-24T05:30:00,1,4,24,5,30,0.00900000,16.50000000,16.81500000,0.00933886
2001-04-24T05:40:00,1,4,24,5,40,0.01200000,16.53333333,16.95333333,0.01244418
2001-04-24T05:50:00,1,4,24,5,50,0.01500000,16.56666667,17.09166667,0.01554568
2001-04-24T06:00:00,1,4,24,6,0,0.01800000,16.60000000,17.23000000,0.01864336
2001-04-24T06:10:00,1,4,24,6,10,0.02800000,16.86666667,17.84666667,0.02892135
2001-04-24T06:20:00,1,4,24,6,20,0.03800000,17.13333333,18.46333333,0.03914261
2001-04-24T06:30:00,1,4,24,6,30,0.04800000,17.40000000,19.08000000,0.04930714
2001-04-24T06:40:00,1,4,24,6,40,0.05800000,17.66666667,19.69666667,0.05941493
2001-04-24T06:50:00,1,4,24,6,50,0.06800000,17.93333333,20.31333333,0.06946599
2001-04-24T07:00:00,1,4,24,7,0,0.07800000,18.20000000,20.93000000,0.07946032
2001-04-24T07:10:00,1,4,24,7,10,0.13116667,18.36666667,22.95750000,0.13239904
2001-04-24T07:20:00,1,4,24,7,20,0.18433333,18.53333333,24.98500000,0.18434605
2001-04-24T07:30:00,1,4,24,7,30,0.23750000,18.70000000,27.01250000,0.23530134
2001-04-24T07:40:00,1,4,24,7,40,0.29066667,18.86666667,29.04000000,0.28526492
2001-04-24T07:50:00,1,4,24,7,50,0.34383333,19.03333333,31.06750000,0.33423677
2001-04-24T08:00:00,1,4,24,8,0,0.39700000,19.20000000,33.09500000,0.38221691
2001-04-24T08:10:00,1,4,24,8,10,0.40650000,19.73333333,33.96083333,0.38974414
2001-04-24T08:20:00,1,4,24,8,20,0.41600000,20.26666667,34.82666667,0.39719569
2001-04-24T08:30:00,1,4,24,8,30,0.42550000,20.80000000,35.69250000,0.40457157
2001-04-24T08:40:00,1,4,24,8,40,0.43500000,21.33333333,36.55833333,0.41187178
2001-04-24T08:50:00,1,4,24,8,50,0.44450000,21.86666667,37.42416667,0.41909631
2001-04-24T09:00:00,1,4,24,9,0,0.45400000,22.40000000,38.29000000,0.42624516
2001-04-24T09:10:00,1,4,24,9,10,0.43983333,22.56666667,37.96083333,0.41361054
2001-04-24T09:20:00,1,4,24,9,20,0.42566667,22.73333333,37.63166667,0.40093302
2001-04-24T09:30:00,1,4,24,9,30,0.41150000,22.90000000,37.30250000,0.38821260
2001-04-24T09:40:00,1,4,24,9,40,0.39733333,23.06666667,36.97333333,0.37544927
2001-04-24T09:50:00,1,4,24,9,50,0.38316667,23.23333333,36.64416667,0.36264305
2001-04-24T10:00:00,1,4,24,10,0,0.36900000,23.40000000,36.31500000,0.34979392
2001-04-24T10:10:00,1,4,24,10,10,0.43033333,23.30000000,38.36166667,0.40388347
2001-04-24T10:20:00,1,4,24,10,20,0.49166667,23.20000000,40.40833333,0.45681815
2001-04-24T10:30:00,1,4,24,10,30,0.55300000,23.10000000,42.45500000,0.50859797
2001-04-24T10:40:00,1,4,24,10,40,0.61433333,23.00000000,44.50166667,0.55922292
2001-04-24T10:50:00,1,4,24,10,50,0.67566667,22.90000000,46.54833333,0.60869301
2001-04-24T11:00:00,1,4,24,11,0,0.73700000,22.80000000,48.59500000,0.65700823
2001-04-24T11:10:00,1,4,24,11,10,0.69116667,23.38333333,47.57416667,0.61939511
2001-04-24T11:20:00,1,4,24,11,20,0.64533333,23.96666667,46.55333333,0.58135154
2001-04-24T11:30:00,1,4,24,11,30,0.59950000,24.55000000,45.53250000,0.54287752
2001-04-24T11:40:00,1,4,24,11,40,0.55366667,25.13333333,44.51166667,0.50397305
2001-04-24T11:50:00,1,4,24,11,50,0.50783333,25.71666667,43.49083333,0.46463813
2001-04-24T12:00:00,1,4,24,12,0,0.46200000,26.30000000,42.47000000,0.42487276
2001-04-24T12:10:00,1,4,24,12,10,0.46416667,25.88333333,42.12916667,0.42759304
2001-04-24T12:20:00,1,4,24,12,20,0.46633333,25.46666667,41.78833333,0.43032012
2001-04-24T12:30:00,1,4,24,12,30,0.46850000,25.05000000,41.44750000,0.43305399
2001-04-24T12:40:00,1,4,24,12,40,0.47066667,24.63333333,41.10666667,0.43579466
2001-04-24T12:50:00,1,4,24,12,50,0.47283333,24.21666667,40.76583333,0.43854212
2001-04-24T13:00:00,1,4,24,13,0,0.47500000,23.80000000,40.42500000,0.44129637
2001-04-24T13:10:00,1,4,24,13,10,0.47016667,23.85000000,40.30583333,0.43706372
2001-04-24T13:20:00,1,4,24,13,20,0.46533333,23.90000000,40.18666667,0.43282577
2001-04-24T13:30:00,1,4,24,13,30,0.46050000,23.95000000,40.06750000,0.42858251
2001-04-24T13:40:00,1,4,24,13,40,0.45566667,24.00000000,39.94833333,0.42433396
2001-04-24T13:50:00,1,4,24,13,50,0.45083333,24.05000000,39.82916667,0.42008011
2001-04-24T14:00:00,1,4,24,14,0,0.44600000,24.10000000,39.71000000,0.41582096
2001-04-24T14:10:00,1,4,24,14,10,0.41433333,24.06666667,38.56833333,0.38847299
2001-04-24T14:20:00,1,4,24,14,20,0.38266667,24.03333333,37.42666667,0.36079242
2001-04-24T14:30:00,1,4,24,14,30,0.35100000,24.00000000,36.28500000,0.33277924
2001-04-24T14:40:00,1,4,24,14,40,0.31933333,23.96666667,35.14333333,0.30443345
2001-04-24T14:50:00,1,4,24,14,50,0.28766667,23.93333333,34.00166667,0.27575506
2001-04-24T15:00:00,1,4,24,15,0,0.25600000,23.90000000,32.86000000,0.24674406
2001-04-24T15:10:00,1,4,24,15,10,0.22800000,23.60000000,31.58000000,0.22109890
2001-04-24T15:20:00,1,4,24,15,20,0.20000000,23.30000000,30.30000000,0.19512400
2001-04-24T15:30:00,1,4,24,15,30,0.17200000,23.00000000,29.02000000,0.16881938
2001-04-24T15:40:00,1,4,24,15,40,0.14400000,22.70000000,27.74000000,0.14218502
2001-04-24T15:50:00,1,4,24,15,50,0.11600000,22.40000000,26.46000000,0.11522094
2001-04-24T16:00:00,1,4,24,16,0,0.08800000,22.10000000,25.18000000,0.08792714
2001-04-24T16:10:00,1,4,24,16,10,0.07683333,21.90000000,24.58916667,0.07697854
2001-04-24T16:20:00,1,4,24,16,20,0.06566667,21.70000000,23.99833333,0.06596924
2001-04-24T16:30:00,1,4,24,16,30,0.05450000,21.50000000,23.40750000,0.05489924
2001-04-24T16:40:00,1,4,24,16,40,0.04333333,21.30000000,22.81666667,0.04376854
2001-04-24T16:50:00,1,4,24,16,50,0.03216667,21.10000000,22.22583333,0.03257715
2001-04-24T17:00:00,1,4,24,17,0,0.02100000,20.90000000,21.63500000,0.02132506
2001-04-24T17:10:00,1,4,24,17,10,0.01750000,20.76666667,21.37916667,0.01779148
2001-04-24T17:20:00,1,4,24,17,20,0.01400000,20.63333333,21.12333333,0.01424966
2001-04-24T17:30:00,1,4,24,17,30,0.01050000,20.50000000,20.86750000,0.01069960
2001-04-24T17:40:00,1,4,24,17,40,0.00700000,20.36666667,20.61166667,0.00714130
2001-04-24T17:50:00,1,4,24,17,50,0.00350000,20.23333333,20.35583333,0.00357477
2001-04-24T18:00:00,1,4,24,18,0,0.00000000,20.10000000,20.10000000,0.00000000
2001-04-24T18:10:00,1,4,24,18,10,0.00000000,19.93333333,19.93333333,0.00000000
2001-04-24T18:20:00,1,4,24,18,20,0.00000000,19.76666667,19.76666667,0.00000000
2001-04-24T18:30:00,1,4,24,18,30,0.00000000,19.60000000,19.60000000,0.00000000
2001-04-24T18:40:00,1,4,24,18,40,0.00000000,19.43333333,19.43333333,0.00000000
2001-04-24T18:50:00,1,4,24,18,50,0.00000000,19.26666667,19.26666667,0.00000000
2001-04-24T19:00:00,1,4,24,19,0,0.00000000,19.10000000,19.10000000,0.00000000
2001-04-24T19:10:00,1,4,24,19,10,0.00000000,19.08333333,19.08333333,0.00000000
2001-04-24T19:20:00,1,4,24,19,20,0.00000000,19.06666667,19.06666667,0.00000000
2001-04-24T19:30:00,1,4,24,19,30,0.00000000,19.05000000,19.05000000,0.00000000
2001-04-24T19:40:00,1,4,24,19,40,0.00000000,19.03333333,19.03333333,0.00000000
2001-04-24T19:50:00,1,4,24,19,50,0.00000000,19.01666667,19.01666667,0.00000000
2001-04-24T20:00:00,1,4,24,20,0,0.00000000,19.00000000,19.00000000,0.00000000
2001-04-24T20:10:00,1,4,24,20,10,0.00000000,18.81666667,18.81666667,0.00000000
2001-04-24T20:20:00,1,4,24,20,20,0.00000000,18.63333333,18.63333333,0.00000000
2001-04-24T20:30:00,1,4,24,20,30,0.00000000,18.45000000,18.45000000,0.00000000
2001-04-24T20:40:00,1,4,24,20,40,0.00000000,18.26666667,18.26666667,0.00000000
2001-04-24T20:50:00,1,4,24,20,50,0.00000000,18.08333333,18.08333333,0.00000000
2001-04-24T21:00:00,1,4,24,21,0,0.00000000,17.90000000,17.90000000,0.00000000
2001-04-24T21:10:00,1,4,24,21,10,0.00000000,17.96666667,17.96666667,0.00000000
2001-04-24T21:20:00,1,4,24,21,20,0.00000000,18.03333333,18.03333333,0.00000000
2001-04-24T21:30:00,1,4,24,21,30,0.00000000,18.10000000,18.10000000,0.00000000
2001-04-24T21:40:00,1,4,24,21,40,0.00000000,18.16666667,18.16666667,0.00000000
2001-04-24T21:50:00,1,4,24,21,50,0.00000000,18.23333333,18.23333333,0.00000000
2001-04-24T22:00:00,1,4,24,22,0,0.00000000,18.30000000,18.30000000,0.00000000
2001-04-24T22:10:00,1,4,24,22,10,0.00000000,18.21666667,18.21666667,0.00000000
2001-04-24T22:20:00,1,4,24,22,20,0.00000000,18.13333333,18.13333333,0.00000000
2001-04-24T22:30:00,1,4,24,22,30,0.00000000,18.05000000,18.05000000,0.00000000
2001-04-24T22:40:00,1,4,24,22,40,0.00000000,17.96666667,17.96666667,0.00000000
2001-04-24T22:50:00,1,4,24,22,50,0.00000000,17.88333333,17.88333333,0.00000000
2001-04-24T23:00:00,1,4,24,23,0,0.00000000,17.80000000,17.80000000,0.00000000
2001-04-24T23:10:00,1,4,24,23,10,0.00000000,18.08333333,18.08333333,0.00000000
2001-04-24T23:20:00,1,4,24,23,20,0.00000000,18.36666667,18.36666667,0.00000000
2001-04-24T23:30:00,1,4,24,23,30,0.00000000,18.65000000,18.65000000,0.00000000
2001-04-24T23:40:00,1,4,24,23,40,0.00000000,18.93333333,18.93333333,0.00000000
2001-04-24T23:50:00,1,4,24,23,50,0.00000000,19.21666667,19.21666667,0.00000000
2001-04-25T00:00:00,1,4,25,0,0,0.00000000,19.50000000,19.50000000,0.00000000
2001-04-25T00:10:00,1,4,25,0,10,0.00000000,19.50000000,19.50000000,0.00000000
2001-04-25T00:20:00,1,4,25,0,20,0.00000000,19.50000000,19.50000000,0.00000000
2001-04-25T00:30:00,1,4,25,0,30,0.00000000,19.50000000,19.50000000,0.00000000
2001-04-25T00:40:00,1,4,25,0,40,0.00000000,19.50000000,19.50000000,0.00000000
2001-04-25T00:50:00,1,4,25,0,50,0.00000000,19.50000000,19.50000000,0.00000000
2001-04-25T01:00:00,1,4,25,1,0,0.00000000,19.50000000,19.50000000,0.00000000
2001-04-25T01:10:00,1,4,25,1,10,0.00000000,19.53333333,19.53333333,0.00000000
2001-04-25T01:20:00,1,4,25,1,20,0.00000000,19.56666667,19.56666667,0.00000000
2001-04-25T01:30:00,1,4,25,1,30,0.00000000,19.60000000,19.60000000,0.00000000
2001-04-25T01:40:00,1,4,25,1,40,0.00000000,19.63333333,19.63333333,0.00000000
2001-04-25T01:50:00,1,4,25,1,50,0.00000000,19.66666667,19.66666667,0.00000000
2001-04-25T02:00:00,1,4,25,2,0,0.00000000,19.70000000,19.70000000,0.00000000
2001-04-25T02:10:00,1,4,25,2,10,0.00000000,19.65000000,19.65000000,0.00000000
2001-04-25T02:20:00,1,4,25,2,20,0.00000000,19.60000000,19.60000000,0.00000000
2001-04-25T02:30:00,1,4,25,2,30,0.00000000,19.55000000,19.55000000,0.00000000
2001-04-25T02:40:00,1,4,25,2,40,0.00000000,19.50000000,19.50000000,0.00000000
2001-04-25T02:50:00,1,4,25,2,50,0.00000000,19.45000000,19.45000000,0.00000000
2001-04-25T03:00:00,1,4,25,3,0,0.00000000,19.40000000,19.40000000,0.00000000
2001-04-25T03:10:00,1,4,25,3,10,0.00000000,19.33333333,19.33333333,0.00000000
2001-04-25T03:20:00,1,4,25,3,20,0.00000000,19.26666667,19.26666667,0.00000000
2001-04-25T03:30:00,1,4,25,3,30,0.00000000,19.20000000,19.20000000,0.00000000
2001-04-25T03:40:00,1,4,25,3,40,0.00000000,19.13333333,19.13333333,0.00000000
2001-04-25T03:50:00,1,4,25,3,50,0.00000000,19.06666667,19.06666667,0.00000000
2001-04-25T04:00:00,1,4,25,4,0,0.00000000,19.00000000,19.00000000,0.00000000
2001-04-25T04:10:00,1,4,25,4,10,0.00000000,19.11666667,19.11666667,0.00000000
2001-04-25T04:20:00,1,4,25,4,20,0.00000000,19.23333333,19.23333333,0.00000000
2001-04-25T04:30:00,1,4,25,4,30,0.00000000,19.35000000,19.35000000,0.00000000
2001-04-25T04:40:00,1,4,25,4,40,0.00000000,19.46666667,19.46666667,0.00000000
2001-04-25T04:50:00,1,4,25,4,50,0.00000000,19.58333333,19.58333333,0.00000000
2001-04-25T05:00:00,1,4,25,5,0,0.00000000,19.70000000,19.70000000,0.00000000
2001-04-25T05:10:00,1,4,25,5,10,0.00150000,19.73333333,19.78583333,0.00153598
2001-04-25T05:20:00,1,4,25,5,20,0.00300000,19.76666667,19.87166667,0.00307077
2001-04-25T05:30:00,1,4,25,5,30,0.00450000,19.80000000,19.95750000,0.00460438
2001-04-25T05:40:00,1,4,25,5,40,0.00600000,19.83333333,20.04333333,0.00613680
2001-04-25T05:50:00,1,4,25,5,50,0.00750000,19.86666667,20.12916667,0.00766804
2001-04-25T06:00:00,1,4,25,6,0,0.00900000,19.90000000,20.21500000,0.00919810
2001-04-25T06:10:00,1,4,25,6,10,0.00816667,19.90000000,20.18583333,0.00834752
2001-04-25T06:20:00,1,4,25,6,20,0.00733333,19.90000000,20.15666667,0.00749672
2001-04-25T06:30:00,1,4,25,6,30,0.00650000,19.90000000,20.12750000,0.00664569
2001-04-25T06:40:00,1,4,25,6,40,0.00566667,19.90000000,20.09833333,0.00579444
2001-04-25T06:50:00,1,4,25,6,50,0.00483333,19.90000000,20.06916667,0.00494296
2001-04-25T07:00:00,1,4,25,7,0,0.00400000,19.90000000,20.04000000,0.00409126
2001-04-25T07:10:00,1,4,25,7,10,0.03383333,19.80000000,20.98416667,0.03445833
2001-04-25T07:20:00,1,4,25,7,20,0.06366667,19.70000000,21.92833333,0.06456626
2001-04-25T07:30:00,1,4,25,7,30,0.09350000,19.60000000,22.87250000,0.09441504
2001-04-25T07:40:00,1,4,25,7,40,0.12333333,19.50000000,23.81666667,0.12400468
2001-04-25T07:50:00,1,4,25,7,50,0.15316667,19.40000000,24.76083333,0.15333518
2001-04-25T08:00:00,1,4,25,8,0,0.18300000,19.30000000,25.70500000,0.18240653
2001-04-25T08:10:00,1,4,25,8,10,0.19733333,19.45000000,26.35666667,0.19610184
2001-04-25T08:20:00,1,4,25,8,20,0.21166667,19.60000000,27.00833333,0.20971122
2001-04-25T08:30:00,1,4,25,8,30,0.22600000,19.75000000,27.66000000,0.22323466
2001-04-25T08:40:00,1,4,25,8,40,0.24033333,19.90000000,28.31166667,0.23667218
2001-04-25T08:50:00,1,4,25,8,50,0.25466667,20.05000000,28.96333333,0.25002375
2001-04-25T09:00:00,1,4,25,9,0,0.26900000,20.20000000,29.61500000,0.26328940
2001-04-25T09:10:00,1,4,25,9,10,0.29366667,20.10000000,30.37833333,0.28640126
2001-04-25T09:20:00,1,4,25,9,20,0.31833333,20.00000000,31.14166667,0.30933989
2001-04-25T09:30:00,1,4,25,9,30,0.34300000,19.90000000,31.90500000,0.33210529
2001-04-25T09:40:00,1,4,25,9,40,0.36766667,19.80000000,32.66833333,0.35469747
2001-04-25T09:50:00,1,4,25,9,50,0.39233333,19.70000000,33.43166667,0.37711642
2001-04-25T10:00:00,1,4,25,10,0,0.41700000,19.60000000,34.19500000,0.39936215
2001-04-25T10:10:00,1,4,25,10,10,0.37516667,19.65000000,32.78083333,0.36173876
2001-04-25T10:20:00,1,4,25,10,20,0.33333333,19.70000000,31.36666667,0.32357111
2001-04-25T10:30:00,1,4,25,10,30,0.29150000,19.75000000,29.95250000,0.28485919
2001-04-25T10:40:00,1,4,25,10,40,0.24966667,19.80000000,28.53833333,0.24560301
2001-04-25T10:50:00,1,4,25,10,50,0.20783333,19.85000000,27.12416667,0.20580256
2001-04-25T11:00:00,1,4,25,11,0,0.16600000,19.90000000,25.71000000,0.16545784
2001-04-25T11:10:00,1,4,25,11,10,0.18316667,19.86666667,26.27750000,0.18209029
2001-04-25T11:20:00,1,4,25,11,20,0.20033333,19.83333333,26.84500000,0.19863310
2001-04-25T11:30:00,1,4,25,11,30,0.21750000,19.80000000,27.41250000,0.21508629
2001-04-25T11:40:00,1,4,25,11,40,0.23466667,19.76666667,27.98000000,0.23144986
2001-04-25T11:50:00,1,4,25,11,50,0.25183333,19.73333333,28.54750000,0.24772379
2001-04-25T12:00:00,1,4,25,12,0,0.26900000,19.70000000,29.11500000,0.26390810
2001-04-25T12:10:00,1,4,25,12,10,0.27066667,19.83333333,29.30666667,0.26530458
2001-04-25T12:20:00,1,4,25,12,20,0.27233333,19.96666667,29.49833333,0.26669812
2001-04-25T12:30:00,1,4,25,12,30,0.27400000,20.10000000,29.69000000,0.26808872
2001-04-25T12:40:00,1,4,25,12,40,0.27566667,20.23333333,29.88166667,0.26947639
2001-04-25T12:50:00,1,4,25,12,50,0.27733333,20.36666667,30.07333333,0.27086111
2001-04-25T13:00:00,1,4,25,13,0,0.27900000,20.50000000,30.26500000,0.27224290
2001-04-25T13:10:00,1,4,25,13,10,0.24816667,20.40000000,29.08583333,0.24350242
2001-04-25T13:20:00,1,4,25,13,20,0.21733333,20.30000000,27.90666667,0.21442744
2001-04-25T13:30:00,1,4,25,13,30,0.18650000,20.20000000,26.72750000,0.18501798
2001-04-25T13:40:00,1,4,25,13,40,0.15566667,20.10000000,25.54833333,0.15527402
2001-04-25T13:50:00,1,4,25,13,50,0.12483333,20.00000000,24.36916667,0.12519558
2001-04-25T14:00:00,1,4,25,14,0,0.09400000,19.90000000,23.19000000,0.09478264
2001-04-25T14:10:00,1,4,25,14,10,0.09583333,19.98333333,23.33750000,0.09656622
2001-04-25T14:20:00,1,4,25,14,20,0.09766667,20.06666667,23.48500000,0.09834731
2001-04-25T14:30:00,1,4,25,14,30,0.09950000,20.15000000,23.63250000,0.10012590
2001-04-25T14:40:00,1,4,25,14,40,0.10133333,20.23333333,23.78000000,0.10190202
2001-04-25T14:50:00,1,4,25,14,50,0.10316667,20.31666667,23.92750000,0.10367564
2001-04-25T15:00:00,1,4,25,15,0,0.10500000,20.40000000,24.07500000,0.10544677
2001-04-25T15:10:00,1,4,25,15,10,0.10283333,20.41666667,24.01583333,0.10329888
2001-04-25T15:20:00,1,4,25,15,20,0.10066667,20.43333333,23.95666667,0.10114980
2001-04-25T15:30:00,1,4,25,15,30,0.09850000,20.45000000,23.89750000,0.09899954
2001-04-25T15:40:00,1,4,25,15,40,0.09633333,20.46666667,23.83833333,0.09684811
2001-04-25T15:50:00,1,4,25,15,50,0.09416667,20.48333333,23.77916667,0.09469549
2001-04-25T16:00:00,1,4,25,16,0,0.09200000,20.50000000,23.72000000,0.09254170
2001-04-25T16:10:00,1,4,25,16,10,0.07833333,20.51666667,23.25833333,0.07896091
2001-04-25T16:20:00,1,4,25,16,20,0.06466667,20.53333333,22.79666667,0.06532208
2001-04-25T16:30:00,1,4,25,16,30,0.05100000,20.55000000,22.33500000,0.05162521
2001-04-25T16:40:00,1,4,25,16,40,0.03733333,20.56666667,21.87333333,0.03787029
2001-04-25T16:50:00,1,4,25,16,50,0.02366667,20.58333333,21.41166667,0.02405732
2001-04-25T17:00:00,1,4,25,17,0,0.01000000,20.60000000,20.95000000,0.01018630
2001-04-25T17:10:00,1,4,25,17,10,0.00833333,20.66666667,20.95833333,0.00848826
2001-04-25T17:20:00,1,4,25,17,20,0.00666667,20.73333333,20.96666667,0.00679036
2001-04-25T17:30:00,1,4,25,17,30,0.00500000,20.80000000,20.97500000,0.00509258
2001-04-25T17:40:00,1,4,25,17,40,0.00333333,20.86666667,20.98333333,0.00339492
2001-04-25T17:50:00,1,4,25,17,50,0.00166667,20.93333333,20.99166667,0.00169740
2001-04-25T18:00:00,1,4,25,18,0,0.00000000,21.00000000,21.00000000,0.00000000
2001-04-25T18:10:00,1,4,25,18,10,0.00000000,21.00000000,21.00000000,0.00000000
2001-04-25T18:20:00,1,4,25,18,20,0.00000000,21.00000000,21.00000000,0.00000000
2001-04-25T18:30:00,1,4,25,18,30,0.00000000,21.00000000,21.00000000,0.00000000
2001-04-25T18:40:00,1,4,25,18,40,0.00000000,21.00000000,21.00000000,0.00000000
2001-04-25T18:50:00,1,4,25,18,50,0.00000000,21.00000000,21.00000000,0.00000000
2001-04-25T19:00:00,1,4,25,19,0,0.00000000,21.00000000,21.00000000,0.00000000
2001-04-25T19:10:00,1,4,25,19,10,0.00000000,20.93333333,20.93333333,0.00000000
2001-04-25T19:20:00,1,4,25,19,20,0.00000000,20.86666667,20.86666667,0.00000000
2001-04-25T19:30:00,1,4,25,19,30,0.00000000,20.80000000,20.80000000,0.00000000
2001-04-25T19:40:00,1,4,25,19,40,0.00000000,20.73333333,20.73333333,0.00000000
2001-04-25T19:50:00,1,4,25,19,50,0.00000000,20.66666667,20.66666667,0.00000000
2001-04-25T20:00:00,1,4,25,20,0,0.00000000,20.60000000,20.60000000,0.00000000
2001-04-25T20:10:00,1,4,25,20,10,0.00000000,20.65000000,20.65000000,0.00000000
2001-04-25T20:20:00,1,4,25,20,20,0.00000000,20.70000000,20.70000000,0.00000000
2001-04-25T20:30:00,1,4,25,20,30,0.00000000,20.75000000,20.75000000,0.00000000
2001-04-25T20:40:00,1,4,25,20,40,0.00000000,20.80000000,20.80000000,0.00000000
2001-04-25T20:50:00,1,4,25,20,50,0.00000000,20.85000000,20.85000000,0.00000000
2001-04-25T21:00:00,1,4,25,21,0,0.00000000,20.90000000,20.90000000,0.00000000
2001-04-25T21:10:00,1,4,25,21,10,0.00000000,20.90000000,20.90000000,0.00000000
2001-04-25T21:20:00,1,4,25,21,20,0.00000000,20.90000000,20.90000000,0.00000000
2001-04-25T21:30:00,1,4,25,21,30,0.00000000,20.90000000,20.90000000,0.00000000
2001-04-25T21:40:00,1,4,25,21,40,0.00000000,20.90000000,20.90000000,0.00000000
2001-04-25T21:50:00,1,4,25,21,50,0.00000000,20.90000000,20.90000000,0.00000000
2001-04-25T22:00:00,1,4,25,22,0,0.00000000,20.90000000,20.90000000,0.00000000
2001-04-25T22:10:00,1,4,25,22,10,0.00000000,20.86666667,20.86666667,0.00000000
2001-04-25T22:20:00,1,4,25,22,20,0.00000000,20.83333333,20.83333333,0.00000000
2001-04-25T22:30:00,1,4,25,22,30,0.00000000,20.80000000,20.80000000,0.00000000
2001-04-25T22:40:00,1,4,25,22,40,0.00000000,20.76666667,20.76666667,0.00000000
2001-04-25T22:50:00,1,4,25,22,50,0.00000000,20.73333333,20.73333333,0.00000000
2001-04-25T23:00:00,1,4,25,23,0,0.00000000,20.70000000,20.70000000,0.00000000
2001-04-25T23:10:00,1,4,25,23,10,0.00000000,20.65000000,20.65000000,0.00000000
2001-04-25T23:20:00,1,4,25,23,20,0.00000000,20.60000000,20.60000000,0.00000000
2001-04-25T23:30:00,1,4,25,23,30,0.00000000,20.55000000,20.55000000,0.00000000
2001-04-25T23:40:00,1,4,25,23,40,0.00000000,20.50000000,20.50000000,0.00000000
2001-04-25T23:50:00,1,4,25,23,50,0.00000000,20.45000000,20.45000000,0.00000000
2001-04-26T00:00:00,1,4,26,0,0,0.00000000,20.40000000,20.40000000,0.00000000
2001-04-26T00:10:00,1,4,26,0,10,0.00000000,20.45000000,20.45000000,0.00000000
2001-04-26T00:20:00,1,4,26,0,20,0.00000000,20.50000000,20.50000000,0.00000000
2001-04-26T00:30:00,1,4,26,0,30,0.00000000,20.55000000,20.55000000,0.00000000
2001-04-26T00:40:00,1,4,26,0,40,0.00000000,20.60000000,20.60000000,0.00000000
2001-04-26T00:50:00,1,4,26,0,50,0.00000000,20.65000000,20.65000000,0.00000000
2001-04-26T01:00:00,1,4,26,1,0,0.00000000,20.70000000,20.70000000,0.00000000
2001-04-26T01:10:00,1,4,26,1,10,0.00000000,20.58333333,20.58333333,0.00000000
2001-04-26T01:20:00,1,4,26,1,20,0.00000000,20.46666667,20.46666667,0.00000000
2001-04-26T01:30:00,1,4,26,1,30,0.00000000,20.35000000,20.35000000,0.00000000
2001-04-26T01:40:00,1,4,26,1,40,0.00000000,20.23333333,20.23333333,0.00000000
2001-04-26T01:50:00,1,4,26,1,50,0.00000000,20.11666667,20.11666667,0.00000000
2001-04-26T02:00:00,1,4,26,2,0,0.00000000,20.00000000,20.00000000,0.00000000
2001-04-26T02:10:00,1,4,26,2,10,0.00000000,20.00000000,20.00000000,0.00000000
2001-04-26T02:20:00,1,4,26,2,20,0.00000000,20.00000000,20.00000000,0.00000000
2001-04-26T02:30:00,1,4,26,2,30,0.00000000,20.00000000,20.00000000,0.00000000
2001-04-26T02:40:00,1,4,26,2,40,0.00000000,20.00000000,20.00000000,0.00000000
2001-04-26T02:50:00,1,4,26,2,50,0.00000000,20.00000000,20.00000000,0.00000000
2001-04-26T03:00:00,1,4,26,3,0,0.00000000,20.00000000,20.00000000,0.00000000
2001-04-26T03:10:00,1,4,26,3,10,0.00000000,20.05000000,20.05000000,0.00000000
2001-04-26T03:20:00,1,4,26,3,20,0.00000000,20.10000000,20.10000000,0.00000000
2001-04-26T03:30:00,1,4,26,3,30,0.00000000,20.15000000,20.15000000,0.00000000
2001-04-26T03:40:00,1,4,26,3,40,0.00000000,20.20000000,20.20000000,0.00000000
2001-04-26T03:50:00,1,4,26,3,50,0.00000000,20.25000000,20.25000000,0.00000000
2001-04-26T04:00:00,1,4,26,4,0,0.00000000,20.30000000,20.30000000,0.00000000
2001-04-26T04:10:00,1,4,26,4,10,0.00000000,20.28333333,20.28333333,0.00000000
2001-04-26T04:20:00,1,4,26,4,20,0.00000000,20.26666667,20.26666667,0.00000000
2001-04-26T04:30:00,1,4,26,4,30,0.00000000,20.25000000,20.25000000,0.00000000
2001-04-26T04:40:00,1,4,26,4,40,0.00000000,20.23333333,20.23333333,0.00000000
2001-04-26T04:50:00,1,4,26,4,50,0.00000000,20.21666667,20.21666667,0.00000000
2001-04-26T05:00:00,1,4,26,5,0,0.00000000,20.20000000,20.20000000,0.00000000
2001-04-26T05:10:00,1,4,26,5,10,0.00150000,20.18333333,20.23583333,0.00153287
2001-04-26T05:20:00,1,4,26,5,20,0.00300000,20.16666667,20.27166667,0.00306525
2001-04-26T05:30:00,1,4,26,5,30,0.00450000,20.15000000,20.30750000,0.00459713
2001-04-26T05:40:00,1,4,26,5,40,0.00600000,20.13333333,20.34333333,0.00612852
2001-04-26T05:50:00,1,4,26,5,50,0.00750000,20.11666667,20.37916667,0.00765942
2001-04-26T06:00:00,1,4,26,6,0,0.00900000,20.10000000,20.41500000,0.00918982
2001-04-26T06:10:00,1,4,26,6,10,0.01350000,20.10000000,20.57250000,0.01377495
2001-04-26T06:20:00,1,4,26,6,20,0.01800000,20.10000000,20.73000000,0.01835356
2001-04-26T06:30:00,1,4,26,6,30,0.02250000,20.10000000,20.88750000,0.02292564
2001-04-26T06:40:00,1,4,26,6,40,0.02700000,20.10000000,21.04500000,0.02749121
2001-04-26T06:50:00,1,4,26,6,50,0.03150000,20.10000000,21.20250000,0.03205026
2001-04-26T07:00:00,1,4,26,7,0,0.03600000,20.10000000,21.36000000,0.03660278
2001-04-26T07:10:00,1,4,26,7,10,0.05600000,20.21666667,22.17666667,0.05672729
2001-04-26T07:20:00,1,4,26,7,20,0.07600000,20.33333333,22.99333333,0.07670153
2001-04-26T07:30:00,1,4,26,7,30,0.09600000,20.45000000,23.81000000,0.09652550
2001-04-26T07:40:00,1,4,26,7,40,0.11600000,20.56666667,24.62666667,0.11619921
2001-04-26T07:50:00,1,4,26,7,50,0.13600000,20.68333333,25.44333333,0.13572265
2001-04-26T08:00:00,1,4,26,8,0,0.15600000,20.80000000,26.26000000,0.15509582
2001-04-26T08:10:00,1,4,26,8,10,0.17533333,21.08333333,27.22000000,0.17354283
2001-04-26T08:20:00,1,4,26,8,20,0.19466667,21.36666667,28.18000000,0.19181908
2001-04-26T08:30:00,1,4,26,8,30,0.21400000,21.65000000,29.14000000,0.20992458
2001-04-26T08:40:00,1,4,26,8,40,0.23333333,21.93333333,30.10000000,0.22785933
2001-04-26T08:50:00,1,4,26,8,50,0.25266667,22.21666667,31.06000000,0.24562333
2001-04-26T09:00:00,1,4,26,9,0,0.27200000,22.50000000,32.02000000,0.26321658
2001-04-26T09:10:00,1,4,26,9,10,0.30100000,22.78333333,33.31833333,0.28948244
2001-04-26T09:20:00,1,4,26,9,20,0.33000000,23.06666667,34.61666667,0.31540190
2001-04-26T09:30:00,1,4,26,9,30,0.35900000,23.35000000,35.91500000,0.34097497
2001-04-26T09:40:00,1,4,26,9,40,0.38800000,23.63333333,37.21333333,0.36620164
2001-04-26T09:50:00,1,4,26,9,50,0.41700000,23.91666667,38.51166667,0.39108192
2001-04-26T10:00:00,1,4,26,10,0,0.44600000,24.20000000,39.81000000,0.41561580
2001-04-26T10:10:00,1,4,26,10,10,0.39116667,24.71666667,38.40750000,0.36704166
2001-04-26T10:20:00,1,4,26,10,20,0.33633333,25.23333333,37.00500000,0.31776000
2001-04-26T10:30:00,1,4,26,10,30,0.28150000,25.75000000,35.60250000,0.26777082
2001-04-26T10:40:00,1,4,26,10,40,0.22666667,26.26666667,34.20000000,0.21707413
2001-04-26T10:50:00,1,4,26,10,50,0.17183333,26.78333333,32.79750000,0.16566993
2001-04-26T11:00:00,1,4,26,11,0,0.11700000,27.30000000,31.39500000,0.11355821
2001-04-26T11:10:00,1,4,26,11,10,0.16166667,26.33333333,31.99166667,0.15646720
2001-04-26T11:20:00,1,4,26,11,20,0.20633333,25.36666667,32.58833333,0.19913099
2001-04-26T11:30:00,1,4,26,11,30,0.25100000,24.40000000,33.18500000,0.24154960
2001-04-26T11:40:00,1,4,26,11,40,0.29566667,23.43333333,33.78166667,0.28372301
2001-04-26T11:50:00,1,4,26,11,50,0.34033333,22.46666667,34.37833333,0.32565124
2001-04-26T12:00:00,1,4,26,12,0,0.38500000,21.50000000,34.97500000,0.36733428
2001-04-26T12:10:00,1,4,26,12,10,0.38333333,22.25000000,35.66666667,0.36452444
2001-04-26T12:20:00,1,4,26,12,20,0.38166667,23.00000000,36.35833333,0.36172522
2001-04-26T12:30:00,1,4,26,12,30,0.38000000,23.75000000,37.05000000,0.35893660
2001-04-26T12:40:00,1,4,26,12,40,0.37833333,24.50000000,37.74166667,0.35615859
2001-04-26T12:50:00,1,4,26,12,50,0.37666667,25.25000000,38.43333333,0.35339118
2001-04-26T13:00:00,1,4,26,13,0,0.37500000,26.00000000,39.12500000,0.35063437
2001-04-26T13:10:00,1,4,26,13,10,0.34800000,26.10000000,38.28000000,0.32674138
2001-04-26T13:20:00,1,4,26,13,20,0.32100000,26.20000000,37.43500000,0.30263848
2001-04-26T13:30:00,1,4,26,13,30,0.29400000,26.30000000,36.59000000,0.27832568
2001-04-26T13:40:00,1,4,26,13,40,0.26700000,26.40000000,35.74500000,0.25380299
2001-04-26T13:50:00,1,4,26,13,50,0.24000000,26.50000000,34.90000000,0.22907040
2001-04-26T14:00:00,1,4,26,14,0,0.21300000,26.60000000,34.05500000,0.20412791
2001-04-26T14:10:00,1,4,26,14,10,0.18366667,26.03333333,32.46166667,0.17736255
2001-04-26T14:20:00,1,4,26,14,20,0.15433333,25.46666667,30.86833333,0.15016721
2001-04-26T14:30:00,1,4,26,14,30,0.12500000,24.90000000,29.27500000,0.12254187
2001-04-26T14:40:00,1,4,26,14,40,0.09566667,24.33333333,27.68166667,0.09448655
2001-04-26T14:50:00,1,4,26,14,50,0.06633333,23.76666667,26.08833333,0.06600125
2001-04-26T15:00:00,1,4,26,15,0,0.03700000,23.20000000,24.49500000,0.03708595
2001-04-26T15:10:00,1,4,26,15,10,0.04750000,22.76666667,24.42916667,0.04762473
2001-04-26T15:20:00,1,4,26,15,20,0.05800000,22.33333333,24.36333333,0.05816986
2001-04-26T15:30:00,1,4,26,15,30,0.06850000,21.90000000,24.29750000,0.06872136
2001-04-26T15:40:00,1,4,26,15,40,0.07900000,21.46666667,24.23166667,0.07927921
2001-04-26T15:50:00,1,4,26,15,50,0.08950000,21.03333333,24.16583333,0.08984343
2001-04-26T16:00:00,1,4,26,16,0,0.10000000,20.60000000,24.10000000,0.10041400
2001-04-26T16:10:00,1,4,26,16,10,0.08516667,20.75000000,23.73083333,0.08566388
2001-04-26T16:20:00,1,4,26,16,20,0.07033333,20.90000000,23.36166667,0.07086339
2001-04-26T16:30:00,1,4,26,16,30,0.05550000,21.05000000,22.99250000,0.05601251
2001-04-26T16:40:00,1,4,26,16,40,0.04066667,21.20000000,22.62333333,0.04111126
2001-04-26T16:50:00,1,4,26,16,50,0.02583333,21.35000000,22.25416667,0.02615963
2001-04-26T17:00:00,1,4,26,17,0,0.01100000,21.50000000,21.88500000,0.01115762
2001-04-26T17:10:00,1,4,26,17,10,0.00916667,21.20000000,21.52083333,0.00931337
2001-04-26T17:20:00,1,4,26,17,20,0.00733333,20.90000000,21.15666667,0.00746298
2001-04-26T17:30:00,1,4,26,17,30,0.00550000,20.60000000,20.79250000,0.00560645
2001-04-26T17:40:00,1,4,26,17,40,0.00366667,20.30000000,20.42833333,0.00374378
2001-04-26T17:50:00,1,4,26,17,50,0.00183333,20.00000000,20.06416667,0.00187496
2001-04-26T18:00:00,1,4,26,18,0,0.00000000,19.70000000,19.70000000,0.00000000
2001-04-26T18:10:00,1,4,26,18,10,0.00000000,19.65000000,19.65000000,0.00000000
2001-04-26T18:20:00,1,4,26,18,20,0.00000000,19.60000000,19.60000000,0.00000000
2001-04-26T18:30:00,1,4,26,18,30,0.00000000,19.55000000,19.55000000,0.00000000
2001-04-26T18:40:00,1,4,26,18,40,0.00000000,19.50000000,19.50000000,0.00000000
2001-04-26T18:50:00,1,4,26,18,50,0.00000000,19.45000000,19.45000000,0.00000000
2001-04-26T19:00:00,1,4,26,19,0,0.00000000,19.40000000,19.40000000,0.00000000
2001-04-26T19:10:00,1,4,26,19,10,0.00000000,19.43333333,19.43333333,0.00000000
2001-04-26T19:20:00,1,4,26,19,20,0.00000000,19.46666667,19.46666667,0.00000000
2001-04-26T19:30:00,1,4,26,19,30,0.00000000,19.50000000,19.50000000,0.00000000
2001-04-26T19:40:00,1,4,26,19,40,0.00000000,19.53333333,19.53333333,0.00000000
2001-04-26T19:50:00,1,4,26,19,50,0.00000000,19.56666667,19.56666667,0.00000000
2001-04-26T20:00:00,1,4,26,20,0,0.00000000,19.60000000,19.60000000,0.00000000
2001-04-26T20:10:00,1,4,26,20,10,0.00000000,19.53333333,19.53333333,0.00000000
2001-04-26T20:20:00,1,4,26,20,20,0.00000000,19.46666667,19.46666667,0.00000000
2001-04-26T20:30:00,1,4,26,20,30,0.00000000,19.40000000,19.40000000,0.00000000
2001-04-26T20:40:00,1,4,26,20,40,0.00000000,19.33333333,19.33333333,0.00000000
2001-04-26T20:50:00,1,4,26,20,50,0.00000000,19.26666667,19.26666667,0.00000000
2001-04-26T21:00:00,1,4,26,21,0,0.00000000,19.20000000,19.20000000,0.00000000
2001-04-26T21:10:00,1,4,26,21,10,0.00000000,19.16666667,19.16666667,0.00000000
2001-04-26T21:20:00,1,4,26,21,20,0.00000000,19.13333333,19.13333333,0.00000000
2001-04-26T21:30:00,1,4,26,21,30,0.00000000,19.10000000,19.10000000,0.00000000
2001-04-26T21:40:00,1,4,26,21,40,0.00000000,19.06666667,19.06666667,0.00000000
2001-04-26T21:50:00,1,4,26,21,50,0.00000000,19.03333333,19.03333333,0.00000000
2001-04-26T22:00:00,1,4,26,22,0,0.00000000,19.00000000,19.00000000,0.00000000
2001-04-26T22:10:00,1,4,26,22,10,0.00000000,19.01666667,19.01666667,0.00000000
2001-04-26T22:20:00,1,4,26,22,20,0.00000000,19.03333333,19.03333333,0.00000000
2001-04-26T22:30:00,1,4,26,22,30,0.00000000,19.05000000,19.05000000,0.00000000
2001-04-26T22:40:00,1,4,26,22,40,0.00000000,19.06666667,19.06666667,0.00000000
2001-04-26T22:50:00,1,4,26,22,50,0.00000000,19.08333333,19.08333333,0.00000000
2001-04-26T23:00:00,1,4,26,23,0,0.00000000,19.10000000,19.10000000,0.00000000
2001-04-26T23:10:00,1,4,26,23,10,0.00000000,19.21666667,19.21666667,0.00000000
2001-04-26T23:20:00,1,4,26,23,20,0.00000000,19.33333333,19.33333333,0.00000000
2001-04-26T23:30:00,1,4,26,23,30,0.00000000,19.45000000,19.45000000,0.00000000
2001-04-26T23:40:00,1,4,26,23,40,0.00000000,19.56666667,19.56666667,0.00000000
2001-04-26T23:50:00,1,4,26,23,50,0.00000000,19.68333333,19.68333333,0.00000000
2001-04-27T00:00:00,1,4,27,0,0,0.00000000,19.80000000,19.80000000,0.00000000
2001-04-27T00:10:00,1,4,27,0,10,0.00000000,19.83333333,19.83333333,0.00000000
2001-04-27T00:20:00,1,4,27,0,20,0.00000000,19.86666667,19.86666667,0.00000000
2001-04-27T00:30:00,1,4,27,0,30,0.00000000,19.90000000,19.90000000,0.00000000
2001-04-27T00:40:00,1,4,27,0,40,0.00000000,19.93333333,19.93333333,0.00000000
2001-04-27T00:50:00,1,4,27,0,50,0.00000000,19.96666667,19.96666667,0.00000000
2001-04-27T01:00:00,1,4,27,1,0,0.00000000,20.00000000,20.00000000,0.00000000
2001-04-27T01:10:00,1,4,27,1,10,0.00000000,19.91666667,19.91666667,0.00000000
2001-04-27T01:20:00,1,4,27,1,20,0.00000000,19.83333333,19.83333333,0.00000000
2001-04-27T01:30:00,1,4,27,1,30,0.00000000,19.75000000,19.75000000,0.00000000
2001-04-27T01:40:00,1,4,27,1,40,0.00000000,19.66666667,19.66666667,0.00000000
2001-04-27T01:50:00,1,4,27,1,50,0.00000000,19.58333333,19.58333333,0.00000000
2001-04-27T02:00:00,1,4,27,2,0,0.00000000,19.50000000,19.50000000,0.00000000
2001-04-27T02:10:00,1,4,27,2,10,0.00000000,19.55000000,19.55000000,0.00000000
2001-04-27T02:20:00,1,4,27,2,20,0.00000000,19.60000000,19.60000000,0.00000000
2001-04-27T02:30:00,1,4,27,2,30,0.00000000,19.65000000,19.65000000,0.00000000
2001-04-27T02:40:00,1,4,27,2,40,0.00000000,19.70000000,19.70000000,0.00000000
2001-04-27T02:50:00,1,4,27,2,50,0.00000000,19.75000000,19.75000000,0.00000000
2001-04-27T03:00:00,1,4,27,3,0,0.00000000,19.80000000,19.80000000,0.00000000
2001-04-27T03:10:00,1,4,27,3,10,0.00000000,19.80000000,19.80000000,0.00000000
2001-04-27T03:20:00,1,4,27,3,20,0.00000000,19.80000000,19.80000000,0.00000000
2001-04-27T03:30:00,1,4,27,3,30,0.00000000,19.80000000,19.80000000,0.00000000
2001-04-27T03:40:00,1,4,27,3,40,0.00000000,19.80000000,19.80000000,0.00000000
2001-04-27T03:50:00,1,4,27,3,50,0.00000000,19.80000000,19.80000000,0.00000000
2001-04-27T04:00:00,1,4,27,4,0,0.00000000,19.80000000,19.80000000,0.00000000
2001-04-27T04:10:00,1,4,27,4,10,0.00000000,19.81666667,19.81666667,0.00000000
2001-04-27T04:20:00,1,4,27,4,20,0.00000000,19.83333333,19.83333333,0.00000000
2001-04-27T04:30:00,1,4,27,4,30,0.00000000,19.85000000,19.85000000,0.00000000
2001-04-27T04:40:00,1,4,27,4,40,0.00000000,19.86666667,19.86666667,0.00000000
2001-04-27T04:50:00,1,4,27,4,50,0.00000000,19.88333333,19.88333333,0.00000000
2001-04-27T05:00:00,1,4,27,5,0,0.00000000,19.90000000,19.90000000,0.00000000
2001-04-27T05:10:00,1,4,27,5,10,0.00100000,20.00000000,20.03500000,0.00102284
2001-04-27T05:20:00,1,4,27,5,20,0.00200000,20.10000000,20.17000000,0.00204444
2001-04-27T05:30:00,1,4,27,5,30,0.00300000,20.20000000,20.30500000,0.00306479
2001-04-27T05:40:00,1,4,27,5,40,0.00400000,20.30000000,20.44000000,0.00408390
2001-04-27T05:50:00,1,4,27,5,50,0.00500000,20.40000000,20.57500000,0.00510177
2001-04-27T06:00:00,1,4,27,6,0,0.00600000,20.50000000,20.71000000,0.00611840
2001-04-27T06:10:00,1,4,27,6,10,0.00916667,20.43333333,20.75416667,0.00934570
2001-04-27T06:20:00,1,4,27,6,20,0.01233333,20.36666667,20.79833333,0.01257171
2001-04-27T06:30:00,1,4,27,6,30,0.01550000,20.30000000,20.84250000,0.01579643
2001-04-27T06:40:00,1,4,27,6,40,0.01866667,20.23333333,20.88666667,0.01901986
2001-04-27T06:50:00,1,4,27,6,50,0.02183333,20.16666667,20.93083333,0.02224201
2001-04-27T07:00:00,1,4,27,7,0,0.02500000,20.10000000,20.97500000,0.02546288
2001-04-27T07:10:00,1,4,27,7,10,0.02616667,20.01666667,20.93250000,0.02665626
2001-04-27T07:20:00,1,4,27,7,20,0.02733333,19.93333333,20.89000000,0.02785010
2001-04-27T07:30:00,1,4,27,7,30,0.02850000,19.85000000,20.84750000,0.02904439
2001-04-27T07:40:00,1,4,27,7,40,0.02966667,19.76666667,20.80500000,0.03023914
2001-04-27T07:50:00,1,4,27,7,50,0.03083333,19.68333333,20.76250000,0.03143435
2001-04-27T08:00:00,1,4,27,8,0,0.03200000,19.60000000,20.72000000,0.03263002
2001-04-27T08:10:00,1,4,27,8,10,0.06600000,19.53333333,21.84333333,0.06695836
2001-04-27T08:20:00,1,4,27,8,20,0.10000000,19.46666667,22.96666667,0.10093533
2001-04-27T08:30:00,1,4,27,8,30,0.13400000,19.40000000,24.09000000,0.13456092
2001-04-27T08:40:00,1,4,27,8,40,0.16800000,19.33333333,25.21333333,0.16783514
2001-04-27T08:50:00,1,4,27,8,50,0.20200000,19.26666667,26.33666667,0.20075797
2001-04-27T09:00:00,1,4,27,9,0,0.23600000,19.20000000,27.46000000,0.23332942
2001-04-27T09:10:00,1,4,27,9,10,0.25633333,19.23333333,28.20500000,0.25255421
2001-04-27T09:20:00,1,4,27,9,20,0.27666667,19.26666667,28.95000000,0.27163963
2001-04-27T09:30:00,1,4,27,9,30,0.29700000,19.30000000,29.69500000,0.29058569
2001-04-27T09:40:00,1,4,27,9,40,0.31733333,19.33333333,30.44000000,0.30939238
2001-04-27T09:50:00,1,4,27,9,50,0.33766667,19.36666667,31.18500000,0.32805971
2001-04-27T10:00:00,1,4,27,10,0,0.35800000,19.40000000,31.93000000,0.34658768
2001-04-27T10:10:00,1,4,27,10,10,0.33266667,19.35000000,30.99333333,0.32349527
2001-04-27T10:20:00,1,4,27,10,20,0.30733333,19.30000000,30.05666667,0.30018456
2001-04-27T10:30:00,1,4,27,10,30,0.28200000,19.25000000,29.12000000,0.27665554
2001-04-27T10:40:00,1,4,27,10,40,0.25666667,19.20000000,28.18333333,0.25290821
2001-04-27T10:50:00,1,4,27,10,50,0.23133333,19.15000000,27.24666667,0.22894258
2001-04-27T11:00:00,1,4,27,11,0,0.20600000,19.10000000,26.31000000,0.20475864
2001-04-27T11:10:00,1,4,27,11,10,0.22216667,19.05000000,26.82583333,0.22030073
2001-04-27T11:20:00,1,4,27,11,20,0.23833333,19.00000000,27.34166667,0.23576609
2001-04-27T11:30:00,1,4,27,11,30,0.25450000,18.95000000,27.85750000,0.25115472
2001-04-27T11:40:00,1,4,27,11,40,0.27066667,18.90000000,28.37333333,0.26646664
2001-04-27T11:50:00,1,4,27,11,50,0.28683333,18.85000000,28.88916667,0.28170184
2001-04-27T12:00:00,1,4,27,12,0,0.30300000,18.80000000,29.40500000,0.29686031
2001-04-27T12:10:00,1,4,27,12,10,0.29850000,18.81666667,29.26416667,0.29264487
2001-04-27T12:20:00,1,4,27,12,20,0.29400000,18.83333333,29.12333333,0.28842360
2001-04-27T12:30:00,1,4,27,12,30,0.28950000,18.85000000,28.98250000,0.28419650
2001-04-27T12:40:00,1,4,27,12,40,0.28500000,18.86666667,28.84166667,0.27996358
2001-04-27T12:50:00,1,4,27,12,50,0.28050000,18.88333333,28.70083333,0.27572481
2001-04-27T13:00:00,1,4,27,13,0,0.27600000,18.90000000,28.56000000,0.27148022
2001-04-27T13:10:00,1,4,27,13,10,0.27716667,18.96666667,28.66750000,0.27249073
2001-04-27T13:20:00,1,4,27,13,20,0.27833333,19.03333333,28.77500000,0.27350008
2001-04-27T13:30:00,1,4,27,13,30,0.27950000,19.10000000,28.88250000,0.27450827
2001-04-27T13:40:00,1,4,27,13,40,0.28066667,19.16666667,28.99000000,0.27551531
2001-04-27T13:50:00,1,4,27,13,50,0.28183333,19.23333333,29.09750000,0.27652120
2001-04-27T14:00:00,1,4,27,14,0,0.28300000,19.30000000,29.20500000,0.27752593
2001-04-27T14:10:00,1,4,27,14,10,0.24483333,19.30000000,27.86916667,0.24160198
2001-04-27T14:20:00,1,4,27,14,20,0.20666667,19.30000000,26.53333333,0.20520898
2001-04-27T14:30:00,1,4,27,14,30,0.16850000,19.30000000,25.19750000,0.16834692
2001-04-27T14:40:00,1,4,27,14,40,0.13033333,19.30000000,23.86166667,0.13101580
2001-04-27T14:50:00,1,4,27,14,50,0.09216667,19.30000000,22.52583333,0.09321563
2001-04-27T15:00:00,1,4,27,15,0,0.05400000,19.30000000,21.19000000,0.05494640
2001-04-27T15:10:00,1,4,27,15,10,0.04533333,19.35000000,20.93666667,0.04618067
2001-04-27T15:20:00,1,4,27,15,20,0.03666667,19.40000000,20.68333333,0.03739474
2001-04-27T15:30:00,1,4,27,15,30,0.02800000,19.45000000,20.43000000,0.02858862
2001-04-27T15:40:00,1,4,27,15,40,0.01933333,19.50000000,20.17666667,0.01976229
2001-04-27T15:50:00,1,4,27,15,50,0.01066667,19.55000000,19.92333333,0.01091576
2001-04-27T16:00:00,1,4,27,16,0,0.00200000,19.60000000,19.67000000,0.00204904
2001-04-27T16:10:00,1,4,27,16,10,0.00300000,19.66666667,19.77166667,0.00307215
2001-04-27T16:20:00,1,4,27,16,20,0.00400000,19.73333333,19.87333333,0.00409433
2001-04-27T16:30:00,1,4,27,16,30,0.00500000,19.80000000,19.97500000,0.00511557
2001-04-27T16:40:00,1,4,27,16,40,0.00600000,19.86666667,20.07666667,0.00613588
2001-04-27T16:50:00,1,4,27,16,50,0.00700000,19.93333333,20.17833333,0.00715526
2001-04-27T17:00:00,1,4,27,17,0,0.00800000,20.00000000,20.28000000,0.00817370
2001-04-27T17:10:00,1,4,27,17,10,0.00666667,20.08333333,20.31666667,0.00681029
2001-04-27T17:20:00,1,4,27,17,20,0.00533333,20.16666667,20.35333333,0.00544733
2001-04-27T17:30:00,1,4,27,17,30,0.00400000,20.25000000,20.39000000,0.00408482
2001-04-27T17:40:00,1,4,27,17,40,0.00266667,20.33333333,20.42666667,0.00272277
2001-04-27T17:50:00,1,4,27,17,50,0.00133333,20.41666667,20.46333333,0.00136116
2001-04-27T18:00:00,1,4,27,18,0,0.00000000,20.50000000,20.50000000,0.00000000
2001-04-27T18:10:00,1,4,27,18,10,0.00000000,20.53333333,20.53333333,0.00000000
2001-04-27T18:20:00,1,4,27,18,20,0.00000000,20.56666667,20.56666667,0.00000000
2001-04-27T18:30:00,1,4,27,18,30,0.00000000,20.60000000,20.60000000,0.00000000
2001-04-27T18:40:00,1,4,27,18,40,0.00000000,20.63333333,20.63333333,0.00000000
2001-04-27T18:50:00,1,4,27,18,50,0.00000000,20.66666667,20.66666667,0.00000000
2001-04-27T19:00:00,1,4,27,19,0,0.00000000,20.70000000,20.70000000,0.00000000
2001-04-27T19:10:00,1,4,27,19,10,0.00000000,20.71666667,20.71666667,0.00000000
2001-04-27T19:20:00,1,4,27,19,20,0.00000000,20.73333333,20.73333333,0.00000000
2001-04-27T19:30:00,1,4,27,19,30,0.00000000,20.75000000,20.75000000,0.00000000
2001-04-27T19:40:00,1,4,27,19,40,0.00000000,20.76666667,20.76666667,0.00000000
2001-04-27T19:50:00,1,4,27,19,50,0.00000000,20.78333333,20.78333333,0.00000000
2001-04-27T20:00:00,1,4,27,20,0,0.00000000,20.80000000,20.80000000,0.00000000
2001-04-27T20:10:00,1,4,27,20,10,0.00000000,20.83333333,20.83333333,0.00000000
2001-04-27T20:20:00,1,4,27,20,20,0.00000000,20.86666667,20.86666667,0.00000000
2001-04-27T20:30:00,1,4,27,20,30,0.00000000,20.90000000,20.90000000,0.00000000
2001-04-27T20:40:00,1,4,27,20,40,0.00000000,20.93333333,20.93333333,0.00000000
2001-04-27T20:50:00,1,4,27,20,50,0.00000000,20.96666667,20.96666667,0.00000000
2001-04-27T21:00:00,1,4,27,21,0,0.00000000,21.00000000,21.00000000,0.00000000
2001-04-27T21:10:00,1,4,27,21,10,0.00000000,21.03333333,21.03333333,0.00000000
2001-04-27T21:20:00,1,4,27,21,20,0.00000000,21.06666667,21.06666667,0.00000000
2001-04-27T21:30:00,1,4,27,21,30,0.00000000,21.10000000,21.10000000,0.00000000
2001-04-27T21:40:00,1,4,27,21,40,0.00000000,21.13333333,21.13333333,0.00000000
2001-04-27T21:50:00,1,4,27,21,50,0.00000000,21.16666667,21.16666667,0.00000000
2001-04-27T22:00:00,1,4,27,22,0,0.00000000,21.20000000,21.20000000,0.00000000
2001-04-27T22:10:00,1,4,27,22,10,0.00000000,21.15000000,21.15000000,0.00000000
2001-04-27T22:20:00,1,4,27,22,20,0.00000000,21.10000000,21.10000000,0.00000000
2001-04-27T22:30:00,1,4,27,22,30,0.00000000,21.05000000,21.05000000,0.00000000
2001-04-27T22:40:00,1,4,27,22,40,0.00000000,21.00000000,21.00000000,0.00000000
2001-04-27T22:50:00,1,4,27,22,50,0.00000000,20.95000000,20.95000000,0.00000000
2001-04-27T23:00:00,1,4,27,23,0,0.00000000,20.90000000,20.90000000,0.00000000
2001-04-27T23:10:00,1,4,27,23,10,0.00000000,20.71666667,20.71666667,0.00000000
2001-04-27T23:20:00,1,4,27,23,20,0.00000000,20.53333333,20.53333333,0.00000000
2001-04-27T23:30:00,1,4,27,23,30,0.00000000,20.35000000,20.35000000,0.00000000
2001-04-27T23:40:00,1,4,27,23,40,0.00000000,20.16666667,20.16666667,0.00000000
2001-04-27T23:50:00,1,4,27,23,50,0.00000000,19.98333333,19.98333333,0.00000000
2001-04-28T00:00:00,1,4,28,0,0,0.00000000,19.80000000,19.80000000,0.00000000
2001-04-28T00:10:00,1,4,28,0,10,0.00000000,19.81666667,19.81666667,0.00000000
2001-04-28T00:20:00,1,4,28,0,20,0.00000000,19.83333333,19.83333333,0.00000000
2001-04-28T00:30:00,1,4,28,0,30,0.00000000,19.85000000,19.85000000,0.00000000
2001-04-28T00:40:00,1,4,28,0,40,0.00000000,19.86666667,19.86666667,0.00000000
2001-04-28T00:50:00,1,4,28,0,50,0.00000000,19.88333333,19.88333333,0.00000000
2001-04-28T01:00:00,1,4,28,1,0,0.00000000,19.90000000,19.90000000,0.00000000
2001-04-28T01:10:00,1,4,28,1,10,0.00000000,19.95000000,19.95000000,0.00000000
2001-04-28T01:20:00,1,4,28,1,20,0.00000000,20.00000000,20.00000000,0.00000000
2001-04-28T01:30:00,1,4,28,1,30,0.00000000,20.05000000,20.05000000,0.00000000
2001-04-28T01:40:00,1,4,28,1,40,0.00000000,20.10000000,20.10000000,0.00000000
2001-04-28T01:50:00,1,4,28,1,50,0.00000000,20.15000000,20.15000000,0.00000000
2001-04-28T02:00:00,1,4,28,2,0,0.00000000,20.20000000,20.20000000,0.00000000
2001-04-28T02:10:00,1,4,28,2,10,0.00000000,20.08333333,20.08333333,0.00000000
2001-04-28T02:20:00,1,4,28,2,20,0.00000000,19.96666667,19.96666667,0.00000000
2001-04-28T02:30:00,1,4,28,2,30,0.00000000,19.85000000,19.85000000,0.00000000
2001-04-28T02:40:00,1,4,28,2,40,0.00000000,19.73333333,19.73333333,0.00000000
2001-04-28T02:50:00,1,4,28,2,50,0.00000000,19.61666667,19.61666667,0.00000000
2001-04-28T03:00:00,1,4,28,3,0,0.00000000,19.50000000,19.50000000,0.00000000
2001-04-28T03:10:00,1,4,28,3,10,0.00000000,19.45000000,19.45000000,0.00000000
2001-04-28T03:20:00,1,4,28,3,20,0.00000000,19.40000000,19.40000000,0.00000000
2001-04-28T03:30:00,1,4,28,3,30,0.00000000,19.35000000,19.35000000,0.00000000
2001-04-28T03:40:00,1,4,28,3,40,0.00000000,19.30000000,19.30000000,0.00000000
2001-04-28T03:50:00,1,4,28,3,50,0.00000000,19.25000000,19.25000000,0.00000000
2001-04-28T04:00:00,1,4,28,4,0,0.00000000,19.20000000,19.20000000,0.00000000
2001-04-28T04:10:00,1,4,28,4,10,0.00000000,19.26666667,19.26666667,0.00000000
2001-04-28T04:20:00,1,4,28,4,20,0.00000000,19.33333333,19.33333333,0.00000000
2001-04-28T04:30:00,1,4,28,4,30,0.00000000,19.40000000,19.40000000,0.00000000
2001-04-28T04:40:00,1,4,28,4,40,0.00000000,19.46666667,19.46666667,0.00000000
2001-04-28T04:50:00,1,4,28,4,50,0.00000000,19.53333333,19.53333333,0.00000000
2001-04-28T05:00:00,1,4,28,5,0,0.00000000,19.60000000,19.60000000,0.00000000
2001-04-28T05:10:00,1,4,28,5,10,0.00150000,19.53333333,19.58583333,0.00153736
2001-04-28T05:20:00,1,4,28,5,20,0.00300000,19.46666667,19.57166667,0.00307491
2001-04-28T05:30:00,1,4,28,5,30,0.00450000,19.40000000,19.55750000,0.00461266
2001-04-28T05:40:00,1,4,28,5,40,0.00600000,19.33333333,19.54333333,0.00615060
2001-04-28T05:50:00,1,4,28,5,50,0.00750000,19.26666667,19.52916667,0.00768874
2001-04-28T06:00:00,1,4,28,6,0,0.00900000,19.20000000,19.51500000,0.00922708
2001-04-28T06:10:00,1,4,28,6,10,0.02933333,19.41666667,20.44333333,0.02994818
2001-04-28T06:20:00,1,4,28,6,20,0.04966667,19.63333333,21.37166667,0.05049562
2001-04-28T06:30:00,1,4,28,6,30,0.07000000,19.85000000,22.30000000,0.07086940
2001-04-28T06:40:00,1,4,28,6,40,0.09033333,20.06666667,23.22833333,0.09106952
2001-04-28T06:50:00,1,4,28,6,50,0.11066667,20.28333333,24.15666667,0.11109598
2001-04-28T07:00:00,1,4,28,7,0,0.13100000,20.50000000,25.08500000,0.13094878
2001-04-28T07:10:00,1,4,28,7,10,0.11650000,20.60000000,24.67750000,0.11667283
2001-04-28T07:20:00,1,4,28,7,20,0.10200000,20.70000000,24.27000000,0.10234252
2001-04-28T07:30:00,1,4,28,7,30,0.08750000,20.80000000,23.86250000,0.08795784
2001-04-28T07:40:00,1,4,28,7,40,0.07300000,20.90000000,23.45500000,0.07351881
2001-04-28T07:50:00,1,4,28,7,50,0.05850000,21.00000000,23.04750000,0.05902542
2001-04-28T08:00:00,1,4,28,8,0,0.04400000,21.10000000,22.64000000,0.04447766
2001-04-28T08:10:00,1,4,28,8,10,0.07333333,20.96666667,23.53333333,0.07382809
2001-04-28T08:20:00,1,4,28,8,20,0.10266667,20.83333333,24.42666667,0.10293743
2001-04-28T08:30:00,1,4,28,8,30,0.13200000,20.70000000,25.32000000,0.13180570
2001-04-28T08:40:00,1,4,28,8,40,0.16133333,20.56666667,26.21333333,0.16043288
2001-04-28T08:50:00,1,4,28,8,50,0.19066667,20.43333333,27.10666667,0.18881898
2001-04-28T09:00:00,1,4,28,9,0,0.22000000,20.30000000,28.00000000,0.21696400
2001-04-28T09:10:00,1,4,28,9,10,0.22016667,20.53333333,28.23916667,0.21688615
2001-04-28T09:20:00,1,4,28,9,20,0.22033333,20.76666667,28.47833333,0.21680793
2001-04-28T09:30:00,1,4,28,9,30,0.22050000,21.00000000,28.71750000,0.21672934
2001-04-28T09:40:00,1,4,28,9,40,0.22066667,21.23333333,28.95666667,0.21665039
2001-04-28T09:50:00,1,4,28,9,50,0.22083333,21.46666667,29.19583333,0.21657107
2001-04-28T10:00:00,1,4,28,10,0,0.22100000,21.70000000,29.43500000,0.21649138
2001-04-28T10:10:00,1,4,28,10,10,0.26783333,21.73333333,31.10750000,0.26030869
2001-04-28T10:20:00,1,4,28,10,20,0.31466667,21.76666667,32.78000000,0.30340538
2001-04-28T10:30:00,1,4,28,10,30,0.36150000,21.80000000,34.45250000,0.34578144
2001-04-28T10:40:00,1,4,28,10,40,0.40833333,21.83333333,36.12500000,0.38743688
2001-04-28T10:50:00,1,4,28,10,50,0.45516667,21.86666667,37.79750000,0.42837169
2001-04-28T11:00:00,1,4,28,11,0,0.50200000,21.90000000,39.47000000,0.46858588
2001-04-28T11:10:00,1,4,28,11,10,0.45366667,22.40000000,38.27833333,0.42595656
2001-04-28T11:20:00,1,4,28,11,20,0.40533333,22.90000000,37.08666667,0.38279734
2001-04-28T11:30:00,1,4,28,11,30,0.35700000,23.40000000,35.89500000,0.33910823
2001-04-28T11:40:00,1,4,28,11,40,0.30866667,23.90000000,34.70333333,0.29488923
2001-04-28T11:50:00,1,4,28,11,50,0.26033333,24.40000000,33.51166667,0.25014033
2001-04-28T12:00:00,1,4,28,12,0,0.21200000,24.90000000,32.32000000,0.20486154
2001-04-28T12:10:00,1,4,28,12,10,0.24716667,24.50000000,33.15083333,0.23789944
2001-04-28T12:20:00,1,4,28,12,20,0.28233333,24.10000000,33.98166667,0.27066854
2001-04-28T12:30:00,1,4,28,12,30,0.31750000,23.70000000,34.81250000,0.30316884
2001-04-28T12:40:00,1,4,28,12,40,0.35266667,23.30000000,35.64333333,0.33540034
2001-04-28T12:50:00,1,4,28,12,50,0.38783333,22.90000000,36.47416667,0.36736304
2001-04-28T13:00:00,1,4,28,13,0,0.42300000,22.50000000,37.30500000,0.39905693
2001-04-28T13:10:00,1,4,28,13,10,0.36283333,22.78333333,35.48250000,0.34533769
2001-04-28T13:20:00,1,4,28,13,20,0.30266667,23.06666667,33.66000000,0.29060964
2001-04-28T13:30:00,1,4,28,13,30,0.24250000,23.35000000,31.83750000,0.23487277
2001-04-28T13:40:00,1,4,28,13,40,0.18233333,23.63333333,30.01500000,0.17812709
2001-04-28T13:50:00,1,4,28,13,50,0.12216667,23.91666667,28.19250000,0.12037259
2001-04-28T14:00:00,1,4,28,14,0,0.06200000,24.20000000,26.37000000,0.06160928
2001-04-28T14:10:00,1,4,28,14,10,0.09566667,23.75000000,27.09833333,0.09474326
2001-04-28T14:20:00,1,4,28,14,20,0.12933333,23.30000000,27.82666667,0.12765166
2001-04-28T14:30:00,1,4,28,14,30,0.16300000,22.85000000,28.55500000,0.16033446
2001-04-28T14:40:00,1,4,28,14,40,0.19666667,22.40000000,29.28333333,0.19279168
2001-04-28T14:50:00,1,4,28,14,50,0.23033333,21.95000000,30.01166667,0.22502331
2001-04-28T15:00:00,1,4,28,15,0,0.26400000,21.50000000,30.74000000,0.25702934
2001-04-28T15:10:00,1,4,28,15,10,0.22016667,21.78333333,29.48916667,0.21562019
2001-04-28T15:20:00,1,4,28,15,20,0.17633333,22.06666667,28.23833333,0.17370661
2001-04-28T15:30:00,1,4,28,15,30,0.13250000,22.35000000,26.98750000,0.13128862
2001-04-28T15:40:00,1,4,28,15,40,0.08866667,22.63333333,25.73666667,0.08836620
2001-04-28T15:50:00,1,4,28,15,50,0.04483333,22.91666667,24.48583333,0.04493937
2001-04-28T16:00:00,1,4,28,16,0,0.00100000,23.20000000,23.23500000,0.00100812
2001-04-28T16:10:00,1,4,28,16,10,0.00266667,22.81666667,22.91000000,0.00269230
2001-04-28T16:20:00,1,4,28,16,20,0.00433333,22.43333333,22.58500000,0.00438147
2001-04-28T16:30:00,1,4,28,16,30,0.00600000,22.05000000,22.26000000,0.00607562
2001-04-28T16:40:00,1,4,28,16,40,0.00766667,21.66666667,21.93500000,0.00777476
2001-04-28T16:50:00,1,4,28,16,50,0.00933333,21.28333333,21.61000000,0.00947888
2001-04-28T17:00:00,1,4,28,17,0,0.01100000,20.90000000,21.28500000,0.01118798
2001-04-28T17:10:00,1,4,28,17,10,0.00916667,20.93333333,21.25416667,0.00932462
2001-04-28T17:20:00,1,4,28,17,20,0.00733333,20.96666667,21.22333333,0.00746073
2001-04-28T17:30:00,1,4,28,17,30,0.00550000,21.00000000,21.19250000,0.00559633
2001-04-28T17:40:00,1,4,28,17,40,0.00366667,21.03333333,21.16166667,0.00373141
2001-04-28T17:50:00,1,4,28,17,50,0.00183333,21.06666667,21.13083333,0.00186596
2001-04-28T18:00:00,1,4,28,18,0,0.00000000,21.10000000,21.10000000,0.00000000
2001-04-28T18:10:00,1,4,28,18,10,0.00000000,20.98333333,20.98333333,0.00000000
2001-04-28T18:20:00,1,4,28,18,20,0.00000000,20.86666667,20.86666667,0.00000000
2001-04-28T18:30:00,1,4,28,18,30,0.00000000,20.75000000,20.75000000,0.00000000
2001-04-28T18:40:00,1,4,28,18,40,0.00000000,20.63333333,20.63333333,0.00000000
2001-04-28T18:50:00,1,4,28,18,50,0.00000000,20.51666667,20.51666667,0.00000000
2001-04-28T19:00:00,1,4,28,19,0,0.00000000,20.40000000,20.40000000,0.00000000
2001-04-28T19:10:00,1,4,28,19,10,0.00000000,20.46666667,20.46666667,0.00000000
2001-04-28T19:20:00,1,4,28,19,20,0.00000000,20.53333333,20.53333333,0.00000000
2001-04-28T19:30:00,1,4,28,19,30,0.00000000,20.60000000,20.60000000,0.00000000
2001-04-28T19:40:00,1,4,28,19,40,0.00000000,20.66666667,20.66666667,0.00000000
2001-04-28T19:50:00,1,4,28,19,50,0.00000000,20.73333333,20.73333333,0.00000000
2001-04-28T20:00:00,1,4,28,20,0,0.00000000,20.80000000,20.80000000,0.00000000
2001-04-28T20:10:00,1,4,28,20,10,0.00000000,20.81666667,20.81666667,0.00000000
2001-04-28T20:20:00,1,4,28,20,20,0.00000000,20.83333333,20.83333333,0.00000000
2001-04-28T20:30:00,1,4,28,20,30,0.00000000,20.85000000,20.85000000,0.00000000
2001-04-28T20:40:00,1,4,28,20,40,0.00000000,20.86666667,20.86666667,0.00000000
2001-04-28T20:50:00,1,4,28,20,50,0.00000000,20.88333333,20.88333333,0.00000000
2001-04-28T21:00:00,1,4,28,21,0,0.00000000,20.90000000,20.90000000,0.00000000
2001-04-28T21:10:00,1,4,28,21,10,0.00000000,20.75000000,20.75000000,0.00000000
2001-04-28T21:20:00,1,4,28,21,20,0.00000000,20.60000000,20.60000000,0.00000000
2001-04-28T21:30:00,1,4,28,21,30,0.00000000,20.45000000,20.45000000,0.00000000
2001-04-28T21:40:00,1,4,28,21,40,0.00000000,20.30000000,20.30000000,0.00000000
2001-04-28T21:50:00,1,4,28,21,50,0.00000000,20.15000000,20.15000000,0.00000000
2001-04-28T22:00:00,1,4,28,22,0,0.00000000,20.00000000,20.00000000,0.00000000
2001-04-28T22:10:00,1,4,28,22,10,0.00000000,20.10000000,20.10000000,0.00000000
2001-04-28T22:20:00,1,4,28,22,20,0.00000000,20.20000000,20.20000000,0.00000000
2001-04-28T22:30:00,1,4,28,22,30,0.00000000,20.30000000,20.30000000,0.00000000
2001-04-28T22:40:00,1,4,28,22,40,0.00000000,20.40000000,20.40000000,0.00000000
2001-04-28T22:50:00,1,4,28,22,50,0.00000000,20.50000000,20.50000000,0.00000000
2001-04-28T23:00:00,1,4,28,23,0,0.00000000,20.60000000,20.60000000,0.00000000
2001-04-28T23:10:00,1,4,28,23,10,0.00000000,20.48333333,20.48333333,0.00000000
2001-04-28T23:20:00,1,4,28,23,20,0.00000000,20.36666667,20.36666667,0.00000000
2001-04-28T23:30:00,1,4,28,23,30,0.00000000,20.25000000,20.25000000,0.00000000
2001-04-28T23:40:00,1,4,28,23,40,0.00000000,20.13333333,20.13333333,0.00000000
2001-04-28T23:50:00,1,4,28,23,50,0.00000000,20.01666667,20.01666667,0.00000000
2001-04-29T00:00:00,1,4,29,0,0,0.00000000,19.90000000,19.90000000,0.00000000
2001-04-29T00:10:00,1,4,29,0,10,0.00000000,19.91666667,19.91666667,0.00000000
2001-04-29T00:20:00,1,4,29,0,20,0.00000000,19.93333333,19.93333333,0.00000000
2001-04-29T00:30:00,1,4,29,0,30,0.00000000,19.95000000,19.95000000,0.00000000
2001-04-29T00:40:00,1,4,29,0,40,0.00000000,19.96666667,19.96666667,0.00000000
2001-04-29T00:50:00,1,4,29,0,50,0.00000000,19.98333333,19.98333333,0.00000000
2001-04-29T01:00:00,1,4,29,1,0,0.00000000,20.00000000,20.00000000,0.00000000
2001-04-29T01:10:00,1,4,29,1,10,0.00000000,19.91666667,19.91666667,0.00000000
2001-04-29T01:20:00,1,4,29,1,20,0.00000000,19.83333333,19.83333333,0.00000000
2001-04-29T01:30:00,1,4,29,1,30,0.00000000,19.75000000,19.75000000,0.00000000
2001-04-29T01:40:00,1,4,29,1,40,0.00000000,19.66666667,19.66666667,0.00000000
2001-04-29T01:50:00,1,4,29,1,50,0.00000000,19.58333333,19.58333333,0.00000000
2001-04-29T02:00:00,1,4,29,2,0,0.00000000,19.50000000,19.50000000,0.00000000
2001-04-29T02:10:00,1,4,29,2,10,0.00000000,19.51666667,19.51666667,0.00000000
2001-04-29T02:20:00,1,4,29,2,20,0.00000000,19.53333333,19.53333333,0.00000000
2001-04-29T02:30:00,1,4,29,2,30,0.00000000,19.55000000,19.55000000,0.00000000
2001-04-29T02:40:00,1,4,29,2,40,0.00000000,19.56666667,19.56666667,0.00000000
2001-04-29T02:50:00,1,4,29,2,50,0.00000000,19.58333333,19.58333333,0.00000000
2001-04-29T03:00:00,1,4,29,3,0,0.00000000,19.60000000,19.60000000,0.00000000
2001-04-29T03:10:00,1,4,29,3,10,0.00000000,19.51666667,19.51666667,0.00000000
2001-04-29T03:20:00,1,4,29,3,20,0.00000000,19.43333333,19.43333333,0.00000000
2001-04-29T03:30:00,1,4,29,3,30,0.00000000,19.35000000,19.35000000,0.00000000
2001-04-29T03:40:00,1,4,29,3,40,0.00000000,19.26666667,19.26666667,0.00000000
2001-04-29T03:50:00,1,4,29,3,50,0.00000000,19.18333333,19.18333333,0.00000000
2001-04-29T04:00:00,1,4,29,4,0,0.00000000,19.10000000,19.10000000,0.00000000
2001-04-29T04:10:00,1,4,29,4,10,0.00000000,19.18333333,19.18333333,0.00000000
2001-04-29T04:20:00,1,4,29,4,20,0.00000000,19.26666667,19.26666667,0.00000000
2001-04-29T04:30:00,1,4,29,4,30,0.00000000,19.35000000,19.35000000,0.00000000
2001-04-29T04:40:00,1,4,29,4,40,0.00000000,19.43333333,19.43333333,0.00000000
2001-04-29T04:50:00,1,4,29,4,50,0.00000000,19.51666667,19.51666667,0.00000000
2001-04-29T05:00:00,1,4,29,5,0,0.00000000,19.60000000,19.60000000,0.00000000
2001-04-29T05:10:00,1,4,29,5,10,0.00150000,19.48333333,19.53583333,0.00153770
2001-04-29T05:20:00,1,4,29,5,20,0.00300000,19.36666667,19.47166667,0.00307629
2001-04-29T05:30:00,1,4,29,5,30,0.00450000,19.25000000,19.40750000,0.00461576
2001-04-29T05:40:00,1,4,29,5,40,0.00600000,19.13333333,19.34333333,0.00615612
2001-04-29T05:50:00,1,4,29,5,50,0.00750000,19.01666667,19.27916667,0.00769737
2001-04-29T06:00:00,1,4,29,6,0,0.00900000,18.90000000,19.21500000,0.00923950
2001-04-29T06:10:00,1,4,29,6,10,0.01033333,19.05000000,19.41166667,0.01059897
2001-04-29T06:20:00,1,4,29,6,20,0.01166667,19.20000000,19.60833333,0.01195602
2001-04-29T06:30:00,1,4,29,6,30,0.01300000,19.35000000,19.80500000,0.01331066
2001-04-29T06:40:00,1,4,29,6,40,0.01433333,19.50000000,20.00166667,0.01466289
2001-04-29T06:50:00,1,4,29,6,50,0.01566667,19.65000000,20.19833333,0.01601271
2001-04-29T07:00:00,1,4,29,7,0,0.01700000,19.80000000,20.39500000,0.01736011
2001-04-29T07:10:00,1,4,29,7,10,0.03450000,19.88333333,21.09083333,0.03512038
2001-04-29T07:20:00,1,4,29,7,20,0.05200000,19.96666667,21.78666667,0.05276863
2001-04-29T07:30:00,1,4,29,7,30,0.06950000,20.05000000,22.48250000,0.07030484
2001-04-29T07:40:00,1,4,29,7,40,0.08700000,20.13333333,23.17833333,0.08772903
2001-04-29T07:50:00,1,4,29,7,50,0.10450000,20.21666667,23.87416667,0.10504119
2001-04-29T08:00:00,1,4,29,8,0,0.12200000,20.30000000,24.57000000,0.12224132
2001-04-29T08:10:00,1,4,29,8,10,0.12283333,20.60000000,24.89916667,0.12289031
2001-04-29T08:20:00,1,4,29,8,20,0.12366667,20.90000000,25.22833333,0.12353678
2001-04-29T08:30:00,1,4,29,8,30,0.12450000,21.20000000,25.55750000,0.12418072
2001-04-29T08:40:00,1,4,29,8,40,0.12533333,21.50000000,25.88666667,0.12482214
2001-04-29T08:50:00,1,4,29,8,50,0.12616667,21.80000000,26.21583333,0.12546104
2001-04-29T09:00:00,1,4,29,9,0,0.12700000,22.10000000,26.54500000,0.12609741
2001-04-29T09:10:00,1,4,29,9,10,0.17350000,22.15000000,28.22250000,0.17092812
2001-04-29T09:20:00,1,4,29,9,20,0.22000000,22.20000000,29.90000000,0.21504120
2001-04-29T09:30:00,1,4,29,9,30,0.26650000,22.25000000,31.57750000,0.25843664
2001-04-29T09:40:00,1,4,29,9,40,0.31300000,22.30000000,33.25500000,0.30111445
2001-04-29T09:50:00,1,4,29,9,50,0.35950000,22.35000000,34.93250000,0.34307462
2001-04-29T10:00:00,1,4,29,10,0,0.40600000,22.40000000,36.61000000,0.38431716
2001-04-29T10:10:00,1,4,29,10,10,0.37150000,23.26666667,36.26916667,0.35224212
2001-04-29T10:20:00,1,4,29,10,20,0.33700000,24.13333333,35.92833333,0.32005890
2001-04-29T10:30:00,1,4,29,10,30,0.30250000,25.00000000,35.58750000,0.28776749
2001-04-29T10:40:00,1,4,29,10,40,0.26800000,25.86666667,35.24666667,0.25536791
2001-04-29T10:50:00,1,4,29,10,50,0.23350000,26.73333333,34.90583333,0.22286014
2001-04-29T11:00:00,1,4,29,11,0,0.19900000,27.60000000,34.56500000,0.19024420
2001-04-29T11:10:00,1,4,29,11,10,0.25983333,26.88333333,35.97750000,0.24671266
2001-04-29T11:20:00,1,4,29,11,20,0.32066667,26.16666667,37.39000000,0.30239059
2001-04-29T11:30:00,1,4,29,11,30,0.38150000,25.45000000,38.80250000,0.35727799
2001-04-29T11:40:00,1,4,29,11,40,0.44233333,24.73333333,40.21500000,0.41137487
2001-04-29T11:50:00,1,4,29,11,50,0.50316667,24.01666667,41.62750000,0.46468121
2001-04-29T12:00:00,1,4,29,12,0,0.56400000,23.30000000,43.04000000,0.51719702
2001-04-29T12:10:00,1,4,29,12,10,0.54066667,24.51666667,43.44000000,0.49480516
2001-04-29T12:20:00,1,4,29,12,20,0.51733333,25.73333333,43.84000000,0.47249916
2001-04-29T12:30:00,1,4,29,12,30,0.49400000,26.95000000,44.24000000,0.45027902
2001-04-29T12:40:00,1,4,29,12,40,0.47066667,28.16666667,44.64000000,0.42814476
2001-04-29T12:50:00,1,4,29,12,50,0.44733333,29.38333333,45.04000000,0.40609636
2001-04-29T13:00:00,1,4,29,13,0,0.42400000,30.60000000,45.44000000,0.38413382
2001-04-29T13:10:00,1,4,29,13,10,0.36566667,30.10000000,42.89833333,0.33556048
2001-04-29T13:20:00,1,4,29,13,20,0.30733333,29.60000000,40.35666667,0.28562310
2001-04-29T13:30:00,1,4,29,13,30,0.24900000,29.10000000,37.81500000,0.23432170
2001-04-29T13:40:00,1,4,29,13,40,0.19066667,28.60000000,35.27333333,0.18165627
2001-04-29T13:50:00,1,4,29,13,50,0.13233333,28.10000000,32.73166667,0.12762681
2001-04-29T14:00:00,1,4,29,14,0,0.07400000,27.60000000,30.19000000,0.07223332
2001-04-29T14:10:00,1,4,29,14,10,0.08016667,26.58333333,29.38916667,0.07854809
2001-04-29T14:20:00,1,4,29,14,20,0.08633333,25.56666667,28.58833333,0.08490829
2001-04-29T14:30:00,1,4,29,14,30,0.09250000,24.55000000,27.78750000,0.09131392
2001-04-29T14:40:00,1,4,29,14,40,0.09866667,23.53333333,26.98666667,0.09776498
2001-04-29T14:50:00,1,4,29,14,50,0.10483333,22.51666667,26.18583333,0.10426148
2001-04-29T15:00:00,1,4,29,15,0,0.11100000,21.50000000,25.38500000,0.11080342
2001-04-29T15:10:00,1,4,29,15,10,0.10833333,21.53333333,25.32500000,0.10817138
2001-04-29T15:20:00,1,4,29,15,20,0.10566667,21.56666667,25.26500000,0.10553786
2001-04-29T15:30:00,1,4,29,15,30,0.10300000,21.60000000,25.20500000,0.10290287
2001-04-29T15:40:00,1,4,29,15,40,0.10033333,21.63333333,25.14500000,0.10026641
2001-04-29T15:50:00,1,4,29,15,50,0.09766667,21.66666667,25.08500000,0.09762848
2001-04-29T16:00:00,1,4,29,16,0,0.09500000,21.70000000,25.02500000,0.09498908
2001-04-29T16:10:00,1,4,29,16,10,0.08116667,21.61666667,24.45750000,0.08136922
2001-04-29T16:20:00,1,4,29,16,20,0.06733333,21.53333333,23.89000000,0.06767714
2001-04-29T16:30:00,1,4,29,16,30,0.05350000,21.45000000,23.32250000,0.05391283
2001-04-29T16:40:00,1,4,29,16,40,0.03966667,21.36666667,22.75500000,0.04007630
2001-04-29T16:50:00,1,4,29,16,50,0.02583333,21.28333333,22.18750000,0.02616755
2001-04-29T17:00:00,1,4,29,17,0,0.01200000,21.20000000,21.62000000,0.01218658
2001-04-29T17:10:00,1,4,29,17,10,0.01000000,20.95000000,21.30000000,0.01017020
2001-04-29T17:20:00,1,4,29,17,20,0.00800000,20.70000000,20.98000000,0.00814794
2001-04-29T17:30:00,1,4,29,17,30,0.00600000,20.45000000,20.66000000,0.00611978
2001-04-29T17:40:00,1,4,29,17,40,0.00400000,20.20000000,20.34000000,0.00408574
2001-04-29T17:50:00,1,4,29,17,50,0.00200000,19.95000000,20.02000000,0.00204582
2001-04-29T18:00:00,1,4,29,18,0,0.00000000,19.70000000,19.70000000,0.00000000
2001-04-29T18:10:00,1,4,29,18,10,0.00000000,19.51666667,19.51666667,0.00000000
2001-04-29T18:20:00,1,4,29,18,20,0.00000000,19.33333333,19.33333333,0.00000000
2001-04-29T18:30:00,1,4,29,18,30,0.00000000,19.15000000,19.15000000,0.00000000
2001-04-29T18:40:00,1,4,29,18,40,0.00000000,18.96666667,18.96666667,0.00000000
2001-04-29T18:50:00,1,4,29,18,50,0.00000000,18.78333333,18.78333333,0.00000000
2001-04-29T19:00:00,1,4,29,19,0,0.00000000,18.60000000,18.60000000,0.00000000
2001-04-29T19:10:00,1,4,29,19,10,0.00000000,18.60000000,18.60000000,0.00000000
2001-04-29T19:20:00,1,4,29,19,20,0.00000000,18.60000000,18.60000000,0.00000000
2001-04-29T19:30:00,1,4,29,19,30,0.00000000,18.60000000,18.60000000,0.00000000
2001-04-29T19:40:00,1,4,29,19,40,0.00000000,18.60000000,18.60000000,0.00000000
2001-04-29T19:50:00,1,4,29,19,50,0.00000000,18.60000000,18.60000000,0.00000000
2001-04-29T20:00:00,1,4,29,20,0,0.00000000,18.60000000,18.60000000,0.00000000
2001-04-29T20:10:00,1,4,29,20,10,0.00000000,18.61666667,18.61666667,0.00000000
2001-04-29T20:20:00,1,4,29,20,20,0.00000000,18.63333333,18.63333333,0.00000000
2001-04-29T20:30:00,1,4,29,20,30,0.00000000,18.65000000,18.65000000,0.00000000
2001-04-29T20:40:00,1,4,29,20,40,0.00000000,18.66666667,18.66666667,0.00000000
2001-04-29T20:50:00,1,4,29,20,50,0.00000000,18.68333333,18.68333333,0.00000000
2001-04-29T21:00:00,1,4,29,21,0,0.00000000,18.70000000,18.70000000,0.00000000
2001-04-29T21:10:00,1,4,29,21,10,0.00000000,18.61666667,18.61666667,0.00000000
2001-04-29T21:20:00,1,4,29,21,20,0.00000000,18.53333333,18.53333333,0.00000000
2001-04-29T21:30:00,1,4,29,21,30,0.00000000,18.45000000,18.45000000,0.00000000
2001-04-29T21:40:00,1,4,29,21,40,0.00000000,18.36666667,18.36666667,0.00000000
2001-04-29T21:50:00,1,4,29,21,50,0.00000000,18.28333333,18.28333333,0.00000000
2001-04-29T22:00:00,1,4,29,22,0,0.00000000,18.20000000,18.20000000,0.00000000
2001-04-29T22:10:00,1,4,29,22,10,0.00000000,18.15000000,18.15000000,0.00000000
2001-04-29T22:20:00,1,4,29,22,20,0.00000000,18.10000000,18.10000000,0.00000000
2001-04-29T22:30:00,1,4,29,22,30,0.00000000,18.05000000,18.05000000,0.00000000
2001-04-29T22:40:00,1,4,29,22,40,0.00000000,18.00000000,18.00000000,0.00000000
2001-04-29T22:50:00,1,4,29,22,50,0.00000000,17.95000000,17.95000000,0.00000000
2001-04-29T23:00:00,1,4,29,23,0,0.00000000,17.90000000,17.90000000,0.00000000
2001-04-29T23:10:00,1,4,29,23,10,0.00000000,17.88333333,17.88333333,0.00000000
2001-04-29T23:20:00,1,4,29,23,20,0.00000000,17.86666667,17.86666667,0.00000000
2001-04-29T23:30:00,1,4,29,23,30,0.00000000,17.85000000,17.85000000,0.00000000
2001-04-29T23:40:00,1,4,29,23,40,0.00000000,17.83333333,17.83333333,0.00000000
2001-04-29T23:50:00,1,4,29,23,50,0.00000000,17.81666667,17.81666667,0.00000000
2001-04-30T00:00:00,1,4,30,0,0,0.00000000,17.80000000,17.80000000,0.00000000
2001-04-30T00:10:00,1,4,30,0,10,0.00000000,17.90000000,17.90000000,0.00000000
2001-04-30T00:20:00,1,4,30,0,20,0.00000000,18.00000000,18.00000000,0.00000000
2001-04-30T00:30:00,1,4,30,0,30,0.00000000,18.10000000,18.10000000,0.00000000
2001-04-30T00:40:00,1,4,30,0,40,0.00000000,18.20000000,18.20000000,0.00000000
2001-04-30T00:50:00,1,4,30,0,50,0.00000000,18.30000000,18.30000000,0.00000000
2001-04-30T01:00:00,1,4,30,1,0,0.00000000,18.40000000,18.40000000,0.00000000
2001-04-30T01:10:00,1,4,30,1,10,0.00000000,18.38333333,18.38333333,0.00000000
2001-04-30T01:20:00,1,4,30,1,20,0.00000000,18.36666667,18.36666667,0.00000000
2001-04-30T01:30:00,1,4,30,1,30,0.00000000,18.35000000,18.35000000,0.00000000
2001-04-30T01:40:00,1,4,30,1,40,0.00000000,18.33333333,18.33333333,0.00000000
2001-04-30T01:50:00,1,4,30,1,50,0.00000000,18.31666667,18.31666667,0.00000000
2001-04-30T02:00:00,1,4,30,2,0,0.00000000,18.30000000,18.30000000,0.00000000
2001-04-30T02:10:00,1,4,30,2,10,0.00000000,18.20000000,18.20000000,0.00000000
2001-04-30T02:20:00,1,4,30,2,20,0.00000000,18.10000000,18.10000000,0.00000000
2001-04-30T02:30:00,1,4,30,2,30,0.00000000,18.00000000,18.00000000,0.00000000
2001-04-30T02:40:00,1,4,30,2,40,0.00000000,17.90000000,17.90000000,0.00000000
2001-04-30T02:50:00,1,4,30,2,50,0.00000000,17.80000000,17.80000000,0.00000000
2001-04-30T03:00:00,1,4,30,3,0,0.00000000,17.70000000,17.70000000,0.00000000
2001-04-30T03:10:00,1,4,30,3,10,0.00000000,17.66666667,17.66666667,0.00000000
2001-04-30T03:20:00,1,4,30,3,20,0.00000000,17.63333333,17.63333333,0.00000000
2001-04-30T03:30:00,1,4,30,3,30,0.00000000,17.60000000,17.60000000,0.00000000
2001-04-30T03:40:00,1,4,30,3,40,0.00000000,17.56666667,17.56666667,0.00000000
2001-04-30T03:50:00,1,4,30,3,50,0.00000000,17.53333333,17.53333333,0.00000000
2001-04-30T04:00:00,1,4,30,4,0,0.00000000,17.50000000,17.50000000,0.00000000
2001-04-30T04:10:00,1,4,30,4,10,0.00000000,17.51666667,17.51666667,0.00000000
2001-04-30T04:20:00,1,4,30,4,20,0.00000000,17.53333333,17.53333333,0.00000000
2001-04-30T04:30:00,1,4,30,4,30,0.00000000,17.55000000,17.55000000,0.00000000
2001-04-30T04:40:00,1,4,30,4,40,0.00000000,17.56666667,17.56666667,0.00000000
2001-04-30T04:50:00,1,4,30,4,50,0.00000000,17.58333333,17.58333333,0.00000000
2001-04-30T05:00:00,1,4,30,5,0,0.00000000,17.60000000,17.60000000,0.00000000
2001-04-30T05:10:00,1,4,30,5,10,0.00116667,17.63333333,17.67416667,0.00120598
2001-04-30T05:20:00,1,4,30,5,20,0.00233333,17.66666667,17.74833333,0.00241117
2001-04-30T05:30:00,1,4,30,5,30,0.00350000,17.70000000,17.82250000,0.00361556
2001-04-30T05:40:00,1,4,30,5,40,0.00466667,17.73333333,17.89666667,0.00481915
2001-04-30T05:50:00,1,4,30,5,50,0.00583333,17.76666667,17.97083333,0.00602195
2001-04-30T06:00:00,1,4,30,6,0,0.00700000,17.80000000,18.04500000,0.00722395
2001-04-30T06:10:00,1,4,30,6,10,0.01033333,17.86666667,18.22833333,0.01065521
2001-04-30T06:20:00,1,4,30,6,20,0.01366667,17.93333333,18.41166667,0.01408085
2001-04-30T06:30:00,1,4,30,6,30,0.01700000,18.00000000,18.59500000,0.01750087
2001-04-30T06:40:00,1,4,30,6,40,0.02033333,18.06666667,18.77833333,0.02091527
2001-04-30T06:50:00,1,4,30,6,50,0.02366667,18.13333333,18.96166667,0.02432404
2001-04-30T07:00:00,1,4,30,7,0,0.02700000,18.20000000,19.14500000,0.02772719
2001-04-30T07:10:00,1,4,30,7,10,0.04933333,18.26666667,19.99333333,0.05046951
2001-04-30T07:20:00,1,4,30,7,20,0.07166667,18.33333333,20.84166667,0.07303753
2001-04-30T07:30:00,1,4,30,7,30,0.09400000,18.40000000,21.69000000,0.09543124
2001-04-30T07:40:00,1,4,30,7,40,0.11633333,18.46666667,22.53833333,0.11765065
2001-04-30T07:50:00,1,4,30,7,50,0.13866667,18.53333333,23.38666667,0.13969576
2001-04-30T08:00:00,1,4,30,8,0,0.16100000,18.60000000,24.23500000,0.16156656
2001-04-30T08:10:00,1,4,30,8,10,0.15250000,18.90000000,24.23750000,0.15303489
2001-04-30T08:20:00,1,4,30,8,20,0.14400000,19.20000000,24.24000000,0.14450342
2001-04-30T08:30:00,1,4,30,8,30,0.13550000,19.50000000,24.24250000,0.13597215
2001-04-30T08:40:00,1,4,30,8,40,0.12700000,19.80000000,24.24500000,0.12744107
2001-04-30T08:50:00,1,4,30,8,50,0.11850000,20.10000000,24.24750000,0.11891019
2001-04-30T09:00:00,1,4,30,9,0,0.11000000,20.40000000,24.25000000,0.11037950
2001-04-30T09:10:00,1,4,30,9,10,0.15500000,20.36666667,25.79166667,0.15443554
2001-04-30T09:20:00,1,4,30,9,20,0.20000000,20.33333333,27.33333333,0.19785333
2001-04-30T09:30:00,1,4,30,9,30,0.24500000,20.30000000,28.87500000,0.24063287
2001-04-30T09:40:00,1,4,30,9,40,0.29000000,20.26666667,30.41666667,0.28277417
2001-04-30T09:50:00,1,4,30,9,50,0.33500000,20.23333333,31.95833333,0.32427721
2001-04-30T10:00:00,1,4,30,10,0,0.38000000,20.20000000,33.50000000,0.36514200
2001-04-30T10:10:00,1,4,30,10,10,0.39266667,20.90000000,34.64333333,0.37524824
2001-04-30T10:20:00,1,4,30,10,20,0.40533333,21.60000000,35.78666667,0.38522123
2001-04-30T10:30:00,1,4,30,10,30,0.41800000,22.30000000,36.93000000,0.39506100
2001-04-30T10:40:00,1,4,30,10,40,0.43066667,23.00000000,38.07333333,0.40476752
2001-04-30T10:50:00,1,4,30,10,50,0.44333333,23.70000000,39.21666667,0.41434081
2001-04-30T11:00:00,1,4,30,11,0,0.45600000,24.40000000,40.36000000,0.42378086
2001-04-30T11:10:00,1,4,30,11,10,0.40966667,24.73333333,39.07166667,0.38314908
2001-04-30T11:20:00,1,4,30,11,20,0.36333333,25.06666667,37.78333333,0.34196812
2001-04-30T11:30:00,1,4,30,11,30,0.31700000,25.40000000,36.49500000,0.30023799
2001-04-30T11:40:00,1,4,30,11,40,0.27066667,25.73333333,35.20666667,0.25795869
2001-04-30T11:50:00,1,4,30,11,50,0.22433333,26.06666667,33.91833333,0.21513021
2001-04-30T12:00:00,1,4,30,12,0,0.17800000,26.40000000,32.63000000,0.17175256
2001-04-30T12:10:00,1,4,30,12,10,0.17200000,25.46666667,31.48666667,0.16686775
2001-04-30T12:20:00,1,4,30,12,20,0.16600000,24.53333333,30.34333333,0.16191983
2001-04-30T12:30:00,1,4,30,12,30,0.16000000,23.60000000,29.20000000,0.15690880
2001-04-30T12:40:00,1,4,30,12,40,0.15400000,22.66666667,28.05666667,0.15183466
2001-04-30T12:50:00,1,4,30,12,50,0.14800000,21.73333333,26.91333333,0.14669740
2001-04-30T13:00:00,1,4,30,13,0,0.14200000,20.80000000,25.77000000,0.14149704
2001-04-30T13:10:00,1,4,30,13,10,0.15033333,20.70000000,25.96166667,0.14966831
2001-04-30T13:20:00,1,4,30,13,20,0.15866667,20.60000000,26.15333333,0.15782489
2001-04-30T13:30:00,1,4,30,13,30,0.16700000,20.50000000,26.34500000,0.16596677
2001-04-30T13:40:00,1,4,30,13,40,0.17533333,20.40000000,26.53666667,0.17409396
2001-04-30T13:50:00,1,4,30,13,50,0.18366667,20.30000000,26.72833333,0.18220646
2001-04-30T14:00:00,1,4,30,14,0,0.19200000,20.20000000,26.92000000,0.19030426
2001-04-30T14:10:00,1,4,30,14,10,0.17933333,20.33333333,26.61000000,0.17800519
2001-04-30T14:20:00,1,4,30,14,20,0.16666667,20.46666667,26.30000000,0.16567000
2001-04-30T14:30:00,1,4,30,14,30,0.15400000,20.60000000,25.99000000,0.15329868
2001-04-30T14:40:00,1,4,30,14,40,0.14133333,20.73333333,25.68000000,0.14089124
2001-04-30T14:50:00,1,4,30,14,50,0.12866667,20.86666667,25.37000000,0.12844768
2001-04-30T15:00:00,1,4,30,15,0,0.11600000,21.00000000,25.06000000,0.11596798
2001-04-30T15:10:00,1,4,30,15,10,0.11266667,20.78333333,24.72666667,0.11280833
2001-04-30T15:20:00,1,4,30,15,20,0.10933333,20.56666667,24.39333333,0.10963845
2001-04-30T15:30:00,1,4,30,15,30,0.10600000,20.35000000,24.06000000,0.10645834
2001-04-30T15:40:00,1,4,30,15,40,0.10266667,20.13333333,23.72666667,0.10326802
2001-04-30T15:50:00,1,4,30,15,50,0.09933333,19.91666667,23.39333333,0.10006747
2001-04-30T16:00:00,1,4,30,16,0,0.09600000,19.70000000,23.06000000,0.09685670
2001-04-30T16:10:00,1,4,30,16,10,0.08133333,19.63333333,22.48000000,0.08227615
2001-04-30T16:20:00,1,4,30,16,20,0.06666667,19.56666667,21.90000000,0.06761733
2001-04-30T16:30:00,1,4,30,16,30,0.05200000,19.50000000,21.32000000,0.05288026
2001-04-30T16:40:00,1,4,30,16,40,0.03733333,19.43333333,20.74000000,0.03806492
2001-04-30T16:50:00,1,4,30,16,50,0.02266667,19.36666667,20.16000000,0.02317132
2001-04-30T17:00:00,1,4,30,17,0,0.00800000,19.30000000,19.58000000,0.00819946
2001-04-30T17:10:00,1,4,30,17,10,0.00666667,18.93333333,19.16666667,0.00684556
2001-04-30T17:20:00,1,4,30,17,20,0.00533333,18.56666667,18.75333333,0.00548658
2001-04-30T17:30:00,1,4,30,17,30,0.00400000,18.20000000,18.34000000,0.00412254
2001-04-30T17:40:00,1,4,30,17,40,0.00266667,17.83333333,17.92666667,0.00275343
2001-04-30T17:50:00,1,4,30,17,50,0.00133333,17.46666667,17.51333333,0.00137925
2001-04-30T18:00:00,1,4,30,18,0,0.00000000,17.10000000,17.10000000,0.00000000
2001-04-30T18:10:00,1,4,30,18,10,0.00000000,17.16666667,17.16666667,0.00000000
2001-04-30T18:20:00,1,4,30,18,20,0.00000000,17.23333333,17.23333333,0.00000000
2001-04-30T18:30:00,1,4,30,18,30,0.00000000,17.30000000,17.30000000,0.00000000
2001-04-30T18:40:00,1,4,30,18,40,0.00000000,17.36666667,17.36666667,0.00000000
2001-04-30T18:50:00,1,4,30,18,50,0.00000000,17.43333333,17.43333333,0.00000000
2001-04-30T19:00:00,1,4,30,19,0,0.00000000,17.50000000,17.50000000,0.00000000
2001-04-30T19:10:00,1,4,30,19,10,0.00000000,17.43333333,17.43333333,0.00000000
2001-04-30T19:20:00,1,4,30,19,20,0.00000000,17.36666667,17.36666667,0.00000000
2001-04-30T19:30:00,1,4,30,19,30,0.00000000,17.30000000,17.30000000,0.00000000
2001-04-30T19:40:00,1,4,30,19,40,0.00000000,17.23333333,17.23333333,0.00000000
2001-04-30T19:50:00,1,4,30,19,50,0.00000000,17.16666667,17.16666667,0.00000000
2001-04-30T20:00:00,1,4,30,20,0,0.00000000,17.10000000,17.10000000,0.00000000
2001-04-30T20:10:00,1,4,30,20,10,0.00000000,17.08333333,17.08333333,0.00000000
2001-04-30T20:20:00,1,4,30,20,20,0.00000000,17.06666667,17.06666667,0.00000000
2001-04-30T20:30:00,1,4,30,20,30,0.00000000,17.05000000,17.05000000,0.00000000
2001-04-30T20:40:00,1,4,30,20,40,0.00000000,17.03333333,17.03333333,0.00000000
2001-04-30T20:50:00,1,4,30,20,50,0.00000000,17.01666667,17.01666667,0.00000000
2001-04-30T21:00:00,1,4,30,21,0,0.00000000,17.00000000,17.00000000,0.00000000
2001-04-30T21:10:00,1,4,30,21,10,0.00000000,17.01666667,17.01666667,0.00000000
2001-04-30T21:20:00,1,4,30,21,20,0.00000000,17.03333333,17.03333333,0.00000000
2001-04-30T21:30:00,1,4,30,21,30,0.00000000,17.05000000,17.05000000,0.00000000
2001-04-30T21:40:00,1,4,30,21,40,0.00000000,17.06666667,17.06666667,0.00000000
2001-04-30T21:50:00,1,4,30,21,50,0.00000000,17.08333333,17.08333333,0.00000000
2001-04-30T22:00:00,1,4,30,22,0,0.00000000,17.10000000,17.10000000,0.00000000
2001-04-30T22:10:00,1,4,30,22,10,0.00000000,16.95000000,16.95000000,0.00000000
2001-04-30T22:20:00,1,4,30,22,20,0.00000000,16.80000000,16.80000000,0.00000000
2001-04-30T22:30:00,1,4,30,22,30,0.00000000,16.65000000,16.65000000,0.00000000
2001-04-30T22:40:00,1,4,30,22,40,0.00000000,16.50000000,16.50000000,0.00000000
2001-04-30T22:50:00,1,4,30,22,50,0.00000000,16.35000000,16.35000000,0.00000000
2001-04-30T23:00:00,1,4,30,23,0,0.00000000,16.20000000,16.20000000,0.00000000
2001-04-30T23:10:00,1,4,30,23,10,0.00000000,16.00000000,16.00000000,0.00000000
2001-04-30T23:20:00,1,4,30,23,20,0.00000000,15.80000000,15.80000000,0.00000000
2001-04-30T23:30:00,1,4,30,23,30,0.00000000,15.60000000,15.60000000,0.00000000
2001-04-30T23:40:00,1,4,30,23,40,0.00000000,15.40000000,15.40000000,0.00000000
2001-04-30T23:50:00,1,4,30,23,50,0.00000000,15.20000000,15.20000000,0.00000000
