timestamp,source_year_index,month,day,hour,minute,irradiance_pu,ambient_temperature_c,panel_temperature_c,generation_pu
2001-01-01T00:00:00,1,1,1,0,0,0.00000000,20.40000000,20.40000000,0.00000000
2001-01-01T00:10:00,1,1,1,0,10,0.00000000,20.48333333,20.48333333,0.00000000
2001-01-01T00:20:00,1,1,1,0,20,0.00000000,20.56666667,20.56666667,0.00000000
2001-01-01T00:30:00,1,1,1,0,30,0.00000000,20.65000000,20.65000000,0.00000000
2001-01-01T00:40:00,1,1,1,0,40,0.00000000,20.73333333,20.73333333,0.00000000
2001-01-01T00:50:00,1,1,1,0,50,0.00000000,20.81666667,20.81666667,0.00000000
2001-01-01T01:00:00,1,1,1,1,0,0.00000000,20.90000000,20.90000000,0.00000000
2001-01-01T01:10:00,1,1,1,1,10,0.00000000,20.86666667,20.86666667,0.00000000
2001-01-01T01:20:00,1,1,1,1,20,0.00000000,20.83333333,20.83333333,0.00000000
2001-01-01T01:30:00,1,1,1,1,30,0.00000000,20.80000000,20.80000000,0.00000000
2001-01-01T01:40:00,1,1,1,1,40,0.00000000,20.76666667,20.76666667,0.00000000
2001-01-01T01:50:00,1,1,1,1,50,0.00000000,20.73333333,20.73333333,0.00000000
2001-01-01T02:00:00,1,1,1,2,0,0.00000000,20.70000000,20.70000000,0.00000000
2001-01-01T02:10:00,1,1,1,2,10,0.00000000,20.66666667,20.66666667,0.00000000
2001-01-01T02:20:00,1,1,1,2,20,0.00000000,20.63333333,20.63333333,0.00000000
2001-01-01T02:30:00,1,1,1,2,30,0.00000000,20.60000000,20.60000000,0.00000000
2001-01-01T02:40:00,1,1,1,2,40,0.00000000,20.56666667,20.56666667,0.00000000
2001-01-01T02:50:00,1,1,1,2,50,0.00000000,20.53333333,20.53333333,0.00000000
2001-01-01T03:00:00,1,1,1,3,0,0.00000000,20.50000000,20.50000000,0.00000000
2001-01-01T03:10:00,1,1,1,3,10,0.00000000,20.50000000,20.50000000,0.00000000
2001-01-01T03:20:00,1,1,1,3,20,0.00000000,20.50000000,20.50000000,0.00000000
2001-01-01T03:30:00,1,1,1,3,30,0.00000000,20.50000000,20.50000000,0.00000000
2001-01-01T03:40:00,1,1,1,3,40,0.00000000,20.50000000,20.50000000,0.00000000
2001-01-01T03:50:00,1,1,1,3,50,0.00000000,20.50000000,20.50000000,0.00000000
2001-01-01T04:00:00,1,1,1,4,0,0.00000000,20.50000000,20.50000000,0.00000000
2001-01-01T04:10:00,1,1,1,4,10,0.00450000,20.48333333,20.64083333,0.00459023
2001-01-01T04:20:00,1,1,1,4,20,0.00900000,20.46666667,20.78166667,0.00917464
2001-01-01T04:30:00,1,1,1,4,30,0.01350000,20.45000000,20.92250000,0.01375321
2001-01-01T04:40:00,1,1,1,4,40,0.01800000,20.43333333,21.06333333,0.01832596
2001-01-01T04:50:00,1,1,1,4,50,0.02250000,20.41666667,21.20416667,0.02289287
2001-01-01T05:00:00,1,1,1,5,0,0.02700000,20.40000000,21.34500000,0.02745395
2001-01-01T05:10:00,1,1,1,5,10,0.03650000,20.56666667,21.84416667,0.03702986
2001-01-01T05:20:00,1,1,1,5,20,0.04600000,20.73333333,22.34333333,0.04656215
2001-01-01T05:30:00,1,1,1,5,30,0.05550000,20.90000000,22.84250000,0.05605081
2001-01-01T05:40:00,1,1,1,5,40,0.06500000,21.06666667,23.34166667,0.06549584
2001-01-01T05:50:00,1,1,1,5,50,0.07450000,21.23333333,23.84083333,0.07489725
2001-01-01T06:00:00,1,1,1,6,0,0.08400000,21.40000000,24.34000000,0.08425502
2001-01-01T06:10:00,1,1,1,6,10,0.13150000,21.50000000,26.10250000,0.13083310
2001-01-01T06:20:00,1,1,1,6,20,0.17900000,21.60000000,27.86500000,0.17664096
2001-01-01T06:30:00,1,1,1,6,30,0.22650000,21.70000000,29.62750000,0.22167861
2001-01-01T06:40:00,1,1,1,6,40,0.27400000,21.80000000,31.39000000,0.26594604
2001-01-01T06:50:00,1,1,1,6,50,0.32150000,21.90000000,33.15250000,0.30944327
2001-01-01T07:00:00,1,1,1,7,0,0.36900000,22.00000000,34.91500000,0.35217028
2001-01-01T07:10:00,1,1,1,7,10,0.37566667,22.25000000,35.39833333,0.35769765
2001-01-01T07:20:00,1,1,1,7,20,0.38233333,22.50000000,35.88166667,0.36319538
2001-01-01T07:30:00,1,1,1,7,30,0.38900000,22.75000000,36.36500000,0.36866347
2001-01-01T07:40:00,1,1,1,7,40,0.39566667,23.00000000,36.84833333,0.37410191
2001-01-01T07:50:00,1,1,1,7,50,0.40233333,23.25000000,37.33166667,0.37951071
2001-01-01T08:00:00,1,1,1,8,0,0.40900000,23.50000000,37.81500000,0.38488986
2001-01-01T08:10:00,1,1,1,8,10,0.43866667,23.61666667,38.97000000,0.41047707
2001-01-01T08:20:00,1,1,1,8,20,0.46833333,23.73333333,40.12500000,0.43574904
2001-01-01T08:30:00,1,1,1,8,30,0.49800000,23.85000000,41.28000000,0.46070578
2001-01-01T08:40:00,1,1,1,8,40,0.52766667,23.96666667,42.43500000,0.48534727
2001-01-01T08:50:00,1,1,1,8,50,0.55733333,24.08333333,43.59000000,0.50967353
2001-01-01T09:00:00,1,1,1,9,0,0.58700000,24.20000000,44.74500000,0.53368455
2001-01-01T09:10:00,1,1,1,9,10,0.63266667,24.45000000,46.59333333,0.56982431
2001-01-01T09:20:00,1,1,1,9,20,0.67833333,24.70000000,48.44166667,0.60518752
2001-01-01T09:30:00,1,1,1,9,30,0.72400000,24.95000000,50.29000000,0.63977418
2001-01-01T09:40:00,1,1,1,9,40,0.76966667,25.20000000,52.13833333,0.67358430
2001-01-01T09:50:00,1,1,1,9,50,0.81533333,25.45000000,53.98666667,0.70661787
2001-01-01T10:00:00,1,1,1,10,0,0.86100000,25.70000000,55.83500000,0.73887490
2001-01-01T10:10:00,1,1,1,10,10,0.82983333,25.98333333,55.02750000,0.71521136
2001-01-01T10:20:00,1,1,1,10,20,0.79866667,26.26666667,54.22000000,0.69131628
2001-01-01T10:30:00,1,1,1,10,30,0.76750000,26.55000000,53.41250000,0.66718967
2001-01-01T10:40:00,1,1,1,10,40,0.73633333,26.83333333,52.60500000,0.64283152
2001-01-01T10:50:00,1,1,1,10,50,0.70516667,27.11666667,51.79750000,0.61824183
2001-01-01T11:00:00,1,1,1,11,0,0.67400000,27.40000000,50.99000000,0.59342060
2001-01-01T11:10:00,1,1,1,11,10,0.69116667,27.30000000,51.49083333,0.60694259
2001-01-01T11:20:00,1,1,1,11,20,0.70833333,27.20000000,51.99166667,0.62038549
2001-01-01T11:30:00,1,1,1,11,30,0.72550000,27.10000000,52.49250000,0.63374928
2001-01-01T11:40:00,1,1,1,11,40,0.74266667,27.00000000,52.99333333,0.64703398
2001-01-01T11:50:00,1,1,1,11,50,0.75983333,26.90000000,53.49416667,0.66023957
2001-01-01T12:00:00,1,1,1,12,0,0.77700000,26.80000000,53.99500000,0.67336607
2001-01-01T12:10:00,1,1,1,12,10,0.77383333,26.98333333,54.06750000,0.67036369
2001-01-01T12:20:00,1,1,1,12,20,0.77066667,27.16666667,54.14000000,0.66736342
2001-01-01T12:30:00,1,1,1,12,30,0.76750000,27.35000000,54.21250000,0.66436527
2001-01-01T12:40:00,1,1,1,12,40,0.76433333,27.53333333,54.28500000,0.66136923
2001-01-01T12:50:00,1,1,1,12,50,0.76116667,27.71666667,54.35750000,0.65837529
2001-01-01T13:00:00,1,1,1,13,0,0.75800000,27.90000000,54.43000000,0.65538348
2001-01-01T13:10:00,1,1,1,13,10,0.72316667,27.78333333,53.09416667,0.62970955
2001-01-01T13:20:00,1,1,1,13,20,0.68833333,27.66666667,51.75833333,0.60360753
2001-01-01T13:30:00,1,1,1,13,30,0.65350000,27.55000000,50.42250000,0.57707742
2001-01-01T13:40:00,1,1,1,13,40,0.61866667,27.43333333,49.08666667,0.55011922
2001-01-01T13:50:00,1,1,1,13,50,0.58383333,27.31666667,47.75083333,0.52273294
2001-01-01T14:00:00,1,1,1,14,0,0.54900000,27.20000000,46.41500000,0.49491856
2001-01-01T14:10:00,1,1,1,14,10,0.55133333,27.13333333,46.43000000,0.49698400
2001-01-01T14:20:00,1,1,1,14,20,0.55366667,27.06666667,46.44500000,0.49904911
2001-01-01T14:30:00,1,1,1,14,30,0.55600000,27.00000000,46.46000000,0.50111390
2001-01-01T14:40:00,1,1,1,14,40,0.55833333,26.93333333,46.47500000,0.50317837
2001-01-01T14:50:00,1,1,1,14,50,0.56066667,26.86666667,46.49000000,0.50524252
2001-01-01T15:00:00,1,1,1,15,0,0.56300000,26.80000000,46.50500000,0.50730635
2001-01-01T15:10:00,1,1,1,15,10,0.51400000,26.75000000,44.74000000,0.46732674
2001-01-01T15:20:00,1,1,1,15,20,0.46500000,26.70000000,42.97500000,0.42655147
2001-01-01T15:30:00,1,1,1,15,30,0.41600000,26.65000000,41.21000000,0.38498054
2001-01-01T15:40:00,1,1,1,15,40,0.36700000,26.60000000,39.44500000,0.34261395
2001-01-01T15:50:00,1,1,1,15,50,0.31800000,26.55000000,37.68000000,0.29945170
2001-01-01T16:00:00,1,1,1,16,0,0.26900000,26.50000000,35.91500000,0.25549378
2001-01-01T16:10:00,1,1,1,16,10,0.25616667,26.31666667,35.28250000,0.24405011
2001-01-01T16:20:00,1,1,1,16,20,0.24333333,26.13333333,34.65000000,0.23253177
2001-01-01T16:30:00,1,1,1,16,30,0.23050000,25.95000000,34.01750000,0.22093874
2001-01-01T16:40:00,1,1,1,16,40,0.21766667,25.76666667,33.38500000,0.20927105
2001-01-01T16:50:00,1,1,1,16,50,0.20483333,25.58333333,32.75250000,0.19752867
2001-01-01T17:00:00,1,1,1,17,0,0.19200000,25.40000000,32.12000000,0.18571162
2001-01-01T17:10:00,1,1,1,17,10,0.16533333,25.28333333,31.07000000,0.16071690
2001-01-01T17:20:00,1,1,1,17,20,0.13866667,25.16666667,30.02000000,0.13546458
2001-01-01T17:30:00,1,1,1,17,30,0.11200000,25.05000000,28.97000000,0.10995466
2001-01-01T17:40:00,1,1,1,17,40,0.08533333,24.93333333,27.92000000,0.08418714
2001-01-01T17:50:00,1,1,1,17,50,0.05866667,24.81666667,26.87000000,0.05816202
2001-01-01T18:00:00,1,1,1,18,0,0.03200000,24.70000000,25.82000000,0.03187930
2001-01-01T18:10:00,1,1,1,18,10,0.02666667,24.65000000,25.58333333,0.02659511
2001-01-01T18:20:00,1,1,1,18,20,0.02133333,24.60000000,25.34666667,0.02129931
2001-01-01T18:30:00,1,1,1,18,30,0.01600000,24.55000000,25.11000000,0.01599190
2001-01-01T18:40:00,1,1,1,18,40,0.01066667,24.50000000,24.87333333,0.01067288
2001-01-01T18:50:00,1,1,1,18,50,0.00533333,24.45000000,24.63666667,0.00534225
2001-01-01T19:00:00,1,1,1,19,0,0.00000000,24.40000000,24.40000000,0.00000000
2001-01-01T19:10:00,1,1,1,19,10,0.00000000,24.26666667,24.26666667,0.00000000
2001-01-01T19:20:00,1,1,1,19,20,0.00000000,24.13333333,24.13333333,0.00000000
2001-01-01T19:30:00,1,1,1,19,30,0.00000000,24.00000000,24.00000000,0.00000000
2001-01-01T19:40:00,1,1,1,19,40,0.00000000,23.86666667,23.86666667,0.00000000
2001-01-01T19:50:00,1,1,1,19,50,0.00000000,23.73333333,23.73333333,0.00000000
2001-01-01T20:00:00,1,1,1,20,0,0.00000000,23.60000000,23.60000000,0.00000000
2001-01-01T20:10:00,1,1,1,20,10,0.00000000,23.61666667,23.61666667,0.00000000
2001-01-01T20:20:00,1,1,1,20,20,0.00000000,23.63333333,23.63333333,0.00000000
2001-01-01T20:30:00,1,1,1,20,30,0.00000000,23.65000000,23.65000000,0.00000000
2001-01-01T20:40:00,1,1,1,20,40,0.00000000,23.66666667,23.66666667,0.00000000
2001-01-01T20:50:00,1,1,1,20,50,0.00000000,23.68333333,23.68333333,0.00000000
2001-01-01T21:00:00,1,1,1,21,0,0.00000000,23.70000000,23.70000000,0.00000000
2001-01-01T21:10:00,1,1,1,21,10,0.00000000,23.66666667,23.66666667,0.00000000
2001-01-01T21:20:00,1,1,1,21,20,0.00000000,23.63333333,23.63333333,0.00000000
2001-01-01T21:30:00,1,1,1,21,30,0.00000000,23.60000000,23.60000000,0.00000000
2001-01-01T21:40:00,1,1,1,21,40,0.00000000,23.56666667,23.56666667,0.00000000
2001-01-01T21:50:00,1,1,1,21,50,0.00000000,23.53333333,23.53333333,0.00000000
2001-01-01T22:00:00,1,1,1,22,0,0.00000000,23.50000000,23.50000000,0.00000000
2001-01-01T22:10:00,1,1,1,22,10,0.00000000,23.41666667,23.41666667,0.00000000
2001-01-01T22:20:00,1,1,1,22,20,0.00000000,23.33333333,23.33333333,0.00000000
2001-01-01T22:30:00,1,1,1,22,30,0.00000000,23.25000000,23.25000000,0.00000000
2001-01-01T22:40:00,1,1,1,22,40,0.00000000,23.16666667,23.16666667,0.00000000
2001-01-01T22:50:00,1,1,1,22,50,0.00000000,23.08333333,23.08333333,0.00000000
2001-01-01T23:00:00,1,1,1,23,0,0.00000000,23.00000000,23.00000000,0.00000000
2001-01-01T23:10:00,1,1,1,23,10,0.00000000,23.11666667,23.11666667,0.00000000
2001-01-01T23:20:00,1,1,1,23,20,0.00000000,23.23333333,23.23333333,0.00000000
2001-01-01T23:30:00,1,1,1,23,30,0.00000000,23.35000000,23.35000000,0.00000000
2001-01-01T23:40:00,1,1,1,23,40,0.00000000,23.46666667,23.46666667,0.00000000
2001-01-01T23:50:00,1,1,1,23,50,0.00000000,23.58333333,23.58333333,0.00000000
2001-01-02T00:00:00,1,1,2,0,0,0.00000000,23.70000000,23.70000000,0.00000000
2001-01-02T00:10:00,1,1,2,0,10,0.00000000,23.68333333,23.68333333,0.00000000
2001-01-02T00:20:00,1,1,2,0,20,0.00000000,23.66666667,23.66666667,0.00000000
2001-01-02T00:30:00,1,1,2,0,30,0.00000000,23.65000000,23.65000000,0.00000000
2001-01-02T00:40:00,1,1,2,0,40,0.00000000,23.63333333,23.63333333,0.00000000
2001-01-02T00:50:00,1,1,2,0,50,0.00000000,23.61666667,23.61666667,0.00000000
2001-01-02T01:00:00,1,1,2,1,0,0.00000000,23.60000000,23.60000000,0.00000000
2001-01-02T01:10:00,1,1,2,1,10,0.00000000,23.53333333,23.53333333,0.00000000
2001-01-02T01:20:00,1,1,2,1,20,0.00000000,23.46666667,23.46666667,0.00000000
2001-01-02T01:30:00,1,1,2,1,30,0.00000000,23.40000000,23.40000000,0.00000000
2001-01-02T01:40:00,1,1,2,1,40,0.00000000,23.33333333,23.33333333,0.00000000
2001-01-02T01:50:00,1,1,2,1,50,0.00000000,23.26666667,23.26666667,0.00000000
2001-01-02T02:00:00,1,1,2,2,0,0.00000000,23.20000000,23.20000000,0.00000000
2001-01-02T02:10:00,1,1,2,2,10,0.00000000,23.23333333,23.23333333,0.00000000
2001-01-02T02:20:00,1,1,2,2,20,0.00000000,23.26666667,23.26666667,0.00000000
2001-01-02T02:30:00,1,1,2,2,30,0.00000000,23.30000000,23.30000000,0.00000000
2001-01-02T02:40:00,1,1,2,2,40,0.00000000,23.33333333,23.33333333,0.00000000
2001-01-02T02:50:00,1,1,2,2,50,0.00000000,23.36666667,23.36666667,0.00000000
2001-01-02T03:00:00,1,1,2,3,0,0.00000000,23.40000000,23.40000000,0.00000000
2001-01-02T03:10:00,1,1,2,3,10,0.00000000,23.35000000,23.35000000,0.00000000
2001-01-02T03:20:00,1,1,2,3,20,0.00000000,23.30000000,23.30000000,0.00000000
2001-01-02T03:30:00,1,1,2,3,30,0.00000000,23.25000000,23.25000000,0.00000000
2001-01-02T03:40:00,1,1,2,3,40,0.00000000,23.20000000,23.20000000,0.00000000
2001-01-02T03:50:00,1,1,2,3,50,0.00000000,23.15000000,23.15000000,0.00000000
2001-01-02T04:00:00,1,1,2,4,0,0.00000000,23.10000000,23.10000000,0.00000000
2001-01-02T04:10:00,1,1,2,4,10,0.00216667,23.10000000,23.17583333,0.00218485
2001-01-02T04:20:00,1,1,2,4,20,0.00433333,23.10000000,23.25166667,0.00436818
2001-01-02T04:30:00,1,1,2,4,30,0.00650000,23.10000000,23.32750000,0.00655001
2001-01-02T04:40:00,1,1,2,4,40,0.00866667,23.10000000,23.40333333,0.00873032
2001-01-02T04:50:00,1,1,2,4,50,0.01083333,23.10000000,23.47916667,0.01090912
2001-01-02T05:00:00,1,1,2,5,0,0.01300000,23.10000000,23.55500000,0.01308641
2001-01-02T05:10:00,1,1,2,5,10,0.02883333,23.08333333,24.09250000,0.02895370
2001-01-02T05:20:00,1,1,2,5,20,0.04466667,23.06666667,24.63000000,0.04474269
2001-01-02T05:30:00,1,1,2,5,30,0.06050000,23.05000000,25.16750000,0.06045338
2001-01-02T05:40:00,1,1,2,5,40,0.07633333,23.03333333,25.70500000,0.07608578
2001-01-02T05:50:00,1,1,2,5,50,0.09216667,23.01666667,26.24250000,0.09163989
2001-01-02T06:00:00,1,1,2,6,0,0.10800000,23.00000000,26.78000000,0.10711570
2001-01-02T06:10:00,1,1,2,6,10,0.10383333,23.28333333,26.91750000,0.10291747
2001-01-02T06:20:00,1,1,2,6,20,0.09966667,23.56666667,27.05500000,0.09872452
2001-01-02T06:30:00,1,1,2,6,30,0.09550000,23.85000000,27.19250000,0.09453683
2001-01-02T06:40:00,1,1,2,6,40,0.09133333,24.13333333,27.33000000,0.09035442
2001-01-02T06:50:00,1,1,2,6,50,0.08716667,24.41666667,27.46750000,0.08617728
2001-01-02T07:00:00,1,1,2,7,0,0.08300000,24.70000000,27.60500000,0.08200541
2001-01-02T07:10:00,1,1,2,7,10,0.10833333,24.65000000,28.44166667,0.10661824
2001-01-02T07:20:00,1,1,2,7,20,0.13366667,24.60000000,29.27833333,0.13103606
2001-01-02T07:30:00,1,1,2,7,30,0.15900000,24.55000000,30.11500000,0.15525889
2001-01-02T07:40:00,1,1,2,7,40,0.18433333,24.50000000,30.95166667,0.17928672
2001-01-02T07:50:00,1,1,2,7,50,0.20966667,24.45000000,31.78833333,0.20311955
2001-01-02T08:00:00,1,1,2,8,0,0.23500000,24.40000000,32.62500000,0.22675737
2001-01-02T08:10:00,1,1,2,8,10,0.25116667,24.66666667,33.45750000,0.24139515
2001-01-02T08:20:00,1,1,2,8,20,0.26733333,24.93333333,34.29000000,0.25590911
2001-01-02T08:30:00,1,1,2,8,30,0.28350000,25.20000000,35.12250000,0.27029925
2001-01-02T08:40:00,1,1,2,8,40,0.29966667,25.46666667,35.95500000,0.28456556
2001-01-02T08:50:00,1,1,2,8,50,0.31583333,25.73333333,36.78750000,0.29870806
2001-01-02T09:00:00,1,1,2,9,0,0.33200000,26.00000000,37.62000000,0.31272674
2001-01-02T09:10:00,1,1,2,9,10,0.34083333,26.10000000,38.02916667,0.32040577
2001-01-02T09:20:00,1,1,2,9,20,0.34966667,26.20000000,38.43833333,0.32805156
2001-01-02T09:30:00,1,1,2,9,30,0.35850000,26.30000000,38.84750000,0.33566409
2001-01-02T09:40:00,1,1,2,9,40,0.36733333,26.40000000,39.25666667,0.34324337
2001-01-02T09:50:00,1,1,2,9,50,0.37616667,26.50000000,39.66583333,0.35078940
2001-01-02T10:00:00,1,1,2,10,0,0.38500000,26.60000000,40.07500000,0.35830218
2001-01-02T10:10:00,1,1,2,10,10,0.34850000,26.76666667,38.96416667,0.32611404
2001-01-02T10:20:00,1,1,2,10,20,0.31200000,26.93333333,37.85333333,0.29355290
2001-01-02T10:30:00,1,1,2,10,30,0.27550000,27.10000000,36.74250000,0.26061873
2001-01-02T10:40:00,1,1,2,10,40,0.23900000,27.26666667,35.63166667,0.22731155
2001-01-02T10:50:00,1,1,2,10,50,0.20250000,27.43333333,34.52083333,0.19363134
2001-01-02T11:00:00,1,1,2,11,0,0.16600000,27.60000000,33.41000000,0.15957812
2001-01-02T11:10:00,1,1,2,11,10,0.16250000,27.31666667,33.00416667,0.15651689
2001-01-02T11:20:00,1,1,2,11,20,0.15900000,27.03333333,32.59833333,0.15344258
2001-01-02T11:30:00,1,1,2,11,30,0.15550000,26.75000000,32.19250000,0.15035520
2001-01-02T11:40:00,1,1,2,11,40,0.15200000,26.46666667,31.78666667,0.14725476
2001-01-02T11:50:00,1,1,2,11,50,0.14850000,26.18333333,31.38083333,0.14414125
2001-01-02T12:00:00,1,1,2,12,0,0.14500000,25.90000000,30.97500000,0.14101468
2001-01-02T12:10:00,1,1,2,12,10,0.20000000,25.81666667,32.81666667,0.19280867
2001-01-02T12:20:00,1,1,2,12,20,0.25500000,25.73333333,34.65833333,0.24367078
2001-01-02T12:30:00,1,1,2,12,30,0.31000000,25.65000000,36.50000000,0.29360100
2001-01-02T12:40:00,1,1,2,12,40,0.36500000,25.56666667,38.34166667,0.34259934
2001-01-02T12:50:00,1,1,2,12,50,0.42000000,25.48333333,40.18333333,0.39066580
2001-01-02T13:00:00,1,1,2,13,0,0.47500000,25.40000000,42.02500000,0.43780037
2001-01-02T13:10:00,1,1,2,13,10,0.47216667,25.78333333,42.30916667,0.43457173
2001-01-02T13:20:00,1,1,2,13,20,0.46933333,26.16666667,42.59333333,0.43135050
2001-01-02T13:30:00,1,1,2,13,30,0.46650000,26.55000000,42.87750000,0.42813667
2001-01-02T13:40:00,1,1,2,13,40,0.46366667,26.93333333,43.16166667,0.42493025
2001-01-02T13:50:00,1,1,2,13,50,0.46083333,27.31666667,43.44583333,0.42173124
2001-01-02T14:00:00,1,1,2,14,0,0.45800000,27.70000000,43.73000000,0.41853964
2001-01-02T14:10:00,1,1,2,14,10,0.40500000,27.73333333,41.90833333,0.37349978
2001-01-02T14:20:00,1,1,2,14,20,0.35200000,27.76666667,40.08666667,0.32757167
2001-01-02T14:30:00,1,1,2,14,30,0.29900000,27.80000000,38.26500000,0.28075532
2001-01-02T14:40:00,1,1,2,14,40,0.24600000,27.83333333,36.44333333,0.23305072
2001-01-02T14:50:00,1,1,2,14,50,0.19300000,27.86666667,34.62166667,0.18445788
2001-01-02T15:00:00,1,1,2,15,0,0.14000000,27.90000000,32.80000000,0.13497680
2001-01-02T15:10:00,1,1,2,15,10,0.15783333,27.50000000,33.02416667,0.15200752
2001-01-02T15:20:00,1,1,2,15,20,0.17566667,27.10000000,33.24833333,0.16900146
2001-01-02T15:30:00,1,1,2,15,30,0.19350000,26.70000000,33.47250000,0.18595863
2001-01-02T15:40:00,1,1,2,15,40,0.21133333,26.30000000,33.69666667,0.20287901
2001-01-02T15:50:00,1,1,2,15,50,0.22916667,25.90000000,33.92083333,0.21976262
2001-01-02T16:00:00,1,1,2,16,0,0.24700000,25.50000000,34.14500000,0.23660945
2001-01-02T16:10:00,1,1,2,16,10,0.22800000,25.56666667,33.54666667,0.21903626
2001-01-02T16:20:00,1,1,2,16,20,0.20900000,25.63333333,32.94833333,0.20135847
2001-01-02T16:30:00,1,1,2,16,30,0.19000000,25.70000000,32.35000000,0.18357610
2001-01-02T16:40:00,1,1,2,16,40,0.17100000,25.76666667,31.75166667,0.16568914
2001-01-02T16:50:00,1,1,2,16,50,0.15200000,25.83333333,31.15333333,0.14769759
2001-01-02T17:00:00,1,1,2,17,0,0.13300000,25.90000000,30.55500000,0.12960145
2001-01-02T17:10:00,1,1,2,17,10,0.11316667,25.86666667,29.82750000,0.11065363
2001-01-02T17:20:00,1,1,2,17,20,0.09333333,25.83333333,29.10000000,0.09157307
2001-01-02T17:30:00,1,1,2,17,30,0.07350000,25.80000000,28.37250000,0.07235976
2001-01-02T17:40:00,1,1,2,17,40,0.05366667,25.76666667,27.64500000,0.05301370
2001-01-02T17:50:00,1,1,2,17,50,0.03383333,25.73333333,26.91750000,0.03353491
2001-01-02T18:00:00,1,1,2,18,0,0.01400000,25.70000000,26.19000000,0.01392336
2001-01-02T18:10:00,1,1,2,18,10,0.01166667,25.46666667,25.87500000,0.01161971
2001-01-02T18:20:00,1,1,2,18,20,0.00933333,25.23333333,25.56000000,0.00930929
2001-01-02T18:30:00,1,1,2,18,30,0.00700000,25.00000000,25.24500000,0.00699211
2001-01-02T18:40:00,1,1,2,18,40,0.00466667,24.76666667,24.93000000,0.00466817
2001-01-02T18:50:00,1,1,2,18,50,0.00233333,24.53333333,24.61500000,0.00233747
2001-01-02T19:00:00,1,1,2,19,0,0.00000000,24.30000000,24.30000000,0.00000000
2001-01-02T19:10:00,1,1,2,19,10,0.00000000,24.33333333,24.33333333,0.00000000
2001-01-02T19:20:00,1,1,2,19,20,0.00000000,24.36666667,24.36666667,0.00000000
2001-01-02T19:30:00,1,1,2,19,30,0.00000000,24.40000000,24.40000000,0.00000000
2001-01-02T19:40:00,1,1,2,19,40,0.00000000,24.43333333,24.43333333,0.00000000
2001-01-02T19:50:00,1,1,2,19,50,0.00000000,24.46666667,24.46666667,0.00000000
2001-01-02T20:00:00,1,1,2,20,0,0.00000000,24.50000000,24.50000000,0.00000000
2001-01-02T20:10:00,1,1,2,20,10,0.00000000,24.41666667,24.41666667,0.00000000
2001-01-02T20:20:00,1,1,2,20,20,0.00000000,24.33333333,24.33333333,0.00000000
2001-01-02T20:30:00,1,1,2,20,30,0.00000000,24.25000000,24.25000000,0.00000000
2001-01-02T20:40:00,1,1,2,20,40,0.00000000,24.16666667,24.16666667,0.00000000
2001-01-02T20:50:00,1,1,2,20,50,0.00000000,24.08333333,24.08333333,0.00000000
2001-01-02T21:00:00,1,1,2,21,0,0.00000000,24.00000000,24.00000000,0.00000000
2001-01-02T21:10:00,1,1,2,21,10,0.00000000,23.96666667,23.96666667,0.00000000
2001-01-02T21:20:00,1,1,2,21,20,0.00000000,23.93333333,23.93333333,0.00000000
2001-01-02T21:30:00,1,1,2,21,30,0.00000000,23.90000000,23.90000000,0.00000000
2001-01-02T21:40:00,1,1,2,21,40,0.00000000,23.86666667,23.86666667,0.00000000
2001-01-02T21:50:00,1,1,2,21,50,0.00000000,23.83333333,23.83333333,0.00000000
2001-01-02T22:00:00,1,1,2,22,0,0.00000000,23.80000000,23.80000000,0.00000000
2001-01-02T22:10:00,1,1,2,22,10,0.00000000,23.78333333,23.78333333,0.00000000
2001-01-02T22:20:00,1,1,2,22,20,0.00000000,23.76666667,23.76666667,0.00000000
2001-01-02T22:30:00,1,1,2,22,30,0.00000000,23.75000000,23.75000000,0.00000000
2001-01-02T22:40:00,1,1,2,22,40,0.00000000,23.73333333,23.73333333,0.00000000
2001-01-02T22:50:00,1,1,2,22,50,0.00000000,23.71666667,23.71666667,0.00000000
2001-01-02T23:00:00,1,1,2,23,0,0.00000000,23.70000000,23.70000000,0.00000000
2001-01-02T23:10:00,1,1,2,23,10,0.00000000,23.51666667,23.51666667,0.00000000
2001-01-02T23:20:00,1,1,2,23,20,0.00000000,23.33333333,23.33333333,0.00000000
2001-01-02T23:30:00,1,1,2,23,30,0.00000000,23.15000000,23.15000000,0.00000000
2001-01-02T23:40:00,1,1,2,23,40,0.00000000,22.96666667,22.96666667,0.00000000
2001-01-02T23:50:00,1,1,2,23,50,0.00000000,22.78333333,22.78333333,0.00000000
2001-01-03T00:00:00,1,1,3,0,0,0.00000000,22.60000000,22.60000000,0.00000000
2001-01-03T00:10:00,1,1,3,0,10,0.00000000,22.68333333,22.68333333,0.00000000
2001-01-03T00:20:00,1,1,3,0,20,0.00000000,22.76666667,22.76666667,0.00000000
2001-01-03T00:30:00,1,1,3,0,30,0.00000000,22.85000000,22.85000000,0.00000000
2001-01-03T00:40:00,1,1,3,0,40,0.00000000,22.93333333,22.93333333,0.00000000
2001-01-03T00:50:00,1,1,3,0,50,0.00000000,23.01666667,23.01666667,0.00000000
2001-01-03T01:00:00,1,1,3,1,0,0.00000000,23.10000000,23.10000000,0.00000000
2001-01-03T01:10:00,1,1,3,1,10,0.00000000,22.96666667,22.96666667,0.00000000
2001-01-03T01:20:00,1,1,3,1,20,0.00000000,22.83333333,22.83333333,0.00000000
2001-01-03T01:30:00,1,1,3,1,30,0.00000000,22.70000000,22.70000000,0.00000000
2001-01-03T01:40:00,1,1,3,1,40,0.00000000,22.56666667,22.56666667,0.00000000
2001-01-03T01:50:00,1,1,3,1,50,0.00000000,22.43333333,22.43333333,0.00000000
2001-01-03T02:00:00,1,1,3,2,0,0.00000000,22.30000000,22.30000000,0.00000000
2001-01-03T02:10:00,1,1,3,2,10,0.00000000,22.21666667,22.21666667,0.00000000
2001-01-03T02:20:00,1,1,3,2,20,0.00000000,22.13333333,22.13333333,0.00000000
2001-01-03T02:30:00,1,1,3,2,30,0.00000000,22.05000000,22.05000000,0.00000000
2001-01-03T02:40:00,1,1,3,2,40,0.00000000,21.96666667,21.96666667,0.00000000
2001-01-03T02:50:00,1,1,3,2,50,0.00000000,21.88333333,21.88333333,0.00000000
2001-01-03T03:00:00,1,1,3,3,0,0.00000000,21.80000000,21.80000000,0.00000000
2001-01-03T03:10:00,1,1,3,3,10,0.00000000,21.88333333,21.88333333,0.00000000
2001-01-03T03:20:00,1,1,3,3,20,0.00000000,21.96666667,21.96666667,0.00000000
2001-01-03T03:30:00,1,1,3,3,30,0.00000000,22.05000000,22.05000000,0.00000000
2001-01-03T03:40:00,1,1,3,3,40,0.00000000,22.13333333,22.13333333,0.00000000
2001-01-03T03:50:00,1,1,3,3,50,0.00000000,22.21666667,22.21666667,0.00000000
2001-01-03T04:00:00,1,1,3,4,0,0.00000000,22.30000000,22.30000000,0.00000000
2001-01-03T04:10:00,1,1,3,4,10,0.00316667,22.25000000,22.36083333,0.00320511
2001-01-03T04:20:00,1,1,3,4,20,0.00633333,22.20000000,22.42166667,0.00640845
2001-01-03T04:30:00,1,1,3,4,30,0.00950000,22.15000000,22.48250000,0.00961001
2001-01-03T04:40:00,1,1,3,4,40,0.01266667,22.10000000,22.54333333,0.01280981
2001-01-03T04:50:00,1,1,3,4,50,0.01583333,22.05000000,22.60416667,0.01600783
2001-01-03T05:00:00,1,1,3,5,0,0.01900000,22.00000000,22.66500000,0.01920408
2001-01-03T05:10:00,1,1,3,5,10,0.04900000,22.05000000,23.76500000,0.04927837
2001-01-03T05:20:00,1,1,3,5,20,0.07900000,22.10000000,24.86500000,0.07904906
2001-01-03T05:30:00,1,1,3,5,30,0.10900000,22.15000000,25.96500000,0.10851615
2001-01-03T05:40:00,1,1,3,5,40,0.13900000,22.20000000,27.06500000,0.13767964
2001-01-03T05:50:00,1,1,3,5,50,0.16900000,22.25000000,28.16500000,0.16653953
2001-01-03T06:00:00,1,1,3,6,0,0.19900000,22.30000000,29.26500000,0.19509582
2001-01-03T06:10:00,1,1,3,6,10,0.20133333,22.75000000,29.79666667,0.19689098
2001-01-03T06:20:00,1,1,3,6,20,0.20366667,23.20000000,30.32833333,0.19867473
2001-01-03T06:30:00,1,1,3,6,30,0.20600000,23.65000000,30.86000000,0.20044706
2001-01-03T06:40:00,1,1,3,6,40,0.20833333,24.10000000,31.39166667,0.20220799
2001-01-03T06:50:00,1,1,3,6,50,0.21066667,24.55000000,31.92333333,0.20395750
2001-01-03T07:00:00,1,1,3,7,0,0.21300000,25.00000000,32.45500000,0.20569559
2001-01-03T07:10:00,1,1,3,7,10,0.25450000,25.05000000,33.95750000,0.24401345
2001-01-03T07:20:00,1,1,3,7,20,0.29600000,25.10000000,35.46000000,0.28175766
2001-01-03T07:30:00,1,1,3,7,30,0.33750000,25.15000000,36.96250000,0.31892822
2001-01-03T07:40:00,1,1,3,7,40,0.37900000,25.20000000,38.46500000,0.35552512
2001-01-03T07:50:00,1,1,3,7,50,0.42050000,25.25000000,39.96750000,0.39154836
2001-01-03T08:00:00,1,1,3,8,0,0.46200000,25.30000000,41.47000000,0.42699796
2001-01-03T08:10:00,1,1,3,8,10,0.42150000,25.81666667,40.56916667,0.39131294
2001-01-03T08:20:00,1,1,3,8,20,0.38100000,26.33333333,39.66833333,0.35529228
2001-01-03T08:30:00,1,1,3,8,30,0.34050000,26.85000000,38.76750000,0.31893596
2001-01-03T08:40:00,1,1,3,8,40,0.30000000,27.36666667,37.86666667,0.28224400
2001-01-03T08:50:00,1,1,3,8,50,0.25950000,27.88333333,36.96583333,0.24521638
2001-01-03T09:00:00,1,1,3,9,0,0.21900000,28.40000000,36.06500000,0.20785312
2001-01-03T09:10:00,1,1,3,9,10,0.23500000,27.85000000,36.07500000,0.22302792
2001-01-03T09:20:00,1,1,3,9,20,0.25100000,27.30000000,36.08500000,0.23820126
2001-01-03T09:30:00,1,1,3,9,30,0.26700000,26.75000000,36.09500000,0.25337312
2001-01-03T09:40:00,1,1,3,9,40,0.28300000,26.20000000,36.10500000,0.26854351
2001-01-03T09:50:00,1,1,3,9,50,0.29900000,25.65000000,36.11500000,0.28371243
2001-01-03T10:00:00,1,1,3,10,0,0.31500000,25.10000000,36.12500000,0.29887988
2001-01-03T10:10:00,1,1,3,10,10,0.39116667,25.30000000,38.99083333,0.36599203
2001-01-03T10:20:00,1,1,3,10,20,0.46733333,25.50000000,41.85666667,0.43109600
2001-01-03T10:30:00,1,1,3,10,30,0.54350000,25.70000000,44.72250000,0.49419178
2001-01-03T10:40:00,1,1,3,10,40,0.61966667,25.90000000,47.58833333,0.55527938
2001-01-03T10:50:00,1,1,3,10,50,0.69583333,26.10000000,50.45416667,0.61435879
2001-01-03T11:00:00,1,1,3,11,0,0.77200000,26.30000000,53.32000000,0.67143002
2001-01-03T11:10:00,1,1,3,11,10,0.74666667,27.20000000,53.33333333,0.64935111
2001-01-03T11:20:00,1,1,3,11,20,0.72133333,28.10000000,53.34666667,0.62727531
2001-01-03T11:30:00,1,1,3,11,30,0.69600000,29.00000000,53.36000000,0.60520262
2001-01-03T11:40:00,1,1,3,11,40,0.67066667,29.90000000,53.37333333,0.58313304
2001-01-03T11:50:00,1,1,3,11,50,0.64533333,30.80000000,53.38666667,0.56106657
2001-01-03T12:00:00,1,1,3,12,0,0.62000000,31.70000000,53.40000000,0.53900320
2001-01-03T12:10:00,1,1,3,12,10,0.62466667,31.36666667,53.23000000,0.54354870
2001-01-03T12:20:00,1,1,3,12,20,0.62933333,31.03333333,53.06000000,0.54810150
2001-01-03T12:30:00,1,1,3,12,30,0.63400000,30.70000000,52.89000000,0.55266160
2001-01-03T12:40:00,1,1,3,12,40,0.63866667,30.36666667,52.72000000,0.55722900
2001-01-03T12:50:00,1,1,3,12,50,0.64333333,30.03333333,52.55000000,0.56180370
2001-01-03T13:00:00,1,1,3,13,0,0.64800000,29.70000000,52.38000000,0.56638570
2001-01-03T13:10:00,1,1,3,13,10,0.63133333,29.86666667,51.96333333,0.55302822
2001-01-03T13:20:00,1,1,3,13,20,0.61466667,30.03333333,51.54666667,0.53960685
2001-01-03T13:30:00,1,1,3,13,30,0.59800000,30.20000000,51.13000000,0.52612160
2001-01-03T13:40:00,1,1,3,13,40,0.58133333,30.36666667,50.71333333,0.51257245
2001-01-03T13:50:00,1,1,3,13,50,0.56466667,30.53333333,50.29666667,0.49895942
2001-01-03T14:00:00,1,1,3,14,0,0.54800000,30.70000000,49.88000000,0.48528250
2001-01-03T14:10:00,1,1,3,14,10,0.51850000,30.50000000,48.64750000,0.46209835
2001-01-03T14:20:00,1,1,3,14,20,0.48900000,30.30000000,47.41500000,0.43857970
2001-01-03T14:30:00,1,1,3,14,30,0.45950000,30.10000000,46.18250000,0.41472655
2001-01-03T14:40:00,1,1,3,14,40,0.43000000,29.90000000,44.95000000,0.39053890
2001-01-03T14:50:00,1,1,3,14,50,0.40050000,29.70000000,43.71750000,0.36601675
2001-01-03T15:00:00,1,1,3,15,0,0.37100000,29.50000000,42.48500000,0.34116010
2001-01-03T15:10:00,1,1,3,15,10,0.34500000,29.18333333,41.25833333,0.31919802
2001-01-03T15:20:00,1,1,3,15,20,0.31900000,28.86666667,40.03166667,0.29694253
2001-01-03T15:30:00,1,1,3,15,30,0.29300000,28.55000000,38.80500000,0.27439362
2001-01-03T15:40:00,1,1,3,15,40,0.26700000,28.23333333,37.57833333,0.25155129
2001-01-03T15:50:00,1,1,3,15,50,0.24100000,27.91666667,36.35166667,0.22841554
2001-01-03T16:00:00,1,1,3,16,0,0.21500000,27.60000000,35.12500000,0.20498637
2001-01-03T16:10:00,1,1,3,16,10,0.19666667,27.26666667,34.15000000,0.18838897
2001-01-03T16:20:00,1,1,3,16,20,0.17833333,26.93333333,33.17500000,0.17162711
2001-01-03T16:30:00,1,1,3,16,30,0.16000000,26.60000000,32.20000000,0.15470080
2001-01-03T16:40:00,1,1,3,16,40,0.14166667,26.26666667,31.22500000,0.13761004
2001-01-03T16:50:00,1,1,3,16,50,0.12333333,25.93333333,30.25000000,0.12035483
2001-01-03T17:00:00,1,1,3,17,0,0.10500000,25.60000000,29.27500000,0.10293517
2001-01-03T17:10:00,1,1,3,17,10,0.09116667,25.33333333,28.52416667,0.08968875
2001-01-03T17:20:00,1,1,3,17,20,0.07733333,25.06666667,27.77333333,0.07634677
2001-01-03T17:30:00,1,1,3,17,30,0.06350000,24.80000000,27.02250000,0.06290923
2001-01-03T17:40:00,1,1,3,17,40,0.04966667,24.53333333,26.27166667,0.04937613
2001-01-03T17:50:00,1,1,3,17,50,0.03583333,24.26666667,25.52083333,0.03574748
2001-01-03T18:00:00,1,1,3,18,0,0.02200000,24.00000000,24.77000000,0.02202328
2001-01-03T18:10:00,1,1,3,18,10,0.01833333,23.86666667,24.50833333,0.01837480
2001-01-03T18:20:00,1,1,3,18,20,0.01466667,23.73333333,24.24666667,0.01471749
2001-01-03T18:30:00,1,1,3,18,30,0.01100000,23.60000000,23.98500000,0.01105136
2001-01-03T18:40:00,1,1,3,18,40,0.00733333,23.46666667,23.72333333,0.00737640
2001-01-03T18:50:00,1,1,3,18,50,0.00366667,23.33333333,23.46166667,0.00369261
2001-01-03T19:00:00,1,1,3,19,0,0.00000000,23.20000000,23.20000000,0.00000000
2001-01-03T19:10:00,1,1,3,19,10,0.00000000,23.05000000,23.05000000,0.00000000
2001-01-03T19:20:00,1,1,3,19,20,0.00000000,22.90000000,22.90000000,0.00000000
2001-01-03T19:30:00,1,1,3,19,30,0.00000000,22.75000000,22.75000000,0.00000000
2001-01-03T19:40:00,1,1,3,19,40,0.00000000,22.60000000,22.60000000,0.00000000
2001-01-03T19:50:00,1,1,3,19,50,0.00000000,22.45000000,22.45000000,0.00000000
2001-01-03T20:00:00,1,1,3,20,0,0.00000000,22.30000000,22.30000000,0.00000000
2001-01-03T20:10:00,1,1,3,20,10,0.00000000,22.16666667,22.16666667,0.00000000
2001-01-03T20:20:00,1,1,3,20,20,0.00000000,22.03333333,22.03333333,0.00000000
2001-01-03T20:30:00,1,1,3,20,30,0.00000000,21.90000000,21.90000000,0.00000000
2001-01-03T20:40:00,1,1,3,20,40,0.00000000,21.76666667,21.76666667,0.00000000
2001-01-03T20:50:00,1,1,3,20,50,0.00000000,21.63333333,21.63333333,0.00000000
2001-01-03T21:00:00,1,1,3,21,0,0.00000000,21.50000000,21.50000000,0.00000000
2001-01-03T21:10:00,1,1,3,21,10,0.00000000,21.46666667,21.46666667,0.00000000
2001-01-03T21:20:00,1,1,3,21,20,0.00000000,21.43333333,21.43333333,0.00000000
2001-01-03T21:30:00,1,1,3,21,30,0.00000000,21.40000000,21.40000000,0.00000000
2001-01-03T21:40:00,1,1,3,21,40,0.00000000,21.36666667,21.36666667,0.00000000
2001-01-03T21:50:00,1,1,3,21,50,0.00000000,21.33333333,21.33333333,0.00000000
2001-01-03T22:00:00,1,1,3,22,0,0.00000000,21.30000000,21.30000000,0.00000000
2001-01-03T22:10:00,1,1,3,22,10,0.00000000,21.16666667,21.16666667,0.00000000
2001-01-03T22:20:00,1,1,3,22,20,0.00000000,21.03333333,21.03333333,0.00000000
2001-01-03T22:30:00,1,1,3,22,30,0.00000000,20.90000000,20.90000000,0.00000000
2001-01-03T22:40:00,1,1,3,22,40,0.00000000,20.76666667,20.76666667,0.00000000
2001-01-03T22:50:00,1,1,3,22,50,0.00000000,20.63333333,20.63333333,0.00000000
2001-01-03T23:00:00,1,1,3,23,0,0.00000000,20.50000000,20.50000000,0.00000000
2001-01-03T23:10:00,1,1,3,23,10,0.00000000,20.55000000,20.55000000,0.00000000
2001-01-03T23:20:00,1,1,3,23,20,0.00000000,20.60000000,20.60000000,0.00000000
2001-01-03T23:30:00,1,1,3,23,30,0.00000000,20.65000000,20.65000000,0.00000000
2001-01-03T23:40:00,1,1,3,23,40,0.00000000,20.70000000,20.70000000,0.00000000
2001-01-03T23:50:00,1,1,3,23,50,0.00000000,20.75000000,20.75000000,0.00000000
2001-01-04T00:00:00,1,1,4,0,0,0.00000000,20.80000000,20.80000000,0.00000000
2001-01-04T00:10:00,1,1,4,0,10,0.00000000,20.76666667,20.76666667,0.00000000
2001-01-04T00:20:00,1,1,4,0,20,0.00000000,20.73333333,20.73333333,0.00000000
2001-01-04T00:30:00,1,1,4,0,30,0.00000000,20.70000000,20.70000000,0.00000000
2001-01-04T00:40:00,1,1,4,0,40,0.00000000,20.66666667,20.66666667,0.00000000
2001-01-04T00:50:00,1,1,4,0,50,0.00000000,20.63333333,20.63333333,0.00000000
2001-01-04T01:00:00,1,1,4,1,0,0.00000000,20.60000000,20.60000000,0.00000000
2001-01-04T01:10:00,1,1,4,1,10,0.00000000,20.58333333,20.58333333,0.00000000
2001-01-04T01:20:00,1,1,4,1,20,0.00000000,20.56666667,20.56666667,0.00000000
2001-01-04T01:30:00,1,1,4,1,30,0.00000000,20.55000000,20.55000000,0.00000000
2001-01-04T01:40:00,1,1,4,1,40,0.00000000,20.53333333,20.53333333,0.00000000
2001-01-04T01:50:00,1,1,4,1,50,0.00000000,20.51666667,20.51666667,0.00000000
2001-01-04T02:00:00,1,1,4,2,0,0.00000000,20.50000000,20.50000000,0.00000000
2001-01-04T02:10:00,1,1,4,2,10,0.00000000,20.36666667,20.36666667,0.00000000
2001-01-04T02:20:00,1,1,4,2,20,0.00000000,20.23333333,20.23333333,0.00000000
2001-01-04T02:30:00,1,1,4,2,30,0.00000000,20.10000000,20.10000000,0.00000000
2001-01-04T02:40:00,1,1,4,2,40,0.00000000,19.96666667,19.96666667,0.00000000
2001-01-04T02:50:00,1,1,4,2,50,0.00000000,19.83333333,19.83333333,0.00000000
2001-01-04T03:00:00,1,1,4,3,0,0.00000000,19.70000000,19.70000000,0.00000000
2001-01-04T03:10:00,1,1,4,3,10,0.00000000,19.66666667,19.66666667,0.00000000
2001-01-04T03:20:00,1,1,4,3,20,0.00000000,19.63333333,19.63333333,0.00000000
2001-01-04T03:30:00,1,1,4,3,30,0.00000000,19.60000000,19.60000000,0.00000000
2001-01-04T03:40:00,1,1,4,3,40,0.00000000,19.56666667,19.56666667,0.00000000
2001-01-04T03:50:00,1,1,4,3,50,0.00000000,19.53333333,19.53333333,0.00000000
2001-01-04T04:00:00,1,1,4,4,0,0.00000000,19.50000000,19.50000000,0.00000000
2001-01-04T04:10:00,1,1,4,4,10,0.00483333,19.50000000,19.66916667,0.00495186
2001-01-04T04:20:00,1,1,4,4,20,0.00966667,19.50000000,19.83833333,0.00989619
2001-01-04T04:30:00,1,1,4,4,30,0.01450000,19.50000000,20.00750000,0.01483300
2001-01-04T04:40:00,1,1,4,4,40,0.01933333,19.50000000,20.17666667,0.01976229
2001-01-04T04:50:00,1,1,4,4,50,0.02416667,19.50000000,20.34583333,0.02468405
2001-01-04T05:00:00,1,1,4,5,0,0.02900000,19.50000000,20.51500000,0.02959830
2001-01-04T05:10:00,1,1,4,5,10,0.04150000,19.66666667,21.11916667,0.04224085
2001-01-04T05:20:00,1,1,4,5,20,0.05400000,19.83333333,21.72333333,0.05481392
2001-01-04T05:30:00,1,1,4,5,30,0.06650000,20.00000000,22.32750000,0.06731752
2001-01-04T05:40:00,1,1,4,5,40,0.07900000,20.16666667,22.93166667,0.07975163
2001-01-04T05:50:00,1,1,4,5,50,0.09150000,20.33333333,23.53583333,0.09211627
2001-01-04T06:00:00,1,1,4,6,0,0.10400000,20.50000000,24.14000000,0.10441142
2001-01-04T06:10:00,1,1,4,6,10,0.14883333,20.78333333,25.99250000,0.14815383
2001-01-04T06:20:00,1,1,4,6,20,0.19366667,21.06666667,27.84500000,0.19113215
2001-01-04T06:30:00,1,1,4,6,30,0.23850000,21.35000000,29.69750000,0.23334637
2001-01-04T06:40:00,1,1,4,6,40,0.28333333,21.63333333,31.55000000,0.27479650
2001-01-04T06:50:00,1,1,4,6,50,0.32816667,21.91666667,33.40250000,0.31548253
2001-01-04T07:00:00,1,1,4,7,0,0.37300000,22.20000000,35.25500000,0.35540447
2001-01-04T07:10:00,1,1,4,7,10,0.42233333,22.33333333,37.11500000,0.39879712
2001-01-04T07:20:00,1,1,4,7,20,0.47166667,22.46666667,38.97500000,0.44134558
2001-01-04T07:30:00,1,1,4,7,30,0.52100000,22.60000000,40.83500000,0.48304984
2001-01-04T07:40:00,1,1,4,7,40,0.57033333,22.73333333,42.69500000,0.52390991
2001-01-04T07:50:00,1,1,4,7,50,0.61966667,22.86666667,44.55500000,0.56392579
2001-01-04T08:00:00,1,1,4,8,0,0.66900000,23.00000000,46.41500000,0.60309748
2001-01-04T08:10:00,1,1,4,8,10,0.69083333,23.26666667,47.44583333,0.61950422
2001-01-04T08:20:00,1,1,4,8,20,0.71266667,23.53333333,48.47666667,0.63570389
2001-01-04T08:30:00,1,1,4,8,30,0.73450000,23.80000000,49.50750000,0.65169651
2001-01-04T08:40:00,1,1,4,8,40,0.75633333,24.06666667,50.53833333,0.66748207
2001-01-04T08:50:00,1,1,4,8,50,0.77816667,24.33333333,51.56916667,0.68306056
2001-01-04T09:00:00,1,1,4,9,0,0.80000000,24.60000000,52.60000000,0.69843200
2001-01-04T09:10:00,1,1,4,9,10,0.81050000,24.75000000,53.11750000,0.70566952
2001-01-04T09:20:00,1,1,4,9,20,0.82100000,24.90000000,53.63500000,0.71285706
2001-01-04T09:30:00,1,1,4,9,30,0.83150000,25.05000000,54.15250000,0.71999460
2001-01-04T09:40:00,1,1,4,9,40,0.84200000,25.20000000,54.67000000,0.72708216
2001-01-04T09:50:00,1,1,4,9,50,0.85250000,25.35000000,55.18750000,0.73411972
2001-01-04T10:00:00,1,1,4,10,0,0.86300000,25.50000000,55.70500000,0.74110729
2001-01-04T10:10:00,1,1,4,10,10,0.83050000,25.58333333,54.65083333,0.71722492
2001-01-04T10:20:00,1,1,4,10,20,0.79800000,25.66666667,53.59666667,0.69302736
2001-01-04T10:30:00,1,1,4,10,30,0.76550000,25.75000000,52.54250000,0.66851459
2001-01-04T10:40:00,1,1,4,10,40,0.73300000,25.83333333,51.48833333,0.64368664
2001-01-04T10:50:00,1,1,4,10,50,0.70050000,25.91666667,50.43416667,0.61854348
2001-01-04T11:00:00,1,1,4,11,0,0.66800000,26.00000000,49.38000000,0.59308514
2001-01-04T11:10:00,1,1,4,11,10,0.66583333,26.00000000,49.30416667,0.59139372
2001-01-04T11:20:00,1,1,4,11,20,0.66366667,26.00000000,49.22833333,0.58970080
2001-01-04T11:30:00,1,1,4,11,30,0.66150000,26.00000000,49.15250000,0.58800636
2001-01-04T11:40:00,1,1,4,11,40,0.65933333,26.00000000,49.07666667,0.58631041
2001-01-04T11:50:00,1,1,4,11,50,0.65716667,26.00000000,49.00083333,0.58461295
2001-01-04T12:00:00,1,1,4,12,0,0.65500000,26.00000000,48.92500000,0.58291397
2001-01-04T12:10:00,1,1,4,12,10,0.68266667,25.95000000,49.84333333,0.60465198
2001-01-04T12:20:00,1,1,4,12,20,0.71033333,25.90000000,50.76166667,0.62615623
2001-01-04T12:30:00,1,1,4,12,30,0.73800000,25.85000000,51.68000000,0.64742674
2001-01-04T12:40:00,1,1,4,12,40,0.76566667,25.80000000,52.59833333,0.66846350
2001-01-04T12:50:00,1,1,4,12,50,0.79333333,25.75000000,53.51666667,0.68926651
2001-01-04T13:00:00,1,1,4,13,0,0.82100000,25.70000000,54.43500000,0.70983578
2001-01-04T13:10:00,1,1,4,13,10,0.80300000,25.80000000,53.90500000,0.69623071
2001-01-04T13:20:00,1,1,4,13,20,0.78500000,25.90000000,53.37500000,0.68253787
2001-01-04T13:30:00,1,1,4,13,30,0.76700000,26.00000000,52.84500000,0.66875727
2001-01-04T13:40:00,1,1,4,13,40,0.74900000,26.10000000,52.31500000,0.65488890
2001-01-04T13:50:00,1,1,4,13,50,0.73100000,26.20000000,51.78500000,0.64093276
2001-01-04T14:00:00,1,1,4,14,0,0.71300000,26.30000000,51.25500000,0.62688885
2001-01-04T14:10:00,1,1,4,14,10,0.70416667,26.35000000,50.99583333,0.61996183
2001-01-04T14:20:00,1,1,4,14,20,0.69533333,26.40000000,50.73666667,0.61301375
2001-01-04T14:30:00,1,1,4,14,30,0.68650000,26.45000000,50.47750000,0.60604460
2001-01-04T14:40:00,1,1,4,14,40,0.67766667,26.50000000,50.21833333,0.59905440
2001-01-04T14:50:00,1,1,4,14,50,0.66883333,26.55000000,49.95916667,0.59204313
2001-01-04T15:00:00,1,1,4,15,0,0.66000000,26.60000000,49.70000000,0.58501080
2001-01-04T15:10:00,1,1,4,15,10,0.60950000,26.48333333,47.81583333,0.54553125
2001-01-04T15:20:00,1,1,4,15,20,0.55900000,26.36666667,45.93166667,0.50517631
2001-01-04T15:30:00,1,1,4,15,30,0.50850000,26.25000000,44.04750000,0.46394599
2001-01-04T15:40:00,1,1,4,15,40,0.45800000,26.13333333,42.16333333,0.42184029
2001-01-04T15:50:00,1,1,4,15,50,0.40750000,26.01666667,40.27916667,0.37885920
2001-01-04T16:00:00,1,1,4,16,0,0.35700000,25.90000000,38.39500000,0.33500273
2001-01-04T16:10:00,1,1,4,16,10,0.33566667,25.75000000,37.49833333,0.31636841
2001-01-04T16:20:00,1,1,4,16,20,0.31433333,25.60000000,36.60166667,0.29755810
2001-01-04T16:30:00,1,1,4,16,30,0.29300000,25.45000000,35.70500000,0.27857180
2001-01-04T16:40:00,1,1,4,16,40,0.27166667,25.30000000,34.80833333,0.25940952
2001-01-04T16:50:00,1,1,4,16,50,0.25033333,25.15000000,33.91166667,0.24007125
2001-01-04T17:00:00,1,1,4,17,0,0.22900000,25.00000000,33.01500000,0.22055700
2001-01-04T17:10:00,1,1,4,17,10,0.19650000,25.03333333,31.91083333,0.19025330
2001-01-04T17:20:00,1,1,4,17,20,0.16400000,25.06666667,30.80666667,0.15961945
2001-01-04T17:30:00,1,1,4,17,30,0.13150000,25.10000000,29.70250000,0.12865546
2001-01-04T17:40:00,1,1,4,17,40,0.09900000,25.13333333,28.59833333,0.09736132
2001-01-04T17:50:00,1,1,4,17,50,0.06650000,25.16666667,27.49416667,0.06573703
2001-01-04T18:00:00,1,1,4,18,0,0.03400000,25.20000000,26.39000000,0.03378260
2001-01-04T18:10:00,1,1,4,18,10,0.02833333,25.00000000,25.99166667,0.02820409
2001-01-04T18:20:00,1,1,4,18,20,0.02266667,24.80000000,25.59333333,0.02260480
2001-01-04T18:30:00,1,1,4,18,30,0.01700000,24.60000000,25.19500000,0.01698475
2001-01-04T18:40:00,1,1,4,18,40,0.01133333,24.40000000,24.79666667,0.01134393
2001-01-04T18:50:00,1,1,4,18,50,0.00566667,24.20000000,24.39833333,0.00568235
2001-01-04T19:00:00,1,1,4,19,0,0.00000000,24.00000000,24.00000000,0.00000000
2001-01-04T19:10:00,1,1,4,19,10,0.00000000,24.01666667,24.01666667,0.00000000
2001-01-04T19:20:00,1,1,4,19,20,0.00000000,24.03333333,24.03333333,0.00000000
2001-01-04T19:30:00,1,1,4,19,30,0.00000000,24.05000000,24.05000000,0.00000000
2001-01-04T19:40:00,1,1,4,19,40,0.00000000,24.06666667,24.06666667,0.00000000
2001-01-04T19:50:00,1,1,4,19,50,0.00000000,24.08333333,24.08333333,0.00000000
2001-01-04T20:00:00,1,1,4,20,0,0.00000000,24.10000000,24.10000000,0.00000000
2001-01-04T20:10:00,1,1,4,20,10,0.00000000,24.06666667,24.06666667,0.00000000
2001-01-04T20:20:00,1,1,4,20,20,0.00000000,24.03333333,24.03333333,0.00000000
2001-01-04T20:30:00,1,1,4,20,30,0.00000000,24.00000000,24.00000000,0.00000000
2001-01-04T20:40:00,1,1,4,20,40,0.00000000,23.96666667,23.96666667,0.00000000
2001-01-04T20:50:00,1,1,4,20,50,0.00000000,23.93333333,23.93333333,0.00000000
2001-01-04T21:00:00,1,1,4,21,0,0.00000000,23.90000000,23.90000000,0.00000000
2001-01-04T21:10:00,1,1,4,21,10,0.00000000,23.75000000,23.75000000,0.00000000
2001-01-04T21:20:00,1,1,4,21,20,0.00000000,23.60000000,23.60000000,0.00000000
2001-01-04T21:30:00,1,1,4,21,30,0.00000000,23.45000000,23.45000000,0.00000000
2001-01-04T21:40:00,1,1,4,21,40,0.00000000,23.30000000,23.30000000,0.00000000
2001-01-04T21:50:00,1,1,4,21,50,0.00000000,23.15000000,23.15000000,0.00000000
2001-01-04T22:00:00,1,1,4,22,0,0.00000000,23.00000000,23.00000000,0.00000000
2001-01-04T22:10:00,1,1,4,22,10,0.00000000,23.05000000,23.05000000,0.00000000
2001-01-04T22:20:00,1,1,4,22,20,0.00000000,23.10000000,23.10000000,0.00000000
2001-01-04T22:30:00,1,1,4,22,30,0.00000000,23.15000000,23.15000000,0.00000000
2001-01-04T22:40:00,1,1,4,22,40,0.00000000,23.20000000,23.20000000,0.00000000
2001-01-04T22:50:00,1,1,4,22,50,0.00000000,23.25000000,23.25000000,0.00000000
2001-01-04T23:00:00,1,1,4,23,0,0.00000000,23.30000000,23.30000000,0.00000000
2001-01-04T23:10:00,1,1,4,23,10,0.00000000,23.20000000,23.20000000,0.00000000
2001-01-04T23:20:00,1,1,4,23,20,0.00000000,23.10000000,23.10000000,0.00000000
2001-01-04T23:30:00,1,1,4,23,30,0.00000000,23.00000000,23.00000000,0.00000000
2001-01-04T23:40:00,1,1,4,23,40,0.00000000,22.90000000,22.90000000,0.00000000
2001-01-04T23:50:00,1,1,4,23,50,0.00000000,22.80000000,22.80000000,0.00000000
2001-01-05T00:00:00,1,1,5,0,0,0.00000000,22.70000000,22.70000000,0.00000000
2001-01-05T00:10:00,1,1,5,0,10,0.00000000,22.70000000,22.70000000,0.00000000
2001-01-05T00:20:00,1,1,5,0,20,0.00000000,22.70000000,22.70000000,0.00000000
2001-01-05T00:30:00,1,1,5,0,30,0.00000000,22.70000000,22.70000000,0.00000000
2001-01-05T00:40:00,1,1,5,0,40,0.00000000,22.70000000,22.70000000,0.00000000
2001-01-05T00:50:00,1,1,5,0,50,0.00000000,22.70000000,22.70000000,0.00000000
2001-01-05T01:00:00,1,1,5,1,0,0.00000000,22.70000000,22.70000000,0.00000000
2001-01-05T01:10:00,1,1,5,1,10,0.00000000,22.63333333,22.63333333,0.00000000
2001-01-05T01:20:00,1,1,5,1,20,0.00000000,22.56666667,22.56666667,0.00000000
2001-01-05T01:30:00,1,1,5,1,30,0.00000000,22.50000000,22.50000000,0.00000000
2001-01-05T01:40:00,1,1,5,1,40,0.00000000,22.43333333,22.43333333,0.00000000
2001-01-05T01:50:00,1,1,5,1,50,0.00000000,22.36666667,22.36666667,0.00000000
2001-01-05T02:00:00,1,1,5,2,0,0.00000000,22.30000000,22.30000000,0.00000000
2001-01-05T02:10:00,1,1,5,2,10,0.00000000,22.30000000,22.30000000,0.00000000
2001-01-05T02:20:00,1,1,5,2,20,0.00000000,22.30000000,22.30000000,0.00000000
2001-01-05T02:30:00,1,1,5,2,30,0.00000000,22.30000000,22.30000000,0.00000000
2001-01-05T02:40:00,1,1,5,2,40,0.00000000,22.30000000,22.30000000,0.00000000
2001-01-05T02:50:00,1,1,5,2,50,0.00000000,22.30000000,22.30000000,0.00000000
2001-01-05T03:00:00,1,1,5,3,0,0.00000000,22.30000000,22.30000000,0.00000000
2001-01-05T03:10:00,1,1,5,3,10,0.00000000,22.23333333,22.23333333,0.00000000
2001-01-05T03:20:00,1,1,5,3,20,0.00000000,22.16666667,22.16666667,0.00000000
2001-01-05T03:30:00,1,1,5,3,30,0.00000000,22.10000000,22.10000000,0.00000000
2001-01-05T03:40:00,1,1,5,3,40,0.00000000,22.03333333,22.03333333,0.00000000
2001-01-05T03:50:00,1,1,5,3,50,0.00000000,21.96666667,21.96666667,0.00000000
2001-01-05T04:00:00,1,1,5,4,0,0.00000000,21.90000000,21.90000000,0.00000000
2001-01-05T04:10:00,1,1,5,4,10,0.00333333,21.98333333,22.10000000,0.00337780
2001-01-05T04:20:00,1,1,5,4,20,0.00666667,22.06666667,22.30000000,0.00674947
2001-01-05T04:30:00,1,1,5,4,30,0.01000000,22.15000000,22.50000000,0.01011500
2001-01-05T04:40:00,1,1,5,4,40,0.01333333,22.23333333,22.70000000,0.01347440
2001-01-05T04:50:00,1,1,5,4,50,0.01666667,22.31666667,22.90000000,0.01682767
2001-01-05T05:00:00,1,1,5,5,0,0.02000000,22.40000000,23.10000000,0.02017480
2001-01-05T05:10:00,1,1,5,5,10,0.03750000,22.43333333,23.74583333,0.03771634
2001-01-05T05:20:00,1,1,5,5,20,0.05500000,22.46666667,24.39166667,0.05515391
2001-01-05T05:30:00,1,1,5,5,30,0.07250000,22.50000000,25.03750000,0.07248749
2001-01-05T05:40:00,1,1,5,5,40,0.09000000,22.53333333,25.68333333,0.08971710
2001-01-05T05:50:00,1,1,5,5,50,0.10750000,22.56666667,26.32916667,0.10684273
2001-01-05T06:00:00,1,1,5,6,0,0.12500000,22.60000000,26.97500000,0.12386437
2001-01-05T06:10:00,1,1,5,6,10,0.15483333,22.73333333,28.15250000,0.15258802
2001-01-05T06:20:00,1,1,5,6,20,0.18466667,22.86666667,29.33000000,0.18098848
2001-01-05T06:30:00,1,1,5,6,30,0.21450000,23.00000000,30.50750000,0.20906575
2001-01-05T06:40:00,1,1,5,6,40,0.24433333,23.13333333,31.68500000,0.23681984
2001-01-05T06:50:00,1,1,5,6,50,0.27416667,23.26666667,32.86250000,0.26425074
2001-01-05T07:00:00,1,1,5,7,0,0.30400000,23.40000000,34.04000000,0.29135846
2001-01-05T07:10:00,1,1,5,7,10,0.33083333,23.78333333,35.36250000,0.31506334
2001-01-05T07:20:00,1,1,5,7,20,0.35766667,24.16666667,36.68500000,0.33844173
2001-01-05T07:30:00,1,1,5,7,30,0.38450000,24.55000000,38.00750000,0.36149363
2001-01-05T07:40:00,1,1,5,7,40,0.41133333,24.93333333,39.33000000,0.38421906
2001-01-05T07:50:00,1,1,5,7,50,0.43816667,25.31666667,40.65250000,0.40661801
2001-01-05T08:00:00,1,1,5,8,0,0.46500000,25.70000000,41.97500000,0.42869048
2001-01-05T08:10:00,1,1,5,8,10,0.47666667,25.81666667,42.50000000,0.43829500
2001-01-05T08:20:00,1,1,5,8,20,0.48833333,25.93333333,43.02500000,0.44784318
2001-01-05T08:30:00,1,1,5,8,30,0.50000000,26.05000000,43.55000000,0.45733500
2001-01-05T08:40:00,1,1,5,8,40,0.51166667,26.16666667,44.07500000,0.46677048
2001-01-05T08:50:00,1,1,5,8,50,0.52333333,26.28333333,44.60000000,0.47614960
2001-01-05T09:00:00,1,1,5,9,0,0.53500000,26.40000000,45.12500000,0.48547238
2001-01-05T09:10:00,1,1,5,9,10,0.57783333,26.60000000,46.82416667,0.51982397
2001-01-05T09:20:00,1,1,5,9,20,0.62066667,26.80000000,48.52333333,0.55350598
2001-01-05T09:30:00,1,1,5,9,30,0.66350000,27.00000000,50.22250000,0.58651841
2001-01-05T09:40:00,1,1,5,9,40,0.70633333,27.20000000,51.92166667,0.61886125
2001-01-05T09:50:00,1,1,5,9,50,0.74916667,27.40000000,53.62083333,0.65053450
2001-01-05T10:00:00,1,1,5,10,0,0.79200000,27.60000000,55.32000000,0.68153818
2001-01-05T10:10:00,1,1,5,10,10,0.75150000,27.90000000,54.20250000,0.65054988
2001-01-05T10:20:00,1,1,5,10,20,0.71100000,28.20000000,53.08500000,0.61914520
2001-01-05T10:30:00,1,1,5,10,30,0.67050000,28.50000000,51.96750000,0.58732414
2001-01-05T10:40:00,1,1,5,10,40,0.63000000,28.80000000,50.85000000,0.55508670
2001-01-05T10:50:00,1,1,5,10,50,0.58950000,29.10000000,49.73250000,0.52243288
2001-01-05T11:00:00,1,1,5,11,0,0.54900000,29.40000000,48.61500000,0.48936268
2001-01-05T11:10:00,1,1,5,11,10,0.50483333,29.18333333,46.85250000,0.45408673
2001-01-05T11:20:00,1,1,5,11,20,0.46066667,28.96666667,45.09000000,0.41809462
2001-01-05T11:30:00,1,1,5,11,30,0.41650000,28.75000000,43.32750000,0.38138634
2001-01-05T11:40:00,1,1,5,11,40,0.37233333,28.53333333,41.56500000,0.34396191
2001-01-05T11:50:00,1,1,5,11,50,0.32816667,28.31666667,39.80250000,0.30582131
2001-01-05T12:00:00,1,1,5,12,0,0.28400000,28.10000000,38.04000000,0.26696454
2001-01-05T12:10:00,1,1,5,12,10,0.35866667,27.80000000,40.35333333,0.33333571
2001-01-05T12:20:00,1,1,5,12,20,0.43333333,27.50000000,42.66666667,0.39811778
2001-01-05T12:30:00,1,1,5,12,30,0.50800000,27.20000000,44.98000000,0.46131074
2001-01-05T12:40:00,1,1,5,12,40,0.58266667,26.90000000,47.29333333,0.52291459
2001-01-05T12:50:00,1,1,5,12,50,0.65733333,26.60000000,49.60666667,0.58292934
2001-01-05T13:00:00,1,1,5,13,0,0.73200000,26.30000000,51.92000000,0.64135498
2001-01-05T13:10:00,1,1,5,13,10,0.68816667,26.71666667,50.80250000,0.60648713
2001-01-05T13:20:00,1,1,5,13,20,0.64433333,27.13333333,49.68500000,0.57116864
2001-01-05T13:30:00,1,1,5,13,30,0.60050000,27.55000000,48.56750000,0.53539949
2001-01-05T13:40:00,1,1,5,13,40,0.55666667,27.96666667,47.45000000,0.49917970
2001-01-05T13:50:00,1,1,5,13,50,0.51283333,28.38333333,46.33250000,0.46250925
2001-01-05T14:00:00,1,1,5,14,0,0.46900000,28.80000000,45.21500000,0.42538816
2001-01-05T14:10:00,1,1,5,14,10,0.44566667,28.55000000,44.14833333,0.40641131
2001-01-05T14:20:00,1,1,5,14,20,0.42233333,28.30000000,43.08166667,0.38720548
2001-01-05T14:30:00,1,1,5,14,30,0.39900000,28.05000000,42.01500000,0.36777067
2001-01-05T14:40:00,1,1,5,14,40,0.37566667,27.80000000,40.94833333,0.34810688
2001-01-05T14:50:00,1,1,5,14,50,0.35233333,27.55000000,39.88166667,0.32821412
2001-01-05T15:00:00,1,1,5,15,0,0.32900000,27.30000000,38.81500000,0.30809238
2001-01-05T15:10:00,1,1,5,15,10,0.30800000,27.06666667,37.84666667,0.28979884
2001-01-05T15:20:00,1,1,5,15,20,0.28700000,26.83333333,36.87833333,0.27131822
2001-01-05T15:30:00,1,1,5,15,30,0.26600000,26.60000000,35.91000000,0.25265052
2001-01-05T15:40:00,1,1,5,15,40,0.24500000,26.36666667,34.94166667,0.23379574
2001-01-05T15:50:00,1,1,5,15,50,0.22400000,26.13333333,33.97333333,0.21475388
2001-01-05T16:00:00,1,1,5,16,0,0.20300000,25.90000000,33.00500000,0.19552493
2001-01-05T16:10:00,1,1,5,16,10,0.18933333,25.88333333,32.51000000,0.18279262
2001-01-05T16:20:00,1,1,5,16,20,0.17566667,25.86666667,32.01500000,0.16999808
2001-01-05T16:30:00,1,1,5,16,30,0.16200000,25.85000000,31.52000000,0.15714130
2001-01-05T16:40:00,1,1,5,16,40,0.14833333,25.83333333,31.02500000,0.14422228
2001-01-05T16:50:00,1,1,5,16,50,0.13466667,25.81666667,30.53000000,0.13124102
2001-01-05T17:00:00,1,1,5,17,0,0.12100000,25.80000000,30.03500000,0.11819752
2001-01-05T17:10:00,1,1,5,17,10,0.10466667,25.66666667,29.33000000,0.10258192
2001-01-05T17:20:00,1,1,5,17,20,0.08833333,25.53333333,28.62500000,0.08686037
2001-01-05T17:30:00,1,1,5,17,30,0.07200000,25.40000000,27.92000000,0.07103290
2001-01-05T17:40:00,1,1,5,17,40,0.05566667,25.26666667,27.21500000,0.05509948
2001-01-05T17:50:00,1,1,5,17,50,0.03933333,25.13333333,26.51000000,0.03906012
2001-01-05T18:00:00,1,1,5,18,0,0.02300000,25.00000000,25.80500000,0.02291483
2001-01-05T18:10:00,1,1,5,18,10,0.01916667,24.86666667,25.53750000,0.01911928
2001-01-05T18:20:00,1,1,5,18,20,0.01533333,24.73333333,25.27000000,0.01531429
2001-01-05T18:30:00,1,1,5,18,30,0.01150000,24.60000000,25.00250000,0.01149987
2001-01-05T18:40:00,1,1,5,18,40,0.00766667,24.46666667,24.73500000,0.00767601
2001-01-05T18:50:00,1,1,5,18,50,0.00383333,24.33333333,24.46750000,0.00384272
2001-01-05T19:00:00,1,1,5,19,0,0.00000000,24.20000000,24.20000000,0.00000000
2001-01-05T19:10:00,1,1,5,19,10,0.00000000,24.06666667,24.06666667,0.00000000
2001-01-05T19:20:00,1,1,5,19,20,0.00000000,23.93333333,23.93333333,0.00000000
2001-01-05T19:30:00,1,1,5,19,30,0.00000000,23.80000000,23.80000000,0.00000000
2001-01-05T19:40:00,1,1,5,19,40,0.00000000,23.66666667,23.66666667,0.00000000
2001-01-05T19:50:00,1,1,5,19,50,0.00000000,23.53333333,23.53333333,0.00000000
2001-01-05T20:00:00,1,1,5,20,0,0.00000000,23.40000000,23.40000000,0.00000000
2001-01-05T20:10:00,1,1,5,20,10,0.00000000,23.31666667,23.31666667,0.00000000
2001-01-05T20:20:00,1,1,5,20,20,0.00000000,23.23333333,23.23333333,0.00000000
2001-01-05T20:30:00,1,1,5,20,30,0.00000000,23.15000000,23.15000000,0.00000000
2001-01-05T20:40:00,1,1,5,20,40,0.00000000,23.06666667,23.06666667,0.00000000
2001-01-05T20:50:00,1,1,5,20,50,0.00000000,22.98333333,22.98333333,0.00000000
2001-01-05T21:00:00,1,1,5,21,0,0.00000000,22.90000000,22.90000000,0.00000000
2001-01-05T21:10:00,1,1,5,21,10,0.00000000,22.90000000,22.90000000,0.00000000
2001-01-05T21:20:00,1,1,5,21,20,0.00000000,22.90000000,22.90000000,0.00000000
2001-01-05T21:30:00,1,1,5,21,30,0.00000000,22.90000000,22.90000000,0.00000000
2001-01-05T21:40:00,1,1,5,21,40,0.00000000,22.90000000,22.90000000,0.00000000
2001-01-05T21:50:00,1,1,5,21,50,0.00000000,22.90000000,22.90000000,0.00000000
2001-01-05T22:00:00,1,1,5,22,0,0.00000000,22.90000000,22.90000000,0.00000000
2001-01-05T22:10:00,1,1,5,22,10,0.00000000,22.75000000,22.75000000,0.00000000
2001-01-05T22:20:00,1,1,5,22,20,0.00000000,22.60000000,22.60000000,0.00000000
2001-01-05T22:30:00,1,1,5,22,30,0.00000000,22.45000000,22.45000000,0.00000000
2001-01-05T22:40:00,1,1,5,22,40,0.00000000,22.30000000,22.30000000,0.00000000
2001-01-05T22:50:00,1,1,5,22,50,0.00000000,22.15000000,22.15000000,0.00000000
2001-01-05T23:00:00,1,1,5,23,0,0.00000000,22.00000000,22.00000000,0.00000000
2001-01-05T23:10:00,1,1,5,23,10,0.00000000,21.91666667,21.91666667,0.00000000
2001-01-05T23:20:00,1,1,5,23,20,0.00000000,21.83333333,21.83333333,0.00000000
2001-01-05T23:30:00,1,1,5,23,30,0.00000000,21.75000000,21.75000000,0.00000000
2001-01-05T23:40:00,1,1,5,23,40,0.00000000,21.66666667,21.66666667,0.00000000
2001-01-05T23:50:00,1,1,5,23,50,0.00000000,21.58333333,21.58333333,0.00000000
2001-01-06T00:00:00,1,1,6,0,0,0.00000000,21.50000000,21.50000000,0.00000000
2001-01-06T00:10:00,1,1,6,0,10,0.00000000,21.35000000,21.35000000,0.00000000
2001-01-06T00:20:00,1,1,6,0,20,0.00000000,21.20000000,21.20000000,0.00000000
2001-01-06T00:30:00,1,1,6,0,30,0.00000000,21.05000000,21.05000000,0.00000000
2001-01-06T00:40:00,1,1,6,0,40,0.00000000,20.90000000,20.90000000,0.00000000
2001-01-06T00:50:00,1,1,6,0,50,0.00000000,20.75000000,20.75000000,0.00000000
2001-01-06T01:00:00,1,1,6,1,0,0.00000000,20.60000000,20.60000000,0.00000000
2001-01-06T01:10:00,1,1,6,1,10,0.00000000,20.63333333,20.63333333,0.00000000
2001-01-06T01:20:00,1,1,6,1,20,0.00000000,20.66666667,20.66666667,0.00000000
2001-01-06T01:30:00,1,1,6,1,30,0.00000000,20.70000000,20.70000000,0.00000000
2001-01-06T01:40:00,1,1,6,1,40,0.00000000,20.73333333,20.73333333,0.00000000
2001-01-06T01:50:00,1,1,6,1,50,0.00000000,20.76666667,20.76666667,0.00000000
2001-01-06T02:00:00,1,1,6,2,0,0.00000000,20.80000000,20.80000000,0.00000000
2001-01-06T02:10:00,1,1,6,2,10,0.00000000,20.80000000,20.80000000,0.00000000
2001-01-06T02:20:00,1,1,6,2,20,0.00000000,20.80000000,20.80000000,0.00000000
2001-01-06T02:30:00,1,1,6,2,30,0.00000000,20.80000000,20.80000000,0.00000000
2001-01-06T02:40:00,1,1,6,2,40,0.00000000,20.80000000,20.80000000,0.00000000
2001-01-06T02:50:00,1,1,6,2,50,0.00000000,20.80000000,20.80000000,0.00000000
2001-01-06T03:00:00,1,1,6,3,0,0.00000000,20.80000000,20.80000000,0.00000000
2001-01-06T03:10:00,1,1,6,3,10,0.00000000,20.76666667,20.76666667,0.00000000
2001-01-06T03:20:00,1,1,6,3,20,0.00000000,20.73333333,20.73333333,0.00000000
2001-01-06T03:30:00,1,1,6,3,30,0.00000000,20.70000000,20.70000000,0.00000000
2001-01-06T03:40:00,1,1,6,3,40,0.00000000,20.66666667,20.66666667,0.00000000
2001-01-06T03:50:00,1,1,6,3,50,0.00000000,20.63333333,20.63333333,0.00000000
2001-01-06T04:00:00,1,1,6,4,0,0.00000000,20.60000000,20.60000000,0.00000000
2001-01-06T04:10:00,1,1,6,4,10,0.00616667,20.41666667,20.63250000,0.00629056
2001-01-06T04:20:00,1,1,6,4,20,0.01233333,20.23333333,20.66500000,0.01257927
2001-01-06T04:30:00,1,1,6,4,30,0.01850000,20.05000000,20.69750000,0.01886614
2001-01-06T04:40:00,1,1,6,4,40,0.02466667,19.86666667,20.73000000,0.02515117
2001-01-06T04:50:00,1,1,6,4,50,0.03083333,19.68333333,20.76250000,0.03143435
2001-01-06T05:00:00,1,1,6,5,0,0.03700000,19.50000000,20.79500000,0.03771569
2001-01-06T05:10:00,1,1,6,5,10,0.06783333,19.75000000,22.12416667,0.06873069
2001-01-06T05:20:00,1,1,6,5,20,0.09866667,20.00000000,23.45333333,0.09936865
2001-01-06T05:30:00,1,1,6,5,30,0.12950000,20.25000000,24.78250000,0.12962956
2001-01-06T05:40:00,1,1,6,5,40,0.16033333,20.50000000,26.11166667,0.15951344
2001-01-06T05:50:00,1,1,6,5,50,0.19116667,20.75000000,27.44083333,0.18902028
2001-01-06T06:00:00,1,1,6,6,0,0.22200000,21.00000000,28.77000000,0.21815008
2001-01-06T06:10:00,1,1,6,6,10,0.25933333,21.28333333,30.36000000,0.25293921
2001-01-06T06:20:00,1,1,6,6,20,0.29666667,21.56666667,31.95000000,0.28718223
2001-01-06T06:30:00,1,1,6,6,30,0.33400000,21.85000000,33.54000000,0.32087914
2001-01-06T06:40:00,1,1,6,6,40,0.37133333,22.13333333,35.13000000,0.35402994
2001-01-06T06:50:00,1,1,6,6,50,0.40866667,22.41666667,36.72000000,0.38663463
2001-01-06T07:00:00,1,1,6,7,0,0.44600000,22.70000000,38.31000000,0.41869320
2001-01-06T07:10:00,1,1,6,7,10,0.48533333,23.08333333,40.07000000,0.45168906
2001-01-06T07:20:00,1,1,6,7,20,0.52466667,23.46666667,41.83000000,0.48404802
2001-01-06T07:30:00,1,1,6,7,30,0.56400000,23.85000000,43.59000000,0.51577010
2001-01-06T07:40:00,1,1,6,7,40,0.60333333,24.23333333,45.35000000,0.54685530
2001-01-06T07:50:00,1,1,6,7,50,0.64266667,24.61666667,47.11000000,0.57730361
2001-01-06T08:00:00,1,1,6,8,0,0.68200000,25.00000000,48.87000000,0.60711504
2001-01-06T08:10:00,1,1,6,8,10,0.71816667,25.15000000,50.28583333,0.63463323
2001-01-06T08:20:00,1,1,6,8,20,0.75433333,25.30000000,51.70166667,0.66168033
2001-01-06T08:30:00,1,1,6,8,30,0.79050000,25.45000000,53.11750000,0.68825633
2001-01-06T08:40:00,1,1,6,8,40,0.82666667,25.60000000,54.53333333,0.71436124
2001-01-06T08:50:00,1,1,6,8,50,0.86283333,25.75000000,55.94916667,0.73999506
2001-01-06T09:00:00,1,1,6,9,0,0.89900000,25.90000000,57.36500000,0.76515778
2001-01-06T09:10:00,1,1,6,9,10,0.92666667,26.30000000,58.73333333,0.78287271
2001-01-06T09:20:00,1,1,6,9,20,0.95433333,26.70000000,60.10166667,0.80023936
2001-01-06T09:30:00,1,1,6,9,30,0.98200000,27.10000000,61.47000000,0.81725772
2001-01-06T09:40:00,1,1,6,9,40,1.00966667,27.50000000,62.83833333,0.83392779
2001-01-06T09:50:00,1,1,6,9,50,1.03733333,27.90000000,64.20666667,0.85024958
2001-01-06T10:00:00,1,1,6,10,0,1.06500000,28.30000000,65.57500000,0.86622308
2001-01-06T10:10:00,1,1,6,10,10,1.08000000,28.48333333,66.28333333,0.87490440
2001-01-06T10:20:00,1,1,6,10,20,1.09500000,28.66666667,66.99166667,0.88348797
2001-01-06T10:30:00,1,1,6,10,30,1.11000000,28.85000000,67.70000000,0.89197380
2001-01-06T10:40:00,1,1,6,10,40,1.12500000,29.03333333,68.40833333,0.90036188
2001-01-06T10:50:00,1,1,6,10,50,1.14000000,29.21666667,69.11666667,0.90865220
2001-01-06T11:00:00,1,1,6,11,0,1.15500000,29.40000000,69.82500000,0.91684478
2001-01-06T11:10:00,1,1,6,11,10,1.15500000,29.45000000,69.87500000,0.91657913
2001-01-06T11:20:00,1,1,6,11,20,1.15500000,29.50000000,69.92500000,0.91631347
2001-01-06T11:30:00,1,1,6,11,30,1.15500000,29.55000000,69.97500000,0.91604783
2001-01-06T11:40:00,1,1,6,11,40,1.15500000,29.60000000,70.02500000,0.91578218
2001-01-06T11:50:00,1,1,6,11,50,1.15500000,29.65000000,70.07500000,0.91551653
2001-01-06T12:00:00,1,1,6,12,0,1.15500000,29.70000000,70.12500000,0.91525087
2001-01-06T12:10:00,1,1,6,12,10,1.14000000,29.81666667,69.71666667,0.90550580
2001-01-06T12:20:00,1,1,6,12,20,1.12500000,29.93333333,69.30833333,0.89570437
2001-01-06T12:30:00,1,1,6,12,30,1.11000000,30.05000000,68.90000000,0.88584660
2001-01-06T12:40:00,1,1,6,12,40,1.09500000,30.16666667,68.49166667,0.87593248
2001-01-06T12:50:00,1,1,6,12,50,1.08000000,30.28333333,68.08333333,0.86596200
2001-01-06T13:00:00,1,1,6,13,0,1.06500000,30.40000000,67.67500000,0.85593518
2001-01-06T13:10:00,1,1,6,13,10,1.03733333,30.40000000,66.70666667,0.83832024
2001-01-06T13:20:00,1,1,6,13,20,1.00966667,30.40000000,65.73833333,0.82045884
2001-01-06T13:30:00,1,1,6,13,30,0.98200000,30.40000000,64.77000000,0.80235096
2001-01-06T13:40:00,1,1,6,13,40,0.95433333,30.40000000,63.80166667,0.78399660
2001-01-06T13:50:00,1,1,6,13,50,0.92666667,30.40000000,62.83333333,0.76539578
2001-01-06T14:00:00,1,1,6,14,0,0.89900000,30.40000000,61.86500000,0.74654848
2001-01-06T14:10:00,1,1,6,14,10,0.86283333,30.23333333,60.43250000,0.72220056
2001-01-06T14:20:00,1,1,6,14,20,0.82666667,30.06666667,59.00000000,0.69737600
2001-01-06T14:30:00,1,1,6,14,30,0.79050000,29.90000000,57.56750000,0.67207480
2001-01-06T14:40:00,1,1,6,14,40,0.75433333,29.73333333,56.13500000,0.64629696
2001-01-06T14:50:00,1,1,6,14,50,0.71816667,29.56666667,54.70250000,0.62004248
2001-01-06T15:00:00,1,1,6,15,0,0.68200000,29.40000000,53.27000000,0.59331136
2001-01-06T15:10:00,1,1,6,15,10,0.64266667,29.25000000,51.74333333,0.56360624
2001-01-06T15:20:00,1,1,6,15,20,0.60333333,29.10000000,50.21666667,0.53334868
2001-01-06T15:30:00,1,1,6,15,30,0.56400000,28.95000000,48.69000000,0.50253866
2001-01-06T15:40:00,1,1,6,15,40,0.52466667,28.80000000,47.16333333,0.47117620
2001-01-06T15:50:00,1,1,6,15,50,0.48533333,28.65000000,45.63666667,0.43926129
2001-01-06T16:00:00,1,1,6,16,0,0.44600000,28.50000000,44.11000000,0.40679392
2001-01-06T16:10:00,1,1,6,16,10,0.40866667,28.20000000,42.50333333,0.37576273
2001-01-06T16:20:00,1,1,6,16,20,0.37133333,27.90000000,40.89666667,0.34417971
2001-01-06T16:30:00,1,1,6,16,30,0.33400000,27.60000000,39.29000000,0.31204484
2001-01-06T16:40:00,1,1,6,16,40,0.29666667,27.30000000,37.68333333,0.27935814
2001-01-06T16:50:00,1,1,6,16,50,0.25933333,27.00000000,36.07666667,0.24611961
2001-01-06T17:00:00,1,1,6,17,0,0.22200000,26.70000000,34.47000000,0.21232924
2001-01-06T17:10:00,1,1,6,17,10,0.19233333,26.43333333,33.16500000,0.18510949
2001-01-06T17:20:00,1,1,6,17,20,0.16266667,26.16666667,31.86000000,0.15753356
2001-01-06T17:30:00,1,1,6,17,30,0.13300000,25.90000000,30.55500000,0.12960145
2001-01-06T17:40:00,1,1,6,17,40,0.10333333,25.63333333,29.25000000,0.10131317
2001-01-06T17:50:00,1,1,6,17,50,0.07366667,25.36666667,27.94500000,0.07266870
2001-01-06T18:00:00,1,1,6,18,0,0.04400000,25.10000000,26.64000000,0.04366806
2001-01-06T18:10:00,1,1,6,18,10,0.03666667,25.03333333,26.31666667,0.03644459
2001-01-06T18:20:00,1,1,6,18,20,0.02933333,24.96666667,25.99333333,0.02919930
2001-01-06T18:30:00,1,1,6,18,30,0.02200000,24.90000000,25.67000000,0.02193220
2001-01-06T18:40:00,1,1,6,18,40,0.01466667,24.83333333,25.34666667,0.01464328
2001-01-06T18:50:00,1,1,6,18,50,0.00733333,24.76666667,25.02333333,0.00733255
2001-01-06T19:00:00,1,1,6,19,0,0.00000000,24.70000000,24.70000000,0.00000000
2001-01-06T19:10:00,1,1,6,19,10,0.00000000,24.60000000,24.60000000,0.00000000
2001-01-06T19:20:00,1,1,6,19,20,0.00000000,24.50000000,24.50000000,0.00000000
2001-01-06T19:30:00,1,1,6,19,30,0.00000000,24.40000000,24.40000000,0.00000000
2001-01-06T19:40:00,1,1,6,19,40,0.00000000,24.30000000,24.30000000,0.00000000
2001-01-06T19:50:00,1,1,6,19,50,0.00000000,24.20000000,24.20000000,0.00000000
2001-01-06T20:00:00,1,1,6,20,0,0.00000000,24.10000000,24.10000000,0.00000000
2001-01-06T20:10:00,1,1,6,20,10,0.00000000,24.03333333,24.03333333,0.00000000
2001-01-06T20:20:00,1,1,6,20,20,0.00000000,23.96666667,23.96666667,0.00000000
2001-01-06T20:30:00,1,1,6,20,30,0.00000000,23.90000000,23.90000000,0.00000000
2001-01-06T20:40:00,1,1,6,20,40,0.00000000,23.83333333,23.83333333,0.00000000
2001-01-06T20:50:00,1,1,6,20,50,0.00000000,23.76666667,23.76666667,0.00000000
2001-01-06T21:00:00,1,1,6,21,0,0.00000000,23.70000000,23.70000000,0.00000000
2001-01-06T21:10:00,1,1,6,21,10,0.00000000,23.55000000,23.55000000,0.00000000
2001-01-06T21:20:00,1,1,6,21,20,0.00000000,23.40000000,23.40000000,0.00000000
2001-01-06T21:30:00,1,1,6,21,30,0.00000000,23.25000000,23.25000000,0.00000000
2001-01-06T21:40:00,1,1,6,21,40,0.00000000,23.10000000,23.10000000,0.00000000
2001-01-06T21:50:00,1,1,6,21,50,0.00000000,22.95000000,22.95000000,0.00000000
2001-01-06T22:00:00,1,1,6,22,0,0.00000000,22.80000000,22.80000000,0.00000000
2001-01-06T22:10:00,1,1,6,22,10,0.00000000,22.75000000,22.75000000,0.00000000
2001-01-06T22:20:00,1,1,6,22,20,0.00000000,22.70000000,22.70000000,0.00000000
2001-01-06T22:30:00,1,1,6,22,30,0.00000000,22.65000000,22.65000000,0.00000000
2001-01-06T22:40:00,1,1,6,22,40,0.00000000,22.60000000,22.60000000,0.00000000
2001-01-06T22:50:00,1,1,6,22,50,0.00000000,22.55000000,22.55000000,0.00000000
2001-01-06T23:00:00,1,1,6,23,0,0.00000000,22.50000000,22.50000000,0.00000000
2001-01-06T23:10:00,1,1,6,23,10,0.00000000,22.45000000,22.45000000,0.00000000
2001-01-06T23:20:00,1,1,6,23,20,0.00000000,22.40000000,22.40000000,0.00000000
2001-01-06T23:30:00,1,1,6,23,30,0.00000000,22.35000000,22.35000000,0.00000000
2001-01-06T23:40:00,1,1,6,23,40,0.00000000,22.30000000,22.30000000,0.00000000
2001-01-06T23:50:00,1,1,6,23,50,0.00000000,22.25000000,22.25000000,0.00000000
2001-01-07T00:00:00,1,1,7,0,0,0.00000000,22.20000000,22.20000000,0.00000000
2001-01-07T00:10:00,1,1,7,0,10,0.00000000,22.11666667,22.11666667,0.00000000
2001-01-07T00:20:00,1,1,7,0,20,0.00000000,22.03333333,22.03333333,0.00000000
2001-01-07T00:30:00,1,1,7,0,30,0.00000000,21.95000000,21.95000000,0.00000000
2001-01-07T00:40:00,1,1,7,0,40,0.00000000,21.86666667,21.86666667,0.00000000
2001-01-07T00:50:00,1,1,7,0,50,0.00000000,21.78333333,21.78333333,0.00000000
2001-01-07T01:00:00,1,1,7,1,0,0.00000000,21.70000000,21.70000000,0.00000000
2001-01-07T01:10:00,1,1,7,1,10,0.00000000,21.60000000,21.60000000,0.00000000
2001-01-07T01:20:00,1,1,7,1,20,0.00000000,21.50000000,21.50000000,0.00000000
2001-01-07T01:30:00,1,1,7,1,30,0.00000000,21.40000000,21.40000000,0.00000000
2001-01-07T01:40:00,1,1,7,1,40,0.00000000,21.30000000,21.30000000,0.00000000
2001-01-07T01:50:00,1,1,7,1,50,0.00000000,21.20000000,21.20000000,0.00000000
2001-01-07T02:00:00,1,1,7,2,0,0.00000000,21.10000000,21.10000000,0.00000000
2001-01-07T02:10:00,1,1,7,2,10,0.00000000,21.10000000,21.10000000,0.00000000
2001-01-07T02:20:00,1,1,7,2,20,0.00000000,21.10000000,21.10000000,0.00000000
2001-01-07T02:30:00,1,1,7,2,30,0.00000000,21.10000000,21.10000000,0.00000000
2001-01-07T02:40:00,1,1,7,2,40,0.00000000,21.10000000,21.10000000,0.00000000
2001-01-07T02:50:00,1,1,7,2,50,0.00000000,21.10000000,21.10000000,0.00000000
2001-01-07T03:00:00,1,1,7,3,0,0.00000000,21.10000000,21.10000000,0.00000000
2001-01-07T03:10:00,1,1,7,3,10,0.00000000,21.03333333,21.03333333,0.00000000
2001-01-07T03:20:00,1,1,7,3,20,0.00000000,20.96666667,20.96666667,0.00000000
2001-01-07T03:30:00,1,1,7,3,30,0.00000000,20.90000000,20.90000000,0.00000000
2001-01-07T03:40:00,1,1,7,3,40,0.00000000,20.83333333,20.83333333,0.00000000
2001-01-07T03:50:00,1,1,7,3,50,0.00000000,20.76666667,20.76666667,0.00000000
2001-01-07T04:00:00,1,1,7,4,0,0.00000000,20.70000000,20.70000000,0.00000000
2001-01-07T04:10:00,1,1,7,4,10,0.00500000,20.70000000,20.87500000,0.00509487
2001-01-07T04:20:00,1,1,7,4,20,0.01000000,20.70000000,21.05000000,0.01018170
2001-01-07T04:30:00,1,1,7,4,30,0.01500000,20.70000000,21.22500000,0.01526048
2001-01-07T04:40:00,1,1,7,4,40,0.02000000,20.70000000,21.40000000,0.02033120
2001-01-07T04:50:00,1,1,7,4,50,0.02500000,20.70000000,21.57500000,0.02539387
2001-01-07T05:00:00,1,1,7,5,0,0.03000000,20.70000000,21.75000000,0.03044850
2001-01-07T05:10:00,1,1,7,5,10,0.05983333,20.91666667,23.01083333,0.06038082
2001-01-07T05:20:00,1,1,7,5,20,0.08966667,21.13333333,24.27166667,0.08996708
2001-01-07T05:30:00,1,1,7,5,30,0.11950000,21.35000000,25.53250000,0.11920728
2001-01-07T05:40:00,1,1,7,5,40,0.14933333,21.56666667,26.79333333,0.14810143
2001-01-07T05:50:00,1,1,7,5,50,0.17916667,21.78333333,28.05416667,0.17664952
2001-01-07T06:00:00,1,1,7,6,0,0.20900000,22.00000000,29.31500000,0.20485156
2001-01-07T06:10:00,1,1,7,6,10,0.21950000,22.23333333,29.91583333,0.21453648
2001-01-07T06:20:00,1,1,7,6,20,0.23000000,22.46666667,30.51666667,0.22416337
2001-01-07T06:30:00,1,1,7,6,30,0.24050000,22.70000000,31.11750000,0.23373221
2001-01-07T06:40:00,1,1,7,6,40,0.25100000,22.93333333,31.71833333,0.24324301
2001-01-07T06:50:00,1,1,7,6,50,0.26150000,23.16666667,32.31916667,0.25269577
2001-01-07T07:00:00,1,1,7,7,0,0.27200000,23.40000000,32.92000000,0.26209050
2001-01-07T07:10:00,1,1,7,7,10,0.33333333,23.65000000,35.31666667,0.31751444
2001-01-07T07:20:00,1,1,7,7,20,0.39466667,23.90000000,37.71333333,0.37158603
2001-01-07T07:30:00,1,1,7,7,30,0.45600000,24.15000000,40.11000000,0.42430526
2001-01-07T07:40:00,1,1,7,7,40,0.51733333,24.40000000,42.50666667,0.47567214
2001-01-07T07:50:00,1,1,7,7,50,0.57866667,24.65000000,44.90333333,0.52568665
2001-01-07T08:00:00,1,1,7,8,0,0.64000000,24.90000000,47.30000000,0.57434880
2001-01-07T08:10:00,1,1,7,8,10,0.67766667,25.33333333,49.05166667,0.60269121
2001-01-07T08:20:00,1,1,7,8,20,0.71533333,25.76666667,50.80333333,0.63042660
2001-01-07T08:30:00,1,1,7,8,30,0.75300000,26.20000000,52.55500000,0.65755499
2001-01-07T08:40:00,1,1,7,8,40,0.79066667,26.63333333,54.30666667,0.68407637
2001-01-07T08:50:00,1,1,7,8,50,0.82833333,27.06666667,56.05833333,0.70999073
2001-01-07T09:00:00,1,1,7,9,0,0.86600000,27.50000000,57.81000000,0.73529808
2001-01-07T09:10:00,1,1,7,9,10,0.84566667,27.68333333,57.28166667,0.72008883
2001-01-07T09:20:00,1,1,7,9,20,0.82533333,27.86666667,56.75333333,0.70478074
2001-01-07T09:30:00,1,1,7,9,30,0.80500000,28.05000000,56.22500000,0.68937382
2001-01-07T09:40:00,1,1,7,9,40,0.78466667,28.23333333,55.69666667,0.67386807
2001-01-07T09:50:00,1,1,7,9,50,0.76433333,28.41666667,55.16833333,0.65826348
2001-01-07T10:00:00,1,1,7,10,0,0.74400000,28.60000000,54.64000000,0.64256006
2001-01-07T10:10:00,1,1,7,10,10,0.74250000,28.53333333,54.52083333,0.64167159
2001-01-07T10:20:00,1,1,7,10,20,0.74100000,28.46666667,54.40166667,0.64078148
2001-01-07T10:30:00,1,1,7,10,30,0.73950000,28.40000000,54.28250000,0.63988972
2001-01-07T10:40:00,1,1,7,10,40,0.73800000,28.33333333,54.16333333,0.63899632
2001-01-07T10:50:00,1,1,7,10,50,0.73650000,28.26666667,54.04416667,0.63810127
2001-01-07T11:00:00,1,1,7,11,0,0.73500000,28.20000000,53.92500000,0.63720458
2001-01-07T11:10:00,1,1,7,11,10,0.77633333,28.21666667,55.38833333,0.66781254
2001-01-07T11:20:00,1,1,7,11,20,0.81766667,28.23333333,56.85166667,0.69786405
2001-01-07T11:30:00,1,1,7,11,30,0.85900000,28.25000000,58.31500000,0.72735911
2001-01-07T11:40:00,1,1,7,11,40,0.90033333,28.26666667,59.77833333,0.75629771
2001-01-07T11:50:00,1,1,7,11,50,0.94166667,28.28333333,61.24166667,0.78467985
2001-01-07T12:00:00,1,1,7,12,0,0.98300000,28.30000000,62.70500000,0.81250553
2001-01-07T12:10:00,1,1,7,12,10,0.95350000,28.66666667,62.03916667,0.79104251
2001-01-07T12:20:00,1,1,7,12,20,0.92400000,29.03333333,61.37333333,0.76939878
2001-01-07T12:30:00,1,1,7,12,30,0.89450000,29.40000000,60.70750000,0.74757435
2001-01-07T12:40:00,1,1,7,12,40,0.86500000,29.76666667,60.04166667,0.72556921
2001-01-07T12:50:00,1,1,7,12,50,0.83550000,30.13333333,59.37583333,0.70338336
2001-01-07T13:00:00,1,1,7,13,0,0.80600000,30.50000000,58.71000000,0.68101680
2001-01-07T13:10:00,1,1,7,13,10,0.81333333,30.23333333,58.70000000,0.68725040
2001-01-07T13:20:00,1,1,7,13,20,0.82066667,29.96666667,58.69000000,0.69348467
2001-01-07T13:30:00,1,1,7,13,30,0.82800000,29.70000000,58.68000000,0.69971962
2001-01-07T13:40:00,1,1,7,13,40,0.83533333,29.43333333,58.67000000,0.70595524
2001-01-07T13:50:00,1,1,7,13,50,0.84266667,29.16666667,58.66000000,0.71219153
2001-01-07T14:00:00,1,1,7,14,0,0.85000000,28.90000000,58.65000000,0.71842850
2001-01-07T14:10:00,1,1,7,14,10,0.78250000,29.00000000,56.38750000,0.66952069
2001-01-07T14:20:00,1,1,7,14,20,0.71500000,29.10000000,54.12500000,0.61920787
2001-01-07T14:30:00,1,1,7,14,30,0.64750000,29.20000000,51.86250000,0.56749004
2001-01-07T14:40:00,1,1,7,14,40,0.58000000,29.30000000,49.60000000,0.51436720
2001-01-07T14:50:00,1,1,7,14,50,0.51250000,29.40000000,47.33750000,0.45983934
2001-01-07T15:00:00,1,1,7,15,0,0.44500000,29.50000000,45.07500000,0.40390647
2001-01-07T15:10:00,1,1,7,15,10,0.42383333,29.13333333,43.96750000,0.38685366
2001-01-07T15:20:00,1,1,7,15,20,0.40266667,28.76666667,42.86000000,0.36958518
2001-01-07T15:30:00,1,1,7,15,30,0.38150000,28.40000000,41.75250000,0.35210104
2001-01-07T15:40:00,1,1,7,15,40,0.36033333,28.03333333,40.64500000,0.33440122
2001-01-07T15:50:00,1,1,7,15,50,0.33916667,27.66666667,39.53750000,0.31648574
2001-01-07T16:00:00,1,1,7,16,0,0.31800000,27.30000000,38.43000000,0.29835460
2001-01-07T16:10:00,1,1,7,16,10,0.29550000,27.10000000,37.44250000,0.27858691
2001-01-07T16:20:00,1,1,7,16,20,0.27300000,26.90000000,36.45500000,0.25861481
2001-01-07T16:30:00,1,1,7,16,30,0.25050000,26.70000000,35.46750000,0.23843830
2001-01-07T16:40:00,1,1,7,16,40,0.22800000,26.50000000,34.48000000,0.21805738
2001-01-07T16:50:00,1,1,7,16,50,0.20550000,26.30000000,33.49250000,0.19747204
2001-01-07T17:00:00,1,1,7,17,0,0.18300000,26.10000000,32.50500000,0.17668229
2001-01-07T17:10:00,1,1,7,17,10,0.15833333,25.90000000,31.44166667,0.15364165
2001-01-07T17:20:00,1,1,7,17,20,0.13366667,25.70000000,30.37833333,0.13035971
2001-01-07T17:30:00,1,1,7,17,30,0.10900000,25.50000000,29.31500000,0.10683646
2001-01-07T17:40:00,1,1,7,17,40,0.08433333,25.30000000,28.25166667,0.08307190
2001-01-07T17:50:00,1,1,7,17,50,0.05966667,25.10000000,27.18833333,0.05906604
2001-01-07T18:00:00,1,1,7,18,0,0.03500000,24.90000000,26.12500000,0.03481887
2001-01-07T18:10:00,1,1,7,18,10,0.02916667,24.70000000,25.72083333,0.02906995
2001-01-07T18:20:00,1,1,7,18,20,0.02333333,24.50000000,25.31666667,0.02329934
2001-01-07T18:30:00,1,1,7,18,30,0.01750000,24.30000000,24.91250000,0.01750704
2001-01-07T18:40:00,1,1,7,18,40,0.01166667,24.10000000,24.50833333,0.01169305
2001-01-07T18:50:00,1,1,7,18,50,0.00583333,23.90000000,24.10416667,0.00585737
2001-01-07T19:00:00,1,1,7,19,0,0.00000000,23.70000000,23.70000000,0.00000000
2001-01-07T19:10:00,1,1,7,19,10,0.00000000,23.58333333,23.58333333,0.00000000
2001-01-07T19:20:00,1,1,7,19,20,0.00000000,23.46666667,23.46666667,0.00000000
2001-01-07T19:30:00,1,1,7,19,30,0.00000000,23.35000000,23.35000000,0.00000000
2001-01-07T19:40:00,1,1,7,19,40,0.00000000,23.23333333,23.23333333,0.00000000
2001-01-07T19:50:00,1,1,7,19,50,0.00000000,23.11666667,23.11666667,0.00000000
2001-01-07T20:00:00,1,1,7,20,0,0.00000000,23.00000000,23.00000000,0.00000000
2001-01-07T20:10:00,1,1,7,20,10,0.00000000,22.96666667,22.96666667,0.00000000
2001-01-07T20:20:00,1,1,7,20,20,0.00000000,22.93333333,22.93333333,0.00000000
2001-01-07T20:30:00,1,1,7,20,30,0.00000000,22.90000000,22.90000000,0.00000000
2001-01-07T20:40:00,1,1,7,20,40,0.00000000,22.86666667,22.86666667,0.00000000
2001-01-07T20:50:00,1,1,7,20,50,0.00000000,22.83333333,22.83333333,0.00000000
2001-01-07T21:00:00,1,1,7,21,0,0.00000000,22.80000000,22.80000000,0.00000000
2001-01-07T21:10:00,1,1,7,21,10,0.00000000,22.76666667,22.76666667,0.00000000
2001-01-07T21:20:00,1,1,7,21,20,0.00000000,22.73333333,22.73333333,0.00000000
2001-01-07T21:30:00,1,1,7,21,30,0.00000000,22.70000000,22.70000000,0.00000000
2001-01-07T21:40:00,1,1,7,21,40,0.00000000,22.66666667,22.66666667,0.00000000
2001-01-07T21:50:00,1,1,7,21,50,0.00000000,22.63333333,22.63333333,0.00000000
2001-01-07T22:00:00,1,1,7,22,0,0.00000000,22.60000000,22.60000000,0.00000000
2001-01-07T22:10:00,1,1,7,22,10,0.00000000,22.45000000,22.45000000,0.00000000
2001-01-07T22:20:00,1,1,7,22,20,0.00000000,22.30000000,22.30000000,0.00000000
2001-01-07T22:30:00,1,1,7,22,30,0.00000000,22.15000000,22.15000000,0.00000000
2001-01-07T22:40:00,1,1,7,22,40,0.00000000,22.00000000,22.00000000,0.00000000
2001-01-07T22:50:00,1,1,7,22,50,0.00000000,21.85000000,21.85000000,0.00000000
2001-01-07T23:00:00,1,1,7,23,0,0.00000000,21.70000000,21.70000000,0.00000000
2001-01-07T23:10:00,1,1,7,23,10,0.00000000,21.63333333,21.63333333,0.00000000
2001-01-07T23:20:00,1,1,7,23,20,0.00000000,21.56666667,21.56666667,0.00000000
2001-01-07T23:30:00,1,1,7,23,30,0.00000000,21.50000000,21.50000000,0.00000000
2001-01-07T23:40:00,1,1,7,23,40,0.00000000,21.43333333,21.43333333,0.00000000
2001-01-07T23:50:00,1,1,7,23,50,0.00000000,21.36666667,21.36666667,0.00000000
2001-01-08T00:00:00,1,1,8,0,0,0.00000000,21.30000000,21.30000000,0.00000000
2001-01-08T00:10:00,1,1,8,0,10,0.00000000,21.18333333,21.18333333,0.00000000
2001-01-08T00:20:00,1,1,8,0,20,0.00000000,21.06666667,21.06666667,0.00000000
2001-01-08T00:30:00,1,1,8,0,30,0.00000000,20.95000000,20.95000000,0.00000000
2001-01-08T00:40:00,1,1,8,0,40,0.00000000,20.83333333,20.83333333,0.00000000
2001-01-08T00:50:00,1,1,8,0,50,0.00000000,20.71666667,20.71666667,0.00000000
2001-01-08T01:00:00,1,1,8,1,0,0.00000000,20.60000000,20.60000000,0.00000000
2001-01-08T01:10:00,1,1,8,1,10,0.00000000,20.61666667,20.61666667,0.00000000
2001-01-08T01:20:00,1,1,8,1,20,0.00000000,20.63333333,20.63333333,0.00000000
2001-01-08T01:30:00,1,1,8,1,30,0.00000000,20.65000000,20.65000000,0.00000000
2001-01-08T01:40:00,1,1,8,1,40,0.00000000,20.66666667,20.66666667,0.00000000
2001-01-08T01:50:00,1,1,8,1,50,0.00000000,20.68333333,20.68333333,0.00000000
2001-01-08T02:00:00,1,1,8,2,0,0.00000000,20.70000000,20.70000000,0.00000000
2001-01-08T02:10:00,1,1,8,2,10,0.00000000,20.63333333,20.63333333,0.00000000
2001-01-08T02:20:00,1,1,8,2,20,0.00000000,20.56666667,20.56666667,0.00000000
2001-01-08T02:30:00,1,1,8,2,30,0.00000000,20.50000000,20.50000000,0.00000000
2001-01-08T02:40:00,1,1,8,2,40,0.00000000,20.43333333,20.43333333,0.00000000
2001-01-08T02:50:00,1,1,8,2,50,0.00000000,20.36666667,20.36666667,0.00000000
2001-01-08T03:00:00,1,1,8,3,0,0.00000000,20.30000000,20.30000000,0.00000000
2001-01-08T03:10:00,1,1,8,3,10,0.00000000,20.31666667,20.31666667,0.00000000
2001-01-08T03:20:00,1,1,8,3,20,0.00000000,20.33333333,20.33333333,0.00000000
2001-01-08T03:30:00,1,1,8,3,30,0.00000000,20.35000000,20.35000000,0.00000000
2001-01-08T03:40:00,1,1,8,3,40,0.00000000,20.36666667,20.36666667,0.00000000
2001-01-08T03:50:00,1,1,8,3,50,0.00000000,20.38333333,20.38333333,0.00000000
2001-01-08T04:00:00,1,1,8,4,0,0.00000000,20.40000000,20.40000000,0.00000000
2001-01-08T04:10:00,1,1,8,4,10,0.00416667,20.35000000,20.49583333,0.00425300
2001-01-08T04:20:00,1,1,8,4,20,0.00833333,20.30000000,20.59166667,0.00850232
2001-01-08T04:30:00,1,1,8,4,30,0.01250000,20.25000000,20.68750000,0.01274797
2001-01-08T04:40:00,1,1,8,4,40,0.01666667,20.20000000,20.78333333,0.01698994
2001-01-08T04:50:00,1,1,8,4,50,0.02083333,20.15000000,20.87916667,0.02122825
2001-01-08T05:00:00,1,1,8,5,0,0.02500000,20.10000000,20.97500000,0.02546288
2001-01-08T05:10:00,1,1,8,5,10,0.04983333,20.31666667,22.06083333,0.05050709
2001-01-08T05:20:00,1,1,8,5,20,0.07466667,20.53333333,23.14666667,0.07530322
2001-01-08T05:30:00,1,1,8,5,30,0.09950000,20.75000000,24.23250000,0.09985128
2001-01-08T05:40:00,1,1,8,5,40,0.12433333,20.96666667,25.31833333,0.12415127
2001-01-08T05:50:00,1,1,8,5,50,0.14916667,21.18333333,26.40416667,0.14820317
2001-01-08T06:00:00,1,1,8,6,0,0.17400000,21.40000000,27.49000000,0.17200700
2001-01-08T06:10:00,1,1,8,6,10,0.21933333,21.66666667,29.34333333,0.21495120
2001-01-08T06:20:00,1,1,8,6,20,0.26466667,21.93333333,31.19666667,0.25712243
2001-01-08T06:30:00,1,1,8,6,30,0.31000000,22.20000000,33.05000000,0.29852070
2001-01-08T06:40:00,1,1,8,6,40,0.35533333,22.46666667,34.90333333,0.33914600
2001-01-08T06:50:00,1,1,8,6,50,0.40066667,22.73333333,36.75666667,0.37899835
2001-01-08T07:00:00,1,1,8,7,0,0.44600000,23.00000000,38.61000000,0.41807772
2001-01-08T07:10:00,1,1,8,7,10,0.42883333,23.38333333,38.39250000,0.40241484
2001-01-08T07:20:00,1,1,8,7,20,0.41166667,23.76666667,38.17500000,0.38671761
2001-01-08T07:30:00,1,1,8,7,30,0.39450000,24.15000000,37.95750000,0.37098602
2001-01-08T07:40:00,1,1,8,7,40,0.37733333,24.53333333,37.74000000,0.35522009
2001-01-08T07:50:00,1,1,8,7,50,0.36016667,24.91666667,37.52250000,0.33941981
2001-01-08T08:00:00,1,1,8,8,0,0.34300000,25.30000000,37.30500000,0.32358517
2001-01-08T08:10:00,1,1,8,8,10,0.34883333,25.28333333,37.49250000,0.32878745
2001-01-08T08:20:00,1,1,8,8,20,0.35466667,25.26666667,37.68000000,0.33397967
2001-01-08T08:30:00,1,1,8,8,30,0.36050000,25.25000000,37.86750000,0.33916182
2001-01-08T08:40:00,1,1,8,8,40,0.36633333,25.23333333,38.05500000,0.34433392
2001-01-08T08:50:00,1,1,8,8,50,0.37216667,25.21666667,38.24250000,0.34949595
2001-01-08T09:00:00,1,1,8,9,0,0.37800000,25.20000000,38.43000000,0.35464792
2001-01-08T09:10:00,1,1,8,9,10,0.47766667,25.16666667,41.88500000,0.44056582
2001-01-08T09:20:00,1,1,8,9,20,0.57733333,25.13333333,45.34000000,0.52331572
2001-01-08T09:30:00,1,1,8,9,30,0.67700000,25.10000000,48.79500000,0.60289761
2001-01-08T09:40:00,1,1,8,9,40,0.77666667,25.06666667,52.25000000,0.67931150
2001-01-08T09:50:00,1,1,8,9,50,0.87633333,25.03333333,55.70500000,0.75255738
2001-01-08T10:00:00,1,1,8,10,0,0.97600000,25.00000000,59.16000000,0.82263526
2001-01-08T10:10:00,1,1,8,10,10,0.92416667,25.85000000,58.19583333,0.78304565
2001-01-08T10:20:00,1,1,8,10,20,0.87233333,26.70000000,57.23166667,0.74299625
2001-01-08T10:30:00,1,1,8,10,30,0.82050000,27.55000000,56.26750000,0.70248707
2001-01-08T10:40:00,1,1,8,10,40,0.76866667,28.40000000,55.30333333,0.66151812
2001-01-08T10:50:00,1,1,8,10,50,0.71683333,29.25000000,54.33916667,0.62008939
2001-01-08T11:00:00,1,1,8,11,0,0.66500000,30.10000000,53.37500000,0.57820088
2001-01-08T11:10:00,1,1,8,11,10,0.70650000,29.80000000,54.52750000,0.61053858
2001-01-08T11:20:00,1,1,8,11,20,0.74800000,29.50000000,55.68000000,0.64243626
2001-01-08T11:30:00,1,1,8,11,30,0.78950000,29.20000000,56.83250000,0.67389391
2001-01-08T11:40:00,1,1,8,11,40,0.83100000,28.90000000,57.98500000,0.70491154
2001-01-08T11:50:00,1,1,8,11,50,0.87250000,28.60000000,59.13750000,0.73548914
2001-01-08T12:00:00,1,1,8,12,0,0.91400000,28.30000000,60.29000000,0.76562672
2001-01-08T12:10:00,1,1,8,12,10,0.83366667,28.53333333,57.71166667,0.70822179
2001-01-08T12:20:00,1,1,8,12,20,0.75333333,28.76666667,55.13333333,0.64891129
2001-01-08T12:30:00,1,1,8,12,30,0.67300000,29.00000000,52.55500000,0.58769523
2001-01-08T12:40:00,1,1,8,12,40,0.59266667,29.23333333,49.97666667,0.52457361
2001-01-08T12:50:00,1,1,8,12,50,0.51233333,29.46666667,47.39833333,0.45954643
2001-01-08T13:00:00,1,1,8,13,0,0.43200000,29.70000000,44.82000000,0.39261370
2001-01-08T13:10:00,1,1,8,13,10,0.44283333,29.18333333,44.68250000,0.40273942
2001-01-08T13:20:00,1,1,8,13,20,0.45366667,28.66666667,44.54500000,0.41287886
2001-01-08T13:30:00,1,1,8,13,30,0.46450000,28.15000000,44.40750000,0.42303199
2001-01-08T13:40:00,1,1,8,13,40,0.47533333,27.63333333,44.27000000,0.43319884
2001-01-08T13:50:00,1,1,8,13,50,0.48616667,27.11666667,44.13250000,0.44337938
2001-01-08T14:00:00,1,1,8,14,0,0.49700000,26.60000000,43.99500000,0.45357363
2001-01-08T14:10:00,1,1,8,14,10,0.49183333,26.71666667,43.93083333,0.44900358
2001-01-08T14:20:00,1,1,8,14,20,0.48666667,26.83333333,43.86666667,0.44443049
2001-01-08T14:30:00,1,1,8,14,30,0.48150000,26.95000000,43.80250000,0.43985434
2001-01-08T14:40:00,1,1,8,14,40,0.47633333,27.06666667,43.73833333,0.43527515
2001-01-08T14:50:00,1,1,8,14,50,0.47116667,27.18333333,43.67416667,0.43069290
2001-01-08T15:00:00,1,1,8,15,0,0.46600000,27.30000000,43.61000000,0.42610760
2001-01-08T15:10:00,1,1,8,15,10,0.42400000,27.16666667,42.00666667,0.39083020
2001-01-08T15:20:00,1,1,8,15,20,0.38200000,27.03333333,40.40333333,0.35493326
2001-01-08T15:30:00,1,1,8,15,30,0.34000000,26.90000000,38.80000000,0.31841680
2001-01-08T15:40:00,1,1,8,15,40,0.29800000,26.76666667,37.19666667,0.28128081
2001-01-08T15:50:00,1,1,8,15,50,0.25600000,26.63333333,35.59333333,0.24352529
2001-01-08T16:00:00,1,1,8,16,0,0.21400000,26.50000000,33.99000000,0.20515024
2001-01-08T16:10:00,1,1,8,16,10,0.20333333,26.18333333,33.30000000,0.19557007
2001-01-08T16:20:00,1,1,8,16,20,0.19266667,25.86666667,32.61000000,0.18592218
2001-01-08T16:30:00,1,1,8,16,30,0.18200000,25.55000000,31.92000000,0.17620658
2001-01-08T16:40:00,1,1,8,16,40,0.17133333,25.23333333,31.23000000,0.16642326
2001-01-08T16:50:00,1,1,8,16,50,0.16066667,24.91666667,30.54000000,0.15657224
2001-01-08T17:00:00,1,1,8,17,0,0.15000000,24.60000000,29.85000000,0.14665350
2001-01-08T17:10:00,1,1,8,17,10,0.12966667,24.45000000,28.98833333,0.12728776
2001-01-08T17:20:00,1,1,8,17,20,0.10933333,24.30000000,28.12666667,0.10776083
2001-01-08T17:30:00,1,1,8,17,30,0.08900000,24.15000000,27.26500000,0.08807271
2001-01-08T17:40:00,1,1,8,17,40,0.06866667,24.00000000,26.40333333,0.06822340
2001-01-08T17:50:00,1,1,8,17,50,0.04833333,23.85000000,25.54166667,0.04821290
2001-01-08T18:00:00,1,1,8,18,0,0.02800000,23.70000000,24.68000000,0.02804122
2001-01-08T18:10:00,1,1,8,18,10,0.02333333,23.56666667,24.38333333,0.02339952
2001-01-08T18:20:00,1,1,8,18,20,0.01866667,23.43333333,24.08666667,0.01874509
2001-01-08T18:30:00,1,1,8,18,30,0.01400000,23.30000000,23.79000000,0.01407792
2001-01-08T18:40:00,1,1,8,18,40,0.00933333,23.16666667,23.49333333,0.00939802
2001-01-08T18:50:00,1,1,8,18,50,0.00466667,23.03333333,23.19666667,0.00470538
2001-01-08T19:00:00,1,1,8,19,0,0.00000000,22.90000000,22.90000000,0.00000000
2001-01-08T19:10:00,1,1,8,19,10,0.00000000,22.66666667,22.66666667,0.00000000
2001-01-08T19:20:00,1,1,8,19,20,0.00000000,22.43333333,22.43333333,0.00000000
2001-01-08T19:30:00,1,1,8,19,30,0.00000000,22.20000000,22.20000000,0.00000000
2001-01-08T19:40:00,1,1,8,19,40,0.00000000,21.96666667,21.96666667,0.00000000
2001-01-08T19:50:00,1,1,8,19,50,0.00000000,21.73333333,21.73333333,0.00000000
2001-01-08T20:00:00,1,1,8,20,0,0.00000000,21.50000000,21.50000000,0.00000000
2001-01-08T20:10:00,1,1,8,20,10,0.00000000,21.51666667,21.51666667,0.00000000
2001-01-08T20:20:00,1,1,8,20,20,0.00000000,21.53333333,21.53333333,0.00000000
2001-01-08T20:30:00,1,1,8,20,30,0.00000000,21.55000000,21.55000000,0.00000000
2001-01-08T20:40:00,1,1,8,20,40,0.00000000,21.56666667,21.56666667,0.00000000
2001-01-08T20:50:00,1,1,8,20,50,0.00000000,21.58333333,21.58333333,0.00000000
2001-01-08T21:00:00,1,1,8,21,0,0.00000000,21.60000000,21.60000000,0.00000000
2001-01-08T21:10:00,1,1,8,21,10,0.00000000,21.50000000,21.50000000,0.00000000
2001-01-08T21:20:00,1,1,8,21,20,0.00000000,21.40000000,21.40000000,0.00000000
2001-01-08T21:30:00,1,1,8,21,30,0.00000000,21.30000000,21.30000000,0.00000000
2001-01-08T21:40:00,1,1,8,21,40,0.00000000,21.20000000,21.20000000,0.00000000
2001-01-08T21:50:00,1,1,8,21,50,0.00000000,21.10000000,21.10000000,0.00000000
2001-01-08T22:00:00,1,1,8,22,0,0.00000000,21.00000000,21.00000000,0.00000000
2001-01-08T22:10:00,1,1,8,22,10,0.00000000,20.90000000,20.90000000,0.00000000
2001-01-08T22:20:00,1,1,8,22,20,0.00000000,20.80000000,20.80000000,0.00000000
2001-01-08T22:30:00,1,1,8,22,30,0.00000000,20.70000000,20.70000000,0.00000000
2001-01-08T22:40:00,1,1,8,22,40,0.00000000,20.60000000,20.60000000,0.00000000
2001-01-08T22:50:00,1,1,8,22,50,0.00000000,20.50000000,20.50000000,0.00000000
2001-01-08T23:00:00,1,1,8,23,0,0.00000000,20.40000000,20.40000000,0.00000000
2001-01-08T23:10:00,1,1,8,23,10,0.00000000,20.35000000,20.35000000,0.00000000
2001-01-08T23:20:00,1,1,8,23,20,0.00000000,20.30000000,20.30000000,0.00000000
2001-01-08T23:30:00,1,1,8,23,30,0.00000000,20.25000000,20.25000000,0.00000000
2001-01-08T23:40:00,1,1,8,23,40,0.00000000,20.20000000,20.20000000,0.00000000
2001-01-08T23:50:00,1,1,8,23,50,0.00000000,20.15000000,20.15000000,0.00000000
2001-01-09T00:00:00,1,1,9,0,0,0.00000000,20.10000000,20.10000000,0.00000000
2001-01-09T00:10:00,1,1,9,0,10,0.00000000,19.98333333,19.98333333,0.00000000
2001-01-09T00:20:00,1,1,9,0,20,0.00000000,19.86666667,19.86666667,0.00000000
2001-01-09T00:30:00,1,1,9,0,30,0.00000000,19.75000000,19.75000000,0.00000000
2001-01-09T00:40:00,1,1,9,0,40,0.00000000,19.63333333,19.63333333,0.00000000
2001-01-09T00:50:00,1,1,9,0,50,0.00000000,19.51666667,19.51666667,0.00000000
2001-01-09T01:00:00,1,1,9,1,0,0.00000000,19.40000000,19.40000000,0.00000000
2001-01-09T01:10:00,1,1,9,1,10,0.00000000,19.35000000,19.35000000,0.00000000
2001-01-09T01:20:00,1,1,9,1,20,0.00000000,19.30000000,19.30000000,0.00000000
2001-01-09T01:30:00,1,1,9,1,30,0.00000000,19.25000000,19.25000000,0.00000000
2001-01-09T01:40:00,1,1,9,1,40,0.00000000,19.20000000,19.20000000,0.00000000
2001-01-09T01:50:00,1,1,9,1,50,0.00000000,19.15000000,19.15000000,0.00000000
2001-01-09T02:00:00,1,1,9,2,0,0.00000000,19.10000000,19.10000000,0.00000000
2001-01-09T02:10:00,1,1,9,2,10,0.00000000,19.15000000,19.15000000,0.00000000
2001-01-09T02:20:00,1,1,9,2,20,0.00000000,19.20000000,19.20000000,0.00000000
2001-01-09T02:30:00,1,1,9,2,30,0.00000000,19.25000000,19.25000000,0.00000000
2001-01-09T02:40:00,1,1,9,2,40,0.00000000,19.30000000,19.30000000,0.00000000
2001-01-09T02:50:00,1,1,9,2,50,0.00000000,19.35000000,19.35000000,0.00000000
2001-01-09T03:00:00,1,1,9,3,0,0.00000000,19.40000000,19.40000000,0.00000000
2001-01-09T03:10:00,1,1,9,3,10,0.00000000,19.36666667,19.36666667,0.00000000
2001-01-09T03:20:00,1,1,9,3,20,0.00000000,19.33333333,19.33333333,0.00000000
2001-01-09T03:30:00,1,1,9,3,30,0.00000000,19.30000000,19.30000000,0.00000000
2001-01-09T03:40:00,1,1,9,3,40,0.00000000,19.26666667,19.26666667,0.00000000
2001-01-09T03:50:00,1,1,9,3,50,0.00000000,19.23333333,19.23333333,0.00000000
2001-01-09T04:00:00,1,1,9,4,0,0.00000000,19.20000000,19.20000000,0.00000000
2001-01-09T04:10:00,1,1,9,4,10,0.00416667,19.16666667,19.31250000,0.00427568
2001-01-09T04:20:00,1,1,9,4,20,0.00833333,19.13333333,19.42500000,0.00854704
2001-01-09T04:30:00,1,1,9,4,30,0.01250000,19.10000000,19.53750000,0.01281409
2001-01-09T04:40:00,1,1,9,4,40,0.01666667,19.06666667,19.65000000,0.01707683
2001-01-09T04:50:00,1,1,9,4,50,0.02083333,19.03333333,19.76250000,0.02133526
2001-01-09T05:00:00,1,1,9,5,0,0.02500000,19.00000000,19.87500000,0.02558937
2001-01-09T05:10:00,1,1,9,5,10,0.03816667,19.10000000,20.43583333,0.03896798
2001-01-09T05:20:00,1,1,9,5,20,0.05133333,19.20000000,20.99666667,0.05227865
2001-01-09T05:30:00,1,1,9,5,30,0.06450000,19.30000000,21.55750000,0.06552139
2001-01-09T05:40:00,1,1,9,5,40,0.07766667,19.40000000,22.11833333,0.07869619
2001-01-09T05:50:00,1,1,9,5,50,0.09083333,19.50000000,22.67916667,0.09180305
2001-01-09T06:00:00,1,1,9,6,0,0.10400000,19.60000000,23.24000000,0.10484198
2001-01-09T06:10:00,1,1,9,6,10,0.11983333,19.93333333,24.12750000,0.12031428
2001-01-09T06:20:00,1,1,9,6,20,0.13566667,20.26666667,25.01500000,0.13565731
2001-01-09T06:30:00,1,1,9,6,30,0.15150000,20.60000000,25.90250000,0.15087105
2001-01-09T06:40:00,1,1,9,6,40,0.16733333,20.93333333,26.79000000,0.16595551
2001-01-09T06:50:00,1,1,9,6,50,0.18316667,21.26666667,27.67750000,0.18091069
2001-01-09T07:00:00,1,1,9,7,0,0.19900000,21.60000000,28.56500000,0.19573660
2001-01-09T07:10:00,1,1,9,7,10,0.23633333,21.61666667,29.88833333,0.23101906
2001-01-09T07:20:00,1,1,9,7,20,0.27366667,21.63333333,31.21166667,0.26584701
2001-01-09T07:30:00,1,1,9,7,30,0.31100000,21.65000000,32.53500000,0.30022043
2001-01-09T07:40:00,1,1,9,7,40,0.34833333,21.66666667,33.85833333,0.33413933
2001-01-09T07:50:00,1,1,9,7,50,0.38566667,21.68333333,35.18166667,0.36760371
2001-01-09T08:00:00,1,1,9,8,0,0.42300000,21.70000000,36.50500000,0.40061357
2001-01-09T08:10:00,1,1,9,8,10,0.49916667,21.98333333,39.45416667,0.46597749
2001-01-09T08:20:00,1,1,9,8,20,0.57533333,22.26666667,42.40333333,0.52927483
2001-01-09T08:30:00,1,1,9,8,30,0.65150000,22.55000000,45.35250000,0.59050559
2001-01-09T08:40:00,1,1,9,8,40,0.72766667,22.83333333,48.30166667,0.64966977
2001-01-09T08:50:00,1,1,9,8,50,0.80383333,23.11666667,51.25083333,0.70676738
2001-01-09T09:00:00,1,1,9,9,0,0.88000000,23.40000000,54.20000000,0.76179840
2001-01-09T09:10:00,1,1,9,9,10,0.84700000,23.95000000,53.59500000,0.73558816
2001-01-09T09:20:00,1,1,9,9,20,0.81400000,24.50000000,52.99000000,0.70919424
2001-01-09T09:30:00,1,1,9,9,30,0.78100000,25.05000000,52.38500000,0.68261665
2001-01-09T09:40:00,1,1,9,9,40,0.74800000,25.60000000,51.78000000,0.65585538
2001-01-09T09:50:00,1,1,9,9,50,0.71500000,26.15000000,51.17500000,0.62891043
2001-01-09T10:00:00,1,1,9,10,0,0.68200000,26.70000000,50.57000000,0.60178180
2001-01-09T10:10:00,1,1,9,10,10,0.67883333,26.58333333,50.34250000,0.59969800
2001-01-09T10:20:00,1,1,9,10,20,0.67566667,26.46666667,50.11500000,0.59760757
2001-01-09T10:30:00,1,1,9,10,30,0.67250000,26.35000000,49.88750000,0.59551052
2001-01-09T10:40:00,1,1,9,10,40,0.66933333,26.23333333,49.66000000,0.59340684
2001-01-09T10:50:00,1,1,9,10,50,0.66616667,26.11666667,49.43250000,0.59129653
2001-01-09T11:00:00,1,1,9,11,0,0.66300000,26.00000000,49.20500000,0.58917959
2001-01-09T11:10:00,1,1,9,11,10,0.73983333,26.13333333,52.02750000,0.64785244
2001-01-09T11:20:00,1,1,9,11,20,0.81666667,26.26666667,54.85000000,0.70453017
2001-01-09T11:30:00,1,1,9,11,30,0.89350000,26.40000000,57.67250000,0.75921276
2001-01-09T11:40:00,1,1,9,11,40,0.97033333,26.53333333,60.49500000,0.81190022
2001-01-09T11:50:00,1,1,9,11,50,1.04716667,26.66666667,63.31750000,0.86259255
2001-01-09T12:00:00,1,1,9,12,0,1.12400000,26.80000000,66.14000000,0.91128974
2001-01-09T12:10:00,1,1,9,12,10,1.09933333,27.23333333,65.71000000,0.89346558
2001-01-09T12:20:00,1,1,9,12,20,1.07466667,27.66666667,65.28000000,0.87554383
2001-01-09T12:30:00,1,1,9,12,30,1.05000000,28.10000000,64.85000000,0.85752450
2001-01-09T12:40:00,1,1,9,12,40,1.02533333,28.53333333,64.42000000,0.83940759
2001-01-09T12:50:00,1,1,9,12,50,1.00066667,28.96666667,63.99000000,0.82119310
2001-01-09T13:00:00,1,1,9,13,0,0.97600000,29.40000000,63.56000000,0.80288102
2001-01-09T13:10:00,1,1,9,13,10,0.89083333,29.13333333,60.31250000,0.74612859
2001-01-09T13:20:00,1,1,9,13,20,0.80566667,28.86666667,57.06500000,0.68683164
2001-01-09T13:30:00,1,1,9,13,30,0.72050000,28.60000000,53.81750000,0.62499016
2001-01-09T13:40:00,1,1,9,13,40,0.63533333,28.33333333,50.57000000,0.56060416
2001-01-09T13:50:00,1,1,9,13,50,0.55016667,28.06666667,47.32250000,0.49367363
2001-01-09T14:00:00,1,1,9,14,0,0.46500000,27.80000000,44.07500000,0.42419858
2001-01-09T14:10:00,1,1,9,14,10,0.48333333,27.41666667,44.33333333,0.44034889
2001-01-09T14:20:00,1,1,9,14,20,0.50166667,27.03333333,44.59166667,0.45645563
2001-01-09T14:30:00,1,1,9,14,30,0.52000000,26.65000000,44.85000000,0.47251880
2001-01-09T14:40:00,1,1,9,14,40,0.53833333,26.26666667,45.10833333,0.48853840
2001-01-09T14:50:00,1,1,9,14,50,0.55666667,25.88333333,45.36666667,0.50451442
2001-01-09T15:00:00,1,1,9,15,0,0.57500000,25.50000000,45.62500000,0.52044687
2001-01-09T15:10:00,1,1,9,15,10,0.51850000,25.70000000,43.84750000,0.47354683
2001-01-09T15:20:00,1,1,9,15,20,0.46200000,25.90000000,42.07000000,0.42572284
2001-01-09T15:30:00,1,1,9,15,30,0.40550000,26.10000000,40.29250000,0.37697490
2001-01-09T15:40:00,1,1,9,15,40,0.34900000,26.30000000,38.51500000,0.32730302
2001-01-09T15:50:00,1,1,9,15,50,0.29250000,26.50000000,36.73750000,0.27670719
2001-01-09T16:00:00,1,1,9,16,0,0.23600000,26.70000000,34.96000000,0.22518742
2001-01-09T16:10:00,1,1,9,16,10,0.22016667,26.35000000,34.05583333,0.21099522
2001-01-09T16:20:00,1,1,9,16,20,0.20433333,26.00000000,33.15166667,0.19667131
2001-01-09T16:30:00,1,1,9,16,30,0.18850000,25.65000000,32.24750000,0.18221569
2001-01-09T16:40:00,1,1,9,16,40,0.17266667,25.30000000,31.34333333,0.16762837
2001-01-09T16:50:00,1,1,9,16,50,0.15683333,24.95000000,30.43916667,0.15290934
2001-01-09T17:00:00,1,1,9,17,0,0.14100000,24.60000000,29.53500000,0.13805860
2001-01-09T17:10:00,1,1,9,17,10,0.12266667,24.40000000,28.69333333,0.12058264
2001-01-09T17:20:00,1,1,9,17,20,0.10433333,24.20000000,27.85166667,0.10296472
2001-01-09T17:30:00,1,1,9,17,30,0.08600000,24.00000000,27.01000000,0.08520484
2001-01-09T17:40:00,1,1,9,17,40,0.06766667,23.80000000,26.16833333,0.06730300
2001-01-09T17:50:00,1,1,9,17,50,0.04933333,23.60000000,25.32666667,0.04925920
2001-01-09T18:00:00,1,1,9,18,0,0.03100000,23.40000000,24.48500000,0.03107344
2001-01-09T18:10:00,1,1,9,18,10,0.02583333,23.33333333,24.23750000,0.02592394
2001-01-09T18:20:00,1,1,9,18,20,0.02066667,23.26666667,23.99000000,0.02076268
2001-01-09T18:30:00,1,1,9,18,30,0.01550000,23.20000000,23.74250000,0.01558966
2001-01-09T18:40:00,1,1,9,18,40,0.01033333,23.13333333,23.49500000,0.01040487
2001-01-09T18:50:00,1,1,9,18,50,0.00516667,23.06666667,23.24750000,0.00520832
2001-01-09T19:00:00,1,1,9,19,0,0.00000000,23.00000000,23.00000000,0.00000000
2001-01-09T19:10:00,1,1,9,19,10,0.00000000,22.85000000,22.85000000,0.00000000
2001-01-09T19:20:00,1,1,9,19,20,0.00000000,22.70000000,22.70000000,0.00000000
2001-01-09T19:30:00,1,1,9,19,30,0.00000000,22.55000000,22.55000000,0.00000000
2001-01-09T19:40:00,1,1,9,19,40,0.00000000,22.40000000,22.40000000,0.00000000
2001-01-09T19:50:00,1,1,9,19,50,0.00000000,22.25000000,22.25000000,0.00000000
2001-01-09T20:00:00,1,1,9,20,0,0.00000000,22.10000000,22.10000000,0.00000000
2001-01-09T20:10:00,1,1,9,20,10,0.00000000,22.11666667,22.11666667,0.00000000
2001-01-09T20:20:00,1,1,9,20,20,0.00000000,22.13333333,22.13333333,0.00000000
2001-01-09T20:30:00,1,1,9,20,30,0.00000000,22.15000000,22.15000000,0.00000000
2001-01-09T20:40:00,1,1,9,20,40,0.00000000,22.16666667,22.16666667,0.00000000
2001-01-09T20:50:00,1,1,9,20,50,0.00000000,22.18333333,22.18333333,0.00000000
2001-01-09T21:00:00,1,1,9,21,0,0.00000000,22.20000000,22.20000000,0.00000000
2001-01-09T21:10:00,1,1,9,21,10,0.00000000,21.98333333,21.98333333,0.00000000
2001-01-09T21:20:00,1,1,9,21,20,0.00000000,21.76666667,21.76666667,0.00000000
2001-01-09T21:30:00,1,1,9,21,30,0.00000000,21.55000000,21.55000000,0.00000000
2001-01-09T21:40:00,1,1,9,21,40,0.00000000,21.33333333,21.33333333,0.00000000
2001-01-09T21:50:00,1,1,9,21,50,0.00000000,21.11666667,21.11666667,0.00000000
2001-01-09T22:00:00,1,1,9,22,0,0.00000000,20.90000000,20.90000000,0.00000000
2001-01-09T22:10:00,1,1,9,22,10,0.00000000,20.91666667,20.91666667,0.00000000
2001-01-09T22:20:00,1,1,9,22,20,0.00000000,20.93333333,20.93333333,0.00000000
2001-01-09T22:30:00,1,1,9,22,30,0.00000000,20.95000000,20.95000000,0.00000000
2001-01-09T22:40:00,1,1,9,22,40,0.00000000,20.96666667,20.96666667,0.00000000
2001-01-09T22:50:00,1,1,9,22,50,0.00000000,20.98333333,20.98333333,0.00000000
2001-01-09T23:00:00,1,1,9,23,0,0.00000000,21.00000000,21.00000000,0.00000000
2001-01-09T23:10:00,1,1,9,23,10,0.00000000,20.93333333,20.93333333,0.00000000
2001-01-09T23:20:00,1,1,9,23,20,0.00000000,20.86666667,20.86666667,0.00000000
2001-01-09T23:30:00,1,1,9,23,30,0.00000000,20.80000000,20.80000000,0.00000000
2001-01-09T23:40:00,1,1,9,23,40,0.00000000,20.73333333,20.73333333,0.00000000
2001-01-09T23:50:00,1,1,9,23,50,0.00000000,20.66666667,20.66666667,0.00000000
2001-01-10T00:00:00,1,1,10,0,0,0.00000000,20.60000000,20.60000000,0.00000000
2001-01-10T00:10:00,1,1,10,0,10,0.00000000,20.58333333,20.58333333,0.00000000
2001-01-10T00:20:00,1,1,10,0,20,0.00000000,20.56666667,20.56666667,0.00000000
2001-01-10T00:30:00,1,1,10,0,30,0.00000000,20.55000000,20.55000000,0.00000000
2001-01-10T00:40:00,1,1,10,0,40,0.00000000,20.53333333,20.53333333,0.00000000
2001-01-10T00:50:00,1,1,10,0,50,0.00000000,20.51666667,20.51666667,0.00000000
2001-01-10T01:00:00,1,1,10,1,0,0.00000000,20.50000000,20.50000000,0.00000000
2001-01-10T01:10:00,1,1,10,1,10,0.00000000,20.53333333,20.53333333,0.00000000
2001-01-10T01:20:00,1,1,10,1,20,0.00000000,20.56666667,20.56666667,0.00000000
2001-01-10T01:30:00,1,1,10,1,30,0.00000000,20.60000000,20.60000000,0.00000000
2001-01-10T01:40:00,1,1,10,1,40,0.00000000,20.63333333,20.63333333,0.00000000
2001-01-10T01:50:00,1,1,10,1,50,0.00000000,20.66666667,20.66666667,0.00000000
2001-01-10T02:00:00,1,1,10,2,0,0.00000000,20.70000000,20.70000000,0.00000000
2001-01-10T02:10:00,1,1,10,2,10,0.00000000,20.53333333,20.53333333,0.00000000
2001-01-10T02:20:00,1,1,10,2,20,0.00000000,20.36666667,20.36666667,0.00000000
2001-01-10T02:30:00,1,1,10,2,30,0.00000000,20.20000000,20.20000000,0.00000000
2001-01-10T02:40:00,1,1,10,2,40,0.00000000,20.03333333,20.03333333,0.00000000
2001-01-10T02:50:00,1,1,10,2,50,0.00000000,19.86666667,19.86666667,0.00000000
2001-01-10T03:00:00,1,1,10,3,0,0.00000000,19.70000000,19.70000000,0.00000000
2001-01-10T03:10:00,1,1,10,3,10,0.00000000,19.66666667,19.66666667,0.00000000
2001-01-10T03:20:00,1,1,10,3,20,0.00000000,19.63333333,19.63333333,0.00000000
2001-01-10T03:30:00,1,1,10,3,30,0.00000000,19.60000000,19.60000000,0.00000000
2001-01-10T03:40:00,1,1,10,3,40,0.00000000,19.56666667,19.56666667,0.00000000
2001-01-10T03:50:00,1,1,10,3,50,0.00000000,19.53333333,19.53333333,0.00000000
2001-01-10T04:00:00,1,1,10,4,0,0.00000000,19.50000000,19.50000000,0.00000000
2001-01-10T04:10:00,1,1,10,4,10,0.00350000,19.58333333,19.70583333,0.00358524
2001-01-10T04:20:00,1,1,10,4,20,0.00700000,19.66666667,19.91166667,0.00716384
2001-01-10T04:30:00,1,1,10,4,30,0.01050000,19.75000000,20.11750000,0.01073582
2001-01-10T04:40:00,1,1,10,4,40,0.01400000,19.83333333,20.32333333,0.01430118
2001-01-10T04:50:00,1,1,10,4,50,0.01750000,19.91666667,20.52916667,0.01785990
2001-01-10T05:00:00,1,1,10,5,0,0.02100000,20.00000000,20.73500000,0.02141200
2001-01-10T05:10:00,1,1,10,5,10,0.03283333,20.10000000,21.24916667,0.03339983
2001-01-10T05:20:00,1,1,10,5,20,0.04466667,20.20000000,21.76333333,0.04533169
2001-01-10T05:30:00,1,1,10,5,30,0.05650000,20.30000000,22.27750000,0.05720758
2001-01-10T05:40:00,1,1,10,5,40,0.06833333,20.40000000,22.79166667,0.06902749
2001-01-10T05:50:00,1,1,10,5,50,0.08016667,20.50000000,23.30583333,0.08079142
2001-01-10T06:00:00,1,1,10,6,0,0.09200000,20.60000000,23.82000000,0.09249938
2001-01-10T06:10:00,1,1,10,6,10,0.10516667,20.81666667,24.49750000,0.10540976
2001-01-10T06:20:00,1,1,10,6,20,0.11833333,21.03333333,25.17500000,0.11823807
2001-01-10T06:30:00,1,1,10,6,30,0.13150000,21.25000000,25.85250000,0.13098432
2001-01-10T06:40:00,1,1,10,6,40,0.14466667,21.46666667,26.53000000,0.14364850
2001-01-10T06:50:00,1,1,10,6,50,0.15783333,21.68333333,27.20750000,0.15623061
2001-01-10T07:00:00,1,1,10,7,0,0.17100000,21.90000000,27.88500000,0.16873066
2001-01-10T07:10:00,1,1,10,7,10,0.17750000,22.08333333,28.29583333,0.17480895
2001-01-10T07:20:00,1,1,10,7,20,0.18400000,22.26666667,28.70666667,0.18086268
2001-01-10T07:30:00,1,1,10,7,30,0.19050000,22.45000000,29.11750000,0.18689183
2001-01-10T07:40:00,1,1,10,7,40,0.19700000,22.63333333,29.52833333,0.19289642
2001-01-10T07:50:00,1,1,10,7,50,0.20350000,22.81666667,29.93916667,0.19887645
2001-01-10T08:00:00,1,1,10,8,0,0.21000000,23.00000000,30.35000000,0.20483190
2001-01-10T08:10:00,1,1,10,8,10,0.22500000,23.13333333,31.00833333,0.21878137
2001-01-10T08:20:00,1,1,10,8,20,0.24000000,23.26666667,31.66666667,0.23264000
2001-01-10T08:30:00,1,1,10,8,30,0.25500000,23.40000000,32.32500000,0.24640777
2001-01-10T08:40:00,1,1,10,8,40,0.27000000,23.53333333,32.98333333,0.26008470
2001-01-10T08:50:00,1,1,10,8,50,0.28500000,23.66666667,33.64166667,0.27367077
2001-01-10T09:00:00,1,1,10,9,0,0.30000000,23.80000000,34.30000000,0.28716600
2001-01-10T09:10:00,1,1,10,9,10,0.41416667,23.90000000,38.39583333,0.38864537
2001-01-10T09:20:00,1,1,10,9,20,0.52833333,24.00000000,42.49166667,0.48582275
2001-01-10T09:30:00,1,1,10,9,30,0.64250000,24.10000000,46.58750000,0.57869814
2001-01-10T09:40:00,1,1,10,9,40,0.75666667,24.20000000,50.68333333,0.66727154
2001-01-10T09:50:00,1,1,10,9,50,0.87083333,24.30000000,54.77916667,0.75154295
2001-01-10T10:00:00,1,1,10,10,0,0.98500000,24.40000000,58.87500000,0.83151237
2001-01-10T10:10:00,1,1,10,10,10,0.89966667,25.06666667,56.55500000,0.76907735
2001-01-10T10:20:00,1,1,10,10,20,0.81433333,25.73333333,54.23500000,0.70482097
2001-01-10T10:30:00,1,1,10,10,30,0.72900000,26.40000000,51.91500000,0.63874324
2001-01-10T10:40:00,1,1,10,10,40,0.64366667,27.06666667,49.59500000,0.57084415
2001-01-10T10:50:00,1,1,10,10,50,0.55833333,27.73333333,47.27500000,0.50112371
2001-01-10T11:00:00,1,1,10,11,0,0.47300000,28.40000000,44.95500000,0.42958191
2001-01-10T11:10:00,1,1,10,11,10,0.55883333,28.08333333,47.64250000,0.50062777
2001-01-10T11:20:00,1,1,10,11,20,0.64466667,27.76666667,50.33000000,0.56955140
2001-01-10T11:30:00,1,1,10,11,30,0.73050000,27.45000000,53.01750000,0.63635279
2001-01-10T11:40:00,1,1,10,11,40,0.81633333,27.13333333,55.70500000,0.70103196
2001-01-10T11:50:00,1,1,10,11,50,0.90216667,26.81666667,58.39250000,0.76358890
2001-01-10T12:00:00,1,1,10,12,0,0.98800000,26.50000000,61.08000000,0.82402362
2001-01-10T12:10:00,1,1,10,12,10,0.93966667,27.00000000,59.88833333,0.78886301
2001-01-10T12:20:00,1,1,10,12,20,0.89133333,27.50000000,58.69666667,0.75317251
2001-01-10T12:30:00,1,1,10,12,30,0.84300000,28.00000000,57.50500000,0.71695211
2001-01-10T12:40:00,1,1,10,12,40,0.79466667,28.50000000,56.31333333,0.68020182
2001-01-10T12:50:00,1,1,10,12,50,0.74633333,29.00000000,55.12166667,0.64292164
2001-01-10T13:00:00,1,1,10,13,0,0.69800000,29.50000000,53.93000000,0.60511156
2001-01-10T13:10:00,1,1,10,13,10,0.67466667,29.21666667,52.83000000,0.58829719
2001-01-10T13:20:00,1,1,10,13,20,0.65133333,28.93333333,51.73000000,0.57124669
2001-01-10T13:30:00,1,1,10,13,30,0.62800000,28.65000000,50.63000000,0.55396006
2001-01-10T13:40:00,1,1,10,13,40,0.60466667,28.36666667,49.53000000,0.53643729
2001-01-10T13:50:00,1,1,10,13,50,0.58133333,28.08333333,48.43000000,0.51867839
2001-01-10T14:00:00,1,1,10,14,0,0.55800000,27.80000000,47.33000000,0.50068336
2001-01-10T14:10:00,1,1,10,14,10,0.56033333,27.63333333,47.24500000,0.50299610
2001-01-10T14:20:00,1,1,10,14,20,0.56266667,27.46666667,47.16000000,0.50531068
2001-01-10T14:30:00,1,1,10,14,30,0.56500000,27.30000000,47.07500000,0.50762707
2001-01-10T14:40:00,1,1,10,14,40,0.56733333,27.13333333,46.99000000,0.50994530
2001-01-10T14:50:00,1,1,10,14,50,0.56966667,26.96666667,46.90500000,0.51226534
2001-01-10T15:00:00,1,1,10,15,0,0.57200000,26.80000000,46.82000000,0.51458722
2001-01-10T15:10:00,1,1,10,15,10,0.52550000,26.78333333,45.17583333,0.47672896
2001-01-10T15:20:00,1,1,10,15,20,0.47900000,26.76666667,43.53166667,0.43816733
2001-01-10T15:30:00,1,1,10,15,30,0.43250000,26.75000000,41.88750000,0.39890232
2001-01-10T15:40:00,1,1,10,15,40,0.38600000,26.73333333,40.24333333,0.35893394
2001-01-10T15:50:00,1,1,10,15,50,0.33950000,26.71666667,38.59916667,0.31826218
2001-01-10T16:00:00,1,1,10,16,0,0.29300000,26.70000000,36.95500000,0.27688705
2001-01-10T16:10:00,1,1,10,16,10,0.27250000,26.43333333,35.97083333,0.25874806
2001-01-10T16:20:00,1,1,10,16,20,0.25200000,26.16666667,34.98666667,0.24042346
2001-01-10T16:30:00,1,1,10,16,30,0.23150000,25.90000000,34.00250000,0.22191324
2001-01-10T16:40:00,1,1,10,16,40,0.21100000,25.63333333,33.01833333,0.20321741
2001-01-10T16:50:00,1,1,10,16,50,0.19050000,25.36666667,32.03416667,0.18433596
2001-01-10T17:00:00,1,1,10,17,0,0.17000000,25.10000000,31.05000000,0.16526890
2001-01-10T17:10:00,1,1,10,17,10,0.14600000,25.06666667,30.17666667,0.14252335
2001-01-10T17:20:00,1,1,10,17,20,0.12200000,25.03333333,29.30333333,0.11958497
2001-01-10T17:30:00,1,1,10,17,30,0.09800000,25.00000000,28.43000000,0.09645376
2001-01-10T17:40:00,1,1,10,17,40,0.07400000,24.96666667,27.55666667,0.07312971
2001-01-10T17:50:00,1,1,10,17,50,0.05000000,24.93333333,26.68333333,0.04961283
2001-01-10T18:00:00,1,1,10,18,0,0.02600000,24.90000000,25.81000000,0.02590312
2001-01-10T18:10:00,1,1,10,18,10,0.02166667,24.61666667,25.37500000,0.02162929
2001-01-10T18:20:00,1,1,10,18,20,0.01733333,24.33333333,24.94000000,0.01733812
2001-01-10T18:30:00,1,1,10,18,30,0.01300000,24.05000000,24.50500000,0.01302960
2001-01-10T18:40:00,1,1,10,18,40,0.00866667,23.76666667,24.07000000,0.00870374
2001-01-10T18:50:00,1,1,10,18,50,0.00433333,23.48333333,23.63500000,0.00436054
2001-01-10T19:00:00,1,1,10,19,0,0.00000000,23.20000000,23.20000000,0.00000000
2001-01-10T19:10:00,1,1,10,19,10,0.00000000,23.20000000,23.20000000,0.00000000
2001-01-10T19:20:00,1,1,10,19,20,0.00000000,23.20000000,23.20000000,0.00000000
2001-01-10T19:30:00,1,1,10,19,30,0.00000000,23.20000000,23.20000000,0.00000000
2001-01-10T19:40:00,1,1,10,19,40,0.00000000,23.20000000,23.20000000,0.00000000
2001-01-10T19:50:00,1,1,10,19,50,0.00000000,23.20000000,23.20000000,0.00000000
2001-01-10T20:00:00,1,1,10,20,0,0.00000000,23.20000000,23.20000000,0.00000000
2001-01-10T20:10:00,1,1,10,20,10,0.00000000,23.10000000,23.10000000,0.00000000
2001-01-10T20:20:00,1,1,10,20,20,0.00000000,23.00000000,23.00000000,0.00000000
2001-01-10T20:30:00,1,1,10,20,30,0.00000000,22.90000000,22.90000000,0.00000000
2001-01-10T20:40:00,1,1,10,20,40,0.00000000,22.80000000,22.80000000,0.00000000
2001-01-10T20:50:00,1,1,10,20,50,0.00000000,22.70000000,22.70000000,0.00000000
2001-01-10T21:00:00,1,1,10,21,0,0.00000000,22.60000000,22.60000000,0.00000000
2001-01-10T21:10:00,1,1,10,21,10,0.00000000,22.50000000,22.50000000,0.00000000
2001-01-10T21:20:00,1,1,10,21,20,0.00000000,22.40000000,22.40000000,0.00000000
2001-01-10T21:30:00,1,1,10,21,30,0.00000000,22.30000000,22.30000000,0.00000000
2001-01-10T21:40:00,1,1,10,21,40,0.00000000,22.20000000,22.20000000,0.00000000
2001-01-10T21:50:00,1,1,10,21,50,0.00000000,22.10000000,22.10000000,0.00000000
2001-01-10T22:00:00,1,1,10,22,0,0.00000000,22.00000000,22.00000000,0.00000000
2001-01-10T22:10:00,1,1,10,22,10,0.00000000,21.95000000,21.95000000,0.00000000
2001-01-10T22:20:00,1,1,10,22,20,0.00000000,21.90000000,21.90000000,0.00000000
2001-01-10T22:30:00,1,1,10,22,30,0.00000000,21.85000000,21.85000000,0.00000000
2001-01-10T22:40:00,1,1,10,22,40,0.00000000,21.80000000,21.80000000,0.00000000
2001-01-10T22:50:00,1,1,10,22,50,0.00000000,21.75000000,21.75000000,0.00000000
2001-01-10T23:00:00,1,1,10,23,0,0.00000000,21.70000000,21.70000000,0.00000000
2001-01-10T23:10:00,1,1,10,23,10,0.00000000,21.68333333,21.68333333,0.00000000
2001-01-10T23:20:00,1,1,10,23,20,0.00000000,21.66666667,21.66666667,0.00000000
2001-01-10T23:30:00,1,1,10,23,30,0.00000000,21.65000000,21.65000000,0.00000000
2001-01-10T23:40:00,1,1,10,23,40,0.00000000,21.63333333,21.63333333,0.00000000
2001-01-10T23:50:00,1,1,10,23,50,0.00000000,21.61666667,21.61666667,0.00000000
2001-01-11T00:00:00,1,1,11,0,0,0.00000000,21.60000000,21.60000000,0.00000000
2001-01-11T00:10:00,1,1,11,0,10,0.00000000,21.53333333,21.53333333,0.00000000
2001-01-11T00:20:00,1,1,11,0,20,0.00000000,21.46666667,21.46666667,0.00000000
2001-01-11T00:30:00,1,1,11,0,30,0.00000000,21.40000000,21.40000000,0.00000000
2001-01-11T00:40:00,1,1,11,0,40,0.00000000,21.33333333,21.33333333,0.00000000
2001-01-11T00:50:00,1,1,11,0,50,0.00000000,21.26666667,21.26666667,0.00000000
2001-01-11T01:00:00,1,1,11,1,0,0.00000000,21.20000000,21.20000000,0.00000000
2001-01-11T01:10:00,1,1,11,1,10,0.00000000,21.08333333,21.08333333,0.00000000
2001-01-11T01:20:00,1,1,11,1,20,0.00000000,20.96666667,20.96666667,0.00000000
2001-01-11T01:30:00,1,1,11,1,30,0.00000000,20.85000000,20.85000000,0.00000000
2001-01-11T01:40:00,1,1,11,1,40,0.00000000,20.73333333,20.73333333,0.00000000
2001-01-11T01:50:00,1,1,11,1,50,0.00000000,20.61666667,20.61666667,0.00000000
2001-01-11T02:00:00,1,1,11,2,0,0.00000000,20.50000000,20.50000000,0.00000000
2001-01-11T02:10:00,1,1,11,2,10,0.00000000,20.51666667,20.51666667,0.00000000
2001-01-11T02:20:00,1,1,11,2,20,0.00000000,20.53333333,20.53333333,0.00000000
2001-01-11T02:30:00,1,1,11,2,30,0.00000000,20.55000000,20.55000000,0.00000000
2001-01-11T02:40:00,1,1,11,2,40,0.00000000,20.56666667,20.56666667,0.00000000
2001-01-11T02:50:00,1,1,11,2,50,0.00000000,20.58333333,20.58333333,0.00000000
2001-01-11T03:00:00,1,1,11,3,0,0.00000000,20.60000000,20.60000000,0.00000000
2001-01-11T03:10:00,1,1,11,3,10,0.00000000,20.58333333,20.58333333,0.00000000
2001-01-11T03:20:00,1,1,11,3,20,0.00000000,20.56666667,20.56666667,0.00000000
2001-01-11T03:30:00,1,1,11,3,30,0.00000000,20.55000000,20.55000000,0.00000000
2001-01-11T03:40:00,1,1,11,3,40,0.00000000,20.53333333,20.53333333,0.00000000
2001-01-11T03:50:00,1,1,11,3,50,0.00000000,20.51666667,20.51666667,0.00000000
2001-01-11T04:00:00,1,1,11,4,0,0.00000000,20.50000000,20.50000000,0.00000000
2001-01-11T04:10:00,1,1,11,4,10,0.00383333,20.36666667,20.50083333,0.00391267
2001-01-11T04:20:00,1,1,11,4,20,0.00766667,20.23333333,20.50166667,0.00782531
2001-01-11T04:30:00,1,1,11,4,30,0.01150000,20.10000000,20.50250000,0.01173792
2001-01-11T04:40:00,1,1,11,4,40,0.01533333,19.96666667,20.50333333,0.01565050
2001-01-11T04:50:00,1,1,11,4,50,0.01916667,19.83333333,20.50416667,0.01956305
2001-01-11T05:00:00,1,1,11,5,0,0.02300000,19.70000000,20.50500000,0.02347557
2001-01-11T05:10:00,1,1,11,5,10,0.02966667,19.88333333,20.92166667,0.03022322
2001-01-11T05:20:00,1,1,11,5,20,0.03633333,20.06666667,21.33833333,0.03694532
2001-01-11T05:30:00,1,1,11,5,30,0.04300000,20.25000000,21.75500000,0.04364186
2001-01-11T05:40:00,1,1,11,5,40,0.04966667,20.43333333,22.17166667,0.05031285
2001-01-11T05:50:00,1,1,11,5,50,0.05633333,20.61666667,22.58833333,0.05695828
2001-01-11T06:00:00,1,1,11,6,0,0.06300000,20.80000000,23.00500000,0.06357815
2001-01-11T06:10:00,1,1,11,6,10,0.11516667,20.90000000,24.93083333,0.11520331
2001-01-11T06:20:00,1,1,11,6,20,0.16733333,21.00000000,26.85666667,0.16590420
2001-01-11T06:30:00,1,1,11,6,30,0.21950000,21.10000000,28.78250000,0.21568081
2001-01-11T06:40:00,1,1,11,6,40,0.27166667,21.20000000,30.70833333,0.26453315
2001-01-11T06:50:00,1,1,11,6,50,0.32383333,21.30000000,32.63416667,0.31246122
2001-01-11T07:00:00,1,1,11,7,0,0.37600000,21.40000000,34.56000000,0.35946502
2001-01-11T07:10:00,1,1,11,7,10,0.38466667,21.88333333,35.34666667,0.36635858
2001-01-11T07:20:00,1,1,11,7,20,0.39333333,22.36666667,36.13333333,0.37318942
2001-01-11T07:30:00,1,1,11,7,30,0.40200000,22.85000000,36.92000000,0.37995754
2001-01-11T07:40:00,1,1,11,7,40,0.41066667,23.33333333,37.70666667,0.38666293
2001-01-11T07:50:00,1,1,11,7,50,0.41933333,23.81666667,38.49333333,0.39330559
2001-01-11T08:00:00,1,1,11,8,0,0.42800000,24.30000000,39.28000000,0.39988554
2001-01-11T08:10:00,1,1,11,8,10,0.49400000,24.50000000,41.79000000,0.45584640
2001-01-11T08:20:00,1,1,11,8,20,0.56000000,24.70000000,44.30000000,0.51028320
2001-01-11T08:30:00,1,1,11,8,30,0.62600000,24.90000000,46.81000000,0.56319592
2001-01-11T08:40:00,1,1,11,8,40,0.69200000,25.10000000,49.32000000,0.61458458
2001-01-11T08:50:00,1,1,11,8,50,0.75800000,25.30000000,51.83000000,0.66444916
2001-01-11T09:00:00,1,1,11,9,0,0.82400000,25.50000000,54.34000000,0.71278966
2001-01-11T09:10:00,1,1,11,9,10,0.81566667,25.88333333,54.43166667,0.70523709
2001-01-11T09:20:00,1,1,11,9,20,0.80733333,26.26666667,54.52333333,0.69769155
2001-01-11T09:30:00,1,1,11,9,30,0.79900000,26.65000000,54.61500000,0.69015303
2001-01-11T09:40:00,1,1,11,9,40,0.79066667,27.03333333,54.70666667,0.68262154
2001-01-11T09:50:00,1,1,11,9,50,0.78233333,27.41666667,54.79833333,0.67509708
2001-01-11T10:00:00,1,1,11,10,0,0.77400000,27.80000000,54.89000000,0.66757964
2001-01-11T10:10:00,1,1,11,10,10,0.72816667,27.88333333,53.36916667,0.63314225
2001-01-11T10:20:00,1,1,11,10,20,0.68233333,27.96666667,51.84833333,0.59806357
2001-01-11T10:30:00,1,1,11,10,30,0.63650000,28.05000000,50.32750000,0.56234361
2001-01-11T10:40:00,1,1,11,10,40,0.59066667,28.13333333,48.80666667,0.52598237
2001-01-11T10:50:00,1,1,11,10,50,0.54483333,28.21666667,47.28583333,0.48897983
2001-01-11T11:00:00,1,1,11,11,0,0.49900000,28.30000000,45.76500000,0.45133602
2001-01-11T11:10:00,1,1,11,11,10,0.53516667,27.98333333,46.71416667,0.48171145
2001-01-11T11:20:00,1,1,11,11,20,0.57133333,27.66666667,47.66333333,0.51177107
2001-01-11T11:30:00,1,1,11,11,30,0.60750000,27.35000000,48.61250000,0.54151487
2001-01-11T11:40:00,1,1,11,11,40,0.64366667,27.03333333,49.56166667,0.57094285
2001-01-11T11:50:00,1,1,11,11,50,0.67983333,26.71666667,50.51083333,0.60005500
2001-01-11T12:00:00,1,1,11,12,0,0.71600000,26.40000000,51.46000000,0.62885134
2001-01-11T12:10:00,1,1,11,12,10,0.72766667,26.66666667,52.13500000,0.63683859
2001-01-11T12:20:00,1,1,11,12,20,0.73933333,26.93333333,52.81000000,0.64475338
2001-01-11T12:30:00,1,1,11,12,30,0.75100000,27.20000000,53.48500000,0.65259572
2001-01-11T12:40:00,1,1,11,12,40,0.76266667,27.46666667,54.16000000,0.66036561
2001-01-11T12:50:00,1,1,11,12,50,0.77433333,27.73333333,54.83500000,0.66806305
2001-01-11T13:00:00,1,1,11,13,0,0.78600000,28.00000000,55.51000000,0.67568804
2001-01-11T13:10:00,1,1,11,13,10,0.79050000,28.10000000,55.76750000,0.67862014
2001-01-11T13:20:00,1,1,11,13,20,0.79500000,28.20000000,56.02500000,0.68154158
2001-01-11T13:30:00,1,1,11,13,30,0.79950000,28.30000000,56.28250000,0.68445235
2001-01-11T13:40:00,1,1,11,13,40,0.80400000,28.40000000,56.54000000,0.68735246
2001-01-11T13:50:00,1,1,11,13,50,0.80850000,28.50000000,56.79750000,0.69024192
2001-01-11T14:00:00,1,1,11,14,0,0.81300000,28.60000000,57.05500000,0.69312071
2001-01-11T14:10:00,1,1,11,14,10,0.73333333,28.56666667,54.23333333,0.63471956
2001-01-11T14:20:00,1,1,11,14,20,0.65366667,28.53333333,51.41166667,0.57425031
2001-01-11T14:30:00,1,1,11,14,30,0.57400000,28.50000000,48.59000000,0.51171296
2001-01-11T14:40:00,1,1,11,14,40,0.49433333,28.46666667,45.76833333,0.44710753
2001-01-11T14:50:00,1,1,11,14,50,0.41466667,28.43333333,42.94666667,0.38043400
2001-01-11T15:00:00,1,1,11,15,0,0.33500000,28.40000000,40.12500000,0.31169238
2001-01-11T15:10:00,1,1,11,15,10,0.30383333,27.81666667,38.45083333,0.28503400
2001-01-11T15:20:00,1,1,11,15,20,0.27266667,27.23333333,36.77666667,0.25789559
2001-01-11T15:30:00,1,1,11,15,30,0.24150000,26.65000000,35.10250000,0.23027713
2001-01-11T15:40:00,1,1,11,15,40,0.21033333,26.06666667,33.42833333,0.20217864
2001-01-11T15:50:00,1,1,11,15,50,0.17916667,25.48333333,31.75416667,0.17360011
2001-01-11T16:00:00,1,1,11,16,0,0.14800000,24.90000000,30.08000000,0.14454154
2001-01-11T16:10:00,1,1,11,16,10,0.15933333,24.63333333,30.21000000,0.15551475
2001-01-11T16:20:00,1,1,11,16,20,0.17066667,24.36666667,30.34000000,0.16647441
2001-01-11T16:30:00,1,1,11,16,30,0.18200000,24.10000000,30.47000000,0.17742052
2001-01-11T16:40:00,1,1,11,16,40,0.19333333,23.83333333,30.60000000,0.18835307
2001-01-11T16:50:00,1,1,11,16,50,0.20466667,23.56666667,30.73000000,0.19927206
2001-01-11T17:00:00,1,1,11,17,0,0.21600000,23.30000000,30.86000000,0.21017750
2001-01-11T17:10:00,1,1,11,17,10,0.18450000,23.48333333,29.94083333,0.18030671
2001-01-11T17:20:00,1,1,11,17,20,0.15300000,23.66666667,29.02166667,0.15016955
2001-01-11T17:30:00,1,1,11,17,30,0.12150000,23.85000000,28.10250000,0.11976601
2001-01-11T17:40:00,1,1,11,17,40,0.09000000,24.03333333,27.18333333,0.08909610
2001-01-11T17:50:00,1,1,11,17,50,0.05850000,24.21666667,26.26416667,0.05815981
2001-01-11T18:00:00,1,1,11,18,0,0.02700000,24.40000000,25.34500000,0.02695715
2001-01-11T18:10:00,1,1,11,18,10,0.02250000,24.03333333,24.82083333,0.02251854
2001-01-11T18:20:00,1,1,11,18,20,0.01800000,23.66666667,24.29666667,0.01805824
2001-01-11T18:30:00,1,1,11,18,30,0.01350000,23.30000000,23.77250000,0.01357623
2001-01-11T18:40:00,1,1,11,18,40,0.00900000,22.93333333,23.24833333,0.00907252
2001-01-11T18:50:00,1,1,11,18,50,0.00450000,22.56666667,22.72416667,0.00454711
2001-01-11T19:00:00,1,1,11,19,0,0.00000000,22.20000000,22.20000000,0.00000000
2001-01-11T19:10:00,1,1,11,19,10,0.00000000,22.05000000,22.05000000,0.00000000
2001-01-11T19:20:00,1,1,11,19,20,0.00000000,21.90000000,21.90000000,0.00000000
2001-01-11T19:30:00,1,1,11,19,30,0.00000000,21.75000000,21.75000000,0.00000000
2001-01-11T19:40:00,1,1,11,19,40,0.00000000,21.60000000,21.60000000,0.00000000
2001-01-11T19:50:00,1,1,11,19,50,0.00000000,21.45000000,21.45000000,0.00000000
2001-01-11T20:00:00,1,1,11,20,0,0.00000000,21.30000000,21.30000000,0.00000000
2001-01-11T20:10:00,1,1,11,20,10,0.00000000,21.33333333,21.33333333,0.00000000
2001-01-11T20:20:00,1,1,11,20,20,0.00000000,21.36666667,21.36666667,0.00000000
2001-01-11T20:30:00,1,1,11,20,30,0.00000000,21.40000000,21.40000000,0.00000000
2001-01-11T20:40:00,1,1,11,20,40,0.00000000,21.43333333,21.43333333,0.00000000
2001-01-11T20:50:00,1,1,11,20,50,0.00000000,21.46666667,21.46666667,0.00000000
2001-01-11T21:00:00,1,1,11,21,0,0.00000000,21.50000000,21.50000000,0.00000000
2001-01-11T21:10:00,1,1,11,21,10,0.00000000,21.43333333,21.43333333,0.00000000
2001-01-11T21:20:00,1,1,11,21,20,0.00000000,21.36666667,21.36666667,0.00000000
2001-01-11T21:30:00,1,1,11,21,30,0.00000000,21.30000000,21.30000000,0.00000000
2001-01-11T21:40:00,1,1,11,21,40,0.00000000,21.23333333,21.23333333,0.00000000
2001-01-11T21:50:00,1,1,11,21,50,0.00000000,21.16666667,21.16666667,0.00000000
2001-01-11T22:00:00,1,1,11,22,0,0.00000000,21.10000000,21.10000000,0.00000000
2001-01-11T22:10:00,1,1,11,22,10,0.00000000,21.00000000,21.00000000,0.00000000
2001-01-11T22:20:00,1,1,11,22,20,0.00000000,20.90000000,20.90000000,0.00000000
2001-01-11T22:30:00,1,1,11,22,30,0.00000000,20.80000000,20.80000000,0.00000000
2001-01-11T22:40:00,1,1,11,22,40,0.00000000,20.70000000,20.70000000,0.00000000
2001-01-11T22:50:00,1,1,11,22,50,0.00000000,20.60000000,20.60000000,0.00000000
2001-01-11T23:00:00,1,1,11,23,0,0.00000000,20.50000000,20.50000000,0.00000000
2001-01-11T23:10:00,1,1,11,23,10,0.00000000,20.41666667,20.41666667,0.00000000
2001-01-11T23:20:00,1,1,11,23,20,0.00000000,20.33333333,20.33333333,0.00000000
2001-01-11T23:30:00,1,1,11,23,30,0.00000000,20.25000000,20.25000000,0.00000000
2001-01-11T23:40:00,1,1,11,23,40,0.00000000,20.16666667,20.16666667,0.00000000
2001-01-11T23:50:00,1,1,11,23,50,0.00000000,20.08333333,20.08333333,0.00000000
2001-01-12T00:00:00,1,1,12,0,0,0.00000000,20.00000000,20.00000000,0.00000000
2001-01-12T00:10:00,1,1,12,0,10,0.00000000,19.95000000,19.95000000,0.00000000
2001-01-12T00:20:00,1,1,12,0,20,0.00000000,19.90000000,19.90000000,0.00000000
2001-01-12T00:30:00,1,1,12,0,30,0.00000000,19.85000000,19.85000000,0.00000000
2001-01-12T00:40:00,1,1,12,0,40,0.00000000,19.80000000,19.80000000,0.00000000
2001-01-12T00:50:00,1,1,12,0,50,0.00000000,19.75000000,19.75000000,0.00000000
2001-01-12T01:00:00,1,1,12,1,0,0.00000000,19.70000000,19.70000000,0.00000000
2001-01-12T01:10:00,1,1,12,1,10,0.00000000,19.65000000,19.65000000,0.00000000
2001-01-12T01:20:00,1,1,12,1,20,0.00000000,19.60000000,19.60000000,0.00000000
2001-01-12T01:30:00,1,1,12,1,30,0.00000000,19.55000000,19.55000000,0.00000000
2001-01-12T01:40:00,1,1,12,1,40,0.00000000,19.50000000,19.50000000,0.00000000
2001-01-12T01:50:00,1,1,12,1,50,0.00000000,19.45000000,19.45000000,0.00000000
2001-01-12T02:00:00,1,1,12,2,0,0.00000000,19.40000000,19.40000000,0.00000000
2001-01-12T02:10:00,1,1,12,2,10,0.00000000,19.31666667,19.31666667,0.00000000
2001-01-12T02:20:00,1,1,12,2,20,0.00000000,19.23333333,19.23333333,0.00000000
2001-01-12T02:30:00,1,1,12,2,30,0.00000000,19.15000000,19.15000000,0.00000000
2001-01-12T02:40:00,1,1,12,2,40,0.00000000,19.06666667,19.06666667,0.00000000
2001-01-12T02:50:00,1,1,12,2,50,0.00000000,18.98333333,18.98333333,0.00000000
2001-01-12T03:00:00,1,1,12,3,0,0.00000000,18.90000000,18.90000000,0.00000000
2001-01-12T03:10:00,1,1,12,3,10,0.00000000,18.88333333,18.88333333,0.00000000
2001-01-12T03:20:00,1,1,12,3,20,0.00000000,18.86666667,18.86666667,0.00000000
2001-01-12T03:30:00,1,1,12,3,30,0.00000000,18.85000000,18.85000000,0.00000000
2001-01-12T03:40:00,1,1,12,3,40,0.00000000,18.83333333,18.83333333,0.00000000
2001-01-12T03:50:00,1,1,12,3,50,0.00000000,18.81666667,18.81666667,0.00000000
2001-01-12T04:00:00,1,1,12,4,0,0.00000000,18.80000000,18.80000000,0.00000000
2001-01-12T04:10:00,1,1,12,4,10,0.00516667,18.70000000,18.88083333,0.00531210
2001-01-12T04:20:00,1,1,12,4,20,0.01033333,18.60000000,18.96166667,0.01062036
2001-01-12T04:30:00,1,1,12,4,30,0.01550000,18.50000000,19.04250000,0.01592477
2001-01-12T04:40:00,1,1,12,4,40,0.02066667,18.40000000,19.12333333,0.02122534
2001-01-12T04:50:00,1,1,12,4,50,0.02583333,18.30000000,19.20416667,0.02652207
2001-01-12T05:00:00,1,1,12,5,0,0.03100000,18.20000000,19.28500000,0.03181496
2001-01-12T05:10:00,1,1,12,5,10,0.06433333,18.51666667,20.76833333,0.06558562
2001-01-12T05:20:00,1,1,12,5,20,0.09766667,18.83333333,22.25166667,0.09890140
2001-01-12T05:30:00,1,1,12,5,30,0.13100000,19.15000000,23.73500000,0.13176229
2001-01-12T05:40:00,1,1,12,5,40,0.16433333,19.46666667,25.21833333,0.16416829
2001-01-12T05:50:00,1,1,12,5,50,0.19766667,19.78333333,26.70166667,0.19611940
2001-01-12T06:00:00,1,1,12,6,0,0.23100000,20.10000000,28.18500000,0.22761562
2001-01-12T06:10:00,1,1,12,6,10,0.25483333,20.30000000,29.21916667,0.24988749
2001-01-12T06:20:00,1,1,12,6,20,0.27866667,20.50000000,30.25333333,0.27193259
2001-01-12T06:30:00,1,1,12,6,30,0.30250000,20.70000000,31.28750000,0.29375094
2001-01-12T06:40:00,1,1,12,6,40,0.32633333,20.90000000,32.32166667,0.31534254
2001-01-12T06:50:00,1,1,12,6,50,0.35016667,21.10000000,33.35583333,0.33670737
2001-01-12T07:00:00,1,1,12,7,0,0.37400000,21.30000000,34.39000000,0.35784544
2001-01-12T07:10:00,1,1,12,7,10,0.40166667,21.50000000,35.55833333,0.38215839
2001-01-12T07:20:00,1,1,12,7,20,0.42933333,21.70000000,36.72666667,0.40617395
2001-01-12T07:30:00,1,1,12,7,30,0.45700000,21.90000000,37.89500000,0.42989213
2001-01-12T07:40:00,1,1,12,7,40,0.48466667,22.10000000,39.06333333,0.45331293
2001-01-12T07:50:00,1,1,12,7,50,0.51233333,22.30000000,40.23166667,0.47643636
2001-01-12T08:00:00,1,1,12,8,0,0.54000000,22.50000000,41.40000000,0.49926240
2001-01-12T08:10:00,1,1,12,8,10,0.57016667,22.85000000,42.80583333,0.52346612
2001-01-12T08:20:00,1,1,12,8,20,0.60033333,23.20000000,44.21166667,0.54727968
2001-01-12T08:30:00,1,1,12,8,30,0.63050000,23.55000000,45.61750000,0.57070306
2001-01-12T08:40:00,1,1,12,8,40,0.66066667,23.90000000,47.02333333,0.59373629
2001-01-12T08:50:00,1,1,12,8,50,0.69083333,24.25000000,48.42916667,0.61637935
2001-01-12T09:00:00,1,1,12,9,0,0.72100000,24.60000000,49.83500000,0.63863224
2001-01-12T09:10:00,1,1,12,9,10,0.76600000,24.86666667,51.67666667,0.67200210
2001-01-12T09:20:00,1,1,12,9,20,0.81100000,25.13333333,53.51833333,0.70460951
2001-01-12T09:30:00,1,1,12,9,30,0.85600000,25.40000000,55.36000000,0.73645446
2001-01-12T09:40:00,1,1,12,9,40,0.90100000,25.66666667,57.20166667,0.76753697
2001-01-12T09:50:00,1,1,12,9,50,0.94600000,25.93333333,59.04333333,0.79785703
2001-01-12T10:00:00,1,1,12,10,0,0.99100000,26.20000000,60.88500000,0.82741464
2001-01-12T10:10:00,1,1,12,10,10,0.99183333,26.46666667,61.18083333,0.82676069
2001-01-12T10:20:00,1,1,12,10,20,0.99266667,26.73333333,61.47666667,0.82610448
2001-01-12T10:30:00,1,1,12,10,30,0.99350000,27.00000000,61.77250000,0.82544600
2001-01-12T10:40:00,1,1,12,10,40,0.99433333,27.26666667,62.06833333,0.82478525
2001-01-12T10:50:00,1,1,12,10,50,0.99516667,27.53333333,62.36416667,0.82412223
2001-01-12T11:00:00,1,1,12,11,0,0.99600000,27.80000000,62.66000000,0.82345694
2001-01-12T11:10:00,1,1,12,11,10,1.00866667,27.93333333,63.23666667,0.83125363
2001-01-12T11:20:00,1,1,12,11,20,1.02133333,28.06666667,63.81333333,0.83898312
2001-01-12T11:30:00,1,1,12,11,30,1.03400000,28.20000000,64.39000000,0.84664540
2001-01-12T11:40:00,1,1,12,11,40,1.04666667,28.33333333,64.96666667,0.85424049
2001-01-12T11:50:00,1,1,12,11,50,1.05933333,28.46666667,65.54333333,0.86176837
2001-01-12T12:00:00,1,1,12,12,0,1.07200000,28.60000000,66.12000000,0.86922906
2001-01-12T12:10:00,1,1,12,12,10,1.03366667,28.66666667,64.84500000,0.84420900
2001-01-12T12:20:00,1,1,12,12,20,0.99533333,28.73333333,63.57000000,0.81873930
2001-01-12T12:30:00,1,1,12,12,30,0.95700000,28.80000000,62.29500000,0.79281995
2001-01-12T12:40:00,1,1,12,12,40,0.91866667,28.86666667,61.02000000,0.76645095
2001-01-12T12:50:00,1,1,12,12,50,0.88033333,28.93333333,59.74500000,0.73963230
2001-01-12T13:00:00,1,1,12,13,0,0.84200000,29.00000000,58.47000000,0.71236400
2001-01-12T13:10:00,1,1,12,13,10,0.84316667,28.81666667,58.32750000,0.71390374
2001-01-12T13:20:00,1,1,12,13,20,0.84433333,28.63333333,58.18500000,0.71544501
2001-01-12T13:30:00,1,1,12,13,30,0.84550000,28.45000000,58.04250000,0.71698780
2001-01-12T13:40:00,1,1,12,13,40,0.84666667,28.26666667,57.90000000,0.71853213
2001-01-12T13:50:00,1,1,12,13,50,0.84783333,28.08333333,57.75750000,0.72007799
2001-01-12T14:00:00,1,1,12,14,0,0.84900000,27.90000000,57.61500000,0.72162538
2001-01-12T14:10:00,1,1,12,14,10,0.82250000,27.80000000,56.58750000,0.70298869
2001-01-12T14:20:00,1,1,12,14,20,0.79600000,27.70000000,55.56000000,0.68410150
2001-01-12T14:30:00,1,1,12,14,30,0.76950000,27.60000000,54.53250000,0.66496381
2001-01-12T14:40:00,1,1,12,14,40,0.74300000,27.50000000,53.50500000,0.64557561
2001-01-12T14:50:00,1,1,12,14,50,0.71650000,27.40000000,52.47750000,0.62593691
2001-01-12T15:00:00,1,1,12,15,0,0.69000000,27.30000000,51.45000000,0.60604770
2001-01-12T15:10:00,1,1,12,15,10,0.64683333,27.28333333,49.92250000,0.57267810
2001-01-12T15:20:00,1,1,12,15,20,0.60366667,27.26666667,48.39500000,0.53870187
2001-01-12T15:30:00,1,1,12,15,30,0.56050000,27.25000000,46.86750000,0.50411902
2001-01-12T15:40:00,1,1,12,15,40,0.51733333,27.23333333,45.34000000,0.46892956
2001-01-12T15:50:00,1,1,12,15,50,0.47416667,27.21666667,43.81250000,0.43313347
2001-01-12T16:00:00,1,1,12,16,0,0.43100000,27.20000000,42.28500000,0.39673076
2001-01-12T16:10:00,1,1,12,16,10,0.39750000,26.83333333,40.74583333,0.36870874
2001-01-12T16:20:00,1,1,12,16,20,0.36400000,26.46666667,39.20666667,0.34021236
2001-01-12T16:30:00,1,1,12,16,30,0.33050000,26.10000000,37.66750000,0.31124160
2001-01-12T16:40:00,1,1,12,16,40,0.29700000,25.73333333,36.12833333,0.28179647
2001-01-12T16:50:00,1,1,12,16,50,0.26350000,25.36666667,34.58916667,0.25187697
2001-01-12T17:00:00,1,1,12,17,0,0.23000000,25.00000000,33.05000000,0.22148310
2001-01-12T17:10:00,1,1,12,17,10,0.19783333,24.75000000,31.67416667,0.19175962
2001-01-12T17:20:00,1,1,12,17,20,0.16566667,24.50000000,30.29833333,0.16162898
2001-01-12T17:30:00,1,1,12,17,30,0.13350000,24.25000000,28.92250000,0.13109119
2001-01-12T17:40:00,1,1,12,17,40,0.10133333,24.00000000,27.54666667,0.10014625
2001-01-12T17:50:00,1,1,12,17,50,0.06916667,23.75000000,26.17083333,0.06879415
2001-01-12T18:00:00,1,1,12,18,0,0.03700000,23.50000000,24.79500000,0.03703489
2001-01-12T18:10:00,1,1,12,18,10,0.03083333,23.25000000,24.32916667,0.03092848
2001-01-12T18:20:00,1,1,12,18,20,0.02466667,23.00000000,23.86333333,0.02479564
2001-01-12T18:30:00,1,1,12,18,30,0.01850000,22.75000000,23.39750000,0.01863637
2001-01-12T18:40:00,1,1,12,18,40,0.01233333,22.50000000,22.93166667,0.01245068
2001-01-12T18:50:00,1,1,12,18,50,0.00616667,22.25000000,22.46583333,0.00623855
2001-01-12T19:00:00,1,1,12,19,0,0.00000000,22.00000000,22.00000000,0.00000000
2001-01-12T19:10:00,1,1,12,19,10,0.00000000,21.86666667,21.86666667,0.00000000
2001-01-12T19:20:00,1,1,12,19,20,0.00000000,21.73333333,21.73333333,0.00000000
2001-01-12T19:30:00,1,1,12,19,30,0.00000000,21.60000000,21.60000000,0.00000000
2001-01-12T19:40:00,1,1,12,19,40,0.00000000,21.46666667,21.46666667,0.00000000
2001-01-12T19:50:00,1,1,12,19,50,0.00000000,21.33333333,21.33333333,0.00000000
2001-01-12T20:00:00,1,1,12,20,0,0.00000000,21.20000000,21.20000000,0.00000000
2001-01-12T20:10:00,1,1,12,20,10,0.00000000,21.13333333,21.13333333,0.00000000
2001-01-12T20:20:00,1,1,12,20,20,0.00000000,21.06666667,21.06666667,0.00000000
2001-01-12T20:30:00,1,1,12,20,30,0.00000000,21.00000000,21.00000000,0.00000000
2001-01-12T20:40:00,1,1,12,20,40,0.00000000,20.93333333,20.93333333,0.00000000
2001-01-12T20:50:00,1,1,12,20,50,0.00000000,20.86666667,20.86666667,0.00000000
2001-01-12T21:00:00,1,1,12,21,0,0.00000000,20.80000000,20.80000000,0.00000000
2001-01-12T21:10:00,1,1,12,21,10,0.00000000,20.81666667,20.81666667,0.00000000
2001-01-12T21:20:00,1,1,12,21,20,0.00000000,20.83333333,20.83333333,0.00000000
2001-01-12T21:30:00,1,1,12,21,30,0.00000000,20.85000000,20.85000000,0.00000000
2001-01-12T21:40:00,1,1,12,21,40,0.00000000,20.86666667,20.86666667,0.00000000
2001-01-12T21:50:00,1,1,12,21,50,0.00000000,20.88333333,20.88333333,0.00000000
2001-01-12T22:00:00,1,1,12,22,0,0.00000000,20.90000000,20.90000000,0.00000000
2001-01-12T22:10:00,1,1,12,22,10,0.00000000,20.68333333,20.68333333,0.00000000
2001-01-12T22:20:00,1,1,12,22,20,0.00000000,20.46666667,20.46666667,0.00000000
2001-01-12T22:30:00,1,1,12,22,30,0.00000000,20.25000000,20.25000000,0.00000000
2001-01-12T22:40:00,1,1,12,22,40,0.00000000,20.03333333,20.03333333,0.00000000
2001-01-12T22:50:00,1,1,12,22,50,0.00000000,19.81666667,19.81666667,0.00000000
2001-01-12T23:00:00,1,1,12,23,0,0.00000000,19.60000000,19.60000000,0.00000000
2001-01-12T23:10:00,1,1,12,23,10,0.00000000,19.73333333,19.73333333,0.00000000
2001-01-12T23:20:00,1,1,12,23,20,0.00000000,19.86666667,19.86666667,0.00000000
2001-01-12T23:30:00,1,1,12,23,30,0.00000000,20.00000000,20.00000000,0.00000000
2001-01-12T23:40:00,1,1,12,23,40,0.00000000,20.13333333,20.13333333,0.00000000
2001-01-12T23:50:00,1,1,12,23,50,0.00000000,20.26666667,20.26666667,0.00000000
2001-01-13T00:00:00,1,1,13,0,0,0.00000000,20.40000000,20.40000000,0.00000000
2001-01-13T00:10:00,1,1,13,0,10,0.00000000,20.40000000,20.40000000,0.00000000
2001-01-13T00:20:00,1,1,13,0,20,0.00000000,20.40000000,20.40000000,0.00000000
2001-01-13T00:30:00,1,1,13,0,30,0.00000000,20.40000000,20.40000000,0.00000000
2001-01-13T00:40:00,1,1,13,0,40,0.00000000,20.40000000,20.40000000,0.00000000
2001-01-13T00:50:00,1,1,13,0,50,0.00000000,20.40000000,20.40000000,0.00000000
2001-01-13T01:00:00,1,1,13,1,0,0.00000000,20.40000000,20.40000000,0.00000000
2001-01-13T01:10:00,1,1,13,1,10,0.00000000,20.30000000,20.30000000,0.00000000
2001-01-13T01:20:00,1,1,13,1,20,0.00000000,20.20000000,20.20000000,0.00000000
2001-01-13T01:30:00,1,1,13,1,30,0.00000000,20.10000000,20.10000000,0.00000000
2001-01-13T01:40:00,1,1,13,1,40,0.00000000,20.00000000,20.00000000,0.00000000
2001-01-13T01:50:00,1,1,13,1,50,0.00000000,19.90000000,19.90000000,0.00000000
2001-01-13T02:00:00,1,1,13,2,0,0.00000000,19.80000000,19.80000000,0.00000000
2001-01-13T02:10:00,1,1,13,2,10,0.00000000,19.70000000,19.70000000,0.00000000
2001-01-13T02:20:00,1,1,13,2,20,0.00000000,19.60000000,19.60000000,0.00000000
2001-01-13T02:30:00,1,1,13,2,30,0.00000000,19.50000000,19.50000000,0.00000000
2001-01-13T02:40:00,1,1,13,2,40,0.00000000,19.40000000,19.40000000,0.00000000
2001-01-13T02:50:00,1,1,13,2,50,0.00000000,19.30000000,19.30000000,0.00000000
2001-01-13T03:00:00,1,1,13,3,0,0.00000000,19.20000000,19.20000000,0.00000000
2001-01-13T03:10:00,1,1,13,3,10,0.00000000,19.16666667,19.16666667,0.00000000
2001-01-13T03:20:00,1,1,13,3,20,0.00000000,19.13333333,19.13333333,0.00000000
2001-01-13T03:30:00,1,1,13,3,30,0.00000000,19.10000000,19.10000000,0.00000000
2001-01-13T03:40:00,1,1,13,3,40,0.00000000,19.06666667,19.06666667,0.00000000
2001-01-13T03:50:00,1,1,13,3,50,0.00000000,19.03333333,19.03333333,0.00000000
2001-01-13T04:00:00,1,1,13,4,0,0.00000000,19.00000000,19.00000000,0.00000000
2001-01-13T04:10:00,1,1,13,4,10,0.00300000,19.05000000,19.15500000,0.00308066
2001-01-13T04:20:00,1,1,13,4,20,0.00600000,19.10000000,19.31000000,0.00615704
2001-01-13T04:30:00,1,1,13,4,30,0.00900000,19.15000000,19.46500000,0.00922915
2001-01-13T04:40:00,1,1,13,4,40,0.01200000,19.20000000,19.62000000,0.01229698
2001-01-13T04:50:00,1,1,13,4,50,0.01500000,19.25000000,19.77500000,0.01536052
2001-01-13T05:00:00,1,1,13,5,0,0.01800000,19.30000000,19.93000000,0.01841980
2001-01-13T05:10:00,1,1,13,5,10,0.02500000,19.45000000,20.32500000,0.02553763
2001-01-13T05:20:00,1,1,13,5,20,0.03200000,19.60000000,20.72000000,0.03263002
2001-01-13T05:30:00,1,1,13,5,30,0.03900000,19.75000000,21.11500000,0.03969697
2001-01-13T05:40:00,1,1,13,5,40,0.04600000,19.90000000,21.51000000,0.04673848
2001-01-13T05:50:00,1,1,13,5,50,0.05300000,20.05000000,21.90500000,0.05375456
2001-01-13T06:00:00,1,1,13,6,0,0.06000000,20.20000000,22.30000000,0.06074520
2001-01-13T06:10:00,1,1,13,6,10,0.09200000,20.25000000,23.47000000,0.09264750
2001-01-13T06:20:00,1,1,13,6,20,0.12400000,20.30000000,24.64000000,0.12420534
2001-01-13T06:30:00,1,1,13,6,30,0.15600000,20.35000000,25.81000000,0.15541874
2001-01-13T06:40:00,1,1,13,6,40,0.18800000,20.40000000,26.98000000,0.18628770
2001-01-13T06:50:00,1,1,13,6,50,0.22000000,20.45000000,28.15000000,0.21681220
2001-01-13T07:00:00,1,1,13,7,0,0.25200000,20.50000000,29.32000000,0.24699226
2001-01-13T07:10:00,1,1,13,7,10,0.28383333,20.81666667,30.75083333,0.27632485
2001-01-13T07:20:00,1,1,13,7,20,0.31566667,21.13333333,32.18166667,0.30523841
2001-01-13T07:30:00,1,1,13,7,30,0.34750000,21.45000000,33.61250000,0.33373292
2001-01-13T07:40:00,1,1,13,7,40,0.37933333,21.76666667,35.04333333,0.36180839
2001-01-13T07:50:00,1,1,13,7,50,0.41116667,22.08333333,36.47416667,0.38946481
2001-01-13T08:00:00,1,1,13,8,0,0.44300000,22.40000000,37.90500000,0.41670219
2001-01-13T08:10:00,1,1,13,8,10,0.41850000,22.73333333,37.38083333,0.39466566
2001-01-13T08:20:00,1,1,13,8,20,0.39400000,23.06666667,36.85666667,0.37251098
2001-01-13T08:30:00,1,1,13,8,30,0.36950000,23.40000000,36.33250000,0.35023815
2001-01-13T08:40:00,1,1,13,8,40,0.34500000,23.73333333,35.80833333,0.32784717
2001-01-13T08:50:00,1,1,13,8,50,0.32050000,24.06666667,35.28416667,0.30533805
2001-01-13T09:00:00,1,1,13,9,0,0.29600000,24.40000000,34.76000000,0.28271078
2001-01-13T09:10:00,1,1,13,9,10,0.36766667,24.33333333,37.20166667,0.34703039
2001-01-13T09:20:00,1,1,13,9,20,0.43933333,24.26666667,39.64333333,0.40974013
2001-01-13T09:30:00,1,1,13,9,30,0.51100000,24.20000000,42.08500000,0.47084000
2001-01-13T09:40:00,1,1,13,9,40,0.58266667,24.13333333,44.52666667,0.53032999
2001-01-13T09:50:00,1,1,13,9,50,0.65433333,24.06666667,46.96833333,0.58821011
2001-01-13T10:00:00,1,1,13,10,0,0.72600000,24.00000000,49.41000000,0.64448036
2001-01-13T10:10:00,1,1,13,10,10,0.73933333,24.36666667,50.24333333,0.65348244
2001-01-13T10:20:00,1,1,13,10,20,0.75266667,24.73333333,51.07666667,0.66238229
2001-01-13T10:30:00,1,1,13,10,30,0.76600000,25.10000000,51.91000000,0.67117992
2001-01-13T10:40:00,1,1,13,10,40,0.77933333,25.46666667,52.74333333,0.67987533
2001-01-13T10:50:00,1,1,13,10,50,0.79266667,25.83333333,53.57666667,0.68846852
2001-01-13T11:00:00,1,1,13,11,0,0.80600000,26.20000000,54.41000000,0.69695948
2001-01-13T11:10:00,1,1,13,11,10,0.80150000,26.35000000,54.40250000,0.69309592
2001-01-13T11:20:00,1,1,13,11,20,0.79700000,26.50000000,54.39500000,0.68923205
2001-01-13T11:30:00,1,1,13,11,30,0.79250000,26.65000000,54.38750000,0.68536787
2001-01-13T11:40:00,1,1,13,11,40,0.78800000,26.80000000,54.38000000,0.68150338
2001-01-13T11:50:00,1,1,13,11,50,0.78350000,26.95000000,54.37250000,0.67763857
2001-01-13T12:00:00,1,1,13,12,0,0.77900000,27.10000000,54.36500000,0.67377346
2001-01-13T12:10:00,1,1,13,12,10,0.70400000,27.06666667,51.70666667,0.61751313
2001-01-13T12:20:00,1,1,13,12,20,0.62900000,27.03333333,49.04833333,0.55941855
2001-01-13T12:30:00,1,1,13,12,30,0.55400000,27.00000000,46.39000000,0.49948972
2001-01-13T12:40:00,1,1,13,12,40,0.47900000,26.96666667,43.73166667,0.43772665
2001-01-13T12:50:00,1,1,13,12,50,0.40400000,26.93333333,41.07333333,0.37412932
2001-01-13T13:00:00,1,1,13,13,0,0.32900000,26.90000000,38.41500000,0.30869774
2001-01-13T13:10:00,1,1,13,13,10,0.38000000,26.48333333,39.78333333,0.35415873
2001-01-13T13:20:00,1,1,13,13,20,0.43100000,26.06666667,41.15166667,0.39897771
2001-01-13T13:30:00,1,1,13,13,30,0.48200000,25.65000000,42.52000000,0.44315466
2001-01-13T13:40:00,1,1,13,13,40,0.53300000,25.23333333,43.88833333,0.48668958
2001-01-13T13:50:00,1,1,13,13,50,0.58400000,24.81666667,45.25666667,0.52958249
2001-01-13T14:00:00,1,1,13,14,0,0.63500000,24.40000000,46.62500000,0.57183337
2001-01-13T14:10:00,1,1,13,14,10,0.57250000,24.75000000,44.78750000,0.52038962
2001-01-13T14:20:00,1,1,13,14,20,0.51000000,25.10000000,42.95000000,0.46788930
2001-01-13T14:30:00,1,1,13,14,30,0.44750000,25.45000000,41.11250000,0.41433242
2001-01-13T14:40:00,1,1,13,14,40,0.38500000,25.80000000,39.27500000,0.35971897
2001-01-13T14:50:00,1,1,13,14,50,0.32250000,26.15000000,37.43750000,0.30404897
2001-01-13T15:00:00,1,1,13,15,0,0.26000000,26.50000000,35.60000000,0.24732240
2001-01-13T15:10:00,1,1,13,15,10,0.26383333,26.05000000,35.28416667,0.25135213
2001-01-13T15:20:00,1,1,13,15,20,0.26766667,25.60000000,34.96833333,0.25539299
2001-01-13T15:30:00,1,1,13,15,30,0.27150000,25.15000000,34.65250000,0.25944499
2001-01-13T15:40:00,1,1,13,15,40,0.27533333,24.70000000,34.33666667,0.26350813
2001-01-13T15:50:00,1,1,13,15,50,0.27916667,24.25000000,34.02083333,0.26758241
2001-01-13T16:00:00,1,1,13,16,0,0.28300000,23.80000000,33.70500000,0.27166783
2001-01-13T16:10:00,1,1,13,16,10,0.24866667,23.90000000,32.60333333,0.23996947
2001-01-13T16:20:00,1,1,13,16,20,0.21433333,24.00000000,31.50166667,0.20792312
2001-01-13T16:30:00,1,1,13,16,30,0.18000000,24.10000000,30.40000000,0.17552880
2001-01-13T16:40:00,1,1,13,16,40,0.14566667,24.20000000,29.29833333,0.14278650
2001-01-13T16:50:00,1,1,13,16,50,0.11133333,24.30000000,28.19666667,0.10969621
2001-01-13T17:00:00,1,1,13,17,0,0.07700000,24.40000000,27.09500000,0.07625795
2001-01-13T17:10:00,1,1,13,17,10,0.06766667,24.15000000,26.51833333,0.06719406
2001-01-13T17:20:00,1,1,13,17,20,0.05833333,23.90000000,25.94166667,0.05808065
2001-01-13T17:30:00,1,1,13,17,30,0.04900000,23.65000000,25.36500000,0.04891773
2001-01-13T17:40:00,1,1,13,17,40,0.03966667,23.40000000,24.78833333,0.03970529
2001-01-13T17:50:00,1,1,13,17,50,0.03033333,23.15000000,24.21166667,0.03044333
2001-01-13T18:00:00,1,1,13,18,0,0.02100000,22.90000000,23.63500000,0.02113186
2001-01-13T18:10:00,1,1,13,18,10,0.01750000,22.75000000,23.36250000,0.01763182
2001-01-13T18:20:00,1,1,13,18,20,0.01400000,22.60000000,23.09000000,0.01412300
2001-01-13T18:30:00,1,1,13,18,30,0.01050000,22.45000000,22.81750000,0.01060541
2001-01-13T18:40:00,1,1,13,18,40,0.00700000,22.30000000,22.54500000,0.00707905
2001-01-13T18:50:00,1,1,13,18,50,0.00350000,22.15000000,22.27250000,0.00354391
2001-01-13T19:00:00,1,1,13,19,0,0.00000000,22.00000000,22.00000000,0.00000000
2001-01-13T19:10:00,1,1,13,19,10,0.00000000,21.85000000,21.85000000,0.00000000
2001-01-13T19:20:00,1,1,13,19,20,0.00000000,21.70000000,21.70000000,0.00000000
2001-01-13T19:30:00,1,1,13,19,30,0.00000000,21.55000000,21.55000000,0.00000000
2001-01-13T19:40:00,1,1,13,19,40,0.00000000,21.40000000,21.40000000,0.00000000
2001-01-13T19:50:00,1,1,13,19,50,0.00000000,21.25000000,21.25000000,0.00000000
2001-01-13T20:00:00,1,1,13,20,0,0.00000000,21.10000000,21.10000000,0.00000000
2001-01-13T20:10:00,1,1,13,20,10,0.00000000,21.00000000,21.00000000,0.00000000
2001-01-13T20:20:00,1,1,13,20,20,0.00000000,20.90000000,20.90000000,0.00000000
2001-01-13T20:30:00,1,1,13,20,30,0.00000000,20.80000000,20.80000000,0.00000000
2001-01-13T20:40:00,1,1,13,20,40,0.00000000,20.70000000,20.70000000,0.00000000
2001-01-13T20:50:00,1,1,13,20,50,0.00000000,20.60000000,20.60000000,0.00000000
2001-01-13T21:00:00,1,1,13,21,0,0.00000000,20.50000000,20.50000000,0.00000000
2001-01-13T21:10:00,1,1,13,21,10,0.00000000,20.58333333,20.58333333,0.00000000
2001-01-13T21:20:00,1,1,13,21,20,0.00000000,20.66666667,20.66666667,0.00000000
2001-01-13T21:30:00,1,1,13,21,30,0.00000000,20.75000000,20.75000000,0.00000000
2001-01-13T21:40:00,1,1,13,21,40,0.00000000,20.83333333,20.83333333,0.00000000
2001-01-13T21:50:00,1,1,13,21,50,0.00000000,20.91666667,20.91666667,0.00000000
2001-01-13T22:00:00,1,1,13,22,0,0.00000000,21.00000000,21.00000000,0.00000000
2001-01-13T22:10:00,1,1,13,22,10,0.00000000,20.85000000,20.85000000,0.00000000
2001-01-13T22:20:00,1,1,13,22,20,0.00000000,20.70000000,20.70000000,0.00000000
2001-01-13T22:30:00,1,1,13,22,30,0.00000000,20.55000000,20.55000000,0.00000000
2001-01-13T22:40:00,1,1,13,22,40,0.00000000,20.40000000,20.40000000,0.00000000
2001-01-13T22:50:00,1,1,13,22,50,0.00000000,20.25000000,20.25000000,0.00000000
2001-01-13T23:00:00,1,1,13,23,0,0.00000000,20.10000000,20.10000000,0.00000000
2001-01-13T23:10:00,1,1,13,23,10,0.00000000,20.01666667,20.01666667,0.00000000
2001-01-13T23:20:00,1,1,13,23,20,0.00000000,19.93333333,19.93333333,0.00000000
2001-01-13T23:30:00,1,1,13,23,30,0.00000000,19.85000000,19.85000000,0.00000000
2001-01-13T23:40:00,1,1,13,23,40,0.00000000,19.76666667,19.76666667,0.00000000
2001-01-13T23:50:00,1,1,13,23,50,0.00000000,19.68333333,19.68333333,0.00000000
2001-01-14T00:00:00,1,1,14,0,0,0.00000000,19.60000000,19.60000000,0.00000000
2001-01-14T00:10:00,1,1,14,0,10,0.00000000,19.46666667,19.46666667,0.00000000
2001-01-14T00:20:00,1,1,14,0,20,0.00000000,19.33333333,19.33333333,0.00000000
2001-01-14T00:30:00,1,1,14,0,30,0.00000000,19.20000000,19.20000000,0.00000000
2001-01-14T00:40:00,1,1,14,0,40,0.00000000,19.06666667,19.06666667,0.00000000
2001-01-14T00:50:00,1,1,14,0,50,0.00000000,18.93333333,18.93333333,0.00000000
2001-01-14T01:00:00,1,1,14,1,0,0.00000000,18.80000000,18.80000000,0.00000000
2001-01-14T01:10:00,1,1,14,1,10,0.00000000,18.86666667,18.86666667,0.00000000
2001-01-14T01:20:00,1,1,14,1,20,0.00000000,18.93333333,18.93333333,0.00000000
2001-01-14T01:30:00,1,1,14,1,30,0.00000000,19.00000000,19.00000000,0.00000000
2001-01-14T01:40:00,1,1,14,1,40,0.00000000,19.06666667,19.06666667,0.00000000
2001-01-14T01:50:00,1,1,14,1,50,0.00000000,19.13333333,19.13333333,0.00000000
2001-01-14T02:00:00,1,1,14,2,0,0.00000000,19.20000000,19.20000000,0.00000000
2001-01-14T02:10:00,1,1,14,2,10,0.00000000,19.10000000,19.10000000,0.00000000
2001-01-14T02:20:00,1,1,14,2,20,0.00000000,19.00000000,19.00000000,0.00000000
2001-01-14T02:30:00,1,1,14,2,30,0.00000000,18.90000000,18.90000000,0.00000000
2001-01-14T02:40:00,1,1,14,2,40,0.00000000,18.80000000,18.80000000,0.00000000
2001-01-14T02:50:00,1,1,14,2,50,0.00000000,18.70000000,18.70000000,0.00000000
2001-01-14T03:00:00,1,1,14,3,0,0.00000000,18.60000000,18.60000000,0.00000000
2001-01-14T03:10:00,1,1,14,3,10,0.00000000,18.53333333,18.53333333,0.00000000
2001-01-14T03:20:00,1,1,14,3,20,0.00000000,18.46666667,18.46666667,0.00000000
2001-01-14T03:30:00,1,1,14,3,30,0.00000000,18.40000000,18.40000000,0.00000000
2001-01-14T03:40:00,1,1,14,3,40,0.00000000,18.33333333,18.33333333,0.00000000
2001-01-14T03:50:00,1,1,14,3,50,0.00000000,18.26666667,18.26666667,0.00000000
2001-01-14T04:00:00,1,1,14,4,0,0.00000000,18.20000000,18.20000000,0.00000000
2001-01-14T04:10:00,1,1,14,4,10,0.00450000,18.21666667,18.37416667,0.00463715
2001-01-14T04:20:00,1,1,14,4,20,0.00900000,18.23333333,18.54833333,0.00926710
2001-01-14T04:30:00,1,1,14,4,30,0.01350000,18.25000000,18.72250000,0.01388983
2001-01-14T04:40:00,1,1,14,4,40,0.01800000,18.26666667,18.89666667,0.01850536
2001-01-14T04:50:00,1,1,14,4,50,0.02250000,18.28333333,19.07083333,0.02311367
2001-01-14T05:00:00,1,1,14,5,0,0.02700000,18.30000000,19.24500000,0.02771477
2001-01-14T05:10:00,1,1,14,5,10,0.05766667,18.46666667,20.48500000,0.05886435
2001-01-14T05:20:00,1,1,14,5,20,0.08833333,18.63333333,21.72500000,0.08966407
2001-01-14T05:30:00,1,1,14,5,30,0.11900000,18.80000000,22.96500000,0.12011396
2001-01-14T05:40:00,1,1,14,5,40,0.14966667,18.96666667,24.20500000,0.15021400
2001-01-14T05:50:00,1,1,14,5,50,0.18033333,19.13333333,25.44500000,0.17996419
2001-01-14T06:00:00,1,1,14,6,0,0.21100000,19.30000000,26.68500000,0.20936454
2001-01-14T06:10:00,1,1,14,6,10,0.24800000,19.55000000,28.23000000,0.24431522
2001-01-14T06:20:00,1,1,14,6,20,0.28500000,19.80000000,29.77500000,0.27873998
2001-01-14T06:30:00,1,1,14,6,30,0.32200000,20.05000000,31.32000000,0.31263882
2001-01-14T06:40:00,1,1,14,6,40,0.35900000,20.30000000,32.86500000,0.34601174
2001-01-14T06:50:00,1,1,14,6,50,0.39600000,20.55000000,34.41000000,0.37885874
2001-01-14T07:00:00,1,1,14,7,0,0.43300000,20.80000000,35.95500000,0.41117983
2001-01-14T07:10:00,1,1,14,7,10,0.43566667,21.15000000,36.39833333,0.41282365
2001-01-14T07:20:00,1,1,14,7,20,0.43833333,21.50000000,36.84166667,0.41445659
2001-01-14T07:30:00,1,1,14,7,30,0.44100000,21.85000000,37.28500000,0.41607865
2001-01-14T07:40:00,1,1,14,7,40,0.44366667,22.20000000,37.72833333,0.41768984
2001-01-14T07:50:00,1,1,14,7,50,0.44633333,22.55000000,38.17166667,0.41929015
2001-01-14T08:00:00,1,1,14,8,0,0.44900000,22.90000000,38.61500000,0.42087958
2001-01-14T08:10:00,1,1,14,8,10,0.46700000,23.05000000,39.39500000,0.43607666
2001-01-14T08:20:00,1,1,14,8,20,0.48500000,23.20000000,40.17500000,0.45114458
2001-01-14T08:30:00,1,1,14,8,30,0.50300000,23.35000000,40.95500000,0.46608332
2001-01-14T08:40:00,1,1,14,8,40,0.52100000,23.50000000,41.73500000,0.48089290
2001-01-14T08:50:00,1,1,14,8,50,0.53900000,23.65000000,42.51500000,0.49557331
2001-01-14T09:00:00,1,1,14,9,0,0.55700000,23.80000000,43.29500000,0.51012455
2001-01-14T09:10:00,1,1,14,9,10,0.57783333,23.95000000,44.17416667,0.52686776
2001-01-14T09:20:00,1,1,14,9,20,0.59866667,24.10000000,45.05333333,0.54344246
2001-01-14T09:30:00,1,1,14,9,30,0.61950000,24.25000000,45.93250000,0.55984865
2001-01-14T09:40:00,1,1,14,9,40,0.64033333,24.40000000,46.81166667,0.57608634
2001-01-14T09:50:00,1,1,14,9,50,0.66116667,24.55000000,47.69083333,0.59215552
2001-01-14T10:00:00,1,1,14,10,0,0.68200000,24.70000000,48.57000000,0.60805620
2001-01-14T10:10:00,1,1,14,10,10,0.75850000,25.00000000,51.54750000,0.66587312
2001-01-14T10:20:00,1,1,14,10,20,0.83500000,25.30000000,54.52500000,0.72159448
2001-01-14T10:30:00,1,1,14,10,30,0.91150000,25.60000000,57.50250000,0.77522027
2001-01-14T10:40:00,1,1,14,10,40,0.98800000,25.90000000,60.48000000,0.82675050
2001-01-14T10:50:00,1,1,14,10,50,1.06450000,26.20000000,63.45750000,0.87618516
2001-01-14T11:00:00,1,1,14,11,0,1.14100000,26.50000000,66.43500000,0.92352426
2001-01-14T11:10:00,1,1,14,11,10,1.06916667,26.90000000,64.32083333,0.87578025
2001-01-14T11:20:00,1,1,14,11,20,0.99733333,27.30000000,62.20666667,0.82663907
2001-01-14T11:30:00,1,1,14,11,30,0.92550000,27.70000000,60.09250000,0.77610070
2001-01-14T11:40:00,1,1,14,11,40,0.85366667,28.10000000,57.97833333,0.72416515
2001-01-14T11:50:00,1,1,14,11,50,0.78183333,28.50000000,55.86416667,0.67083242
2001-01-14T12:00:00,1,1,14,12,0,0.71000000,28.90000000,53.75000000,0.61610250
2001-01-14T12:10:00,1,1,14,12,10,0.73333333,28.50000000,54.16666667,0.63494444
2001-01-14T12:20:00,1,1,14,12,20,0.75666667,28.10000000,54.58333333,0.65369694
2001-01-14T12:30:00,1,1,14,12,30,0.78000000,27.70000000,55.00000000,0.67236000
2001-01-14T12:40:00,1,1,14,12,40,0.80333333,27.30000000,55.41666667,0.69093361
2001-01-14T12:50:00,1,1,14,12,50,0.82666667,26.90000000,55.83333333,0.70941778
2001-01-14T13:00:00,1,1,14,13,0,0.85000000,26.50000000,56.25000000,0.72781250
2001-01-14T13:10:00,1,1,14,13,10,0.82616667,26.63333333,55.54916667,0.71006863
2001-01-14T13:20:00,1,1,14,13,20,0.80233333,26.76666667,54.84833333,0.69217109
2001-01-14T13:30:00,1,1,14,13,30,0.77850000,26.90000000,54.14750000,0.67411989
2001-01-14T13:40:00,1,1,14,13,40,0.75466667,27.03333333,53.44666667,0.65591501
2001-01-14T13:50:00,1,1,14,13,50,0.73083333,27.16666667,52.74583333,0.63755647
2001-01-14T14:00:00,1,1,14,14,0,0.70700000,27.30000000,52.04500000,0.61904425
2001-01-14T14:10:00,1,1,14,14,10,0.68783333,27.30000000,51.37416667,0.60438459
2001-01-14T14:20:00,1,1,14,14,20,0.66866667,27.30000000,50.70333333,0.58960664
2001-01-14T14:30:00,1,1,14,14,30,0.64950000,27.30000000,50.03250000,0.57471040
2001-01-14T14:40:00,1,1,14,14,40,0.63033333,27.30000000,49.36166667,0.55969587
2001-01-14T14:50:00,1,1,14,14,50,0.61116667,27.30000000,48.69083333,0.54456305
2001-01-14T15:00:00,1,1,14,15,0,0.59200000,27.30000000,48.02000000,0.52931194
2001-01-14T15:10:00,1,1,14,15,10,0.57000000,27.13333333,47.08333333,0.51209750
2001-01-14T15:20:00,1,1,14,15,20,0.54800000,26.96666667,46.14666667,0.49469348
2001-01-14T15:30:00,1,1,14,15,30,0.52600000,26.80000000,45.21000000,0.47709988
2001-01-14T15:40:00,1,1,14,15,40,0.50400000,26.63333333,44.27333333,0.45931670
2001-01-14T15:50:00,1,1,14,15,50,0.48200000,26.46666667,43.33666667,0.44134394
2001-01-14T16:00:00,1,1,14,16,0,0.46000000,26.30000000,42.40000000,0.42318160
2001-01-14T16:10:00,1,1,14,16,10,0.42116667,26.23333333,40.97416667,0.39021885
2001-01-14T16:20:00,1,1,14,16,20,0.38233333,26.16666667,39.54833333,0.35674669
2001-01-14T16:30:00,1,1,14,16,30,0.34350000,26.10000000,38.12250000,0.32276514
2001-01-14T16:40:00,1,1,14,16,40,0.30466667,26.03333333,36.69666667,0.28827418
2001-01-14T16:50:00,1,1,14,16,50,0.26583333,25.96666667,35.27083333,0.25327382
2001-01-14T17:00:00,1,1,14,17,0,0.22700000,25.90000000,33.84500000,0.21776405
2001-01-14T17:10:00,1,1,14,17,10,0.19450000,25.51666667,32.32416667,0.18794707
2001-01-14T17:20:00,1,1,14,17,20,0.16200000,25.13333333,30.80333333,0.15767536
2001-01-14T17:30:00,1,1,14,17,30,0.12950000,24.75000000,29.28250000,0.12694891
2001-01-14T17:40:00,1,1,14,17,40,0.09700000,24.36666667,27.76166667,0.09576774
2001-01-14T17:50:00,1,1,14,17,50,0.06450000,23.98333333,26.24083333,0.06413184
2001-01-14T18:00:00,1,1,14,18,0,0.03200000,23.60000000,24.72000000,0.03204122
2001-01-14T18:10:00,1,1,14,18,10,0.02666667,23.40000000,24.33333333,0.02674844
2001-01-14T18:20:00,1,1,14,18,20,0.02133333,23.20000000,23.94666667,0.02143670
2001-01-14T18:30:00,1,1,14,18,30,0.01600000,23.00000000,23.56000000,0.01610598
2001-01-14T18:40:00,1,1,14,18,40,0.01066667,22.80000000,23.17333333,0.01075630
2001-01-14T18:50:00,1,1,14,18,50,0.00533333,22.60000000,22.78666667,0.00538763
2001-01-14T19:00:00,1,1,14,19,0,0.00000000,22.40000000,22.40000000,0.00000000
2001-01-14T19:10:00,1,1,14,19,10,0.00000000,22.25000000,22.25000000,0.00000000
2001-01-14T19:20:00,1,1,14,19,20,0.00000000,22.10000000,22.10000000,0.00000000
2001-01-14T19:30:00,1,1,14,19,30,0.00000000,21.95000000,21.95000000,0.00000000
2001-01-14T19:40:00,1,1,14,19,40,0.00000000,21.80000000,21.80000000,0.00000000
2001-01-14T19:50:00,1,1,14,19,50,0.00000000,21.65000000,21.65000000,0.00000000
2001-01-14T20:00:00,1,1,14,20,0,0.00000000,21.50000000,21.50000000,0.00000000
2001-01-14T20:10:00,1,1,14,20,10,0.00000000,21.55000000,21.55000000,0.00000000
2001-01-14T20:20:00,1,1,14,20,20,0.00000000,21.60000000,21.60000000,0.00000000
2001-01-14T20:30:00,1,1,14,20,30,0.00000000,21.65000000,21.65000000,0.00000000
2001-01-14T20:40:00,1,1,14,20,40,0.00000000,21.70000000,21.70000000,0.00000000
2001-01-14T20:50:00,1,1,14,20,50,0.00000000,21.75000000,21.75000000,0.00000000
2001-01-14T21:00:00,1,1,14,21,0,0.00000000,21.80000000,21.80000000,0.00000000
2001-01-14T21:10:00,1,1,14,21,10,0.00000000,21.63333333,21.63333333,0.00000000
2001-01-14T21:20:00,1,1,14,21,20,0.00000000,21.46666667,21.46666667,0.00000000
2001-01-14T21:30:00,1,1,14,21,30,0.00000000,21.30000000,21.30000000,0.00000000
2001-01-14T21:40:00,1,1,14,21,40,0.00000000,21.13333333,21.13333333,0.00000000
2001-01-14T21:50:00,1,1,14,21,50,0.00000000,20.96666667,20.96666667,0.00000000
2001-01-14T22:00:00,1,1,14,22,0,0.00000000,20.80000000,20.80000000,0.00000000
2001-01-14T22:10:00,1,1,14,22,10,0.00000000,20.70000000,20.70000000,0.00000000
2001-01-14T22:20:00,1,1,14,22,20,0.00000000,20.60000000,20.60000000,0.00000000
2001-01-14T22:30:00,1,1,14,22,30,0.00000000,20.50000000,20.50000000,0.00000000
2001-01-14T22:40:00,1,1,14,22,40,0.00000000,20.40000000,20.40000000,0.00000000
2001-01-14T22:50:00,1,1,14,22,50,0.00000000,20.30000000,20.30000000,0.00000000
2001-01-14T23:00:00,1,1,14,23,0,0.00000000,20.20000000,20.20000000,0.00000000
2001-01-14T23:10:00,1,1,14,23,10,0.00000000,20.41666667,20.41666667,0.00000000
2001-01-14T23:20:00,1,1,14,23,20,0.00000000,20.63333333,20.63333333,0.00000000
2001-01-14T23:30:00,1,1,14,23,30,0.00000000,20.85000000,20.85000000,0.00000000
2001-01-14T23:40:00,1,1,14,23,40,0.00000000,21.06666667,21.06666667,0.00000000
2001-01-14T23:50:00,1,1,14,23,50,0.00000000,21.28333333,21.28333333,0.00000000
2001-01-15T00:00:00,1,1,15,0,0,0.00000000,21.50000000,21.50000000,0.00000000
2001-01-15T00:10:00,1,1,15,0,10,0.00000000,21.55000000,21.55000000,0.00000000
2001-01-15T00:20:00,1,1,15,0,20,0.00000000,21.60000000,21.60000000,0.00000000
2001-01-15T00:30:00,1,1,15,0,30,0.00000000,21.65000000,21.65000000,0.00000000
2001-01-15T00:40:00,1,1,15,0,40,0.00000000,21.70000000,21.70000000,0.00000000
2001-01-15T00:50:00,1,1,15,0,50,0.00000000,21.75000000,21.75000000,0.00000000
2001-01-15T01:00:00,1,1,15,1,0,0.00000000,21.80000000,21.80000000,0.00000000
2001-01-15T01:10:00,1,1,15,1,10,0.00000000,21.86666667,21.86666667,0.00000000
2001-01-15T01:20:00,1,1,15,1,20,0.00000000,21.93333333,21.93333333,0.00000000
2001-01-15T01:30:00,1,1,15,1,30,0.00000000,22.00000000,22.00000000,0.00000000
2001-01-15T01:40:00,1,1,15,1,40,0.00000000,22.06666667,22.06666667,0.00000000
2001-01-15T01:50:00,1,1,15,1,50,0.00000000,22.13333333,22.13333333,0.00000000
2001-01-15T02:00:00,1,1,15,2,0,0.00000000,22.20000000,22.20000000,0.00000000
2001-01-15T02:10:00,1,1,15,2,10,0.00000000,22.18333333,22.18333333,0.00000000
2001-01-15T02:20:00,1,1,15,2,20,0.00000000,22.16666667,22.16666667,0.00000000
2001-01-15T02:30:00,1,1,15,2,30,0.00000000,22.15000000,22.15000000,0.00000000
2001-01-15T02:40:00,1,1,15,2,40,0.00000000,22.13333333,22.13333333,0.00000000
2001-01-15T02:50:00,1,1,15,2,50,0.00000000,22.11666667,22.11666667,0.00000000
2001-01-15T03:00:00,1,1,15,3,0,0.00000000,22.10000000,22.10000000,0.00000000
2001-01-15T03:10:00,1,1,15,3,10,0.00000000,22.16666667,22.16666667,0.00000000
2001-01-15T03:20:00,1,1,15,3,20,0.00000000,22.23333333,22.23333333,0.00000000
2001-01-15T03:30:00,1,1,15,3,30,0.00000000,22.30000000,22.30000000,0.00000000
2001-01-15T03:40:00,1,1,15,3,40,0.00000000,22.36666667,22.36666667,0.00000000
2001-01-15T03:50:00,1,1,15,3,50,0.00000000,22.43333333,22.43333333,0.00000000
2001-01-15T04:00:00,1,1,15,4,0,0.00000000,22.50000000,22.50000000,0.00000000
2001-01-15T04:10:00,1,1,15,4,10,0.00116667,22.50000000,22.54083333,0.00117986
2001-01-15T04:20:00,1,1,15,4,20,0.00233333,22.50000000,22.58166667,0.00235929
2001-01-15T04:30:00,1,1,15,4,30,0.00350000,22.50000000,22.62250000,0.00353828
2001-01-15T04:40:00,1,1,15,4,40,0.00466667,22.50000000,22.66333333,0.00471683
2001-01-15T04:50:00,1,1,15,4,50,0.00583333,22.50000000,22.70416667,0.00589494
2001-01-15T05:00:00,1,1,15,5,0,0.00700000,22.50000000,22.74500000,0.00707261
2001-01-15T05:10:00,1,1,15,5,10,0.02300000,22.41666667,23.22166667,0.02318815
2001-01-15T05:20:00,1,1,15,5,20,0.03900000,22.33333333,23.69833333,0.03923352
2001-01-15T05:30:00,1,1,15,5,30,0.05500000,22.25000000,24.17500000,0.05520872
2001-01-15T05:40:00,1,1,15,5,40,0.07100000,22.16666667,24.65166667,0.07111377
2001-01-15T05:50:00,1,1,15,5,50,0.08700000,22.08333333,25.12833333,0.08694864
2001-01-15T06:00:00,1,1,15,6,0,0.10300000,22.00000000,25.60500000,0.10271335
2001-01-15T06:10:00,1,1,15,6,10,0.11383333,22.16666667,26.15083333,0.11323072
2001-01-15T06:20:00,1,1,15,6,20,0.12466667,22.33333333,26.69666667,0.12369368
2001-01-15T06:30:00,1,1,15,6,30,0.13550000,22.50000000,27.24250000,0.13410225
2001-01-15T06:40:00,1,1,15,6,40,0.14633333,22.66666667,27.78833333,0.14445641
2001-01-15T06:50:00,1,1,15,6,50,0.15716667,22.83333333,28.33416667,0.15475618
2001-01-15T07:00:00,1,1,15,7,0,0.16800000,23.00000000,28.88000000,0.16500154
2001-01-15T07:10:00,1,1,15,7,10,0.16250000,23.03333333,28.72083333,0.15971868
2001-01-15T07:20:00,1,1,15,7,20,0.15700000,23.06666667,28.56166667,0.15442776
2001-01-15T07:30:00,1,1,15,7,30,0.15150000,23.10000000,28.40250000,0.14912880
2001-01-15T07:40:00,1,1,15,7,40,0.14600000,23.13333333,28.24333333,0.14382178
2001-01-15T07:50:00,1,1,15,7,50,0.14050000,23.16666667,28.08416667,0.13850670
2001-01-15T08:00:00,1,1,15,8,0,0.13500000,23.20000000,27.92500000,0.13318357
2001-01-15T08:10:00,1,1,15,8,10,0.15766667,23.20000000,28.71833333,0.15496988
2001-01-15T08:20:00,1,1,15,8,20,0.18033333,23.20000000,29.51166667,0.17659076
2001-01-15T08:30:00,1,1,15,8,30,0.20300000,23.20000000,30.30500000,0.19804619
2001-01-15T08:40:00,1,1,15,8,40,0.22566667,23.20000000,31.09833333,0.21933619
2001-01-15T08:50:00,1,1,15,8,50,0.24833333,23.20000000,31.89166667,0.24046075
2001-01-15T09:00:00,1,1,15,9,0,0.27100000,23.20000000,32.68500000,0.26141988
2001-01-15T09:10:00,1,1,15,9,10,0.26350000,23.26666667,32.48916667,0.25442238
2001-01-15T09:20:00,1,1,15,9,20,0.25600000,23.33333333,32.29333333,0.24741137
2001-01-15T09:30:00,1,1,15,9,30,0.24850000,23.40000000,32.09750000,0.24038685
2001-01-15T09:40:00,1,1,15,9,40,0.24100000,23.46666667,31.90166667,0.23334881
2001-01-15T09:50:00,1,1,15,9,50,0.23350000,23.53333333,31.70583333,0.22629726
2001-01-15T10:00:00,1,1,15,10,0,0.22600000,23.60000000,31.51000000,0.21923220
2001-01-15T10:10:00,1,1,15,10,10,0.23116667,23.61666667,31.70750000,0.22403413
2001-01-15T10:20:00,1,1,15,10,20,0.23633333,23.63333333,31.90500000,0.22882668
2001-01-15T10:30:00,1,1,15,10,30,0.24150000,23.65000000,32.10250000,0.23360983
2001-01-15T10:40:00,1,1,15,10,40,0.24666667,23.66666667,32.30000000,0.23838360
2001-01-15T10:50:00,1,1,15,10,50,0.25183333,23.68333333,32.49750000,0.24314798
2001-01-15T11:00:00,1,1,15,11,0,0.25700000,23.70000000,32.69500000,0.24790297
2001-01-15T11:10:00,1,1,15,11,10,0.26250000,23.68333333,32.87083333,0.25299597
2001-01-15T11:20:00,1,1,15,11,20,0.26800000,23.66666667,33.04666667,0.25808007
2001-01-15T11:30:00,1,1,15,11,30,0.27350000,23.65000000,33.22250000,0.26315527
2001-01-15T11:40:00,1,1,15,11,40,0.27900000,23.63333333,33.39833333,0.26822158
2001-01-15T11:50:00,1,1,15,11,50,0.28450000,23.61666667,33.57416667,0.27327899
2001-01-15T12:00:00,1,1,15,12,0,0.29000000,23.60000000,33.75000000,0.27832750
2001-01-15T12:10:00,1,1,15,12,10,0.27033333,23.58333333,33.04500000,0.26032911
2001-01-15T12:20:00,1,1,15,12,20,0.25066667,23.56666667,32.34000000,0.24220316
2001-01-15T12:30:00,1,1,15,12,30,0.23100000,23.55000000,31.63500000,0.22394965
2001-01-15T12:40:00,1,1,15,12,40,0.21133333,23.53333333,30.93000000,0.20556858
2001-01-15T12:50:00,1,1,15,12,50,0.19166667,23.51666667,30.22500000,0.18705996
2001-01-15T13:00:00,1,1,15,13,0,0.17200000,23.50000000,29.52000000,0.16842378
2001-01-15T13:10:00,1,1,15,13,10,0.19083333,23.60000000,30.27916667,0.18619910
2001-01-15T13:20:00,1,1,15,13,20,0.20966667,23.70000000,31.03833333,0.20384290
2001-01-15T13:30:00,1,1,15,13,30,0.22850000,23.80000000,31.79750000,0.22135515
2001-01-15T13:40:00,1,1,15,13,40,0.24733333,23.90000000,32.55666667,0.23873586
2001-01-15T13:50:00,1,1,15,13,50,0.26616667,24.00000000,33.31583333,0.25598504
2001-01-15T14:00:00,1,1,15,14,0,0.28500000,24.10000000,34.07500000,0.27310267
2001-01-15T14:10:00,1,1,15,14,10,0.25733333,24.01666667,33.02333333,0.24783585
2001-01-15T14:20:00,1,1,15,14,20,0.22966667,23.93333333,31.97166667,0.22230133
2001-01-15T14:30:00,1,1,15,14,30,0.20200000,23.85000000,30.92000000,0.19649914
2001-01-15T14:40:00,1,1,15,14,40,0.17433333,23.76666667,29.86833333,0.17042925
2001-01-15T14:50:00,1,1,15,14,50,0.14666667,23.68333333,28.81666667,0.14409169
2001-01-15T15:00:00,1,1,15,15,0,0.11900000,23.60000000,27.76500000,0.11748644
2001-01-15T15:10:00,1,1,15,15,10,0.10050000,23.63333333,27.15083333,0.09950567
2001-01-15T15:20:00,1,1,15,15,20,0.08200000,23.66666667,26.53666667,0.08142037
2001-01-15T15:30:00,1,1,15,15,30,0.06350000,23.70000000,25.92250000,0.06323054
2001-01-15T15:40:00,1,1,15,15,40,0.04500000,23.73333333,25.30833333,0.04493618
2001-01-15T15:50:00,1,1,15,15,50,0.02650000,23.76666667,24.69416667,0.02653728
2001-01-15T16:00:00,1,1,15,16,0,0.00800000,23.80000000,24.08000000,0.00803386
2001-01-15T16:10:00,1,1,15,16,10,0.01466667,23.91666667,24.43000000,0.01470512
2001-01-15T16:20:00,1,1,15,16,20,0.02133333,24.03333333,24.78000000,0.02135492
2001-01-15T16:30:00,1,1,15,16,30,0.02800000,24.15000000,25.13000000,0.02798326
2001-01-15T16:40:00,1,1,15,16,40,0.03466667,24.26666667,25.48000000,0.03459012
2001-01-15T16:50:00,1,1,15,16,50,0.04133333,24.38333333,25.83000000,0.04117552
2001-01-15T17:00:00,1,1,15,17,0,0.04800000,24.50000000,26.18000000,0.04773946
2001-01-15T17:10:00,1,1,15,17,10,0.04133333,24.36666667,25.81333333,0.04117869
2001-01-15T17:20:00,1,1,15,17,20,0.03466667,24.23333333,25.44666667,0.03459544
2001-01-15T17:30:00,1,1,15,17,30,0.02800000,24.10000000,25.08000000,0.02798970
2001-01-15T17:40:00,1,1,15,17,40,0.02133333,23.96666667,24.71333333,0.02136146
2001-01-15T17:50:00,1,1,15,17,50,0.01466667,23.83333333,24.34666667,0.01471074
2001-01-15T18:00:00,1,1,15,18,0,0.00800000,23.70000000,23.98000000,0.00803754
2001-01-15T18:10:00,1,1,15,18,10,0.00666667,23.70000000,23.93333333,0.00669938
2001-01-15T18:20:00,1,1,15,18,20,0.00533333,23.70000000,23.88666667,0.00536065
2001-01-15T18:30:00,1,1,15,18,30,0.00400000,23.70000000,23.84000000,0.00402134
2001-01-15T18:40:00,1,1,15,18,40,0.00266667,23.70000000,23.79333333,0.00268147
2001-01-15T18:50:00,1,1,15,18,50,0.00133333,23.70000000,23.74666667,0.00134102
2001-01-15T19:00:00,1,1,15,19,0,0.00000000,23.70000000,23.70000000,0.00000000
2001-01-15T19:10:00,1,1,15,19,10,0.00000000,23.73333333,23.73333333,0.00000000
2001-01-15T19:20:00,1,1,15,19,20,0.00000000,23.76666667,23.76666667,0.00000000
2001-01-15T19:30:00,1,1,15,19,30,0.00000000,23.80000000,23.80000000,0.00000000
2001-01-15T19:40:00,1,1,15,19,40,0.00000000,23.83333333,23.83333333,0.00000000
2001-01-15T19:50:00,1,1,15,19,50,0.00000000,23.86666667,23.86666667,0.00000000
2001-01-15T20:00:00,1,1,15,20,0,0.00000000,23.90000000,23.90000000,0.00000000
2001-01-15T20:10:00,1,1,15,20,10,0.00000000,24.00000000,24.00000000,0.00000000
2001-01-15T20:20:00,1,1,15,20,20,0.00000000,24.10000000,24.10000000,0.00000000
2001-01-15T20:30:00,1,1,15,20,30,0.00000000,24.20000000,24.20000000,0.00000000
2001-01-15T20:40:00,1,1,15,20,40,0.00000000,24.30000000,24.30000000,0.00000000
2001-01-15T20:50:00,1,1,15,20,50,0.00000000,24.40000000,24.40000000,0.00000000
2001-01-15T21:00:00,1,1,15,21,0,0.00000000,24.50000000,24.50000000,0.00000000
2001-01-15T21:10:00,1,1,15,21,10,0.00000000,24.38333333,24.38333333,0.00000000
2001-01-15T21:20:00,1,1,15,21,20,0.00000000,24.26666667,24.26666667,0.00000000
2001-01-15T21:30:00,1,1,15,21,30,0.00000000,24.15000000,24.15000000,0.00000000
2001-01-15T21:40:00,1,1,15,21,40,0.00000000,24.03333333,24.03333333,0.00000000
2001-01-15T21:50:00,1,1,15,21,50,0.00000000,23.91666667,23.91666667,0.00000000
2001-01-15T22:00:00,1,1,15,22,0,0.00000000,23.80000000,23.80000000,0.00000000
2001-01-15T22:10:00,1,1,15,22,10,0.00000000,23.88333333,23.88333333,0.00000000
2001-01-15T22:20:00,1,1,15,22,20,0.00000000,23.96666667,23.96666667,0.00000000
2001-01-15T22:30:00,1,1,15,22,30,0.00000000,24.05000000,24.05000000,0.00000000
2001-01-15T22:40:00,1,1,15,22,40,0.00000000,24.13333333,24.13333333,0.00000000
2001-01-15T22:50:00,1,1,15,22,50,0.00000000,24.21666667,24.21666667,0.00000000
2001-01-15T23:00:00,1,1,15,23,0,0.00000000,24.30000000,24.30000000,0.00000000
2001-01-15T23:10:00,1,1,15,23,10,0.00000000,24.21666667,24.21666667,0.00000000
2001-01-15T23:20:00,1,1,15,23,20,0.00000000,24.13333333,24.13333333,0.00000000
2001-01-15T23:30:00,1,1,15,23,30,0.00000000,24.05000000,24.05000000,0.00000000
2001-01-15T23:40:00,1,1,15,23,40,0.00000000,23.96666667,23.96666667,0.00000000
2001-01-15T23:50:00,1,1,15,23,50,0.00000000,23.88333333,23.88333333,0.00000000
2001-01-16T00:00:00,1,1,16,0,0,0.00000000,23.80000000,23.80000000,0.00000000
2001-01-16T00:10:00,1,1,16,0,10,0.00000000,23.70000000,23.70000000,0.00000000
2001-01-16T00:20:00,1,1,16,0,20,0.00000000,23.60000000,23.60000000,0.00000000
2001-01-16T00:30:00,1,1,16,0,30,0.00000000,23.50000000,23.50000000,0.00000000
2001-01-16T00:40:00,1,1,16,0,40,0.00000000,23.40000000,23.40000000,0.00000000
2001-01-16T00:50:00,1,1,16,0,50,0.00000000,23.30000000,23.30000000,0.00000000
2001-01-16T01:00:00,1,1,16,1,0,0.00000000,23.20000000,23.20000000,0.00000000
2001-01-16T01:10:00,1,1,16,1,10,0.00000000,23.18333333,23.18333333,0.00000000
2001-01-16T01:20:00,1,1,16,1,20,0.00000000,23.16666667,23.16666667,0.00000000
2001-01-16T01:30:00,1,1,16,1,30,0.00000000,23.15000000,23.15000000,0.00000000
2001-01-16T01:40:00,1,1,16,1,40,0.00000000,23.13333333,23.13333333,0.00000000
2001-01-16T01:50:00,1,1,16,1,50,0.00000000,23.11666667,23.11666667,0.00000000
2001-01-16T02:00:00,1,1,16,2,0,0.00000000,23.10000000,23.10000000,0.00000000
2001-01-16T02:10:00,1,1,16,2,10,0.00000000,23.08333333,23.08333333,0.00000000
2001-01-16T02:20:00,1,1,16,2,20,0.00000000,23.06666667,23.06666667,0.00000000
2001-01-16T02:30:00,1,1,16,2,30,0.00000000,23.05000000,23.05000000,0.00000000
2001-01-16T02:40:00,1,1,16,2,40,0.00000000,23.03333333,23.03333333,0.00000000
2001-01-16T02:50:00,1,1,16,2,50,0.00000000,23.01666667,23.01666667,0.00000000
2001-01-16T03:00:00,1,1,16,3,0,0.00000000,23.00000000,23.00000000,0.00000000
2001-01-16T03:10:00,1,1,16,3,10,0.00000000,22.91666667,22.91666667,0.00000000
2001-01-16T03:20:00,1,1,16,3,20,0.00000000,22.83333333,22.83333333,0.00000000
2001-01-16T03:30:00,1,1,16,3,30,0.00000000,22.75000000,22.75000000,0.00000000
2001-01-16T03:40:00,1,1,16,3,40,0.00000000,22.66666667,22.66666667,0.00000000
2001-01-16T03:50:00,1,1,16,3,50,0.00000000,22.58333333,22.58333333,0.00000000
2001-01-16T04:00:00,1,1,16,4,0,0.00000000,22.50000000,22.50000000,0.00000000
2001-01-16T04:10:00,1,1,16,4,10,0.00283333,22.45000000,22.54916667,0.00286528
2001-01-16T04:20:00,1,1,16,4,20,0.00566667,22.40000000,22.59833333,0.00572927
2001-01-16T04:30:00,1,1,16,4,30,0.00850000,22.35000000,22.64750000,0.00859198
2001-01-16T04:40:00,1,1,16,4,40,0.01133333,22.30000000,22.69666667,0.01145341
2001-01-16T04:50:00,1,1,16,4,50,0.01416667,22.25000000,22.74583333,0.01431356
2001-01-16T05:00:00,1,1,16,5,0,0.01700000,22.20000000,22.79500000,0.01717243
2001-01-16T05:10:00,1,1,16,5,10,0.02016667,22.38333333,23.08916667,0.02034393
2001-01-16T05:20:00,1,1,16,5,20,0.02333333,22.56666667,23.38333333,0.02350686
2001-01-16T05:30:00,1,1,16,5,30,0.02650000,22.75000000,23.67750000,0.02666121
2001-01-16T05:40:00,1,1,16,5,40,0.02966667,22.93333333,23.97166667,0.02980700
2001-01-16T05:50:00,1,1,16,5,50,0.03283333,23.11666667,24.26583333,0.03294422
2001-01-16T06:00:00,1,1,16,6,0,0.03600000,23.30000000,24.56000000,0.03607286
2001-01-16T06:10:00,1,1,16,6,10,0.06233333,23.36666667,25.54833333,0.06217611
2001-01-16T06:20:00,1,1,16,6,20,0.08866667,23.43333333,26.53666667,0.08803991
2001-01-16T06:30:00,1,1,16,6,30,0.11500000,23.50000000,27.52500000,0.11366427
2001-01-16T06:40:00,1,1,16,6,40,0.14133333,23.56666667,28.51333333,0.13904920
2001-01-16T06:50:00,1,1,16,6,50,0.16766667,23.63333333,29.50166667,0.16419468
2001-01-16T07:00:00,1,1,16,7,0,0.19400000,23.70000000,30.49000000,0.18910072
2001-01-16T07:10:00,1,1,16,7,10,0.24466667,23.93333333,32.49666667,0.23622942
2001-01-16T07:20:00,1,1,16,7,20,0.29533333,24.16666667,34.50333333,0.28242274
2001-01-16T07:30:00,1,1,16,7,30,0.34600000,24.40000000,36.51000000,0.32768068
2001-01-16T07:40:00,1,1,16,7,40,0.39666667,24.63333333,38.51666667,0.37200326
2001-01-16T07:50:00,1,1,16,7,50,0.44733333,24.86666667,40.52333333,0.41539045
2001-01-16T08:00:00,1,1,16,8,0,0.49800000,25.10000000,42.53000000,0.45784228
2001-01-16T08:10:00,1,1,16,8,10,0.45050000,25.43333333,41.20083333,0.41692701
2001-01-16T08:20:00,1,1,16,8,20,0.40300000,25.76666667,39.87166667,0.37543090
2001-01-16T08:30:00,1,1,16,8,30,0.35550000,26.10000000,38.54250000,0.33335395
2001-01-16T08:40:00,1,1,16,8,40,0.30800000,26.43333333,37.21333333,0.29069615
2001-01-16T08:50:00,1,1,16,8,50,0.26050000,26.76666667,35.88416667,0.24745750
2001-01-16T09:00:00,1,1,16,9,0,0.21300000,27.10000000,34.55500000,0.20363801
2001-01-16T09:10:00,1,1,16,9,10,0.27233333,26.95000000,36.48166667,0.25794987
2001-01-16T09:20:00,1,1,16,9,20,0.33166667,26.80000000,38.40833333,0.31121002
2001-01-16T09:30:00,1,1,16,9,30,0.39100000,26.65000000,40.33500000,0.36341847
2001-01-16T09:40:00,1,1,16,9,40,0.45033333,26.50000000,42.26166667,0.41457522
2001-01-16T09:50:00,1,1,16,9,50,0.50966667,26.35000000,44.18833333,0.46468026
2001-01-16T10:00:00,1,1,16,10,0,0.56900000,26.20000000,46.11500000,0.51373360
2001-01-16T10:10:00,1,1,16,10,10,0.55750000,26.53333333,46.04583333,0.50352796
2001-01-16T10:20:00,1,1,16,10,20,0.54600000,26.86666667,45.97666667,0.49331500
2001-01-16T10:30:00,1,1,16,10,30,0.53450000,27.20000000,45.90750000,0.48309473
2001-01-16T10:40:00,1,1,16,10,40,0.52300000,27.53333333,45.83833333,0.47286714
2001-01-16T10:50:00,1,1,16,10,50,0.51150000,27.86666667,45.76916667,0.46263223
2001-01-16T11:00:00,1,1,16,11,0,0.50000000,28.20000000,45.70000000,0.45239000
2001-01-16T11:10:00,1,1,16,11,10,0.51700000,28.25000000,46.34500000,0.46623732
2001-01-16T11:20:00,1,1,16,11,20,0.53400000,28.30000000,46.99000000,0.47998376
2001-01-16T11:30:00,1,1,16,11,30,0.55100000,28.35000000,47.63500000,0.49362933
2001-01-16T11:40:00,1,1,16,11,40,0.56800000,28.40000000,48.28000000,0.50717402
2001-01-16T11:50:00,1,1,16,11,50,0.58500000,28.45000000,48.92500000,0.52061782
2001-01-16T12:00:00,1,1,16,12,0,0.60200000,28.50000000,49.57000000,0.53396076
2001-01-16T12:10:00,1,1,16,12,10,0.60033333,28.56666667,49.57833333,0.53245945
2001-01-16T12:20:00,1,1,16,12,20,0.59866667,28.63333333,49.58666667,0.53095826
2001-01-16T12:30:00,1,1,16,12,30,0.59700000,28.70000000,49.59500000,0.52945721
2001-01-16T12:40:00,1,1,16,12,40,0.59533333,28.76666667,49.60333333,0.52795628
2001-01-16T12:50:00,1,1,16,12,50,0.59366667,28.83333333,49.61166667,0.52645549
2001-01-16T13:00:00,1,1,16,13,0,0.59200000,28.90000000,49.62000000,0.52495482
2001-01-16T13:10:00,1,1,16,13,10,0.58250000,28.91666667,49.30416667,0.51737699
2001-01-16T13:20:00,1,1,16,13,20,0.57300000,28.93333333,48.98833333,0.50977155
2001-01-16T13:30:00,1,1,16,13,30,0.56350000,28.95000000,48.67250000,0.50213851
2001-01-16T13:40:00,1,1,16,13,40,0.55400000,28.96666667,48.35666667,0.49447787
2001-01-16T13:50:00,1,1,16,13,50,0.54450000,28.98333333,48.04083333,0.48678962
2001-01-16T14:00:00,1,1,16,14,0,0.53500000,29.00000000,47.72500000,0.47907378
2001-01-16T14:10:00,1,1,16,14,10,0.51866667,28.83333333,46.98666667,0.46620941
2001-01-16T14:20:00,1,1,16,14,20,0.50233333,28.66666667,46.24833333,0.45323410
2001-01-16T14:30:00,1,1,16,14,30,0.48600000,28.50000000,45.51000000,0.44014784
2001-01-16T14:40:00,1,1,16,14,40,0.46966667,28.33333333,44.77166667,0.42695064
2001-01-16T14:50:00,1,1,16,14,50,0.45333333,28.16666667,44.03333333,0.41364249
2001-01-16T15:00:00,1,1,16,15,0,0.43700000,28.00000000,43.29500000,0.40022339
2001-01-16T15:10:00,1,1,16,15,10,0.42816667,27.90000000,42.88583333,0.39293933
2001-01-16T15:20:00,1,1,16,15,20,0.41933333,27.80000000,42.47666667,0.38562201
2001-01-16T15:30:00,1,1,16,15,30,0.41050000,27.70000000,42.06750000,0.37827144
2001-01-16T15:40:00,1,1,16,15,40,0.40166667,27.60000000,41.65833333,0.37088762
2001-01-16T15:50:00,1,1,16,15,50,0.39283333,27.50000000,41.24916667,0.36347055
2001-01-16T16:00:00,1,1,16,16,0,0.38400000,27.40000000,40.84000000,0.35602022
2001-01-16T16:10:00,1,1,16,16,10,0.32766667,27.35000000,38.81833333,0.30683875
2001-01-16T16:20:00,1,1,16,16,20,0.27133333,27.30000000,36.79666667,0.25660952
2001-01-16T16:30:00,1,1,16,16,30,0.21500000,27.25000000,34.77500000,0.20533252
2001-01-16T16:40:00,1,1,16,16,40,0.15866667,27.20000000,32.75333333,0.15300777
2001-01-16T16:50:00,1,1,16,16,50,0.10233333,27.15000000,30.73166667,0.09963525
2001-01-16T17:00:00,1,1,16,17,0,0.04600000,27.10000000,28.71000000,0.04521496
2001-01-16T17:10:00,1,1,16,17,10,0.04166667,26.75000000,28.20833333,0.04105174
2001-01-16T17:20:00,1,1,16,17,20,0.03733333,26.40000000,27.70666667,0.03686851
2001-01-16T17:30:00,1,1,16,17,30,0.03300000,26.05000000,27.20500000,0.03266528
2001-01-16T17:40:00,1,1,16,17,40,0.02866667,25.70000000,26.70333333,0.02844205
2001-01-16T17:50:00,1,1,16,17,50,0.02433333,25.35000000,26.20166667,0.02419883
2001-01-16T18:00:00,1,1,16,18,0,0.02000000,25.00000000,25.70000000,0.01993560
2001-01-16T18:10:00,1,1,16,18,10,0.01666667,25.01666667,25.60000000,0.01662067
2001-01-16T18:20:00,1,1,16,18,20,0.01333333,25.03333333,25.50000000,0.01330267
2001-01-16T18:30:00,1,1,16,18,30,0.01000000,25.05000000,25.40000000,0.00998160
2001-01-16T18:40:00,1,1,16,18,40,0.00666667,25.06666667,25.30000000,0.00665747
2001-01-16T18:50:00,1,1,16,18,50,0.00333333,25.08333333,25.20000000,0.00333027
2001-01-16T19:00:00,1,1,16,19,0,0.00000000,25.10000000,25.10000000,0.00000000
2001-01-16T19:10:00,1,1,16,19,10,0.00000000,24.90000000,24.90000000,0.00000000
2001-01-16T19:20:00,1,1,16,19,20,0.00000000,24.70000000,24.70000000,0.00000000
2001-01-16T19:30:00,1,1,16,19,30,0.00000000,24.50000000,24.50000000,0.00000000
2001-01-16T19:40:00,1,1,16,19,40,0.00000000,24.30000000,24.30000000,0.00000000
2001-01-16T19:50:00,1,1,16,19,50,0.00000000,24.10000000,24.10000000,0.00000000
2001-01-16T20:00:00,1,1,16,20,0,0.00000000,23.90000000,23.90000000,0.00000000
2001-01-16T20:10:00,1,1,16,20,10,0.00000000,23.91666667,23.91666667,0.00000000
2001-01-16T20:20:00,1,1,16,20,20,0.00000000,23.93333333,23.93333333,0.00000000
2001-01-16T20:30:00,1,1,16,20,30,0.00000000,23.95000000,23.95000000,0.00000000
2001-01-16T20:40:00,1,1,16,20,40,0.00000000,23.96666667,23.96666667,0.00000000
2001-01-16T20:50:00,1,1,16,20,50,0.00000000,23.98333333,23.98333333,0.00000000
2001-01-16T21:00:00,1,1,16,21,0,0.00000000,24.00000000,24.00000000,0.00000000
2001-01-16T21:10:00,1,1,16,21,10,0.00000000,23.91666667,23.91666667,0.00000000
2001-01-16T21:20:00,1,1,16,21,20,0.00000000,23.83333333,23.83333333,0.00000000
2001-01-16T21:30:00,1,1,16,21,30,0.00000000,23.75000000,23.75000000,0.00000000
2001-01-16T21:40:00,1,1,16,21,40,0.00000000,23.66666667,23.66666667,0.00000000
2001-01-16T21:50:00,1,1,16,21,50,0.00000000,23.58333333,23.58333333,0.00000000
2001-01-16T22:00:00,1,1,16,22,0,0.00000000,23.50000000,23.50000000,0.00000000
2001-01-16T22:10:00,1,1,16,22,10,0.00000000,23.53333333,23.53333333,0.00000000
2001-01-16T22:20:00,1,1,16,22,20,0.00000000,23.56666667,23.56666667,0.00000000
2001-01-16T22:30:00,1,1,16,22,30,0.00000000,23.60000000,23.60000000,0.00000000
2001-01-16T22:40:00,1,1,16,22,40,0.00000000,23.63333333,23.63333333,0.00000000
2001-01-16T22:50:00,1,1,16,22,50,0.00000000,23.66666667,23.66666667,0.00000000
2001-01-16T23:00:00,1,1,16,23,0,0.00000000,23.70000000,23.70000000,0.00000000
2001-01-16T23:10:00,1,1,16,23,10,0.00000000,23.55000000,23.55000000,0.00000000
2001-01-16T23:20:00,1,1,16,23,20,0.00000000,23.40000000,23.40000000,0.00000000
2001-01-16T23:30:00,1,1,16,23,30,0.00000000,23.25000000,23.25000000,0.00000000
2001-01-16T23:40:00,1,1,16,23,40,0.00000000,23.10000000,23.10000000,0.00000000
2001-01-16T23:50:00,1,1,16,23,50,0.00000000,22.95000000,22.95000000,0.00000000
2001-01-17T00:00:00,1,1,17,0,0,0.00000000,22.80000000,22.80000000,0.00000000
2001-01-17T00:10:00,1,1,17,0,10,0.00000000,22.66666667,22.66666667,0.00000000
2001-01-17T00:20:00,1,1,17,0,20,0.00000000,22.53333333,22.53333333,0.00000000
2001-01-17T00:30:00,1,1,17,0,30,0.00000000,22.40000000,22.40000000,0.00000000
2001-01-17T00:40:00,1,1,17,0,40,0.00000000,22.26666667,22.26666667,0.00000000
2001-01-17T00:50:00,1,1,17,0,50,0.00000000,22.13333333,22.13333333,0.00000000
2001-01-17T01:00:00,1,1,17,1,0,0.00000000,22.00000000,22.00000000,0.00000000
2001-01-17T01:10:00,1,1,17,1,10,0.00000000,22.00000000,22.00000000,0.00000000
2001-01-17T01:20:00,1,1,17,1,20,0.00000000,22.00000000,22.00000000,0.00000000
2001-01-17T01:30:00,1,1,17,1,30,0.00000000,22.00000000,22.00000000,0.00000000
2001-01-17T01:40:00,1,1,17,1,40,0.00000000,22.00000000,22.00000000,0.00000000
2001-01-17T01:50:00,1,1,17,1,50,0.00000000,22.00000000,22.00000000,0.00000000
2001-01-17T02:00:00,1,1,17,2,0,0.00000000,22.00000000,22.00000000,0.00000000
2001-01-17T02:10:00,1,1,17,2,10,0.00000000,21.93333333,21.93333333,0.00000000
2001-01-17T02:20:00,1,1,17,2,20,0.00000000,21.86666667,21.86666667,0.00000000
2001-01-17T02:30:00,1,1,17,2,30,0.00000000,21.80000000,21.80000000,0.00000000
2001-01-17T02:40:00,1,1,17,2,40,0.00000000,21.73333333,21.73333333,0.00000000
2001-01-17T02:50:00,1,1,17,2,50,0.00000000,21.66666667,21.66666667,0.00000000
2001-01-17T03:00:00,1,1,17,3,0,0.00000000,21.60000000,21.60000000,0.00000000
2001-01-17T03:10:00,1,1,17,3,10,0.00000000,21.65000000,21.65000000,0.00000000
2001-01-17T03:20:00,1,1,17,3,20,0.00000000,21.70000000,21.70000000,0.00000000
2001-01-17T03:30:00,1,1,17,3,30,0.00000000,21.75000000,21.75000000,0.00000000
2001-01-17T03:40:00,1,1,17,3,40,0.00000000,21.80000000,21.80000000,0.00000000
2001-01-17T03:50:00,1,1,17,3,50,0.00000000,21.85000000,21.85000000,0.00000000
2001-01-17T04:00:00,1,1,17,4,0,0.00000000,21.90000000,21.90000000,0.00000000
2001-01-17T04:10:00,1,1,17,4,10,0.00250000,21.81666667,21.90416667,0.00253560
2001-01-17T04:20:00,1,1,17,4,20,0.00500000,21.73333333,21.90833333,0.00507111
2001-01-17T04:30:00,1,1,17,4,30,0.00750000,21.65000000,21.91250000,0.00760652
2001-01-17T04:40:00,1,1,17,4,40,0.01000000,21.56666667,21.91666667,0.01014183
2001-01-17T04:50:00,1,1,17,4,50,0.01250000,21.48333333,21.92083333,0.01267705
2001-01-17T05:00:00,1,1,17,5,0,0.01500000,21.40000000,21.92500000,0.01521218
2001-01-17T05:10:00,1,1,17,5,10,0.03500000,21.53333333,22.75833333,0.03536091
2001-01-17T05:20:00,1,1,17,5,20,0.05500000,21.66666667,23.59166667,0.05535631
2001-01-17T05:30:00,1,1,17,5,30,0.07500000,21.80000000,24.42500000,0.07519838
2001-01-17T05:40:00,1,1,17,5,40,0.09500000,21.93333333,25.25833333,0.09488711
2001-01-17T05:50:00,1,1,17,5,50,0.11500000,22.06666667,26.09166667,0.11442251
2001-01-17T06:00:00,1,1,17,6,0,0.13500000,22.20000000,26.92500000,0.13380458
2001-01-17T06:10:00,1,1,17,6,10,0.12783333,22.50000000,26.97416667,0.12667246
2001-01-17T06:20:00,1,1,17,6,20,0.12066667,22.80000000,27.02333333,0.11954358
2001-01-17T06:30:00,1,1,17,6,30,0.11350000,23.10000000,27.07250000,0.11241795
2001-01-17T06:40:00,1,1,17,6,40,0.10633333,23.40000000,27.12166667,0.10529556
2001-01-17T06:50:00,1,1,17,6,50,0.09916667,23.70000000,27.17083333,0.09817640
2001-01-17T07:00:00,1,1,17,7,0,0.09200000,24.00000000,27.22000000,0.09106050
2001-01-17T07:10:00,1,1,17,7,10,0.09533333,24.01666667,27.35333333,0.09430132
2001-01-17T07:20:00,1,1,17,7,20,0.09866667,24.03333333,27.48666667,0.09753805
2001-01-17T07:30:00,1,1,17,7,30,0.10200000,24.05000000,27.62000000,0.10077070
2001-01-17T07:40:00,1,1,17,7,40,0.10533333,24.06666667,27.75333333,0.10399925
2001-01-17T07:50:00,1,1,17,7,50,0.10866667,24.08333333,27.88666667,0.10722372
2001-01-17T08:00:00,1,1,17,8,0,0.11200000,24.10000000,28.02000000,0.11044410
2001-01-17T08:10:00,1,1,17,8,10,0.21266667,24.16666667,31.61000000,0.20620032
2001-01-17T08:20:00,1,1,17,8,20,0.31333333,24.23333333,35.20000000,0.29863173
2001-01-17T08:30:00,1,1,17,8,30,0.41400000,24.30000000,38.79000000,0.38773832
2001-01-17T08:40:00,1,1,17,8,40,0.51466667,24.36666667,42.38000000,0.47352010
2001-01-17T08:50:00,1,1,17,8,50,0.61533333,24.43333333,45.97000000,0.55597705
2001-01-17T09:00:00,1,1,17,9,0,0.71600000,24.50000000,49.56000000,0.63510918
2001-01-17T09:10:00,1,1,17,9,10,0.72166667,25.70000000,50.95833333,0.63549365
2001-01-17T09:20:00,1,1,17,9,20,0.72733333,26.90000000,52.35666667,0.63580522
2001-01-17T09:30:00,1,1,17,9,30,0.73300000,28.10000000,53.75500000,0.63604389
2001-01-17T09:40:00,1,1,17,9,40,0.73866667,29.30000000,55.15333333,0.63620966
2001-01-17T09:50:00,1,1,17,9,50,0.74433333,30.50000000,56.55166667,0.63630253
2001-01-17T10:00:00,1,1,17,10,0,0.75000000,31.70000000,57.95000000,0.63632250
2001-01-17T10:10:00,1,1,17,10,10,0.66250000,31.85000000,55.03750000,0.57096072
2001-01-17T10:20:00,1,1,17,10,20,0.57500000,32.00000000,52.12500000,0.50325438
2001-01-17T10:30:00,1,1,17,10,30,0.48750000,32.15000000,49.21250000,0.43320347
2001-01-17T10:40:00,1,1,17,10,40,0.40000000,32.30000000,46.30000000,0.36080800
2001-01-17T10:50:00,1,1,17,10,50,0.31250000,32.45000000,43.38750000,0.28606797
2001-01-17T11:00:00,1,1,17,11,0,0.22500000,32.60000000,40.47500000,0.20898337
2001-01-17T11:10:00,1,1,17,11,10,0.27450000,31.56666667,41.17416667,0.25407688
2001-01-17T11:20:00,1,1,17,11,20,0.32400000,30.53333333,41.87333333,0.29885198
2001-01-17T11:30:00,1,1,17,11,30,0.37350000,29.50000000,42.57250000,0.34330869
2001-01-17T11:40:00,1,1,17,11,40,0.42300000,28.46666667,43.27166667,0.38744699
2001-01-17T11:50:00,1,1,17,11,50,0.47250000,27.43333333,43.97083333,0.43126689
2001-01-17T12:00:00,1,1,17,12,0,0.52200000,26.40000000,44.67000000,0.47476840
2001-01-17T12:10:00,1,1,17,12,10,0.56250000,27.06666667,46.75416667,0.50621109
2001-01-17T12:20:00,1,1,17,12,20,0.60300000,27.73333333,48.83833333,0.53687723
2001-01-17T12:30:00,1,1,17,12,30,0.64350000,28.40000000,50.92250000,0.56676681
2001-01-17T12:40:00,1,1,17,12,40,0.68400000,29.06666667,53.00666667,0.59587982
2001-01-17T12:50:00,1,1,17,12,50,0.72450000,29.73333333,55.09083333,0.62421628
2001-01-17T13:00:00,1,1,17,13,0,0.76500000,30.40000000,57.17500000,0.65177618
2001-01-17T13:10:00,1,1,17,13,10,0.67100000,30.83333333,54.31833333,0.58050603
2001-01-17T13:20:00,1,1,17,13,20,0.57700000,31.26666667,51.46166667,0.50676544
2001-01-17T13:30:00,1,1,17,13,30,0.48300000,31.70000000,48.60500000,0.43055441
2001-01-17T13:40:00,1,1,17,13,40,0.38900000,32.13333333,45.74833333,0.35187293
2001-01-17T13:50:00,1,1,17,13,50,0.29500000,32.56666667,42.89166667,0.27072101
2001-01-17T14:00:00,1,1,17,14,0,0.20100000,33.00000000,40.03500000,0.18709864
2001-01-17T14:10:00,1,1,17,14,10,0.24800000,31.78333333,40.46333333,0.23035943
2001-01-17T14:20:00,1,1,17,14,20,0.29500000,30.56666667,40.89166667,0.27343501
2001-01-17T14:30:00,1,1,17,14,30,0.34200000,29.35000000,41.32000000,0.31632538
2001-01-17T14:40:00,1,1,17,14,40,0.38900000,28.13333333,41.74833333,0.35903053
2001-01-17T14:50:00,1,1,17,14,50,0.43600000,26.91666667,42.17666667,0.40155048
2001-01-17T15:00:00,1,1,17,15,0,0.48300000,25.70000000,42.60500000,0.44388521
2001-01-17T15:10:00,1,1,17,15,10,0.44600000,26.35000000,41.96000000,0.41120486
2001-01-17T15:20:00,1,1,17,15,20,0.40900000,27.00000000,41.31500000,0.37830496
2001-01-17T15:30:00,1,1,17,15,30,0.37200000,27.65000000,40.67000000,0.34518550
2001-01-17T15:40:00,1,1,17,15,40,0.33500000,28.30000000,40.02500000,0.31184647
2001-01-17T15:50:00,1,1,17,15,50,0.29800000,28.95000000,39.38000000,0.27828790
2001-01-17T16:00:00,1,1,17,16,0,0.26100000,29.60000000,38.73500000,0.24450976
2001-01-17T16:10:00,1,1,17,16,10,0.23583333,29.01666667,37.27083333,0.22252152
2001-01-17T16:20:00,1,1,17,16,20,0.21066667,28.43333333,35.80666667,0.20019429
2001-01-17T16:30:00,1,1,17,16,30,0.18550000,27.85000000,34.34250000,0.17752804
2001-01-17T16:40:00,1,1,17,16,40,0.16033333,27.26666667,32.87833333,0.15452280
2001-01-17T16:50:00,1,1,17,16,50,0.13516667,26.68333333,31.41416667,0.13117855
2001-01-17T17:00:00,1,1,17,17,0,0.11000000,26.10000000,29.95000000,0.10749530
2001-01-17T17:10:00,1,1,17,17,10,0.09466667,25.73333333,29.04666667,0.09290448
2001-01-17T17:20:00,1,1,17,17,20,0.07933333,25.36666667,28.14333333,0.07818623
2001-01-17T17:30:00,1,1,17,17,30,0.06400000,25.00000000,27.24000000,0.06334054
2001-01-17T17:40:00,1,1,17,17,40,0.04866667,24.63333333,26.33666667,0.04836743
2001-01-17T17:50:00,1,1,17,17,50,0.03333333,24.26666667,25.43333333,0.03326689
2001-01-17T18:00:00,1,1,17,18,0,0.01800000,23.90000000,24.53000000,0.01803892
2001-01-17T18:10:00,1,1,17,18,10,0.01500000,23.68333333,24.20833333,0.01505463
2001-01-17T18:20:00,1,1,17,18,20,0.01200000,23.46666667,23.88666667,0.01206146
2001-01-17T18:30:00,1,1,17,18,30,0.00900000,23.25000000,23.56500000,0.00905941
2001-01-17T18:40:00,1,1,17,18,40,0.00600000,23.03333333,23.24333333,0.00604848
2001-01-17T18:50:00,1,1,17,18,50,0.00300000,22.81666667,22.92166667,0.00302868
2001-01-17T19:00:00,1,1,17,19,0,0.00000000,22.60000000,22.60000000,0.00000000
2001-01-17T19:10:00,1,1,17,19,10,0.00000000,22.50000000,22.50000000,0.00000000
2001-01-17T19:20:00,1,1,17,19,20,0.00000000,22.40000000,22.40000000,0.00000000
2001-01-17T19:30:00,1,1,17,19,30,0.00000000,22.30000000,22.30000000,0.00000000
2001-01-17T19:40:00,1,1,17,19,40,0.00000000,22.20000000,22.20000000,0.00000000
2001-01-17T19:50:00,1,1,17,19,50,0.00000000,22.10000000,22.10000000,0.00000000
2001-01-17T20:00:00,1,1,17,20,0,0.00000000,22.00000000,22.00000000,0.00000000
2001-01-17T20:10:00,1,1,17,20,10,0.00000000,21.98333333,21.98333333,0.00000000
2001-01-17T20:20:00,1,1,17,20,20,0.00000000,21.96666667,21.96666667,0.00000000
2001-01-17T20:30:00,1,1,17,20,30,0.00000000,21.95000000,21.95000000,0.00000000
2001-01-17T20:40:00,1,1,17,20,40,0.00000000,21.93333333,21.93333333,0.00000000
2001-01-17T20:50:00,1,1,17,20,50,0.00000000,21.91666667,21.91666667,0.00000000
2001-01-17T21:00:00,1,1,17,21,0,0.00000000,21.90000000,21.90000000,0.00000000
2001-01-17T21:10:00,1,1,17,21,10,0.00000000,21.73333333,21.73333333,0.00000000
2001-01-17T21:20:00,1,1,17,21,20,0.00000000,21.56666667,21.56666667,0.00000000
2001-01-17T21:30:00,1,1,17,21,30,0.00000000,21.40000000,21.40000000,0.00000000
2001-01-17T21:40:00,1,1,17,21,40,0.00000000,21.23333333,21.23333333,0.00000000
2001-01-17T21:50:00,1,1,17,21,50,0.00000000,21.06666667,21.06666667,0.00000000
2001-01-17T22:00:00,1,1,17,22,0,0.00000000,20.90000000,20.90000000,0.00000000
2001-01-17T22:10:00,1,1,17,22,10,0.00000000,20.93333333,20.93333333,0.00000000
2001-01-17T22:20:00,1,1,17,22,20,0.00000000,20.96666667,20.96666667,0.00000000
2001-01-17T22:30:00,1,1,17,22,30,0.00000000,21.00000000,21.00000000,0.00000000
2001-01-17T22:40:00,1,1,17,22,40,0.00000000,21.03333333,21.03333333,0.00000000
2001-01-17T22:50:00,1,1,17,22,50,0.00000000,21.06666667,21.06666667,0.00000000
2001-01-17T23:00:00,1,1,17,23,0,0.00000000,21.10000000,21.10000000,0.00000000
2001-01-17T23:10:00,1,1,17,23,10,0.00000000,21.10000000,21.10000000,0.00000000
2001-01-17T23:20:00,1,1,17,23,20,0.00000000,21.10000000,21.10000000,0.00000000
2001-01-17T23:30:00,1,1,17,23,30,0.00000000,21.10000000,21.10000000,0.00000000
2001-01-17T23:40:00,1,1,17,23,40,0.00000000,21.10000000,21.10000000,0.00000000
2001-01-17T23:50:00,1,1,17,23,50,0.00000000,21.10000000,21.10000000,0.00000000
2001-01-18T00:00:00,1,1,18,0,0,0.00000000,21.10000000,21.10000000,0.00000000
2001-01-18T00:10:00,1,1,18,0,10,0.00000000,21.13333333,21.13333333,0.00000000
2001-01-18T00:20:00,1,1,18,0,20,0.00000000,21.16666667,21.16666667,0.00000000
2001-01-18T00:30:00,1,1,18,0,30,0.00000000,21.20000000,21.20000000,0.00000000
2001-01-18T00:40:00,1,1,18,0,40,0.00000000,21.23333333,21.23333333,0.00000000
2001-01-18T00:50:00,1,1,18,0,50,0.00000000,21.26666667,21.26666667,0.00000000
2001-01-18T01:00:00,1,1,18,1,0,0.00000000,21.30000000,21.30000000,0.00000000
2001-01-18T01:10:00,1,1,18,1,10,0.00000000,21.16666667,21.16666667,0.00000000
2001-01-18T01:20:00,1,1,18,1,20,0.00000000,21.03333333,21.03333333,0.00000000
2001-01-18T01:30:00,1,1,18,1,30,0.00000000,20.90000000,20.90000000,0.00000000
2001-01-18T01:40:00,1,1,18,1,40,0.00000000,20.76666667,20.76666667,0.00000000
2001-01-18T01:50:00,1,1,18,1,50,0.00000000,20.63333333,20.63333333,0.00000000
2001-01-18T02:00:00,1,1,18,2,0,0.00000000,20.50000000,20.50000000,0.00000000
2001-01-18T02:10:00,1,1,18,2,10,0.00000000,20.50000000,20.50000000,0.00000000
2001-01-18T02:20:00,1,1,18,2,20,0.00000000,20.50000000,20.50000000,0.00000000
2001-01-18T02:30:00,1,1,18,2,30,0.00000000,20.50000000,20.50000000,0.00000000
2001-01-18T02:40:00,1,1,18,2,40,0.00000000,20.50000000,20.50000000,0.00000000
2001-01-18T02:50:00,1,1,18,2,50,0.00000000,20.50000000,20.50000000,0.00000000
2001-01-18T03:00:00,1,1,18,3,0,0.00000000,20.50000000,20.50000000,0.00000000
2001-01-18T03:10:00,1,1,18,3,10,0.00000000,20.61666667,20.61666667,0.00000000
2001-01-18T03:20:00,1,1,18,3,20,0.00000000,20.73333333,20.73333333,0.00000000
2001-01-18T03:30:00,1,1,18,3,30,0.00000000,20.85000000,20.85000000,0.00000000
2001-01-18T03:40:00,1,1,18,3,40,0.00000000,20.96666667,20.96666667,0.00000000
2001-01-18T03:50:00,1,1,18,3,50,0.00000000,21.08333333,21.08333333,0.00000000
2001-01-18T04:00:00,1,1,18,4,0,0.00000000,21.20000000,21.20000000,0.00000000
2001-01-18T04:10:00,1,1,18,4,10,0.00116667,21.06666667,21.10750000,0.00118756
2001-01-18T04:20:00,1,1,18,4,20,0.00233333,20.93333333,21.01500000,0.00237611
2001-01-18T04:30:00,1,1,18,4,30,0.00350000,20.80000000,20.92250000,0.00356565
2001-01-18T04:40:00,1,1,18,4,40,0.00466667,20.66666667,20.83000000,0.00475618
2001-01-18T04:50:00,1,1,18,4,50,0.00583333,20.53333333,20.73750000,0.00594771
2001-01-18T05:00:00,1,1,18,5,0,0.00700000,20.40000000,20.64500000,0.00714023
2001-01-18T05:10:00,1,1,18,5,10,0.00916667,20.53333333,20.85416667,0.00934148
2001-01-18T05:20:00,1,1,18,5,20,0.01133333,20.66666667,21.06333333,0.01153856
2001-01-18T05:30:00,1,1,18,5,30,0.01350000,20.80000000,21.27250000,0.01373148
2001-01-18T05:40:00,1,1,18,5,40,0.01566667,20.93333333,21.48166667,0.01592022
2001-01-18T05:50:00,1,1,18,5,50,0.01783333,21.06666667,21.69083333,0.01810480
2001-01-18T06:00:00,1,1,18,6,0,0.02000000,21.20000000,21.90000000,0.02028520
2001-01-18T06:10:00,1,1,18,6,10,0.04833333,21.23333333,22.92500000,0.04879468
2001-01-18T06:20:00,1,1,18,6,20,0.07666667,21.26666667,23.95000000,0.07703697
2001-01-18T06:30:00,1,1,18,6,30,0.10500000,21.30000000,24.97500000,0.10501208
2001-01-18T06:40:00,1,1,18,6,40,0.13333333,21.33333333,26.00000000,0.13272000
2001-01-18T06:50:00,1,1,18,6,50,0.16166667,21.36666667,27.02500000,0.16016074
2001-01-18T07:00:00,1,1,18,7,0,0.19000000,21.40000000,28.05000000,0.18733430
2001-01-18T07:10:00,1,1,18,7,10,0.17433333,21.71666667,27.81833333,0.17207322
2001-01-18T07:20:00,1,1,18,7,20,0.15866667,22.03333333,27.58666667,0.15677874
2001-01-18T07:30:00,1,1,18,7,30,0.14300000,22.35000000,27.35500000,0.14145088
2001-01-18T07:40:00,1,1,18,7,40,0.12733333,22.66666667,27.12333333,0.12608963
2001-01-18T07:50:00,1,1,18,7,50,0.11166667,22.98333333,26.89166667,0.11069498
2001-01-18T08:00:00,1,1,18,8,0,0.09600000,23.30000000,26.66000000,0.09526694
2001-01-18T08:10:00,1,1,18,8,10,0.11833333,23.20000000,27.34166667,0.11705869
2001-01-18T08:20:00,1,1,18,8,20,0.14066667,23.10000000,28.02333333,0.13871037
2001-01-18T08:30:00,1,1,18,8,30,0.16300000,23.00000000,28.70500000,0.16022199
2001-01-18T08:40:00,1,1,18,8,40,0.18533333,22.90000000,29.38666667,0.18159355
2001-01-18T08:50:00,1,1,18,8,50,0.20766667,22.80000000,30.06833333,0.20282506
2001-01-18T09:00:00,1,1,18,9,0,0.23000000,22.70000000,30.75000000,0.22391650
2001-01-18T09:10:00,1,1,18,9,10,0.21200000,22.81666667,30.23666667,0.20689320
2001-01-18T09:20:00,1,1,18,9,20,0.19400000,22.93333333,29.72333333,0.18978490
2001-01-18T09:30:00,1,1,18,9,30,0.17600000,23.05000000,29.21000000,0.17259158
2001-01-18T09:40:00,1,1,18,9,40,0.15800000,23.16666667,28.69666667,0.15531326
2001-01-18T09:50:00,1,1,18,9,50,0.14000000,23.28333333,28.18333333,0.13794993
2001-01-18T10:00:00,1,1,18,10,0,0.12200000,23.40000000,27.67000000,0.12050160
2001-01-18T10:10:00,1,1,18,10,10,0.18200000,23.33333333,29.70333333,0.17806237
2001-01-18T10:20:00,1,1,18,10,20,0.24200000,23.26666667,31.73666667,0.23450074
2001-01-18T10:30:00,1,1,18,10,30,0.30200000,23.20000000,33.77000000,0.28981672
2001-01-18T10:40:00,1,1,18,10,40,0.36200000,23.13333333,35.80333333,0.34401029
2001-01-18T10:50:00,1,1,18,10,50,0.42200000,23.06666667,37.83666667,0.39708146
2001-01-18T11:00:00,1,1,18,11,0,0.48200000,23.00000000,39.87000000,0.44903024
2001-01-18T11:10:00,1,1,18,11,10,0.46850000,23.45000000,39.84750000,0.43650215
2001-01-18T11:20:00,1,1,18,11,20,0.45500000,23.90000000,39.82500000,0.42397128
2001-01-18T11:30:00,1,1,18,11,30,0.44150000,24.35000000,39.80250000,0.41143760
2001-01-18T11:40:00,1,1,18,11,40,0.42800000,24.80000000,39.78000000,0.39890114
2001-01-18T11:50:00,1,1,18,11,50,0.41450000,25.25000000,39.75750000,0.38636187
2001-01-18T12:00:00,1,1,18,12,0,0.40100000,25.70000000,39.73500000,0.37381982
2001-01-18T12:10:00,1,1,18,12,10,0.37750000,25.68333333,38.89583333,0.35336989
2001-01-18T12:20:00,1,1,18,12,20,0.35400000,25.66666667,38.05666667,0.33273852
2001-01-18T12:30:00,1,1,18,12,30,0.33050000,25.65000000,37.21750000,0.31192573
2001-01-18T12:40:00,1,1,18,12,40,0.30700000,25.63333333,36.37833333,0.29093152
2001-01-18T12:50:00,1,1,18,12,50,0.28350000,25.61666667,35.53916667,0.26975587
2001-01-18T13:00:00,1,1,18,13,0,0.26000000,25.60000000,34.70000000,0.24839880
2001-01-18T13:10:00,1,1,18,13,10,0.24083333,25.43333333,33.86250000,0.23101516
2001-01-18T13:20:00,1,1,18,13,20,0.22166667,25.26666667,33.02500000,0.21348384
2001-01-18T13:30:00,1,1,18,13,30,0.20250000,25.10000000,32.18750000,0.19580484
2001-01-18T13:40:00,1,1,18,13,40,0.18333333,24.93333333,31.35000000,0.17797817
2001-01-18T13:50:00,1,1,18,13,50,0.16416667,24.76666667,30.51250000,0.16000381
2001-01-18T14:00:00,1,1,18,14,0,0.14500000,24.60000000,29.67500000,0.14188177
2001-01-18T14:10:00,1,1,18,14,10,0.15733333,24.46666667,29.97333333,0.15373397
2001-01-18T14:20:00,1,1,18,14,20,0.16966667,24.33333333,30.27166667,0.16555231
2001-01-18T14:30:00,1,1,18,14,30,0.18200000,24.20000000,30.57000000,0.17733680
2001-01-18T14:40:00,1,1,18,14,40,0.19433333,24.06666667,30.86833333,0.18908743
2001-01-18T14:50:00,1,1,18,14,50,0.20666667,23.93333333,31.16666667,0.20080422
2001-01-18T15:00:00,1,1,18,15,0,0.21900000,23.80000000,31.46500000,0.21248716
2001-01-18T15:10:00,1,1,18,15,10,0.19550000,23.93333333,30.77583333,0.19030579
2001-01-18T15:20:00,1,1,18,15,20,0.17200000,24.06666667,30.08666667,0.16797543
2001-01-18T15:30:00,1,1,18,15,30,0.14850000,24.20000000,29.39750000,0.14549607
2001-01-18T15:40:00,1,1,18,15,40,0.12500000,24.33333333,28.70833333,0.12286771
2001-01-18T15:50:00,1,1,18,15,50,0.10150000,24.46666667,28.01916667,0.10009035
2001-01-18T16:00:00,1,1,18,16,0,0.07800000,24.60000000,27.33000000,0.07716400
2001-01-18T16:10:00,1,1,18,16,10,0.07033333,24.41666667,26.87833333,0.06972563
2001-01-18T16:20:00,1,1,18,16,20,0.06266667,24.23333333,26.42666667,0.06225541
2001-01-18T16:30:00,1,1,18,16,30,0.05500000,24.05000000,25.97500000,0.05475333
2001-01-18T16:40:00,1,1,18,16,40,0.04733333,23.86666667,25.52333333,0.04721939
2001-01-18T16:50:00,1,1,18,16,50,0.03966667,23.68333333,25.07166667,0.03965359
2001-01-18T17:00:00,1,1,18,17,0,0.03200000,23.50000000,24.62000000,0.03205594
2001-01-18T17:10:00,1,1,18,17,10,0.02800000,23.38333333,24.36333333,0.02808200
2001-01-18T17:20:00,1,1,18,17,20,0.02400000,23.26666667,24.10666667,0.02409862
2001-01-18T17:30:00,1,1,18,17,30,0.02000000,23.15000000,23.85000000,0.02010580
2001-01-18T17:40:00,1,1,18,17,40,0.01600000,23.03333333,23.59333333,0.01610353
2001-01-18T17:50:00,1,1,18,17,50,0.01200000,22.91666667,23.33666667,0.01209182
2001-01-18T18:00:00,1,1,18,18,0,0.00800000,22.80000000,23.08000000,0.00807066
2001-01-18T18:10:00,1,1,18,18,10,0.00666667,22.85000000,23.08333333,0.00672544
2001-01-18T18:20:00,1,1,18,18,20,0.00533333,22.90000000,23.08666667,0.00538027
2001-01-18T18:30:00,1,1,18,18,30,0.00400000,22.95000000,23.09000000,0.00403514
2001-01-18T18:40:00,1,1,18,18,40,0.00266667,23.00000000,23.09333333,0.00269006
2001-01-18T18:50:00,1,1,18,18,50,0.00133333,23.05000000,23.09666667,0.00134501
2001-01-18T19:00:00,1,1,18,19,0,0.00000000,23.10000000,23.10000000,0.00000000
2001-01-18T19:10:00,1,1,18,19,10,0.00000000,23.06666667,23.06666667,0.00000000
2001-01-18T19:20:00,1,1,18,19,20,0.00000000,23.03333333,23.03333333,0.00000000
2001-01-18T19:30:00,1,1,18,19,30,0.00000000,23.00000000,23.00000000,0.00000000
2001-01-18T19:40:00,1,1,18,19,40,0.00000000,22.96666667,22.96666667,0.00000000
2001-01-18T19:50:00,1,1,18,19,50,0.00000000,22.93333333,22.93333333,0.00000000
2001-01-18T20:00:00,1,1,18,20,0,0.00000000,22.90000000,22.90000000,0.00000000
2001-01-18T20:10:00,1,1,18,20,10,0.00000000,22.81666667,22.81666667,0.00000000
2001-01-18T20:20:00,1,1,18,20,20,0.00000000,22.73333333,22.73333333,0.00000000
2001-01-18T20:30:00,1,1,18,20,30,0.00000000,22.65000000,22.65000000,0.00000000
2001-01-18T20:40:00,1,1,18,20,40,0.00000000,22.56666667,22.56666667,0.00000000
2001-01-18T20:50:00,1,1,18,20,50,0.00000000,22.48333333,22.48333333,0.00000000
2001-01-18T21:00:00,1,1,18,21,0,0.00000000,22.40000000,22.40000000,0.00000000
2001-01-18T21:10:00,1,1,18,21,10,0.00000000,22.28333333,22.28333333,0.00000000
2001-01-18T21:20:00,1,1,18,21,20,0.00000000,22.16666667,22.16666667,0.00000000
2001-01-18T21:30:00,1,1,18,21,30,0.00000000,22.05000000,22.05000000,0.00000000
2001-01-18T21:40:00,1,1,18,21,40,0.00000000,21.93333333,21.93333333,0.00000000
2001-01-18T21:50:00,1,1,18,21,50,0.00000000,21.81666667,21.81666667,0.00000000
2001-01-18T22:00:00,1,1,18,22,0,0.00000000,21.70000000,21.70000000,0.00000000
2001-01-18T22:10:00,1,1,18,22,10,0.00000000,21.75000000,21.75000000,0.00000000
2001-01-18T22:20:00,1,1,18,22,20,0.00000000,21.80000000,21.80000000,0.00000000
2001-01-18T22:30:00,1,1,18,22,30,0.00000000,21.85000000,21.85000000,0.00000000
2001-01-18T22:40:00,1,1,18,22,40,0.00000000,21.90000000,21.90000000,0.00000000
2001-01-18T22:50:00,1,1,18,22,50,0.00000000,21.95000000,21.95000000,0.00000000
2001-01-18T23:00:00,1,1,18,23,0,0.00000000,22.00000000,22.00000000,0.00000000
2001-01-18T23:10:00,1,1,18,23,10,0.00000000,21.90000000,21.90000000,0.00000000
2001-01-18T23:20:00,1,1,18,23,20,0.00000000,21.80000000,21.80000000,0.00000000
2001-01-18T23:30:00,1,1,18,23,30,0.00000000,21.70000000,21.70000000,0.00000000
2001-01-18T23:40:00,1,1,18,23,40,0.00000000,21.60000000,21.60000000,0.00000000
2001-01-18T23:50:00,1,1,18,23,50,0.00000000,21.50000000,21.50000000,0.00000000
2001-01-19T00:00:00,1,1,19,0,0,0.00000000,21.40000000,21.40000000,0.00000000
2001-01-19T00:10:00,1,1,19,0,10,0.00000000,21.46666667,21.46666667,0.00000000
2001-01-19T00:20:00,1,1,19,0,20,0.00000000,21.53333333,21.53333333,0.00000000
2001-01-19T00:30:00,1,1,19,0,30,0.00000000,21.60000000,21.60000000,0.00000000
2001-01-19T00:40:00,1,1,19,0,40,0.00000000,21.66666667,21.66666667,0.00000000
2001-01-19T00:50:00,1,1,19,0,50,0.00000000,21.73333333,21.73333333,0.00000000
2001-01-19T01:00:00,1,1,19,1,0,0.00000000,21.80000000,21.80000000,0.00000000
2001-01-19T01:10:00,1,1,19,1,10,0.00000000,21.68333333,21.68333333,0.00000000
2001-01-19T01:20:00,1,1,19,1,20,0.00000000,21.56666667,21.56666667,0.00000000
2001-01-19T01:30:00,1,1,19,1,30,0.00000000,21.45000000,21.45000000,0.00000000
2001-01-19T01:40:00,1,1,19,1,40,0.00000000,21.33333333,21.33333333,0.00000000
2001-01-19T01:50:00,1,1,19,1,50,0.00000000,21.21666667,21.21666667,0.00000000
2001-01-19T02:00:00,1,1,19,2,0,0.00000000,21.10000000,21.10000000,0.00000000
2001-01-19T02:10:00,1,1,19,2,10,0.00000000,21.20000000,21.20000000,0.00000000
2001-01-19T02:20:00,1,1,19,2,20,0.00000000,21.30000000,21.30000000,0.00000000
2001-01-19T02:30:00,1,1,19,2,30,0.00000000,21.40000000,21.40000000,0.00000000
2001-01-19T02:40:00,1,1,19,2,40,0.00000000,21.50000000,21.50000000,0.00000000
2001-01-19T02:50:00,1,1,19,2,50,0.00000000,21.60000000,21.60000000,0.00000000
2001-01-19T03:00:00,1,1,19,3,0,0.00000000,21.70000000,21.70000000,0.00000000
2001-01-19T03:10:00,1,1,19,3,10,0.00000000,21.73333333,21.73333333,0.00000000
2001-01-19T03:20:00,1,1,19,3,20,0.00000000,21.76666667,21.76666667,0.00000000
2001-01-19T03:30:00,1,1,19,3,30,0.00000000,21.80000000,21.80000000,0.00000000
2001-01-19T03:40:00,1,1,19,3,40,0.00000000,21.83333333,21.83333333,0.00000000
2001-01-19T03:50:00,1,1,19,3,50,0.00000000,21.86666667,21.86666667,0.00000000
2001-01-19T04:00:00,1,1,19,4,0,0.00000000,21.90000000,21.90000000,0.00000000
2001-01-19T04:10:00,1,1,19,4,10,0.00150000,21.88333333,21.93583333,0.00152114
2001-01-19T04:20:00,1,1,19,4,20,0.00300000,21.86666667,21.97166667,0.00304179
2001-01-19T04:30:00,1,1,19,4,30,0.00450000,21.85000000,22.00750000,0.00456194
2001-01-19T04:40:00,1,1,19,4,40,0.00600000,21.83333333,22.04333333,0.00608160
2001-01-19T04:50:00,1,1,19,4,50,0.00750000,21.81666667,22.07916667,0.00760077
2001-01-19T05:00:00,1,1,19,5,0,0.00900000,21.80000000,22.11500000,0.00911944
2001-01-19T05:10:00,1,1,19,5,10,0.01116667,21.83333333,22.22416667,0.01130925
2001-01-19T05:20:00,1,1,19,5,20,0.01333333,21.86666667,22.33333333,0.01349689
2001-01-19T05:30:00,1,1,19,5,30,0.01550000,21.90000000,22.44250000,0.01568235
2001-01-19T05:40:00,1,1,19,5,40,0.01766667,21.93333333,22.55166667,0.01786563
2001-01-19T05:50:00,1,1,19,5,50,0.01983333,21.96666667,22.66083333,0.02004674
2001-01-19T06:00:00,1,1,19,6,0,0.02200000,22.00000000,22.77000000,0.02222568
2001-01-19T06:10:00,1,1,19,6,10,0.06166667,22.16666667,24.32500000,0.06185814
2001-01-19T06:20:00,1,1,19,6,20,0.10133333,22.33333333,25.88000000,0.10092314
2001-01-19T06:30:00,1,1,19,6,30,0.14100000,22.50000000,27.43500000,0.13942066
2001-01-19T06:40:00,1,1,19,6,40,0.18066667,22.66666667,28.99000000,0.17735071
2001-01-19T06:50:00,1,1,19,6,50,0.22033333,22.83333333,30.54500000,0.21471329
2001-01-19T07:00:00,1,1,19,7,0,0.26000000,23.00000000,32.10000000,0.25150840
2001-01-19T07:10:00,1,1,19,7,10,0.26733333,23.18333333,32.54000000,0.25806114
2001-01-19T07:20:00,1,1,19,7,20,0.27466667,23.36666667,32.98000000,0.26458420
2001-01-19T07:30:00,1,1,19,7,30,0.28200000,23.55000000,33.42000000,0.27107758
2001-01-19T07:40:00,1,1,19,7,40,0.28933333,23.73333333,33.86000000,0.27754126
2001-01-19T07:50:00,1,1,19,7,50,0.29666667,23.91666667,34.30000000,0.28397527
2001-01-19T08:00:00,1,1,19,8,0,0.30400000,24.10000000,34.74000000,0.29037958
2001-01-19T08:10:00,1,1,19,8,10,0.29283333,24.13333333,34.38250000,0.28019479
2001-01-19T08:20:00,1,1,19,8,20,0.28166667,24.16666667,34.02500000,0.26997328
2001-01-19T08:30:00,1,1,19,8,30,0.27050000,24.20000000,33.66750000,0.25971503
2001-01-19T08:40:00,1,1,19,8,40,0.25933333,24.23333333,33.31000000,0.24942006
2001-01-19T08:50:00,1,1,19,8,50,0.24816667,24.26666667,32.95250000,0.23908836
2001-01-19T09:00:00,1,1,19,9,0,0.23700000,24.30000000,32.59500000,0.22871993
2001-01-19T09:10:00,1,1,19,9,10,0.22833333,24.28333333,32.27500000,0.22069216
2001-01-19T09:20:00,1,1,19,9,20,0.21966667,24.26666667,31.95500000,0.21263887
2001-01-19T09:30:00,1,1,19,9,30,0.21100000,24.25000000,31.63500000,0.20456007
2001-01-19T09:40:00,1,1,19,9,40,0.20233333,24.23333333,31.31500000,0.19645575
2001-01-19T09:50:00,1,1,19,9,50,0.19366667,24.21666667,30.99500000,0.18832592
2001-01-19T10:00:00,1,1,19,10,0,0.18500000,24.20000000,30.67500000,0.18017057
2001-01-19T10:10:00,1,1,19,10,10,0.21050000,24.30000000,31.66750000,0.20404386
2001-01-19T10:20:00,1,1,19,10,20,0.23600000,24.40000000,32.66000000,0.22768430
2001-01-19T10:30:00,1,1,19,10,30,0.26150000,24.50000000,33.65250000,0.25109191
2001-01-19T10:40:00,1,1,19,10,40,0.28700000,24.60000000,34.64500000,0.27426667
2001-01-19T10:50:00,1,1,19,10,50,0.31250000,24.70000000,35.63750000,0.29720859
2001-01-19T11:00:00,1,1,19,11,0,0.33800000,24.80000000,36.63000000,0.31991768
2001-01-19T11:10:00,1,1,19,11,10,0.38016667,24.93333333,38.23916667,0.35701445
2001-01-19T11:20:00,1,1,19,11,20,0.42233333,25.06666667,39.84833333,0.39348698
2001-01-19T11:30:00,1,1,19,11,30,0.46450000,25.20000000,41.45750000,0.42933526
2001-01-19T11:40:00,1,1,19,11,40,0.50666667,25.33333333,43.06666667,0.46455929
2001-01-19T11:50:00,1,1,19,11,50,0.54883333,25.46666667,44.67583333,0.49915907
2001-01-19T12:00:00,1,1,19,12,0,0.59100000,25.60000000,46.28500000,0.53313460
2001-01-19T12:10:00,1,1,19,12,10,0.53566667,25.80000000,44.54833333,0.48749827
2001-01-19T12:20:00,1,1,19,12,20,0.48033333,26.00000000,42.81166667,0.44097786
2001-01-19T12:30:00,1,1,19,12,30,0.42500000,26.20000000,41.07500000,0.39357337
2001-01-19T12:40:00,1,1,19,12,40,0.36966667,26.40000000,39.33833333,0.34528481
2001-01-19T12:50:00,1,1,19,12,50,0.31433333,26.60000000,37.60166667,0.29611216
2001-01-19T13:00:00,1,1,19,13,0,0.25900000,26.80000000,35.86500000,0.24605544
2001-01-19T13:10:00,1,1,19,13,10,0.24416667,26.51666667,35.06250000,0.23286480
2001-01-19T13:20:00,1,1,19,13,20,0.22933333,26.23333333,34.26000000,0.21956465
2001-01-19T13:30:00,1,1,19,13,30,0.21450000,25.95000000,33.45750000,0.20615498
2001-01-19T13:40:00,1,1,19,13,40,0.19966667,25.66666667,32.65500000,0.19263580
2001-01-19T13:50:00,1,1,19,13,50,0.18483333,25.38333333,31.85250000,0.17900711
2001-01-19T14:00:00,1,1,19,14,0,0.17000000,25.10000000,31.05000000,0.16526890
2001-01-19T14:10:00,1,1,19,14,10,0.19933333,25.08333333,32.06000000,0.19285978
2001-01-19T14:20:00,1,1,19,14,20,0.22866667,25.06666667,33.07000000,0.22017810
2001-01-19T14:30:00,1,1,19,14,30,0.25800000,25.05000000,34.08000000,0.24722386
2001-01-19T14:40:00,1,1,19,14,40,0.28733333,25.03333333,35.09000000,0.27399704
2001-01-19T14:50:00,1,1,19,14,50,0.31666667,25.01666667,36.10000000,0.30049767
2001-01-19T15:00:00,1,1,19,15,0,0.34600000,25.00000000,37.11000000,0.32672572
2001-01-19T15:10:00,1,1,19,15,10,0.30100000,25.11666667,35.65166667,0.28625170
2001-01-19T15:20:00,1,1,19,15,20,0.25600000,25.23333333,34.19333333,0.24517393
2001-01-19T15:30:00,1,1,19,15,30,0.21100000,25.35000000,32.73500000,0.20349241
2001-01-19T15:40:00,1,1,19,15,40,0.16600000,25.46666667,31.27666667,0.16120714
2001-01-19T15:50:00,1,1,19,15,50,0.12100000,25.58333333,29.81833333,0.11831812
2001-01-19T16:00:00,1,1,19,16,0,0.07600000,25.70000000,28.36000000,0.07482534
2001-01-19T16:10:00,1,1,19,16,10,0.08150000,25.51666667,28.36916667,0.08023690
2001-01-19T16:20:00,1,1,19,16,20,0.08700000,25.33333333,28.37833333,0.08564799
2001-01-19T16:30:00,1,1,19,16,30,0.09250000,25.15000000,28.38750000,0.09105862
2001-01-19T16:40:00,1,1,19,16,40,0.09800000,24.96666667,28.39666667,0.09646878
2001-01-19T16:50:00,1,1,19,16,50,0.10350000,24.78333333,28.40583333,0.10187848
2001-01-19T17:00:00,1,1,19,17,0,0.10900000,24.60000000,28.41500000,0.10728772
2001-01-19T17:10:00,1,1,19,17,10,0.09250000,24.61666667,27.85416667,0.09128555
2001-01-19T17:20:00,1,1,19,17,20,0.07600000,24.63333333,27.29333333,0.07519825
2001-01-19T17:30:00,1,1,19,17,30,0.05950000,24.65000000,26.73250000,0.05902581
2001-01-19T17:40:00,1,1,19,17,40,0.04300000,24.66666667,26.17166667,0.04276824
2001-01-19T17:50:00,1,1,19,17,50,0.02650000,24.68333333,25.61083333,0.02642554
2001-01-19T18:00:00,1,1,19,18,0,0.01000000,24.70000000,25.05000000,0.00999770
2001-01-19T18:10:00,1,1,19,18,10,0.00833333,24.61666667,24.90833333,0.00833685
2001-01-19T18:20:00,1,1,19,18,20,0.00666667,24.53333333,24.76666667,0.00667382
2001-01-19T18:30:00,1,1,19,18,30,0.00500000,24.45000000,24.62500000,0.00500863
2001-01-19T18:40:00,1,1,19,18,40,0.00333333,24.36666667,24.48333333,0.00334126
2001-01-19T18:50:00,1,1,19,18,50,0.00166667,24.28333333,24.34166667,0.00167171
2001-01-19T19:00:00,1,1,19,19,0,0.00000000,24.20000000,24.20000000,0.00000000
2001-01-19T19:10:00,1,1,19,19,10,0.00000000,24.11666667,24.11666667,0.00000000
2001-01-19T19:20:00,1,1,19,19,20,0.00000000,24.03333333,24.03333333,0.00000000
2001-01-19T19:30:00,1,1,19,19,30,0.00000000,23.95000000,23.95000000,0.00000000
2001-01-19T19:40:00,1,1,19,19,40,0.00000000,23.86666667,23.86666667,0.00000000
2001-01-19T19:50:00,1,1,19,19,50,0.00000000,23.78333333,23.78333333,0.00000000
2001-01-19T20:00:00,1,1,19,20,0,0.00000000,23.70000000,23.70000000,0.00000000
2001-01-19T20:10:00,1,1,19,20,10,0.00000000,23.78333333,23.78333333,0.00000000
2001-01-19T20:20:00,1,1,19,20,20,0.00000000,23.86666667,23.86666667,0.00000000
2001-01-19T20:30:00,1,1,19,20,30,0.00000000,23.95000000,23.95000000,0.00000000
2001-01-19T20:40:00,1,1,19,20,40,0.00000000,24.03333333,24.03333333,0.00000000
2001-01-19T20:50:00,1,1,19,20,50,0.00000000,24.11666667,24.11666667,0.00000000
2001-01-19T21:00:00,1,1,19,21,0,0.00000000,24.20000000,24.20000000,0.00000000
2001-01-19T21:10:00,1,1,19,21,10,0.00000000,24.10000000,24.10000000,0.00000000
2001-01-19T21:20:00,1,1,19,21,20,0.00000000,24.00000000,24.00000000,0.00000000
2001-01-19T21:30:00,1,1,19,21,30,0.00000000,23.90000000,23.90000000,0.00000000
2001-01-19T21:40:00,1,1,19,21,40,0.00000000,23.80000000,23.80000000,0.00000000
2001-01-19T21:50:00,1,1,19,21,50,0.00000000,23.70000000,23.70000000,0.00000000
2001-01-19T22:00:00,1,1,19,22,0,0.00000000,23.60000000,23.60000000,0.00000000
2001-01-19T22:10:00,1,1,19,22,10,0.00000000,23.60000000,23.60000000,0.00000000
2001-01-19T22:20:00,1,1,19,22,20,0.00000000,23.60000000,23.60000000,0.00000000
2001-01-19T22:30:00,1,1,19,22,30,0.00000000,23.60000000,23.60000000,0.00000000
2001-01-19T22:40:00,1,1,19,22,40,0.00000000,23.60000000,23.60000000,0.00000000
2001-01-19T22:50:00,1,1,19,22,50,0.00000000,23.60000000,23.60000000,0.00000000
2001-01-19T23:00:00,1,1,19,23,0,0.00000000,23.60000000,23.60000000,0.00000000
2001-01-19T23:10:00,1,1,19,23,10,0.00000000,23.43333333,23.43333333,0.00000000
2001-01-19T23:20:00,1,1,19,23,20,0.00000000,23.26666667,23.26666667,0.00000000
2001-01-19T23:30:00,1,1,19,23,30,0.00000000,23.10000000,23.10000000,0.00000000
2001-01-19T23:40:00,1,1,19,23,40,0.00000000,22.93333333,22.93333333,0.00000000
2001-01-19T23:50:00,1,1,19,23,50,0.00000000,22.76666667,22.76666667,0.00000000
2001-01-20T00:00:00,1,1,20,0,0,0.00000000,22.60000000,22.60000000,0.00000000
2001-01-20T00:10:00,1,1,20,0,10,0.00000000,22.51666667,22.51666667,0.00000000
2001-01-20T00:20:00,1,1,20,0,20,0.00000000,22.43333333,22.43333333,0.00000000
2001-01-20T00:30:00,1,1,20,0,30,0.00000000,22.35000000,22.35000000,0.00000000
2001-01-20T00:40:00,1,1,20,0,40,0.00000000,22.26666667,22.26666667,0.00000000
2001-01-20T00:50:00,1,1,20,0,50,0.00000000,22.18333333,22.18333333,0.00000000
2001-01-20T01:00:00,1,1,20,1,0,0.00000000,22.10000000,22.10000000,0.00000000
2001-01-20T01:10:00,1,1,20,1,10,0.00000000,22.05000000,22.05000000,0.00000000
2001-01-20T01:20:00,1,1,20,1,20,0.00000000,22.00000000,22.00000000,0.00000000
2001-01-20T01:30:00,1,1,20,1,30,0.00000000,21.95000000,21.95000000,0.00000000
2001-01-20T01:40:00,1,1,20,1,40,0.00000000,21.90000000,21.90000000,0.00000000
2001-01-20T01:50:00,1,1,20,1,50,0.00000000,21.85000000,21.85000000,0.00000000
2001-01-20T02:00:00,1,1,20,2,0,0.00000000,21.80000000,21.80000000,0.00000000
2001-01-20T02:10:00,1,1,20,2,10,0.00000000,21.85000000,21.85000000,0.00000000
2001-01-20T02:20:00,1,1,20,2,20,0.00000000,21.90000000,21.90000000,0.00000000
2001-01-20T02:30:00,1,1,20,2,30,0.00000000,21.95000000,21.95000000,0.00000000
2001-01-20T02:40:00,1,1,20,2,40,0.00000000,22.00000000,22.00000000,0.00000000
2001-01-20T02:50:00,1,1,20,2,50,0.00000000,22.05000000,22.05000000,0.00000000
2001-01-20T03:00:00,1,1,20,3,0,0.00000000,22.10000000,22.10000000,0.00000000
2001-01-20T03:10:00,1,1,20,3,10,0.00000000,22.03333333,22.03333333,0.00000000
2001-01-20T03:20:00,1,1,20,3,20,0.00000000,21.96666667,21.96666667,0.00000000
2001-01-20T03:30:00,1,1,20,3,30,0.00000000,21.90000000,21.90000000,0.00000000
2001-01-20T03:40:00,1,1,20,3,40,0.00000000,21.83333333,21.83333333,0.00000000
2001-01-20T03:50:00,1,1,20,3,50,0.00000000,21.76666667,21.76666667,0.00000000
2001-01-20T04:00:00,1,1,20,4,0,0.00000000,21.70000000,21.70000000,0.00000000
2001-01-20T04:10:00,1,1,20,4,10,0.00333333,21.76666667,21.88333333,0.00338112
2001-01-20T04:20:00,1,1,20,4,20,0.00666667,21.83333333,22.06666667,0.00675662
2001-01-20T04:30:00,1,1,20,4,30,0.01000000,21.90000000,22.25000000,0.01012650
2001-01-20T04:40:00,1,1,20,4,40,0.01333333,21.96666667,22.43333333,0.01349076
2001-01-20T04:50:00,1,1,20,4,50,0.01666667,22.03333333,22.61666667,0.01684939
2001-01-20T05:00:00,1,1,20,5,0,0.02000000,22.10000000,22.80000000,0.02020240
2001-01-20T05:10:00,1,1,20,5,10,0.04550000,22.10000000,23.69250000,0.04577366
2001-01-20T05:20:00,1,1,20,5,20,0.07100000,22.10000000,24.58500000,0.07113554
2001-01-20T05:30:00,1,1,20,5,30,0.09650000,22.10000000,25.47750000,0.09628804
2001-01-20T05:40:00,1,1,20,5,40,0.12200000,22.10000000,26.37000000,0.12123116
2001-01-20T05:50:00,1,1,20,5,50,0.14750000,22.10000000,27.26250000,0.14596489
2001-01-20T06:00:00,1,1,20,6,0,0.17300000,22.10000000,28.15500000,0.17048925
2001-01-20T06:10:00,1,1,20,6,10,0.19333333,22.33333333,29.10000000,0.18968707
2001-01-20T06:20:00,1,1,20,6,20,0.21366667,22.56666667,30.04500000,0.20870810
2001-01-20T06:30:00,1,1,20,6,30,0.23400000,22.80000000,30.99000000,0.22755236
2001-01-20T06:40:00,1,1,20,6,40,0.25433333,23.03333333,31.93500000,0.24621985
2001-01-20T06:50:00,1,1,20,6,50,0.27466667,23.26666667,32.88000000,0.26471055
2001-01-20T07:00:00,1,1,20,7,0,0.29500000,23.50000000,33.82500000,0.28302447
2001-01-20T07:10:00,1,1,20,7,10,0.29133333,23.80000000,33.99666667,0.27927660
2001-01-20T07:20:00,1,1,20,7,20,0.28766667,24.10000000,34.16833333,0.27553452
2001-01-20T07:30:00,1,1,20,7,30,0.28400000,24.40000000,34.34000000,0.27179822
2001-01-20T07:40:00,1,1,20,7,40,0.28033333,24.70000000,34.51166667,0.26806772
2001-01-20T07:50:00,1,1,20,7,50,0.27666667,25.00000000,34.68333333,0.26434301
2001-01-20T08:00:00,1,1,20,8,0,0.27300000,25.30000000,34.85500000,0.26062409
2001-01-20T08:10:00,1,1,20,8,10,0.35216667,25.38333333,37.70916667,0.33157824
2001-01-20T08:20:00,1,1,20,8,20,0.43133333,25.46666667,40.56333333,0.40045360
2001-01-20T08:30:00,1,1,20,8,30,0.51050000,25.55000000,43.41750000,0.46725018
2001-01-20T08:40:00,1,1,20,8,40,0.58966667,25.63333333,46.27166667,0.53196798
2001-01-20T08:50:00,1,1,20,8,50,0.66883333,25.71666667,49.12583333,0.59460699
2001-01-20T09:00:00,1,1,20,9,0,0.74800000,25.80000000,51.98000000,0.65516722
2001-01-20T09:10:00,1,1,20,9,10,0.70833333,26.28333333,51.07500000,0.62337229
2001-01-20T09:20:00,1,1,20,9,20,0.66866667,26.76666667,50.17000000,0.59124710
2001-01-20T09:30:00,1,1,20,9,30,0.62900000,27.25000000,49.26500000,0.55879165
2001-01-20T09:40:00,1,1,20,9,40,0.58933333,27.73333333,48.36000000,0.52600593
2001-01-20T09:50:00,1,1,20,9,50,0.54966667,28.21666667,47.45500000,0.49288995
2001-01-20T10:00:00,1,1,20,10,0,0.51000000,28.70000000,46.55000000,0.45944370
2001-01-20T10:10:00,1,1,20,10,10,0.56733333,28.55000000,48.40666667,0.50624818
2001-01-20T10:20:00,1,1,20,10,20,0.62466667,28.40000000,50.26333333,0.55207332
2001-01-20T10:30:00,1,1,20,10,30,0.68200000,28.25000000,52.12000000,0.59691914
2001-01-20T10:40:00,1,1,20,10,40,0.73933333,28.10000000,53.97666667,0.64078562
2001-01-20T10:50:00,1,1,20,10,50,0.79666667,27.95000000,55.83333333,0.68367278
2001-01-20T11:00:00,1,1,20,11,0,0.85400000,27.80000000,57.69000000,0.72558060
2001-01-20T11:10:00,1,1,20,11,10,0.84433333,28.10000000,57.65166667,0.71751644
2001-01-20T11:20:00,1,1,20,11,20,0.83466667,28.40000000,57.61333333,0.70944886
2001-01-20T11:30:00,1,1,20,11,30,0.82500000,28.70000000,57.57500000,0.70137787
2001-01-20T11:40:00,1,1,20,11,40,0.81533333,29.00000000,57.53666667,0.69330348
2001-01-20T11:50:00,1,1,20,11,50,0.80566667,29.30000000,57.49833333,0.68522568
2001-01-20T12:00:00,1,1,20,12,0,0.79600000,29.60000000,57.46000000,0.67714446
2001-01-20T12:10:00,1,1,20,12,10,0.77833333,29.60000000,56.84166667,0.66432955
2001-01-20T12:20:00,1,1,20,12,20,0.76066667,29.60000000,56.22333333,0.65141414
2001-01-20T12:30:00,1,1,20,12,30,0.74300000,29.60000000,55.60500000,0.63839823
2001-01-20T12:40:00,1,1,20,12,40,0.72533333,29.60000000,54.98666667,0.62528182
2001-01-20T12:50:00,1,1,20,12,50,0.70766667,29.60000000,54.36833333,0.61206491
2001-01-20T13:00:00,1,1,20,13,0,0.69000000,29.60000000,53.75000000,0.59874750
2001-01-20T13:10:00,1,1,20,13,10,0.66383333,29.58333333,52.81750000,0.57888889
2001-01-20T13:20:00,1,1,20,13,20,0.63766667,29.56666667,51.88500000,0.55880579
2001-01-20T13:30:00,1,1,20,13,30,0.61150000,29.55000000,50.95250000,0.53849821
2001-01-20T13:40:00,1,1,20,13,40,0.58533333,29.53333333,50.02000000,0.51796615
2001-01-20T13:50:00,1,1,20,13,50,0.55916667,29.51666667,49.08750000,0.49720960
2001-01-20T14:00:00,1,1,20,14,0,0.53300000,29.50000000,48.15500000,0.47622857
2001-01-20T14:10:00,1,1,20,14,10,0.51500000,29.31666667,47.34166667,0.46207259
2001-01-20T14:20:00,1,1,20,14,20,0.49700000,29.13333333,46.52833333,0.44778192
2001-01-20T14:30:00,1,1,20,14,30,0.47900000,28.95000000,45.71500000,0.43335657
2001-01-20T14:40:00,1,1,20,14,40,0.46100000,28.76666667,44.90166667,0.41879653
2001-01-20T14:50:00,1,1,20,14,50,0.44300000,28.58333333,44.08833333,0.40410179
2001-01-20T15:00:00,1,1,20,15,0,0.42500000,28.40000000,43.27500000,0.38927238
2001-01-20T15:10:00,1,1,20,15,10,0.42816667,28.23333333,43.21916667,0.39228280
2001-01-20T15:20:00,1,1,20,15,20,0.43133333,28.06666667,43.16333333,0.39529486
2001-01-20T15:30:00,1,1,20,15,30,0.43450000,27.90000000,43.10750000,0.39830854
2001-01-20T15:40:00,1,1,20,15,40,0.43766667,27.73333333,43.05166667,0.40132385
2001-01-20T15:50:00,1,1,20,15,50,0.44083333,27.56666667,42.99583333,0.40434078
2001-01-20T16:00:00,1,1,20,16,0,0.44400000,27.40000000,42.94000000,0.40735934
2001-01-20T16:10:00,1,1,20,16,10,0.39416667,27.45000000,41.24583333,0.36471026
2001-01-20T16:20:00,1,1,20,16,20,0.34433333,27.50000000,39.55166667,0.32128446
2001-01-20T16:30:00,1,1,20,16,30,0.29450000,27.55000000,37.85750000,0.27708194
2001-01-20T16:40:00,1,1,20,16,40,0.24466667,27.60000000,36.16333333,0.23210271
2001-01-20T16:50:00,1,1,20,16,50,0.19483333,27.65000000,34.46916667,0.18634675
2001-01-20T17:00:00,1,1,20,17,0,0.14500000,27.70000000,32.77500000,0.13981407
2001-01-20T17:10:00,1,1,20,17,10,0.12500000,27.38333333,31.75833333,0.12111396
2001-01-20T17:20:00,1,1,20,17,20,0.10500000,27.06666667,30.74166667,0.10222677
2001-01-20T17:30:00,1,1,20,17,30,0.08500000,26.75000000,29.72500000,0.08315252
2001-01-20T17:40:00,1,1,20,17,40,0.06500000,26.43333333,28.70833333,0.06389121
2001-01-20T17:50:00,1,1,20,17,50,0.04500000,26.11666667,27.69166667,0.04444282
2001-01-20T18:00:00,1,1,20,18,0,0.02500000,25.80000000,26.67500000,0.02480738
2001-01-20T18:10:00,1,1,20,18,10,0.02083333,25.58333333,26.31250000,0.02070755
2001-01-20T18:20:00,1,1,20,18,20,0.01666667,25.36666667,25.95000000,0.01659383
2001-01-20T18:30:00,1,1,20,18,30,0.01250000,25.15000000,25.58750000,0.01246622
2001-01-20T18:40:00,1,1,20,18,40,0.00833333,24.93333333,25.22500000,0.00832471
2001-01-20T18:50:00,1,1,20,18,50,0.00416667,24.71666667,24.86250000,0.00416930
2001-01-20T19:00:00,1,1,20,19,0,0.00000000,24.50000000,24.50000000,0.00000000
2001-01-20T19:10:00,1,1,20,19,10,0.00000000,24.45000000,24.45000000,0.00000000
2001-01-20T19:20:00,1,1,20,19,20,0.00000000,24.40000000,24.40000000,0.00000000
2001-01-20T19:30:00,1,1,20,19,30,0.00000000,24.35000000,24.35000000,0.00000000
2001-01-20T19:40:00,1,1,20,19,40,0.00000000,24.30000000,24.30000000,0.00000000
2001-01-20T19:50:00,1,1,20,19,50,0.00000000,24.25000000,24.25000000,0.00000000
2001-01-20T20:00:00,1,1,20,20,0,0.00000000,24.20000000,24.20000000,0.00000000
2001-01-20T20:10:00,1,1,20,20,10,0.00000000,24.06666667,24.06666667,0.00000000
2001-01-20T20:20:00,1,1,20,20,20,0.00000000,23.93333333,23.93333333,0.00000000
2001-01-20T20:30:00,1,1,20,20,30,0.00000000,23.80000000,23.80000000,0.00000000
2001-01-20T20:40:00,1,1,20,20,40,0.00000000,23.66666667,23.66666667,0.00000000
2001-01-20T20:50:00,1,1,20,20,50,0.00000000,23.53333333,23.53333333,0.00000000
2001-01-20T21:00:00,1,1,20,21,0,0.00000000,23.40000000,23.40000000,0.00000000
2001-01-20T21:10:00,1,1,20,21,10,0.00000000,23.33333333,23.33333333,0.00000000
2001-01-20T21:20:00,1,1,20,21,20,0.00000000,23.26666667,23.26666667,0.00000000
2001-01-20T21:30:00,1,1,20,21,30,0.00000000,23.20000000,23.20000000,0.00000000
2001-01-20T21:40:00,1,1,20,21,40,0.00000000,23.13333333,23.13333333,0.00000000
2001-01-20T21:50:00,1,1,20,21,50,0.00000000,23.06666667,23.06666667,0.00000000
2001-01-20T22:00:00,1,1,20,22,0,0.00000000,23.00000000,23.00000000,0.00000000
2001-01-20T22:10:00,1,1,20,22,10,0.00000000,22.95000000,22.95000000,0.00000000
2001-01-20T22:20:00,1,1,20,22,20,0.00000000,22.90000000,22.90000000,0.00000000
2001-01-20T22:30:00,1,1,20,22,30,0.00000000,22.85000000,22.85000000,0.00000000
2001-01-20T22:40:00,1,1,20,22,40,0.00000000,22.80000000,22.80000000,0.00000000
2001-01-20T22:50:00,1,1,20,22,50,0.00000000,22.75000000,22.75000000,0.00000000
2001-01-20T23:00:00,1,1,20,23,0,0.00000000,22.70000000,22.70000000,0.00000000
2001-01-20T23:10:00,1,1,20,23,10,0.00000000,22.60000000,22.60000000,0.00000000
2001-01-20T23:20:00,1,1,20,23,20,0.00000000,22.50000000,22.50000000,0.00000000
2001-01-20T23:30:00,1,1,20,23,30,0.00000000,22.40000000,22.40000000,0.00000000
2001-01-20T23:40:00,1,1,20,23,40,0.00000000,22.30000000,22.30000000,0.00000000
2001-01-20T23:50:00,1,1,20,23,50,0.00000000,22.20000000,22.20000000,0.00000000
2001-01-21T00:00:00,1,1,21,0,0,0.00000000,22.10000000,22.10000000,0.00000000
2001-01-21T00:10:00,1,1,21,0,10,0.00000000,22.01666667,22.01666667,0.00000000
2001-01-21T00:20:00,1,1,21,0,20,0.00000000,21.93333333,21.93333333,0.00000000
2001-01-21T00:30:00,1,1,21,0,30,0.00000000,21.85000000,21.85000000,0.00000000
2001-01-21T00:40:00,1,1,21,0,40,0.00000000,21.76666667,21.76666667,0.00000000
2001-01-21T00:50:00,1,1,21,0,50,0.00000000,21.68333333,21.68333333,0.00000000
2001-01-21T01:00:00,1,1,21,1,0,0.00000000,21.60000000,21.60000000,0.00000000
2001-01-21T01:10:00,1,1,21,1,10,0.00000000,21.61666667,21.61666667,0.00000000
2001-01-21T01:20:00,1,1,21,1,20,0.00000000,21.63333333,21.63333333,0.00000000
2001-01-21T01:30:00,1,1,21,1,30,0.00000000,21.65000000,21.65000000,0.00000000
2001-01-21T01:40:00,1,1,21,1,40,0.00000000,21.66666667,21.66666667,0.00000000
2001-01-21T01:50:00,1,1,21,1,50,0.00000000,21.68333333,21.68333333,0.00000000
2001-01-21T02:00:00,1,1,21,2,0,0.00000000,21.70000000,21.70000000,0.00000000
2001-01-21T02:10:00,1,1,21,2,10,0.00000000,21.71666667,21.71666667,0.00000000
2001-01-21T02:20:00,1,1,21,2,20,0.00000000,21.73333333,21.73333333,0.00000000
2001-01-21T02:30:00,1,1,21,2,30,0.00000000,21.75000000,21.75000000,0.00000000
2001-01-21T02:40:00,1,1,21,2,40,0.00000000,21.76666667,21.76666667,0.00000000
2001-01-21T02:50:00,1,1,21,2,50,0.00000000,21.78333333,21.78333333,0.00000000
2001-01-21T03:00:00,1,1,21,3,0,0.00000000,21.80000000,21.80000000,0.00000000
2001-01-21T03:10:00,1,1,21,3,10,0.00000000,21.70000000,21.70000000,0.00000000
2001-01-21T03:20:00,1,1,21,3,20,0.00000000,21.60000000,21.60000000,0.00000000
2001-01-21T03:30:00,1,1,21,3,30,0.00000000,21.50000000,21.50000000,0.00000000
2001-01-21T03:40:00,1,1,21,3,40,0.00000000,21.40000000,21.40000000,0.00000000
2001-01-21T03:50:00,1,1,21,3,50,0.00000000,21.30000000,21.30000000,0.00000000
2001-01-21T04:00:00,1,1,21,4,0,0.00000000,21.20000000,21.20000000,0.00000000
2001-01-21T04:10:00,1,1,21,4,10,0.00250000,21.26666667,21.35416667,0.00254193
2001-01-21T04:20:00,1,1,21,4,20,0.00500000,21.33333333,21.50833333,0.00508031
2001-01-21T04:30:00,1,1,21,4,30,0.00750000,21.40000000,21.66250000,0.00761514
2001-01-21T04:40:00,1,1,21,4,40,0.01000000,21.46666667,21.81666667,0.01014643
2001-01-21T04:50:00,1,1,21,4,50,0.01250000,21.53333333,21.97083333,0.01267418
2001-01-21T05:00:00,1,1,21,5,0,0.01500000,21.60000000,22.12500000,0.01519838
2001-01-21T05:10:00,1,1,21,5,10,0.03983333,21.75000000,23.14416667,0.04017338
2001-01-21T05:20:00,1,1,21,5,20,0.06466667,21.90000000,24.16333333,0.06491555
2001-01-21T05:30:00,1,1,21,5,30,0.08950000,22.05000000,25.18250000,0.08942486
2001-01-21T05:40:00,1,1,21,5,40,0.11433333,22.20000000,26.20166667,0.11370134
2001-01-21T05:50:00,1,1,21,5,50,0.13916667,22.35000000,27.22083333,0.13774496
2001-01-21T06:00:00,1,1,21,6,0,0.16400000,22.50000000,28.24000000,0.16155574
2001-01-21T06:10:00,1,1,21,6,10,0.18500000,22.61666667,29.09166667,0.18151799
2001-01-21T06:20:00,1,1,21,6,20,0.20600000,22.73333333,29.94333333,0.20131570
2001-01-21T06:30:00,1,1,21,6,30,0.22700000,22.85000000,30.79500000,0.22094886
2001-01-21T06:40:00,1,1,21,6,40,0.24800000,22.96666667,31.64666667,0.24041748
2001-01-21T06:50:00,1,1,21,6,50,0.26900000,23.08333333,32.49833333,0.25972156
2001-01-21T07:00:00,1,1,21,7,0,0.29000000,23.20000000,33.35000000,0.27886110
2001-01-21T07:10:00,1,1,21,7,10,0.27150000,23.45000000,32.95250000,0.26156812
2001-01-21T07:20:00,1,1,21,7,20,0.25300000,23.70000000,32.55500000,0.24420749
2001-01-21T07:30:00,1,1,21,7,30,0.23450000,23.95000000,32.15750000,0.22677920
2001-01-21T07:40:00,1,1,21,7,40,0.21600000,24.20000000,31.76000000,0.20928326
2001-01-21T07:50:00,1,1,21,7,50,0.19750000,24.45000000,31.36250000,0.19171967
2001-01-21T08:00:00,1,1,21,8,0,0.17900000,24.70000000,30.96500000,0.17408842
2001-01-21T08:10:00,1,1,21,8,10,0.19633333,24.60000000,31.47166667,0.19048856
2001-01-21T08:20:00,1,1,21,8,20,0.21366667,24.50000000,31.97833333,0.20680790
2001-01-21T08:30:00,1,1,21,8,30,0.23100000,24.40000000,32.48500000,0.22304644
2001-01-21T08:40:00,1,1,21,8,40,0.24833333,24.30000000,32.99166667,0.23920419
2001-01-21T08:50:00,1,1,21,8,50,0.26566667,24.20000000,33.49833333,0.25528114
2001-01-21T09:00:00,1,1,21,9,0,0.28300000,24.10000000,34.00500000,0.27127729
2001-01-21T09:10:00,1,1,21,9,10,0.35816667,24.23333333,36.76916667,0.33877618
2001-01-21T09:20:00,1,1,21,9,20,0.43333333,24.36666667,39.53333333,0.40436356
2001-01-21T09:30:00,1,1,21,9,30,0.50850000,24.50000000,42.29750000,0.46803942
2001-01-21T09:40:00,1,1,21,9,40,0.58366667,24.63333333,45.06166667,0.52980377
2001-01-21T09:50:00,1,1,21,9,50,0.65883333,24.76666667,47.82583333,0.58965660
2001-01-21T10:00:00,1,1,21,10,0,0.73400000,24.90000000,50.59000000,0.64759792
2001-01-21T10:10:00,1,1,21,10,10,0.73916667,25.45000000,51.32083333,0.64967145
2001-01-21T10:20:00,1,1,21,10,20,0.74433333,26.00000000,52.05166667,0.65171023
2001-01-21T10:30:00,1,1,21,10,30,0.74950000,26.55000000,52.78250000,0.65371427
2001-01-21T10:40:00,1,1,21,10,40,0.75466667,27.10000000,53.51333333,0.65568358
2001-01-21T10:50:00,1,1,21,10,50,0.75983333,27.65000000,54.24416667,0.65761815
2001-01-21T11:00:00,1,1,21,11,0,0.76500000,28.20000000,54.97500000,0.65951797
2001-01-21T11:10:00,1,1,21,11,10,0.77416667,28.33333333,55.42916667,0.66580333
2001-01-21T11:20:00,1,1,21,11,20,0.78333333,28.46666667,55.88333333,0.67205039
2001-01-21T11:30:00,1,1,21,11,30,0.79250000,28.60000000,56.33750000,0.67825914
2001-01-21T11:40:00,1,1,21,11,40,0.80166667,28.73333333,56.79166667,0.68442960
2001-01-21T11:50:00,1,1,21,11,50,0.81083333,28.86666667,57.24583333,0.69056175
2001-01-21T12:00:00,1,1,21,12,0,0.82000000,29.00000000,57.70000000,0.69665560
2001-01-21T12:10:00,1,1,21,12,10,0.73950000,29.08333333,54.96583333,0.63756522
2001-01-21T12:20:00,1,1,21,12,20,0.65900000,29.16666667,52.23166667,0.57644993
2001-01-21T12:30:00,1,1,21,12,30,0.57850000,29.25000000,49.49750000,0.51330970
2001-01-21T12:40:00,1,1,21,12,40,0.49800000,29.33333333,46.76333333,0.44814456
2001-01-21T12:50:00,1,1,21,12,50,0.41750000,29.41666667,44.02916667,0.38095449
2001-01-21T13:00:00,1,1,21,13,0,0.33700000,29.50000000,41.29500000,0.31173949
2001-01-21T13:10:00,1,1,21,13,10,0.40816667,29.05000000,43.33583333,0.37373992
2001-01-21T13:20:00,1,1,21,13,20,0.47933333,28.60000000,45.37666667,0.43440414
2001-01-21T13:30:00,1,1,21,13,30,0.55050000,28.15000000,47.41750000,0.49373216
2001-01-21T13:40:00,1,1,21,13,40,0.62166667,27.70000000,49.45833333,0.55172399
2001-01-21T13:50:00,1,1,21,13,50,0.69283333,27.25000000,51.49916667,0.60837961
2001-01-21T14:00:00,1,1,21,14,0,0.76400000,26.80000000,53.54000000,0.66369902
2001-01-21T14:10:00,1,1,21,14,10,0.70550000,27.28333333,51.97583333,0.61795533
2001-01-21T14:20:00,1,1,21,14,20,0.64700000,27.76666667,50.41166667,0.57136980
2001-01-21T14:30:00,1,1,21,14,30,0.58850000,28.25000000,48.84750000,0.52394243
2001-01-21T14:40:00,1,1,21,14,40,0.53000000,28.73333333,47.28333333,0.47567323
2001-01-21T14:50:00,1,1,21,14,50,0.47150000,29.21666667,45.71916667,0.42656220
2001-01-21T15:00:00,1,1,21,15,0,0.41300000,29.70000000,44.15500000,0.37660933
2001-01-21T15:10:00,1,1,21,15,10,0.37433333,29.21666667,42.31833333,0.34451232
2001-01-21T15:20:00,1,1,21,15,20,0.33566667,28.73333333,40.48166667,0.31176194
2001-01-21T15:30:00,1,1,21,15,30,0.29700000,28.25000000,38.64500000,0.27835820
2001-01-21T15:40:00,1,1,21,15,40,0.25833333,27.76666667,36.80833333,0.24430110
2001-01-21T15:50:00,1,1,21,15,50,0.21966667,27.28333333,34.97166667,0.20959063
2001-01-21T16:00:00,1,1,21,16,0,0.18100000,26.80000000,33.13500000,0.17422680
2001-01-21T16:10:00,1,1,21,16,10,0.17833333,26.53333333,32.77500000,0.17195524
2001-01-21T16:20:00,1,1,21,16,20,0.17566667,26.26666667,32.41500000,0.16967485
2001-01-21T16:30:00,1,1,21,16,30,0.17300000,26.00000000,32.05500000,0.16738563
2001-01-21T16:40:00,1,1,21,16,40,0.17033333,25.73333333,31.69500000,0.16508758
2001-01-21T16:50:00,1,1,21,16,50,0.16766667,25.46666667,31.33500000,0.16278069
2001-01-21T17:00:00,1,1,21,17,0,0.16500000,25.20000000,30.97500000,0.16046498
2001-01-21T17:10:00,1,1,21,17,10,0.14083333,25.13333333,30.06250000,0.13755368
2001-01-21T17:20:00,1,1,21,17,20,0.11666667,25.06666667,29.15000000,0.11443950
2001-01-21T17:30:00,1,1,21,17,30,0.09250000,25.00000000,28.23750000,0.09112244
2001-01-21T17:40:00,1,1,21,17,40,0.06833333,24.93333333,27.32500000,0.06760251
2001-01-21T17:50:00,1,1,21,17,50,0.04416667,24.86666667,26.41250000,0.04387969
2001-01-21T18:00:00,1,1,21,18,0,0.02000000,24.80000000,25.50000000,0.01995400
2001-01-21T18:10:00,1,1,21,18,10,0.01666667,24.61666667,25.20000000,0.01665133
2001-01-21T18:20:00,1,1,21,18,20,0.01333333,24.43333333,24.90000000,0.01333947
2001-01-21T18:30:00,1,1,21,18,30,0.01000000,24.25000000,24.60000000,0.01001840
2001-01-21T18:40:00,1,1,21,18,40,0.00666667,24.06666667,24.30000000,0.00668813
2001-01-21T18:50:00,1,1,21,18,50,0.00333333,23.88333333,24.00000000,0.00334867
2001-01-21T19:00:00,1,1,21,19,0,0.00000000,23.70000000,23.70000000,0.00000000
2001-01-21T19:10:00,1,1,21,19,10,0.00000000,23.58333333,23.58333333,0.00000000
2001-01-21T19:20:00,1,1,21,19,20,0.00000000,23.46666667,23.46666667,0.00000000
2001-01-21T19:30:00,1,1,21,19,30,0.00000000,23.35000000,23.35000000,0.00000000
2001-01-21T19:40:00,1,1,21,19,40,0.00000000,23.23333333,23.23333333,0.00000000
2001-01-21T19:50:00,1,1,21,19,50,0.00000000,23.11666667,23.11666667,0.00000000
2001-01-21T20:00:00,1,1,21,20,0,0.00000000,23.00000000,23.00000000,0.00000000
2001-01-21T20:10:00,1,1,21,20,10,0.00000000,23.01666667,23.01666667,0.00000000
2001-01-21T20:20:00,1,1,21,20,20,0.00000000,23.03333333,23.03333333,0.00000000
2001-01-21T20:30:00,1,1,21,20,30,0.00000000,23.05000000,23.05000000,0.00000000
2001-01-21T20:40:00,1,1,21,20,40,0.00000000,23.06666667,23.06666667,0.00000000
2001-01-21T20:50:00,1,1,21,20,50,0.00000000,23.08333333,23.08333333,0.00000000
2001-01-21T21:00:00,1,1,21,21,0,0.00000000,23.10000000,23.10000000,0.00000000
2001-01-21T21:10:00,1,1,21,21,10,0.00000000,22.88333333,22.88333333,0.00000000
2001-01-21T21:20:00,1,1,21,21,20,0.00000000,22.66666667,22.66666667,0.00000000
2001-01-21T21:30:00,1,1,21,21,30,0.00000000,22.45000000,22.45000000,0.00000000
2001-01-21T21:40:00,1,1,21,21,40,0.00000000,22.23333333,22.23333333,0.00000000
2001-01-21T21:50:00,1,1,21,21,50,0.00000000,22.01666667,22.01666667,0.00000000
2001-01-21T22:00:00,1,1,21,22,0,0.00000000,21.80000000,21.80000000,0.00000000
2001-01-21T22:10:00,1,1,21,22,10,0.00000000,21.71666667,21.71666667,0.00000000
2001-01-21T22:20:00,1,1,21,22,20,0.00000000,21.63333333,21.63333333,0.00000000
2001-01-21T22:30:00,1,1,21,22,30,0.00000000,21.55000000,21.55000000,0.00000000
2001-01-21T22:40:00,1,1,21,22,40,0.00000000,21.46666667,21.46666667,0.00000000
2001-01-21T22:50:00,1,1,21,22,50,0.00000000,21.38333333,21.38333333,0.00000000
2001-01-21T23:00:00,1,1,21,23,0,0.00000000,21.30000000,21.30000000,0.00000000
2001-01-21T23:10:00,1,1,21,23,10,0.00000000,21.30000000,21.30000000,0.00000000
2001-01-21T23:20:00,1,1,21,23,20,0.00000000,21.30000000,21.30000000,0.00000000
2001-01-21T23:30:00,1,1,21,23,30,0.00000000,21.30000000,21.30000000,0.00000000
2001-01-21T23:40:00,1,1,21,23,40,0.00000000,21.30000000,21.30000000,0.00000000
2001-01-21T23:50:00,1,1,21,23,50,0.00000000,21.30000000,21.30000000,0.00000000
2001-01-22T00:00:00,1,1,22,0,0,0.00000000,21.30000000,21.30000000,0.00000000
2001-01-22T00:10:00,1,1,22,0,10,0.00000000,21.30000000,21.30000000,0.00000000
2001-01-22T00:20:00,1,1,22,0,20,0.00000000,21.30000000,21.30000000,0.00000000
2001-01-22T00:30:00,1,1,22,0,30,0.00000000,21.30000000,21.30000000,0.00000000
2001-01-22T00:40:00,1,1,22,0,40,0.00000000,21.30000000,21.30000000,0.00000000
2001-01-22T00:50:00,1,1,22,0,50,0.00000000,21.30000000,21.30000000,0.00000000
2001-01-22T01:00:00,1,1,22,1,0,0.00000000,21.30000000,21.30000000,0.00000000
2001-01-22T01:10:00,1,1,22,1,10,0.00000000,21.36666667,21.36666667,0.00000000
2001-01-22T01:20:00,1,1,22,1,20,0.00000000,21.43333333,21.43333333,0.00000000
2001-01-22T01:30:00,1,1,22,1,30,0.00000000,21.50000000,21.50000000,0.00000000
2001-01-22T01:40:00,1,1,22,1,40,0.00000000,21.56666667,21.56666667,0.00000000
2001-01-22T01:50:00,1,1,22,1,50,0.00000000,21.63333333,21.63333333,0.00000000
2001-01-22T02:00:00,1,1,22,2,0,0.00000000,21.70000000,21.70000000,0.00000000
2001-01-22T02:10:00,1,1,22,2,10,0.00000000,21.63333333,21.63333333,0.00000000
2001-01-22T02:20:00,1,1,22,2,20,0.00000000,21.56666667,21.56666667,0.00000000
2001-01-22T02:30:00,1,1,22,2,30,0.00000000,21.50000000,21.50000000,0.00000000
2001-01-22T02:40:00,1,1,22,2,40,0.00000000,21.43333333,21.43333333,0.00000000
2001-01-22T02:50:00,1,1,22,2,50,0.00000000,21.36666667,21.36666667,0.00000000
2001-01-22T03:00:00,1,1,22,3,0,0.00000000,21.30000000,21.30000000,0.00000000
2001-01-22T03:10:00,1,1,22,3,10,0.00000000,21.26666667,21.26666667,0.00000000
2001-01-22T03:20:00,1,1,22,3,20,0.00000000,21.23333333,21.23333333,0.00000000
2001-01-22T03:30:00,1,1,22,3,30,0.00000000,21.20000000,21.20000000,0.00000000
2001-01-22T03:40:00,1,1,22,3,40,0.00000000,21.16666667,21.16666667,0.00000000
2001-01-22T03:50:00,1,1,22,3,50,0.00000000,21.13333333,21.13333333,0.00000000
2001-01-22T04:00:00,1,1,22,4,0,0.00000000,21.10000000,21.10000000,0.00000000
2001-01-22T04:10:00,1,1,22,4,10,0.00266667,21.03333333,21.12666667,0.00271418
2001-01-22T04:20:00,1,1,22,4,20,0.00533333,20.96666667,21.15333333,0.00542770
2001-01-22T04:30:00,1,1,22,4,30,0.00800000,20.90000000,21.18000000,0.00814058
2001-01-22T04:40:00,1,1,22,4,40,0.01066667,20.83333333,21.20666667,0.01085279
2001-01-22T04:50:00,1,1,22,4,50,0.01333333,20.76666667,21.23333333,0.01356436
2001-01-22T05:00:00,1,1,22,5,0,0.01600000,20.70000000,21.26000000,0.01627526
2001-01-22T05:10:00,1,1,22,5,10,0.04333333,20.85000000,22.36666667,0.04385824
2001-01-22T05:20:00,1,1,22,5,20,0.07066667,21.00000000,23.47333333,0.07116294
2001-01-22T05:30:00,1,1,22,5,30,0.09800000,21.15000000,24.58000000,0.09818934
2001-01-22T05:40:00,1,1,22,5,40,0.12533333,21.30000000,25.68666667,0.12493745
2001-01-22T05:50:00,1,1,22,5,50,0.15266667,21.45000000,26.79333333,0.15140727
2001-01-22T06:00:00,1,1,22,6,0,0.18000000,21.60000000,27.90000000,0.17759880
2001-01-22T06:10:00,1,1,22,6,10,0.19016667,21.80000000,28.45583333,0.18714362
2001-01-22T06:20:00,1,1,22,6,20,0.20033333,22.00000000,29.01166667,0.19663645
2001-01-22T06:30:00,1,1,22,6,30,0.21050000,22.20000000,29.56750000,0.20607729
2001-01-22T06:40:00,1,1,22,6,40,0.22066667,22.40000000,30.12333333,0.21546614
2001-01-22T06:50:00,1,1,22,6,50,0.23083333,22.60000000,30.67916667,0.22480300
2001-01-22T07:00:00,1,1,22,7,0,0.24100000,22.80000000,31.23500000,0.23408788
2001-01-22T07:10:00,1,1,22,7,10,0.25133333,22.93333333,31.73000000,0.24355256
2001-01-22T07:20:00,1,1,22,7,20,0.26166667,23.06666667,32.22500000,0.25297017
2001-01-22T07:30:00,1,1,22,7,30,0.27200000,23.20000000,32.72000000,0.26234074
2001-01-22T07:40:00,1,1,22,7,40,0.28233333,23.33333333,33.21500000,0.27166424
2001-01-22T07:50:00,1,1,22,7,50,0.29266667,23.46666667,33.71000000,0.28094068
2001-01-22T08:00:00,1,1,22,8,0,0.30300000,23.60000000,34.20500000,0.29017007
2001-01-22T08:10:00,1,1,22,8,10,0.31683333,23.73333333,34.82250000,0.30251769
2001-01-22T08:20:00,1,1,22,8,20,0.33066667,23.86666667,35.44000000,0.31478673
2001-01-22T08:30:00,1,1,22,8,30,0.34450000,24.00000000,36.05750000,0.32697718
2001-01-22T08:40:00,1,1,22,8,40,0.35833333,24.13333333,36.67500000,0.33908904
2001-01-22T08:50:00,1,1,22,8,50,0.37216667,24.26666667,37.29250000,0.35112232
2001-01-22T09:00:00,1,1,22,9,0,0.38600000,24.40000000,37.91000000,0.36307700
2001-01-22T09:10:00,1,1,22,9,10,0.44550000,24.61666667,40.20916667,0.41433185
2001-01-22T09:20:00,1,1,22,9,20,0.50500000,24.83333333,42.50833333,0.46432814
2001-01-22T09:30:00,1,1,22,9,30,0.56450000,25.05000000,44.80750000,0.51306586
2001-01-22T09:40:00,1,1,22,9,40,0.62400000,25.26666667,47.10666667,0.56054502
2001-01-22T09:50:00,1,1,22,9,50,0.68350000,25.48333333,49.40583333,0.60676562
2001-01-22T10:00:00,1,1,22,10,0,0.74300000,25.70000000,51.70500000,0.65172765
2001-01-22T10:10:00,1,1,22,10,10,0.71650000,26.01666667,51.09416667,0.63049624
2001-01-22T10:20:00,1,1,22,10,20,0.69000000,26.33333333,50.48333333,0.60911590
2001-01-22T10:30:00,1,1,22,10,30,0.66350000,26.65000000,49.87250000,0.58758664
2001-01-22T10:40:00,1,1,22,10,40,0.63700000,26.96666667,49.26166667,0.56590846
2001-01-22T10:50:00,1,1,22,10,50,0.61050000,27.28333333,48.65083333,0.54408136
2001-01-22T11:00:00,1,1,22,11,0,0.58400000,27.60000000,48.04000000,0.52210534
2001-01-22T11:10:00,1,1,22,11,10,0.60383333,27.51666667,48.65083333,0.53813999
2001-01-22T11:20:00,1,1,22,11,20,0.62366667,27.43333333,49.26166667,0.55406318
2001-01-22T11:30:00,1,1,22,11,30,0.64350000,27.35000000,49.87250000,0.56987491
2001-01-22T11:40:00,1,1,22,11,40,0.66333333,27.26666667,50.48333333,0.58557519
2001-01-22T11:50:00,1,1,22,11,50,0.68316667,27.18333333,51.09416667,0.60116401
2001-01-22T12:00:00,1,1,22,12,0,0.70300000,27.10000000,51.70500000,0.61664137
2001-01-22T12:10:00,1,1,22,12,10,0.73150000,27.26666667,52.86916667,0.63772304
2001-01-22T12:20:00,1,1,22,12,20,0.76000000,27.43333333,54.03333333,0.65849947
2001-01-22T12:30:00,1,1,22,12,30,0.78850000,27.60000000,55.19750000,0.67897065
2001-01-22T12:40:00,1,1,22,12,40,0.81700000,27.76666667,56.36166667,0.69913658
2001-01-22T12:50:00,1,1,22,12,50,0.84550000,27.93333333,57.52583333,0.71899728
2001-01-22T13:00:00,1,1,22,13,0,0.87400000,28.10000000,58.69000000,0.73855272
2001-01-22T13:10:00,1,1,22,13,10,0.84133333,28.13333333,57.58000000,0.71524439
2001-01-22T13:20:00,1,1,22,13,20,0.80866667,28.16666667,56.47000000,0.69160246
2001-01-22T13:30:00,1,1,22,13,30,0.77600000,28.20000000,55.36000000,0.66762694
2001-01-22T13:40:00,1,1,22,13,40,0.74333333,28.23333333,54.25000000,0.64331783
2001-01-22T13:50:00,1,1,22,13,50,0.71066667,28.26666667,53.14000000,0.61867513
2001-01-22T14:00:00,1,1,22,14,0,0.67800000,28.30000000,52.03000000,0.59369884
2001-01-22T14:10:00,1,1,22,14,10,0.60550000,28.18333333,49.37583333,0.53760599
2001-01-22T14:20:00,1,1,22,14,20,0.53300000,28.06666667,46.72166667,0.47974282
2001-01-22T14:30:00,1,1,22,14,30,0.46050000,27.95000000,44.06750000,0.42010931
2001-01-22T14:40:00,1,1,22,14,40,0.38800000,27.83333333,41.41333333,0.35870548
2001-01-22T14:50:00,1,1,22,14,50,0.31550000,27.71666667,38.75916667,0.29553132
2001-01-22T15:00:00,1,1,22,15,0,0.24300000,27.60000000,36.10500000,0.23058683
2001-01-22T15:10:00,1,1,22,15,10,0.23050000,27.28333333,35.35083333,0.21952501
2001-01-22T15:20:00,1,1,22,15,20,0.21800000,26.96666667,34.59666667,0.20837646
2001-01-22T15:30:00,1,1,22,15,30,0.20550000,26.65000000,33.84250000,0.19714118
2001-01-22T15:40:00,1,1,22,15,40,0.19300000,26.33333333,33.08833333,0.18581918
2001-01-22T15:50:00,1,1,22,15,50,0.18050000,26.01666667,32.33416667,0.17441044
2001-01-22T16:00:00,1,1,22,16,0,0.16800000,25.70000000,31.58000000,0.16291498
2001-01-22T16:10:00,1,1,22,16,10,0.17183333,25.71666667,31.73083333,0.16651306
2001-01-22T16:20:00,1,1,22,16,20,0.17566667,25.73333333,31.88166667,0.17010582
2001-01-22T16:30:00,1,1,22,16,30,0.17950000,25.75000000,32.03250000,0.17369326
2001-01-22T16:40:00,1,1,22,16,40,0.18333333,25.76666667,32.18333333,0.17727539
2001-01-22T16:50:00,1,1,22,16,50,0.18716667,25.78333333,32.33416667,0.18085219
2001-01-22T17:00:00,1,1,22,17,0,0.19100000,25.80000000,32.48500000,0.18442368
2001-01-22T17:10:00,1,1,22,17,10,0.16250000,25.76666667,31.45416667,0.15767551
2001-01-22T17:20:00,1,1,22,17,20,0.13400000,25.73333333,30.42333333,0.13065706
2001-01-22T17:30:00,1,1,22,17,30,0.10550000,25.70000000,29.39250000,0.10336832
2001-01-22T17:40:00,1,1,22,17,40,0.07700000,25.66666667,28.36166667,0.07580930
2001-01-22T17:50:00,1,1,22,17,50,0.04850000,25.63333333,27.33083333,0.04797999
2001-01-22T18:00:00,1,1,22,18,0,0.02000000,25.60000000,26.30000000,0.01988040
2001-01-22T18:10:00,1,1,22,18,10,0.01666667,25.38333333,25.96666667,0.01659256
2001-01-22T18:20:00,1,1,22,18,20,0.01333333,25.16666667,25.63333333,0.01329449
2001-01-22T18:30:00,1,1,22,18,30,0.01000000,24.95000000,25.30000000,0.00998620
2001-01-22T18:40:00,1,1,22,18,40,0.00666667,24.73333333,24.96666667,0.00666769
2001-01-22T18:50:00,1,1,22,18,50,0.00333333,24.51666667,24.63333333,0.00333896
2001-01-22T19:00:00,1,1,22,19,0,0.00000000,24.30000000,24.30000000,0.00000000
2001-01-22T19:10:00,1,1,22,19,10,0.00000000,24.20000000,24.20000000,0.00000000
2001-01-22T19:20:00,1,1,22,19,20,0.00000000,24.10000000,24.10000000,0.00000000
2001-01-22T19:30:00,1,1,22,19,30,0.00000000,24.00000000,24.00000000,0.00000000
2001-01-22T19:40:00,1,1,22,19,40,0.00000000,23.90000000,23.90000000,0.00000000
2001-01-22T19:50:00,1,1,22,19,50,0.00000000,23.80000000,23.80000000,0.00000000
2001-01-22T20:00:00,1,1,22,20,0,0.00000000,23.70000000,23.70000000,0.00000000
2001-01-22T20:10:00,1,1,22,20,10,0.00000000,23.75000000,23.75000000,0.00000000
2001-01-22T20:20:00,1,1,22,20,20,0.00000000,23.80000000,23.80000000,0.00000000
2001-01-22T20:30:00,1,1,22,20,30,0.00000000,23.85000000,23.85000000,0.00000000
2001-01-22T20:40:00,1,1,22,20,40,0.00000000,23.90000000,23.90000000,0.00000000
2001-01-22T20:50:00,1,1,22,20,50,0.00000000,23.95000000,23.95000000,0.00000000
2001-01-22T21:00:00,1,1,22,21,0,0.00000000,24.00000000,24.00000000,0.00000000
2001-01-22T21:10:00,1,1,22,21,10,0.00000000,23.88333333,23.88333333,0.00000000
2001-01-22T21:20:00,1,1,22,21,20,0.00000000,23.76666667,23.76666667,0.00000000
2001-01-22T21:30:00,1,1,22,21,30,0.00000000,23.65000000,23.65000000,0.00000000
2001-01-22T21:40:00,1,1,22,21,40,0.00000000,23.53333333,23.53333333,0.00000000
2001-01-22T21:50:00,1,1,22,21,50,0.00000000,23.41666667,23.41666667,0.00000000
2001-01-22T22:00:00,1,1,22,22,0,0.00000000,23.30000000,23.30000000,0.00000000
2001-01-22T22:10:00,1,1,22,22,10,0.00000000,23.25000000,23.25000000,0.00000000
2001-01-22T22:20:00,1,1,22,22,20,0.00000000,23.20000000,23.20000000,0.00000000
2001-01-22T22:30:00,1,1,22,22,30,0.00000000,23.15000000,23.15000000,0.00000000
2001-01-22T22:40:00,1,1,22,22,40,0.00000000,23.10000000,23.10000000,0.00000000
2001-01-22T22:50:00,1,1,22,22,50,0.00000000,23.05000000,23.05000000,0.00000000
2001-01-22T23:00:00,1,1,22,23,0,0.00000000,23.00000000,23.00000000,0.00000000
2001-01-22T23:10:00,1,1,22,23,10,0.00000000,23.11666667,23.11666667,0.00000000
2001-01-22T23:20:00,1,1,22,23,20,0.00000000,23.23333333,23.23333333,0.00000000
2001-01-22T23:30:00,1,1,22,23,30,0.00000000,23.35000000,23.35000000,0.00000000
2001-01-22T23:40:00,1,1,22,23,40,0.00000000,23.46666667,23.46666667,0.00000000
2001-01-22T23:50:00,1,1,22,23,50,0.00000000,23.58333333,23.58333333,0.00000000
2001-01-23T00:00:00,1,1,23,0,0,0.00000000,23.70000000,23.70000000,0.00000000
2001-01-23T00:10:00,1,1,23,0,10,0.00000000,23.55000000,23.55000000,0.00000000
2001-01-23T00:20:00,1,1,23,0,20,0.00000000,23.40000000,23.40000000,0.00000000
2001-01-23T00:30:00,1,1,23,0,30,0.00000000,23.25000000,23.25000000,0.00000000
2001-01-23T00:40:00,1,1,23,0,40,0.00000000,23.10000000,23.10000000,0.00000000
2001-01-23T00:50:00,1,1,23,0,50,0.00000000,22.95000000,22.95000000,0.00000000
2001-01-23T01:00:00,1,1,23,1,0,0.00000000,22.80000000,22.80000000,0.00000000
2001-01-23T01:10:00,1,1,23,1,10,0.00000000,22.81666667,22.81666667,0.00000000
2001-01-23T01:20:00,1,1,23,1,20,0.00000000,22.83333333,22.83333333,0.00000000
2001-01-23T01:30:00,1,1,23,1,30,0.00000000,22.85000000,22.85000000,0.00000000
2001-01-23T01:40:00,1,1,23,1,40,0.00000000,22.86666667,22.86666667,0.00000000
2001-01-23T01:50:00,1,1,23,1,50,0.00000000,22.88333333,22.88333333,0.00000000
2001-01-23T02:00:00,1,1,23,2,0,0.00000000,22.90000000,22.90000000,0.00000000
2001-01-23T02:10:00,1,1,23,2,10,0.00000000,22.81666667,22.81666667,0.00000000
2001-01-23T02:20:00,1,1,23,2,20,0.00000000,22.73333333,22.73333333,0.00000000
2001-01-23T02:30:00,1,1,23,2,30,0.00000000,22.65000000,22.65000000,0.00000000
2001-01-23T02:40:00,1,1,23,2,40,0.00000000,22.56666667,22.56666667,0.00000000
2001-01-23T02:50:00,1,1,23,2,50,0.00000000,22.48333333,22.48333333,0.00000000
2001-01-23T03:00:00,1,1,23,3,0,0.00000000,22.40000000,22.40000000,0.00000000
2001-01-23T03:10:00,1,1,23,3,10,0.00000000,22.36666667,22.36666667,0.00000000
2001-01-23T03:20:00,1,1,23,3,20,0.00000000,22.33333333,22.33333333,0.00000000
2001-01-23T03:30:00,1,1,23,3,30,0.00000000,22.30000000,22.30000000,0.00000000
2001-01-23T03:40:00,1,1,23,3,40,0.00000000,22.26666667,22.26666667,0.00000000
2001-01-23T03:50:00,1,1,23,3,50,0.00000000,22.23333333,22.23333333,0.00000000
2001-01-23T04:00:00,1,1,23,4,0,0.00000000,22.20000000,22.20000000,0.00000000
2001-01-23T04:10:00,1,1,23,4,10,0.00150000,22.18333333,22.23583333,0.00151907
2001-01-23T04:20:00,1,1,23,4,20,0.00300000,22.16666667,22.27166667,0.00303765
2001-01-23T04:30:00,1,1,23,4,30,0.00450000,22.15000000,22.30750000,0.00455573
2001-01-23T04:40:00,1,1,23,4,40,0.00600000,22.13333333,22.34333333,0.00607332
2001-01-23T04:50:00,1,1,23,4,50,0.00750000,22.11666667,22.37916667,0.00759042
2001-01-23T05:00:00,1,1,23,5,0,0.00900000,22.10000000,22.41500000,0.00910702
2001-01-23T05:10:00,1,1,23,5,10,0.01583333,22.15000000,22.70416667,0.01600055
2001-01-23T05:20:00,1,1,23,5,20,0.02266667,22.20000000,22.99333333,0.02287590
2001-01-23T05:30:00,1,1,23,5,30,0.02950000,22.25000000,23.28250000,0.02973306
2001-01-23T05:40:00,1,1,23,5,40,0.03633333,22.30000000,23.57166667,0.03657206
2001-01-23T05:50:00,1,1,23,5,50,0.04316667,22.35000000,23.86083333,0.04339287
2001-01-23T06:00:00,1,1,23,6,0,0.05000000,22.40000000,24.15000000,0.05019550
2001-01-23T06:10:00,1,1,23,6,10,0.07450000,22.63333333,25.24083333,0.07441747
2001-01-23T06:20:00,1,1,23,6,20,0.09900000,22.86666667,26.33166667,0.09839356
2001-01-23T06:30:00,1,1,23,6,30,0.12350000,23.10000000,27.42250000,0.12212378
2001-01-23T06:40:00,1,1,23,6,40,0.14800000,23.33333333,28.51333333,0.14560812
2001-01-23T06:50:00,1,1,23,6,50,0.17250000,23.56666667,29.60416667,0.16884659
2001-01-23T07:00:00,1,1,23,7,0,0.19700000,23.80000000,30.69500000,0.19183919
2001-01-23T07:10:00,1,1,23,7,10,0.20133333,24.26666667,31.31333333,0.19548634
2001-01-23T07:20:00,1,1,23,7,20,0.20566667,24.73333333,31.93166667,0.19910885
2001-01-23T07:30:00,1,1,23,7,30,0.21000000,25.20000000,32.55000000,0.20270670
2001-01-23T07:40:00,1,1,23,7,40,0.21433333,25.66666667,33.16833333,0.20627990
2001-01-23T07:50:00,1,1,23,7,50,0.21866667,26.13333333,33.78666667,0.20982845
2001-01-23T08:00:00,1,1,23,8,0,0.22300000,26.60000000,34.40500000,0.21335235
2001-01-23T08:10:00,1,1,23,8,10,0.21416667,26.71666667,34.21250000,0.20509082
2001-01-23T08:20:00,1,1,23,8,20,0.20533333,26.83333333,34.02000000,0.19681364
2001-01-23T08:30:00,1,1,23,8,30,0.19650000,26.95000000,33.82750000,0.18852082
2001-01-23T08:40:00,1,1,23,8,40,0.18766667,27.06666667,33.63500000,0.18021236
2001-01-23T08:50:00,1,1,23,8,50,0.17883333,27.18333333,33.44250000,0.17188825
2001-01-23T09:00:00,1,1,23,9,0,0.17000000,27.30000000,33.25000000,0.16354850
2001-01-23T09:10:00,1,1,23,9,10,0.18016667,27.10000000,33.40583333,0.17320019
2001-01-23T09:20:00,1,1,23,9,20,0.19033333,26.90000000,33.56166667,0.18283731
2001-01-23T09:30:00,1,1,23,9,30,0.20050000,26.70000000,33.71750000,0.19245985
2001-01-23T09:40:00,1,1,23,9,40,0.21066667,26.50000000,33.87333333,0.20206782
2001-01-23T09:50:00,1,1,23,9,50,0.22083333,26.30000000,34.02916667,0.21166120
2001-01-23T10:00:00,1,1,23,10,0,0.23100000,26.10000000,34.18500000,0.22124002
2001-01-23T10:10:00,1,1,23,10,10,0.24116667,26.23333333,34.67416667,0.23043447
2001-01-23T10:20:00,1,1,23,10,20,0.25133333,26.36666667,35.16333333,0.23958316
2001-01-23T10:30:00,1,1,23,10,30,0.26150000,26.50000000,35.65250000,0.24868611
2001-01-23T10:40:00,1,1,23,10,40,0.27166667,26.63333333,36.14166667,0.25774330
2001-01-23T10:50:00,1,1,23,10,50,0.28183333,26.76666667,36.63083333,0.26675473
2001-01-23T11:00:00,1,1,23,11,0,0.29200000,26.90000000,37.12000000,0.27572042
2001-01-23T11:10:00,1,1,23,11,10,0.33483333,27.18333333,38.90250000,0.31342024
2001-01-23T11:20:00,1,1,23,11,20,0.37766667,27.46666667,40.68500000,0.35041764
2001-01-23T11:30:00,1,1,23,11,30,0.42050000,27.75000000,42.46750000,0.38671261
2001-01-23T11:40:00,1,1,23,11,40,0.46333333,28.03333333,44.25000000,0.42230517
2001-01-23T11:50:00,1,1,23,11,50,0.50616667,28.31666667,46.03250000,0.45719529
2001-01-23T12:00:00,1,1,23,12,0,0.54900000,28.60000000,47.81500000,0.49138300
2001-01-23T12:10:00,1,1,23,12,10,0.55850000,29.26666667,48.81416667,0.49731902
2001-01-23T12:20:00,1,1,23,12,20,0.56800000,29.93333333,49.81333333,0.50316772
2001-01-23T12:30:00,1,1,23,12,30,0.57750000,30.60000000,50.81250000,0.50892909
2001-01-23T12:40:00,1,1,23,12,40,0.58700000,31.26666667,51.81166667,0.51460314
2001-01-23T12:50:00,1,1,23,12,50,0.59650000,31.93333333,52.81083333,0.52018985
2001-01-23T13:00:00,1,1,23,13,0,0.60600000,32.60000000,53.81000000,0.52568924
2001-01-23T13:10:00,1,1,23,13,10,0.56116667,32.70000000,52.34083333,0.49058995
2001-01-23T13:20:00,1,1,23,13,20,0.51633333,32.80000000,50.87166667,0.45488468
2001-01-23T13:30:00,1,1,23,13,30,0.47150000,32.90000000,49.40250000,0.41857342
2001-01-23T13:40:00,1,1,23,13,40,0.42666667,33.00000000,47.93333333,0.38165618
2001-01-23T13:50:00,1,1,23,13,50,0.38183333,33.10000000,46.46416667,0.34413296
2001-01-23T14:00:00,1,1,23,14,0,0.33700000,33.20000000,44.99500000,0.30600375
2001-01-23T14:10:00,1,1,23,14,10,0.29866667,32.48333333,42.93666667,0.27402408
2001-01-23T14:20:00,1,1,23,14,20,0.26033333,31.76666667,40.87833333,0.24131850
2001-01-23T14:30:00,1,1,23,14,30,0.22200000,31.05000000,38.82000000,0.20788702
2001-01-23T14:40:00,1,1,23,14,40,0.18366667,30.33333333,36.76166667,0.17372963
2001-01-23T14:50:00,1,1,23,14,50,0.14533333,29.61666667,34.70333333,0.13884633
2001-01-23T15:00:00,1,1,23,15,0,0.10700000,28.90000000,32.64500000,0.10323713
2001-01-23T15:10:00,1,1,23,15,10,0.09533333,28.26666667,31.60333333,0.09243755
2001-01-23T15:20:00,1,1,23,15,20,0.08366667,27.63333333,30.56166667,0.08152617
2001-01-23T15:30:00,1,1,23,15,30,0.07200000,27.00000000,29.52000000,0.07050298
2001-01-23T15:40:00,1,1,23,15,40,0.06033333,26.36666667,28.47833333,0.05936798
2001-01-23T15:50:00,1,1,23,15,50,0.04866667,25.73333333,27.43666667,0.04812118
2001-01-23T16:00:00,1,1,23,16,0,0.03700000,25.10000000,26.39500000,0.03676257
2001-01-23T16:10:00,1,1,23,16,10,0.04350000,24.95000000,26.47250000,0.04320535
2001-01-23T16:20:00,1,1,23,16,20,0.05000000,24.80000000,26.55000000,0.04964350
2001-01-23T16:30:00,1,1,23,16,30,0.05650000,24.65000000,26.62750000,0.05607701
2001-01-23T16:40:00,1,1,23,16,40,0.06300000,24.50000000,26.70500000,0.06250589
2001-01-23T16:50:00,1,1,23,16,50,0.06950000,24.35000000,26.78250000,0.06893013
2001-01-23T17:00:00,1,1,23,17,0,0.07600000,24.20000000,26.86000000,0.07534974
2001-01-23T17:10:00,1,1,23,17,10,0.06516667,24.23333333,26.51416667,0.06471277
2001-01-23T17:20:00,1,1,23,17,20,0.05433333,24.26666667,26.16833333,0.05404133
2001-01-23T17:30:00,1,1,23,17,30,0.04350000,24.30000000,25.82250000,0.04333542
2001-01-23T17:40:00,1,1,23,17,40,0.03266667,24.33333333,25.47666667,0.03259504
2001-01-23T17:50:00,1,1,23,17,50,0.02183333,24.36666667,25.13083333,0.02182019
2001-01-23T18:00:00,1,1,23,18,0,0.01100000,24.40000000,24.78500000,0.01101088
2001-01-23T18:10:00,1,1,23,18,10,0.00916667,24.11666667,24.43750000,0.00919039
2001-01-23T18:20:00,1,1,23,18,20,0.00733333,23.83333333,24.09000000,0.00736403
2001-01-23T18:30:00,1,1,23,18,30,0.00550000,23.55000000,23.74250000,0.00553181
2001-01-23T18:40:00,1,1,23,18,40,0.00366667,23.26666667,23.39500000,0.00369374
2001-01-23T18:50:00,1,1,23,18,50,0.00183333,22.98333333,23.04750000,0.00184980
2001-01-23T19:00:00,1,1,23,19,0,0.00000000,22.70000000,22.70000000,0.00000000
2001-01-23T19:10:00,1,1,23,19,10,0.00000000,22.58333333,22.58333333,0.00000000
2001-01-23T19:20:00,1,1,23,19,20,0.00000000,22.46666667,22.46666667,0.00000000
2001-01-23T19:30:00,1,1,23,19,30,0.00000000,22.35000000,22.35000000,0.00000000
2001-01-23T19:40:00,1,1,23,19,40,0.00000000,22.23333333,22.23333333,0.00000000
2001-01-23T19:50:00,1,1,23,19,50,0.00000000,22.11666667,22.11666667,0.00000000
2001-01-23T20:00:00,1,1,23,20,0,0.00000000,22.00000000,22.00000000,0.00000000
2001-01-23T20:10:00,1,1,23,20,10,0.00000000,21.95000000,21.95000000,0.00000000
2001-01-23T20:20:00,1,1,23,20,20,0.00000000,21.90000000,21.90000000,0.00000000
2001-01-23T20:30:00,1,1,23,20,30,0.00000000,21.85000000,21.85000000,0.00000000
2001-01-23T20:40:00,1,1,23,20,40,0.00000000,21.80000000,21.80000000,0.00000000
2001-01-23T20:50:00,1,1,23,20,50,0.00000000,21.75000000,21.75000000,0.00000000
2001-01-23T21:00:00,1,1,23,21,0,0.00000000,21.70000000,21.70000000,0.00000000
2001-01-23T21:10:00,1,1,23,21,10,0.00000000,21.73333333,21.73333333,0.00000000
2001-01-23T21:20:00,1,1,23,21,20,0.00000000,21.76666667,21.76666667,0.00000000
2001-01-23T21:30:00,1,1,23,21,30,0.00000000,21.80000000,21.80000000,0.00000000
2001-01-23T21:40:00,1,1,23,21,40,0.00000000,21.83333333,21.83333333,0.00000000
2001-01-23T21:50:00,1,1,23,21,50,0.00000000,21.86666667,21.86666667,0.00000000
2001-01-23T22:00:00,1,1,23,22,0,0.00000000,21.90000000,21.90000000,0.00000000
2001-01-23T22:10:00,1,1,23,22,10,0.00000000,21.75000000,21.75000000,0.00000000
2001-01-23T22:20:00,1,1,23,22,20,0.00000000,21.60000000,21.60000000,0.00000000
2001-01-23T22:30:00,1,1,23,22,30,0.00000000,21.45000000,21.45000000,0.00000000
2001-01-23T22:40:00,1,1,23,22,40,0.00000000,21.30000000,21.30000000,0.00000000
2001-01-23T22:50:00,1,1,23,22,50,0.00000000,21.15000000,21.15000000,0.00000000
2001-01-23T23:00:00,1,1,23,23,0,0.00000000,21.00000000,21.00000000,0.00000000
2001-01-23T23:10:00,1,1,23,23,10,0.00000000,20.91666667,20.91666667,0.00000000
2001-01-23T23:20:00,1,1,23,23,20,0.00000000,20.83333333,20.83333333,0.00000000
2001-01-23T23:30:00,1,1,23,23,30,0.00000000,20.75000000,20.75000000,0.00000000
2001-01-23T23:40:00,1,1,23,23,40,0.00000000,20.66666667,20.66666667,0.00000000
2001-01-23T23:50:00,1,1,23,23,50,0.00000000,20.58333333,20.58333333,0.00000000
2001-01-24T00:00:00,1,1,24,0,0,0.00000000,20.50000000,20.50000000,0.00000000
2001-01-24T00:10:00,1,1,24,0,10,0.00000000,20.51666667,20.51666667,0.00000000
2001-01-24T00:20:00,1,1,24,0,20,0.00000000,20.53333333,20.53333333,0.00000000
2001-01-24T00:30:00,1,1,24,0,30,0.00000000,20.55000000,20.55000000,0.00000000
2001-01-24T00:40:00,1,1,24,0,40,0.00000000,20.56666667,20.56666667,0.00000000
2001-01-24T00:50:00,1,1,24,0,50,0.00000000,20.58333333,20.58333333,0.00000000
2001-01-24T01:00:00,1,1,24,1,0,0.00000000,20.60000000,20.60000000,0.00000000
2001-01-24T01:10:00,1,1,24,1,10,0.00000000,20.51666667,20.51666667,0.00000000
2001-01-24T01:20:00,1,1,24,1,20,0.00000000,20.43333333,20.43333333,0.00000000
2001-01-24T01:30:00,1,1,24,1,30,0.00000000,20.35000000,20.35000000,0.00000000
2001-01-24T01:40:00,1,1,24,1,40,0.00000000,20.26666667,20.26666667,0.00000000
2001-01-24T01:50:00,1,1,24,1,50,0.00000000,20.18333333,20.18333333,0.00000000
2001-01-24T02:00:00,1,1,24,2,0,0.00000000,20.10000000,20.10000000,0.00000000
2001-01-24T02:10:00,1,1,24,2,10,0.00000000,20.06666667,20.06666667,0.00000000
2001-01-24T02:20:00,1,1,24,2,20,0.00000000,20.03333333,20.03333333,0.00000000
2001-01-24T02:30:00,1,1,24,2,30,0.00000000,20.00000000,20.00000000,0.00000000
2001-01-24T02:40:00,1,1,24,2,40,0.00000000,19.96666667,19.96666667,0.00000000
2001-01-24T02:50:00,1,1,24,2,50,0.00000000,19.93333333,19.93333333,0.00000000
2001-01-24T03:00:00,1,1,24,3,0,0.00000000,19.90000000,19.90000000,0.00000000
2001-01-24T03:10:00,1,1,24,3,10,0.00000000,19.96666667,19.96666667,0.00000000
2001-01-24T03:20:00,1,1,24,3,20,0.00000000,20.03333333,20.03333333,0.00000000
2001-01-24T03:30:00,1,1,24,3,30,0.00000000,20.10000000,20.10000000,0.00000000
2001-01-24T03:40:00,1,1,24,3,40,0.00000000,20.16666667,20.16666667,0.00000000
2001-01-24T03:50:00,1,1,24,3,50,0.00000000,20.23333333,20.23333333,0.00000000
2001-01-24T04:00:00,1,1,24,4,0,0.00000000,20.30000000,20.30000000,0.00000000
2001-01-24T04:10:00,1,1,24,4,10,0.00233333,20.23333333,20.31500000,0.00238362
2001-01-24T04:20:00,1,1,24,4,20,0.00466667,20.16666667,20.33000000,0.00476692
2001-01-24T04:30:00,1,1,24,4,30,0.00700000,20.10000000,20.34500000,0.00714989
2001-01-24T04:40:00,1,1,24,4,40,0.00933333,20.03333333,20.36000000,0.00953254
2001-01-24T04:50:00,1,1,24,4,50,0.01166667,19.96666667,20.37500000,0.01191488
2001-01-24T05:00:00,1,1,24,5,0,0.01400000,19.90000000,20.39000000,0.01429688
2001-01-24T05:10:00,1,1,24,5,10,0.01883333,20.05000000,20.70916667,0.01920506
2001-01-24T05:20:00,1,1,24,5,20,0.02366667,20.20000000,21.02833333,0.02409905
2001-01-24T05:30:00,1,1,24,5,30,0.02850000,20.35000000,21.34750000,0.02897884
2001-01-24T05:40:00,1,1,24,5,40,0.03333333,20.50000000,21.66666667,0.03384444
2001-01-24T05:50:00,1,1,24,5,50,0.03816667,20.65000000,21.98583333,0.03869585
2001-01-24T06:00:00,1,1,24,6,0,0.04300000,20.80000000,22.30500000,0.04353307
2001-01-24T06:10:00,1,1,24,6,10,0.05750000,20.98333333,22.99583333,0.05803010
2001-01-24T06:20:00,1,1,24,6,20,0.07200000,21.16666667,23.68666667,0.07243498
2001-01-24T06:30:00,1,1,24,6,30,0.08650000,21.35000000,24.37750000,0.08674769
2001-01-24T06:40:00,1,1,24,6,40,0.10100000,21.53333333,25.06833333,0.10096825
2001-01-24T06:50:00,1,1,24,6,50,0.11550000,21.71666667,25.75916667,0.11509665
2001-01-24T07:00:00,1,1,24,7,0,0.13000000,21.90000000,26.45000000,0.12913290
2001-01-24T07:10:00,1,1,24,7,10,0.16016667,22.01666667,27.62250000,0.15823450
2001-01-24T07:20:00,1,1,24,7,20,0.19033333,22.13333333,28.79500000,0.18701068
2001-01-24T07:30:00,1,1,24,7,30,0.22050000,22.25000000,29.96750000,0.21546146
2001-01-24T07:40:00,1,1,24,7,40,0.25066667,22.36666667,31.14000000,0.24358684
2001-01-24T07:50:00,1,1,24,7,50,0.28083333,22.48333333,32.31250000,0.27138680
2001-01-24T08:00:00,1,1,24,8,0,0.31100000,22.60000000,33.48500000,0.29886136
2001-01-24T08:10:00,1,1,24,8,10,0.38383333,22.83333333,36.26750000,0.36393906
2001-01-24T08:20:00,1,1,24,8,20,0.45666667,23.06666667,39.05000000,0.42715230
2001-01-24T08:30:00,1,1,24,8,30,0.52950000,23.30000000,41.83250000,0.48850108
2001-01-24T08:40:00,1,1,24,8,40,0.60233333,23.53333333,44.61500000,0.54798540
2001-01-24T08:50:00,1,1,24,8,50,0.67516667,23.76666667,47.39750000,0.60560526
2001-01-24T09:00:00,1,1,24,9,0,0.74800000,24.00000000,50.18000000,0.66136066
2001-01-24T09:10:00,1,1,24,9,10,0.71566667,24.48333333,49.53166667,0.63490678
2001-01-24T09:20:00,1,1,24,9,20,0.68333333,24.96666667,48.88333333,0.60826006
2001-01-24T09:30:00,1,1,24,9,30,0.65100000,25.45000000,48.23500000,0.58142047
2001-01-24T09:40:00,1,1,24,9,40,0.61866667,25.93333333,47.58666667,0.55438802
2001-01-24T09:50:00,1,1,24,9,50,0.58633333,26.41666667,46.93833333,0.52716272
2001-01-24T10:00:00,1,1,24,10,0,0.55400000,26.90000000,46.29000000,0.49974456
2001-01-24T10:10:00,1,1,24,10,10,0.53366667,26.78333333,45.46166667,0.48343600
2001-01-24T10:20:00,1,1,24,10,20,0.51333333,26.66666667,44.63333333,0.46697249
2001-01-24T10:30:00,1,1,24,10,30,0.49300000,26.55000000,43.80500000,0.45035402
2001-01-24T10:40:00,1,1,24,10,40,0.47266667,26.43333333,42.97666667,0.43358060
2001-01-24T10:50:00,1,1,24,10,50,0.45233333,26.31666667,42.14833333,0.41665222
2001-01-24T11:00:00,1,1,24,11,0,0.43200000,26.20000000,41.32000000,0.39956890
2001-01-24T11:10:00,1,1,24,11,10,0.43166667,26.18333333,41.29166667,0.39931685
2001-01-24T11:20:00,1,1,24,11,20,0.43133333,26.16666667,41.26333333,0.39906471
2001-01-24T11:30:00,1,1,24,11,30,0.43100000,26.15000000,41.23500000,0.39881249
2001-01-24T11:40:00,1,1,24,11,40,0.43066667,26.13333333,41.20666667,0.39856018
2001-01-24T11:50:00,1,1,24,11,50,0.43033333,26.11666667,41.17833333,0.39830778
2001-01-24T12:00:00,1,1,24,12,0,0.43000000,26.10000000,41.15000000,0.39805530
2001-01-24T12:10:00,1,1,24,12,10,0.49300000,26.05000000,43.30500000,0.45148792
2001-01-24T12:20:00,1,1,24,12,20,0.55600000,26.00000000,45.46000000,0.50367150
2001-01-24T12:30:00,1,1,24,12,30,0.61900000,25.95000000,47.61500000,0.55460605
2001-01-24T12:40:00,1,1,24,12,40,0.68200000,25.90000000,49.77000000,0.60429156
2001-01-24T12:50:00,1,1,24,12,50,0.74500000,25.85000000,51.92500000,0.65272803
2001-01-24T13:00:00,1,1,24,13,0,0.80800000,25.80000000,54.08000000,0.69991546
2001-01-24T13:10:00,1,1,24,13,10,0.78350000,26.18333333,53.60583333,0.68040172
2001-01-24T13:20:00,1,1,24,13,20,0.75900000,26.56666667,53.13166667,0.66078110
2001-01-24T13:30:00,1,1,24,13,30,0.73450000,26.95000000,52.65750000,0.64105360
2001-01-24T13:40:00,1,1,24,13,40,0.71000000,27.33333333,52.18333333,0.62121923
2001-01-24T13:50:00,1,1,24,13,50,0.68550000,27.71666667,51.70916667,0.60127798
2001-01-24T14:00:00,1,1,24,14,0,0.66100000,28.10000000,51.23500000,0.58122986
2001-01-24T14:10:00,1,1,24,14,10,0.60216667,27.98333333,49.05916667,0.53552358
2001-01-24T14:20:00,1,1,24,14,20,0.54333333,27.86666667,46.88333333,0.48863959
2001-01-24T14:30:00,1,1,24,14,30,0.48450000,27.75000000,44.70750000,0.44057789
2001-01-24T14:40:00,1,1,24,14,40,0.42566667,27.63333333,42.53166667,0.39133849
2001-01-24T14:50:00,1,1,24,14,50,0.36683333,27.51666667,40.35583333,0.34092139
2001-01-24T15:00:00,1,1,24,15,0,0.30800000,27.40000000,38.18000000,0.28932658
2001-01-24T15:10:00,1,1,24,15,10,0.29566667,27.16666667,37.51500000,0.27864543
2001-01-24T15:20:00,1,1,24,15,20,0.28333333,26.93333333,36.85000000,0.26788883
2001-01-24T15:30:00,1,1,24,15,30,0.27100000,26.70000000,36.18500000,0.25705678
2001-01-24T15:40:00,1,1,24,15,40,0.25866667,26.46666667,35.52000000,0.24614927
2001-01-24T15:50:00,1,1,24,15,50,0.24633333,26.23333333,34.85500000,0.23516630
2001-01-24T16:00:00,1,1,24,16,0,0.23400000,26.00000000,34.19000000,0.22410788
2001-01-24T16:10:00,1,1,24,16,10,0.19933333,25.91666667,32.89333333,0.19209567
2001-01-24T16:20:00,1,1,24,16,20,0.16466667,25.83333333,31.59666667,0.15966991
2001-01-24T16:30:00,1,1,24,16,30,0.13000000,25.75000000,30.30000000,0.12683060
2001-01-24T16:40:00,1,1,24,16,40,0.09533333,25.66666667,29.00333333,0.09357774
2001-01-24T16:50:00,1,1,24,16,50,0.06066667,25.58333333,27.70666667,0.05991133
2001-01-24T17:00:00,1,1,24,17,0,0.02600000,25.50000000,26.41000000,0.02583136
2001-01-24T17:10:00,1,1,24,17,10,0.02466667,25.25000000,26.11333333,0.02454034
2001-01-24T17:20:00,1,1,24,17,20,0.02333333,25.00000000,25.81666667,0.02324568
2001-01-24T17:30:00,1,1,24,17,30,0.02200000,24.75000000,25.52000000,0.02194738
2001-01-24T17:40:00,1,1,24,17,40,0.02066667,24.50000000,25.22333333,0.02064544
2001-01-24T17:50:00,1,1,24,17,50,0.01933333,24.25000000,24.92666667,0.01933986
2001-01-24T18:00:00,1,1,24,18,0,0.01800000,24.00000000,24.63000000,0.01803064
2001-01-24T18:10:00,1,1,24,18,10,0.01500000,23.98333333,24.50833333,0.01503392
2001-01-24T18:20:00,1,1,24,18,20,0.01200000,23.96666667,24.38666667,0.01203386
2001-01-24T18:30:00,1,1,24,18,30,0.00900000,23.95000000,24.26500000,0.00903043
2001-01-24T18:40:00,1,1,24,18,40,0.00600000,23.93333333,24.14333333,0.00602364
2001-01-24T18:50:00,1,1,24,18,50,0.00300000,23.91666667,24.02166667,0.00301350
2001-01-24T19:00:00,1,1,24,19,0,0.00000000,23.90000000,23.90000000,0.00000000
2001-01-24T19:10:00,1,1,24,19,10,0.00000000,23.71666667,23.71666667,0.00000000
2001-01-24T19:20:00,1,1,24,19,20,0.00000000,23.53333333,23.53333333,0.00000000
2001-01-24T19:30:00,1,1,24,19,30,0.00000000,23.35000000,23.35000000,0.00000000
2001-01-24T19:40:00,1,1,24,19,40,0.00000000,23.16666667,23.16666667,0.00000000
2001-01-24T19:50:00,1,1,24,19,50,0.00000000,22.98333333,22.98333333,0.00000000
2001-01-24T20:00:00,1,1,24,20,0,0.00000000,22.80000000,22.80000000,0.00000000
2001-01-24T20:10:00,1,1,24,20,10,0.00000000,22.90000000,22.90000000,0.00000000
2001-01-24T20:20:00,1,1,24,20,20,0.00000000,23.00000000,23.00000000,0.00000000
2001-01-24T20:30:00,1,1,24,20,30,0.00000000,23.10000000,23.10000000,0.00000000
2001-01-24T20:40:00,1,1,24,20,40,0.00000000,23.20000000,23.20000000,0.00000000
2001-01-24T20:50:00,1,1,24,20,50,0.00000000,23.30000000,23.30000000,0.00000000
2001-01-24T21:00:00,1,1,24,21,0,0.00000000,23.40000000,23.40000000,0.00000000
2001-01-24T21:10:00,1,1,24,21,10,0.00000000,23.23333333,23.23333333,0.00000000
2001-01-24T21:20:00,1,1,24,21,20,0.00000000,23.06666667,23.06666667,0.00000000
2001-01-24T21:30:00,1,1,24,21,30,0.00000000,22.90000000,22.90000000,0.00000000
2001-01-24T21:40:00,1,1,24,21,40,0.00000000,22.73333333,22.73333333,0.00000000
2001-01-24T21:50:00,1,1,24,21,50,0.00000000,22.56666667,22.56666667,0.00000000
2001-01-24T22:00:00,1,1,24,22,0,0.00000000,22.40000000,22.40000000,0.00000000
2001-01-24T22:10:00,1,1,24,22,10,0.00000000,22.30000000,22.30000000,0.00000000
2001-01-24T22:20:00,1,1,24,22,20,0.00000000,22.20000000,22.20000000,0.00000000
2001-01-24T22:30:00,1,1,24,22,30,0.00000000,22.10000000,22.10000000,0.00000000
2001-01-24T22:40:00,1,1,24,22,40,0.00000000,22.00000000,22.00000000,0.00000000
2001-01-24T22:50:00,1,1,24,22,50,0.00000000,21.90000000,21.90000000,0.00000000
2001-01-24T23:00:00,1,1,24,23,0,0.00000000,21.80000000,21.80000000,0.00000000
2001-01-24T23:10:00,1,1,24,23,10,0.00000000,21.88333333,21.88333333,0.00000000
2001-01-24T23:20:00,1,1,24,23,20,0.00000000,21.96666667,21.96666667,0.00000000
2001-01-24T23:30:00,1,1,24,23,30,0.00000000,22.05000000,22.05000000,0.00000000
2001-01-24T23:40:00,1,1,24,23,40,0.00000000,22.13333333,22.13333333,0.00000000
2001-01-24T23:50:00,1,1,24,23,50,0.00000000,22.21666667,22.21666667,0.00000000
2001-01-25T00:00:00,1,1,25,0,0,0.00000000,22.30000000,22.30000000,0.00000000
2001-01-25T00:10:00,1,1,25,0,10,0.00000000,22.26666667,22.26666667,0.00000000
2001-01-25T00:20:00,1,1,25,0,20,0.00000000,22.23333333,22.23333333,0.00000000
2001-01-25T00:30:00,1,1,25,0,30,0.00000000,22.20000000,22.20000000,0.00000000
2001-01-25T00:40:00,1,1,25,0,40,0.00000000,22.16666667,22.16666667,0.00000000
2001-01-25T00:50:00,1,1,25,0,50,0.00000000,22.13333333,22.13333333,0.00000000
2001-01-25T01:00:00,1,1,25,1,0,0.00000000,22.10000000,22.10000000,0.00000000
2001-01-25T01:10:00,1,1,25,1,10,0.00000000,22.11666667,22.11666667,0.00000000
2001-01-25T01:20:00,1,1,25,1,20,0.00000000,22.13333333,22.13333333,0.00000000
2001-01-25T01:30:00,1,1,25,1,30,0.00000000,22.15000000,22.15000000,0.00000000
2001-01-25T01:40:00,1,1,25,1,40,0.00000000,22.16666667,22.16666667,0.00000000
2001-01-25T01:50:00,1,1,25,1,50,0.00000000,22.18333333,22.18333333,0.00000000
2001-01-25T02:00:00,1,1,25,2,0,0.00000000,22.20000000,22.20000000,0.00000000
2001-01-25T02:10:00,1,1,25,2,10,0.00000000,22.11666667,22.11666667,0.00000000
2001-01-25T02:20:00,1,1,25,2,20,0.00000000,22.03333333,22.03333333,0.00000000
2001-01-25T02:30:00,1,1,25,2,30,0.00000000,21.95000000,21.95000000,0.00000000
2001-01-25T02:40:00,1,1,25,2,40,0.00000000,21.86666667,21.86666667,0.00000000
2001-01-25T02:50:00,1,1,25,2,50,0.00000000,21.78333333,21.78333333,0.00000000
2001-01-25T03:00:00,1,1,25,3,0,0.00000000,21.70000000,21.70000000,0.00000000
2001-01-25T03:10:00,1,1,25,3,10,0.00000000,21.71666667,21.71666667,0.00000000
2001-01-25T03:20:00,1,1,25,3,20,0.00000000,21.73333333,21.73333333,0.00000000
2001-01-25T03:30:00,1,1,25,3,30,0.00000000,21.75000000,21.75000000,0.00000000
2001-01-25T03:40:00,1,1,25,3,40,0.00000000,21.76666667,21.76666667,0.00000000
2001-01-25T03:50:00,1,1,25,3,50,0.00000000,21.78333333,21.78333333,0.00000000
2001-01-25T04:00:00,1,1,25,4,0,0.00000000,21.80000000,21.80000000,0.00000000
2001-01-25T04:10:00,1,1,25,4,10,0.00133333,21.80000000,21.84666667,0.00135267
2001-01-25T04:20:00,1,1,25,4,20,0.00266667,21.80000000,21.89333333,0.00270478
2001-01-25T04:30:00,1,1,25,4,30,0.00400000,21.80000000,21.94000000,0.00405630
2001-01-25T04:40:00,1,1,25,4,40,0.00533333,21.80000000,21.98666667,0.00540726
2001-01-25T04:50:00,1,1,25,4,50,0.00666667,21.80000000,22.03333333,0.00675764
2001-01-25T05:00:00,1,1,25,5,0,0.00800000,21.80000000,22.08000000,0.00810746
2001-01-25T05:10:00,1,1,25,5,10,0.01900000,21.81666667,22.48166667,0.01922010
2001-01-25T05:20:00,1,1,25,5,20,0.03000000,21.83333333,22.88333333,0.03029210
2001-01-25T05:30:00,1,1,25,5,30,0.04100000,21.85000000,23.28500000,0.04132345
2001-01-25T05:40:00,1,1,25,5,40,0.05200000,21.86666667,23.68666667,0.05231415
2001-01-25T05:50:00,1,1,25,5,50,0.06300000,21.88333333,24.08833333,0.06326420
2001-01-25T06:00:00,1,1,25,6,0,0.07400000,21.90000000,24.49000000,0.07417360
2001-01-25T06:10:00,1,1,25,6,10,0.09850000,22.15000000,25.59750000,0.09822927
2001-01-25T06:20:00,1,1,25,6,20,0.12300000,22.40000000,26.70500000,0.12203531
2001-01-25T06:30:00,1,1,25,6,30,0.14750000,22.65000000,27.81250000,0.14559172
2001-01-25T06:40:00,1,1,25,6,40,0.17200000,22.90000000,28.92000000,0.16889850
2001-01-25T06:50:00,1,1,25,6,50,0.19650000,23.15000000,30.02750000,0.19195564
2001-01-25T07:00:00,1,1,25,7,0,0.22100000,23.40000000,31.13500000,0.21476316
2001-01-25T07:10:00,1,1,25,7,10,0.25316667,23.58333333,32.44416667,0.24449744
2001-01-25T07:20:00,1,1,25,7,20,0.28533333,23.76666667,33.75333333,0.27384429
2001-01-25T07:30:00,1,1,25,7,30,0.31750000,23.95000000,35.06250000,0.30280372
2001-01-25T07:40:00,1,1,25,7,40,0.34966667,24.13333333,36.37166667,0.33137572
2001-01-25T07:50:00,1,1,25,7,50,0.38183333,24.31666667,37.68083333,0.35956029
2001-01-25T08:00:00,1,1,25,8,0,0.41400000,24.50000000,38.99000000,0.38735744
2001-01-25T08:10:00,1,1,25,8,10,0.35850000,24.81666667,37.36416667,0.33811025
2001-01-25T08:20:00,1,1,25,8,20,0.30300000,25.13333333,35.73833333,0.28803291
2001-01-25T08:30:00,1,1,25,8,30,0.24750000,25.45000000,34.11250000,0.23712542
2001-01-25T08:40:00,1,1,25,8,40,0.19200000,25.76666667,32.48666667,0.18538778
2001-01-25T08:50:00,1,1,25,8,50,0.13650000,26.08333333,30.86083333,0.13281998
2001-01-25T09:00:00,1,1,25,9,0,0.08100000,26.40000000,29.23500000,0.07942204
2001-01-25T09:10:00,1,1,25,9,10,0.12833333,25.96666667,30.45833333,0.12511110
2001-01-25T09:20:00,1,1,25,9,20,0.17566667,25.53333333,31.68166667,0.17026743
2001-01-25T09:30:00,1,1,25,9,30,0.22300000,25.10000000,32.90500000,0.21489105
2001-01-25T09:40:00,1,1,25,9,40,0.27033333,24.66666667,34.12833333,0.25898195
2001-01-25T09:50:00,1,1,25,9,50,0.31766667,24.23333333,35.35166667,0.30254012
2001-01-25T10:00:00,1,1,25,10,0,0.36500000,23.80000000,36.57500000,0.34556558
2001-01-25T10:10:00,1,1,25,10,10,0.33050000,24.13333333,35.70083333,0.31423152
2001-01-25T10:20:00,1,1,25,10,20,0.29600000,24.46666667,34.82666667,0.28262001
2001-01-25T10:30:00,1,1,25,10,30,0.26150000,24.80000000,33.95250000,0.25073104
2001-01-25T10:40:00,1,1,25,10,40,0.22700000,25.13333333,33.07833333,0.21856460
2001-01-25T10:50:00,1,1,25,10,50,0.19250000,25.46666667,32.20416667,0.18612071
2001-01-25T11:00:00,1,1,25,11,0,0.15800000,25.80000000,31.33000000,0.15339936
2001-01-25T11:10:00,1,1,25,11,10,0.20150000,25.60000000,32.65250000,0.19440690
2001-01-25T11:20:00,1,1,25,11,20,0.24500000,25.40000000,33.97500000,0.23488518
2001-01-25T11:30:00,1,1,25,11,30,0.28850000,25.20000000,35.29750000,0.27483419
2001-01-25T11:40:00,1,1,25,11,40,0.33200000,25.00000000,36.62000000,0.31425394
2001-01-25T11:50:00,1,1,25,11,50,0.37550000,24.80000000,37.94250000,0.35314442
2001-01-25T12:00:00,1,1,25,12,0,0.41900000,24.60000000,39.26500000,0.39150564
2001-01-25T12:10:00,1,1,25,12,10,0.45366667,25.00000000,40.87833333,0.42053070
2001-01-25T12:20:00,1,1,25,12,20,0.48833333,25.40000000,42.49166667,0.44904122
2001-01-25T12:30:00,1,1,25,12,30,0.52300000,25.80000000,44.10500000,0.47703719
2001-01-25T12:40:00,1,1,25,12,40,0.55766667,26.20000000,45.71833333,0.50451862
2001-01-25T12:50:00,1,1,25,12,50,0.59233333,26.60000000,47.33166667,0.53148550
2001-01-25T13:00:00,1,1,25,13,0,0.62700000,27.00000000,48.94500000,0.55793783
2001-01-25T13:10:00,1,1,25,13,10,0.53333333,27.13333333,45.80000000,0.48230400
2001-01-25T13:20:00,1,1,25,13,20,0.43966667,27.26666667,42.65500000,0.40396002
2001-01-25T13:30:00,1,1,25,13,30,0.34600000,27.40000000,39.51000000,0.32290588
2001-01-25T13:40:00,1,1,25,13,40,0.25233333,27.53333333,36.36500000,0.23914160
2001-01-25T13:50:00,1,1,25,13,50,0.15866667,27.66666667,33.22000000,0.15266716
2001-01-25T14:00:00,1,1,25,14,0,0.06500000,27.80000000,30.07500000,0.06348257
2001-01-25T14:10:00,1,1,25,14,10,0.11400000,27.23333333,31.22333333,0.11073648
2001-01-25T14:20:00,1,1,25,14,20,0.16300000,26.66666667,32.37166667,0.15747272
2001-01-25T14:30:00,1,1,25,14,30,0.21200000,26.10000000,33.52000000,0.20369130
2001-01-25T14:40:00,1,1,25,14,40,0.26100000,25.53333333,34.66833333,0.24939220
2001-01-25T14:50:00,1,1,25,14,50,0.31000000,24.96666667,35.81666667,0.29457543
2001-01-25T15:00:00,1,1,25,15,0,0.35900000,24.40000000,36.96500000,0.33924100
2001-01-25T15:10:00,1,1,25,15,10,0.33916667,24.73333333,36.60416667,0.32106223
2001-01-25T15:20:00,1,1,25,15,20,0.31933333,25.06666667,36.24333333,0.30281763
2001-01-25T15:30:00,1,1,25,15,30,0.29950000,25.40000000,35.88250000,0.28450718
2001-01-25T15:40:00,1,1,25,15,40,0.27966667,25.73333333,35.52166667,0.26613089
2001-01-25T15:50:00,1,1,25,15,50,0.25983333,26.06666667,35.16083333,0.24768877
2001-01-25T16:00:00,1,1,25,16,0,0.24000000,26.40000000,34.80000000,0.22918080
2001-01-25T16:10:00,1,1,25,16,10,0.21750000,26.23333333,33.84583333,0.20864974
2001-01-25T16:20:00,1,1,25,16,20,0.19500000,26.06666667,32.89166667,0.18792117
2001-01-25T16:30:00,1,1,25,16,30,0.17250000,25.90000000,31.93750000,0.16699509
2001-01-25T16:40:00,1,1,25,16,40,0.15000000,25.73333333,30.98333333,0.14587150
2001-01-25T16:50:00,1,1,25,16,50,0.12750000,25.56666667,30.02916667,0.12455039
2001-01-25T17:00:00,1,1,25,17,0,0.10500000,25.40000000,29.07500000,0.10303177
2001-01-25T17:10:00,1,1,25,17,10,0.08916667,25.25000000,28.37083333,0.08778406
2001-01-25T17:20:00,1,1,25,17,20,0.07333333,25.10000000,27.66666667,0.07243378
2001-01-25T17:30:00,1,1,25,17,30,0.05750000,24.95000000,26.96250000,0.05698092
2001-01-25T17:40:00,1,1,25,17,40,0.04166667,24.80000000,26.25833333,0.04142549
2001-01-25T17:50:00,1,1,25,17,50,0.02583333,24.65000000,25.55416667,0.02576748
2001-01-25T18:00:00,1,1,25,18,0,0.01000000,24.50000000,24.85000000,0.01000690
2001-01-25T18:10:00,1,1,25,18,10,0.00833333,24.31666667,24.60833333,0.00834835
2001-01-25T18:20:00,1,1,25,18,20,0.00666667,24.13333333,24.36666667,0.00668609
2001-01-25T18:30:00,1,1,25,18,30,0.00500000,23.95000000,24.12500000,0.00502012
2001-01-25T18:40:00,1,1,25,18,40,0.00333333,23.76666667,23.88333333,0.00335046
2001-01-25T18:50:00,1,1,25,18,50,0.00166667,23.58333333,23.64166667,0.00167708
2001-01-25T19:00:00,1,1,25,19,0,0.00000000,23.40000000,23.40000000,0.00000000
2001-01-25T19:10:00,1,1,25,19,10,0.00000000,23.30000000,23.30000000,0.00000000
2001-01-25T19:20:00,1,1,25,19,20,0.00000000,23.20000000,23.20000000,0.00000000
2001-01-25T19:30:00,1,1,25,19,30,0.00000000,23.10000000,23.10000000,0.00000000
2001-01-25T19:40:00,1,1,25,19,40,0.00000000,23.00000000,23.00000000,0.00000000
2001-01-25T19:50:00,1,1,25,19,50,0.00000000,22.90000000,22.90000000,0.00000000
2001-01-25T20:00:00,1,1,25,20,0,0.00000000,22.80000000,22.80000000,0.00000000
2001-01-25T20:10:00,1,1,25,20,10,0.00000000,22.80000000,22.80000000,0.00000000
2001-01-25T20:20:00,1,1,25,20,20,0.00000000,22.80000000,22.80000000,0.00000000
2001-01-25T20:30:00,1,1,25,20,30,0.00000000,22.80000000,22.80000000,0.00000000
2001-01-25T20:40:00,1,1,25,20,40,0.00000000,22.80000000,22.80000000,0.00000000
2001-01-25T20:50:00,1,1,25,20,50,0.00000000,22.80000000,22.80000000,0.00000000
2001-01-25T21:00:00,1,1,25,21,0,0.00000000,22.80000000,22.80000000,0.00000000
2001-01-25T21:10:00,1,1,25,21,10,0.00000000,22.86666667,22.86666667,0.00000000
2001-01-25T21:20:00,1,1,25,21,20,0.00000000,22.93333333,22.93333333,0.00000000
2001-01-25T21:30:00,1,1,25,21,30,0.00000000,23.00000000,23.00000000,0.00000000
2001-01-25T21:40:00,1,1,25,21,40,0.00000000,23.06666667,23.06666667,0.00000000
2001-01-25T21:50:00,1,1,25,21,50,0.00000000,23.13333333,23.13333333,0.00000000
2001-01-25T22:00:00,1,1,25,22,0,0.00000000,23.20000000,23.20000000,0.00000000
2001-01-25T22:10:00,1,1,25,22,10,0.00000000,23.05000000,23.05000000,0.00000000
2001-01-25T22:20:00,1,1,25,22,20,0.00000000,22.90000000,22.90000000,0.00000000
2001-01-25T22:30:00,1,1,25,22,30,0.00000000,22.75000000,22.75000000,0.00000000
2001-01-25T22:40:00,1,1,25,22,40,0.00000000,22.60000000,22.60000000,0.00000000
2001-01-25T22:50:00,1,1,25,22,50,0.00000000,22.45000000,22.45000000,0.00000000
2001-01-25T23:00:00,1,1,25,23,0,0.00000000,22.30000000,22.30000000,0.00000000
2001-01-25T23:10:00,1,1,25,23,10,0.00000000,22.08333333,22.08333333,0.00000000
2001-01-25T23:20:00,1,1,25,23,20,0.00000000,21.86666667,21.86666667,0.00000000
2001-01-25T23:30:00,1,1,25,23,30,0.00000000,21.65000000,21.65000000,0.00000000
2001-01-25T23:40:00,1,1,25,23,40,0.00000000,21.43333333,21.43333333,0.00000000
2001-01-25T23:50:00,1,1,25,23,50,0.00000000,21.21666667,21.21666667,0.00000000
2001-01-26T00:00:00,1,1,26,0,0,0.00000000,21.00000000,21.00000000,0.00000000
2001-01-26T00:10:00,1,1,26,0,10,0.00000000,21.10000000,21.10000000,0.00000000
2001-01-26T00:20:00,1,1,26,0,20,0.00000000,21.20000000,21.20000000,0.00000000
2001-01-26T00:30:00,1,1,26,0,30,0.00000000,21.30000000,21.30000000,0.00000000
2001-01-26T00:40:00,1,1,26,0,40,0.00000000,21.40000000,21.40000000,0.00000000
2001-01-26T00:50:00,1,1,26,0,50,0.00000000,21.50000000,21.50000000,0.00000000
2001-01-26T01:00:00,1,1,26,1,0,0.00000000,21.60000000,21.60000000,0.00000000
2001-01-26T01:10:00,1,1,26,1,10,0.00000000,21.51666667,21.51666667,0.00000000
2001-01-26T01:20:00,1,1,26,1,20,0.00000000,21.43333333,21.43333333,0.00000000
2001-01-26T01:30:00,1,1,26,1,30,0.00000000,21.35000000,21.35000000,0.00000000
2001-01-26T01:40:00,1,1,26,1,40,0.00000000,21.26666667,21.26666667,0.00000000
2001-01-26T01:50:00,1,1,26,1,50,0.00000000,21.18333333,21.18333333,0.00000000
2001-01-26T02:00:00,1,1,26,2,0,0.00000000,21.10000000,21.10000000,0.00000000
2001-01-26T02:10:00,1,1,26,2,10,0.00000000,21.01666667,21.01666667,0.00000000
2001-01-26T02:20:00,1,1,26,2,20,0.00000000,20.93333333,20.93333333,0.00000000
2001-01-26T02:30:00,1,1,26,2,30,0.00000000,20.85000000,20.85000000,0.00000000
2001-01-26T02:40:00,1,1,26,2,40,0.00000000,20.76666667,20.76666667,0.00000000
2001-01-26T02:50:00,1,1,26,2,50,0.00000000,20.68333333,20.68333333,0.00000000
2001-01-26T03:00:00,1,1,26,3,0,0.00000000,20.60000000,20.60000000,0.00000000
2001-01-26T03:10:00,1,1,26,3,10,0.00000000,20.61666667,20.61666667,0.00000000
2001-01-26T03:20:00,1,1,26,3,20,0.00000000,20.63333333,20.63333333,0.00000000
2001-01-26T03:30:00,1,1,26,3,30,0.00000000,20.65000000,20.65000000,0.00000000
2001-01-26T03:40:00,1,1,26,3,40,0.00000000,20.66666667,20.66666667,0.00000000
2001-01-26T03:50:00,1,1,26,3,50,0.00000000,20.68333333,20.68333333,0.00000000
2001-01-26T04:00:00,1,1,26,4,0,0.00000000,20.70000000,20.70000000,0.00000000
2001-01-26T04:10:00,1,1,26,4,10,0.00333333,20.60000000,20.71666667,0.00339901
2001-01-26T04:20:00,1,1,26,4,20,0.00666667,20.50000000,20.73333333,0.00679751
2001-01-26T04:30:00,1,1,26,4,30,0.01000000,20.40000000,20.75000000,0.01019550
2001-01-26T04:40:00,1,1,26,4,40,0.01333333,20.30000000,20.76666667,0.01359298
2001-01-26T04:50:00,1,1,26,4,50,0.01666667,20.20000000,20.78333333,0.01698994
2001-01-26T05:00:00,1,1,26,5,0,0.02000000,20.10000000,20.80000000,0.02038640
2001-01-26T05:10:00,1,1,26,5,10,0.05116667,20.30000000,22.09083333,0.05185139
2001-01-26T05:20:00,1,1,26,5,20,0.08233333,20.50000000,23.38166667,0.08294625
2001-01-26T05:30:00,1,1,26,5,30,0.11350000,20.70000000,24.67250000,0.11367099
2001-01-26T05:40:00,1,1,26,5,40,0.14466667,20.90000000,25.96333333,0.14402560
2001-01-26T05:50:00,1,1,26,5,50,0.17583333,21.10000000,27.25416667,0.17401009
2001-01-26T06:00:00,1,1,26,6,0,0.20700000,21.30000000,28.54500000,0.20362445
2001-01-26T06:10:00,1,1,26,6,10,0.23750000,21.66666667,29.97916667,0.23206026
2001-01-26T06:20:00,1,1,26,6,20,0.26800000,22.03333333,31.41333333,0.26009364
2001-01-26T06:30:00,1,1,26,6,30,0.29850000,22.40000000,32.84750000,0.28772460
2001-01-26T06:40:00,1,1,26,6,40,0.32900000,22.76666667,34.28166667,0.31495313
2001-01-26T06:50:00,1,1,26,6,50,0.35950000,23.13333333,35.71583333,0.34177923
2001-01-26T07:00:00,1,1,26,7,0,0.39000000,23.50000000,37.15000000,0.36820290
2001-01-26T07:10:00,1,1,26,7,10,0.40900000,23.70000000,38.01500000,0.38451358
2001-01-26T07:20:00,1,1,26,7,20,0.42800000,23.90000000,38.88000000,0.40067306
2001-01-26T07:30:00,1,1,26,7,30,0.44700000,24.10000000,39.74500000,0.41668133
2001-01-26T07:40:00,1,1,26,7,40,0.46600000,24.30000000,40.61000000,0.43253840
2001-01-26T07:50:00,1,1,26,7,50,0.48500000,24.50000000,41.47500000,0.44824427
2001-01-26T08:00:00,1,1,26,8,0,0.50400000,24.70000000,42.34000000,0.46379894
2001-01-26T08:10:00,1,1,26,8,10,0.55150000,24.98333333,44.28583333,0.50257377
2001-01-26T08:20:00,1,1,26,8,20,0.59900000,25.26666667,46.23166667,0.54049827
2001-01-26T08:30:00,1,1,26,8,30,0.64650000,25.55000000,48.17750000,0.57757243
2001-01-26T08:40:00,1,1,26,8,40,0.69400000,25.83333333,50.12333333,0.61379627
2001-01-26T08:50:00,1,1,26,8,50,0.74150000,26.11666667,52.06916667,0.64916978
2001-01-26T09:00:00,1,1,26,9,0,0.78900000,26.40000000,54.01500000,0.68369296
2001-01-26T09:10:00,1,1,26,9,10,0.80083333,26.66666667,54.69583333,0.69143883
2001-01-26T09:20:00,1,1,26,9,20,0.81266667,26.93333333,55.37666667,0.69911059
2001-01-26T09:30:00,1,1,26,9,30,0.82450000,27.20000000,56.05750000,0.70670822
2001-01-26T09:40:00,1,1,26,9,40,0.83633333,27.46666667,56.73833333,0.71423173
2001-01-26T09:50:00,1,1,26,9,50,0.84816667,27.73333333,57.41916667,0.72168113
2001-01-26T10:00:00,1,1,26,10,0,0.86000000,28.00000000,58.10000000,0.72905640
2001-01-26T10:10:00,1,1,26,10,10,0.90133333,28.03333333,59.58000000,0.75796004
2001-01-26T10:20:00,1,1,26,10,20,0.94266667,28.06666667,61.06000000,0.78630089
2001-01-26T10:30:00,1,1,26,10,30,0.98400000,28.10000000,62.54000000,0.81407894
2001-01-26T10:40:00,1,1,26,10,40,1.02533333,28.13333333,64.02000000,0.84129420
2001-01-26T10:50:00,1,1,26,10,50,1.06666667,28.16666667,65.50000000,0.86794667
2001-01-26T11:00:00,1,1,26,11,0,1.10800000,28.20000000,66.98000000,0.89403634
2001-01-26T11:10:00,1,1,26,11,10,1.07300000,28.55000000,66.10500000,0.87011394
2001-01-26T11:20:00,1,1,26,11,20,1.03800000,28.90000000,65.23000000,0.84590980
2001-01-26T11:30:00,1,1,26,11,30,1.00300000,29.25000000,64.35500000,0.82142390
2001-01-26T11:40:00,1,1,26,11,40,0.96800000,29.60000000,63.48000000,0.79665626
2001-01-26T11:50:00,1,1,26,11,50,0.93300000,29.95000000,62.60500000,0.77160686
2001-01-26T12:00:00,1,1,26,12,0,0.89800000,30.30000000,61.73000000,0.74627572
2001-01-26T12:10:00,1,1,26,12,10,0.90866667,30.20000000,62.00333333,0.75399767
2001-01-26T12:20:00,1,1,26,12,20,0.91933333,30.10000000,62.27666667,0.76169280
2001-01-26T12:30:00,1,1,26,12,30,0.93000000,30.00000000,62.55000000,0.76936110
2001-01-26T12:40:00,1,1,26,12,40,0.94066667,29.90000000,62.82333333,0.77700258
2001-01-26T12:50:00,1,1,26,12,50,0.95133333,29.80000000,63.09666667,0.78461724
2001-01-26T13:00:00,1,1,26,13,0,0.96200000,29.70000000,63.37000000,0.79220508
2001-01-26T13:10:00,1,1,26,13,10,0.94033333,29.80000000,62.71166667,0.77721026
2001-01-26T13:20:00,1,1,26,13,20,0.91866667,29.90000000,62.05333333,0.76208422
2001-01-26T13:30:00,1,1,26,13,30,0.89700000,30.00000000,61.39500000,0.74682695
2001-01-26T13:40:00,1,1,26,13,40,0.87533333,30.10000000,60.73666667,0.73143845
2001-01-26T13:50:00,1,1,26,13,50,0.85366667,30.20000000,60.07833333,0.71591873
2001-01-26T14:00:00,1,1,26,14,0,0.83200000,30.30000000,59.42000000,0.70026778
2001-01-26T14:10:00,1,1,26,14,10,0.79316667,30.23333333,57.99416667,0.67278525
2001-01-26T14:20:00,1,1,26,14,20,0.75433333,30.16666667,56.56833333,0.64479332
2001-01-26T14:30:00,1,1,26,14,30,0.71550000,30.10000000,55.14250000,0.61629199
2001-01-26T14:40:00,1,1,26,14,40,0.67666667,30.03333333,53.71666667,0.58728126
2001-01-26T14:50:00,1,1,26,14,50,0.63783333,29.96666667,52.29083333,0.55776112
2001-01-26T15:00:00,1,1,26,15,0,0.59900000,29.90000000,50.86500000,0.52773158
2001-01-26T15:10:00,1,1,26,15,10,0.56750000,29.66666667,49.52916667,0.50346661
2001-01-26T15:20:00,1,1,26,15,20,0.53600000,29.43333333,48.19333333,0.47881452
2001-01-26T15:30:00,1,1,26,15,30,0.50450000,29.20000000,46.85750000,0.45377530
2001-01-26T15:40:00,1,1,26,15,40,0.47300000,28.96666667,45.52166667,0.42834896
2001-01-26T15:50:00,1,1,26,15,50,0.44150000,28.73333333,44.18583333,0.40253549
2001-01-26T16:00:00,1,1,26,16,0,0.41000000,28.50000000,42.85000000,0.37633490
2001-01-26T16:10:00,1,1,26,16,10,0.36933333,28.20000000,41.12666667,0.34193520
2001-01-26T16:20:00,1,1,26,16,20,0.32866667,27.90000000,39.40333333,0.30689075
2001-01-26T16:30:00,1,1,26,16,30,0.28800000,27.60000000,37.68000000,0.27120154
2001-01-26T16:40:00,1,1,26,16,40,0.24733333,27.30000000,35.95666667,0.23486757
2001-01-26T16:50:00,1,1,26,16,50,0.20666667,27.00000000,34.23333333,0.19788884
2001-01-26T17:00:00,1,1,26,17,0,0.16600000,26.70000000,32.51000000,0.16026536
2001-01-26T17:10:00,1,1,26,17,10,0.14283333,26.55000000,31.54916667,0.13853031
2001-01-26T17:20:00,1,1,26,17,20,0.11966667,26.40000000,30.58833333,0.11659048
2001-01-26T17:30:00,1,1,26,17,30,0.09650000,26.25000000,29.62750000,0.09444585
2001-01-26T17:40:00,1,1,26,17,40,0.07333333,26.10000000,28.66666667,0.07209644
2001-01-26T17:50:00,1,1,26,17,50,0.05016667,25.95000000,27.70583333,0.04954225
2001-01-26T18:00:00,1,1,26,18,0,0.02700000,25.80000000,26.74500000,0.02678327
2001-01-26T18:10:00,1,1,26,18,10,0.02250000,25.66666667,26.45416667,0.02234949
2001-01-26T18:20:00,1,1,26,18,20,0.01800000,25.53333333,26.16333333,0.01790368
2001-01-26T18:30:00,1,1,26,18,30,0.01350000,25.40000000,25.87250000,0.01344582
2001-01-26T18:40:00,1,1,26,18,40,0.00900000,25.26666667,25.58166667,0.00897592
2001-01-26T18:50:00,1,1,26,18,50,0.00450000,25.13333333,25.29083333,0.00449398
2001-01-26T19:00:00,1,1,26,19,0,0.00000000,25.00000000,25.00000000,0.00000000
2001-01-26T19:10:00,1,1,26,19,10,0.00000000,24.81666667,24.81666667,0.00000000
2001-01-26T19:20:00,1,1,26,19,20,0.00000000,24.63333333,24.63333333,0.00000000
2001-01-26T19:30:00,1,1,26,19,30,0.00000000,24.45000000,24.45000000,0.00000000
2001-01-26T19:40:00,1,1,26,19,40,0.00000000,24.26666667,24.26666667,0.00000000
2001-01-26T19:50:00,1,1,26,19,50,0.00000000,24.08333333,24.08333333,0.00000000
2001-01-26T20:00:00,1,1,26,20,0,0.00000000,23.90000000,23.90000000,0.00000000
2001-01-26T20:10:00,1,1,26,20,10,0.00000000,23.95000000,23.95000000,0.00000000
2001-01-26T20:20:00,1,1,26,20,20,0.00000000,24.00000000,24.00000000,0.00000000
2001-01-26T20:30:00,1,1,26,20,30,0.00000000,24.05000000,24.05000000,0.00000000
2001-01-26T20:40:00,1,1,26,20,40,0.00000000,24.10000000,24.10000000,0.00000000
2001-01-26T20:50:00,1,1,26,20,50,0.00000000,24.15000000,24.15000000,0.00000000
2001-01-26T21:00:00,1,1,26,21,0,0.00000000,24.20000000,24.20000000,0.00000000
2001-01-26T21:10:00,1,1,26,21,10,0.00000000,24.06666667,24.06666667,0.00000000
2001-01-26T21:20:00,1,1,26,21,20,0.00000000,23.93333333,23.93333333,0.00000000
2001-01-26T21:30:00,1,1,26,21,30,0.00000000,23.80000000,23.80000000,0.00000000
2001-01-26T21:40:00,1,1,26,21,40,0.00000000,23.66666667,23.66666667,0.00000000
2001-01-26T21:50:00,1,1,26,21,50,0.00000000,23.53333333,23.53333333,0.00000000
2001-01-26T22:00:00,1,1,26,22,0,0.00000000,23.40000000,23.40000000,0.00000000
2001-01-26T22:10:00,1,1,26,22,10,0.00000000,23.25000000,23.25000000,0.00000000
2001-01-26T22:20:00,1,1,26,22,20,0.00000000,23.10000000,23.10000000,0.00000000
2001-01-26T22:30:00,1,1,26,22,30,0.00000000,22.95000000,22.95000000,0.00000000
2001-01-26T22:40:00,1,1,26,22,40,0.00000000,22.80000000,22.80000000,0.00000000
2001-01-26T22:50:00,1,1,26,22,50,0.00000000,22.65000000,22.65000000,0.00000000
2001-01-26T23:00:00,1,1,26,23,0,0.00000000,22.50000000,22.50000000,0.00000000
2001-01-26T23:10:00,1,1,26,23,10,0.00000000,22.61666667,22.61666667,0.00000000
2001-01-26T23:20:00,1,1,26,23,20,0.00000000,22.73333333,22.73333333,0.00000000
2001-01-26T23:30:00,1,1,26,23,30,0.00000000,22.85000000,22.85000000,0.00000000
2001-01-26T23:40:00,1,1,26,23,40,0.00000000,22.96666667,22.96666667,0.00000000
2001-01-26T23:50:00,1,1,26,23,50,0.00000000,23.08333333,23.08333333,0.00000000
2001-01-27T00:00:00,1,1,27,0,0,0.00000000,23.20000000,23.20000000,0.00000000
2001-01-27T00:10:00,1,1,27,0,10,0.00000000,23.10000000,23.10000000,0.00000000
2001-01-27T00:20:00,1,1,27,0,20,0.00000000,23.00000000,23.00000000,0.00000000
2001-01-27T00:30:00,1,1,27,0,30,0.00000000,22.90000000,22.90000000,0.00000000
2001-01-27T00:40:00,1,1,27,0,40,0.00000000,22.80000000,22.80000000,0.00000000
2001-01-27T00:50:00,1,1,27,0,50,0.00000000,22.70000000,22.70000000,0.00000000
2001-01-27T01:00:00,1,1,27,1,0,0.00000000,22.60000000,22.60000000,0.00000000
2001-01-27T01:10:00,1,1,27,1,10,0.00000000,22.56666667,22.56666667,0.00000000
2001-01-27T01:20:00,1,1,27,1,20,0.00000000,22.53333333,22.53333333,0.00000000
2001-01-27T01:30:00,1,1,27,1,30,0.00000000,22.50000000,22.50000000,0.00000000
2001-01-27T01:40:00,1,1,27,1,40,0.00000000,22.46666667,22.46666667,0.00000000
2001-01-27T01:50:00,1,1,27,1,50,0.00000000,22.43333333,22.43333333,0.00000000
2001-01-27T02:00:00,1,1,27,2,0,0.00000000,22.40000000,22.40000000,0.00000000
2001-01-27T02:10:00,1,1,27,2,10,0.00000000,22.46666667,22.46666667,0.00000000
2001-01-27T02:20:00,1,1,27,2,20,0.00000000,22.53333333,22.53333333,0.00000000
2001-01-27T02:30:00,1,1,27,2,30,0.00000000,22.60000000,22.60000000,0.00000000
2001-01-27T02:40:00,1,1,27,2,40,0.00000000,22.66666667,22.66666667,0.00000000
2001-01-27T02:50:00,1,1,27,2,50,0.00000000,22.73333333,22.73333333,0.00000000
2001-01-27T03:00:00,1,1,27,3,0,0.00000000,22.80000000,22.80000000,0.00000000
2001-01-27T03:10:00,1,1,27,3,10,0.00000000,22.66666667,22.66666667,0.00000000
2001-01-27T03:20:00,1,1,27,3,20,0.00000000,22.53333333,22.53333333,0.00000000
2001-01-27T03:30:00,1,1,27,3,30,0.00000000,22.40000000,22.40000000,0.00000000
2001-01-27T03:40:00,1,1,27,3,40,0.00000000,22.26666667,22.26666667,0.00000000
2001-01-27T03:50:00,1,1,27,3,50,0.00000000,22.13333333,22.13333333,0.00000000
2001-01-27T04:00:00,1,1,27,4,0,0.00000000,22.00000000,22.00000000,0.00000000
2001-01-27T04:10:00,1,1,27,4,10,0.00266667,22.08333333,22.17666667,0.00270130
2001-01-27T04:20:00,1,1,27,4,20,0.00533333,22.16666667,22.35333333,0.00539826
2001-01-27T04:30:00,1,1,27,4,30,0.00800000,22.25000000,22.53000000,0.00809090
2001-01-27T04:40:00,1,1,27,4,40,0.01066667,22.33333333,22.70666667,0.01077919
2001-01-27T04:50:00,1,1,27,4,50,0.01333333,22.41666667,22.88333333,0.01346316
2001-01-27T05:00:00,1,1,27,5,0,0.01600000,22.50000000,23.06000000,0.01614278
2001-01-27T05:10:00,1,1,27,5,10,0.02266667,22.65000000,23.44333333,0.02282898
2001-01-27T05:20:00,1,1,27,5,20,0.02933333,22.80000000,23.82666667,0.02949166
2001-01-27T05:30:00,1,1,27,5,30,0.03600000,22.95000000,24.21000000,0.03613082
2001-01-27T05:40:00,1,1,27,5,40,0.04266667,23.10000000,24.59333333,0.04274648
2001-01-27T05:50:00,1,1,27,5,50,0.04933333,23.25000000,24.97666667,0.04933863
2001-01-27T06:00:00,1,1,27,6,0,0.05600000,23.40000000,25.36000000,0.05590726
2001-01-27T06:10:00,1,1,27,6,10,0.07266667,23.41666667,25.96000000,0.07234577
2001-01-27T06:20:00,1,1,27,6,20,0.08933333,23.43333333,26.56000000,0.08869228
2001-01-27T06:30:00,1,1,27,6,30,0.10600000,23.45000000,27.16000000,0.10494678
2001-01-27T06:40:00,1,1,27,6,40,0.12266667,23.46666667,27.76000000,0.12110929
2001-01-27T06:50:00,1,1,27,6,50,0.13933333,23.48333333,28.36000000,0.13717980
2001-01-27T07:00:00,1,1,27,7,0,0.15600000,23.50000000,28.96000000,0.15315830
2001-01-27T07:10:00,1,1,27,7,10,0.22566667,23.61666667,31.51500000,0.21890366
2001-01-27T07:20:00,1,1,27,7,20,0.29533333,23.73333333,34.07000000,0.28301144
2001-01-27T07:30:00,1,1,27,7,30,0.36500000,23.85000000,36.62500000,0.34548162
2001-01-27T07:40:00,1,1,27,7,40,0.43466667,23.96666667,39.18000000,0.40631423
2001-01-27T07:50:00,1,1,27,7,50,0.50433333,24.08333333,41.73500000,0.46550925
2001-01-27T08:00:00,1,1,27,8,0,0.57400000,24.20000000,44.29000000,0.52306668
2001-01-27T08:10:00,1,1,27,8,10,0.55550000,24.65000000,44.09250000,0.50671293
2001-01-27T08:20:00,1,1,27,8,20,0.53700000,25.10000000,43.89500000,0.49032557
2001-01-27T08:30:00,1,1,27,8,30,0.51850000,25.55000000,43.69750000,0.47390459
2001-01-27T08:40:00,1,1,27,8,40,0.50000000,26.00000000,43.50000000,0.45745000
2001-01-27T08:50:00,1,1,27,8,50,0.48150000,26.45000000,43.30250000,0.44096179
2001-01-27T09:00:00,1,1,27,9,0,0.46300000,26.90000000,43.10500000,0.42443997
2001-01-27T09:10:00,1,1,27,9,10,0.51200000,26.88333333,44.80333333,0.46535919
2001-01-27T09:20:00,1,1,27,9,20,0.56100000,26.86666667,46.50166667,0.50551280
2001-01-27T09:30:00,1,1,27,9,30,0.61000000,26.85000000,48.20000000,0.54490080
2001-01-27T09:40:00,1,1,27,9,40,0.65900000,26.83333333,49.89833333,0.58352319
2001-01-27T09:50:00,1,1,27,9,50,0.70800000,26.81666667,51.59666667,0.62137998
2001-01-27T10:00:00,1,1,27,10,0,0.75700000,26.80000000,53.29500000,0.65847115
2001-01-27T10:10:00,1,1,27,10,10,0.75083333,27.08333333,53.36250000,0.65287399
2001-01-27T10:20:00,1,1,27,10,20,0.74466667,27.36666667,53.43000000,0.64728065
2001-01-27T10:30:00,1,1,27,10,30,0.73850000,27.65000000,53.49750000,0.64169114
2001-01-27T10:40:00,1,1,27,10,40,0.73233333,27.93333333,53.56500000,0.63610547
2001-01-27T10:50:00,1,1,27,10,50,0.72616667,28.21666667,53.63250000,0.63052362
2001-01-27T11:00:00,1,1,27,11,0,0.72000000,28.50000000,53.70000000,0.62494560
2001-01-27T11:10:00,1,1,27,11,10,0.73816667,28.61666667,54.45250000,0.63815874
2001-01-27T11:20:00,1,1,27,11,20,0.75633333,28.73333333,55.20500000,0.65124611
2001-01-27T11:30:00,1,1,27,11,30,0.77450000,28.85000000,55.95750000,0.66420771
2001-01-27T11:40:00,1,1,27,11,40,0.79266667,28.96666667,56.71000000,0.67704355
2001-01-27T11:50:00,1,1,27,11,50,0.81083333,29.08333333,57.46250000,0.68975362
2001-01-27T12:00:00,1,1,27,12,0,0.82900000,29.20000000,58.21500000,0.70233792
2001-01-27T12:10:00,1,1,27,12,10,0.80283333,29.33333333,57.43250000,0.68305903
2001-01-27T12:20:00,1,1,27,12,20,0.77666667,29.46666667,56.65000000,0.66359177
2001-01-27T12:30:00,1,1,27,12,30,0.75050000,29.60000000,55.86750000,0.64393613
2001-01-27T12:40:00,1,1,27,12,40,0.72433333,29.73333333,55.08500000,0.62409212
2001-01-27T12:50:00,1,1,27,12,50,0.69816667,29.86666667,54.30250000,0.60405973
2001-01-27T13:00:00,1,1,27,13,0,0.67200000,30.00000000,53.52000000,0.58383898
2001-01-27T13:10:00,1,1,27,13,10,0.66033333,29.80000000,52.91166667,0.57555072
2001-01-27T13:20:00,1,1,27,13,20,0.64866667,29.60000000,52.30333333,0.56719716
2001-01-27T13:30:00,1,1,27,13,30,0.63700000,29.40000000,51.69500000,0.55877831
2001-01-27T13:40:00,1,1,27,13,40,0.62533333,29.20000000,51.08666667,0.55029417
2001-01-27T13:50:00,1,1,27,13,50,0.61366667,29.00000000,50.47833333,0.54174473
2001-01-27T14:00:00,1,1,27,14,0,0.60200000,28.80000000,49.87000000,0.53313000
2001-01-27T14:10:00,1,1,27,14,10,0.56750000,28.70000000,48.56250000,0.50599009
2001-01-27T14:20:00,1,1,27,14,20,0.53300000,28.60000000,47.25500000,0.47843519
2001-01-27T14:30:00,1,1,27,14,30,0.49850000,28.50000000,45.94750000,0.45046529
2001-01-27T14:40:00,1,1,27,14,40,0.46400000,28.40000000,44.64000000,0.42208038
2001-01-27T14:50:00,1,1,27,14,50,0.42950000,28.30000000,43.33250000,0.39328048
2001-01-27T15:00:00,1,1,27,15,0,0.39500000,28.20000000,42.02500000,0.36406558
2001-01-27T15:10:00,1,1,27,15,10,0.38866667,28.08333333,41.68666667,0.35883313
2001-01-27T15:20:00,1,1,27,15,20,0.38233333,27.96666667,41.34833333,0.35358097
2001-01-27T15:30:00,1,1,27,15,30,0.37600000,27.85000000,41.01000000,0.34830910
2001-01-27T15:40:00,1,1,27,15,40,0.36966667,27.73333333,40.67166667,0.34301752
2001-01-27T15:50:00,1,1,27,15,50,0.36333333,27.61666667,40.33333333,0.33770622
2001-01-27T16:00:00,1,1,27,16,0,0.35700000,27.50000000,39.99500000,0.33237521
2001-01-27T16:10:00,1,1,27,16,10,0.31400000,27.36666667,38.35666667,0.29470763
2001-01-27T16:20:00,1,1,27,16,20,0.27100000,27.23333333,36.71833333,0.25639193
2001-01-27T16:30:00,1,1,27,16,30,0.22800000,27.10000000,35.08000000,0.21742810
2001-01-27T16:40:00,1,1,27,16,40,0.18500000,26.96666667,33.44166667,0.17781614
2001-01-27T16:50:00,1,1,27,16,50,0.14200000,26.83333333,31.80333333,0.13755606
2001-01-27T17:00:00,1,1,27,17,0,0.09900000,26.70000000,30.16500000,0.09664786
2001-01-27T17:10:00,1,1,27,17,10,0.08566667,26.46666667,29.46500000,0.08390716
2001-01-27T17:20:00,1,1,27,17,20,0.07233333,26.23333333,28.76500000,0.07108059
2001-01-27T17:30:00,1,1,27,17,30,0.05900000,26.00000000,28.06500000,0.05816816
2001-01-27T17:40:00,1,1,27,17,40,0.04566667,25.76666667,27.36500000,0.04516986
2001-01-27T17:50:00,1,1,27,17,50,0.03233333,25.53333333,26.66500000,0.03208569
2001-01-27T18:00:00,1,1,27,18,0,0.01900000,25.30000000,25.96500000,0.01891566
2001-01-27T18:10:00,1,1,27,18,10,0.01583333,25.23333333,25.78750000,0.01577598
2001-01-27T18:20:00,1,1,27,18,20,0.01266667,25.16666667,25.61000000,0.01263112
2001-01-27T18:30:00,1,1,27,18,30,0.00950000,25.10000000,25.43250000,0.00948110
2001-01-27T18:40:00,1,1,27,18,40,0.00633333,25.03333333,25.25500000,0.00632590
2001-01-27T18:50:00,1,1,27,18,50,0.00316667,24.96666667,25.07750000,0.00316554
2001-01-27T19:00:00,1,1,27,19,0,0.00000000,24.90000000,24.90000000,0.00000000
2001-01-27T19:10:00,1,1,27,19,10,0.00000000,24.86666667,24.86666667,0.00000000
2001-01-27T19:20:00,1,1,27,19,20,0.00000000,24.83333333,24.83333333,0.00000000
2001-01-27T19:30:00,1,1,27,19,30,0.00000000,24.80000000,24.80000000,0.00000000
2001-01-27T19:40:00,1,1,27,19,40,0.00000000,24.76666667,24.76666667,0.00000000
2001-01-27T19:50:00,1,1,27,19,50,0.00000000,24.73333333,24.73333333,0.00000000
2001-01-27T20:00:00,1,1,27,20,0,0.00000000,24.70000000,24.70000000,0.00000000
2001-01-27T20:10:00,1,1,27,20,10,0.00000000,24.61666667,24.61666667,0.00000000
2001-01-27T20:20:00,1,1,27,20,20,0.00000000,24.53333333,24.53333333,0.00000000
2001-01-27T20:30:00,1,1,27,20,30,0.00000000,24.45000000,24.45000000,0.00000000
2001-01-27T20:40:00,1,1,27,20,40,0.00000000,24.36666667,24.36666667,0.00000000
2001-01-27T20:50:00,1,1,27,20,50,0.00000000,24.28333333,24.28333333,0.00000000
2001-01-27T21:00:00,1,1,27,21,0,0.00000000,24.20000000,24.20000000,0.00000000
2001-01-27T21:10:00,1,1,27,21,10,0.00000000,24.06666667,24.06666667,0.00000000
2001-01-27T21:20:00,1,1,27,21,20,0.00000000,23.93333333,23.93333333,0.00000000
2001-01-27T21:30:00,1,1,27,21,30,0.00000000,23.80000000,23.80000000,0.00000000
2001-01-27T21:40:00,1,1,27,21,40,0.00000000,23.66666667,23.66666667,0.00000000
2001-01-27T21:50:00,1,1,27,21,50,0.00000000,23.53333333,23.53333333,0.00000000
2001-01-27T22:00:00,1,1,27,22,0,0.00000000,23.40000000,23.40000000,0.00000000
2001-01-27T22:10:00,1,1,27,22,10,0.00000000,23.36666667,23.36666667,0.00000000
2001-01-27T22:20:00,1,1,27,22,20,0.00000000,23.33333333,23.33333333,0.00000000
2001-01-27T22:30:00,1,1,27,22,30,0.00000000,23.30000000,23.30000000,0.00000000
2001-01-27T22:40:00,1,1,27,22,40,0.00000000,23.26666667,23.26666667,0.00000000
2001-01-27T22:50:00,1,1,27,22,50,0.00000000,23.23333333,23.23333333,0.00000000
2001-01-27T23:00:00,1,1,27,23,0,0.00000000,23.20000000,23.20000000,0.00000000
2001-01-27T23:10:00,1,1,27,23,10,0.00000000,23.08333333,23.08333333,0.00000000
2001-01-27T23:20:00,1,1,27,23,20,0.00000000,22.96666667,22.96666667,0.00000000
2001-01-27T23:30:00,1,1,27,23,30,0.00000000,22.85000000,22.85000000,0.00000000
2001-01-27T23:40:00,1,1,27,23,40,0.00000000,22.73333333,22.73333333,0.00000000
2001-01-27T23:50:00,1,1,27,23,50,0.00000000,22.61666667,22.61666667,0.00000000
2001-01-28T00:00:00,1,1,28,0,0,0.00000000,22.50000000,22.50000000,0.00000000
2001-01-28T00:10:00,1,1,28,0,10,0.00000000,22.45000000,22.45000000,0.00000000
2001-01-28T00:20:00,1,1,28,0,20,0.00000000,22.40000000,22.40000000,0.00000000
2001-01-28T00:30:00,1,1,28,0,30,0.00000000,22.35000000,22.35000000,0.00000000
2001-01-28T00:40:00,1,1,28,0,40,0.00000000,22.30000000,22.30000000,0.00000000
2001-01-28T00:50:00,1,1,28,0,50,0.00000000,22.25000000,22.25000000,0.00000000
2001-01-28T01:00:00,1,1,28,1,0,0.00000000,22.20000000,22.20000000,0.00000000
2001-01-28T01:10:00,1,1,28,1,10,0.00000000,22.10000000,22.10000000,0.00000000
2001-01-28T01:20:00,1,1,28,1,20,0.00000000,22.00000000,22.00000000,0.00000000
2001-01-28T01:30:00,1,1,28,1,30,0.00000000,21.90000000,21.90000000,0.00000000
2001-01-28T01:40:00,1,1,28,1,40,0.00000000,21.80000000,21.80000000,0.00000000
2001-01-28T01:50:00,1,1,28,1,50,0.00000000,21.70000000,21.70000000,0.00000000
2001-01-28T02:00:00,1,1,28,2,0,0.00000000,21.60000000,21.60000000,0.00000000
2001-01-28T02:10:00,1,1,28,2,10,0.00000000,21.61666667,21.61666667,0.00000000
2001-01-28T02:20:00,1,1,28,2,20,0.00000000,21.63333333,21.63333333,0.00000000
2001-01-28T02:30:00,1,1,28,2,30,0.00000000,21.65000000,21.65000000,0.00000000
2001-01-28T02:40:00,1,1,28,2,40,0.00000000,21.66666667,21.66666667,0.00000000
2001-01-28T02:50:00,1,1,28,2,50,0.00000000,21.68333333,21.68333333,0.00000000
2001-01-28T03:00:00,1,1,28,3,0,0.00000000,21.70000000,21.70000000,0.00000000
2001-01-28T03:10:00,1,1,28,3,10,0.00000000,21.53333333,21.53333333,0.00000000
2001-01-28T03:20:00,1,1,28,3,20,0.00000000,21.36666667,21.36666667,0.00000000
2001-01-28T03:30:00,1,1,28,3,30,0.00000000,21.20000000,21.20000000,0.00000000
2001-01-28T03:40:00,1,1,28,3,40,0.00000000,21.03333333,21.03333333,0.00000000
2001-01-28T03:50:00,1,1,28,3,50,0.00000000,20.86666667,20.86666667,0.00000000
2001-01-28T04:00:00,1,1,28,4,0,0.00000000,20.70000000,20.70000000,0.00000000
2001-01-28T04:10:00,1,1,28,4,10,0.00316667,20.63333333,20.74416667,0.00322866
2001-01-28T04:20:00,1,1,28,4,20,0.00633333,20.56666667,20.78833333,0.00645603
2001-01-28T04:30:00,1,1,28,4,30,0.00950000,20.50000000,20.83250000,0.00968212
2001-01-28T04:40:00,1,1,28,4,40,0.01266667,20.43333333,20.87666667,0.01290692
2001-01-28T04:50:00,1,1,28,4,50,0.01583333,20.36666667,20.92083333,0.01613043
2001-01-28T05:00:00,1,1,28,5,0,0.01900000,20.30000000,20.96500000,0.01935266
2001-01-28T05:10:00,1,1,28,5,10,0.04400000,20.48333333,22.02333333,0.04460248
2001-01-28T05:20:00,1,1,28,5,20,0.06900000,20.66666667,23.08166667,0.06960888
2001-01-28T05:30:00,1,1,28,5,30,0.09400000,20.85000000,24.14000000,0.09437186
2001-01-28T05:40:00,1,1,28,5,40,0.11900000,21.03333333,25.19833333,0.11889143
2001-01-28T05:50:00,1,1,28,5,50,0.14400000,21.21666667,26.25666667,0.14316758
2001-01-28T06:00:00,1,1,28,6,0,0.16900000,21.40000000,27.31500000,0.16720032
2001-01-28T06:10:00,1,1,28,6,10,0.17666667,21.81666667,28.00000000,0.17422867
2001-01-28T06:20:00,1,1,28,6,20,0.18433333,22.23333333,28.68500000,0.18120870
2001-01-28T06:30:00,1,1,28,6,30,0.19200000,22.65000000,29.37000000,0.18814042
2001-01-28T06:40:00,1,1,28,6,40,0.19966667,23.06666667,30.05500000,0.19502382
2001-01-28T06:50:00,1,1,28,6,50,0.20733333,23.48333333,30.74000000,0.20185890
2001-01-28T07:00:00,1,1,28,7,0,0.21500000,23.90000000,31.42500000,0.20864568
2001-01-28T07:10:00,1,1,28,7,10,0.25016667,23.96666667,32.72250000,0.24127987
2001-01-28T07:20:00,1,1,28,7,20,0.28533333,24.03333333,34.02000000,0.27349428
2001-01-28T07:30:00,1,1,28,7,30,0.32050000,24.10000000,35.31750000,0.30528891
2001-01-28T07:40:00,1,1,28,7,40,0.35566667,24.16666667,36.61500000,0.33666375
2001-01-28T07:50:00,1,1,28,7,50,0.39083333,24.23333333,37.91250000,0.36761881
2001-01-28T08:00:00,1,1,28,8,0,0.42600000,24.30000000,39.21000000,0.39815408
2001-01-28T08:10:00,1,1,28,8,10,0.48800000,24.71666667,41.79666667,0.45029484
2001-01-28T08:20:00,1,1,28,8,20,0.55000000,25.13333333,44.38333333,0.50096017
2001-01-28T08:30:00,1,1,28,8,30,0.61200000,25.55000000,46.97000000,0.55015006
2001-01-28T08:40:00,1,1,28,8,40,0.67400000,25.96666667,49.55666667,0.59786451
2001-01-28T08:50:00,1,1,28,8,50,0.73600000,26.38333333,52.14333333,0.64410353
2001-01-28T09:00:00,1,1,28,9,0,0.79800000,26.80000000,54.73000000,0.68886712
2001-01-28T09:10:00,1,1,28,9,10,0.80233333,27.53333333,55.61500000,0.68934153
2001-01-28T09:20:00,1,1,28,9,20,0.80666667,28.26666667,56.50000000,0.68978067
2001-01-28T09:30:00,1,1,28,9,30,0.81100000,29.00000000,57.38500000,0.69018452
2001-01-28T09:40:00,1,1,28,9,40,0.81533333,29.73333333,58.27000000,0.69055309
2001-01-28T09:50:00,1,1,28,9,50,0.81966667,30.46666667,59.15500000,0.69088638
2001-01-28T10:00:00,1,1,28,10,0,0.82400000,31.20000000,60.04000000,0.69118438
2001-01-28T10:10:00,1,1,28,10,10,0.82216667,31.30000000,60.07583333,0.68951103
2001-01-28T10:20:00,1,1,28,10,20,0.82033333,31.40000000,60.11166667,0.68783829
2001-01-28T10:30:00,1,1,28,10,30,0.81850000,31.50000000,60.14750000,0.68616615
2001-01-28T10:40:00,1,1,28,10,40,0.81666667,31.60000000,60.18333333,0.68449461
2001-01-28T10:50:00,1,1,28,10,50,0.81483333,31.70000000,60.21916667,0.68282368
2001-01-28T11:00:00,1,1,28,11,0,0.81300000,31.80000000,60.25500000,0.68115335
2001-01-28T11:10:00,1,1,28,11,10,0.84683333,31.75000000,61.38916667,0.70508176
2001-01-28T11:20:00,1,1,28,11,20,0.88066667,31.70000000,62.52333333,0.72865714
2001-01-28T11:30:00,1,1,28,11,30,0.91450000,31.65000000,63.65750000,0.75187949
2001-01-28T11:40:00,1,1,28,11,40,0.94833333,31.60000000,64.79166667,0.77474882
2001-01-28T11:50:00,1,1,28,11,50,0.98216667,31.55000000,65.92583333,0.79726512
2001-01-28T12:00:00,1,1,28,12,0,1.01600000,31.50000000,67.06000000,0.81942838
2001-01-28T12:10:00,1,1,28,12,10,0.96633333,31.86666667,65.68833333,0.78546827
2001-01-28T12:20:00,1,1,28,12,20,0.91666667,32.23333333,64.31666667,0.75088139
2001-01-28T12:30:00,1,1,28,12,30,0.86700000,32.60000000,62.94500000,0.71566775
2001-01-28T12:40:00,1,1,28,12,40,0.81733333,32.96666667,61.57333333,0.67982735
2001-01-28T12:50:00,1,1,28,12,50,0.76766667,33.33333333,60.20166667,0.64336019
2001-01-28T13:00:00,1,1,28,13,0,0.71800000,33.70000000,58.83000000,0.60626628
2001-01-28T13:10:00,1,1,28,13,10,0.68733333,33.15000000,57.20666667,0.58550444
2001-01-28T13:20:00,1,1,28,13,20,0.65666667,32.60000000,55.58333333,0.56428461
2001-01-28T13:30:00,1,1,28,13,30,0.62600000,32.05000000,53.96000000,0.54260678
2001-01-28T13:40:00,1,1,28,13,40,0.59533333,31.50000000,52.33666667,0.52047096
2001-01-28T13:50:00,1,1,28,13,50,0.56466667,30.95000000,50.71333333,0.49787714
2001-01-28T14:00:00,1,1,28,14,0,0.53400000,30.40000000,49.09000000,0.47482532
2001-01-28T14:10:00,1,1,28,14,10,0.55666667,30.10000000,49.58333333,0.49371694
2001-01-28T14:20:00,1,1,28,14,20,0.57933333,29.80000000,50.07666667,0.51250569
2001-01-28T14:30:00,1,1,28,14,30,0.60200000,29.50000000,50.57000000,0.53119156
2001-01-28T14:40:00,1,1,28,14,40,0.62466667,29.20000000,51.06333333,0.54977455
2001-01-28T14:50:00,1,1,28,14,50,0.64733333,28.90000000,51.55666667,0.56825466
2001-01-28T15:00:00,1,1,28,15,0,0.67000000,28.60000000,52.05000000,0.58663190
2001-01-28T15:10:00,1,1,28,15,10,0.61916667,28.76666667,50.43750000,0.54671643
2001-01-28T15:20:00,1,1,28,15,20,0.56833333,28.93333333,48.82500000,0.50604684
2001-01-28T15:30:00,1,1,28,15,30,0.51750000,29.10000000,47.21250000,0.46462314
2001-01-28T15:40:00,1,1,28,15,40,0.46666667,29.26666667,45.60000000,0.42244533
2001-01-28T15:50:00,1,1,28,15,50,0.41583333,29.43333333,43.98750000,0.37951341
2001-01-28T16:00:00,1,1,28,16,0,0.36500000,29.60000000,42.37500000,0.33582737
2001-01-28T16:10:00,1,1,28,16,10,0.33233333,29.06666667,40.69833333,0.30833477
2001-01-28T16:20:00,1,1,28,16,20,0.29966667,28.53333333,39.02166667,0.28033827
2001-01-28T16:30:00,1,1,28,16,30,0.26700000,28.00000000,37.34500000,0.25183787
2001-01-28T16:40:00,1,1,28,16,40,0.23433333,27.46666667,35.66833333,0.22283358
2001-01-28T16:50:00,1,1,28,16,50,0.20166667,26.93333333,33.99166667,0.19332540
2001-01-28T17:00:00,1,1,28,17,0,0.16900000,26.40000000,32.31500000,0.16331332
2001-01-28T17:10:00,1,1,28,17,10,0.14450000,25.95000000,31.00750000,0.14050681
2001-01-28T17:20:00,1,1,28,17,20,0.12000000,25.50000000,29.70000000,0.11740560
2001-01-28T17:30:00,1,1,28,17,30,0.09550000,25.05000000,28.39250000,0.09400967
2001-01-28T17:40:00,1,1,28,17,40,0.07100000,24.60000000,27.08500000,0.07031904
2001-01-28T17:50:00,1,1,28,17,50,0.04650000,24.15000000,25.77750000,0.04633369
2001-01-28T18:00:00,1,1,28,18,0,0.02200000,23.70000000,24.47000000,0.02205364
2001-01-28T18:10:00,1,1,28,18,10,0.01833333,23.33333333,23.97500000,0.01841977
2001-01-28T18:20:00,1,1,28,18,20,0.01466667,22.96666667,23.48000000,0.01476922
2001-01-28T18:30:00,1,1,28,18,30,0.01100000,22.60000000,22.98500000,0.01110196
2001-01-28T18:40:00,1,1,28,18,40,0.00733333,22.23333333,22.49000000,0.00741800
2001-01-28T18:50:00,1,1,28,18,50,0.00366667,21.86666667,21.99500000,0.00371735
2001-01-28T19:00:00,1,1,28,19,0,0.00000000,21.50000000,21.50000000,0.00000000
2001-01-28T19:10:00,1,1,28,19,10,0.00000000,21.40000000,21.40000000,0.00000000
2001-01-28T19:20:00,1,1,28,19,20,0.00000000,21.30000000,21.30000000,0.00000000
2001-01-28T19:30:00,1,1,28,19,30,0.00000000,21.20000000,21.20000000,0.00000000
2001-01-28T19:40:00,1,1,28,19,40,0.00000000,21.10000000,21.10000000,0.00000000
2001-01-28T19:50:00,1,1,28,19,50,0.00000000,21.00000000,21.00000000,0.00000000
2001-01-28T20:00:00,1,1,28,20,0,0.00000000,20.90000000,20.90000000,0.00000000
2001-01-28T20:10:00,1,1,28,20,10,0.00000000,20.90000000,20.90000000,0.00000000
2001-01-28T20:20:00,1,1,28,20,20,0.00000000,20.90000000,20.90000000,0.00000000
2001-01-28T20:30:00,1,1,28,20,30,0.00000000,20.90000000,20.90000000,0.00000000
2001-01-28T20:40:00,1,1,28,20,40,0.00000000,20.90000000,20.90000000,0.00000000
2001-01-28T20:50:00,1,1,28,20,50,0.00000000,20.90000000,20.90000000,0.00000000
2001-01-28T21:00:00,1,1,28,21,0,0.00000000,20.90000000,20.90000000,0.00000000
2001-01-28T21:10:00,1,1,28,21,10,0.00000000,20.76666667,20.76666667,0.00000000
2001-01-28T21:20:00,1,1,28,21,20,0.00000000,20.63333333,20.63333333,0.00000000
2001-01-28T21:30:00,1,1,28,21,30,0.00000000,20.50000000,20.50000000,0.00000000
2001-01-28T21:40:00,1,1,28,21,40,0.00000000,20.36666667,20.36666667,0.00000000
2001-01-28T21:50:00,1,1,28,21,50,0.00000000,20.23333333,20.23333333,0.00000000
2001-01-28T22:00:00,1,1,28,22,0,0.00000000,20.10000000,20.10000000,0.00000000
2001-01-28T22:10:00,1,1,28,22,10,0.00000000,20.05000000,20.05000000,0.00000000
2001-01-28T22:20:00,1,1,28,22,20,0.00000000,20.00000000,20.00000000,0.00000000
2001-01-28T22:30:00,1,1,28,22,30,0.00000000,19.95000000,19.95000000,0.00000000
2001-01-28T22:40:00,1,1,28,22,40,0.00000000,19.90000000,19.90000000,0.00000000
2001-01-28T22:50:00,1,1,28,22,50,0.00000000,19.85000000,19.85000000,0.00000000
2001-01-28T23:00:00,1,1,28,23,0,0.00000000,19.80000000,19.80000000,0.00000000
2001-01-28T23:10:00,1,1,28,23,10,0.00000000,19.70000000,19.70000000,0.00000000
2001-01-28T23:20:00,1,1,28,23,20,0.00000000,19.60000000,19.60000000,0.00000000
2001-01-28T23:30:00,1,1,28,23,30,0.00000000,19.50000000,19.50000000,0.00000000
2001-01-28T23:40:00,1,1,28,23,40,0.00000000,19.40000000,19.40000000,0.00000000
2001-01-28T23:50:00,1,1,28,23,50,0.00000000,19.30000000,19.30000000,0.00000000
2001-01-29T00:00:00,1,1,29,0,0,0.00000000,19.20000000,19.20000000,0.00000000
2001-01-29T00:10:00,1,1,29,0,10,0.00000000,19.11666667,19.11666667,0.00000000
2001-01-29T00:20:00,1,1,29,0,20,0.00000000,19.03333333,19.03333333,0.00000000
2001-01-29T00:30:00,1,1,29,0,30,0.00000000,18.95000000,18.95000000,0.00000000
2001-01-29T00:40:00,1,1,29,0,40,0.00000000,18.86666667,18.86666667,0.00000000
2001-01-29T00:50:00,1,1,29,0,50,0.00000000,18.78333333,18.78333333,0.00000000
2001-01-29T01:00:00,1,1,29,1,0,0.00000000,18.70000000,18.70000000,0.00000000
2001-01-29T01:10:00,1,1,29,1,10,0.00000000,18.73333333,18.73333333,0.00000000
2001-01-29T01:20:00,1,1,29,1,20,0.00000000,18.76666667,18.76666667,0.00000000
2001-01-29T01:30:00,1,1,29,1,30,0.00000000,18.80000000,18.80000000,0.00000000
2001-01-29T01:40:00,1,1,29,1,40,0.00000000,18.83333333,18.83333333,0.00000000
2001-01-29T01:50:00,1,1,29,1,50,0.00000000,18.86666667,18.86666667,0.00000000
2001-01-29T02:00:00,1,1,29,2,0,0.00000000,18.90000000,18.90000000,0.00000000
2001-01-29T02:10:00,1,1,29,2,10,0.00000000,18.95000000,18.95000000,0.00000000
2001-01-29T02:20:00,1,1,29,2,20,0.00000000,19.00000000,19.00000000,0.00000000
2001-01-29T02:30:00,1,1,29,2,30,0.00000000,19.05000000,19.05000000,0.00000000
2001-01-29T02:40:00,1,1,29,2,40,0.00000000,19.10000000,19.10000000,0.00000000
2001-01-29T02:50:00,1,1,29,2,50,0.00000000,19.15000000,19.15000000,0.00000000
2001-01-29T03:00:00,1,1,29,3,0,0.00000000,19.20000000,19.20000000,0.00000000
2001-01-29T03:10:00,1,1,29,3,10,0.00000000,19.06666667,19.06666667,0.00000000
2001-01-29T03:20:00,1,1,29,3,20,0.00000000,18.93333333,18.93333333,0.00000000
2001-01-29T03:30:00,1,1,29,3,30,0.00000000,18.80000000,18.80000000,0.00000000
2001-01-29T03:40:00,1,1,29,3,40,0.00000000,18.66666667,18.66666667,0.00000000
2001-01-29T03:50:00,1,1,29,3,50,0.00000000,18.53333333,18.53333333,0.00000000
2001-01-29T04:00:00,1,1,29,4,0,0.00000000,18.40000000,18.40000000,0.00000000
2001-01-29T04:10:00,1,1,29,4,10,0.00183333,18.48333333,18.54750000,0.00188775
2001-01-29T04:20:00,1,1,29,4,20,0.00366667,18.56666667,18.69500000,0.00377301
2001-01-29T04:30:00,1,1,29,4,30,0.00550000,18.65000000,18.84250000,0.00565578
2001-01-29T04:40:00,1,1,29,4,40,0.00733333,18.73333333,18.99000000,0.00753607
2001-01-29T04:50:00,1,1,29,4,50,0.00916667,18.81666667,19.13750000,0.00941387
2001-01-29T05:00:00,1,1,29,5,0,0.01100000,18.90000000,19.28500000,0.01128918
2001-01-29T05:10:00,1,1,29,5,10,0.03050000,18.98333333,20.05083333,0.03119437
2001-01-29T05:20:00,1,1,29,5,20,0.05000000,19.06666667,20.81666667,0.05096217
2001-01-29T05:30:00,1,1,29,5,30,0.06950000,19.15000000,21.58250000,0.07059257
2001-01-29T05:40:00,1,1,29,5,40,0.08900000,19.23333333,22.34833333,0.09008559
2001-01-29T05:50:00,1,1,29,5,50,0.10850000,19.31666667,23.11416667,0.10944122
2001-01-29T06:00:00,1,1,29,6,0,0.12800000,19.40000000,23.88000000,0.12865946
2001-01-29T06:10:00,1,1,29,6,10,0.16633333,19.56666667,25.38833333,0.16603621
2001-01-29T06:20:00,1,1,29,6,20,0.20466667,19.73333333,26.89666667,0.20288102
2001-01-29T06:30:00,1,1,29,6,30,0.24300000,19.90000000,28.40500000,0.23919389
2001-01-29T06:40:00,1,1,29,6,40,0.28133333,20.06666667,29.91333333,0.27497482
2001-01-29T06:50:00,1,1,29,6,50,0.31966667,20.23333333,31.42166667,0.31022382
2001-01-29T07:00:00,1,1,29,7,0,0.35800000,20.40000000,32.93000000,0.34494088
2001-01-29T07:10:00,1,1,29,7,10,0.33433333,20.76666667,32.46833333,0.32284753
2001-01-29T07:20:00,1,1,29,7,20,0.31066667,21.13333333,32.00666667,0.30065367
2001-01-29T07:30:00,1,1,29,7,30,0.28700000,21.50000000,31.54500000,0.27835929
2001-01-29T07:40:00,1,1,29,7,40,0.26333333,21.86666667,31.08333333,0.25596439
2001-01-29T07:50:00,1,1,29,7,50,0.23966667,22.23333333,30.62166667,0.23346897
2001-01-29T08:00:00,1,1,29,8,0,0.21600000,22.60000000,30.16000000,0.21087302
2001-01-29T08:10:00,1,1,29,8,10,0.25483333,22.40000000,31.31916667,0.24742580
2001-01-29T08:20:00,1,1,29,8,20,0.29366667,22.20000000,32.47833333,0.28356444
2001-01-29T08:30:00,1,1,29,8,30,0.33250000,22.00000000,33.63750000,0.31928894
2001-01-29T08:40:00,1,1,29,8,40,0.37133333,21.80000000,34.79666667,0.35459932
2001-01-29T08:50:00,1,1,29,8,50,0.41016667,21.60000000,35.95583333,0.38949557
2001-01-29T09:00:00,1,1,29,9,0,0.44900000,21.40000000,37.11500000,0.42397768
2001-01-29T09:10:00,1,1,29,9,10,0.42350000,21.75000000,36.57250000,0.40095561
2001-01-29T09:20:00,1,1,29,9,20,0.39800000,22.10000000,36.03000000,0.37780628
2001-01-29T09:30:00,1,1,29,9,30,0.37250000,22.45000000,35.48750000,0.35452967
2001-01-29T09:40:00,1,1,29,9,40,0.34700000,22.80000000,34.94500000,0.33112579
2001-01-29T09:50:00,1,1,29,9,50,0.32150000,23.15000000,34.40250000,0.30759464
2001-01-29T10:00:00,1,1,29,10,0,0.29600000,23.50000000,33.86000000,0.28393622
2001-01-29T10:10:00,1,1,29,10,10,0.39150000,23.41666667,37.11916667,0.36967459
2001-01-29T10:20:00,1,1,29,10,20,0.48700000,23.33333333,40.37833333,0.45254946
2001-01-29T10:30:00,1,1,29,10,30,0.58250000,23.25000000,43.63750000,0.53256082
2001-01-29T10:40:00,1,1,29,10,40,0.67800000,23.16666667,46.89666667,0.60970868
2001-01-29T10:50:00,1,1,29,10,50,0.77350000,23.08333333,50.15583333,0.68399303
2001-01-29T11:00:00,1,1,29,11,0,0.86900000,23.00000000,53.41500000,0.75541388
2001-01-29T11:10:00,1,1,29,11,10,0.84633333,23.51666667,53.13833333,0.73678705
2001-01-29T11:20:00,1,1,29,11,20,0.82366667,24.03333333,52.86166667,0.71810253
2001-01-29T11:30:00,1,1,29,11,30,0.80100000,24.55000000,52.58500000,0.69936031
2001-01-29T11:40:00,1,1,29,11,40,0.77833333,25.06666667,52.30833333,0.68056040
2001-01-29T11:50:00,1,1,29,11,50,0.75566667,25.58333333,52.03166667,0.66170279
2001-01-29T12:00:00,1,1,29,12,0,0.73300000,26.10000000,51.75500000,0.64278749
2001-01-29T12:10:00,1,1,29,12,10,0.66516667,26.00000000,49.28083333,0.59087298
2001-01-29T12:20:00,1,1,29,12,20,0.59733333,25.90000000,46.80666667,0.53741443
2001-01-29T12:30:00,1,1,29,12,30,0.52950000,25.80000000,44.33250000,0.48241183
2001-01-29T12:40:00,1,1,29,12,40,0.46166667,25.70000000,41.85833333,0.42586519
2001-01-29T12:50:00,1,1,29,12,50,0.39383333,25.60000000,39.38416667,0.36777450
2001-01-29T13:00:00,1,1,29,13,0,0.32600000,25.50000000,36.91000000,0.30813976
2001-01-29T13:10:00,1,1,29,13,10,0.39066667,25.16666667,38.84000000,0.36579526
2001-01-29T13:20:00,1,1,29,13,20,0.45533333,24.83333333,40.77000000,0.42230254
2001-01-29T13:30:00,1,1,29,13,30,0.52000000,24.50000000,42.70000000,0.47766160
2001-01-29T13:40:00,1,1,29,13,40,0.58466667,24.16666667,44.63000000,0.53187244
2001-01-29T13:50:00,1,1,29,13,50,0.64933333,23.83333333,46.56000000,0.58493505
2001-01-29T14:00:00,1,1,29,14,0,0.71400000,23.50000000,48.49000000,0.63684944
2001-01-29T14:10:00,1,1,29,14,10,0.61616667,23.91666667,45.48250000,0.55811175
2001-01-29T14:20:00,1,1,29,14,20,0.51833333,24.33333333,42.47500000,0.47666711
2001-01-29T14:30:00,1,1,29,14,30,0.42050000,24.75000000,39.46750000,0.39251551
2001-01-29T14:40:00,1,1,29,14,40,0.32266667,25.16666667,36.46000000,0.30565697
2001-01-29T14:50:00,1,1,29,14,50,0.22483333,25.58333333,33.45250000,0.21609148
2001-01-29T15:00:00,1,1,29,15,0,0.12700000,26.00000000,30.44500000,0.12381903
2001-01-29T15:10:00,1,1,29,15,10,0.14816667,25.46666667,30.65250000,0.14431411
2001-01-29T15:20:00,1,1,29,15,20,0.16933333,24.93333333,30.86000000,0.16476878
2001-01-29T15:30:00,1,1,29,15,30,0.19050000,24.40000000,31.06750000,0.18518305
2001-01-29T15:40:00,1,1,29,15,40,0.21166667,23.86666667,31.27500000,0.20555691
2001-01-29T15:50:00,1,1,29,15,50,0.23283333,23.33333333,31.48250000,0.22589036
2001-01-29T16:00:00,1,1,29,16,0,0.25400000,22.80000000,31.69000000,0.24618340
2001-01-29T16:10:00,1,1,29,16,10,0.24166667,22.91666667,31.37500000,0.23457979
2001-01-29T16:20:00,1,1,29,16,20,0.22933333,23.03333333,31.06000000,0.22294044
2001-01-29T16:30:00,1,1,29,16,30,0.21700000,23.15000000,30.74500000,0.21126534
2001-01-29T16:40:00,1,1,29,16,40,0.20466667,23.26666667,30.43000000,0.19955450
2001-01-29T16:50:00,1,1,29,16,50,0.19233333,23.38333333,30.11500000,0.18780792
2001-01-29T17:00:00,1,1,29,17,0,0.18000000,23.50000000,29.80000000,0.17602560
2001-01-29T17:10:00,1,1,29,17,10,0.15233333,23.45000000,28.78166667,0.14968339
2001-01-29T17:20:00,1,1,29,17,20,0.12466667,23.40000000,27.76333333,0.12308199
2001-01-29T17:30:00,1,1,29,17,30,0.09700000,23.35000000,26.74500000,0.09622138
2001-01-29T17:40:00,1,1,29,17,40,0.06933333,23.30000000,25.72666667,0.06910158
2001-01-29T17:50:00,1,1,29,17,50,0.04166667,23.25000000,24.70833333,0.04172257
2001-01-29T18:00:00,1,1,29,18,0,0.01400000,23.20000000,23.69000000,0.01408436
2001-01-29T18:10:00,1,1,29,18,10,0.01166667,22.91666667,23.32500000,0.01175656
2001-01-29T18:20:00,1,1,29,18,20,0.00933333,22.63333333,22.96000000,0.00942092
2001-01-29T18:30:00,1,1,29,18,30,0.00700000,22.35000000,22.59500000,0.00707744
2001-01-29T18:40:00,1,1,29,18,40,0.00466667,22.06666667,22.23000000,0.00472613
2001-01-29T18:50:00,1,1,29,18,50,0.00233333,21.78333333,21.86500000,0.00236698
2001-01-29T19:00:00,1,1,29,19,0,0.00000000,21.50000000,21.50000000,0.00000000
2001-01-29T19:10:00,1,1,29,19,10,0.00000000,21.45000000,21.45000000,0.00000000
2001-01-29T19:20:00,1,1,29,19,20,0.00000000,21.40000000,21.40000000,0.00000000
2001-01-29T19:30:00,1,1,29,19,30,0.00000000,21.35000000,21.35000000,0.00000000
2001-01-29T19:40:00,1,1,29,19,40,0.00000000,21.30000000,21.30000000,0.00000000
2001-01-29T19:50:00,1,1,29,19,50,0.00000000,21.25000000,21.25000000,0.00000000
2001-01-29T20:00:00,1,1,29,20,0,0.00000000,21.20000000,21.20000000,0.00000000
2001-01-29T20:10:00,1,1,29,20,10,0.00000000,21.25000000,21.25000000,0.00000000
2001-01-29T20:20:00,1,1,29,20,20,0.00000000,21.30000000,21.30000000,0.00000000
2001-01-29T20:30:00,1,1,29,20,30,0.00000000,21.35000000,21.35000000,0.00000000
2001-01-29T20:40:00,1,1,29,20,40,0.00000000,21.40000000,21.40000000,0.00000000
2001-01-29T20:50:00,1,1,29,20,50,0.00000000,21.45000000,21.45000000,0.00000000
2001-01-29T21:00:00,1,1,29,21,0,0.00000000,21.50000000,21.50000000,0.00000000
2001-01-29T21:10:00,1,1,29,21,10,0.00000000,21.36666667,21.36666667,0.00000000
2001-01-29T21:20:00,1,1,29,21,20,0.00000000,21.23333333,21.23333333,0.00000000
2001-01-29T21:30:00,1,1,29,21,30,0.00000000,21.10000000,21.10000000,0.00000000
2001-01-29T21:40:00,1,1,29,21,40,0.00000000,20.96666667,20.96666667,0.00000000
2001-01-29T21:50:00,1,1,29,21,50,0.00000000,20.83333333,20.83333333,0.00000000
2001-01-29T22:00:00,1,1,29,22,0,0.00000000,20.70000000,20.70000000,0.00000000
2001-01-29T22:10:00,1,1,29,22,10,0.00000000,20.66666667,20.66666667,0.00000000
2001-01-29T22:20:00,1,1,29,22,20,0.00000000,20.63333333,20.63333333,0.00000000
2001-01-29T22:30:00,1,1,29,22,30,0.00000000,20.60000000,20.60000000,0.00000000
2001-01-29T22:40:00,1,1,29,22,40,0.00000000,20.56666667,20.56666667,0.00000000
2001-01-29T22:50:00,1,1,29,22,50,0.00000000,20.53333333,20.53333333,0.00000000
2001-01-29T23:00:00,1,1,29,23,0,0.00000000,20.50000000,20.50000000,0.00000000
2001-01-29T23:10:00,1,1,29,23,10,0.00000000,20.61666667,20.61666667,0.00000000
2001-01-29T23:20:00,1,1,29,23,20,0.00000000,20.73333333,20.73333333,0.00000000
2001-01-29T23:30:00,1,1,29,23,30,0.00000000,20.85000000,20.85000000,0.00000000
2001-01-29T23:40:00,1,1,29,23,40,0.00000000,20.96666667,20.96666667,0.00000000
2001-01-29T23:50:00,1,1,29,23,50,0.00000000,21.08333333,21.08333333,0.00000000
2001-01-30T00:00:00,1,1,30,0,0,0.00000000,21.20000000,21.20000000,0.00000000
2001-01-30T00:10:00,1,1,30,0,10,0.00000000,21.26666667,21.26666667,0.00000000
2001-01-30T00:20:00,1,1,30,0,20,0.00000000,21.33333333,21.33333333,0.00000000
2001-01-30T00:30:00,1,1,30,0,30,0.00000000,21.40000000,21.40000000,0.00000000
2001-01-30T00:40:00,1,1,30,0,40,0.00000000,21.46666667,21.46666667,0.00000000
2001-01-30T00:50:00,1,1,30,0,50,0.00000000,21.53333333,21.53333333,0.00000000
2001-01-30T01:00:00,1,1,30,1,0,0.00000000,21.60000000,21.60000000,0.00000000
2001-01-30T01:10:00,1,1,30,1,10,0.00000000,21.58333333,21.58333333,0.00000000
2001-01-30T01:20:00,1,1,30,1,20,0.00000000,21.56666667,21.56666667,0.00000000
2001-01-30T01:30:00,1,1,30,1,30,0.00000000,21.55000000,21.55000000,0.00000000
2001-01-30T01:40:00,1,1,30,1,40,0.00000000,21.53333333,21.53333333,0.00000000
2001-01-30T01:50:00,1,1,30,1,50,0.00000000,21.51666667,21.51666667,0.00000000
2001-01-30T02:00:00,1,1,30,2,0,0.00000000,21.50000000,21.50000000,0.00000000
2001-01-30T02:10:00,1,1,30,2,10,0.00000000,21.51666667,21.51666667,0.00000000
2001-01-30T02:20:00,1,1,30,2,20,0.00000000,21.53333333,21.53333333,0.00000000
2001-01-30T02:30:00,1,1,30,2,30,0.00000000,21.55000000,21.55000000,0.00000000
2001-01-30T02:40:00,1,1,30,2,40,0.00000000,21.56666667,21.56666667,0.00000000
2001-01-30T02:50:00,1,1,30,2,50,0.00000000,21.58333333,21.58333333,0.00000000
2001-01-30T03:00:00,1,1,30,3,0,0.00000000,21.60000000,21.60000000,0.00000000
2001-01-30T03:10:00,1,1,30,3,10,0.00000000,21.56666667,21.56666667,0.00000000
2001-01-30T03:20:00,1,1,30,3,20,0.00000000,21.53333333,21.53333333,0.00000000
2001-01-30T03:30:00,1,1,30,3,30,0.00000000,21.50000000,21.50000000,0.00000000
2001-01-30T03:40:00,1,1,30,3,40,0.00000000,21.46666667,21.46666667,0.00000000
2001-01-30T03:50:00,1,1,30,3,50,0.00000000,21.43333333,21.43333333,0.00000000
2001-01-30T04:00:00,1,1,30,4,0,0.00000000,21.40000000,21.40000000,0.00000000
2001-01-30T04:10:00,1,1,30,4,10,0.00000000,21.48333333,21.48333333,0.00000000
2001-01-30T04:20:00,1,1,30,4,20,0.00000000,21.56666667,21.56666667,0.00000000
2001-01-30T04:30:00,1,1,30,4,30,0.00000000,21.65000000,21.65000000,0.00000000
2001-01-30T04:40:00,1,1,30,4,40,0.00000000,21.73333333,21.73333333,0.00000000
2001-01-30T04:50:00,1,1,30,4,50,0.00000000,21.81666667,21.81666667,0.00000000
2001-01-30T05:00:00,1,1,30,5,0,0.00000000,21.90000000,21.90000000,0.00000000
2001-01-30T05:10:00,1,1,30,5,10,0.00400000,21.95000000,22.09000000,0.00405354
2001-01-30T05:20:00,1,1,30,5,20,0.00800000,22.00000000,22.28000000,0.00810010
2001-01-30T05:30:00,1,1,30,5,30,0.01200000,22.05000000,22.47000000,0.01213966
2001-01-30T05:40:00,1,1,30,5,40,0.01600000,22.10000000,22.66000000,0.01617222
2001-01-30T05:50:00,1,1,30,5,50,0.02000000,22.15000000,22.85000000,0.02019780
2001-01-30T06:00:00,1,1,30,6,0,0.02400000,22.20000000,23.04000000,0.02421638
2001-01-30T06:10:00,1,1,30,6,10,0.02883333,22.11666667,23.12583333,0.02908191
2001-01-30T06:20:00,1,1,30,6,20,0.03366667,22.03333333,23.21166667,0.03394362
2001-01-30T06:30:00,1,1,30,6,30,0.03850000,21.95000000,23.29750000,0.03880151
2001-01-30T06:40:00,1,1,30,6,40,0.04333333,21.86666667,23.38333333,0.04365559
2001-01-30T06:50:00,1,1,30,6,50,0.04816667,21.78333333,23.46916667,0.04850585
2001-01-30T07:00:00,1,1,30,7,0,0.05300000,21.70000000,23.55500000,0.05335229
2001-01-30T07:10:00,1,1,30,7,10,0.05800000,21.80000000,23.83000000,0.05831216
2001-01-30T07:20:00,1,1,30,7,20,0.06300000,21.90000000,24.10500000,0.06325937
2001-01-30T07:30:00,1,1,30,7,30,0.06800000,22.00000000,24.38000000,0.06819394
2001-01-30T07:40:00,1,1,30,7,40,0.07300000,22.10000000,24.65500000,0.07311585
2001-01-30T07:50:00,1,1,30,7,50,0.07800000,22.20000000,24.93000000,0.07802512
2001-01-30T08:00:00,1,1,30,8,0,0.08300000,22.30000000,25.20500000,0.08292173
2001-01-30T08:10:00,1,1,30,8,10,0.08783333,22.21666667,25.29083333,0.08771583
2001-01-30T08:20:00,1,1,30,8,20,0.09266667,22.13333333,25.37666667,0.09250611
2001-01-30T08:30:00,1,1,30,8,30,0.09750000,22.05000000,25.46250000,0.09729257
2001-01-30T08:40:00,1,1,30,8,40,0.10233333,21.96666667,25.54833333,0.10207521
2001-01-30T08:50:00,1,1,30,8,50,0.10716667,21.88333333,25.63416667,0.10685404
2001-01-30T09:00:00,1,1,30,9,0,0.11200000,21.80000000,25.72000000,0.11162906
2001-01-30T09:10:00,1,1,30,9,10,0.11550000,21.88333333,25.92583333,0.11500810
2001-01-30T09:20:00,1,1,30,9,20,0.11900000,21.96666667,26.13166667,0.11838053
2001-01-30T09:30:00,1,1,30,9,30,0.12250000,22.05000000,26.33750000,0.12174632
2001-01-30T09:40:00,1,1,30,9,40,0.12600000,22.13333333,26.54333333,0.12510548
2001-01-30T09:50:00,1,1,30,9,50,0.12950000,22.21666667,26.74916667,0.12845802
2001-01-30T10:00:00,1,1,30,10,0,0.13300000,22.30000000,26.95500000,0.13180393
2001-01-30T10:10:00,1,1,30,10,10,0.13500000,22.35000000,27.07500000,0.13371142
2001-01-30T10:20:00,1,1,30,10,20,0.13700000,22.40000000,27.19500000,0.13561671
2001-01-30T10:30:00,1,1,30,10,30,0.13900000,22.45000000,27.31500000,0.13751979
2001-01-30T10:40:00,1,1,30,10,40,0.14100000,22.50000000,27.43500000,0.13942066
2001-01-30T10:50:00,1,1,30,10,50,0.14300000,22.55000000,27.55500000,0.14131932
2001-01-30T11:00:00,1,1,30,11,0,0.14500000,22.60000000,27.67500000,0.14321577
2001-01-30T11:10:00,1,1,30,11,10,0.14500000,22.65000000,27.72500000,0.14318243
2001-01-30T11:20:00,1,1,30,11,20,0.14500000,22.70000000,27.77500000,0.14314907
2001-01-30T11:30:00,1,1,30,11,30,0.14500000,22.75000000,27.82500000,0.14311572
2001-01-30T11:40:00,1,1,30,11,40,0.14500000,22.80000000,27.87500000,0.14308237
2001-01-30T11:50:00,1,1,30,11,50,0.14500000,22.85000000,27.92500000,0.14304902
2001-01-30T12:00:00,1,1,30,12,0,0.14500000,22.90000000,27.97500000,0.14301568
2001-01-30T12:10:00,1,1,30,12,10,0.14300000,22.76666667,27.77166667,0.14117680
2001-01-30T12:20:00,1,1,30,12,20,0.14100000,22.63333333,27.56833333,0.13933418
2001-01-30T12:30:00,1,1,30,12,30,0.13900000,22.50000000,27.36500000,0.13748782
2001-01-30T12:40:00,1,1,30,12,40,0.13700000,22.36666667,27.16166667,0.13563772
2001-01-30T12:50:00,1,1,30,12,50,0.13500000,22.23333333,26.95833333,0.13378387
2001-01-30T13:00:00,1,1,30,13,0,0.13300000,22.10000000,26.75500000,0.13192629
2001-01-30T13:10:00,1,1,30,13,10,0.12950000,22.21666667,26.74916667,0.12845802
2001-01-30T13:20:00,1,1,30,13,20,0.12600000,22.33333333,26.74333333,0.12498956
2001-01-30T13:30:00,1,1,30,13,30,0.12250000,22.45000000,26.73750000,0.12152092
2001-01-30T13:40:00,1,1,30,13,40,0.11900000,22.56666667,26.73166667,0.11805209
2001-01-30T13:50:00,1,1,30,13,50,0.11550000,22.68333333,26.72583333,0.11458306
2001-01-30T14:00:00,1,1,30,14,0,0.11200000,22.80000000,26.72000000,0.11111386
2001-01-30T14:10:00,1,1,30,14,10,0.10716667,22.68333333,26.43416667,0.10645967
2001-01-30T14:20:00,1,1,30,14,20,0.10233333,22.56666667,26.14833333,0.10179277
2001-01-30T14:30:00,1,1,30,14,30,0.09750000,22.45000000,25.86250000,0.09711317
2001-01-30T14:40:00,1,1,30,14,40,0.09266667,22.33333333,25.57666667,0.09242085
2001-01-30T14:50:00,1,1,30,14,50,0.08783333,22.21666667,25.29083333,0.08771583
2001-01-30T15:00:00,1,1,30,15,0,0.08300000,22.10000000,25.00500000,0.08299809
2001-01-30T15:10:00,1,1,30,15,10,0.07800000,22.21666667,24.94666667,0.07801914
2001-01-30T15:20:00,1,1,30,15,20,0.07300000,22.33333333,24.88833333,0.07303750
2001-01-30T15:30:00,1,1,30,15,30,0.06800000,22.45000000,24.83000000,0.06805318
2001-01-30T15:40:00,1,1,30,15,40,0.06300000,22.56666667,24.77166667,0.06306617
2001-01-30T15:50:00,1,1,30,15,50,0.05800000,22.68333333,24.71333333,0.05807648
2001-01-30T16:00:00,1,1,30,16,0,0.05300000,22.80000000,24.65500000,0.05308411
2001-01-30T16:10:00,1,1,30,16,10,0.04816667,22.75000000,24.43583333,0.04829167
2001-01-30T16:20:00,1,1,30,16,20,0.04333333,22.70000000,24.21666667,0.04348948
2001-01-30T16:30:00,1,1,30,16,30,0.03850000,22.65000000,23.99750000,0.03867754
2001-01-30T16:40:00,1,1,30,16,40,0.03366667,22.60000000,23.77833333,0.03385586
2001-01-30T16:50:00,1,1,30,16,50,0.02883333,22.55000000,23.55916667,0.02902444
2001-01-30T17:00:00,1,1,30,17,0,0.02400000,22.50000000,23.34000000,0.02418326
2001-01-30T17:10:00,1,1,30,17,10,0.02033333,22.60000000,23.31166667,0.02049125
2001-01-30T17:20:00,1,1,30,17,20,0.01666667,22.70000000,23.28333333,0.01679828
2001-01-30T17:30:00,1,1,30,17,30,0.01300000,22.80000000,23.25500000,0.01310435
2001-01-30T17:40:00,1,1,30,17,40,0.00933333,22.90000000,23.22666667,0.00940947
2001-01-30T17:50:00,1,1,30,17,50,0.00566667,23.00000000,23.19833333,0.00571363
2001-01-30T18:00:00,1,1,30,18,0,0.00200000,23.10000000,23.17000000,0.00201684
2001-01-30T18:10:00,1,1,30,18,10,0.00166667,22.96666667,23.02500000,0.00168181
2001-01-30T18:20:00,1,1,30,18,20,0.00133333,22.83333333,22.88000000,0.00134634
2001-01-30T18:30:00,1,1,30,18,30,0.00100000,22.70000000,22.73500000,0.00101042
2001-01-30T18:40:00,1,1,30,18,40,0.00066667,22.56666667,22.59000000,0.00067406
2001-01-30T18:50:00,1,1,30,18,50,0.00033333,22.43333333,22.44500000,0.00033725
2001-01-30T19:00:00,1,1,30,19,0,0.00000000,22.30000000,22.30000000,0.00000000
2001-01-30T19:10:00,1,1,30,19,10,0.00000000,22.35000000,22.35000000,0.00000000
2001-01-30T19:20:00,1,1,30,19,20,0.00000000,22.40000000,22.40000000,0.00000000
2001-01-30T19:30:00,1,1,30,19,30,0.00000000,22.45000000,22.45000000,0.00000000
2001-01-30T19:40:00,1,1,30,19,40,0.00000000,22.50000000,22.50000000,0.00000000
2001-01-30T19:50:00,1,1,30,19,50,0.00000000,22.55000000,22.55000000,0.00000000
2001-01-30T20:00:00,1,1,30,20,0,0.00000000,22.60000000,22.60000000,0.00000000
2001-01-30T20:10:00,1,1,30,20,10,0.00000000,22.70000000,22.70000000,0.00000000
2001-01-30T20:20:00,1,1,30,20,20,0.00000000,22.80000000,22.80000000,0.00000000
2001-01-30T20:30:00,1,1,30,20,30,0.00000000,22.90000000,22.90000000,0.00000000
2001-01-30T20:40:00,1,1,30,20,40,0.00000000,23.00000000,23.00000000,0.00000000
2001-01-30T20:50:00,1,1,30,20,50,0.00000000,23.10000000,23.10000000,0.00000000
2001-01-30T21:00:00,1,1,30,21,0,0.00000000,23.20000000,23.20000000,0.00000000
2001-01-30T21:10:00,1,1,30,21,10,0.00000000,23.15000000,23.15000000,0.00000000
2001-01-30T21:20:00,1,1,30,21,20,0.00000000,23.10000000,23.10000000,0.00000000
2001-01-30T21:30:00,1,1,30,21,30,0.00000000,23.05000000,23.05000000,0.00000000
2001-01-30T21:40:00,1,1,30,21,40,0.00000000,23.00000000,23.00000000,0.00000000
2001-01-30T21:50:00,1,1,30,21,50,0.00000000,22.95000000,22.95000000,0.00000000
2001-01-30T22:00:00,1,1,30,22,0,0.00000000,22.90000000,22.90000000,0.00000000
2001-01-30T22:10:00,1,1,30,22,10,0.00000000,22.91666667,22.91666667,0.00000000
2001-01-30T22:20:00,1,1,30,22,20,0.00000000,22.93333333,22.93333333,0.00000000
2001-01-30T22:30:00,1,1,30,22,30,0.00000000,22.95000000,22.95000000,0.00000000
2001-01-30T22:40:00,1,1,30,22,40,0.00000000,22.96666667,22.96666667,0.00000000
2001-01-30T22:50:00,1,1,30,22,50,0.00000000,22.98333333,22.98333333,0.00000000
2001-01-30T23:00:00,1,1,30,23,0,0.00000000,23.00000000,23.00000000,0.00000000
2001-01-30T23:10:00,1,1,30,23,10,0.00000000,22.88333333,22.88333333,0.00000000
2001-01-30T23:20:00,1,1,30,23,20,0.00000000,22.76666667,22.76666667,0.00000000
2001-01-30T23:30:00,1,1,30,23,30,0.00000000,22.65000000,22.65000000,0.00000000
2001-01-30T23:40:00,1,1,30,23,40,0.00000000,22.53333333,22.53333333,0.00000000
2001-01-30T23:50:00,1,1,30,23,50,0.00000000,22.41666667,22.41666667,0.00000000
2001-01-31T00:00:00,1,1,31,0,0,0.00000000,22.30000000,22.30000000,0.00000000
2001-01-31T00:10:00,1,1,31,0,10,0.00000000,22.23333333,22.23333333,0.00000000
2001-01-31T00:20:00,1,1,31,0,20,0.00000000,22.16666667,22.16666667,0.00000000
2001-01-31T00:30:00,1,1,31,0,30,0.00000000,22.10000000,22.10000000,0.00000000
2001-01-31T00:40:00,1,1,31,0,40,0.00000000,22.03333333,22.03333333,0.00000000
2001-01-31T00:50:00,1,1,31,0,50,0.00000000,21.96666667,21.96666667,0.00000000
2001-01-31T01:00:00,1,1,31,1,0,0.00000000,21.90000000,21.90000000,0.00000000
2001-01-31T01:10:00,1,1,31,1,10,0.00000000,21.91666667,21.91666667,0.00000000
2001-01-31T01:20:00,1,1,31,1,20,0.00000000,21.93333333,21.93333333,0.00000000
2001-01-31T01:30:00,1,1,31,1,30,0.00000000,21.95000000,21.95000000,0.00000000
2001-01-31T01:40:00,1,1,31,1,40,0.00000000,21.96666667,21.96666667,0.00000000
2001-01-31T01:50:00,1,1,31,1,50,0.00000000,21.98333333,21.98333333,0.00000000
2001-01-31T02:00:00,1,1,31,2,0,0.00000000,22.00000000,22.00000000,0.00000000
2001-01-31T02:10:00,1,1,31,2,10,0.00000000,21.95000000,21.95000000,0.00000000
2001-01-31T02:20:00,1,1,31,2,20,0.00000000,21.90000000,21.90000000,0.00000000
2001-01-31T02:30:00,1,1,31,2,30,0.00000000,21.85000000,21.85000000,0.00000000
2001-01-31T02:40:00,1,1,31,2,40,0.00000000,21.80000000,21.80000000,0.00000000
2001-01-31T02:50:00,1,1,31,2,50,0.00000000,21.75000000,21.75000000,0.00000000
2001-01-31T03:00:00,1,1,31,3,0,0.00000000,21.70000000,21.70000000,0.00000000
2001-01-31T03:10:00,1,1,31,3,10,0.00000000,21.71666667,21.71666667,0.00000000
2001-01-31T03:20:00,1,1,31,3,20,0.00000000,21.73333333,21.73333333,0.00000000
2001-01-31T03:30:00,1,1,31,3,30,0.00000000,21.75000000,21.75000000,0.00000000
2001-01-31T03:40:00,1,1,31,3,40,0.00000000,21.76666667,21.76666667,0.00000000
2001-01-31T03:50:00,1,1,31,3,50,0.00000000,21.78333333,21.78333333,0.00000000
2001-01-31T04:00:00,1,1,31,4,0,0.00000000,21.80000000,21.80000000,0.00000000
2001-01-31T04:10:00,1,1,31,4,10,0.00100000,21.81666667,21.85166667,0.00101448
2001-01-31T04:20:00,1,1,31,4,20,0.00200000,21.83333333,21.90333333,0.00202849
2001-01-31T04:30:00,1,1,31,4,30,0.00300000,21.85000000,21.95500000,0.00304202
2001-01-31T04:40:00,1,1,31,4,40,0.00400000,21.86666667,22.00666667,0.00405508
2001-01-31T04:50:00,1,1,31,4,50,0.00500000,21.88333333,22.05833333,0.00506766
2001-01-31T05:00:00,1,1,31,5,0,0.00600000,21.90000000,22.11000000,0.00607976
2001-01-31T05:10:00,1,1,31,5,10,0.01700000,21.86666667,22.46166667,0.01719850
2001-01-31T05:20:00,1,1,31,5,20,0.02800000,21.83333333,22.81333333,0.02828164
2001-01-31T05:30:00,1,1,31,5,30,0.03900000,21.80000000,23.16500000,0.03932920
2001-01-31T05:40:00,1,1,31,5,40,0.05000000,21.76666667,23.51666667,0.05034117
2001-01-31T05:50:00,1,1,31,5,50,0.06100000,21.73333333,23.86833333,0.06131755
2001-01-31T06:00:00,1,1,31,6,0,0.07200000,21.70000000,24.22000000,0.07225834
2001-01-31T06:10:00,1,1,31,6,10,0.09733333,21.90000000,25.30666667,0.09719603
2001-01-31T06:20:00,1,1,31,6,20,0.12266667,22.10000000,26.39333333,0.12188046
2001-01-31T06:30:00,1,1,31,6,30,0.14800000,22.30000000,27.48000000,0.14631162
2001-01-31T06:40:00,1,1,31,6,40,0.17333333,22.50000000,28.56666667,0.17048951
2001-01-31T06:50:00,1,1,31,6,50,0.19866667,22.70000000,29.65333333,0.19441414
2001-01-31T07:00:00,1,1,31,7,0,0.22400000,22.90000000,30.74000000,0.21808550
2001-01-31T07:10:00,1,1,31,7,10,0.24666667,23.11666667,31.75000000,0.23900767
2001-01-31T07:20:00,1,1,31,7,20,0.26933333,23.33333333,32.76000000,0.25971921
2001-01-31T07:30:00,1,1,31,7,30,0.29200000,23.55000000,33.77000000,0.28022014
2001-01-31T07:40:00,1,1,31,7,40,0.31466667,23.76666667,34.78000000,0.30051044
2001-01-31T07:50:00,1,1,31,7,50,0.33733333,23.98333333,35.79000000,0.32059013
2001-01-31T08:00:00,1,1,31,8,0,0.36000000,24.20000000,36.80000000,0.34045920
2001-01-31T08:10:00,1,1,31,8,10,0.35250000,24.31666667,36.65416667,0.33360277
2001-01-31T08:20:00,1,1,31,8,20,0.34500000,24.43333333,36.50833333,0.32673627
2001-01-31T08:30:00,1,1,31,8,30,0.33750000,24.55000000,36.36250000,0.31985972
2001-01-31T08:40:00,1,1,31,8,40,0.33000000,24.66666667,36.21666667,0.31297310
2001-01-31T08:50:00,1,1,31,8,50,0.32250000,24.78333333,36.07083333,0.30607642
2001-01-31T09:00:00,1,1,31,9,0,0.31500000,24.90000000,35.92500000,0.29916968
2001-01-31T09:10:00,1,1,31,9,10,0.34200000,24.88333333,36.85333333,0.32335234
2001-01-31T09:20:00,1,1,31,9,20,0.36900000,24.86666667,37.78166667,0.34730440
2001-01-31T09:30:00,1,1,31,9,30,0.39600000,24.85000000,38.71000000,0.37102586
2001-01-31T09:40:00,1,1,31,9,40,0.42300000,24.83333333,39.63833333,0.39451673
2001-01-31T09:50:00,1,1,31,9,50,0.45000000,24.81666667,40.56666667,0.41777700
2001-01-31T10:00:00,1,1,31,10,0,0.47700000,24.80000000,41.49500000,0.44080667
2001-01-31T10:10:00,1,1,31,10,10,0.46200000,25.05000000,41.22000000,0.42752926
2001-01-31T10:20:00,1,1,31,10,20,0.44700000,25.30000000,40.94500000,0.41421389
2001-01-31T10:30:00,1,1,31,10,30,0.43200000,25.55000000,40.67000000,0.40086058
2001-01-31T10:40:00,1,1,31,10,40,0.41700000,25.80000000,40.39500000,0.38746931
2001-01-31T10:50:00,1,1,31,10,50,0.40200000,26.05000000,40.12000000,0.37404010
2001-01-31T11:00:00,1,1,31,11,0,0.38700000,26.30000000,39.84500000,0.36057293
2001-01-31T11:10:00,1,1,31,11,10,0.36916667,26.10000000,39.02083333,0.34535695
2001-01-31T11:20:00,1,1,31,11,20,0.35133333,25.90000000,38.19666667,0.33000576
2001-01-31T11:30:00,1,1,31,11,30,0.33350000,25.70000000,37.37250000,0.31451935
2001-01-31T11:40:00,1,1,31,11,40,0.31566667,25.50000000,36.54833333,0.29889772
2001-01-31T11:50:00,1,1,31,11,50,0.29783333,25.30000000,35.72416667,0.28314087
2001-01-31T12:00:00,1,1,31,12,0,0.28000000,25.10000000,34.90000000,0.26724880
2001-01-31T12:10:00,1,1,31,12,10,0.24933333,25.11666667,33.84333333,0.23919062
2001-01-31T12:20:00,1,1,31,12,20,0.21866667,25.13333333,32.78666667,0.21083432
2001-01-31T12:30:00,1,1,31,12,30,0.18800000,25.15000000,31.73000000,0.18217990
2001-01-31T12:40:00,1,1,31,12,40,0.15733333,25.16666667,30.67333333,0.15322735
2001-01-31T12:50:00,1,1,31,12,50,0.12666667,25.18333333,29.61666667,0.12397669
2001-01-31T13:00:00,1,1,31,13,0,0.09600000,25.20000000,28.56000000,0.09442790
2001-01-31T13:10:00,1,1,31,13,10,0.11050000,25.00000000,28.86750000,0.10853415
2001-01-31T13:20:00,1,1,31,13,20,0.12500000,24.80000000,29.17500000,0.12259937
2001-01-31T13:30:00,1,1,31,13,30,0.13950000,24.60000000,29.48250000,0.13662358
2001-01-31T13:40:00,1,1,31,13,40,0.15400000,24.40000000,29.79000000,0.15060676
2001-01-31T13:50:00,1,1,31,13,50,0.16850000,24.20000000,30.09750000,0.16454893
2001-01-31T14:00:00,1,1,31,14,0,0.18300000,24.00000000,30.40500000,0.17845007
2001-01-31T14:10:00,1,1,31,14,10,0.18783333,24.10000000,30.67416667,0.18293066
2001-01-31T14:20:00,1,1,31,14,20,0.19266667,24.20000000,30.94333333,0.18739929
2001-01-31T14:30:00,1,1,31,14,30,0.19750000,24.30000000,31.21250000,0.19185594
2001-01-31T14:40:00,1,1,31,14,40,0.20233333,24.40000000,31.48166667,0.19630063
2001-01-31T14:50:00,1,1,31,14,50,0.20716667,24.50000000,31.75083333,0.20073335
2001-01-31T15:00:00,1,1,31,15,0,0.21200000,24.60000000,32.02000000,0.20515410
2001-01-31T15:10:00,1,1,31,15,10,0.18483333,24.66666667,31.13583333,0.17961644
2001-01-31T15:20:00,1,1,31,15,20,0.15766667,24.73333333,30.25166667,0.15385781
2001-01-31T15:30:00,1,1,31,15,30,0.13050000,24.80000000,29.36750000,0.12787819
2001-01-31T15:40:00,1,1,31,15,40,0.10333333,24.86666667,28.48333333,0.10167759
2001-01-31T15:50:00,1,1,31,15,50,0.07616667,24.93333333,27.59916667,0.07525601
2001-01-31T16:00:00,1,1,31,16,0,0.04900000,25.00000000,26.71500000,0.04861344
2001-01-31T16:10:00,1,1,31,16,10,0.05416667,24.83333333,26.72916667,0.05373582
2001-01-31T16:20:00,1,1,31,16,20,0.05933333,24.66666667,26.74333333,0.05885752
2001-01-31T16:30:00,1,1,31,16,30,0.06450000,24.50000000,26.75750000,0.06397855
2001-01-31T16:40:00,1,1,31,16,40,0.06966667,24.33333333,26.77166667,0.06909891
2001-01-31T16:50:00,1,1,31,16,50,0.07483333,24.16666667,26.78583333,0.07421859
2001-01-31T17:00:00,1,1,31,17,0,0.08000000,24.00000000,26.80000000,0.07933760
2001-01-31T17:10:00,1,1,31,17,10,0.06766667,23.90000000,26.26833333,0.06727188
2001-01-31T17:20:00,1,1,31,17,20,0.05533333,23.80000000,25.73666667,0.05514583
2001-01-31T17:30:00,1,1,31,17,30,0.04300000,23.70000000,25.20500000,0.04295945
2001-01-31T17:40:00,1,1,31,17,40,0.03066667,23.60000000,24.67333333,0.03071275
2001-01-31T17:50:00,1,1,31,17,50,0.01833333,23.50000000,24.14166667,0.01840572
2001-01-31T18:00:00,1,1,31,18,0,0.00600000,23.40000000,23.61000000,0.00603836
2001-01-31T18:10:00,1,1,31,18,10,0.00500000,23.40000000,23.57500000,0.00503278
2001-01-31T18:20:00,1,1,31,18,20,0.00400000,23.40000000,23.54000000,0.00402686
2001-01-31T18:30:00,1,1,31,18,30,0.00300000,23.40000000,23.50500000,0.00302063
2001-01-31T18:40:00,1,1,31,18,40,0.00200000,23.40000000,23.47000000,0.00201408
2001-01-31T18:50:00,1,1,31,18,50,0.00100000,23.40000000,23.43500000,0.00100720
2001-01-31T19:00:00,1,1,31,19,0,0.00000000,23.40000000,23.40000000,0.00000000
2001-01-31T19:10:00,1,1,31,19,10,0.00000000,23.25000000,23.25000000,0.00000000
2001-01-31T19:20:00,1,1,31,19,20,0.00000000,23.10000000,23.10000000,0.00000000
2001-01-31T19:30:00,1,1,31,19,30,0.00000000,22.95000000,22.95000000,0.00000000
2001-01-31T19:40:00,1,1,31,19,40,0.00000000,22.80000000,22.80000000,0.00000000
2001-01-31T19:50:00,1,1,31,19,50,0.00000000,22.65000000,22.65000000,0.00000000
2001-01-31T20:00:00,1,1,31,20,0,0.00000000,22.50000000,22.50000000,0.00000000
2001-01-31T20:10:00,1,1,31,20,10,0.00000000,22.53333333,22.53333333,0.00000000
2001-01-31T20:20:00,1,1,31,20,20,0.00000000,22.56666667,22.56666667,0.00000000
2001-01-31T20:30:00,1,1,31,20,30,0.00000000,22.60000000,22.60000000,0.00000000
2001-01-31T20:40:00,1,1,31,20,40,0.00000000,22.63333333,22.63333333,0.00000000
2001-01-31T20:50:00,1,1,31,20,50,0.00000000,22.66666667,22.66666667,0.00000000
2001-01-31T21:00:00,1,1,31,21,0,0.00000000,22.70000000,22.70000000,0.00000000
2001-01-31T21:10:00,1,1,31,21,10,0.00000000,22.63333333,22.63333333,0.00000000
2001-01-31T21:20:00,1,1,31,21,20,0.00000000,22.56666667,22.56666667,0.00000000
2001-01-31T21:30:00,1,1,31,21,30,0.00000000,22.50000000,22.50000000,0.00000000
2001-01-31T21:40:00,1,1,31,21,40,0.00000000,22.43333333,22.43333333,0.00000000
2001-01-31T21:50:00,1,1,31,21,50,0.00000000,22.36666667,22.36666667,0.00000000
2001-01-31T22:00:00,1,1,31,22,0,0.00000000,22.30000000,22.30000000,0.00000000
2001-01-31T22:10:00,1,1,31,22,10,0.00000000,22.30000000,22.30000000,0.00000000
2001-01-31T22:20:00,1,1,31,22,20,0.00000000,22.30000000,22.30000000,0.00000000
2001-01-31T22:30:00,1,1,31,22,30,0.00000000,22.30000000,22.30000000,0.00000000
2001-01-31T22:40:00,1,1,31,22,40,0.00000000,22.30000000,22.30000000,0.00000000
2001-01-31T22:50:00,1,1,31,22,50,0.00000000,22.30000000,22.30000000,0.00000000
2001-01-31T23:00:00,1,1,31,23,0,0.00000000,22.30000000,22.30000000,0.00000000
2001-01-31T23:10:00,1,1,31,23,10,0.00000000,22.35000000,22.35000000,0.00000000
2001-01-31T23:20:00,1,1,31,23,20,0.00000000,22.40000000,22.40000000,0.00000000
2001-01-31T23:30:00,1,1,31,23,30,0.00000000,22.45000000,22.45000000,0.00000000
2001-01-31T23:40:00,1,1,31,23,40,0.00000000,22.50000000,22.50000000,0.00000000
2001-01-31T23:50:00,1,1,31,23,50,0.00000000,22.55000000,22.55000000,0.00000000
