timestamp,source_year_index,month,day,hour,minute,irradiance_pu,ambient_temperature_c,panel_temperature_c,generation_pu
2001-12-01T00:00:00,1,12,1,0,0,0.00000000,19.70000000,19.70000000,0.00000000
2001-12-01T00:10:00,1,12,1,0,10,0.00000000,19.63333333,19.63333333,0.00000000
2001-12-01T00:20:00,1,12,1,0,20,0.00000000,19.56666667,19.56666667,0.00000000
2001-12-01T00:30:00,1,12,1,0,30,0.00000000,19.50000000,19.50000000,0.00000000
2001-12-01T00:40:00,1,12,1,0,40,0.00000000,19.43333333,19.43333333,0.00000000
2001-12-01T00:50:00,1,12,1,0,50,0.00000000,19.36666667,19.36666667,0.00000000
2001-12-01T01:00:00,1,12,1,1,0,0.00000000,19.30000000,19.30000000,0.00000000
2001-12-01T01:10:00,1,12,1,1,10,0.00000000,19.15000000,19.15000000,0.00000000
2001-12-01T01:20:00,1,12,1,1,20,0.00000000,19.00000000,19.00000000,0.00000000
2001-12-01T01:30:00,1,12,1,1,30,0.00000000,18.85000000,18.85000000,0.00000000
2001-12-01T01:40:00,1,12,1,1,40,0.00000000,18.70000000,18.70000000,0.00000000
2001-12-01T01:50:00,1,12,1,1,50,0.00000000,18.55000000,18.55000000,0.00000000
2001-12-01T02:00:00,1,12,1,2,0,0.00000000,18.40000000,18.40000000,0.00000000
2001-12-01T02:10:00,1,12,1,2,10,0.00000000,18.40000000,18.40000000,0.00000000
2001-12-01T02:20:00,1,12,1,2,20,0.00000000,18.40000000,18.40000000,0.00000000
2001-12-01T02:30:00,1,12,1,2,30,0.00000000,18.40000000,18.40000000,0.00000000
2001-12-01T02:40:00,1,12,1,2,40,0.00000000,18.40000000,18.40000000,0.00000000
2001-12-01T02:50:00,1,12,1,2,50,0.00000000,18.40000000,18.40000000,0.00000000
2001-12-01T03:00:00,1,12,1,3,0,0.00000000,18.40000000,18.40000000,0.00000000
2001-12-01T03:10:00,1,12,1,3,10,0.00000000,18.43333333,18.43333333,0.00000000
2001-12-01T03:20:00,1,12,1,3,20,0.00000000,18.46666667,18.46666667,0.00000000
2001-12-01T03:30:00,1,12,1,3,30,0.00000000,18.50000000,18.50000000,0.00000000
2001-12-01T03:40:00,1,12,1,3,40,0.00000000,18.53333333,18.53333333,0.00000000
2001-12-01T03:50:00,1,12,1,3,50,0.00000000,18.56666667,18.56666667,0.00000000
2001-12-01T04:00:00,1,12,1,4,0,0.00000000,18.60000000,18.60000000,0.00000000
2001-12-01T04:10:00,1,12,1,4,10,0.00283333,18.53333333,18.63250000,0.00291632
2001-12-01T04:20:00,1,12,1,4,20,0.00566667,18.46666667,18.66500000,0.00583180
2001-12-01T04:30:00,1,12,1,4,30,0.00850000,18.40000000,18.69750000,0.00874643
2001-12-01T04:40:00,1,12,1,4,40,0.01133333,18.33333333,18.73000000,0.01166021
2001-12-01T04:50:00,1,12,1,4,50,0.01416667,18.26666667,18.76250000,0.01457314
2001-12-01T05:00:00,1,12,1,5,0,0.01700000,18.20000000,18.79500000,0.01748523
2001-12-01T05:10:00,1,12,1,5,10,0.03400000,18.23333333,19.42333333,0.03487219
2001-12-01T05:20:00,1,12,1,5,20,0.05100000,18.26666667,20.05166667,0.05216088
2001-12-01T05:30:00,1,12,1,5,30,0.06800000,18.30000000,20.68000000,0.06935130
2001-12-01T05:40:00,1,12,1,5,40,0.08500000,18.33333333,21.30833333,0.08644344
2001-12-01T05:50:00,1,12,1,5,50,0.10200000,18.36666667,21.93666667,0.10343732
2001-12-01T06:00:00,1,12,1,6,0,0.11900000,18.40000000,22.56500000,0.12033292
2001-12-01T06:10:00,1,12,1,6,10,0.14150000,18.65000000,23.60250000,0.14240963
2001-12-01T06:20:00,1,12,1,6,20,0.16400000,18.90000000,24.64000000,0.16427158
2001-12-01T06:30:00,1,12,1,6,30,0.18650000,19.15000000,25.67750000,0.18591877
2001-12-01T06:40:00,1,12,1,6,40,0.20900000,19.40000000,26.71500000,0.20735120
2001-12-01T06:50:00,1,12,1,6,50,0.23150000,19.65000000,27.75250000,0.22856886
2001-12-01T07:00:00,1,12,1,7,0,0.25400000,19.90000000,28.79000000,0.24957176
2001-12-01T07:10:00,1,12,1,7,10,0.26250000,20.20000000,29.38750000,0.25720209
2001-12-01T07:20:00,1,12,1,7,20,0.27100000,20.50000000,29.98500000,0.26478570
2001-12-01T07:30:00,1,12,1,7,30,0.27950000,20.80000000,30.58250000,0.27232258
2001-12-01T07:40:00,1,12,1,7,40,0.28800000,21.10000000,31.18000000,0.27981274
2001-12-01T07:50:00,1,12,1,7,50,0.29650000,21.40000000,31.77750000,0.28725617
2001-12-01T08:00:00,1,12,1,8,0,0.30500000,21.70000000,32.37500000,0.29465287
2001-12-01T08:10:00,1,12,1,8,10,0.33250000,21.90000000,33.53750000,0.31944189
2001-12-01T08:20:00,1,12,1,8,20,0.36000000,22.10000000,34.70000000,0.34393680
2001-12-01T08:30:00,1,12,1,8,30,0.38750000,22.30000000,35.86250000,0.36813759
2001-12-01T08:40:00,1,12,1,8,40,0.41500000,22.50000000,37.02500000,0.39204427
2001-12-01T08:50:00,1,12,1,8,50,0.44250000,22.70000000,38.18750000,0.41565684
2001-12-01T09:00:00,1,12,1,9,0,0.47000000,22.90000000,39.35000000,0.43897530
2001-12-01T09:10:00,1,12,1,9,10,0.43916667,23.25000000,38.62083333,0.41165031
2001-12-01T09:20:00,1,12,1,9,20,0.40833333,23.60000000,37.89166667,0.38411849
2001-12-01T09:30:00,1,12,1,9,30,0.37750000,23.95000000,37.16250000,0.35637982
2001-12-01T09:40:00,1,12,1,9,40,0.34666667,24.30000000,36.43333333,0.32843431
2001-12-01T09:50:00,1,12,1,9,50,0.31583333,24.65000000,35.70416667,0.30028196
2001-12-01T10:00:00,1,12,1,10,0,0.28500000,25.00000000,34.97500000,0.27192278
2001-12-01T10:10:00,1,12,1,10,10,0.34016667,24.63333333,36.53916667,0.32211056
2001-12-01T10:20:00,1,12,1,10,20,0.39533333,24.26666667,38.10333333,0.37150448
2001-12-01T10:30:00,1,12,1,10,30,0.45050000,23.90000000,39.66750000,0.42010454
2001-12-01T10:40:00,1,12,1,10,40,0.50566667,23.53333333,41.23166667,0.46791073
2001-12-01T10:50:00,1,12,1,10,50,0.56083333,23.16666667,42.79583333,0.51492305
2001-12-01T11:00:00,1,12,1,11,0,0.61600000,22.80000000,44.36000000,0.56114150
2001-12-01T11:10:00,1,12,1,11,10,0.65383333,23.58333333,46.46750000,0.58926696
2001-12-01T11:20:00,1,12,1,11,20,0.69166667,24.36666667,48.57500000,0.61665887
2001-12-01T11:30:00,1,12,1,11,30,0.72950000,25.15000000,50.68250000,0.64331723
2001-12-01T11:40:00,1,12,1,11,40,0.76733333,25.93333333,52.79000000,0.66924204
2001-12-01T11:50:00,1,12,1,11,50,0.80516667,26.71666667,54.89750000,0.69443330
2001-12-01T12:00:00,1,12,1,12,0,0.84300000,27.50000000,57.00500000,0.71889101
2001-12-01T12:10:00,1,12,1,12,10,0.79933333,28.00000000,55.97666667,0.68543420
2001-12-01T12:20:00,1,12,1,12,20,0.75566667,28.50000000,54.94833333,0.65156426
2001-12-01T12:30:00,1,12,1,12,30,0.71200000,29.00000000,53.92000000,0.61728122
2001-12-01T12:40:00,1,12,1,12,40,0.66833333,29.50000000,52.89166667,0.58258505
2001-12-01T12:50:00,1,12,1,12,50,0.62466667,30.00000000,51.86333333,0.54747577
2001-12-01T13:00:00,1,12,1,13,0,0.58100000,30.50000000,50.83500000,0.51195338
2001-12-01T13:10:00,1,12,1,13,10,0.52816667,29.86666667,48.35250000,0.47143021
2001-12-01T13:20:00,1,12,1,13,20,0.47533333,29.23333333,45.87000000,0.42970038
2001-12-01T13:30:00,1,12,1,13,30,0.42250000,28.60000000,43.38750000,0.38676389
2001-12-01T13:40:00,1,12,1,13,40,0.36966667,27.96666667,40.90500000,0.34262074
2001-12-01T13:50:00,1,12,1,13,50,0.31683333,27.33333333,38.42250000,0.29727093
2001-12-01T14:00:00,1,12,1,14,0,0.26400000,26.70000000,35.94000000,0.25071446
2001-12-01T14:10:00,1,12,1,14,10,0.25000000,26.05000000,34.80000000,0.23873000
2001-12-01T14:20:00,1,12,1,14,20,0.23600000,25.40000000,33.66000000,0.22659870
2001-12-01T14:30:00,1,12,1,14,30,0.22200000,24.75000000,32.52000000,0.21432058
2001-12-01T14:40:00,1,12,1,14,40,0.20800000,24.10000000,31.38000000,0.20189562
2001-12-01T14:50:00,1,12,1,14,50,0.19400000,23.45000000,30.24000000,0.18932382
2001-12-01T15:00:00,1,12,1,15,0,0.18000000,22.80000000,29.10000000,0.17660520
2001-12-01T15:10:00,1,12,1,15,10,0.21183333,22.53333333,29.94750000,0.20701232
2001-12-01T15:20:00,1,12,1,15,20,0.24366667,22.26666667,30.79500000,0.23717124
2001-12-01T15:30:00,1,12,1,15,30,0.27550000,22.00000000,31.64250000,0.26708196
2001-12-01T15:40:00,1,12,1,15,40,0.30733333,21.73333333,32.49000000,0.29674447
2001-12-01T15:50:00,1,12,1,15,50,0.33916667,21.46666667,33.33750000,0.32615878
2001-12-01T16:00:00,1,12,1,16,0,0.37100000,21.20000000,34.18500000,0.35532488
2001-12-01T16:10:00,1,12,1,16,10,0.33883333,21.63333333,33.49250000,0.32559664
2001-12-01T16:20:00,1,12,1,16,20,0.30666667,22.06666667,32.80000000,0.29566347
2001-12-01T16:30:00,1,12,1,16,30,0.27450000,22.50000000,32.10750000,0.26552536
2001-12-01T16:40:00,1,12,1,16,40,0.24233333,22.93333333,31.41500000,0.23518232
2001-12-01T16:50:00,1,12,1,16,50,0.21016667,23.36666667,30.72250000,0.20463434
2001-12-01T17:00:00,1,12,1,17,0,0.17800000,23.80000000,30.03000000,0.17388144
2001-12-01T17:10:00,1,12,1,17,10,0.15166667,23.36666667,28.67500000,0.14910274
2001-12-01T17:20:00,1,12,1,17,20,0.12533333,22.93333333,27.32000000,0.12399578
2001-12-01T17:30:00,1,12,1,17,30,0.09900000,22.50000000,25.96500000,0.09856054
2001-12-01T17:40:00,1,12,1,17,40,0.07266667,22.06666667,24.61000000,0.07279703
2001-12-01T17:50:00,1,12,1,17,50,0.04633333,21.63333333,23.25500000,0.04670525
2001-12-01T18:00:00,1,12,1,18,0,0.02000000,21.20000000,21.90000000,0.02028520
2001-12-01T18:10:00,1,12,1,18,10,0.01666667,20.83333333,21.41666667,0.01694139
2001-12-01T18:20:00,1,12,1,18,20,0.01333333,20.46666667,20.93333333,0.01358276
2001-12-01T18:30:00,1,12,1,18,30,0.01000000,20.10000000,20.45000000,0.01020930
2001-12-01T18:40:00,1,12,1,18,40,0.00666667,19.73333333,19.96666667,0.00682102
2001-12-01T18:50:00,1,12,1,18,50,0.00333333,19.36666667,19.48333333,0.00341792
2001-12-01T19:00:00,1,12,1,19,0,0.00000000,19.00000000,19.00000000,0.00000000
2001-12-01T19:10:00,1,12,1,19,10,0.00000000,18.76666667,18.76666667,0.00000000
2001-12-01T19:20:00,1,12,1,19,20,0.00000000,18.53333333,18.53333333,0.00000000
2001-12-01T19:30:00,1,12,1,19,30,0.00000000,18.30000000,18.30000000,0.00000000
2001-12-01T19:40:00,1,12,1,19,40,0.00000000,18.06666667,18.06666667,0.00000000
2001-12-01T19:50:00,1,12,1,19,50,0.00000000,17.83333333,17.83333333,0.00000000
2001-12-01T20:00:00,1,12,1,20,0,0.00000000,17.60000000,17.60000000,0.00000000
2001-12-01T20:10:00,1,12,1,20,10,0.00000000,17.60000000,17.60000000,0.00000000
2001-12-01T20:20:00,1,12,1,20,20,0.00000000,17.60000000,17.60000000,0.00000000
2001-12-01T20:30:00,1,12,1,20,30,0.00000000,17.60000000,17.60000000,0.00000000
2001-12-01T20:40:00,1,12,1,20,40,0.00000000,17.60000000,17.60000000,0.00000000
2001-12-01T20:50:00,1,12,1,20,50,0.00000000,17.60000000,17.60000000,0.00000000
2001-12-01T21:00:00,1,12,1,21,0,0.00000000,17.60000000,17.60000000,0.00000000
2001-12-01T21:10:00,1,12,1,21,10,0.00000000,17.53333333,17.53333333,0.00000000
2001-12-01T21:20:00,1,12,1,21,20,0.00000000,17.46666667,17.46666667,0.00000000
2001-12-01T21:30:00,1,12,1,21,30,0.00000000,17.40000000,17.40000000,0.00000000
2001-12-01T21:40:00,1,12,1,21,40,0.00000000,17.33333333,17.33333333,0.00000000
2001-12-01T21:50:00,1,12,1,21,50,0.00000000,17.26666667,17.26666667,0.00000000
2001-12-01T22:00:00,1,12,1,22,0,0.00000000,17.20000000,17.20000000,0.00000000
2001-12-01T22:10:00,1,12,1,22,10,0.00000000,17.15000000,17.15000000,0.00000000
2001-12-01T22:20:00,1,12,1,22,20,0.00000000,17.10000000,17.10000000,0.00000000
2001-12-01T22:30:00,1,12,1,22,30,0.00000000,17.05000000,17.05000000,0.00000000
2001-12-01T22:40:00,1,12,1,22,40,0.00000000,17.00000000,17.00000000,0.00000000
2001-12-01T22:50:00,1,12,1,22,50,0.00000000,16.95000000,16.95000000,0.00000000
2001-12-01T23:00:00,1,12,1,23,0,0.00000000,16.90000000,16.90000000,0.00000000
2001-12-01T23:10:00,1,12,1,23,10,0.00000000,16.91666667,16.91666667,0.00000000
2001-12-01T23:20:00,1,12,1,23,20,0.00000000,16.93333333,16.93333333,0.00000000
2001-12-01T23:30:00,1,12,1,23,30,0.00000000,16.95000000,16.95000000,0.00000000
2001-12-01T23:40:00,1,12,1,23,40,0.00000000,16.96666667,16.96666667,0.00000000
2001-12-01T23:50:00,1,12,1,23,50,0.00000000,16.98333333,16.98333333,0.00000000
2001-12-02T00:00:00,1,12,2,0,0,0.00000000,17.00000000,17.00000000,0.00000000
2001-12-02T00:10:00,1,12,2,0,10,0.00000000,16.93333333,16.93333333,0.00000000
2001-12-02T00:20:00,1,12,2,0,20,0.00000000,16.86666667,16.86666667,0.00000000
2001-12-02T00:30:00,1,12,2,0,30,0.00000000,16.80000000,16.80000000,0.00000000
2001-12-02T00:40:00,1,12,2,0,40,0.00000000,16.73333333,16.73333333,0.00000000
2001-12-02T00:50:00,1,12,2,0,50,0.00000000,16.66666667,16.66666667,0.00000000
2001-12-02T01:00:00,1,12,2,1,0,0.00000000,16.60000000,16.60000000,0.00000000
2001-12-02T01:10:00,1,12,2,1,10,0.00000000,16.61666667,16.61666667,0.00000000
2001-12-02T01:20:00,1,12,2,1,20,0.00000000,16.63333333,16.63333333,0.00000000
2001-12-02T01:30:00,1,12,2,1,30,0.00000000,16.65000000,16.65000000,0.00000000
2001-12-02T01:40:00,1,12,2,1,40,0.00000000,16.66666667,16.66666667,0.00000000
2001-12-02T01:50:00,1,12,2,1,50,0.00000000,16.68333333,16.68333333,0.00000000
2001-12-02T02:00:00,1,12,2,2,0,0.00000000,16.70000000,16.70000000,0.00000000
2001-12-02T02:10:00,1,12,2,2,10,0.00000000,16.65000000,16.65000000,0.00000000
2001-12-02T02:20:00,1,12,2,2,20,0.00000000,16.60000000,16.60000000,0.00000000
2001-12-02T02:30:00,1,12,2,2,30,0.00000000,16.55000000,16.55000000,0.00000000
2001-12-02T02:40:00,1,12,2,2,40,0.00000000,16.50000000,16.50000000,0.00000000
2001-12-02T02:50:00,1,12,2,2,50,0.00000000,16.45000000,16.45000000,0.00000000
2001-12-02T03:00:00,1,12,2,3,0,0.00000000,16.40000000,16.40000000,0.00000000
2001-12-02T03:10:00,1,12,2,3,10,0.00000000,16.46666667,16.46666667,0.00000000
2001-12-02T03:20:00,1,12,2,3,20,0.00000000,16.53333333,16.53333333,0.00000000
2001-12-02T03:30:00,1,12,2,3,30,0.00000000,16.60000000,16.60000000,0.00000000
2001-12-02T03:40:00,1,12,2,3,40,0.00000000,16.66666667,16.66666667,0.00000000
2001-12-02T03:50:00,1,12,2,3,50,0.00000000,16.73333333,16.73333333,0.00000000
2001-12-02T04:00:00,1,12,2,4,0,0.00000000,16.80000000,16.80000000,0.00000000
2001-12-02T04:10:00,1,12,2,4,10,0.00250000,16.75000000,16.83750000,0.00259387
2001-12-02T04:20:00,1,12,2,4,20,0.00500000,16.70000000,16.87500000,0.00518687
2001-12-02T04:30:00,1,12,2,4,30,0.00750000,16.65000000,16.91250000,0.00777902
2001-12-02T04:40:00,1,12,2,4,40,0.01000000,16.60000000,16.95000000,0.01037030
2001-12-02T04:50:00,1,12,2,4,50,0.01250000,16.55000000,16.98750000,0.01296072
2001-12-02T05:00:00,1,12,2,5,0,0.01500000,16.50000000,17.02500000,0.01555028
2001-12-02T05:10:00,1,12,2,5,10,0.04250000,16.63333333,18.12083333,0.04384488
2001-12-02T05:20:00,1,12,2,5,20,0.07000000,16.76666667,19.21666667,0.07186223
2001-12-02T05:30:00,1,12,2,5,30,0.09750000,16.90000000,20.31250000,0.09960234
2001-12-02T05:40:00,1,12,2,5,40,0.12500000,17.03333333,21.40833333,0.12706521
2001-12-02T05:50:00,1,12,2,5,50,0.15250000,17.16666667,22.50416667,0.15425083
2001-12-02T06:00:00,1,12,2,6,0,0.18000000,17.30000000,23.60000000,0.18115920
2001-12-02T06:10:00,1,12,2,6,10,0.16650000,17.46666667,23.29416667,0.16780650
2001-12-02T06:20:00,1,12,2,6,20,0.15300000,17.63333333,22.98833333,0.15441581
2001-12-02T06:30:00,1,12,2,6,30,0.13950000,17.80000000,22.68250000,0.14098714
2001-12-02T06:40:00,1,12,2,6,40,0.12600000,17.96666667,22.37666667,0.12752048
2001-12-02T06:50:00,1,12,2,6,50,0.11250000,18.13333333,22.07083333,0.11401584
2001-12-02T07:00:00,1,12,2,7,0,0.09900000,18.30000000,21.76500000,0.10047322
2001-12-02T07:10:00,1,12,2,7,10,0.14933333,18.30000000,23.52666667,0.15034542
2001-12-02T07:20:00,1,12,2,7,20,0.19966667,18.30000000,25.28833333,0.19940184
2001-12-02T07:30:00,1,12,2,7,30,0.25000000,18.30000000,27.05000000,0.24764250
2001-12-02T07:40:00,1,12,2,7,40,0.30033333,18.30000000,28.81166667,0.29506739
2001-12-02T07:50:00,1,12,2,7,50,0.35066667,18.30000000,30.57333333,0.34167651
2001-12-02T08:00:00,1,12,2,8,0,0.40100000,18.30000000,32.33500000,0.38746986
2001-12-02T08:10:00,1,12,2,8,10,0.36000000,18.50000000,31.10000000,0.34989840
2001-12-02T08:20:00,1,12,2,8,20,0.31900000,18.70000000,29.86500000,0.31186110
2001-12-02T08:30:00,1,12,2,8,30,0.27800000,18.90000000,28.63000000,0.27335796
2001-12-02T08:40:00,1,12,2,8,40,0.23700000,19.10000000,27.39500000,0.23438897
2001-12-02T08:50:00,1,12,2,8,50,0.19600000,19.30000000,26.16000000,0.19495414
2001-12-02T09:00:00,1,12,2,9,0,0.15500000,19.50000000,24.92500000,0.15505347
2001-12-02T09:10:00,1,12,2,9,10,0.26300000,19.45000000,28.65500000,0.25857818
2001-12-02T09:20:00,1,12,2,9,20,0.37100000,19.40000000,32.38500000,0.35839676
2001-12-02T09:30:00,1,12,2,9,30,0.47900000,19.35000000,36.11500000,0.45450921
2001-12-02T09:40:00,1,12,2,9,40,0.58700000,19.30000000,39.84500000,0.54691553
2001-12-02T09:50:00,1,12,2,9,50,0.69500000,19.25000000,43.57500000,0.63561573
2001-12-02T10:00:00,1,12,2,10,0,0.80300000,19.20000000,47.30500000,0.72060979
2001-12-02T10:10:00,1,12,2,10,10,0.71683333,19.68333333,44.77250000,0.65163483
2001-12-02T10:20:00,1,12,2,10,20,0.63066667,20.16666667,42.24000000,0.58065228
2001-12-02T10:30:00,1,12,2,10,30,0.54450000,20.65000000,39.70750000,0.50766212
2001-12-02T10:40:00,1,12,2,10,40,0.45833333,21.13333333,37.17500000,0.43266437
2001-12-02T10:50:00,1,12,2,10,50,0.37216667,21.61666667,34.64250000,0.35565903
2001-12-02T11:00:00,1,12,2,11,0,0.28600000,22.10000000,32.11000000,0.27664608
2001-12-02T11:10:00,1,12,2,11,10,0.37033333,21.91666667,34.87833333,0.35350526
2001-12-02T11:20:00,1,12,2,11,20,0.45466667,21.73333333,37.64666667,0.42821658
2001-12-02T11:30:00,1,12,2,11,30,0.53900000,21.55000000,40.41500000,0.50078005
2001-12-02T11:40:00,1,12,2,11,40,0.62333333,21.36666667,43.18333333,0.57119566
2001-12-02T11:50:00,1,12,2,11,50,0.70766667,21.18333333,45.95166667,0.63946340
2001-12-02T12:00:00,1,12,2,12,0,0.79200000,21.00000000,48.72000000,0.70558330
2001-12-02T12:10:00,1,12,2,12,10,0.74450000,21.28333333,47.34083333,0.66798935
2001-12-02T12:20:00,1,12,2,12,20,0.69700000,21.56666667,45.96166667,0.62979270
2001-12-02T12:30:00,1,12,2,12,30,0.64950000,21.85000000,44.58250000,0.59099336
2001-12-02T12:40:00,1,12,2,12,40,0.60200000,22.13333333,43.20333333,0.55159133
2001-12-02T12:50:00,1,12,2,12,50,0.55450000,22.41666667,41.82416667,0.51158660
2001-12-02T13:00:00,1,12,2,13,0,0.50700000,22.70000000,40.44500000,0.47097917
2001-12-02T13:10:00,1,12,2,13,10,0.50150000,22.58333333,40.13583333,0.46658315
2001-12-02T13:20:00,1,12,2,13,20,0.49600000,22.46666667,39.82666667,0.46217148
2001-12-02T13:30:00,1,12,2,13,30,0.49050000,22.35000000,39.51750000,0.45774416
2001-12-02T13:40:00,1,12,2,13,40,0.48500000,22.23333333,39.20833333,0.45330121
2001-12-02T13:50:00,1,12,2,13,50,0.47950000,22.11666667,38.89916667,0.44884261
2001-12-02T14:00:00,1,12,2,14,0,0.47400000,22.00000000,38.59000000,0.44436836
2001-12-02T14:10:00,1,12,2,14,10,0.43100000,22.00000000,37.08500000,0.40704028
2001-12-02T14:20:00,1,12,2,14,20,0.38800000,22.00000000,35.58000000,0.36911682
2001-12-02T14:30:00,1,12,2,14,30,0.34500000,22.00000000,34.07500000,0.33059797
2001-12-02T14:40:00,1,12,2,14,40,0.30200000,22.00000000,32.57000000,0.29148376
2001-12-02T14:50:00,1,12,2,14,50,0.25900000,22.00000000,31.06500000,0.25177416
2001-12-02T15:00:00,1,12,2,15,0,0.21600000,22.00000000,29.56000000,0.21146918
2001-12-02T15:10:00,1,12,2,15,10,0.22300000,21.78333333,29.58833333,0.21829329
2001-12-02T15:20:00,1,12,2,15,20,0.23000000,21.56666667,29.61666667,0.22511557
2001-12-02T15:30:00,1,12,2,15,30,0.23700000,21.35000000,29.64500000,0.23193602
2001-12-02T15:40:00,1,12,2,15,40,0.24400000,21.13333333,29.67333333,0.23875465
2001-12-02T15:50:00,1,12,2,15,50,0.25100000,20.91666667,29.70166667,0.24557146
2001-12-02T16:00:00,1,12,2,16,0,0.25800000,20.70000000,29.73000000,0.25238644
2001-12-02T16:10:00,1,12,2,16,10,0.23750000,20.78333333,29.09583333,0.23302530
2001-12-02T16:20:00,1,12,2,16,20,0.21700000,20.86666667,28.46166667,0.21354456
2001-12-02T16:30:00,1,12,2,16,30,0.19650000,20.95000000,27.82750000,0.19394422
2001-12-02T16:40:00,1,12,2,16,40,0.17600000,21.03333333,27.19333333,0.17422428
2001-12-02T16:50:00,1,12,2,16,50,0.15550000,21.11666667,26.55916667,0.15438473
2001-12-02T17:00:00,1,12,2,17,0,0.13500000,21.20000000,25.92500000,0.13442558
2001-12-02T17:10:00,1,12,2,17,10,0.11566667,21.15000000,25.19833333,0.11556114
2001-12-02T17:20:00,1,12,2,17,20,0.09633333,21.10000000,24.47166667,0.09656746
2001-12-02T17:30:00,1,12,2,17,30,0.07700000,21.05000000,23.74500000,0.07744452
2001-12-02T17:40:00,1,12,2,17,40,0.05766667,21.00000000,23.01833333,0.05819234
2001-12-02T17:50:00,1,12,2,17,50,0.03833333,20.95000000,22.29166667,0.03881090
2001-12-02T18:00:00,1,12,2,18,0,0.01900000,20.90000000,21.56500000,0.01930022
2001-12-02T18:10:00,1,12,2,18,10,0.01583333,20.83333333,21.38750000,0.01609644
2001-12-02T18:20:00,1,12,2,18,20,0.01266667,20.76666667,21.21000000,0.01288750
2001-12-02T18:30:00,1,12,2,18,30,0.00950000,20.70000000,21.03250000,0.00967338
2001-12-02T18:40:00,1,12,2,18,40,0.00633333,20.63333333,20.85500000,0.00645409
2001-12-02T18:50:00,1,12,2,18,50,0.00316667,20.56666667,20.67750000,0.00322963
2001-12-02T19:00:00,1,12,2,19,0,0.00000000,20.50000000,20.50000000,0.00000000
2001-12-02T19:10:00,1,12,2,19,10,0.00000000,20.33333333,20.33333333,0.00000000
2001-12-02T19:20:00,1,12,2,19,20,0.00000000,20.16666667,20.16666667,0.00000000
2001-12-02T19:30:00,1,12,2,19,30,0.00000000,20.00000000,20.00000000,0.00000000
2001-12-02T19:40:00,1,12,2,19,40,0.00000000,19.83333333,19.83333333,0.00000000
2001-12-02T19:50:00,1,12,2,19,50,0.00000000,19.66666667,19.66666667,0.00000000
2001-12-02T20:00:00,1,12,2,20,0,0.00000000,19.50000000,19.50000000,0.00000000
2001-12-02T20:10:00,1,12,2,20,10,0.00000000,19.50000000,19.50000000,0.00000000
2001-12-02T20:20:00,1,12,2,20,20,0.00000000,19.50000000,19.50000000,0.00000000
2001-12-02T20:30:00,1,12,2,20,30,0.00000000,19.50000000,19.50000000,0.00000000
2001-12-02T20:40:00,1,12,2,20,40,0.00000000,19.50000000,19.50000000,0.00000000
2001-12-02T20:50:00,1,12,2,20,50,0.00000000,19.50000000,19.50000000,0.00000000
2001-12-02T21:00:00,1,12,2,21,0,0.00000000,19.50000000,19.50000000,0.00000000
2001-12-02T21:10:00,1,12,2,21,10,0.00000000,19.48333333,19.48333333,0.00000000
2001-12-02T21:20:00,1,12,2,21,20,0.00000000,19.46666667,19.46666667,0.00000000
2001-12-02T21:30:00,1,12,2,21,30,0.00000000,19.45000000,19.45000000,0.00000000
2001-12-02T21:40:00,1,12,2,21,40,0.00000000,19.43333333,19.43333333,0.00000000
2001-12-02T21:50:00,1,12,2,21,50,0.00000000,19.41666667,19.41666667,0.00000000
2001-12-02T22:00:00,1,12,2,22,0,0.00000000,19.40000000,19.40000000,0.00000000
2001-12-02T22:10:00,1,12,2,22,10,0.00000000,19.38333333,19.38333333,0.00000000
2001-12-02T22:20:00,1,12,2,22,20,0.00000000,19.36666667,19.36666667,0.00000000
2001-12-02T22:30:00,1,12,2,22,30,0.00000000,19.35000000,19.35000000,0.00000000
2001-12-02T22:40:00,1,12,2,22,40,0.00000000,19.33333333,19.33333333,0.00000000
2001-12-02T22:50:00,1,12,2,22,50,0.00000000,19.31666667,19.31666667,0.00000000
2001-12-02T23:00:00,1,12,2,23,0,0.00000000,19.30000000,19.30000000,0.00000000
2001-12-02T23:10:00,1,12,2,23,10,0.00000000,19.08333333,19.08333333,0.00000000
2001-12-02T23:20:00,1,12,2,23,20,0.00000000,18.86666667,18.86666667,0.00000000
2001-12-02T23:30:00,1,12,2,23,30,0.00000000,18.65000000,18.65000000,0.00000000
2001-12-02T23:40:00,1,12,2,23,40,0.00000000,18.43333333,18.43333333,0.00000000
2001-12-02T23:50:00,1,12,2,23,50,0.00000000,18.21666667,18.21666667,0.00000000
2001-12-03T00:00:00,1,12,3,0,0,0.00000000,18.00000000,18.00000000,0.00000000
2001-12-03T00:10:00,1,12,3,0,10,0.00000000,18.08333333,18.08333333,0.00000000
2001-12-03T00:20:00,1,12,3,0,20,0.00000000,18.16666667,18.16666667,0.00000000
2001-12-03T00:30:00,1,12,3,0,30,0.00000000,18.25000000,18.25000000,0.00000000
2001-12-03T00:40:00,1,12,3,0,40,0.00000000,18.33333333,18.33333333,0.00000000
2001-12-03T00:50:00,1,12,3,0,50,0.00000000,18.41666667,18.41666667,0.00000000
2001-12-03T01:00:00,1,12,3,1,0,0.00000000,18.50000000,18.50000000,0.00000000
2001-12-03T01:10:00,1,12,3,1,10,0.00000000,18.28333333,18.28333333,0.00000000
2001-12-03T01:20:00,1,12,3,1,20,0.00000000,18.06666667,18.06666667,0.00000000
2001-12-03T01:30:00,1,12,3,1,30,0.00000000,17.85000000,17.85000000,0.00000000
2001-12-03T01:40:00,1,12,3,1,40,0.00000000,17.63333333,17.63333333,0.00000000
2001-12-03T01:50:00,1,12,3,1,50,0.00000000,17.41666667,17.41666667,0.00000000
2001-12-03T02:00:00,1,12,3,2,0,0.00000000,17.20000000,17.20000000,0.00000000
2001-12-03T02:10:00,1,12,3,2,10,0.00000000,17.20000000,17.20000000,0.00000000
2001-12-03T02:20:00,1,12,3,2,20,0.00000000,17.20000000,17.20000000,0.00000000
2001-12-03T02:30:00,1,12,3,2,30,0.00000000,17.20000000,17.20000000,0.00000000
2001-12-03T02:40:00,1,12,3,2,40,0.00000000,17.20000000,17.20000000,0.00000000
2001-12-03T02:50:00,1,12,3,2,50,0.00000000,17.20000000,17.20000000,0.00000000
2001-12-03T03:00:00,1,12,3,3,0,0.00000000,17.20000000,17.20000000,0.00000000
2001-12-03T03:10:00,1,12,3,3,10,0.00000000,17.28333333,17.28333333,0.00000000
2001-12-03T03:20:00,1,12,3,3,20,0.00000000,17.36666667,17.36666667,0.00000000
2001-12-03T03:30:00,1,12,3,3,30,0.00000000,17.45000000,17.45000000,0.00000000
2001-12-03T03:40:00,1,12,3,3,40,0.00000000,17.53333333,17.53333333,0.00000000
2001-12-03T03:50:00,1,12,3,3,50,0.00000000,17.61666667,17.61666667,0.00000000
2001-12-03T04:00:00,1,12,3,4,0,0.00000000,17.70000000,17.70000000,0.00000000
2001-12-03T04:10:00,1,12,3,4,10,0.00433333,17.51666667,17.66833333,0.00447948
2001-12-03T04:20:00,1,12,3,4,20,0.00866667,17.33333333,17.63666667,0.00896022
2001-12-03T04:30:00,1,12,3,4,30,0.01300000,17.15000000,17.60500000,0.01344222
2001-12-03T04:40:00,1,12,3,4,40,0.01733333,16.96666667,17.57333333,0.01792549
2001-12-03T04:50:00,1,12,3,4,50,0.02166667,16.78333333,17.54166667,0.02241001
2001-12-03T05:00:00,1,12,3,5,0,0.02600000,16.60000000,17.51000000,0.02689580
2001-12-03T05:10:00,1,12,3,5,10,0.04066667,16.91666667,18.34000000,0.04191253
2001-12-03T05:20:00,1,12,3,5,20,0.05533333,17.23333333,19.17000000,0.05681726
2001-12-03T05:30:00,1,12,3,5,30,0.07000000,17.55000000,20.00000000,0.07161000
2001-12-03T05:40:00,1,12,3,5,40,0.08466667,17.86666667,20.83000000,0.08629074
2001-12-03T05:50:00,1,12,3,5,50,0.09933333,18.18333333,21.66000000,0.10085949
2001-12-03T06:00:00,1,12,3,6,0,0.11400000,18.50000000,22.49000000,0.11531624
2001-12-03T06:10:00,1,12,3,6,10,0.14566667,18.68333333,23.78166667,0.14648303
2001-12-03T06:20:00,1,12,3,6,20,0.17733333,18.86666667,25.07333333,0.17727351
2001-12-03T06:30:00,1,12,3,6,30,0.20900000,19.05000000,26.36500000,0.20768769
2001-12-03T06:40:00,1,12,3,6,40,0.24066667,19.23333333,27.65666667,0.23772556
2001-12-03T06:50:00,1,12,3,6,50,0.27233333,19.41666667,28.94833333,0.26738712
2001-12-03T07:00:00,1,12,3,7,0,0.30400000,19.60000000,30.24000000,0.29667238
2001-12-03T07:10:00,1,12,3,7,10,0.32483333,19.91666667,31.28583333,0.31544083
2001-12-03T07:20:00,1,12,3,7,20,0.34566667,20.23333333,32.33166667,0.33400883
2001-12-03T07:30:00,1,12,3,7,30,0.36650000,20.55000000,33.37750000,0.35237637
2001-12-03T07:40:00,1,12,3,7,40,0.38733333,20.86666667,34.42333333,0.37054347
2001-12-03T07:50:00,1,12,3,7,50,0.40816667,21.18333333,35.46916667,0.38851011
2001-12-03T08:00:00,1,12,3,8,0,0.42900000,21.50000000,36.51500000,0.40627630
2001-12-03T08:10:00,1,12,3,8,10,0.49783333,21.61666667,39.04083333,0.46567936
2001-12-03T08:20:00,1,12,3,8,20,0.56666667,21.73333333,41.56666667,0.52348289
2001-12-03T08:30:00,1,12,3,8,30,0.63550000,21.85000000,44.09250000,0.57968689
2001-12-03T08:40:00,1,12,3,8,40,0.70433333,21.96666667,46.61833333,0.63429137
2001-12-03T08:50:00,1,12,3,8,50,0.77316667,22.08333333,49.14416667,0.68729633
2001-12-03T09:00:00,1,12,3,9,0,0.84200000,22.20000000,51.67000000,0.73870176
2001-12-03T09:10:00,1,12,3,9,10,0.84400000,22.73333333,52.27333333,0.73811401
2001-12-03T09:20:00,1,12,3,9,20,0.84600000,23.26666667,52.87666667,0.73751516
2001-12-03T09:30:00,1,12,3,9,30,0.84800000,23.80000000,53.48000000,0.73690522
2001-12-03T09:40:00,1,12,3,9,40,0.85000000,24.33333333,54.08333333,0.73628417
2001-12-03T09:50:00,1,12,3,9,50,0.85200000,24.86666667,54.68666667,0.73565202
2001-12-03T10:00:00,1,12,3,10,0,0.85400000,25.40000000,55.29000000,0.73500876
2001-12-03T10:10:00,1,12,3,10,10,0.82933333,25.41666667,54.44333333,0.71700898
2001-12-03T10:20:00,1,12,3,10,20,0.80466667,25.43333333,53.59666667,0.69881706
2001-12-03T10:30:00,1,12,3,10,30,0.78000000,25.45000000,52.75000000,0.68043300
2001-12-03T10:40:00,1,12,3,10,40,0.75533333,25.46666667,51.90333333,0.66185680
2001-12-03T10:50:00,1,12,3,10,50,0.73066667,25.48333333,51.05666667,0.64308847
2001-12-03T11:00:00,1,12,3,11,0,0.70600000,25.50000000,50.21000000,0.62412800
2001-12-03T11:10:00,1,12,3,11,10,0.76666667,25.46666667,52.30000000,0.67038867
2001-12-03T11:20:00,1,12,3,11,20,0.82733333,25.43333333,54.39000000,0.71548283
2001-12-03T11:30:00,1,12,3,11,30,0.88800000,25.40000000,56.48000000,0.75941050
2001-12-03T11:40:00,1,12,3,11,40,0.94866667,25.36666667,58.57000000,0.80217166
2001-12-03T11:50:00,1,12,3,11,50,1.00933333,25.33333333,60.66000000,0.84376633
2001-12-03T12:00:00,1,12,3,12,0,1.07000000,25.30000000,62.75000000,0.88419450
2001-12-03T12:10:00,1,12,3,12,10,1.05616667,25.65000000,62.61583333,0.87341516
2001-12-03T12:20:00,1,12,3,12,20,1.04233333,26.00000000,62.48166667,0.86261874
2001-12-03T12:30:00,1,12,3,12,30,1.02850000,26.35000000,62.34750000,0.85180524
2001-12-03T12:40:00,1,12,3,12,40,1.01466667,26.70000000,62.21333333,0.84097467
2001-12-03T12:50:00,1,12,3,12,50,1.00083333,27.05000000,62.07916667,0.83012703
2001-12-03T13:00:00,1,12,3,13,0,0.98700000,27.40000000,61.94500000,0.81926231
2001-12-03T13:10:00,1,12,3,13,10,0.94500000,27.38333333,60.45833333,0.79086263
2001-12-03T13:20:00,1,12,3,13,20,0.90300000,27.36666667,58.97166667,0.76188849
2001-12-03T13:30:00,1,12,3,13,30,0.86100000,27.35000000,57.48500000,0.73233991
2001-12-03T13:40:00,1,12,3,13,40,0.81900000,27.33333333,55.99833333,0.70221688
2001-12-03T13:50:00,1,12,3,13,50,0.77700000,27.31666667,54.51166667,0.67151940
2001-12-03T14:00:00,1,12,3,14,0,0.73500000,27.30000000,53.02500000,0.64024748
2001-12-03T14:10:00,1,12,3,14,10,0.68616667,27.05000000,51.06583333,0.60389334
2001-12-03T14:20:00,1,12,3,14,20,0.63733333,26.80000000,49.10666667,0.56665902
2001-12-03T14:30:00,1,12,3,14,30,0.58850000,26.55000000,47.14750000,0.52854450
2001-12-03T14:40:00,1,12,3,14,40,0.53966667,26.30000000,45.18833333,0.48954980
2001-12-03T14:50:00,1,12,3,14,50,0.49083333,26.05000000,43.22916667,0.44967491
2001-12-03T15:00:00,1,12,3,15,0,0.44200000,25.80000000,41.27000000,0.40891984
2001-12-03T15:10:00,1,12,3,15,10,0.41183333,25.56666667,39.98083333,0.38345314
2001-12-03T15:20:00,1,12,3,15,20,0.38166667,25.33333333,38.69166667,0.35762866
2001-12-03T15:30:00,1,12,3,15,30,0.35150000,25.10000000,37.40250000,0.33144640
2001-12-03T15:40:00,1,12,3,15,40,0.32133333,24.86666667,36.11333333,0.30490634
2001-12-03T15:50:00,1,12,3,15,50,0.29116667,24.63333333,34.82416667,0.27800851
2001-12-03T16:00:00,1,12,3,16,0,0.26100000,24.40000000,33.53500000,0.25075288
2001-12-03T16:10:00,1,12,3,16,10,0.24766667,24.18333333,32.85166667,0.23872152
2001-12-03T16:20:00,1,12,3,16,20,0.23433333,23.96666667,32.16833333,0.22660635
2001-12-03T16:30:00,1,12,3,16,30,0.22100000,23.75000000,31.48500000,0.21440735
2001-12-03T16:40:00,1,12,3,16,40,0.20766667,23.53333333,30.80166667,0.20212453
2001-12-03T16:50:00,1,12,3,16,50,0.19433333,23.31666667,30.11833333,0.18975788
2001-12-03T17:00:00,1,12,3,17,0,0.18100000,23.10000000,29.43500000,0.17730742
2001-12-03T17:10:00,1,12,3,17,10,0.15583333,22.98333333,28.43750000,0.15336922
2001-12-03T17:20:00,1,12,3,17,20,0.13066667,22.86666667,27.44000000,0.12920006
2001-12-03T17:30:00,1,12,3,17,30,0.10550000,22.75000000,26.44250000,0.10479995
2001-12-03T17:40:00,1,12,3,17,40,0.08033333,22.63333333,25.44500000,0.08016889
2001-12-03T17:50:00,1,12,3,17,50,0.05516667,22.51666667,24.44750000,0.05530687
2001-12-03T18:00:00,1,12,3,18,0,0.03000000,22.40000000,23.45000000,0.03021390
2001-12-03T18:10:00,1,12,3,18,10,0.02500000,22.11666667,22.99166667,0.02523096
2001-12-03T18:20:00,1,12,3,18,20,0.02000000,21.83333333,22.53333333,0.02022693
2001-12-03T18:30:00,1,12,3,18,30,0.01500000,21.55000000,22.07500000,0.01520182
2001-12-03T18:40:00,1,12,3,18,40,0.01000000,21.26666667,21.61666667,0.01015563
2001-12-03T18:50:00,1,12,3,18,50,0.00500000,20.98333333,21.15833333,0.00508836
2001-12-03T19:00:00,1,12,3,19,0,0.00000000,20.70000000,20.70000000,0.00000000
2001-12-03T19:10:00,1,12,3,19,10,0.00000000,20.63333333,20.63333333,0.00000000
2001-12-03T19:20:00,1,12,3,19,20,0.00000000,20.56666667,20.56666667,0.00000000
2001-12-03T19:30:00,1,12,3,19,30,0.00000000,20.50000000,20.50000000,0.00000000
2001-12-03T19:40:00,1,12,3,19,40,0.00000000,20.43333333,20.43333333,0.00000000
2001-12-03T19:50:00,1,12,3,19,50,0.00000000,20.36666667,20.36666667,0.00000000
2001-12-03T20:00:00,1,12,3,20,0,0.00000000,20.30000000,20.30000000,0.00000000
2001-12-03T20:10:00,1,12,3,20,10,0.00000000,20.20000000,20.20000000,0.00000000
2001-12-03T20:20:00,1,12,3,20,20,0.00000000,20.10000000,20.10000000,0.00000000
2001-12-03T20:30:00,1,12,3,20,30,0.00000000,20.00000000,20.00000000,0.00000000
2001-12-03T20:40:00,1,12,3,20,40,0.00000000,19.90000000,19.90000000,0.00000000
2001-12-03T20:50:00,1,12,3,20,50,0.00000000,19.80000000,19.80000000,0.00000000
2001-12-03T21:00:00,1,12,3,21,0,0.00000000,19.70000000,19.70000000,0.00000000
2001-12-03T21:10:00,1,12,3,21,10,0.00000000,19.56666667,19.56666667,0.00000000
2001-12-03T21:20:00,1,12,3,21,20,0.00000000,19.43333333,19.43333333,0.00000000
2001-12-03T21:30:00,1,12,3,21,30,0.00000000,19.30000000,19.30000000,0.00000000
2001-12-03T21:40:00,1,12,3,21,40,0.00000000,19.16666667,19.16666667,0.00000000
2001-12-03T21:50:00,1,12,3,21,50,0.00000000,19.03333333,19.03333333,0.00000000
2001-12-03T22:00:00,1,12,3,22,0,0.00000000,18.90000000,18.90000000,0.00000000
2001-12-03T22:10:00,1,12,3,22,10,0.00000000,18.93333333,18.93333333,0.00000000
2001-12-03T22:20:00,1,12,3,22,20,0.00000000,18.96666667,18.96666667,0.00000000
2001-12-03T22:30:00,1,12,3,22,30,0.00000000,19.00000000,19.00000000,0.00000000
2001-12-03T22:40:00,1,12,3,22,40,0.00000000,19.03333333,19.03333333,0.00000000
2001-12-03T22:50:00,1,12,3,22,50,0.00000000,19.06666667,19.06666667,0.00000000
2001-12-03T23:00:00,1,12,3,23,0,0.00000000,19.10000000,19.10000000,0.00000000
2001-12-03T23:10:00,1,12,3,23,10,0.00000000,19.36666667,19.36666667,0.00000000
2001-12-03T23:20:00,1,12,3,23,20,0.00000000,19.63333333,19.63333333,0.00000000
2001-12-03T23:30:00,1,12,3,23,30,0.00000000,19.90000000,19.90000000,0.00000000
2001-12-03T23:40:00,1,12,3,23,40,0.00000000,20.16666667,20.16666667,0.00000000
2001-12-03T23:50:00,1,12,3,23,50,0.00000000,20.43333333,20.43333333,0.00000000
2001-12-04T00:00:00,1,12,4,0,0,0.00000000,20.70000000,20.70000000,0.00000000
2001-12-04T00:10:00,1,12,4,0,10,0.00000000,20.60000000,20.60000000,0.00000000
2001-12-04T00:20:00,1,12,4,0,20,0.00000000,20.50000000,20.50000000,0.00000000
2001-12-04T00:30:00,1,12,4,0,30,0.00000000,20.40000000,20.40000000,0.00000000
2001-12-04T00:40:00,1,12,4,0,40,0.00000000,20.30000000,20.30000000,0.00000000
2001-12-04T00:50:00,1,12,4,0,50,0.00000000,20.20000000,20.20000000,0.00000000
2001-12-04T01:00:00,1,12,4,1,0,0.00000000,20.10000000,20.10000000,0.00000000
2001-12-04T01:10:00,1,12,4,1,10,0.00000000,20.15000000,20.15000000,0.00000000
2001-12-04T01:20:00,1,12,4,1,20,0.00000000,20.20000000,20.20000000,0.00000000
2001-12-04T01:30:00,1,12,4,1,30,0.00000000,20.25000000,20.25000000,0.00000000
2001-12-04T01:40:00,1,12,4,1,40,0.00000000,20.30000000,20.30000000,0.00000000
2001-12-04T01:50:00,1,12,4,1,50,0.00000000,20.35000000,20.35000000,0.00000000
2001-12-04T02:00:00,1,12,4,2,0,0.00000000,20.40000000,20.40000000,0.00000000
2001-12-04T02:10:00,1,12,4,2,10,0.00000000,20.38333333,20.38333333,0.00000000
2001-12-04T02:20:00,1,12,4,2,20,0.00000000,20.36666667,20.36666667,0.00000000
2001-12-04T02:30:00,1,12,4,2,30,0.00000000,20.35000000,20.35000000,0.00000000
2001-12-04T02:40:00,1,12,4,2,40,0.00000000,20.33333333,20.33333333,0.00000000
2001-12-04T02:50:00,1,12,4,2,50,0.00000000,20.31666667,20.31666667,0.00000000
2001-12-04T03:00:00,1,12,4,3,0,0.00000000,20.30000000,20.30000000,0.00000000
2001-12-04T03:10:00,1,12,4,3,10,0.00000000,20.31666667,20.31666667,0.00000000
2001-12-04T03:20:00,1,12,4,3,20,0.00000000,20.33333333,20.33333333,0.00000000
2001-12-04T03:30:00,1,12,4,3,30,0.00000000,20.35000000,20.35000000,0.00000000
2001-12-04T03:40:00,1,12,4,3,40,0.00000000,20.36666667,20.36666667,0.00000000
2001-12-04T03:50:00,1,12,4,3,50,0.00000000,20.38333333,20.38333333,0.00000000
2001-12-04T04:00:00,1,12,4,4,0,0.00000000,20.40000000,20.40000000,0.00000000
2001-12-04T04:10:00,1,12,4,4,10,0.00083333,20.41666667,20.44583333,0.00085079
2001-12-04T04:20:00,1,12,4,4,20,0.00166667,20.43333333,20.49166667,0.00170123
2001-12-04T04:30:00,1,12,4,4,30,0.00250000,20.45000000,20.53750000,0.00255132
2001-12-04T04:40:00,1,12,4,4,40,0.00333333,20.46666667,20.58333333,0.00340106
2001-12-04T04:50:00,1,12,4,4,50,0.00416667,20.48333333,20.62916667,0.00425044
2001-12-04T05:00:00,1,12,4,5,0,0.00500000,20.50000000,20.67500000,0.00509948
2001-12-04T05:10:00,1,12,4,5,10,0.01016667,20.43333333,20.78916667,0.01036359
2001-12-04T05:20:00,1,12,4,5,20,0.01533333,20.36666667,20.90333333,0.01562228
2001-12-04T05:30:00,1,12,4,5,30,0.02050000,20.30000000,21.01750000,0.02087555
2001-12-04T05:40:00,1,12,4,5,40,0.02566667,20.23333333,21.13166667,0.02612339
2001-12-04T05:50:00,1,12,4,5,50,0.03083333,20.16666667,21.24583333,0.03136580
2001-12-04T06:00:00,1,12,4,6,0,0.03600000,20.10000000,21.36000000,0.03660278
2001-12-04T06:10:00,1,12,4,6,10,0.03366667,20.21666667,21.39500000,0.03422496
2001-12-04T06:20:00,1,12,4,6,20,0.03133333,20.33333333,21.43000000,0.03184789
2001-12-04T06:30:00,1,12,4,6,30,0.02900000,20.45000000,21.46500000,0.02947157
2001-12-04T06:40:00,1,12,4,6,40,0.02666667,20.56666667,21.50000000,0.02709600
2001-12-04T06:50:00,1,12,4,6,50,0.02433333,20.68333333,21.53500000,0.02472118
2001-12-04T07:00:00,1,12,4,7,0,0.02200000,20.80000000,21.57000000,0.02234712
2001-12-04T07:10:00,1,12,4,7,10,0.05100000,20.83333333,22.61833333,0.05155874
2001-12-04T07:20:00,1,12,4,7,20,0.08000000,20.86666667,23.66666667,0.08049067
2001-12-04T07:30:00,1,12,4,7,30,0.10900000,20.90000000,24.71500000,0.10914290
2001-12-04T07:40:00,1,12,4,7,40,0.13800000,20.93333333,25.76333333,0.13751544
2001-12-04T07:50:00,1,12,4,7,50,0.16700000,20.96666667,26.81166667,0.16560828
2001-12-04T08:00:00,1,12,4,8,0,0.19600000,21.00000000,27.86000000,0.19342142
2001-12-04T08:10:00,1,12,4,8,10,0.20033333,20.96666667,27.97833333,0.19758870
2001-12-04T08:20:00,1,12,4,8,20,0.20466667,20.93333333,28.09666667,0.20175126
2001-12-04T08:30:00,1,12,4,8,30,0.20900000,20.90000000,28.21500000,0.20590910
2001-12-04T08:40:00,1,12,4,8,40,0.21333333,20.86666667,28.33333333,0.21006222
2001-12-04T08:50:00,1,12,4,8,50,0.21766667,20.83333333,28.45166667,0.21421063
2001-12-04T09:00:00,1,12,4,9,0,0.22200000,20.80000000,28.57000000,0.21835432
2001-12-04T09:10:00,1,12,4,9,10,0.20950000,20.81666667,28.14916667,0.20646515
2001-12-04T09:20:00,1,12,4,9,20,0.19700000,20.83333333,27.72833333,0.19452758
2001-12-04T09:30:00,1,12,4,9,30,0.18450000,20.85000000,27.30750000,0.18254162
2001-12-04T09:40:00,1,12,4,9,40,0.17200000,20.86666667,26.88666667,0.17050727
2001-12-04T09:50:00,1,12,4,9,50,0.15950000,20.88333333,26.46583333,0.15842452
2001-12-04T10:00:00,1,12,4,10,0,0.14700000,20.90000000,26.04500000,0.14629337
2001-12-04T10:10:00,1,12,4,10,10,0.14266667,20.83333333,25.82666667,0.14212415
2001-12-04T10:20:00,1,12,4,10,20,0.13833333,20.76666667,25.60833333,0.13794623
2001-12-04T10:30:00,1,12,4,10,30,0.13400000,20.70000000,25.39000000,0.13375960
2001-12-04T10:40:00,1,12,4,10,40,0.12966667,20.63333333,25.17166667,0.12956427
2001-12-04T10:50:00,1,12,4,10,50,0.12533333,20.56666667,24.95333333,0.12536024
2001-12-04T11:00:00,1,12,4,11,0,0.12100000,20.50000000,24.73500000,0.12114750
2001-12-04T11:10:00,1,12,4,11,10,0.12933333,20.43333333,24.96000000,0.12935713
2001-12-04T11:20:00,1,12,4,11,20,0.13766667,20.36666667,25.18500000,0.13754951
2001-12-04T11:30:00,1,12,4,11,30,0.14600000,20.30000000,25.41000000,0.14572464
2001-12-04T11:40:00,1,12,4,11,40,0.15433333,20.23333333,25.63500000,0.15388253
2001-12-04T11:50:00,1,12,4,11,50,0.16266667,20.16666667,25.86000000,0.16202316
2001-12-04T12:00:00,1,12,4,12,0,0.17100000,20.10000000,26.08500000,0.17014654
2001-12-04T12:10:00,1,12,4,12,10,0.15266667,20.21666667,25.56000000,0.15227340
2001-12-04T12:20:00,1,12,4,12,20,0.13433333,20.33333333,25.03500000,0.13431171
2001-12-04T12:30:00,1,12,4,12,30,0.11600000,20.45000000,24.51000000,0.11626146
2001-12-04T12:40:00,1,12,4,12,40,0.09766667,20.56666667,23.98500000,0.09812267
2001-12-04T12:50:00,1,12,4,12,50,0.07933333,20.68333333,23.46000000,0.07989533
2001-12-04T13:00:00,1,12,4,13,0,0.06100000,20.80000000,22.93500000,0.06157944
2001-12-04T13:10:00,1,12,4,13,10,0.07066667,20.75000000,23.22333333,0.07124420
2001-12-04T13:20:00,1,12,4,13,20,0.08033333,20.70000000,23.51166667,0.08088332
2001-12-04T13:30:00,1,12,4,13,30,0.09000000,20.65000000,23.80000000,0.09049680
2001-12-04T13:40:00,1,12,4,13,40,0.09966667,20.60000000,24.08833333,0.10008464
2001-12-04T13:50:00,1,12,4,13,50,0.10933333,20.55000000,24.37666667,0.10964683
2001-12-04T14:00:00,1,12,4,14,0,0.11900000,20.50000000,24.66500000,0.11918338
2001-12-04T14:10:00,1,12,4,14,10,0.12716667,20.53333333,24.98416667,0.12717593
2001-12-04T14:20:00,1,12,4,14,20,0.13533333,20.56666667,25.30333333,0.13514450
2001-12-04T14:30:00,1,12,4,14,30,0.14350000,20.60000000,25.62250000,0.14308909
2001-12-04T14:40:00,1,12,4,14,40,0.15166667,20.63333333,25.94166667,0.15100970
2001-12-04T14:50:00,1,12,4,14,50,0.15983333,20.66666667,26.26083333,0.15890633
2001-12-04T15:00:00,1,12,4,15,0,0.16800000,20.70000000,26.58000000,0.16677898
2001-12-04T15:10:00,1,12,4,15,10,0.14833333,20.73333333,25.92500000,0.14770218
2001-12-04T15:20:00,1,12,4,15,20,0.12866667,20.76666667,25.27000000,0.12850686
2001-12-04T15:30:00,1,12,4,15,30,0.10900000,20.80000000,24.61500000,0.10919304
2001-12-04T15:40:00,1,12,4,15,40,0.08933333,20.83333333,23.96000000,0.08976070
2001-12-04T15:50:00,1,12,4,15,50,0.06966667,20.86666667,23.30500000,0.07020986
2001-12-04T16:00:00,1,12,4,16,0,0.05000000,20.90000000,22.65000000,0.05054050
2001-12-04T16:10:00,1,12,4,16,10,0.05000000,20.91666667,22.66666667,0.05053667
2001-12-04T16:20:00,1,12,4,16,20,0.05000000,20.93333333,22.68333333,0.05053283
2001-12-04T16:30:00,1,12,4,16,30,0.05000000,20.95000000,22.70000000,0.05052900
2001-12-04T16:40:00,1,12,4,16,40,0.05000000,20.96666667,22.71666667,0.05052517
2001-12-04T16:50:00,1,12,4,16,50,0.05000000,20.98333333,22.73333333,0.05052133
2001-12-04T17:00:00,1,12,4,17,0,0.05000000,21.00000000,22.75000000,0.05051750
2001-12-04T17:10:00,1,12,4,17,10,0.04266667,20.88333333,22.37666667,0.04318154
2001-12-04T17:20:00,1,12,4,17,20,0.03533333,20.76666667,22.00333333,0.03582039
2001-12-04T17:30:00,1,12,4,17,30,0.02800000,20.65000000,21.63000000,0.02843406
2001-12-04T17:40:00,1,12,4,17,40,0.02066667,20.53333333,21.25666667,0.02102253
2001-12-04T17:50:00,1,12,4,17,50,0.01333333,20.41666667,20.88333333,0.01358582
2001-12-04T18:00:00,1,12,4,18,0,0.00600000,20.30000000,20.51000000,0.00612392
2001-12-04T18:10:00,1,12,4,18,10,0.00500000,20.38333333,20.55833333,0.00510216
2001-12-04T18:20:00,1,12,4,18,20,0.00400000,20.46666667,20.60666667,0.00408084
2001-12-04T18:30:00,1,12,4,18,30,0.00300000,20.55000000,20.65500000,0.00305996
2001-12-04T18:40:00,1,12,4,18,40,0.00200000,20.63333333,20.70333333,0.00203953
2001-12-04T18:50:00,1,12,4,18,50,0.00100000,20.71666667,20.75166667,0.00101954
2001-12-04T19:00:00,1,12,4,19,0,0.00000000,20.80000000,20.80000000,0.00000000
2001-12-04T19:10:00,1,12,4,19,10,0.00000000,20.78333333,20.78333333,0.00000000
2001-12-04T19:20:00,1,12,4,19,20,0.00000000,20.76666667,20.76666667,0.00000000
2001-12-04T19:30:00,1,12,4,19,30,0.00000000,20.75000000,20.75000000,0.00000000
2001-12-04T19:40:00,1,12,4,19,40,0.00000000,20.73333333,20.73333333,0.00000000
2001-12-04T19:50:00,1,12,4,19,50,0.00000000,20.71666667,20.71666667,0.00000000
2001-12-04T20:00:00,1,12,4,20,0,0.00000000,20.70000000,20.70000000,0.00000000
2001-12-04T20:10:00,1,12,4,20,10,0.00000000,20.73333333,20.73333333,0.00000000
2001-12-04T20:20:00,1,12,4,20,20,0.00000000,20.76666667,20.76666667,0.00000000
2001-12-04T20:30:00,1,12,4,20,30,0.00000000,20.80000000,20.80000000,0.00000000
2001-12-04T20:40:00,1,12,4,20,40,0.00000000,20.83333333,20.83333333,0.00000000
2001-12-04T20:50:00,1,12,4,20,50,0.00000000,20.86666667,20.86666667,0.00000000
2001-12-04T21:00:00,1,12,4,21,0,0.00000000,20.90000000,20.90000000,0.00000000
2001-12-04T21:10:00,1,12,4,21,10,0.00000000,21.00000000,21.00000000,0.00000000
2001-12-04T21:20:00,1,12,4,21,20,0.00000000,21.10000000,21.10000000,0.00000000
2001-12-04T21:30:00,1,12,4,21,30,0.00000000,21.20000000,21.20000000,0.00000000
2001-12-04T21:40:00,1,12,4,21,40,0.00000000,21.30000000,21.30000000,0.00000000
2001-12-04T21:50:00,1,12,4,21,50,0.00000000,21.40000000,21.40000000,0.00000000
2001-12-04T22:00:00,1,12,4,22,0,0.00000000,21.50000000,21.50000000,0.00000000
2001-12-04T22:10:00,1,12,4,22,10,0.00000000,21.46666667,21.46666667,0.00000000
2001-12-04T22:20:00,1,12,4,22,20,0.00000000,21.43333333,21.43333333,0.00000000
2001-12-04T22:30:00,1,12,4,22,30,0.00000000,21.40000000,21.40000000,0.00000000
2001-12-04T22:40:00,1,12,4,22,40,0.00000000,21.36666667,21.36666667,0.00000000
2001-12-04T22:50:00,1,12,4,22,50,0.00000000,21.33333333,21.33333333,0.00000000
2001-12-04T23:00:00,1,12,4,23,0,0.00000000,21.30000000,21.30000000,0.00000000
2001-12-04T23:10:00,1,12,4,23,10,0.00000000,20.96666667,20.96666667,0.00000000
2001-12-04T23:20:00,1,12,4,23,20,0.00000000,20.63333333,20.63333333,0.00000000
2001-12-04T23:30:00,1,12,4,23,30,0.00000000,20.30000000,20.30000000,0.00000000
2001-12-04T23:40:00,1,12,4,23,40,0.00000000,19.96666667,19.96666667,0.00000000
2001-12-04T23:50:00,1,12,4,23,50,0.00000000,19.63333333,19.63333333,0.00000000
2001-12-05T00:00:00,1,12,5,0,0,0.00000000,19.30000000,19.30000000,0.00000000
2001-12-05T00:10:00,1,12,5,0,10,0.00000000,19.18333333,19.18333333,0.00000000
2001-12-05T00:20:00,1,12,5,0,20,0.00000000,19.06666667,19.06666667,0.00000000
2001-12-05T00:30:00,1,12,5,0,30,0.00000000,18.95000000,18.95000000,0.00000000
2001-12-05T00:40:00,1,12,5,0,40,0.00000000,18.83333333,18.83333333,0.00000000
2001-12-05T00:50:00,1,12,5,0,50,0.00000000,18.71666667,18.71666667,0.00000000
2001-12-05T01:00:00,1,12,5,1,0,0.00000000,18.60000000,18.60000000,0.00000000
2001-12-05T01:10:00,1,12,5,1,10,0.00000000,18.60000000,18.60000000,0.00000000
2001-12-05T01:20:00,1,12,5,1,20,0.00000000,18.60000000,18.60000000,0.00000000
2001-12-05T01:30:00,1,12,5,1,30,0.00000000,18.60000000,18.60000000,0.00000000
2001-12-05T01:40:00,1,12,5,1,40,0.00000000,18.60000000,18.60000000,0.00000000
2001-12-05T01:50:00,1,12,5,1,50,0.00000000,18.60000000,18.60000000,0.00000000
2001-12-05T02:00:00,1,12,5,2,0,0.00000000,18.60000000,18.60000000,0.00000000
2001-12-05T02:10:00,1,12,5,2,10,0.00000000,18.58333333,18.58333333,0.00000000
2001-12-05T02:20:00,1,12,5,2,20,0.00000000,18.56666667,18.56666667,0.00000000
2001-12-05T02:30:00,1,12,5,2,30,0.00000000,18.55000000,18.55000000,0.00000000
2001-12-05T02:40:00,1,12,5,2,40,0.00000000,18.53333333,18.53333333,0.00000000
2001-12-05T02:50:00,1,12,5,2,50,0.00000000,18.51666667,18.51666667,0.00000000
2001-12-05T03:00:00,1,12,5,3,0,0.00000000,18.50000000,18.50000000,0.00000000
2001-12-05T03:10:00,1,12,5,3,10,0.00000000,18.43333333,18.43333333,0.00000000
2001-12-05T03:20:00,1,12,5,3,20,0.00000000,18.36666667,18.36666667,0.00000000
2001-12-05T03:30:00,1,12,5,3,30,0.00000000,18.30000000,18.30000000,0.00000000
2001-12-05T03:40:00,1,12,5,3,40,0.00000000,18.23333333,18.23333333,0.00000000
2001-12-05T03:50:00,1,12,5,3,50,0.00000000,18.16666667,18.16666667,0.00000000
2001-12-05T04:00:00,1,12,5,4,0,0.00000000,18.10000000,18.10000000,0.00000000
2001-12-05T04:10:00,1,12,5,4,10,0.00433333,18.01666667,18.16833333,0.00446951
2001-12-05T04:20:00,1,12,5,4,20,0.00866667,17.93333333,18.23666667,0.00893630
2001-12-05T04:30:00,1,12,5,4,30,0.01300000,17.85000000,18.30500000,0.01340036
2001-12-05T04:40:00,1,12,5,4,40,0.01733333,17.76666667,18.37333333,0.01786170
2001-12-05T04:50:00,1,12,5,4,50,0.02166667,17.68333333,18.44166667,0.02232031
2001-12-05T05:00:00,1,12,5,5,0,0.02600000,17.60000000,18.51000000,0.02677620
2001-12-05T05:10:00,1,12,5,5,10,0.03883333,17.81666667,19.17583333,0.03987372
2001-12-05T05:20:00,1,12,5,5,20,0.05166667,18.03333333,19.84166667,0.05289263
2001-12-05T05:30:00,1,12,5,5,30,0.06450000,18.25000000,20.50750000,0.06583292
2001-12-05T05:40:00,1,12,5,5,40,0.07733333,18.46666667,21.17333333,0.07869461
2001-12-05T05:50:00,1,12,5,5,50,0.09016667,18.68333333,21.83916667,0.09147767
2001-12-05T06:00:00,1,12,5,6,0,0.10300000,18.90000000,22.50500000,0.10418213
2001-12-05T06:10:00,1,12,5,6,10,0.14950000,19.11666667,24.34916667,0.14994758
2001-12-05T06:20:00,1,12,5,6,20,0.19600000,19.33333333,26.19333333,0.19492409
2001-12-05T06:30:00,1,12,5,6,30,0.24250000,19.55000000,28.03750000,0.23911167
2001-12-05T06:40:00,1,12,5,6,40,0.28900000,19.76666667,29.88166667,0.28251031
2001-12-05T06:50:00,1,12,5,6,50,0.33550000,19.98333333,31.72583333,0.32512002
2001-12-05T07:00:00,1,12,5,7,0,0.38200000,20.20000000,33.57000000,0.36694080
2001-12-05T07:10:00,1,12,5,7,10,0.41666667,20.53333333,35.11666667,0.39727639
2001-12-05T07:20:00,1,12,5,7,20,0.45133333,20.86666667,36.66333333,0.42711870
2001-12-05T07:30:00,1,12,5,7,30,0.48600000,21.20000000,38.21000000,0.45646772
2001-12-05T07:40:00,1,12,5,7,40,0.52066667,21.53333333,39.75666667,0.48532347
2001-12-05T07:50:00,1,12,5,7,50,0.55533333,21.86666667,41.30333333,0.51368592
2001-12-05T08:00:00,1,12,5,8,0,0.59000000,22.20000000,42.85000000,0.54155510
2001-12-05T08:10:00,1,12,5,8,10,0.62566667,22.45000000,44.34833333,0.56998087
2001-12-05T08:20:00,1,12,5,8,20,0.66133333,22.70000000,45.84666667,0.59791499
2001-12-05T08:30:00,1,12,5,8,30,0.69700000,22.95000000,47.34500000,0.62535746
2001-12-05T08:40:00,1,12,5,8,40,0.73266667,23.20000000,48.84333333,0.65230828
2001-12-05T08:50:00,1,12,5,8,50,0.76833333,23.45000000,50.34166667,0.67876744
2001-12-05T09:00:00,1,12,5,9,0,0.80400000,23.70000000,51.84000000,0.70473494
2001-12-05T09:10:00,1,12,5,9,10,0.81716667,23.98333333,52.58416667,0.71347870
2001-12-05T09:20:00,1,12,5,9,20,0.83033333,24.26666667,53.32833333,0.72213232
2001-12-05T09:30:00,1,12,5,9,30,0.84350000,24.55000000,54.07250000,0.73069579
2001-12-05T09:40:00,1,12,5,9,40,0.85666667,24.83333333,54.81666667,0.73916912
2001-12-05T09:50:00,1,12,5,9,50,0.86983333,25.11666667,55.56083333,0.74755231
2001-12-05T10:00:00,1,12,5,10,0,0.88300000,25.40000000,56.30500000,0.75584535
2001-12-05T10:10:00,1,12,5,10,10,0.89616667,25.63333333,56.99916667,0.76425437
2001-12-05T10:20:00,1,12,5,10,20,0.90933333,25.86666667,57.69333333,0.77257930
2001-12-05T10:30:00,1,12,5,10,30,0.92250000,26.10000000,58.38750000,0.78082014
2001-12-05T10:40:00,1,12,5,10,40,0.93566667,26.33333333,59.08166667,0.78897690
2001-12-05T10:50:00,1,12,5,10,50,0.94883333,26.56666667,59.77583333,0.79704957
2001-12-05T11:00:00,1,12,5,11,0,0.96200000,26.80000000,60.47000000,0.80503816
2001-12-05T11:10:00,1,12,5,11,10,0.90600000,26.91666667,58.62666667,0.76585750
2001-12-05T11:20:00,1,12,5,11,20,0.85000000,27.03333333,56.78333333,0.72572717
2001-12-05T11:30:00,1,12,5,11,30,0.79400000,27.15000000,54.94000000,0.68464714
2001-12-05T11:40:00,1,12,5,11,40,0.73800000,27.26666667,53.09666667,0.64261744
2001-12-05T11:50:00,1,12,5,11,50,0.68200000,27.38333333,51.25333333,0.59963804
2001-12-05T12:00:00,1,12,5,12,0,0.62600000,27.50000000,49.41000000,0.55570896
2001-12-05T12:10:00,1,12,5,12,10,0.65033333,27.11666667,49.87833333,0.57590897
2001-12-05T12:20:00,1,12,5,12,20,0.67466667,26.73333333,50.34666667,0.59600413
2001-12-05T12:30:00,1,12,5,12,30,0.69900000,26.35000000,50.81500000,0.61599445
2001-12-05T12:40:00,1,12,5,12,40,0.72333333,25.96666667,51.28333333,0.63587992
2001-12-05T12:50:00,1,12,5,12,50,0.74766667,25.58333333,51.75166667,0.65566055
2001-12-05T13:00:00,1,12,5,13,0,0.77200000,25.20000000,52.22000000,0.67533634
2001-12-05T13:10:00,1,12,5,13,10,0.76733333,25.41666667,52.27333333,0.67106574
2001-12-05T13:20:00,1,12,5,13,20,0.76266667,25.63333333,52.32666667,0.66679743
2001-12-05T13:30:00,1,12,5,13,30,0.75800000,25.85000000,52.38000000,0.66253142
2001-12-05T13:40:00,1,12,5,13,40,0.75333333,26.06666667,52.43333333,0.65826769
2001-12-05T13:50:00,1,12,5,13,50,0.74866667,26.28333333,52.48666667,0.65400625
2001-12-05T14:00:00,1,12,5,14,0,0.74400000,26.50000000,52.54000000,0.64974710
2001-12-05T14:10:00,1,12,5,14,10,0.69733333,26.48333333,50.89000000,0.61428512
2001-12-05T14:20:00,1,12,5,14,20,0.65066667,26.46666667,49.24000000,0.57811473
2001-12-05T14:30:00,1,12,5,14,30,0.60400000,26.45000000,47.59000000,0.54123594
2001-12-05T14:40:00,1,12,5,14,40,0.55733333,26.43333333,45.94000000,0.50364876
2001-12-05T14:50:00,1,12,5,14,50,0.51066667,26.41666667,44.29000000,0.46535317
2001-12-05T15:00:00,1,12,5,15,0,0.46400000,26.40000000,42.64000000,0.42634918
2001-12-05T15:10:00,1,12,5,15,10,0.43866667,26.06666667,41.42000000,0.40553330
2001-12-05T15:20:00,1,12,5,15,20,0.41333333,25.73333333,40.20000000,0.38443307
2001-12-05T15:30:00,1,12,5,15,30,0.38800000,25.40000000,38.98000000,0.36304850
2001-12-05T15:40:00,1,12,5,15,40,0.36266667,25.06666667,37.76000000,0.34137958
2001-12-05T15:50:00,1,12,5,15,50,0.33733333,24.73333333,36.54000000,0.31942633
2001-12-05T16:00:00,1,12,5,16,0,0.31200000,24.40000000,35.32000000,0.29718874
2001-12-05T16:10:00,1,12,5,16,10,0.28550000,24.10000000,34.09250000,0.27355882
2001-12-05T16:20:00,1,12,5,16,20,0.25900000,23.80000000,32.86500000,0.24962964
2001-12-05T16:30:00,1,12,5,16,30,0.23250000,23.50000000,31.63750000,0.22540119
2001-12-05T16:40:00,1,12,5,16,40,0.20600000,23.20000000,30.41000000,0.20087348
2001-12-05T16:50:00,1,12,5,16,50,0.17950000,22.90000000,29.18250000,0.17604651
2001-12-05T17:00:00,1,12,5,17,0,0.15300000,22.60000000,27.95500000,0.15092027
2001-12-05T17:10:00,1,12,5,17,10,0.13266667,22.43333333,27.07666667,0.13139935
2001-12-05T17:20:00,1,12,5,17,20,0.11233333,22.26666667,26.19833333,0.11171411
2001-12-05T17:30:00,1,12,5,17,30,0.09200000,22.10000000,25.32000000,0.09186458
2001-12-05T17:40:00,1,12,5,17,40,0.07166667,21.93333333,24.44166667,0.07185073
2001-12-05T17:50:00,1,12,5,17,50,0.05133333,21.76666667,23.56333333,0.05167258
2001-12-05T18:00:00,1,12,5,18,0,0.03100000,21.60000000,22.68500000,0.03133012
2001-12-05T18:10:00,1,12,5,18,10,0.02583333,21.33333333,22.23750000,0.02616161
2001-12-05T18:20:00,1,12,5,18,20,0.02066667,21.06666667,21.79000000,0.02097183
2001-12-05T18:30:00,1,12,5,18,30,0.01550000,20.80000000,21.34250000,0.01576078
2001-12-05T18:40:00,1,12,5,18,40,0.01033333,20.53333333,20.89500000,0.01052846
2001-12-05T18:50:00,1,12,5,18,50,0.00516667,20.26666667,20.44750000,0.00527486
2001-12-05T19:00:00,1,12,5,19,0,0.00000000,20.00000000,20.00000000,0.00000000
2001-12-05T19:10:00,1,12,5,19,10,0.00000000,20.00000000,20.00000000,0.00000000
2001-12-05T19:20:00,1,12,5,19,20,0.00000000,20.00000000,20.00000000,0.00000000
2001-12-05T19:30:00,1,12,5,19,30,0.00000000,20.00000000,20.00000000,0.00000000
2001-12-05T19:40:00,1,12,5,19,40,0.00000000,20.00000000,20.00000000,0.00000000
2001-12-05T19:50:00,1,12,5,19,50,0.00000000,20.00000000,20.00000000,0.00000000
2001-12-05T20:00:00,1,12,5,20,0,0.00000000,20.00000000,20.00000000,0.00000000
2001-12-05T20:10:00,1,12,5,20,10,0.00000000,19.85000000,19.85000000,0.00000000
2001-12-05T20:20:00,1,12,5,20,20,0.00000000,19.70000000,19.70000000,0.00000000
2001-12-05T20:30:00,1,12,5,20,30,0.00000000,19.55000000,19.55000000,0.00000000
2001-12-05T20:40:00,1,12,5,20,40,0.00000000,19.40000000,19.40000000,0.00000000
2001-12-05T20:50:00,1,12,5,20,50,0.00000000,19.25000000,19.25000000,0.00000000
2001-12-05T21:00:00,1,12,5,21,0,0.00000000,19.10000000,19.10000000,0.00000000
2001-12-05T21:10:00,1,12,5,21,10,0.00000000,19.11666667,19.11666667,0.00000000
2001-12-05T21:20:00,1,12,5,21,20,0.00000000,19.13333333,19.13333333,0.00000000
2001-12-05T21:30:00,1,12,5,21,30,0.00000000,19.15000000,19.15000000,0.00000000
2001-12-05T21:40:00,1,12,5,21,40,0.00000000,19.16666667,19.16666667,0.00000000
2001-12-05T21:50:00,1,12,5,21,50,0.00000000,19.18333333,19.18333333,0.00000000
2001-12-05T22:00:00,1,12,5,22,0,0.00000000,19.20000000,19.20000000,0.00000000
2001-12-05T22:10:00,1,12,5,22,10,0.00000000,19.01666667,19.01666667,0.00000000
2001-12-05T22:20:00,1,12,5,22,20,0.00000000,18.83333333,18.83333333,0.00000000
2001-12-05T22:30:00,1,12,5,22,30,0.00000000,18.65000000,18.65000000,0.00000000
2001-12-05T22:40:00,1,12,5,22,40,0.00000000,18.46666667,18.46666667,0.00000000
2001-12-05T22:50:00,1,12,5,22,50,0.00000000,18.28333333,18.28333333,0.00000000
2001-12-05T23:00:00,1,12,5,23,0,0.00000000,18.10000000,18.10000000,0.00000000
2001-12-05T23:10:00,1,12,5,23,10,0.00000000,18.08333333,18.08333333,0.00000000
2001-12-05T23:20:00,1,12,5,23,20,0.00000000,18.06666667,18.06666667,0.00000000
2001-12-05T23:30:00,1,12,5,23,30,0.00000000,18.05000000,18.05000000,0.00000000
2001-12-05T23:40:00,1,12,5,23,40,0.00000000,18.03333333,18.03333333,0.00000000
2001-12-05T23:50:00,1,12,5,23,50,0.00000000,18.01666667,18.01666667,0.00000000
2001-12-06T00:00:00,1,12,6,0,0,0.00000000,18.00000000,18.00000000,0.00000000
2001-12-06T00:10:00,1,12,6,0,10,0.00000000,17.91666667,17.91666667,0.00000000
2001-12-06T00:20:00,1,12,6,0,20,0.00000000,17.83333333,17.83333333,0.00000000
2001-12-06T00:30:00,1,12,6,0,30,0.00000000,17.75000000,17.75000000,0.00000000
2001-12-06T00:40:00,1,12,6,0,40,0.00000000,17.66666667,17.66666667,0.00000000
2001-12-06T00:50:00,1,12,6,0,50,0.00000000,17.58333333,17.58333333,0.00000000
2001-12-06T01:00:00,1,12,6,1,0,0.00000000,17.50000000,17.50000000,0.00000000
2001-12-06T01:10:00,1,12,6,1,10,0.00000000,17.60000000,17.60000000,0.00000000
2001-12-06T01:20:00,1,12,6,1,20,0.00000000,17.70000000,17.70000000,0.00000000
2001-12-06T01:30:00,1,12,6,1,30,0.00000000,17.80000000,17.80000000,0.00000000
2001-12-06T01:40:00,1,12,6,1,40,0.00000000,17.90000000,17.90000000,0.00000000
2001-12-06T01:50:00,1,12,6,1,50,0.00000000,18.00000000,18.00000000,0.00000000
2001-12-06T02:00:00,1,12,6,2,0,0.00000000,18.10000000,18.10000000,0.00000000
2001-12-06T02:10:00,1,12,6,2,10,0.00000000,17.95000000,17.95000000,0.00000000
2001-12-06T02:20:00,1,12,6,2,20,0.00000000,17.80000000,17.80000000,0.00000000
2001-12-06T02:30:00,1,12,6,2,30,0.00000000,17.65000000,17.65000000,0.00000000
2001-12-06T02:40:00,1,12,6,2,40,0.00000000,17.50000000,17.50000000,0.00000000
2001-12-06T02:50:00,1,12,6,2,50,0.00000000,17.35000000,17.35000000,0.00000000
2001-12-06T03:00:00,1,12,6,3,0,0.00000000,17.20000000,17.20000000,0.00000000
2001-12-06T03:10:00,1,12,6,3,10,0.00000000,17.15000000,17.15000000,0.00000000
2001-12-06T03:20:00,1,12,6,3,20,0.00000000,17.10000000,17.10000000,0.00000000
2001-12-06T03:30:00,1,12,6,3,30,0.00000000,17.05000000,17.05000000,0.00000000
2001-12-06T03:40:00,1,12,6,3,40,0.00000000,17.00000000,17.00000000,0.00000000
2001-12-06T03:50:00,1,12,6,3,50,0.00000000,16.95000000,16.95000000,0.00000000
2001-12-06T04:00:00,1,12,6,4,0,0.00000000,16.90000000,16.90000000,0.00000000
2001-12-06T04:10:00,1,12,6,4,10,0.00383333,16.90000000,17.03416667,0.00397380
2001-12-06T04:20:00,1,12,6,4,20,0.00766667,16.90000000,17.16833333,0.00794286
2001-12-06T04:30:00,1,12,6,4,30,0.01150000,16.90000000,17.30250000,0.01190720
2001-12-06T04:40:00,1,12,6,4,40,0.01533333,16.90000000,17.43666667,0.01586680
2001-12-06T04:50:00,1,12,6,4,50,0.01916667,16.90000000,17.57083333,0.01982167
2001-12-06T05:00:00,1,12,6,5,0,0.02300000,16.90000000,17.70500000,0.02377181
2001-12-06T05:10:00,1,12,6,5,10,0.04900000,17.05000000,18.76500000,0.05040537
2001-12-06T05:20:00,1,12,6,5,20,0.07500000,17.20000000,19.82500000,0.07678538
2001-12-06T05:30:00,1,12,6,5,30,0.10100000,17.35000000,20.88500000,0.10291183
2001-12-06T05:40:00,1,12,6,5,40,0.12700000,17.50000000,21.94500000,0.12878473
2001-12-06T05:50:00,1,12,6,5,50,0.15300000,17.65000000,23.00500000,0.15440408
2001-12-06T06:00:00,1,12,6,6,0,0.17900000,17.80000000,24.06500000,0.17976988
2001-12-06T06:10:00,1,12,6,6,10,0.21333333,18.11666667,25.58333333,0.21276089
2001-12-06T06:20:00,1,12,6,6,20,0.24766667,18.43333333,27.10166667,0.24527231
2001-12-06T06:30:00,1,12,6,6,30,0.28200000,18.75000000,28.62000000,0.27730414
2001-12-06T06:40:00,1,12,6,6,40,0.31633333,19.06666667,30.13833333,0.30885637
2001-12-06T06:50:00,1,12,6,6,50,0.35066667,19.38333333,31.65666667,0.33992902
2001-12-06T07:00:00,1,12,6,7,0,0.38500000,19.70000000,33.17500000,0.37052208
2001-12-06T07:10:00,1,12,6,7,10,0.40033333,19.98333333,33.99500000,0.38376874
2001-12-06T07:20:00,1,12,6,7,20,0.41566667,20.26666667,34.81500000,0.39689973
2001-12-06T07:30:00,1,12,6,7,30,0.43100000,20.55000000,35.63500000,0.40991505
2001-12-06T07:40:00,1,12,6,7,40,0.44633333,20.83333333,36.45500000,0.42281469
2001-12-06T07:50:00,1,12,6,7,50,0.46166667,21.11666667,37.27500000,0.43559866
2001-12-06T08:00:00,1,12,6,8,0,0.47700000,21.40000000,38.09500000,0.44826695
2001-12-06T08:10:00,1,12,6,8,10,0.49166667,21.60000000,38.80833333,0.46043682
2001-12-06T08:20:00,1,12,6,8,20,0.50633333,21.80000000,39.52166667,0.47251044
2001-12-06T08:30:00,1,12,6,8,30,0.52100000,22.00000000,40.23500000,0.48448780
2001-12-06T08:40:00,1,12,6,8,40,0.53566667,22.20000000,40.94833333,0.49636891
2001-12-06T08:50:00,1,12,6,8,50,0.55033333,22.40000000,41.66166667,0.50815377
2001-12-06T09:00:00,1,12,6,9,0,0.56500000,22.60000000,42.37500000,0.51984237
2001-12-06T09:10:00,1,12,6,9,10,0.53783333,22.65000000,41.47416667,0.49707570
2001-12-06T09:20:00,1,12,6,9,20,0.51066667,22.70000000,40.57333333,0.47408387
2001-12-06T09:30:00,1,12,6,9,30,0.48350000,22.75000000,39.67250000,0.45086689
2001-12-06T09:40:00,1,12,6,9,40,0.45633333,22.80000000,38.77166667,0.42742477
2001-12-06T09:50:00,1,12,6,9,50,0.42916667,22.85000000,37.87083333,0.40375750
2001-12-06T10:00:00,1,12,6,10,0,0.40200000,22.90000000,36.97000000,0.37986508
2001-12-06T10:10:00,1,12,6,10,10,0.48750000,22.76666667,39.82916667,0.45424559
2001-12-06T10:20:00,1,12,6,10,20,0.57300000,22.63333333,42.68833333,0.52637709
2001-12-06T10:30:00,1,12,6,10,30,0.65850000,22.50000000,45.54750000,0.59625957
2001-12-06T10:40:00,1,12,6,10,40,0.74400000,22.36666667,48.40666667,0.66389302
2001-12-06T10:50:00,1,12,6,10,50,0.82950000,22.23333333,51.26583333,0.72927746
2001-12-06T11:00:00,1,12,6,11,0,0.91500000,22.10000000,54.12500000,0.79241288
2001-12-06T11:10:00,1,12,6,11,10,0.88916667,22.58333333,53.70416667,0.77176184
2001-12-06T11:20:00,1,12,6,11,20,0.86333333,23.06666667,53.28333333,0.75101079
2001-12-06T11:30:00,1,12,6,11,30,0.83750000,23.55000000,52.86250000,0.73015972
2001-12-06T11:40:00,1,12,6,11,40,0.81166667,24.03333333,52.44166667,0.70920863
2001-12-06T11:50:00,1,12,6,11,50,0.78583333,24.51666667,52.02083333,0.68815752
2001-12-06T12:00:00,1,12,6,12,0,0.76000000,25.00000000,51.60000000,0.66700640
2001-12-06T12:10:00,1,12,6,12,10,0.75116667,25.00000000,51.29083333,0.66032220
2001-12-06T12:20:00,1,12,6,12,20,0.74233333,25.00000000,50.98166667,0.65361287
2001-12-06T12:30:00,1,12,6,12,30,0.73350000,25.00000000,50.67250000,0.64687842
2001-12-06T12:40:00,1,12,6,12,40,0.72466667,25.00000000,50.36333333,0.64011884
2001-12-06T12:50:00,1,12,6,12,50,0.71583333,25.00000000,50.05416667,0.63333414
2001-12-06T13:00:00,1,12,6,13,0,0.70700000,25.00000000,49.74500000,0.62652431
2001-12-06T13:10:00,1,12,6,13,10,0.68033333,24.98333333,48.79500000,0.60586609
2001-12-06T13:20:00,1,12,6,13,20,0.65366667,24.96666667,47.84500000,0.58497480
2001-12-06T13:30:00,1,12,6,13,30,0.62700000,24.95000000,46.89500000,0.56385044
2001-12-06T13:40:00,1,12,6,13,40,0.60033333,24.93333333,45.94500000,0.54249302
2001-12-06T13:50:00,1,12,6,13,50,0.57366667,24.91666667,44.99500000,0.52090253
2001-12-06T14:00:00,1,12,6,14,0,0.54700000,24.90000000,44.04500000,0.49907897
2001-12-06T14:10:00,1,12,6,14,10,0.55500000,24.75000000,44.17500000,0.50604623
2001-12-06T14:20:00,1,12,6,14,20,0.56300000,24.60000000,44.30500000,0.51300391
2001-12-06T14:30:00,1,12,6,14,30,0.57100000,24.45000000,44.43500000,0.51995203
2001-12-06T14:40:00,1,12,6,14,40,0.57900000,24.30000000,44.56500000,0.52689058
2001-12-06T14:50:00,1,12,6,14,50,0.58700000,24.15000000,44.69500000,0.53381956
2001-12-06T15:00:00,1,12,6,15,0,0.59500000,24.00000000,44.82500000,0.54073898
2001-12-06T15:10:00,1,12,6,15,10,0.53533333,24.03333333,42.77000000,0.49157412
2001-12-06T15:20:00,1,12,6,15,20,0.47566667,24.06666667,40.71500000,0.44128120
2001-12-06T15:30:00,1,12,6,15,30,0.41600000,24.10000000,38.66000000,0.38986022
2001-12-06T15:40:00,1,12,6,15,40,0.35633333,24.13333333,36.60500000,0.33731119
2001-12-06T15:50:00,1,12,6,15,50,0.29666667,24.16666667,34.55000000,0.28363410
2001-12-06T16:00:00,1,12,6,16,0,0.23700000,24.20000000,32.49500000,0.22882895
2001-12-06T16:10:00,1,12,6,16,10,0.21100000,23.88333333,31.26833333,0.20491596
2001-12-06T16:20:00,1,12,6,16,20,0.18500000,23.56666667,30.04166667,0.18070954
2001-12-06T16:30:00,1,12,6,16,30,0.15900000,23.25000000,28.81500000,0.15620971
2001-12-06T16:40:00,1,12,6,16,40,0.13300000,22.93333333,27.58833333,0.13141646
2001-12-06T16:50:00,1,12,6,16,50,0.10700000,22.61666667,26.36166667,0.10632979
2001-12-06T17:00:00,1,12,6,17,0,0.08100000,22.30000000,25.13500000,0.08094970
2001-12-06T17:10:00,1,12,6,17,10,0.07183333,22.16666667,24.68083333,0.07193880
2001-12-06T17:20:00,1,12,6,17,20,0.06266667,22.03333333,24.22666667,0.06288959
2001-12-06T17:30:00,1,12,6,17,30,0.05350000,21.90000000,23.77250000,0.05380209
2001-12-06T17:40:00,1,12,6,17,40,0.04433333,21.76666667,23.31833333,0.04467628
2001-12-06T17:50:00,1,12,6,17,50,0.03516667,21.63333333,22.86416667,0.03551217
2001-12-06T18:00:00,1,12,6,18,0,0.02600000,21.50000000,22.41000000,0.02630976
2001-12-06T18:10:00,1,12,6,18,10,0.02166667,21.38333333,22.14166667,0.02195155
2001-12-06T18:20:00,1,12,6,18,20,0.01733333,21.26666667,21.87333333,0.01758263
2001-12-06T18:30:00,1,12,6,18,30,0.01300000,21.15000000,21.60500000,0.01320302
2001-12-06T18:40:00,1,12,6,18,40,0.00866667,21.03333333,21.33666667,0.00881271
2001-12-06T18:50:00,1,12,6,18,50,0.00433333,20.91666667,21.06833333,0.00441170
2001-12-06T19:00:00,1,12,6,19,0,0.00000000,20.80000000,20.80000000,0.00000000
2001-12-06T19:10:00,1,12,6,19,10,0.00000000,20.68333333,20.68333333,0.00000000
2001-12-06T19:20:00,1,12,6,19,20,0.00000000,20.56666667,20.56666667,0.00000000
2001-12-06T19:30:00,1,12,6,19,30,0.00000000,20.45000000,20.45000000,0.00000000
2001-12-06T19:40:00,1,12,6,19,40,0.00000000,20.33333333,20.33333333,0.00000000
2001-12-06T19:50:00,1,12,6,19,50,0.00000000,20.21666667,20.21666667,0.00000000
2001-12-06T20:00:00,1,12,6,20,0,0.00000000,20.10000000,20.10000000,0.00000000
2001-12-06T20:10:00,1,12,6,20,10,0.00000000,20.03333333,20.03333333,0.00000000
2001-12-06T20:20:00,1,12,6,20,20,0.00000000,19.96666667,19.96666667,0.00000000
2001-12-06T20:30:00,1,12,6,20,30,0.00000000,19.90000000,19.90000000,0.00000000
2001-12-06T20:40:00,1,12,6,20,40,0.00000000,19.83333333,19.83333333,0.00000000
2001-12-06T20:50:00,1,12,6,20,50,0.00000000,19.76666667,19.76666667,0.00000000
2001-12-06T21:00:00,1,12,6,21,0,0.00000000,19.70000000,19.70000000,0.00000000
2001-12-06T21:10:00,1,12,6,21,10,0.00000000,19.76666667,19.76666667,0.00000000
2001-12-06T21:20:00,1,12,6,21,20,0.00000000,19.83333333,19.83333333,0.00000000
2001-12-06T21:30:00,1,12,6,21,30,0.00000000,19.90000000,19.90000000,0.00000000
2001-12-06T21:40:00,1,12,6,21,40,0.00000000,19.96666667,19.96666667,0.00000000
2001-12-06T21:50:00,1,12,6,21,50,0.00000000,20.03333333,20.03333333,0.00000000
2001-12-06T22:00:00,1,12,6,22,0,0.00000000,20.10000000,20.10000000,0.00000000
2001-12-06T22:10:00,1,12,6,22,10,0.00000000,20.01666667,20.01666667,0.00000000
2001-12-06T22:20:00,1,12,6,22,20,0.00000000,19.93333333,19.93333333,0.00000000
2001-12-06T22:30:00,1,12,6,22,30,0.00000000,19.85000000,19.85000000,0.00000000
2001-12-06T22:40:00,1,12,6,22,40,0.00000000,19.76666667,19.76666667,0.00000000
2001-12-06T22:50:00,1,12,6,22,50,0.00000000,19.68333333,19.68333333,0.00000000
2001-12-06T23:00:00,1,12,6,23,0,0.00000000,19.60000000,19.60000000,0.00000000
2001-12-06T23:10:00,1,12,6,23,10,0.00000000,19.48333333,19.48333333,0.00000000
2001-12-06T23:20:00,1,12,6,23,20,0.00000000,19.36666667,19.36666667,0.00000000
2001-12-06T23:30:00,1,12,6,23,30,0.00000000,19.25000000,19.25000000,0.00000000
2001-12-06T23:40:00,1,12,6,23,40,0.00000000,19.13333333,19.13333333,0.00000000
2001-12-06T23:50:00,1,12,6,23,50,0.00000000,19.01666667,19.01666667,0.00000000
2001-12-07T00:00:00,1,12,7,0,0,0.00000000,18.90000000,18.90000000,0.00000000
2001-12-07T00:10:00,1,12,7,0,10,0.00000000,18.78333333,18.78333333,0.00000000
2001-12-07T00:20:00,1,12,7,0,20,0.00000000,18.66666667,18.66666667,0.00000000
2001-12-07T00:30:00,1,12,7,0,30,0.00000000,18.55000000,18.55000000,0.00000000
2001-12-07T00:40:00,1,12,7,0,40,0.00000000,18.43333333,18.43333333,0.00000000
2001-12-07T00:50:00,1,12,7,0,50,0.00000000,18.31666667,18.31666667,0.00000000
2001-12-07T01:00:00,1,12,7,1,0,0.00000000,18.20000000,18.20000000,0.00000000
2001-12-07T01:10:00,1,12,7,1,10,0.00000000,18.25000000,18.25000000,0.00000000
2001-12-07T01:20:00,1,12,7,1,20,0.00000000,18.30000000,18.30000000,0.00000000
2001-12-07T01:30:00,1,12,7,1,30,0.00000000,18.35000000,18.35000000,0.00000000
2001-12-07T01:40:00,1,12,7,1,40,0.00000000,18.40000000,18.40000000,0.00000000
2001-12-07T01:50:00,1,12,7,1,50,0.00000000,18.45000000,18.45000000,0.00000000
2001-12-07T02:00:00,1,12,7,2,0,0.00000000,18.50000000,18.50000000,0.00000000
2001-12-07T02:10:00,1,12,7,2,10,0.00000000,18.36666667,18.36666667,0.00000000
2001-12-07T02:20:00,1,12,7,2,20,0.00000000,18.23333333,18.23333333,0.00000000
2001-12-07T02:30:00,1,12,7,2,30,0.00000000,18.10000000,18.10000000,0.00000000
2001-12-07T02:40:00,1,12,7,2,40,0.00000000,17.96666667,17.96666667,0.00000000
2001-12-07T02:50:00,1,12,7,2,50,0.00000000,17.83333333,17.83333333,0.00000000
2001-12-07T03:00:00,1,12,7,3,0,0.00000000,17.70000000,17.70000000,0.00000000
2001-12-07T03:10:00,1,12,7,3,10,0.00000000,17.61666667,17.61666667,0.00000000
2001-12-07T03:20:00,1,12,7,3,20,0.00000000,17.53333333,17.53333333,0.00000000
2001-12-07T03:30:00,1,12,7,3,30,0.00000000,17.45000000,17.45000000,0.00000000
2001-12-07T03:40:00,1,12,7,3,40,0.00000000,17.36666667,17.36666667,0.00000000
2001-12-07T03:50:00,1,12,7,3,50,0.00000000,17.28333333,17.28333333,0.00000000
2001-12-07T04:00:00,1,12,7,4,0,0.00000000,17.20000000,17.20000000,0.00000000
2001-12-07T04:10:00,1,12,7,4,10,0.00483333,17.20000000,17.36916667,0.00500299
2001-12-07T04:20:00,1,12,7,4,20,0.00966667,17.20000000,17.53833333,0.00999846
2001-12-07T04:30:00,1,12,7,4,30,0.01450000,17.20000000,17.70750000,0.01498641
2001-12-07T04:40:00,1,12,7,4,40,0.01933333,17.20000000,17.87666667,0.01996684
2001-12-07T04:50:00,1,12,7,4,50,0.02416667,17.20000000,18.04583333,0.02493974
2001-12-07T05:00:00,1,12,7,5,0,0.02900000,17.20000000,18.21500000,0.02990512
2001-12-07T05:10:00,1,12,7,5,10,0.05316667,17.41666667,19.27750000,0.05456620
2001-12-07T05:20:00,1,12,7,5,20,0.07733333,17.63333333,20.34000000,0.07899105
2001-12-07T05:30:00,1,12,7,5,30,0.10150000,17.85000000,21.40250000,0.10317967
2001-12-07T05:40:00,1,12,7,5,40,0.12566667,18.06666667,22.46500000,0.12713207
2001-12-07T05:50:00,1,12,7,5,50,0.14983333,18.28333333,23.52750000,0.15084823
2001-12-07T06:00:00,1,12,7,6,0,0.17400000,18.50000000,24.59000000,0.17432816
2001-12-07T06:10:00,1,12,7,6,10,0.19400000,18.80000000,25.59000000,0.19347348
2001-12-07T06:20:00,1,12,7,6,20,0.21400000,19.10000000,26.59000000,0.21243480
2001-12-07T06:30:00,1,12,7,6,30,0.23400000,19.40000000,27.59000000,0.23121212
2001-12-07T06:40:00,1,12,7,6,40,0.25400000,19.70000000,28.59000000,0.24980544
2001-12-07T06:50:00,1,12,7,6,50,0.27400000,20.00000000,29.59000000,0.26821476
2001-12-07T07:00:00,1,12,7,7,0,0.29400000,20.30000000,30.59000000,0.28644008
2001-12-07T07:10:00,1,12,7,7,10,0.35666667,20.48333333,32.96666667,0.34359602
2001-12-07T07:20:00,1,12,7,7,20,0.41933333,20.66666667,35.34333333,0.39938173
2001-12-07T07:30:00,1,12,7,7,30,0.48200000,20.85000000,37.72000000,0.45379722
2001-12-07T07:40:00,1,12,7,7,40,0.54466667,21.03333333,40.09666667,0.50684247
2001-12-07T07:50:00,1,12,7,7,50,0.60733333,21.21666667,42.47333333,0.55851750
2001-12-07T08:00:00,1,12,7,8,0,0.67000000,21.40000000,44.85000000,0.60882230
2001-12-07T08:10:00,1,12,7,8,10,0.67933333,21.88333333,45.66000000,0.61477221
2001-12-07T08:20:00,1,12,7,8,20,0.68866667,22.36666667,46.47000000,0.62065257
2001-12-07T08:30:00,1,12,7,8,30,0.69800000,22.85000000,47.28000000,0.62646338
2001-12-07T08:40:00,1,12,7,8,40,0.70733333,23.33333333,48.09000000,0.63220463
2001-12-07T08:50:00,1,12,7,8,50,0.71666667,23.81666667,48.90000000,0.63787633
2001-12-07T09:00:00,1,12,7,9,0,0.72600000,24.30000000,49.71000000,0.64347848
2001-12-07T09:10:00,1,12,7,9,10,0.74133333,24.38333333,50.33000000,0.65495466
2001-12-07T09:20:00,1,12,7,9,20,0.75666667,24.46666667,50.95000000,0.66634337
2001-12-07T09:30:00,1,12,7,9,30,0.77200000,24.55000000,51.57000000,0.67764462
2001-12-07T09:40:00,1,12,7,9,40,0.78733333,24.63333333,52.19000000,0.68885840
2001-12-07T09:50:00,1,12,7,9,50,0.80266667,24.71666667,52.81000000,0.69998473
2001-12-07T10:00:00,1,12,7,10,0,0.81800000,24.80000000,53.43000000,0.71102360
2001-12-07T10:10:00,1,12,7,10,10,0.81516667,24.91666667,53.44750000,0.70849518
2001-12-07T10:20:00,1,12,7,10,20,0.81233333,25.03333333,53.46500000,0.70596722
2001-12-07T10:30:00,1,12,7,10,30,0.80950000,25.15000000,53.48250000,0.70343971
2001-12-07T10:40:00,1,12,7,10,40,0.80666667,25.26666667,53.50000000,0.70091267
2001-12-07T10:50:00,1,12,7,10,50,0.80383333,25.38333333,53.51750000,0.69838607
2001-12-07T11:00:00,1,12,7,11,0,0.80100000,25.50000000,53.53500000,0.69585994
2001-12-07T11:10:00,1,12,7,11,10,0.81000000,25.51666667,53.86666667,0.70244280
2001-12-07T11:20:00,1,12,7,11,20,0.81900000,25.53333333,54.19833333,0.70899820
2001-12-07T11:30:00,1,12,7,11,30,0.82800000,25.55000000,54.53000000,0.71552614
2001-12-07T11:40:00,1,12,7,11,40,0.83700000,25.56666667,54.86166667,0.72202661
2001-12-07T11:50:00,1,12,7,11,50,0.84600000,25.58333333,55.19333333,0.72849962
2001-12-07T12:00:00,1,12,7,12,0,0.85500000,25.60000000,55.52500000,0.73494518
2001-12-07T12:10:00,1,12,7,12,10,0.87333333,25.71666667,56.28333333,0.74765776
2001-12-07T12:20:00,1,12,7,12,20,0.89166667,25.83333333,57.04166667,0.76024243
2001-12-07T12:30:00,1,12,7,12,30,0.91000000,25.95000000,57.80000000,0.77269920
2001-12-07T12:40:00,1,12,7,12,40,0.92833333,26.06666667,58.55833333,0.78502806
2001-12-07T12:50:00,1,12,7,12,50,0.94666667,26.18333333,59.31666667,0.79722902
2001-12-07T13:00:00,1,12,7,13,0,0.96500000,26.30000000,60.07500000,0.80930207
2001-12-07T13:10:00,1,12,7,13,10,0.89200000,26.45000000,57.67000000,0.75794846
2001-12-07T13:20:00,1,12,7,13,20,0.81900000,26.60000000,55.26500000,0.70497964
2001-12-07T13:30:00,1,12,7,13,30,0.74600000,26.75000000,52.86000000,0.65039562
2001-12-07T13:40:00,1,12,7,13,40,0.67300000,26.90000000,50.45500000,0.59419641
2001-12-07T13:50:00,1,12,7,13,50,0.60000000,27.05000000,48.05000000,0.53638200
2001-12-07T14:00:00,1,12,7,14,0,0.52700000,27.20000000,45.64500000,0.47695239
2001-12-07T14:10:00,1,12,7,14,10,0.54766667,26.63333333,45.80166667,0.49526172
2001-12-07T14:20:00,1,12,7,14,20,0.56833333,26.06666667,45.95833333,0.51354126
2001-12-07T14:30:00,1,12,7,14,30,0.58900000,25.50000000,46.11500000,0.53179102
2001-12-07T14:40:00,1,12,7,14,40,0.60966667,24.93333333,46.27166667,0.55001099
2001-12-07T14:50:00,1,12,7,14,50,0.63033333,24.36666667,46.42833333,0.56820117
2001-12-07T15:00:00,1,12,7,15,0,0.65100000,23.80000000,46.58500000,0.58636156
2001-12-07T15:10:00,1,12,7,15,10,0.61383333,23.90000000,45.38416667,0.55627592
2001-12-07T15:20:00,1,12,7,15,20,0.57666667,24.00000000,44.18333333,0.52577968
2001-12-07T15:30:00,1,12,7,15,30,0.53950000,24.10000000,42.98250000,0.49487283
2001-12-07T15:40:00,1,12,7,15,40,0.50233333,24.20000000,41.78166667,0.46355538
2001-12-07T15:50:00,1,12,7,15,50,0.46516667,24.30000000,40.58083333,0.43182732
2001-12-07T16:00:00,1,12,7,16,0,0.42800000,24.40000000,39.38000000,0.39968866
2001-12-07T16:10:00,1,12,7,16,10,0.37650000,24.15000000,37.32750000,0.35515000
2001-12-07T16:20:00,1,12,7,16,20,0.32500000,23.90000000,35.27500000,0.30963888
2001-12-07T16:30:00,1,12,7,16,30,0.27350000,23.65000000,33.22250000,0.26315527
2001-12-07T16:40:00,1,12,7,16,40,0.22200000,23.40000000,31.17000000,0.21569920
2001-12-07T16:50:00,1,12,7,16,50,0.17050000,23.15000000,29.11750000,0.16727064
2001-12-07T17:00:00,1,12,7,17,0,0.11900000,22.90000000,27.06500000,0.11786962
2001-12-07T17:10:00,1,12,7,17,10,0.10483333,22.43333333,26.10250000,0.10430167
2001-12-07T17:20:00,1,12,7,17,20,0.09066667,21.96666667,25.14000000,0.09060828
2001-12-07T17:30:00,1,12,7,17,30,0.07650000,21.50000000,24.17750000,0.07678944
2001-12-07T17:40:00,1,12,7,17,40,0.06233333,21.03333333,23.21500000,0.06284515
2001-12-07T17:50:00,1,12,7,17,50,0.04816667,20.56666667,22.25250000,0.04877542
2001-12-07T18:00:00,1,12,7,18,0,0.03400000,20.10000000,21.29000000,0.03458024
2001-12-07T18:10:00,1,12,7,18,10,0.02833333,19.96666667,20.95833333,0.02886010
2001-12-07T18:20:00,1,12,7,18,20,0.02266667,19.83333333,20.62666667,0.02312266
2001-12-07T18:30:00,1,12,7,18,30,0.01700000,19.70000000,20.29500000,0.01736793
2001-12-07T18:40:00,1,12,7,18,40,0.01133333,19.56666667,19.96333333,0.01159591
2001-12-07T18:50:00,1,12,7,18,50,0.00566667,19.43333333,19.63166667,0.00580660
2001-12-07T19:00:00,1,12,7,19,0,0.00000000,19.30000000,19.30000000,0.00000000
2001-12-07T19:10:00,1,12,7,19,10,0.00000000,19.15000000,19.15000000,0.00000000
2001-12-07T19:20:00,1,12,7,19,20,0.00000000,19.00000000,19.00000000,0.00000000
2001-12-07T19:30:00,1,12,7,19,30,0.00000000,18.85000000,18.85000000,0.00000000
2001-12-07T19:40:00,1,12,7,19,40,0.00000000,18.70000000,18.70000000,0.00000000
2001-12-07T19:50:00,1,12,7,19,50,0.00000000,18.55000000,18.55000000,0.00000000
2001-12-07T20:00:00,1,12,7,20,0,0.00000000,18.40000000,18.40000000,0.00000000
2001-12-07T20:10:00,1,12,7,20,10,0.00000000,18.46666667,18.46666667,0.00000000
2001-12-07T20:20:00,1,12,7,20,20,0.00000000,18.53333333,18.53333333,0.00000000
2001-12-07T20:30:00,1,12,7,20,30,0.00000000,18.60000000,18.60000000,0.00000000
2001-12-07T20:40:00,1,12,7,20,40,0.00000000,18.66666667,18.66666667,0.00000000
2001-12-07T20:50:00,1,12,7,20,50,0.00000000,18.73333333,18.73333333,0.00000000
2001-12-07T21:00:00,1,12,7,21,0,0.00000000,18.80000000,18.80000000,0.00000000
2001-12-07T21:10:00,1,12,7,21,10,0.00000000,18.61666667,18.61666667,0.00000000
2001-12-07T21:20:00,1,12,7,21,20,0.00000000,18.43333333,18.43333333,0.00000000
2001-12-07T21:30:00,1,12,7,21,30,0.00000000,18.25000000,18.25000000,0.00000000
2001-12-07T21:40:00,1,12,7,21,40,0.00000000,18.06666667,18.06666667,0.00000000
2001-12-07T21:50:00,1,12,7,21,50,0.00000000,17.88333333,17.88333333,0.00000000
2001-12-07T22:00:00,1,12,7,22,0,0.00000000,17.70000000,17.70000000,0.00000000
2001-12-07T22:10:00,1,12,7,22,10,0.00000000,17.63333333,17.63333333,0.00000000
2001-12-07T22:20:00,1,12,7,22,20,0.00000000,17.56666667,17.56666667,0.00000000
2001-12-07T22:30:00,1,12,7,22,30,0.00000000,17.50000000,17.50000000,0.00000000
2001-12-07T22:40:00,1,12,7,22,40,0.00000000,17.43333333,17.43333333,0.00000000
2001-12-07T22:50:00,1,12,7,22,50,0.00000000,17.36666667,17.36666667,0.00000000
2001-12-07T23:00:00,1,12,7,23,0,0.00000000,17.30000000,17.30000000,0.00000000
2001-12-07T23:10:00,1,12,7,23,10,0.00000000,17.20000000,17.20000000,0.00000000
2001-12-07T23:20:00,1,12,7,23,20,0.00000000,17.10000000,17.10000000,0.00000000
2001-12-07T23:30:00,1,12,7,23,30,0.00000000,17.00000000,17.00000000,0.00000000
2001-12-07T23:40:00,1,12,7,23,40,0.00000000,16.90000000,16.90000000,0.00000000
2001-12-07T23:50:00,1,12,7,23,50,0.00000000,16.80000000,16.80000000,0.00000000
2001-12-08T00:00:00,1,12,8,0,0,0.00000000,16.70000000,16.70000000,0.00000000
2001-12-08T00:10:00,1,12,8,0,10,0.00000000,16.68333333,16.68333333,0.00000000
2001-12-08T00:20:00,1,12,8,0,20,0.00000000,16.66666667,16.66666667,0.00000000
2001-12-08T00:30:00,1,12,8,0,30,0.00000000,16.65000000,16.65000000,0.00000000
2001-12-08T00:40:00,1,12,8,0,40,0.00000000,16.63333333,16.63333333,0.00000000
2001-12-08T00:50:00,1,12,8,0,50,0.00000000,16.61666667,16.61666667,0.00000000
2001-12-08T01:00:00,1,12,8,1,0,0.00000000,16.60000000,16.60000000,0.00000000
2001-12-08T01:10:00,1,12,8,1,10,0.00000000,16.53333333,16.53333333,0.00000000
2001-12-08T01:20:00,1,12,8,1,20,0.00000000,16.46666667,16.46666667,0.00000000
2001-12-08T01:30:00,1,12,8,1,30,0.00000000,16.40000000,16.40000000,0.00000000
2001-12-08T01:40:00,1,12,8,1,40,0.00000000,16.33333333,16.33333333,0.00000000
2001-12-08T01:50:00,1,12,8,1,50,0.00000000,16.26666667,16.26666667,0.00000000
2001-12-08T02:00:00,1,12,8,2,0,0.00000000,16.20000000,16.20000000,0.00000000
2001-12-08T02:10:00,1,12,8,2,10,0.00000000,16.21666667,16.21666667,0.00000000
2001-12-08T02:20:00,1,12,8,2,20,0.00000000,16.23333333,16.23333333,0.00000000
2001-12-08T02:30:00,1,12,8,2,30,0.00000000,16.25000000,16.25000000,0.00000000
2001-12-08T02:40:00,1,12,8,2,40,0.00000000,16.26666667,16.26666667,0.00000000
2001-12-08T02:50:00,1,12,8,2,50,0.00000000,16.28333333,16.28333333,0.00000000
2001-12-08T03:00:00,1,12,8,3,0,0.00000000,16.30000000,16.30000000,0.00000000
2001-12-08T03:10:00,1,12,8,3,10,0.00000000,16.28333333,16.28333333,0.00000000
2001-12-08T03:20:00,1,12,8,3,20,0.00000000,16.26666667,16.26666667,0.00000000
2001-12-08T03:30:00,1,12,8,3,30,0.00000000,16.25000000,16.25000000,0.00000000
2001-12-08T03:40:00,1,12,8,3,40,0.00000000,16.23333333,16.23333333,0.00000000
2001-12-08T03:50:00,1,12,8,3,50,0.00000000,16.21666667,16.21666667,0.00000000
2001-12-08T04:00:00,1,12,8,4,0,0.00000000,16.20000000,16.20000000,0.00000000
2001-12-08T04:10:00,1,12,8,4,10,0.00550000,16.16666667,16.35916667,0.00571861
2001-12-08T04:20:00,1,12,8,4,20,0.01100000,16.13333333,16.51833333,0.01142917
2001-12-08T04:30:00,1,12,8,4,30,0.01650000,16.10000000,16.67750000,0.01713168
2001-12-08T04:40:00,1,12,8,4,40,0.02200000,16.06666667,16.83666667,0.02282613
2001-12-08T04:50:00,1,12,8,4,50,0.02750000,16.03333333,16.99583333,0.02851253
2001-12-08T05:00:00,1,12,8,5,0,0.03300000,16.00000000,17.15500000,0.03419087
2001-12-08T05:10:00,1,12,8,5,10,0.06183333,16.28333333,18.44750000,0.06369708
2001-12-08T05:20:00,1,12,8,5,20,0.09066667,16.56666667,19.74000000,0.09286044
2001-12-08T05:30:00,1,12,8,5,30,0.11950000,16.85000000,21.03250000,0.12168093
2001-12-08T05:40:00,1,12,8,5,40,0.14833333,17.13333333,22.32500000,0.15015857
2001-12-08T05:50:00,1,12,8,5,50,0.17716667,17.41666667,23.61750000,0.17829336
2001-12-08T06:00:00,1,12,8,6,0,0.20600000,17.70000000,24.91000000,0.20608528
2001-12-08T06:10:00,1,12,8,6,10,0.23400000,17.81666667,26.00666667,0.23291642
2001-12-08T06:20:00,1,12,8,6,20,0.26200000,17.93333333,27.10333333,0.25946506
2001-12-08T06:30:00,1,12,8,6,30,0.29000000,18.05000000,28.20000000,0.28573120
2001-12-08T06:40:00,1,12,8,6,40,0.31800000,18.16666667,29.29666667,0.31171484
2001-12-08T06:50:00,1,12,8,6,50,0.34600000,18.28333333,30.39333333,0.33741597
2001-12-08T07:00:00,1,12,8,7,0,0.37400000,18.40000000,31.49000000,0.36283460
2001-12-08T07:10:00,1,12,8,7,10,0.41133333,18.61666667,33.01333333,0.39617104
2001-12-08T07:20:00,1,12,8,7,20,0.44866667,18.83333333,34.53666667,0.42898426
2001-12-08T07:30:00,1,12,8,7,30,0.48600000,19.05000000,36.06000000,0.46127426
2001-12-08T07:40:00,1,12,8,7,40,0.52333333,19.26666667,37.58333333,0.49304106
2001-12-08T07:50:00,1,12,8,7,50,0.56066667,19.48333333,39.10666667,0.52428463
2001-12-08T08:00:00,1,12,8,8,0,0.59800000,19.70000000,40.63000000,0.55500500
2001-12-08T08:10:00,1,12,8,8,10,0.63966667,20.00000000,42.38833333,0.58850208
2001-12-08T08:20:00,1,12,8,8,20,0.68133333,20.30000000,44.14666667,0.62132513
2001-12-08T08:30:00,1,12,8,8,30,0.72300000,20.60000000,45.90500000,0.65347415
2001-12-08T08:40:00,1,12,8,8,40,0.76466667,20.90000000,47.66333333,0.68494915
2001-12-08T08:50:00,1,12,8,8,50,0.80633333,21.20000000,49.42166667,0.71575012
2001-12-08T09:00:00,1,12,8,9,0,0.84800000,21.50000000,51.18000000,0.74587706
2001-12-08T09:10:00,1,12,8,9,10,0.87650000,21.70000000,52.37750000,0.76611666
2001-12-08T09:20:00,1,12,8,9,20,0.90500000,21.90000000,53.57500000,0.78604228
2001-12-08T09:30:00,1,12,8,9,30,0.93350000,22.10000000,54.77250000,0.80565391
2001-12-08T09:40:00,1,12,8,9,40,0.96200000,22.30000000,55.97000000,0.82495156
2001-12-08T09:50:00,1,12,8,9,50,0.99050000,22.50000000,57.16750000,0.84393522
2001-12-08T10:00:00,1,12,8,10,0,1.01900000,22.70000000,58.36500000,0.86260490
2001-12-08T10:10:00,1,12,8,10,10,0.99866667,22.83333333,57.78666667,0.84804909
2001-12-08T10:20:00,1,12,8,10,20,0.97833333,22.96666667,57.20833333,0.83338510
2001-12-08T10:30:00,1,12,8,10,30,0.95800000,23.10000000,56.63000000,0.81861292
2001-12-08T10:40:00,1,12,8,10,40,0.93766667,23.23333333,56.05166667,0.80373255
2001-12-08T10:50:00,1,12,8,10,50,0.91733333,23.36666667,55.47333333,0.78874399
2001-12-08T11:00:00,1,12,8,11,0,0.89700000,23.50000000,54.89500000,0.77364725
2001-12-08T11:10:00,1,12,8,11,10,0.90100000,23.55000000,55.08500000,0.77630971
2001-12-08T11:20:00,1,12,8,11,20,0.90500000,23.60000000,55.27500000,0.77896518
2001-12-08T11:30:00,1,12,8,11,30,0.90900000,23.65000000,55.46500000,0.78161365
2001-12-08T11:40:00,1,12,8,11,40,0.91300000,23.70000000,55.65500000,0.78425513
2001-12-08T11:50:00,1,12,8,11,50,0.91700000,23.75000000,55.84500000,0.78688962
2001-12-08T12:00:00,1,12,8,12,0,0.92100000,23.80000000,56.03500000,0.78951712
2001-12-08T12:10:00,1,12,8,12,10,0.93566667,23.81666667,56.56500000,0.79980880
2001-12-08T12:20:00,1,12,8,12,20,0.95033333,23.83333333,57.09500000,0.81002897
2001-12-08T12:30:00,1,12,8,12,30,0.96500000,23.85000000,57.62500000,0.82017763
2001-12-08T12:40:00,1,12,8,12,40,0.97966667,23.86666667,58.15500000,0.83025476
2001-12-08T12:50:00,1,12,8,12,50,0.99433333,23.88333333,58.68500000,0.84026039
2001-12-08T13:00:00,1,12,8,13,0,1.00900000,23.90000000,59.21500000,0.85019450
2001-12-08T13:10:00,1,12,8,13,10,0.99100000,24.00000000,58.68500000,0.83744356
2001-12-08T13:20:00,1,12,8,13,20,0.97300000,24.10000000,58.15500000,0.82460485
2001-12-08T13:30:00,1,12,8,13,30,0.95500000,24.20000000,57.62500000,0.81167837
2001-12-08T13:40:00,1,12,8,13,40,0.93700000,24.30000000,57.09500000,0.79866413
2001-12-08T13:50:00,1,12,8,13,50,0.91900000,24.40000000,56.56500000,0.78556212
2001-12-08T14:00:00,1,12,8,14,0,0.90100000,24.50000000,56.03500000,0.77237234
2001-12-08T14:10:00,1,12,8,14,10,0.83866667,24.41666667,53.77000000,0.72767584
2001-12-08T14:20:00,1,12,8,14,20,0.77633333,24.33333333,51.50500000,0.68168044
2001-12-08T14:30:00,1,12,8,14,30,0.71400000,24.25000000,49.24000000,0.63438614
2001-12-08T14:40:00,1,12,8,14,40,0.65166667,24.16666667,46.97500000,0.58579294
2001-12-08T14:50:00,1,12,8,14,50,0.58933333,24.08333333,44.71000000,0.53590084
2001-12-08T15:00:00,1,12,8,15,0,0.52700000,24.00000000,42.44500000,0.48470983
2001-12-08T15:10:00,1,12,8,15,10,0.50733333,23.85000000,41.60666667,0.46857780
2001-12-08T15:20:00,1,12,8,15,20,0.48766667,23.70000000,40.76833333,0.45229409
2001-12-08T15:30:00,1,12,8,15,30,0.46800000,23.55000000,39.93000000,0.43585870
2001-12-08T15:40:00,1,12,8,15,40,0.44833333,23.40000000,39.09166667,0.41927162
2001-12-08T15:50:00,1,12,8,15,50,0.42866667,23.25000000,38.25333333,0.40253286
2001-12-08T16:00:00,1,12,8,16,0,0.40900000,23.10000000,37.41500000,0.38564242
2001-12-08T16:10:00,1,12,8,16,10,0.37650000,23.10000000,36.27750000,0.35696850
2001-12-08T16:20:00,1,12,8,16,20,0.34400000,23.10000000,35.14000000,0.32795446
2001-12-08T16:30:00,1,12,8,16,30,0.31150000,23.10000000,34.00250000,0.29860032
2001-12-08T16:40:00,1,12,8,16,40,0.27900000,23.10000000,32.86500000,0.26890606
2001-12-08T16:50:00,1,12,8,16,50,0.24650000,23.10000000,31.72750000,0.23887169
2001-12-08T17:00:00,1,12,8,17,0,0.21400000,23.10000000,30.59000000,0.20849720
2001-12-08T17:10:00,1,12,8,17,10,0.18483333,22.91666667,29.38583333,0.18110435
2001-12-08T17:20:00,1,12,8,17,20,0.15566667,22.73333333,28.18166667,0.15338838
2001-12-08T17:30:00,1,12,8,17,30,0.12650000,22.55000000,26.97750000,0.12534929
2001-12-08T17:40:00,1,12,8,17,40,0.09733333,22.36666667,25.77333333,0.09698709
2001-12-08T17:50:00,1,12,8,17,50,0.06816667,22.18333333,24.56916667,0.06830176
2001-12-08T18:00:00,1,12,8,18,0,0.03900000,22.00000000,23.36500000,0.03929332
2001-12-08T18:10:00,1,12,8,18,10,0.03250000,21.81666667,22.95416667,0.03280585
2001-12-08T18:20:00,1,12,8,18,20,0.02600000,21.63333333,22.54333333,0.02629382
2001-12-08T18:30:00,1,12,8,18,30,0.01950000,21.45000000,22.13250000,0.01975721
2001-12-08T18:40:00,1,12,8,18,40,0.01300000,21.26666667,21.72166667,0.01319604
2001-12-08T18:50:00,1,12,8,18,50,0.00650000,21.08333333,21.31083333,0.00661031
2001-12-08T19:00:00,1,12,8,19,0,0.00000000,20.90000000,20.90000000,0.00000000
2001-12-08T19:10:00,1,12,8,19,10,0.00000000,20.81666667,20.81666667,0.00000000
2001-12-08T19:20:00,1,12,8,19,20,0.00000000,20.73333333,20.73333333,0.00000000
2001-12-08T19:30:00,1,12,8,19,30,0.00000000,20.65000000,20.65000000,0.00000000
2001-12-08T19:40:00,1,12,8,19,40,0.00000000,20.56666667,20.56666667,0.00000000
2001-12-08T19:50:00,1,12,8,19,50,0.00000000,20.48333333,20.48333333,0.00000000
2001-12-08T20:00:00,1,12,8,20,0,0.00000000,20.40000000,20.40000000,0.00000000
2001-12-08T20:10:00,1,12,8,20,10,0.00000000,20.35000000,20.35000000,0.00000000
2001-12-08T20:20:00,1,12,8,20,20,0.00000000,20.30000000,20.30000000,0.00000000
2001-12-08T20:30:00,1,12,8,20,30,0.00000000,20.25000000,20.25000000,0.00000000
2001-12-08T20:40:00,1,12,8,20,40,0.00000000,20.20000000,20.20000000,0.00000000
2001-12-08T20:50:00,1,12,8,20,50,0.00000000,20.15000000,20.15000000,0.00000000
2001-12-08T21:00:00,1,12,8,21,0,0.00000000,20.10000000,20.10000000,0.00000000
2001-12-08T21:10:00,1,12,8,21,10,0.00000000,20.05000000,20.05000000,0.00000000
2001-12-08T21:20:00,1,12,8,21,20,0.00000000,20.00000000,20.00000000,0.00000000
2001-12-08T21:30:00,1,12,8,21,30,0.00000000,19.95000000,19.95000000,0.00000000
2001-12-08T21:40:00,1,12,8,21,40,0.00000000,19.90000000,19.90000000,0.00000000
2001-12-08T21:50:00,1,12,8,21,50,0.00000000,19.85000000,19.85000000,0.00000000
2001-12-08T22:00:00,1,12,8,22,0,0.00000000,19.80000000,19.80000000,0.00000000
2001-12-08T22:10:00,1,12,8,22,10,0.00000000,19.76666667,19.76666667,0.00000000
2001-12-08T22:20:00,1,12,8,22,20,0.00000000,19.73333333,19.73333333,0.00000000
2001-12-08T22:30:00,1,12,8,22,30,0.00000000,19.70000000,19.70000000,0.00000000
2001-12-08T22:40:00,1,12,8,22,40,0.00000000,19.66666667,19.66666667,0.00000000
2001-12-08T22:50:00,1,12,8,22,50,0.00000000,19.63333333,19.63333333,0.00000000
2001-12-08T23:00:00,1,12,8,23,0,0.00000000,19.60000000,19.60000000,0.00000000
2001-12-08T23:10:00,1,12,8,23,10,0.00000000,19.61666667,19.61666667,0.00000000
2001-12-08T23:20:00,1,12,8,23,20,0.00000000,19.63333333,19.63333333,0.00000000
2001-12-08T23:30:00,1,12,8,23,30,0.00000000,19.65000000,19.65000000,0.00000000
2001-12-08T23:40:00,1,12,8,23,40,0.00000000,19.66666667,19.66666667,0.00000000
2001-12-08T23:50:00,1,12,8,23,50,0.00000000,19.68333333,19.68333333,0.00000000
2001-12-09T00:00:00,1,12,9,0,0,0.00000000,19.70000000,19.70000000,0.00000000
2001-12-09T00:10:00,1,12,9,0,10,0.00000000,19.53333333,19.53333333,0.00000000
2001-12-09T00:20:00,1,12,9,0,20,0.00000000,19.36666667,19.36666667,0.00000000
2001-12-09T00:30:00,1,12,9,0,30,0.00000000,19.20000000,19.20000000,0.00000000
2001-12-09T00:40:00,1,12,9,0,40,0.00000000,19.03333333,19.03333333,0.00000000
2001-12-09T00:50:00,1,12,9,0,50,0.00000000,18.86666667,18.86666667,0.00000000
2001-12-09T01:00:00,1,12,9,1,0,0.00000000,18.70000000,18.70000000,0.00000000
2001-12-09T01:10:00,1,12,9,1,10,0.00000000,18.76666667,18.76666667,0.00000000
2001-12-09T01:20:00,1,12,9,1,20,0.00000000,18.83333333,18.83333333,0.00000000
2001-12-09T01:30:00,1,12,9,1,30,0.00000000,18.90000000,18.90000000,0.00000000
2001-12-09T01:40:00,1,12,9,1,40,0.00000000,18.96666667,18.96666667,0.00000000
2001-12-09T01:50:00,1,12,9,1,50,0.00000000,19.03333333,19.03333333,0.00000000
2001-12-09T02:00:00,1,12,9,2,0,0.00000000,19.10000000,19.10000000,0.00000000
2001-12-09T02:10:00,1,12,9,2,10,0.00000000,19.03333333,19.03333333,0.00000000
2001-12-09T02:20:00,1,12,9,2,20,0.00000000,18.96666667,18.96666667,0.00000000
2001-12-09T02:30:00,1,12,9,2,30,0.00000000,18.90000000,18.90000000,0.00000000
2001-12-09T02:40:00,1,12,9,2,40,0.00000000,18.83333333,18.83333333,0.00000000
2001-12-09T02:50:00,1,12,9,2,50,0.00000000,18.76666667,18.76666667,0.00000000
2001-12-09T03:00:00,1,12,9,3,0,0.00000000,18.70000000,18.70000000,0.00000000
2001-12-09T03:10:00,1,12,9,3,10,0.00000000,18.68333333,18.68333333,0.00000000
2001-12-09T03:20:00,1,12,9,3,20,0.00000000,18.66666667,18.66666667,0.00000000
2001-12-09T03:30:00,1,12,9,3,30,0.00000000,18.65000000,18.65000000,0.00000000
2001-12-09T03:40:00,1,12,9,3,40,0.00000000,18.63333333,18.63333333,0.00000000
2001-12-09T03:50:00,1,12,9,3,50,0.00000000,18.61666667,18.61666667,0.00000000
2001-12-09T04:00:00,1,12,9,4,0,0.00000000,18.60000000,18.60000000,0.00000000
2001-12-09T04:10:00,1,12,9,4,10,0.00433333,18.56666667,18.71833333,0.00445855
2001-12-09T04:20:00,1,12,9,4,20,0.00866667,18.53333333,18.83666667,0.00891238
2001-12-09T04:30:00,1,12,9,4,30,0.01300000,18.50000000,18.95500000,0.01336149
2001-12-09T04:40:00,1,12,9,4,40,0.01733333,18.46666667,19.07333333,0.01780589
2001-12-09T04:50:00,1,12,9,4,50,0.02166667,18.43333333,19.19166667,0.02224556
2001-12-09T05:00:00,1,12,9,5,0,0.02600000,18.40000000,19.31000000,0.02668052
2001-12-09T05:10:00,1,12,9,5,10,0.05266667,18.48333333,20.32666667,0.05379886
2001-12-09T05:20:00,1,12,9,5,20,0.07933333,18.56666667,21.34333333,0.08066777
2001-12-09T05:30:00,1,12,9,5,30,0.10600000,18.65000000,22.36000000,0.10728726
2001-12-09T05:40:00,1,12,9,5,40,0.13266667,18.73333333,23.37666667,0.13365733
2001-12-09T05:50:00,1,12,9,5,50,0.15933333,18.81666667,24.39333333,0.15977798
2001-12-09T06:00:00,1,12,9,6,0,0.18600000,18.90000000,25.41000000,0.18564920
2001-12-09T06:10:00,1,12,9,6,10,0.18650000,19.20000000,25.72750000,0.18587588
2001-12-09T06:20:00,1,12,9,6,20,0.18700000,19.50000000,26.04500000,0.18610109
2001-12-09T06:30:00,1,12,9,6,30,0.18750000,19.80000000,26.36250000,0.18632484
2001-12-09T06:40:00,1,12,9,6,40,0.18800000,20.10000000,26.68000000,0.18654714
2001-12-09T06:50:00,1,12,9,6,50,0.18850000,20.40000000,26.99750000,0.18676797
2001-12-09T07:00:00,1,12,9,7,0,0.18900000,20.70000000,27.31500000,0.18698734
2001-12-09T07:10:00,1,12,9,7,10,0.20666667,20.70000000,27.93333333,0.20387804
2001-12-09T07:20:00,1,12,9,7,20,0.22433333,20.70000000,28.55166667,0.22066825
2001-12-09T07:30:00,1,12,9,7,30,0.24200000,20.70000000,29.17000000,0.23735796
2001-12-09T07:40:00,1,12,9,7,40,0.25966667,20.70000000,29.78833333,0.25394716
2001-12-09T07:50:00,1,12,9,7,50,0.27733333,20.70000000,30.40666667,0.27043587
2001-12-09T08:00:00,1,12,9,8,0,0.29500000,20.70000000,31.02500000,0.28682407
2001-12-09T08:10:00,1,12,9,8,10,0.34850000,21.03333333,33.23083333,0.33530515
2001-12-09T08:20:00,1,12,9,8,20,0.40200000,21.36666667,35.43666667,0.38270052
2001-12-09T08:30:00,1,12,9,8,30,0.45550000,21.70000000,37.64250000,0.42901017
2001-12-09T08:40:00,1,12,9,8,40,0.50900000,22.03333333,39.84833333,0.47423411
2001-12-09T08:50:00,1,12,9,8,50,0.56250000,22.36666667,42.05416667,0.51837234
2001-12-09T09:00:00,1,12,9,9,0,0.61600000,22.70000000,44.26000000,0.56142486
2001-12-09T09:10:00,1,12,9,9,10,0.65900000,23.00000000,46.06500000,0.59514356
2001-12-09T09:20:00,1,12,9,9,20,0.70200000,23.30000000,47.87000000,0.62814820
2001-12-09T09:30:00,1,12,9,9,30,0.74500000,23.60000000,49.67500000,0.66043878
2001-12-09T09:40:00,1,12,9,9,40,0.78800000,23.90000000,51.48000000,0.69201530
2001-12-09T09:50:00,1,12,9,9,50,0.83100000,24.20000000,53.28500000,0.72287776
2001-12-09T10:00:00,1,12,9,10,0,0.87400000,24.50000000,55.09000000,0.75302616
2001-12-09T10:10:00,1,12,9,10,10,0.82383333,24.85000000,53.68416667,0.71513086
2001-12-09T10:20:00,1,12,9,10,20,0.77366667,25.20000000,52.27833333,0.67658672
2001-12-09T10:30:00,1,12,9,10,30,0.72350000,25.55000000,50.87250000,0.63739373
2001-12-09T10:40:00,1,12,9,10,40,0.67333333,25.90000000,49.46666667,0.59755191
2001-12-09T10:50:00,1,12,9,10,50,0.62316667,26.25000000,48.06083333,0.55706125
2001-12-09T11:00:00,1,12,9,11,0,0.57300000,26.60000000,46.65500000,0.51592175
2001-12-09T11:10:00,1,12,9,11,10,0.64083333,26.26666667,48.69583333,0.57098197
2001-12-09T11:20:00,1,12,9,11,20,0.70866667,25.93333333,50.73666667,0.62476856
2001-12-09T11:30:00,1,12,9,11,30,0.77650000,25.60000000,52.77750000,0.67728155
2001-12-09T11:40:00,1,12,9,11,40,0.84433333,25.26666667,54.81833333,0.72852091
2001-12-09T11:50:00,1,12,9,11,50,0.91216667,24.93333333,56.85916667,0.77848667
2001-12-09T12:00:00,1,12,9,12,0,0.98000000,24.60000000,58.90000000,0.82717880
2001-12-09T12:10:00,1,12,9,12,10,0.96900000,25.03333333,58.94833333,0.81767870
2001-12-09T12:20:00,1,12,9,12,20,0.95800000,25.46666667,58.99666667,0.80818349
2001-12-09T12:30:00,1,12,9,12,30,0.94700000,25.90000000,59.04500000,0.79869317
2001-12-09T12:40:00,1,12,9,12,40,0.93600000,26.33333333,59.09333333,0.78920774
2001-12-09T12:50:00,1,12,9,12,50,0.92500000,26.76666667,59.14166667,0.77972721
2001-12-09T13:00:00,1,12,9,13,0,0.91400000,27.20000000,59.19000000,0.77025156
2001-12-09T13:10:00,1,12,9,13,10,0.90633333,27.18333333,58.90500000,0.76497887
2001-12-09T13:20:00,1,12,9,13,20,0.89866667,27.16666667,58.62000000,0.75968607
2001-12-09T13:30:00,1,12,9,13,30,0.89100000,27.15000000,58.33500000,0.75437317
2001-12-09T13:40:00,1,12,9,13,40,0.88333333,27.13333333,58.05000000,0.74904017
2001-12-09T13:50:00,1,12,9,13,50,0.87566667,27.11666667,57.76500000,0.74368706
2001-12-09T14:00:00,1,12,9,14,0,0.86800000,27.10000000,57.48000000,0.73831386
2001-12-09T14:10:00,1,12,9,14,10,0.81350000,27.03333333,55.50583333,0.69934412
2001-12-09T14:20:00,1,12,9,14,20,0.75900000,26.96666667,53.53166667,0.65938454
2001-12-09T14:30:00,1,12,9,14,30,0.70450000,26.90000000,51.55750000,0.61843511
2001-12-09T14:40:00,1,12,9,14,40,0.65000000,26.83333333,49.58333333,0.57649583
2001-12-09T14:50:00,1,12,9,14,50,0.59550000,26.76666667,47.60916667,0.53356671
2001-12-09T15:00:00,1,12,9,15,0,0.54100000,26.70000000,45.63500000,0.48964774
2001-12-09T15:10:00,1,12,9,15,10,0.48750000,26.33333333,43.39583333,0.44624734
2001-12-09T15:20:00,1,12,9,15,20,0.43400000,25.96666667,41.15666667,0.40174483
2001-12-09T15:30:00,1,12,9,15,30,0.38050000,25.60000000,38.91750000,0.35614020
2001-12-09T15:40:00,1,12,9,15,40,0.32700000,25.23333333,36.67833333,0.30943345
2001-12-09T15:50:00,1,12,9,15,50,0.27350000,24.86666667,34.43916667,0.26162458
2001-12-09T16:00:00,1,12,9,16,0,0.22000000,24.50000000,32.20000000,0.21271360
2001-12-09T16:10:00,1,12,9,16,10,0.21316667,24.21666667,31.67750000,0.20661893
2001-12-09T16:20:00,1,12,9,16,20,0.20633333,23.93333333,31.15500000,0.20049142
2001-12-09T16:30:00,1,12,9,16,30,0.19950000,23.65000000,30.63250000,0.19433105
2001-12-09T16:40:00,1,12,9,16,40,0.19266667,23.36666667,30.11000000,0.18813784
2001-12-09T16:50:00,1,12,9,16,50,0.18583333,23.08333333,29.58750000,0.18191179
2001-12-09T17:00:00,1,12,9,17,0,0.17900000,22.80000000,29.06500000,0.17565288
2001-12-09T17:10:00,1,12,9,17,10,0.15416667,22.71666667,28.11250000,0.15195939
2001-12-09T17:20:00,1,12,9,17,20,0.12933333,22.63333333,27.16000000,0.12804828
2001-12-09T17:30:00,1,12,9,17,30,0.10450000,22.55000000,26.20750000,0.10391955
2001-12-09T17:40:00,1,12,9,17,40,0.07966667,22.46666667,25.25500000,0.07957322
2001-12-09T17:50:00,1,12,9,17,50,0.05483333,22.38333333,24.30250000,0.05500927
2001-12-09T18:00:00,1,12,9,18,0,0.03000000,22.30000000,23.35000000,0.03022770
2001-12-09T18:10:00,1,12,9,18,10,0.02500000,22.13333333,23.00833333,0.02522904
2001-12-09T18:20:00,1,12,9,18,20,0.02000000,21.96666667,22.66666667,0.02021467
2001-12-09T18:30:00,1,12,9,18,30,0.01500000,21.80000000,22.32500000,0.01518457
2001-12-09T18:40:00,1,12,9,18,40,0.01000000,21.63333333,21.98333333,0.01013877
2001-12-09T18:50:00,1,12,9,18,50,0.00500000,21.46666667,21.64166667,0.00507724
2001-12-09T19:00:00,1,12,9,19,0,0.00000000,21.30000000,21.30000000,0.00000000
2001-12-09T19:10:00,1,12,9,19,10,0.00000000,21.20000000,21.20000000,0.00000000
2001-12-09T19:20:00,1,12,9,19,20,0.00000000,21.10000000,21.10000000,0.00000000
2001-12-09T19:30:00,1,12,9,19,30,0.00000000,21.00000000,21.00000000,0.00000000
2001-12-09T19:40:00,1,12,9,19,40,0.00000000,20.90000000,20.90000000,0.00000000
2001-12-09T19:50:00,1,12,9,19,50,0.00000000,20.80000000,20.80000000,0.00000000
2001-12-09T20:00:00,1,12,9,20,0,0.00000000,20.70000000,20.70000000,0.00000000
2001-12-09T20:10:00,1,12,9,20,10,0.00000000,20.66666667,20.66666667,0.00000000
2001-12-09T20:20:00,1,12,9,20,20,0.00000000,20.63333333,20.63333333,0.00000000
2001-12-09T20:30:00,1,12,9,20,30,0.00000000,20.60000000,20.60000000,0.00000000
2001-12-09T20:40:00,1,12,9,20,40,0.00000000,20.56666667,20.56666667,0.00000000
2001-12-09T20:50:00,1,12,9,20,50,0.00000000,20.53333333,20.53333333,0.00000000
2001-12-09T21:00:00,1,12,9,21,0,0.00000000,20.50000000,20.50000000,0.00000000
2001-12-09T21:10:00,1,12,9,21,10,0.00000000,20.35000000,20.35000000,0.00000000
2001-12-09T21:20:00,1,12,9,21,20,0.00000000,20.20000000,20.20000000,0.00000000
2001-12-09T21:30:00,1,12,9,21,30,0.00000000,20.05000000,20.05000000,0.00000000
2001-12-09T21:40:00,1,12,9,21,40,0.00000000,19.90000000,19.90000000,0.00000000
2001-12-09T21:50:00,1,12,9,21,50,0.00000000,19.75000000,19.75000000,0.00000000
2001-12-09T22:00:00,1,12,9,22,0,0.00000000,19.60000000,19.60000000,0.00000000
2001-12-09T22:10:00,1,12,9,22,10,0.00000000,19.45000000,19.45000000,0.00000000
2001-12-09T22:20:00,1,12,9,22,20,0.00000000,19.30000000,19.30000000,0.00000000
2001-12-09T22:30:00,1,12,9,22,30,0.00000000,19.15000000,19.15000000,0.00000000
2001-12-09T22:40:00,1,12,9,22,40,0.00000000,19.00000000,19.00000000,0.00000000
2001-12-09T22:50:00,1,12,9,22,50,0.00000000,18.85000000,18.85000000,0.00000000
2001-12-09T23:00:00,1,12,9,23,0,0.00000000,18.70000000,18.70000000,0.00000000
2001-12-09T23:10:00,1,12,9,23,10,0.00000000,18.73333333,18.73333333,0.00000000
2001-12-09T23:20:00,1,12,9,23,20,0.00000000,18.76666667,18.76666667,0.00000000
2001-12-09T23:30:00,1,12,9,23,30,0.00000000,18.80000000,18.80000000,0.00000000
2001-12-09T23:40:00,1,12,9,23,40,0.00000000,18.83333333,18.83333333,0.00000000
2001-12-09T23:50:00,1,12,9,23,50,0.00000000,18.86666667,18.86666667,0.00000000
2001-12-10T00:00:00,1,12,10,0,0,0.00000000,18.90000000,18.90000000,0.00000000
2001-12-10T00:10:00,1,12,10,0,10,0.00000000,18.81666667,18.81666667,0.00000000
2001-12-10T00:20:00,1,12,10,0,20,0.00000000,18.73333333,18.73333333,0.00000000
2001-12-10T00:30:00,1,12,10,0,30,0.00000000,18.65000000,18.65000000,0.00000000
2001-12-10T00:40:00,1,12,10,0,40,0.00000000,18.56666667,18.56666667,0.00000000
2001-12-10T00:50:00,1,12,10,0,50,0.00000000,18.48333333,18.48333333,0.00000000
2001-12-10T01:00:00,1,12,10,1,0,0.00000000,18.40000000,18.40000000,0.00000000
2001-12-10T01:10:00,1,12,10,1,10,0.00000000,18.36666667,18.36666667,0.00000000
2001-12-10T01:20:00,1,12,10,1,20,0.00000000,18.33333333,18.33333333,0.00000000
2001-12-10T01:30:00,1,12,10,1,30,0.00000000,18.30000000,18.30000000,0.00000000
2001-12-10T01:40:00,1,12,10,1,40,0.00000000,18.26666667,18.26666667,0.00000000
2001-12-10T01:50:00,1,12,10,1,50,0.00000000,18.23333333,18.23333333,0.00000000
2001-12-10T02:00:00,1,12,10,2,0,0.00000000,18.20000000,18.20000000,0.00000000
2001-12-10T02:10:00,1,12,10,2,10,0.00000000,18.11666667,18.11666667,0.00000000
2001-12-10T02:20:00,1,12,10,2,20,0.00000000,18.03333333,18.03333333,0.00000000
2001-12-10T02:30:00,1,12,10,2,30,0.00000000,17.95000000,17.95000000,0.00000000
2001-12-10T02:40:00,1,12,10,2,40,0.00000000,17.86666667,17.86666667,0.00000000
2001-12-10T02:50:00,1,12,10,2,50,0.00000000,17.78333333,17.78333333,0.00000000
2001-12-10T03:00:00,1,12,10,3,0,0.00000000,17.70000000,17.70000000,0.00000000
2001-12-10T03:10:00,1,12,10,3,10,0.00000000,17.60000000,17.60000000,0.00000000
2001-12-10T03:20:00,1,12,10,3,20,0.00000000,17.50000000,17.50000000,0.00000000
2001-12-10T03:30:00,1,12,10,3,30,0.00000000,17.40000000,17.40000000,0.00000000
2001-12-10T03:40:00,1,12,10,3,40,0.00000000,17.30000000,17.30000000,0.00000000
2001-12-10T03:50:00,1,12,10,3,50,0.00000000,17.20000000,17.20000000,0.00000000
2001-12-10T04:00:00,1,12,10,4,0,0.00000000,17.10000000,17.10000000,0.00000000
2001-12-10T04:10:00,1,12,10,4,10,0.00516667,17.06666667,17.24750000,0.00535092
2001-12-10T04:20:00,1,12,10,4,20,0.01033333,17.03333333,17.39500000,0.01069482
2001-12-10T04:30:00,1,12,10,4,30,0.01550000,17.00000000,17.54250000,0.01603172
2001-12-10T04:40:00,1,12,10,4,40,0.02066667,16.96666667,17.69000000,0.02136160
2001-12-10T04:50:00,1,12,10,4,50,0.02583333,16.93333333,17.83750000,0.02668448
2001-12-10T05:00:00,1,12,10,5,0,0.03100000,16.90000000,17.98500000,0.03200034
2001-12-10T05:10:00,1,12,10,5,10,0.06200000,17.01666667,19.18666667,0.06365796
2001-12-10T05:20:00,1,12,10,5,20,0.09300000,17.13333333,20.38833333,0.09497287
2001-12-10T05:30:00,1,12,10,5,30,0.12400000,17.25000000,21.59000000,0.12594506
2001-12-10T05:40:00,1,12,10,5,40,0.15500000,17.36666667,22.79166667,0.15657454
2001-12-10T05:50:00,1,12,10,5,50,0.18600000,17.48333333,23.99333333,0.18686130
2001-12-10T06:00:00,1,12,10,6,0,0.21700000,17.60000000,25.19500000,0.21680535
2001-12-10T06:10:00,1,12,10,6,10,0.25216667,18.00000000,26.82583333,0.25004876
2001-12-10T06:20:00,1,12,10,6,20,0.28733333,18.40000000,28.45666667,0.28276454
2001-12-10T06:30:00,1,12,10,6,30,0.32250000,18.80000000,30.08750000,0.31495269
2001-12-10T06:40:00,1,12,10,6,40,0.35766667,19.20000000,31.71833333,0.34661322
2001-12-10T06:50:00,1,12,10,6,50,0.39283333,19.60000000,33.34916667,0.37774611
2001-12-10T07:00:00,1,12,10,7,0,0.42800000,20.00000000,34.98000000,0.40835138
2001-12-10T07:10:00,1,12,10,7,10,0.46333333,20.31666667,36.53333333,0.43875196
2001-12-10T07:20:00,1,12,10,7,20,0.49866667,20.63333333,38.08666667,0.46864760
2001-12-10T07:30:00,1,12,10,7,30,0.53400000,20.95000000,39.64000000,0.49803830
2001-12-10T07:40:00,1,12,10,7,40,0.56933333,21.26666667,41.19333333,0.52692407
2001-12-10T07:50:00,1,12,10,7,50,0.60466667,21.58333333,42.74666667,0.55530490
2001-12-10T08:00:00,1,12,10,8,0,0.64000000,21.90000000,44.30000000,0.58318080
2001-12-10T08:10:00,1,12,10,8,10,0.66150000,22.26666667,45.41916667,0.59936652
2001-12-10T08:20:00,1,12,10,8,20,0.68300000,22.63333333,46.53833333,0.61533086
2001-12-10T08:30:00,1,12,10,8,30,0.70450000,23.00000000,47.65750000,0.63107384
2001-12-10T08:40:00,1,12,10,8,40,0.72600000,23.36666667,48.77666667,0.64659544
2001-12-10T08:50:00,1,12,10,8,50,0.74750000,23.73333333,49.89583333,0.66189568
2001-12-10T09:00:00,1,12,10,9,0,0.76900000,24.10000000,51.01500000,0.67697454
2001-12-10T09:10:00,1,12,10,9,10,0.77550000,24.36666667,51.50916667,0.68093385
2001-12-10T09:20:00,1,12,10,9,20,0.78200000,24.63333333,52.00333333,0.68486361
2001-12-10T09:30:00,1,12,10,9,30,0.78850000,24.90000000,52.49750000,0.68876382
2001-12-10T09:40:00,1,12,10,9,40,0.79500000,25.16666667,52.99166667,0.69263448
2001-12-10T09:50:00,1,12,10,9,50,0.80150000,25.43333333,53.48583333,0.69647558
2001-12-10T10:00:00,1,12,10,10,0,0.80800000,25.70000000,53.98000000,0.70028714
2001-12-10T10:10:00,1,12,10,10,10,0.84533333,25.68333333,55.27000000,0.72762743
2001-12-10T10:20:00,1,12,10,10,20,0.88266667,25.66666667,56.56000000,0.75452465
2001-12-10T10:30:00,1,12,10,10,30,0.92000000,25.65000000,57.85000000,0.78097880
2001-12-10T10:40:00,1,12,10,10,40,0.95733333,25.63333333,59.14000000,0.80698988
2001-12-10T10:50:00,1,12,10,10,50,0.99466667,25.61666667,60.43000000,0.83255788
2001-12-10T11:00:00,1,12,10,11,0,1.03200000,25.60000000,61.72000000,0.85768282
2001-12-10T11:10:00,1,12,10,11,10,0.99933333,26.00000000,60.97666667,0.83395100
2001-12-10T11:20:00,1,12,10,11,20,0.96666667,26.40000000,60.23333333,0.80999578
2001-12-10T11:30:00,1,12,10,11,30,0.93400000,26.80000000,59.49000000,0.78581716
2001-12-10T11:40:00,1,12,10,11,40,0.90133333,27.20000000,58.74666667,0.76141515
2001-12-10T11:50:00,1,12,10,11,50,0.86866667,27.60000000,58.00333333,0.73678975
2001-12-10T12:00:00,1,12,10,12,0,0.83600000,28.00000000,57.26000000,0.71194094
2001-12-10T12:10:00,1,12,10,12,10,0.86066667,27.68333333,57.80666667,0.73078289
2001-12-10T12:20:00,1,12,10,12,20,0.88533333,27.36666667,58.35333333,0.74950077
2001-12-10T12:30:00,1,12,10,12,30,0.91000000,27.05000000,58.90000000,0.76809460
2001-12-10T12:40:00,1,12,10,12,40,0.93466667,26.73333333,59.44666667,0.78656437
2001-12-10T12:50:00,1,12,10,12,50,0.95933333,26.41666667,59.99333333,0.80491009
2001-12-10T13:00:00,1,12,10,13,0,0.98400000,26.10000000,60.54000000,0.82313174
2001-12-10T13:10:00,1,12,10,13,10,0.95900000,26.36666667,59.93166667,0.80490245
2001-12-10T13:20:00,1,12,10,13,20,0.93400000,26.63333333,59.32333333,0.78653323
2001-12-10T13:30:00,1,12,10,13,30,0.90900000,26.90000000,58.71500000,0.76802410
2001-12-10T13:40:00,1,12,10,13,40,0.88400000,27.16666667,58.10666667,0.74937505
2001-12-10T13:50:00,1,12,10,13,50,0.85900000,27.43333333,57.49833333,0.73058609
2001-12-10T14:00:00,1,12,10,14,0,0.83400000,27.70000000,56.89000000,0.71165720
2001-12-10T14:10:00,1,12,10,14,10,0.80283333,27.53333333,55.63250000,0.68970649
2001-12-10T14:20:00,1,12,10,14,20,0.77166667,27.36666667,54.37500000,0.66739521
2001-12-10T14:30:00,1,12,10,14,30,0.74050000,27.20000000,53.11750000,0.64472336
2001-12-10T14:40:00,1,12,10,14,40,0.70933333,27.03333333,51.86000000,0.62169094
2001-12-10T14:50:00,1,12,10,14,50,0.67816667,26.86666667,50.60250000,0.59829796
2001-12-10T15:00:00,1,12,10,15,0,0.64700000,26.70000000,49.34500000,0.57454441
2001-12-10T15:10:00,1,12,10,15,10,0.60866667,26.31666667,47.62000000,0.54533368
2001-12-10T15:20:00,1,12,10,15,20,0.57033333,25.93333333,45.89500000,0.51551460
2001-12-10T15:30:00,1,12,10,15,30,0.53200000,25.55000000,44.17000000,0.48508718
2001-12-10T15:40:00,1,12,10,15,40,0.49366667,25.16666667,42.44500000,0.45405140
2001-12-10T15:50:00,1,12,10,15,50,0.45533333,24.78333333,40.72000000,0.42240727
2001-12-10T16:00:00,1,12,10,16,0,0.41700000,24.40000000,38.99500000,0.39015479
2001-12-10T16:10:00,1,12,10,16,10,0.37583333,24.11666667,37.27083333,0.35461911
2001-12-10T16:20:00,1,12,10,16,20,0.33466667,23.83333333,35.54666667,0.31843042
2001-12-10T16:30:00,1,12,10,16,30,0.29350000,23.55000000,33.82250000,0.28158874
2001-12-10T16:40:00,1,12,10,16,40,0.25233333,23.26666667,32.09833333,0.24409406
2001-12-10T16:50:00,1,12,10,16,50,0.21116667,22.98333333,30.37416667,0.20594638
2001-12-10T17:00:00,1,12,10,17,0,0.17000000,22.70000000,28.65000000,0.16714570
2001-12-10T17:10:00,1,12,10,17,10,0.14783333,22.46666667,27.64083333,0.14603748
2001-12-10T17:20:00,1,12,10,17,20,0.12566667,22.23333333,26.63166667,0.12472345
2001-12-10T17:30:00,1,12,10,17,30,0.10350000,22.00000000,25.62250000,0.10320363
2001-12-10T17:40:00,1,12,10,17,40,0.08133333,21.76666667,24.61333333,0.08147800
2001-12-10T17:50:00,1,12,10,17,50,0.05916667,21.53333333,23.60416667,0.05954657
2001-12-10T18:00:00,1,12,10,18,0,0.03700000,21.30000000,22.59500000,0.03740933
2001-12-10T18:10:00,1,12,10,18,10,0.03083333,20.98333333,22.06250000,0.03124997
2001-12-10T18:20:00,1,12,10,18,20,0.02466667,20.66666667,21.53000000,0.02506040
2001-12-10T18:30:00,1,12,10,18,30,0.01850000,20.35000000,20.99750000,0.01884061
2001-12-10T18:40:00,1,12,10,18,40,0.01233333,20.03333333,20.46500000,0.01259062
2001-12-10T18:50:00,1,12,10,18,50,0.00616667,19.71666667,19.93250000,0.00631041
2001-12-10T19:00:00,1,12,10,19,0,0.00000000,19.40000000,19.40000000,0.00000000
2001-12-10T19:10:00,1,12,10,19,10,0.00000000,19.30000000,19.30000000,0.00000000
2001-12-10T19:20:00,1,12,10,19,20,0.00000000,19.20000000,19.20000000,0.00000000
2001-12-10T19:30:00,1,12,10,19,30,0.00000000,19.10000000,19.10000000,0.00000000
2001-12-10T19:40:00,1,12,10,19,40,0.00000000,19.00000000,19.00000000,0.00000000
2001-12-10T19:50:00,1,12,10,19,50,0.00000000,18.90000000,18.90000000,0.00000000
2001-12-10T20:00:00,1,12,10,20,0,0.00000000,18.80000000,18.80000000,0.00000000
2001-12-10T20:10:00,1,12,10,20,10,0.00000000,18.66666667,18.66666667,0.00000000
2001-12-10T20:20:00,1,12,10,20,20,0.00000000,18.53333333,18.53333333,0.00000000
2001-12-10T20:30:00,1,12,10,20,30,0.00000000,18.40000000,18.40000000,0.00000000
2001-12-10T20:40:00,1,12,10,20,40,0.00000000,18.26666667,18.26666667,0.00000000
2001-12-10T20:50:00,1,12,10,20,50,0.00000000,18.13333333,18.13333333,0.00000000
2001-12-10T21:00:00,1,12,10,21,0,0.00000000,18.00000000,18.00000000,0.00000000
2001-12-10T21:10:00,1,12,10,21,10,0.00000000,17.95000000,17.95000000,0.00000000
2001-12-10T21:20:00,1,12,10,21,20,0.00000000,17.90000000,17.90000000,0.00000000
2001-12-10T21:30:00,1,12,10,21,30,0.00000000,17.85000000,17.85000000,0.00000000
2001-12-10T21:40:00,1,12,10,21,40,0.00000000,17.80000000,17.80000000,0.00000000
2001-12-10T21:50:00,1,12,10,21,50,0.00000000,17.75000000,17.75000000,0.00000000
2001-12-10T22:00:00,1,12,10,22,0,0.00000000,17.70000000,17.70000000,0.00000000
2001-12-10T22:10:00,1,12,10,22,10,0.00000000,17.61666667,17.61666667,0.00000000
2001-12-10T22:20:00,1,12,10,22,20,0.00000000,17.53333333,17.53333333,0.00000000
2001-12-10T22:30:00,1,12,10,22,30,0.00000000,17.45000000,17.45000000,0.00000000
2001-12-10T22:40:00,1,12,10,22,40,0.00000000,17.36666667,17.36666667,0.00000000
2001-12-10T22:50:00,1,12,10,22,50,0.00000000,17.28333333,17.28333333,0.00000000
2001-12-10T23:00:00,1,12,10,23,0,0.00000000,17.20000000,17.20000000,0.00000000
2001-12-10T23:10:00,1,12,10,23,10,0.00000000,17.25000000,17.25000000,0.00000000
2001-12-10T23:20:00,1,12,10,23,20,0.00000000,17.30000000,17.30000000,0.00000000
2001-12-10T23:30:00,1,12,10,23,30,0.00000000,17.35000000,17.35000000,0.00000000
2001-12-10T23:40:00,1,12,10,23,40,0.00000000,17.40000000,17.40000000,0.00000000
2001-12-10T23:50:00,1,12,10,23,50,0.00000000,17.45000000,17.45000000,0.00000000
2001-12-11T00:00:00,1,12,11,0,0,0.00000000,17.50000000,17.50000000,0.00000000
2001-12-11T00:10:00,1,12,11,0,10,0.00000000,17.60000000,17.60000000,0.00000000
2001-12-11T00:20:00,1,12,11,0,20,0.00000000,17.70000000,17.70000000,0.00000000
2001-12-11T00:30:00,1,12,11,0,30,0.00000000,17.80000000,17.80000000,0.00000000
2001-12-11T00:40:00,1,12,11,0,40,0.00000000,17.90000000,17.90000000,0.00000000
2001-12-11T00:50:00,1,12,11,0,50,0.00000000,18.00000000,18.00000000,0.00000000
2001-12-11T01:00:00,1,12,11,1,0,0.00000000,18.10000000,18.10000000,0.00000000
2001-12-11T01:10:00,1,12,11,1,10,0.00000000,17.95000000,17.95000000,0.00000000
2001-12-11T01:20:00,1,12,11,1,20,0.00000000,17.80000000,17.80000000,0.00000000
2001-12-11T01:30:00,1,12,11,1,30,0.00000000,17.65000000,17.65000000,0.00000000
2001-12-11T01:40:00,1,12,11,1,40,0.00000000,17.50000000,17.50000000,0.00000000
2001-12-11T01:50:00,1,12,11,1,50,0.00000000,17.35000000,17.35000000,0.00000000
2001-12-11T02:00:00,1,12,11,2,0,0.00000000,17.20000000,17.20000000,0.00000000
2001-12-11T02:10:00,1,12,11,2,10,0.00000000,17.30000000,17.30000000,0.00000000
2001-12-11T02:20:00,1,12,11,2,20,0.00000000,17.40000000,17.40000000,0.00000000
2001-12-11T02:30:00,1,12,11,2,30,0.00000000,17.50000000,17.50000000,0.00000000
2001-12-11T02:40:00,1,12,11,2,40,0.00000000,17.60000000,17.60000000,0.00000000
2001-12-11T02:50:00,1,12,11,2,50,0.00000000,17.70000000,17.70000000,0.00000000
2001-12-11T03:00:00,1,12,11,3,0,0.00000000,17.80000000,17.80000000,0.00000000
2001-12-11T03:10:00,1,12,11,3,10,0.00000000,17.78333333,17.78333333,0.00000000
2001-12-11T03:20:00,1,12,11,3,20,0.00000000,17.76666667,17.76666667,0.00000000
2001-12-11T03:30:00,1,12,11,3,30,0.00000000,17.75000000,17.75000000,0.00000000
2001-12-11T03:40:00,1,12,11,3,40,0.00000000,17.73333333,17.73333333,0.00000000
2001-12-11T03:50:00,1,12,11,3,50,0.00000000,17.71666667,17.71666667,0.00000000
2001-12-11T04:00:00,1,12,11,4,0,0.00000000,17.70000000,17.70000000,0.00000000
2001-12-11T04:10:00,1,12,11,4,10,0.00200000,17.61666667,17.68666667,0.00206728
2001-12-11T04:20:00,1,12,11,4,20,0.00400000,17.53333333,17.67333333,0.00413481
2001-12-11T04:30:00,1,12,11,4,30,0.00600000,17.45000000,17.66000000,0.00620258
2001-12-11T04:40:00,1,12,11,4,40,0.00800000,17.36666667,17.64666667,0.00827060
2001-12-11T04:50:00,1,12,11,4,50,0.01000000,17.28333333,17.63333333,0.01033887
2001-12-11T05:00:00,1,12,11,5,0,0.01200000,17.20000000,17.62000000,0.01240738
2001-12-11T05:10:00,1,12,11,5,10,0.01050000,17.33333333,17.70083333,0.01085255
2001-12-11T05:20:00,1,12,11,5,20,0.00900000,17.46666667,17.78166667,0.00929884
2001-12-11T05:30:00,1,12,11,5,30,0.00750000,17.60000000,17.86250000,0.00774624
2001-12-11T05:40:00,1,12,11,5,40,0.00600000,17.73333333,17.94333333,0.00619476
2001-12-11T05:50:00,1,12,11,5,50,0.00450000,17.86666667,18.02416667,0.00464440
2001-12-11T06:00:00,1,12,11,6,0,0.00300000,18.00000000,18.10500000,0.00309515
2001-12-11T06:10:00,1,12,11,6,10,0.01816667,18.10000000,18.73583333,0.01869014
2001-12-11T06:20:00,1,12,11,6,20,0.03333333,18.20000000,19.36666667,0.03419711
2001-12-11T06:30:00,1,12,11,6,30,0.04850000,18.30000000,19.99750000,0.04961606
2001-12-11T06:40:00,1,12,11,6,40,0.06366667,18.40000000,20.62833333,0.06494698
2001-12-11T06:50:00,1,12,11,6,50,0.07883333,18.50000000,21.25916667,0.08018988
2001-12-11T07:00:00,1,12,11,7,0,0.09400000,18.60000000,21.89000000,0.09534476
2001-12-11T07:10:00,1,12,11,7,10,0.12600000,18.68333333,23.09333333,0.12710510
2001-12-11T07:20:00,1,12,11,7,20,0.15800000,18.76666667,24.29666667,0.15851118
2001-12-11T07:30:00,1,12,11,7,30,0.19000000,18.85000000,25.50000000,0.18956300
2001-12-11T07:40:00,1,12,11,7,40,0.22200000,18.93333333,26.70333333,0.22026056
2001-12-11T07:50:00,1,12,11,7,50,0.25400000,19.01666667,27.90666667,0.25060385
2001-12-11T08:00:00,1,12,11,8,0,0.28600000,19.10000000,29.11000000,0.28059288
2001-12-11T08:10:00,1,12,11,8,10,0.30916667,19.21666667,30.03750000,0.30200250
2001-12-11T08:20:00,1,12,11,8,20,0.33233333,19.33333333,30.96500000,0.32321444
2001-12-11T08:30:00,1,12,11,8,30,0.35550000,19.45000000,31.89250000,0.34422869
2001-12-11T08:40:00,1,12,11,8,40,0.37866667,19.56666667,32.82000000,0.36504527
2001-12-11T08:50:00,1,12,11,8,50,0.40183333,19.68333333,33.74750000,0.38566416
2001-12-11T09:00:00,1,12,11,9,0,0.42500000,19.80000000,34.67500000,0.40608537
2001-12-11T09:10:00,1,12,11,9,10,0.43800000,19.98333333,35.31333333,0.41722070
2001-12-11T09:20:00,1,12,11,9,20,0.45100000,20.16666667,35.95166667,0.42827967
2001-12-11T09:30:00,1,12,11,9,30,0.46400000,20.35000000,36.59000000,0.43926230
2001-12-11T09:40:00,1,12,11,9,40,0.47700000,20.53333333,37.22833333,0.45016859
2001-12-11T09:50:00,1,12,11,9,50,0.49000000,20.71666667,37.86666667,0.46099853
2001-12-11T10:00:00,1,12,11,10,0,0.50300000,20.90000000,38.50500000,0.47175213
2001-12-11T10:10:00,1,12,11,10,10,0.50266667,21.06666667,38.66000000,0.47108110
2001-12-11T10:20:00,1,12,11,10,20,0.50233333,21.23333333,38.81500000,0.47041055
2001-12-11T10:30:00,1,12,11,10,30,0.50200000,21.40000000,38.97000000,0.46974048
2001-12-11T10:40:00,1,12,11,10,40,0.50166667,21.56666667,39.12500000,0.46907088
2001-12-11T10:50:00,1,12,11,10,50,0.50133333,21.73333333,39.28000000,0.46840175
2001-12-11T11:00:00,1,12,11,11,0,0.50100000,21.90000000,39.43500000,0.46773310
2001-12-11T11:10:00,1,12,11,11,10,0.45516667,21.90000000,37.83083333,0.42830190
2001-12-11T11:20:00,1,12,11,11,20,0.40933333,21.90000000,36.22666667,0.38819427
2001-12-11T11:30:00,1,12,11,11,30,0.36350000,21.90000000,34.62250000,0.34741022
2001-12-11T11:40:00,1,12,11,11,40,0.31766667,21.90000000,33.01833333,0.30594974
2001-12-11T11:50:00,1,12,11,11,50,0.27183333,21.90000000,31.41416667,0.26381285
2001-12-11T12:00:00,1,12,11,12,0,0.22600000,21.90000000,29.81000000,0.22099952
2001-12-11T12:10:00,1,12,11,12,10,0.20850000,21.56666667,28.86416667,0.20479388
2001-12-11T12:20:00,1,12,11,12,20,0.19100000,21.23333333,27.91833333,0.18843595
2001-12-11T12:30:00,1,12,11,12,30,0.17350000,20.90000000,26.97250000,0.17192575
2001-12-11T12:40:00,1,12,11,12,40,0.15600000,20.56666667,26.02666667,0.15526326
2001-12-11T12:50:00,1,12,11,12,50,0.13850000,20.23333333,25.08083333,0.13844850
2001-12-11T13:00:00,1,12,11,13,0,0.12100000,19.90000000,24.13500000,0.12148146
2001-12-11T13:10:00,1,12,11,13,10,0.17966667,19.93333333,26.22166667,0.17865700
2001-12-11T13:20:00,1,12,11,13,20,0.23833333,19.96666667,28.30833333,0.23470630
2001-12-11T13:30:00,1,12,11,13,30,0.29700000,20.00000000,30.39500000,0.28962935
2001-12-11T13:40:00,1,12,11,13,40,0.35566667,20.03333333,32.48166667,0.34342616
2001-12-11T13:50:00,1,12,11,13,50,0.41433333,20.06666667,34.56833333,0.39609673
2001-12-11T14:00:00,1,12,11,14,0,0.47300000,20.10000000,36.65500000,0.44764105
2001-12-11T14:10:00,1,12,11,14,10,0.43200000,20.30000000,35.42000000,0.41129338
2001-12-11T14:20:00,1,12,11,14,20,0.39100000,20.50000000,34.18500000,0.37447986
2001-12-11T14:30:00,1,12,11,14,30,0.35000000,20.70000000,32.95000000,0.33720050
2001-12-11T14:40:00,1,12,11,14,40,0.30900000,20.90000000,31.71500000,0.29945530
2001-12-11T14:50:00,1,12,11,14,50,0.26800000,21.10000000,30.48000000,0.26124426
2001-12-11T15:00:00,1,12,11,15,0,0.22700000,21.30000000,29.24500000,0.22256737
2001-12-11T15:10:00,1,12,11,15,10,0.23000000,21.21666667,29.26666667,0.22548587
2001-12-11T15:20:00,1,12,11,15,20,0.23300000,21.13333333,29.28833333,0.22840376
2001-12-11T15:30:00,1,12,11,15,30,0.23600000,21.05000000,29.31000000,0.23132106
2001-12-11T15:40:00,1,12,11,15,40,0.23900000,20.96666667,29.33166667,0.23423777
2001-12-11T15:50:00,1,12,11,15,50,0.24200000,20.88333333,29.35333333,0.23715387
2001-12-11T16:00:00,1,12,11,16,0,0.24500000,20.80000000,29.37500000,0.24006938
2001-12-11T16:10:00,1,12,11,16,10,0.21383333,20.66666667,28.15083333,0.21073407
2001-12-11T16:20:00,1,12,11,16,20,0.18266667,20.53333333,26.92666667,0.18104775
2001-12-11T16:30:00,1,12,11,16,30,0.15150000,20.40000000,25.70250000,0.15101043
2001-12-11T16:40:00,1,12,11,16,40,0.12033333,20.26666667,24.47833333,0.12062209
2001-12-11T16:50:00,1,12,11,16,50,0.08916667,20.13333333,23.25416667,0.08988275
2001-12-11T17:00:00,1,12,11,17,0,0.05800000,20.00000000,22.03000000,0.05879240
2001-12-11T17:10:00,1,12,11,17,10,0.05083333,19.98333333,21.76250000,0.05159037
2001-12-11T17:20:00,1,12,11,17,20,0.04366667,19.96666667,21.49500000,0.04437070
2001-12-11T17:30:00,1,12,11,17,30,0.03650000,19.95000000,21.22750000,0.03713340
2001-12-11T17:40:00,1,12,11,17,40,0.02933333,19.93333333,20.96000000,0.02987846
2001-12-11T17:50:00,1,12,11,17,50,0.02216667,19.91666667,20.69250000,0.02260589
2001-12-11T18:00:00,1,12,11,18,0,0.01500000,19.90000000,20.42500000,0.01531567
2001-12-11T18:10:00,1,12,11,18,10,0.01250000,19.81666667,20.25416667,0.01277289
2001-12-11T18:20:00,1,12,11,18,20,0.01000000,19.73333333,20.08333333,0.01022617
2001-12-11T18:30:00,1,12,11,18,30,0.00750000,19.65000000,19.91250000,0.00767552
2001-12-11T18:40:00,1,12,11,18,40,0.00500000,19.56666667,19.74166667,0.00512094
2001-12-11T18:50:00,1,12,11,18,50,0.00250000,19.48333333,19.57083333,0.00256244
2001-12-11T19:00:00,1,12,11,19,0,0.00000000,19.40000000,19.40000000,0.00000000
2001-12-11T19:10:00,1,12,11,19,10,0.00000000,19.31666667,19.31666667,0.00000000
2001-12-11T19:20:00,1,12,11,19,20,0.00000000,19.23333333,19.23333333,0.00000000
2001-12-11T19:30:00,1,12,11,19,30,0.00000000,19.15000000,19.15000000,0.00000000
2001-12-11T19:40:00,1,12,11,19,40,0.00000000,19.06666667,19.06666667,0.00000000
2001-12-11T19:50:00,1,12,11,19,50,0.00000000,18.98333333,18.98333333,0.00000000
2001-12-11T20:00:00,1,12,11,20,0,0.00000000,18.90000000,18.90000000,0.00000000
2001-12-11T20:10:00,1,12,11,20,10,0.00000000,18.80000000,18.80000000,0.00000000
2001-12-11T20:20:00,1,12,11,20,20,0.00000000,18.70000000,18.70000000,0.00000000
2001-12-11T20:30:00,1,12,11,20,30,0.00000000,18.60000000,18.60000000,0.00000000
2001-12-11T20:40:00,1,12,11,20,40,0.00000000,18.50000000,18.50000000,0.00000000
2001-12-11T20:50:00,1,12,11,20,50,0.00000000,18.40000000,18.40000000,0.00000000
2001-12-11T21:00:00,1,12,11,21,0,0.00000000,18.30000000,18.30000000,0.00000000
2001-12-11T21:10:00,1,12,11,21,10,0.00000000,18.38333333,18.38333333,0.00000000
2001-12-11T21:20:00,1,12,11,21,20,0.00000000,18.46666667,18.46666667,0.00000000
2001-12-11T21:30:00,1,12,11,21,30,0.00000000,18.55000000,18.55000000,0.00000000
2001-12-11T21:40:00,1,12,11,21,40,0.00000000,18.63333333,18.63333333,0.00000000
2001-12-11T21:50:00,1,12,11,21,50,0.00000000,18.71666667,18.71666667,0.00000000
2001-12-11T22:00:00,1,12,11,22,0,0.00000000,18.80000000,18.80000000,0.00000000
2001-12-11T22:10:00,1,12,11,22,10,0.00000000,18.80000000,18.80000000,0.00000000
2001-12-11T22:20:00,1,12,11,22,20,0.00000000,18.80000000,18.80000000,0.00000000
2001-12-11T22:30:00,1,12,11,22,30,0.00000000,18.80000000,18.80000000,0.00000000
2001-12-11T22:40:00,1,12,11,22,40,0.00000000,18.80000000,18.80000000,0.00000000
2001-12-11T22:50:00,1,12,11,22,50,0.00000000,18.80000000,18.80000000,0.00000000
2001-12-11T23:00:00,1,12,11,23,0,0.00000000,18.80000000,18.80000000,0.00000000
2001-12-11T23:10:00,1,12,11,23,10,0.00000000,18.80000000,18.80000000,0.00000000
2001-12-11T23:20:00,1,12,11,23,20,0.00000000,18.80000000,18.80000000,0.00000000
2001-12-11T23:30:00,1,12,11,23,30,0.00000000,18.80000000,18.80000000,0.00000000
2001-12-11T23:40:00,1,12,11,23,40,0.00000000,18.80000000,18.80000000,0.00000000
2001-12-11T23:50:00,1,12,11,23,50,0.00000000,18.80000000,18.80000000,0.00000000
2001-12-12T00:00:00,1,12,12,0,0,0.00000000,18.80000000,18.80000000,0.00000000
2001-12-12T00:10:00,1,12,12,0,10,0.00000000,18.70000000,18.70000000,0.00000000
2001-12-12T00:20:00,1,12,12,0,20,0.00000000,18.60000000,18.60000000,0.00000000
2001-12-12T00:30:00,1,12,12,0,30,0.00000000,18.50000000,18.50000000,0.00000000
2001-12-12T00:40:00,1,12,12,0,40,0.00000000,18.40000000,18.40000000,0.00000000
2001-12-12T00:50:00,1,12,12,0,50,0.00000000,18.30000000,18.30000000,0.00000000
2001-12-12T01:00:00,1,12,12,1,0,0.00000000,18.20000000,18.20000000,0.00000000
2001-12-12T01:10:00,1,12,12,1,10,0.00000000,18.28333333,18.28333333,0.00000000
2001-12-12T01:20:00,1,12,12,1,20,0.00000000,18.36666667,18.36666667,0.00000000
2001-12-12T01:30:00,1,12,12,1,30,0.00000000,18.45000000,18.45000000,0.00000000
2001-12-12T01:40:00,1,12,12,1,40,0.00000000,18.53333333,18.53333333,0.00000000
2001-12-12T01:50:00,1,12,12,1,50,0.00000000,18.61666667,18.61666667,0.00000000
2001-12-12T02:00:00,1,12,12,2,0,0.00000000,18.70000000,18.70000000,0.00000000
2001-12-12T02:10:00,1,12,12,2,10,0.00000000,18.60000000,18.60000000,0.00000000
2001-12-12T02:20:00,1,12,12,2,20,0.00000000,18.50000000,18.50000000,0.00000000
2001-12-12T02:30:00,1,12,12,2,30,0.00000000,18.40000000,18.40000000,0.00000000
2001-12-12T02:40:00,1,12,12,2,40,0.00000000,18.30000000,18.30000000,0.00000000
2001-12-12T02:50:00,1,12,12,2,50,0.00000000,18.20000000,18.20000000,0.00000000
2001-12-12T03:00:00,1,12,12,3,0,0.00000000,18.10000000,18.10000000,0.00000000
2001-12-12T03:10:00,1,12,12,3,10,0.00000000,18.06666667,18.06666667,0.00000000
2001-12-12T03:20:00,1,12,12,3,20,0.00000000,18.03333333,18.03333333,0.00000000
2001-12-12T03:30:00,1,12,12,3,30,0.00000000,18.00000000,18.00000000,0.00000000
2001-12-12T03:40:00,1,12,12,3,40,0.00000000,17.96666667,17.96666667,0.00000000
2001-12-12T03:50:00,1,12,12,3,50,0.00000000,17.93333333,17.93333333,0.00000000
2001-12-12T04:00:00,1,12,12,4,0,0.00000000,17.90000000,17.90000000,0.00000000
2001-12-12T04:10:00,1,12,12,4,10,0.00216667,17.95000000,18.02583333,0.00223618
2001-12-12T04:20:00,1,12,12,4,20,0.00433333,18.00000000,18.15166667,0.00446984
2001-12-12T04:30:00,1,12,12,4,30,0.00650000,18.05000000,18.27750000,0.00670100
2001-12-12T04:40:00,1,12,12,4,40,0.00866667,18.10000000,18.40333333,0.00892965
2001-12-12T04:50:00,1,12,12,4,50,0.01083333,18.15000000,18.52916667,0.01115580
2001-12-12T05:00:00,1,12,12,5,0,0.01300000,18.20000000,18.65500000,0.01337943
2001-12-12T05:10:00,1,12,12,5,10,0.01300000,18.38333333,18.83833333,0.01336847
2001-12-12T05:20:00,1,12,12,5,20,0.01300000,18.56666667,19.02166667,0.01335750
2001-12-12T05:30:00,1,12,12,5,30,0.01300000,18.75000000,19.20500000,0.01334654
2001-12-12T05:40:00,1,12,12,5,40,0.01300000,18.93333333,19.38833333,0.01333558
2001-12-12T05:50:00,1,12,12,5,50,0.01300000,19.11666667,19.57166667,0.01332461
2001-12-12T06:00:00,1,12,12,6,0,0.01300000,19.30000000,19.75500000,0.01331365
2001-12-12T06:10:00,1,12,12,6,10,0.05400000,19.26666667,21.15666667,0.05495468
2001-12-12T06:20:00,1,12,12,6,20,0.09500000,19.23333333,22.55833333,0.09606701
2001-12-12T06:30:00,1,12,12,6,30,0.13600000,19.20000000,23.96000000,0.13665062
2001-12-12T06:40:00,1,12,12,6,40,0.17700000,19.16666667,25.36166667,0.17670553
2001-12-12T06:50:00,1,12,12,6,50,0.21800000,19.13333333,26.76333333,0.21623173
2001-12-12T07:00:00,1,12,12,7,0,0.25900000,19.10000000,28.16500000,0.25522922
2001-12-12T07:10:00,1,12,12,7,10,0.22416667,19.20000000,27.04583333,0.22205707
2001-12-12T07:20:00,1,12,12,7,20,0.18933333,19.30000000,25.92666667,0.18852627
2001-12-12T07:30:00,1,12,12,7,30,0.15450000,19.40000000,24.80750000,0.15463681
2001-12-12T07:40:00,1,12,12,7,40,0.11966667,19.50000000,23.68833333,0.12038870
2001-12-12T07:50:00,1,12,12,7,50,0.08483333,19.60000000,22.56916667,0.08578193
2001-12-12T08:00:00,1,12,12,8,0,0.05000000,19.70000000,21.45000000,0.05081650
2001-12-12T08:10:00,1,12,12,8,10,0.10050000,19.75000000,23.26750000,0.10130093
2001-12-12T08:20:00,1,12,12,8,20,0.15100000,19.80000000,25.08500000,0.15094096
2001-12-12T08:30:00,1,12,12,8,30,0.20150000,19.85000000,26.90250000,0.19973657
2001-12-12T08:40:00,1,12,12,8,40,0.25200000,19.90000000,28.72000000,0.24768778
2001-12-12T08:50:00,1,12,12,8,50,0.30250000,19.95000000,30.53750000,0.29479457
2001-12-12T09:00:00,1,12,12,9,0,0.35300000,20.00000000,32.35500000,0.34105695
2001-12-12T09:10:00,1,12,12,9,10,0.34433333,20.05000000,32.10166667,0.33308477
2001-12-12T09:20:00,1,12,12,9,20,0.33566667,20.10000000,31.84833333,0.32509238
2001-12-12T09:30:00,1,12,12,9,30,0.32700000,20.15000000,31.59500000,0.31707980
2001-12-12T09:40:00,1,12,12,9,40,0.31833333,20.20000000,31.34166667,0.30904702
2001-12-12T09:50:00,1,12,12,9,50,0.30966667,20.25000000,31.08833333,0.30099404
2001-12-12T10:00:00,1,12,12,10,0,0.30100000,20.30000000,30.83500000,0.29292086
2001-12-12T10:10:00,1,12,12,10,10,0.32850000,20.35000000,31.84750000,0.31815274
2001-12-12T10:20:00,1,12,12,10,20,0.35600000,20.40000000,32.86000000,0.34312846
2001-12-12T10:30:00,1,12,12,10,30,0.38350000,20.45000000,33.87250000,0.36784802
2001-12-12T10:40:00,1,12,12,10,40,0.41100000,20.50000000,34.88500000,0.39231142
2001-12-12T10:50:00,1,12,12,10,50,0.43850000,20.55000000,35.89750000,0.41651865
2001-12-12T11:00:00,1,12,12,11,0,0.46600000,20.60000000,36.91000000,0.44046972
2001-12-12T11:10:00,1,12,12,11,10,0.43033333,20.75000000,35.81166667,0.40893128
2001-12-12T11:20:00,1,12,12,11,20,0.39466667,20.90000000,34.71333333,0.37703243
2001-12-12T11:30:00,1,12,12,11,30,0.35900000,21.05000000,33.61500000,0.34477319
2001-12-12T11:40:00,1,12,12,11,40,0.32333333,21.20000000,32.51666667,0.31215354
2001-12-12T11:50:00,1,12,12,11,50,0.28766667,21.35000000,31.41833333,0.27917350
2001-12-12T12:00:00,1,12,12,12,0,0.25200000,21.50000000,30.32000000,0.24583306
2001-12-12T12:10:00,1,12,12,12,10,0.29716667,21.43333333,31.83416667,0.28782459
2001-12-12T12:20:00,1,12,12,12,20,0.34233333,21.36666667,33.34833333,0.32918693
2001-12-12T12:30:00,1,12,12,12,30,0.38750000,21.30000000,34.86250000,0.36992009
2001-12-12T12:40:00,1,12,12,12,40,0.43266667,21.23333333,36.37666667,0.41002407
2001-12-12T12:50:00,1,12,12,12,50,0.47783333,21.16666667,37.89083333,0.44949885
2001-12-12T13:00:00,1,12,12,13,0,0.52300000,21.10000000,39.40500000,0.48834445
2001-12-12T13:10:00,1,12,12,13,10,0.49266667,21.16666667,38.41000000,0.46227603
2001-12-12T13:20:00,1,12,12,13,20,0.46233333,21.23333333,37.41500000,0.43592994
2001-12-12T13:30:00,1,12,12,13,30,0.43200000,21.30000000,36.42000000,0.40930618
2001-12-12T13:40:00,1,12,12,13,40,0.40166667,21.36666667,35.42500000,0.38240474
2001-12-12T13:50:00,1,12,12,13,50,0.37133333,21.43333333,34.43000000,0.35522564
2001-12-12T14:00:00,1,12,12,14,0,0.34100000,21.50000000,33.43500000,0.32776886
2001-12-12T14:10:00,1,12,12,14,10,0.29733333,21.45000000,31.85666667,0.28795524
2001-12-12T14:20:00,1,12,12,14,20,0.25366667,21.40000000,30.27833333,0.24750756
2001-12-12T14:30:00,1,12,12,14,30,0.21000000,21.35000000,28.70000000,0.20642580
2001-12-12T14:40:00,1,12,12,14,40,0.16633333,21.30000000,27.12166667,0.16470998
2001-12-12T14:50:00,1,12,12,14,50,0.12266667,21.25000000,25.54333333,0.12236008
2001-12-12T15:00:00,1,12,12,15,0,0.07900000,21.20000000,23.96500000,0.07937612
2001-12-12T15:10:00,1,12,12,15,10,0.11100000,21.15000000,25.03500000,0.11098213
2001-12-12T15:20:00,1,12,12,15,20,0.14300000,21.10000000,26.10500000,0.14227313
2001-12-12T15:30:00,1,12,12,15,30,0.17500000,21.05000000,27.17500000,0.17324912
2001-12-12T15:40:00,1,12,12,15,40,0.20700000,21.00000000,28.24500000,0.20391011
2001-12-12T15:50:00,1,12,12,15,50,0.23900000,20.95000000,29.31500000,0.23425609
2001-12-12T16:00:00,1,12,12,16,0,0.27100000,20.90000000,30.38500000,0.26428706
2001-12-12T16:10:00,1,12,12,16,10,0.24250000,20.93333333,29.42083333,0.23756856
2001-12-12T16:20:00,1,12,12,16,20,0.21400000,20.96666667,28.45666667,0.21059726
2001-12-12T16:30:00,1,12,12,16,30,0.18550000,21.00000000,27.49250000,0.18337315
2001-12-12T16:40:00,1,12,12,16,40,0.15700000,21.03333333,26.52833333,0.15589624
2001-12-12T16:50:00,1,12,12,16,50,0.12850000,21.06666667,25.56416667,0.12816652
2001-12-12T17:00:00,1,12,12,17,0,0.10000000,21.10000000,24.60000000,0.10018400
2001-12-12T17:10:00,1,12,12,17,10,0.08583333,20.95000000,23.95416667,0.08624626
2001-12-12T17:20:00,1,12,12,17,20,0.07166667,20.80000000,23.30833333,0.07222435
2001-12-12T17:30:00,1,12,12,17,30,0.05750000,20.65000000,22.66250000,0.05811827
2001-12-12T17:40:00,1,12,12,17,40,0.04333333,20.50000000,22.01666667,0.04392801
2001-12-12T17:50:00,1,12,12,17,50,0.02916667,20.35000000,21.37083333,0.02965358
2001-12-12T18:00:00,1,12,12,18,0,0.01500000,20.20000000,20.72500000,0.01529498
2001-12-12T18:10:00,1,12,12,18,10,0.01250000,20.28333333,20.72083333,0.01274605
2001-12-12T18:20:00,1,12,12,18,20,0.01000000,20.36666667,20.71666667,0.01019703
2001-12-12T18:30:00,1,12,12,18,30,0.00750000,20.45000000,20.71250000,0.00764792
2001-12-12T18:40:00,1,12,12,18,40,0.00500000,20.53333333,20.70833333,0.00509871
2001-12-12T18:50:00,1,12,12,18,50,0.00250000,20.61666667,20.70416667,0.00254940
2001-12-12T19:00:00,1,12,12,19,0,0.00000000,20.70000000,20.70000000,0.00000000
2001-12-12T19:10:00,1,12,12,19,10,0.00000000,20.63333333,20.63333333,0.00000000
2001-12-12T19:20:00,1,12,12,19,20,0.00000000,20.56666667,20.56666667,0.00000000
2001-12-12T19:30:00,1,12,12,19,30,0.00000000,20.50000000,20.50000000,0.00000000
2001-12-12T19:40:00,1,12,12,19,40,0.00000000,20.43333333,20.43333333,0.00000000
2001-12-12T19:50:00,1,12,12,19,50,0.00000000,20.36666667,20.36666667,0.00000000
2001-12-12T20:00:00,1,12,12,20,0,0.00000000,20.30000000,20.30000000,0.00000000
2001-12-12T20:10:00,1,12,12,20,10,0.00000000,20.30000000,20.30000000,0.00000000
2001-12-12T20:20:00,1,12,12,20,20,0.00000000,20.30000000,20.30000000,0.00000000
2001-12-12T20:30:00,1,12,12,20,30,0.00000000,20.30000000,20.30000000,0.00000000
2001-12-12T20:40:00,1,12,12,20,40,0.00000000,20.30000000,20.30000000,0.00000000
2001-12-12T20:50:00,1,12,12,20,50,0.00000000,20.30000000,20.30000000,0.00000000
2001-12-12T21:00:00,1,12,12,21,0,0.00000000,20.30000000,20.30000000,0.00000000
2001-12-12T21:10:00,1,12,12,21,10,0.00000000,20.28333333,20.28333333,0.00000000
2001-12-12T21:20:00,1,12,12,21,20,0.00000000,20.26666667,20.26666667,0.00000000
2001-12-12T21:30:00,1,12,12,21,30,0.00000000,20.25000000,20.25000000,0.00000000
2001-12-12T21:40:00,1,12,12,21,40,0.00000000,20.23333333,20.23333333,0.00000000
2001-12-12T21:50:00,1,12,12,21,50,0.00000000,20.21666667,20.21666667,0.00000000
2001-12-12T22:00:00,1,12,12,22,0,0.00000000,20.20000000,20.20000000,0.00000000
2001-12-12T22:10:00,1,12,12,22,10,0.00000000,20.11666667,20.11666667,0.00000000
2001-12-12T22:20:00,1,12,12,22,20,0.00000000,20.03333333,20.03333333,0.00000000
2001-12-12T22:30:00,1,12,12,22,30,0.00000000,19.95000000,19.95000000,0.00000000
2001-12-12T22:40:00,1,12,12,22,40,0.00000000,19.86666667,19.86666667,0.00000000
2001-12-12T22:50:00,1,12,12,22,50,0.00000000,19.78333333,19.78333333,0.00000000
2001-12-12T23:00:00,1,12,12,23,0,0.00000000,19.70000000,19.70000000,0.00000000
2001-12-12T23:10:00,1,12,12,23,10,0.00000000,19.43333333,19.43333333,0.00000000
2001-12-12T23:20:00,1,12,12,23,20,0.00000000,19.16666667,19.16666667,0.00000000
2001-12-12T23:30:00,1,12,12,23,30,0.00000000,18.90000000,18.90000000,0.00000000
2001-12-12T23:40:00,1,12,12,23,40,0.00000000,18.63333333,18.63333333,0.00000000
2001-12-12T23:50:00,1,12,12,23,50,0.00000000,18.36666667,18.36666667,0.00000000
2001-12-13T00:00:00,1,12,13,0,0,0.00000000,18.10000000,18.10000000,0.00000000
2001-12-13T00:10:00,1,12,13,0,10,0.00000000,18.15000000,18.15000000,0.00000000
2001-12-13T00:20:00,1,12,13,0,20,0.00000000,18.20000000,18.20000000,0.00000000
2001-12-13T00:30:00,1,12,13,0,30,0.00000000,18.25000000,18.25000000,0.00000000
2001-12-13T00:40:00,1,12,13,0,40,0.00000000,18.30000000,18.30000000,0.00000000
2001-12-13T00:50:00,1,12,13,0,50,0.00000000,18.35000000,18.35000000,0.00000000
2001-12-13T01:00:00,1,12,13,1,0,0.00000000,18.40000000,18.40000000,0.00000000
2001-12-13T01:10:00,1,12,13,1,10,0.00000000,18.26666667,18.26666667,0.00000000
2001-12-13T01:20:00,1,12,13,1,20,0.00000000,18.13333333,18.13333333,0.00000000
2001-12-13T01:30:00,1,12,13,1,30,0.00000000,18.00000000,18.00000000,0.00000000
2001-12-13T01:40:00,1,12,13,1,40,0.00000000,17.86666667,17.86666667,0.00000000
2001-12-13T01:50:00,1,12,13,1,50,0.00000000,17.73333333,17.73333333,0.00000000
2001-12-13T02:00:00,1,12,13,2,0,0.00000000,17.60000000,17.60000000,0.00000000
2001-12-13T02:10:00,1,12,13,2,10,0.00000000,17.68333333,17.68333333,0.00000000
2001-12-13T02:20:00,1,12,13,2,20,0.00000000,17.76666667,17.76666667,0.00000000
2001-12-13T02:30:00,1,12,13,2,30,0.00000000,17.85000000,17.85000000,0.00000000
2001-12-13T02:40:00,1,12,13,2,40,0.00000000,17.93333333,17.93333333,0.00000000
2001-12-13T02:50:00,1,12,13,2,50,0.00000000,18.01666667,18.01666667,0.00000000
2001-12-13T03:00:00,1,12,13,3,0,0.00000000,18.10000000,18.10000000,0.00000000
2001-12-13T03:10:00,1,12,13,3,10,0.00000000,18.03333333,18.03333333,0.00000000
2001-12-13T03:20:00,1,12,13,3,20,0.00000000,17.96666667,17.96666667,0.00000000
2001-12-13T03:30:00,1,12,13,3,30,0.00000000,17.90000000,17.90000000,0.00000000
2001-12-13T03:40:00,1,12,13,3,40,0.00000000,17.83333333,17.83333333,0.00000000
2001-12-13T03:50:00,1,12,13,3,50,0.00000000,17.76666667,17.76666667,0.00000000
2001-12-13T04:00:00,1,12,13,4,0,0.00000000,17.70000000,17.70000000,0.00000000
2001-12-13T04:10:00,1,12,13,4,10,0.00500000,17.75000000,17.92500000,0.00516272
2001-12-13T04:20:00,1,12,13,4,20,0.01000000,17.80000000,18.15000000,0.01031510
2001-12-13T04:30:00,1,12,13,4,30,0.01500000,17.85000000,18.37500000,0.01545713
2001-12-13T04:40:00,1,12,13,4,40,0.02000000,17.90000000,18.60000000,0.02058880
2001-12-13T04:50:00,1,12,13,4,50,0.02500000,17.95000000,18.82500000,0.02571013
2001-12-13T05:00:00,1,12,13,5,0,0.03000000,18.00000000,19.05000000,0.03082110
2001-12-13T05:10:00,1,12,13,5,10,0.05950000,18.03333333,20.11583333,0.06083680
2001-12-13T05:20:00,1,12,13,5,20,0.08900000,18.06666667,21.18166667,0.09056323
2001-12-13T05:30:00,1,12,13,5,30,0.11850000,18.10000000,22.24750000,0.12000039
2001-12-13T05:40:00,1,12,13,5,40,0.14800000,18.13333333,23.31333333,0.14914828
2001-12-13T05:50:00,1,12,13,5,50,0.17750000,18.16666667,24.37916667,0.17800691
2001-12-13T06:00:00,1,12,13,6,0,0.20700000,18.20000000,25.44500000,0.20657627
2001-12-13T06:10:00,1,12,13,6,10,0.21833333,18.56666667,26.20833333,0.21711976
2001-12-13T06:20:00,1,12,13,6,20,0.22966667,18.93333333,26.97166667,0.22758367
2001-12-13T06:30:00,1,12,13,6,30,0.24100000,19.30000000,27.73500000,0.23796798
2001-12-13T06:40:00,1,12,13,6,40,0.25233333,19.66666667,28.49833333,0.24827270
2001-12-13T06:50:00,1,12,13,6,50,0.26366667,20.03333333,29.26166667,0.25849783
2001-12-13T07:00:00,1,12,13,7,0,0.27500000,20.40000000,30.02500000,0.26864338
2001-12-13T07:10:00,1,12,13,7,10,0.30333333,20.46666667,31.08333333,0.29484506
2001-12-13T07:20:00,1,12,13,7,20,0.33166667,20.53333333,32.14166667,0.32077086
2001-12-13T07:30:00,1,12,13,7,30,0.36000000,20.60000000,33.20000000,0.34642080
2001-12-13T07:40:00,1,12,13,7,40,0.38833333,20.66666667,34.25833333,0.37179486
2001-12-13T07:50:00,1,12,13,7,50,0.41666667,20.73333333,35.31666667,0.39689306
2001-12-13T08:00:00,1,12,13,8,0,0.44500000,20.80000000,36.37500000,0.42171538
2001-12-13T08:10:00,1,12,13,8,10,0.51866667,21.16666667,39.32000000,0.48450106
2001-12-13T08:20:00,1,12,13,8,20,0.59233333,21.53333333,42.26500000,0.54529081
2001-12-13T08:30:00,1,12,13,8,30,0.66600000,21.90000000,45.21000000,0.60408464
2001-12-13T08:40:00,1,12,13,8,40,0.73966667,22.26666667,48.15500000,0.66088255
2001-12-13T08:50:00,1,12,13,8,50,0.81333333,22.63333333,51.10000000,0.71568453
2001-12-13T09:00:00,1,12,13,9,0,0.88700000,23.00000000,54.04500000,0.76849059
2001-12-13T09:10:00,1,12,13,9,10,0.84716667,23.40000000,53.05083333,0.73785350
2001-12-13T09:20:00,1,12,13,9,20,0.80733333,23.80000000,52.05666667,0.70685209
2001-12-13T09:30:00,1,12,13,9,30,0.76750000,24.20000000,51.06250000,0.67548634
2001-12-13T09:40:00,1,12,13,9,40,0.72766667,24.60000000,50.06833333,0.64375627
2001-12-13T09:50:00,1,12,13,9,50,0.68783333,25.00000000,49.07416667,0.61166187
2001-12-13T10:00:00,1,12,13,10,0,0.64800000,25.40000000,48.08000000,0.57920314
2001-12-13T10:10:00,1,12,13,10,10,0.71216667,25.31666667,50.24250000,0.62947308
2001-12-13T10:20:00,1,12,13,10,20,0.77633333,25.23333333,52.40500000,0.67846642
2001-12-13T10:30:00,1,12,13,10,30,0.84050000,25.15000000,54.56750000,0.72618317
2001-12-13T10:40:00,1,12,13,10,40,0.90466667,25.06666667,56.73000000,0.77262333
2001-12-13T10:50:00,1,12,13,10,50,0.96883333,24.98333333,58.89250000,0.81778689
2001-12-13T11:00:00,1,12,13,11,0,1.03300000,24.90000000,61.05500000,0.86167385
2001-12-13T11:10:00,1,12,13,11,10,0.99116667,25.21666667,59.90750000,0.83201057
2001-12-13T11:20:00,1,12,13,11,20,0.94933333,25.53333333,58.76000000,0.80190566
2001-12-13T11:30:00,1,12,13,11,30,0.90750000,25.85000000,57.61250000,0.77135912
2001-12-13T11:40:00,1,12,13,11,40,0.86566667,26.16666667,56.46500000,0.74037094
2001-12-13T11:50:00,1,12,13,11,50,0.82383333,26.48333333,55.31750000,0.70894112
2001-12-13T12:00:00,1,12,13,12,0,0.78200000,26.80000000,54.17000000,0.67706968
2001-12-13T12:10:00,1,12,13,12,10,0.75016667,26.61666667,52.87250000,0.65398517
2001-12-13T12:20:00,1,12,13,12,20,0.71833333,26.43333333,51.57500000,0.63052067
2001-12-13T12:30:00,1,12,13,12,30,0.68650000,26.25000000,50.27750000,0.60667618
2001-12-13T12:40:00,1,12,13,12,40,0.65466667,26.06666667,48.98000000,0.58245170
2001-12-13T12:50:00,1,12,13,12,50,0.62283333,25.88333333,47.68250000,0.55784721
2001-12-13T13:00:00,1,12,13,13,0,0.59100000,25.70000000,46.38500000,0.53286274
2001-12-13T13:10:00,1,12,13,13,10,0.60916667,25.58333333,46.90416667,0.54778754
2001-12-13T13:20:00,1,12,13,13,20,0.62733333,25.46666667,47.42333333,0.56262557
2001-12-13T13:30:00,1,12,13,13,30,0.64550000,25.35000000,47.94250000,0.57737683
2001-12-13T13:40:00,1,12,13,13,40,0.66366667,25.23333333,48.46166667,0.59204133
2001-12-13T13:50:00,1,12,13,13,50,0.68183333,25.11666667,48.98083333,0.60661905
2001-12-13T14:00:00,1,12,13,14,0,0.70000000,25.00000000,49.50000000,0.62111000
2001-12-13T14:10:00,1,12,13,14,10,0.69716667,25.00000000,49.40083333,0.61891401
2001-12-13T14:20:00,1,12,13,14,20,0.69433333,25.00000000,49.30166667,0.61671543
2001-12-13T14:30:00,1,12,13,14,30,0.69150000,25.00000000,49.20250000,0.61451427
2001-12-13T14:40:00,1,12,13,14,40,0.68866667,25.00000000,49.10333333,0.61231052
2001-12-13T14:50:00,1,12,13,14,50,0.68583333,25.00000000,49.00416667,0.61010419
2001-12-13T15:00:00,1,12,13,15,0,0.68300000,25.00000000,48.90500000,0.60789527
2001-12-13T15:10:00,1,12,13,15,10,0.62116667,25.08333333,46.82416667,0.55880702
2001-12-13T15:20:00,1,12,13,15,20,0.55933333,25.16666667,44.74333333,0.50853505
2001-12-13T15:30:00,1,12,13,15,30,0.49750000,25.25000000,42.66250000,0.45707937
2001-12-13T15:40:00,1,12,13,15,40,0.43566667,25.33333333,40.58166667,0.40443997
2001-12-13T15:50:00,1,12,13,15,50,0.37383333,25.41666667,38.50083333,0.35061685
2001-12-13T16:00:00,1,12,13,16,0,0.31200000,25.50000000,36.42000000,0.29561002
2001-12-13T16:10:00,1,12,13,16,10,0.28816667,25.08333333,35.16916667,0.27468676
2001-12-13T16:20:00,1,12,13,16,20,0.26433333,24.66666667,33.91833333,0.25348923
2001-12-13T16:30:00,1,12,13,16,30,0.24050000,24.25000000,32.66750000,0.23201744
2001-12-13T16:40:00,1,12,13,16,40,0.21666667,23.83333333,31.41666667,0.21027139
2001-12-13T16:50:00,1,12,13,16,50,0.19283333,23.41666667,30.16583333,0.18825107
2001-12-13T17:00:00,1,12,13,17,0,0.16900000,23.00000000,28.91500000,0.16595648
2001-12-13T17:10:00,1,12,13,17,10,0.14666667,22.85000000,27.98333333,0.14465391
2001-12-13T17:20:00,1,12,13,17,20,0.12433333,22.70000000,27.05166667,0.12315992
2001-12-13T17:30:00,1,12,13,17,30,0.10200000,22.55000000,26.12000000,0.10147450
2001-12-13T17:40:00,1,12,13,17,40,0.07966667,22.40000000,25.18833333,0.07959765
2001-12-13T17:50:00,1,12,13,17,50,0.05733333,22.25000000,24.25666667,0.05752938
2001-12-13T18:00:00,1,12,13,18,0,0.03500000,22.10000000,23.32500000,0.03526968
2001-12-13T18:10:00,1,12,13,18,10,0.02916667,21.86666667,22.88750000,0.02945009
2001-12-13T18:20:00,1,12,13,18,20,0.02333333,21.63333333,22.45000000,0.02360703
2001-12-13T18:30:00,1,12,13,18,30,0.01750000,21.40000000,22.01250000,0.01774049
2001-12-13T18:40:00,1,12,13,18,40,0.01166667,21.16666667,21.57500000,0.01185048
2001-12-13T18:50:00,1,12,13,18,50,0.00583333,20.93333333,21.13750000,0.00593698
2001-12-13T19:00:00,1,12,13,19,0,0.00000000,20.70000000,20.70000000,0.00000000
2001-12-13T19:10:00,1,12,13,19,10,0.00000000,20.70000000,20.70000000,0.00000000
2001-12-13T19:20:00,1,12,13,19,20,0.00000000,20.70000000,20.70000000,0.00000000
2001-12-13T19:30:00,1,12,13,19,30,0.00000000,20.70000000,20.70000000,0.00000000
2001-12-13T19:40:00,1,12,13,19,40,0.00000000,20.70000000,20.70000000,0.00000000
2001-12-13T19:50:00,1,12,13,19,50,0.00000000,20.70000000,20.70000000,0.00000000
2001-12-13T20:00:00,1,12,13,20,0,0.00000000,20.70000000,20.70000000,0.00000000
2001-12-13T20:10:00,1,12,13,20,10,0.00000000,20.53333333,20.53333333,0.00000000
2001-12-13T20:20:00,1,12,13,20,20,0.00000000,20.36666667,20.36666667,0.00000000
2001-12-13T20:30:00,1,12,13,20,30,0.00000000,20.20000000,20.20000000,0.00000000
2001-12-13T20:40:00,1,12,13,20,40,0.00000000,20.03333333,20.03333333,0.00000000
2001-12-13T20:50:00,1,12,13,20,50,0.00000000,19.86666667,19.86666667,0.00000000
2001-12-13T21:00:00,1,12,13,21,0,0.00000000,19.70000000,19.70000000,0.00000000
2001-12-13T21:10:00,1,12,13,21,10,0.00000000,19.76666667,19.76666667,0.00000000
2001-12-13T21:20:00,1,12,13,21,20,0.00000000,19.83333333,19.83333333,0.00000000
2001-12-13T21:30:00,1,12,13,21,30,0.00000000,19.90000000,19.90000000,0.00000000
2001-12-13T21:40:00,1,12,13,21,40,0.00000000,19.96666667,19.96666667,0.00000000
2001-12-13T21:50:00,1,12,13,21,50,0.00000000,20.03333333,20.03333333,0.00000000
2001-12-13T22:00:00,1,12,13,22,0,0.00000000,20.10000000,20.10000000,0.00000000
2001-12-13T22:10:00,1,12,13,22,10,0.00000000,19.93333333,19.93333333,0.00000000
2001-12-13T22:20:00,1,12,13,22,20,0.00000000,19.76666667,19.76666667,0.00000000
2001-12-13T22:30:00,1,12,13,22,30,0.00000000,19.60000000,19.60000000,0.00000000
2001-12-13T22:40:00,1,12,13,22,40,0.00000000,19.43333333,19.43333333,0.00000000
2001-12-13T22:50:00,1,12,13,22,50,0.00000000,19.26666667,19.26666667,0.00000000
2001-12-13T23:00:00,1,12,13,23,0,0.00000000,19.10000000,19.10000000,0.00000000
2001-12-13T23:10:00,1,12,13,23,10,0.00000000,18.98333333,18.98333333,0.00000000
2001-12-13T23:20:00,1,12,13,23,20,0.00000000,18.86666667,18.86666667,0.00000000
2001-12-13T23:30:00,1,12,13,23,30,0.00000000,18.75000000,18.75000000,0.00000000
2001-12-13T23:40:00,1,12,13,23,40,0.00000000,18.63333333,18.63333333,0.00000000
2001-12-13T23:50:00,1,12,13,23,50,0.00000000,18.51666667,18.51666667,0.00000000
2001-12-14T00:00:00,1,12,14,0,0,0.00000000,18.40000000,18.40000000,0.00000000
2001-12-14T00:10:00,1,12,14,0,10,0.00000000,18.38333333,18.38333333,0.00000000
2001-12-14T00:20:00,1,12,14,0,20,0.00000000,18.36666667,18.36666667,0.00000000
2001-12-14T00:30:00,1,12,14,0,30,0.00000000,18.35000000,18.35000000,0.00000000
2001-12-14T00:40:00,1,12,14,0,40,0.00000000,18.33333333,18.33333333,0.00000000
2001-12-14T00:50:00,1,12,14,0,50,0.00000000,18.31666667,18.31666667,0.00000000
2001-12-14T01:00:00,1,12,14,1,0,0.00000000,18.30000000,18.30000000,0.00000000
2001-12-14T01:10:00,1,12,14,1,10,0.00000000,18.18333333,18.18333333,0.00000000
2001-12-14T01:20:00,1,12,14,1,20,0.00000000,18.06666667,18.06666667,0.00000000
2001-12-14T01:30:00,1,12,14,1,30,0.00000000,17.95000000,17.95000000,0.00000000
2001-12-14T01:40:00,1,12,14,1,40,0.00000000,17.83333333,17.83333333,0.00000000
2001-12-14T01:50:00,1,12,14,1,50,0.00000000,17.71666667,17.71666667,0.00000000
2001-12-14T02:00:00,1,12,14,2,0,0.00000000,17.60000000,17.60000000,0.00000000
2001-12-14T02:10:00,1,12,14,2,10,0.00000000,17.51666667,17.51666667,0.00000000
2001-12-14T02:20:00,1,12,14,2,20,0.00000000,17.43333333,17.43333333,0.00000000
2001-12-14T02:30:00,1,12,14,2,30,0.00000000,17.35000000,17.35000000,0.00000000
2001-12-14T02:40:00,1,12,14,2,40,0.00000000,17.26666667,17.26666667,0.00000000
2001-12-14T02:50:00,1,12,14,2,50,0.00000000,17.18333333,17.18333333,0.00000000
2001-12-14T03:00:00,1,12,14,3,0,0.00000000,17.10000000,17.10000000,0.00000000
2001-12-14T03:10:00,1,12,14,3,10,0.00000000,17.05000000,17.05000000,0.00000000
2001-12-14T03:20:00,1,12,14,3,20,0.00000000,17.00000000,17.00000000,0.00000000
2001-12-14T03:30:00,1,12,14,3,30,0.00000000,16.95000000,16.95000000,0.00000000
2001-12-14T03:40:00,1,12,14,3,40,0.00000000,16.90000000,16.90000000,0.00000000
2001-12-14T03:50:00,1,12,14,3,50,0.00000000,16.85000000,16.85000000,0.00000000
2001-12-14T04:00:00,1,12,14,4,0,0.00000000,16.80000000,16.80000000,0.00000000
2001-12-14T04:10:00,1,12,14,4,10,0.00516667,16.85000000,17.03083333,0.00535607
2001-12-14T04:20:00,1,12,14,4,20,0.01033333,16.90000000,17.26166667,0.01070116
2001-12-14T04:30:00,1,12,14,4,30,0.01550000,16.95000000,17.49250000,0.01603528
2001-12-14T04:40:00,1,12,14,4,40,0.02066667,17.00000000,17.72333333,0.02135844
2001-12-14T04:50:00,1,12,14,4,50,0.02583333,17.05000000,17.95416667,0.02667061
2001-12-14T05:00:00,1,12,14,5,0,0.03100000,17.10000000,18.18500000,0.03197182
2001-12-14T05:10:00,1,12,14,5,10,0.06033333,17.30000000,19.41166667,0.06188428
2001-12-14T05:20:00,1,12,14,5,20,0.08966667,17.50000000,20.63833333,0.09146571
2001-12-14T05:30:00,1,12,14,5,30,0.11900000,17.70000000,21.86500000,0.12071610
2001-12-14T05:40:00,1,12,14,5,40,0.14833333,17.90000000,23.09166667,0.14963545
2001-12-14T05:50:00,1,12,14,5,50,0.17766667,18.10000000,24.31833333,0.17822377
2001-12-14T06:00:00,1,12,14,6,0,0.20700000,18.30000000,25.54500000,0.20648105
2001-12-14T06:10:00,1,12,14,6,10,0.22333333,18.63333333,26.45000000,0.22184370
2001-12-14T06:20:00,1,12,14,6,20,0.23966667,18.96666667,27.35500000,0.23707036
2001-12-14T06:30:00,1,12,14,6,30,0.25600000,19.30000000,28.26000000,0.25216102
2001-12-14T06:40:00,1,12,14,6,40,0.27233333,19.63333333,29.16500000,0.26711570
2001-12-14T06:50:00,1,12,14,6,50,0.28866667,19.96666667,30.07000000,0.28193438
2001-12-14T07:00:00,1,12,14,7,0,0.30500000,20.30000000,30.97500000,0.29661708
2001-12-14T07:10:00,1,12,14,7,10,0.36033333,20.40000000,33.01166667,0.34705373
2001-12-14T07:20:00,1,12,14,7,20,0.41566667,20.50000000,35.04833333,0.39645358
2001-12-14T07:30:00,1,12,14,7,30,0.47100000,20.60000000,37.08500000,0.44481664
2001-12-14T07:40:00,1,12,14,7,40,0.52633333,20.70000000,39.12166667,0.49214290
2001-12-14T07:50:00,1,12,14,7,50,0.58166667,20.80000000,41.15833333,0.53843235
2001-12-14T08:00:00,1,12,14,8,0,0.63700000,20.90000000,43.19500000,0.58368501
2001-12-14T08:10:00,1,12,14,8,10,0.61600000,21.40000000,42.96000000,0.56510854
2001-12-14T08:20:00,1,12,14,8,20,0.59500000,21.90000000,42.72500000,0.54648668
2001-12-14T08:30:00,1,12,14,8,30,0.57400000,22.40000000,42.49000000,0.52781940
2001-12-14T08:40:00,1,12,14,8,40,0.55300000,22.90000000,42.25500000,0.50910673
2001-12-14T08:50:00,1,12,14,8,50,0.53200000,23.40000000,42.02000000,0.49034866
2001-12-14T09:00:00,1,12,14,9,0,0.51100000,23.90000000,41.78500000,0.47154518
2001-12-14T09:10:00,1,12,14,9,10,0.59016667,23.81666667,44.47250000,0.53730337
2001-12-14T09:20:00,1,12,14,9,20,0.66933333,23.73333333,47.16000000,0.60110417
2001-12-14T09:30:00,1,12,14,9,30,0.74850000,23.65000000,49.84750000,0.66294757
2001-12-14T09:40:00,1,12,14,9,40,0.82766667,23.56666667,52.53500000,0.72283358
2001-12-14T09:50:00,1,12,14,9,50,0.90683333,23.48333333,55.22250000,0.78076219
2001-12-14T10:00:00,1,12,14,10,0,0.98600000,23.40000000,57.91000000,0.83673340
2001-12-14T10:10:00,1,12,14,10,10,1.00716667,24.16666667,59.41750000,0.84771154
2001-12-14T10:20:00,1,12,14,10,20,1.02833333,24.93333333,60.92500000,0.85839611
2001-12-14T10:30:00,1,12,14,10,30,1.04950000,25.70000000,62.43250000,0.86878712
2001-12-14T10:40:00,1,12,14,10,40,1.07066667,26.46666667,63.94000000,0.87888457
2001-12-14T10:50:00,1,12,14,10,50,1.09183333,27.23333333,65.44750000,0.88868846
2001-12-14T11:00:00,1,12,14,11,0,1.11300000,28.00000000,66.95500000,0.89819879
2001-12-14T11:10:00,1,12,14,11,10,1.06966667,28.06666667,65.50500000,0.87036316
2001-12-14T11:20:00,1,12,14,11,20,1.02633333,28.13333333,64.05500000,0.84194947
2001-12-14T11:30:00,1,12,14,11,30,0.98300000,28.20000000,62.60500000,0.81295771
2001-12-14T11:40:00,1,12,14,11,40,0.93966667,28.26666667,61.15500000,0.78338788
2001-12-14T11:50:00,1,12,14,11,50,0.89633333,28.33333333,59.70500000,0.75323999
2001-12-14T12:00:00,1,12,14,12,0,0.85300000,28.40000000,58.25500000,0.72251403
2001-12-14T12:10:00,1,12,14,12,10,0.81883333,28.05000000,56.70916667,0.69939653
2001-12-14T12:20:00,1,12,14,12,20,0.78466667,27.70000000,55.16333333,0.67579312
2001-12-14T12:30:00,1,12,14,12,30,0.75050000,27.35000000,53.61750000,0.65170380
2001-12-14T12:40:00,1,12,14,12,40,0.71633333,27.00000000,52.07166667,0.62712858
2001-12-14T12:50:00,1,12,14,12,50,0.68216667,26.65000000,50.52583333,0.60206745
2001-12-14T13:00:00,1,12,14,13,0,0.64800000,26.30000000,48.98000000,0.57652042
2001-12-14T13:10:00,1,12,14,13,10,0.64250000,26.16666667,48.65416667,0.57259011
2001-12-14T13:20:00,1,12,14,13,20,0.63700000,26.03333333,48.32833333,0.56864332
2001-12-14T13:30:00,1,12,14,13,30,0.63150000,25.90000000,48.00250000,0.56468004
2001-12-14T13:40:00,1,12,14,13,40,0.62600000,25.76666667,47.67666667,0.56070027
2001-12-14T13:50:00,1,12,14,13,50,0.62050000,25.63333333,47.35083333,0.55670402
2001-12-14T14:00:00,1,12,14,14,0,0.61500000,25.50000000,47.02500000,0.55269127
2001-12-14T14:10:00,1,12,14,14,10,0.61833333,25.35000000,46.99166667,0.55578170
2001-12-14T14:20:00,1,12,14,14,20,0.62166667,25.20000000,46.95833333,0.55887315
2001-12-14T14:30:00,1,12,14,14,30,0.62500000,25.05000000,46.92500000,0.56196563
2001-12-14T14:40:00,1,12,14,14,40,0.62833333,24.90000000,46.89166667,0.56505912
2001-12-14T14:50:00,1,12,14,14,50,0.63166667,24.75000000,46.85833333,0.56815364
2001-12-14T15:00:00,1,12,14,15,0,0.63500000,24.60000000,46.82500000,0.57124918
2001-12-14T15:10:00,1,12,14,15,10,0.57966667,24.60000000,44.88833333,0.52663509
2001-12-14T15:20:00,1,12,14,15,20,0.52433333,24.60000000,42.95166667,0.48103511
2001-12-14T15:30:00,1,12,14,15,30,0.46900000,24.60000000,41.01500000,0.43444924
2001-12-14T15:40:00,1,12,14,15,40,0.41366667,24.60000000,39.07833333,0.38687748
2001-12-14T15:50:00,1,12,14,15,50,0.35833333,24.60000000,37.14166667,0.33831982
2001-12-14T16:00:00,1,12,14,16,0,0.30300000,24.60000000,35.20500000,0.28877627
2001-12-14T16:10:00,1,12,14,16,10,0.27350000,24.10000000,33.67250000,0.26258913
2001-12-14T16:20:00,1,12,14,16,20,0.24400000,23.60000000,32.14000000,0.23598606
2001-12-14T16:30:00,1,12,14,16,30,0.21450000,23.10000000,30.60750000,0.20896708
2001-12-14T16:40:00,1,12,14,16,40,0.18500000,22.60000000,29.07500000,0.18153217
2001-12-14T16:50:00,1,12,14,16,50,0.15550000,22.10000000,27.54250000,0.15368135
2001-12-14T17:00:00,1,12,14,17,0,0.12600000,21.60000000,26.01000000,0.12541460
2001-12-14T17:10:00,1,12,14,17,10,0.11083333,21.40000000,25.27916667,0.11069100
2001-12-14T17:20:00,1,12,14,17,20,0.09566667,21.20000000,24.54833333,0.09586543
2001-12-14T17:30:00,1,12,14,17,30,0.08050000,21.00000000,23.81750000,0.08093788
2001-12-14T17:40:00,1,12,14,17,40,0.06533333,20.80000000,23.08666667,0.06590835
2001-12-14T17:50:00,1,12,14,17,50,0.05016667,20.60000000,22.35583333,0.05077685
2001-12-14T18:00:00,1,12,14,18,0,0.03500000,20.40000000,21.62500000,0.03554338
2001-12-14T18:10:00,1,12,14,18,10,0.02916667,20.26666667,21.28750000,0.02966476
2001-12-14T18:20:00,1,12,14,18,20,0.02333333,20.13333333,20.95000000,0.02376803
2001-12-14T18:30:00,1,12,14,18,30,0.01750000,20.00000000,20.61250000,0.01785319
2001-12-14T18:40:00,1,12,14,18,40,0.01166667,19.86666667,20.27500000,0.01192024
2001-12-14T18:50:00,1,12,14,18,50,0.00583333,19.73333333,19.93750000,0.00596918
2001-12-14T19:00:00,1,12,14,19,0,0.00000000,19.60000000,19.60000000,0.00000000
2001-12-14T19:10:00,1,12,14,19,10,0.00000000,19.33333333,19.33333333,0.00000000
2001-12-14T19:20:00,1,12,14,19,20,0.00000000,19.06666667,19.06666667,0.00000000
2001-12-14T19:30:00,1,12,14,19,30,0.00000000,18.80000000,18.80000000,0.00000000
2001-12-14T19:40:00,1,12,14,19,40,0.00000000,18.53333333,18.53333333,0.00000000
2001-12-14T19:50:00,1,12,14,19,50,0.00000000,18.26666667,18.26666667,0.00000000
2001-12-14T20:00:00,1,12,14,20,0,0.00000000,18.00000000,18.00000000,0.00000000
2001-12-14T20:10:00,1,12,14,20,10,0.00000000,18.03333333,18.03333333,0.00000000
2001-12-14T20:20:00,1,12,14,20,20,0.00000000,18.06666667,18.06666667,0.00000000
2001-12-14T20:30:00,1,12,14,20,30,0.00000000,18.10000000,18.10000000,0.00000000
2001-12-14T20:40:00,1,12,14,20,40,0.00000000,18.13333333,18.13333333,0.00000000
2001-12-14T20:50:00,1,12,14,20,50,0.00000000,18.16666667,18.16666667,0.00000000
2001-12-14T21:00:00,1,12,14,21,0,0.00000000,18.20000000,18.20000000,0.00000000
2001-12-14T21:10:00,1,12,14,21,10,0.00000000,17.98333333,17.98333333,0.00000000
2001-12-14T21:20:00,1,12,14,21,20,0.00000000,17.76666667,17.76666667,0.00000000
2001-12-14T21:30:00,1,12,14,21,30,0.00000000,17.55000000,17.55000000,0.00000000
2001-12-14T21:40:00,1,12,14,21,40,0.00000000,17.33333333,17.33333333,0.00000000
2001-12-14T21:50:00,1,12,14,21,50,0.00000000,17.11666667,17.11666667,0.00000000
2001-12-14T22:00:00,1,12,14,22,0,0.00000000,16.90000000,16.90000000,0.00000000
2001-12-14T22:10:00,1,12,14,22,10,0.00000000,16.91666667,16.91666667,0.00000000
2001-12-14T22:20:00,1,12,14,22,20,0.00000000,16.93333333,16.93333333,0.00000000
2001-12-14T22:30:00,1,12,14,22,30,0.00000000,16.95000000,16.95000000,0.00000000
2001-12-14T22:40:00,1,12,14,22,40,0.00000000,16.96666667,16.96666667,0.00000000
2001-12-14T22:50:00,1,12,14,22,50,0.00000000,16.98333333,16.98333333,0.00000000
2001-12-14T23:00:00,1,12,14,23,0,0.00000000,17.00000000,17.00000000,0.00000000
2001-12-14T23:10:00,1,12,14,23,10,0.00000000,16.96666667,16.96666667,0.00000000
2001-12-14T23:20:00,1,12,14,23,20,0.00000000,16.93333333,16.93333333,0.00000000
2001-12-14T23:30:00,1,12,14,23,30,0.00000000,16.90000000,16.90000000,0.00000000
2001-12-14T23:40:00,1,12,14,23,40,0.00000000,16.86666667,16.86666667,0.00000000
2001-12-14T23:50:00,1,12,14,23,50,0.00000000,16.83333333,16.83333333,0.00000000
2001-12-15T00:00:00,1,12,15,0,0,0.00000000,16.80000000,16.80000000,0.00000000
2001-12-15T00:10:00,1,12,15,0,10,0.00000000,16.70000000,16.70000000,0.00000000
2001-12-15T00:20:00,1,12,15,0,20,0.00000000,16.60000000,16.60000000,0.00000000
2001-12-15T00:30:00,1,12,15,0,30,0.00000000,16.50000000,16.50000000,0.00000000
2001-12-15T00:40:00,1,12,15,0,40,0.00000000,16.40000000,16.40000000,0.00000000
2001-12-15T00:50:00,1,12,15,0,50,0.00000000,16.30000000,16.30000000,0.00000000
2001-12-15T01:00:00,1,12,15,1,0,0.00000000,16.20000000,16.20000000,0.00000000
2001-12-15T01:10:00,1,12,15,1,10,0.00000000,16.33333333,16.33333333,0.00000000
2001-12-15T01:20:00,1,12,15,1,20,0.00000000,16.46666667,16.46666667,0.00000000
2001-12-15T01:30:00,1,12,15,1,30,0.00000000,16.60000000,16.60000000,0.00000000
2001-12-15T01:40:00,1,12,15,1,40,0.00000000,16.73333333,16.73333333,0.00000000
2001-12-15T01:50:00,1,12,15,1,50,0.00000000,16.86666667,16.86666667,0.00000000
2001-12-15T02:00:00,1,12,15,2,0,0.00000000,17.00000000,17.00000000,0.00000000
2001-12-15T02:10:00,1,12,15,2,10,0.00000000,16.96666667,16.96666667,0.00000000
2001-12-15T02:20:00,1,12,15,2,20,0.00000000,16.93333333,16.93333333,0.00000000
2001-12-15T02:30:00,1,12,15,2,30,0.00000000,16.90000000,16.90000000,0.00000000
2001-12-15T02:40:00,1,12,15,2,40,0.00000000,16.86666667,16.86666667,0.00000000
2001-12-15T02:50:00,1,12,15,2,50,0.00000000,16.83333333,16.83333333,0.00000000
2001-12-15T03:00:00,1,12,15,3,0,0.00000000,16.80000000,16.80000000,0.00000000
2001-12-15T03:10:00,1,12,15,3,10,0.00000000,16.70000000,16.70000000,0.00000000
2001-12-15T03:20:00,1,12,15,3,20,0.00000000,16.60000000,16.60000000,0.00000000
2001-12-15T03:30:00,1,12,15,3,30,0.00000000,16.50000000,16.50000000,0.00000000
2001-12-15T03:40:00,1,12,15,3,40,0.00000000,16.40000000,16.40000000,0.00000000
2001-12-15T03:50:00,1,12,15,3,50,0.00000000,16.30000000,16.30000000,0.00000000
2001-12-15T04:00:00,1,12,15,4,0,0.00000000,16.20000000,16.20000000,0.00000000
2001-12-15T04:10:00,1,12,15,4,10,0.00366667,16.31666667,16.44500000,0.00381096
2001-12-15T04:20:00,1,12,15,4,20,0.00733333,16.43333333,16.69000000,0.00761366
2001-12-15T04:30:00,1,12,15,4,30,0.01100000,16.55000000,16.93500000,0.01140809
2001-12-15T04:40:00,1,12,15,4,40,0.01466667,16.66666667,17.18000000,0.01519426
2001-12-15T04:50:00,1,12,15,4,50,0.01833333,16.78333333,17.42500000,0.01897216
2001-12-15T05:00:00,1,12,15,5,0,0.02200000,16.90000000,17.67000000,0.02274180
2001-12-15T05:10:00,1,12,15,5,10,0.03666667,17.01666667,18.30000000,0.03779673
2001-12-15T05:20:00,1,12,15,5,20,0.05133333,17.13333333,18.93000000,0.05276666
2001-12-15T05:30:00,1,12,15,5,30,0.06600000,17.25000000,19.56000000,0.06765158
2001-12-15T05:40:00,1,12,15,5,40,0.08066667,17.36666667,20.19000000,0.08245150
2001-12-15T05:50:00,1,12,15,5,50,0.09533333,17.48333333,20.82000000,0.09716640
2001-12-15T06:00:00,1,12,15,6,0,0.11000000,17.60000000,21.45000000,0.11179630
2001-12-15T06:10:00,1,12,15,6,10,0.13266667,17.63333333,22.27666667,0.13432863
2001-12-15T06:20:00,1,12,15,6,20,0.15533333,17.66666667,23.10333333,0.15668856
2001-12-15T06:30:00,1,12,15,6,30,0.17800000,17.70000000,23.93000000,0.17887612
2001-12-15T06:40:00,1,12,15,6,40,0.20066667,17.73333333,24.75666667,0.20089128
2001-12-15T06:50:00,1,12,15,6,50,0.22333333,17.76666667,25.58333333,0.22273406
2001-12-15T07:00:00,1,12,15,7,0,0.24600000,17.80000000,26.41000000,0.24440444
2001-12-15T07:10:00,1,12,15,7,10,0.23700000,18.05000000,26.34500000,0.23553368
2001-12-15T07:20:00,1,12,15,7,20,0.22800000,18.30000000,26.28000000,0.22665754
2001-12-15T07:30:00,1,12,15,7,30,0.21900000,18.55000000,26.21500000,0.21777601
2001-12-15T07:40:00,1,12,15,7,40,0.21000000,18.80000000,26.15000000,0.20888910
2001-12-15T07:50:00,1,12,15,7,50,0.20100000,19.05000000,26.08500000,0.19999681
2001-12-15T08:00:00,1,12,15,8,0,0.19200000,19.30000000,26.02000000,0.19109914
2001-12-15T08:10:00,1,12,15,8,10,0.23416667,19.36666667,27.56250000,0.23140643
2001-12-15T08:20:00,1,12,15,8,20,0.27633333,19.43333333,29.10500000,0.27111533
2001-12-15T08:30:00,1,12,15,8,30,0.31850000,19.50000000,30.64750000,0.31022585
2001-12-15T08:40:00,1,12,15,8,40,0.36066667,19.56666667,32.19000000,0.34873798
2001-12-15T08:50:00,1,12,15,8,50,0.40283333,19.63333333,33.73250000,0.38665172
2001-12-15T09:00:00,1,12,15,9,0,0.44500000,19.70000000,35.27500000,0.42396708
2001-12-15T09:10:00,1,12,15,9,10,0.51183333,19.81666667,37.73083333,0.48185943
2001-12-15T09:20:00,1,12,15,9,20,0.57866667,19.93333333,40.18666667,0.53824178
2001-12-15T09:30:00,1,12,15,9,30,0.64550000,20.05000000,42.64250000,0.59311412
2001-12-15T09:40:00,1,12,15,9,40,0.71233333,20.16666667,45.09833333,0.64647645
2001-12-15T09:50:00,1,12,15,9,50,0.77916667,20.28333333,47.55416667,0.69832877
2001-12-15T10:00:00,1,12,15,10,0,0.84600000,20.40000000,50.01000000,0.74867108
2001-12-15T10:10:00,1,12,15,10,10,0.84850000,20.70000000,50.39750000,0.74937102
2001-12-15T10:20:00,1,12,15,10,20,0.85100000,21.00000000,50.78500000,0.75006204
2001-12-15T10:30:00,1,12,15,10,30,0.85350000,21.30000000,51.17250000,0.75074415
2001-12-15T10:40:00,1,12,15,10,40,0.85600000,21.60000000,51.56000000,0.75141734
2001-12-15T10:50:00,1,12,15,10,50,0.85850000,21.90000000,51.94750000,0.75208163
2001-12-15T11:00:00,1,12,15,11,0,0.86100000,22.20000000,52.33500000,0.75273700
2001-12-15T11:10:00,1,12,15,11,10,0.86233333,22.33333333,52.51500000,0.75318867
2001-12-15T11:20:00,1,12,15,11,20,0.86366667,22.46666667,52.69500000,0.75363812
2001-12-15T11:30:00,1,12,15,11,30,0.86500000,22.60000000,52.87500000,0.75408537
2001-12-15T11:40:00,1,12,15,11,40,0.86633333,22.73333333,53.05500000,0.75453042
2001-12-15T11:50:00,1,12,15,11,50,0.86766667,22.86666667,53.23500000,0.75497325
2001-12-15T12:00:00,1,12,15,12,0,0.86900000,23.00000000,53.41500000,0.75541388
2001-12-15T12:10:00,1,12,15,12,10,0.86533333,23.05000000,53.33666667,0.75253829
2001-12-15T12:20:00,1,12,15,12,20,0.86166667,23.10000000,53.25833333,0.74966005
2001-12-15T12:30:00,1,12,15,12,30,0.85800000,23.15000000,53.18000000,0.74677918
2001-12-15T12:40:00,1,12,15,12,40,0.85433333,23.20000000,53.10166667,0.74389566
2001-12-15T12:50:00,1,12,15,12,50,0.85066667,23.25000000,53.02333333,0.74100950
2001-12-15T13:00:00,1,12,15,13,0,0.84700000,23.30000000,52.94500000,0.73812069
2001-12-15T13:10:00,1,12,15,13,10,0.75166667,23.30000000,49.60833333,0.66657925
2001-12-15T13:20:00,1,12,15,13,20,0.65633333,23.30000000,46.27166667,0.59211134
2001-12-15T13:30:00,1,12,15,13,30,0.56100000,23.30000000,42.93500000,0.51471694
2001-12-15T13:40:00,1,12,15,13,40,0.46566667,23.30000000,39.59833333,0.43439606
2001-12-15T13:50:00,1,12,15,13,50,0.37033333,23.30000000,36.26166667,0.35114871
2001-12-15T14:00:00,1,12,15,14,0,0.27500000,23.30000000,32.92500000,0.26497487
2001-12-15T14:10:00,1,12,15,14,10,0.28466667,23.06666667,33.03000000,0.27415165
2001-12-15T14:20:00,1,12,15,14,20,0.29433333,22.83333333,33.13500000,0.28331909
2001-12-15T14:30:00,1,12,15,14,30,0.30400000,22.60000000,33.24000000,0.29247718
2001-12-15T14:40:00,1,12,15,14,40,0.31366667,22.36666667,33.34500000,0.30162594
2001-12-15T14:50:00,1,12,15,14,50,0.32333333,22.13333333,33.45000000,0.31076537
2001-12-15T15:00:00,1,12,15,15,0,0.33300000,21.90000000,33.55500000,0.31989545
2001-12-15T15:10:00,1,12,15,15,10,0.30400000,21.80000000,32.44000000,0.29359590
2001-12-15T15:20:00,1,12,15,15,20,0.27500000,21.70000000,31.32500000,0.26699888
2001-12-15T15:30:00,1,12,15,15,30,0.24600000,21.60000000,30.21000000,0.24010436
2001-12-15T15:40:00,1,12,15,15,40,0.21700000,21.50000000,29.09500000,0.21291237
2001-12-15T15:50:00,1,12,15,15,50,0.18800000,21.40000000,27.98000000,0.18542290
2001-12-15T16:00:00,1,12,15,16,0,0.15900000,21.30000000,26.86500000,0.15763594
2001-12-15T16:10:00,1,12,15,16,10,0.16600000,21.21666667,27.02666667,0.16445244
2001-12-15T16:20:00,1,12,15,16,20,0.17300000,21.13333333,27.18833333,0.17125852
2001-12-15T16:30:00,1,12,15,16,30,0.18000000,21.05000000,27.35000000,0.17805420
2001-12-15T16:40:00,1,12,15,16,40,0.18700000,20.96666667,27.51166667,0.18483946
2001-12-15T16:50:00,1,12,15,16,50,0.19400000,20.88333333,27.67333333,0.19161432
2001-12-15T17:00:00,1,12,15,17,0,0.20100000,20.80000000,27.83500000,0.19837876
2001-12-15T17:10:00,1,12,15,17,10,0.17183333,20.85000000,26.86416667,0.17035983
2001-12-15T17:20:00,1,12,15,17,20,0.14266667,20.90000000,25.89333333,0.14208040
2001-12-15T17:30:00,1,12,15,17,30,0.11350000,20.95000000,24.92250000,0.11354046
2001-12-15T17:40:00,1,12,15,17,40,0.08433333,21.00000000,23.95166667,0.08474002
2001-12-15T17:50:00,1,12,15,17,50,0.05516667,21.05000000,22.98083333,0.05567906
2001-12-15T18:00:00,1,12,15,18,0,0.02600000,21.10000000,22.01000000,0.02635760
2001-12-15T18:10:00,1,12,15,18,10,0.02166667,20.98333333,21.74166667,0.02199141
2001-12-15T18:20:00,1,12,15,18,20,0.01733333,20.86666667,21.47333333,0.01761453
2001-12-15T18:30:00,1,12,15,18,30,0.01300000,20.75000000,21.20500000,0.01322694
2001-12-15T18:40:00,1,12,15,18,40,0.00866667,20.63333333,20.93666667,0.00882866
2001-12-15T18:50:00,1,12,15,18,50,0.00433333,20.51666667,20.66833333,0.00441968
2001-12-15T19:00:00,1,12,15,19,0,0.00000000,20.40000000,20.40000000,0.00000000
2001-12-15T19:10:00,1,12,15,19,10,0.00000000,20.40000000,20.40000000,0.00000000
2001-12-15T19:20:00,1,12,15,19,20,0.00000000,20.40000000,20.40000000,0.00000000
2001-12-15T19:30:00,1,12,15,19,30,0.00000000,20.40000000,20.40000000,0.00000000
2001-12-15T19:40:00,1,12,15,19,40,0.00000000,20.40000000,20.40000000,0.00000000
2001-12-15T19:50:00,1,12,15,19,50,0.00000000,20.40000000,20.40000000,0.00000000
2001-12-15T20:00:00,1,12,15,20,0,0.00000000,20.40000000,20.40000000,0.00000000
2001-12-15T20:10:00,1,12,15,20,10,0.00000000,20.26666667,20.26666667,0.00000000
2001-12-15T20:20:00,1,12,15,20,20,0.00000000,20.13333333,20.13333333,0.00000000
2001-12-15T20:30:00,1,12,15,20,30,0.00000000,20.00000000,20.00000000,0.00000000
2001-12-15T20:40:00,1,12,15,20,40,0.00000000,19.86666667,19.86666667,0.00000000
2001-12-15T20:50:00,1,12,15,20,50,0.00000000,19.73333333,19.73333333,0.00000000
2001-12-15T21:00:00,1,12,15,21,0,0.00000000,19.60000000,19.60000000,0.00000000
2001-12-15T21:10:00,1,12,15,21,10,0.00000000,19.61666667,19.61666667,0.00000000
2001-12-15T21:20:00,1,12,15,21,20,0.00000000,19.63333333,19.63333333,0.00000000
2001-12-15T21:30:00,1,12,15,21,30,0.00000000,19.65000000,19.65000000,0.00000000
2001-12-15T21:40:00,1,12,15,21,40,0.00000000,19.66666667,19.66666667,0.00000000
2001-12-15T21:50:00,1,12,15,21,50,0.00000000,19.68333333,19.68333333,0.00000000
2001-12-15T22:00:00,1,12,15,22,0,0.00000000,19.70000000,19.70000000,0.00000000
2001-12-15T22:10:00,1,12,15,22,10,0.00000000,19.61666667,19.61666667,0.00000000
2001-12-15T22:20:00,1,12,15,22,20,0.00000000,19.53333333,19.53333333,0.00000000
2001-12-15T22:30:00,1,12,15,22,30,0.00000000,19.45000000,19.45000000,0.00000000
2001-12-15T22:40:00,1,12,15,22,40,0.00000000,19.36666667,19.36666667,0.00000000
2001-12-15T22:50:00,1,12,15,22,50,0.00000000,19.28333333,19.28333333,0.00000000
2001-12-15T23:00:00,1,12,15,23,0,0.00000000,19.20000000,19.20000000,0.00000000
2001-12-15T23:10:00,1,12,15,23,10,0.00000000,19.06666667,19.06666667,0.00000000
2001-12-15T23:20:00,1,12,15,23,20,0.00000000,18.93333333,18.93333333,0.00000000
2001-12-15T23:30:00,1,12,15,23,30,0.00000000,18.80000000,18.80000000,0.00000000
2001-12-15T23:40:00,1,12,15,23,40,0.00000000,18.66666667,18.66666667,0.00000000
2001-12-15T23:50:00,1,12,15,23,50,0.00000000,18.53333333,18.53333333,0.00000000
2001-12-16T00:00:00,1,12,16,0,0,0.00000000,18.40000000,18.40000000,0.00000000
2001-12-16T00:10:00,1,12,16,0,10,0.00000000,18.33333333,18.33333333,0.00000000
2001-12-16T00:20:00,1,12,16,0,20,0.00000000,18.26666667,18.26666667,0.00000000
2001-12-16T00:30:00,1,12,16,0,30,0.00000000,18.20000000,18.20000000,0.00000000
2001-12-16T00:40:00,1,12,16,0,40,0.00000000,18.13333333,18.13333333,0.00000000
2001-12-16T00:50:00,1,12,16,0,50,0.00000000,18.06666667,18.06666667,0.00000000
2001-12-16T01:00:00,1,12,16,1,0,0.00000000,18.00000000,18.00000000,0.00000000
2001-12-16T01:10:00,1,12,16,1,10,0.00000000,18.06666667,18.06666667,0.00000000
2001-12-16T01:20:00,1,12,16,1,20,0.00000000,18.13333333,18.13333333,0.00000000
2001-12-16T01:30:00,1,12,16,1,30,0.00000000,18.20000000,18.20000000,0.00000000
2001-12-16T01:40:00,1,12,16,1,40,0.00000000,18.26666667,18.26666667,0.00000000
2001-12-16T01:50:00,1,12,16,1,50,0.00000000,18.33333333,18.33333333,0.00000000
2001-12-16T02:00:00,1,12,16,2,0,0.00000000,18.40000000,18.40000000,0.00000000
2001-12-16T02:10:00,1,12,16,2,10,0.00000000,18.23333333,18.23333333,0.00000000
2001-12-16T02:20:00,1,12,16,2,20,0.00000000,18.06666667,18.06666667,0.00000000
2001-12-16T02:30:00,1,12,16,2,30,0.00000000,17.90000000,17.90000000,0.00000000
2001-12-16T02:40:00,1,12,16,2,40,0.00000000,17.73333333,17.73333333,0.00000000
2001-12-16T02:50:00,1,12,16,2,50,0.00000000,17.56666667,17.56666667,0.00000000
2001-12-16T03:00:00,1,12,16,3,0,0.00000000,17.40000000,17.40000000,0.00000000
2001-12-16T03:10:00,1,12,16,3,10,0.00000000,17.35000000,17.35000000,0.00000000
2001-12-16T03:20:00,1,12,16,3,20,0.00000000,17.30000000,17.30000000,0.00000000
2001-12-16T03:30:00,1,12,16,3,30,0.00000000,17.25000000,17.25000000,0.00000000
2001-12-16T03:40:00,1,12,16,3,40,0.00000000,17.20000000,17.20000000,0.00000000
2001-12-16T03:50:00,1,12,16,3,50,0.00000000,17.15000000,17.15000000,0.00000000
2001-12-16T04:00:00,1,12,16,4,0,0.00000000,17.10000000,17.10000000,0.00000000
2001-12-16T04:10:00,1,12,16,4,10,0.00550000,17.16666667,17.35916667,0.00569331
2001-12-16T04:20:00,1,12,16,4,20,0.01100000,17.23333333,17.61833333,0.01137351
2001-12-16T04:30:00,1,12,16,4,30,0.01650000,17.30000000,17.87750000,0.01704060
2001-12-16T04:40:00,1,12,16,4,40,0.02200000,17.36666667,18.13666667,0.02269457
2001-12-16T04:50:00,1,12,16,4,50,0.02750000,17.43333333,18.39583333,0.02833543
2001-12-16T05:00:00,1,12,16,5,0,0.03300000,17.50000000,18.65500000,0.03396317
2001-12-16T05:10:00,1,12,16,5,10,0.06483333,17.66666667,19.93583333,0.06634364
2001-12-16T05:20:00,1,12,16,5,20,0.09666667,17.83333333,21.21666667,0.09834899
2001-12-16T05:30:00,1,12,16,5,30,0.12850000,18.00000000,22.49750000,0.12997923
2001-12-16T05:40:00,1,12,16,5,40,0.16033333,18.16666667,23.77833333,0.16123435
2001-12-16T05:50:00,1,12,16,5,50,0.19216667,18.33333333,25.05916667,0.19211437
2001-12-16T06:00:00,1,12,16,6,0,0.22400000,18.50000000,26.34000000,0.22261926
2001-12-16T06:10:00,1,12,16,6,10,0.25333333,18.78333333,27.65000000,0.25024520
2001-12-16T06:20:00,1,12,16,6,20,0.28266667,19.06666667,28.96000000,0.27751761
2001-12-16T06:30:00,1,12,16,6,30,0.31200000,19.35000000,30.27000000,0.30443650
2001-12-16T06:40:00,1,12,16,6,40,0.34133333,19.63333333,31.58000000,0.33100186
2001-12-16T06:50:00,1,12,16,6,50,0.37066667,19.91666667,32.89000000,0.35721369
2001-12-16T07:00:00,1,12,16,7,0,0.40000000,20.20000000,34.20000000,0.38307200
2001-12-16T07:10:00,1,12,16,7,10,0.44233333,20.40000000,35.88166667,0.42019204
2001-12-16T07:20:00,1,12,16,7,20,0.48466667,20.60000000,37.56333333,0.45665713
2001-12-16T07:30:00,1,12,16,7,30,0.52700000,20.80000000,39.24500000,0.49246727
2001-12-16T07:40:00,1,12,16,7,40,0.56933333,21.00000000,40.92666667,0.52762246
2001-12-16T07:50:00,1,12,16,7,50,0.61166667,21.20000000,42.60833333,0.56212269
2001-12-16T08:00:00,1,12,16,8,0,0.65400000,21.40000000,44.29000000,0.59596796
2001-12-16T08:10:00,1,12,16,8,10,0.66216667,21.80000000,44.97583333,0.60132094
2001-12-16T08:20:00,1,12,16,8,20,0.67033333,22.20000000,45.66166667,0.60662240
2001-12-16T08:30:00,1,12,16,8,30,0.67850000,22.60000000,46.34750000,0.61187232
2001-12-16T08:40:00,1,12,16,8,40,0.68666667,23.00000000,47.03333333,0.61707071
2001-12-16T08:50:00,1,12,16,8,50,0.69483333,23.40000000,47.71916667,0.62221758
2001-12-16T09:00:00,1,12,16,9,0,0.70300000,23.80000000,48.40500000,0.62731291
2001-12-16T09:10:00,1,12,16,9,10,0.73000000,24.00000000,49.55000000,0.64756110
2001-12-16T09:20:00,1,12,16,9,20,0.75700000,24.20000000,50.69500000,0.66752487
2001-12-16T09:30:00,1,12,16,9,30,0.78400000,24.40000000,51.84000000,0.68720422
2001-12-16T09:40:00,1,12,16,9,40,0.81100000,24.60000000,52.98500000,0.70659916
2001-12-16T09:50:00,1,12,16,9,50,0.83800000,24.80000000,54.13000000,0.72570968
2001-12-16T10:00:00,1,12,16,10,0,0.86500000,25.00000000,55.27500000,0.74453578
2001-12-16T10:10:00,1,12,16,10,10,0.89033333,25.10000000,56.26166667,0.76230014
2001-12-16T10:20:00,1,12,16,10,20,0.91566667,25.20000000,57.24833333,0.77983454
2001-12-16T10:30:00,1,12,16,10,30,0.94100000,25.30000000,58.23500000,0.79713898
2001-12-16T10:40:00,1,12,16,10,40,0.96633333,25.40000000,59.22166667,0.81421346
2001-12-16T10:50:00,1,12,16,10,50,0.99166667,25.50000000,60.20833333,0.83105799
2001-12-16T11:00:00,1,12,16,11,0,1.01700000,25.60000000,61.19500000,0.84767255
2001-12-16T11:10:00,1,12,16,11,10,1.01466667,25.81666667,61.33000000,0.84509760
2001-12-16T11:20:00,1,12,16,11,20,1.01233333,26.03333333,61.46500000,0.84252555
2001-12-16T11:30:00,1,12,16,11,30,1.01000000,26.25000000,61.60000000,0.83995640
2001-12-16T11:40:00,1,12,16,11,40,1.00766667,26.46666667,61.73500000,0.83739015
2001-12-16T11:50:00,1,12,16,11,50,1.00533333,26.68333333,61.87000000,0.83482679
2001-12-16T12:00:00,1,12,16,12,0,1.00300000,26.90000000,62.00500000,0.83226633
2001-12-16T12:10:00,1,12,16,12,10,0.96983333,26.93333333,60.87750000,0.80977543
2001-12-16T12:20:00,1,12,16,12,20,0.93666667,26.96666667,59.75000000,0.78694050
2001-12-16T12:30:00,1,12,16,12,30,0.90350000,27.00000000,58.62250000,0.76376153
2001-12-16T12:40:00,1,12,16,12,40,0.87033333,27.03333333,57.49500000,0.74023852
2001-12-16T12:50:00,1,12,16,12,50,0.83716667,27.06666667,56.36750000,0.71637147
2001-12-16T13:00:00,1,12,16,13,0,0.80400000,27.10000000,55.24000000,0.69216038
2001-12-16T13:10:00,1,12,16,13,10,0.79800000,26.83333333,54.76333333,0.68874476
2001-12-16T13:20:00,1,12,16,13,20,0.79200000,26.56666667,54.28666667,0.68530282
2001-12-16T13:30:00,1,12,16,13,30,0.78600000,26.30000000,53.81000000,0.68183456
2001-12-16T13:40:00,1,12,16,13,40,0.78000000,26.03333333,53.33333333,0.67834000
2001-12-16T13:50:00,1,12,16,13,50,0.77400000,25.76666667,52.85666667,0.67481912
2001-12-16T14:00:00,1,12,16,14,0,0.76800000,25.50000000,52.38000000,0.67127194
2001-12-16T14:10:00,1,12,16,14,10,0.75166667,25.61666667,51.92500000,0.65856899
2001-12-16T14:20:00,1,12,16,14,20,0.73533333,25.73333333,51.47000000,0.64579768
2001-12-16T14:30:00,1,12,16,14,30,0.71900000,25.85000000,51.01500000,0.63295799
2001-12-16T14:40:00,1,12,16,14,40,0.70266667,25.96666667,50.56000000,0.62004993
2001-12-16T14:50:00,1,12,16,14,50,0.68633333,26.08333333,50.10500000,0.60707350
2001-12-16T15:00:00,1,12,16,15,0,0.67000000,26.20000000,49.65000000,0.59402870
2001-12-16T15:10:00,1,12,16,15,10,0.63066667,26.00000000,48.07333333,0.56372939
2001-12-16T15:20:00,1,12,16,15,20,0.59133333,25.80000000,46.49666667,0.53285953
2001-12-16T15:30:00,1,12,16,15,30,0.55200000,25.60000000,44.92000000,0.50141914
2001-12-16T15:40:00,1,12,16,15,40,0.51266667,25.40000000,43.34333333,0.46940820
2001-12-16T15:50:00,1,12,16,15,50,0.47333333,25.20000000,41.76666667,0.43682671
2001-12-16T16:00:00,1,12,16,16,0,0.43400000,25.00000000,40.19000000,0.40367468
2001-12-16T16:10:00,1,12,16,16,10,0.38966667,24.71666667,38.35500000,0.36572827
2001-12-16T16:20:00,1,12,16,16,20,0.34533333,24.43333333,36.52000000,0.32703343
2001-12-16T16:30:00,1,12,16,16,30,0.30100000,24.15000000,34.68500000,0.28759015
2001-12-16T16:40:00,1,12,16,16,40,0.25666667,23.86666667,32.85000000,0.24739843
2001-12-16T16:50:00,1,12,16,16,50,0.21233333,23.58333333,31.01500000,0.20645828
2001-12-16T17:00:00,1,12,16,17,0,0.16800000,23.30000000,29.18000000,0.16476970
2001-12-16T17:10:00,1,12,16,17,10,0.14666667,22.88333333,28.01666667,0.14463142
2001-12-16T17:20:00,1,12,16,17,20,0.12533333,22.46666667,26.85333333,0.12426482
2001-12-16T17:30:00,1,12,16,17,30,0.10400000,22.05000000,25.69000000,0.10366990
2001-12-16T17:40:00,1,12,16,17,40,0.08266667,21.63333333,24.52666667,0.08284666
2001-12-16T17:50:00,1,12,16,17,50,0.06133333,21.21666667,23.36333333,0.06179509
2001-12-16T18:00:00,1,12,16,18,0,0.04000000,20.80000000,22.20000000,0.04051520
2001-12-16T18:10:00,1,12,16,18,10,0.03333333,20.60000000,21.76666667,0.03382911
2001-12-16T18:20:00,1,12,16,18,20,0.02666667,20.40000000,21.33333333,0.02711644
2001-12-16T18:30:00,1,12,16,18,30,0.02000000,20.20000000,20.90000000,0.02037720
2001-12-16T18:40:00,1,12,16,18,40,0.01333333,20.00000000,20.46666667,0.01361138
2001-12-16T18:50:00,1,12,16,18,50,0.00666667,19.80000000,20.03333333,0.00681898
2001-12-16T19:00:00,1,12,16,19,0,0.00000000,19.60000000,19.60000000,0.00000000
2001-12-16T19:10:00,1,12,16,19,10,0.00000000,19.53333333,19.53333333,0.00000000
2001-12-16T19:20:00,1,12,16,19,20,0.00000000,19.46666667,19.46666667,0.00000000
2001-12-16T19:30:00,1,12,16,19,30,0.00000000,19.40000000,19.40000000,0.00000000
2001-12-16T19:40:00,1,12,16,19,40,0.00000000,19.33333333,19.33333333,0.00000000
2001-12-16T19:50:00,1,12,16,19,50,0.00000000,19.26666667,19.26666667,0.00000000
2001-12-16T20:00:00,1,12,16,20,0,0.00000000,19.20000000,19.20000000,0.00000000
2001-12-16T20:10:00,1,12,16,20,10,0.00000000,19.08333333,19.08333333,0.00000000
2001-12-16T20:20:00,1,12,16,20,20,0.00000000,18.96666667,18.96666667,0.00000000
2001-12-16T20:30:00,1,12,16,20,30,0.00000000,18.85000000,18.85000000,0.00000000
2001-12-16T20:40:00,1,12,16,20,40,0.00000000,18.73333333,18.73333333,0.00000000
2001-12-16T20:50:00,1,12,16,20,50,0.00000000,18.61666667,18.61666667,0.00000000
2001-12-16T21:00:00,1,12,16,21,0,0.00000000,18.50000000,18.50000000,0.00000000
2001-12-16T21:10:00,1,12,16,21,10,0.00000000,18.40000000,18.40000000,0.00000000
2001-12-16T21:20:00,1,12,16,21,20,0.00000000,18.30000000,18.30000000,0.00000000
2001-12-16T21:30:00,1,12,16,21,30,0.00000000,18.20000000,18.20000000,0.00000000
2001-12-16T21:40:00,1,12,16,21,40,0.00000000,18.10000000,18.10000000,0.00000000
2001-12-16T21:50:00,1,12,16,21,50,0.00000000,18.00000000,18.00000000,0.00000000
2001-12-16T22:00:00,1,12,16,22,0,0.00000000,17.90000000,17.90000000,0.00000000
2001-12-16T22:10:00,1,12,16,22,10,0.00000000,17.88333333,17.88333333,0.00000000
2001-12-16T22:20:00,1,12,16,22,20,0.00000000,17.86666667,17.86666667,0.00000000
2001-12-16T22:30:00,1,12,16,22,30,0.00000000,17.85000000,17.85000000,0.00000000
2001-12-16T22:40:00,1,12,16,22,40,0.00000000,17.83333333,17.83333333,0.00000000
2001-12-16T22:50:00,1,12,16,22,50,0.00000000,17.81666667,17.81666667,0.00000000
2001-12-16T23:00:00,1,12,16,23,0,0.00000000,17.80000000,17.80000000,0.00000000
2001-12-16T23:10:00,1,12,16,23,10,0.00000000,17.63333333,17.63333333,0.00000000
2001-12-16T23:20:00,1,12,16,23,20,0.00000000,17.46666667,17.46666667,0.00000000
2001-12-16T23:30:00,1,12,16,23,30,0.00000000,17.30000000,17.30000000,0.00000000
2001-12-16T23:40:00,1,12,16,23,40,0.00000000,17.13333333,17.13333333,0.00000000
2001-12-16T23:50:00,1,12,16,23,50,0.00000000,16.96666667,16.96666667,0.00000000
2001-12-17T00:00:00,1,12,17,0,0,0.00000000,16.80000000,16.80000000,0.00000000
2001-12-17T00:10:00,1,12,17,0,10,0.00000000,16.78333333,16.78333333,0.00000000
2001-12-17T00:20:00,1,12,17,0,20,0.00000000,16.76666667,16.76666667,0.00000000
2001-12-17T00:30:00,1,12,17,0,30,0.00000000,16.75000000,16.75000000,0.00000000
2001-12-17T00:40:00,1,12,17,0,40,0.00000000,16.73333333,16.73333333,0.00000000
2001-12-17T00:50:00,1,12,17,0,50,0.00000000,16.71666667,16.71666667,0.00000000
2001-12-17T01:00:00,1,12,17,1,0,0.00000000,16.70000000,16.70000000,0.00000000
2001-12-17T01:10:00,1,12,17,1,10,0.00000000,16.66666667,16.66666667,0.00000000
2001-12-17T01:20:00,1,12,17,1,20,0.00000000,16.63333333,16.63333333,0.00000000
2001-12-17T01:30:00,1,12,17,1,30,0.00000000,16.60000000,16.60000000,0.00000000
2001-12-17T01:40:00,1,12,17,1,40,0.00000000,16.56666667,16.56666667,0.00000000
2001-12-17T01:50:00,1,12,17,1,50,0.00000000,16.53333333,16.53333333,0.00000000
2001-12-17T02:00:00,1,12,17,2,0,0.00000000,16.50000000,16.50000000,0.00000000
2001-12-17T02:10:00,1,12,17,2,10,0.00000000,16.36666667,16.36666667,0.00000000
2001-12-17T02:20:00,1,12,17,2,20,0.00000000,16.23333333,16.23333333,0.00000000
2001-12-17T02:30:00,1,12,17,2,30,0.00000000,16.10000000,16.10000000,0.00000000
2001-12-17T02:40:00,1,12,17,2,40,0.00000000,15.96666667,15.96666667,0.00000000
2001-12-17T02:50:00,1,12,17,2,50,0.00000000,15.83333333,15.83333333,0.00000000
2001-12-17T03:00:00,1,12,17,3,0,0.00000000,15.70000000,15.70000000,0.00000000
2001-12-17T03:10:00,1,12,17,3,10,0.00000000,15.66666667,15.66666667,0.00000000
2001-12-17T03:20:00,1,12,17,3,20,0.00000000,15.63333333,15.63333333,0.00000000
2001-12-17T03:30:00,1,12,17,3,30,0.00000000,15.60000000,15.60000000,0.00000000
2001-12-17T03:40:00,1,12,17,3,40,0.00000000,15.56666667,15.56666667,0.00000000
2001-12-17T03:50:00,1,12,17,3,50,0.00000000,15.53333333,15.53333333,0.00000000
2001-12-17T04:00:00,1,12,17,4,0,0.00000000,15.50000000,15.50000000,0.00000000
2001-12-17T04:10:00,1,12,17,4,10,0.00550000,15.61666667,15.80916667,0.00573253
2001-12-17T04:20:00,1,12,17,4,20,0.01100000,15.73333333,16.11833333,0.01144941
2001-12-17T04:30:00,1,12,17,4,30,0.01650000,15.85000000,16.42750000,0.01715065
2001-12-17T04:40:00,1,12,17,4,40,0.02200000,15.96666667,16.73666667,0.02283625
2001-12-17T04:50:00,1,12,17,4,50,0.02750000,16.08333333,17.04583333,0.02850620
2001-12-17T05:00:00,1,12,17,5,0,0.03300000,16.20000000,17.35500000,0.03416051
2001-12-17T05:10:00,1,12,17,5,10,0.06866667,16.41666667,18.82000000,0.07061872
2001-12-17T05:20:00,1,12,17,5,20,0.10433333,16.63333333,20.28500000,0.10659622
2001-12-17T05:30:00,1,12,17,5,30,0.14000000,16.85000000,21.75000000,0.14209300
2001-12-17T05:40:00,1,12,17,5,40,0.17566667,17.06666667,23.21500000,0.17710907
2001-12-17T05:50:00,1,12,17,5,50,0.21133333,17.28333333,24.68000000,0.21164442
2001-12-17T06:00:00,1,12,17,6,0,0.24700000,17.50000000,26.14500000,0.24569905
2001-12-17T06:10:00,1,12,17,6,10,0.27316667,17.66666667,27.22750000,0.27036766
2001-12-17T06:20:00,1,12,17,6,20,0.29933333,17.83333333,28.31000000,0.29477568
2001-12-17T06:30:00,1,12,17,6,30,0.32550000,18.00000000,29.39250000,0.31892311
2001-12-17T06:40:00,1,12,17,6,40,0.35166667,18.16666667,30.47500000,0.34280994
2001-12-17T06:50:00,1,12,17,6,50,0.37783333,18.33333333,31.55750000,0.36643618
2001-12-17T07:00:00,1,12,17,7,0,0.40400000,18.50000000,32.64000000,0.38980182
2001-12-17T07:10:00,1,12,17,7,10,0.40883333,18.73333333,33.04250000,0.39370834
2001-12-17T07:20:00,1,12,17,7,20,0.41366667,18.96666667,33.44500000,0.39759696
2001-12-17T07:30:00,1,12,17,7,30,0.41850000,19.20000000,33.84750000,0.40146768
2001-12-17T07:40:00,1,12,17,7,40,0.42333333,19.43333333,34.25000000,0.40532050
2001-12-17T07:50:00,1,12,17,7,50,0.42816667,19.66666667,34.65250000,0.40915542
2001-12-17T08:00:00,1,12,17,8,0,0.43300000,19.90000000,35.05500000,0.41297245
2001-12-17T08:10:00,1,12,17,8,10,0.50066667,20.08333333,37.60666667,0.47163267
2001-12-17T08:20:00,1,12,17,8,20,0.56833333,20.26666667,40.15833333,0.52870440
2001-12-17T08:30:00,1,12,17,8,30,0.63600000,20.45000000,42.71000000,0.58418762
2001-12-17T08:40:00,1,12,17,8,40,0.70366667,20.63333333,45.26166667,0.63808235
2001-12-17T08:50:00,1,12,17,8,50,0.77133333,20.81666667,47.81333333,0.69038858
2001-12-17T09:00:00,1,12,17,9,0,0.83900000,21.00000000,50.36500000,0.74110632
2001-12-17T09:10:00,1,12,17,9,10,0.84466667,21.46666667,51.03000000,0.74352797
2001-12-17T09:20:00,1,12,17,9,20,0.85033333,21.93333333,51.69500000,0.74591495
2001-12-17T09:30:00,1,12,17,9,30,0.85600000,22.40000000,52.36000000,0.74826726
2001-12-17T09:40:00,1,12,17,9,40,0.86166667,22.86666667,53.02500000,0.75058491
2001-12-17T09:50:00,1,12,17,9,50,0.86733333,23.33333333,53.69000000,0.75286788
2001-12-17T10:00:00,1,12,17,10,0,0.87300000,23.80000000,54.35500000,0.75511619
2001-12-17T10:10:00,1,12,17,10,10,0.85516667,23.81666667,53.74750000,0.74208071
2001-12-17T10:20:00,1,12,17,10,20,0.83733333,23.83333333,53.14000000,0.72894556
2001-12-17T10:30:00,1,12,17,10,30,0.81950000,23.85000000,52.53250000,0.71571073
2001-12-17T10:40:00,1,12,17,10,40,0.80166667,23.86666667,51.92500000,0.70237624
2001-12-17T10:50:00,1,12,17,10,50,0.78383333,23.88333333,51.31750000,0.68894208
2001-12-17T11:00:00,1,12,17,11,0,0.76600000,23.90000000,50.71000000,0.67540824
2001-12-17T11:10:00,1,12,17,11,10,0.82566667,23.91666667,52.81500000,0.72002344
2001-12-17T11:20:00,1,12,17,11,20,0.88533333,23.93333333,54.92000000,0.76348314
2001-12-17T11:30:00,1,12,17,11,30,0.94500000,23.95000000,57.02500000,0.80578733
2001-12-17T11:40:00,1,12,17,11,40,1.00466667,23.96666667,59.13000000,0.84693601
2001-12-17T11:50:00,1,12,17,11,50,1.06433333,23.98333333,61.23500000,0.88692919
2001-12-17T12:00:00,1,12,17,12,0,1.12400000,24.00000000,63.34000000,0.92576686
2001-12-17T12:10:00,1,12,17,12,10,1.05933333,24.33333333,61.41000000,0.88190983
2001-12-17T12:20:00,1,12,17,12,20,0.99466667,24.66666667,59.48000000,0.83690458
2001-12-17T12:30:00,1,12,17,12,30,0.93000000,25.00000000,57.55000000,0.79075110
2001-12-17T12:40:00,1,12,17,12,40,0.86533333,25.33333333,55.62000000,0.74344940
2001-12-17T12:50:00,1,12,17,12,50,0.80066667,25.66666667,53.69000000,0.69499948
2001-12-17T13:00:00,1,12,17,13,0,0.73600000,26.00000000,51.76000000,0.64540134
2001-12-17T13:10:00,1,12,17,13,10,0.71683333,25.63333333,50.72250000,0.63201510
2001-12-17T13:20:00,1,12,17,13,20,0.69766667,25.26666667,49.68500000,0.61844592
2001-12-17T13:30:00,1,12,17,13,30,0.67850000,24.90000000,48.64750000,0.60469379
2001-12-17T13:40:00,1,12,17,13,40,0.65933333,24.53333333,47.61000000,0.59075871
2001-12-17T13:50:00,1,12,17,13,50,0.64016667,24.16666667,46.57250000,0.57664069
2001-12-17T14:00:00,1,12,17,14,0,0.62100000,23.80000000,45.53500000,0.56233972
2001-12-17T14:10:00,1,12,17,14,10,0.59216667,23.88333333,44.60916667,0.53875195
2001-12-17T14:20:00,1,12,17,14,20,0.56333333,23.96666667,43.68333333,0.51491859
2001-12-17T14:30:00,1,12,17,14,30,0.53450000,24.05000000,42.75750000,0.49083963
2001-12-17T14:40:00,1,12,17,14,40,0.50566667,24.13333333,41.83166667,0.46651509
2001-12-17T14:50:00,1,12,17,14,50,0.47683333,24.21666667,40.90583333,0.44194495
2001-12-17T15:00:00,1,12,17,15,0,0.44800000,24.30000000,39.98000000,0.41712922
2001-12-17T15:10:00,1,12,17,15,10,0.43766667,24.10000000,39.41833333,0.40863872
2001-12-17T15:20:00,1,12,17,15,20,0.42733333,23.90000000,38.85666667,0.40009482
2001-12-17T15:30:00,1,12,17,15,30,0.41700000,23.70000000,38.29500000,0.39149753
2001-12-17T15:40:00,1,12,17,15,40,0.40666667,23.50000000,37.73333333,0.38284684
2001-12-17T15:50:00,1,12,17,15,50,0.39633333,23.30000000,37.17166667,0.37414276
2001-12-17T16:00:00,1,12,17,16,0,0.38600000,23.10000000,36.61000000,0.36538528
2001-12-17T16:10:00,1,12,17,16,10,0.36283333,23.03333333,35.73250000,0.34492043
2001-12-17T16:20:00,1,12,17,16,20,0.33966667,22.96666667,34.85500000,0.32426856
2001-12-17T16:30:00,1,12,17,16,30,0.31650000,22.90000000,33.97750000,0.30342966
2001-12-17T16:40:00,1,12,17,16,40,0.29333333,22.83333333,33.10000000,0.28240373
2001-12-17T16:50:00,1,12,17,16,50,0.27016667,22.76666667,32.22250000,0.26119078
2001-12-17T17:00:00,1,12,17,17,0,0.24700000,22.70000000,31.34500000,0.23979081
2001-12-17T17:10:00,1,12,17,17,10,0.21216667,22.45000000,29.87583333,0.20740802
2001-12-17T17:20:00,1,12,17,17,20,0.17733333,22.20000000,28.40666667,0.17455440
2001-12-17T17:30:00,1,12,17,17,30,0.14250000,21.95000000,26.93750000,0.14122997
2001-12-17T17:40:00,1,12,17,17,40,0.10766667,21.70000000,25.46833333,0.10743472
2001-12-17T17:50:00,1,12,17,17,50,0.07283333,21.45000000,23.99916667,0.07316865
2001-12-17T18:00:00,1,12,17,18,0,0.03800000,21.20000000,22.53000000,0.03843176
2001-12-17T18:10:00,1,12,17,18,10,0.03166667,20.96666667,22.07500000,0.03209274
2001-12-17T18:20:00,1,12,17,18,20,0.02533333,20.73333333,21.62000000,0.02572722
2001-12-17T18:30:00,1,12,17,18,30,0.01900000,20.50000000,21.16500000,0.01933518
2001-12-17T18:40:00,1,12,17,18,40,0.01266667,20.26666667,20.71000000,0.01291663
2001-12-17T18:50:00,1,12,17,18,50,0.00633333,20.03333333,20.25500000,0.00647157
2001-12-17T19:00:00,1,12,17,19,0,0.00000000,19.80000000,19.80000000,0.00000000
2001-12-17T19:10:00,1,12,17,19,10,0.00000000,19.78333333,19.78333333,0.00000000
2001-12-17T19:20:00,1,12,17,19,20,0.00000000,19.76666667,19.76666667,0.00000000
2001-12-17T19:30:00,1,12,17,19,30,0.00000000,19.75000000,19.75000000,0.00000000
2001-12-17T19:40:00,1,12,17,19,40,0.00000000,19.73333333,19.73333333,0.00000000
2001-12-17T19:50:00,1,12,17,19,50,0.00000000,19.71666667,19.71666667,0.00000000
2001-12-17T20:00:00,1,12,17,20,0,0.00000000,19.70000000,19.70000000,0.00000000
2001-12-17T20:10:00,1,12,17,20,10,0.00000000,19.53333333,19.53333333,0.00000000
2001-12-17T20:20:00,1,12,17,20,20,0.00000000,19.36666667,19.36666667,0.00000000
2001-12-17T20:30:00,1,12,17,20,30,0.00000000,19.20000000,19.20000000,0.00000000
2001-12-17T20:40:00,1,12,17,20,40,0.00000000,19.03333333,19.03333333,0.00000000
2001-12-17T20:50:00,1,12,17,20,50,0.00000000,18.86666667,18.86666667,0.00000000
2001-12-17T21:00:00,1,12,17,21,0,0.00000000,18.70000000,18.70000000,0.00000000
2001-12-17T21:10:00,1,12,17,21,10,0.00000000,18.70000000,18.70000000,0.00000000
2001-12-17T21:20:00,1,12,17,21,20,0.00000000,18.70000000,18.70000000,0.00000000
2001-12-17T21:30:00,1,12,17,21,30,0.00000000,18.70000000,18.70000000,0.00000000
2001-12-17T21:40:00,1,12,17,21,40,0.00000000,18.70000000,18.70000000,0.00000000
2001-12-17T21:50:00,1,12,17,21,50,0.00000000,18.70000000,18.70000000,0.00000000
2001-12-17T22:00:00,1,12,17,22,0,0.00000000,18.70000000,18.70000000,0.00000000
2001-12-17T22:10:00,1,12,17,22,10,0.00000000,18.55000000,18.55000000,0.00000000
2001-12-17T22:20:00,1,12,17,22,20,0.00000000,18.40000000,18.40000000,0.00000000
2001-12-17T22:30:00,1,12,17,22,30,0.00000000,18.25000000,18.25000000,0.00000000
2001-12-17T22:40:00,1,12,17,22,40,0.00000000,18.10000000,18.10000000,0.00000000
2001-12-17T22:50:00,1,12,17,22,50,0.00000000,17.95000000,17.95000000,0.00000000
2001-12-17T23:00:00,1,12,17,23,0,0.00000000,17.80000000,17.80000000,0.00000000
2001-12-17T23:10:00,1,12,17,23,10,0.00000000,17.73333333,17.73333333,0.00000000
2001-12-17T23:20:00,1,12,17,23,20,0.00000000,17.66666667,17.66666667,0.00000000
2001-12-17T23:30:00,1,12,17,23,30,0.00000000,17.60000000,17.60000000,0.00000000
2001-12-17T23:40:00,1,12,17,23,40,0.00000000,17.53333333,17.53333333,0.00000000
2001-12-17T23:50:00,1,12,17,23,50,0.00000000,17.46666667,17.46666667,0.00000000
2001-12-18T00:00:00,1,12,18,0,0,0.00000000,17.40000000,17.40000000,0.00000000
2001-12-18T00:10:00,1,12,18,0,10,0.00000000,17.41666667,17.41666667,0.00000000
2001-12-18T00:20:00,1,12,18,0,20,0.00000000,17.43333333,17.43333333,0.00000000
2001-12-18T00:30:00,1,12,18,0,30,0.00000000,17.45000000,17.45000000,0.00000000
2001-12-18T00:40:00,1,12,18,0,40,0.00000000,17.46666667,17.46666667,0.00000000
2001-12-18T00:50:00,1,12,18,0,50,0.00000000,17.48333333,17.48333333,0.00000000
2001-12-18T01:00:00,1,12,18,1,0,0.00000000,17.50000000,17.50000000,0.00000000
2001-12-18T01:10:00,1,12,18,1,10,0.00000000,17.36666667,17.36666667,0.00000000
2001-12-18T01:20:00,1,12,18,1,20,0.00000000,17.23333333,17.23333333,0.00000000
2001-12-18T01:30:00,1,12,18,1,30,0.00000000,17.10000000,17.10000000,0.00000000
2001-12-18T01:40:00,1,12,18,1,40,0.00000000,16.96666667,16.96666667,0.00000000
2001-12-18T01:50:00,1,12,18,1,50,0.00000000,16.83333333,16.83333333,0.00000000
2001-12-18T02:00:00,1,12,18,2,0,0.00000000,16.70000000,16.70000000,0.00000000
2001-12-18T02:10:00,1,12,18,2,10,0.00000000,16.80000000,16.80000000,0.00000000
2001-12-18T02:20:00,1,12,18,2,20,0.00000000,16.90000000,16.90000000,0.00000000
2001-12-18T02:30:00,1,12,18,2,30,0.00000000,17.00000000,17.00000000,0.00000000
2001-12-18T02:40:00,1,12,18,2,40,0.00000000,17.10000000,17.10000000,0.00000000
2001-12-18T02:50:00,1,12,18,2,50,0.00000000,17.20000000,17.20000000,0.00000000
2001-12-18T03:00:00,1,12,18,3,0,0.00000000,17.30000000,17.30000000,0.00000000
2001-12-18T03:10:00,1,12,18,3,10,0.00000000,17.20000000,17.20000000,0.00000000
2001-12-18T03:20:00,1,12,18,3,20,0.00000000,17.10000000,17.10000000,0.00000000
2001-12-18T03:30:00,1,12,18,3,30,0.00000000,17.00000000,17.00000000,0.00000000
2001-12-18T03:40:00,1,12,18,3,40,0.00000000,16.90000000,16.90000000,0.00000000
2001-12-18T03:50:00,1,12,18,3,50,0.00000000,16.80000000,16.80000000,0.00000000
2001-12-18T04:00:00,1,12,18,4,0,0.00000000,16.70000000,16.70000000,0.00000000
2001-12-18T04:10:00,1,12,18,4,10,0.00583333,16.78333333,16.98750000,0.00604834
2001-12-18T04:20:00,1,12,18,4,20,0.01166667,16.86666667,17.27500000,0.01208124
2001-12-18T04:30:00,1,12,18,4,30,0.01750000,16.95000000,17.56250000,0.01809872
2001-12-18T04:40:00,1,12,18,4,40,0.02333333,17.03333333,17.85000000,0.02410077
2001-12-18T04:50:00,1,12,18,4,50,0.02916667,17.11666667,18.13750000,0.03008739
2001-12-18T05:00:00,1,12,18,5,0,0.03500000,17.20000000,18.42500000,0.03605858
2001-12-18T05:10:00,1,12,18,5,10,0.06150000,17.35000000,19.50250000,0.06305524
2001-12-18T05:20:00,1,12,18,5,20,0.08800000,17.50000000,20.58000000,0.08978922
2001-12-18T05:30:00,1,12,18,5,30,0.11450000,17.65000000,21.65750000,0.11626049
2001-12-18T05:40:00,1,12,18,5,40,0.14100000,17.80000000,22.73500000,0.14246908
2001-12-18T05:50:00,1,12,18,5,50,0.16750000,17.95000000,23.81250000,0.16841497
2001-12-18T06:00:00,1,12,18,6,0,0.19400000,18.10000000,24.89000000,0.19409816
2001-12-18T06:10:00,1,12,18,6,10,0.22016667,18.38333333,26.08916667,0.21906359
2001-12-18T06:20:00,1,12,18,6,20,0.24633333,18.66666667,27.28833333,0.24374035
2001-12-18T06:30:00,1,12,18,6,30,0.27250000,18.95000000,28.48750000,0.26812842
2001-12-18T06:40:00,1,12,18,6,40,0.29866667,19.23333333,29.68666667,0.29222781
2001-12-18T06:50:00,1,12,18,6,50,0.32483333,19.51666667,30.88583333,0.31603852
2001-12-18T07:00:00,1,12,18,7,0,0.35100000,19.80000000,32.08500000,0.33956056
2001-12-18T07:10:00,1,12,18,7,10,0.37833333,20.01666667,33.25833333,0.36396108
2001-12-18T07:20:00,1,12,18,7,20,0.40566667,20.23333333,34.43166667,0.38806655
2001-12-18T07:30:00,1,12,18,7,30,0.43300000,20.45000000,35.60500000,0.41187696
2001-12-18T07:40:00,1,12,18,7,40,0.46033333,20.66666667,36.77833333,0.43539232
2001-12-18T07:50:00,1,12,18,7,50,0.48766667,20.88333333,37.95166667,0.45861262
2001-12-18T08:00:00,1,12,18,8,0,0.51500000,21.10000000,39.12500000,0.48153788
2001-12-18T08:10:00,1,12,18,8,10,0.56283333,21.35000000,41.04916667,0.52128151
2001-12-18T08:20:00,1,12,18,8,20,0.61066667,21.60000000,42.97333333,0.56017838
2001-12-18T08:30:00,1,12,18,8,30,0.65850000,21.85000000,44.89750000,0.59822848
2001-12-18T08:40:00,1,12,18,8,40,0.70633333,22.10000000,46.82166667,0.63543183
2001-12-18T08:50:00,1,12,18,8,50,0.75416667,22.35000000,48.74583333,0.67178841
2001-12-18T09:00:00,1,12,18,9,0,0.80200000,22.60000000,50.67000000,0.70729824
2001-12-18T09:10:00,1,12,18,9,10,0.82666667,22.93333333,51.86666667,0.72450169
2001-12-18T09:20:00,1,12,18,9,20,0.85133333,23.26666667,53.06333333,0.74143358
2001-12-18T09:30:00,1,12,18,9,30,0.87600000,23.60000000,54.26000000,0.75809390
2001-12-18T09:40:00,1,12,18,9,40,0.90066667,23.93333333,55.45666667,0.77448267
2001-12-18T09:50:00,1,12,18,9,50,0.92533333,24.26666667,56.65333333,0.79059986
2001-12-18T10:00:00,1,12,18,10,0,0.95000000,24.60000000,57.85000000,0.80644550
2001-12-18T10:10:00,1,12,18,10,10,0.95066667,24.70000000,57.97333333,0.80647208
2001-12-18T10:20:00,1,12,18,10,20,0.95133333,24.80000000,58.09666667,0.80649791
2001-12-18T10:30:00,1,12,18,10,30,0.95200000,24.90000000,58.22000000,0.80652298
2001-12-18T10:40:00,1,12,18,10,40,0.95266667,25.00000000,58.34333333,0.80654729
2001-12-18T10:50:00,1,12,18,10,50,0.95333333,25.10000000,58.46666667,0.80657084
2001-12-18T11:00:00,1,12,18,11,0,0.95400000,25.20000000,58.59000000,0.80659364
2001-12-18T11:10:00,1,12,18,11,10,0.98966667,25.30000000,59.93833333,0.83061107
2001-12-18T11:20:00,1,12,18,11,20,1.02533333,25.40000000,61.28666667,0.85418606
2001-12-18T11:30:00,1,12,18,11,30,1.06100000,25.50000000,62.63500000,0.87731862
2001-12-18T11:40:00,1,12,18,11,40,1.09666667,25.60000000,63.98333333,0.90000874
2001-12-18T11:50:00,1,12,18,11,50,1.13233333,25.70000000,65.33166667,0.92225644
2001-12-18T12:00:00,1,12,18,12,0,1.16800000,25.80000000,66.68000000,0.94406170
2001-12-18T12:10:00,1,12,18,12,10,1.12516667,25.96666667,65.34750000,0.91633742
2001-12-18T12:20:00,1,12,18,12,20,1.08233333,26.13333333,64.01500000,0.88808805
2001-12-18T12:30:00,1,12,18,12,30,1.03950000,26.30000000,62.68250000,0.85931359
2001-12-18T12:40:00,1,12,18,12,40,0.99666667,26.46666667,61.35000000,0.83001403
2001-12-18T12:50:00,1,12,18,12,50,0.95383333,26.63333333,60.01750000,0.80018938
2001-12-18T13:00:00,1,12,18,13,0,0.91100000,26.80000000,58.68500000,0.76983964
2001-12-18T13:10:00,1,12,18,13,10,0.87966667,26.66666667,57.45500000,0.74833859
2001-12-18T13:20:00,1,12,18,13,20,0.84833333,26.53333333,56.22500000,0.72648298
2001-12-18T13:30:00,1,12,18,13,30,0.81700000,26.40000000,54.99500000,0.70427279
2001-12-18T13:40:00,1,12,18,13,40,0.78566667,26.26666667,53.76500000,0.68170804
2001-12-18T13:50:00,1,12,18,13,50,0.75433333,26.13333333,52.53500000,0.65878872
2001-12-18T14:00:00,1,12,18,14,0,0.72300000,26.00000000,51.30500000,0.63551483
2001-12-18T14:10:00,1,12,18,14,10,0.70800000,25.83333333,50.61333333,0.62458250
2001-12-18T14:20:00,1,12,18,14,20,0.69300000,25.66666667,49.92166667,0.61355471
2001-12-18T14:30:00,1,12,18,14,30,0.67800000,25.50000000,49.23000000,0.60243148
2001-12-18T14:40:00,1,12,18,14,40,0.66300000,25.33333333,48.53833333,0.59121279
2001-12-18T14:50:00,1,12,18,14,50,0.64800000,25.16666667,47.84666667,0.57989866
2001-12-18T15:00:00,1,12,18,15,0,0.63300000,25.00000000,47.15500000,0.56848907
2001-12-18T15:10:00,1,12,18,15,10,0.60283333,24.90000000,45.99916667,0.54460194
2001-12-18T15:20:00,1,12,18,15,20,0.57266667,24.80000000,44.84333333,0.52039404
2001-12-18T15:30:00,1,12,18,15,30,0.54250000,24.70000000,43.68750000,0.49586534
2001-12-18T15:40:00,1,12,18,15,40,0.51233333,24.60000000,42.53166667,0.47101587
2001-12-18T15:50:00,1,12,18,15,50,0.48216667,24.50000000,41.37583333,0.44584561
2001-12-18T16:00:00,1,12,18,16,0,0.45200000,24.40000000,40.22000000,0.42035458
2001-12-18T16:10:00,1,12,18,16,10,0.41616667,24.33333333,38.89916667,0.38955857
2001-12-18T16:20:00,1,12,18,16,20,0.38033333,24.26666667,37.57833333,0.35832712
2001-12-18T16:30:00,1,12,18,16,30,0.34450000,24.20000000,36.25750000,0.32666024
2001-12-18T16:40:00,1,12,18,16,40,0.30866667,24.13333333,34.93666667,0.29455792
2001-12-18T16:50:00,1,12,18,16,50,0.27283333,24.06666667,33.61583333,0.26202018
2001-12-18T17:00:00,1,12,18,17,0,0.23700000,24.00000000,32.29500000,0.22904699
2001-12-18T17:10:00,1,12,18,17,10,0.20483333,23.83333333,31.00250000,0.19917758
2001-12-18T17:20:00,1,12,18,17,20,0.17266667,23.66666667,29.71000000,0.16892567
2001-12-18T17:30:00,1,12,18,17,30,0.14050000,23.50000000,28.41750000,0.13829127
2001-12-18T17:40:00,1,12,18,17,40,0.10833333,23.33333333,27.12500000,0.10727437
2001-12-18T17:50:00,1,12,18,17,50,0.07616667,23.16666667,25.83250000,0.07587499
2001-12-18T18:00:00,1,12,18,18,0,0.04400000,23.00000000,24.54000000,0.04409310
2001-12-18T18:10:00,1,12,18,18,10,0.03666667,22.78333333,24.06666667,0.03682409
2001-12-18T18:20:00,1,12,18,18,20,0.02933333,22.56666667,23.59333333,0.02952314
2001-12-18T18:30:00,1,12,18,18,30,0.02200000,22.35000000,23.12000000,0.02219026
2001-12-18T18:40:00,1,12,18,18,40,0.01466667,22.13333333,22.64666667,0.01482544
2001-12-18T18:50:00,1,12,18,18,50,0.00733333,21.91666667,22.17333333,0.00742869
2001-12-18T19:00:00,1,12,18,19,0,0.00000000,21.70000000,21.70000000,0.00000000
2001-12-18T19:10:00,1,12,18,19,10,0.00000000,21.46666667,21.46666667,0.00000000
2001-12-18T19:20:00,1,12,18,19,20,0.00000000,21.23333333,21.23333333,0.00000000
2001-12-18T19:30:00,1,12,18,19,30,0.00000000,21.00000000,21.00000000,0.00000000
2001-12-18T19:40:00,1,12,18,19,40,0.00000000,20.76666667,20.76666667,0.00000000
2001-12-18T19:50:00,1,12,18,19,50,0.00000000,20.53333333,20.53333333,0.00000000
2001-12-18T20:00:00,1,12,18,20,0,0.00000000,20.30000000,20.30000000,0.00000000
2001-12-18T20:10:00,1,12,18,20,10,0.00000000,20.25000000,20.25000000,0.00000000
2001-12-18T20:20:00,1,12,18,20,20,0.00000000,20.20000000,20.20000000,0.00000000
2001-12-18T20:30:00,1,12,18,20,30,0.00000000,20.15000000,20.15000000,0.00000000
2001-12-18T20:40:00,1,12,18,20,40,0.00000000,20.10000000,20.10000000,0.00000000
2001-12-18T20:50:00,1,12,18,20,50,0.00000000,20.05000000,20.05000000,0.00000000
2001-12-18T21:00:00,1,12,18,21,0,0.00000000,20.00000000,20.00000000,0.00000000
2001-12-18T21:10:00,1,12,18,21,10,0.00000000,20.03333333,20.03333333,0.00000000
2001-12-18T21:20:00,1,12,18,21,20,0.00000000,20.06666667,20.06666667,0.00000000
2001-12-18T21:30:00,1,12,18,21,30,0.00000000,20.10000000,20.10000000,0.00000000
2001-12-18T21:40:00,1,12,18,21,40,0.00000000,20.13333333,20.13333333,0.00000000
2001-12-18T21:50:00,1,12,18,21,50,0.00000000,20.16666667,20.16666667,0.00000000
2001-12-18T22:00:00,1,12,18,22,0,0.00000000,20.20000000,20.20000000,0.00000000
2001-12-18T22:10:00,1,12,18,22,10,0.00000000,20.06666667,20.06666667,0.00000000
2001-12-18T22:20:00,1,12,18,22,20,0.00000000,19.93333333,19.93333333,0.00000000
2001-12-18T22:30:00,1,12,18,22,30,0.00000000,19.80000000,19.80000000,0.00000000
2001-12-18T22:40:00,1,12,18,22,40,0.00000000,19.66666667,19.66666667,0.00000000
2001-12-18T22:50:00,1,12,18,22,50,0.00000000,19.53333333,19.53333333,0.00000000
2001-12-18T23:00:00,1,12,18,23,0,0.00000000,19.40000000,19.40000000,0.00000000
2001-12-18T23:10:00,1,12,18,23,10,0.00000000,19.53333333,19.53333333,0.00000000
2001-12-18T23:20:00,1,12,18,23,20,0.00000000,19.66666667,19.66666667,0.00000000
2001-12-18T23:30:00,1,12,18,23,30,0.00000000,19.80000000,19.80000000,0.00000000
2001-12-18T23:40:00,1,12,18,23,40,0.00000000,19.93333333,19.93333333,0.00000000
2001-12-18T23:50:00,1,12,18,23,50,0.00000000,20.06666667,20.06666667,0.00000000
2001-12-19T00:00:00,1,12,19,0,0,0.00000000,20.20000000,20.20000000,0.00000000
2001-12-19T00:10:00,1,12,19,0,10,0.00000000,20.28333333,20.28333333,0.00000000
2001-12-19T00:20:00,1,12,19,0,20,0.00000000,20.36666667,20.36666667,0.00000000
2001-12-19T00:30:00,1,12,19,0,30,0.00000000,20.45000000,20.45000000,0.00000000
2001-12-19T00:40:00,1,12,19,0,40,0.00000000,20.53333333,20.53333333,0.00000000
2001-12-19T00:50:00,1,12,19,0,50,0.00000000,20.61666667,20.61666667,0.00000000
2001-12-19T01:00:00,1,12,19,1,0,0.00000000,20.70000000,20.70000000,0.00000000
2001-12-19T01:10:00,1,12,19,1,10,0.00000000,20.65000000,20.65000000,0.00000000
2001-12-19T01:20:00,1,12,19,1,20,0.00000000,20.60000000,20.60000000,0.00000000
2001-12-19T01:30:00,1,12,19,1,30,0.00000000,20.55000000,20.55000000,0.00000000
2001-12-19T01:40:00,1,12,19,1,40,0.00000000,20.50000000,20.50000000,0.00000000
2001-12-19T01:50:00,1,12,19,1,50,0.00000000,20.45000000,20.45000000,0.00000000
2001-12-19T02:00:00,1,12,19,2,0,0.00000000,20.40000000,20.40000000,0.00000000
2001-12-19T02:10:00,1,12,19,2,10,0.00000000,20.28333333,20.28333333,0.00000000
2001-12-19T02:20:00,1,12,19,2,20,0.00000000,20.16666667,20.16666667,0.00000000
2001-12-19T02:30:00,1,12,19,2,30,0.00000000,20.05000000,20.05000000,0.00000000
2001-12-19T02:40:00,1,12,19,2,40,0.00000000,19.93333333,19.93333333,0.00000000
2001-12-19T02:50:00,1,12,19,2,50,0.00000000,19.81666667,19.81666667,0.00000000
2001-12-19T03:00:00,1,12,19,3,0,0.00000000,19.70000000,19.70000000,0.00000000
2001-12-19T03:10:00,1,12,19,3,10,0.00000000,19.65000000,19.65000000,0.00000000
2001-12-19T03:20:00,1,12,19,3,20,0.00000000,19.60000000,19.60000000,0.00000000
2001-12-19T03:30:00,1,12,19,3,30,0.00000000,19.55000000,19.55000000,0.00000000
2001-12-19T03:40:00,1,12,19,3,40,0.00000000,19.50000000,19.50000000,0.00000000
2001-12-19T03:50:00,1,12,19,3,50,0.00000000,19.45000000,19.45000000,0.00000000
2001-12-19T04:00:00,1,12,19,4,0,0.00000000,19.40000000,19.40000000,0.00000000
2001-12-19T04:10:00,1,12,19,4,10,0.00150000,19.35000000,19.40250000,0.00153862
2001-12-19T04:20:00,1,12,19,4,20,0.00300000,19.30000000,19.40500000,0.00307721
2001-12-19T04:30:00,1,12,19,4,30,0.00450000,19.25000000,19.40750000,0.00461576
2001-12-19T04:40:00,1,12,19,4,40,0.00600000,19.20000000,19.41000000,0.00615428
2001-12-19T04:50:00,1,12,19,4,50,0.00750000,19.15000000,19.41250000,0.00769277
2001-12-19T05:00:00,1,12,19,5,0,0.00900000,19.10000000,19.41500000,0.00923122
2001-12-19T05:10:00,1,12,19,5,10,0.02550000,19.25000000,20.14250000,0.02606978
2001-12-19T05:20:00,1,12,19,5,20,0.04200000,19.40000000,20.87000000,0.04279792
2001-12-19T05:30:00,1,12,19,5,30,0.05850000,19.55000000,21.59750000,0.05941561
2001-12-19T05:40:00,1,12,19,5,40,0.07500000,19.70000000,22.32500000,0.07592288
2001-12-19T05:50:00,1,12,19,5,50,0.09150000,19.85000000,23.05250000,0.09231970
2001-12-19T06:00:00,1,12,19,6,0,0.10800000,20.00000000,23.78000000,0.10860610
2001-12-19T06:10:00,1,12,19,6,10,0.09683333,20.21666667,23.60583333,0.09745434
2001-12-19T06:20:00,1,12,19,6,20,0.08566667,20.43333333,23.43166667,0.08628469
2001-12-19T06:30:00,1,12,19,6,30,0.07450000,20.65000000,23.25750000,0.07509715
2001-12-19T06:40:00,1,12,19,6,40,0.06333333,20.86666667,23.08333333,0.06389172
2001-12-19T06:50:00,1,12,19,6,50,0.05216667,21.08333333,22.90916667,0.05266840
2001-12-19T07:00:00,1,12,19,7,0,0.04100000,21.30000000,22.73500000,0.04142718
2001-12-19T07:10:00,1,12,19,7,10,0.03783333,21.11666667,22.44083333,0.03827871
2001-12-19T07:20:00,1,12,19,7,20,0.03466667,20.93333333,22.14666667,0.03512168
2001-12-19T07:30:00,1,12,19,7,30,0.03150000,20.75000000,21.85250000,0.03195607
2001-12-19T07:40:00,1,12,19,7,40,0.02833333,20.56666667,21.55833333,0.02878190
2001-12-19T07:50:00,1,12,19,7,50,0.02516667,20.38333333,21.26416667,0.02559915
2001-12-19T08:00:00,1,12,19,8,0,0.02200000,20.20000000,20.97000000,0.02240784
2001-12-19T08:10:00,1,12,19,8,10,0.03166667,20.23333333,21.34166667,0.03219956
2001-12-19T08:20:00,1,12,19,8,20,0.04133333,20.26666667,21.71333333,0.04195824
2001-12-19T08:30:00,1,12,19,8,30,0.05100000,20.30000000,22.08500000,0.05168386
2001-12-19T08:40:00,1,12,19,8,40,0.06066667,20.33333333,22.45666667,0.06137643
2001-12-19T08:50:00,1,12,19,8,50,0.07033333,20.36666667,22.82833333,0.07103594
2001-12-19T09:00:00,1,12,19,9,0,0.08000000,20.40000000,23.20000000,0.08066240
2001-12-19T09:10:00,1,12,19,9,10,0.12183333,20.58333333,24.84750000,0.12191880
2001-12-19T09:20:00,1,12,19,9,20,0.16366667,20.76666667,26.49500000,0.16254113
2001-12-19T09:30:00,1,12,19,9,30,0.20550000,20.95000000,28.14250000,0.20252939
2001-12-19T09:40:00,1,12,19,9,40,0.24733333,21.13333333,29.79000000,0.24188359
2001-12-19T09:50:00,1,12,19,9,50,0.28916667,21.31666667,31.43750000,0.28060372
2001-12-19T10:00:00,1,12,19,10,0,0.33100000,21.50000000,33.08500000,0.31868978
2001-12-19T10:10:00,1,12,19,10,10,0.32166667,22.28333333,33.54166667,0.30902785
2001-12-19T10:20:00,1,12,19,10,20,0.31233333,23.06666667,33.99833333,0.29940513
2001-12-19T10:30:00,1,12,19,10,30,0.30300000,23.85000000,34.45500000,0.28982162
2001-12-19T10:40:00,1,12,19,10,40,0.29366667,24.63333333,34.91166667,0.28027733
2001-12-19T10:50:00,1,12,19,10,50,0.28433333,25.41666667,35.36833333,0.27077224
2001-12-19T11:00:00,1,12,19,11,0,0.27500000,26.20000000,35.82500000,0.26130638
2001-12-19T11:10:00,1,12,19,11,10,0.30883333,26.03333333,36.84250000,0.29200948
2001-12-19T11:20:00,1,12,19,11,20,0.34266667,25.86666667,37.86000000,0.32239588
2001-12-19T11:30:00,1,12,19,11,30,0.37650000,25.70000000,38.87750000,0.35246556
2001-12-19T11:40:00,1,12,19,11,40,0.41033333,25.53333333,39.89500000,0.38221852
2001-12-19T11:50:00,1,12,19,11,50,0.44416667,25.36666667,40.91250000,0.41165478
2001-12-19T12:00:00,1,12,19,12,0,0.47800000,25.20000000,41.93000000,0.44077432
2001-12-19T12:10:00,1,12,19,12,10,0.42766667,25.76666667,40.73500000,0.39671173
2001-12-19T12:20:00,1,12,19,12,20,0.37733333,26.33333333,39.54000000,0.35209577
2001-12-19T12:30:00,1,12,19,12,30,0.32700000,26.90000000,38.34500000,0.30692645
2001-12-19T12:40:00,1,12,19,12,40,0.27666667,27.46666667,37.15000000,0.26120377
2001-12-19T12:50:00,1,12,19,12,50,0.22633333,28.03333333,35.95500000,0.21492772
2001-12-19T13:00:00,1,12,19,13,0,0.17600000,28.60000000,34.76000000,0.16809830
2001-12-19T13:10:00,1,12,19,13,10,0.19750000,27.58333333,34.49583333,0.18887304
2001-12-19T13:20:00,1,12,19,13,20,0.21900000,26.56666667,34.23166667,0.20970002
2001-12-19T13:30:00,1,12,19,13,30,0.24050000,25.55000000,33.96750000,0.23057925
2001-12-19T13:40:00,1,12,19,13,40,0.26200000,24.53333333,33.70333333,0.25151074
2001-12-19T13:50:00,1,12,19,13,50,0.28350000,23.51666667,33.43916667,0.27249448
2001-12-19T14:00:00,1,12,19,14,0,0.30500000,22.50000000,33.17500000,0.29353048
2001-12-19T14:10:00,1,12,19,14,10,0.29683333,22.95000000,33.33916667,0.28544676
2001-12-19T14:20:00,1,12,19,14,20,0.28866667,23.40000000,33.50333333,0.27737537
2001-12-19T14:30:00,1,12,19,14,30,0.28050000,23.85000000,33.66750000,0.26931632
2001-12-19T14:40:00,1,12,19,14,40,0.27233333,24.30000000,33.83166667,0.26126961
2001-12-19T14:50:00,1,12,19,14,50,0.26416667,24.75000000,33.99583333,0.25323523
2001-12-19T15:00:00,1,12,19,15,0,0.25600000,25.20000000,34.16000000,0.24521318
2001-12-19T15:10:00,1,12,19,15,10,0.24183333,25.01666667,33.48083333,0.23239897
2001-12-19T15:20:00,1,12,19,15,20,0.22766667,24.83333333,32.80166667,0.21949624
2001-12-19T15:30:00,1,12,19,15,30,0.21350000,24.65000000,32.12250000,0.20650499
2001-12-19T15:40:00,1,12,19,15,40,0.19933333,24.46666667,31.44333333,0.19342523
2001-12-19T15:50:00,1,12,19,15,50,0.18516667,24.28333333,30.76416667,0.18025694
2001-12-19T16:00:00,1,12,19,16,0,0.17100000,24.10000000,30.08500000,0.16700014
2001-12-19T16:10:00,1,12,19,16,10,0.15533333,23.86666667,29.30333333,0.15225846
2001-12-19T16:20:00,1,12,19,16,20,0.13966667,23.63333333,28.52166667,0.13740411
2001-12-19T16:30:00,1,12,19,16,30,0.12400000,23.40000000,27.74000000,0.12243710
2001-12-19T16:40:00,1,12,19,16,40,0.10833333,23.16666667,26.95833333,0.10735743
2001-12-19T16:50:00,1,12,19,16,50,0.09266667,22.93333333,26.17666667,0.09216509
2001-12-19T17:00:00,1,12,19,17,0,0.07700000,22.70000000,25.39500000,0.07686009
2001-12-19T17:10:00,1,12,19,17,10,0.06600000,22.41666667,24.72666667,0.06608298
2001-12-19T17:20:00,1,12,19,17,20,0.05500000,22.13333333,24.05833333,0.05523824
2001-12-19T17:30:00,1,12,19,17,30,0.04400000,21.85000000,23.39000000,0.04432586
2001-12-19T17:40:00,1,12,19,17,40,0.03300000,21.56666667,22.72166667,0.03334585
2001-12-19T17:50:00,1,12,19,17,50,0.02200000,21.28333333,22.05333333,0.02229820
2001-12-19T18:00:00,1,12,19,18,0,0.01100000,21.00000000,21.38500000,0.01118292
2001-12-19T18:10:00,1,12,19,18,10,0.00916667,20.78333333,21.10416667,0.00933094
2001-12-19T18:20:00,1,12,19,18,20,0.00733333,20.56666667,20.82333333,0.00747423
2001-12-19T18:30:00,1,12,19,18,30,0.00550000,20.35000000,20.54250000,0.00561277
2001-12-19T18:40:00,1,12,19,18,40,0.00366667,20.13333333,20.26166667,0.00374659
2001-12-19T18:50:00,1,12,19,18,50,0.00183333,19.91666667,19.98083333,0.00187566
2001-12-19T19:00:00,1,12,19,19,0,0.00000000,19.70000000,19.70000000,0.00000000
2001-12-19T19:10:00,1,12,19,19,10,0.00000000,19.66666667,19.66666667,0.00000000
2001-12-19T19:20:00,1,12,19,19,20,0.00000000,19.63333333,19.63333333,0.00000000
2001-12-19T19:30:00,1,12,19,19,30,0.00000000,19.60000000,19.60000000,0.00000000
2001-12-19T19:40:00,1,12,19,19,40,0.00000000,19.56666667,19.56666667,0.00000000
2001-12-19T19:50:00,1,12,19,19,50,0.00000000,19.53333333,19.53333333,0.00000000
2001-12-19T20:00:00,1,12,19,20,0,0.00000000,19.50000000,19.50000000,0.00000000
2001-12-19T20:10:00,1,12,19,20,10,0.00000000,19.43333333,19.43333333,0.00000000
2001-12-19T20:20:00,1,12,19,20,20,0.00000000,19.36666667,19.36666667,0.00000000
2001-12-19T20:30:00,1,12,19,20,30,0.00000000,19.30000000,19.30000000,0.00000000
2001-12-19T20:40:00,1,12,19,20,40,0.00000000,19.23333333,19.23333333,0.00000000
2001-12-19T20:50:00,1,12,19,20,50,0.00000000,19.16666667,19.16666667,0.00000000
2001-12-19T21:00:00,1,12,19,21,0,0.00000000,19.10000000,19.10000000,0.00000000
2001-12-19T21:10:00,1,12,19,21,10,0.00000000,19.01666667,19.01666667,0.00000000
2001-12-19T21:20:00,1,12,19,21,20,0.00000000,18.93333333,18.93333333,0.00000000
2001-12-19T21:30:00,1,12,19,21,30,0.00000000,18.85000000,18.85000000,0.00000000
2001-12-19T21:40:00,1,12,19,21,40,0.00000000,18.76666667,18.76666667,0.00000000
2001-12-19T21:50:00,1,12,19,21,50,0.00000000,18.68333333,18.68333333,0.00000000
2001-12-19T22:00:00,1,12,19,22,0,0.00000000,18.60000000,18.60000000,0.00000000
2001-12-19T22:10:00,1,12,19,22,10,0.00000000,18.48333333,18.48333333,0.00000000
2001-12-19T22:20:00,1,12,19,22,20,0.00000000,18.36666667,18.36666667,0.00000000
2001-12-19T22:30:00,1,12,19,22,30,0.00000000,18.25000000,18.25000000,0.00000000
2001-12-19T22:40:00,1,12,19,22,40,0.00000000,18.13333333,18.13333333,0.00000000
2001-12-19T22:50:00,1,12,19,22,50,0.00000000,18.01666667,18.01666667,0.00000000
2001-12-19T23:00:00,1,12,19,23,0,0.00000000,17.90000000,17.90000000,0.00000000
2001-12-19T23:10:00,1,12,19,23,10,0.00000000,17.93333333,17.93333333,0.00000000
2001-12-19T23:20:00,1,12,19,23,20,0.00000000,17.96666667,17.96666667,0.00000000
2001-12-19T23:30:00,1,12,19,23,30,0.00000000,18.00000000,18.00000000,0.00000000
2001-12-19T23:40:00,1,12,19,23,40,0.00000000,18.03333333,18.03333333,0.00000000
2001-12-19T23:50:00,1,12,19,23,50,0.00000000,18.06666667,18.06666667,0.00000000
2001-12-20T00:00:00,1,12,20,0,0,0.00000000,18.10000000,18.10000000,0.00000000
2001-12-20T00:10:00,1,12,20,0,10,0.00000000,18.08333333,18.08333333,0.00000000
2001-12-20T00:20:00,1,12,20,0,20,0.00000000,18.06666667,18.06666667,0.00000000
2001-12-20T00:30:00,1,12,20,0,30,0.00000000,18.05000000,18.05000000,0.00000000
2001-12-20T00:40:00,1,12,20,0,40,0.00000000,18.03333333,18.03333333,0.00000000
2001-12-20T00:50:00,1,12,20,0,50,0.00000000,18.01666667,18.01666667,0.00000000
2001-12-20T01:00:00,1,12,20,1,0,0.00000000,18.00000000,18.00000000,0.00000000
2001-12-20T01:10:00,1,12,20,1,10,0.00000000,18.11666667,18.11666667,0.00000000
2001-12-20T01:20:00,1,12,20,1,20,0.00000000,18.23333333,18.23333333,0.00000000
2001-12-20T01:30:00,1,12,20,1,30,0.00000000,18.35000000,18.35000000,0.00000000
2001-12-20T01:40:00,1,12,20,1,40,0.00000000,18.46666667,18.46666667,0.00000000
2001-12-20T01:50:00,1,12,20,1,50,0.00000000,18.58333333,18.58333333,0.00000000
2001-12-20T02:00:00,1,12,20,2,0,0.00000000,18.70000000,18.70000000,0.00000000
2001-12-20T02:10:00,1,12,20,2,10,0.00000000,18.63333333,18.63333333,0.00000000
2001-12-20T02:20:00,1,12,20,2,20,0.00000000,18.56666667,18.56666667,0.00000000
2001-12-20T02:30:00,1,12,20,2,30,0.00000000,18.50000000,18.50000000,0.00000000
2001-12-20T02:40:00,1,12,20,2,40,0.00000000,18.43333333,18.43333333,0.00000000
2001-12-20T02:50:00,1,12,20,2,50,0.00000000,18.36666667,18.36666667,0.00000000
2001-12-20T03:00:00,1,12,20,3,0,0.00000000,18.30000000,18.30000000,0.00000000
2001-12-20T03:10:00,1,12,20,3,10,0.00000000,18.28333333,18.28333333,0.00000000
2001-12-20T03:20:00,1,12,20,3,20,0.00000000,18.26666667,18.26666667,0.00000000
2001-12-20T03:30:00,1,12,20,3,30,0.00000000,18.25000000,18.25000000,0.00000000
2001-12-20T03:40:00,1,12,20,3,40,0.00000000,18.23333333,18.23333333,0.00000000
2001-12-20T03:50:00,1,12,20,3,50,0.00000000,18.21666667,18.21666667,0.00000000
2001-12-20T04:00:00,1,12,20,4,0,0.00000000,18.20000000,18.20000000,0.00000000
2001-12-20T04:10:00,1,12,20,4,10,0.00133333,18.31666667,18.36333333,0.00137404
2001-12-20T04:20:00,1,12,20,4,20,0.00266667,18.43333333,18.52666667,0.00274607
2001-12-20T04:30:00,1,12,20,4,30,0.00400000,18.55000000,18.69000000,0.00411610
2001-12-20T04:40:00,1,12,20,4,40,0.00533333,18.66666667,18.85333333,0.00548413
2001-12-20T04:50:00,1,12,20,4,50,0.00666667,18.78333333,19.01666667,0.00685016
2001-12-20T05:00:00,1,12,20,5,0,0.00800000,18.90000000,19.18000000,0.00821418
2001-12-20T05:10:00,1,12,20,5,10,0.00716667,18.90000000,19.15083333,0.00735949
2001-12-20T05:20:00,1,12,20,5,20,0.00633333,18.90000000,19.12166667,0.00650459
2001-12-20T05:30:00,1,12,20,5,30,0.00550000,18.90000000,19.09250000,0.00564946
2001-12-20T05:40:00,1,12,20,5,40,0.00466667,18.90000000,19.06333333,0.00479411
2001-12-20T05:50:00,1,12,20,5,50,0.00383333,18.90000000,19.03416667,0.00393853
2001-12-20T06:00:00,1,12,20,6,0,0.00300000,18.90000000,19.00500000,0.00308273
2001-12-20T06:10:00,1,12,20,6,10,0.01900000,18.96666667,19.63166667,0.01946919
2001-12-20T06:20:00,1,12,20,6,20,0.03500000,19.03333333,20.25833333,0.03576341
2001-12-20T06:30:00,1,12,20,6,30,0.05100000,19.10000000,20.88500000,0.05196538
2001-12-20T06:40:00,1,12,20,6,40,0.06700000,19.16666667,21.51166667,0.06807510
2001-12-20T06:50:00,1,12,20,6,50,0.08300000,19.23333333,22.13833333,0.08409258
2001-12-20T07:00:00,1,12,20,7,0,0.09900000,19.30000000,22.76500000,0.10001782
2001-12-20T07:10:00,1,12,20,7,10,0.09883333,19.38333333,22.84250000,0.09981420
2001-12-20T07:20:00,1,12,20,7,20,0.09866667,19.46666667,22.92000000,0.09961071
2001-12-20T07:30:00,1,12,20,7,30,0.09850000,19.55000000,22.99750000,0.09940733
2001-12-20T07:40:00,1,12,20,7,40,0.09833333,19.63333333,23.07500000,0.09920408
2001-12-20T07:50:00,1,12,20,7,50,0.09816667,19.71666667,23.15250000,0.09900094
2001-12-20T08:00:00,1,12,20,8,0,0.09800000,19.80000000,23.23000000,0.09879792
2001-12-20T08:10:00,1,12,20,8,10,0.12566667,19.73333333,24.13166667,0.12616862
2001-12-20T08:20:00,1,12,20,8,20,0.15333333,19.66666667,25.03333333,0.15330982
2001-12-20T08:30:00,1,12,20,8,30,0.18100000,19.60000000,25.93500000,0.18022152
2001-12-20T08:40:00,1,12,20,8,40,0.20866667,19.53333333,26.83666667,0.20690371
2001-12-20T08:50:00,1,12,20,8,50,0.23633333,19.46666667,27.73833333,0.23335640
2001-12-20T09:00:00,1,12,20,9,0,0.26400000,19.40000000,28.64000000,0.25957958
2001-12-20T09:10:00,1,12,20,9,10,0.27000000,19.48333333,28.93333333,0.26511480
2001-12-20T09:20:00,1,12,20,9,20,0.27600000,19.56666667,29.22666667,0.27063382
2001-12-20T09:30:00,1,12,20,9,30,0.28200000,19.65000000,29.52000000,0.27613666
2001-12-20T09:40:00,1,12,20,9,40,0.28800000,19.73333333,29.81333333,0.28162330
2001-12-20T09:50:00,1,12,20,9,50,0.29400000,19.81666667,30.10666667,0.28709374
2001-12-20T10:00:00,1,12,20,10,0,0.30000000,19.90000000,30.40000000,0.29254800
2001-12-20T10:10:00,1,12,20,10,10,0.31750000,20.00000000,31.11250000,0.30857269
2001-12-20T10:20:00,1,12,20,10,20,0.33500000,20.10000000,31.82500000,0.32448268
2001-12-20T10:30:00,1,12,20,10,30,0.35250000,20.20000000,32.53750000,0.34027794
2001-12-20T10:40:00,1,12,20,10,40,0.37000000,20.30000000,33.25000000,0.35595850
2001-12-20T10:50:00,1,12,20,10,50,0.38750000,20.40000000,33.96250000,0.37152434
2001-12-20T11:00:00,1,12,20,11,0,0.40500000,20.50000000,34.67500000,0.38697548
2001-12-20T11:10:00,1,12,20,11,10,0.34700000,20.53333333,32.67833333,0.33474384
2001-12-20T11:20:00,1,12,20,11,20,0.28900000,20.56666667,30.68166667,0.28144679
2001-12-20T11:30:00,1,12,20,11,30,0.23100000,20.60000000,28.68500000,0.22708432
2001-12-20T11:40:00,1,12,20,11,40,0.17300000,20.63333333,26.68833333,0.17165642
2001-12-20T11:50:00,1,12,20,11,50,0.11500000,20.66666667,24.69166667,0.11516311
2001-12-20T12:00:00,1,12,20,12,0,0.05700000,20.70000000,22.69500000,0.05760437
2001-12-20T12:10:00,1,12,20,12,10,0.06333333,20.58333333,22.80000000,0.06397427
2001-12-20T12:20:00,1,12,20,12,20,0.06966667,20.46666667,22.90500000,0.07033804
2001-12-20T12:30:00,1,12,20,12,30,0.07600000,20.35000000,23.01000000,0.07669570
2001-12-20T12:40:00,1,12,20,12,40,0.08233333,20.23333333,23.11500000,0.08304725
2001-12-20T12:50:00,1,12,20,12,50,0.08866667,20.11666667,23.22000000,0.08939267
2001-12-20T13:00:00,1,12,20,13,0,0.09500000,20.00000000,23.32500000,0.09573198
2001-12-20T13:10:00,1,12,20,13,10,0.11183333,20.08333333,23.99750000,0.11234905
2001-12-20T13:20:00,1,12,20,13,20,0.12866667,20.16666667,24.67000000,0.12886198
2001-12-20T13:30:00,1,12,20,13,30,0.14550000,20.25000000,25.34250000,0.14527076
2001-12-20T13:40:00,1,12,20,13,40,0.16233333,20.33333333,26.01500000,0.16157540
2001-12-20T13:50:00,1,12,20,13,50,0.17916667,20.41666667,26.68750000,0.17777589
2001-12-20T14:00:00,1,12,20,14,0,0.19600000,20.50000000,27.36000000,0.19387222
2001-12-20T14:10:00,1,12,20,14,10,0.20466667,20.55000000,27.71333333,0.20211215
2001-12-20T14:20:00,1,12,20,14,20,0.21333333,20.60000000,28.06666667,0.21032391
2001-12-20T14:30:00,1,12,20,14,30,0.22200000,20.65000000,28.42000000,0.21850750
2001-12-20T14:40:00,1,12,20,14,40,0.23066667,20.70000000,28.77333333,0.22666291
2001-12-20T14:50:00,1,12,20,14,50,0.23933333,20.75000000,29.12666667,0.23479015
2001-12-20T15:00:00,1,12,20,15,0,0.24800000,20.80000000,29.48000000,0.24288922
2001-12-20T15:10:00,1,12,20,15,10,0.21300000,20.81666667,28.27166667,0.20979442
2001-12-20T15:20:00,1,12,20,15,20,0.17800000,20.83333333,27.06333333,0.17631054
2001-12-20T15:30:00,1,12,20,15,30,0.14300000,20.85000000,25.85500000,0.14243758
2001-12-20T15:40:00,1,12,20,15,40,0.10800000,20.86666667,24.64666667,0.10817554
2001-12-20T15:50:00,1,12,20,15,50,0.07300000,20.88333333,23.43833333,0.07352441
2001-12-20T16:00:00,1,12,20,16,0,0.03800000,20.90000000,22.23000000,0.03848420
2001-12-20T16:10:00,1,12,20,16,10,0.03933333,20.80000000,22.17666667,0.03984417
2001-12-20T16:20:00,1,12,20,16,20,0.04066667,20.70000000,22.12333333,0.04120480
2001-12-20T16:30:00,1,12,20,16,30,0.04200000,20.60000000,22.07000000,0.04256608
2001-12-20T16:40:00,1,12,20,16,40,0.04333333,20.50000000,22.01666667,0.04392801
2001-12-20T16:50:00,1,12,20,16,50,0.04466667,20.40000000,21.96333333,0.04529060
2001-12-20T17:00:00,1,12,20,17,0,0.04600000,20.30000000,21.91000000,0.04665384
2001-12-20T17:10:00,1,12,20,17,10,0.03983333,20.40000000,21.79416667,0.04042075
2001-12-20T17:20:00,1,12,20,17,20,0.03366667,20.50000000,21.67833333,0.03418108
2001-12-20T17:30:00,1,12,20,17,30,0.02750000,20.60000000,21.56250000,0.02793484
2001-12-20T17:40:00,1,12,20,17,40,0.02133333,20.70000000,21.44666667,0.02168203
2001-12-20T17:50:00,1,12,20,17,50,0.01516667,20.80000000,21.33083333,0.01542265
2001-12-20T18:00:00,1,12,20,18,0,0.00900000,20.90000000,21.21500000,0.00915670
2001-12-20T18:10:00,1,12,20,18,10,0.00750000,20.75000000,21.01250000,0.00763757
2001-12-20T18:20:00,1,12,20,18,20,0.00600000,20.60000000,20.81000000,0.00611564
2001-12-20T18:30:00,1,12,20,18,30,0.00450000,20.45000000,20.60750000,0.00459092
2001-12-20T18:40:00,1,12,20,18,40,0.00300000,20.30000000,20.40500000,0.00306341
2001-12-20T18:50:00,1,12,20,18,50,0.00150000,20.15000000,20.20250000,0.00153310
2001-12-20T19:00:00,1,12,20,19,0,0.00000000,20.00000000,20.00000000,0.00000000
2001-12-20T19:10:00,1,12,20,19,10,0.00000000,20.13333333,20.13333333,0.00000000
2001-12-20T19:20:00,1,12,20,19,20,0.00000000,20.26666667,20.26666667,0.00000000
2001-12-20T19:30:00,1,12,20,19,30,0.00000000,20.40000000,20.40000000,0.00000000
2001-12-20T19:40:00,1,12,20,19,40,0.00000000,20.53333333,20.53333333,0.00000000
2001-12-20T19:50:00,1,12,20,19,50,0.00000000,20.66666667,20.66666667,0.00000000
2001-12-20T20:00:00,1,12,20,20,0,0.00000000,20.80000000,20.80000000,0.00000000
2001-12-20T20:10:00,1,12,20,20,10,0.00000000,20.81666667,20.81666667,0.00000000
2001-12-20T20:20:00,1,12,20,20,20,0.00000000,20.83333333,20.83333333,0.00000000
2001-12-20T20:30:00,1,12,20,20,30,0.00000000,20.85000000,20.85000000,0.00000000
2001-12-20T20:40:00,1,12,20,20,40,0.00000000,20.86666667,20.86666667,0.00000000
2001-12-20T20:50:00,1,12,20,20,50,0.00000000,20.88333333,20.88333333,0.00000000
2001-12-20T21:00:00,1,12,20,21,0,0.00000000,20.90000000,20.90000000,0.00000000
2001-12-20T21:10:00,1,12,20,21,10,0.00000000,20.86666667,20.86666667,0.00000000
2001-12-20T21:20:00,1,12,20,21,20,0.00000000,20.83333333,20.83333333,0.00000000
2001-12-20T21:30:00,1,12,20,21,30,0.00000000,20.80000000,20.80000000,0.00000000
2001-12-20T21:40:00,1,12,20,21,40,0.00000000,20.76666667,20.76666667,0.00000000
2001-12-20T21:50:00,1,12,20,21,50,0.00000000,20.73333333,20.73333333,0.00000000
2001-12-20T22:00:00,1,12,20,22,0,0.00000000,20.70000000,20.70000000,0.00000000
2001-12-20T22:10:00,1,12,20,22,10,0.00000000,20.61666667,20.61666667,0.00000000
2001-12-20T22:20:00,1,12,20,22,20,0.00000000,20.53333333,20.53333333,0.00000000
2001-12-20T22:30:00,1,12,20,22,30,0.00000000,20.45000000,20.45000000,0.00000000
2001-12-20T22:40:00,1,12,20,22,40,0.00000000,20.36666667,20.36666667,0.00000000
2001-12-20T22:50:00,1,12,20,22,50,0.00000000,20.28333333,20.28333333,0.00000000
2001-12-20T23:00:00,1,12,20,23,0,0.00000000,20.20000000,20.20000000,0.00000000
2001-12-20T23:10:00,1,12,20,23,10,0.00000000,20.11666667,20.11666667,0.00000000
2001-12-20T23:20:00,1,12,20,23,20,0.00000000,20.03333333,20.03333333,0.00000000
2001-12-20T23:30:00,1,12,20,23,30,0.00000000,19.95000000,19.95000000,0.00000000
2001-12-20T23:40:00,1,12,20,23,40,0.00000000,19.86666667,19.86666667,0.00000000
2001-12-20T23:50:00,1,12,20,23,50,0.00000000,19.78333333,19.78333333,0.00000000
2001-12-21T00:00:00,1,12,21,0,0,0.00000000,19.70000000,19.70000000,0.00000000
2001-12-21T00:10:00,1,12,21,0,10,0.00000000,19.58333333,19.58333333,0.00000000
2001-12-21T00:20:00,1,12,21,0,20,0.00000000,19.46666667,19.46666667,0.00000000
2001-12-21T00:30:00,1,12,21,0,30,0.00000000,19.35000000,19.35000000,0.00000000
2001-12-21T00:40:00,1,12,21,0,40,0.00000000,19.23333333,19.23333333,0.00000000
2001-12-21T00:50:00,1,12,21,0,50,0.00000000,19.11666667,19.11666667,0.00000000
2001-12-21T01:00:00,1,12,21,1,0,0.00000000,19.00000000,19.00000000,0.00000000
2001-12-21T01:10:00,1,12,21,1,10,0.00000000,18.98333333,18.98333333,0.00000000
2001-12-21T01:20:00,1,12,21,1,20,0.00000000,18.96666667,18.96666667,0.00000000
2001-12-21T01:30:00,1,12,21,1,30,0.00000000,18.95000000,18.95000000,0.00000000
2001-12-21T01:40:00,1,12,21,1,40,0.00000000,18.93333333,18.93333333,0.00000000
2001-12-21T01:50:00,1,12,21,1,50,0.00000000,18.91666667,18.91666667,0.00000000
2001-12-21T02:00:00,1,12,21,2,0,0.00000000,18.90000000,18.90000000,0.00000000
2001-12-21T02:10:00,1,12,21,2,10,0.00000000,18.90000000,18.90000000,0.00000000
2001-12-21T02:20:00,1,12,21,2,20,0.00000000,18.90000000,18.90000000,0.00000000
2001-12-21T02:30:00,1,12,21,2,30,0.00000000,18.90000000,18.90000000,0.00000000
2001-12-21T02:40:00,1,12,21,2,40,0.00000000,18.90000000,18.90000000,0.00000000
2001-12-21T02:50:00,1,12,21,2,50,0.00000000,18.90000000,18.90000000,0.00000000
2001-12-21T03:00:00,1,12,21,3,0,0.00000000,18.90000000,18.90000000,0.00000000
2001-12-21T03:10:00,1,12,21,3,10,0.00000000,18.90000000,18.90000000,0.00000000
2001-12-21T03:20:00,1,12,21,3,20,0.00000000,18.90000000,18.90000000,0.00000000
2001-12-21T03:30:00,1,12,21,3,30,0.00000000,18.90000000,18.90000000,0.00000000
2001-12-21T03:40:00,1,12,21,3,40,0.00000000,18.90000000,18.90000000,0.00000000
2001-12-21T03:50:00,1,12,21,3,50,0.00000000,18.90000000,18.90000000,0.00000000
2001-12-21T04:00:00,1,12,21,4,0,0.00000000,18.90000000,18.90000000,0.00000000
2001-12-21T04:10:00,1,12,21,4,10,0.00366667,18.83333333,18.96166667,0.00376851
2001-12-21T04:20:00,1,12,21,4,20,0.00733333,18.76666667,19.02333333,0.00753495
2001-12-21T04:30:00,1,12,21,4,30,0.01100000,18.70000000,19.08500000,0.01129930
2001-12-21T04:40:00,1,12,21,4,40,0.01466667,18.63333333,19.14666667,0.01506157
2001-12-21T04:50:00,1,12,21,4,50,0.01833333,18.56666667,19.20833333,0.01882176
2001-12-21T05:00:00,1,12,21,5,0,0.02200000,18.50000000,19.27000000,0.02257988
2001-12-21T05:10:00,1,12,21,5,10,0.05583333,18.75000000,20.70416667,0.05693665
2001-12-21T05:20:00,1,12,21,5,20,0.08966667,19.00000000,22.13833333,0.09084701
2001-12-21T05:30:00,1,12,21,5,30,0.12350000,19.25000000,23.57250000,0.12431096
2001-12-21T05:40:00,1,12,21,5,40,0.15733333,19.50000000,25.00666667,0.15732851
2001-12-21T05:50:00,1,12,21,5,50,0.19116667,19.75000000,26.44083333,0.18989965
2001-12-21T06:00:00,1,12,21,6,0,0.22500000,20.00000000,27.87500000,0.22202437
2001-12-21T06:10:00,1,12,21,6,10,0.21033333,20.26666667,27.62833333,0.20779033
2001-12-21T06:20:00,1,12,21,6,20,0.19566667,20.53333333,27.38166667,0.19352301
2001-12-21T06:30:00,1,12,21,6,30,0.18100000,20.80000000,27.13500000,0.17922240
2001-12-21T06:40:00,1,12,21,6,40,0.16633333,21.06666667,26.88833333,0.16488851
2001-12-21T06:50:00,1,12,21,6,50,0.15166667,21.33333333,26.64166667,0.15052133
2001-12-21T07:00:00,1,12,21,7,0,0.13700000,21.60000000,26.39500000,0.13612087
2001-12-21T07:10:00,1,12,21,7,10,0.20250000,21.53333333,28.62083333,0.19912719
2001-12-21T07:20:00,1,12,21,7,20,0.26800000,21.46666667,30.84666667,0.26079223
2001-12-21T07:30:00,1,12,21,7,30,0.33350000,21.40000000,33.07250000,0.32111598
2001-12-21T07:40:00,1,12,21,7,40,0.39900000,21.33333333,35.29833333,0.38009844
2001-12-21T07:50:00,1,12,21,7,50,0.46450000,21.26666667,37.52416667,0.43773961
2001-12-21T08:00:00,1,12,21,8,0,0.53000000,21.20000000,39.75000000,0.49403950
2001-12-21T08:10:00,1,12,21,8,10,0.56266667,21.53333333,41.22666667,0.52066773
2001-12-21T08:20:00,1,12,21,8,20,0.59533333,21.86666667,42.70333333,0.54685216
2001-12-21T08:30:00,1,12,21,8,30,0.62800000,22.20000000,44.18000000,0.57259282
2001-12-21T08:40:00,1,12,21,8,40,0.66066667,22.53333333,45.65666667,0.59788968
2001-12-21T08:50:00,1,12,21,8,50,0.69333333,22.86666667,47.13333333,0.62274276
2001-12-21T09:00:00,1,12,21,9,0,0.72600000,23.20000000,48.61000000,0.64715204
2001-12-21T09:10:00,1,12,21,9,10,0.71366667,23.43333333,48.41166667,0.63680929
2001-12-21T09:20:00,1,12,21,9,20,0.70133333,23.66666667,48.21333333,0.62644402
2001-12-21T09:30:00,1,12,21,9,30,0.68900000,23.90000000,48.01500000,0.61605626
2001-12-21T09:40:00,1,12,21,9,40,0.67666667,24.13333333,47.81666667,0.60564599
2001-12-21T09:50:00,1,12,21,9,50,0.66433333,24.36666667,47.61833333,0.59521321
2001-12-21T10:00:00,1,12,21,10,0,0.65200000,24.60000000,47.42000000,0.58475794
2001-12-21T10:10:00,1,12,21,10,10,0.66533333,24.58333333,47.87000000,0.59533894
2001-12-21T10:20:00,1,12,21,10,20,0.67866667,24.56666667,48.32000000,0.60586474
2001-12-21T10:30:00,1,12,21,10,30,0.69200000,24.55000000,48.77000000,0.61633534
2001-12-21T10:40:00,1,12,21,10,40,0.70533333,24.53333333,49.22000000,0.62675074
2001-12-21T10:50:00,1,12,21,10,50,0.71866667,24.51666667,49.67000000,0.63711094
2001-12-21T11:00:00,1,12,21,11,0,0.73200000,24.50000000,50.12000000,0.64741594
2001-12-21T11:10:00,1,12,21,11,10,0.67300000,24.71666667,48.27166667,0.60095557
2001-12-21T11:20:00,1,12,21,11,20,0.61400000,24.93333333,46.42333333,0.55349194
2001-12-21T11:30:00,1,12,21,11,30,0.55500000,25.15000000,44.57500000,0.50502503
2001-12-21T11:40:00,1,12,21,11,40,0.49600000,25.36666667,42.72666667,0.45555484
2001-12-21T11:50:00,1,12,21,11,50,0.43700000,25.58333333,40.87833333,0.40508137
2001-12-21T12:00:00,1,12,21,12,0,0.37800000,25.80000000,39.03000000,0.35360464
2001-12-21T12:10:00,1,12,21,12,10,0.37300000,25.45000000,38.50500000,0.34982812
2001-12-21T12:20:00,1,12,21,12,20,0.36800000,25.10000000,37.98000000,0.34602746
2001-12-21T12:30:00,1,12,21,12,30,0.36300000,24.75000000,37.45500000,0.34220264
2001-12-21T12:40:00,1,12,21,12,40,0.35800000,24.40000000,36.93000000,0.33835368
2001-12-21T12:50:00,1,12,21,12,50,0.35300000,24.05000000,36.40500000,0.33448056
2001-12-21T13:00:00,1,12,21,13,0,0.34800000,23.70000000,35.88000000,0.33058330
2001-12-21T13:10:00,1,12,21,13,10,0.33733333,23.73333333,35.54000000,0.32097806
2001-12-21T13:20:00,1,12,21,13,20,0.32666667,23.76666667,35.20000000,0.31133947
2001-12-21T13:30:00,1,12,21,13,30,0.31600000,23.80000000,34.86000000,0.30166750
2001-12-21T13:40:00,1,12,21,13,40,0.30533333,23.83333333,34.52000000,0.29196218
2001-12-21T13:50:00,1,12,21,13,50,0.29466667,23.86666667,34.18000000,0.28222348
2001-12-21T14:00:00,1,12,21,14,0,0.28400000,23.90000000,33.84000000,0.27245142
2001-12-21T14:10:00,1,12,21,14,10,0.26050000,23.88333333,33.00083333,0.25091260
2001-12-21T14:20:00,1,12,21,14,20,0.23700000,23.86666667,32.16166667,0.22919235
2001-12-21T14:30:00,1,12,21,14,30,0.21350000,23.85000000,31.32250000,0.20729067
2001-12-21T14:40:00,1,12,21,14,40,0.19000000,23.83333333,30.48333333,0.18520757
2001-12-21T14:50:00,1,12,21,14,50,0.16650000,23.81666667,29.64416667,0.16294303
2001-12-21T15:00:00,1,12,21,15,0,0.14300000,23.80000000,28.80500000,0.14049707
2001-12-21T15:10:00,1,12,21,15,10,0.18816667,23.53333333,30.11916667,0.18373569
2001-12-21T15:20:00,1,12,21,15,20,0.23333333,23.26666667,31.43333333,0.22642822
2001-12-21T15:30:00,1,12,21,15,30,0.27850000,23.00000000,32.74750000,0.26857468
2001-12-21T15:40:00,1,12,21,15,40,0.32366667,22.73333333,34.06166667,0.31017505
2001-12-21T15:50:00,1,12,21,15,50,0.36883333,22.46666667,35.37583333,0.35122935
2001-12-21T16:00:00,1,12,21,16,0,0.41400000,22.20000000,36.69000000,0.39173756
2001-12-21T16:10:00,1,12,21,16,10,0.37833333,22.55000000,35.79166667,0.35955224
2001-12-21T16:20:00,1,12,21,16,20,0.34266667,22.90000000,34.89333333,0.32707214
2001-12-21T16:30:00,1,12,21,16,30,0.30700000,23.25000000,33.99500000,0.29429726
2001-12-21T16:40:00,1,12,21,16,40,0.27133333,23.60000000,33.09666667,0.26122761
2001-12-21T16:50:00,1,12,21,16,50,0.23566667,23.95000000,32.19833333,0.22786319
2001-12-21T17:00:00,1,12,21,17,0,0.20000000,24.30000000,31.30000000,0.19420400
2001-12-21T17:10:00,1,12,21,17,10,0.17083333,24.01666667,29.99583333,0.16690744
2001-12-21T17:20:00,1,12,21,17,20,0.14166667,23.73333333,28.69166667,0.13926093
2001-12-21T17:30:00,1,12,21,17,30,0.11250000,23.45000000,27.38750000,0.11126447
2001-12-21T17:40:00,1,12,21,17,40,0.08333333,23.16666667,26.08333333,0.08291806
2001-12-21T17:50:00,1,12,21,17,50,0.05416667,22.88333333,24.77916667,0.05422169
2001-12-21T18:00:00,1,12,21,18,0,0.02500000,22.60000000,23.47500000,0.02517537
2001-12-21T18:10:00,1,12,21,18,10,0.02083333,22.40000000,23.12916667,0.02101262
2001-12-21T18:20:00,1,12,21,18,20,0.01666667,22.20000000,22.78333333,0.01683661
2001-12-21T18:30:00,1,12,21,18,30,0.01250000,22.00000000,22.43750000,0.01264734
2001-12-21T18:40:00,1,12,21,18,40,0.00833333,21.80000000,22.09166667,0.00844482
2001-12-21T18:50:00,1,12,21,18,50,0.00416667,21.60000000,21.74583333,0.00422904
2001-12-21T19:00:00,1,12,21,19,0,0.00000000,21.40000000,21.40000000,0.00000000
2001-12-21T19:10:00,1,12,21,19,10,0.00000000,21.36666667,21.36666667,0.00000000
2001-12-21T19:20:00,1,12,21,19,20,0.00000000,21.33333333,21.33333333,0.00000000
2001-12-21T19:30:00,1,12,21,19,30,0.00000000,21.30000000,21.30000000,0.00000000
2001-12-21T19:40:00,1,12,21,19,40,0.00000000,21.26666667,21.26666667,0.00000000
2001-12-21T19:50:00,1,12,21,19,50,0.00000000,21.23333333,21.23333333,0.00000000
2001-12-21T20:00:00,1,12,21,20,0,0.00000000,21.20000000,21.20000000,0.00000000
2001-12-21T20:10:00,1,12,21,20,10,0.00000000,21.10000000,21.10000000,0.00000000
2001-12-21T20:20:00,1,12,21,20,20,0.00000000,21.00000000,21.00000000,0.00000000
2001-12-21T20:30:00,1,12,21,20,30,0.00000000,20.90000000,20.90000000,0.00000000
2001-12-21T20:40:00,1,12,21,20,40,0.00000000,20.80000000,20.80000000,0.00000000
2001-12-21T20:50:00,1,12,21,20,50,0.00000000,20.70000000,20.70000000,0.00000000
2001-12-21T21:00:00,1,12,21,21,0,0.00000000,20.60000000,20.60000000,0.00000000
2001-12-21T21:10:00,1,12,21,21,10,0.00000000,20.55000000,20.55000000,0.00000000
2001-12-21T21:20:00,1,12,21,21,20,0.00000000,20.50000000,20.50000000,0.00000000
2001-12-21T21:30:00,1,12,21,21,30,0.00000000,20.45000000,20.45000000,0.00000000
2001-12-21T21:40:00,1,12,21,21,40,0.00000000,20.40000000,20.40000000,0.00000000
2001-12-21T21:50:00,1,12,21,21,50,0.00000000,20.35000000,20.35000000,0.00000000
2001-12-21T22:00:00,1,12,21,22,0,0.00000000,20.30000000,20.30000000,0.00000000
2001-12-21T22:10:00,1,12,21,22,10,0.00000000,20.25000000,20.25000000,0.00000000
2001-12-21T22:20:00,1,12,21,22,20,0.00000000,20.20000000,20.20000000,0.00000000
2001-12-21T22:30:00,1,12,21,22,30,0.00000000,20.15000000,20.15000000,0.00000000
2001-12-21T22:40:00,1,12,21,22,40,0.00000000,20.10000000,20.10000000,0.00000000
2001-12-21T22:50:00,1,12,21,22,50,0.00000000,20.05000000,20.05000000,0.00000000
2001-12-21T23:00:00,1,12,21,23,0,0.00000000,20.00000000,20.00000000,0.00000000
2001-12-21T23:10:00,1,12,21,23,10,0.00000000,19.90000000,19.90000000,0.00000000
2001-12-21T23:20:00,1,12,21,23,20,0.00000000,19.80000000,19.80000000,0.00000000
2001-12-21T23:30:00,1,12,21,23,30,0.00000000,19.70000000,19.70000000,0.00000000
2001-12-21T23:40:00,1,12,21,23,40,0.00000000,19.60000000,19.60000000,0.00000000
2001-12-21T23:50:00,1,12,21,23,50,0.00000000,19.50000000,19.50000000,0.00000000
2001-12-22T00:00:00,1,12,22,0,0,0.00000000,19.40000000,19.40000000,0.00000000
2001-12-22T00:10:00,1,12,22,0,10,0.00000000,19.33333333,19.33333333,0.00000000
2001-12-22T00:20:00,1,12,22,0,20,0.00000000,19.26666667,19.26666667,0.00000000
2001-12-22T00:30:00,1,12,22,0,30,0.00000000,19.20000000,19.20000000,0.00000000
2001-12-22T00:40:00,1,12,22,0,40,0.00000000,19.13333333,19.13333333,0.00000000
2001-12-22T00:50:00,1,12,22,0,50,0.00000000,19.06666667,19.06666667,0.00000000
2001-12-22T01:00:00,1,12,22,1,0,0.00000000,19.00000000,19.00000000,0.00000000
2001-12-22T01:10:00,1,12,22,1,10,0.00000000,19.06666667,19.06666667,0.00000000
2001-12-22T01:20:00,1,12,22,1,20,0.00000000,19.13333333,19.13333333,0.00000000
2001-12-22T01:30:00,1,12,22,1,30,0.00000000,19.20000000,19.20000000,0.00000000
2001-12-22T01:40:00,1,12,22,1,40,0.00000000,19.26666667,19.26666667,0.00000000
2001-12-22T01:50:00,1,12,22,1,50,0.00000000,19.33333333,19.33333333,0.00000000
2001-12-22T02:00:00,1,12,22,2,0,0.00000000,19.40000000,19.40000000,0.00000000
2001-12-22T02:10:00,1,12,22,2,10,0.00000000,19.41666667,19.41666667,0.00000000
2001-12-22T02:20:00,1,12,22,2,20,0.00000000,19.43333333,19.43333333,0.00000000
2001-12-22T02:30:00,1,12,22,2,30,0.00000000,19.45000000,19.45000000,0.00000000
2001-12-22T02:40:00,1,12,22,2,40,0.00000000,19.46666667,19.46666667,0.00000000
2001-12-22T02:50:00,1,12,22,2,50,0.00000000,19.48333333,19.48333333,0.00000000
2001-12-22T03:00:00,1,12,22,3,0,0.00000000,19.50000000,19.50000000,0.00000000
2001-12-22T03:10:00,1,12,22,3,10,0.00000000,19.40000000,19.40000000,0.00000000
2001-12-22T03:20:00,1,12,22,3,20,0.00000000,19.30000000,19.30000000,0.00000000
2001-12-22T03:30:00,1,12,22,3,30,0.00000000,19.20000000,19.20000000,0.00000000
2001-12-22T03:40:00,1,12,22,3,40,0.00000000,19.10000000,19.10000000,0.00000000
2001-12-22T03:50:00,1,12,22,3,50,0.00000000,19.00000000,19.00000000,0.00000000
2001-12-22T04:00:00,1,12,22,4,0,0.00000000,18.90000000,18.90000000,0.00000000
2001-12-22T04:10:00,1,12,22,4,10,0.00433333,18.88333333,19.03500000,0.00445224
2001-12-22T04:20:00,1,12,22,4,20,0.00866667,18.86666667,19.17000000,0.00889909
2001-12-22T04:30:00,1,12,22,4,30,0.01300000,18.85000000,19.30500000,0.01334056
2001-12-22T04:40:00,1,12,22,4,40,0.01733333,18.83333333,19.44000000,0.01777665
2001-12-22T04:50:00,1,12,22,4,50,0.02166667,18.81666667,19.57500000,0.02220736
2001-12-22T05:00:00,1,12,22,5,0,0.02600000,18.80000000,19.71000000,0.02663268
2001-12-22T05:10:00,1,12,22,5,10,0.03883333,18.96666667,20.32583333,0.03966830
2001-12-22T05:20:00,1,12,22,5,20,0.05166667,19.13333333,20.94166667,0.05263120
2001-12-22T05:30:00,1,12,22,5,30,0.06450000,19.30000000,21.55750000,0.06552139
2001-12-22T05:40:00,1,12,22,5,40,0.07733333,19.46666667,22.17333333,0.07833887
2001-12-22T05:50:00,1,12,22,5,50,0.09016667,19.63333333,22.78916667,0.09108365
2001-12-22T06:00:00,1,12,22,6,0,0.10300000,19.80000000,23.40500000,0.10375571
2001-12-22T06:10:00,1,12,22,6,10,0.15633333,19.96666667,25.43833333,0.15601811
2001-12-22T06:20:00,1,12,22,6,20,0.20966667,20.13333333,27.47166667,0.20728283
2001-12-22T06:30:00,1,12,22,6,30,0.26300000,20.30000000,29.50500000,0.25754985
2001-12-22T06:40:00,1,12,22,6,40,0.31633333,20.46666667,31.53833333,0.30681919
2001-12-22T06:50:00,1,12,22,6,50,0.36966667,20.63333333,33.57166667,0.35509083
2001-12-22T07:00:00,1,12,22,7,0,0.42300000,20.80000000,35.60500000,0.40236479
2001-12-22T07:10:00,1,12,22,7,10,0.46283333,21.15000000,37.34916667,0.43654155
2001-12-22T07:20:00,1,12,22,7,20,0.50266667,21.50000000,39.09333333,0.47007912
2001-12-22T07:30:00,1,12,22,7,30,0.54250000,21.85000000,40.83750000,0.50297752
2001-12-22T07:40:00,1,12,22,7,40,0.58233333,22.20000000,42.58166667,0.53523674
2001-12-22T07:50:00,1,12,22,7,50,0.62216667,22.55000000,44.32583333,0.56685678
2001-12-22T08:00:00,1,12,22,8,0,0.66200000,22.90000000,46.07000000,0.59783764
2001-12-22T08:10:00,1,12,22,8,10,0.67866667,23.18333333,46.93666667,0.61018332
2001-12-22T08:20:00,1,12,22,8,20,0.69533333,23.46666667,47.80333333,0.62239611
2001-12-22T08:30:00,1,12,22,8,30,0.71200000,23.75000000,48.67000000,0.63447602
2001-12-22T08:40:00,1,12,22,8,40,0.72866667,24.03333333,49.53666667,0.64642303
2001-12-22T08:50:00,1,12,22,8,50,0.74533333,24.31666667,50.40333333,0.65823716
2001-12-22T09:00:00,1,12,22,9,0,0.76200000,24.60000000,51.27000000,0.66991840
2001-12-22T09:10:00,1,12,22,9,10,0.78300000,24.78333333,52.18833333,0.68507306
2001-12-22T09:20:00,1,12,22,9,20,0.80400000,24.96666667,53.10666667,0.70005030
2001-12-22T09:30:00,1,12,22,9,30,0.82500000,25.15000000,54.02500000,0.71485013
2001-12-22T09:40:00,1,12,22,9,40,0.84600000,25.33333333,54.94333333,0.72947252
2001-12-22T09:50:00,1,12,22,9,50,0.86700000,25.51666667,55.86166667,0.74391750
2001-12-22T10:00:00,1,12,22,10,0,0.88800000,25.70000000,56.78000000,0.75818506
2001-12-22T10:10:00,1,12,22,10,10,0.85266667,26.01666667,55.86000000,0.73162552
2001-12-22T10:20:00,1,12,22,10,20,0.81733333,26.33333333,54.94000000,0.70476692
2001-12-22T10:30:00,1,12,22,10,30,0.78200000,26.65000000,54.02000000,0.67760926
2001-12-22T10:40:00,1,12,22,10,40,0.74666667,26.96666667,53.10000000,0.65015253
2001-12-22T10:50:00,1,12,22,10,50,0.71133333,27.28333333,52.18000000,0.62239675
2001-12-22T11:00:00,1,12,22,11,0,0.67600000,27.60000000,51.26000000,0.59434190
2001-12-22T11:10:00,1,12,22,11,10,0.66850000,27.36666667,50.76416667,0.58927261
2001-12-22T11:20:00,1,12,22,11,20,0.66100000,27.13333333,50.26833333,0.58416911
2001-12-22T11:30:00,1,12,22,11,30,0.65350000,26.90000000,49.77250000,0.57903139
2001-12-22T11:40:00,1,12,22,11,40,0.64600000,26.66666667,49.27666667,0.57385946
2001-12-22T11:50:00,1,12,22,11,50,0.63850000,26.43333333,48.78083333,0.56865331
2001-12-22T12:00:00,1,12,22,12,0,0.63100000,26.20000000,48.28500000,0.56341296
2001-12-22T12:10:00,1,12,22,12,10,0.60966667,26.16666667,47.50500000,0.54655214
2001-12-22T12:20:00,1,12,22,12,20,0.58833333,26.13333333,46.72500000,0.52953824
2001-12-22T12:30:00,1,12,22,12,30,0.56700000,26.10000000,45.94500000,0.51237125
2001-12-22T12:40:00,1,12,22,12,40,0.54566667,26.06666667,45.16500000,0.49505117
2001-12-22T12:50:00,1,12,22,12,50,0.52433333,26.03333333,44.38500000,0.47757801
2001-12-22T13:00:00,1,12,22,13,0,0.50300000,26.00000000,43.60500000,0.45995175
2001-12-22T13:10:00,1,12,22,13,10,0.49716667,25.70000000,43.10083333,0.45577066
2001-12-22T13:20:00,1,12,22,13,20,0.49133333,25.40000000,42.59666667,0.45156252
2001-12-22T13:30:00,1,12,22,13,30,0.48550000,25.10000000,42.09250000,0.44732732
2001-12-22T13:40:00,1,12,22,13,40,0.47966667,24.80000000,41.58833333,0.44306506
2001-12-22T13:50:00,1,12,22,13,50,0.47383333,24.50000000,41.08416667,0.43877575
2001-12-22T14:00:00,1,12,22,14,0,0.46800000,24.20000000,40.58000000,0.43445938
2001-12-22T14:10:00,1,12,22,14,10,0.48450000,24.23333333,41.19083333,0.44841549
2001-12-22T14:20:00,1,12,22,14,20,0.50100000,24.26666667,41.80166667,0.46227888
2001-12-22T14:30:00,1,12,22,14,30,0.51750000,24.30000000,42.41250000,0.47604954
2001-12-22T14:40:00,1,12,22,14,40,0.53400000,24.33333333,43.02333333,0.48972748
2001-12-22T14:50:00,1,12,22,14,50,0.55050000,24.36666667,43.63416667,0.50331270
2001-12-22T15:00:00,1,12,22,15,0,0.56700000,24.40000000,44.24500000,0.51680519
2001-12-22T15:10:00,1,12,22,15,10,0.49883333,24.53333333,41.99250000,0.45984178
2001-12-22T15:20:00,1,12,22,15,20,0.43066667,24.66666667,39.74000000,0.40146574
2001-12-22T15:30:00,1,12,22,15,30,0.36250000,24.80000000,37.48750000,0.34167709
2001-12-22T15:40:00,1,12,22,15,40,0.29433333,24.93333333,35.23500000,0.28047583
2001-12-22T15:50:00,1,12,22,15,50,0.22616667,25.06666667,32.98250000,0.21786194
2001-12-22T16:00:00,1,12,22,16,0,0.15800000,25.20000000,30.73000000,0.15383544
2001-12-22T16:10:00,1,12,22,16,10,0.14950000,24.70000000,29.93250000,0.14610792
2001-12-22T16:20:00,1,12,22,16,20,0.14100000,24.20000000,29.13500000,0.13831804
2001-12-22T16:30:00,1,12,22,16,30,0.13250000,23.70000000,28.33750000,0.13046579
2001-12-22T16:40:00,1,12,22,16,40,0.12400000,23.20000000,27.54000000,0.12255118
2001-12-22T16:50:00,1,12,22,16,50,0.11550000,22.70000000,26.74250000,0.11457421
2001-12-22T17:00:00,1,12,22,17,0,0.10700000,22.20000000,25.94500000,0.10653487
2001-12-22T17:10:00,1,12,22,17,10,0.09433333,22.10000000,25.40166667,0.09415904
2001-12-22T17:20:00,1,12,22,17,20,0.08166667,22.00000000,24.85833333,0.08171989
2001-12-22T17:30:00,1,12,22,17,30,0.06900000,21.90000000,24.31500000,0.06921742
2001-12-22T17:40:00,1,12,22,17,40,0.05633333,21.80000000,23.77166667,0.05665164
2001-12-22T17:50:00,1,12,22,17,50,0.04366667,21.70000000,23.22833333,0.04402254
2001-12-22T18:00:00,1,12,22,18,0,0.03100000,21.60000000,22.68500000,0.03133012
2001-12-22T18:10:00,1,12,22,18,10,0.02583333,21.46666667,22.37083333,0.02614577
2001-12-22T18:20:00,1,12,22,18,20,0.02066667,21.33333333,22.05666667,0.02094648
2001-12-22T18:30:00,1,12,22,18,30,0.01550000,21.20000000,21.74250000,0.01573226
2001-12-22T18:40:00,1,12,22,18,40,0.01033333,21.06666667,21.42833333,0.01050311
2001-12-22T18:50:00,1,12,22,18,50,0.00516667,20.93333333,21.11416667,0.00525902
2001-12-22T19:00:00,1,12,22,19,0,0.00000000,20.80000000,20.80000000,0.00000000
2001-12-22T19:10:00,1,12,22,19,10,0.00000000,20.66666667,20.66666667,0.00000000
2001-12-22T19:20:00,1,12,22,19,20,0.00000000,20.53333333,20.53333333,0.00000000
2001-12-22T19:30:00,1,12,22,19,30,0.00000000,20.40000000,20.40000000,0.00000000
2001-12-22T19:40:00,1,12,22,19,40,0.00000000,20.26666667,20.26666667,0.00000000
2001-12-22T19:50:00,1,12,22,19,50,0.00000000,20.13333333,20.13333333,0.00000000
2001-12-22T20:00:00,1,12,22,20,0,0.00000000,20.00000000,20.00000000,0.00000000
2001-12-22T20:10:00,1,12,22,20,10,0.00000000,19.81666667,19.81666667,0.00000000
2001-12-22T20:20:00,1,12,22,20,20,0.00000000,19.63333333,19.63333333,0.00000000
2001-12-22T20:30:00,1,12,22,20,30,0.00000000,19.45000000,19.45000000,0.00000000
2001-12-22T20:40:00,1,12,22,20,40,0.00000000,19.26666667,19.26666667,0.00000000
2001-12-22T20:50:00,1,12,22,20,50,0.00000000,19.08333333,19.08333333,0.00000000
2001-12-22T21:00:00,1,12,22,21,0,0.00000000,18.90000000,18.90000000,0.00000000
2001-12-22T21:10:00,1,12,22,21,10,0.00000000,18.96666667,18.96666667,0.00000000
2001-12-22T21:20:00,1,12,22,21,20,0.00000000,19.03333333,19.03333333,0.00000000
2001-12-22T21:30:00,1,12,22,21,30,0.00000000,19.10000000,19.10000000,0.00000000
2001-12-22T21:40:00,1,12,22,21,40,0.00000000,19.16666667,19.16666667,0.00000000
2001-12-22T21:50:00,1,12,22,21,50,0.00000000,19.23333333,19.23333333,0.00000000
2001-12-22T22:00:00,1,12,22,22,0,0.00000000,19.30000000,19.30000000,0.00000000
2001-12-22T22:10:00,1,12,22,22,10,0.00000000,19.11666667,19.11666667,0.00000000
2001-12-22T22:20:00,1,12,22,22,20,0.00000000,18.93333333,18.93333333,0.00000000
2001-12-22T22:30:00,1,12,22,22,30,0.00000000,18.75000000,18.75000000,0.00000000
2001-12-22T22:40:00,1,12,22,22,40,0.00000000,18.56666667,18.56666667,0.00000000
2001-12-22T22:50:00,1,12,22,22,50,0.00000000,18.38333333,18.38333333,0.00000000
2001-12-22T23:00:00,1,12,22,23,0,0.00000000,18.20000000,18.20000000,0.00000000
2001-12-22T23:10:00,1,12,22,23,10,0.00000000,18.18333333,18.18333333,0.00000000
2001-12-22T23:20:00,1,12,22,23,20,0.00000000,18.16666667,18.16666667,0.00000000
2001-12-22T23:30:00,1,12,22,23,30,0.00000000,18.15000000,18.15000000,0.00000000
2001-12-22T23:40:00,1,12,22,23,40,0.00000000,18.13333333,18.13333333,0.00000000
2001-12-22T23:50:00,1,12,22,23,50,0.00000000,18.11666667,18.11666667,0.00000000
2001-12-23T00:00:00,1,12,23,0,0,0.00000000,18.10000000,18.10000000,0.00000000
2001-12-23T00:10:00,1,12,23,0,10,0.00000000,18.20000000,18.20000000,0.00000000
2001-12-23T00:20:00,1,12,23,0,20,0.00000000,18.30000000,18.30000000,0.00000000
2001-12-23T00:30:00,1,12,23,0,30,0.00000000,18.40000000,18.40000000,0.00000000
2001-12-23T00:40:00,1,12,23,0,40,0.00000000,18.50000000,18.50000000,0.00000000
2001-12-23T00:50:00,1,12,23,0,50,0.00000000,18.60000000,18.60000000,0.00000000
2001-12-23T01:00:00,1,12,23,1,0,0.00000000,18.70000000,18.70000000,0.00000000
2001-12-23T01:10:00,1,12,23,1,10,0.00000000,18.58333333,18.58333333,0.00000000
2001-12-23T01:20:00,1,12,23,1,20,0.00000000,18.46666667,18.46666667,0.00000000
2001-12-23T01:30:00,1,12,23,1,30,0.00000000,18.35000000,18.35000000,0.00000000
2001-12-23T01:40:00,1,12,23,1,40,0.00000000,18.23333333,18.23333333,0.00000000
2001-12-23T01:50:00,1,12,23,1,50,0.00000000,18.11666667,18.11666667,0.00000000
2001-12-23T02:00:00,1,12,23,2,0,0.00000000,18.00000000,18.00000000,0.00000000
2001-12-23T02:10:00,1,12,23,2,10,0.00000000,18.03333333,18.03333333,0.00000000
2001-12-23T02:20:00,1,12,23,2,20,0.00000000,18.06666667,18.06666667,0.00000000
2001-12-23T02:30:00,1,12,23,2,30,0.00000000,18.10000000,18.10000000,0.00000000
2001-12-23T02:40:00,1,12,23,2,40,0.00000000,18.13333333,18.13333333,0.00000000
2001-12-23T02:50:00,1,12,23,2,50,0.00000000,18.16666667,18.16666667,0.00000000
2001-12-23T03:00:00,1,12,23,3,0,0.00000000,18.20000000,18.20000000,0.00000000
2001-12-23T03:10:00,1,12,23,3,10,0.00000000,18.15000000,18.15000000,0.00000000
2001-12-23T03:20:00,1,12,23,3,20,0.00000000,18.10000000,18.10000000,0.00000000
2001-12-23T03:30:00,1,12,23,3,30,0.00000000,18.05000000,18.05000000,0.00000000
2001-12-23T03:40:00,1,12,23,3,40,0.00000000,18.00000000,18.00000000,0.00000000
2001-12-23T03:50:00,1,12,23,3,50,0.00000000,17.95000000,17.95000000,0.00000000
2001-12-23T04:00:00,1,12,23,4,0,0.00000000,17.90000000,17.90000000,0.00000000
2001-12-23T04:10:00,1,12,23,4,10,0.00333333,17.93333333,18.05000000,0.00343990
2001-12-23T04:20:00,1,12,23,4,20,0.00666667,17.96666667,18.20000000,0.00687520
2001-12-23T04:30:00,1,12,23,4,30,0.01000000,18.00000000,18.35000000,0.01030590
2001-12-23T04:40:00,1,12,23,4,40,0.01333333,18.03333333,18.50000000,0.01373200
2001-12-23T04:50:00,1,12,23,4,50,0.01666667,18.06666667,18.65000000,0.01715350
2001-12-23T05:00:00,1,12,23,5,0,0.02000000,18.10000000,18.80000000,0.02057040
2001-12-23T05:10:00,1,12,23,5,10,0.02616667,18.20000000,19.11583333,0.02687492
2001-12-23T05:20:00,1,12,23,5,20,0.03233333,18.30000000,19.43166667,0.03316153
2001-12-23T05:30:00,1,12,23,5,30,0.03850000,18.40000000,19.74750000,0.03943022
2001-12-23T05:40:00,1,12,23,5,40,0.04466667,18.50000000,20.06333333,0.04568099
2001-12-23T05:50:00,1,12,23,5,50,0.05083333,18.60000000,20.37916667,0.05191384
2001-12-23T06:00:00,1,12,23,6,0,0.05700000,18.70000000,20.69500000,0.05812877
2001-12-23T06:10:00,1,12,23,6,10,0.09050000,18.75000000,21.91750000,0.09178324
2001-12-23T06:20:00,1,12,23,6,20,0.12400000,18.80000000,23.14000000,0.12506094
2001-12-23T06:30:00,1,12,23,6,30,0.15750000,18.85000000,24.36250000,0.15796187
2001-12-23T06:40:00,1,12,23,6,40,0.19100000,18.90000000,25.58500000,0.19048602
2001-12-23T06:50:00,1,12,23,6,50,0.22450000,18.95000000,26.80750000,0.22263339
2001-12-23T07:00:00,1,12,23,7,0,0.25800000,19.00000000,28.03000000,0.25440400
2001-12-23T07:10:00,1,12,23,7,10,0.30350000,19.26666667,29.88916667,0.29667423
2001-12-23T07:20:00,1,12,23,7,20,0.34900000,19.53333333,31.74833333,0.33816623
2001-12-23T07:30:00,1,12,23,7,30,0.39450000,19.80000000,33.60750000,0.37887997
2001-12-23T07:40:00,1,12,23,7,40,0.44000000,20.06666667,35.46666667,0.41881547
2001-12-23T07:50:00,1,12,23,7,50,0.48550000,20.33333333,37.32583333,0.45797272
2001-12-23T08:00:00,1,12,23,8,0,0.53100000,20.60000000,39.18500000,0.49635172
2001-12-23T08:10:00,1,12,23,8,10,0.56116667,20.93333333,40.57416667,0.52096403
2001-12-23T08:20:00,1,12,23,8,20,0.59133333,21.26666667,41.96333333,0.54519080
2001-12-23T08:30:00,1,12,23,8,30,0.62150000,21.60000000,43.35250000,0.56903204
2001-12-23T08:40:00,1,12,23,8,40,0.65166667,21.93333333,44.74166667,0.59248773
2001-12-23T08:50:00,1,12,23,8,50,0.68183333,22.26666667,46.13083333,0.61555788
2001-12-23T09:00:00,1,12,23,9,0,0.71200000,22.60000000,47.52000000,0.63824250
2001-12-23T09:10:00,1,12,23,9,10,0.69050000,22.76666667,46.93416667,0.62083051
2001-12-23T09:20:00,1,12,23,9,20,0.66900000,22.93333333,46.34833333,0.60330264
2001-12-23T09:30:00,1,12,23,9,30,0.64750000,23.10000000,45.76250000,0.58565889
2001-12-23T09:40:00,1,12,23,9,40,0.62600000,23.26666667,45.17666667,0.56789927
2001-12-23T09:50:00,1,12,23,9,50,0.60450000,23.43333333,44.59083333,0.55002377
2001-12-23T10:00:00,1,12,23,10,0,0.58300000,23.60000000,44.00500000,0.53203239
2001-12-23T10:10:00,1,12,23,10,10,0.55966667,23.55000000,43.13833333,0.51297013
2001-12-23T10:20:00,1,12,23,10,20,0.53633333,23.50000000,42.27166667,0.49372183
2001-12-23T10:30:00,1,12,23,10,30,0.51300000,23.45000000,41.40500000,0.47428748
2001-12-23T10:40:00,1,12,23,10,40,0.48966667,23.40000000,40.53833333,0.45466709
2001-12-23T10:50:00,1,12,23,10,50,0.46633333,23.35000000,39.67166667,0.43486065
2001-12-23T11:00:00,1,12,23,11,0,0.44300000,23.30000000,38.80500000,0.41486817
2001-12-23T11:10:00,1,12,23,11,10,0.46950000,23.26666667,39.69916667,0.43775421
2001-12-23T11:20:00,1,12,23,11,20,0.49600000,23.23333333,40.59333333,0.46042225
2001-12-23T11:30:00,1,12,23,11,30,0.52250000,23.20000000,41.48750000,0.48287229
2001-12-23T11:40:00,1,12,23,11,40,0.54900000,23.16666667,42.38166667,0.50510434
2001-12-23T11:50:00,1,12,23,11,50,0.57550000,23.13333333,43.27583333,0.52711839
2001-12-23T12:00:00,1,12,23,12,0,0.60200000,23.10000000,44.17000000,0.54891444
2001-12-23T12:10:00,1,12,23,12,10,0.54050000,23.11666667,42.03416667,0.49814795
2001-12-23T12:20:00,1,12,23,12,20,0.47900000,23.13333333,39.89833333,0.44617301
2001-12-23T12:30:00,1,12,23,12,30,0.41750000,23.15000000,37.76250000,0.39298962
2001-12-23T12:40:00,1,12,23,12,40,0.35600000,23.16666667,35.62666667,0.33859777
2001-12-23T12:50:00,1,12,23,12,50,0.29450000,23.18333333,33.49083333,0.28299747
2001-12-23T13:00:00,1,12,23,13,0,0.23300000,23.20000000,31.35500000,0.22618871
2001-12-23T13:10:00,1,12,23,13,10,0.28150000,22.95000000,32.80250000,0.27139654
2001-12-23T13:20:00,1,12,23,13,20,0.33000000,22.70000000,34.25000000,0.31595850
2001-12-23T13:30:00,1,12,23,13,30,0.37850000,22.45000000,35.69750000,0.35987458
2001-12-23T13:40:00,1,12,23,13,40,0.42700000,22.20000000,37.14500000,0.40314479
2001-12-23T13:50:00,1,12,23,13,50,0.47550000,21.95000000,38.59250000,0.44576912
2001-12-23T14:00:00,1,12,23,14,0,0.52400000,21.70000000,40.04000000,0.48774758
2001-12-23T14:10:00,1,12,23,14,10,0.49266667,21.93333333,39.17666667,0.46053856
2001-12-23T14:20:00,1,12,23,14,20,0.46133333,22.16666667,38.31333333,0.43308066
2001-12-23T14:30:00,1,12,23,14,30,0.43000000,22.40000000,37.45000000,0.40537390
2001-12-23T14:40:00,1,12,23,14,40,0.39866667,22.63333333,36.58666667,0.37741826
2001-12-23T14:50:00,1,12,23,14,50,0.36733333,22.86666667,35.72333333,0.34921376
2001-12-23T15:00:00,1,12,23,15,0,0.33600000,23.10000000,34.86000000,0.32076038
2001-12-23T15:10:00,1,12,23,15,10,0.30283333,23.08333333,33.68250000,0.29073832
2001-12-23T15:20:00,1,12,23,15,20,0.26966667,23.06666667,32.50500000,0.26035696
2001-12-23T15:30:00,1,12,23,15,30,0.23650000,23.05000000,31.32750000,0.22961631
2001-12-23T15:40:00,1,12,23,15,40,0.20333333,23.03333333,30.15000000,0.19851637
2001-12-23T15:50:00,1,12,23,15,50,0.17016667,23.01666667,28.97250000,0.16705713
2001-12-23T16:00:00,1,12,23,16,0,0.13700000,23.00000000,27.79500000,0.13523859
2001-12-23T16:10:00,1,12,23,16,10,0.13150000,22.68333333,27.28583333,0.13011730
2001-12-23T16:20:00,1,12,23,16,20,0.12600000,22.36666667,26.77666667,0.12497024
2001-12-23T16:30:00,1,12,23,16,30,0.12050000,22.05000000,26.26750000,0.11979742
2001-12-23T16:40:00,1,12,23,16,40,0.11500000,21.73333333,25.75833333,0.11459884
2001-12-23T16:50:00,1,12,23,16,50,0.10950000,21.41666667,25.24916667,0.10937449
2001-12-23T17:00:00,1,12,23,17,0,0.10400000,21.10000000,24.74000000,0.10412438
2001-12-23T17:10:00,1,12,23,17,10,0.09050000,21.06666667,24.23416667,0.09081882
2001-12-23T17:20:00,1,12,23,17,20,0.07700000,21.03333333,23.72833333,0.07745042
2001-12-23T17:30:00,1,12,23,17,30,0.06350000,21.00000000,23.22250000,0.06401921
2001-12-23T17:40:00,1,12,23,17,40,0.05000000,20.96666667,22.71666667,0.05052517
2001-12-23T17:50:00,1,12,23,17,50,0.03650000,20.93333333,22.21083333,0.03696830
2001-12-23T18:00:00,1,12,23,18,0,0.02300000,20.90000000,21.70500000,0.02334861
2001-12-23T18:10:00,1,12,23,18,10,0.01916667,20.85000000,21.52083333,0.01947341
2001-12-23T18:20:00,1,12,23,18,20,0.01533333,20.80000000,21.33666667,0.01559172
2001-12-23T18:30:00,1,12,23,18,30,0.01150000,20.75000000,21.15250000,0.01170353
2001-12-23T18:40:00,1,12,23,18,40,0.00766667,20.70000000,20.96833333,0.00780885
2001-12-23T18:50:00,1,12,23,18,50,0.00383333,20.65000000,20.78416667,0.00390767
2001-12-23T19:00:00,1,12,23,19,0,0.00000000,20.60000000,20.60000000,0.00000000
2001-12-23T19:10:00,1,12,23,19,10,0.00000000,20.55000000,20.55000000,0.00000000
2001-12-23T19:20:00,1,12,23,19,20,0.00000000,20.50000000,20.50000000,0.00000000
2001-12-23T19:30:00,1,12,23,19,30,0.00000000,20.45000000,20.45000000,0.00000000
2001-12-23T19:40:00,1,12,23,19,40,0.00000000,20.40000000,20.40000000,0.00000000
2001-12-23T19:50:00,1,12,23,19,50,0.00000000,20.35000000,20.35000000,0.00000000
2001-12-23T20:00:00,1,12,23,20,0,0.00000000,20.30000000,20.30000000,0.00000000
2001-12-23T20:10:00,1,12,23,20,10,0.00000000,20.35000000,20.35000000,0.00000000
2001-12-23T20:20:00,1,12,23,20,20,0.00000000,20.40000000,20.40000000,0.00000000
2001-12-23T20:30:00,1,12,23,20,30,0.00000000,20.45000000,20.45000000,0.00000000
2001-12-23T20:40:00,1,12,23,20,40,0.00000000,20.50000000,20.50000000,0.00000000
2001-12-23T20:50:00,1,12,23,20,50,0.00000000,20.55000000,20.55000000,0.00000000
2001-12-23T21:00:00,1,12,23,21,0,0.00000000,20.60000000,20.60000000,0.00000000
2001-12-23T21:10:00,1,12,23,21,10,0.00000000,20.51666667,20.51666667,0.00000000
2001-12-23T21:20:00,1,12,23,21,20,0.00000000,20.43333333,20.43333333,0.00000000
2001-12-23T21:30:00,1,12,23,21,30,0.00000000,20.35000000,20.35000000,0.00000000
2001-12-23T21:40:00,1,12,23,21,40,0.00000000,20.26666667,20.26666667,0.00000000
2001-12-23T21:50:00,1,12,23,21,50,0.00000000,20.18333333,20.18333333,0.00000000
2001-12-23T22:00:00,1,12,23,22,0,0.00000000,20.10000000,20.10000000,0.00000000
2001-12-23T22:10:00,1,12,23,22,10,0.00000000,20.10000000,20.10000000,0.00000000
2001-12-23T22:20:00,1,12,23,22,20,0.00000000,20.10000000,20.10000000,0.00000000
2001-12-23T22:30:00,1,12,23,22,30,0.00000000,20.10000000,20.10000000,0.00000000
2001-12-23T22:40:00,1,12,23,22,40,0.00000000,20.10000000,20.10000000,0.00000000
2001-12-23T22:50:00,1,12,23,22,50,0.00000000,20.10000000,20.10000000,0.00000000
2001-12-23T23:00:00,1,12,23,23,0,0.00000000,20.10000000,20.10000000,0.00000000
2001-12-23T23:10:00,1,12,23,23,10,0.00000000,19.76666667,19.76666667,0.00000000
2001-12-23T23:20:00,1,12,23,23,20,0.00000000,19.43333333,19.43333333,0.00000000
2001-12-23T23:30:00,1,12,23,23,30,0.00000000,19.10000000,19.10000000,0.00000000
2001-12-23T23:40:00,1,12,23,23,40,0.00000000,18.76666667,18.76666667,0.00000000
2001-12-23T23:50:00,1,12,23,23,50,0.00000000,18.43333333,18.43333333,0.00000000
2001-12-24T00:00:00,1,12,24,0,0,0.00000000,18.10000000,18.10000000,0.00000000
2001-12-24T00:10:00,1,12,24,0,10,0.00000000,18.10000000,18.10000000,0.00000000
2001-12-24T00:20:00,1,12,24,0,20,0.00000000,18.10000000,18.10000000,0.00000000
2001-12-24T00:30:00,1,12,24,0,30,0.00000000,18.10000000,18.10000000,0.00000000
2001-12-24T00:40:00,1,12,24,0,40,0.00000000,18.10000000,18.10000000,0.00000000
2001-12-24T00:50:00,1,12,24,0,50,0.00000000,18.10000000,18.10000000,0.00000000
2001-12-24T01:00:00,1,12,24,1,0,0.00000000,18.10000000,18.10000000,0.00000000
2001-12-24T01:10:00,1,12,24,1,10,0.00000000,18.01666667,18.01666667,0.00000000
2001-12-24T01:20:00,1,12,24,1,20,0.00000000,17.93333333,17.93333333,0.00000000
2001-12-24T01:30:00,1,12,24,1,30,0.00000000,17.85000000,17.85000000,0.00000000
2001-12-24T01:40:00,1,12,24,1,40,0.00000000,17.76666667,17.76666667,0.00000000
2001-12-24T01:50:00,1,12,24,1,50,0.00000000,17.68333333,17.68333333,0.00000000
2001-12-24T02:00:00,1,12,24,2,0,0.00000000,17.60000000,17.60000000,0.00000000
2001-12-24T02:10:00,1,12,24,2,10,0.00000000,17.66666667,17.66666667,0.00000000
2001-12-24T02:20:00,1,12,24,2,20,0.00000000,17.73333333,17.73333333,0.00000000
2001-12-24T02:30:00,1,12,24,2,30,0.00000000,17.80000000,17.80000000,0.00000000
2001-12-24T02:40:00,1,12,24,2,40,0.00000000,17.86666667,17.86666667,0.00000000
2001-12-24T02:50:00,1,12,24,2,50,0.00000000,17.93333333,17.93333333,0.00000000
2001-12-24T03:00:00,1,12,24,3,0,0.00000000,18.00000000,18.00000000,0.00000000
2001-12-24T03:10:00,1,12,24,3,10,0.00000000,17.86666667,17.86666667,0.00000000
2001-12-24T03:20:00,1,12,24,3,20,0.00000000,17.73333333,17.73333333,0.00000000
2001-12-24T03:30:00,1,12,24,3,30,0.00000000,17.60000000,17.60000000,0.00000000
2001-12-24T03:40:00,1,12,24,3,40,0.00000000,17.46666667,17.46666667,0.00000000
2001-12-24T03:50:00,1,12,24,3,50,0.00000000,17.33333333,17.33333333,0.00000000
2001-12-24T04:00:00,1,12,24,4,0,0.00000000,17.20000000,17.20000000,0.00000000
2001-12-24T04:10:00,1,12,24,4,10,0.00450000,17.28333333,17.44083333,0.00465647
2001-12-24T04:20:00,1,12,24,4,20,0.00900000,17.36666667,17.68166667,0.00930298
2001-12-24T04:30:00,1,12,24,4,30,0.01350000,17.45000000,17.92250000,0.01393951
2001-12-24T04:40:00,1,12,24,4,40,0.01800000,17.53333333,18.16333333,0.01856608
2001-12-24T04:50:00,1,12,24,4,50,0.02250000,17.61666667,18.40416667,0.02318267
2001-12-24T05:00:00,1,12,24,5,0,0.02700000,17.70000000,18.64500000,0.02778929
2001-12-24T05:10:00,1,12,24,5,10,0.06050000,17.83333333,19.95083333,0.06190518
2001-12-24T05:20:00,1,12,24,5,20,0.09400000,17.96666667,21.25666667,0.09561862
2001-12-24T05:30:00,1,12,24,5,30,0.12750000,18.10000000,22.56250000,0.12892959
2001-12-24T05:40:00,1,12,24,5,40,0.16100000,18.23333333,23.86833333,0.16183811
2001-12-24T05:50:00,1,12,24,5,50,0.19450000,18.36666667,25.17416667,0.19434417
2001-12-24T06:00:00,1,12,24,6,0,0.22800000,18.50000000,26.48000000,0.22644778
2001-12-24T06:10:00,1,12,24,6,10,0.22250000,18.81666667,26.60416667,0.22085814
2001-12-24T06:20:00,1,12,24,6,20,0.21700000,19.13333333,26.72833333,0.21527478
2001-12-24T06:30:00,1,12,24,6,30,0.21150000,19.45000000,26.85250000,0.20969770
2001-12-24T06:40:00,1,12,24,6,40,0.20600000,19.76666667,26.97666667,0.20412691
2001-12-24T06:50:00,1,12,24,6,50,0.20050000,20.08333333,27.10083333,0.19856240
2001-12-24T07:00:00,1,12,24,7,0,0.19500000,20.40000000,27.22500000,0.19300418
2001-12-24T07:10:00,1,12,24,7,10,0.22066667,20.50000000,28.22333333,0.21739477
2001-12-24T07:20:00,1,12,24,7,20,0.24633333,20.60000000,29.22166667,0.24154962
2001-12-24T07:30:00,1,12,24,7,30,0.27200000,20.70000000,30.22000000,0.26546874
2001-12-24T07:40:00,1,12,24,7,40,0.29766667,20.80000000,31.21833333,0.28915211
2001-12-24T07:50:00,1,12,24,7,50,0.32333333,20.90000000,32.21666667,0.31259974
2001-12-24T08:00:00,1,12,24,8,0,0.34900000,21.00000000,33.21500000,0.33581164
2001-12-24T08:10:00,1,12,24,8,10,0.34683333,21.18333333,33.32250000,0.33355534
2001-12-24T08:20:00,1,12,24,8,20,0.34466667,21.36666667,33.43000000,0.33130118
2001-12-24T08:30:00,1,12,24,8,30,0.34250000,21.55000000,33.53750000,0.32904917
2001-12-24T08:40:00,1,12,24,8,40,0.34033333,21.73333333,33.64500000,0.32679930
2001-12-24T08:50:00,1,12,24,8,50,0.33816667,21.91666667,33.75250000,0.32455157
2001-12-24T09:00:00,1,12,24,9,0,0.33600000,22.10000000,33.86000000,0.32230598
2001-12-24T09:10:00,1,12,24,9,10,0.38233333,22.18333333,35.56500000,0.36375232
2001-12-24T09:20:00,1,12,24,9,20,0.42866667,22.26666667,37.27000000,0.40447186
2001-12-24T09:30:00,1,12,24,9,30,0.47500000,22.35000000,38.97500000,0.44446462
2001-12-24T09:40:00,1,12,24,9,40,0.52133333,22.43333333,40.68000000,0.48373060
2001-12-24T09:50:00,1,12,24,9,50,0.56766667,22.51666667,42.38500000,0.52226980
2001-12-24T10:00:00,1,12,24,10,0,0.61400000,22.60000000,44.09000000,0.56008220
2001-12-24T10:10:00,1,12,24,10,10,0.63650000,22.91666667,45.19416667,0.57737350
2001-12-24T10:20:00,1,12,24,10,20,0.65900000,23.23333333,46.29833333,0.59443623
2001-12-24T10:30:00,1,12,24,10,30,0.68150000,23.55000000,47.40250000,0.61127040
2001-12-24T10:40:00,1,12,24,10,40,0.70400000,23.86666667,48.50666667,0.62787601
2001-12-24T10:50:00,1,12,24,10,50,0.72650000,24.18333333,49.61083333,0.64425306
2001-12-24T11:00:00,1,12,24,11,0,0.74900000,24.50000000,50.71500000,0.66040154
2001-12-24T11:10:00,1,12,24,11,10,0.80516667,24.68333333,52.86416667,0.70196429
2001-12-24T11:20:00,1,12,24,11,20,0.86133333,24.86666667,55.01333333,0.74241650
2001-12-24T11:30:00,1,12,24,11,30,0.91750000,25.05000000,57.16250000,0.78175817
2001-12-24T11:40:00,1,12,24,11,40,0.97366667,25.23333333,59.31166667,0.81998929
2001-12-24T11:50:00,1,12,24,11,50,1.02983333,25.41666667,61.46083333,0.85710986
2001-12-24T12:00:00,1,12,24,12,0,1.08600000,25.60000000,63.61000000,0.89311988
2001-12-24T12:10:00,1,12,24,12,10,0.99450000,26.06666667,60.87416667,0.83038645
2001-12-24T12:20:00,1,12,24,12,20,0.90300000,26.53333333,58.13833333,0.76534999
2001-12-24T12:30:00,1,12,24,12,30,0.81150000,27.00000000,55.40250000,0.69801051
2001-12-24T12:40:00,1,12,24,12,40,0.72000000,27.46666667,52.66666667,0.62836800
2001-12-24T12:50:00,1,12,24,12,50,0.62850000,27.93333333,49.93083333,0.55642247
2001-12-24T13:00:00,1,12,24,13,0,0.53700000,28.40000000,47.19500000,0.48217391
2001-12-24T13:10:00,1,12,24,13,10,0.57900000,27.80000000,48.06500000,0.51756868
2001-12-24T13:20:00,1,12,24,13,20,0.62100000,27.20000000,48.93500000,0.55262728
2001-12-24T13:30:00,1,12,24,13,30,0.66300000,26.60000000,49.80500000,0.58734971
2001-12-24T13:40:00,1,12,24,13,40,0.70500000,26.00000000,50.67500000,0.62173597
2001-12-24T13:50:00,1,12,24,13,50,0.74700000,25.40000000,51.54500000,0.65578607
2001-12-24T14:00:00,1,12,24,14,0,0.78900000,24.80000000,52.41500000,0.68950000
2001-12-24T14:10:00,1,12,24,14,10,0.76233333,25.05000000,51.73166667,0.66859251
2001-12-24T14:20:00,1,12,24,14,20,0.73566667,25.30000000,51.04833333,0.64751737
2001-12-24T14:30:00,1,12,24,14,30,0.70900000,25.55000000,50.36500000,0.62627459
2001-12-24T14:40:00,1,12,24,14,40,0.68233333,25.80000000,49.68166667,0.60486416
2001-12-24T14:50:00,1,12,24,14,50,0.65566667,26.05000000,48.99833333,0.58328609
2001-12-24T15:00:00,1,12,24,15,0,0.62900000,26.30000000,48.31500000,0.56154038
2001-12-24T15:10:00,1,12,24,15,10,0.55883333,26.15000000,45.70916667,0.50559766
2001-12-24T15:20:00,1,12,24,15,20,0.48866667,26.00000000,43.10333333,0.44797279
2001-12-24T15:30:00,1,12,24,15,30,0.41850000,25.85000000,40.49750000,0.38866576
2001-12-24T15:40:00,1,12,24,15,40,0.34833333,25.70000000,37.89166667,0.32767659
2001-12-24T15:50:00,1,12,24,15,50,0.27816667,25.55000000,35.28583333,0.26500526
2001-12-24T16:00:00,1,12,24,16,0,0.20800000,25.40000000,32.68000000,0.20065178
2001-12-24T16:10:00,1,12,24,16,10,0.19366667,25.01666667,31.79500000,0.18761323
2001-12-24T16:20:00,1,12,24,16,20,0.17933333,24.63333333,30.91000000,0.17445798
2001-12-24T16:30:00,1,12,24,16,30,0.16500000,24.25000000,30.02500000,0.16118602
2001-12-24T16:40:00,1,12,24,16,40,0.15066667,23.86666667,29.14000000,0.14779737
2001-12-24T16:50:00,1,12,24,16,50,0.13633333,23.48333333,28.25500000,0.13429201
2001-12-24T17:00:00,1,12,24,17,0,0.12200000,23.10000000,27.37000000,0.12066996
2001-12-24T17:10:00,1,12,24,17,10,0.10683333,22.85000000,26.58916667,0.10605236
2001-12-24T17:20:00,1,12,24,17,20,0.09166667,22.60000000,25.80833333,0.09132582
2001-12-24T17:30:00,1,12,24,17,30,0.07650000,22.35000000,25.02750000,0.07649032
2001-12-24T17:40:00,1,12,24,17,40,0.06133333,22.10000000,24.24666667,0.06154587
2001-12-24T17:50:00,1,12,24,17,50,0.04616667,21.85000000,23.46583333,0.04649247
2001-12-24T18:00:00,1,12,24,18,0,0.03100000,21.60000000,22.68500000,0.03133012
2001-12-24T18:10:00,1,12,24,18,10,0.02583333,21.51666667,22.42083333,0.02613982
2001-12-24T18:20:00,1,12,24,18,20,0.02066667,21.43333333,22.15666667,0.02093697
2001-12-24T18:30:00,1,12,24,18,30,0.01550000,21.35000000,21.89250000,0.01572156
2001-12-24T18:40:00,1,12,24,18,40,0.01033333,21.26666667,21.62833333,0.01049360
2001-12-24T18:50:00,1,12,24,18,50,0.00516667,21.18333333,21.36416667,0.00525308
2001-12-24T19:00:00,1,12,24,19,0,0.00000000,21.10000000,21.10000000,0.00000000
2001-12-24T19:10:00,1,12,24,19,10,0.00000000,20.96666667,20.96666667,0.00000000
2001-12-24T19:20:00,1,12,24,19,20,0.00000000,20.83333333,20.83333333,0.00000000
2001-12-24T19:30:00,1,12,24,19,30,0.00000000,20.70000000,20.70000000,0.00000000
2001-12-24T19:40:00,1,12,24,19,40,0.00000000,20.56666667,20.56666667,0.00000000
2001-12-24T19:50:00,1,12,24,19,50,0.00000000,20.43333333,20.43333333,0.00000000
2001-12-24T20:00:00,1,12,24,20,0,0.00000000,20.30000000,20.30000000,0.00000000
2001-12-24T20:10:00,1,12,24,20,10,0.00000000,20.30000000,20.30000000,0.00000000
2001-12-24T20:20:00,1,12,24,20,20,0.00000000,20.30000000,20.30000000,0.00000000
2001-12-24T20:30:00,1,12,24,20,30,0.00000000,20.30000000,20.30000000,0.00000000
2001-12-24T20:40:00,1,12,24,20,40,0.00000000,20.30000000,20.30000000,0.00000000
2001-12-24T20:50:00,1,12,24,20,50,0.00000000,20.30000000,20.30000000,0.00000000
2001-12-24T21:00:00,1,12,24,21,0,0.00000000,20.30000000,20.30000000,0.00000000
2001-12-24T21:10:00,1,12,24,21,10,0.00000000,20.15000000,20.15000000,0.00000000
2001-12-24T21:20:00,1,12,24,21,20,0.00000000,20.00000000,20.00000000,0.00000000
2001-12-24T21:30:00,1,12,24,21,30,0.00000000,19.85000000,19.85000000,0.00000000
2001-12-24T21:40:00,1,12,24,21,40,0.00000000,19.70000000,19.70000000,0.00000000
2001-12-24T21:50:00,1,12,24,21,50,0.00000000,19.55000000,19.55000000,0.00000000
2001-12-24T22:00:00,1,12,24,22,0,0.00000000,19.40000000,19.40000000,0.00000000
2001-12-24T22:10:00,1,12,24,22,10,0.00000000,19.25000000,19.25000000,0.00000000
2001-12-24T22:20:00,1,12,24,22,20,0.00000000,19.10000000,19.10000000,0.00000000
2001-12-24T22:30:00,1,12,24,22,30,0.00000000,18.95000000,18.95000000,0.00000000
2001-12-24T22:40:00,1,12,24,22,40,0.00000000,18.80000000,18.80000000,0.00000000
2001-12-24T22:50:00,1,12,24,22,50,0.00000000,18.65000000,18.65000000,0.00000000
2001-12-24T23:00:00,1,12,24,23,0,0.00000000,18.50000000,18.50000000,0.00000000
2001-12-24T23:10:00,1,12,24,23,10,0.00000000,18.66666667,18.66666667,0.00000000
2001-12-24T23:20:00,1,12,24,23,20,0.00000000,18.83333333,18.83333333,0.00000000
2001-12-24T23:30:00,1,12,24,23,30,0.00000000,19.00000000,19.00000000,0.00000000
2001-12-24T23:40:00,1,12,24,23,40,0.00000000,19.16666667,19.16666667,0.00000000
2001-12-24T23:50:00,1,12,24,23,50,0.00000000,19.33333333,19.33333333,0.00000000
2001-12-25T00:00:00,1,12,25,0,0,0.00000000,19.50000000,19.50000000,0.00000000
2001-12-25T00:10:00,1,12,25,0,10,0.00000000,19.56666667,19.56666667,0.00000000
2001-12-25T00:20:00,1,12,25,0,20,0.00000000,19.63333333,19.63333333,0.00000000
2001-12-25T00:30:00,1,12,25,0,30,0.00000000,19.70000000,19.70000000,0.00000000
2001-12-25T00:40:00,1,12,25,0,40,0.00000000,19.76666667,19.76666667,0.00000000
2001-12-25T00:50:00,1,12,25,0,50,0.00000000,19.83333333,19.83333333,0.00000000
2001-12-25T01:00:00,1,12,25,1,0,0.00000000,19.90000000,19.90000000,0.00000000
2001-12-25T01:10:00,1,12,25,1,10,0.00000000,19.86666667,19.86666667,0.00000000
2001-12-25T01:20:00,1,12,25,1,20,0.00000000,19.83333333,19.83333333,0.00000000
2001-12-25T01:30:00,1,12,25,1,30,0.00000000,19.80000000,19.80000000,0.00000000
2001-12-25T01:40:00,1,12,25,1,40,0.00000000,19.76666667,19.76666667,0.00000000
2001-12-25T01:50:00,1,12,25,1,50,0.00000000,19.73333333,19.73333333,0.00000000
2001-12-25T02:00:00,1,12,25,2,0,0.00000000,19.70000000,19.70000000,0.00000000
2001-12-25T02:10:00,1,12,25,2,10,0.00000000,19.63333333,19.63333333,0.00000000
2001-12-25T02:20:00,1,12,25,2,20,0.00000000,19.56666667,19.56666667,0.00000000
2001-12-25T02:30:00,1,12,25,2,30,0.00000000,19.50000000,19.50000000,0.00000000
2001-12-25T02:40:00,1,12,25,2,40,0.00000000,19.43333333,19.43333333,0.00000000
2001-12-25T02:50:00,1,12,25,2,50,0.00000000,19.36666667,19.36666667,0.00000000
2001-12-25T03:00:00,1,12,25,3,0,0.00000000,19.30000000,19.30000000,0.00000000
2001-12-25T03:10:00,1,12,25,3,10,0.00000000,19.31666667,19.31666667,0.00000000
2001-12-25T03:20:00,1,12,25,3,20,0.00000000,19.33333333,19.33333333,0.00000000
2001-12-25T03:30:00,1,12,25,3,30,0.00000000,19.35000000,19.35000000,0.00000000
2001-12-25T03:40:00,1,12,25,3,40,0.00000000,19.36666667,19.36666667,0.00000000
2001-12-25T03:50:00,1,12,25,3,50,0.00000000,19.38333333,19.38333333,0.00000000
2001-12-25T04:00:00,1,12,25,4,0,0.00000000,19.40000000,19.40000000,0.00000000
2001-12-25T04:10:00,1,12,25,4,10,0.00300000,19.26666667,19.37166667,0.00307767
2001-12-25T04:20:00,1,12,25,4,20,0.00600000,19.13333333,19.34333333,0.00615612
2001-12-25T04:30:00,1,12,25,4,30,0.00900000,19.00000000,19.31500000,0.00923536
2001-12-25T04:40:00,1,12,25,4,40,0.01200000,18.86666667,19.28666667,0.01231538
2001-12-25T04:50:00,1,12,25,4,50,0.01500000,18.73333333,19.25833333,0.01539617
2001-12-25T05:00:00,1,12,25,5,0,0.01800000,18.60000000,19.23000000,0.01847776
2001-12-25T05:10:00,1,12,25,5,10,0.02366667,18.76666667,19.59500000,0.02425509
2001-12-25T05:20:00,1,12,25,5,20,0.02933333,18.93333333,19.96000000,0.03001340
2001-12-25T05:30:00,1,12,25,5,30,0.03500000,19.10000000,20.32500000,0.03575267
2001-12-25T05:40:00,1,12,25,5,40,0.04066667,19.26666667,20.69000000,0.04147292
2001-12-25T05:50:00,1,12,25,5,50,0.04633333,19.43333333,21.05500000,0.04717414
2001-12-25T06:00:00,1,12,25,6,0,0.05200000,19.60000000,21.42000000,0.05285634
2001-12-25T06:10:00,1,12,25,6,10,0.08033333,19.66666667,22.47833333,0.08126517
2001-12-25T06:20:00,1,12,25,6,20,0.10866667,19.73333333,23.53666667,0.10939814
2001-12-25T06:30:00,1,12,25,6,30,0.13700000,19.80000000,24.59500000,0.13725523
2001-12-25T06:40:00,1,12,25,6,40,0.16533333,19.86666667,25.65333333,0.16483645
2001-12-25T06:50:00,1,12,25,6,50,0.19366667,19.93333333,26.71166667,0.19214180
2001-12-25T07:00:00,1,12,25,7,0,0.22200000,20.00000000,27.77000000,0.21917128
2001-12-25T07:10:00,1,12,25,7,10,0.22466667,20.21666667,28.08000000,0.22148359
2001-12-25T07:20:00,1,12,25,7,20,0.22733333,20.43333333,28.39000000,0.22378830
2001-12-25T07:30:00,1,12,25,7,30,0.23000000,20.65000000,28.70000000,0.22608540
2001-12-25T07:40:00,1,12,25,7,40,0.23266667,20.86666667,29.01000000,0.22837490
2001-12-25T07:50:00,1,12,25,7,50,0.23533333,21.08333333,29.32000000,0.23065679
2001-12-25T08:00:00,1,12,25,8,0,0.23800000,21.30000000,29.63000000,0.23293108
2001-12-25T08:10:00,1,12,25,8,10,0.23416667,21.33333333,29.52916667,0.22928800
2001-12-25T08:20:00,1,12,25,8,20,0.23033333,21.36666667,29.42833333,0.22564137
2001-12-25T08:30:00,1,12,25,8,30,0.22650000,21.40000000,29.32750000,0.22199118
2001-12-25T08:40:00,1,12,25,8,40,0.22266667,21.43333333,29.22666667,0.21833743
2001-12-25T08:50:00,1,12,25,8,50,0.21883333,21.46666667,29.12583333,0.21468013
2001-12-25T09:00:00,1,12,25,9,0,0.21500000,21.50000000,29.02500000,0.21101928
2001-12-25T09:10:00,1,12,25,9,10,0.29116667,21.61666667,31.80750000,0.28204893
2001-12-25T09:20:00,1,12,25,9,20,0.36733333,21.73333333,34.59000000,0.35112879
2001-12-25T09:30:00,1,12,25,9,30,0.44350000,21.85000000,37.37250000,0.41825886
2001-12-25T09:40:00,1,12,25,9,40,0.51966667,21.96666667,40.15500000,0.48343914
2001-12-25T09:50:00,1,12,25,9,50,0.59583333,22.08333333,42.93750000,0.54666964
2001-12-25T10:00:00,1,12,25,10,0,0.67200000,22.20000000,45.72000000,0.60795034
2001-12-25T10:10:00,1,12,25,10,10,0.66083333,22.81666667,45.94583333,0.59716149
2001-12-25T10:20:00,1,12,25,10,20,0.64966667,23.43333333,46.17166667,0.58639585
2001-12-25T10:30:00,1,12,25,10,30,0.63850000,24.05000000,46.39750000,0.57565340
2001-12-25T10:40:00,1,12,25,10,40,0.62733333,24.66666667,46.62333333,0.56493416
2001-12-25T10:50:00,1,12,25,10,50,0.61616667,25.28333333,46.84916667,0.55423812
2001-12-25T11:00:00,1,12,25,11,0,0.60500000,25.90000000,47.07500000,0.54356527
2001-12-25T11:10:00,1,12,25,11,10,0.56416667,25.85000000,45.59583333,0.51071705
2001-12-25T11:20:00,1,12,25,11,20,0.52333333,25.80000000,44.11666667,0.47731314
2001-12-25T11:30:00,1,12,25,11,30,0.48250000,25.75000000,42.63750000,0.44335357
2001-12-25T11:40:00,1,12,25,11,40,0.44166667,25.70000000,41.15833333,0.40883832
2001-12-25T11:50:00,1,12,25,11,50,0.40083333,25.65000000,39.67916667,0.37376740
2001-12-25T12:00:00,1,12,25,12,0,0.36000000,25.60000000,38.20000000,0.33814080
2001-12-25T12:10:00,1,12,25,12,10,0.36250000,25.31666667,38.00416667,0.34081555
2001-12-25T12:20:00,1,12,25,12,20,0.36500000,25.03333333,37.80833333,0.34349481
2001-12-25T12:30:00,1,12,25,12,30,0.36750000,24.75000000,37.61250000,0.34617857
2001-12-25T12:40:00,1,12,25,12,40,0.37000000,24.46666667,37.41666667,0.34886683
2001-12-25T12:50:00,1,12,25,12,50,0.37250000,24.18333333,37.22083333,0.35155960
2001-12-25T13:00:00,1,12,25,13,0,0.37500000,23.90000000,37.02500000,0.35425688
2001-12-25T13:10:00,1,12,25,13,10,0.40516667,23.78333333,37.96416667,0.38100448
2001-12-25T13:20:00,1,12,25,13,20,0.43533333,23.66666667,38.90333333,0.40749144
2001-12-25T13:30:00,1,12,25,13,30,0.46550000,23.55000000,39.84250000,0.43371775
2001-12-25T13:40:00,1,12,25,13,40,0.49566667,23.43333333,40.78166667,0.45968341
2001-12-25T13:50:00,1,12,25,13,50,0.52583333,23.31666667,41.72083333,0.48538842
2001-12-25T14:00:00,1,12,25,14,0,0.55600000,23.20000000,42.66000000,0.51083278
2001-12-25T14:10:00,1,12,25,14,10,0.51983333,23.51666667,41.71083333,0.47987383
2001-12-25T14:20:00,1,12,25,14,20,0.48366667,23.83333333,40.76166667,0.44859906
2001-12-25T14:30:00,1,12,25,14,30,0.44750000,24.15000000,39.81250000,0.41700847
2001-12-25T14:40:00,1,12,25,14,40,0.41133333,24.46666667,38.86333333,0.38510206
2001-12-25T14:50:00,1,12,25,14,50,0.37516667,24.78333333,37.91416667,0.35287983
2001-12-25T15:00:00,1,12,25,15,0,0.33900000,25.10000000,36.96500000,0.32034178
2001-12-25T15:10:00,1,12,25,15,10,0.29700000,24.80000000,35.19500000,0.28307159
2001-12-25T15:20:00,1,12,25,15,20,0.25500000,24.50000000,33.42500000,0.24511748
2001-12-25T15:30:00,1,12,25,15,30,0.21300000,24.20000000,31.65500000,0.20647943
2001-12-25T15:40:00,1,12,25,15,40,0.17100000,23.90000000,29.88500000,0.16715746
2001-12-25T15:50:00,1,12,25,15,50,0.12900000,23.60000000,28.11500000,0.12715156
2001-12-25T16:00:00,1,12,25,16,0,0.08700000,23.30000000,26.34500000,0.08646173
2001-12-25T16:10:00,1,12,25,16,10,0.09766667,22.90000000,26.31833333,0.09707438
2001-12-25T16:20:00,1,12,25,16,20,0.10833333,22.50000000,26.29166667,0.10768965
2001-12-25T16:30:00,1,12,25,16,30,0.11900000,22.10000000,26.26500000,0.11830754
2001-12-25T16:40:00,1,12,25,16,40,0.12966667,21.70000000,26.23833333,0.12892804
2001-12-25T16:50:00,1,12,25,16,50,0.14033333,21.30000000,26.21166667,0.13955116
2001-12-25T17:00:00,1,12,25,17,0,0.15100000,20.90000000,26.18500000,0.15017690
2001-12-25T17:10:00,1,12,25,17,10,0.12933333,20.91666667,25.44333333,0.12906958
2001-12-25T17:20:00,1,12,25,17,20,0.10766667,20.93333333,24.70166667,0.10781442
2001-12-25T17:30:00,1,12,25,17,30,0.08600000,20.95000000,23.96000000,0.08641142
2001-12-25T17:40:00,1,12,25,17,40,0.06433333,20.96666667,23.21833333,0.06486059
2001-12-25T17:50:00,1,12,25,17,50,0.04266667,20.98333333,22.47666667,0.04316191
2001-12-25T18:00:00,1,12,25,18,0,0.02100000,21.00000000,21.73500000,0.02131540
2001-12-25T18:10:00,1,12,25,18,10,0.01750000,20.76666667,21.37916667,0.01779148
2001-12-25T18:20:00,1,12,25,18,20,0.01400000,20.53333333,21.02333333,0.01425610
2001-12-25T18:30:00,1,12,25,18,30,0.01050000,20.30000000,20.66750000,0.01070926
2001-12-25T18:40:00,1,12,25,18,40,0.00700000,20.06666667,20.31166667,0.00715096
2001-12-25T18:50:00,1,12,25,18,50,0.00350000,19.83333333,19.95583333,0.00358121
2001-12-25T19:00:00,1,12,25,19,0,0.00000000,19.60000000,19.60000000,0.00000000
2001-12-25T19:10:00,1,12,25,19,10,0.00000000,19.61666667,19.61666667,0.00000000
2001-12-25T19:20:00,1,12,25,19,20,0.00000000,19.63333333,19.63333333,0.00000000
2001-12-25T19:30:00,1,12,25,19,30,0.00000000,19.65000000,19.65000000,0.00000000
2001-12-25T19:40:00,1,12,25,19,40,0.00000000,19.66666667,19.66666667,0.00000000
2001-12-25T19:50:00,1,12,25,19,50,0.00000000,19.68333333,19.68333333,0.00000000
2001-12-25T20:00:00,1,12,25,20,0,0.00000000,19.70000000,19.70000000,0.00000000
2001-12-25T20:10:00,1,12,25,20,10,0.00000000,19.61666667,19.61666667,0.00000000
2001-12-25T20:20:00,1,12,25,20,20,0.00000000,19.53333333,19.53333333,0.00000000
2001-12-25T20:30:00,1,12,25,20,30,0.00000000,19.45000000,19.45000000,0.00000000
2001-12-25T20:40:00,1,12,25,20,40,0.00000000,19.36666667,19.36666667,0.00000000
2001-12-25T20:50:00,1,12,25,20,50,0.00000000,19.28333333,19.28333333,0.00000000
2001-12-25T21:00:00,1,12,25,21,0,0.00000000,19.20000000,19.20000000,0.00000000
2001-12-25T21:10:00,1,12,25,21,10,0.00000000,19.25000000,19.25000000,0.00000000
2001-12-25T21:20:00,1,12,25,21,20,0.00000000,19.30000000,19.30000000,0.00000000
2001-12-25T21:30:00,1,12,25,21,30,0.00000000,19.35000000,19.35000000,0.00000000
2001-12-25T21:40:00,1,12,25,21,40,0.00000000,19.40000000,19.40000000,0.00000000
2001-12-25T21:50:00,1,12,25,21,50,0.00000000,19.45000000,19.45000000,0.00000000
2001-12-25T22:00:00,1,12,25,22,0,0.00000000,19.50000000,19.50000000,0.00000000
2001-12-25T22:10:00,1,12,25,22,10,0.00000000,19.35000000,19.35000000,0.00000000
2001-12-25T22:20:00,1,12,25,22,20,0.00000000,19.20000000,19.20000000,0.00000000
2001-12-25T22:30:00,1,12,25,22,30,0.00000000,19.05000000,19.05000000,0.00000000
2001-12-25T22:40:00,1,12,25,22,40,0.00000000,18.90000000,18.90000000,0.00000000
2001-12-25T22:50:00,1,12,25,22,50,0.00000000,18.75000000,18.75000000,0.00000000
2001-12-25T23:00:00,1,12,25,23,0,0.00000000,18.60000000,18.60000000,0.00000000
2001-12-25T23:10:00,1,12,25,23,10,0.00000000,18.36666667,18.36666667,0.00000000
2001-12-25T23:20:00,1,12,25,23,20,0.00000000,18.13333333,18.13333333,0.00000000
2001-12-25T23:30:00,1,12,25,23,30,0.00000000,17.90000000,17.90000000,0.00000000
2001-12-25T23:40:00,1,12,25,23,40,0.00000000,17.66666667,17.66666667,0.00000000
2001-12-25T23:50:00,1,12,25,23,50,0.00000000,17.43333333,17.43333333,0.00000000
2001-12-26T00:00:00,1,12,26,0,0,0.00000000,17.20000000,17.20000000,0.00000000
2001-12-26T00:10:00,1,12,26,0,10,0.00000000,17.15000000,17.15000000,0.00000000
2001-12-26T00:20:00,1,12,26,0,20,0.00000000,17.10000000,17.10000000,0.00000000
2001-12-26T00:30:00,1,12,26,0,30,0.00000000,17.05000000,17.05000000,0.00000000
2001-12-26T00:40:00,1,12,26,0,40,0.00000000,17.00000000,17.00000000,0.00000000
2001-12-26T00:50:00,1,12,26,0,50,0.00000000,16.95000000,16.95000000,0.00000000
2001-12-26T01:00:00,1,12,26,1,0,0.00000000,16.90000000,16.90000000,0.00000000
2001-12-26T01:10:00,1,12,26,1,10,0.00000000,16.85000000,16.85000000,0.00000000
2001-12-26T01:20:00,1,12,26,1,20,0.00000000,16.80000000,16.80000000,0.00000000
2001-12-26T01:30:00,1,12,26,1,30,0.00000000,16.75000000,16.75000000,0.00000000
2001-12-26T01:40:00,1,12,26,1,40,0.00000000,16.70000000,16.70000000,0.00000000
2001-12-26T01:50:00,1,12,26,1,50,0.00000000,16.65000000,16.65000000,0.00000000
2001-12-26T02:00:00,1,12,26,2,0,0.00000000,16.60000000,16.60000000,0.00000000
2001-12-26T02:10:00,1,12,26,2,10,0.00000000,16.70000000,16.70000000,0.00000000
2001-12-26T02:20:00,1,12,26,2,20,0.00000000,16.80000000,16.80000000,0.00000000
2001-12-26T02:30:00,1,12,26,2,30,0.00000000,16.90000000,16.90000000,0.00000000
2001-12-26T02:40:00,1,12,26,2,40,0.00000000,17.00000000,17.00000000,0.00000000
2001-12-26T02:50:00,1,12,26,2,50,0.00000000,17.10000000,17.10000000,0.00000000
2001-12-26T03:00:00,1,12,26,3,0,0.00000000,17.20000000,17.20000000,0.00000000
2001-12-26T03:10:00,1,12,26,3,10,0.00000000,17.05000000,17.05000000,0.00000000
2001-12-26T03:20:00,1,12,26,3,20,0.00000000,16.90000000,16.90000000,0.00000000
2001-12-26T03:30:00,1,12,26,3,30,0.00000000,16.75000000,16.75000000,0.00000000
2001-12-26T03:40:00,1,12,26,3,40,0.00000000,16.60000000,16.60000000,0.00000000
2001-12-26T03:50:00,1,12,26,3,50,0.00000000,16.45000000,16.45000000,0.00000000
2001-12-26T04:00:00,1,12,26,4,0,0.00000000,16.30000000,16.30000000,0.00000000
2001-12-26T04:10:00,1,12,26,4,10,0.00600000,16.33333333,16.54333333,0.00623340
2001-12-26T04:20:00,1,12,26,4,20,0.01200000,16.36666667,16.78666667,0.01245338
2001-12-26T04:30:00,1,12,26,4,30,0.01800000,16.40000000,17.03000000,0.01865992
2001-12-26T04:40:00,1,12,26,4,40,0.02400000,16.43333333,17.27333333,0.02485302
2001-12-26T04:50:00,1,12,26,4,50,0.03000000,16.46666667,17.51666667,0.03103270
2001-12-26T05:00:00,1,12,26,5,0,0.03600000,16.50000000,17.76000000,0.03719894
2001-12-26T05:10:00,1,12,26,5,10,0.06366667,16.75000000,18.97833333,0.06543021
2001-12-26T05:20:00,1,12,26,5,20,0.09133333,17.00000000,20.19666667,0.09335137
2001-12-26T05:30:00,1,12,26,5,30,0.11900000,17.25000000,21.41500000,0.12096243
2001-12-26T05:40:00,1,12,26,5,40,0.14666667,17.50000000,22.63333333,0.14826338
2001-12-26T05:50:00,1,12,26,5,50,0.17433333,17.75000000,23.85166667,0.17525422
2001-12-26T06:00:00,1,12,26,6,0,0.20200000,18.00000000,25.07000000,0.20193496
2001-12-26T06:10:00,1,12,26,6,10,0.24050000,18.30000000,26.71750000,0.23859993
2001-12-26T06:20:00,1,12,26,6,20,0.27900000,18.60000000,28.36500000,0.27468136
2001-12-26T06:30:00,1,12,26,6,30,0.31750000,18.90000000,30.01250000,0.31017924
2001-12-26T06:40:00,1,12,26,6,40,0.35600000,19.20000000,31.66000000,0.34509358
2001-12-26T06:50:00,1,12,26,6,50,0.39450000,19.50000000,33.30750000,0.37942438
2001-12-26T07:00:00,1,12,26,7,0,0.43300000,19.80000000,34.95500000,0.41317163
2001-12-26T07:10:00,1,12,26,7,10,0.45433333,20.11666667,36.01833333,0.43130575
2001-12-26T07:20:00,1,12,26,7,20,0.47566667,20.43333333,37.08166667,0.44923117
2001-12-26T07:30:00,1,12,26,7,30,0.49700000,20.75000000,38.14500000,0.46694790
2001-12-26T07:40:00,1,12,26,7,40,0.51833333,21.06666667,39.20833333,0.48445593
2001-12-26T07:50:00,1,12,26,7,50,0.53966667,21.38333333,40.27166667,0.50175526
2001-12-26T08:00:00,1,12,26,8,0,0.56100000,21.70000000,41.33500000,0.51884590
2001-12-26T08:10:00,1,12,26,8,10,0.60533333,21.78333333,42.97000000,0.55529527
2001-12-26T08:20:00,1,12,26,8,20,0.64966667,21.86666667,44.60500000,0.59107778
2001-12-26T08:30:00,1,12,26,8,30,0.69400000,21.95000000,46.24000000,0.62619342
2001-12-26T08:40:00,1,12,26,8,40,0.73833333,22.03333333,47.87500000,0.66064221
2001-12-26T08:50:00,1,12,26,8,50,0.78266667,22.11666667,49.51000000,0.69442413
2001-12-26T09:00:00,1,12,26,9,0,0.82700000,22.20000000,51.14500000,0.72753919
2001-12-26T09:10:00,1,12,26,9,10,0.83216667,22.65000000,51.77583333,0.72966967
2001-12-26T09:20:00,1,12,26,9,20,0.83733333,23.10000000,52.40666667,0.73177016
2001-12-26T09:30:00,1,12,26,9,30,0.84250000,23.55000000,53.03750000,0.73384067
2001-12-26T09:40:00,1,12,26,9,40,0.84766667,24.00000000,53.66833333,0.73588119
2001-12-26T09:50:00,1,12,26,9,50,0.85283333,24.45000000,54.29916667,0.73789173
2001-12-26T10:00:00,1,12,26,10,0,0.85800000,24.90000000,54.93000000,0.73987228
2001-12-26T10:10:00,1,12,26,10,10,0.89683333,24.96666667,56.35583333,0.76747693
2001-12-26T10:20:00,1,12,26,10,20,0.93566667,25.03333333,57.78166667,0.79457219
2001-12-26T10:30:00,1,12,26,10,30,0.97450000,25.10000000,59.20750000,0.82115804
2001-12-26T10:40:00,1,12,26,10,40,1.01333333,25.16666667,60.63333333,0.84723449
2001-12-26T10:50:00,1,12,26,10,50,1.05216667,25.23333333,62.05916667,0.87280154
2001-12-26T11:00:00,1,12,26,11,0,1.09100000,25.30000000,63.48500000,0.89785918
2001-12-26T11:10:00,1,12,26,11,10,1.07950000,25.56666667,63.34916667,0.88906954
2001-12-26T11:20:00,1,12,26,11,20,1.06800000,25.83333333,63.21333333,0.88026554
2001-12-26T11:30:00,1,12,26,11,30,1.05650000,26.10000000,63.07750000,0.87144716
2001-12-26T11:40:00,1,12,26,11,40,1.04500000,26.36666667,62.94166667,0.86261441
2001-12-26T11:50:00,1,12,26,11,50,1.03350000,26.63333333,62.80583333,0.85376729
2001-12-26T12:00:00,1,12,26,12,0,1.02200000,26.90000000,62.67000000,0.84490580
2001-12-26T12:10:00,1,12,26,12,10,1.02900000,26.78333333,62.79833333,0.85008537
2001-12-26T12:20:00,1,12,26,12,20,1.03600000,26.66666667,62.92666667,0.85525668
2001-12-26T12:30:00,1,12,26,12,30,1.04300000,26.55000000,63.05500000,0.86041972
2001-12-26T12:40:00,1,12,26,12,40,1.05000000,26.43333333,63.18333333,0.86557450
2001-12-26T12:50:00,1,12,26,12,50,1.05700000,26.31666667,63.31166667,0.87072101
2001-12-26T13:00:00,1,12,26,13,0,1.06400000,26.20000000,63.44000000,0.87585926
2001-12-26T13:10:00,1,12,26,13,10,1.00216667,26.23333333,61.30916667,0.83478262
2001-12-26T13:20:00,1,12,26,13,20,0.94033333,26.26666667,59.17833333,0.79249381
2001-12-26T13:30:00,1,12,26,13,30,0.87850000,26.30000000,57.04750000,0.74899285
2001-12-26T13:40:00,1,12,26,13,40,0.81666667,26.33333333,54.91666667,0.70427972
2001-12-26T13:50:00,1,12,26,13,50,0.75483333,26.36666667,52.78583333,0.65835444
2001-12-26T14:00:00,1,12,26,14,0,0.69300000,26.40000000,50.65500000,0.61121699
2001-12-26T14:10:00,1,12,26,14,10,0.66400000,26.21666667,49.45666667,0.58929956
2001-12-26T14:20:00,1,12,26,14,20,0.63500000,26.03333333,48.25833333,0.56706241
2001-12-26T14:30:00,1,12,26,14,30,0.60600000,25.85000000,47.06000000,0.54450554
2001-12-26T14:40:00,1,12,26,14,40,0.57700000,25.66666667,45.86166667,0.52162896
2001-12-26T14:50:00,1,12,26,14,50,0.54800000,25.48333333,44.66333333,0.49843267
2001-12-26T15:00:00,1,12,26,15,0,0.51900000,25.30000000,43.46500000,0.47491666
2001-12-26T15:10:00,1,12,26,15,10,0.49033333,25.13333333,42.29500000,0.45132388
2001-12-26T15:20:00,1,12,26,15,20,0.46166667,24.96666667,41.12500000,0.42742254
2001-12-26T15:30:00,1,12,26,15,30,0.43300000,24.80000000,39.95500000,0.40321263
2001-12-26T15:40:00,1,12,26,15,40,0.40433333,24.63333333,38.78500000,0.37869415
2001-12-26T15:50:00,1,12,26,15,50,0.37566667,24.46666667,37.61500000,0.35386711
2001-12-26T16:00:00,1,12,26,16,0,0.34700000,24.30000000,36.44500000,0.32873149
2001-12-26T16:10:00,1,12,26,16,10,0.31833333,23.96666667,35.10833333,0.30353136
2001-12-26T16:20:00,1,12,26,16,20,0.28966667,23.63333333,33.77166667,0.27797871
2001-12-26T16:30:00,1,12,26,16,30,0.26100000,23.30000000,32.43500000,0.25207354
2001-12-26T16:40:00,1,12,26,16,40,0.23233333,22.96666667,31.09833333,0.22581584
2001-12-26T16:50:00,1,12,26,16,50,0.20366667,22.63333333,29.76166667,0.19920562
2001-12-26T17:00:00,1,12,26,17,0,0.17500000,22.30000000,28.42500000,0.17224287
2001-12-26T17:10:00,1,12,26,17,10,0.15283333,22.20000000,27.54916667,0.15104118
2001-12-26T17:20:00,1,12,26,17,20,0.13066667,22.10000000,26.67333333,0.12966088
2001-12-26T17:30:00,1,12,26,17,30,0.10850000,22.00000000,25.79750000,0.10810197
2001-12-26T17:40:00,1,12,26,17,40,0.08633333,21.90000000,24.92166667,0.08636444
2001-12-26T17:50:00,1,12,26,17,50,0.06416667,21.80000000,24.04583333,0.06444830
2001-12-26T18:00:00,1,12,26,18,0,0.04200000,21.70000000,23.17000000,0.04235356
2001-12-26T18:10:00,1,12,26,18,10,0.03500000,21.43333333,22.65833333,0.03537701
2001-12-26T18:20:00,1,12,26,18,20,0.02800000,21.16666667,22.14666667,0.02836751
2001-12-26T18:30:00,1,12,26,18,30,0.02100000,20.90000000,21.63500000,0.02132506
2001-12-26T18:40:00,1,12,26,18,40,0.01400000,20.63333333,21.12333333,0.01424966
2001-12-26T18:50:00,1,12,26,18,50,0.00700000,20.36666667,20.61166667,0.00714130
2001-12-26T19:00:00,1,12,26,19,0,0.00000000,20.10000000,20.10000000,0.00000000
2001-12-26T19:10:00,1,12,26,19,10,0.00000000,20.10000000,20.10000000,0.00000000
2001-12-26T19:20:00,1,12,26,19,20,0.00000000,20.10000000,20.10000000,0.00000000
2001-12-26T19:30:00,1,12,26,19,30,0.00000000,20.10000000,20.10000000,0.00000000
2001-12-26T19:40:00,1,12,26,19,40,0.00000000,20.10000000,20.10000000,0.00000000
2001-12-26T19:50:00,1,12,26,19,50,0.00000000,20.10000000,20.10000000,0.00000000
2001-12-26T20:00:00,1,12,26,20,0,0.00000000,20.10000000,20.10000000,0.00000000
2001-12-26T20:10:00,1,12,26,20,10,0.00000000,19.93333333,19.93333333,0.00000000
2001-12-26T20:20:00,1,12,26,20,20,0.00000000,19.76666667,19.76666667,0.00000000
2001-12-26T20:30:00,1,12,26,20,30,0.00000000,19.60000000,19.60000000,0.00000000
2001-12-26T20:40:00,1,12,26,20,40,0.00000000,19.43333333,19.43333333,0.00000000
2001-12-26T20:50:00,1,12,26,20,50,0.00000000,19.26666667,19.26666667,0.00000000
2001-12-26T21:00:00,1,12,26,21,0,0.00000000,19.10000000,19.10000000,0.00000000
2001-12-26T21:10:00,1,12,26,21,10,0.00000000,19.05000000,19.05000000,0.00000000
2001-12-26T21:20:00,1,12,26,21,20,0.00000000,19.00000000,19.00000000,0.00000000
2001-12-26T21:30:00,1,12,26,21,30,0.00000000,18.95000000,18.95000000,0.00000000
2001-12-26T21:40:00,1,12,26,21,40,0.00000000,18.90000000,18.90000000,0.00000000
2001-12-26T21:50:00,1,12,26,21,50,0.00000000,18.85000000,18.85000000,0.00000000
2001-12-26T22:00:00,1,12,26,22,0,0.00000000,18.80000000,18.80000000,0.00000000
2001-12-26T22:10:00,1,12,26,22,10,0.00000000,18.75000000,18.75000000,0.00000000
2001-12-26T22:20:00,1,12,26,22,20,0.00000000,18.70000000,18.70000000,0.00000000
2001-12-26T22:30:00,1,12,26,22,30,0.00000000,18.65000000,18.65000000,0.00000000
2001-12-26T22:40:00,1,12,26,22,40,0.00000000,18.60000000,18.60000000,0.00000000
2001-12-26T22:50:00,1,12,26,22,50,0.00000000,18.55000000,18.55000000,0.00000000
2001-12-26T23:00:00,1,12,26,23,0,0.00000000,18.50000000,18.50000000,0.00000000
2001-12-26T23:10:00,1,12,26,23,10,0.00000000,18.43333333,18.43333333,0.00000000
2001-12-26T23:20:00,1,12,26,23,20,0.00000000,18.36666667,18.36666667,0.00000000
2001-12-26T23:30:00,1,12,26,23,30,0.00000000,18.30000000,18.30000000,0.00000000
2001-12-26T23:40:00,1,12,26,23,40,0.00000000,18.23333333,18.23333333,0.00000000
2001-12-26T23:50:00,1,12,26,23,50,0.00000000,18.16666667,18.16666667,0.00000000
2001-12-27T00:00:00,1,12,27,0,0,0.00000000,18.10000000,18.10000000,0.00000000
2001-12-27T00:10:00,1,12,27,0,10,0.00000000,18.11666667,18.11666667,0.00000000
2001-12-27T00:20:00,1,12,27,0,20,0.00000000,18.13333333,18.13333333,0.00000000
2001-12-27T00:30:00,1,12,27,0,30,0.00000000,18.15000000,18.15000000,0.00000000
2001-12-27T00:40:00,1,12,27,0,40,0.00000000,18.16666667,18.16666667,0.00000000
2001-12-27T00:50:00,1,12,27,0,50,0.00000000,18.18333333,18.18333333,0.00000000
2001-12-27T01:00:00,1,12,27,1,0,0.00000000,18.20000000,18.20000000,0.00000000
2001-12-27T01:10:00,1,12,27,1,10,0.00000000,18.18333333,18.18333333,0.00000000
2001-12-27T01:20:00,1,12,27,1,20,0.00000000,18.16666667,18.16666667,0.00000000
2001-12-27T01:30:00,1,12,27,1,30,0.00000000,18.15000000,18.15000000,0.00000000
2001-12-27T01:40:00,1,12,27,1,40,0.00000000,18.13333333,18.13333333,0.00000000
2001-12-27T01:50:00,1,12,27,1,50,0.00000000,18.11666667,18.11666667,0.00000000
2001-12-27T02:00:00,1,12,27,2,0,0.00000000,18.10000000,18.10000000,0.00000000
2001-12-27T02:10:00,1,12,27,2,10,0.00000000,17.95000000,17.95000000,0.00000000
2001-12-27T02:20:00,1,12,27,2,20,0.00000000,17.80000000,17.80000000,0.00000000
2001-12-27T02:30:00,1,12,27,2,30,0.00000000,17.65000000,17.65000000,0.00000000
2001-12-27T02:40:00,1,12,27,2,40,0.00000000,17.50000000,17.50000000,0.00000000
2001-12-27T02:50:00,1,12,27,2,50,0.00000000,17.35000000,17.35000000,0.00000000
2001-12-27T03:00:00,1,12,27,3,0,0.00000000,17.20000000,17.20000000,0.00000000
2001-12-27T03:10:00,1,12,27,3,10,0.00000000,17.26666667,17.26666667,0.00000000
2001-12-27T03:20:00,1,12,27,3,20,0.00000000,17.33333333,17.33333333,0.00000000
2001-12-27T03:30:00,1,12,27,3,30,0.00000000,17.40000000,17.40000000,0.00000000
2001-12-27T03:40:00,1,12,27,3,40,0.00000000,17.46666667,17.46666667,0.00000000
2001-12-27T03:50:00,1,12,27,3,50,0.00000000,17.53333333,17.53333333,0.00000000
2001-12-27T04:00:00,1,12,27,4,0,0.00000000,17.60000000,17.60000000,0.00000000
2001-12-27T04:10:00,1,12,27,4,10,0.00466667,17.43333333,17.59666667,0.00482559
2001-12-27T04:20:00,1,12,27,4,20,0.00933333,17.26666667,17.59333333,0.00965133
2001-12-27T04:30:00,1,12,27,4,30,0.01400000,17.10000000,17.59000000,0.01447720
2001-12-27T04:40:00,1,12,27,4,40,0.01866667,16.93333333,17.58666667,0.01930322
2001-12-27T04:50:00,1,12,27,4,50,0.02333333,16.76666667,17.58333333,0.02412939
2001-12-27T05:00:00,1,12,27,5,0,0.02800000,16.60000000,17.58000000,0.02895570
2001-12-27T05:10:00,1,12,27,5,10,0.04033333,16.75000000,18.16166667,0.04160207
2001-12-27T05:20:00,1,12,27,5,20,0.05266667,16.90000000,18.74333333,0.05418245
2001-12-27T05:30:00,1,12,27,5,30,0.06500000,17.05000000,19.32500000,0.06669683
2001-12-27T05:40:00,1,12,27,5,40,0.07733333,17.20000000,19.90666667,0.07914520
2001-12-27T05:50:00,1,12,27,5,50,0.08966667,17.35000000,20.48833333,0.09152758
2001-12-27T06:00:00,1,12,27,6,0,0.10200000,17.50000000,21.07000000,0.10384396
2001-12-27T06:10:00,1,12,27,6,10,0.15700000,17.71666667,23.21166667,0.15829153
2001-12-27T06:20:00,1,12,27,6,20,0.21200000,17.93333333,25.35333333,0.21165543
2001-12-27T06:30:00,1,12,27,6,30,0.26700000,18.15000000,27.49500000,0.26393564
2001-12-27T06:40:00,1,12,27,6,40,0.32200000,18.36666667,29.63666667,0.31513217
2001-12-27T06:50:00,1,12,27,6,50,0.37700000,18.58333333,31.77833333,0.36524501
2001-12-27T07:00:00,1,12,27,7,0,0.43200000,18.80000000,33.92000000,0.41427418
2001-12-27T07:10:00,1,12,27,7,10,0.47266667,19.31666667,35.86000000,0.44905413
2001-12-27T07:20:00,1,12,27,7,20,0.51333333,19.83333333,37.80000000,0.48310827
2001-12-27T07:30:00,1,12,27,7,30,0.55400000,20.35000000,39.74000000,0.51643658
2001-12-27T07:40:00,1,12,27,7,40,0.59466667,20.86666667,41.68000000,0.54903908
2001-12-27T07:50:00,1,12,27,7,50,0.63533333,21.38333333,43.62000000,0.58091576
2001-12-27T08:00:00,1,12,27,8,0,0.67600000,21.90000000,45.56000000,0.61206662
2001-12-27T08:10:00,1,12,27,8,10,0.69966667,22.26666667,46.75500000,0.62964892
2001-12-27T08:20:00,1,12,27,8,20,0.72333333,22.63333333,47.95000000,0.64697103
2001-12-27T08:30:00,1,12,27,8,30,0.74700000,23.00000000,49.14500000,0.66403295
2001-12-27T08:40:00,1,12,27,8,40,0.77066667,23.36666667,50.34000000,0.68083468
2001-12-27T08:50:00,1,12,27,8,50,0.79433333,23.73333333,51.53500000,0.69737621
2001-12-27T09:00:00,1,12,27,9,0,0.81800000,24.10000000,52.73000000,0.71365756
2001-12-27T09:10:00,1,12,27,9,10,0.81250000,24.26666667,52.70416667,0.70895568
2001-12-27T09:20:00,1,12,27,9,20,0.80700000,24.43333333,52.67833333,0.70425249
2001-12-27T09:30:00,1,12,27,9,30,0.80150000,24.60000000,52.65250000,0.69954800
2001-12-27T09:40:00,1,12,27,9,40,0.79600000,24.76666667,52.62666667,0.69484220
2001-12-27T09:50:00,1,12,27,9,50,0.79050000,24.93333333,52.60083333,0.69013509
2001-12-27T10:00:00,1,12,27,10,0,0.78500000,25.10000000,52.57500000,0.68542667
2001-12-27T10:10:00,1,12,27,10,10,0.79600000,25.15000000,53.01000000,0.69343858
2001-12-27T10:20:00,1,12,27,10,20,0.80700000,25.20000000,53.44500000,0.70140647
2001-12-27T10:30:00,1,12,27,10,30,0.81800000,25.25000000,53.88000000,0.70933034
2001-12-27T10:40:00,1,12,27,10,40,0.82900000,25.30000000,54.31500000,0.71721018
2001-12-27T10:50:00,1,12,27,10,50,0.84000000,25.35000000,54.75000000,0.72504600
2001-12-27T11:00:00,1,12,27,11,0,0.85100000,25.40000000,55.18500000,0.73283780
2001-12-27T11:10:00,1,12,27,11,10,0.86483333,25.51666667,55.78583333,0.74236010
2001-12-27T11:20:00,1,12,27,11,20,0.87866667,25.63333333,56.38666667,0.75180594
2001-12-27T11:30:00,1,12,27,11,30,0.89250000,25.75000000,56.98750000,0.76117532
2001-12-27T11:40:00,1,12,27,11,40,0.90633333,25.86666667,57.58833333,0.77046823
2001-12-27T11:50:00,1,12,27,11,50,0.92016667,25.98333333,58.18916667,0.77968467
2001-12-27T12:00:00,1,12,27,12,0,0.93400000,26.10000000,58.79000000,0.78882464
2001-12-27T12:10:00,1,12,27,12,10,0.88366667,26.13333333,57.06166667,0.75334027
2001-12-27T12:20:00,1,12,27,12,20,0.83333333,26.16666667,55.33333333,0.71705556
2001-12-27T12:30:00,1,12,27,12,30,0.78300000,26.20000000,53.60500000,0.67997051
2001-12-27T12:40:00,1,12,27,12,40,0.73266667,26.23333333,51.87666667,0.64208513
2001-12-27T12:50:00,1,12,27,12,50,0.68233333,26.26666667,50.14833333,0.60339942
2001-12-27T13:00:00,1,12,27,13,0,0.63200000,26.30000000,48.42000000,0.56391338
2001-12-27T13:10:00,1,12,27,13,10,0.61233333,26.03333333,47.46500000,0.54905542
2001-12-27T13:20:00,1,12,27,13,20,0.59266667,25.76666667,46.51000000,0.53402467
2001-12-27T13:30:00,1,12,27,13,30,0.57300000,25.50000000,45.55500000,0.51882113
2001-12-27T13:40:00,1,12,27,13,40,0.55333333,25.23333333,44.60000000,0.50344480
2001-12-27T13:50:00,1,12,27,13,50,0.53366667,24.96666667,43.64500000,0.48789568
2001-12-27T14:00:00,1,12,27,14,0,0.51400000,24.70000000,42.69000000,0.47217376
2001-12-27T14:10:00,1,12,27,14,10,0.49500000,24.40000000,41.72500000,0.45691718
2001-12-27T14:20:00,1,12,27,14,20,0.47600000,24.10000000,40.76000000,0.44149190
2001-12-27T14:30:00,1,12,27,14,30,0.45700000,23.80000000,39.79500000,0.42589795
2001-12-27T14:40:00,1,12,27,14,40,0.43800000,23.50000000,38.83000000,0.41013532
2001-12-27T14:50:00,1,12,27,14,50,0.41900000,23.20000000,37.86500000,0.39420400
2001-12-27T15:00:00,1,12,27,15,0,0.40000000,22.90000000,36.90000000,0.37810400
2001-12-27T15:10:00,1,12,27,15,10,0.38500000,22.88333333,36.35833333,0.36488439
2001-12-27T15:20:00,1,12,27,15,20,0.37000000,22.86666667,35.81666667,0.35159003
2001-12-27T15:30:00,1,12,27,15,30,0.35500000,22.85000000,35.27500000,0.33822093
2001-12-27T15:40:00,1,12,27,15,40,0.34000000,22.83333333,34.73333333,0.32477707
2001-12-27T15:50:00,1,12,27,15,50,0.32500000,22.81666667,34.19166667,0.31125846
2001-12-27T16:00:00,1,12,27,16,0,0.31000000,22.80000000,33.65000000,0.29766510
2001-12-27T16:10:00,1,12,27,16,10,0.28016667,22.63333333,32.43916667,0.27057932
2001-12-27T16:20:00,1,12,27,16,20,0.25033333,22.46666667,31.22833333,0.24316120
2001-12-27T16:30:00,1,12,27,16,30,0.22050000,22.30000000,30.01750000,0.21541075
2001-12-27T16:40:00,1,12,27,16,40,0.19066667,22.13333333,28.80666667,0.18732797
2001-12-27T16:50:00,1,12,27,16,50,0.16083333,21.96666667,27.59583333,0.15891285
2001-12-27T17:00:00,1,12,27,17,0,0.13100000,21.80000000,26.38500000,0.13016540
2001-12-27T17:10:00,1,12,27,17,10,0.11500000,21.51666667,25.54166667,0.11471346
2001-12-27T17:20:00,1,12,27,17,20,0.09900000,21.23333333,24.69833333,0.09913738
2001-12-27T17:30:00,1,12,27,17,30,0.08300000,20.95000000,23.85500000,0.08343716
2001-12-27T17:40:00,1,12,27,17,40,0.06700000,20.66666667,23.01166667,0.06761280
2001-12-27T17:50:00,1,12,27,17,50,0.05100000,20.38333333,22.16833333,0.05166431
2001-12-27T18:00:00,1,12,27,18,0,0.03500000,20.10000000,21.32500000,0.03559168
2001-12-27T18:10:00,1,12,27,18,10,0.02916667,19.88333333,20.90416667,0.02971619
2001-12-27T18:20:00,1,12,27,18,20,0.02333333,19.66666667,20.48333333,0.02381812
2001-12-27T18:30:00,1,12,27,18,30,0.01750000,19.45000000,20.06250000,0.01789747
2001-12-27T18:40:00,1,12,27,18,40,0.01166667,19.23333333,19.64166667,0.01195423
2001-12-27T18:50:00,1,12,27,18,50,0.00583333,19.01666667,19.22083333,0.00598841
2001-12-27T19:00:00,1,12,27,19,0,0.00000000,18.80000000,18.80000000,0.00000000
2001-12-27T19:10:00,1,12,27,19,10,0.00000000,18.68333333,18.68333333,0.00000000
2001-12-27T19:20:00,1,12,27,19,20,0.00000000,18.56666667,18.56666667,0.00000000
2001-12-27T19:30:00,1,12,27,19,30,0.00000000,18.45000000,18.45000000,0.00000000
2001-12-27T19:40:00,1,12,27,19,40,0.00000000,18.33333333,18.33333333,0.00000000
2001-12-27T19:50:00,1,12,27,19,50,0.00000000,18.21666667,18.21666667,0.00000000
2001-12-27T20:00:00,1,12,27,20,0,0.00000000,18.10000000,18.10000000,0.00000000
2001-12-27T20:10:00,1,12,27,20,10,0.00000000,18.00000000,18.00000000,0.00000000
2001-12-27T20:20:00,1,12,27,20,20,0.00000000,17.90000000,17.90000000,0.00000000
2001-12-27T20:30:00,1,12,27,20,30,0.00000000,17.80000000,17.80000000,0.00000000
2001-12-27T20:40:00,1,12,27,20,40,0.00000000,17.70000000,17.70000000,0.00000000
2001-12-27T20:50:00,1,12,27,20,50,0.00000000,17.60000000,17.60000000,0.00000000
2001-12-27T21:00:00,1,12,27,21,0,0.00000000,17.50000000,17.50000000,0.00000000
2001-12-27T21:10:00,1,12,27,21,10,0.00000000,17.36666667,17.36666667,0.00000000
2001-12-27T21:20:00,1,12,27,21,20,0.00000000,17.23333333,17.23333333,0.00000000
2001-12-27T21:30:00,1,12,27,21,30,0.00000000,17.10000000,17.10000000,0.00000000
2001-12-27T21:40:00,1,12,27,21,40,0.00000000,16.96666667,16.96666667,0.00000000
2001-12-27T21:50:00,1,12,27,21,50,0.00000000,16.83333333,16.83333333,0.00000000
2001-12-27T22:00:00,1,12,27,22,0,0.00000000,16.70000000,16.70000000,0.00000000
2001-12-27T22:10:00,1,12,27,22,10,0.00000000,16.70000000,16.70000000,0.00000000
2001-12-27T22:20:00,1,12,27,22,20,0.00000000,16.70000000,16.70000000,0.00000000
2001-12-27T22:30:00,1,12,27,22,30,0.00000000,16.70000000,16.70000000,0.00000000
2001-12-27T22:40:00,1,12,27,22,40,0.00000000,16.70000000,16.70000000,0.00000000
2001-12-27T22:50:00,1,12,27,22,50,0.00000000,16.70000000,16.70000000,0.00000000
2001-12-27T23:00:00,1,12,27,23,0,0.00000000,16.70000000,16.70000000,0.00000000
2001-12-27T23:10:00,1,12,27,23,10,0.00000000,16.75000000,16.75000000,0.00000000
2001-12-27T23:20:00,1,12,27,23,20,0.00000000,16.80000000,16.80000000,0.00000000
2001-12-27T23:30:00,1,12,27,23,30,0.00000000,16.85000000,16.85000000,0.00000000
2001-12-27T23:40:00,1,12,27,23,40,0.00000000,16.90000000,16.90000000,0.00000000
2001-12-27T23:50:00,1,12,27,23,50,0.00000000,16.95000000,16.95000000,0.00000000
2001-12-28T00:00:00,1,12,28,0,0,0.00000000,17.00000000,17.00000000,0.00000000
2001-12-28T00:10:00,1,12,28,0,10,0.00000000,16.98333333,16.98333333,0.00000000
2001-12-28T00:20:00,1,12,28,0,20,0.00000000,16.96666667,16.96666667,0.00000000
2001-12-28T00:30:00,1,12,28,0,30,0.00000000,16.95000000,16.95000000,0.00000000
2001-12-28T00:40:00,1,12,28,0,40,0.00000000,16.93333333,16.93333333,0.00000000
2001-12-28T00:50:00,1,12,28,0,50,0.00000000,16.91666667,16.91666667,0.00000000
2001-12-28T01:00:00,1,12,28,1,0,0.00000000,16.90000000,16.90000000,0.00000000
2001-12-28T01:10:00,1,12,28,1,10,0.00000000,16.75000000,16.75000000,0.00000000
2001-12-28T01:20:00,1,12,28,1,20,0.00000000,16.60000000,16.60000000,0.00000000
2001-12-28T01:30:00,1,12,28,1,30,0.00000000,16.45000000,16.45000000,0.00000000
2001-12-28T01:40:00,1,12,28,1,40,0.00000000,16.30000000,16.30000000,0.00000000
2001-12-28T01:50:00,1,12,28,1,50,0.00000000,16.15000000,16.15000000,0.00000000
2001-12-28T02:00:00,1,12,28,2,0,0.00000000,16.00000000,16.00000000,0.00000000
2001-12-28T02:10:00,1,12,28,2,10,0.00000000,16.15000000,16.15000000,0.00000000
2001-12-28T02:20:00,1,12,28,2,20,0.00000000,16.30000000,16.30000000,0.00000000
2001-12-28T02:30:00,1,12,28,2,30,0.00000000,16.45000000,16.45000000,0.00000000
2001-12-28T02:40:00,1,12,28,2,40,0.00000000,16.60000000,16.60000000,0.00000000
2001-12-28T02:50:00,1,12,28,2,50,0.00000000,16.75000000,16.75000000,0.00000000
2001-12-28T03:00:00,1,12,28,3,0,0.00000000,16.90000000,16.90000000,0.00000000
2001-12-28T03:10:00,1,12,28,3,10,0.00000000,16.75000000,16.75000000,0.00000000
2001-12-28T03:20:00,1,12,28,3,20,0.00000000,16.60000000,16.60000000,0.00000000
2001-12-28T03:30:00,1,12,28,3,30,0.00000000,16.45000000,16.45000000,0.00000000
2001-12-28T03:40:00,1,12,28,3,40,0.00000000,16.30000000,16.30000000,0.00000000
2001-12-28T03:50:00,1,12,28,3,50,0.00000000,16.15000000,16.15000000,0.00000000
2001-12-28T04:00:00,1,12,28,4,0,0.00000000,16.00000000,16.00000000,0.00000000
2001-12-28T04:10:00,1,12,28,4,10,0.00433333,16.10000000,16.25166667,0.00450772
2001-12-28T04:20:00,1,12,28,4,20,0.00866667,16.20000000,16.50333333,0.00900540
2001-12-28T04:30:00,1,12,28,4,30,0.01300000,16.30000000,16.75500000,0.01349305
2001-12-28T04:40:00,1,12,28,4,40,0.01733333,16.40000000,17.00666667,0.01797067
2001-12-28T04:50:00,1,12,28,4,50,0.02166667,16.50000000,17.25833333,0.02243825
2001-12-28T05:00:00,1,12,28,5,0,0.02600000,16.60000000,17.51000000,0.02689580
2001-12-28T05:10:00,1,12,28,5,10,0.05650000,16.68333333,18.66083333,0.05814755
2001-12-28T05:20:00,1,12,28,5,20,0.08700000,16.76666667,19.81166667,0.08907637
2001-12-28T05:30:00,1,12,28,5,30,0.11750000,16.85000000,20.96250000,0.11968227
2001-12-28T05:40:00,1,12,28,5,40,0.14800000,16.93333333,22.11333333,0.14996524
2001-12-28T05:50:00,1,12,28,5,50,0.17850000,17.01666667,23.26416667,0.17992529
2001-12-28T06:00:00,1,12,28,6,0,0.20900000,17.10000000,24.41500000,0.20956242
2001-12-28T06:10:00,1,12,28,6,10,0.22050000,17.21666667,24.93416667,0.22056677
2001-12-28T06:20:00,1,12,28,6,20,0.23200000,17.33333333,25.45333333,0.23151620
2001-12-28T06:30:00,1,12,28,6,30,0.24350000,17.45000000,25.97250000,0.24241070
2001-12-28T06:40:00,1,12,28,6,40,0.25500000,17.56666667,26.49166667,0.25325028
2001-12-28T06:50:00,1,12,28,6,50,0.26650000,17.68333333,27.01083333,0.26403492
2001-12-28T07:00:00,1,12,28,7,0,0.27800000,17.80000000,27.53000000,0.27476464
2001-12-28T07:10:00,1,12,28,7,10,0.34083333,18.00000000,29.92916667,0.33310522
2001-12-28T07:20:00,1,12,28,7,20,0.40366667,18.20000000,32.32833333,0.39005893
2001-12-28T07:30:00,1,12,28,7,30,0.46650000,18.40000000,34.72750000,0.44562576
2001-12-28T07:40:00,1,12,28,7,40,0.52933333,18.60000000,37.12666667,0.49980571
2001-12-28T07:50:00,1,12,28,7,50,0.59216667,18.80000000,39.52583333,0.55259878
2001-12-28T08:00:00,1,12,28,8,0,0.65500000,19.00000000,41.92500000,0.60400498
2001-12-28T08:10:00,1,12,28,8,10,0.68666667,18.95000000,42.98333333,0.62986331
2001-12-28T08:20:00,1,12,28,8,20,0.71833333,18.90000000,44.04166667,0.65541332
2001-12-28T08:30:00,1,12,28,8,30,0.75000000,18.85000000,45.10000000,0.68065500
2001-12-28T08:40:00,1,12,28,8,40,0.78166667,18.80000000,46.15833333,0.70558835
2001-12-28T08:50:00,1,12,28,8,50,0.81333333,18.75000000,47.21666667,0.73021338
2001-12-28T09:00:00,1,12,28,9,0,0.84500000,18.70000000,48.27500000,0.75453008
2001-12-28T09:10:00,1,12,28,9,10,0.81816667,18.83333333,47.46916667,0.73360246
2001-12-28T09:20:00,1,12,28,9,20,0.79133333,18.96666667,46.66333333,0.71247591
2001-12-28T09:30:00,1,12,28,9,30,0.76450000,19.10000000,45.85750000,0.69115043
2001-12-28T09:40:00,1,12,28,9,40,0.73766667,19.23333333,45.05166667,0.66962601
2001-12-28T09:50:00,1,12,28,9,50,0.71083333,19.36666667,44.24583333,0.64790267
2001-12-28T10:00:00,1,12,28,10,0,0.68400000,19.50000000,43.44000000,0.62598038
2001-12-28T10:10:00,1,12,28,10,10,0.72400000,19.53333333,44.87333333,0.65781385
2001-12-28T10:20:00,1,12,28,10,20,0.76400000,19.56666667,46.30666667,0.68911985
2001-12-28T10:30:00,1,12,28,10,30,0.80400000,19.60000000,47.74000000,0.71989838
2001-12-28T10:40:00,1,12,28,10,40,0.84400000,19.63333333,49.17333333,0.75014945
2001-12-28T10:50:00,1,12,28,10,50,0.88400000,19.66666667,50.60666667,0.77987305
2001-12-28T11:00:00,1,12,28,11,0,0.92400000,19.70000000,52.04000000,0.80906918
2001-12-28T11:10:00,1,12,28,11,10,0.86150000,19.81666667,49.96916667,0.76254969
2001-12-28T11:20:00,1,12,28,11,20,0.79900000,19.93333333,47.89833333,0.71483947
2001-12-28T11:30:00,1,12,28,11,30,0.73650000,20.05000000,45.82750000,0.66593851
2001-12-28T11:40:00,1,12,28,11,40,0.67400000,20.16666667,43.75666667,0.61584683
2001-12-28T11:50:00,1,12,28,11,50,0.61150000,20.28333333,41.68583333,0.56456442
2001-12-28T12:00:00,1,12,28,12,0,0.54900000,20.40000000,39.61500000,0.51209128
2001-12-28T12:10:00,1,12,28,12,10,0.58716667,20.50000000,41.05083333,0.54381390
2001-12-28T12:20:00,1,12,28,12,20,0.62533333,20.60000000,42.48666667,0.57503235
2001-12-28T12:30:00,1,12,28,12,30,0.66350000,20.70000000,43.92250000,0.60574664
2001-12-28T12:40:00,1,12,28,12,40,0.70166667,20.80000000,45.35833333,0.63595675
2001-12-28T12:50:00,1,12,28,12,50,0.73983333,20.90000000,46.79416667,0.66566270
2001-12-28T13:00:00,1,12,28,13,0,0.77800000,21.00000000,48.23000000,0.69486448
2001-12-28T13:10:00,1,12,28,13,10,0.71800000,20.95000000,46.08000000,0.64837698
2001-12-28T13:20:00,1,12,28,13,20,0.65800000,20.90000000,43.93000000,0.60070268
2001-12-28T13:30:00,1,12,28,13,30,0.59800000,20.85000000,41.78000000,0.55184158
2001-12-28T13:40:00,1,12,28,13,40,0.53800000,20.80000000,39.63000000,0.50179368
2001-12-28T13:50:00,1,12,28,13,50,0.47800000,20.75000000,37.48000000,0.45055898
2001-12-28T14:00:00,1,12,28,14,0,0.41800000,20.70000000,35.33000000,0.39813748
2001-12-28T14:10:00,1,12,28,14,10,0.42366667,20.81666667,35.64500000,0.40292098
2001-12-28T14:20:00,1,12,28,14,20,0.42933333,20.93333333,35.96000000,0.40768806
2001-12-28T14:30:00,1,12,28,14,30,0.43500000,21.05000000,36.27500000,0.41243872
2001-12-28T14:40:00,1,12,28,14,40,0.44066667,21.16666667,36.59000000,0.41717296
2001-12-28T14:50:00,1,12,28,14,50,0.44633333,21.28333333,36.90500000,0.42189078
2001-12-28T15:00:00,1,12,28,15,0,0.45200000,21.40000000,37.22000000,0.42659218
2001-12-28T15:10:00,1,12,28,15,10,0.44850000,21.35000000,37.04750000,0.42364480
2001-12-28T15:20:00,1,12,28,15,20,0.44500000,21.30000000,36.87500000,0.42069187
2001-12-28T15:30:00,1,12,28,15,30,0.44150000,21.25000000,36.70250000,0.41773339
2001-12-28T15:40:00,1,12,28,15,40,0.43800000,21.20000000,36.53000000,0.41476936
2001-12-28T15:50:00,1,12,28,15,50,0.43450000,21.15000000,36.35750000,0.41179976
2001-12-28T16:00:00,1,12,28,16,0,0.43100000,21.10000000,36.18500000,0.40882462
2001-12-28T16:10:00,1,12,28,16,10,0.37566667,21.08333333,34.23166667,0.35971373
2001-12-28T16:20:00,1,12,28,16,20,0.32033333,21.06666667,32.27833333,0.30960847
2001-12-28T16:30:00,1,12,28,16,30,0.26500000,21.05000000,30.32500000,0.25850882
2001-12-28T16:40:00,1,12,28,16,40,0.20966667,21.03333333,28.37166667,0.20641481
2001-12-28T16:50:00,1,12,28,16,50,0.15433333,21.01666667,26.41833333,0.15332641
2001-12-28T17:00:00,1,12,28,17,0,0.09900000,21.00000000,24.46500000,0.09924364
2001-12-28T17:10:00,1,12,28,17,10,0.08766667,21.08333333,24.15166667,0.08800877
2001-12-28T17:20:00,1,12,28,17,20,0.07633333,21.16666667,23.83833333,0.07674123
2001-12-28T17:30:00,1,12,28,17,30,0.06500000,21.25000000,23.52500000,0.06544102
2001-12-28T17:40:00,1,12,28,17,40,0.05366667,21.33333333,23.21166667,0.05410815
2001-12-28T17:50:00,1,12,28,17,50,0.04233333,21.41666667,22.89833333,0.04274260
2001-12-28T18:00:00,1,12,28,18,0,0.03100000,21.50000000,22.58500000,0.03134438
2001-12-28T18:10:00,1,12,28,18,10,0.02583333,21.41666667,22.32083333,0.02615171
2001-12-28T18:20:00,1,12,28,18,20,0.02066667,21.33333333,22.05666667,0.02094648
2001-12-28T18:30:00,1,12,28,18,30,0.01550000,21.25000000,21.79250000,0.01572869
2001-12-28T18:40:00,1,12,28,18,40,0.01033333,21.16666667,21.52833333,0.01049835
2001-12-28T18:50:00,1,12,28,18,50,0.00516667,21.08333333,21.26416667,0.00525545
2001-12-28T19:00:00,1,12,28,19,0,0.00000000,21.00000000,21.00000000,0.00000000
2001-12-28T19:10:00,1,12,28,19,10,0.00000000,20.98333333,20.98333333,0.00000000
2001-12-28T19:20:00,1,12,28,19,20,0.00000000,20.96666667,20.96666667,0.00000000
2001-12-28T19:30:00,1,12,28,19,30,0.00000000,20.95000000,20.95000000,0.00000000
2001-12-28T19:40:00,1,12,28,19,40,0.00000000,20.93333333,20.93333333,0.00000000
2001-12-28T19:50:00,1,12,28,19,50,0.00000000,20.91666667,20.91666667,0.00000000
2001-12-28T20:00:00,1,12,28,20,0,0.00000000,20.90000000,20.90000000,0.00000000
2001-12-28T20:10:00,1,12,28,20,10,0.00000000,20.86666667,20.86666667,0.00000000
2001-12-28T20:20:00,1,12,28,20,20,0.00000000,20.83333333,20.83333333,0.00000000
2001-12-28T20:30:00,1,12,28,20,30,0.00000000,20.80000000,20.80000000,0.00000000
2001-12-28T20:40:00,1,12,28,20,40,0.00000000,20.76666667,20.76666667,0.00000000
2001-12-28T20:50:00,1,12,28,20,50,0.00000000,20.73333333,20.73333333,0.00000000
2001-12-28T21:00:00,1,12,28,21,0,0.00000000,20.70000000,20.70000000,0.00000000
2001-12-28T21:10:00,1,12,28,21,10,0.00000000,20.81666667,20.81666667,0.00000000
2001-12-28T21:20:00,1,12,28,21,20,0.00000000,20.93333333,20.93333333,0.00000000
2001-12-28T21:30:00,1,12,28,21,30,0.00000000,21.05000000,21.05000000,0.00000000
2001-12-28T21:40:00,1,12,28,21,40,0.00000000,21.16666667,21.16666667,0.00000000
2001-12-28T21:50:00,1,12,28,21,50,0.00000000,21.28333333,21.28333333,0.00000000
2001-12-28T22:00:00,1,12,28,22,0,0.00000000,21.40000000,21.40000000,0.00000000
2001-12-28T22:10:00,1,12,28,22,10,0.00000000,21.20000000,21.20000000,0.00000000
2001-12-28T22:20:00,1,12,28,22,20,0.00000000,21.00000000,21.00000000,0.00000000
2001-12-28T22:30:00,1,12,28,22,30,0.00000000,20.80000000,20.80000000,0.00000000
2001-12-28T22:40:00,1,12,28,22,40,0.00000000,20.60000000,20.60000000,0.00000000
2001-12-28T22:50:00,1,12,28,22,50,0.00000000,20.40000000,20.40000000,0.00000000
2001-12-28T23:00:00,1,12,28,23,0,0.00000000,20.20000000,20.20000000,0.00000000
2001-12-28T23:10:00,1,12,28,23,10,0.00000000,20.18333333,20.18333333,0.00000000
2001-12-28T23:20:00,1,12,28,23,20,0.00000000,20.16666667,20.16666667,0.00000000
2001-12-28T23:30:00,1,12,28,23,30,0.00000000,20.15000000,20.15000000,0.00000000
2001-12-28T23:40:00,1,12,28,23,40,0.00000000,20.13333333,20.13333333,0.00000000
2001-12-28T23:50:00,1,12,28,23,50,0.00000000,20.11666667,20.11666667,0.00000000
2001-12-29T00:00:00,1,12,29,0,0,0.00000000,20.10000000,20.10000000,0.00000000
2001-12-29T00:10:00,1,12,29,0,10,0.00000000,20.00000000,20.00000000,0.00000000
2001-12-29T00:20:00,1,12,29,0,20,0.00000000,19.90000000,19.90000000,0.00000000
2001-12-29T00:30:00,1,12,29,0,30,0.00000000,19.80000000,19.80000000,0.00000000
2001-12-29T00:40:00,1,12,29,0,40,0.00000000,19.70000000,19.70000000,0.00000000
2001-12-29T00:50:00,1,12,29,0,50,0.00000000,19.60000000,19.60000000,0.00000000
2001-12-29T01:00:00,1,12,29,1,0,0.00000000,19.50000000,19.50000000,0.00000000
2001-12-29T01:10:00,1,12,29,1,10,0.00000000,19.45000000,19.45000000,0.00000000
2001-12-29T01:20:00,1,12,29,1,20,0.00000000,19.40000000,19.40000000,0.00000000
2001-12-29T01:30:00,1,12,29,1,30,0.00000000,19.35000000,19.35000000,0.00000000
2001-12-29T01:40:00,1,12,29,1,40,0.00000000,19.30000000,19.30000000,0.00000000
2001-12-29T01:50:00,1,12,29,1,50,0.00000000,19.25000000,19.25000000,0.00000000
2001-12-29T02:00:00,1,12,29,2,0,0.00000000,19.20000000,19.20000000,0.00000000
2001-12-29T02:10:00,1,12,29,2,10,0.00000000,19.18333333,19.18333333,0.00000000
2001-12-29T02:20:00,1,12,29,2,20,0.00000000,19.16666667,19.16666667,0.00000000
2001-12-29T02:30:00,1,12,29,2,30,0.00000000,19.15000000,19.15000000,0.00000000
2001-12-29T02:40:00,1,12,29,2,40,0.00000000,19.13333333,19.13333333,0.00000000
2001-12-29T02:50:00,1,12,29,2,50,0.00000000,19.11666667,19.11666667,0.00000000
2001-12-29T03:00:00,1,12,29,3,0,0.00000000,19.10000000,19.10000000,0.00000000
2001-12-29T03:10:00,1,12,29,3,10,0.00000000,19.11666667,19.11666667,0.00000000
2001-12-29T03:20:00,1,12,29,3,20,0.00000000,19.13333333,19.13333333,0.00000000
2001-12-29T03:30:00,1,12,29,3,30,0.00000000,19.15000000,19.15000000,0.00000000
2001-12-29T03:40:00,1,12,29,3,40,0.00000000,19.16666667,19.16666667,0.00000000
2001-12-29T03:50:00,1,12,29,3,50,0.00000000,19.18333333,19.18333333,0.00000000
2001-12-29T04:00:00,1,12,29,4,0,0.00000000,19.20000000,19.20000000,0.00000000
2001-12-29T04:10:00,1,12,29,4,10,0.00450000,19.06666667,19.22416667,0.00461956
2001-12-29T04:20:00,1,12,29,4,20,0.00900000,18.93333333,19.24833333,0.00923812
2001-12-29T04:30:00,1,12,29,4,30,0.01350000,18.80000000,19.27250000,0.01385568
2001-12-29T04:40:00,1,12,29,4,40,0.01800000,18.66666667,19.29666667,0.01847224
2001-12-29T04:50:00,1,12,29,4,50,0.02250000,18.53333333,19.32083333,0.02308779
2001-12-29T05:00:00,1,12,29,5,0,0.02700000,18.40000000,19.34500000,0.02770235
2001-12-29T05:10:00,1,12,29,5,10,0.04300000,18.50000000,20.00500000,0.04398801
2001-12-29T05:20:00,1,12,29,5,20,0.05900000,18.60000000,20.66500000,0.06017652
2001-12-29T05:30:00,1,12,29,5,30,0.07500000,18.70000000,21.32500000,0.07626787
2001-12-29T05:40:00,1,12,29,5,40,0.09100000,18.80000000,21.98500000,0.09226208
2001-12-29T05:50:00,1,12,29,5,50,0.10700000,18.90000000,22.64500000,0.10815913
2001-12-29T06:00:00,1,12,29,6,0,0.12300000,19.00000000,23.30500000,0.12395903
2001-12-29T06:10:00,1,12,29,6,10,0.16366667,19.35000000,25.07833333,0.16360769
2001-12-29T06:20:00,1,12,29,6,20,0.20433333,19.70000000,26.85166667,0.20259289
2001-12-29T06:30:00,1,12,29,6,30,0.24500000,20.05000000,28.62500000,0.24091462
2001-12-29T06:40:00,1,12,29,6,40,0.28566667,20.40000000,30.39833333,0.27857290
2001-12-29T06:50:00,1,12,29,6,50,0.32633333,20.75000000,32.17166667,0.31556771
2001-12-29T07:00:00,1,12,29,7,0,0.36700000,21.10000000,33.94500000,0.35189905
2001-12-29T07:10:00,1,12,29,7,10,0.37566667,21.43333333,34.58166667,0.35910891
2001-12-29T07:20:00,1,12,29,7,20,0.38433333,21.76666667,35.21833333,0.36626800
2001-12-29T07:30:00,1,12,29,7,30,0.39300000,22.10000000,35.85500000,0.37337633
2001-12-29T07:40:00,1,12,29,7,40,0.40166667,22.43333333,36.49166667,0.38043390
2001-12-29T07:50:00,1,12,29,7,50,0.41033333,22.76666667,37.12833333,0.38744070
2001-12-29T08:00:00,1,12,29,8,0,0.41900000,23.10000000,37.76500000,0.39439674
2001-12-29T08:10:00,1,12,29,8,10,0.42733333,23.30000000,38.25666667,0.40127426
2001-12-29T08:20:00,1,12,29,8,20,0.43566667,23.50000000,38.74833333,0.40811409
2001-12-29T08:30:00,1,12,29,8,30,0.44400000,23.70000000,39.24000000,0.41491622
2001-12-29T08:40:00,1,12,29,8,40,0.45233333,23.90000000,39.73166667,0.42168066
2001-12-29T08:50:00,1,12,29,8,50,0.46066667,24.10000000,40.22333333,0.42840741
2001-12-29T09:00:00,1,12,29,9,0,0.46900000,24.30000000,40.71500000,0.43509646
2001-12-29T09:10:00,1,12,29,9,10,0.55966667,24.35000000,43.93833333,0.51091056
2001-12-29T09:20:00,1,12,29,9,20,0.65033333,24.40000000,47.16166667,0.58403597
2001-12-29T09:30:00,1,12,29,9,30,0.74100000,24.45000000,50.38500000,0.65447269
2001-12-29T09:40:00,1,12,29,9,40,0.83166667,24.50000000,53.60833333,0.72222072
2001-12-29T09:50:00,1,12,29,9,50,0.92233333,24.55000000,56.83166667,0.78728006
2001-12-29T10:00:00,1,12,29,10,0,1.01300000,24.60000000,60.05500000,0.84965071
2001-12-29T10:10:00,1,12,29,10,10,0.99166667,25.55000000,60.25833333,0.83082990
2001-12-29T10:20:00,1,12,29,10,20,0.97033333,26.50000000,60.46166667,0.81204900
2001-12-29T10:30:00,1,12,29,10,30,0.94900000,27.45000000,60.66500000,0.79330801
2001-12-29T10:40:00,1,12,29,10,40,0.92766667,28.40000000,60.86833333,0.77460692
2001-12-29T10:50:00,1,12,29,10,50,0.90633333,29.35000000,61.07166667,0.75594575
2001-12-29T11:00:00,1,12,29,11,0,0.88500000,30.30000000,61.27500000,0.73732447
2001-12-29T11:10:00,1,12,29,11,10,0.88133333,30.03333333,60.88000000,0.73587103
2001-12-29T11:20:00,1,12,29,11,20,0.87766667,29.76666667,60.48500000,0.73440426
2001-12-29T11:30:00,1,12,29,11,30,0.87400000,29.50000000,60.09000000,0.73292416
2001-12-29T11:40:00,1,12,29,11,40,0.87033333,29.23333333,59.69500000,0.73143074
2001-12-29T11:50:00,1,12,29,11,50,0.86666667,28.96666667,59.30000000,0.72992400
2001-12-29T12:00:00,1,12,29,12,0,0.86300000,28.70000000,58.90500000,0.72840393
2001-12-29T12:10:00,1,12,29,12,10,0.83950000,28.76666667,58.14916667,0.71148786
2001-12-29T12:20:00,1,12,29,12,20,0.81600000,28.83333333,57.39333333,0.69440838
2001-12-29T12:30:00,1,12,29,12,30,0.79250000,28.90000000,56.63750000,0.67716549
2001-12-29T12:40:00,1,12,29,12,40,0.76900000,28.96666667,55.88166667,0.65975919
2001-12-29T12:50:00,1,12,29,12,50,0.74550000,29.03333333,55.12583333,0.64218948
2001-12-29T13:00:00,1,12,29,13,0,0.72200000,29.10000000,54.37000000,0.62445636
2001-12-29T13:10:00,1,12,29,13,10,0.69150000,28.90000000,53.10250000,0.60210876
2001-12-29T13:20:00,1,12,29,13,20,0.66100000,28.70000000,51.83500000,0.57940550
2001-12-29T13:30:00,1,12,29,13,30,0.63050000,28.50000000,50.56750000,0.55634658
2001-12-29T13:40:00,1,12,29,13,40,0.60000000,28.30000000,49.30000000,0.53293200
2001-12-29T13:50:00,1,12,29,13,50,0.56950000,28.10000000,48.03250000,0.50916176
2001-12-29T14:00:00,1,12,29,14,0,0.53900000,27.90000000,46.76500000,0.48503586
2001-12-29T14:10:00,1,12,29,14,10,0.51816667,27.58333333,45.71916667,0.46878115
2001-12-29T14:20:00,1,12,29,14,20,0.49733333,27.26666667,44.67333333,0.45232599
2001-12-29T14:30:00,1,12,29,14,30,0.47650000,26.95000000,43.62750000,0.43567038
2001-12-29T14:40:00,1,12,29,14,40,0.45566667,26.63333333,42.58166667,0.41881432
2001-12-29T14:50:00,1,12,29,14,50,0.43483333,26.31666667,41.53583333,0.40175781
2001-12-29T15:00:00,1,12,29,15,0,0.41400000,26.00000000,40.49000000,0.38450084
2001-12-29T15:10:00,1,12,29,15,10,0.40500000,25.70000000,39.87500000,0.37728787
2001-12-29T15:20:00,1,12,29,15,20,0.39600000,25.40000000,39.26000000,0.37002398
2001-12-29T15:30:00,1,12,29,15,30,0.38700000,25.10000000,38.64500000,0.36270917
2001-12-29T15:40:00,1,12,29,15,40,0.37800000,24.80000000,38.03000000,0.35534344
2001-12-29T15:50:00,1,12,29,15,50,0.36900000,24.50000000,37.41500000,0.34792678
2001-12-29T16:00:00,1,12,29,16,0,0.36000000,24.20000000,36.80000000,0.34045920
2001-12-29T16:10:00,1,12,29,16,10,0.33716667,24.21666667,36.01750000,0.32007889
2001-12-29T16:20:00,1,12,29,16,20,0.31433333,24.23333333,35.23500000,0.29953421
2001-12-29T16:30:00,1,12,29,16,30,0.29150000,24.25000000,34.45250000,0.27882514
2001-12-29T16:40:00,1,12,29,16,40,0.26866667,24.26666667,33.67000000,0.25795170
2001-12-29T16:50:00,1,12,29,16,50,0.24583333,24.28333333,32.88750000,0.23691389
2001-12-29T17:00:00,1,12,29,17,0,0.22300000,24.30000000,32.10500000,0.21571169
2001-12-29T17:10:00,1,12,29,17,10,0.19116667,23.96666667,30.65750000,0.18619165
2001-12-29T17:20:00,1,12,29,17,20,0.15933333,23.63333333,29.21000000,0.15624768
2001-12-29T17:30:00,1,12,29,17,30,0.12750000,23.30000000,27.76250000,0.12587979
2001-12-29T17:40:00,1,12,29,17,40,0.09566667,22.96666667,26.31500000,0.09508798
2001-12-29T17:50:00,1,12,29,17,50,0.06383333,22.63333333,24.86750000,0.06387224
2001-12-29T18:00:00,1,12,29,18,0,0.03200000,22.30000000,23.42000000,0.03223258
2001-12-29T18:10:00,1,12,29,18,10,0.02666667,21.96666667,22.90000000,0.02692427
2001-12-29T18:20:00,1,12,29,18,20,0.02133333,21.63333333,22.38000000,0.02159044
2001-12-29T18:30:00,1,12,29,18,30,0.01600000,21.30000000,21.86000000,0.01623110
2001-12-29T18:40:00,1,12,29,18,40,0.01066667,20.96666667,21.34000000,0.01084625
2001-12-29T18:50:00,1,12,29,18,50,0.00533333,20.63333333,20.82000000,0.00543588
2001-12-29T19:00:00,1,12,29,19,0,0.00000000,20.30000000,20.30000000,0.00000000
2001-12-29T19:10:00,1,12,29,19,10,0.00000000,20.15000000,20.15000000,0.00000000
2001-12-29T19:20:00,1,12,29,19,20,0.00000000,20.00000000,20.00000000,0.00000000
2001-12-29T19:30:00,1,12,29,19,30,0.00000000,19.85000000,19.85000000,0.00000000
2001-12-29T19:40:00,1,12,29,19,40,0.00000000,19.70000000,19.70000000,0.00000000
2001-12-29T19:50:00,1,12,29,19,50,0.00000000,19.55000000,19.55000000,0.00000000
2001-12-29T20:00:00,1,12,29,20,0,0.00000000,19.40000000,19.40000000,0.00000000
2001-12-29T20:10:00,1,12,29,20,10,0.00000000,19.25000000,19.25000000,0.00000000
2001-12-29T20:20:00,1,12,29,20,20,0.00000000,19.10000000,19.10000000,0.00000000
2001-12-29T20:30:00,1,12,29,20,30,0.00000000,18.95000000,18.95000000,0.00000000
2001-12-29T20:40:00,1,12,29,20,40,0.00000000,18.80000000,18.80000000,0.00000000
2001-12-29T20:50:00,1,12,29,20,50,0.00000000,18.65000000,18.65000000,0.00000000
2001-12-29T21:00:00,1,12,29,21,0,0.00000000,18.50000000,18.50000000,0.00000000
2001-12-29T21:10:00,1,12,29,21,10,0.00000000,18.38333333,18.38333333,0.00000000
2001-12-29T21:20:00,1,12,29,21,20,0.00000000,18.26666667,18.26666667,0.00000000
2001-12-29T21:30:00,1,12,29,21,30,0.00000000,18.15000000,18.15000000,0.00000000
2001-12-29T21:40:00,1,12,29,21,40,0.00000000,18.03333333,18.03333333,0.00000000
2001-12-29T21:50:00,1,12,29,21,50,0.00000000,17.91666667,17.91666667,0.00000000
2001-12-29T22:00:00,1,12,29,22,0,0.00000000,17.80000000,17.80000000,0.00000000
2001-12-29T22:10:00,1,12,29,22,10,0.00000000,17.75000000,17.75000000,0.00000000
2001-12-29T22:20:00,1,12,29,22,20,0.00000000,17.70000000,17.70000000,0.00000000
2001-12-29T22:30:00,1,12,29,22,30,0.00000000,17.65000000,17.65000000,0.00000000
2001-12-29T22:40:00,1,12,29,22,40,0.00000000,17.60000000,17.60000000,0.00000000
2001-12-29T22:50:00,1,12,29,22,50,0.00000000,17.55000000,17.55000000,0.00000000
2001-12-29T23:00:00,1,12,29,23,0,0.00000000,17.50000000,17.50000000,0.00000000
2001-12-29T23:10:00,1,12,29,23,10,0.00000000,17.53333333,17.53333333,0.00000000
2001-12-29T23:20:00,1,12,29,23,20,0.00000000,17.56666667,17.56666667,0.00000000
2001-12-29T23:30:00,1,12,29,23,30,0.00000000,17.60000000,17.60000000,0.00000000
2001-12-29T23:40:00,1,12,29,23,40,0.00000000,17.63333333,17.63333333,0.00000000
2001-12-29T23:50:00,1,12,29,23,50,0.00000000,17.66666667,17.66666667,0.00000000
2001-12-30T00:00:00,1,12,30,0,0,0.00000000,17.70000000,17.70000000,0.00000000
2001-12-30T00:10:00,1,12,30,0,10,0.00000000,17.71666667,17.71666667,0.00000000
2001-12-30T00:20:00,1,12,30,0,20,0.00000000,17.73333333,17.73333333,0.00000000
2001-12-30T00:30:00,1,12,30,0,30,0.00000000,17.75000000,17.75000000,0.00000000
2001-12-30T00:40:00,1,12,30,0,40,0.00000000,17.76666667,17.76666667,0.00000000
2001-12-30T00:50:00,1,12,30,0,50,0.00000000,17.78333333,17.78333333,0.00000000
2001-12-30T01:00:00,1,12,30,1,0,0.00000000,17.80000000,17.80000000,0.00000000
2001-12-30T01:10:00,1,12,30,1,10,0.00000000,17.76666667,17.76666667,0.00000000
2001-12-30T01:20:00,1,12,30,1,20,0.00000000,17.73333333,17.73333333,0.00000000
2001-12-30T01:30:00,1,12,30,1,30,0.00000000,17.70000000,17.70000000,0.00000000
2001-12-30T01:40:00,1,12,30,1,40,0.00000000,17.66666667,17.66666667,0.00000000
2001-12-30T01:50:00,1,12,30,1,50,0.00000000,17.63333333,17.63333333,0.00000000
2001-12-30T02:00:00,1,12,30,2,0,0.00000000,17.60000000,17.60000000,0.00000000
2001-12-30T02:10:00,1,12,30,2,10,0.00000000,17.70000000,17.70000000,0.00000000
2001-12-30T02:20:00,1,12,30,2,20,0.00000000,17.80000000,17.80000000,0.00000000
2001-12-30T02:30:00,1,12,30,2,30,0.00000000,17.90000000,17.90000000,0.00000000
2001-12-30T02:40:00,1,12,30,2,40,0.00000000,18.00000000,18.00000000,0.00000000
2001-12-30T02:50:00,1,12,30,2,50,0.00000000,18.10000000,18.10000000,0.00000000
2001-12-30T03:00:00,1,12,30,3,0,0.00000000,18.20000000,18.20000000,0.00000000
2001-12-30T03:10:00,1,12,30,3,10,0.00000000,18.18333333,18.18333333,0.00000000
2001-12-30T03:20:00,1,12,30,3,20,0.00000000,18.16666667,18.16666667,0.00000000
2001-12-30T03:30:00,1,12,30,3,30,0.00000000,18.15000000,18.15000000,0.00000000
2001-12-30T03:40:00,1,12,30,3,40,0.00000000,18.13333333,18.13333333,0.00000000
2001-12-30T03:50:00,1,12,30,3,50,0.00000000,18.11666667,18.11666667,0.00000000
2001-12-30T04:00:00,1,12,30,4,0,0.00000000,18.10000000,18.10000000,0.00000000
2001-12-30T04:10:00,1,12,30,4,10,0.00316667,17.98333333,18.09416667,0.00326726
2001-12-30T04:20:00,1,12,30,4,20,0.00633333,17.86666667,18.08833333,0.00653469
2001-12-30T04:30:00,1,12,30,4,30,0.00950000,17.75000000,18.08250000,0.00980229
2001-12-30T04:40:00,1,12,30,4,40,0.01266667,17.63333333,18.07666667,0.01307007
2001-12-30T04:50:00,1,12,30,4,50,0.01583333,17.51666667,18.07083333,0.01633801
2001-12-30T05:00:00,1,12,30,5,0,0.01900000,17.40000000,18.06500000,0.01960612
2001-12-30T05:10:00,1,12,30,5,10,0.02250000,17.51666667,18.30416667,0.02319302
2001-12-30T05:20:00,1,12,30,5,20,0.02600000,17.63333333,18.54333333,0.02677222
2001-12-30T05:30:00,1,12,30,5,30,0.02950000,17.75000000,18.78250000,0.03034371
2001-12-30T05:40:00,1,12,30,5,40,0.03300000,17.86666667,19.02166667,0.03390751
2001-12-30T05:50:00,1,12,30,5,50,0.03650000,17.98333333,19.26083333,0.03746361
2001-12-30T06:00:00,1,12,30,6,0,0.04000000,18.10000000,19.50000000,0.04101200
2001-12-30T06:10:00,1,12,30,6,10,0.07016667,18.15000000,20.60583333,0.07158496
2001-12-30T06:20:00,1,12,30,6,20,0.10033333,18.20000000,21.71166667,0.10185101
2001-12-30T06:30:00,1,12,30,6,30,0.13050000,18.25000000,22.81750000,0.13181015
2001-12-30T06:40:00,1,12,30,6,40,0.16066667,18.30000000,23.92333333,0.16146240
2001-12-30T06:50:00,1,12,30,6,50,0.19083333,18.35000000,25.02916667,0.19080773
2001-12-30T07:00:00,1,12,30,7,0,0.22100000,18.40000000,26.13500000,0.21984616
2001-12-30T07:10:00,1,12,30,7,10,0.23983333,18.70000000,27.09416667,0.23752298
2001-12-30T07:20:00,1,12,30,7,20,0.25866667,19.00000000,28.05333333,0.25503361
2001-12-30T07:30:00,1,12,30,7,30,0.27750000,19.30000000,29.01250000,0.27237804
2001-12-30T07:40:00,1,12,30,7,40,0.29633333,19.60000000,29.97166667,0.28955629
2001-12-30T07:50:00,1,12,30,7,50,0.31516667,19.90000000,30.93083333,0.30656834
2001-12-30T08:00:00,1,12,30,8,0,0.33400000,20.20000000,31.89000000,0.32341420
2001-12-30T08:10:00,1,12,30,8,10,0.35516667,20.35000000,32.78083333,0.34245460
2001-12-30T08:20:00,1,12,30,8,20,0.37633333,20.50000000,33.67166667,0.36132152
2001-12-30T08:30:00,1,12,30,8,30,0.39750000,20.65000000,34.56250000,0.38001497
2001-12-30T08:40:00,1,12,30,8,40,0.41866667,20.80000000,35.45333333,0.39853494
2001-12-30T08:50:00,1,12,30,8,50,0.43983333,20.95000000,36.34416667,0.41688144
2001-12-30T09:00:00,1,12,30,9,0,0.46100000,21.10000000,37.23500000,0.43505446
2001-12-30T09:10:00,1,12,30,9,10,0.42033333,21.13333333,35.84500000,0.39936416
2001-12-30T09:20:00,1,12,30,9,20,0.37966667,21.16666667,34.45500000,0.36315382
2001-12-30T09:30:00,1,12,30,9,30,0.33900000,21.20000000,33.06500000,0.32642344
2001-12-30T09:40:00,1,12,30,9,40,0.29833333,21.23333333,31.67500000,0.28917301
2001-12-30T09:50:00,1,12,30,9,50,0.25766667,21.26666667,30.28500000,0.25140253
2001-12-30T10:00:00,1,12,30,10,0,0.21700000,21.30000000,28.89500000,0.21311201
2001-12-30T10:10:00,1,12,30,10,10,0.29450000,21.21666667,31.52416667,0.28566171
2001-12-30T10:20:00,1,12,30,10,20,0.37200000,21.13333333,34.15333333,0.35633682
2001-12-30T10:30:00,1,12,30,10,30,0.44950000,21.05000000,36.78250000,0.42513732
2001-12-30T10:40:00,1,12,30,10,40,0.52700000,20.96666667,39.41166667,0.49206324
2001-12-30T10:50:00,1,12,30,10,50,0.60450000,20.88333333,42.04083333,0.55711455
2001-12-30T11:00:00,1,12,30,11,0,0.68200000,20.80000000,44.67000000,0.62029128
2001-12-30T11:10:00,1,12,30,11,10,0.67350000,21.08333333,44.65583333,0.61260426
2001-12-30T11:20:00,1,12,30,11,20,0.66500000,21.36666667,44.64166667,0.60491614
2001-12-30T11:30:00,1,12,30,11,30,0.65650000,21.65000000,44.62750000,0.59722691
2001-12-30T11:40:00,1,12,30,11,40,0.64800000,21.93333333,44.61333333,0.58953658
2001-12-30T11:50:00,1,12,30,11,50,0.63950000,22.21666667,44.59916667,0.58184513
2001-12-30T12:00:00,1,12,30,12,0,0.63100000,22.50000000,44.58500000,0.57415258
2001-12-30T12:10:00,1,12,30,12,10,0.63166667,22.51666667,44.62500000,0.57464296
2001-12-30T12:20:00,1,12,30,12,20,0.63233333,22.53333333,44.66500000,0.57513309
2001-12-30T12:30:00,1,12,30,12,30,0.63300000,22.55000000,44.70500000,0.57562298
2001-12-30T12:40:00,1,12,30,12,40,0.63366667,22.56666667,44.74500000,0.57611262
2001-12-30T12:50:00,1,12,30,12,50,0.63433333,22.58333333,44.78500000,0.57660202
2001-12-30T13:00:00,1,12,30,13,0,0.63500000,22.60000000,44.82500000,0.57709117
2001-12-30T13:10:00,1,12,30,13,10,0.60683333,22.66666667,43.90583333,0.55405896
2001-12-30T13:20:00,1,12,30,13,20,0.57866667,22.73333333,42.98666667,0.53078856
2001-12-30T13:30:00,1,12,30,13,30,0.55050000,22.80000000,42.06750000,0.50727997
2001-12-30T13:40:00,1,12,30,13,40,0.52233333,22.86666667,41.14833333,0.48353319
2001-12-30T13:50:00,1,12,30,13,50,0.49416667,22.93333333,40.22916667,0.45954823
2001-12-30T14:00:00,1,12,30,14,0,0.46600000,23.00000000,39.31000000,0.43532508
2001-12-30T14:10:00,1,12,30,14,10,0.44900000,22.83333333,38.54833333,0.42101727
2001-12-30T14:20:00,1,12,30,14,20,0.43200000,22.66666667,37.78666667,0.40659034
2001-12-30T14:30:00,1,12,30,14,30,0.41500000,22.50000000,37.02500000,0.39204428
2001-12-30T14:40:00,1,12,30,14,40,0.39800000,22.33333333,36.26333333,0.37737909
2001-12-30T14:50:00,1,12,30,14,50,0.38100000,22.16666667,35.50166667,0.36259478
2001-12-30T15:00:00,1,12,30,15,0,0.36400000,22.00000000,34.74000000,0.34769134
2001-12-30T15:10:00,1,12,30,15,10,0.35766667,21.96666667,34.48500000,0.34206131
2001-12-30T15:20:00,1,12,30,15,20,0.35133333,21.93333333,34.23000000,0.33641642
2001-12-30T15:30:00,1,12,30,15,30,0.34500000,21.90000000,33.97500000,0.33075667
2001-12-30T15:40:00,1,12,30,15,40,0.33866667,21.86666667,33.72000000,0.32508207
2001-12-30T15:50:00,1,12,30,15,50,0.33233333,21.83333333,33.46500000,0.31939261
2001-12-30T16:00:00,1,12,30,16,0,0.32600000,21.80000000,33.21000000,0.31368828
2001-12-30T16:10:00,1,12,30,16,10,0.29133333,21.70000000,31.89666667,0.28209088
2001-12-30T16:20:00,1,12,30,16,20,0.25666667,21.60000000,30.58333333,0.25007461
2001-12-30T16:30:00,1,12,30,16,30,0.22200000,21.50000000,29.27000000,0.21763948
2001-12-30T16:40:00,1,12,30,16,40,0.18733333,21.40000000,27.95666667,0.18478548
2001-12-30T16:50:00,1,12,30,16,50,0.15266667,21.30000000,26.64333333,0.15151261
2001-12-30T17:00:00,1,12,30,17,0,0.11800000,21.20000000,25.33000000,0.11782088
2001-12-30T17:10:00,1,12,30,17,10,0.10200000,21.00000000,24.57000000,0.10220176
2001-12-30T17:20:00,1,12,30,17,20,0.08600000,20.80000000,23.81000000,0.08647076
2001-12-30T17:30:00,1,12,30,17,30,0.07000000,20.60000000,23.05000000,0.07062790
2001-12-30T17:40:00,1,12,30,17,40,0.05400000,20.40000000,22.29000000,0.05467316
2001-12-30T17:50:00,1,12,30,17,50,0.03800000,20.20000000,21.53000000,0.03860656
2001-12-30T18:00:00,1,12,30,18,0,0.02200000,20.00000000,20.77000000,0.02242808
2001-12-30T18:10:00,1,12,30,18,10,0.01833333,19.96666667,20.60833333,0.01870370
2001-12-30T18:20:00,1,12,30,18,20,0.01466667,19.93333333,20.44666667,0.01497386
2001-12-30T18:30:00,1,12,30,18,30,0.01100000,19.90000000,20.28500000,0.01123858
2001-12-30T18:40:00,1,12,30,18,40,0.00733333,19.86666667,20.12333333,0.00749784
2001-12-30T18:50:00,1,12,30,18,50,0.00366667,19.83333333,19.96166667,0.00375165
2001-12-30T19:00:00,1,12,30,19,0,0.00000000,19.80000000,19.80000000,0.00000000
2001-12-30T19:10:00,1,12,30,19,10,0.00000000,19.65000000,19.65000000,0.00000000
2001-12-30T19:20:00,1,12,30,19,20,0.00000000,19.50000000,19.50000000,0.00000000
2001-12-30T19:30:00,1,12,30,19,30,0.00000000,19.35000000,19.35000000,0.00000000
2001-12-30T19:40:00,1,12,30,19,40,0.00000000,19.20000000,19.20000000,0.00000000
2001-12-30T19:50:00,1,12,30,19,50,0.00000000,19.05000000,19.05000000,0.00000000
2001-12-30T20:00:00,1,12,30,20,0,0.00000000,18.90000000,18.90000000,0.00000000
2001-12-30T20:10:00,1,12,30,20,10,0.00000000,18.86666667,18.86666667,0.00000000
2001-12-30T20:20:00,1,12,30,20,20,0.00000000,18.83333333,18.83333333,0.00000000
2001-12-30T20:30:00,1,12,30,20,30,0.00000000,18.80000000,18.80000000,0.00000000
2001-12-30T20:40:00,1,12,30,20,40,0.00000000,18.76666667,18.76666667,0.00000000
2001-12-30T20:50:00,1,12,30,20,50,0.00000000,18.73333333,18.73333333,0.00000000
2001-12-30T21:00:00,1,12,30,21,0,0.00000000,18.70000000,18.70000000,0.00000000
2001-12-30T21:10:00,1,12,30,21,10,0.00000000,18.75000000,18.75000000,0.00000000
2001-12-30T21:20:00,1,12,30,21,20,0.00000000,18.80000000,18.80000000,0.00000000
2001-12-30T21:30:00,1,12,30,21,30,0.00000000,18.85000000,18.85000000,0.00000000
2001-12-30T21:40:00,1,12,30,21,40,0.00000000,18.90000000,18.90000000,0.00000000
2001-12-30T21:50:00,1,12,30,21,50,0.00000000,18.95000000,18.95000000,0.00000000
2001-12-30T22:00:00,1,12,30,22,0,0.00000000,19.00000000,19.00000000,0.00000000
2001-12-30T22:10:00,1,12,30,22,10,0.00000000,18.91666667,18.91666667,0.00000000
2001-12-30T22:20:00,1,12,30,22,20,0.00000000,18.83333333,18.83333333,0.00000000
2001-12-30T22:30:00,1,12,30,22,30,0.00000000,18.75000000,18.75000000,0.00000000
2001-12-30T22:40:00,1,12,30,22,40,0.00000000,18.66666667,18.66666667,0.00000000
2001-12-30T22:50:00,1,12,30,22,50,0.00000000,18.58333333,18.58333333,0.00000000
2001-12-30T23:00:00,1,12,30,23,0,0.00000000,18.50000000,18.50000000,0.00000000
2001-12-30T23:10:00,1,12,30,23,10,0.00000000,18.70000000,18.70000000,0.00000000
2001-12-30T23:20:00,1,12,30,23,20,0.00000000,18.90000000,18.90000000,0.00000000
2001-12-30T23:30:00,1,12,30,23,30,0.00000000,19.10000000,19.10000000,0.00000000
2001-12-30T23:40:00,1,12,30,23,40,0.00000000,19.30000000,19.30000000,0.00000000
2001-12-30T23:50:00,1,12,30,23,50,0.00000000,19.50000000,19.50000000,0.00000000
2001-12-31T00:00:00,1,12,31,0,0,0.00000000,19.70000000,19.70000000,0.00000000
2001-12-31T00:10:00,1,12,31,0,10,0.00000000,19.73333333,19.73333333,0.00000000
2001-12-31T00:20:00,1,12,31,0,20,0.00000000,19.76666667,19.76666667,0.00000000
2001-12-31T00:30:00,1,12,31,0,30,0.00000000,19.80000000,19.80000000,0.00000000
2001-12-31T00:40:00,1,12,31,0,40,0.00000000,19.83333333,19.83333333,0.00000000
2001-12-31T00:50:00,1,12,31,0,50,0.00000000,19.86666667,19.86666667,0.00000000
2001-12-31T01:00:00,1,12,31,1,0,0.00000000,19.90000000,19.90000000,0.00000000
2001-12-31T01:10:00,1,12,31,1,10,0.00000000,19.88333333,19.88333333,0.00000000
2001-12-31T01:20:00,1,12,31,1,20,0.00000000,19.86666667,19.86666667,0.00000000
2001-12-31T01:30:00,1,12,31,1,30,0.00000000,19.85000000,19.85000000,0.00000000
2001-12-31T01:40:00,1,12,31,1,40,0.00000000,19.83333333,19.83333333,0.00000000
2001-12-31T01:50:00,1,12,31,1,50,0.00000000,19.81666667,19.81666667,0.00000000
2001-12-31T02:00:00,1,12,31,2,0,0.00000000,19.80000000,19.80000000,0.00000000
2001-12-31T02:10:00,1,12,31,2,10,0.00000000,19.86666667,19.86666667,0.00000000
2001-12-31T02:20:00,1,12,31,2,20,0.00000000,19.93333333,19.93333333,0.00000000
2001-12-31T02:30:00,1,12,31,2,30,0.00000000,20.00000000,20.00000000,0.00000000
2001-12-31T02:40:00,1,12,31,2,40,0.00000000,20.06666667,20.06666667,0.00000000
2001-12-31T02:50:00,1,12,31,2,50,0.00000000,20.13333333,20.13333333,0.00000000
2001-12-31T03:00:00,1,12,31,3,0,0.00000000,20.20000000,20.20000000,0.00000000
2001-12-31T03:10:00,1,12,31,3,10,0.00000000,20.13333333,20.13333333,0.00000000
2001-12-31T03:20:00,1,12,31,3,20,0.00000000,20.06666667,20.06666667,0.00000000
2001-12-31T03:30:00,1,12,31,3,30,0.00000000,20.00000000,20.00000000,0.00000000
2001-12-31T03:40:00,1,12,31,3,40,0.00000000,19.93333333,19.93333333,0.00000000
2001-12-31T03:50:00,1,12,31,3,50,0.00000000,19.86666667,19.86666667,0.00000000
2001-12-31T04:00:00,1,12,31,4,0,0.00000000,19.80000000,19.80000000,0.00000000
2001-12-31T04:10:00,1,12,31,4,10,0.00233333,19.78333333,19.86500000,0.00238845
2001-12-31T04:20:00,1,12,31,4,20,0.00466667,19.76666667,19.93000000,0.00477550
2001-12-31T04:30:00,1,12,31,4,30,0.00700000,19.75000000,19.99500000,0.00716116
2001-12-31T04:40:00,1,12,31,4,40,0.00933333,19.73333333,20.06000000,0.00954542
2001-12-31T04:50:00,1,12,31,4,50,0.01166667,19.71666667,20.12500000,0.01192829
2001-12-31T05:00:00,1,12,31,5,0,0.01400000,19.70000000,20.19000000,0.01430976
2001-12-31T05:10:00,1,12,31,5,10,0.01783333,19.71666667,20.34083333,0.01821554
2001-12-31T05:20:00,1,12,31,5,20,0.02166667,19.73333333,20.49166667,0.02211600
2001-12-31T05:30:00,1,12,31,5,30,0.02550000,19.75000000,20.64250000,0.02601113
2001-12-31T05:40:00,1,12,31,5,40,0.02933333,19.76666667,20.79333333,0.02990095
2001-12-31T05:50:00,1,12,31,5,50,0.03316667,19.78333333,20.94416667,0.03378545
2001-12-31T06:00:00,1,12,31,6,0,0.03700000,19.80000000,21.09500000,0.03766463
2001-12-31T06:10:00,1,12,31,6,10,0.04300000,19.85000000,21.35500000,0.04372098
2001-12-31T06:20:00,1,12,31,6,20,0.04900000,19.90000000,21.61500000,0.04976298
2001-12-31T06:30:00,1,12,31,6,30,0.05500000,19.95000000,21.87500000,0.05579062
2001-12-31T06:40:00,1,12,31,6,40,0.06100000,20.00000000,22.13500000,0.06180392
2001-12-31T06:50:00,1,12,31,6,50,0.06700000,20.05000000,22.39500000,0.06780286
2001-12-31T07:00:00,1,12,31,7,0,0.07300000,20.10000000,22.65500000,0.07378745
2001-12-31T07:10:00,1,12,31,7,10,0.12100000,20.21666667,24.45166667,0.12130520
2001-12-31T07:20:00,1,12,31,7,20,0.16900000,20.33333333,26.24833333,0.16802955
2001-12-31T07:30:00,1,12,31,7,30,0.21700000,20.45000000,28.04500000,0.21396048
2001-12-31T07:40:00,1,12,31,7,40,0.26500000,20.56666667,29.84166667,0.25909801
2001-12-31T07:50:00,1,12,31,7,50,0.31300000,20.68333333,31.63833333,0.30344213
2001-12-31T08:00:00,1,12,31,8,0,0.36100000,20.80000000,33.43500000,0.34699284
2001-12-31T08:10:00,1,12,31,8,10,0.31466667,20.95000000,31.96333333,0.30458747
2001-12-31T08:20:00,1,12,31,8,20,0.26833333,21.10000000,30.49166667,0.26155479
2001-12-31T08:30:00,1,12,31,8,30,0.22200000,21.25000000,29.02000000,0.21789478
2001-12-31T08:40:00,1,12,31,8,40,0.17566667,21.40000000,27.54833333,0.17360744
2001-12-31T08:50:00,1,12,31,8,50,0.12933333,21.55000000,26.07666667,0.12869279
2001-12-31T09:00:00,1,12,31,9,0,0.08300000,21.70000000,24.60500000,0.08315081
2001-12-31T09:10:00,1,12,31,9,10,0.08600000,21.65000000,24.66000000,0.08613450
2001-12-31T09:20:00,1,12,31,9,20,0.08900000,21.60000000,24.71500000,0.08911668
2001-12-31T09:30:00,1,12,31,9,30,0.09200000,21.55000000,24.77000000,0.09209734
2001-12-31T09:40:00,1,12,31,9,40,0.09500000,21.50000000,24.82500000,0.09507647
2001-12-31T09:50:00,1,12,31,9,50,0.09800000,21.45000000,24.88000000,0.09805410
2001-12-31T10:00:00,1,12,31,10,0,0.10100000,21.40000000,24.93500000,0.10103020
2001-12-31T10:10:00,1,12,31,10,10,0.18700000,21.48333333,28.02833333,0.18439503
2001-12-31T10:20:00,1,12,31,10,20,0.27300000,21.56666667,31.12166667,0.26531241
2001-12-31T10:30:00,1,12,31,10,30,0.35900000,21.65000000,34.21500000,0.34378235
2001-12-31T10:40:00,1,12,31,10,40,0.44500000,21.73333333,37.30833333,0.41980484
2001-12-31T10:50:00,1,12,31,10,50,0.53100000,21.81666667,40.40166667,0.49337989
2001-12-31T11:00:00,1,12,31,11,0,0.61700000,21.90000000,43.49500000,0.56450749
2001-12-31T11:10:00,1,12,31,11,10,0.55550000,22.08333333,41.52583333,0.51327154
2001-12-31T11:20:00,1,12,31,11,20,0.49400000,22.26666667,39.55666667,0.46092143
2001-12-31T11:30:00,1,12,31,11,30,0.43250000,22.45000000,37.58750000,0.40745717
2001-12-31T11:40:00,1,12,31,11,40,0.37100000,22.63333333,35.61833333,0.35287875
2001-12-31T11:50:00,1,12,31,11,50,0.30950000,22.81666667,33.64916667,0.29718618
2001-12-31T12:00:00,1,12,31,12,0,0.24800000,23.00000000,31.68000000,0.24037946
2001-12-31T12:10:00,1,12,31,12,10,0.30933333,22.75000000,33.57666667,0.29712931
2001-12-31T12:20:00,1,12,31,12,20,0.37066667,22.50000000,35.47333333,0.35280894
2001-12-31T12:30:00,1,12,31,12,30,0.43200000,22.25000000,37.37000000,0.40741834
2001-12-31T12:40:00,1,12,31,12,40,0.49333333,22.00000000,39.26666667,0.46095751
2001-12-31T12:50:00,1,12,31,12,50,0.55466667,21.75000000,41.16333333,0.51342646
2001-12-31T13:00:00,1,12,31,13,0,0.61600000,21.50000000,43.06000000,0.56482518
2001-12-31T13:10:00,1,12,31,13,10,0.60766667,21.73333333,43.00166667,0.55734721
2001-12-31T13:20:00,1,12,31,13,20,0.59933333,21.96666667,42.94333333,0.54986476
2001-12-31T13:30:00,1,12,31,13,30,0.59100000,22.20000000,42.88500000,0.54237784
2001-12-31T13:40:00,1,12,31,13,40,0.58266667,22.43333333,42.82666667,0.53488645
2001-12-31T13:50:00,1,12,31,13,50,0.57433333,22.66666667,42.76833333,0.52739058
2001-12-31T14:00:00,1,12,31,14,0,0.56600000,22.90000000,42.71000000,0.51989024
2001-12-31T14:10:00,1,12,31,14,10,0.50116667,22.88333333,40.42416667,0.46560831
2001-12-31T14:20:00,1,12,31,14,20,0.43633333,22.86666667,38.13833333,0.40996295
2001-12-31T14:30:00,1,12,31,14,30,0.37150000,22.85000000,35.85250000,0.35295416
2001-12-31T14:40:00,1,12,31,14,40,0.30666667,22.83333333,33.56666667,0.29458196
2001-12-31T14:50:00,1,12,31,14,50,0.24183333,22.81666667,31.28083333,0.23484632
2001-12-31T15:00:00,1,12,31,15,0,0.17700000,22.80000000,28.99500000,0.17374727
2001-12-31T15:10:00,1,12,31,15,10,0.18666667,22.58333333,29.11666667,0.18313182
2001-12-31T15:20:00,1,12,31,15,20,0.19633333,22.36666667,29.23833333,0.19250555
2001-12-31T15:30:00,1,12,31,15,30,0.20600000,22.15000000,29.36000000,0.20186846
2001-12-31T15:40:00,1,12,31,15,40,0.21566667,21.93333333,29.48166667,0.21122055
2001-12-31T15:50:00,1,12,31,15,50,0.22533333,21.71666667,29.60333333,0.22056182
2001-12-31T16:00:00,1,12,31,16,0,0.23500000,21.50000000,29.72500000,0.22989227
2001-12-31T16:10:00,1,12,31,16,10,0.20950000,21.51666667,28.84916667,0.20579056
2001-12-31T16:20:00,1,12,31,16,20,0.18400000,21.53333333,27.97333333,0.18148337
2001-12-31T16:30:00,1,12,31,16,30,0.15850000,21.55000000,27.09750000,0.15697071
2001-12-31T16:40:00,1,12,31,16,40,0.13300000,21.56666667,26.22166667,0.13225258
2001-12-31T16:50:00,1,12,31,16,50,0.10750000,21.58333333,25.34583333,0.10732899
2001-12-31T17:00:00,1,12,31,17,0,0.08200000,21.60000000,24.47000000,0.08219992
2001-12-31T17:10:00,1,12,31,17,10,0.07100000,21.66666667,24.15166667,0.07127707
2001-12-31T17:20:00,1,12,31,17,20,0.06000000,21.73333333,23.83333333,0.06032200
2001-12-31T17:30:00,1,12,31,17,30,0.04900000,21.80000000,23.51500000,0.04933472
2001-12-31T17:40:00,1,12,31,17,40,0.03800000,21.86666667,23.19666667,0.03831522
2001-12-31T17:50:00,1,12,31,17,50,0.02700000,21.93333333,22.87833333,0.02726351
2001-12-31T18:00:00,1,12,31,18,0,0.01600000,22.00000000,22.56000000,0.01617958
2001-12-31T18:10:00,1,12,31,18,10,0.01333333,21.78333333,22.25000000,0.01350200
2001-12-31T18:20:00,1,12,31,18,20,0.01066667,21.56666667,21.94000000,0.01081681
2001-12-31T18:30:00,1,12,31,18,30,0.00800000,21.35000000,21.63000000,0.00812402
2001-12-31T18:40:00,1,12,31,18,40,0.00533333,21.13333333,21.32000000,0.00542362
2001-12-31T18:50:00,1,12,31,18,50,0.00266667,20.91666667,21.01000000,0.00271561
2001-12-31T19:00:00,1,12,31,19,0,0.00000000,20.70000000,20.70000000,0.00000000
2001-12-31T19:10:00,1,12,31,19,10,0.00000000,20.66666667,20.66666667,0.00000000
2001-12-31T19:20:00,1,12,31,19,20,0.00000000,20.63333333,20.63333333,0.00000000
2001-12-31T19:30:00,1,12,31,19,30,0.00000000,20.60000000,20.60000000,0.00000000
2001-12-31T19:40:00,1,12,31,19,40,0.00000000,20.56666667,20.56666667,0.00000000
2001-12-31T19:50:00,1,12,31,19,50,0.00000000,20.53333333,20.53333333,0.00000000
2001-12-31T20:00:00,1,12,31,20,0,0.00000000,20.50000000,20.50000000,0.00000000
2001-12-31T20:10:00,1,12,31,20,10,0.00000000,20.61666667,20.61666667,0.00000000
2001-12-31T20:20:00,1,12,31,20,20,0.00000000,20.73333333,20.73333333,0.00000000
2001-12-31T20:30:00,1,12,31,20,30,0.00000000,20.85000000,20.85000000,0.00000000
2001-12-31T20:40:00,1,12,31,20,40,0.00000000,20.96666667,20.96666667,0.00000000
2001-12-31T20:50:00,1,12,31,20,50,0.00000000,21.08333333,21.08333333,0.00000000
2001-12-31T21:00:00,1,12,31,21,0,0.00000000,21.20000000,21.20000000,0.00000000
2001-12-31T21:10:00,1,12,31,21,10,0.00000000,21.13333333,21.13333333,0.00000000
2001-12-31T21:20:00,1,12,31,21,20,0.00000000,21.06666667,21.06666667,0.00000000
2001-12-31T21:30:00,1,12,31,21,30,0.00000000,21.00000000,21.00000000,0.00000000
2001-12-31T21:40:00,1,12,31,21,40,0.00000000,20.93333333,20.93333333,0.00000000
2001-12-31T21:50:00,1,12,31,21,50,0.00000000,20.86666667,20.86666667,0.00000000
2001-12-31T22:00:00,1,12,31,22,0,0.00000000,20.80000000,20.80000000,0.00000000
2001-12-31T22:10:00,1,12,31,22,10,0.00000000,20.71666667,20.71666667,0.00000000
2001-12-31T22:20:00,1,12,31,22,20,0.00000000,20.63333333,20.63333333,0.00000000
2001-12-31T22:30:00,1,12,31,22,30,0.00000000,20.55000000,20.55000000,0.00000000
2001-12-31T22:40:00,1,12,31,22,40,0.00000000,20.46666667,20.46666667,0.00000000
2001-12-31T22:50:00,1,12,31,22,50,0.00000000,20.38333333,20.38333333,0.00000000
2001-12-31T23:00:00,1,12,31,23,0,0.00000000,20.30000000,20.30000000,0.00000000
2001-12-31T23:10:00,1,12,31,23,10,0.00000000,20.30000000,20.30000000,0.00000000
2001-12-31T23:20:00,1,12,31,23,20,0.00000000,20.30000000,20.30000000,0.00000000
2001-12-31T23:30:00,1,12,31,23,30,0.00000000,20.30000000,20.30000000,0.00000000
2001-12-31T23:40:00,1,12,31,23,40,0.00000000,20.30000000,20.30000000,0.00000000
2001-12-31T23:50:00,1,12,31,23,50,0.00000000,20.30000000,20.30000000,0.00000000
