timestamp,source_year_index,month,day,hour,minute,irradiance_pu,ambient_temperature_c,panel_temperature_c,generation_pu
2001-05-01T00:00:00,1,5,1,0,0,0.00000000,15.00000000,15.00000000,0.00000000
2001-05-01T00:10:00,1,5,1,0,10,0.00000000,14.90000000,14.90000000,0.00000000
2001-05-01T00:20:00,1,5,1,0,20,0.00000000,14.80000000,14.80000000,0.00000000
2001-05-01T00:30:00,1,5,1,0,30,0.00000000,14.70000000,14.70000000,0.00000000
2001-05-01T00:40:00,1,5,1,0,40,0.00000000,14.60000000,14.60000000,0.00000000
2001-05-01T00:50:00,1,5,1,0,50,0.00000000,14.50000000,14.50000000,0.00000000
2001-05-01T01:00:00,1,5,1,1,0,0.00000000,14.40000000,14.40000000,0.00000000
2001-05-01T01:10:00,1,5,1,1,10,0.00000000,14.41666667,14.41666667,0.00000000
2001-05-01T01:20:00,1,5,1,1,20,0.00000000,14.43333333,14.43333333,0.00000000
2001-05-01T01:30:00,1,5,1,1,30,0.00000000,14.45000000,14.45000000,0.00000000
2001-05-01T01:40:00,1,5,1,1,40,0.00000000,14.46666667,14.46666667,0.00000000
2001-05-01T01:50:00,1,5,1,1,50,0.00000000,14.48333333,14.48333333,0.00000000
2001-05-01T02:00:00,1,5,1,2,0,0.00000000,14.50000000,14.50000000,0.00000000
2001-05-01T02:10:00,1,5,1,2,10,0.00000000,14.45000000,14.45000000,0.00000000
2001-05-01T02:20:00,1,5,1,2,20,0.00000000,14.40000000,14.40000000,0.00000000
2001-05-01T02:30:00,1,5,1,2,30,0.00000000,14.35000000,14.35000000,0.00000000
2001-05-01T02:40:00,1,5,1,2,40,0.00000000,14.30000000,14.30000000,0.00000000
2001-05-01T02:50:00,1,5,1,2,50,0.00000000,14.25000000,14.25000000,0.00000000
2001-05-01T03:00:00,1,5,1,3,0,0.00000000,14.20000000,14.20000000,0.00000000
2001-05-01T03:10:00,1,5,1,3,10,0.00000000,14.13333333,14.13333333,0.00000000
2001-05-01T03:20:00,1,5,1,3,20,0.00000000,14.06666667,14.06666667,0.00000000
2001-05-01T03:30:00,1,5,1,3,30,0.00000000,14.00000000,14.00000000,0.00000000
2001-05-01T03:40:00,1,5,1,3,40,0.00000000,13.93333333,13.93333333,0.00000000
2001-05-01T03:50:00,1,5,1,3,50,0.00000000,13.86666667,13.86666667,0.00000000
2001-05-01T04:00:00,1,5,1,4,0,0.00000000,13.80000000,13.80000000,0.00000000
2001-05-01T04:10:00,1,5,1,4,10,0.00000000,13.88333333,13.88333333,0.00000000
2001-05-01T04:20:00,1,5,1,4,20,0.00000000,13.96666667,13.96666667,0.00000000
2001-05-01T04:30:00,1,5,1,4,30,0.00000000,14.05000000,14.05000000,0.00000000
2001-05-01T04:40:00,1,5,1,4,40,0.00000000,14.13333333,14.13333333,0.00000000
2001-05-01T04:50:00,1,5,1,4,50,0.00000000,14.21666667,14.21666667,0.00000000
2001-05-01T05:00:00,1,5,1,5,0,0.00000000,14.30000000,14.30000000,0.00000000
2001-05-01T05:10:00,1,5,1,5,10,0.00216667,14.31666667,14.39250000,0.00227239
2001-05-01T05:20:00,1,5,1,5,20,0.00433333,14.33333333,14.48500000,0.00454293
2001-05-01T05:30:00,1,5,1,5,30,0.00650000,14.35000000,14.57750000,0.00681163
2001-05-01T05:40:00,1,5,1,5,40,0.00866667,14.36666667,14.67000000,0.00907849
2001-05-01T05:50:00,1,5,1,5,50,0.01083333,14.38333333,14.76250000,0.01134350
2001-05-01T06:00:00,1,5,1,6,0,0.01300000,14.40000000,14.85500000,0.01360667
2001-05-01T06:10:00,1,5,1,6,10,0.03183333,14.55000000,15.66416667,0.03320041
2001-05-01T06:20:00,1,5,1,6,20,0.05066667,14.70000000,16.47333333,0.05265395
2001-05-01T06:30:00,1,5,1,6,30,0.06950000,14.85000000,17.28250000,0.07196728
2001-05-01T06:40:00,1,5,1,6,40,0.08833333,15.00000000,18.09166667,0.09114042
2001-05-01T06:50:00,1,5,1,6,50,0.10716667,15.15000000,18.90083333,0.11017335
2001-05-01T07:00:00,1,5,1,7,0,0.12600000,15.30000000,19.71000000,0.12906608
2001-05-01T07:10:00,1,5,1,7,10,0.12916667,15.55000000,20.07083333,0.13209541
2001-05-01T07:20:00,1,5,1,7,20,0.13233333,15.80000000,20.43166667,0.13511423
2001-05-01T07:30:00,1,5,1,7,30,0.13550000,16.05000000,20.79250000,0.13812253
2001-05-01T07:40:00,1,5,1,7,40,0.13866667,16.30000000,21.15333333,0.14112033
2001-05-01T07:50:00,1,5,1,7,50,0.14183333,16.55000000,21.51416667,0.14410761
2001-05-01T08:00:00,1,5,1,8,0,0.14500000,16.80000000,21.87500000,0.14708437
2001-05-01T08:10:00,1,5,1,8,10,0.20516667,16.80000000,23.98083333,0.20612852
2001-05-01T08:20:00,1,5,1,8,20,0.26533333,16.80000000,26.08666667,0.26400702
2001-05-01T08:30:00,1,5,1,8,30,0.32550000,16.80000000,28.19250000,0.32071987
2001-05-01T08:40:00,1,5,1,8,40,0.38566667,16.80000000,30.29833333,0.37626707
2001-05-01T08:50:00,1,5,1,8,50,0.44583333,16.80000000,32.40416667,0.43064862
2001-05-01T09:00:00,1,5,1,9,0,0.50600000,16.80000000,34.51000000,0.48386452
2001-05-01T09:10:00,1,5,1,9,10,0.52066667,17.50000000,35.72333333,0.49498357
2001-05-01T09:20:00,1,5,1,9,20,0.53533333,18.20000000,36.93666667,0.50593889
2001-05-01T09:30:00,1,5,1,9,30,0.55000000,18.90000000,38.15000000,0.51673050
2001-05-01T09:40:00,1,5,1,9,40,0.56466667,19.60000000,39.36333333,0.52735839
2001-05-01T09:50:00,1,5,1,9,50,0.57933333,20.30000000,40.57666667,0.53782256
2001-05-01T10:00:00,1,5,1,10,0,0.59400000,21.00000000,41.79000000,0.54812300
2001-05-01T10:10:00,1,5,1,10,10,0.59200000,21.15000000,41.87000000,0.54605962
2001-05-01T10:20:00,1,5,1,10,20,0.59000000,21.30000000,41.95000000,0.54399770
2001-05-01T10:30:00,1,5,1,10,30,0.58800000,21.45000000,42.03000000,0.54193726
2001-05-01T10:40:00,1,5,1,10,40,0.58600000,21.60000000,42.11000000,0.53987828
2001-05-01T10:50:00,1,5,1,10,50,0.58400000,21.75000000,42.19000000,0.53782078
2001-05-01T11:00:00,1,5,1,11,0,0.58200000,21.90000000,42.27000000,0.53576476
2001-05-01T11:10:00,1,5,1,11,10,0.54416667,21.95000000,40.99583333,0.50412643
2001-05-01T11:20:00,1,5,1,11,20,0.50633333,22.00000000,39.72166667,0.47204461
2001-05-01T11:30:00,1,5,1,11,30,0.46850000,22.05000000,38.44750000,0.43951929
2001-05-01T11:40:00,1,5,1,11,40,0.43066667,22.10000000,37.17333333,0.40655048
2001-05-01T11:50:00,1,5,1,11,50,0.39283333,22.15000000,35.89916667,0.37313818
2001-05-01T12:00:00,1,5,1,12,0,0.35500000,22.20000000,34.62500000,0.33928238
2001-05-01T12:10:00,1,5,1,12,10,0.36833333,21.90000000,34.79166667,0.35174299
2001-05-01T12:20:00,1,5,1,12,20,0.38166667,21.60000000,34.95833333,0.36418315
2001-05-01T12:30:00,1,5,1,12,30,0.39500000,21.30000000,35.12500000,0.37660288
2001-05-01T12:40:00,1,5,1,12,40,0.40833333,21.00000000,35.29166667,0.38900215
2001-05-01T12:50:00,1,5,1,12,50,0.42166667,20.70000000,35.45833333,0.40138099
2001-05-01T13:00:00,1,5,1,13,0,0.43500000,20.40000000,35.62500000,0.41373938
2001-05-01T13:10:00,1,5,1,13,10,0.41416667,20.56666667,35.06250000,0.39499593
2001-05-01T13:20:00,1,5,1,13,20,0.39333333,20.73333333,34.50000000,0.37614467
2001-05-01T13:30:00,1,5,1,13,30,0.37250000,20.90000000,33.93750000,0.35718559
2001-05-01T13:40:00,1,5,1,13,40,0.35166667,21.06666667,33.37500000,0.33811871
2001-05-01T13:50:00,1,5,1,13,50,0.33083333,21.23333333,32.81250000,0.31894401
2001-05-01T14:00:00,1,5,1,14,0,0.31000000,21.40000000,32.25000000,0.29966150
2001-05-01T14:10:00,1,5,1,14,10,0.28383333,21.18333333,31.11750000,0.27584612
2001-05-01T14:20:00,1,5,1,14,20,0.25766667,20.96666667,29.98500000,0.25175811
2001-05-01T14:30:00,1,5,1,14,30,0.23150000,20.75000000,28.85250000,0.22739747
2001-05-01T14:40:00,1,5,1,14,40,0.20533333,20.53333333,27.72000000,0.20276420
2001-05-01T14:50:00,1,5,1,14,50,0.17916667,20.31666667,26.58750000,0.17785830
2001-05-01T15:00:00,1,5,1,15,0,0.15300000,20.10000000,25.45500000,0.15267977
2001-05-01T15:10:00,1,5,1,15,10,0.15700000,19.86666667,25.36166667,0.15673880
2001-05-01T15:20:00,1,5,1,15,20,0.16100000,19.63333333,25.26833333,0.16080127
2001-05-01T15:30:00,1,5,1,15,30,0.16500000,19.40000000,25.17500000,0.16486717
2001-05-01T15:40:00,1,5,1,15,40,0.16900000,19.16666667,25.08166667,0.16893651
2001-05-01T15:50:00,1,5,1,15,50,0.17300000,18.93333333,24.98833333,0.17300928
2001-05-01T16:00:00,1,5,1,16,0,0.17700000,18.70000000,24.89500000,0.17708549
2001-05-01T16:10:00,1,5,1,16,10,0.15033333,18.63333333,23.89500000,0.15109748
2001-05-01T16:20:00,1,5,1,16,20,0.12366667,18.56666667,22.89500000,0.12486413
2001-05-01T16:30:00,1,5,1,16,30,0.09700000,18.50000000,21.89500000,0.09838545
2001-05-01T16:40:00,1,5,1,16,40,0.07033333,18.43333333,20.89500000,0.07166144
2001-05-01T16:50:00,1,5,1,16,50,0.04366667,18.36666667,19.89500000,0.04469209
2001-05-01T17:00:00,1,5,1,17,0,0.01700000,18.30000000,18.89500000,0.01747741
2001-05-01T17:10:00,1,5,1,17,10,0.01416667,18.18333333,18.67916667,0.01457857
2001-05-01T17:20:00,1,5,1,17,20,0.01133333,18.06666667,18.46333333,0.01167411
2001-05-01T17:30:00,1,5,1,17,30,0.00850000,17.95000000,18.24750000,0.00876402
2001-05-01T17:40:00,1,5,1,17,40,0.00566667,17.83333333,18.03166667,0.00584831
2001-05-01T17:50:00,1,5,1,17,50,0.00283333,17.71666667,17.81583333,0.00292697
2001-05-01T18:00:00,1,5,1,18,0,0.00000000,17.60000000,17.60000000,0.00000000
2001-05-01T18:10:00,1,5,1,18,10,0.00000000,17.45000000,17.45000000,0.00000000
2001-05-01T18:20:00,1,5,1,18,20,0.00000000,17.30000000,17.30000000,0.00000000
2001-05-01T18:30:00,1,5,1,18,30,0.00000000,17.15000000,17.15000000,0.00000000
2001-05-01T18:40:00,1,5,1,18,40,0.00000000,17.00000000,17.00000000,0.00000000
2001-05-01T18:50:00,1,5,1,18,50,0.00000000,16.85000000,16.85000000,0.00000000
2001-05-01T19:00:00,1,5,1,19,0,0.00000000,16.70000000,16.70000000,0.00000000
2001-05-01T19:10:00,1,5,1,19,10,0.00000000,16.58333333,16.58333333,0.00000000
2001-05-01T19:20:00,1,5,1,19,20,0.00000000,16.46666667,16.46666667,0.00000000
2001-05-01T19:30:00,1,5,1,19,30,0.00000000,16.35000000,16.35000000,0.00000000
2001-05-01T19:40:00,1,5,1,19,40,0.00000000,16.23333333,16.23333333,0.00000000
2001-05-01T19:50:00,1,5,1,19,50,0.00000000,16.11666667,16.11666667,0.00000000
2001-05-01T20:00:00,1,5,1,20,0,0.00000000,16.00000000,16.00000000,0.00000000
2001-05-01T20:10:00,1,5,1,20,10,0.00000000,16.01666667,16.01666667,0.00000000
2001-05-01T20:20:00,1,5,1,20,20,0.00000000,16.03333333,16.03333333,0.00000000
2001-05-01T20:30:00,1,5,1,20,30,0.00000000,16.05000000,16.05000000,0.00000000
2001-05-01T20:40:00,1,5,1,20,40,0.00000000,16.06666667,16.06666667,0.00000000
2001-05-01T20:50:00,1,5,1,20,50,0.00000000,16.08333333,16.08333333,0.00000000
2001-05-01T21:00:00,1,5,1,21,0,0.00000000,16.10000000,16.10000000,0.00000000
2001-05-01T21:10:00,1,5,1,21,10,0.00000000,16.01666667,16.01666667,0.00000000
2001-05-01T21:20:00,1,5,1,21,20,0.00000000,15.93333333,15.93333333,0.00000000
2001-05-01T21:30:00,1,5,1,21,30,0.00000000,15.85000000,15.85000000,0.00000000
2001-05-01T21:40:00,1,5,1,21,40,0.00000000,15.76666667,15.76666667,0.00000000
2001-05-01T21:50:00,1,5,1,21,50,0.00000000,15.68333333,15.68333333,0.00000000
2001-05-01T22:00:00,1,5,1,22,0,0.00000000,15.60000000,15.60000000,0.00000000
2001-05-01T22:10:00,1,5,1,22,10,0.00000000,15.51666667,15.51666667,0.00000000
2001-05-01T22:20:00,1,5,1,22,20,0.00000000,15.43333333,15.43333333,0.00000000
2001-05-01T22:30:00,1,5,1,22,30,0.00000000,15.35000000,15.35000000,0.00000000
2001-05-01T22:40:00,1,5,1,22,40,0.00000000,15.26666667,15.26666667,0.00000000
2001-05-01T22:50:00,1,5,1,22,50,0.00000000,15.18333333,15.18333333,0.00000000
2001-05-01T23:00:00,1,5,1,23,0,0.00000000,15.10000000,15.10000000,0.00000000
2001-05-01T23:10:00,1,5,1,23,10,0.00000000,15.40000000,15.40000000,0.00000000
2001-05-01T23:20:00,1,5,1,23,20,0.00000000,15.70000000,15.70000000,0.00000000
2001-05-01T23:30:00,1,5,1,23,30,0.00000000,16.00000000,16.00000000,0.00000000
2001-05-01T23:40:00,1,5,1,23,40,0.00000000,16.30000000,16.30000000,0.00000000
2001-05-01T23:50:00,1,5,1,23,50,0.00000000,16.60000000,16.60000000,0.00000000
2001-05-02T00:00:00,1,5,2,0,0,0.00000000,16.90000000,16.90000000,0.00000000
2001-05-02T00:10:00,1,5,2,0,10,0.00000000,17.01666667,17.01666667,0.00000000
2001-05-02T00:20:00,1,5,2,0,20,0.00000000,17.13333333,17.13333333,0.00000000
2001-05-02T00:30:00,1,5,2,0,30,0.00000000,17.25000000,17.25000000,0.00000000
2001-05-02T00:40:00,1,5,2,0,40,0.00000000,17.36666667,17.36666667,0.00000000
2001-05-02T00:50:00,1,5,2,0,50,0.00000000,17.48333333,17.48333333,0.00000000
2001-05-02T01:00:00,1,5,2,1,0,0.00000000,17.60000000,17.60000000,0.00000000
2001-05-02T01:10:00,1,5,2,1,10,0.00000000,17.55000000,17.55000000,0.00000000
2001-05-02T01:20:00,1,5,2,1,20,0.00000000,17.50000000,17.50000000,0.00000000
2001-05-02T01:30:00,1,5,2,1,30,0.00000000,17.45000000,17.45000000,0.00000000
2001-05-02T01:40:00,1,5,2,1,40,0.00000000,17.40000000,17.40000000,0.00000000
2001-05-02T01:50:00,1,5,2,1,50,0.00000000,17.35000000,17.35000000,0.00000000
2001-05-02T02:00:00,1,5,2,2,0,0.00000000,17.30000000,17.30000000,0.00000000
2001-05-02T02:10:00,1,5,2,2,10,0.00000000,17.21666667,17.21666667,0.00000000
2001-05-02T02:20:00,1,5,2,2,20,0.00000000,17.13333333,17.13333333,0.00000000
2001-05-02T02:30:00,1,5,2,2,30,0.00000000,17.05000000,17.05000000,0.00000000
2001-05-02T02:40:00,1,5,2,2,40,0.00000000,16.96666667,16.96666667,0.00000000
2001-05-02T02:50:00,1,5,2,2,50,0.00000000,16.88333333,16.88333333,0.00000000
2001-05-02T03:00:00,1,5,2,3,0,0.00000000,16.80000000,16.80000000,0.00000000
2001-05-02T03:10:00,1,5,2,3,10,0.00000000,16.78333333,16.78333333,0.00000000
2001-05-02T03:20:00,1,5,2,3,20,0.00000000,16.76666667,16.76666667,0.00000000
2001-05-02T03:30:00,1,5,2,3,30,0.00000000,16.75000000,16.75000000,0.00000000
2001-05-02T03:40:00,1,5,2,3,40,0.00000000,16.73333333,16.73333333,0.00000000
2001-05-02T03:50:00,1,5,2,3,50,0.00000000,16.71666667,16.71666667,0.00000000
2001-05-02T04:00:00,1,5,2,4,0,0.00000000,16.70000000,16.70000000,0.00000000
2001-05-02T04:10:00,1,5,2,4,10,0.00000000,16.75000000,16.75000000,0.00000000
2001-05-02T04:20:00,1,5,2,4,20,0.00000000,16.80000000,16.80000000,0.00000000
2001-05-02T04:30:00,1,5,2,4,30,0.00000000,16.85000000,16.85000000,0.00000000
2001-05-02T04:40:00,1,5,2,4,40,0.00000000,16.90000000,16.90000000,0.00000000
2001-05-02T04:50:00,1,5,2,4,50,0.00000000,16.95000000,16.95000000,0.00000000
2001-05-02T05:00:00,1,5,2,5,0,0.00000000,17.00000000,17.00000000,0.00000000
2001-05-02T05:10:00,1,5,2,5,10,0.00066667,17.08333333,17.10666667,0.00069087
2001-05-02T05:20:00,1,5,2,5,20,0.00133333,17.16666667,17.21333333,0.00138109
2001-05-02T05:30:00,1,5,2,5,30,0.00200000,17.25000000,17.32000000,0.00207066
2001-05-02T05:40:00,1,5,2,5,40,0.00266667,17.33333333,17.42666667,0.00275957
2001-05-02T05:50:00,1,5,2,5,50,0.00333333,17.41666667,17.53333333,0.00344782
2001-05-02T06:00:00,1,5,2,6,0,0.00400000,17.50000000,17.64000000,0.00413542
2001-05-02T06:10:00,1,5,2,6,10,0.00800000,17.40000000,17.68000000,0.00826938
2001-05-02T06:20:00,1,5,2,6,20,0.01200000,17.30000000,17.72000000,0.01240186
2001-05-02T06:30:00,1,5,2,6,30,0.01600000,17.20000000,17.76000000,0.01653286
2001-05-02T06:40:00,1,5,2,6,40,0.02000000,17.10000000,17.80000000,0.02066240
2001-05-02T06:50:00,1,5,2,6,50,0.02400000,17.00000000,17.84000000,0.02479046
2001-05-02T07:00:00,1,5,2,7,0,0.02800000,16.90000000,17.88000000,0.02891706
2001-05-02T07:10:00,1,5,2,7,10,0.04433333,16.90000000,18.45166667,0.04566876
2001-05-02T07:20:00,1,5,2,7,20,0.06066667,16.90000000,19.02333333,0.06233456
2001-05-02T07:30:00,1,5,2,7,30,0.07700000,16.90000000,19.59500000,0.07891445
2001-05-02T07:40:00,1,5,2,7,40,0.09333333,16.90000000,20.16666667,0.09540844
2001-05-02T07:50:00,1,5,2,7,50,0.10966667,16.90000000,20.73833333,0.11181654
2001-05-02T08:00:00,1,5,2,8,0,0.12600000,16.90000000,21.31000000,0.12813872
2001-05-02T08:10:00,1,5,2,8,10,0.11783333,17.16666667,21.29083333,0.11984383
2001-05-02T08:20:00,1,5,2,8,20,0.10966667,17.43333333,21.27166667,0.11154749
2001-05-02T08:30:00,1,5,2,8,30,0.10150000,17.70000000,21.25250000,0.10324971
2001-05-02T08:40:00,1,5,2,8,40,0.09333333,17.96666667,21.23333333,0.09495049
2001-05-02T08:50:00,1,5,2,8,50,0.08516667,18.23333333,21.21416667,0.08664983
2001-05-02T09:00:00,1,5,2,9,0,0.07700000,18.50000000,21.19500000,0.07834773
2001-05-02T09:10:00,1,5,2,9,10,0.09866667,18.26666667,21.72000000,0.10015535
2001-05-02T09:20:00,1,5,2,9,20,0.12033333,18.03333333,22.24500000,0.12185832
2001-05-02T09:30:00,1,5,2,9,30,0.14200000,17.80000000,22.77000000,0.14345664
2001-05-02T09:40:00,1,5,2,9,40,0.16366667,17.56666667,23.29500000,0.16495030
2001-05-02T09:50:00,1,5,2,9,50,0.18533333,17.33333333,23.82000000,0.18633932
2001-05-02T10:00:00,1,5,2,10,0,0.20700000,17.10000000,24.34500000,0.20762369
2001-05-02T10:10:00,1,5,2,10,10,0.21616667,17.46666667,25.03250000,0.21613435
2001-05-02T10:20:00,1,5,2,10,20,0.22533333,17.83333333,25.72000000,0.22458703
2001-05-02T10:30:00,1,5,2,10,30,0.23450000,18.20000000,26.40750000,0.23298173
2001-05-02T10:40:00,1,5,2,10,40,0.24366667,18.56666667,27.09500000,0.24131845
2001-05-02T10:50:00,1,5,2,10,50,0.25283333,18.93333333,27.78250000,0.24959719
2001-05-02T11:00:00,1,5,2,11,0,0.26200000,19.30000000,28.47000000,0.25781796
2001-05-02T11:10:00,1,5,2,11,10,0.23116667,19.40000000,27.49083333,0.22851800
2001-05-02T11:20:00,1,5,2,11,20,0.20033333,19.50000000,26.51166667,0.19894028
2001-05-02T11:30:00,1,5,2,11,30,0.16950000,19.60000000,25.53250000,0.16908481
2001-05-02T11:40:00,1,5,2,11,40,0.13866667,19.70000000,24.55333333,0.13895158
2001-05-02T11:50:00,1,5,2,11,50,0.10783333,19.80000000,23.57416667,0.10854059
2001-05-02T12:00:00,1,5,2,12,0,0.07700000,19.90000000,22.59500000,0.07785185
2001-05-02T12:10:00,1,5,2,12,10,0.09550000,19.43333333,22.77583333,0.09647708
2001-05-02T12:20:00,1,5,2,12,20,0.11400000,18.96666667,22.95666667,0.11507152
2001-05-02T12:30:00,1,5,2,12,30,0.13250000,18.50000000,23.13750000,0.13363519
2001-05-02T12:40:00,1,5,2,12,40,0.15100000,18.03333333,23.31833333,0.15216809
2001-05-02T12:50:00,1,5,2,12,50,0.16950000,17.56666667,23.49916667,0.17067020
2001-05-02T13:00:00,1,5,2,13,0,0.18800000,17.10000000,23.68000000,0.18914154
2001-05-02T13:10:00,1,5,2,13,10,0.17583333,17.23333333,23.38750000,0.17713758
2001-05-02T13:20:00,1,5,2,13,20,0.16366667,17.36666667,23.09500000,0.16510088
2001-05-02T13:30:00,1,5,2,13,30,0.15150000,17.50000000,22.80250000,0.15303144
2001-05-02T13:40:00,1,5,2,13,40,0.13933333,17.63333333,22.51000000,0.14092926
2001-05-02T13:50:00,1,5,2,13,50,0.12716667,17.76666667,22.21750000,0.12879434
2001-05-02T14:00:00,1,5,2,14,0,0.11500000,17.90000000,21.92500000,0.11662668
2001-05-02T14:10:00,1,5,2,14,10,0.11050000,17.76666667,21.63416667,0.11221085
2001-05-02T14:20:00,1,5,2,14,20,0.10600000,17.63333333,21.34333333,0.10778299
2001-05-02T14:30:00,1,5,2,14,30,0.10150000,17.50000000,21.05250000,0.10334309
2001-05-02T14:40:00,1,5,2,14,40,0.09700000,17.36666667,20.76166667,0.09889114
2001-05-02T14:50:00,1,5,2,14,50,0.09250000,17.23333333,20.47083333,0.09442716
2001-05-02T15:00:00,1,5,2,15,0,0.08800000,17.10000000,20.18000000,0.08995114
2001-05-02T15:10:00,1,5,2,15,10,0.08450000,17.11666667,20.07416667,0.08641467
2001-05-02T15:20:00,1,5,2,15,20,0.08100000,17.13333333,19.96833333,0.08287480
2001-05-02T15:30:00,1,5,2,15,30,0.07750000,17.15000000,19.86250000,0.07933152
2001-05-02T15:40:00,1,5,2,15,40,0.07400000,17.16666667,19.75666667,0.07578483
2001-05-02T15:50:00,1,5,2,15,50,0.07050000,17.18333333,19.65083333,0.07223473
2001-05-02T16:00:00,1,5,2,16,0,0.06700000,17.20000000,19.54500000,0.06868123
2001-05-02T16:10:00,1,5,2,16,10,0.05683333,17.11666667,19.10583333,0.05837426
2001-05-02T16:20:00,1,5,2,16,20,0.04666667,17.03333333,18.66666667,0.04802622
2001-05-02T16:30:00,1,5,2,16,30,0.03650000,16.95000000,18.22750000,0.03763710
2001-05-02T16:40:00,1,5,2,16,40,0.02633333,16.86666667,17.78833333,0.02720691
2001-05-02T16:50:00,1,5,2,16,50,0.01616667,16.78333333,17.34916667,0.01673563
2001-05-02T17:00:00,1,5,2,17,0,0.00600000,16.70000000,16.91000000,0.00622328
2001-05-02T17:10:00,1,5,2,17,10,0.00500000,16.68333333,16.85833333,0.00518726
2001-05-02T17:20:00,1,5,2,17,20,0.00400000,16.66666667,16.80666667,0.00415076
2001-05-02T17:30:00,1,5,2,17,30,0.00300000,16.65000000,16.75500000,0.00311378
2001-05-02T17:40:00,1,5,2,17,40,0.00200000,16.63333333,16.70333333,0.00207633
2001-05-02T17:50:00,1,5,2,17,50,0.00100000,16.61666667,16.65166667,0.00103840
2001-05-02T18:00:00,1,5,2,18,0,0.00000000,16.60000000,16.60000000,0.00000000
2001-05-02T18:10:00,1,5,2,18,10,0.00000000,16.51666667,16.51666667,0.00000000
2001-05-02T18:20:00,1,5,2,18,20,0.00000000,16.43333333,16.43333333,0.00000000
2001-05-02T18:30:00,1,5,2,18,30,0.00000000,16.35000000,16.35000000,0.00000000
2001-05-02T18:40:00,1,5,2,18,40,0.00000000,16.26666667,16.26666667,0.00000000
2001-05-02T18:50:00,1,5,2,18,50,0.00000000,16.18333333,16.18333333,0.00000000
2001-05-02T19:00:00,1,5,2,19,0,0.00000000,16.10000000,16.10000000,0.00000000
2001-05-02T19:10:00,1,5,2,19,10,0.00000000,16.18333333,16.18333333,0.00000000
2001-05-02T19:20:00,1,5,2,19,20,0.00000000,16.26666667,16.26666667,0.00000000
2001-05-02T19:30:00,1,5,2,19,30,0.00000000,16.35000000,16.35000000,0.00000000
2001-05-02T19:40:00,1,5,2,19,40,0.00000000,16.43333333,16.43333333,0.00000000
2001-05-02T19:50:00,1,5,2,19,50,0.00000000,16.51666667,16.51666667,0.00000000
2001-05-02T20:00:00,1,5,2,20,0,0.00000000,16.60000000,16.60000000,0.00000000
2001-05-02T20:10:00,1,5,2,20,10,0.00000000,16.60000000,16.60000000,0.00000000
2001-05-02T20:20:00,1,5,2,20,20,0.00000000,16.60000000,16.60000000,0.00000000
2001-05-02T20:30:00,1,5,2,20,30,0.00000000,16.60000000,16.60000000,0.00000000
2001-05-02T20:40:00,1,5,2,20,40,0.00000000,16.60000000,16.60000000,0.00000000
2001-05-02T20:50:00,1,5,2,20,50,0.00000000,16.60000000,16.60000000,0.00000000
2001-05-02T21:00:00,1,5,2,21,0,0.00000000,16.60000000,16.60000000,0.00000000
2001-05-02T21:10:00,1,5,2,21,10,0.00000000,16.53333333,16.53333333,0.00000000
2001-05-02T21:20:00,1,5,2,21,20,0.00000000,16.46666667,16.46666667,0.00000000
2001-05-02T21:30:00,1,5,2,21,30,0.00000000,16.40000000,16.40000000,0.00000000
2001-05-02T21:40:00,1,5,2,21,40,0.00000000,16.33333333,16.33333333,0.00000000
2001-05-02T21:50:00,1,5,2,21,50,0.00000000,16.26666667,16.26666667,0.00000000
2001-05-02T22:00:00,1,5,2,22,0,0.00000000,16.20000000,16.20000000,0.00000000
2001-05-02T22:10:00,1,5,2,22,10,0.00000000,16.30000000,16.30000000,0.00000000
2001-05-02T22:20:00,1,5,2,22,20,0.00000000,16.40000000,16.40000000,0.00000000
2001-05-02T22:30:00,1,5,2,22,30,0.00000000,16.50000000,16.50000000,0.00000000
2001-05-02T22:40:00,1,5,2,22,40,0.00000000,16.60000000,16.60000000,0.00000000
2001-05-02T22:50:00,1,5,2,22,50,0.00000000,16.70000000,16.70000000,0.00000000
2001-05-02T23:00:00,1,5,2,23,0,0.00000000,16.80000000,16.80000000,0.00000000
2001-05-02T23:10:00,1,5,2,23,10,0.00000000,16.48333333,16.48333333,0.00000000
2001-05-02T23:20:00,1,5,2,23,20,0.00000000,16.16666667,16.16666667,0.00000000
2001-05-02T23:30:00,1,5,2,23,30,0.00000000,15.85000000,15.85000000,0.00000000
2001-05-02T23:40:00,1,5,2,23,40,0.00000000,15.53333333,15.53333333,0.00000000
2001-05-02T23:50:00,1,5,2,23,50,0.00000000,15.21666667,15.21666667,0.00000000
2001-05-03T00:00:00,1,5,3,0,0,0.00000000,14.90000000,14.90000000,0.00000000
2001-05-03T00:10:00,1,5,3,0,10,0.00000000,14.90000000,14.90000000,0.00000000
2001-05-03T00:20:00,1,5,3,0,20,0.00000000,14.90000000,14.90000000,0.00000000
2001-05-03T00:30:00,1,5,3,0,30,0.00000000,14.90000000,14.90000000,0.00000000
2001-05-03T00:40:00,1,5,3,0,40,0.00000000,14.90000000,14.90000000,0.00000000
2001-05-03T00:50:00,1,5,3,0,50,0.00000000,14.90000000,14.90000000,0.00000000
2001-05-03T01:00:00,1,5,3,1,0,0.00000000,14.90000000,14.90000000,0.00000000
2001-05-03T01:10:00,1,5,3,1,10,0.00000000,14.91666667,14.91666667,0.00000000
2001-05-03T01:20:00,1,5,3,1,20,0.00000000,14.93333333,14.93333333,0.00000000
2001-05-03T01:30:00,1,5,3,1,30,0.00000000,14.95000000,14.95000000,0.00000000
2001-05-03T01:40:00,1,5,3,1,40,0.00000000,14.96666667,14.96666667,0.00000000
2001-05-03T01:50:00,1,5,3,1,50,0.00000000,14.98333333,14.98333333,0.00000000
2001-05-03T02:00:00,1,5,3,2,0,0.00000000,15.00000000,15.00000000,0.00000000
2001-05-03T02:10:00,1,5,3,2,10,0.00000000,15.06666667,15.06666667,0.00000000
2001-05-03T02:20:00,1,5,3,2,20,0.00000000,15.13333333,15.13333333,0.00000000
2001-05-03T02:30:00,1,5,3,2,30,0.00000000,15.20000000,15.20000000,0.00000000
2001-05-03T02:40:00,1,5,3,2,40,0.00000000,15.26666667,15.26666667,0.00000000
2001-05-03T02:50:00,1,5,3,2,50,0.00000000,15.33333333,15.33333333,0.00000000
2001-05-03T03:00:00,1,5,3,3,0,0.00000000,15.40000000,15.40000000,0.00000000
2001-05-03T03:10:00,1,5,3,3,10,0.00000000,15.33333333,15.33333333,0.00000000
2001-05-03T03:20:00,1,5,3,3,20,0.00000000,15.26666667,15.26666667,0.00000000
2001-05-03T03:30:00,1,5,3,3,30,0.00000000,15.20000000,15.20000000,0.00000000
2001-05-03T03:40:00,1,5,3,3,40,0.00000000,15.13333333,15.13333333,0.00000000
2001-05-03T03:50:00,1,5,3,3,50,0.00000000,15.06666667,15.06666667,0.00000000
2001-05-03T04:00:00,1,5,3,4,0,0.00000000,15.00000000,15.00000000,0.00000000
2001-05-03T04:10:00,1,5,3,4,10,0.00000000,15.01666667,15.01666667,0.00000000
2001-05-03T04:20:00,1,5,3,4,20,0.00000000,15.03333333,15.03333333,0.00000000
2001-05-03T04:30:00,1,5,3,4,30,0.00000000,15.05000000,15.05000000,0.00000000
2001-05-03T04:40:00,1,5,3,4,40,0.00000000,15.06666667,15.06666667,0.00000000
2001-05-03T04:50:00,1,5,3,4,50,0.00000000,15.08333333,15.08333333,0.00000000
2001-05-03T05:00:00,1,5,3,5,0,0.00000000,15.10000000,15.10000000,0.00000000
2001-05-03T05:10:00,1,5,3,5,10,0.00150000,15.06666667,15.11916667,0.00156818
2001-05-03T05:20:00,1,5,3,5,20,0.00300000,15.03333333,15.13833333,0.00313609
2001-05-03T05:30:00,1,5,3,5,30,0.00450000,15.00000000,15.15750000,0.00470374
2001-05-03T05:40:00,1,5,3,5,40,0.00600000,14.96666667,15.17666667,0.00627112
2001-05-03T05:50:00,1,5,3,5,50,0.00750000,14.93333333,15.19583333,0.00783824
2001-05-03T06:00:00,1,5,3,6,0,0.00900000,14.90000000,15.21500000,0.00940510
2001-05-03T06:10:00,1,5,3,6,10,0.01166667,15.13333333,15.54166667,0.01217426
2001-05-03T06:20:00,1,5,3,6,20,0.01433333,15.36666667,15.86833333,0.01493541
2001-05-03T06:30:00,1,5,3,6,30,0.01700000,15.60000000,16.19500000,0.01768855
2001-05-03T06:40:00,1,5,3,6,40,0.01966667,15.83333333,16.52166667,0.02043367
2001-05-03T06:50:00,1,5,3,6,50,0.02233333,16.06666667,16.84833333,0.02317078
2001-05-03T07:00:00,1,5,3,7,0,0.02500000,16.30000000,17.17500000,0.02589988
2001-05-03T07:10:00,1,5,3,7,10,0.06350000,16.30000000,18.52250000,0.06539208
2001-05-03T07:20:00,1,5,3,7,20,0.10200000,16.30000000,19.87000000,0.10440700
2001-05-03T07:30:00,1,5,3,7,30,0.14050000,16.30000000,21.21750000,0.14294463
2001-05-03T07:40:00,1,5,3,7,40,0.17900000,16.30000000,22.56500000,0.18100498
2001-05-03T07:50:00,1,5,3,7,50,0.21750000,16.30000000,23.91250000,0.21858804
2001-05-03T08:00:00,1,5,3,8,0,0.25600000,16.30000000,25.26000000,0.25569382
2001-05-03T08:10:00,1,5,3,8,10,0.24533333,16.50000000,25.08666667,0.24523553
2001-05-03T08:20:00,1,5,3,8,20,0.23466667,16.70000000,24.91333333,0.23476022
2001-05-03T08:30:00,1,5,3,8,30,0.22400000,16.90000000,24.74000000,0.22426790
2001-05-03T08:40:00,1,5,3,8,40,0.21333333,17.10000000,24.56666667,0.21375858
2001-05-03T08:50:00,1,5,3,8,50,0.20266667,17.30000000,24.39333333,0.20323224
2001-05-03T09:00:00,1,5,3,9,0,0.19200000,17.50000000,24.22000000,0.19268890
2001-05-03T09:10:00,1,5,3,9,10,0.22733333,17.43333333,25.39000000,0.22692550
2001-05-03T09:20:00,1,5,3,9,20,0.26266667,17.36666667,26.56000000,0.26078177
2001-05-03T09:30:00,1,5,3,9,30,0.29800000,17.30000000,27.73000000,0.29425772
2001-05-03T09:40:00,1,5,3,9,40,0.33333333,17.23333333,28.90000000,0.32735333
2001-05-03T09:50:00,1,5,3,9,50,0.36866667,17.16666667,30.07000000,0.36006862
2001-05-03T10:00:00,1,5,3,10,0,0.40400000,17.10000000,31.24000000,0.39240358
2001-05-03T10:10:00,1,5,3,10,10,0.41450000,17.30000000,31.80750000,0.40152014
2001-05-03T10:20:00,1,5,3,10,20,0.42500000,17.50000000,32.37500000,0.41058188
2001-05-03T10:30:00,1,5,3,10,30,0.43550000,17.70000000,32.94250000,0.41958879
2001-05-03T10:40:00,1,5,3,10,40,0.44600000,17.90000000,33.51000000,0.42854088
2001-05-03T10:50:00,1,5,3,10,50,0.45650000,18.10000000,34.07750000,0.43743816
2001-05-03T11:00:00,1,5,3,11,0,0.46700000,18.30000000,34.64500000,0.44628061
2001-05-03T11:10:00,1,5,3,11,10,0.44616667,18.35000000,33.96583333,0.42776549
2001-05-03T11:20:00,1,5,3,11,20,0.42533333,18.40000000,33.28666667,0.40912019
2001-05-03T11:30:00,1,5,3,11,30,0.40450000,18.45000000,32.60750000,0.39034472
2001-05-03T11:40:00,1,5,3,11,40,0.38366667,18.50000000,31.92833333,0.37143908
2001-05-03T11:50:00,1,5,3,11,50,0.36283333,18.55000000,31.24916667,0.35240327
2001-05-03T12:00:00,1,5,3,12,0,0.34200000,18.60000000,30.57000000,0.33323728
2001-05-03T12:10:00,1,5,3,12,10,0.36433333,18.61666667,31.36833333,0.35366043
2001-05-03T12:20:00,1,5,3,12,20,0.38666667,18.63333333,32.16666667,0.37391956
2001-05-03T12:30:00,1,5,3,12,30,0.40900000,18.65000000,32.96500000,0.39401465
2001-05-03T12:40:00,1,5,3,12,40,0.43133333,18.66666667,33.76333333,0.41394571
2001-05-03T12:50:00,1,5,3,12,50,0.45366667,18.68333333,34.56166667,0.43371274
2001-05-03T13:00:00,1,5,3,13,0,0.47600000,18.70000000,35.36000000,0.45331574
2001-05-03T13:10:00,1,5,3,13,10,0.42383333,18.78333333,33.61750000,0.40703237
2001-05-03T13:20:00,1,5,3,13,20,0.37166667,18.86666667,31.87500000,0.35991271
2001-05-03T13:30:00,1,5,3,13,30,0.31950000,18.95000000,30.13250000,0.31195676
2001-05-03T13:40:00,1,5,3,13,40,0.26733333,19.03333333,28.39000000,0.26316454
2001-05-03T13:50:00,1,5,3,13,50,0.21516667,19.11666667,26.64750000,0.21353603
2001-05-03T14:00:00,1,5,3,14,0,0.16300000,19.20000000,24.90500000,0.16307123
2001-05-03T14:10:00,1,5,3,14,10,0.18650000,19.05000000,25.57750000,0.18600456
2001-05-03T14:20:00,1,5,3,14,20,0.21000000,18.90000000,26.25000000,0.20879250
2001-05-03T14:30:00,1,5,3,14,30,0.23350000,18.75000000,26.92250000,0.23143504
2001-05-03T14:40:00,1,5,3,14,40,0.25700000,18.60000000,27.59500000,0.25393219
2001-05-03T14:50:00,1,5,3,14,50,0.28050000,18.45000000,28.26750000,0.27628394
2001-05-03T15:00:00,1,5,3,15,0,0.30400000,18.30000000,28.94000000,0.29849030
2001-05-03T15:10:00,1,5,3,15,10,0.26933333,18.43333333,27.86000000,0.26578998
2001-05-03T15:20:00,1,5,3,15,20,0.23466667,18.56666667,26.78000000,0.23274522
2001-05-03T15:30:00,1,5,3,15,30,0.20000000,18.70000000,25.70000000,0.19935600
2001-05-03T15:40:00,1,5,3,15,40,0.16533333,18.83333333,24.62000000,0.16562234
2001-05-03T15:50:00,1,5,3,15,50,0.13066667,18.96666667,23.54000000,0.13154422
2001-05-03T16:00:00,1,5,3,16,0,0.09600000,19.10000000,22.46000000,0.09712166
2001-05-03T16:10:00,1,5,3,16,10,0.08200000,18.90000000,21.77000000,0.08321836
2001-05-03T16:20:00,1,5,3,16,20,0.06800000,18.70000000,21.08000000,0.06922618
2001-05-03T16:30:00,1,5,3,16,30,0.05400000,18.50000000,20.39000000,0.05514512
2001-05-03T16:40:00,1,5,3,16,40,0.04000000,18.30000000,19.70000000,0.04097520
2001-05-03T16:50:00,1,5,3,16,50,0.02600000,18.10000000,19.01000000,0.02671640
2001-05-03T17:00:00,1,5,3,17,0,0.01200000,17.90000000,18.32000000,0.01236874
2001-05-03T17:10:00,1,5,3,17,10,0.01000000,17.80000000,18.15000000,0.01031510
2001-05-03T17:20:00,1,5,3,17,20,0.00800000,17.70000000,17.98000000,0.00825834
2001-05-03T17:30:00,1,5,3,17,30,0.00600000,17.60000000,17.81000000,0.00619844
2001-05-03T17:40:00,1,5,3,17,40,0.00400000,17.50000000,17.64000000,0.00413542
2001-05-03T17:50:00,1,5,3,17,50,0.00200000,17.40000000,17.47000000,0.00206928
2001-05-03T18:00:00,1,5,3,18,0,0.00000000,17.30000000,17.30000000,0.00000000
2001-05-03T18:10:00,1,5,3,18,10,0.00000000,17.35000000,17.35000000,0.00000000
2001-05-03T18:20:00,1,5,3,18,20,0.00000000,17.40000000,17.40000000,0.00000000
2001-05-03T18:30:00,1,5,3,18,30,0.00000000,17.45000000,17.45000000,0.00000000
2001-05-03T18:40:00,1,5,3,18,40,0.00000000,17.50000000,17.50000000,0.00000000
2001-05-03T18:50:00,1,5,3,18,50,0.00000000,17.55000000,17.55000000,0.00000000
2001-05-03T19:00:00,1,5,3,19,0,0.00000000,17.60000000,17.60000000,0.00000000
2001-05-03T19:10:00,1,5,3,19,10,0.00000000,17.56666667,17.56666667,0.00000000
2001-05-03T19:20:00,1,5,3,19,20,0.00000000,17.53333333,17.53333333,0.00000000
2001-05-03T19:30:00,1,5,3,19,30,0.00000000,17.50000000,17.50000000,0.00000000
2001-05-03T19:40:00,1,5,3,19,40,0.00000000,17.46666667,17.46666667,0.00000000
2001-05-03T19:50:00,1,5,3,19,50,0.00000000,17.43333333,17.43333333,0.00000000
2001-05-03T20:00:00,1,5,3,20,0,0.00000000,17.40000000,17.40000000,0.00000000
2001-05-03T20:10:00,1,5,3,20,10,0.00000000,17.43333333,17.43333333,0.00000000
2001-05-03T20:20:00,1,5,3,20,20,0.00000000,17.46666667,17.46666667,0.00000000
2001-05-03T20:30:00,1,5,3,20,30,0.00000000,17.50000000,17.50000000,0.00000000
2001-05-03T20:40:00,1,5,3,20,40,0.00000000,17.53333333,17.53333333,0.00000000
2001-05-03T20:50:00,1,5,3,20,50,0.00000000,17.56666667,17.56666667,0.00000000
2001-05-03T21:00:00,1,5,3,21,0,0.00000000,17.60000000,17.60000000,0.00000000
2001-05-03T21:10:00,1,5,3,21,10,0.00000000,17.50000000,17.50000000,0.00000000
2001-05-03T21:20:00,1,5,3,21,20,0.00000000,17.40000000,17.40000000,0.00000000
2001-05-03T21:30:00,1,5,3,21,30,0.00000000,17.30000000,17.30000000,0.00000000
2001-05-03T21:40:00,1,5,3,21,40,0.00000000,17.20000000,17.20000000,0.00000000
2001-05-03T21:50:00,1,5,3,21,50,0.00000000,17.10000000,17.10000000,0.00000000
2001-05-03T22:00:00,1,5,3,22,0,0.00000000,17.00000000,17.00000000,0.00000000
2001-05-03T22:10:00,1,5,3,22,10,0.00000000,16.91666667,16.91666667,0.00000000
2001-05-03T22:20:00,1,5,3,22,20,0.00000000,16.83333333,16.83333333,0.00000000
2001-05-03T22:30:00,1,5,3,22,30,0.00000000,16.75000000,16.75000000,0.00000000
2001-05-03T22:40:00,1,5,3,22,40,0.00000000,16.66666667,16.66666667,0.00000000
2001-05-03T22:50:00,1,5,3,22,50,0.00000000,16.58333333,16.58333333,0.00000000
2001-05-03T23:00:00,1,5,3,23,0,0.00000000,16.50000000,16.50000000,0.00000000
2001-05-03T23:10:00,1,5,3,23,10,0.00000000,16.21666667,16.21666667,0.00000000
2001-05-03T23:20:00,1,5,3,23,20,0.00000000,15.93333333,15.93333333,0.00000000
2001-05-03T23:30:00,1,5,3,23,30,0.00000000,15.65000000,15.65000000,0.00000000
2001-05-03T23:40:00,1,5,3,23,40,0.00000000,15.36666667,15.36666667,0.00000000
2001-05-03T23:50:00,1,5,3,23,50,0.00000000,15.08333333,15.08333333,0.00000000
2001-05-04T00:00:00,1,5,4,0,0,0.00000000,14.80000000,14.80000000,0.00000000
2001-05-04T00:10:00,1,5,4,0,10,0.00000000,14.66666667,14.66666667,0.00000000
2001-05-04T00:20:00,1,5,4,0,20,0.00000000,14.53333333,14.53333333,0.00000000
2001-05-04T00:30:00,1,5,4,0,30,0.00000000,14.40000000,14.40000000,0.00000000
2001-05-04T00:40:00,1,5,4,0,40,0.00000000,14.26666667,14.26666667,0.00000000
2001-05-04T00:50:00,1,5,4,0,50,0.00000000,14.13333333,14.13333333,0.00000000
2001-05-04T01:00:00,1,5,4,1,0,0.00000000,14.00000000,14.00000000,0.00000000
2001-05-04T01:10:00,1,5,4,1,10,0.00000000,14.08333333,14.08333333,0.00000000
2001-05-04T01:20:00,1,5,4,1,20,0.00000000,14.16666667,14.16666667,0.00000000
2001-05-04T01:30:00,1,5,4,1,30,0.00000000,14.25000000,14.25000000,0.00000000
2001-05-04T01:40:00,1,5,4,1,40,0.00000000,14.33333333,14.33333333,0.00000000
2001-05-04T01:50:00,1,5,4,1,50,0.00000000,14.41666667,14.41666667,0.00000000
2001-05-04T02:00:00,1,5,4,2,0,0.00000000,14.50000000,14.50000000,0.00000000
2001-05-04T02:10:00,1,5,4,2,10,0.00000000,14.43333333,14.43333333,0.00000000
2001-05-04T02:20:00,1,5,4,2,20,0.00000000,14.36666667,14.36666667,0.00000000
2001-05-04T02:30:00,1,5,4,2,30,0.00000000,14.30000000,14.30000000,0.00000000
2001-05-04T02:40:00,1,5,4,2,40,0.00000000,14.23333333,14.23333333,0.00000000
2001-05-04T02:50:00,1,5,4,2,50,0.00000000,14.16666667,14.16666667,0.00000000
2001-05-04T03:00:00,1,5,4,3,0,0.00000000,14.10000000,14.10000000,0.00000000
2001-05-04T03:10:00,1,5,4,3,10,0.00000000,14.13333333,14.13333333,0.00000000
2001-05-04T03:20:00,1,5,4,3,20,0.00000000,14.16666667,14.16666667,0.00000000
2001-05-04T03:30:00,1,5,4,3,30,0.00000000,14.20000000,14.20000000,0.00000000
2001-05-04T03:40:00,1,5,4,3,40,0.00000000,14.23333333,14.23333333,0.00000000
2001-05-04T03:50:00,1,5,4,3,50,0.00000000,14.26666667,14.26666667,0.00000000
2001-05-04T04:00:00,1,5,4,4,0,0.00000000,14.30000000,14.30000000,0.00000000
2001-05-04T04:10:00,1,5,4,4,10,0.00000000,14.15000000,14.15000000,0.00000000
2001-05-04T04:20:00,1,5,4,4,20,0.00000000,14.00000000,14.00000000,0.00000000
2001-05-04T04:30:00,1,5,4,4,30,0.00000000,13.85000000,13.85000000,0.00000000
2001-05-04T04:40:00,1,5,4,4,40,0.00000000,13.70000000,13.70000000,0.00000000
2001-05-04T04:50:00,1,5,4,4,50,0.00000000,13.55000000,13.55000000,0.00000000
2001-05-04T05:00:00,1,5,4,5,0,0.00000000,13.40000000,13.40000000,0.00000000
2001-05-04T05:10:00,1,5,4,5,10,0.00200000,13.48333333,13.55333333,0.00210531
2001-05-04T05:20:00,1,5,4,5,20,0.00400000,13.56666667,13.70666667,0.00420780
2001-05-04T05:30:00,1,5,4,5,30,0.00600000,13.65000000,13.86000000,0.00630746
2001-05-04T05:40:00,1,5,4,5,40,0.00800000,13.73333333,14.01333333,0.00840431
2001-05-04T05:50:00,1,5,4,5,50,0.01000000,13.81666667,14.16666667,0.01049833
2001-05-04T06:00:00,1,5,4,6,0,0.01200000,13.90000000,14.32000000,0.01258954
2001-05-04T06:10:00,1,5,4,6,10,0.01866667,14.16666667,14.82000000,0.01954079
2001-05-04T06:20:00,1,5,4,6,20,0.02533333,14.43333333,15.32000000,0.02646138
2001-05-04T06:30:00,1,5,4,6,30,0.03200000,14.70000000,15.82000000,0.03335130
2001-05-04T06:40:00,1,5,4,6,40,0.03866667,14.96666667,16.32000000,0.04021055
2001-05-04T06:50:00,1,5,4,6,50,0.04533333,15.23333333,16.82000000,0.04703914
2001-05-04T07:00:00,1,5,4,7,0,0.05200000,15.50000000,17.32000000,0.05383706
2001-05-04T07:10:00,1,5,4,7,10,0.08800000,15.78333333,18.86333333,0.09048412
2001-05-04T07:20:00,1,5,4,7,20,0.12400000,16.06666667,20.40666667,0.12662004
2001-05-04T07:30:00,1,5,4,7,30,0.16000000,16.35000000,21.95000000,0.16224480
2001-05-04T07:40:00,1,5,4,7,40,0.19600000,16.63333333,23.49333333,0.19735841
2001-05-04T07:50:00,1,5,4,7,50,0.23200000,16.91666667,25.03666667,0.23196087
2001-05-04T08:00:00,1,5,4,8,0,0.26800000,17.20000000,26.58000000,0.26605218
2001-05-04T08:10:00,1,5,4,8,10,0.27683333,17.51666667,27.20583333,0.27402435
2001-05-04T08:20:00,1,5,4,8,20,0.28566667,17.83333333,27.83166667,0.28194567
2001-05-04T08:30:00,1,5,4,8,30,0.29450000,18.15000000,28.45750000,0.28981612
2001-05-04T08:40:00,1,5,4,8,40,0.30333333,18.46666667,29.08333333,0.29763572
2001-05-04T08:50:00,1,5,4,8,50,0.31216667,18.78333333,29.70916667,0.30540446
2001-05-04T09:00:00,1,5,4,9,0,0.32100000,19.10000000,30.33500000,0.31312234
2001-05-04T09:10:00,1,5,4,9,10,0.36700000,19.45000000,32.29500000,0.35468458
2001-05-04T09:20:00,1,5,4,9,20,0.41300000,19.80000000,34.25500000,0.39541735
2001-05-04T09:30:00,1,5,4,9,30,0.45900000,20.15000000,36.21500000,0.43532065
2001-05-04T09:40:00,1,5,4,9,40,0.50500000,20.50000000,38.17500000,0.47439447
2001-05-04T09:50:00,1,5,4,9,50,0.55100000,20.85000000,40.13500000,0.51263883
2001-05-04T10:00:00,1,5,4,10,0,0.59700000,21.20000000,42.09500000,0.55005371
2001-05-04T10:10:00,1,5,4,10,10,0.58233333,21.66666667,42.04833333,0.53666539
2001-05-04T10:20:00,1,5,4,10,20,0.56766667,22.13333333,42.00166667,0.52327078
2001-05-04T10:30:00,1,5,4,10,30,0.55300000,22.60000000,41.95500000,0.50986987
2001-05-04T10:40:00,1,5,4,10,40,0.53833333,23.06666667,41.90833333,0.49646266
2001-05-04T10:50:00,1,5,4,10,50,0.52366667,23.53333333,41.86166667,0.48304916
2001-05-04T11:00:00,1,5,4,11,0,0.50900000,24.00000000,41.81500000,0.46962936
2001-05-04T11:10:00,1,5,4,11,10,0.54783333,24.01666667,43.19083333,0.50199183
2001-05-04T11:20:00,1,5,4,11,20,0.58666667,24.03333333,44.56666667,0.53386276
2001-05-04T11:30:00,1,5,4,11,30,0.62550000,24.05000000,45.94250000,0.56524214
2001-05-04T11:40:00,1,5,4,11,40,0.66433333,24.06666667,47.31833333,0.59612999
2001-05-04T11:50:00,1,5,4,11,50,0.70316667,24.08333333,48.69416667,0.62652630
2001-05-04T12:00:00,1,5,4,12,0,0.74200000,24.10000000,50.07000000,0.65643108
2001-05-04T12:10:00,1,5,4,12,10,0.70583333,24.46666667,49.17083333,0.62735467
2001-05-04T12:20:00,1,5,4,12,20,0.66966667,24.83333333,48.27166667,0.59797907
2001-05-04T12:30:00,1,5,4,12,30,0.63350000,25.20000000,47.37250000,0.56830430
2001-05-04T12:40:00,1,5,4,12,40,0.59733333,25.56666667,46.47333333,0.53833034
2001-05-04T12:50:00,1,5,4,12,50,0.56116667,25.93333333,45.57416667,0.50805720
2001-05-04T13:00:00,1,5,4,13,0,0.52500000,26.30000000,44.67500000,0.47748488
2001-05-04T13:10:00,1,5,4,13,10,0.47316667,26.01666667,42.57750000,0.43490807
2001-05-04T13:20:00,1,5,4,13,20,0.42133333,25.73333333,40.48000000,0.39133103
2001-05-04T13:30:00,1,5,4,13,30,0.36950000,25.45000000,38.38250000,0.34675376
2001-05-04T13:40:00,1,5,4,13,40,0.31766667,25.16666667,36.28500000,0.30117627
2001-05-04T13:50:00,1,5,4,13,50,0.26583333,24.88333333,34.18750000,0.25459855
2001-05-04T14:00:00,1,5,4,14,0,0.21400000,24.60000000,32.09000000,0.20702060
2001-05-04T14:10:00,1,5,4,14,10,0.22900000,24.06666667,32.08166667,0.22154017
2001-05-04T14:20:00,1,5,4,14,20,0.24400000,23.53333333,32.07333333,0.23606089
2001-05-04T14:30:00,1,5,4,14,30,0.25900000,23.00000000,32.06500000,0.25058276
2001-05-04T14:40:00,1,5,4,14,40,0.27400000,22.46666667,32.05666667,0.26510578
2001-05-04T14:50:00,1,5,4,14,50,0.28900000,21.93333333,32.04833333,0.27962995
2001-05-04T15:00:00,1,5,4,15,0,0.30400000,21.40000000,32.04000000,0.29415526
2001-05-04T15:10:00,1,5,4,15,10,0.26650000,21.55000000,30.87750000,0.25929477
2001-05-04T15:20:00,1,5,4,15,20,0.22900000,21.70000000,29.71500000,0.22403322
2001-05-04T15:30:00,1,5,4,15,30,0.19150000,21.85000000,28.55250000,0.18837060
2001-05-04T15:40:00,1,5,4,15,40,0.15400000,22.00000000,27.39000000,0.15230692
2001-05-04T15:50:00,1,5,4,15,50,0.11650000,22.15000000,26.22750000,0.11584218
2001-05-04T16:00:00,1,5,4,16,0,0.07900000,22.30000000,25.06500000,0.07897638
2001-05-04T16:10:00,1,5,4,16,10,0.06833333,21.90000000,24.29166667,0.06855599
2001-05-04T16:20:00,1,5,4,16,20,0.05766667,21.50000000,23.51833333,0.05805970
2001-05-04T16:30:00,1,5,4,16,30,0.04700000,21.10000000,22.74500000,0.04748753
2001-05-04T16:40:00,1,5,4,16,40,0.03633333,20.70000000,21.97166667,0.03683947
2001-05-04T16:50:00,1,5,4,16,50,0.02566667,20.30000000,21.19833333,0.02611552
2001-05-04T17:00:00,1,5,4,17,0,0.01500000,19.90000000,20.42500000,0.01531567
2001-05-04T17:10:00,1,5,4,17,10,0.01250000,19.66666667,20.10416667,0.01278151
2001-05-04T17:20:00,1,5,4,17,20,0.01000000,19.43333333,19.78333333,0.01023997
2001-05-04T17:30:00,1,5,4,17,30,0.00750000,19.20000000,19.46250000,0.00769104
2001-05-04T17:40:00,1,5,4,17,40,0.00500000,18.96666667,19.14166667,0.00513474
2001-05-04T17:50:00,1,5,4,17,50,0.00250000,18.73333333,18.82083333,0.00257106
2001-05-04T18:00:00,1,5,4,18,0,0.00000000,18.50000000,18.50000000,0.00000000
2001-05-04T18:10:00,1,5,4,18,10,0.00000000,18.46666667,18.46666667,0.00000000
2001-05-04T18:20:00,1,5,4,18,20,0.00000000,18.43333333,18.43333333,0.00000000
2001-05-04T18:30:00,1,5,4,18,30,0.00000000,18.40000000,18.40000000,0.00000000
2001-05-04T18:40:00,1,5,4,18,40,0.00000000,18.36666667,18.36666667,0.00000000
2001-05-04T18:50:00,1,5,4,18,50,0.00000000,18.33333333,18.33333333,0.00000000
2001-05-04T19:00:00,1,5,4,19,0,0.00000000,18.30000000,18.30000000,0.00000000
2001-05-04T19:10:00,1,5,4,19,10,0.00000000,18.21666667,18.21666667,0.00000000
2001-05-04T19:20:00,1,5,4,19,20,0.00000000,18.13333333,18.13333333,0.00000000
2001-05-04T19:30:00,1,5,4,19,30,0.00000000,18.05000000,18.05000000,0.00000000
2001-05-04T19:40:00,1,5,4,19,40,0.00000000,17.96666667,17.96666667,0.00000000
2001-05-04T19:50:00,1,5,4,19,50,0.00000000,17.88333333,17.88333333,0.00000000
2001-05-04T20:00:00,1,5,4,20,0,0.00000000,17.80000000,17.80000000,0.00000000
2001-05-04T20:10:00,1,5,4,20,10,0.00000000,17.60000000,17.60000000,0.00000000
2001-05-04T20:20:00,1,5,4,20,20,0.00000000,17.40000000,17.40000000,0.00000000
2001-05-04T20:30:00,1,5,4,20,30,0.00000000,17.20000000,17.20000000,0.00000000
2001-05-04T20:40:00,1,5,4,20,40,0.00000000,17.00000000,17.00000000,0.00000000
2001-05-04T20:50:00,1,5,4,20,50,0.00000000,16.80000000,16.80000000,0.00000000
2001-05-04T21:00:00,1,5,4,21,0,0.00000000,16.60000000,16.60000000,0.00000000
2001-05-04T21:10:00,1,5,4,21,10,0.00000000,16.56666667,16.56666667,0.00000000
2001-05-04T21:20:00,1,5,4,21,20,0.00000000,16.53333333,16.53333333,0.00000000
2001-05-04T21:30:00,1,5,4,21,30,0.00000000,16.50000000,16.50000000,0.00000000
2001-05-04T21:40:00,1,5,4,21,40,0.00000000,16.46666667,16.46666667,0.00000000
2001-05-04T21:50:00,1,5,4,21,50,0.00000000,16.43333333,16.43333333,0.00000000
2001-05-04T22:00:00,1,5,4,22,0,0.00000000,16.40000000,16.40000000,0.00000000
2001-05-04T22:10:00,1,5,4,22,10,0.00000000,16.26666667,16.26666667,0.00000000
2001-05-04T22:20:00,1,5,4,22,20,0.00000000,16.13333333,16.13333333,0.00000000
2001-05-04T22:30:00,1,5,4,22,30,0.00000000,16.00000000,16.00000000,0.00000000
2001-05-04T22:40:00,1,5,4,22,40,0.00000000,15.86666667,15.86666667,0.00000000
2001-05-04T22:50:00,1,5,4,22,50,0.00000000,15.73333333,15.73333333,0.00000000
2001-05-04T23:00:00,1,5,4,23,0,0.00000000,15.60000000,15.60000000,0.00000000
2001-05-04T23:10:00,1,5,4,23,10,0.00000000,15.73333333,15.73333333,0.00000000
2001-05-04T23:20:00,1,5,4,23,20,0.00000000,15.86666667,15.86666667,0.00000000
2001-05-04T23:30:00,1,5,4,23,30,0.00000000,16.00000000,16.00000000,0.00000000
2001-05-04T23:40:00,1,5,4,23,40,0.00000000,16.13333333,16.13333333,0.00000000
2001-05-04T23:50:00,1,5,4,23,50,0.00000000,16.26666667,16.26666667,0.00000000
2001-05-05T00:00:00,1,5,5,0,0,0.00000000,16.40000000,16.40000000,0.00000000
2001-05-05T00:10:00,1,5,5,0,10,0.00000000,16.30000000,16.30000000,0.00000000
2001-05-05T00:20:00,1,5,5,0,20,0.00000000,16.20000000,16.20000000,0.00000000
2001-05-05T00:30:00,1,5,5,0,30,0.00000000,16.10000000,16.10000000,0.00000000
2001-05-05T00:40:00,1,5,5,0,40,0.00000000,16.00000000,16.00000000,0.00000000
2001-05-05T00:50:00,1,5,5,0,50,0.00000000,15.90000000,15.90000000,0.00000000
2001-05-05T01:00:00,1,5,5,1,0,0.00000000,15.80000000,15.80000000,0.00000000
2001-05-05T01:10:00,1,5,5,1,10,0.00000000,15.85000000,15.85000000,0.00000000
2001-05-05T01:20:00,1,5,5,1,20,0.00000000,15.90000000,15.90000000,0.00000000
2001-05-05T01:30:00,1,5,5,1,30,0.00000000,15.95000000,15.95000000,0.00000000
2001-05-05T01:40:00,1,5,5,1,40,0.00000000,16.00000000,16.00000000,0.00000000
2001-05-05T01:50:00,1,5,5,1,50,0.00000000,16.05000000,16.05000000,0.00000000
2001-05-05T02:00:00,1,5,5,2,0,0.00000000,16.10000000,16.10000000,0.00000000
2001-05-05T02:10:00,1,5,5,2,10,0.00000000,16.03333333,16.03333333,0.00000000
2001-05-05T02:20:00,1,5,5,2,20,0.00000000,15.96666667,15.96666667,0.00000000
2001-05-05T02:30:00,1,5,5,2,30,0.00000000,15.90000000,15.90000000,0.00000000
2001-05-05T02:40:00,1,5,5,2,40,0.00000000,15.83333333,15.83333333,0.00000000
2001-05-05T02:50:00,1,5,5,2,50,0.00000000,15.76666667,15.76666667,0.00000000
2001-05-05T03:00:00,1,5,5,3,0,0.00000000,15.70000000,15.70000000,0.00000000
2001-05-05T03:10:00,1,5,5,3,10,0.00000000,15.58333333,15.58333333,0.00000000
2001-05-05T03:20:00,1,5,5,3,20,0.00000000,15.46666667,15.46666667,0.00000000
2001-05-05T03:30:00,1,5,5,3,30,0.00000000,15.35000000,15.35000000,0.00000000
2001-05-05T03:40:00,1,5,5,3,40,0.00000000,15.23333333,15.23333333,0.00000000
2001-05-05T03:50:00,1,5,5,3,50,0.00000000,15.11666667,15.11666667,0.00000000
2001-05-05T04:00:00,1,5,5,4,0,0.00000000,15.00000000,15.00000000,0.00000000
2001-05-05T04:10:00,1,5,5,4,10,0.00000000,15.05000000,15.05000000,0.00000000
2001-05-05T04:20:00,1,5,5,4,20,0.00000000,15.10000000,15.10000000,0.00000000
2001-05-05T04:30:00,1,5,5,4,30,0.00000000,15.15000000,15.15000000,0.00000000
2001-05-05T04:40:00,1,5,5,4,40,0.00000000,15.20000000,15.20000000,0.00000000
2001-05-05T04:50:00,1,5,5,4,50,0.00000000,15.25000000,15.25000000,0.00000000
2001-05-05T05:00:00,1,5,5,5,0,0.00000000,15.30000000,15.30000000,0.00000000
2001-05-05T05:10:00,1,5,5,5,10,0.00150000,15.23333333,15.28583333,0.00156703
2001-05-05T05:20:00,1,5,5,5,20,0.00300000,15.16666667,15.27166667,0.00313425
2001-05-05T05:30:00,1,5,5,5,30,0.00450000,15.10000000,15.25750000,0.00470167
2001-05-05T05:40:00,1,5,5,5,40,0.00600000,15.03333333,15.24333333,0.00626928
2001-05-05T05:50:00,1,5,5,5,50,0.00750000,14.96666667,15.22916667,0.00783709
2001-05-05T06:00:00,1,5,5,6,0,0.00900000,14.90000000,15.21500000,0.00940510
2001-05-05T06:10:00,1,5,5,6,10,0.03350000,15.10000000,16.27250000,0.03484491
2001-05-05T06:20:00,1,5,5,6,20,0.05800000,15.30000000,17.33000000,0.06004636
2001-05-05T06:30:00,1,5,5,6,30,0.08250000,15.50000000,18.38750000,0.08500944
2001-05-05T06:40:00,1,5,5,6,40,0.10700000,15.70000000,19.44500000,0.10973417
2001-05-05T06:50:00,1,5,5,6,50,0.13150000,15.90000000,20.50250000,0.13422054
2001-05-05T07:00:00,1,5,5,7,0,0.15600000,16.10000000,21.56000000,0.15846854
2001-05-05T07:10:00,1,5,5,7,10,0.17533333,16.63333333,22.77000000,0.17713190
2001-05-05T07:20:00,1,5,5,7,20,0.19466667,17.16666667,23.98000000,0.19558004
2001-05-05T07:30:00,1,5,5,7,30,0.21400000,17.70000000,25.19000000,0.21381296
2001-05-05T07:40:00,1,5,5,7,40,0.23333333,18.23333333,26.40000000,0.23183067
2001-05-05T07:50:00,1,5,5,7,50,0.25266667,18.76666667,27.61000000,0.24963315
2001-05-05T08:00:00,1,5,5,8,0,0.27200000,19.30000000,28.82000000,0.26722042
2001-05-05T08:10:00,1,5,5,8,10,0.25116667,19.48333333,28.27416667,0.24738380
2001-05-05T08:20:00,1,5,5,8,20,0.23033333,19.66666667,27.72833333,0.22744257
2001-05-05T08:30:00,1,5,5,8,30,0.20950000,19.85000000,27.18250000,0.20739672
2001-05-05T08:40:00,1,5,5,8,40,0.18866667,20.03333333,26.63666667,0.18724626
2001-05-05T08:50:00,1,5,5,8,50,0.16783333,20.21666667,26.09083333,0.16699117
2001-05-05T09:00:00,1,5,5,9,0,0.14700000,20.40000000,25.54500000,0.14663147
2001-05-05T09:10:00,1,5,5,9,10,0.15850000,20.31666667,25.86416667,0.15786994
2001-05-05T09:20:00,1,5,5,9,20,0.17000000,20.23333333,26.18333333,0.16907463
2001-05-05T09:30:00,1,5,5,9,30,0.18150000,20.15000000,26.50250000,0.18024556
2001-05-05T09:40:00,1,5,5,9,40,0.19300000,20.06666667,26.82166667,0.19138272
2001-05-05T09:50:00,1,5,5,9,50,0.20450000,19.98333333,27.14083333,0.20248612
2001-05-05T10:00:00,1,5,5,10,0,0.21600000,19.90000000,27.46000000,0.21355574
2001-05-05T10:10:00,1,5,5,10,10,0.26700000,20.13333333,29.47833333,0.26149971
2001-05-05T10:20:00,1,5,5,10,20,0.31800000,20.36666667,31.49666667,0.30849668
2001-05-05T10:30:00,1,5,5,10,30,0.36900000,20.60000000,33.51500000,0.35454664
2001-05-05T10:40:00,1,5,5,10,40,0.42000000,20.83333333,35.53333333,0.39964960
2001-05-05T10:50:00,1,5,5,10,50,0.47100000,21.06666667,37.55166667,0.44380556
2001-05-05T11:00:00,1,5,5,11,0,0.52200000,21.30000000,39.57000000,0.48701452
2001-05-05T11:10:00,1,5,5,11,10,0.54150000,21.81666667,40.76916667,0.50222058
2001-05-05T11:20:00,1,5,5,11,20,0.56100000,22.33333333,41.96833333,0.51721152
2001-05-05T11:30:00,1,5,5,11,30,0.58050000,22.85000000,43.16750000,0.53198732
2001-05-05T11:40:00,1,5,5,11,40,0.60000000,23.36666667,44.36666667,0.54654800
2001-05-05T11:50:00,1,5,5,11,50,0.61950000,23.88333333,45.56583333,0.56089354
2001-05-05T12:00:00,1,5,5,12,0,0.63900000,24.40000000,46.76500000,0.57502396
2001-05-05T12:10:00,1,5,5,12,10,0.60783333,24.78333333,46.05750000,0.54895586
2001-05-05T12:20:00,1,5,5,12,20,0.57666667,25.16666667,45.35000000,0.52268490
2001-05-05T12:30:00,1,5,5,12,30,0.54550000,25.55000000,44.64250000,0.49621107
2001-05-05T12:40:00,1,5,5,12,40,0.51433333,25.93333333,43.93500000,0.46953439
2001-05-05T12:50:00,1,5,5,12,50,0.48316667,26.31666667,43.22750000,0.44265483
2001-05-05T13:00:00,1,5,5,13,0,0.45200000,26.70000000,42.52000000,0.41557242
2001-05-05T13:10:00,1,5,5,13,10,0.43333333,26.36666667,41.53333333,0.40037689
2001-05-05T13:20:00,1,5,5,13,20,0.41466667,26.03333333,40.54666667,0.38501192
2001-05-05T13:30:00,1,5,5,13,30,0.39600000,25.70000000,39.56000000,0.36947750
2001-05-05T13:40:00,1,5,5,13,40,0.37733333,25.36666667,38.57333333,0.35377365
2001-05-05T13:50:00,1,5,5,13,50,0.35866667,25.03333333,37.58666667,0.33790034
2001-05-05T14:00:00,1,5,5,14,0,0.34000000,24.70000000,36.60000000,0.32185760
2001-05-05T14:10:00,1,5,5,14,10,0.29683333,24.41666667,34.80583333,0.28344412
2001-05-05T14:20:00,1,5,5,14,20,0.25366667,24.13333333,33.01166667,0.24431812
2001-05-05T14:30:00,1,5,5,14,30,0.21050000,23.85000000,31.21750000,0.20447959
2001-05-05T14:40:00,1,5,5,14,40,0.16733333,23.56666667,29.42333333,0.16392855
2001-05-05T14:50:00,1,5,5,14,50,0.12416667,23.28333333,27.62916667,0.12266497
2001-05-05T15:00:00,1,5,5,15,0,0.08100000,23.00000000,25.83500000,0.08068888
2001-05-05T15:10:00,1,5,5,15,10,0.08600000,22.45000000,25.46000000,0.08581802
2001-05-05T15:20:00,1,5,5,15,20,0.09100000,21.90000000,25.08500000,0.09096442
2001-05-05T15:30:00,1,5,5,15,30,0.09600000,21.35000000,24.71000000,0.09612806
2001-05-05T15:40:00,1,5,5,15,40,0.10100000,20.80000000,24.33500000,0.10130896
2001-05-05T15:50:00,1,5,5,15,50,0.10600000,20.25000000,23.96000000,0.10650710
2001-05-05T16:00:00,1,5,5,16,0,0.11100000,19.70000000,23.58500000,0.11172250
2001-05-05T16:10:00,1,5,5,16,10,0.09433333,19.73333333,23.03500000,0.09518601
2001-05-05T16:20:00,1,5,5,16,20,0.07766667,19.76666667,22.48500000,0.07856519
2001-05-05T16:30:00,1,5,5,16,30,0.06100000,19.80000000,21.93500000,0.06186004
2001-05-05T16:40:00,1,5,5,16,40,0.04433333,19.83333333,21.38500000,0.04507055
2001-05-05T16:50:00,1,5,5,16,50,0.02766667,19.86666667,20.83500000,0.02819673
2001-05-05T17:00:00,1,5,5,17,0,0.01100000,19.90000000,20.28500000,0.01123858
2001-05-05T17:10:00,1,5,5,17,10,0.00916667,19.73333333,20.05416667,0.00937522
2001-05-05T17:20:00,1,5,5,17,20,0.00733333,19.56666667,19.82333333,0.00750796
2001-05-05T17:30:00,1,5,5,17,30,0.00550000,19.40000000,19.59250000,0.00563681
2001-05-05T17:40:00,1,5,5,17,40,0.00366667,19.23333333,19.36166667,0.00376177
2001-05-05T17:50:00,1,5,5,17,50,0.00183333,19.06666667,19.13083333,0.00188283
2001-05-05T18:00:00,1,5,5,18,0,0.00000000,18.90000000,18.90000000,0.00000000
2001-05-05T18:10:00,1,5,5,18,10,0.00000000,18.76666667,18.76666667,0.00000000
2001-05-05T18:20:00,1,5,5,18,20,0.00000000,18.63333333,18.63333333,0.00000000
2001-05-05T18:30:00,1,5,5,18,30,0.00000000,18.50000000,18.50000000,0.00000000
2001-05-05T18:40:00,1,5,5,18,40,0.00000000,18.36666667,18.36666667,0.00000000
2001-05-05T18:50:00,1,5,5,18,50,0.00000000,18.23333333,18.23333333,0.00000000
2001-05-05T19:00:00,1,5,5,19,0,0.00000000,18.10000000,18.10000000,0.00000000
2001-05-05T19:10:00,1,5,5,19,10,0.00000000,17.93333333,17.93333333,0.00000000
2001-05-05T19:20:00,1,5,5,19,20,0.00000000,17.76666667,17.76666667,0.00000000
2001-05-05T19:30:00,1,5,5,19,30,0.00000000,17.60000000,17.60000000,0.00000000
2001-05-05T19:40:00,1,5,5,19,40,0.00000000,17.43333333,17.43333333,0.00000000
2001-05-05T19:50:00,1,5,5,19,50,0.00000000,17.26666667,17.26666667,0.00000000
2001-05-05T20:00:00,1,5,5,20,0,0.00000000,17.10000000,17.10000000,0.00000000
2001-05-05T20:10:00,1,5,5,20,10,0.00000000,17.01666667,17.01666667,0.00000000
2001-05-05T20:20:00,1,5,5,20,20,0.00000000,16.93333333,16.93333333,0.00000000
2001-05-05T20:30:00,1,5,5,20,30,0.00000000,16.85000000,16.85000000,0.00000000
2001-05-05T20:40:00,1,5,5,20,40,0.00000000,16.76666667,16.76666667,0.00000000
2001-05-05T20:50:00,1,5,5,20,50,0.00000000,16.68333333,16.68333333,0.00000000
2001-05-05T21:00:00,1,5,5,21,0,0.00000000,16.60000000,16.60000000,0.00000000
2001-05-05T21:10:00,1,5,5,21,10,0.00000000,16.56666667,16.56666667,0.00000000
2001-05-05T21:20:00,1,5,5,21,20,0.00000000,16.53333333,16.53333333,0.00000000
2001-05-05T21:30:00,1,5,5,21,30,0.00000000,16.50000000,16.50000000,0.00000000
2001-05-05T21:40:00,1,5,5,21,40,0.00000000,16.46666667,16.46666667,0.00000000
2001-05-05T21:50:00,1,5,5,21,50,0.00000000,16.43333333,16.43333333,0.00000000
2001-05-05T22:00:00,1,5,5,22,0,0.00000000,16.40000000,16.40000000,0.00000000
2001-05-05T22:10:00,1,5,5,22,10,0.00000000,16.26666667,16.26666667,0.00000000
2001-05-05T22:20:00,1,5,5,22,20,0.00000000,16.13333333,16.13333333,0.00000000
2001-05-05T22:30:00,1,5,5,22,30,0.00000000,16.00000000,16.00000000,0.00000000
2001-05-05T22:40:00,1,5,5,22,40,0.00000000,15.86666667,15.86666667,0.00000000
2001-05-05T22:50:00,1,5,5,22,50,0.00000000,15.73333333,15.73333333,0.00000000
2001-05-05T23:00:00,1,5,5,23,0,0.00000000,15.60000000,15.60000000,0.00000000
2001-05-05T23:10:00,1,5,5,23,10,0.00000000,15.85000000,15.85000000,0.00000000
2001-05-05T23:20:00,1,5,5,23,20,0.00000000,16.10000000,16.10000000,0.00000000
2001-05-05T23:30:00,1,5,5,23,30,0.00000000,16.35000000,16.35000000,0.00000000
2001-05-05T23:40:00,1,5,5,23,40,0.00000000,16.60000000,16.60000000,0.00000000
2001-05-05T23:50:00,1,5,5,23,50,0.00000000,16.85000000,16.85000000,0.00000000
2001-05-06T00:00:00,1,5,6,0,0,0.00000000,17.10000000,17.10000000,0.00000000
2001-05-06T00:10:00,1,5,6,0,10,0.00000000,17.08333333,17.08333333,0.00000000
2001-05-06T00:20:00,1,5,6,0,20,0.00000000,17.06666667,17.06666667,0.00000000
2001-05-06T00:30:00,1,5,6,0,30,0.00000000,17.05000000,17.05000000,0.00000000
2001-05-06T00:40:00,1,5,6,0,40,0.00000000,17.03333333,17.03333333,0.00000000
2001-05-06T00:50:00,1,5,6,0,50,0.00000000,17.01666667,17.01666667,0.00000000
2001-05-06T01:00:00,1,5,6,1,0,0.00000000,17.00000000,17.00000000,0.00000000
2001-05-06T01:10:00,1,5,6,1,10,0.00000000,17.06666667,17.06666667,0.00000000
2001-05-06T01:20:00,1,5,6,1,20,0.00000000,17.13333333,17.13333333,0.00000000
2001-05-06T01:30:00,1,5,6,1,30,0.00000000,17.20000000,17.20000000,0.00000000
2001-05-06T01:40:00,1,5,6,1,40,0.00000000,17.26666667,17.26666667,0.00000000
2001-05-06T01:50:00,1,5,6,1,50,0.00000000,17.33333333,17.33333333,0.00000000
2001-05-06T02:00:00,1,5,6,2,0,0.00000000,17.40000000,17.40000000,0.00000000
2001-05-06T02:10:00,1,5,6,2,10,0.00000000,17.26666667,17.26666667,0.00000000
2001-05-06T02:20:00,1,5,6,2,20,0.00000000,17.13333333,17.13333333,0.00000000
2001-05-06T02:30:00,1,5,6,2,30,0.00000000,17.00000000,17.00000000,0.00000000
2001-05-06T02:40:00,1,5,6,2,40,0.00000000,16.86666667,16.86666667,0.00000000
2001-05-06T02:50:00,1,5,6,2,50,0.00000000,16.73333333,16.73333333,0.00000000
2001-05-06T03:00:00,1,5,6,3,0,0.00000000,16.60000000,16.60000000,0.00000000
2001-05-06T03:10:00,1,5,6,3,10,0.00000000,16.68333333,16.68333333,0.00000000
2001-05-06T03:20:00,1,5,6,3,20,0.00000000,16.76666667,16.76666667,0.00000000
2001-05-06T03:30:00,1,5,6,3,30,0.00000000,16.85000000,16.85000000,0.00000000
2001-05-06T03:40:00,1,5,6,3,40,0.00000000,16.93333333,16.93333333,0.00000000
2001-05-06T03:50:00,1,5,6,3,50,0.00000000,17.01666667,17.01666667,0.00000000
2001-05-06T04:00:00,1,5,6,4,0,0.00000000,17.10000000,17.10000000,0.00000000
2001-05-06T04:10:00,1,5,6,4,10,0.00000000,17.03333333,17.03333333,0.00000000
2001-05-06T04:20:00,1,5,6,4,20,0.00000000,16.96666667,16.96666667,0.00000000
2001-05-06T04:30:00,1,5,6,4,30,0.00000000,16.90000000,16.90000000,0.00000000
2001-05-06T04:40:00,1,5,6,4,40,0.00000000,16.83333333,16.83333333,0.00000000
2001-05-06T04:50:00,1,5,6,4,50,0.00000000,16.76666667,16.76666667,0.00000000
2001-05-06T05:00:00,1,5,6,5,0,0.00000000,16.70000000,16.70000000,0.00000000
2001-05-06T05:10:00,1,5,6,5,10,0.00100000,16.75000000,16.78500000,0.00103779
2001-05-06T05:20:00,1,5,6,5,20,0.00200000,16.80000000,16.87000000,0.00207480
2001-05-06T05:30:00,1,5,6,5,30,0.00300000,16.85000000,16.95500000,0.00311102
2001-05-06T05:40:00,1,5,6,5,40,0.00400000,16.90000000,17.04000000,0.00414646
2001-05-06T05:50:00,1,5,6,5,50,0.00500000,16.95000000,17.12500000,0.00518112
2001-05-06T06:00:00,1,5,6,6,0,0.00600000,17.00000000,17.21000000,0.00621500
2001-05-06T06:10:00,1,5,6,6,10,0.01116667,17.06666667,17.45750000,0.01155410
2001-05-06T06:20:00,1,5,6,6,20,0.01633333,17.13333333,17.70500000,0.01688143
2001-05-06T06:30:00,1,5,6,6,30,0.02150000,17.20000000,17.95250000,0.02219700
2001-05-06T06:40:00,1,5,6,6,40,0.02666667,17.26666667,18.20000000,0.02750080
2001-05-06T06:50:00,1,5,6,6,50,0.03183333,17.33333333,18.44750000,0.03279284
2001-05-06T07:00:00,1,5,6,7,0,0.03700000,17.40000000,18.69500000,0.03807311
2001-05-06T07:10:00,1,5,6,7,10,0.07350000,17.50000000,20.07250000,0.07516599
2001-05-06T07:20:00,1,5,6,7,20,0.11000000,17.60000000,21.45000000,0.11179630
2001-05-06T07:30:00,1,5,6,7,30,0.14650000,17.70000000,22.82750000,0.14796405
2001-05-06T07:40:00,1,5,6,7,40,0.18300000,17.80000000,24.20500000,0.18366923
2001-05-06T07:50:00,1,5,6,7,50,0.21950000,17.90000000,25.58250000,0.21891185
2001-05-06T08:00:00,1,5,6,8,0,0.25600000,18.00000000,26.96000000,0.25369190
2001-05-06T08:10:00,1,5,6,8,10,0.22483333,18.20000000,26.06916667,0.22372757
2001-05-06T08:20:00,1,5,6,8,20,0.19366667,18.40000000,25.17833333,0.19350780
2001-05-06T08:30:00,1,5,6,8,30,0.16250000,18.60000000,24.28750000,0.16303259
2001-05-06T08:40:00,1,5,6,8,40,0.13133333,18.80000000,23.39666667,0.13230196
2001-05-06T08:50:00,1,5,6,8,50,0.10016667,19.00000000,22.50583333,0.10131590
2001-05-06T09:00:00,1,5,6,9,0,0.06900000,19.20000000,21.61500000,0.07007440
2001-05-06T09:10:00,1,5,6,9,10,0.09166667,19.08333333,22.29166667,0.09280868
2001-05-06T09:20:00,1,5,6,9,20,0.11433333,18.96666667,22.96833333,0.11540185
2001-05-06T09:30:00,1,5,6,9,30,0.13700000,18.85000000,23.64500000,0.13785392
2001-05-06T09:40:00,1,5,6,9,40,0.15966667,18.73333333,24.32166667,0.16016488
2001-05-06T09:50:00,1,5,6,9,50,0.18233333,18.61666667,24.99833333,0.18233473
2001-05-06T10:00:00,1,5,6,10,0,0.20500000,18.50000000,25.67500000,0.20436347
2001-05-06T10:10:00,1,5,6,10,10,0.24150000,18.58333333,27.03583333,0.23923839
2001-05-06T10:20:00,1,5,6,10,20,0.27800000,18.66666667,28.39666667,0.27365634
2001-05-06T10:30:00,1,5,6,10,30,0.31450000,18.75000000,29.75750000,0.30761732
2001-05-06T10:40:00,1,5,6,10,40,0.35100000,18.83333333,31.11833333,0.34112134
2001-05-06T10:50:00,1,5,6,10,50,0.38750000,18.91666667,32.47916667,0.37416839
2001-05-06T11:00:00,1,5,6,11,0,0.42400000,19.00000000,33.84000000,0.40675846
2001-05-06T11:10:00,1,5,6,11,10,0.40533333,19.30000000,33.48666667,0.38950966
2001-05-06T11:20:00,1,5,6,11,20,0.38666667,19.60000000,33.13333333,0.37220018
2001-05-06T11:30:00,1,5,6,11,30,0.36800000,19.90000000,32.78000000,0.35483002
2001-05-06T11:40:00,1,5,6,11,40,0.34933333,20.20000000,32.42666667,0.33739918
2001-05-06T11:50:00,1,5,6,11,50,0.33066667,20.50000000,32.07333333,0.31990766
2001-05-06T12:00:00,1,5,6,12,0,0.31200000,20.80000000,31.72000000,0.30235546
2001-05-06T12:10:00,1,5,6,12,10,0.33700000,20.63333333,32.42833333,0.32548460
2001-05-06T12:20:00,1,5,6,12,20,0.36200000,20.46666667,33.13666667,0.34845082
2001-05-06T12:30:00,1,5,6,12,30,0.38700000,20.30000000,33.84500000,0.37125413
2001-05-06T12:40:00,1,5,6,12,40,0.41200000,20.13333333,34.55333333,0.39389452
2001-05-06T12:50:00,1,5,6,12,50,0.43700000,19.96666667,35.26166667,0.41637200
2001-05-06T13:00:00,1,5,6,13,0,0.46200000,19.80000000,35.97000000,0.43868656
2001-05-06T13:10:00,1,5,6,13,10,0.41950000,20.05000000,34.73250000,0.40071919
2001-05-06T13:20:00,1,5,6,13,20,0.37700000,20.30000000,33.49500000,0.36226797
2001-05-06T13:30:00,1,5,6,13,30,0.33450000,20.55000000,32.25750000,0.32333288
2001-05-06T13:40:00,1,5,6,13,40,0.29200000,20.80000000,31.02000000,0.28391394
2001-05-06T13:50:00,1,5,6,13,50,0.24950000,21.05000000,29.78250000,0.24401112
2001-05-06T14:00:00,1,5,6,14,0,0.20700000,21.30000000,28.54500000,0.20362445
2001-05-06T14:10:00,1,5,6,14,10,0.19950000,21.05000000,28.03250000,0.19671707
2001-05-06T14:20:00,1,5,6,14,20,0.19200000,20.80000000,27.52000000,0.18977434
2001-05-06T14:30:00,1,5,6,14,30,0.18450000,20.55000000,27.00750000,0.18279623
2001-05-06T14:40:00,1,5,6,14,40,0.17700000,20.30000000,26.49500000,0.17578277
2001-05-06T14:50:00,1,5,6,14,50,0.16950000,20.05000000,25.98250000,0.16873394
2001-05-06T15:00:00,1,5,6,15,0,0.16200000,19.80000000,25.47000000,0.16164976
2001-05-06T15:10:00,1,5,6,15,10,0.14600000,19.76666667,24.87666667,0.14608283
2001-05-06T15:20:00,1,5,6,15,20,0.13000000,19.73333333,24.28333333,0.13042857
2001-05-06T15:30:00,1,5,6,15,30,0.11400000,19.70000000,23.69000000,0.11468696
2001-05-06T15:40:00,1,5,6,15,40,0.09800000,19.66666667,23.09666667,0.09885802
2001-05-06T15:50:00,1,5,6,15,50,0.08200000,19.63333333,22.50333333,0.08294174
2001-05-06T16:00:00,1,5,6,16,0,0.06600000,19.60000000,21.91000000,0.06693812
2001-05-06T16:10:00,1,5,6,16,10,0.05650000,19.38333333,21.36083333,0.05744582
2001-05-06T16:20:00,1,5,6,16,20,0.04700000,19.16666667,20.81166667,0.04790552
2001-05-06T16:30:00,1,5,6,16,30,0.03750000,18.95000000,20.26250000,0.03831722
2001-05-06T16:40:00,1,5,6,16,40,0.02800000,18.73333333,19.71333333,0.02868092
2001-05-06T16:50:00,1,5,6,16,50,0.01850000,18.51666667,19.16416667,0.01899663
2001-05-06T17:00:00,1,5,6,17,0,0.00900000,18.30000000,18.61500000,0.00926434
2001-05-06T17:10:00,1,5,6,17,10,0.00750000,18.28333333,18.54583333,0.00772267
2001-05-06T17:20:00,1,5,6,17,20,0.00600000,18.26666667,18.47666667,0.00618004
2001-05-06T17:30:00,1,5,6,17,30,0.00450000,18.25000000,18.40750000,0.00463646
2001-05-06T17:40:00,1,5,6,17,40,0.00300000,18.23333333,18.33833333,0.00309193
2001-05-06T17:50:00,1,5,6,17,50,0.00150000,18.21666667,18.26916667,0.00154644
2001-05-06T18:00:00,1,5,6,18,0,0.00000000,18.20000000,18.20000000,0.00000000
2001-05-06T18:10:00,1,5,6,18,10,0.00000000,18.23333333,18.23333333,0.00000000
2001-05-06T18:20:00,1,5,6,18,20,0.00000000,18.26666667,18.26666667,0.00000000
2001-05-06T18:30:00,1,5,6,18,30,0.00000000,18.30000000,18.30000000,0.00000000
2001-05-06T18:40:00,1,5,6,18,40,0.00000000,18.33333333,18.33333333,0.00000000
2001-05-06T18:50:00,1,5,6,18,50,0.00000000,18.36666667,18.36666667,0.00000000
2001-05-06T19:00:00,1,5,6,19,0,0.00000000,18.40000000,18.40000000,0.00000000
2001-05-06T19:10:00,1,5,6,19,10,0.00000000,18.31666667,18.31666667,0.00000000
2001-05-06T19:20:00,1,5,6,19,20,0.00000000,18.23333333,18.23333333,0.00000000
2001-05-06T19:30:00,1,5,6,19,30,0.00000000,18.15000000,18.15000000,0.00000000
2001-05-06T19:40:00,1,5,6,19,40,0.00000000,18.06666667,18.06666667,0.00000000
2001-05-06T19:50:00,1,5,6,19,50,0.00000000,17.98333333,17.98333333,0.00000000
2001-05-06T20:00:00,1,5,6,20,0,0.00000000,17.90000000,17.90000000,0.00000000
2001-05-06T20:10:00,1,5,6,20,10,0.00000000,17.83333333,17.83333333,0.00000000
2001-05-06T20:20:00,1,5,6,20,20,0.00000000,17.76666667,17.76666667,0.00000000
2001-05-06T20:30:00,1,5,6,20,30,0.00000000,17.70000000,17.70000000,0.00000000
2001-05-06T20:40:00,1,5,6,20,40,0.00000000,17.63333333,17.63333333,0.00000000
2001-05-06T20:50:00,1,5,6,20,50,0.00000000,17.56666667,17.56666667,0.00000000
2001-05-06T21:00:00,1,5,6,21,0,0.00000000,17.50000000,17.50000000,0.00000000
2001-05-06T21:10:00,1,5,6,21,10,0.00000000,17.43333333,17.43333333,0.00000000
2001-05-06T21:20:00,1,5,6,21,20,0.00000000,17.36666667,17.36666667,0.00000000
2001-05-06T21:30:00,1,5,6,21,30,0.00000000,17.30000000,17.30000000,0.00000000
2001-05-06T21:40:00,1,5,6,21,40,0.00000000,17.23333333,17.23333333,0.00000000
2001-05-06T21:50:00,1,5,6,21,50,0.00000000,17.16666667,17.16666667,0.00000000
2001-05-06T22:00:00,1,5,6,22,0,0.00000000,17.10000000,17.10000000,0.00000000
2001-05-06T22:10:00,1,5,6,22,10,0.00000000,17.11666667,17.11666667,0.00000000
2001-05-06T22:20:00,1,5,6,22,20,0.00000000,17.13333333,17.13333333,0.00000000
2001-05-06T22:30:00,1,5,6,22,30,0.00000000,17.15000000,17.15000000,0.00000000
2001-05-06T22:40:00,1,5,6,22,40,0.00000000,17.16666667,17.16666667,0.00000000
2001-05-06T22:50:00,1,5,6,22,50,0.00000000,17.18333333,17.18333333,0.00000000
2001-05-06T23:00:00,1,5,6,23,0,0.00000000,17.20000000,17.20000000,0.00000000
2001-05-06T23:10:00,1,5,6,23,10,0.00000000,17.18333333,17.18333333,0.00000000
2001-05-06T23:20:00,1,5,6,23,20,0.00000000,17.16666667,17.16666667,0.00000000
2001-05-06T23:30:00,1,5,6,23,30,0.00000000,17.15000000,17.15000000,0.00000000
2001-05-06T23:40:00,1,5,6,23,40,0.00000000,17.13333333,17.13333333,0.00000000
2001-05-06T23:50:00,1,5,6,23,50,0.00000000,17.11666667,17.11666667,0.00000000
2001-05-07T00:00:00,1,5,7,0,0,0.00000000,17.10000000,17.10000000,0.00000000
2001-05-07T00:10:00,1,5,7,0,10,0.00000000,17.05000000,17.05000000,0.00000000
2001-05-07T00:20:00,1,5,7,0,20,0.00000000,17.00000000,17.00000000,0.00000000
2001-05-07T00:30:00,1,5,7,0,30,0.00000000,16.95000000,16.95000000,0.00000000
2001-05-07T00:40:00,1,5,7,0,40,0.00000000,16.90000000,16.90000000,0.00000000
2001-05-07T00:50:00,1,5,7,0,50,0.00000000,16.85000000,16.85000000,0.00000000
2001-05-07T01:00:00,1,5,7,1,0,0.00000000,16.80000000,16.80000000,0.00000000
2001-05-07T01:10:00,1,5,7,1,10,0.00000000,16.81666667,16.81666667,0.00000000
2001-05-07T01:20:00,1,5,7,1,20,0.00000000,16.83333333,16.83333333,0.00000000
2001-05-07T01:30:00,1,5,7,1,30,0.00000000,16.85000000,16.85000000,0.00000000
2001-05-07T01:40:00,1,5,7,1,40,0.00000000,16.86666667,16.86666667,0.00000000
2001-05-07T01:50:00,1,5,7,1,50,0.00000000,16.88333333,16.88333333,0.00000000
2001-05-07T02:00:00,1,5,7,2,0,0.00000000,16.90000000,16.90000000,0.00000000
2001-05-07T02:10:00,1,5,7,2,10,0.00000000,16.78333333,16.78333333,0.00000000
2001-05-07T02:20:00,1,5,7,2,20,0.00000000,16.66666667,16.66666667,0.00000000
2001-05-07T02:30:00,1,5,7,2,30,0.00000000,16.55000000,16.55000000,0.00000000
2001-05-07T02:40:00,1,5,7,2,40,0.00000000,16.43333333,16.43333333,0.00000000
2001-05-07T02:50:00,1,5,7,2,50,0.00000000,16.31666667,16.31666667,0.00000000
2001-05-07T03:00:00,1,5,7,3,0,0.00000000,16.20000000,16.20000000,0.00000000
2001-05-07T03:10:00,1,5,7,3,10,0.00000000,16.31666667,16.31666667,0.00000000
2001-05-07T03:20:00,1,5,7,3,20,0.00000000,16.43333333,16.43333333,0.00000000
2001-05-07T03:30:00,1,5,7,3,30,0.00000000,16.55000000,16.55000000,0.00000000
2001-05-07T03:40:00,1,5,7,3,40,0.00000000,16.66666667,16.66666667,0.00000000
2001-05-07T03:50:00,1,5,7,3,50,0.00000000,16.78333333,16.78333333,0.00000000
2001-05-07T04:00:00,1,5,7,4,0,0.00000000,16.90000000,16.90000000,0.00000000
2001-05-07T04:10:00,1,5,7,4,10,0.00000000,16.81666667,16.81666667,0.00000000
2001-05-07T04:20:00,1,5,7,4,20,0.00000000,16.73333333,16.73333333,0.00000000
2001-05-07T04:30:00,1,5,7,4,30,0.00000000,16.65000000,16.65000000,0.00000000
2001-05-07T04:40:00,1,5,7,4,40,0.00000000,16.56666667,16.56666667,0.00000000
2001-05-07T04:50:00,1,5,7,4,50,0.00000000,16.48333333,16.48333333,0.00000000
2001-05-07T05:00:00,1,5,7,5,0,0.00000000,16.40000000,16.40000000,0.00000000
2001-05-07T05:10:00,1,5,7,5,10,0.00150000,16.43333333,16.48583333,0.00155875
2001-05-07T05:20:00,1,5,7,5,20,0.00300000,16.46666667,16.57166667,0.00311631
2001-05-07T05:30:00,1,5,7,5,30,0.00450000,16.50000000,16.65750000,0.00467269
2001-05-07T05:40:00,1,5,7,5,40,0.00600000,16.53333333,16.74333333,0.00622788
2001-05-07T05:50:00,1,5,7,5,50,0.00750000,16.56666667,16.82916667,0.00778189
2001-05-07T06:00:00,1,5,7,6,0,0.00900000,16.60000000,16.91500000,0.00933472
2001-05-07T06:10:00,1,5,7,6,10,0.02666667,16.56666667,17.50000000,0.02758667
2001-05-07T06:20:00,1,5,7,6,20,0.04433333,16.53333333,18.08500000,0.04574353
2001-05-07T06:30:00,1,5,7,6,30,0.06200000,16.50000000,18.67000000,0.06380532
2001-05-07T06:40:00,1,5,7,6,40,0.07966667,16.46666667,19.25500000,0.08177202
2001-05-07T06:50:00,1,5,7,6,50,0.09733333,16.43333333,19.84000000,0.09964364
2001-05-07T07:00:00,1,5,7,7,0,0.11500000,16.40000000,20.42500000,0.11742018
2001-05-07T07:10:00,1,5,7,7,10,0.14400000,16.71666667,21.75666667,0.14614838
2001-05-07T07:20:00,1,5,7,7,20,0.17300000,17.03333333,23.08833333,0.17452130
2001-05-07T07:30:00,1,5,7,7,30,0.20200000,17.35000000,24.42000000,0.20253894
2001-05-07T07:40:00,1,5,7,7,40,0.23100000,17.66666667,25.75166667,0.23020128
2001-05-07T07:50:00,1,5,7,7,50,0.26000000,17.98333333,27.08333333,0.25750833
2001-05-07T08:00:00,1,5,7,8,0,0.28900000,18.30000000,28.41500000,0.28446010
2001-05-07T08:10:00,1,5,7,8,10,0.32083333,18.73333333,29.96250000,0.31350951
2001-05-07T08:20:00,1,5,7,8,20,0.35266667,19.16666667,31.51000000,0.34210571
2001-05-07T08:30:00,1,5,7,8,30,0.38450000,19.60000000,33.05750000,0.37024870
2001-05-07T08:40:00,1,5,7,8,40,0.41633333,20.03333333,34.60500000,0.39793848
2001-05-07T08:50:00,1,5,7,8,50,0.44816667,20.46666667,36.15250000,0.42517504
2001-05-07T09:00:00,1,5,7,9,0,0.48000000,20.90000000,37.70000000,0.45195840
2001-05-07T09:10:00,1,5,7,9,10,0.47483333,21.25000000,37.86916667,0.44672407
2001-05-07T09:20:00,1,5,7,9,20,0.46966667,21.60000000,38.03833333,0.44149778
2001-05-07T09:30:00,1,5,7,9,30,0.46450000,21.95000000,38.20750000,0.43627953
2001-05-07T09:40:00,1,5,7,9,40,0.45933333,22.30000000,38.37666667,0.43106933
2001-05-07T09:50:00,1,5,7,9,50,0.45416667,22.65000000,38.54583333,0.42586716
2001-05-07T10:00:00,1,5,7,10,0,0.44900000,23.00000000,38.71500000,0.42067304
2001-05-07T10:10:00,1,5,7,10,10,0.45466667,23.01666667,38.93000000,0.42553254
2001-05-07T10:20:00,1,5,7,10,20,0.46033333,23.03333333,39.14500000,0.43038082
2001-05-07T10:30:00,1,5,7,10,30,0.46600000,23.05000000,39.36000000,0.43521790
2001-05-07T10:40:00,1,5,7,10,40,0.47166667,23.06666667,39.57500000,0.44004378
2001-05-07T10:50:00,1,5,7,10,50,0.47733333,23.08333333,39.79000000,0.44485844
2001-05-07T11:00:00,1,5,7,11,0,0.48300000,23.10000000,40.00500000,0.44966189
2001-05-07T11:10:00,1,5,7,11,10,0.45316667,23.23333333,39.09416667,0.42378644
2001-05-07T11:20:00,1,5,7,11,20,0.42333333,23.36666667,38.18333333,0.39766099
2001-05-07T11:30:00,1,5,7,11,30,0.39350000,23.50000000,37.27250000,0.37128555
2001-05-07T11:40:00,1,5,7,11,40,0.36366667,23.63333333,36.36166667,0.34466011
2001-05-07T11:50:00,1,5,7,11,50,0.33383333,23.76666667,35.45083333,0.31778469
2001-05-07T12:00:00,1,5,7,12,0,0.30400000,23.90000000,34.54000000,0.29065926
2001-05-07T12:10:00,1,5,7,12,10,0.31516667,23.46666667,34.49750000,0.30139751
2001-05-07T12:20:00,1,5,7,12,20,0.32633333,23.03333333,34.45500000,0.31214012
2001-05-07T12:30:00,1,5,7,12,30,0.33750000,22.60000000,34.41250000,0.32288709
2001-05-07T12:40:00,1,5,7,12,40,0.34866667,22.16666667,34.37000000,0.33363844
2001-05-07T12:50:00,1,5,7,12,50,0.35983333,21.73333333,34.32750000,0.34439414
2001-05-07T13:00:00,1,5,7,13,0,0.37100000,21.30000000,34.28500000,0.35515422
2001-05-07T13:10:00,1,5,7,13,10,0.34816667,21.48333333,33.66916667,0.33428242
2001-05-07T13:20:00,1,5,7,13,20,0.32533333,21.66666667,33.05333333,0.31328125
2001-05-07T13:30:00,1,5,7,13,30,0.30250000,21.85000000,32.43750000,0.29215072
2001-05-07T13:40:00,1,5,7,13,40,0.27966667,22.03333333,31.82166667,0.27089082
2001-05-07T13:50:00,1,5,7,13,50,0.25683333,22.21666667,31.20583333,0.24950155
2001-05-07T14:00:00,1,5,7,14,0,0.23400000,22.40000000,30.59000000,0.22798292
2001-05-07T14:10:00,1,5,7,14,10,0.22033333,22.13333333,29.84500000,0.21542276
2001-05-07T14:20:00,1,5,7,14,20,0.20666667,21.86666667,29.10000000,0.20276893
2001-05-07T14:30:00,1,5,7,14,30,0.19300000,21.60000000,28.35500000,0.19002143
2001-05-07T14:40:00,1,5,7,14,40,0.17933333,21.33333333,27.61000000,0.17718026
2001-05-07T14:50:00,1,5,7,14,50,0.16566667,21.06666667,26.86500000,0.16424541
2001-05-07T15:00:00,1,5,7,15,0,0.15200000,20.80000000,26.12000000,0.15121690
2001-05-07T15:10:00,1,5,7,15,10,0.15416667,20.65000000,26.04583333,0.15342500
2001-05-07T15:20:00,1,5,7,15,20,0.15633333,20.50000000,25.97166667,0.15563458
2001-05-07T15:30:00,1,5,7,15,30,0.15850000,20.35000000,25.89750000,0.15784563
2001-05-07T15:40:00,1,5,7,15,40,0.16066667,20.20000000,25.82333333,0.16005817
2001-05-07T15:50:00,1,5,7,15,50,0.16283333,20.05000000,25.74916667,0.16227218
2001-05-07T16:00:00,1,5,7,16,0,0.16500000,19.90000000,25.67500000,0.16448767
2001-05-07T16:10:00,1,5,7,16,10,0.13933333,19.78333333,24.66000000,0.13955125
2001-05-07T16:20:00,1,5,7,16,20,0.11366667,19.66666667,23.64500000,0.11437515
2001-05-07T16:30:00,1,5,7,16,30,0.08800000,19.55000000,22.63000000,0.08895938
2001-05-07T16:40:00,1,5,7,16,40,0.06233333,19.43333333,21.61500000,0.06330393
2001-05-07T16:50:00,1,5,7,16,50,0.03666667,19.31666667,20.60000000,0.03740880
2001-05-07T17:00:00,1,5,7,17,0,0.01100000,19.20000000,19.58500000,0.01127400
2001-05-07T17:10:00,1,5,7,17,10,0.00916667,18.96666667,19.28750000,0.00940754
2001-05-07T17:20:00,1,5,7,17,20,0.00733333,18.73333333,18.99000000,0.00753607
2001-05-07T17:30:00,1,5,7,17,30,0.00550000,18.50000000,18.69250000,0.00565958
2001-05-07T17:40:00,1,5,7,17,40,0.00366667,18.26666667,18.39500000,0.00377807
2001-05-07T17:50:00,1,5,7,17,50,0.00183333,18.03333333,18.09750000,0.00189154
2001-05-07T18:00:00,1,5,7,18,0,0.00000000,17.80000000,17.80000000,0.00000000
2001-05-07T18:10:00,1,5,7,18,10,0.00000000,17.71666667,17.71666667,0.00000000
2001-05-07T18:20:00,1,5,7,18,20,0.00000000,17.63333333,17.63333333,0.00000000
2001-05-07T18:30:00,1,5,7,18,30,0.00000000,17.55000000,17.55000000,0.00000000
2001-05-07T18:40:00,1,5,7,18,40,0.00000000,17.46666667,17.46666667,0.00000000
2001-05-07T18:50:00,1,5,7,18,50,0.00000000,17.38333333,17.38333333,0.00000000
2001-05-07T19:00:00,1,5,7,19,0,0.00000000,17.30000000,17.30000000,0.00000000
2001-05-07T19:10:00,1,5,7,19,10,0.00000000,17.16666667,17.16666667,0.00000000
2001-05-07T19:20:00,1,5,7,19,20,0.00000000,17.03333333,17.03333333,0.00000000
2001-05-07T19:30:00,1,5,7,19,30,0.00000000,16.90000000,16.90000000,0.00000000
2001-05-07T19:40:00,1,5,7,19,40,0.00000000,16.76666667,16.76666667,0.00000000
2001-05-07T19:50:00,1,5,7,19,50,0.00000000,16.63333333,16.63333333,0.00000000
2001-05-07T20:00:00,1,5,7,20,0,0.00000000,16.50000000,16.50000000,0.00000000
2001-05-07T20:10:00,1,5,7,20,10,0.00000000,16.51666667,16.51666667,0.00000000
2001-05-07T20:20:00,1,5,7,20,20,0.00000000,16.53333333,16.53333333,0.00000000
2001-05-07T20:30:00,1,5,7,20,30,0.00000000,16.55000000,16.55000000,0.00000000
2001-05-07T20:40:00,1,5,7,20,40,0.00000000,16.56666667,16.56666667,0.00000000
2001-05-07T20:50:00,1,5,7,20,50,0.00000000,16.58333333,16.58333333,0.00000000
2001-05-07T21:00:00,1,5,7,21,0,0.00000000,16.60000000,16.60000000,0.00000000
2001-05-07T21:10:00,1,5,7,21,10,0.00000000,16.58333333,16.58333333,0.00000000
2001-05-07T21:20:00,1,5,7,21,20,0.00000000,16.56666667,16.56666667,0.00000000
2001-05-07T21:30:00,1,5,7,21,30,0.00000000,16.55000000,16.55000000,0.00000000
2001-05-07T21:40:00,1,5,7,21,40,0.00000000,16.53333333,16.53333333,0.00000000
2001-05-07T21:50:00,1,5,7,21,50,0.00000000,16.51666667,16.51666667,0.00000000
2001-05-07T22:00:00,1,5,7,22,0,0.00000000,16.50000000,16.50000000,0.00000000
2001-05-07T22:10:00,1,5,7,22,10,0.00000000,16.31666667,16.31666667,0.00000000
2001-05-07T22:20:00,1,5,7,22,20,0.00000000,16.13333333,16.13333333,0.00000000
2001-05-07T22:30:00,1,5,7,22,30,0.00000000,15.95000000,15.95000000,0.00000000
2001-05-07T22:40:00,1,5,7,22,40,0.00000000,15.76666667,15.76666667,0.00000000
2001-05-07T22:50:00,1,5,7,22,50,0.00000000,15.58333333,15.58333333,0.00000000
2001-05-07T23:00:00,1,5,7,23,0,0.00000000,15.40000000,15.40000000,0.00000000
2001-05-07T23:10:00,1,5,7,23,10,0.00000000,15.11666667,15.11666667,0.00000000
2001-05-07T23:20:00,1,5,7,23,20,0.00000000,14.83333333,14.83333333,0.00000000
2001-05-07T23:30:00,1,5,7,23,30,0.00000000,14.55000000,14.55000000,0.00000000
2001-05-07T23:40:00,1,5,7,23,40,0.00000000,14.26666667,14.26666667,0.00000000
2001-05-07T23:50:00,1,5,7,23,50,0.00000000,13.98333333,13.98333333,0.00000000
2001-05-08T00:00:00,1,5,8,0,0,0.00000000,13.70000000,13.70000000,0.00000000
2001-05-08T00:10:00,1,5,8,0,10,0.00000000,13.73333333,13.73333333,0.00000000
2001-05-08T00:20:00,1,5,8,0,20,0.00000000,13.76666667,13.76666667,0.00000000
2001-05-08T00:30:00,1,5,8,0,30,0.00000000,13.80000000,13.80000000,0.00000000
2001-05-08T00:40:00,1,5,8,0,40,0.00000000,13.83333333,13.83333333,0.00000000
2001-05-08T00:50:00,1,5,8,0,50,0.00000000,13.86666667,13.86666667,0.00000000
2001-05-08T01:00:00,1,5,8,1,0,0.00000000,13.90000000,13.90000000,0.00000000
2001-05-08T01:10:00,1,5,8,1,10,0.00000000,13.80000000,13.80000000,0.00000000
2001-05-08T01:20:00,1,5,8,1,20,0.00000000,13.70000000,13.70000000,0.00000000
2001-05-08T01:30:00,1,5,8,1,30,0.00000000,13.60000000,13.60000000,0.00000000
2001-05-08T01:40:00,1,5,8,1,40,0.00000000,13.50000000,13.50000000,0.00000000
2001-05-08T01:50:00,1,5,8,1,50,0.00000000,13.40000000,13.40000000,0.00000000
2001-05-08T02:00:00,1,5,8,2,0,0.00000000,13.30000000,13.30000000,0.00000000
2001-05-08T02:10:00,1,5,8,2,10,0.00000000,13.38333333,13.38333333,0.00000000
2001-05-08T02:20:00,1,5,8,2,20,0.00000000,13.46666667,13.46666667,0.00000000
2001-05-08T02:30:00,1,5,8,2,30,0.00000000,13.55000000,13.55000000,0.00000000
2001-05-08T02:40:00,1,5,8,2,40,0.00000000,13.63333333,13.63333333,0.00000000
2001-05-08T02:50:00,1,5,8,2,50,0.00000000,13.71666667,13.71666667,0.00000000
2001-05-08T03:00:00,1,5,8,3,0,0.00000000,13.80000000,13.80000000,0.00000000
2001-05-08T03:10:00,1,5,8,3,10,0.00000000,13.70000000,13.70000000,0.00000000
2001-05-08T03:20:00,1,5,8,3,20,0.00000000,13.60000000,13.60000000,0.00000000
2001-05-08T03:30:00,1,5,8,3,30,0.00000000,13.50000000,13.50000000,0.00000000
2001-05-08T03:40:00,1,5,8,3,40,0.00000000,13.40000000,13.40000000,0.00000000
2001-05-08T03:50:00,1,5,8,3,50,0.00000000,13.30000000,13.30000000,0.00000000
2001-05-08T04:00:00,1,5,8,4,0,0.00000000,13.20000000,13.20000000,0.00000000
2001-05-08T04:10:00,1,5,8,4,10,0.00000000,13.30000000,13.30000000,0.00000000
2001-05-08T04:20:00,1,5,8,4,20,0.00000000,13.40000000,13.40000000,0.00000000
2001-05-08T04:30:00,1,5,8,4,30,0.00000000,13.50000000,13.50000000,0.00000000
2001-05-08T04:40:00,1,5,8,4,40,0.00000000,13.60000000,13.60000000,0.00000000
2001-05-08T04:50:00,1,5,8,4,50,0.00000000,13.70000000,13.70000000,0.00000000
2001-05-08T05:00:00,1,5,8,5,0,0.00000000,13.80000000,13.80000000,0.00000000
2001-05-08T05:10:00,1,5,8,5,10,0.00183333,13.73333333,13.79750000,0.00192781
2001-05-08T05:20:00,1,5,8,5,20,0.00366667,13.66666667,13.79500000,0.00385566
2001-05-08T05:30:00,1,5,8,5,30,0.00550000,13.60000000,13.79250000,0.00578355
2001-05-08T05:40:00,1,5,8,5,40,0.00733333,13.53333333,13.79000000,0.00771148
2001-05-08T05:50:00,1,5,8,5,50,0.00916667,13.46666667,13.78750000,0.00963946
2001-05-08T06:00:00,1,5,8,6,0,0.01100000,13.40000000,13.78500000,0.01156748
2001-05-08T06:10:00,1,5,8,6,10,0.02933333,13.41666667,14.44333333,0.03075778
2001-05-08T06:20:00,1,5,8,6,20,0.04766667,13.43333333,15.10166667,0.04983704
2001-05-08T06:30:00,1,5,8,6,30,0.06600000,13.45000000,15.76000000,0.06880526
2001-05-08T06:40:00,1,5,8,6,40,0.08433333,13.46666667,16.41833333,0.08766245
2001-05-08T06:50:00,1,5,8,6,50,0.10266667,13.48333333,17.07666667,0.10640859
2001-05-08T07:00:00,1,5,8,7,0,0.12100000,13.50000000,17.73500000,0.12504370
2001-05-08T07:10:00,1,5,8,7,10,0.15050000,14.05000000,19.31750000,0.15443399
2001-05-08T07:20:00,1,5,8,7,20,0.18000000,14.60000000,20.90000000,0.18339480
2001-05-08T07:30:00,1,5,8,7,30,0.20950000,15.15000000,22.48250000,0.21192611
2001-05-08T07:40:00,1,5,8,7,40,0.23900000,15.70000000,24.06500000,0.24002794
2001-05-08T07:50:00,1,5,8,7,50,0.26850000,16.25000000,25.64750000,0.26770027
2001-05-08T08:00:00,1,5,8,8,0,0.29800000,16.80000000,27.23000000,0.29494312
2001-05-08T08:10:00,1,5,8,8,10,0.29733333,17.10000000,27.50666667,0.29390488
2001-05-08T08:20:00,1,5,8,8,20,0.29666667,17.40000000,27.78333333,0.29286834
2001-05-08T08:30:00,1,5,8,8,30,0.29600000,17.70000000,28.06000000,0.29183350
2001-05-08T08:40:00,1,5,8,8,40,0.29533333,18.00000000,28.33666667,0.29080036
2001-05-08T08:50:00,1,5,8,8,50,0.29466667,18.30000000,28.61333333,0.28976891
2001-05-08T09:00:00,1,5,8,9,0,0.29400000,18.60000000,28.89000000,0.28873916
2001-05-08T09:10:00,1,5,8,9,10,0.33250000,18.83333333,30.47083333,0.32413236
2001-05-08T09:20:00,1,5,8,9,20,0.37100000,19.06666667,32.05166667,0.35896563
2001-05-08T09:30:00,1,5,8,9,30,0.40950000,19.30000000,33.63250000,0.39323896
2001-05-08T09:40:00,1,5,8,9,40,0.44800000,19.53333333,35.21333333,0.42695236
2001-05-08T09:50:00,1,5,8,9,50,0.48650000,19.76666667,36.79416667,0.46010583
2001-05-08T10:00:00,1,5,8,10,0,0.52500000,20.00000000,38.37500000,0.49269937
2001-05-08T10:10:00,1,5,8,10,10,0.55166667,20.43333333,39.74166667,0.51425723
2001-05-08T10:20:00,1,5,8,10,20,0.57833333,20.86666667,41.10833333,0.53547980
2001-05-08T10:30:00,1,5,8,10,30,0.60500000,21.30000000,42.47500000,0.55636708
2001-05-08T10:40:00,1,5,8,10,40,0.63166667,21.73333333,43.84166667,0.57691906
2001-05-08T10:50:00,1,5,8,10,50,0.65833333,22.16666667,45.20833333,0.59713576
2001-05-08T11:00:00,1,5,8,11,0,0.68500000,22.60000000,46.57500000,0.61701718
2001-05-08T11:10:00,1,5,8,11,10,0.66700000,22.86666667,46.21166667,0.60191836
2001-05-08T11:20:00,1,5,8,11,20,0.64900000,23.13333333,45.84833333,0.58675939
2001-05-08T11:30:00,1,5,8,11,30,0.63100000,23.40000000,45.48500000,0.57154024
2001-05-08T11:40:00,1,5,8,11,40,0.61300000,23.66666667,45.12166667,0.55626092
2001-05-08T11:50:00,1,5,8,11,50,0.59500000,23.93333333,44.75833333,0.54092144
2001-05-08T12:00:00,1,5,8,12,0,0.57700000,24.20000000,44.39500000,0.52552179
2001-05-08T12:10:00,1,5,8,12,10,0.60000000,24.06666667,45.06666667,0.54461600
2001-05-08T12:20:00,1,5,8,12,20,0.62300000,23.93333333,45.73833333,0.56356808
2001-05-08T12:30:00,1,5,8,12,30,0.64600000,23.80000000,46.41000000,0.58237804
2001-05-08T12:40:00,1,5,8,12,40,0.66900000,23.66666667,47.08166667,0.60104588
2001-05-08T12:50:00,1,5,8,12,50,0.69200000,23.53333333,47.75333333,0.61957159
2001-05-08T13:00:00,1,5,8,13,0,0.71500000,23.40000000,48.42500000,0.63795517
2001-05-08T13:10:00,1,5,8,13,10,0.66850000,23.76666667,47.16416667,0.60034297
2001-05-08T13:20:00,1,5,8,13,20,0.62200000,24.13333333,45.90333333,0.56219138
2001-05-08T13:30:00,1,5,8,13,30,0.57550000,24.50000000,44.64250000,0.52350041
2001-05-08T13:40:00,1,5,8,13,40,0.52900000,24.86666667,43.38166667,0.48427005
2001-05-08T13:50:00,1,5,8,13,50,0.48250000,25.23333333,42.12083333,0.44450031
2001-05-08T14:00:00,1,5,8,14,0,0.43600000,25.60000000,40.86000000,0.40419118
2001-05-08T14:10:00,1,5,8,14,10,0.41850000,25.16666667,39.81416667,0.38998125
2001-05-08T14:20:00,1,5,8,14,20,0.40100000,24.73333333,38.76833333,0.37560293
2001-05-08T14:30:00,1,5,8,14,30,0.38350000,24.30000000,37.72250000,0.36105624
2001-05-08T14:40:00,1,5,8,14,40,0.36600000,23.86666667,36.67666667,0.34634116
2001-05-08T14:50:00,1,5,8,14,50,0.34850000,23.43333333,35.63083333,0.33145771
2001-05-08T15:00:00,1,5,8,15,0,0.33100000,23.00000000,34.58500000,0.31640588
2001-05-08T15:10:00,1,5,8,15,10,0.29833333,22.96666667,33.40833333,0.28679430
2001-05-08T15:20:00,1,5,8,15,20,0.26566667,22.93333333,32.23166667,0.25682909
2001-05-08T15:30:00,1,5,8,15,30,0.23300000,22.90000000,31.05500000,0.22651025
2001-05-08T15:40:00,1,5,8,15,40,0.20033333,22.86666667,29.87833333,0.19583779
2001-05-08T15:50:00,1,5,8,15,50,0.16766667,22.83333333,28.70166667,0.16481169
2001-05-08T16:00:00,1,5,8,16,0,0.13500000,22.80000000,27.52500000,0.13343198
2001-05-08T16:10:00,1,5,8,16,10,0.11500000,22.48333333,26.50833333,0.11420209
2001-05-08T16:20:00,1,5,8,16,20,0.09500000,22.16666667,25.49166667,0.09478514
2001-05-08T16:30:00,1,5,8,16,30,0.07500000,21.85000000,24.47500000,0.07518113
2001-05-08T16:40:00,1,5,8,16,40,0.05500000,21.53333333,23.45833333,0.05539004
2001-05-08T16:50:00,1,5,8,16,50,0.03500000,21.21666667,22.44166667,0.03541189
2001-05-08T17:00:00,1,5,8,17,0,0.01500000,20.90000000,21.42500000,0.01524667
2001-05-08T17:10:00,1,5,8,17,10,0.01250000,20.66666667,21.10416667,0.01272401
2001-05-08T17:20:00,1,5,8,17,20,0.01000000,20.43333333,20.78333333,0.01019397
2001-05-08T17:30:00,1,5,8,17,30,0.00750000,20.20000000,20.46250000,0.00765654
2001-05-08T17:40:00,1,5,8,17,40,0.00500000,19.96666667,20.14166667,0.00511174
2001-05-08T17:50:00,1,5,8,17,50,0.00250000,19.73333333,19.82083333,0.00255956
2001-05-08T18:00:00,1,5,8,18,0,0.00000000,19.50000000,19.50000000,0.00000000
2001-05-08T18:10:00,1,5,8,18,10,0.00000000,19.51666667,19.51666667,0.00000000
2001-05-08T18:20:00,1,5,8,18,20,0.00000000,19.53333333,19.53333333,0.00000000
2001-05-08T18:30:00,1,5,8,18,30,0.00000000,19.55000000,19.55000000,0.00000000
2001-05-08T18:40:00,1,5,8,18,40,0.00000000,19.56666667,19.56666667,0.00000000
2001-05-08T18:50:00,1,5,8,18,50,0.00000000,19.58333333,19.58333333,0.00000000
2001-05-08T19:00:00,1,5,8,19,0,0.00000000,19.60000000,19.60000000,0.00000000
2001-05-08T19:10:00,1,5,8,19,10,0.00000000,19.35000000,19.35000000,0.00000000
2001-05-08T19:20:00,1,5,8,19,20,0.00000000,19.10000000,19.10000000,0.00000000
2001-05-08T19:30:00,1,5,8,19,30,0.00000000,18.85000000,18.85000000,0.00000000
2001-05-08T19:40:00,1,5,8,19,40,0.00000000,18.60000000,18.60000000,0.00000000
2001-05-08T19:50:00,1,5,8,19,50,0.00000000,18.35000000,18.35000000,0.00000000
2001-05-08T20:00:00,1,5,8,20,0,0.00000000,18.10000000,18.10000000,0.00000000
2001-05-08T20:10:00,1,5,8,20,10,0.00000000,18.13333333,18.13333333,0.00000000
2001-05-08T20:20:00,1,5,8,20,20,0.00000000,18.16666667,18.16666667,0.00000000
2001-05-08T20:30:00,1,5,8,20,30,0.00000000,18.20000000,18.20000000,0.00000000
2001-05-08T20:40:00,1,5,8,20,40,0.00000000,18.23333333,18.23333333,0.00000000
2001-05-08T20:50:00,1,5,8,20,50,0.00000000,18.26666667,18.26666667,0.00000000
2001-05-08T21:00:00,1,5,8,21,0,0.00000000,18.30000000,18.30000000,0.00000000
2001-05-08T21:10:00,1,5,8,21,10,0.00000000,18.16666667,18.16666667,0.00000000
2001-05-08T21:20:00,1,5,8,21,20,0.00000000,18.03333333,18.03333333,0.00000000
2001-05-08T21:30:00,1,5,8,21,30,0.00000000,17.90000000,17.90000000,0.00000000
2001-05-08T21:40:00,1,5,8,21,40,0.00000000,17.76666667,17.76666667,0.00000000
2001-05-08T21:50:00,1,5,8,21,50,0.00000000,17.63333333,17.63333333,0.00000000
2001-05-08T22:00:00,1,5,8,22,0,0.00000000,17.50000000,17.50000000,0.00000000
2001-05-08T22:10:00,1,5,8,22,10,0.00000000,17.40000000,17.40000000,0.00000000
2001-05-08T22:20:00,1,5,8,22,20,0.00000000,17.30000000,17.30000000,0.00000000
2001-05-08T22:30:00,1,5,8,22,30,0.00000000,17.20000000,17.20000000,0.00000000
2001-05-08T22:40:00,1,5,8,22,40,0.00000000,17.10000000,17.10000000,0.00000000
2001-05-08T22:50:00,1,5,8,22,50,0.00000000,17.00000000,17.00000000,0.00000000
2001-05-08T23:00:00,1,5,8,23,0,0.00000000,16.90000000,16.90000000,0.00000000
2001-05-08T23:10:00,1,5,8,23,10,0.00000000,16.98333333,16.98333333,0.00000000
2001-05-08T23:20:00,1,5,8,23,20,0.00000000,17.06666667,17.06666667,0.00000000
2001-05-08T23:30:00,1,5,8,23,30,0.00000000,17.15000000,17.15000000,0.00000000
2001-05-08T23:40:00,1,5,8,23,40,0.00000000,17.23333333,17.23333333,0.00000000
2001-05-08T23:50:00,1,5,8,23,50,0.00000000,17.31666667,17.31666667,0.00000000
2001-05-09T00:00:00,1,5,9,0,0,0.00000000,17.40000000,17.40000000,0.00000000
2001-05-09T00:10:00,1,5,9,0,10,0.00000000,17.35000000,17.35000000,0.00000000
2001-05-09T00:20:00,1,5,9,0,20,0.00000000,17.30000000,17.30000000,0.00000000
2001-05-09T00:30:00,1,5,9,0,30,0.00000000,17.25000000,17.25000000,0.00000000
2001-05-09T00:40:00,1,5,9,0,40,0.00000000,17.20000000,17.20000000,0.00000000
2001-05-09T00:50:00,1,5,9,0,50,0.00000000,17.15000000,17.15000000,0.00000000
2001-05-09T01:00:00,1,5,9,1,0,0.00000000,17.10000000,17.10000000,0.00000000
2001-05-09T01:10:00,1,5,9,1,10,0.00000000,16.95000000,16.95000000,0.00000000
2001-05-09T01:20:00,1,5,9,1,20,0.00000000,16.80000000,16.80000000,0.00000000
2001-05-09T01:30:00,1,5,9,1,30,0.00000000,16.65000000,16.65000000,0.00000000
2001-05-09T01:40:00,1,5,9,1,40,0.00000000,16.50000000,16.50000000,0.00000000
2001-05-09T01:50:00,1,5,9,1,50,0.00000000,16.35000000,16.35000000,0.00000000
2001-05-09T02:00:00,1,5,9,2,0,0.00000000,16.20000000,16.20000000,0.00000000
2001-05-09T02:10:00,1,5,9,2,10,0.00000000,16.28333333,16.28333333,0.00000000
2001-05-09T02:20:00,1,5,9,2,20,0.00000000,16.36666667,16.36666667,0.00000000
2001-05-09T02:30:00,1,5,9,2,30,0.00000000,16.45000000,16.45000000,0.00000000
2001-05-09T02:40:00,1,5,9,2,40,0.00000000,16.53333333,16.53333333,0.00000000
2001-05-09T02:50:00,1,5,9,2,50,0.00000000,16.61666667,16.61666667,0.00000000
2001-05-09T03:00:00,1,5,9,3,0,0.00000000,16.70000000,16.70000000,0.00000000
2001-05-09T03:10:00,1,5,9,3,10,0.00000000,16.61666667,16.61666667,0.00000000
2001-05-09T03:20:00,1,5,9,3,20,0.00000000,16.53333333,16.53333333,0.00000000
2001-05-09T03:30:00,1,5,9,3,30,0.00000000,16.45000000,16.45000000,0.00000000
2001-05-09T03:40:00,1,5,9,3,40,0.00000000,16.36666667,16.36666667,0.00000000
2001-05-09T03:50:00,1,5,9,3,50,0.00000000,16.28333333,16.28333333,0.00000000
2001-05-09T04:00:00,1,5,9,4,0,0.00000000,16.20000000,16.20000000,0.00000000
2001-05-09T04:10:00,1,5,9,4,10,0.00000000,16.10000000,16.10000000,0.00000000
2001-05-09T04:20:00,1,5,9,4,20,0.00000000,16.00000000,16.00000000,0.00000000
2001-05-09T04:30:00,1,5,9,4,30,0.00000000,15.90000000,15.90000000,0.00000000
2001-05-09T04:40:00,1,5,9,4,40,0.00000000,15.80000000,15.80000000,0.00000000
2001-05-09T04:50:00,1,5,9,4,50,0.00000000,15.70000000,15.70000000,0.00000000
2001-05-09T05:00:00,1,5,9,5,0,0.00000000,15.60000000,15.60000000,0.00000000
2001-05-09T05:10:00,1,5,9,5,10,0.00183333,15.53333333,15.59750000,0.00191263
2001-05-09T05:20:00,1,5,9,5,20,0.00366667,15.46666667,15.59500000,0.00382530
2001-05-09T05:30:00,1,5,9,5,30,0.00550000,15.40000000,15.59250000,0.00573801
2001-05-09T05:40:00,1,5,9,5,40,0.00733333,15.33333333,15.59000000,0.00765076
2001-05-09T05:50:00,1,5,9,5,50,0.00916667,15.26666667,15.58750000,0.00956356
2001-05-09T06:00:00,1,5,9,6,0,0.01100000,15.20000000,15.58500000,0.01147640
2001-05-09T06:10:00,1,5,9,6,10,0.02300000,15.20000000,16.00500000,0.02395167
2001-05-09T06:20:00,1,5,9,6,20,0.03500000,15.20000000,16.42500000,0.03638057
2001-05-09T06:30:00,1,5,9,6,30,0.04700000,15.20000000,16.84500000,0.04876311
2001-05-09T06:40:00,1,5,9,6,40,0.05900000,15.20000000,17.26500000,0.06109928
2001-05-09T06:50:00,1,5,9,6,50,0.07100000,15.20000000,17.68500000,0.07338908
2001-05-09T07:00:00,1,5,9,7,0,0.08300000,15.20000000,18.10500000,0.08563251
2001-05-09T07:10:00,1,5,9,7,10,0.12116667,15.75000000,19.99083333,0.12395861
2001-05-09T07:20:00,1,5,9,7,20,0.15933333,16.30000000,21.87666667,0.16162253
2001-05-09T07:30:00,1,5,9,7,30,0.19750000,16.85000000,23.76250000,0.19862427
2001-05-09T07:40:00,1,5,9,7,40,0.23566667,17.40000000,25.64833333,0.23496383
2001-05-09T07:50:00,1,5,9,7,50,0.27383333,17.95000000,27.53416667,0.27064121
2001-05-09T08:00:00,1,5,9,8,0,0.31200000,18.50000000,29.42000000,0.30565642
2001-05-09T08:10:00,1,5,9,8,10,0.34350000,19.50000000,31.52250000,0.33319380
2001-05-09T08:20:00,1,5,9,8,20,0.37500000,20.50000000,33.62500000,0.36012187
2001-05-09T08:30:00,1,5,9,8,30,0.40650000,21.50000000,35.72750000,0.38644065
2001-05-09T08:40:00,1,5,9,8,40,0.43800000,22.50000000,37.83000000,0.41215012
2001-05-09T08:50:00,1,5,9,8,50,0.46950000,23.50000000,39.93250000,0.43725028
2001-05-09T09:00:00,1,5,9,9,0,0.50100000,24.50000000,42.03500000,0.46174114
2001-05-09T09:10:00,1,5,9,9,10,0.50450000,25.20000000,42.85750000,0.46305810
2001-05-09T09:20:00,1,5,9,9,20,0.50800000,25.90000000,43.68000000,0.46434858
2001-05-09T09:30:00,1,5,9,9,30,0.51150000,26.60000000,44.50250000,0.46561257
2001-05-09T09:40:00,1,5,9,9,40,0.51500000,27.30000000,45.32500000,0.46685008
2001-05-09T09:50:00,1,5,9,9,50,0.51850000,28.00000000,46.14750000,0.46806110
2001-05-09T10:00:00,1,5,9,10,0,0.52200000,28.70000000,46.97000000,0.46924564
2001-05-09T10:10:00,1,5,9,10,10,0.51633333,28.90000000,46.97166667,0.46414770
2001-05-09T10:20:00,1,5,9,10,20,0.51066667,29.10000000,46.97333333,0.45904984
2001-05-09T10:30:00,1,5,9,10,30,0.50500000,29.30000000,46.97500000,0.45395208
2001-05-09T10:40:00,1,5,9,10,40,0.49933333,29.50000000,46.97666667,0.44885440
2001-05-09T10:50:00,1,5,9,10,50,0.49366667,29.70000000,46.97833333,0.44375680
2001-05-09T11:00:00,1,5,9,11,0,0.48800000,29.90000000,46.98000000,0.43865930
2001-05-09T11:10:00,1,5,9,11,10,0.51333333,29.86666667,47.83333333,0.45941622
2001-05-09T11:20:00,1,5,9,11,20,0.53866667,29.83333333,48.68666667,0.47997426
2001-05-09T11:30:00,1,5,9,11,30,0.56400000,29.80000000,49.54000000,0.50033342
2001-05-09T11:40:00,1,5,9,11,40,0.58933333,29.76666667,50.39333333,0.52049370
2001-05-09T11:50:00,1,5,9,11,50,0.61466667,29.73333333,51.24666667,0.54045509
2001-05-09T12:00:00,1,5,9,12,0,0.64000000,29.70000000,52.10000000,0.56021760
2001-05-09T12:10:00,1,5,9,12,10,0.63416667,30.35000000,52.54583333,0.55381088
2001-05-09T12:20:00,1,5,9,12,20,0.62833333,31.00000000,52.99166667,0.54742809
2001-05-09T12:30:00,1,5,9,12,30,0.62250000,31.65000000,53.43750000,0.54106922
2001-05-09T12:40:00,1,5,9,12,40,0.61666667,32.30000000,53.88333333,0.53473428
2001-05-09T12:50:00,1,5,9,12,50,0.61083333,32.95000000,54.32916667,0.52842326
2001-05-09T13:00:00,1,5,9,13,0,0.60500000,33.60000000,54.77500000,0.52213617
2001-05-09T13:10:00,1,5,9,13,10,0.59483333,33.41666667,54.23583333,0.51483727
2001-05-09T13:20:00,1,5,9,13,20,0.58466667,33.23333333,53.69666667,0.50748794
2001-05-09T13:30:00,1,5,9,13,30,0.57450000,33.05000000,53.15750000,0.50008817
2001-05-09T13:40:00,1,5,9,13,40,0.56433333,32.86666667,52.61833333,0.49263798
2001-05-09T13:50:00,1,5,9,13,50,0.55416667,32.68333333,52.07916667,0.48513736
2001-05-09T14:00:00,1,5,9,14,0,0.54400000,32.50000000,51.54000000,0.47758630
2001-05-09T14:10:00,1,5,9,14,10,0.49516667,32.20000000,49.53083333,0.43929115
2001-05-09T14:20:00,1,5,9,14,20,0.44633333,31.90000000,47.52166667,0.40009335
2001-05-09T14:30:00,1,5,9,14,30,0.39750000,31.60000000,45.51250000,0.35999289
2001-05-09T14:40:00,1,5,9,14,40,0.34866667,31.30000000,43.50333333,0.31898979
2001-05-09T14:50:00,1,5,9,14,50,0.29983333,31.00000000,41.49416667,0.27708403
2001-05-09T15:00:00,1,5,9,15,0,0.25100000,30.70000000,39.48500000,0.23427562
2001-05-09T15:10:00,1,5,9,15,10,0.22966667,29.46666667,37.50500000,0.21645555
2001-05-09T15:20:00,1,5,9,15,20,0.20833333,28.23333333,35.52500000,0.19824687
2001-05-09T15:30:00,1,5,9,15,30,0.18700000,27.00000000,33.54500000,0.17964959
2001-05-09T15:40:00,1,5,9,15,40,0.16566667,25.76666667,31.56500000,0.16066370
2001-05-09T15:50:00,1,5,9,15,50,0.14433333,24.53333333,29.58500000,0.14128920
2001-05-09T16:00:00,1,5,9,16,0,0.12300000,23.30000000,27.60500000,0.12152609
2001-05-09T16:10:00,1,5,9,16,10,0.10483333,22.75000000,26.41916667,0.10414896
2001-05-09T16:20:00,1,5,9,16,20,0.08666667,22.20000000,25.23333333,0.08657364
2001-05-09T16:30:00,1,5,9,16,30,0.06850000,21.65000000,24.04750000,0.06880013
2001-05-09T16:40:00,1,5,9,16,40,0.05033333,21.10000000,22.86166667,0.05082843
2001-05-09T16:50:00,1,5,9,16,50,0.03216667,20.55000000,21.67583333,0.03265853
2001-05-09T17:00:00,1,5,9,17,0,0.01400000,20.00000000,20.49000000,0.01429044
2001-05-09T17:10:00,1,5,9,17,10,0.01166667,19.53333333,19.94166667,0.01193813
2001-05-09T17:20:00,1,5,9,17,20,0.00933333,19.06666667,19.39333333,0.00957405
2001-05-09T17:30:00,1,5,9,17,30,0.00700000,18.60000000,18.84500000,0.00719819
2001-05-09T17:40:00,1,5,9,17,40,0.00466667,18.13333333,18.29666667,0.00481056
2001-05-09T17:50:00,1,5,9,17,50,0.00233333,17.66666667,17.74833333,0.00241117
2001-05-09T18:00:00,1,5,9,18,0,0.00000000,17.20000000,17.20000000,0.00000000
2001-05-09T18:10:00,1,5,9,18,10,0.00000000,17.05000000,17.05000000,0.00000000
2001-05-09T18:20:00,1,5,9,18,20,0.00000000,16.90000000,16.90000000,0.00000000
2001-05-09T18:30:00,1,5,9,18,30,0.00000000,16.75000000,16.75000000,0.00000000
2001-05-09T18:40:00,1,5,9,18,40,0.00000000,16.60000000,16.60000000,0.00000000
2001-05-09T18:50:00,1,5,9,18,50,0.00000000,16.45000000,16.45000000,0.00000000
2001-05-09T19:00:00,1,5,9,19,0,0.00000000,16.30000000,16.30000000,0.00000000
2001-05-09T19:10:00,1,5,9,19,10,0.00000000,16.16666667,16.16666667,0.00000000
2001-05-09T19:20:00,1,5,9,19,20,0.00000000,16.03333333,16.03333333,0.00000000
2001-05-09T19:30:00,1,5,9,19,30,0.00000000,15.90000000,15.90000000,0.00000000
2001-05-09T19:40:00,1,5,9,19,40,0.00000000,15.76666667,15.76666667,0.00000000
2001-05-09T19:50:00,1,5,9,19,50,0.00000000,15.63333333,15.63333333,0.00000000
2001-05-09T20:00:00,1,5,9,20,0,0.00000000,15.50000000,15.50000000,0.00000000
2001-05-09T20:10:00,1,5,9,20,10,0.00000000,15.38333333,15.38333333,0.00000000
2001-05-09T20:20:00,1,5,9,20,20,0.00000000,15.26666667,15.26666667,0.00000000
2001-05-09T20:30:00,1,5,9,20,30,0.00000000,15.15000000,15.15000000,0.00000000
2001-05-09T20:40:00,1,5,9,20,40,0.00000000,15.03333333,15.03333333,0.00000000
2001-05-09T20:50:00,1,5,9,20,50,0.00000000,14.91666667,14.91666667,0.00000000
2001-05-09T21:00:00,1,5,9,21,0,0.00000000,14.80000000,14.80000000,0.00000000
2001-05-09T21:10:00,1,5,9,21,10,0.00000000,14.58333333,14.58333333,0.00000000
2001-05-09T21:20:00,1,5,9,21,20,0.00000000,14.36666667,14.36666667,0.00000000
2001-05-09T21:30:00,1,5,9,21,30,0.00000000,14.15000000,14.15000000,0.00000000
2001-05-09T21:40:00,1,5,9,21,40,0.00000000,13.93333333,13.93333333,0.00000000
2001-05-09T21:50:00,1,5,9,21,50,0.00000000,13.71666667,13.71666667,0.00000000
2001-05-09T22:00:00,1,5,9,22,0,0.00000000,13.50000000,13.50000000,0.00000000
2001-05-09T22:10:00,1,5,9,22,10,0.00000000,13.36666667,13.36666667,0.00000000
2001-05-09T22:20:00,1,5,9,22,20,0.00000000,13.23333333,13.23333333,0.00000000
2001-05-09T22:30:00,1,5,9,22,30,0.00000000,13.10000000,13.10000000,0.00000000
2001-05-09T22:40:00,1,5,9,22,40,0.00000000,12.96666667,12.96666667,0.00000000
2001-05-09T22:50:00,1,5,9,22,50,0.00000000,12.83333333,12.83333333,0.00000000
2001-05-09T23:00:00,1,5,9,23,0,0.00000000,12.70000000,12.70000000,0.00000000
2001-05-09T23:10:00,1,5,9,23,10,0.00000000,12.65000000,12.65000000,0.00000000
2001-05-09T23:20:00,1,5,9,23,20,0.00000000,12.60000000,12.60000000,0.00000000
2001-05-09T23:30:00,1,5,9,23,30,0.00000000,12.55000000,12.55000000,0.00000000
2001-05-09T23:40:00,1,5,9,23,40,0.00000000,12.50000000,12.50000000,0.00000000
2001-05-09T23:50:00,1,5,9,23,50,0.00000000,12.45000000,12.45000000,0.00000000
2001-05-10T00:00:00,1,5,10,0,0,0.00000000,12.40000000,12.40000000,0.00000000
2001-05-10T00:10:00,1,5,10,0,10,0.00000000,12.38333333,12.38333333,0.00000000
2001-05-10T00:20:00,1,5,10,0,20,0.00000000,12.36666667,12.36666667,0.00000000
2001-05-10T00:30:00,1,5,10,0,30,0.00000000,12.35000000,12.35000000,0.00000000
2001-05-10T00:40:00,1,5,10,0,40,0.00000000,12.33333333,12.33333333,0.00000000
2001-05-10T00:50:00,1,5,10,0,50,0.00000000,12.31666667,12.31666667,0.00000000
2001-05-10T01:00:00,1,5,10,1,0,0.00000000,12.30000000,12.30000000,0.00000000
2001-05-10T01:10:00,1,5,10,1,10,0.00000000,12.15000000,12.15000000,0.00000000
2001-05-10T01:20:00,1,5,10,1,20,0.00000000,12.00000000,12.00000000,0.00000000
2001-05-10T01:30:00,1,5,10,1,30,0.00000000,11.85000000,11.85000000,0.00000000
2001-05-10T01:40:00,1,5,10,1,40,0.00000000,11.70000000,11.70000000,0.00000000
2001-05-10T01:50:00,1,5,10,1,50,0.00000000,11.55000000,11.55000000,0.00000000
2001-05-10T02:00:00,1,5,10,2,0,0.00000000,11.40000000,11.40000000,0.00000000
2001-05-10T02:10:00,1,5,10,2,10,0.00000000,11.51666667,11.51666667,0.00000000
2001-05-10T02:20:00,1,5,10,2,20,0.00000000,11.63333333,11.63333333,0.00000000
2001-05-10T02:30:00,1,5,10,2,30,0.00000000,11.75000000,11.75000000,0.00000000
2001-05-10T02:40:00,1,5,10,2,40,0.00000000,11.86666667,11.86666667,0.00000000
2001-05-10T02:50:00,1,5,10,2,50,0.00000000,11.98333333,11.98333333,0.00000000
2001-05-10T03:00:00,1,5,10,3,0,0.00000000,12.10000000,12.10000000,0.00000000
2001-05-10T03:10:00,1,5,10,3,10,0.00000000,11.95000000,11.95000000,0.00000000
2001-05-10T03:20:00,1,5,10,3,20,0.00000000,11.80000000,11.80000000,0.00000000
2001-05-10T03:30:00,1,5,10,3,30,0.00000000,11.65000000,11.65000000,0.00000000
2001-05-10T03:40:00,1,5,10,3,40,0.00000000,11.50000000,11.50000000,0.00000000
2001-05-10T03:50:00,1,5,10,3,50,0.00000000,11.35000000,11.35000000,0.00000000
2001-05-10T04:00:00,1,5,10,4,0,0.00000000,11.20000000,11.20000000,0.00000000
2001-05-10T04:10:00,1,5,10,4,10,0.00000000,11.25000000,11.25000000,0.00000000
2001-05-10T04:20:00,1,5,10,4,20,0.00000000,11.30000000,11.30000000,0.00000000
2001-05-10T04:30:00,1,5,10,4,30,0.00000000,11.35000000,11.35000000,0.00000000
2001-05-10T04:40:00,1,5,10,4,40,0.00000000,11.40000000,11.40000000,0.00000000
2001-05-10T04:50:00,1,5,10,4,50,0.00000000,11.45000000,11.45000000,0.00000000
2001-05-10T05:00:00,1,5,10,5,0,0.00000000,11.50000000,11.50000000,0.00000000
2001-05-10T05:10:00,1,5,10,5,10,0.00183333,11.43333333,11.49750000,0.00194720
2001-05-10T05:20:00,1,5,10,5,20,0.00366667,11.36666667,11.49500000,0.00389445
2001-05-10T05:30:00,1,5,10,5,30,0.00550000,11.30000000,11.49250000,0.00584174
2001-05-10T05:40:00,1,5,10,5,40,0.00733333,11.23333333,11.49000000,0.00778907
2001-05-10T05:50:00,1,5,10,5,50,0.00916667,11.16666667,11.48750000,0.00973644
2001-05-10T06:00:00,1,5,10,6,0,0.01100000,11.10000000,11.48500000,0.01168386
2001-05-10T06:10:00,1,5,10,6,10,0.03800000,11.23333333,12.56333333,0.04017393
2001-05-10T06:20:00,1,5,10,6,20,0.06500000,11.36666667,13.64166667,0.06839614
2001-05-10T06:30:00,1,5,10,6,30,0.09200000,11.50000000,14.72000000,0.09635050
2001-05-10T06:40:00,1,5,10,6,40,0.11900000,11.63333333,15.79833333,0.12403699
2001-05-10T06:50:00,1,5,10,6,50,0.14600000,11.76666667,16.87666667,0.15145563
2001-05-10T07:00:00,1,5,10,7,0,0.17300000,11.90000000,17.95500000,0.17860641
2001-05-10T07:10:00,1,5,10,7,10,0.19666667,12.45000000,19.33333333,0.20179311
2001-05-10T07:20:00,1,5,10,7,20,0.22033333,13.00000000,20.71166667,0.22467970
2001-05-10T07:30:00,1,5,10,7,30,0.24400000,13.55000000,22.09000000,0.24726618
2001-05-10T07:40:00,1,5,10,7,40,0.26766667,14.10000000,23.46833333,0.26955256
2001-05-10T07:50:00,1,5,10,7,50,0.29133333,14.65000000,24.84666667,0.29153882
2001-05-10T08:00:00,1,5,10,8,0,0.31500000,15.20000000,26.22500000,0.31322498
2001-05-10T08:10:00,1,5,10,8,10,0.33200000,15.63333333,27.25333333,0.32855871
2001-05-10T08:20:00,1,5,10,8,20,0.34900000,16.06666667,28.28166667,0.34373161
2001-05-10T08:30:00,1,5,10,8,30,0.36600000,16.50000000,29.31000000,0.35874368
2001-05-10T08:40:00,1,5,10,8,40,0.38300000,16.93333333,30.33833333,0.37359492
2001-05-10T08:50:00,1,5,10,8,50,0.40000000,17.36666667,31.36666667,0.38828533
2001-05-10T09:00:00,1,5,10,9,0,0.41700000,17.80000000,32.39500000,0.40281491
2001-05-10T09:10:00,1,5,10,9,10,0.46583333,17.96666667,34.27083333,0.44596748
2001-05-10T09:20:00,1,5,10,9,20,0.51466667,18.13333333,36.14666667,0.48827730
2001-05-10T09:30:00,1,5,10,9,30,0.56350000,18.30000000,38.02250000,0.52974438
2001-05-10T09:40:00,1,5,10,9,40,0.61233333,18.46666667,39.89833333,0.57036870
2001-05-10T09:50:00,1,5,10,9,50,0.66116667,18.63333333,41.77416667,0.61015028
2001-05-10T10:00:00,1,5,10,10,0,0.71000000,18.80000000,43.65000000,0.64908910
2001-05-10T10:10:00,1,5,10,10,10,0.70966667,19.51666667,44.35500000,0.64648291
2001-05-10T10:20:00,1,5,10,10,20,0.70933333,20.23333333,45.06000000,0.64387889
2001-05-10T10:30:00,1,5,10,10,30,0.70900000,20.95000000,45.76500000,0.64127703
2001-05-10T10:40:00,1,5,10,10,40,0.70866667,21.66666667,46.47000000,0.63867733
2001-05-10T10:50:00,1,5,10,10,50,0.70833333,22.38333333,47.17500000,0.63607979
2001-05-10T11:00:00,1,5,10,11,0,0.70800000,23.10000000,47.88000000,0.63348442
2001-05-10T11:10:00,1,5,10,11,10,0.68866667,23.16666667,47.27000000,0.61811828
2001-05-10T11:20:00,1,5,10,11,20,0.66933333,23.23333333,46.66000000,0.60264364
2001-05-10T11:30:00,1,5,10,11,30,0.65000000,23.30000000,46.05000000,0.58706050
2001-05-10T11:40:00,1,5,10,11,40,0.63066667,23.36666667,45.44000000,0.57136886
2001-05-10T11:50:00,1,5,10,11,50,0.61133333,23.43333333,44.83000000,0.55556873
2001-05-10T12:00:00,1,5,10,12,0,0.59200000,23.50000000,44.22000000,0.53966010
2001-05-10T12:10:00,1,5,10,12,10,0.60683333,23.38333333,44.62250000,0.55205843
2001-05-10T12:20:00,1,5,10,12,20,0.62166667,23.26666667,45.02500000,0.56440184
2001-05-10T12:30:00,1,5,10,12,30,0.63650000,23.15000000,45.42750000,0.57669032
2001-05-10T12:40:00,1,5,10,12,40,0.65133333,23.03333333,45.83000000,0.58892388
2001-05-10T12:50:00,1,5,10,12,50,0.66616667,22.91666667,46.23250000,0.60110250
2001-05-10T13:00:00,1,5,10,13,0,0.68100000,22.80000000,46.63500000,0.61322620
2001-05-10T13:10:00,1,5,10,13,10,0.65933333,22.91666667,45.99333333,0.59566195
2001-05-10T13:20:00,1,5,10,13,20,0.63766667,23.03333333,45.35166667,0.57796980
2001-05-10T13:30:00,1,5,10,13,30,0.61600000,23.15000000,44.71000000,0.56014974
2001-05-10T13:40:00,1,5,10,13,40,0.59433333,23.26666667,44.06833333,0.54220178
2001-05-10T13:50:00,1,5,10,13,50,0.57266667,23.38333333,43.42666667,0.52412591
2001-05-10T14:00:00,1,5,10,14,0,0.55100000,23.50000000,42.78500000,0.50592214
2001-05-10T14:10:00,1,5,10,14,10,0.50800000,23.40000000,41.18000000,0.47019058
2001-05-10T14:20:00,1,5,10,14,20,0.46500000,23.30000000,39.57500000,0.43382408
2001-05-10T14:30:00,1,5,10,14,30,0.42200000,23.20000000,37.97000000,0.39682264
2001-05-10T14:40:00,1,5,10,14,40,0.37900000,23.10000000,36.36500000,0.35918626
2001-05-10T14:50:00,1,5,10,14,50,0.33600000,23.00000000,34.76000000,0.32091494
2001-05-10T15:00:00,1,5,10,15,0,0.29300000,22.90000000,33.15500000,0.28200869
2001-05-10T15:10:00,1,5,10,15,10,0.26650000,22.26666667,31.59416667,0.25841621
2001-05-10T15:20:00,1,5,10,15,20,0.24000000,21.63333333,30.03333333,0.23444320
2001-05-10T15:30:00,1,5,10,15,30,0.21350000,21.00000000,28.47250000,0.21008966
2001-05-10T15:40:00,1,5,10,15,40,0.18700000,20.36666667,26.91166667,0.18535558
2001-05-10T15:50:00,1,5,10,15,50,0.16050000,19.73333333,25.35083333,0.16024098
2001-05-10T16:00:00,1,5,10,16,0,0.13400000,19.10000000,23.79000000,0.13474584
2001-05-10T16:10:00,1,5,10,16,10,0.11433333,18.78333333,22.78500000,0.11549828
2001-05-10T16:20:00,1,5,10,16,20,0.09466667,18.46666667,21.78000000,0.09606887
2001-05-10T16:30:00,1,5,10,16,30,0.07500000,18.15000000,20.77500000,0.07645763
2001-05-10T16:40:00,1,5,10,16,40,0.05533333,17.83333333,19.77000000,0.05666454
2001-05-10T16:50:00,1,5,10,16,50,0.03566667,17.51666667,18.76500000,0.03668962
2001-05-10T17:00:00,1,5,10,17,0,0.01600000,17.20000000,17.76000000,0.01653286
2001-05-10T17:10:00,1,5,10,17,10,0.01333333,16.90000000,17.36666667,0.01380151
2001-05-10T17:20:00,1,5,10,17,20,0.01066667,16.60000000,16.97333333,0.01106051
2001-05-10T17:30:00,1,5,10,17,30,0.00800000,16.30000000,16.58000000,0.00830986
2001-05-10T17:40:00,1,5,10,17,40,0.00533333,16.00000000,16.18666667,0.00554955
2001-05-10T17:50:00,1,5,10,17,50,0.00266667,15.70000000,15.79333333,0.00277960
2001-05-10T18:00:00,1,5,10,18,0,0.00000000,15.40000000,15.40000000,0.00000000
2001-05-10T18:10:00,1,5,10,18,10,0.00000000,15.28333333,15.28333333,0.00000000
2001-05-10T18:20:00,1,5,10,18,20,0.00000000,15.16666667,15.16666667,0.00000000
2001-05-10T18:30:00,1,5,10,18,30,0.00000000,15.05000000,15.05000000,0.00000000
2001-05-10T18:40:00,1,5,10,18,40,0.00000000,14.93333333,14.93333333,0.00000000
2001-05-10T18:50:00,1,5,10,18,50,0.00000000,14.81666667,14.81666667,0.00000000
2001-05-10T19:00:00,1,5,10,19,0,0.00000000,14.70000000,14.70000000,0.00000000
2001-05-10T19:10:00,1,5,10,19,10,0.00000000,14.68333333,14.68333333,0.00000000
2001-05-10T19:20:00,1,5,10,19,20,0.00000000,14.66666667,14.66666667,0.00000000
2001-05-10T19:30:00,1,5,10,19,30,0.00000000,14.65000000,14.65000000,0.00000000
2001-05-10T19:40:00,1,5,10,19,40,0.00000000,14.63333333,14.63333333,0.00000000
2001-05-10T19:50:00,1,5,10,19,50,0.00000000,14.61666667,14.61666667,0.00000000
2001-05-10T20:00:00,1,5,10,20,0,0.00000000,14.60000000,14.60000000,0.00000000
2001-05-10T20:10:00,1,5,10,20,10,0.00000000,14.43333333,14.43333333,0.00000000
2001-05-10T20:20:00,1,5,10,20,20,0.00000000,14.26666667,14.26666667,0.00000000
2001-05-10T20:30:00,1,5,10,20,30,0.00000000,14.10000000,14.10000000,0.00000000
2001-05-10T20:40:00,1,5,10,20,40,0.00000000,13.93333333,13.93333333,0.00000000
2001-05-10T20:50:00,1,5,10,20,50,0.00000000,13.76666667,13.76666667,0.00000000
2001-05-10T21:00:00,1,5,10,21,0,0.00000000,13.60000000,13.60000000,0.00000000
2001-05-10T21:10:00,1,5,10,21,10,0.00000000,13.48333333,13.48333333,0.00000000
2001-05-10T21:20:00,1,5,10,21,20,0.00000000,13.36666667,13.36666667,0.00000000
2001-05-10T21:30:00,1,5,10,21,30,0.00000000,13.25000000,13.25000000,0.00000000
2001-05-10T21:40:00,1,5,10,21,40,0.00000000,13.13333333,13.13333333,0.00000000
2001-05-10T21:50:00,1,5,10,21,50,0.00000000,13.01666667,13.01666667,0.00000000
2001-05-10T22:00:00,1,5,10,22,0,0.00000000,12.90000000,12.90000000,0.00000000
2001-05-10T22:10:00,1,5,10,22,10,0.00000000,12.70000000,12.70000000,0.00000000
2001-05-10T22:20:00,1,5,10,22,20,0.00000000,12.50000000,12.50000000,0.00000000
2001-05-10T22:30:00,1,5,10,22,30,0.00000000,12.30000000,12.30000000,0.00000000
2001-05-10T22:40:00,1,5,10,22,40,0.00000000,12.10000000,12.10000000,0.00000000
2001-05-10T22:50:00,1,5,10,22,50,0.00000000,11.90000000,11.90000000,0.00000000
2001-05-10T23:00:00,1,5,10,23,0,0.00000000,11.70000000,11.70000000,0.00000000
2001-05-10T23:10:00,1,5,10,23,10,0.00000000,11.78333333,11.78333333,0.00000000
2001-05-10T23:20:00,1,5,10,23,20,0.00000000,11.86666667,11.86666667,0.00000000
2001-05-10T23:30:00,1,5,10,23,30,0.00000000,11.95000000,11.95000000,0.00000000
2001-05-10T23:40:00,1,5,10,23,40,0.00000000,12.03333333,12.03333333,0.00000000
2001-05-10T23:50:00,1,5,10,23,50,0.00000000,12.11666667,12.11666667,0.00000000
2001-05-11T00:00:00,1,5,11,0,0,0.00000000,12.20000000,12.20000000,0.00000000
2001-05-11T00:10:00,1,5,11,0,10,0.00000000,12.05000000,12.05000000,0.00000000
2001-05-11T00:20:00,1,5,11,0,20,0.00000000,11.90000000,11.90000000,0.00000000
2001-05-11T00:30:00,1,5,11,0,30,0.00000000,11.75000000,11.75000000,0.00000000
2001-05-11T00:40:00,1,5,11,0,40,0.00000000,11.60000000,11.60000000,0.00000000
2001-05-11T00:50:00,1,5,11,0,50,0.00000000,11.45000000,11.45000000,0.00000000
2001-05-11T01:00:00,1,5,11,1,0,0.00000000,11.30000000,11.30000000,0.00000000
2001-05-11T01:10:00,1,5,11,1,10,0.00000000,11.31666667,11.31666667,0.00000000
2001-05-11T01:20:00,1,5,11,1,20,0.00000000,11.33333333,11.33333333,0.00000000
2001-05-11T01:30:00,1,5,11,1,30,0.00000000,11.35000000,11.35000000,0.00000000
2001-05-11T01:40:00,1,5,11,1,40,0.00000000,11.36666667,11.36666667,0.00000000
2001-05-11T01:50:00,1,5,11,1,50,0.00000000,11.38333333,11.38333333,0.00000000
2001-05-11T02:00:00,1,5,11,2,0,0.00000000,11.40000000,11.40000000,0.00000000
2001-05-11T02:10:00,1,5,11,2,10,0.00000000,11.30000000,11.30000000,0.00000000
2001-05-11T02:20:00,1,5,11,2,20,0.00000000,11.20000000,11.20000000,0.00000000
2001-05-11T02:30:00,1,5,11,2,30,0.00000000,11.10000000,11.10000000,0.00000000
2001-05-11T02:40:00,1,5,11,2,40,0.00000000,11.00000000,11.00000000,0.00000000
2001-05-11T02:50:00,1,5,11,2,50,0.00000000,10.90000000,10.90000000,0.00000000
2001-05-11T03:00:00,1,5,11,3,0,0.00000000,10.80000000,10.80000000,0.00000000
2001-05-11T03:10:00,1,5,11,3,10,0.00000000,10.83333333,10.83333333,0.00000000
2001-05-11T03:20:00,1,5,11,3,20,0.00000000,10.86666667,10.86666667,0.00000000
2001-05-11T03:30:00,1,5,11,3,30,0.00000000,10.90000000,10.90000000,0.00000000
2001-05-11T03:40:00,1,5,11,3,40,0.00000000,10.93333333,10.93333333,0.00000000
2001-05-11T03:50:00,1,5,11,3,50,0.00000000,10.96666667,10.96666667,0.00000000
2001-05-11T04:00:00,1,5,11,4,0,0.00000000,11.00000000,11.00000000,0.00000000
2001-05-11T04:10:00,1,5,11,4,10,0.00000000,10.96666667,10.96666667,0.00000000
2001-05-11T04:20:00,1,5,11,4,20,0.00000000,10.93333333,10.93333333,0.00000000
2001-05-11T04:30:00,1,5,11,4,30,0.00000000,10.90000000,10.90000000,0.00000000
2001-05-11T04:40:00,1,5,11,4,40,0.00000000,10.86666667,10.86666667,0.00000000
2001-05-11T04:50:00,1,5,11,4,50,0.00000000,10.83333333,10.83333333,0.00000000
2001-05-11T05:00:00,1,5,11,5,0,0.00000000,10.80000000,10.80000000,0.00000000
2001-05-11T05:10:00,1,5,11,5,10,0.00183333,10.93333333,10.99750000,0.00195142
2001-05-11T05:20:00,1,5,11,5,20,0.00366667,11.06666667,11.19500000,0.00389951
2001-05-11T05:30:00,1,5,11,5,30,0.00550000,11.20000000,11.39250000,0.00584427
2001-05-11T05:40:00,1,5,11,5,40,0.00733333,11.33333333,11.59000000,0.00778570
2001-05-11T05:50:00,1,5,11,5,50,0.00916667,11.46666667,11.78750000,0.00972379
2001-05-11T06:00:00,1,5,11,6,0,0.01100000,11.60000000,11.98500000,0.01165856
2001-05-11T06:10:00,1,5,11,6,10,0.03500000,11.51666667,12.74166667,0.03697359
2001-05-11T06:20:00,1,5,11,6,20,0.05900000,11.43333333,13.49833333,0.06212155
2001-05-11T06:30:00,1,5,11,6,30,0.08300000,11.35000000,14.25500000,0.08710244
2001-05-11T06:40:00,1,5,11,6,40,0.10700000,11.26666667,15.01166667,0.11191626
2001-05-11T06:50:00,1,5,11,6,50,0.13100000,11.18333333,15.76833333,0.13656300
2001-05-11T07:00:00,1,5,11,7,0,0.15500000,11.10000000,16.52500000,0.16104267
2001-05-11T07:10:00,1,5,11,7,10,0.16233333,11.61666667,17.29833333,0.16808442
2001-05-11T07:20:00,1,5,11,7,20,0.16966667,12.13333333,18.07166667,0.17507400
2001-05-11T07:30:00,1,5,11,7,30,0.17700000,12.65000000,18.84500000,0.18201140
2001-05-11T07:40:00,1,5,11,7,40,0.18433333,13.16666667,19.61833333,0.18889663
2001-05-11T07:50:00,1,5,11,7,50,0.19166667,13.68333333,20.39166667,0.19572968
2001-05-11T08:00:00,1,5,11,8,0,0.19900000,14.20000000,21.16500000,0.20251056
2001-05-11T08:10:00,1,5,11,8,10,0.25566667,14.45000000,23.39833333,0.25755033
2001-05-11T08:20:00,1,5,11,8,20,0.31233333,14.70000000,25.63166667,0.31142580
2001-05-11T08:30:00,1,5,11,8,30,0.36900000,14.95000000,27.86500000,0.36413695
2001-05-11T08:40:00,1,5,11,8,40,0.42566667,15.20000000,30.09833333,0.41568379
2001-05-11T08:50:00,1,5,11,8,50,0.48233333,15.45000000,32.33166667,0.46606632
2001-05-11T09:00:00,1,5,11,9,0,0.53900000,15.70000000,34.56500000,0.51528454
2001-05-11T09:10:00,1,5,11,9,10,0.55800000,16.33333333,35.86333333,0.53011600
2001-05-11T09:20:00,1,5,11,9,20,0.57700000,16.96666667,37.16166667,0.54472050
2001-05-11T09:30:00,1,5,11,9,30,0.59600000,17.60000000,38.46000000,0.55909806
2001-05-11T09:40:00,1,5,11,9,40,0.61500000,18.23333333,39.75833333,0.57324867
2001-05-11T09:50:00,1,5,11,9,50,0.63400000,18.86666667,41.05666667,0.58717234
2001-05-11T10:00:00,1,5,11,10,0,0.65300000,19.50000000,42.35500000,0.60086905
2001-05-11T10:10:00,1,5,11,10,10,0.66900000,19.76666667,43.18166667,0.61304774
2001-05-11T10:20:00,1,5,11,10,20,0.68500000,20.03333333,44.00833333,0.62510474
2001-05-11T10:30:00,1,5,11,10,30,0.70100000,20.30000000,44.83500000,0.63704006
2001-05-11T10:40:00,1,5,11,10,40,0.71700000,20.56666667,45.66166667,0.64885369
2001-05-11T10:50:00,1,5,11,10,50,0.73300000,20.83333333,46.48833333,0.66054564
2001-05-11T11:00:00,1,5,11,11,0,0.74900000,21.10000000,47.31500000,0.67211590
2001-05-11T11:10:00,1,5,11,11,10,0.71483333,21.48333333,46.50250000,0.64412810
2001-05-11T11:20:00,1,5,11,11,20,0.68066667,21.86666667,45.69000000,0.61588490
2001-05-11T11:30:00,1,5,11,11,30,0.64650000,22.25000000,44.87750000,0.58738630
2001-05-11T11:40:00,1,5,11,11,40,0.61233333,22.63333333,44.06500000,0.55863231
2001-05-11T11:50:00,1,5,11,11,50,0.57816667,23.01666667,43.25250000,0.52962293
2001-05-11T12:00:00,1,5,11,12,0,0.54400000,23.40000000,42.44000000,0.50035814
2001-05-11T12:10:00,1,5,11,12,10,0.55516667,23.16666667,42.59750000,0.51022676
2001-05-11T12:20:00,1,5,11,12,20,0.56633333,22.93333333,42.75500000,0.52007919
2001-05-11T12:30:00,1,5,11,12,30,0.57750000,22.70000000,42.91250000,0.52991544
2001-05-11T12:40:00,1,5,11,12,40,0.58866667,22.46666667,43.07000000,0.53973552
2001-05-11T12:50:00,1,5,11,12,50,0.59983333,22.23333333,43.22750000,0.54953941
2001-05-11T13:00:00,1,5,11,13,0,0.61100000,22.00000000,43.38500000,0.55932712
2001-05-11T13:10:00,1,5,11,13,10,0.57350000,22.05000000,42.12250000,0.52832913
2001-05-11T13:20:00,1,5,11,13,20,0.53600000,22.10000000,40.86000000,0.49689558
2001-05-11T13:30:00,1,5,11,13,30,0.49850000,22.15000000,39.59750000,0.46502647
2001-05-11T13:40:00,1,5,11,13,40,0.46100000,22.20000000,38.33500000,0.43272180
2001-05-11T13:50:00,1,5,11,13,50,0.42350000,22.25000000,37.07250000,0.39998156
2001-05-11T14:00:00,1,5,11,14,0,0.38600000,22.30000000,35.81000000,0.36680576
2001-05-11T14:10:00,1,5,11,14,10,0.36733333,22.03333333,34.89000000,0.35062187
2001-05-11T14:20:00,1,5,11,14,20,0.34866667,21.76666667,33.97000000,0.33427998
2001-05-11T14:30:00,1,5,11,14,30,0.33000000,21.50000000,33.05000000,0.31778010
2001-05-11T14:40:00,1,5,11,14,40,0.31133333,21.23333333,32.13000000,0.30112222
2001-05-11T14:50:00,1,5,11,14,50,0.29266667,20.96666667,31.21000000,0.28430635
2001-05-11T15:00:00,1,5,11,15,0,0.27400000,20.70000000,30.29000000,0.26733248
2001-05-11T15:10:00,1,5,11,15,10,0.24266667,20.43333333,28.92666667,0.23828346
2001-05-11T15:20:00,1,5,11,15,20,0.21133333,20.16666667,27.56333333,0.20884143
2001-05-11T15:30:00,1,5,11,15,30,0.18000000,19.90000000,26.20000000,0.17900640
2001-05-11T15:40:00,1,5,11,15,40,0.14866667,19.63333333,24.83666667,0.14877836
2001-05-11T15:50:00,1,5,11,15,50,0.11733333,19.36666667,23.47333333,0.11815733
2001-05-11T16:00:00,1,5,11,16,0,0.08600000,19.10000000,22.11000000,0.08714328
2001-05-11T16:10:00,1,5,11,16,10,0.07400000,18.80000000,21.39000000,0.07522884
2001-05-11T16:20:00,1,5,11,16,20,0.06200000,18.50000000,20.67000000,0.06323492
2001-05-11T16:30:00,1,5,11,16,30,0.05000000,18.20000000,19.95000000,0.05116150
2001-05-11T16:40:00,1,5,11,16,40,0.03800000,17.90000000,19.23000000,0.03900860
2001-05-11T16:50:00,1,5,11,16,50,0.02600000,17.60000000,18.51000000,0.02677620
2001-05-11T17:00:00,1,5,11,17,0,0.01400000,17.30000000,17.79000000,0.01446432
2001-05-11T17:10:00,1,5,11,17,10,0.01166667,17.11666667,17.52500000,0.01206782
2001-05-11T17:20:00,1,5,11,17,20,0.00933333,16.93333333,17.26000000,0.00966564
2001-05-11T17:30:00,1,5,11,17,30,0.00700000,16.75000000,16.99500000,0.00725776
2001-05-11T17:40:00,1,5,11,17,40,0.00466667,16.56666667,16.73000000,0.00484420
2001-05-11T17:50:00,1,5,11,17,50,0.00233333,16.38333333,16.46500000,0.00242494
2001-05-11T18:00:00,1,5,11,18,0,0.00000000,16.20000000,16.20000000,0.00000000
2001-05-11T18:10:00,1,5,11,18,10,0.00000000,16.18333333,16.18333333,0.00000000
2001-05-11T18:20:00,1,5,11,18,20,0.00000000,16.16666667,16.16666667,0.00000000
2001-05-11T18:30:00,1,5,11,18,30,0.00000000,16.15000000,16.15000000,0.00000000
2001-05-11T18:40:00,1,5,11,18,40,0.00000000,16.13333333,16.13333333,0.00000000
2001-05-11T18:50:00,1,5,11,18,50,0.00000000,16.11666667,16.11666667,0.00000000
2001-05-11T19:00:00,1,5,11,19,0,0.00000000,16.10000000,16.10000000,0.00000000
2001-05-11T19:10:00,1,5,11,19,10,0.00000000,15.91666667,15.91666667,0.00000000
2001-05-11T19:20:00,1,5,11,19,20,0.00000000,15.73333333,15.73333333,0.00000000
2001-05-11T19:30:00,1,5,11,19,30,0.00000000,15.55000000,15.55000000,0.00000000
2001-05-11T19:40:00,1,5,11,19,40,0.00000000,15.36666667,15.36666667,0.00000000
2001-05-11T19:50:00,1,5,11,19,50,0.00000000,15.18333333,15.18333333,0.00000000
2001-05-11T20:00:00,1,5,11,20,0,0.00000000,15.00000000,15.00000000,0.00000000
2001-05-11T20:10:00,1,5,11,20,10,0.00000000,14.85000000,14.85000000,0.00000000
2001-05-11T20:20:00,1,5,11,20,20,0.00000000,14.70000000,14.70000000,0.00000000
2001-05-11T20:30:00,1,5,11,20,30,0.00000000,14.55000000,14.55000000,0.00000000
2001-05-11T20:40:00,1,5,11,20,40,0.00000000,14.40000000,14.40000000,0.00000000
2001-05-11T20:50:00,1,5,11,20,50,0.00000000,14.25000000,14.25000000,0.00000000
2001-05-11T21:00:00,1,5,11,21,0,0.00000000,14.10000000,14.10000000,0.00000000
2001-05-11T21:10:00,1,5,11,21,10,0.00000000,14.10000000,14.10000000,0.00000000
2001-05-11T21:20:00,1,5,11,21,20,0.00000000,14.10000000,14.10000000,0.00000000
2001-05-11T21:30:00,1,5,11,21,30,0.00000000,14.10000000,14.10000000,0.00000000
2001-05-11T21:40:00,1,5,11,21,40,0.00000000,14.10000000,14.10000000,0.00000000
2001-05-11T21:50:00,1,5,11,21,50,0.00000000,14.10000000,14.10000000,0.00000000
2001-05-11T22:00:00,1,5,11,22,0,0.00000000,14.10000000,14.10000000,0.00000000
2001-05-11T22:10:00,1,5,11,22,10,0.00000000,13.98333333,13.98333333,0.00000000
2001-05-11T22:20:00,1,5,11,22,20,0.00000000,13.86666667,13.86666667,0.00000000
2001-05-11T22:30:00,1,5,11,22,30,0.00000000,13.75000000,13.75000000,0.00000000
2001-05-11T22:40:00,1,5,11,22,40,0.00000000,13.63333333,13.63333333,0.00000000
2001-05-11T22:50:00,1,5,11,22,50,0.00000000,13.51666667,13.51666667,0.00000000
2001-05-11T23:00:00,1,5,11,23,0,0.00000000,13.40000000,13.40000000,0.00000000
2001-05-11T23:10:00,1,5,11,23,10,0.00000000,13.56666667,13.56666667,0.00000000
2001-05-11T23:20:00,1,5,11,23,20,0.00000000,13.73333333,13.73333333,0.00000000
2001-05-11T23:30:00,1,5,11,23,30,0.00000000,13.90000000,13.90000000,0.00000000
2001-05-11T23:40:00,1,5,11,23,40,0.00000000,14.06666667,14.06666667,0.00000000
2001-05-11T23:50:00,1,5,11,23,50,0.00000000,14.23333333,14.23333333,0.00000000
2001-05-12T00:00:00,1,5,12,0,0,0.00000000,14.40000000,14.40000000,0.00000000
2001-05-12T00:10:00,1,5,12,0,10,0.00000000,14.25000000,14.25000000,0.00000000
2001-05-12T00:20:00,1,5,12,0,20,0.00000000,14.10000000,14.10000000,0.00000000
2001-05-12T00:30:00,1,5,12,0,30,0.00000000,13.95000000,13.95000000,0.00000000
2001-05-12T00:40:00,1,5,12,0,40,0.00000000,13.80000000,13.80000000,0.00000000
2001-05-12T00:50:00,1,5,12,0,50,0.00000000,13.65000000,13.65000000,0.00000000
2001-05-12T01:00:00,1,5,12,1,0,0.00000000,13.50000000,13.50000000,0.00000000
2001-05-12T01:10:00,1,5,12,1,10,0.00000000,13.58333333,13.58333333,0.00000000
2001-05-12T01:20:00,1,5,12,1,20,0.00000000,13.66666667,13.66666667,0.00000000
2001-05-12T01:30:00,1,5,12,1,30,0.00000000,13.75000000,13.75000000,0.00000000
2001-05-12T01:40:00,1,5,12,1,40,0.00000000,13.83333333,13.83333333,0.00000000
2001-05-12T01:50:00,1,5,12,1,50,0.00000000,13.91666667,13.91666667,0.00000000
2001-05-12T02:00:00,1,5,12,2,0,0.00000000,14.00000000,14.00000000,0.00000000
2001-05-12T02:10:00,1,5,12,2,10,0.00000000,13.90000000,13.90000000,0.00000000
2001-05-12T02:20:00,1,5,12,2,20,0.00000000,13.80000000,13.80000000,0.00000000
2001-05-12T02:30:00,1,5,12,2,30,0.00000000,13.70000000,13.70000000,0.00000000
2001-05-12T02:40:00,1,5,12,2,40,0.00000000,13.60000000,13.60000000,0.00000000
2001-05-12T02:50:00,1,5,12,2,50,0.00000000,13.50000000,13.50000000,0.00000000
2001-05-12T03:00:00,1,5,12,3,0,0.00000000,13.40000000,13.40000000,0.00000000
2001-05-12T03:10:00,1,5,12,3,10,0.00000000,13.43333333,13.43333333,0.00000000
2001-05-12T03:20:00,1,5,12,3,20,0.00000000,13.46666667,13.46666667,0.00000000
2001-05-12T03:30:00,1,5,12,3,30,0.00000000,13.50000000,13.50000000,0.00000000
2001-05-12T03:40:00,1,5,12,3,40,0.00000000,13.53333333,13.53333333,0.00000000
2001-05-12T03:50:00,1,5,12,3,50,0.00000000,13.56666667,13.56666667,0.00000000
2001-05-12T04:00:00,1,5,12,4,0,0.00000000,13.60000000,13.60000000,0.00000000
2001-05-12T04:10:00,1,5,12,4,10,0.00000000,13.55000000,13.55000000,0.00000000
2001-05-12T04:20:00,1,5,12,4,20,0.00000000,13.50000000,13.50000000,0.00000000
2001-05-12T04:30:00,1,5,12,4,30,0.00000000,13.45000000,13.45000000,0.00000000
2001-05-12T04:40:00,1,5,12,4,40,0.00000000,13.40000000,13.40000000,0.00000000
2001-05-12T04:50:00,1,5,12,4,50,0.00000000,13.35000000,13.35000000,0.00000000
2001-05-12T05:00:00,1,5,12,5,0,0.00000000,13.30000000,13.30000000,0.00000000
2001-05-12T05:10:00,1,5,12,5,10,0.00150000,13.43333333,13.48583333,0.00157945
2001-05-12T05:20:00,1,5,12,5,20,0.00300000,13.56666667,13.67166667,0.00315633
2001-05-12T05:30:00,1,5,12,5,30,0.00450000,13.70000000,13.85750000,0.00473065
2001-05-12T05:40:00,1,5,12,5,40,0.00600000,13.83333333,14.04333333,0.00630240
2001-05-12T05:50:00,1,5,12,5,50,0.00750000,13.96666667,14.22916667,0.00787159
2001-05-12T06:00:00,1,5,12,6,0,0.00900000,14.10000000,14.41500000,0.00943822
2001-05-12T06:10:00,1,5,12,6,10,0.03616667,14.15000000,15.41583333,0.03776115
2001-05-12T06:20:00,1,5,12,6,20,0.06333333,14.20000000,16.41666667,0.06583394
2001-05-12T06:30:00,1,5,12,6,30,0.09050000,14.25000000,17.41750000,0.09365659
2001-05-12T06:40:00,1,5,12,6,40,0.11766667,14.30000000,18.41833333,0.12122910
2001-05-12T06:50:00,1,5,12,6,50,0.14483333,14.35000000,19.41916667,0.14855147
2001-05-12T07:00:00,1,5,12,7,0,0.17200000,14.40000000,20.42000000,0.17562370
2001-05-12T07:10:00,1,5,12,7,10,0.18000000,14.76666667,21.06666667,0.18325680
2001-05-12T07:20:00,1,5,12,7,20,0.18800000,15.13333333,21.71333333,0.19084231
2001-05-12T07:30:00,1,5,12,7,30,0.19600000,15.50000000,22.36000000,0.19838022
2001-05-12T07:40:00,1,5,12,7,40,0.20400000,15.86666667,23.00666667,0.20587054
2001-05-12T07:50:00,1,5,12,7,50,0.21200000,16.23333333,23.65333333,0.21331327
2001-05-12T08:00:00,1,5,12,8,0,0.22000000,16.60000000,24.30000000,0.22070840
2001-05-12T08:10:00,1,5,12,8,10,0.27283333,16.75000000,26.29916667,0.27120284
2001-05-12T08:20:00,1,5,12,8,20,0.32566667,16.90000000,28.29833333,0.32072554
2001-05-12T08:30:00,1,5,12,8,30,0.37850000,17.05000000,30.29750000,0.36927652
2001-05-12T08:40:00,1,5,12,8,40,0.43133333,17.20000000,32.29666667,0.41685577
2001-05-12T08:50:00,1,5,12,8,50,0.48416667,17.35000000,34.29583333,0.46346330
2001-05-12T09:00:00,1,5,12,9,0,0.53700000,17.50000000,36.29500000,0.50909909
2001-05-12T09:10:00,1,5,12,9,10,0.54366667,17.96666667,36.99500000,0.51366877
2001-05-12T09:20:00,1,5,12,9,20,0.55033333,18.43333333,37.69500000,0.51819552
2001-05-12T09:30:00,1,5,12,9,30,0.55700000,18.90000000,38.39500000,0.52267933
2001-05-12T09:40:00,1,5,12,9,40,0.56366667,19.36666667,39.09500000,0.52712021
2001-05-12T09:50:00,1,5,12,9,50,0.57033333,19.83333333,39.79500000,0.53151816
2001-05-12T10:00:00,1,5,12,10,0,0.57700000,20.30000000,40.49500000,0.53587317
2001-05-12T10:10:00,1,5,12,10,10,0.56166667,20.50000000,40.15833333,0.52250259
2001-05-12T10:20:00,1,5,12,10,20,0.54633333,20.70000000,39.82166667,0.50908451
2001-05-12T10:30:00,1,5,12,10,30,0.53100000,20.90000000,39.48500000,0.49561894
2001-05-12T10:40:00,1,5,12,10,40,0.51566667,21.10000000,39.14833333,0.48210588
2001-05-12T10:50:00,1,5,12,10,50,0.50033333,21.30000000,38.81166667,0.46854532
2001-05-12T11:00:00,1,5,12,11,0,0.48500000,21.50000000,38.47500000,0.45493728
2001-05-12T11:10:00,1,5,12,11,10,0.47533333,21.45000000,38.08666667,0.44671890
2001-05-12T11:20:00,1,5,12,11,20,0.46566667,21.40000000,37.69833333,0.43846599
2001-05-12T11:30:00,1,5,12,11,30,0.45600000,21.35000000,37.31000000,0.43017854
2001-05-12T11:40:00,1,5,12,11,40,0.44633333,21.30000000,36.92166667,0.42185656
2001-05-12T11:50:00,1,5,12,11,50,0.43666667,21.25000000,36.53333333,0.41350004
2001-05-12T12:00:00,1,5,12,12,0,0.42700000,21.20000000,36.14500000,0.40510899
2001-05-12T12:10:00,1,5,12,12,10,0.46166667,21.10000000,37.25833333,0.43563405
2001-05-12T12:20:00,1,5,12,12,20,0.49633333,21.00000000,38.37166667,0.46580404
2001-05-12T12:30:00,1,5,12,12,30,0.53100000,20.90000000,39.48500000,0.49561894
2001-05-12T12:40:00,1,5,12,12,40,0.56566667,20.80000000,40.59833333,0.52507876
2001-05-12T12:50:00,1,5,12,12,50,0.60033333,20.70000000,41.71166667,0.55418351
2001-05-12T13:00:00,1,5,12,13,0,0.63500000,20.60000000,42.82500000,0.58293317
2001-05-12T13:10:00,1,5,12,13,10,0.58666667,20.98333333,41.51666667,0.54209369
2001-05-12T13:20:00,1,5,12,13,20,0.53833333,21.36666667,40.20833333,0.50067243
2001-05-12T13:30:00,1,5,12,13,30,0.49000000,21.75000000,38.90000000,0.45866940
2001-05-12T13:40:00,1,5,12,13,40,0.44166667,22.13333333,37.59166667,0.41608460
2001-05-12T13:50:00,1,5,12,13,50,0.39333333,22.51666667,36.28333333,0.37291802
2001-05-12T14:00:00,1,5,12,14,0,0.34500000,22.90000000,34.97500000,0.32916967
2001-05-12T14:10:00,1,5,12,14,10,0.33900000,22.46666667,34.33166667,0.32444820
2001-05-12T14:20:00,1,5,12,14,20,0.33300000,22.03333333,33.68833333,0.31969121
2001-05-12T14:30:00,1,5,12,14,30,0.32700000,21.60000000,33.04500000,0.31489871
2001-05-12T14:40:00,1,5,12,14,40,0.32100000,21.16666667,32.40166667,0.31007070
2001-05-12T14:50:00,1,5,12,14,50,0.31500000,20.73333333,31.75833333,0.30520717
2001-05-12T15:00:00,1,5,12,15,0,0.30900000,20.30000000,31.11500000,0.30030814
2001-05-12T15:10:00,1,5,12,15,10,0.28450000,20.35000000,30.30750000,0.27755407
2001-05-12T15:20:00,1,5,12,15,20,0.26000000,20.40000000,29.50000000,0.25461800
2001-05-12T15:30:00,1,5,12,15,30,0.23550000,20.45000000,28.69250000,0.23149991
2001-05-12T15:40:00,1,5,12,15,40,0.21100000,20.50000000,27.88500000,0.20819982
2001-05-12T15:50:00,1,5,12,15,50,0.18650000,20.55000000,27.07750000,0.18471771
2001-05-12T16:00:00,1,5,12,16,0,0.16200000,20.60000000,26.27000000,0.16105360
2001-05-12T16:10:00,1,5,12,16,10,0.13700000,20.45000000,25.24500000,0.13684560
2001-05-12T16:20:00,1,5,12,16,20,0.11200000,20.30000000,24.22000000,0.11240186
2001-05-12T16:30:00,1,5,12,16,30,0.08700000,20.15000000,23.19500000,0.08772236
2001-05-12T16:40:00,1,5,12,16,40,0.06200000,20.00000000,22.17000000,0.06280712
2001-05-12T16:50:00,1,5,12,16,50,0.03700000,19.85000000,21.14500000,0.03765612
2001-05-12T17:00:00,1,5,12,17,0,0.01200000,19.70000000,20.12000000,0.01226938
2001-05-12T17:10:00,1,5,12,17,10,0.01000000,19.48333333,19.83333333,0.01023767
2001-05-12T17:20:00,1,5,12,17,20,0.00800000,19.26666667,19.54666667,0.00820068
2001-05-12T17:30:00,1,5,12,17,30,0.00600000,19.05000000,19.26000000,0.00615842
2001-05-12T17:40:00,1,5,12,17,40,0.00400000,18.83333333,18.97333333,0.00411089
2001-05-12T17:50:00,1,5,12,17,50,0.00200000,18.61666667,18.68666667,0.00205808
2001-05-12T18:00:00,1,5,12,18,0,0.00000000,18.40000000,18.40000000,0.00000000
2001-05-12T18:10:00,1,5,12,18,10,0.00000000,18.23333333,18.23333333,0.00000000
2001-05-12T18:20:00,1,5,12,18,20,0.00000000,18.06666667,18.06666667,0.00000000
2001-05-12T18:30:00,1,5,12,18,30,0.00000000,17.90000000,17.90000000,0.00000000
2001-05-12T18:40:00,1,5,12,18,40,0.00000000,17.73333333,17.73333333,0.00000000
2001-05-12T18:50:00,1,5,12,18,50,0.00000000,17.56666667,17.56666667,0.00000000
2001-05-12T19:00:00,1,5,12,19,0,0.00000000,17.40000000,17.40000000,0.00000000
2001-05-12T19:10:00,1,5,12,19,10,0.00000000,17.26666667,17.26666667,0.00000000
2001-05-12T19:20:00,1,5,12,19,20,0.00000000,17.13333333,17.13333333,0.00000000
2001-05-12T19:30:00,1,5,12,19,30,0.00000000,17.00000000,17.00000000,0.00000000
2001-05-12T19:40:00,1,5,12,19,40,0.00000000,16.86666667,16.86666667,0.00000000
2001-05-12T19:50:00,1,5,12,19,50,0.00000000,16.73333333,16.73333333,0.00000000
2001-05-12T20:00:00,1,5,12,20,0,0.00000000,16.60000000,16.60000000,0.00000000
2001-05-12T20:10:00,1,5,12,20,10,0.00000000,16.65000000,16.65000000,0.00000000
2001-05-12T20:20:00,1,5,12,20,20,0.00000000,16.70000000,16.70000000,0.00000000
2001-05-12T20:30:00,1,5,12,20,30,0.00000000,16.75000000,16.75000000,0.00000000
2001-05-12T20:40:00,1,5,12,20,40,0.00000000,16.80000000,16.80000000,0.00000000
2001-05-12T20:50:00,1,5,12,20,50,0.00000000,16.85000000,16.85000000,0.00000000
2001-05-12T21:00:00,1,5,12,21,0,0.00000000,16.90000000,16.90000000,0.00000000
2001-05-12T21:10:00,1,5,12,21,10,0.00000000,16.80000000,16.80000000,0.00000000
2001-05-12T21:20:00,1,5,12,21,20,0.00000000,16.70000000,16.70000000,0.00000000
2001-05-12T21:30:00,1,5,12,21,30,0.00000000,16.60000000,16.60000000,0.00000000
2001-05-12T21:40:00,1,5,12,21,40,0.00000000,16.50000000,16.50000000,0.00000000
2001-05-12T21:50:00,1,5,12,21,50,0.00000000,16.40000000,16.40000000,0.00000000
2001-05-12T22:00:00,1,5,12,22,0,0.00000000,16.30000000,16.30000000,0.00000000
2001-05-12T22:10:00,1,5,12,22,10,0.00000000,16.25000000,16.25000000,0.00000000
2001-05-12T22:20:00,1,5,12,22,20,0.00000000,16.20000000,16.20000000,0.00000000
2001-05-12T22:30:00,1,5,12,22,30,0.00000000,16.15000000,16.15000000,0.00000000
2001-05-12T22:40:00,1,5,12,22,40,0.00000000,16.10000000,16.10000000,0.00000000
2001-05-12T22:50:00,1,5,12,22,50,0.00000000,16.05000000,16.05000000,0.00000000
2001-05-12T23:00:00,1,5,12,23,0,0.00000000,16.00000000,16.00000000,0.00000000
2001-05-12T23:10:00,1,5,12,23,10,0.00000000,15.86666667,15.86666667,0.00000000
2001-05-12T23:20:00,1,5,12,23,20,0.00000000,15.73333333,15.73333333,0.00000000
2001-05-12T23:30:00,1,5,12,23,30,0.00000000,15.60000000,15.60000000,0.00000000
2001-05-12T23:40:00,1,5,12,23,40,0.00000000,15.46666667,15.46666667,0.00000000
2001-05-12T23:50:00,1,5,12,23,50,0.00000000,15.33333333,15.33333333,0.00000000
2001-05-13T00:00:00,1,5,13,0,0,0.00000000,15.20000000,15.20000000,0.00000000
2001-05-13T00:10:00,1,5,13,0,10,0.00000000,15.20000000,15.20000000,0.00000000
2001-05-13T00:20:00,1,5,13,0,20,0.00000000,15.20000000,15.20000000,0.00000000
2001-05-13T00:30:00,1,5,13,0,30,0.00000000,15.20000000,15.20000000,0.00000000
2001-05-13T00:40:00,1,5,13,0,40,0.00000000,15.20000000,15.20000000,0.00000000
2001-05-13T00:50:00,1,5,13,0,50,0.00000000,15.20000000,15.20000000,0.00000000
2001-05-13T01:00:00,1,5,13,1,0,0.00000000,15.20000000,15.20000000,0.00000000
2001-05-13T01:10:00,1,5,13,1,10,0.00000000,15.26666667,15.26666667,0.00000000
2001-05-13T01:20:00,1,5,13,1,20,0.00000000,15.33333333,15.33333333,0.00000000
2001-05-13T01:30:00,1,5,13,1,30,0.00000000,15.40000000,15.40000000,0.00000000
2001-05-13T01:40:00,1,5,13,1,40,0.00000000,15.46666667,15.46666667,0.00000000
2001-05-13T01:50:00,1,5,13,1,50,0.00000000,15.53333333,15.53333333,0.00000000
2001-05-13T02:00:00,1,5,13,2,0,0.00000000,15.60000000,15.60000000,0.00000000
2001-05-13T02:10:00,1,5,13,2,10,0.00000000,15.55000000,15.55000000,0.00000000
2001-05-13T02:20:00,1,5,13,2,20,0.00000000,15.50000000,15.50000000,0.00000000
2001-05-13T02:30:00,1,5,13,2,30,0.00000000,15.45000000,15.45000000,0.00000000
2001-05-13T02:40:00,1,5,13,2,40,0.00000000,15.40000000,15.40000000,0.00000000
2001-05-13T02:50:00,1,5,13,2,50,0.00000000,15.35000000,15.35000000,0.00000000
2001-05-13T03:00:00,1,5,13,3,0,0.00000000,15.30000000,15.30000000,0.00000000
2001-05-13T03:10:00,1,5,13,3,10,0.00000000,15.28333333,15.28333333,0.00000000
2001-05-13T03:20:00,1,5,13,3,20,0.00000000,15.26666667,15.26666667,0.00000000
2001-05-13T03:30:00,1,5,13,3,30,0.00000000,15.25000000,15.25000000,0.00000000
2001-05-13T03:40:00,1,5,13,3,40,0.00000000,15.23333333,15.23333333,0.00000000
2001-05-13T03:50:00,1,5,13,3,50,0.00000000,15.21666667,15.21666667,0.00000000
2001-05-13T04:00:00,1,5,13,4,0,0.00000000,15.20000000,15.20000000,0.00000000
2001-05-13T04:10:00,1,5,13,4,10,0.00000000,15.20000000,15.20000000,0.00000000
2001-05-13T04:20:00,1,5,13,4,20,0.00000000,15.20000000,15.20000000,0.00000000
2001-05-13T04:30:00,1,5,13,4,30,0.00000000,15.20000000,15.20000000,0.00000000
2001-05-13T04:40:00,1,5,13,4,40,0.00000000,15.20000000,15.20000000,0.00000000
2001-05-13T04:50:00,1,5,13,4,50,0.00000000,15.20000000,15.20000000,0.00000000
2001-05-13T05:00:00,1,5,13,5,0,0.00000000,15.20000000,15.20000000,0.00000000
2001-05-13T05:10:00,1,5,13,5,10,0.00150000,15.20000000,15.25250000,0.00156726
2001-05-13T05:20:00,1,5,13,5,20,0.00300000,15.20000000,15.30500000,0.00313379
2001-05-13T05:30:00,1,5,13,5,30,0.00450000,15.20000000,15.35750000,0.00469960
2001-05-13T05:40:00,1,5,13,5,40,0.00600000,15.20000000,15.41000000,0.00626468
2001-05-13T05:50:00,1,5,13,5,50,0.00750000,15.20000000,15.46250000,0.00782904
2001-05-13T06:00:00,1,5,13,6,0,0.00900000,15.20000000,15.51500000,0.00939268
2001-05-13T06:10:00,1,5,13,6,10,0.01983333,15.21666667,15.91083333,0.02066257
2001-05-13T06:20:00,1,5,13,6,20,0.03066667,15.23333333,16.30666667,0.03189301
2001-05-13T06:30:00,1,5,13,6,30,0.04150000,15.25000000,16.70250000,0.04308399
2001-05-13T06:40:00,1,5,13,6,40,0.05233333,15.26666667,17.09833333,0.05423553
2001-05-13T06:50:00,1,5,13,6,50,0.06316667,15.28333333,17.49416667,0.06534761
2001-05-13T07:00:00,1,5,13,7,0,0.07400000,15.30000000,17.89000000,0.07642024
2001-05-13T07:10:00,1,5,13,7,10,0.11000000,15.65000000,19.50000000,0.11278300
2001-05-13T07:20:00,1,5,13,7,20,0.14600000,16.00000000,21.11000000,0.14861252
2001-05-13T07:30:00,1,5,13,7,30,0.18200000,16.35000000,22.72000000,0.18390882
2001-05-13T07:40:00,1,5,13,7,40,0.21800000,16.70000000,24.33000000,0.21867188
2001-05-13T07:50:00,1,5,13,7,50,0.25400000,17.05000000,25.94000000,0.25290170
2001-05-13T08:00:00,1,5,13,8,0,0.29000000,17.40000000,27.55000000,0.28659830
2001-05-13T08:10:00,1,5,13,8,10,0.27950000,17.81666667,27.59916667,0.27615825
2001-05-13T08:20:00,1,5,13,8,20,0.26900000,18.23333333,27.64833333,0.26572295
2001-05-13T08:30:00,1,5,13,8,30,0.25850000,18.65000000,27.69750000,0.25529240
2001-05-13T08:40:00,1,5,13,8,40,0.24800000,19.06666667,27.74666667,0.24486660
2001-05-13T08:50:00,1,5,13,8,50,0.23750000,19.48333333,27.79583333,0.23444555
2001-05-13T09:00:00,1,5,13,9,0,0.22700000,19.90000000,27.84500000,0.22402925
2001-05-13T09:10:00,1,5,13,9,10,0.26533333,19.88333333,29.17000000,0.26024371
2001-05-13T09:20:00,1,5,13,9,20,0.30366667,19.86666667,30.49500000,0.29599088
2001-05-13T09:30:00,1,5,13,9,30,0.34200000,19.85000000,31.82000000,0.33127078
2001-05-13T09:40:00,1,5,13,9,40,0.38033333,19.83333333,33.14500000,0.36608338
2001-05-13T09:50:00,1,5,13,9,50,0.41866667,19.81666667,34.47000000,0.40042871
2001-05-13T10:00:00,1,5,13,10,0,0.45700000,19.80000000,35.79500000,0.43430675
2001-05-13T10:10:00,1,5,13,10,10,0.48516667,20.30000000,37.28083333,0.45775871
2001-05-13T10:20:00,1,5,13,10,20,0.51333333,20.80000000,38.76666667,0.48082564
2001-05-13T10:30:00,1,5,13,10,30,0.54150000,21.30000000,40.25250000,0.50350755
2001-05-13T10:40:00,1,5,13,10,40,0.56966667,21.80000000,41.73833333,0.52580442
2001-05-13T10:50:00,1,5,13,10,50,0.59783333,22.30000000,43.22416667,0.54771627
2001-05-13T11:00:00,1,5,13,11,0,0.62600000,22.80000000,44.71000000,0.56924308
2001-05-13T11:10:00,1,5,13,11,10,0.60533333,23.21666667,44.40333333,0.55130410
2001-05-13T11:20:00,1,5,13,11,20,0.58466667,23.63333333,44.09666667,0.53330682
2001-05-13T11:30:00,1,5,13,11,30,0.56400000,24.05000000,43.79000000,0.51525122
2001-05-13T11:40:00,1,5,13,11,40,0.54333333,24.46666667,43.48333333,0.49713732
2001-05-13T11:50:00,1,5,13,11,50,0.52266667,24.88333333,43.17666667,0.47896511
2001-05-13T12:00:00,1,5,13,12,0,0.50200000,25.30000000,42.87000000,0.46073460
2001-05-13T12:10:00,1,5,13,12,10,0.50050000,25.06666667,42.58416667,0.46001597
2001-05-13T12:20:00,1,5,13,12,20,0.49900000,24.83333333,42.29833333,0.45929341
2001-05-13T12:30:00,1,5,13,12,30,0.49750000,24.60000000,42.01250000,0.45856689
2001-05-13T12:40:00,1,5,13,12,40,0.49600000,24.36666667,41.72666667,0.45783644
2001-05-13T12:50:00,1,5,13,12,50,0.49450000,24.13333333,41.44083333,0.45710204
2001-05-13T13:00:00,1,5,13,13,0,0.49300000,23.90000000,41.15500000,0.45636369
2001-05-13T13:10:00,1,5,13,13,10,0.45616667,24.06666667,40.03250000,0.42462297
2001-05-13T13:20:00,1,5,13,13,20,0.41933333,24.23333333,38.91000000,0.39250187
2001-05-13T13:30:00,1,5,13,13,30,0.38250000,24.40000000,37.78750000,0.36000039
2001-05-13T13:40:00,1,5,13,13,40,0.34566667,24.56666667,36.66500000,0.32711854
2001-05-13T13:50:00,1,5,13,13,50,0.30883333,24.73333333,35.54250000,0.29385631
2001-05-13T14:00:00,1,5,13,14,0,0.27200000,24.90000000,34.42000000,0.26021370
2001-05-13T14:10:00,1,5,13,14,10,0.26200000,24.38333333,33.55333333,0.25169152
2001-05-13T14:20:00,1,5,13,14,20,0.25200000,23.86666667,32.68666667,0.24308962
2001-05-13T14:30:00,1,5,13,14,30,0.24200000,23.35000000,31.82000000,0.23440798
2001-05-13T14:40:00,1,5,13,14,40,0.23200000,22.83333333,30.95333333,0.22564660
2001-05-13T14:50:00,1,5,13,14,50,0.22200000,22.31666667,30.08666667,0.21680550
2001-05-13T15:00:00,1,5,13,15,0,0.21200000,21.80000000,29.22000000,0.20788466
2001-05-13T15:10:00,1,5,13,15,10,0.20016667,21.65000000,28.65583333,0.19680050
2001-05-13T15:20:00,1,5,13,15,20,0.18833333,21.50000000,28.09166667,0.18565492
2001-05-13T15:30:00,1,5,13,15,30,0.17650000,21.35000000,27.52750000,0.17444792
2001-05-13T15:40:00,1,5,13,15,40,0.16466667,21.20000000,26.96333333,0.16317951
2001-05-13T15:50:00,1,5,13,15,50,0.15283333,21.05000000,26.39916667,0.15184967
2001-05-13T16:00:00,1,5,13,16,0,0.14100000,20.90000000,25.83500000,0.14045842
2001-05-13T16:10:00,1,5,13,16,10,0.11916667,20.73333333,24.90416667,0.11921920
2001-05-13T16:20:00,1,5,13,16,20,0.09733333,20.56666667,23.97333333,0.09779301
2001-05-13T16:30:00,1,5,13,16,30,0.07550000,20.40000000,23.04250000,0.07617984
2001-05-13T16:40:00,1,5,13,16,40,0.05366667,20.23333333,22.11166667,0.05437970
2001-05-13T16:50:00,1,5,13,16,50,0.03183333,20.06666667,21.18083333,0.03239259
2001-05-13T17:00:00,1,5,13,17,0,0.01000000,19.90000000,20.25000000,0.01021850
2001-05-13T17:10:00,1,5,13,17,10,0.00833333,19.68333333,19.97500000,0.00852596
2001-05-13T17:20:00,1,5,13,17,20,0.00666667,19.46666667,19.70000000,0.00682920
2001-05-13T17:30:00,1,5,13,17,30,0.00500000,19.25000000,19.42500000,0.00512822
2001-05-13T17:40:00,1,5,13,17,40,0.00333333,19.03333333,19.15000000,0.00342303
2001-05-13T17:50:00,1,5,13,17,50,0.00166667,18.81666667,18.87500000,0.00171363
2001-05-13T18:00:00,1,5,13,18,0,0.00000000,18.60000000,18.60000000,0.00000000
2001-05-13T18:10:00,1,5,13,18,10,0.00000000,18.48333333,18.48333333,0.00000000
2001-05-13T18:20:00,1,5,13,18,20,0.00000000,18.36666667,18.36666667,0.00000000
2001-05-13T18:30:00,1,5,13,18,30,0.00000000,18.25000000,18.25000000,0.00000000
2001-05-13T18:40:00,1,5,13,18,40,0.00000000,18.13333333,18.13333333,0.00000000
2001-05-13T18:50:00,1,5,13,18,50,0.00000000,18.01666667,18.01666667,0.00000000
2001-05-13T19:00:00,1,5,13,19,0,0.00000000,17.90000000,17.90000000,0.00000000
2001-05-13T19:10:00,1,5,13,19,10,0.00000000,17.80000000,17.80000000,0.00000000
2001-05-13T19:20:00,1,5,13,19,20,0.00000000,17.70000000,17.70000000,0.00000000
2001-05-13T19:30:00,1,5,13,19,30,0.00000000,17.60000000,17.60000000,0.00000000
2001-05-13T19:40:00,1,5,13,19,40,0.00000000,17.50000000,17.50000000,0.00000000
2001-05-13T19:50:00,1,5,13,19,50,0.00000000,17.40000000,17.40000000,0.00000000
2001-05-13T20:00:00,1,5,13,20,0,0.00000000,17.30000000,17.30000000,0.00000000
2001-05-13T20:10:00,1,5,13,20,10,0.00000000,17.21666667,17.21666667,0.00000000
2001-05-13T20:20:00,1,5,13,20,20,0.00000000,17.13333333,17.13333333,0.00000000
2001-05-13T20:30:00,1,5,13,20,30,0.00000000,17.05000000,17.05000000,0.00000000
2001-05-13T20:40:00,1,5,13,20,40,0.00000000,16.96666667,16.96666667,0.00000000
2001-05-13T20:50:00,1,5,13,20,50,0.00000000,16.88333333,16.88333333,0.00000000
2001-05-13T21:00:00,1,5,13,21,0,0.00000000,16.80000000,16.80000000,0.00000000
2001-05-13T21:10:00,1,5,13,21,10,0.00000000,16.75000000,16.75000000,0.00000000
2001-05-13T21:20:00,1,5,13,21,20,0.00000000,16.70000000,16.70000000,0.00000000
2001-05-13T21:30:00,1,5,13,21,30,0.00000000,16.65000000,16.65000000,0.00000000
2001-05-13T21:40:00,1,5,13,21,40,0.00000000,16.60000000,16.60000000,0.00000000
2001-05-13T21:50:00,1,5,13,21,50,0.00000000,16.55000000,16.55000000,0.00000000
2001-05-13T22:00:00,1,5,13,22,0,0.00000000,16.50000000,16.50000000,0.00000000
2001-05-13T22:10:00,1,5,13,22,10,0.00000000,16.45000000,16.45000000,0.00000000
2001-05-13T22:20:00,1,5,13,22,20,0.00000000,16.40000000,16.40000000,0.00000000
2001-05-13T22:30:00,1,5,13,22,30,0.00000000,16.35000000,16.35000000,0.00000000
2001-05-13T22:40:00,1,5,13,22,40,0.00000000,16.30000000,16.30000000,0.00000000
2001-05-13T22:50:00,1,5,13,22,50,0.00000000,16.25000000,16.25000000,0.00000000
2001-05-13T23:00:00,1,5,13,23,0,0.00000000,16.20000000,16.20000000,0.00000000
2001-05-13T23:10:00,1,5,13,23,10,0.00000000,16.41666667,16.41666667,0.00000000
2001-05-13T23:20:00,1,5,13,23,20,0.00000000,16.63333333,16.63333333,0.00000000
2001-05-13T23:30:00,1,5,13,23,30,0.00000000,16.85000000,16.85000000,0.00000000
2001-05-13T23:40:00,1,5,13,23,40,0.00000000,17.06666667,17.06666667,0.00000000
2001-05-13T23:50:00,1,5,13,23,50,0.00000000,17.28333333,17.28333333,0.00000000
2001-05-14T00:00:00,1,5,14,0,0,0.00000000,17.50000000,17.50000000,0.00000000
2001-05-14T00:10:00,1,5,14,0,10,0.00000000,17.50000000,17.50000000,0.00000000
2001-05-14T00:20:00,1,5,14,0,20,0.00000000,17.50000000,17.50000000,0.00000000
2001-05-14T00:30:00,1,5,14,0,30,0.00000000,17.50000000,17.50000000,0.00000000
2001-05-14T00:40:00,1,5,14,0,40,0.00000000,17.50000000,17.50000000,0.00000000
2001-05-14T00:50:00,1,5,14,0,50,0.00000000,17.50000000,17.50000000,0.00000000
2001-05-14T01:00:00,1,5,14,1,0,0.00000000,17.50000000,17.50000000,0.00000000
2001-05-14T01:10:00,1,5,14,1,10,0.00000000,17.51666667,17.51666667,0.00000000
2001-05-14T01:20:00,1,5,14,1,20,0.00000000,17.53333333,17.53333333,0.00000000
2001-05-14T01:30:00,1,5,14,1,30,0.00000000,17.55000000,17.55000000,0.00000000
2001-05-14T01:40:00,1,5,14,1,40,0.00000000,17.56666667,17.56666667,0.00000000
2001-05-14T01:50:00,1,5,14,1,50,0.00000000,17.58333333,17.58333333,0.00000000
2001-05-14T02:00:00,1,5,14,2,0,0.00000000,17.60000000,17.60000000,0.00000000
2001-05-14T02:10:00,1,5,14,2,10,0.00000000,17.46666667,17.46666667,0.00000000
2001-05-14T02:20:00,1,5,14,2,20,0.00000000,17.33333333,17.33333333,0.00000000
2001-05-14T02:30:00,1,5,14,2,30,0.00000000,17.20000000,17.20000000,0.00000000
2001-05-14T02:40:00,1,5,14,2,40,0.00000000,17.06666667,17.06666667,0.00000000
2001-05-14T02:50:00,1,5,14,2,50,0.00000000,16.93333333,16.93333333,0.00000000
2001-05-14T03:00:00,1,5,14,3,0,0.00000000,16.80000000,16.80000000,0.00000000
2001-05-14T03:10:00,1,5,14,3,10,0.00000000,16.80000000,16.80000000,0.00000000
2001-05-14T03:20:00,1,5,14,3,20,0.00000000,16.80000000,16.80000000,0.00000000
2001-05-14T03:30:00,1,5,14,3,30,0.00000000,16.80000000,16.80000000,0.00000000
2001-05-14T03:40:00,1,5,14,3,40,0.00000000,16.80000000,16.80000000,0.00000000
2001-05-14T03:50:00,1,5,14,3,50,0.00000000,16.80000000,16.80000000,0.00000000
2001-05-14T04:00:00,1,5,14,4,0,0.00000000,16.80000000,16.80000000,0.00000000
2001-05-14T04:10:00,1,5,14,4,10,0.00000000,16.86666667,16.86666667,0.00000000
2001-05-14T04:20:00,1,5,14,4,20,0.00000000,16.93333333,16.93333333,0.00000000
2001-05-14T04:30:00,1,5,14,4,30,0.00000000,17.00000000,17.00000000,0.00000000
2001-05-14T04:40:00,1,5,14,4,40,0.00000000,17.06666667,17.06666667,0.00000000
2001-05-14T04:50:00,1,5,14,4,50,0.00000000,17.13333333,17.13333333,0.00000000
2001-05-14T05:00:00,1,5,14,5,0,0.00000000,17.20000000,17.20000000,0.00000000
2001-05-14T05:10:00,1,5,14,5,10,0.00066667,17.18333333,17.20666667,0.00069057
2001-05-14T05:20:00,1,5,14,5,20,0.00133333,17.16666667,17.21333333,0.00138109
2001-05-14T05:30:00,1,5,14,5,30,0.00200000,17.15000000,17.22000000,0.00207158
2001-05-14T05:40:00,1,5,14,5,40,0.00266667,17.13333333,17.22666667,0.00276202
2001-05-14T05:50:00,1,5,14,5,50,0.00333333,17.11666667,17.23333333,0.00345242
2001-05-14T06:00:00,1,5,14,6,0,0.00400000,17.10000000,17.24000000,0.00414278
2001-05-14T06:10:00,1,5,14,6,10,0.02183333,17.00000000,17.76416667,0.02256005
2001-05-14T06:20:00,1,5,14,6,20,0.03966667,16.90000000,18.28833333,0.04089132
2001-05-14T06:30:00,1,5,14,6,30,0.05750000,16.80000000,18.81250000,0.05913659
2001-05-14T06:40:00,1,5,14,6,40,0.07533333,16.70000000,19.33666667,0.07729587
2001-05-14T06:50:00,1,5,14,6,50,0.09316667,16.60000000,19.86083333,0.09536914
2001-05-14T07:00:00,1,5,14,7,0,0.11100000,16.50000000,20.38500000,0.11335642
2001-05-14T07:10:00,1,5,14,7,10,0.12466667,17.05000000,21.41333333,0.12672350
2001-05-14T07:20:00,1,5,14,7,20,0.13833333,17.60000000,22.44166667,0.13996129
2001-05-14T07:30:00,1,5,14,7,30,0.15200000,18.15000000,23.47000000,0.15306978
2001-05-14T07:40:00,1,5,14,7,40,0.16566667,18.70000000,24.49833333,0.16604897
2001-05-14T07:50:00,1,5,14,7,50,0.17933333,19.25000000,25.52666667,0.17889887
2001-05-14T08:00:00,1,5,14,8,0,0.19300000,19.80000000,26.55500000,0.19161947
2001-05-14T08:10:00,1,5,14,8,10,0.21450000,19.98333333,27.49083333,0.21204229
2001-05-14T08:20:00,1,5,14,8,20,0.23600000,20.16666667,28.42666667,0.23228001
2001-05-14T08:30:00,1,5,14,8,30,0.25750000,20.35000000,29.36250000,0.25233262
2001-05-14T08:40:00,1,5,14,8,40,0.27900000,20.53333333,30.29833333,0.27220012
2001-05-14T08:50:00,1,5,14,8,50,0.30050000,20.71666667,31.23416667,0.29188251
2001-05-14T09:00:00,1,5,14,9,0,0.32200000,20.90000000,32.17000000,0.31137980
2001-05-14T09:10:00,1,5,14,9,10,0.33300000,21.38333333,33.03833333,0.32068688
2001-05-14T09:20:00,1,5,14,9,20,0.34400000,21.86666667,33.90666667,0.32990609
2001-05-14T09:30:00,1,5,14,9,30,0.35500000,22.35000000,34.77500000,0.33903742
2001-05-14T09:40:00,1,5,14,9,40,0.36600000,22.83333333,35.64333333,0.34808088
2001-05-14T09:50:00,1,5,14,9,50,0.37700000,23.31666667,36.51166667,0.35703647
2001-05-14T10:00:00,1,5,14,10,0,0.38800000,23.80000000,37.38000000,0.36590418
2001-05-14T10:10:00,1,5,14,10,10,0.37083333,24.13333333,37.11250000,0.35017143
2001-05-14T10:20:00,1,5,14,10,20,0.35366667,24.46666667,36.84500000,0.33439643
2001-05-14T10:30:00,1,5,14,10,30,0.33650000,24.80000000,36.57750000,0.31857919
2001-05-14T10:40:00,1,5,14,10,40,0.31933333,25.13333333,36.31000000,0.30271970
2001-05-14T10:50:00,1,5,14,10,50,0.30216667,25.46666667,36.04250000,0.28681796
2001-05-14T11:00:00,1,5,14,11,0,0.28500000,25.80000000,35.77500000,0.27087397
2001-05-14T11:10:00,1,5,14,11,10,0.26250000,25.30000000,34.48750000,0.25104384
2001-05-14T11:20:00,1,5,14,11,20,0.24000000,24.80000000,33.20000000,0.23094720
2001-05-14T11:30:00,1,5,14,11,30,0.21750000,24.30000000,31.91250000,0.21058404
2001-05-14T11:40:00,1,5,14,11,40,0.19500000,23.80000000,30.62500000,0.18995438
2001-05-14T11:50:00,1,5,14,11,50,0.17250000,23.30000000,29.33750000,0.16905819
2001-05-14T12:00:00,1,5,14,12,0,0.15000000,22.80000000,28.05000000,0.14789550
2001-05-14T12:10:00,1,5,14,12,10,0.16733333,22.35000000,28.20666667,0.16486506
2001-05-14T12:20:00,1,5,14,12,20,0.18466667,21.90000000,28.36333333,0.18180963
2001-05-14T12:30:00,1,5,14,12,30,0.20200000,21.45000000,28.52000000,0.19872922
2001-05-14T12:40:00,1,5,14,12,40,0.21933333,21.00000000,28.67666667,0.21562382
2001-05-14T12:50:00,1,5,14,12,50,0.23666667,20.55000000,28.83333333,0.23249344
2001-05-14T13:00:00,1,5,14,13,0,0.25400000,20.10000000,28.99000000,0.24933808
2001-05-14T13:10:00,1,5,14,13,10,0.23316667,20.55000000,28.71083333,0.22918655
2001-05-14T13:20:00,1,5,14,13,20,0.21233333,21.00000000,28.43166667,0.20898151
2001-05-14T13:30:00,1,5,14,13,30,0.19150000,21.45000000,28.15250000,0.18872296
2001-05-14T13:40:00,1,5,14,13,40,0.17066667,21.90000000,27.87333333,0.16841091
2001-05-14T13:50:00,1,5,14,13,50,0.14983333,22.35000000,27.59416667,0.14804535
2001-05-14T14:00:00,1,5,14,14,0,0.12900000,22.80000000,27.31500000,0.12762628
2001-05-14T14:10:00,1,5,14,14,10,0.14883333,22.35000000,27.55916667,0.14708124
2001-05-14T14:20:00,1,5,14,14,20,0.16866667,21.90000000,27.80333333,0.16649165
2001-05-14T14:30:00,1,5,14,14,30,0.18850000,21.45000000,28.04750000,0.18585751
2001-05-14T14:40:00,1,5,14,14,40,0.20833333,21.00000000,28.29166667,0.20517882
2001-05-14T14:50:00,1,5,14,14,50,0.22816667,20.55000000,28.53583333,0.22445557
2001-05-14T15:00:00,1,5,14,15,0,0.24800000,20.10000000,28.78000000,0.24368778
2001-05-14T15:10:00,1,5,14,15,10,0.22783333,20.46666667,28.44083333,0.22422723
2001-05-14T15:20:00,1,5,14,15,20,0.20766667,20.83333333,28.10166667,0.20470375
2001-05-14T15:30:00,1,5,14,15,30,0.18750000,21.20000000,27.76250000,0.18511734
2001-05-14T15:40:00,1,5,14,15,40,0.16733333,21.56666667,27.42333333,0.16546801
2001-05-14T15:50:00,1,5,14,15,50,0.14716667,21.93333333,27.08416667,0.14575576
2001-05-14T16:00:00,1,5,14,16,0,0.12700000,22.30000000,26.74500000,0.12598057
2001-05-14T16:10:00,1,5,14,16,10,0.10683333,21.80000000,25.53916667,0.10656837
2001-05-14T16:20:00,1,5,14,16,20,0.08666667,21.30000000,24.33333333,0.08693244
2001-05-14T16:30:00,1,5,14,16,30,0.06650000,20.80000000,23.12750000,0.06707280
2001-05-14T16:40:00,1,5,14,16,40,0.04633333,20.30000000,21.92166667,0.04698943
2001-05-14T16:50:00,1,5,14,16,50,0.02616667,19.80000000,20.71583333,0.02668234
2001-05-14T17:00:00,1,5,14,17,0,0.00600000,19.30000000,19.51000000,0.00615152
2001-05-14T17:10:00,1,5,14,17,10,0.00500000,18.85000000,19.02500000,0.00513743
2001-05-14T17:20:00,1,5,14,17,20,0.00400000,18.40000000,18.54000000,0.00411886
2001-05-14T17:30:00,1,5,14,17,30,0.00300000,17.95000000,18.05500000,0.00309584
2001-05-14T17:40:00,1,5,14,17,40,0.00200000,17.50000000,17.57000000,0.00206836
2001-05-14T17:50:00,1,5,14,17,50,0.00100000,17.05000000,17.08500000,0.00103641
2001-05-14T18:00:00,1,5,14,18,0,0.00000000,16.60000000,16.60000000,0.00000000
2001-05-14T18:10:00,1,5,14,18,10,0.00000000,16.51666667,16.51666667,0.00000000
2001-05-14T18:20:00,1,5,14,18,20,0.00000000,16.43333333,16.43333333,0.00000000
2001-05-14T18:30:00,1,5,14,18,30,0.00000000,16.35000000,16.35000000,0.00000000
2001-05-14T18:40:00,1,5,14,18,40,0.00000000,16.26666667,16.26666667,0.00000000
2001-05-14T18:50:00,1,5,14,18,50,0.00000000,16.18333333,16.18333333,0.00000000
2001-05-14T19:00:00,1,5,14,19,0,0.00000000,16.10000000,16.10000000,0.00000000
2001-05-14T19:10:00,1,5,14,19,10,0.00000000,16.05000000,16.05000000,0.00000000
2001-05-14T19:20:00,1,5,14,19,20,0.00000000,16.00000000,16.00000000,0.00000000
2001-05-14T19:30:00,1,5,14,19,30,0.00000000,15.95000000,15.95000000,0.00000000
2001-05-14T19:40:00,1,5,14,19,40,0.00000000,15.90000000,15.90000000,0.00000000
2001-05-14T19:50:00,1,5,14,19,50,0.00000000,15.85000000,15.85000000,0.00000000
2001-05-14T20:00:00,1,5,14,20,0,0.00000000,15.80000000,15.80000000,0.00000000
2001-05-14T20:10:00,1,5,14,20,10,0.00000000,15.83333333,15.83333333,0.00000000
2001-05-14T20:20:00,1,5,14,20,20,0.00000000,15.86666667,15.86666667,0.00000000
2001-05-14T20:30:00,1,5,14,20,30,0.00000000,15.90000000,15.90000000,0.00000000
2001-05-14T20:40:00,1,5,14,20,40,0.00000000,15.93333333,15.93333333,0.00000000
2001-05-14T20:50:00,1,5,14,20,50,0.00000000,15.96666667,15.96666667,0.00000000
2001-05-14T21:00:00,1,5,14,21,0,0.00000000,16.00000000,16.00000000,0.00000000
2001-05-14T21:10:00,1,5,14,21,10,0.00000000,15.88333333,15.88333333,0.00000000
2001-05-14T21:20:00,1,5,14,21,20,0.00000000,15.76666667,15.76666667,0.00000000
2001-05-14T21:30:00,1,5,14,21,30,0.00000000,15.65000000,15.65000000,0.00000000
2001-05-14T21:40:00,1,5,14,21,40,0.00000000,15.53333333,15.53333333,0.00000000
2001-05-14T21:50:00,1,5,14,21,50,0.00000000,15.41666667,15.41666667,0.00000000
2001-05-14T22:00:00,1,5,14,22,0,0.00000000,15.30000000,15.30000000,0.00000000
2001-05-14T22:10:00,1,5,14,22,10,0.00000000,15.33333333,15.33333333,0.00000000
2001-05-14T22:20:00,1,5,14,22,20,0.00000000,15.36666667,15.36666667,0.00000000
2001-05-14T22:30:00,1,5,14,22,30,0.00000000,15.40000000,15.40000000,0.00000000
2001-05-14T22:40:00,1,5,14,22,40,0.00000000,15.43333333,15.43333333,0.00000000
2001-05-14T22:50:00,1,5,14,22,50,0.00000000,15.46666667,15.46666667,0.00000000
2001-05-14T23:00:00,1,5,14,23,0,0.00000000,15.50000000,15.50000000,0.00000000
2001-05-14T23:10:00,1,5,14,23,10,0.00000000,15.55000000,15.55000000,0.00000000
2001-05-14T23:20:00,1,5,14,23,20,0.00000000,15.60000000,15.60000000,0.00000000
2001-05-14T23:30:00,1,5,14,23,30,0.00000000,15.65000000,15.65000000,0.00000000
2001-05-14T23:40:00,1,5,14,23,40,0.00000000,15.70000000,15.70000000,0.00000000
2001-05-14T23:50:00,1,5,14,23,50,0.00000000,15.75000000,15.75000000,0.00000000
2001-05-15T00:00:00,1,5,15,0,0,0.00000000,15.80000000,15.80000000,0.00000000
2001-05-15T00:10:00,1,5,15,0,10,0.00000000,15.73333333,15.73333333,0.00000000
2001-05-15T00:20:00,1,5,15,0,20,0.00000000,15.66666667,15.66666667,0.00000000
2001-05-15T00:30:00,1,5,15,0,30,0.00000000,15.60000000,15.60000000,0.00000000
2001-05-15T00:40:00,1,5,15,0,40,0.00000000,15.53333333,15.53333333,0.00000000
2001-05-15T00:50:00,1,5,15,0,50,0.00000000,15.46666667,15.46666667,0.00000000
2001-05-15T01:00:00,1,5,15,1,0,0.00000000,15.40000000,15.40000000,0.00000000
2001-05-15T01:10:00,1,5,15,1,10,0.00000000,15.38333333,15.38333333,0.00000000
2001-05-15T01:20:00,1,5,15,1,20,0.00000000,15.36666667,15.36666667,0.00000000
2001-05-15T01:30:00,1,5,15,1,30,0.00000000,15.35000000,15.35000000,0.00000000
2001-05-15T01:40:00,1,5,15,1,40,0.00000000,15.33333333,15.33333333,0.00000000
2001-05-15T01:50:00,1,5,15,1,50,0.00000000,15.31666667,15.31666667,0.00000000
2001-05-15T02:00:00,1,5,15,2,0,0.00000000,15.30000000,15.30000000,0.00000000
2001-05-15T02:10:00,1,5,15,2,10,0.00000000,15.31666667,15.31666667,0.00000000
2001-05-15T02:20:00,1,5,15,2,20,0.00000000,15.33333333,15.33333333,0.00000000
2001-05-15T02:30:00,1,5,15,2,30,0.00000000,15.35000000,15.35000000,0.00000000
2001-05-15T02:40:00,1,5,15,2,40,0.00000000,15.36666667,15.36666667,0.00000000
2001-05-15T02:50:00,1,5,15,2,50,0.00000000,15.38333333,15.38333333,0.00000000
2001-05-15T03:00:00,1,5,15,3,0,0.00000000,15.40000000,15.40000000,0.00000000
2001-05-15T03:10:00,1,5,15,3,10,0.00000000,15.46666667,15.46666667,0.00000000
2001-05-15T03:20:00,1,5,15,3,20,0.00000000,15.53333333,15.53333333,0.00000000
2001-05-15T03:30:00,1,5,15,3,30,0.00000000,15.60000000,15.60000000,0.00000000
2001-05-15T03:40:00,1,5,15,3,40,0.00000000,15.66666667,15.66666667,0.00000000
2001-05-15T03:50:00,1,5,15,3,50,0.00000000,15.73333333,15.73333333,0.00000000
2001-05-15T04:00:00,1,5,15,4,0,0.00000000,15.80000000,15.80000000,0.00000000
2001-05-15T04:10:00,1,5,15,4,10,0.00000000,15.68333333,15.68333333,0.00000000
2001-05-15T04:20:00,1,5,15,4,20,0.00000000,15.56666667,15.56666667,0.00000000
2001-05-15T04:30:00,1,5,15,4,30,0.00000000,15.45000000,15.45000000,0.00000000
2001-05-15T04:40:00,1,5,15,4,40,0.00000000,15.33333333,15.33333333,0.00000000
2001-05-15T04:50:00,1,5,15,4,50,0.00000000,15.21666667,15.21666667,0.00000000
2001-05-15T05:00:00,1,5,15,5,0,0.00000000,15.10000000,15.10000000,0.00000000
2001-05-15T05:10:00,1,5,15,5,10,0.00066667,15.16666667,15.19000000,0.00069675
2001-05-15T05:20:00,1,5,15,5,20,0.00133333,15.23333333,15.28000000,0.00139295
2001-05-15T05:30:00,1,5,15,5,30,0.00200000,15.30000000,15.37000000,0.00208860
2001-05-15T05:40:00,1,5,15,5,40,0.00266667,15.36666667,15.46000000,0.00278369
2001-05-15T05:50:00,1,5,15,5,50,0.00333333,15.43333333,15.55000000,0.00347823
2001-05-15T06:00:00,1,5,15,6,0,0.00400000,15.50000000,15.64000000,0.00417222
2001-05-15T06:10:00,1,5,15,6,10,0.02550000,15.48333333,16.37583333,0.02651161
2001-05-15T06:20:00,1,5,15,6,20,0.04700000,15.46666667,17.11166667,0.04870546
2001-05-15T06:30:00,1,5,15,6,30,0.06850000,15.45000000,17.84750000,0.07075375
2001-05-15T06:40:00,1,5,15,6,40,0.09000000,15.43333333,18.58333333,0.09265650
2001-05-15T06:50:00,1,5,15,6,50,0.11150000,15.41666667,19.31916667,0.11441370
2001-05-15T07:00:00,1,5,15,7,0,0.13300000,15.40000000,20.05500000,0.13602535
2001-05-15T07:10:00,1,5,15,7,10,0.12366667,15.51666667,19.84500000,0.12659917
2001-05-15T07:20:00,1,5,15,7,20,0.11433333,15.63333333,19.63500000,0.11715497
2001-05-15T07:30:00,1,5,15,7,30,0.10500000,15.75000000,19.42500000,0.10769272
2001-05-15T07:40:00,1,5,15,7,40,0.09566667,15.86666667,19.21500000,0.09821245
2001-05-15T07:50:00,1,5,15,7,50,0.08633333,15.98333333,19.00500000,0.08871415
2001-05-15T08:00:00,1,5,15,8,0,0.07700000,16.10000000,18.79500000,0.07919781
2001-05-15T08:10:00,1,5,15,8,10,0.13100000,16.16666667,20.75166667,0.13356005
2001-05-15T08:20:00,1,5,15,8,20,0.18500000,16.23333333,22.70833333,0.18695021
2001-05-15T08:30:00,1,5,15,8,30,0.23900000,16.30000000,24.66500000,0.23936830
2001-05-15T08:40:00,1,5,15,8,40,0.29300000,16.36666667,26.62166667,0.29081432
2001-05-15T08:50:00,1,5,15,8,50,0.34700000,16.43333333,28.57833333,0.34128826
2001-05-15T09:00:00,1,5,15,9,0,0.40100000,16.50000000,30.53500000,0.39079014
2001-05-15T09:10:00,1,5,15,9,10,0.38983333,16.78333333,30.42750000,0.38010056
2001-05-15T09:20:00,1,5,15,9,20,0.37866667,17.06666667,30.32000000,0.36939994
2001-05-15T09:30:00,1,5,15,9,30,0.36750000,17.35000000,30.21250000,0.35868827
2001-05-15T09:40:00,1,5,15,9,40,0.35633333,17.63333333,30.10500000,0.34796556
2001-05-15T09:50:00,1,5,15,9,50,0.34516667,17.91666667,29.99750000,0.33723180
2001-05-15T10:00:00,1,5,15,10,0,0.33400000,18.20000000,29.89000000,0.32648700
2001-05-15T10:10:00,1,5,15,10,10,0.32516667,18.28333333,29.66416667,0.31819016
2001-05-15T10:20:00,1,5,15,10,20,0.31633333,18.36666667,29.43833333,0.30987497
2001-05-15T10:30:00,1,5,15,10,30,0.30750000,18.45000000,29.21250000,0.30154142
2001-05-15T10:40:00,1,5,15,10,40,0.29866667,18.53333333,28.98666667,0.29318952
2001-05-15T10:50:00,1,5,15,10,50,0.28983333,18.61666667,28.76083333,0.28481926
2001-05-15T11:00:00,1,5,15,11,0,0.28100000,18.70000000,28.53500000,0.27643066
2001-05-15T11:10:00,1,5,15,11,10,0.28633333,18.61666667,28.63833333,0.28154116
2001-05-15T11:20:00,1,5,15,11,20,0.29166667,18.53333333,28.74166667,0.28664660
2001-05-15T11:30:00,1,5,15,11,30,0.29700000,18.45000000,28.84500000,0.29174696
2001-05-15T11:40:00,1,5,15,11,40,0.30233333,18.36666667,28.94833333,0.29684225
2001-05-15T11:50:00,1,5,15,11,50,0.30766667,18.28333333,29.05166667,0.30193248
2001-05-15T12:00:00,1,5,15,12,0,0.31300000,18.20000000,29.15500000,0.30701763
2001-05-15T12:10:00,1,5,15,12,10,0.31066667,18.16666667,29.04000000,0.30489324
2001-05-15T12:20:00,1,5,15,12,20,0.30833333,18.13333333,28.92500000,0.30276638
2001-05-15T12:30:00,1,5,15,12,30,0.30600000,18.10000000,28.81000000,0.30063704
2001-05-15T12:40:00,1,5,15,12,40,0.30366667,18.06666667,28.69500000,0.29850524
2001-05-15T12:50:00,1,5,15,12,50,0.30133333,18.03333333,28.58000000,0.29637098
2001-05-15T13:00:00,1,5,15,13,0,0.29900000,18.00000000,28.46500000,0.29423424
2001-05-15T13:10:00,1,5,15,13,10,0.29033333,17.96666667,28.12833333,0.28615534
2001-05-15T13:20:00,1,5,15,13,20,0.28166667,17.93333333,27.79166667,0.27804960
2001-05-15T13:30:00,1,5,15,13,30,0.27300000,17.90000000,27.45500000,0.26991701
2001-05-15T13:40:00,1,5,15,13,40,0.26433333,17.86666667,27.11833333,0.26175758
2001-05-15T13:50:00,1,5,15,13,50,0.25566667,17.83333333,26.78166667,0.25357131
2001-05-15T14:00:00,1,5,15,14,0,0.24700000,17.80000000,26.44500000,0.24535819
2001-05-15T14:10:00,1,5,15,14,10,0.25416667,17.75000000,26.64583333,0.25224241
2001-05-15T14:20:00,1,5,15,14,20,0.26133333,17.70000000,26.84666667,0.25911339
2001-05-15T14:30:00,1,5,15,14,30,0.26850000,17.65000000,27.04750000,0.26597113
2001-05-15T14:40:00,1,5,15,14,40,0.27566667,17.60000000,27.24833333,0.27281563
2001-05-15T14:50:00,1,5,15,14,50,0.28283333,17.55000000,27.44916667,0.27964689
2001-05-15T15:00:00,1,5,15,15,0,0.29000000,17.50000000,27.65000000,0.28646490
2001-05-15T15:10:00,1,5,15,15,10,0.24383333,17.56666667,26.10083333,0.24259860
2001-05-15T15:20:00,1,5,15,15,20,0.19766667,17.63333333,24.55166667,0.19807432
2001-05-15T15:30:00,1,5,15,15,30,0.15150000,17.70000000,23.00250000,0.15289206
2001-05-15T15:40:00,1,5,15,15,40,0.10533333,17.76666667,21.45333333,0.10705181
2001-05-15T15:50:00,1,5,15,15,50,0.05916667,17.83333333,19.90416667,0.06055358
2001-05-15T16:00:00,1,5,15,16,0,0.01300000,17.90000000,18.35500000,0.01339737
2001-05-15T16:10:00,1,5,15,16,10,0.01200000,17.55000000,17.97000000,0.01238806
2001-05-15T16:20:00,1,5,15,16,20,0.01100000,17.20000000,17.58500000,0.01137520
2001-05-15T16:30:00,1,5,15,16,30,0.01000000,16.85000000,17.20000000,0.01035880
2001-05-15T16:40:00,1,5,15,16,40,0.00900000,16.50000000,16.81500000,0.00933886
2001-05-15T16:50:00,1,5,15,16,50,0.00800000,16.15000000,16.43000000,0.00831538
2001-05-15T17:00:00,1,5,15,17,0,0.00700000,15.80000000,16.04500000,0.00728835
2001-05-15T17:10:00,1,5,15,17,10,0.00583333,15.81666667,16.02083333,0.00607427
2001-05-15T17:20:00,1,5,15,17,20,0.00466667,15.83333333,15.99666667,0.00485994
2001-05-15T17:30:00,1,5,15,17,30,0.00350000,15.85000000,15.97250000,0.00364534
2001-05-15T17:40:00,1,5,15,17,40,0.00233333,15.86666667,15.94833333,0.00243049
2001-05-15T17:50:00,1,5,15,17,50,0.00116667,15.88333333,15.92416667,0.00121537
2001-05-15T18:00:00,1,5,15,18,0,0.00000000,15.90000000,15.90000000,0.00000000
2001-05-15T18:10:00,1,5,15,18,10,0.00000000,15.83333333,15.83333333,0.00000000
2001-05-15T18:20:00,1,5,15,18,20,0.00000000,15.76666667,15.76666667,0.00000000
2001-05-15T18:30:00,1,5,15,18,30,0.00000000,15.70000000,15.70000000,0.00000000
2001-05-15T18:40:00,1,5,15,18,40,0.00000000,15.63333333,15.63333333,0.00000000
2001-05-15T18:50:00,1,5,15,18,50,0.00000000,15.56666667,15.56666667,0.00000000
2001-05-15T19:00:00,1,5,15,19,0,0.00000000,15.50000000,15.50000000,0.00000000
2001-05-15T19:10:00,1,5,15,19,10,0.00000000,15.53333333,15.53333333,0.00000000
2001-05-15T19:20:00,1,5,15,19,20,0.00000000,15.56666667,15.56666667,0.00000000
2001-05-15T19:30:00,1,5,15,19,30,0.00000000,15.60000000,15.60000000,0.00000000
2001-05-15T19:40:00,1,5,15,19,40,0.00000000,15.63333333,15.63333333,0.00000000
2001-05-15T19:50:00,1,5,15,19,50,0.00000000,15.66666667,15.66666667,0.00000000
2001-05-15T20:00:00,1,5,15,20,0,0.00000000,15.70000000,15.70000000,0.00000000
2001-05-15T20:10:00,1,5,15,20,10,0.00000000,15.75000000,15.75000000,0.00000000
2001-05-15T20:20:00,1,5,15,20,20,0.00000000,15.80000000,15.80000000,0.00000000
2001-05-15T20:30:00,1,5,15,20,30,0.00000000,15.85000000,15.85000000,0.00000000
2001-05-15T20:40:00,1,5,15,20,40,0.00000000,15.90000000,15.90000000,0.00000000
2001-05-15T20:50:00,1,5,15,20,50,0.00000000,15.95000000,15.95000000,0.00000000
2001-05-15T21:00:00,1,5,15,21,0,0.00000000,16.00000000,16.00000000,0.00000000
2001-05-15T21:10:00,1,5,15,21,10,0.00000000,15.95000000,15.95000000,0.00000000
2001-05-15T21:20:00,1,5,15,21,20,0.00000000,15.90000000,15.90000000,0.00000000
2001-05-15T21:30:00,1,5,15,21,30,0.00000000,15.85000000,15.85000000,0.00000000
2001-05-15T21:40:00,1,5,15,21,40,0.00000000,15.80000000,15.80000000,0.00000000
2001-05-15T21:50:00,1,5,15,21,50,0.00000000,15.75000000,15.75000000,0.00000000
2001-05-15T22:00:00,1,5,15,22,0,0.00000000,15.70000000,15.70000000,0.00000000
2001-05-15T22:10:00,1,5,15,22,10,0.00000000,15.71666667,15.71666667,0.00000000
2001-05-15T22:20:00,1,5,15,22,20,0.00000000,15.73333333,15.73333333,0.00000000
2001-05-15T22:30:00,1,5,15,22,30,0.00000000,15.75000000,15.75000000,0.00000000
2001-05-15T22:40:00,1,5,15,22,40,0.00000000,15.76666667,15.76666667,0.00000000
2001-05-15T22:50:00,1,5,15,22,50,0.00000000,15.78333333,15.78333333,0.00000000
2001-05-15T23:00:00,1,5,15,23,0,0.00000000,15.80000000,15.80000000,0.00000000
2001-05-15T23:10:00,1,5,15,23,10,0.00000000,15.43333333,15.43333333,0.00000000
2001-05-15T23:20:00,1,5,15,23,20,0.00000000,15.06666667,15.06666667,0.00000000
2001-05-15T23:30:00,1,5,15,23,30,0.00000000,14.70000000,14.70000000,0.00000000
2001-05-15T23:40:00,1,5,15,23,40,0.00000000,14.33333333,14.33333333,0.00000000
2001-05-15T23:50:00,1,5,15,23,50,0.00000000,13.96666667,13.96666667,0.00000000
2001-05-16T00:00:00,1,5,16,0,0,0.00000000,13.60000000,13.60000000,0.00000000
2001-05-16T00:10:00,1,5,16,0,10,0.00000000,13.56666667,13.56666667,0.00000000
2001-05-16T00:20:00,1,5,16,0,20,0.00000000,13.53333333,13.53333333,0.00000000
2001-05-16T00:30:00,1,5,16,0,30,0.00000000,13.50000000,13.50000000,0.00000000
2001-05-16T00:40:00,1,5,16,0,40,0.00000000,13.46666667,13.46666667,0.00000000
2001-05-16T00:50:00,1,5,16,0,50,0.00000000,13.43333333,13.43333333,0.00000000
2001-05-16T01:00:00,1,5,16,1,0,0.00000000,13.40000000,13.40000000,0.00000000
2001-05-16T01:10:00,1,5,16,1,10,0.00000000,13.40000000,13.40000000,0.00000000
2001-05-16T01:20:00,1,5,16,1,20,0.00000000,13.40000000,13.40000000,0.00000000
2001-05-16T01:30:00,1,5,16,1,30,0.00000000,13.40000000,13.40000000,0.00000000
2001-05-16T01:40:00,1,5,16,1,40,0.00000000,13.40000000,13.40000000,0.00000000
2001-05-16T01:50:00,1,5,16,1,50,0.00000000,13.40000000,13.40000000,0.00000000
2001-05-16T02:00:00,1,5,16,2,0,0.00000000,13.40000000,13.40000000,0.00000000
2001-05-16T02:10:00,1,5,16,2,10,0.00000000,13.51666667,13.51666667,0.00000000
2001-05-16T02:20:00,1,5,16,2,20,0.00000000,13.63333333,13.63333333,0.00000000
2001-05-16T02:30:00,1,5,16,2,30,0.00000000,13.75000000,13.75000000,0.00000000
2001-05-16T02:40:00,1,5,16,2,40,0.00000000,13.86666667,13.86666667,0.00000000
2001-05-16T02:50:00,1,5,16,2,50,0.00000000,13.98333333,13.98333333,0.00000000
2001-05-16T03:00:00,1,5,16,3,0,0.00000000,14.10000000,14.10000000,0.00000000
2001-05-16T03:10:00,1,5,16,3,10,0.00000000,14.00000000,14.00000000,0.00000000
2001-05-16T03:20:00,1,5,16,3,20,0.00000000,13.90000000,13.90000000,0.00000000
2001-05-16T03:30:00,1,5,16,3,30,0.00000000,13.80000000,13.80000000,0.00000000
2001-05-16T03:40:00,1,5,16,3,40,0.00000000,13.70000000,13.70000000,0.00000000
2001-05-16T03:50:00,1,5,16,3,50,0.00000000,13.60000000,13.60000000,0.00000000
2001-05-16T04:00:00,1,5,16,4,0,0.00000000,13.50000000,13.50000000,0.00000000
2001-05-16T04:10:00,1,5,16,4,10,0.00000000,13.63333333,13.63333333,0.00000000
2001-05-16T04:20:00,1,5,16,4,20,0.00000000,13.76666667,13.76666667,0.00000000
2001-05-16T04:30:00,1,5,16,4,30,0.00000000,13.90000000,13.90000000,0.00000000
2001-05-16T04:40:00,1,5,16,4,40,0.00000000,14.03333333,14.03333333,0.00000000
2001-05-16T04:50:00,1,5,16,4,50,0.00000000,14.16666667,14.16666667,0.00000000
2001-05-16T05:00:00,1,5,16,5,0,0.00000000,14.30000000,14.30000000,0.00000000
2001-05-16T05:10:00,1,5,16,5,10,0.00083333,14.26666667,14.29583333,0.00087437
2001-05-16T05:20:00,1,5,16,5,20,0.00166667,14.23333333,14.29166667,0.00174876
2001-05-16T05:30:00,1,5,16,5,30,0.00250000,14.20000000,14.28750000,0.00262319
2001-05-16T05:40:00,1,5,16,5,40,0.00333333,14.16666667,14.28333333,0.00349766
2001-05-16T05:50:00,1,5,16,5,50,0.00416667,14.13333333,14.27916667,0.00437215
2001-05-16T06:00:00,1,5,16,6,0,0.00500000,14.10000000,14.27500000,0.00524667
2001-05-16T06:10:00,1,5,16,6,10,0.02833333,14.01666667,15.00833333,0.02963558
2001-05-16T06:20:00,1,5,16,6,20,0.05166667,13.93333333,15.74166667,0.05386706
2001-05-16T06:30:00,1,5,16,6,30,0.07500000,13.85000000,16.47500000,0.07794112
2001-05-16T06:40:00,1,5,16,6,40,0.09833333,13.76666667,17.20833333,0.10185776
2001-05-16T06:50:00,1,5,16,6,50,0.12166667,13.68333333,17.94166667,0.12561698
2001-05-16T07:00:00,1,5,16,7,0,0.14500000,13.60000000,18.67500000,0.14921877
2001-05-16T07:10:00,1,5,16,7,10,0.17583333,13.98333333,20.13750000,0.17976629
2001-05-16T07:20:00,1,5,16,7,20,0.20666667,14.36666667,21.60000000,0.20989893
2001-05-16T07:30:00,1,5,16,7,30,0.23750000,14.75000000,23.06250000,0.23961672
2001-05-16T07:40:00,1,5,16,7,40,0.26833333,15.13333333,24.52500000,0.26891964
2001-05-16T07:50:00,1,5,16,7,50,0.29916667,15.51666667,25.98750000,0.29780770
2001-05-16T08:00:00,1,5,16,8,0,0.33000000,15.90000000,27.45000000,0.32628090
2001-05-16T08:10:00,1,5,16,8,10,0.33583333,16.30000000,28.05416667,0.33111515
2001-05-16T08:20:00,1,5,16,8,20,0.34166667,16.70000000,28.65833333,0.33591699
2001-05-16T08:30:00,1,5,16,8,30,0.34750000,17.10000000,29.26250000,0.34068639
2001-05-16T08:40:00,1,5,16,8,40,0.35333333,17.50000000,29.86666667,0.34542338
2001-05-16T08:50:00,1,5,16,8,50,0.35916667,17.90000000,30.47083333,0.35012794
2001-05-16T09:00:00,1,5,16,9,0,0.36500000,18.30000000,31.07500000,0.35480007
2001-05-16T09:10:00,1,5,16,9,10,0.40050000,18.48333333,32.50083333,0.38668121
2001-05-16T09:20:00,1,5,16,9,20,0.43600000,18.66666667,33.92666667,0.41809668
2001-05-16T09:30:00,1,5,16,9,30,0.47150000,18.85000000,35.35250000,0.44904646
2001-05-16T09:40:00,1,5,16,9,40,0.50700000,19.03333333,36.77833333,0.47953057
2001-05-16T09:50:00,1,5,16,9,50,0.54250000,19.21666667,38.20416667,0.50954900
2001-05-16T10:00:00,1,5,16,10,0,0.57800000,19.40000000,39.63000000,0.53910176
2001-05-16T10:10:00,1,5,16,10,10,0.55666667,19.56666667,39.05000000,0.52068930
2001-05-16T10:20:00,1,5,16,10,20,0.53533333,19.73333333,38.47000000,0.50216301
2001-05-16T10:30:00,1,5,16,10,30,0.51400000,19.90000000,37.89000000,0.48352288
2001-05-16T10:40:00,1,5,16,10,40,0.49266667,20.06666667,37.31000000,0.46476892
2001-05-16T10:50:00,1,5,16,10,50,0.47133333,20.23333333,36.73000000,0.44590113
2001-05-16T11:00:00,1,5,16,11,0,0.45000000,20.40000000,36.15000000,0.42691950
2001-05-16T11:10:00,1,5,16,11,10,0.40800000,20.35000000,34.63000000,0.38992642
2001-05-16T11:20:00,1,5,16,11,20,0.36600000,20.30000000,33.11000000,0.35234600
2001-05-16T11:30:00,1,5,16,11,30,0.32400000,20.25000000,31.59000000,0.31417826
2001-05-16T11:40:00,1,5,16,11,40,0.28200000,20.20000000,30.07000000,0.27542320
2001-05-16T11:50:00,1,5,16,11,50,0.24000000,20.15000000,28.55000000,0.23608080
2001-05-16T12:00:00,1,5,16,12,0,0.19800000,20.10000000,27.03000000,0.19615108
2001-05-16T12:10:00,1,5,16,12,10,0.19733333,19.98333333,26.89000000,0.19561772
2001-05-16T12:20:00,1,5,16,12,20,0.19666667,19.86666667,26.75000000,0.19508350
2001-05-16T12:30:00,1,5,16,12,30,0.19600000,19.75000000,26.61000000,0.19454842
2001-05-16T12:40:00,1,5,16,12,40,0.19533333,19.63333333,26.47000000,0.19401249
2001-05-16T12:50:00,1,5,16,12,50,0.19466667,19.51666667,26.33000000,0.19347570
2001-05-16T13:00:00,1,5,16,13,0,0.19400000,19.40000000,26.19000000,0.19293804
2001-05-16T13:10:00,1,5,16,13,10,0.19000000,19.41666667,26.06666667,0.18906773
2001-05-16T13:20:00,1,5,16,13,20,0.18600000,19.43333333,25.94333333,0.18519288
2001-05-16T13:30:00,1,5,16,13,30,0.18200000,19.45000000,25.82000000,0.18131350
2001-05-16T13:40:00,1,5,16,13,40,0.17800000,19.46666667,25.69666667,0.17742957
2001-05-16T13:50:00,1,5,16,13,50,0.17400000,19.48333333,25.57333333,0.17354110
2001-05-16T14:00:00,1,5,16,14,0,0.17000000,19.50000000,25.45000000,0.16964810
2001-05-16T14:10:00,1,5,16,14,10,0.17133333,19.40000000,25.39666667,0.17102071
2001-05-16T14:20:00,1,5,16,14,20,0.17266667,19.30000000,25.34333333,0.17239397
2001-05-16T14:30:00,1,5,16,14,30,0.17400000,19.20000000,25.29000000,0.17376788
2001-05-16T14:40:00,1,5,16,14,40,0.17533333,19.10000000,25.23666667,0.17514245
2001-05-16T14:50:00,1,5,16,14,50,0.17666667,19.00000000,25.18333333,0.17651768
2001-05-16T15:00:00,1,5,16,15,0,0.17800000,18.90000000,25.13000000,0.17789356
2001-05-16T15:10:00,1,5,16,15,10,0.16383333,18.93333333,24.66750000,0.16408392
2001-05-16T15:20:00,1,5,16,15,20,0.14966667,18.96666667,24.20500000,0.15021400
2001-05-16T15:30:00,1,5,16,15,30,0.13550000,19.00000000,23.74250000,0.13628380
2001-05-16T15:40:00,1,5,16,15,40,0.12133333,19.03333333,23.28000000,0.12229332
2001-05-16T15:50:00,1,5,16,15,50,0.10716667,19.06666667,22.81750000,0.10824257
2001-05-16T16:00:00,1,5,16,16,0,0.09300000,19.10000000,22.35500000,0.09413153
2001-05-16T16:10:00,1,5,16,16,10,0.07900000,19.08333333,21.84833333,0.08014532
2001-05-16T16:20:00,1,5,16,16,20,0.06500000,19.06666667,21.34166667,0.06609384
2001-05-16T16:30:00,1,5,16,16,30,0.05100000,19.05000000,20.83500000,0.05197711
2001-05-16T16:40:00,1,5,16,16,40,0.03700000,19.03333333,20.32833333,0.03779512
2001-05-16T16:50:00,1,5,16,16,50,0.02300000,19.01666667,19.82166667,0.02354787
2001-05-16T17:00:00,1,5,16,17,0,0.00900000,19.00000000,19.31500000,0.00923536
2001-05-16T17:10:00,1,5,16,17,10,0.00750000,18.80000000,19.06250000,0.00770484
2001-05-16T17:20:00,1,5,16,17,20,0.00600000,18.60000000,18.81000000,0.00617084
2001-05-16T17:30:00,1,5,16,17,30,0.00450000,18.40000000,18.55750000,0.00463336
2001-05-16T17:40:00,1,5,16,17,40,0.00300000,18.20000000,18.30500000,0.00309239
2001-05-16T17:50:00,1,5,16,17,50,0.00150000,18.00000000,18.05250000,0.00154794
2001-05-16T18:00:00,1,5,16,18,0,0.00000000,17.80000000,17.80000000,0.00000000
2001-05-16T18:10:00,1,5,16,18,10,0.00000000,17.71666667,17.71666667,0.00000000
2001-05-16T18:20:00,1,5,16,18,20,0.00000000,17.63333333,17.63333333,0.00000000
2001-05-16T18:30:00,1,5,16,18,30,0.00000000,17.55000000,17.55000000,0.00000000
2001-05-16T18:40:00,1,5,16,18,40,0.00000000,17.46666667,17.46666667,0.00000000
2001-05-16T18:50:00,1,5,16,18,50,0.00000000,17.38333333,17.38333333,0.00000000
2001-05-16T19:00:00,1,5,16,19,0,0.00000000,17.30000000,17.30000000,0.00000000
2001-05-16T19:10:00,1,5,16,19,10,0.00000000,17.25000000,17.25000000,0.00000000
2001-05-16T19:20:00,1,5,16,19,20,0.00000000,17.20000000,17.20000000,0.00000000
2001-05-16T19:30:00,1,5,16,19,30,0.00000000,17.15000000,17.15000000,0.00000000
2001-05-16T19:40:00,1,5,16,19,40,0.00000000,17.10000000,17.10000000,0.00000000
2001-05-16T19:50:00,1,5,16,19,50,0.00000000,17.05000000,17.05000000,0.00000000
2001-05-16T20:00:00,1,5,16,20,0,0.00000000,17.00000000,17.00000000,0.00000000
2001-05-16T20:10:00,1,5,16,20,10,0.00000000,17.01666667,17.01666667,0.00000000
2001-05-16T20:20:00,1,5,16,20,20,0.00000000,17.03333333,17.03333333,0.00000000
2001-05-16T20:30:00,1,5,16,20,30,0.00000000,17.05000000,17.05000000,0.00000000
2001-05-16T20:40:00,1,5,16,20,40,0.00000000,17.06666667,17.06666667,0.00000000
2001-05-16T20:50:00,1,5,16,20,50,0.00000000,17.08333333,17.08333333,0.00000000
2001-05-16T21:00:00,1,5,16,21,0,0.00000000,17.10000000,17.10000000,0.00000000
2001-05-16T21:10:00,1,5,16,21,10,0.00000000,17.01666667,17.01666667,0.00000000
2001-05-16T21:20:00,1,5,16,21,20,0.00000000,16.93333333,16.93333333,0.00000000
2001-05-16T21:30:00,1,5,16,21,30,0.00000000,16.85000000,16.85000000,0.00000000
2001-05-16T21:40:00,1,5,16,21,40,0.00000000,16.76666667,16.76666667,0.00000000
2001-05-16T21:50:00,1,5,16,21,50,0.00000000,16.68333333,16.68333333,0.00000000
2001-05-16T22:00:00,1,5,16,22,0,0.00000000,16.60000000,16.60000000,0.00000000
2001-05-16T22:10:00,1,5,16,22,10,0.00000000,16.46666667,16.46666667,0.00000000
2001-05-16T22:20:00,1,5,16,22,20,0.00000000,16.33333333,16.33333333,0.00000000
2001-05-16T22:30:00,1,5,16,22,30,0.00000000,16.20000000,16.20000000,0.00000000
2001-05-16T22:40:00,1,5,16,22,40,0.00000000,16.06666667,16.06666667,0.00000000
2001-05-16T22:50:00,1,5,16,22,50,0.00000000,15.93333333,15.93333333,0.00000000
2001-05-16T23:00:00,1,5,16,23,0,0.00000000,15.80000000,15.80000000,0.00000000
2001-05-16T23:10:00,1,5,16,23,10,0.00000000,15.68333333,15.68333333,0.00000000
2001-05-16T23:20:00,1,5,16,23,20,0.00000000,15.56666667,15.56666667,0.00000000
2001-05-16T23:30:00,1,5,16,23,30,0.00000000,15.45000000,15.45000000,0.00000000
2001-05-16T23:40:00,1,5,16,23,40,0.00000000,15.33333333,15.33333333,0.00000000
2001-05-16T23:50:00,1,5,16,23,50,0.00000000,15.21666667,15.21666667,0.00000000
2001-05-17T00:00:00,1,5,17,0,0,0.00000000,15.10000000,15.10000000,0.00000000
2001-05-17T00:10:00,1,5,17,0,10,0.00000000,15.08333333,15.08333333,0.00000000
2001-05-17T00:20:00,1,5,17,0,20,0.00000000,15.06666667,15.06666667,0.00000000
2001-05-17T00:30:00,1,5,17,0,30,0.00000000,15.05000000,15.05000000,0.00000000
2001-05-17T00:40:00,1,5,17,0,40,0.00000000,15.03333333,15.03333333,0.00000000
2001-05-17T00:50:00,1,5,17,0,50,0.00000000,15.01666667,15.01666667,0.00000000
2001-05-17T01:00:00,1,5,17,1,0,0.00000000,15.00000000,15.00000000,0.00000000
2001-05-17T01:10:00,1,5,17,1,10,0.00000000,15.00000000,15.00000000,0.00000000
2001-05-17T01:20:00,1,5,17,1,20,0.00000000,15.00000000,15.00000000,0.00000000
2001-05-17T01:30:00,1,5,17,1,30,0.00000000,15.00000000,15.00000000,0.00000000
2001-05-17T01:40:00,1,5,17,1,40,0.00000000,15.00000000,15.00000000,0.00000000
2001-05-17T01:50:00,1,5,17,1,50,0.00000000,15.00000000,15.00000000,0.00000000
2001-05-17T02:00:00,1,5,17,2,0,0.00000000,15.00000000,15.00000000,0.00000000
2001-05-17T02:10:00,1,5,17,2,10,0.00000000,14.93333333,14.93333333,0.00000000
2001-05-17T02:20:00,1,5,17,2,20,0.00000000,14.86666667,14.86666667,0.00000000
2001-05-17T02:30:00,1,5,17,2,30,0.00000000,14.80000000,14.80000000,0.00000000
2001-05-17T02:40:00,1,5,17,2,40,0.00000000,14.73333333,14.73333333,0.00000000
2001-05-17T02:50:00,1,5,17,2,50,0.00000000,14.66666667,14.66666667,0.00000000
2001-05-17T03:00:00,1,5,17,3,0,0.00000000,14.60000000,14.60000000,0.00000000
2001-05-17T03:10:00,1,5,17,3,10,0.00000000,14.56666667,14.56666667,0.00000000
2001-05-17T03:20:00,1,5,17,3,20,0.00000000,14.53333333,14.53333333,0.00000000
2001-05-17T03:30:00,1,5,17,3,30,0.00000000,14.50000000,14.50000000,0.00000000
2001-05-17T03:40:00,1,5,17,3,40,0.00000000,14.46666667,14.46666667,0.00000000
2001-05-17T03:50:00,1,5,17,3,50,0.00000000,14.43333333,14.43333333,0.00000000
2001-05-17T04:00:00,1,5,17,4,0,0.00000000,14.40000000,14.40000000,0.00000000
2001-05-17T04:10:00,1,5,17,4,10,0.00000000,14.40000000,14.40000000,0.00000000
2001-05-17T04:20:00,1,5,17,4,20,0.00000000,14.40000000,14.40000000,0.00000000
2001-05-17T04:30:00,1,5,17,4,30,0.00000000,14.40000000,14.40000000,0.00000000
2001-05-17T04:40:00,1,5,17,4,40,0.00000000,14.40000000,14.40000000,0.00000000
2001-05-17T04:50:00,1,5,17,4,50,0.00000000,14.40000000,14.40000000,0.00000000
2001-05-17T05:00:00,1,5,17,5,0,0.00000000,14.40000000,14.40000000,0.00000000
2001-05-17T05:10:00,1,5,17,5,10,0.00150000,14.31666667,14.36916667,0.00157335
2001-05-17T05:20:00,1,5,17,5,20,0.00300000,14.23333333,14.33833333,0.00314713
2001-05-17T05:30:00,1,5,17,5,30,0.00450000,14.15000000,14.30750000,0.00472133
2001-05-17T05:40:00,1,5,17,5,40,0.00600000,14.06666667,14.27666667,0.00629596
2001-05-17T05:50:00,1,5,17,5,50,0.00750000,13.98333333,14.24583333,0.00787102
2001-05-17T06:00:00,1,5,17,6,0,0.00900000,13.90000000,14.21500000,0.00944650
2001-05-17T06:10:00,1,5,17,6,10,0.02166667,13.81666667,14.57500000,0.02270569
2001-05-17T06:20:00,1,5,17,6,20,0.03433333,13.73333333,14.93500000,0.03592293
2001-05-17T06:30:00,1,5,17,6,30,0.04700000,13.65000000,15.29500000,0.04909822
2001-05-17T06:40:00,1,5,17,6,40,0.05966667,13.56666667,15.65500000,0.06223156
2001-05-17T06:50:00,1,5,17,6,50,0.07233333,13.48333333,16.01500000,0.07532294
2001-05-17T07:00:00,1,5,17,7,0,0.08500000,13.40000000,16.37500000,0.08837238
2001-05-17T07:10:00,1,5,17,7,10,0.12800000,13.93333333,18.41333333,0.13187823
2001-05-17T07:20:00,1,5,17,7,20,0.17100000,14.46666667,20.45166667,0.17457772
2001-05-17T07:30:00,1,5,17,7,30,0.21400000,15.00000000,22.49000000,0.21647084
2001-05-17T07:40:00,1,5,17,7,40,0.25700000,15.53333333,24.52833333,0.25755760
2001-05-17T07:50:00,1,5,17,7,50,0.30000000,16.06666667,26.56666667,0.29783800
2001-05-17T08:00:00,1,5,17,8,0,0.34300000,16.60000000,28.60500000,0.33731203
2001-05-17T08:10:00,1,5,17,8,10,0.36883333,17.51666667,30.42583333,0.35962768
2001-05-17T08:20:00,1,5,17,8,20,0.39466667,18.43333333,32.24666667,0.38151058
2001-05-17T08:30:00,1,5,17,8,30,0.42050000,19.35000000,34.06750000,0.40296073
2001-05-17T08:40:00,1,5,17,8,40,0.44633333,20.26666667,35.88833333,0.42397813
2001-05-17T08:50:00,1,5,17,8,50,0.47216667,21.18333333,37.70916667,0.44456278
2001-05-17T09:00:00,1,5,17,9,0,0.49800000,22.10000000,39.53000000,0.46471468
2001-05-17T09:10:00,1,5,17,9,10,0.48550000,22.75000000,39.74250000,0.45257557
2001-05-17T09:20:00,1,5,17,9,20,0.47300000,23.40000000,39.95500000,0.44046091
2001-05-17T09:30:00,1,5,17,9,30,0.46050000,24.05000000,40.16750000,0.42837068
2001-05-17T09:40:00,1,5,17,9,40,0.44800000,24.70000000,40.38000000,0.41630490
2001-05-17T09:50:00,1,5,17,9,50,0.43550000,25.35000000,40.59250000,0.40426354
2001-05-17T10:00:00,1,5,17,10,0,0.42300000,26.00000000,40.80500000,0.39224663
2001-05-17T10:10:00,1,5,17,10,10,0.46166667,25.80000000,41.95833333,0.42565282
2001-05-17T10:20:00,1,5,17,10,20,0.50033333,25.60000000,43.11166667,0.45864873
2001-05-17T10:30:00,1,5,17,10,30,0.53900000,25.40000000,44.26500000,0.49123436
2001-05-17T10:40:00,1,5,17,10,40,0.57766667,25.20000000,45.41833333,0.52340971
2001-05-17T10:50:00,1,5,17,10,50,0.61633333,25.00000000,46.57166667,0.55517478
2001-05-17T11:00:00,1,5,17,11,0,0.65500000,24.80000000,47.72500000,0.58652958
2001-05-17T11:10:00,1,5,17,11,10,0.64716667,25.51666667,48.16750000,0.57819779
2001-05-17T11:20:00,1,5,17,11,20,0.63933333,26.23333333,48.61000000,0.56989790
2001-05-17T11:30:00,1,5,17,11,30,0.63150000,26.95000000,49.05250000,0.56162989
2001-05-17T11:40:00,1,5,17,11,40,0.62366667,27.66666667,49.49500000,0.55339378
2001-05-17T11:50:00,1,5,17,11,50,0.61583333,28.38333333,49.93750000,0.54518955
2001-05-17T12:00:00,1,5,17,12,0,0.60800000,29.10000000,50.38000000,0.53701722
2001-05-17T12:10:00,1,5,17,12,10,0.61816667,29.00000000,50.63583333,0.54526947
2001-05-17T12:20:00,1,5,17,12,20,0.62833333,28.90000000,50.89166667,0.55349779
2001-05-17T12:30:00,1,5,17,12,30,0.63850000,28.80000000,51.14750000,0.56170218
2001-05-17T12:40:00,1,5,17,12,40,0.64866667,28.70000000,51.40333333,0.56988264
2001-05-17T12:50:00,1,5,17,12,50,0.65883333,28.60000000,51.65916667,0.57803917
2001-05-17T13:00:00,1,5,17,13,0,0.66900000,28.50000000,51.91500000,0.58617178
2001-05-17T13:10:00,1,5,17,13,10,0.61300000,28.68333333,50.13833333,0.54211493
2001-05-17T13:20:00,1,5,17,13,20,0.55700000,28.86666667,48.36166667,0.49714274
2001-05-17T13:30:00,1,5,17,13,30,0.50100000,29.05000000,46.58500000,0.45125521
2001-05-17T13:40:00,1,5,17,13,40,0.44500000,29.23333333,44.80833333,0.40445234
2001-05-17T13:50:00,1,5,17,13,50,0.38900000,29.41666667,43.03166667,0.35673414
2001-05-17T14:00:00,1,5,17,14,0,0.33300000,29.60000000,41.25500000,0.30810059
2001-05-17T14:10:00,1,5,17,14,10,0.32750000,28.50000000,39.96250000,0.30495899
2001-05-17T14:20:00,1,5,17,14,20,0.32200000,27.40000000,38.67000000,0.30175200
2001-05-17T14:30:00,1,5,17,14,30,0.31650000,26.30000000,37.37750000,0.29847960
2001-05-17T14:40:00,1,5,17,14,40,0.31100000,25.20000000,36.08500000,0.29514180
2001-05-17T14:50:00,1,5,17,14,50,0.30550000,24.10000000,34.79250000,0.29173860
2001-05-17T15:00:00,1,5,17,15,0,0.30000000,23.00000000,33.50000000,0.28827000
2001-05-17T15:10:00,1,5,17,15,10,0.26666667,22.93333333,32.26666667,0.25775289
2001-05-17T15:20:00,1,5,17,15,20,0.23333333,22.86666667,31.03333333,0.22685756
2001-05-17T15:30:00,1,5,17,15,30,0.20000000,22.80000000,29.80000000,0.19558400
2001-05-17T15:40:00,1,5,17,15,40,0.16666667,22.73333333,28.56666667,0.16393222
2001-05-17T15:50:00,1,5,17,15,50,0.13333333,22.66666667,27.33333333,0.13190222
2001-05-17T16:00:00,1,5,17,16,0,0.10000000,22.60000000,26.10000000,0.09949400
2001-05-17T16:10:00,1,5,17,16,10,0.08533333,21.91666667,24.90333333,0.08537128
2001-05-17T16:20:00,1,5,17,16,20,0.07066667,21.23333333,23.70666667,0.07108709
2001-05-17T16:30:00,1,5,17,16,30,0.05600000,20.55000000,22.51000000,0.05664142
2001-05-17T16:40:00,1,5,17,16,40,0.04133333,19.86666667,21.31333333,0.04203429
2001-05-17T16:50:00,1,5,17,16,50,0.02666667,19.18333333,20.11666667,0.02726569
2001-05-17T17:00:00,1,5,17,17,0,0.01200000,18.50000000,18.92000000,0.01233562
2001-05-17T17:10:00,1,5,17,17,10,0.01000000,18.05000000,18.40000000,0.01030360
2001-05-17T17:20:00,1,5,17,17,20,0.00800000,17.60000000,17.88000000,0.00826202
2001-05-17T17:30:00,1,5,17,17,30,0.00600000,17.15000000,17.36000000,0.00621086
2001-05-17T17:40:00,1,5,17,17,40,0.00400000,16.70000000,16.84000000,0.00415014
2001-05-17T17:50:00,1,5,17,17,50,0.00200000,16.25000000,16.32000000,0.00207986
2001-05-17T18:00:00,1,5,17,18,0,0.00000000,15.80000000,15.80000000,0.00000000
2001-05-17T18:10:00,1,5,17,18,10,0.00000000,15.76666667,15.76666667,0.00000000
2001-05-17T18:20:00,1,5,17,18,20,0.00000000,15.73333333,15.73333333,0.00000000
2001-05-17T18:30:00,1,5,17,18,30,0.00000000,15.70000000,15.70000000,0.00000000
2001-05-17T18:40:00,1,5,17,18,40,0.00000000,15.66666667,15.66666667,0.00000000
2001-05-17T18:50:00,1,5,17,18,50,0.00000000,15.63333333,15.63333333,0.00000000
2001-05-17T19:00:00,1,5,17,19,0,0.00000000,15.60000000,15.60000000,0.00000000
2001-05-17T19:10:00,1,5,17,19,10,0.00000000,15.48333333,15.48333333,0.00000000
2001-05-17T19:20:00,1,5,17,19,20,0.00000000,15.36666667,15.36666667,0.00000000
2001-05-17T19:30:00,1,5,17,19,30,0.00000000,15.25000000,15.25000000,0.00000000
2001-05-17T19:40:00,1,5,17,19,40,0.00000000,15.13333333,15.13333333,0.00000000
2001-05-17T19:50:00,1,5,17,19,50,0.00000000,15.01666667,15.01666667,0.00000000
2001-05-17T20:00:00,1,5,17,20,0,0.00000000,14.90000000,14.90000000,0.00000000
2001-05-17T20:10:00,1,5,17,20,10,0.00000000,14.75000000,14.75000000,0.00000000
2001-05-17T20:20:00,1,5,17,20,20,0.00000000,14.60000000,14.60000000,0.00000000
2001-05-17T20:30:00,1,5,17,20,30,0.00000000,14.45000000,14.45000000,0.00000000
2001-05-17T20:40:00,1,5,17,20,40,0.00000000,14.30000000,14.30000000,0.00000000
2001-05-17T20:50:00,1,5,17,20,50,0.00000000,14.15000000,14.15000000,0.00000000
2001-05-17T21:00:00,1,5,17,21,0,0.00000000,14.00000000,14.00000000,0.00000000
2001-05-17T21:10:00,1,5,17,21,10,0.00000000,13.90000000,13.90000000,0.00000000
2001-05-17T21:20:00,1,5,17,21,20,0.00000000,13.80000000,13.80000000,0.00000000
2001-05-17T21:30:00,1,5,17,21,30,0.00000000,13.70000000,13.70000000,0.00000000
2001-05-17T21:40:00,1,5,17,21,40,0.00000000,13.60000000,13.60000000,0.00000000
2001-05-17T21:50:00,1,5,17,21,50,0.00000000,13.50000000,13.50000000,0.00000000
2001-05-17T22:00:00,1,5,17,22,0,0.00000000,13.40000000,13.40000000,0.00000000
2001-05-17T22:10:00,1,5,17,22,10,0.00000000,13.16666667,13.16666667,0.00000000
2001-05-17T22:20:00,1,5,17,22,20,0.00000000,12.93333333,12.93333333,0.00000000
2001-05-17T22:30:00,1,5,17,22,30,0.00000000,12.70000000,12.70000000,0.00000000
2001-05-17T22:40:00,1,5,17,22,40,0.00000000,12.46666667,12.46666667,0.00000000
2001-05-17T22:50:00,1,5,17,22,50,0.00000000,12.23333333,12.23333333,0.00000000
2001-05-17T23:00:00,1,5,17,23,0,0.00000000,12.00000000,12.00000000,0.00000000
2001-05-17T23:10:00,1,5,17,23,10,0.00000000,11.96666667,11.96666667,0.00000000
2001-05-17T23:20:00,1,5,17,23,20,0.00000000,11.93333333,11.93333333,0.00000000
2001-05-17T23:30:00,1,5,17,23,30,0.00000000,11.90000000,11.90000000,0.00000000
2001-05-17T23:40:00,1,5,17,23,40,0.00000000,11.86666667,11.86666667,0.00000000
2001-05-17T23:50:00,1,5,17,23,50,0.00000000,11.83333333,11.83333333,0.00000000
2001-05-18T00:00:00,1,5,18,0,0,0.00000000,11.80000000,11.80000000,0.00000000
2001-05-18T00:10:00,1,5,18,0,10,0.00000000,11.81666667,11.81666667,0.00000000
2001-05-18T00:20:00,1,5,18,0,20,0.00000000,11.83333333,11.83333333,0.00000000
2001-05-18T00:30:00,1,5,18,0,30,0.00000000,11.85000000,11.85000000,0.00000000
2001-05-18T00:40:00,1,5,18,0,40,0.00000000,11.86666667,11.86666667,0.00000000
2001-05-18T00:50:00,1,5,18,0,50,0.00000000,11.88333333,11.88333333,0.00000000
2001-05-18T01:00:00,1,5,18,1,0,0.00000000,11.90000000,11.90000000,0.00000000
2001-05-18T01:10:00,1,5,18,1,10,0.00000000,11.90000000,11.90000000,0.00000000
2001-05-18T01:20:00,1,5,18,1,20,0.00000000,11.90000000,11.90000000,0.00000000
2001-05-18T01:30:00,1,5,18,1,30,0.00000000,11.90000000,11.90000000,0.00000000
2001-05-18T01:40:00,1,5,18,1,40,0.00000000,11.90000000,11.90000000,0.00000000
2001-05-18T01:50:00,1,5,18,1,50,0.00000000,11.90000000,11.90000000,0.00000000
2001-05-18T02:00:00,1,5,18,2,0,0.00000000,11.90000000,11.90000000,0.00000000
2001-05-18T02:10:00,1,5,18,2,10,0.00000000,11.76666667,11.76666667,0.00000000
2001-05-18T02:20:00,1,5,18,2,20,0.00000000,11.63333333,11.63333333,0.00000000
2001-05-18T02:30:00,1,5,18,2,30,0.00000000,11.50000000,11.50000000,0.00000000
2001-05-18T02:40:00,1,5,18,2,40,0.00000000,11.36666667,11.36666667,0.00000000
2001-05-18T02:50:00,1,5,18,2,50,0.00000000,11.23333333,11.23333333,0.00000000
2001-05-18T03:00:00,1,5,18,3,0,0.00000000,11.10000000,11.10000000,0.00000000
2001-05-18T03:10:00,1,5,18,3,10,0.00000000,11.06666667,11.06666667,0.00000000
2001-05-18T03:20:00,1,5,18,3,20,0.00000000,11.03333333,11.03333333,0.00000000
2001-05-18T03:30:00,1,5,18,3,30,0.00000000,11.00000000,11.00000000,0.00000000
2001-05-18T03:40:00,1,5,18,3,40,0.00000000,10.96666667,10.96666667,0.00000000
2001-05-18T03:50:00,1,5,18,3,50,0.00000000,10.93333333,10.93333333,0.00000000
2001-05-18T04:00:00,1,5,18,4,0,0.00000000,10.90000000,10.90000000,0.00000000
2001-05-18T04:10:00,1,5,18,4,10,0.00000000,10.90000000,10.90000000,0.00000000
2001-05-18T04:20:00,1,5,18,4,20,0.00000000,10.90000000,10.90000000,0.00000000
2001-05-18T04:30:00,1,5,18,4,30,0.00000000,10.90000000,10.90000000,0.00000000
2001-05-18T04:40:00,1,5,18,4,40,0.00000000,10.90000000,10.90000000,0.00000000
2001-05-18T04:50:00,1,5,18,4,50,0.00000000,10.90000000,10.90000000,0.00000000
2001-05-18T05:00:00,1,5,18,5,0,0.00000000,10.90000000,10.90000000,0.00000000
2001-05-18T05:10:00,1,5,18,5,10,0.00150000,10.98333333,11.03583333,0.00159635
2001-05-18T05:20:00,1,5,18,5,20,0.00300000,11.06666667,11.17166667,0.00319083
2001-05-18T05:30:00,1,5,18,5,30,0.00450000,11.15000000,11.30750000,0.00478343
2001-05-18T05:40:00,1,5,18,5,40,0.00600000,11.23333333,11.44333333,0.00637416
2001-05-18T05:50:00,1,5,18,5,50,0.00750000,11.31666667,11.57916667,0.00796302
2001-05-18T06:00:00,1,5,18,6,0,0.00900000,11.40000000,11.71500000,0.00955000
2001-05-18T06:10:00,1,5,18,6,10,0.02750000,11.41666667,12.37916667,0.02909654
2001-05-18T06:20:00,1,5,18,6,20,0.04600000,11.43333333,13.04333333,0.04853003
2001-05-18T06:30:00,1,5,18,6,30,0.06450000,11.45000000,13.70750000,0.06785048
2001-05-18T06:40:00,1,5,18,6,40,0.08300000,11.46666667,14.37166667,0.08705790
2001-05-18T06:50:00,1,5,18,6,50,0.10150000,11.48333333,15.03583333,0.10615227
2001-05-18T07:00:00,1,5,18,7,0,0.12000000,11.50000000,15.70000000,0.12513360
2001-05-18T07:10:00,1,5,18,7,10,0.15133333,11.93333333,17.23000000,0.15674229
2001-05-18T07:20:00,1,5,18,7,20,0.18266667,12.36666667,18.76000000,0.18790993
2001-05-18T07:30:00,1,5,18,7,30,0.21400000,12.80000000,20.29000000,0.21863652
2001-05-18T07:40:00,1,5,18,7,40,0.24533333,13.23333333,21.82000000,0.24892207
2001-05-18T07:50:00,1,5,18,7,50,0.27666667,13.66666667,23.35000000,0.27876657
2001-05-18T08:00:00,1,5,18,8,0,0.30800000,14.10000000,24.88000000,0.30817002
2001-05-18T08:10:00,1,5,18,8,10,0.33783333,14.48333333,26.30750000,0.33580143
2001-05-18T08:20:00,1,5,18,8,20,0.36766667,14.86666667,27.73500000,0.36304105
2001-05-18T08:30:00,1,5,18,8,30,0.39750000,15.25000000,29.16250000,0.38988887
2001-05-18T08:40:00,1,5,18,8,40,0.42733333,15.63333333,30.59000000,0.41634488
2001-05-18T08:50:00,1,5,18,8,50,0.45716667,16.01666667,32.01750000,0.44240910
2001-05-18T09:00:00,1,5,18,9,0,0.48700000,16.40000000,33.44500000,0.46808151
2001-05-18T09:10:00,1,5,18,9,10,0.51300000,16.85000000,34.80500000,0.48986216
2001-05-18T09:20:00,1,5,18,9,20,0.53900000,17.30000000,36.16500000,0.51131750
2001-05-18T09:30:00,1,5,18,9,30,0.56500000,17.75000000,37.52500000,0.53244752
2001-05-18T09:40:00,1,5,18,9,40,0.59100000,18.20000000,38.88500000,0.55325224
2001-05-18T09:50:00,1,5,18,9,50,0.61700000,18.65000000,40.24500000,0.57373164
2001-05-18T10:00:00,1,5,18,10,0,0.64300000,19.10000000,41.60500000,0.59388573
2001-05-18T10:10:00,1,5,18,10,10,0.66050000,19.45000000,42.56750000,0.60712466
2001-05-18T10:20:00,1,5,18,10,20,0.67800000,19.80000000,43.53000000,0.62020864
2001-05-18T10:30:00,1,5,18,10,30,0.69550000,20.15000000,44.49250000,0.63313764
2001-05-18T10:40:00,1,5,18,10,40,0.71300000,20.50000000,45.45500000,0.64591169
2001-05-18T10:50:00,1,5,18,10,50,0.73050000,20.85000000,46.41750000,0.65853077
2001-05-18T11:00:00,1,5,18,11,0,0.74800000,21.20000000,47.38000000,0.67099490
2001-05-18T11:10:00,1,5,18,11,10,0.74050000,21.41666667,47.33416667,0.66442313
2001-05-18T11:20:00,1,5,18,11,20,0.73300000,21.63333333,47.28833333,0.65784820
2001-05-18T11:30:00,1,5,18,11,30,0.72550000,21.85000000,47.24250000,0.65127010
2001-05-18T11:40:00,1,5,18,11,40,0.71800000,22.06666667,47.19666667,0.64468885
2001-05-18T11:50:00,1,5,18,11,50,0.71050000,22.28333333,47.15083333,0.63810443
2001-05-18T12:00:00,1,5,18,12,0,0.70300000,22.50000000,47.10500000,0.63151685
2001-05-18T12:10:00,1,5,18,12,10,0.68450000,22.61666667,46.57416667,0.61656942
2001-05-18T12:20:00,1,5,18,12,20,0.66600000,22.73333333,46.04333333,0.60153164
2001-05-18T12:30:00,1,5,18,12,30,0.64750000,22.85000000,45.51250000,0.58640352
2001-05-18T12:40:00,1,5,18,12,40,0.62900000,22.96666667,44.98166667,0.57118505
2001-05-18T12:50:00,1,5,18,12,50,0.61050000,23.08333333,44.45083333,0.55587622
2001-05-18T13:00:00,1,5,18,13,0,0.59200000,23.20000000,43.92000000,0.54047706
2001-05-18T13:10:00,1,5,18,13,10,0.57350000,22.96666667,43.03916667,0.52591087
2001-05-18T13:20:00,1,5,18,13,20,0.55500000,22.73333333,42.15833333,0.51119477
2001-05-18T13:30:00,1,5,18,13,30,0.53650000,22.50000000,41.27750000,0.49632876
2001-05-18T13:40:00,1,5,18,13,40,0.51800000,22.26666667,40.39666667,0.48131282
2001-05-18T13:50:00,1,5,18,13,50,0.49950000,22.03333333,39.51583333,0.46614697
2001-05-18T14:00:00,1,5,18,14,0,0.48100000,21.80000000,38.63500000,0.45083120
2001-05-18T14:10:00,1,5,18,14,10,0.45350000,21.75000000,37.62250000,0.42716820
2001-05-18T14:20:00,1,5,18,14,20,0.42600000,21.70000000,36.61000000,0.40324904
2001-05-18T14:30:00,1,5,18,14,30,0.39850000,21.65000000,35.59750000,0.37907372
2001-05-18T14:40:00,1,5,18,14,40,0.37100000,21.60000000,34.58500000,0.35464224
2001-05-18T14:50:00,1,5,18,14,50,0.34350000,21.55000000,33.57250000,0.32995459
2001-05-18T15:00:00,1,5,18,15,0,0.31600000,21.50000000,32.56000000,0.30501078
2001-05-18T15:10:00,1,5,18,15,10,0.28466667,21.30000000,31.26333333,0.27646504
2001-05-18T15:20:00,1,5,18,15,20,0.25333333,21.10000000,29.96666667,0.24754551
2001-05-18T15:30:00,1,5,18,15,30,0.22200000,20.90000000,28.67000000,0.21825220
2001-05-18T15:40:00,1,5,18,15,40,0.19066667,20.70000000,27.37333333,0.18858510
2001-05-18T15:50:00,1,5,18,15,50,0.15933333,20.50000000,26.07666667,0.15854421
2001-05-18T16:00:00,1,5,18,16,0,0.12800000,20.30000000,24.78000000,0.12812954
2001-05-18T16:10:00,1,5,18,16,10,0.10883333,19.95000000,23.75916667,0.10945454
2001-05-18T16:20:00,1,5,18,16,20,0.08966667,19.60000000,22.73833333,0.09059953
2001-05-18T16:30:00,1,5,18,16,30,0.07050000,19.25000000,21.71750000,0.07156451
2001-05-18T16:40:00,1,5,18,16,40,0.05133333,18.90000000,20.69666667,0.05234949
2001-05-18T16:50:00,1,5,18,16,50,0.03216667,18.55000000,19.67583333,0.03295447
2001-05-18T17:00:00,1,5,18,17,0,0.01300000,18.20000000,18.65500000,0.01337943
2001-05-18T17:10:00,1,5,18,17,10,0.01083333,18.01666667,18.39583333,0.01116244
2001-05-18T17:20:00,1,5,18,17,20,0.00866667,17.83333333,18.13666667,0.00894028
2001-05-18T17:30:00,1,5,18,17,30,0.00650000,17.65000000,17.87750000,0.00671296
2001-05-18T17:40:00,1,5,18,17,40,0.00433333,17.46666667,17.61833333,0.00448047
2001-05-18T17:50:00,1,5,18,17,50,0.00216667,17.28333333,17.35916667,0.00224282
2001-05-18T18:00:00,1,5,18,18,0,0.00000000,17.10000000,17.10000000,0.00000000
2001-05-18T18:10:00,1,5,18,18,10,0.00000000,16.86666667,16.86666667,0.00000000
2001-05-18T18:20:00,1,5,18,18,20,0.00000000,16.63333333,16.63333333,0.00000000
2001-05-18T18:30:00,1,5,18,18,30,0.00000000,16.40000000,16.40000000,0.00000000
2001-05-18T18:40:00,1,5,18,18,40,0.00000000,16.16666667,16.16666667,0.00000000
2001-05-18T18:50:00,1,5,18,18,50,0.00000000,15.93333333,15.93333333,0.00000000
2001-05-18T19:00:00,1,5,18,19,0,0.00000000,15.70000000,15.70000000,0.00000000
2001-05-18T19:10:00,1,5,18,19,10,0.00000000,15.71666667,15.71666667,0.00000000
2001-05-18T19:20:00,1,5,18,19,20,0.00000000,15.73333333,15.73333333,0.00000000
2001-05-18T19:30:00,1,5,18,19,30,0.00000000,15.75000000,15.75000000,0.00000000
2001-05-18T19:40:00,1,5,18,19,40,0.00000000,15.76666667,15.76666667,0.00000000
2001-05-18T19:50:00,1,5,18,19,50,0.00000000,15.78333333,15.78333333,0.00000000
2001-05-18T20:00:00,1,5,18,20,0,0.00000000,15.80000000,15.80000000,0.00000000
2001-05-18T20:10:00,1,5,18,20,10,0.00000000,15.68333333,15.68333333,0.00000000
2001-05-18T20:20:00,1,5,18,20,20,0.00000000,15.56666667,15.56666667,0.00000000
2001-05-18T20:30:00,1,5,18,20,30,0.00000000,15.45000000,15.45000000,0.00000000
2001-05-18T20:40:00,1,5,18,20,40,0.00000000,15.33333333,15.33333333,0.00000000
2001-05-18T20:50:00,1,5,18,20,50,0.00000000,15.21666667,15.21666667,0.00000000
2001-05-18T21:00:00,1,5,18,21,0,0.00000000,15.10000000,15.10000000,0.00000000
2001-05-18T21:10:00,1,5,18,21,10,0.00000000,14.91666667,14.91666667,0.00000000
2001-05-18T21:20:00,1,5,18,21,20,0.00000000,14.73333333,14.73333333,0.00000000
2001-05-18T21:30:00,1,5,18,21,30,0.00000000,14.55000000,14.55000000,0.00000000
2001-05-18T21:40:00,1,5,18,21,40,0.00000000,14.36666667,14.36666667,0.00000000
2001-05-18T21:50:00,1,5,18,21,50,0.00000000,14.18333333,14.18333333,0.00000000
2001-05-18T22:00:00,1,5,18,22,0,0.00000000,14.00000000,14.00000000,0.00000000
2001-05-18T22:10:00,1,5,18,22,10,0.00000000,13.88333333,13.88333333,0.00000000
2001-05-18T22:20:00,1,5,18,22,20,0.00000000,13.76666667,13.76666667,0.00000000
2001-05-18T22:30:00,1,5,18,22,30,0.00000000,13.65000000,13.65000000,0.00000000
2001-05-18T22:40:00,1,5,18,22,40,0.00000000,13.53333333,13.53333333,0.00000000
2001-05-18T22:50:00,1,5,18,22,50,0.00000000,13.41666667,13.41666667,0.00000000
2001-05-18T23:00:00,1,5,18,23,0,0.00000000,13.30000000,13.30000000,0.00000000
2001-05-18T23:10:00,1,5,18,23,10,0.00000000,13.45000000,13.45000000,0.00000000
2001-05-18T23:20:00,1,5,18,23,20,0.00000000,13.60000000,13.60000000,0.00000000
2001-05-18T23:30:00,1,5,18,23,30,0.00000000,13.75000000,13.75000000,0.00000000
2001-05-18T23:40:00,1,5,18,23,40,0.00000000,13.90000000,13.90000000,0.00000000
2001-05-18T23:50:00,1,5,18,23,50,0.00000000,14.05000000,14.05000000,0.00000000
2001-05-19T00:00:00,1,5,19,0,0,0.00000000,14.20000000,14.20000000,0.00000000
2001-05-19T00:10:00,1,5,19,0,10,0.00000000,14.23333333,14.23333333,0.00000000
2001-05-19T00:20:00,1,5,19,0,20,0.00000000,14.26666667,14.26666667,0.00000000
2001-05-19T00:30:00,1,5,19,0,30,0.00000000,14.30000000,14.30000000,0.00000000
2001-05-19T00:40:00,1,5,19,0,40,0.00000000,14.33333333,14.33333333,0.00000000
2001-05-19T00:50:00,1,5,19,0,50,0.00000000,14.36666667,14.36666667,0.00000000
2001-05-19T01:00:00,1,5,19,1,0,0.00000000,14.40000000,14.40000000,0.00000000
2001-05-19T01:10:00,1,5,19,1,10,0.00000000,14.35000000,14.35000000,0.00000000
2001-05-19T01:20:00,1,5,19,1,20,0.00000000,14.30000000,14.30000000,0.00000000
2001-05-19T01:30:00,1,5,19,1,30,0.00000000,14.25000000,14.25000000,0.00000000
2001-05-19T01:40:00,1,5,19,1,40,0.00000000,14.20000000,14.20000000,0.00000000
2001-05-19T01:50:00,1,5,19,1,50,0.00000000,14.15000000,14.15000000,0.00000000
2001-05-19T02:00:00,1,5,19,2,0,0.00000000,14.10000000,14.10000000,0.00000000
2001-05-19T02:10:00,1,5,19,2,10,0.00000000,14.01666667,14.01666667,0.00000000
2001-05-19T02:20:00,1,5,19,2,20,0.00000000,13.93333333,13.93333333,0.00000000
2001-05-19T02:30:00,1,5,19,2,30,0.00000000,13.85000000,13.85000000,0.00000000
2001-05-19T02:40:00,1,5,19,2,40,0.00000000,13.76666667,13.76666667,0.00000000
2001-05-19T02:50:00,1,5,19,2,50,0.00000000,13.68333333,13.68333333,0.00000000
2001-05-19T03:00:00,1,5,19,3,0,0.00000000,13.60000000,13.60000000,0.00000000
2001-05-19T03:10:00,1,5,19,3,10,0.00000000,13.70000000,13.70000000,0.00000000
2001-05-19T03:20:00,1,5,19,3,20,0.00000000,13.80000000,13.80000000,0.00000000
2001-05-19T03:30:00,1,5,19,3,30,0.00000000,13.90000000,13.90000000,0.00000000
2001-05-19T03:40:00,1,5,19,3,40,0.00000000,14.00000000,14.00000000,0.00000000
2001-05-19T03:50:00,1,5,19,3,50,0.00000000,14.10000000,14.10000000,0.00000000
2001-05-19T04:00:00,1,5,19,4,0,0.00000000,14.20000000,14.20000000,0.00000000
2001-05-19T04:10:00,1,5,19,4,10,0.00000000,14.15000000,14.15000000,0.00000000
2001-05-19T04:20:00,1,5,19,4,20,0.00000000,14.10000000,14.10000000,0.00000000
2001-05-19T04:30:00,1,5,19,4,30,0.00000000,14.05000000,14.05000000,0.00000000
2001-05-19T04:40:00,1,5,19,4,40,0.00000000,14.00000000,14.00000000,0.00000000
2001-05-19T04:50:00,1,5,19,4,50,0.00000000,13.95000000,13.95000000,0.00000000
2001-05-19T05:00:00,1,5,19,5,0,0.00000000,13.90000000,13.90000000,0.00000000
2001-05-19T05:10:00,1,5,19,5,10,0.00116667,13.86666667,13.90750000,0.00122620
2001-05-19T05:20:00,1,5,19,5,20,0.00233333,13.83333333,13.91500000,0.00245231
2001-05-19T05:30:00,1,5,19,5,30,0.00350000,13.80000000,13.92250000,0.00367835
2001-05-19T05:40:00,1,5,19,5,40,0.00466667,13.76666667,13.93000000,0.00490430
2001-05-19T05:50:00,1,5,19,5,50,0.00583333,13.73333333,13.93750000,0.00613018
2001-05-19T06:00:00,1,5,19,6,0,0.00700000,13.70000000,13.94500000,0.00735597
2001-05-19T06:10:00,1,5,19,6,10,0.03100000,13.71666667,14.80166667,0.03245428
2001-05-19T06:20:00,1,5,19,6,20,0.05500000,13.73333333,15.65833333,0.05736344
2001-05-19T06:30:00,1,5,19,6,30,0.07900000,13.75000000,16.51500000,0.08208345
2001-05-19T06:40:00,1,5,19,6,40,0.10300000,13.76666667,17.37166667,0.10661430
2001-05-19T06:50:00,1,5,19,6,50,0.12700000,13.78333333,18.22833333,0.13095601
2001-05-19T07:00:00,1,5,19,7,0,0.15100000,13.80000000,19.08500000,0.15510856
2001-05-19T07:10:00,1,5,19,7,10,0.15533333,14.35000000,19.78666667,0.15905843
2001-05-19T07:20:00,1,5,19,7,20,0.15966667,14.90000000,20.48833333,0.16298034
2001-05-19T07:30:00,1,5,19,7,30,0.16400000,15.45000000,21.19000000,0.16687426
2001-05-19T07:40:00,1,5,19,7,40,0.16833333,16.00000000,21.89166667,0.17074022
2001-05-19T07:50:00,1,5,19,7,50,0.17266667,16.55000000,22.59333333,0.17457820
2001-05-19T08:00:00,1,5,19,8,0,0.17700000,17.10000000,23.29500000,0.17838821
2001-05-19T08:10:00,1,5,19,8,10,0.20900000,17.18333333,24.49833333,0.20948230
2001-05-19T08:20:00,1,5,19,8,20,0.24100000,17.26666667,25.70166667,0.24022213
2001-05-19T08:30:00,1,5,19,8,30,0.27300000,17.35000000,26.90500000,0.27060770
2001-05-19T08:40:00,1,5,19,8,40,0.30500000,17.43333333,28.10833333,0.30063901
2001-05-19T08:50:00,1,5,19,8,50,0.33700000,17.51666667,29.31166667,0.33031605
2001-05-19T09:00:00,1,5,19,9,0,0.36900000,17.60000000,30.51500000,0.35963884
2001-05-19T09:10:00,1,5,19,9,10,0.40316667,17.96666667,32.07750000,0.39004097
2001-05-19T09:20:00,1,5,19,9,20,0.43733333,18.33333333,33.64000000,0.41995196
2001-05-19T09:30:00,1,5,19,9,30,0.47150000,18.70000000,35.20250000,0.44937180
2001-05-19T09:40:00,1,5,19,9,40,0.50566667,19.06666667,36.76500000,0.47830049
2001-05-19T09:50:00,1,5,19,9,50,0.53983333,19.43333333,38.32750000,0.50673804
2001-05-19T10:00:00,1,5,19,10,0,0.57400000,19.80000000,39.89000000,0.53468444
2001-05-19T10:10:00,1,5,19,10,10,0.55000000,20.38333333,39.63333333,0.51297767
2001-05-19T10:20:00,1,5,19,10,20,0.52600000,20.96666667,39.37666667,0.49121422
2001-05-19T10:30:00,1,5,19,10,30,0.50200000,21.55000000,39.12000000,0.46939410
2001-05-19T10:40:00,1,5,19,10,40,0.47800000,22.13333333,38.86333333,0.44751730
2001-05-19T10:50:00,1,5,19,10,50,0.45400000,22.71666667,38.60666667,0.42558384
2001-05-19T11:00:00,1,5,19,11,0,0.43000000,23.30000000,38.35000000,0.40359370
2001-05-19T11:10:00,1,5,19,11,10,0.43550000,23.06666667,38.30916667,0.40883775
2001-05-19T11:20:00,1,5,19,11,20,0.44100000,22.83333333,38.26833333,0.41408386
2001-05-19T11:30:00,1,5,19,11,30,0.44650000,22.60000000,38.22750000,0.41933204
2001-05-19T11:40:00,1,5,19,11,40,0.45200000,22.36666667,38.18666667,0.42458228
2001-05-19T11:50:00,1,5,19,11,50,0.45750000,22.13333333,38.14583333,0.42983459
2001-05-19T12:00:00,1,5,19,12,0,0.46300000,21.90000000,38.10500000,0.43508897
2001-05-19T12:10:00,1,5,19,12,10,0.48700000,22.01666667,39.06166667,0.45549905
2001-05-19T12:20:00,1,5,19,12,20,0.51100000,22.13333333,40.01833333,0.47569791
2001-05-19T12:30:00,1,5,19,12,30,0.53500000,22.25000000,40.97500000,0.49568553
2001-05-19T12:40:00,1,5,19,12,40,0.55900000,22.36666667,41.93166667,0.51546191
2001-05-19T12:50:00,1,5,19,12,50,0.58300000,22.48333333,42.88833333,0.53502707
2001-05-19T13:00:00,1,5,19,13,0,0.60700000,22.60000000,43.84500000,0.55438099
2001-05-19T13:10:00,1,5,19,13,10,0.55350000,22.88333333,42.25583333,0.50956492
2001-05-19T13:20:00,1,5,19,13,20,0.50000000,23.16666667,40.66666667,0.46396667
2001-05-19T13:30:00,1,5,19,13,30,0.44650000,23.45000000,39.07750000,0.41758622
2001-05-19T13:40:00,1,5,19,13,40,0.39300000,23.73333333,37.48833333,0.37042359
2001-05-19T13:50:00,1,5,19,13,50,0.33950000,24.01666667,35.89916667,0.32247877
2001-05-19T14:00:00,1,5,19,14,0,0.28600000,24.30000000,34.31000000,0.27375176
2001-05-19T14:10:00,1,5,19,14,10,0.27900000,23.78333333,33.54833333,0.26802907
2001-05-19T14:20:00,1,5,19,14,20,0.27200000,23.26666667,32.78666667,0.26225732
2001-05-19T14:30:00,1,5,19,14,30,0.26500000,22.75000000,32.02500000,0.25643653
2001-05-19T14:40:00,1,5,19,14,40,0.25800000,22.23333333,31.26333333,0.25056668
2001-05-19T14:50:00,1,5,19,14,50,0.25100000,21.71666667,30.50166667,0.24464778
2001-05-19T15:00:00,1,5,19,15,0,0.24400000,21.20000000,29.74000000,0.23867982
2001-05-19T15:10:00,1,5,19,15,10,0.21833333,21.06666667,28.70833333,0.21460893
2001-05-19T15:20:00,1,5,19,15,20,0.19266667,20.93333333,27.67666667,0.19029443
2001-05-19T15:30:00,1,5,19,15,30,0.16700000,20.80000000,26.64500000,0.16573631
2001-05-19T15:40:00,1,5,19,15,40,0.14133333,20.66666667,25.61333333,0.14093458
2001-05-19T15:50:00,1,5,19,15,50,0.11566667,20.53333333,24.58166667,0.11588925
2001-05-19T16:00:00,1,5,19,16,0,0.09000000,20.40000000,23.55000000,0.09060030
2001-05-19T16:10:00,1,5,19,16,10,0.07666667,20.03333333,22.71666667,0.07747192
2001-05-19T16:20:00,1,5,19,16,20,0.06333333,19.66666667,21.88333333,0.06424132
2001-05-19T16:30:00,1,5,19,16,30,0.05000000,19.30000000,21.05000000,0.05090850
2001-05-19T16:40:00,1,5,19,16,40,0.03666667,18.93333333,20.21666667,0.03747346
2001-05-19T16:50:00,1,5,19,16,50,0.02333333,18.56666667,19.38333333,0.02393619
2001-05-19T17:00:00,1,5,19,17,0,0.01000000,18.20000000,18.55000000,0.01029670
2001-05-19T17:10:00,1,5,19,17,10,0.00833333,18.11666667,18.40833333,0.00858601
2001-05-19T17:20:00,1,5,19,17,20,0.00666667,18.03333333,18.26666667,0.00687316
2001-05-19T17:30:00,1,5,19,17,30,0.00500000,17.95000000,18.12500000,0.00515813
2001-05-19T17:40:00,1,5,19,17,40,0.00333333,17.86666667,17.98333333,0.00344092
2001-05-19T17:50:00,1,5,19,17,50,0.00166667,17.78333333,17.84166667,0.00172155
2001-05-19T18:00:00,1,5,19,18,0,0.00000000,17.70000000,17.70000000,0.00000000
2001-05-19T18:10:00,1,5,19,18,10,0.00000000,17.53333333,17.53333333,0.00000000
2001-05-19T18:20:00,1,5,19,18,20,0.00000000,17.36666667,17.36666667,0.00000000
2001-05-19T18:30:00,1,5,19,18,30,0.00000000,17.20000000,17.20000000,0.00000000
2001-05-19T18:40:00,1,5,19,18,40,0.00000000,17.03333333,17.03333333,0.00000000
2001-05-19T18:50:00,1,5,19,18,50,0.00000000,16.86666667,16.86666667,0.00000000
2001-05-19T19:00:00,1,5,19,19,0,0.00000000,16.70000000,16.70000000,0.00000000
2001-05-19T19:10:00,1,5,19,19,10,0.00000000,16.60000000,16.60000000,0.00000000
2001-05-19T19:20:00,1,5,19,19,20,0.00000000,16.50000000,16.50000000,0.00000000
2001-05-19T19:30:00,1,5,19,19,30,0.00000000,16.40000000,16.40000000,0.00000000
2001-05-19T19:40:00,1,5,19,19,40,0.00000000,16.30000000,16.30000000,0.00000000
2001-05-19T19:50:00,1,5,19,19,50,0.00000000,16.20000000,16.20000000,0.00000000
2001-05-19T20:00:00,1,5,19,20,0,0.00000000,16.10000000,16.10000000,0.00000000
2001-05-19T20:10:00,1,5,19,20,10,0.00000000,16.01666667,16.01666667,0.00000000
2001-05-19T20:20:00,1,5,19,20,20,0.00000000,15.93333333,15.93333333,0.00000000
2001-05-19T20:30:00,1,5,19,20,30,0.00000000,15.85000000,15.85000000,0.00000000
2001-05-19T20:40:00,1,5,19,20,40,0.00000000,15.76666667,15.76666667,0.00000000
2001-05-19T20:50:00,1,5,19,20,50,0.00000000,15.68333333,15.68333333,0.00000000
2001-05-19T21:00:00,1,5,19,21,0,0.00000000,15.60000000,15.60000000,0.00000000
2001-05-19T21:10:00,1,5,19,21,10,0.00000000,15.45000000,15.45000000,0.00000000
2001-05-19T21:20:00,1,5,19,21,20,0.00000000,15.30000000,15.30000000,0.00000000
2001-05-19T21:30:00,1,5,19,21,30,0.00000000,15.15000000,15.15000000,0.00000000
2001-05-19T21:40:00,1,5,19,21,40,0.00000000,15.00000000,15.00000000,0.00000000
2001-05-19T21:50:00,1,5,19,21,50,0.00000000,14.85000000,14.85000000,0.00000000
2001-05-19T22:00:00,1,5,19,22,0,0.00000000,14.70000000,14.70000000,0.00000000
2001-05-19T22:10:00,1,5,19,22,10,0.00000000,14.61666667,14.61666667,0.00000000
2001-05-19T22:20:00,1,5,19,22,20,0.00000000,14.53333333,14.53333333,0.00000000
2001-05-19T22:30:00,1,5,19,22,30,0.00000000,14.45000000,14.45000000,0.00000000
2001-05-19T22:40:00,1,5,19,22,40,0.00000000,14.36666667,14.36666667,0.00000000
2001-05-19T22:50:00,1,5,19,22,50,0.00000000,14.28333333,14.28333333,0.00000000
2001-05-19T23:00:00,1,5,19,23,0,0.00000000,14.20000000,14.20000000,0.00000000
2001-05-19T23:10:00,1,5,19,23,10,0.00000000,14.18333333,14.18333333,0.00000000
2001-05-19T23:20:00,1,5,19,23,20,0.00000000,14.16666667,14.16666667,0.00000000
2001-05-19T23:30:00,1,5,19,23,30,0.00000000,14.15000000,14.15000000,0.00000000
2001-05-19T23:40:00,1,5,19,23,40,0.00000000,14.13333333,14.13333333,0.00000000
2001-05-19T23:50:00,1,5,19,23,50,0.00000000,14.11666667,14.11666667,0.00000000
2001-05-20T00:00:00,1,5,20,0,0,0.00000000,14.10000000,14.10000000,0.00000000
2001-05-20T00:10:00,1,5,20,0,10,0.00000000,14.00000000,14.00000000,0.00000000
2001-05-20T00:20:00,1,5,20,0,20,0.00000000,13.90000000,13.90000000,0.00000000
2001-05-20T00:30:00,1,5,20,0,30,0.00000000,13.80000000,13.80000000,0.00000000
2001-05-20T00:40:00,1,5,20,0,40,0.00000000,13.70000000,13.70000000,0.00000000
2001-05-20T00:50:00,1,5,20,0,50,0.00000000,13.60000000,13.60000000,0.00000000
2001-05-20T01:00:00,1,5,20,1,0,0.00000000,13.50000000,13.50000000,0.00000000
2001-05-20T01:10:00,1,5,20,1,10,0.00000000,13.60000000,13.60000000,0.00000000
2001-05-20T01:20:00,1,5,20,1,20,0.00000000,13.70000000,13.70000000,0.00000000
2001-05-20T01:30:00,1,5,20,1,30,0.00000000,13.80000000,13.80000000,0.00000000
2001-05-20T01:40:00,1,5,20,1,40,0.00000000,13.90000000,13.90000000,0.00000000
2001-05-20T01:50:00,1,5,20,1,50,0.00000000,14.00000000,14.00000000,0.00000000
2001-05-20T02:00:00,1,5,20,2,0,0.00000000,14.10000000,14.10000000,0.00000000
2001-05-20T02:10:00,1,5,20,2,10,0.00000000,14.05000000,14.05000000,0.00000000
2001-05-20T02:20:00,1,5,20,2,20,0.00000000,14.00000000,14.00000000,0.00000000
2001-05-20T02:30:00,1,5,20,2,30,0.00000000,13.95000000,13.95000000,0.00000000
2001-05-20T02:40:00,1,5,20,2,40,0.00000000,13.90000000,13.90000000,0.00000000
2001-05-20T02:50:00,1,5,20,2,50,0.00000000,13.85000000,13.85000000,0.00000000
2001-05-20T03:00:00,1,5,20,3,0,0.00000000,13.80000000,13.80000000,0.00000000
2001-05-20T03:10:00,1,5,20,3,10,0.00000000,13.66666667,13.66666667,0.00000000
2001-05-20T03:20:00,1,5,20,3,20,0.00000000,13.53333333,13.53333333,0.00000000
2001-05-20T03:30:00,1,5,20,3,30,0.00000000,13.40000000,13.40000000,0.00000000
2001-05-20T03:40:00,1,5,20,3,40,0.00000000,13.26666667,13.26666667,0.00000000
2001-05-20T03:50:00,1,5,20,3,50,0.00000000,13.13333333,13.13333333,0.00000000
2001-05-20T04:00:00,1,5,20,4,0,0.00000000,13.00000000,13.00000000,0.00000000
2001-05-20T04:10:00,1,5,20,4,10,0.00000000,13.01666667,13.01666667,0.00000000
2001-05-20T04:20:00,1,5,20,4,20,0.00000000,13.03333333,13.03333333,0.00000000
2001-05-20T04:30:00,1,5,20,4,30,0.00000000,13.05000000,13.05000000,0.00000000
2001-05-20T04:40:00,1,5,20,4,40,0.00000000,13.06666667,13.06666667,0.00000000
2001-05-20T04:50:00,1,5,20,4,50,0.00000000,13.08333333,13.08333333,0.00000000
2001-05-20T05:00:00,1,5,20,5,0,0.00000000,13.10000000,13.10000000,0.00000000
2001-05-20T05:10:00,1,5,20,5,10,0.00150000,13.10000000,13.15250000,0.00158175
2001-05-20T05:20:00,1,5,20,5,20,0.00300000,13.10000000,13.20500000,0.00316277
2001-05-20T05:30:00,1,5,20,5,30,0.00450000,13.10000000,13.25750000,0.00474307
2001-05-20T05:40:00,1,5,20,5,40,0.00600000,13.10000000,13.31000000,0.00632264
2001-05-20T05:50:00,1,5,20,5,50,0.00750000,13.10000000,13.36250000,0.00790149
2001-05-20T06:00:00,1,5,20,6,0,0.00900000,13.10000000,13.41500000,0.00947962
2001-05-20T06:10:00,1,5,20,6,10,0.02716667,13.18333333,14.13416667,0.02852453
2001-05-20T06:20:00,1,5,20,6,20,0.04533333,13.26666667,14.85333333,0.04744925
2001-05-20T06:30:00,1,5,20,6,30,0.06350000,13.35000000,15.57250000,0.06625377
2001-05-20T06:40:00,1,5,20,6,40,0.08166667,13.43333333,16.29166667,0.08493810
2001-05-20T06:50:00,1,5,20,6,50,0.09983333,13.51666667,17.01083333,0.10350222
2001-05-20T07:00:00,1,5,20,7,0,0.11800000,13.60000000,17.73000000,0.12194616
2001-05-20T07:10:00,1,5,20,7,10,0.15283333,14.00000000,19.34916667,0.15680606
2001-05-20T07:20:00,1,5,20,7,20,0.18766667,14.40000000,20.96833333,0.19114707
2001-05-20T07:30:00,1,5,20,7,30,0.22250000,14.80000000,22.58750000,0.22496919
2001-05-20T07:40:00,1,5,20,7,40,0.25733333,15.20000000,24.20666667,0.25827243
2001-05-20T07:50:00,1,5,20,7,50,0.29216667,15.60000000,25.82583333,0.29105677
2001-05-20T08:00:00,1,5,20,8,0,0.32700000,16.00000000,27.44500000,0.32332223
2001-05-20T08:10:00,1,5,20,8,10,0.35000000,16.58333333,28.83333333,0.34382833
2001-05-20T08:20:00,1,5,20,8,20,0.37300000,17.16666667,30.22166667,0.36404066
2001-05-20T08:30:00,1,5,20,8,30,0.39600000,17.75000000,31.61000000,0.38395922
2001-05-20T08:40:00,1,5,20,8,40,0.41900000,18.33333333,32.99833333,0.40358401
2001-05-20T08:50:00,1,5,20,8,50,0.44200000,18.91666667,34.38666667,0.42291503
2001-05-20T09:00:00,1,5,20,9,0,0.46500000,19.50000000,35.77500000,0.44195228
2001-05-20T09:10:00,1,5,20,9,10,0.49083333,19.91666667,37.09583333,0.46352296
2001-05-20T09:20:00,1,5,20,9,20,0.51666667,20.33333333,38.41666667,0.48477972
2001-05-20T09:30:00,1,5,20,9,30,0.54250000,20.75000000,39.73750000,0.50572257
2001-05-20T09:40:00,1,5,20,9,40,0.56833333,21.16666667,41.05833333,0.52635150
2001-05-20T09:50:00,1,5,20,9,50,0.59416667,21.58333333,42.37916667,0.54666651
2001-05-20T10:00:00,1,5,20,10,0,0.62000000,22.00000000,43.70000000,0.56666760
2001-05-20T10:10:00,1,5,20,10,10,0.63350000,22.50000000,44.67250000,0.57617237
2001-05-20T10:20:00,1,5,20,10,20,0.64700000,23.00000000,45.64500000,0.58555635
2001-05-20T10:30:00,1,5,20,10,30,0.66050000,23.50000000,46.61750000,0.59481955
2001-05-20T10:40:00,1,5,20,10,40,0.67400000,24.00000000,47.59000000,0.60396196
2001-05-20T10:50:00,1,5,20,10,50,0.68750000,24.50000000,48.56250000,0.61298359
2001-05-20T11:00:00,1,5,20,11,0,0.70100000,25.00000000,49.53500000,0.62188444
2001-05-20T11:10:00,1,5,20,11,10,0.67916667,25.30000000,49.07083333,0.60396537
2001-05-20T11:20:00,1,5,20,11,20,0.65733333,25.60000000,48.60666667,0.58595307
2001-05-20T11:30:00,1,5,20,11,30,0.63550000,25.90000000,48.14250000,0.56784753
2001-05-20T11:40:00,1,5,20,11,40,0.61366667,26.20000000,47.67833333,0.54964876
2001-05-20T11:50:00,1,5,20,11,50,0.59183333,26.50000000,47.21416667,0.53135675
2001-05-20T12:00:00,1,5,20,12,0,0.57000000,26.80000000,46.75000000,0.51297150
2001-05-20T12:10:00,1,5,20,12,10,0.55233333,26.56666667,45.89833333,0.49923624
2001-05-20T12:20:00,1,5,20,12,20,0.53466667,26.33333333,45.04666667,0.48536256
2001-05-20T12:30:00,1,5,20,12,30,0.51700000,26.10000000,44.19500000,0.47135045
2001-05-20T12:40:00,1,5,20,12,40,0.49933333,25.86666667,43.34333333,0.45719992
2001-05-20T12:50:00,1,5,20,12,50,0.48166667,25.63333333,42.49166667,0.44291096
2001-05-20T13:00:00,1,5,20,13,0,0.46400000,25.40000000,41.64000000,0.42848358
2001-05-20T13:10:00,1,5,20,13,10,0.45883333,25.13333333,41.19250000,0.42465690
2001-05-20T13:20:00,1,5,20,13,20,0.45366667,24.86666667,40.74500000,0.42080895
2001-05-20T13:30:00,1,5,20,13,30,0.44850000,24.60000000,40.29750000,0.41693973
2001-05-20T13:40:00,1,5,20,13,40,0.44333333,24.33333333,39.85000000,0.41304923
2001-05-20T13:50:00,1,5,20,13,50,0.43816667,24.06666667,39.40250000,0.40913747
2001-05-20T14:00:00,1,5,20,14,0,0.43300000,23.80000000,38.95500000,0.40520443
2001-05-20T14:10:00,1,5,20,14,10,0.39533333,23.66666667,37.50333333,0.37259560
2001-05-20T14:20:00,1,5,20,14,20,0.35766667,23.53333333,36.05166667,0.33948373
2001-05-20T14:30:00,1,5,20,14,30,0.32000000,23.40000000,34.60000000,0.30586880
2001-05-20T14:40:00,1,5,20,14,40,0.28233333,23.26666667,33.14833333,0.27175082
2001-05-20T14:50:00,1,5,20,14,50,0.24466667,23.13333333,31.69666667,0.23712979
2001-05-20T15:00:00,1,5,20,15,0,0.20700000,23.00000000,30.24500000,0.20200571
2001-05-20T15:10:00,1,5,20,15,10,0.18816667,22.53333333,29.11916667,0.18460125
2001-05-20T15:20:00,1,5,20,15,20,0.16933333,22.06666667,27.99333333,0.16700173
2001-05-20T15:30:00,1,5,20,15,30,0.15050000,21.60000000,26.86750000,0.14920713
2001-05-20T15:40:00,1,5,20,15,40,0.13166667,21.13333333,25.74166667,0.13121746
2001-05-20T15:50:00,1,5,20,15,50,0.11283333,20.66666667,24.61583333,0.11303273
2001-05-20T16:00:00,1,5,20,16,0,0.09400000,20.20000000,23.49000000,0.09465292
2001-05-20T16:10:00,1,5,20,16,10,0.08016667,19.86666667,22.67250000,0.08102497
2001-05-20T16:20:00,1,5,20,16,20,0.06633333,19.53333333,21.85500000,0.06729298
2001-05-20T16:30:00,1,5,20,16,30,0.05250000,19.20000000,21.03750000,0.05345694
2001-05-20T16:40:00,1,5,20,16,40,0.03866667,18.86666667,20.22000000,0.03951687
2001-05-20T16:50:00,1,5,20,16,50,0.02483333,18.53333333,19.40250000,0.02547275
2001-05-20T17:00:00,1,5,20,17,0,0.01100000,18.20000000,18.58500000,0.01132460
2001-05-20T17:10:00,1,5,20,17,10,0.00916667,17.95000000,18.27083333,0.00945041
2001-05-20T17:20:00,1,5,20,17,20,0.00733333,17.70000000,17.95666667,0.00757093
2001-05-20T17:30:00,1,5,20,17,30,0.00550000,17.45000000,17.64250000,0.00568614
2001-05-20T17:40:00,1,5,20,17,40,0.00366667,17.20000000,17.32833333,0.00379606
2001-05-20T17:50:00,1,5,20,17,50,0.00183333,16.95000000,17.01416667,0.00190068
2001-05-20T18:00:00,1,5,20,18,0,0.00000000,16.70000000,16.70000000,0.00000000
2001-05-20T18:10:00,1,5,20,18,10,0.00000000,16.61666667,16.61666667,0.00000000
2001-05-20T18:20:00,1,5,20,18,20,0.00000000,16.53333333,16.53333333,0.00000000
2001-05-20T18:30:00,1,5,20,18,30,0.00000000,16.45000000,16.45000000,0.00000000
2001-05-20T18:40:00,1,5,20,18,40,0.00000000,16.36666667,16.36666667,0.00000000
2001-05-20T18:50:00,1,5,20,18,50,0.00000000,16.28333333,16.28333333,0.00000000
2001-05-20T19:00:00,1,5,20,19,0,0.00000000,16.20000000,16.20000000,0.00000000
2001-05-20T19:10:00,1,5,20,19,10,0.00000000,16.05000000,16.05000000,0.00000000
2001-05-20T19:20:00,1,5,20,19,20,0.00000000,15.90000000,15.90000000,0.00000000
2001-05-20T19:30:00,1,5,20,19,30,0.00000000,15.75000000,15.75000000,0.00000000
2001-05-20T19:40:00,1,5,20,19,40,0.00000000,15.60000000,15.60000000,0.00000000
2001-05-20T19:50:00,1,5,20,19,50,0.00000000,15.45000000,15.45000000,0.00000000
2001-05-20T20:00:00,1,5,20,20,0,0.00000000,15.30000000,15.30000000,0.00000000
2001-05-20T20:10:00,1,5,20,20,10,0.00000000,15.08333333,15.08333333,0.00000000
2001-05-20T20:20:00,1,5,20,20,20,0.00000000,14.86666667,14.86666667,0.00000000
2001-05-20T20:30:00,1,5,20,20,30,0.00000000,14.65000000,14.65000000,0.00000000
2001-05-20T20:40:00,1,5,20,20,40,0.00000000,14.43333333,14.43333333,0.00000000
2001-05-20T20:50:00,1,5,20,20,50,0.00000000,14.21666667,14.21666667,0.00000000
2001-05-20T21:00:00,1,5,20,21,0,0.00000000,14.00000000,14.00000000,0.00000000
2001-05-20T21:10:00,1,5,20,21,10,0.00000000,13.96666667,13.96666667,0.00000000
2001-05-20T21:20:00,1,5,20,21,20,0.00000000,13.93333333,13.93333333,0.00000000
2001-05-20T21:30:00,1,5,20,21,30,0.00000000,13.90000000,13.90000000,0.00000000
2001-05-20T21:40:00,1,5,20,21,40,0.00000000,13.86666667,13.86666667,0.00000000
2001-05-20T21:50:00,1,5,20,21,50,0.00000000,13.83333333,13.83333333,0.00000000
2001-05-20T22:00:00,1,5,20,22,0,0.00000000,13.80000000,13.80000000,0.00000000
2001-05-20T22:10:00,1,5,20,22,10,0.00000000,13.60000000,13.60000000,0.00000000
2001-05-20T22:20:00,1,5,20,22,20,0.00000000,13.40000000,13.40000000,0.00000000
2001-05-20T22:30:00,1,5,20,22,30,0.00000000,13.20000000,13.20000000,0.00000000
2001-05-20T22:40:00,1,5,20,22,40,0.00000000,13.00000000,13.00000000,0.00000000
2001-05-20T22:50:00,1,5,20,22,50,0.00000000,12.80000000,12.80000000,0.00000000
2001-05-20T23:00:00,1,5,20,23,0,0.00000000,12.60000000,12.60000000,0.00000000
2001-05-20T23:10:00,1,5,20,23,10,0.00000000,12.75000000,12.75000000,0.00000000
2001-05-20T23:20:00,1,5,20,23,20,0.00000000,12.90000000,12.90000000,0.00000000
2001-05-20T23:30:00,1,5,20,23,30,0.00000000,13.05000000,13.05000000,0.00000000
2001-05-20T23:40:00,1,5,20,23,40,0.00000000,13.20000000,13.20000000,0.00000000
2001-05-20T23:50:00,1,5,20,23,50,0.00000000,13.35000000,13.35000000,0.00000000
2001-05-21T00:00:00,1,5,21,0,0,0.00000000,13.50000000,13.50000000,0.00000000
2001-05-21T00:10:00,1,5,21,0,10,0.00000000,13.45000000,13.45000000,0.00000000
2001-05-21T00:20:00,1,5,21,0,20,0.00000000,13.40000000,13.40000000,0.00000000
2001-05-21T00:30:00,1,5,21,0,30,0.00000000,13.35000000,13.35000000,0.00000000
2001-05-21T00:40:00,1,5,21,0,40,0.00000000,13.30000000,13.30000000,0.00000000
2001-05-21T00:50:00,1,5,21,0,50,0.00000000,13.25000000,13.25000000,0.00000000
2001-05-21T01:00:00,1,5,21,1,0,0.00000000,13.20000000,13.20000000,0.00000000
2001-05-21T01:10:00,1,5,21,1,10,0.00000000,13.15000000,13.15000000,0.00000000
2001-05-21T01:20:00,1,5,21,1,20,0.00000000,13.10000000,13.10000000,0.00000000
2001-05-21T01:30:00,1,5,21,1,30,0.00000000,13.05000000,13.05000000,0.00000000
2001-05-21T01:40:00,1,5,21,1,40,0.00000000,13.00000000,13.00000000,0.00000000
2001-05-21T01:50:00,1,5,21,1,50,0.00000000,12.95000000,12.95000000,0.00000000
2001-05-21T02:00:00,1,5,21,2,0,0.00000000,12.90000000,12.90000000,0.00000000
2001-05-21T02:10:00,1,5,21,2,10,0.00000000,12.88333333,12.88333333,0.00000000
2001-05-21T02:20:00,1,5,21,2,20,0.00000000,12.86666667,12.86666667,0.00000000
2001-05-21T02:30:00,1,5,21,2,30,0.00000000,12.85000000,12.85000000,0.00000000
2001-05-21T02:40:00,1,5,21,2,40,0.00000000,12.83333333,12.83333333,0.00000000
2001-05-21T02:50:00,1,5,21,2,50,0.00000000,12.81666667,12.81666667,0.00000000
2001-05-21T03:00:00,1,5,21,3,0,0.00000000,12.80000000,12.80000000,0.00000000
2001-05-21T03:10:00,1,5,21,3,10,0.00000000,12.83333333,12.83333333,0.00000000
2001-05-21T03:20:00,1,5,21,3,20,0.00000000,12.86666667,12.86666667,0.00000000
2001-05-21T03:30:00,1,5,21,3,30,0.00000000,12.90000000,12.90000000,0.00000000
2001-05-21T03:40:00,1,5,21,3,40,0.00000000,12.93333333,12.93333333,0.00000000
2001-05-21T03:50:00,1,5,21,3,50,0.00000000,12.96666667,12.96666667,0.00000000
2001-05-21T04:00:00,1,5,21,4,0,0.00000000,13.00000000,13.00000000,0.00000000
2001-05-21T04:10:00,1,5,21,4,10,0.00000000,13.05000000,13.05000000,0.00000000
2001-05-21T04:20:00,1,5,21,4,20,0.00000000,13.10000000,13.10000000,0.00000000
2001-05-21T04:30:00,1,5,21,4,30,0.00000000,13.15000000,13.15000000,0.00000000
2001-05-21T04:40:00,1,5,21,4,40,0.00000000,13.20000000,13.20000000,0.00000000
2001-05-21T04:50:00,1,5,21,4,50,0.00000000,13.25000000,13.25000000,0.00000000
2001-05-21T05:00:00,1,5,21,5,0,0.00000000,13.30000000,13.30000000,0.00000000
2001-05-21T05:10:00,1,5,21,5,10,0.00116667,13.35000000,13.39083333,0.00122897
2001-05-21T05:20:00,1,5,21,5,20,0.00233333,13.40000000,13.48166667,0.00245696
2001-05-21T05:30:00,1,5,21,5,30,0.00350000,13.45000000,13.57250000,0.00368398
2001-05-21T05:40:00,1,5,21,5,40,0.00466667,13.50000000,13.66333333,0.00491003
2001-05-21T05:50:00,1,5,21,5,50,0.00583333,13.55000000,13.75416667,0.00613510
2001-05-21T06:00:00,1,5,21,6,0,0.00700000,13.60000000,13.84500000,0.00735919
2001-05-21T06:10:00,1,5,21,6,10,0.03100000,13.70000000,14.78500000,0.03245666
2001-05-21T06:20:00,1,5,21,6,20,0.05500000,13.80000000,15.72500000,0.05734657
2001-05-21T06:30:00,1,5,21,6,30,0.07900000,13.90000000,16.66500000,0.08202894
2001-05-21T06:40:00,1,5,21,6,40,0.10300000,14.00000000,17.60500000,0.10650375
2001-05-21T06:50:00,1,5,21,6,50,0.12700000,14.10000000,18.54500000,0.13077101
2001-05-21T07:00:00,1,5,21,7,0,0.15100000,14.20000000,19.48500000,0.15483072
2001-05-21T07:10:00,1,5,21,7,10,0.18416667,14.53333333,20.97916667,0.18757298
2001-05-21T07:20:00,1,5,21,7,20,0.21733333,14.86666667,22.47333333,0.21985933
2001-05-21T07:30:00,1,5,21,7,30,0.25050000,15.20000000,23.96750000,0.25168975
2001-05-21T07:40:00,1,5,21,7,40,0.28366667,15.53333333,25.46166667,0.28306425
2001-05-21T07:50:00,1,5,21,7,50,0.31683333,15.86666667,26.95583333,0.31398284
2001-05-21T08:00:00,1,5,21,8,0,0.35000000,16.20000000,28.45000000,0.34444550
2001-05-21T08:10:00,1,5,21,8,10,0.37633333,16.51666667,29.68833333,0.36821720
2001-05-21T08:20:00,1,5,21,8,20,0.40266667,16.83333333,30.92666667,0.39168890
2001-05-21T08:30:00,1,5,21,8,30,0.42900000,17.15000000,32.16500000,0.41486059
2001-05-21T08:40:00,1,5,21,8,40,0.45533333,17.46666667,33.40333333,0.43773227
2001-05-21T08:50:00,1,5,21,8,50,0.48166667,17.78333333,34.64166667,0.46030395
2001-05-21T09:00:00,1,5,21,9,0,0.50800000,18.10000000,35.88000000,0.48257562
2001-05-21T09:10:00,1,5,21,9,10,0.53216667,18.31666667,36.94250000,0.50293182
2001-05-21T09:20:00,1,5,21,9,20,0.55633333,18.53333333,38.00500000,0.52305180
2001-05-21T09:30:00,1,5,21,9,30,0.58050000,18.75000000,39.06750000,0.54293555
2001-05-21T09:40:00,1,5,21,9,40,0.60466667,18.96666667,40.13000000,0.56258308
2001-05-21T09:50:00,1,5,21,9,50,0.62883333,19.18333333,41.19250000,0.58199437
2001-05-21T10:00:00,1,5,21,10,0,0.65300000,19.40000000,42.25500000,0.60116943
2001-05-21T10:10:00,1,5,21,10,10,0.64200000,19.60000000,42.07000000,0.59158888
2001-05-21T10:20:00,1,5,21,10,20,0.63100000,19.80000000,41.88500000,0.58198960
2001-05-21T10:30:00,1,5,21,10,30,0.62000000,20.00000000,41.70000000,0.57237160
2001-05-21T10:40:00,1,5,21,10,40,0.60900000,20.20000000,41.51500000,0.56273488
2001-05-21T10:50:00,1,5,21,10,50,0.59800000,20.40000000,41.33000000,0.55307944
2001-05-21T11:00:00,1,5,21,11,0,0.58700000,20.60000000,41.14500000,0.54340527
2001-05-21T11:10:00,1,5,21,11,10,0.58616667,20.63333333,41.14916667,0.54262259
2001-05-21T11:20:00,1,5,21,11,20,0.58533333,20.66666667,41.15333333,0.54183994
2001-05-21T11:30:00,1,5,21,11,30,0.58450000,20.70000000,41.15750000,0.54105733
2001-05-21T11:40:00,1,5,21,11,40,0.58366667,20.73333333,41.16166667,0.54027475
2001-05-21T11:50:00,1,5,21,11,50,0.58283333,20.76666667,41.16583333,0.53949220
2001-05-21T12:00:00,1,5,21,12,0,0.58200000,20.80000000,41.17000000,0.53870968
2001-05-21T12:10:00,1,5,21,12,10,0.58850000,20.86666667,41.46416667,0.54392985
2001-05-21T12:20:00,1,5,21,12,20,0.59500000,20.93333333,41.75833333,0.54913244
2001-05-21T12:30:00,1,5,21,12,30,0.60150000,21.00000000,42.05250000,0.55431744
2001-05-21T12:40:00,1,5,21,12,40,0.60800000,21.06666667,42.34666667,0.55948484
2001-05-21T12:50:00,1,5,21,12,50,0.61450000,21.13333333,42.64083333,0.56463466
2001-05-21T13:00:00,1,5,21,13,0,0.62100000,21.20000000,42.93500000,0.56976688
2001-05-21T13:10:00,1,5,21,13,10,0.60850000,21.41666667,42.71416667,0.55891628
2001-05-21T13:20:00,1,5,21,13,20,0.59600000,21.63333333,42.49333333,0.54804028
2001-05-21T13:30:00,1,5,21,13,30,0.58350000,21.85000000,42.27250000,0.53713888
2001-05-21T13:40:00,1,5,21,13,40,0.57100000,22.06666667,42.05166667,0.52621209
2001-05-21T13:50:00,1,5,21,13,50,0.55850000,22.28333333,41.83083333,0.51525991
2001-05-21T14:00:00,1,5,21,14,0,0.54600000,22.50000000,41.61000000,0.50428232
2001-05-21T14:10:00,1,5,21,14,10,0.50316667,22.48333333,40.09416667,0.46823021
2001-05-21T14:20:00,1,5,21,14,20,0.46033333,22.46666667,38.57833333,0.43158076
2001-05-21T14:30:00,1,5,21,14,30,0.41750000,22.45000000,37.06250000,0.39433397
2001-05-21T14:40:00,1,5,21,14,40,0.37466667,22.43333333,35.54666667,0.35648984
2001-05-21T14:50:00,1,5,21,14,50,0.33183333,22.41666667,34.03083333,0.31804837
2001-05-21T15:00:00,1,5,21,15,0,0.28900000,22.40000000,32.51500000,0.27900956
2001-05-21T15:10:00,1,5,21,15,10,0.26083333,22.10000000,31.22916667,0.25335937
2001-05-21T15:20:00,1,5,21,15,20,0.23266667,21.80000000,29.94333333,0.22737598
2001-05-21T15:30:00,1,5,21,15,30,0.20450000,21.50000000,28.65750000,0.20105939
2001-05-21T15:40:00,1,5,21,15,40,0.17633333,21.20000000,27.37166667,0.17440960
2001-05-21T15:50:00,1,5,21,15,50,0.14816667,20.90000000,26.08583333,0.14742660
2001-05-21T16:00:00,1,5,21,16,0,0.12000000,20.60000000,24.80000000,0.12011040
2001-05-21T16:10:00,1,5,21,16,10,0.10200000,20.48333333,24.05333333,0.10244418
2001-05-21T16:20:00,1,5,21,16,20,0.08400000,20.36666667,23.30666667,0.08465430
2001-05-21T16:30:00,1,5,21,16,30,0.06600000,20.25000000,22.56000000,0.06674078
2001-05-21T16:40:00,1,5,21,16,40,0.04800000,20.13333333,21.81333333,0.04870362
2001-05-21T16:50:00,1,5,21,16,50,0.03000000,20.01666667,21.06666667,0.03054280
2001-05-21T17:00:00,1,5,21,17,0,0.01200000,19.90000000,20.32000000,0.01225834
2001-05-21T17:10:00,1,5,21,17,10,0.01000000,19.86666667,20.21666667,0.01022003
2001-05-21T17:20:00,1,5,21,17,20,0.00800000,19.83333333,20.11333333,0.00817983
2001-05-21T17:30:00,1,5,21,17,30,0.00600000,19.80000000,20.01000000,0.00613772
2001-05-21T17:40:00,1,5,21,17,40,0.00400000,19.76666667,19.90666667,0.00409372
2001-05-21T17:50:00,1,5,21,17,50,0.00200000,19.73333333,19.80333333,0.00204781
2001-05-21T18:00:00,1,5,21,18,0,0.00000000,19.70000000,19.70000000,0.00000000
2001-05-21T18:10:00,1,5,21,18,10,0.00000000,19.60000000,19.60000000,0.00000000
2001-05-21T18:20:00,1,5,21,18,20,0.00000000,19.50000000,19.50000000,0.00000000
2001-05-21T18:30:00,1,5,21,18,30,0.00000000,19.40000000,19.40000000,0.00000000
2001-05-21T18:40:00,1,5,21,18,40,0.00000000,19.30000000,19.30000000,0.00000000
2001-05-21T18:50:00,1,5,21,18,50,0.00000000,19.20000000,19.20000000,0.00000000
2001-05-21T19:00:00,1,5,21,19,0,0.00000000,19.10000000,19.10000000,0.00000000
2001-05-21T19:10:00,1,5,21,19,10,0.00000000,18.91666667,18.91666667,0.00000000
2001-05-21T19:20:00,1,5,21,19,20,0.00000000,18.73333333,18.73333333,0.00000000
2001-05-21T19:30:00,1,5,21,19,30,0.00000000,18.55000000,18.55000000,0.00000000
2001-05-21T19:40:00,1,5,21,19,40,0.00000000,18.36666667,18.36666667,0.00000000
2001-05-21T19:50:00,1,5,21,19,50,0.00000000,18.18333333,18.18333333,0.00000000
2001-05-21T20:00:00,1,5,21,20,0,0.00000000,18.00000000,18.00000000,0.00000000
2001-05-21T20:10:00,1,5,21,20,10,0.00000000,17.95000000,17.95000000,0.00000000
2001-05-21T20:20:00,1,5,21,20,20,0.00000000,17.90000000,17.90000000,0.00000000
2001-05-21T20:30:00,1,5,21,20,30,0.00000000,17.85000000,17.85000000,0.00000000
2001-05-21T20:40:00,1,5,21,20,40,0.00000000,17.80000000,17.80000000,0.00000000
2001-05-21T20:50:00,1,5,21,20,50,0.00000000,17.75000000,17.75000000,0.00000000
2001-05-21T21:00:00,1,5,21,21,0,0.00000000,17.70000000,17.70000000,0.00000000
2001-05-21T21:10:00,1,5,21,21,10,0.00000000,17.68333333,17.68333333,0.00000000
2001-05-21T21:20:00,1,5,21,21,20,0.00000000,17.66666667,17.66666667,0.00000000
2001-05-21T21:30:00,1,5,21,21,30,0.00000000,17.65000000,17.65000000,0.00000000
2001-05-21T21:40:00,1,5,21,21,40,0.00000000,17.63333333,17.63333333,0.00000000
2001-05-21T21:50:00,1,5,21,21,50,0.00000000,17.61666667,17.61666667,0.00000000
2001-05-21T22:00:00,1,5,21,22,0,0.00000000,17.60000000,17.60000000,0.00000000
2001-05-21T22:10:00,1,5,21,22,10,0.00000000,17.56666667,17.56666667,0.00000000
2001-05-21T22:20:00,1,5,21,22,20,0.00000000,17.53333333,17.53333333,0.00000000
2001-05-21T22:30:00,1,5,21,22,30,0.00000000,17.50000000,17.50000000,0.00000000
2001-05-21T22:40:00,1,5,21,22,40,0.00000000,17.46666667,17.46666667,0.00000000
2001-05-21T22:50:00,1,5,21,22,50,0.00000000,17.43333333,17.43333333,0.00000000
2001-05-21T23:00:00,1,5,21,23,0,0.00000000,17.40000000,17.40000000,0.00000000
2001-05-21T23:10:00,1,5,21,23,10,0.00000000,17.70000000,17.70000000,0.00000000
2001-05-21T23:20:00,1,5,21,23,20,0.00000000,18.00000000,18.00000000,0.00000000
2001-05-21T23:30:00,1,5,21,23,30,0.00000000,18.30000000,18.30000000,0.00000000
2001-05-21T23:40:00,1,5,21,23,40,0.00000000,18.60000000,18.60000000,0.00000000
2001-05-21T23:50:00,1,5,21,23,50,0.00000000,18.90000000,18.90000000,0.00000000
2001-05-22T00:00:00,1,5,22,0,0,0.00000000,19.20000000,19.20000000,0.00000000
2001-05-22T00:10:00,1,5,22,0,10,0.00000000,19.06666667,19.06666667,0.00000000
2001-05-22T00:20:00,1,5,22,0,20,0.00000000,18.93333333,18.93333333,0.00000000
2001-05-22T00:30:00,1,5,22,0,30,0.00000000,18.80000000,18.80000000,0.00000000
2001-05-22T00:40:00,1,5,22,0,40,0.00000000,18.66666667,18.66666667,0.00000000
2001-05-22T00:50:00,1,5,22,0,50,0.00000000,18.53333333,18.53333333,0.00000000
2001-05-22T01:00:00,1,5,22,1,0,0.00000000,18.40000000,18.40000000,0.00000000
2001-05-22T01:10:00,1,5,22,1,10,0.00000000,18.38333333,18.38333333,0.00000000
2001-05-22T01:20:00,1,5,22,1,20,0.00000000,18.36666667,18.36666667,0.00000000
2001-05-22T01:30:00,1,5,22,1,30,0.00000000,18.35000000,18.35000000,0.00000000
2001-05-22T01:40:00,1,5,22,1,40,0.00000000,18.33333333,18.33333333,0.00000000
2001-05-22T01:50:00,1,5,22,1,50,0.00000000,18.31666667,18.31666667,0.00000000
2001-05-22T02:00:00,1,5,22,2,0,0.00000000,18.30000000,18.30000000,0.00000000
2001-05-22T02:10:00,1,5,22,2,10,0.00000000,18.38333333,18.38333333,0.00000000
2001-05-22T02:20:00,1,5,22,2,20,0.00000000,18.46666667,18.46666667,0.00000000
2001-05-22T02:30:00,1,5,22,2,30,0.00000000,18.55000000,18.55000000,0.00000000
2001-05-22T02:40:00,1,5,22,2,40,0.00000000,18.63333333,18.63333333,0.00000000
2001-05-22T02:50:00,1,5,22,2,50,0.00000000,18.71666667,18.71666667,0.00000000
2001-05-22T03:00:00,1,5,22,3,0,0.00000000,18.80000000,18.80000000,0.00000000
2001-05-22T03:10:00,1,5,22,3,10,0.00000000,18.78333333,18.78333333,0.00000000
2001-05-22T03:20:00,1,5,22,3,20,0.00000000,18.76666667,18.76666667,0.00000000
2001-05-22T03:30:00,1,5,22,3,30,0.00000000,18.75000000,18.75000000,0.00000000
2001-05-22T03:40:00,1,5,22,3,40,0.00000000,18.73333333,18.73333333,0.00000000
2001-05-22T03:50:00,1,5,22,3,50,0.00000000,18.71666667,18.71666667,0.00000000
2001-05-22T04:00:00,1,5,22,4,0,0.00000000,18.70000000,18.70000000,0.00000000
2001-05-22T04:10:00,1,5,22,4,10,0.00000000,18.71666667,18.71666667,0.00000000
2001-05-22T04:20:00,1,5,22,4,20,0.00000000,18.73333333,18.73333333,0.00000000
2001-05-22T04:30:00,1,5,22,4,30,0.00000000,18.75000000,18.75000000,0.00000000
2001-05-22T04:40:00,1,5,22,4,40,0.00000000,18.76666667,18.76666667,0.00000000
2001-05-22T04:50:00,1,5,22,4,50,0.00000000,18.78333333,18.78333333,0.00000000
2001-05-22T05:00:00,1,5,22,5,0,0.00000000,18.80000000,18.80000000,0.00000000
2001-05-22T05:10:00,1,5,22,5,10,0.00050000,18.78333333,18.80083333,0.00051426
2001-05-22T05:20:00,1,5,22,5,20,0.00100000,18.76666667,18.80166667,0.00102851
2001-05-22T05:30:00,1,5,22,5,30,0.00150000,18.75000000,18.80250000,0.00154276
2001-05-22T05:40:00,1,5,22,5,40,0.00200000,18.73333333,18.80333333,0.00205701
2001-05-22T05:50:00,1,5,22,5,50,0.00250000,18.71666667,18.80416667,0.00257125
2001-05-22T06:00:00,1,5,22,6,0,0.00300000,18.70000000,18.80500000,0.00308549
2001-05-22T06:10:00,1,5,22,6,10,0.02000000,18.68333333,19.38333333,0.02051673
2001-05-22T06:20:00,1,5,22,6,20,0.03700000,18.66666667,19.96166667,0.03785752
2001-05-22T06:30:00,1,5,22,6,30,0.05400000,18.65000000,20.54000000,0.05510786
2001-05-22T06:40:00,1,5,22,6,40,0.07100000,18.63333333,21.11833333,0.07226775
2001-05-22T06:50:00,1,5,22,6,50,0.08800000,18.61666667,21.69666667,0.08933719
2001-05-22T07:00:00,1,5,22,7,0,0.10500000,18.60000000,22.27500000,0.10631617
2001-05-22T07:10:00,1,5,22,7,10,0.10450000,18.86666667,22.52416667,0.10569013
2001-05-22T07:20:00,1,5,22,7,20,0.10400000,19.13333333,22.77333333,0.10506524
2001-05-22T07:30:00,1,5,22,7,30,0.10350000,19.40000000,23.02250000,0.10444149
2001-05-22T07:40:00,1,5,22,7,40,0.10300000,19.66666667,23.27166667,0.10381888
2001-05-22T07:50:00,1,5,22,7,50,0.10250000,19.93333333,23.52083333,0.10319743
2001-05-22T08:00:00,1,5,22,8,0,0.10200000,20.20000000,23.77000000,0.10257712
2001-05-22T08:10:00,1,5,22,8,10,0.13416667,20.15000000,24.84583333,0.13426181
2001-05-22T08:20:00,1,5,22,8,20,0.16633333,20.10000000,25.92166667,0.16562814
2001-05-22T08:30:00,1,5,22,8,30,0.19850000,20.05000000,26.99750000,0.19667608
2001-05-22T08:40:00,1,5,22,8,40,0.23066667,20.00000000,28.07333333,0.22740566
2001-05-22T08:50:00,1,5,22,8,50,0.26283333,19.95000000,29.14916667,0.25781685
2001-05-22T09:00:00,1,5,22,9,0,0.29500000,19.90000000,30.22500000,0.28790967
2001-05-22T09:10:00,1,5,22,9,10,0.31666667,20.23333333,31.31666667,0.30746539
2001-05-22T09:20:00,1,5,22,9,20,0.33833333,20.56666667,32.40833333,0.32680350
2001-05-22T09:30:00,1,5,22,9,30,0.36000000,20.90000000,33.50000000,0.34592400
2001-05-22T09:40:00,1,5,22,9,40,0.38166667,21.23333333,34.59166667,0.36482690
2001-05-22T09:50:00,1,5,22,9,50,0.40333333,21.56666667,35.68333333,0.38351219
2001-05-22T10:00:00,1,5,22,10,0,0.42500000,21.90000000,36.77500000,0.40197987
2001-05-22T10:10:00,1,5,22,10,10,0.42500000,22.06666667,36.94166667,0.40165404
2001-05-22T10:20:00,1,5,22,10,20,0.42500000,22.23333333,37.10833333,0.40132821
2001-05-22T10:30:00,1,5,22,10,30,0.42500000,22.40000000,37.27500000,0.40100238
2001-05-22T10:40:00,1,5,22,10,40,0.42500000,22.56666667,37.44166667,0.40067654
2001-05-22T10:50:00,1,5,22,10,50,0.42500000,22.73333333,37.60833333,0.40035071
2001-05-22T11:00:00,1,5,22,11,0,0.42500000,22.90000000,37.77500000,0.40002488
2001-05-22T11:10:00,1,5,22,11,10,0.39483333,22.95000000,36.76916667,0.37345778
2001-05-22T11:20:00,1,5,22,11,20,0.36466667,23.00000000,35.76333333,0.34661153
2001-05-22T11:30:00,1,5,22,11,30,0.33450000,23.05000000,34.75750000,0.31948613
2001-05-22T11:40:00,1,5,22,11,40,0.30433333,23.10000000,33.75166667,0.29208158
2001-05-22T11:50:00,1,5,22,11,50,0.27416667,23.15000000,32.74583333,0.26439788
2001-05-22T12:00:00,1,5,22,12,0,0.24400000,23.20000000,31.74000000,0.23643502
2001-05-22T12:10:00,1,5,22,12,10,0.27333333,23.00000000,32.56666667,0.26381951
2001-05-22T12:20:00,1,5,22,12,20,0.30266667,22.80000000,33.39333333,0.29098091
2001-05-22T12:30:00,1,5,22,12,30,0.33200000,22.60000000,34.22000000,0.31791922
2001-05-22T12:40:00,1,5,22,12,40,0.36133333,22.40000000,35.04666667,0.34463443
2001-05-22T12:50:00,1,5,22,12,50,0.39066667,22.20000000,35.87333333,0.37112656
2001-05-22T13:00:00,1,5,22,13,0,0.42000000,22.00000000,36.70000000,0.39739560
2001-05-22T13:10:00,1,5,22,13,10,0.40583333,22.30000000,36.50416667,0.38435697
2001-05-22T13:20:00,1,5,22,13,20,0.39166667,22.60000000,36.30833333,0.37129282
2001-05-22T13:30:00,1,5,22,13,30,0.37750000,22.90000000,36.11250000,0.35820314
2001-05-22T13:40:00,1,5,22,13,40,0.36333333,23.20000000,35.91666667,0.34508794
2001-05-22T13:50:00,1,5,22,13,50,0.34916667,23.50000000,35.72083333,0.33194722
2001-05-22T14:00:00,1,5,22,14,0,0.33500000,23.80000000,35.52500000,0.31878098
2001-05-22T14:10:00,1,5,22,14,10,0.32650000,23.60000000,35.02750000,0.31143970
2001-05-22T14:20:00,1,5,22,14,20,0.31800000,23.40000000,34.53000000,0.30405952
2001-05-22T14:30:00,1,5,22,14,30,0.30950000,23.20000000,34.03250000,0.29664043
2001-05-22T14:40:00,1,5,22,14,40,0.30100000,23.00000000,33.53500000,0.28918244
2001-05-22T14:50:00,1,5,22,14,50,0.29250000,22.80000000,33.03750000,0.28168554
2001-05-22T15:00:00,1,5,22,15,0,0.28400000,22.60000000,32.54000000,0.27414974
2001-05-22T15:10:00,1,5,22,15,10,0.24233333,22.45000000,30.93166667,0.23572111
2001-05-22T15:20:00,1,5,22,15,20,0.20066667,22.30000000,29.32333333,0.19667594
2001-05-22T15:30:00,1,5,22,15,30,0.15900000,22.15000000,27.71500000,0.15701425
2001-05-22T15:40:00,1,5,22,15,40,0.11733333,22.00000000,26.10666667,0.11673603
2001-05-22T15:50:00,1,5,22,15,50,0.07566667,21.85000000,24.49833333,0.07584128
2001-05-22T16:00:00,1,5,22,16,0,0.03400000,21.70000000,22.89000000,0.03433000
2001-05-22T16:10:00,1,5,22,16,10,0.02933333,21.46666667,22.49333333,0.02967157
2001-05-22T16:20:00,1,5,22,16,20,0.02466667,21.23333333,22.09666667,0.02499610
2001-05-22T16:30:00,1,5,22,16,30,0.02000000,21.00000000,21.70000000,0.02030360
2001-05-22T16:40:00,1,5,22,16,40,0.01533333,20.76666667,21.30333333,0.01559407
2001-05-22T16:50:00,1,5,22,16,50,0.01066667,20.53333333,20.90666667,0.01086751
2001-05-22T17:00:00,1,5,22,17,0,0.00600000,20.30000000,20.51000000,0.00612392
2001-05-22T17:10:00,1,5,22,17,10,0.00500000,20.23333333,20.40833333,0.00510561
2001-05-22T17:20:00,1,5,22,17,20,0.00400000,20.16666667,20.30666667,0.00408636
2001-05-22T17:30:00,1,5,22,17,30,0.00300000,20.10000000,20.20500000,0.00306617
2001-05-22T17:40:00,1,5,22,17,40,0.00200000,20.03333333,20.10333333,0.00204505
2001-05-22T17:50:00,1,5,22,17,50,0.00100000,19.96666667,20.00166667,0.00102299
2001-05-22T18:00:00,1,5,22,18,0,0.00000000,19.90000000,19.90000000,0.00000000
2001-05-22T18:10:00,1,5,22,18,10,0.00000000,19.88333333,19.88333333,0.00000000
2001-05-22T18:20:00,1,5,22,18,20,0.00000000,19.86666667,19.86666667,0.00000000
2001-05-22T18:30:00,1,5,22,18,30,0.00000000,19.85000000,19.85000000,0.00000000
2001-05-22T18:40:00,1,5,22,18,40,0.00000000,19.83333333,19.83333333,0.00000000
2001-05-22T18:50:00,1,5,22,18,50,0.00000000,19.81666667,19.81666667,0.00000000
2001-05-22T19:00:00,1,5,22,19,0,0.00000000,19.80000000,19.80000000,0.00000000
2001-05-22T19:10:00,1,5,22,19,10,0.00000000,19.66666667,19.66666667,0.00000000
2001-05-22T19:20:00,1,5,22,19,20,0.00000000,19.53333333,19.53333333,0.00000000
2001-05-22T19:30:00,1,5,22,19,30,0.00000000,19.40000000,19.40000000,0.00000000
2001-05-22T19:40:00,1,5,22,19,40,0.00000000,19.26666667,19.26666667,0.00000000
2001-05-22T19:50:00,1,5,22,19,50,0.00000000,19.13333333,19.13333333,0.00000000
2001-05-22T20:00:00,1,5,22,20,0,0.00000000,19.00000000,19.00000000,0.00000000
2001-05-22T20:10:00,1,5,22,20,10,0.00000000,19.03333333,19.03333333,0.00000000
2001-05-22T20:20:00,1,5,22,20,20,0.00000000,19.06666667,19.06666667,0.00000000
2001-05-22T20:30:00,1,5,22,20,30,0.00000000,19.10000000,19.10000000,0.00000000
2001-05-22T20:40:00,1,5,22,20,40,0.00000000,19.13333333,19.13333333,0.00000000
2001-05-22T20:50:00,1,5,22,20,50,0.00000000,19.16666667,19.16666667,0.00000000
2001-05-22T21:00:00,1,5,22,21,0,0.00000000,19.20000000,19.20000000,0.00000000
2001-05-22T21:10:00,1,5,22,21,10,0.00000000,19.06666667,19.06666667,0.00000000
2001-05-22T21:20:00,1,5,22,21,20,0.00000000,18.93333333,18.93333333,0.00000000
2001-05-22T21:30:00,1,5,22,21,30,0.00000000,18.80000000,18.80000000,0.00000000
2001-05-22T21:40:00,1,5,22,21,40,0.00000000,18.66666667,18.66666667,0.00000000
2001-05-22T21:50:00,1,5,22,21,50,0.00000000,18.53333333,18.53333333,0.00000000
2001-05-22T22:00:00,1,5,22,22,0,0.00000000,18.40000000,18.40000000,0.00000000
2001-05-22T22:10:00,1,5,22,22,10,0.00000000,18.45000000,18.45000000,0.00000000
2001-05-22T22:20:00,1,5,22,22,20,0.00000000,18.50000000,18.50000000,0.00000000
2001-05-22T22:30:00,1,5,22,22,30,0.00000000,18.55000000,18.55000000,0.00000000
2001-05-22T22:40:00,1,5,22,22,40,0.00000000,18.60000000,18.60000000,0.00000000
2001-05-22T22:50:00,1,5,22,22,50,0.00000000,18.65000000,18.65000000,0.00000000
2001-05-22T23:00:00,1,5,22,23,0,0.00000000,18.70000000,18.70000000,0.00000000
2001-05-22T23:10:00,1,5,22,23,10,0.00000000,18.30000000,18.30000000,0.00000000
2001-05-22T23:20:00,1,5,22,23,20,0.00000000,17.90000000,17.90000000,0.00000000
2001-05-22T23:30:00,1,5,22,23,30,0.00000000,17.50000000,17.50000000,0.00000000
2001-05-22T23:40:00,1,5,22,23,40,0.00000000,17.10000000,17.10000000,0.00000000
2001-05-22T23:50:00,1,5,22,23,50,0.00000000,16.70000000,16.70000000,0.00000000
2001-05-23T00:00:00,1,5,23,0,0,0.00000000,16.30000000,16.30000000,0.00000000
2001-05-23T00:10:00,1,5,23,0,10,0.00000000,16.33333333,16.33333333,0.00000000
2001-05-23T00:20:00,1,5,23,0,20,0.00000000,16.36666667,16.36666667,0.00000000
2001-05-23T00:30:00,1,5,23,0,30,0.00000000,16.40000000,16.40000000,0.00000000
2001-05-23T00:40:00,1,5,23,0,40,0.00000000,16.43333333,16.43333333,0.00000000
2001-05-23T00:50:00,1,5,23,0,50,0.00000000,16.46666667,16.46666667,0.00000000
2001-05-23T01:00:00,1,5,23,1,0,0.00000000,16.50000000,16.50000000,0.00000000
2001-05-23T01:10:00,1,5,23,1,10,0.00000000,16.33333333,16.33333333,0.00000000
2001-05-23T01:20:00,1,5,23,1,20,0.00000000,16.16666667,16.16666667,0.00000000
2001-05-23T01:30:00,1,5,23,1,30,0.00000000,16.00000000,16.00000000,0.00000000
2001-05-23T01:40:00,1,5,23,1,40,0.00000000,15.83333333,15.83333333,0.00000000
2001-05-23T01:50:00,1,5,23,1,50,0.00000000,15.66666667,15.66666667,0.00000000
2001-05-23T02:00:00,1,5,23,2,0,0.00000000,15.50000000,15.50000000,0.00000000
2001-05-23T02:10:00,1,5,23,2,10,0.00000000,15.50000000,15.50000000,0.00000000
2001-05-23T02:20:00,1,5,23,2,20,0.00000000,15.50000000,15.50000000,0.00000000
2001-05-23T02:30:00,1,5,23,2,30,0.00000000,15.50000000,15.50000000,0.00000000
2001-05-23T02:40:00,1,5,23,2,40,0.00000000,15.50000000,15.50000000,0.00000000
2001-05-23T02:50:00,1,5,23,2,50,0.00000000,15.50000000,15.50000000,0.00000000
2001-05-23T03:00:00,1,5,23,3,0,0.00000000,15.50000000,15.50000000,0.00000000
2001-05-23T03:10:00,1,5,23,3,10,0.00000000,15.48333333,15.48333333,0.00000000
2001-05-23T03:20:00,1,5,23,3,20,0.00000000,15.46666667,15.46666667,0.00000000
2001-05-23T03:30:00,1,5,23,3,30,0.00000000,15.45000000,15.45000000,0.00000000
2001-05-23T03:40:00,1,5,23,3,40,0.00000000,15.43333333,15.43333333,0.00000000
2001-05-23T03:50:00,1,5,23,3,50,0.00000000,15.41666667,15.41666667,0.00000000
2001-05-23T04:00:00,1,5,23,4,0,0.00000000,15.40000000,15.40000000,0.00000000
2001-05-23T04:10:00,1,5,23,4,10,0.00000000,15.43333333,15.43333333,0.00000000
2001-05-23T04:20:00,1,5,23,4,20,0.00000000,15.46666667,15.46666667,0.00000000
2001-05-23T04:30:00,1,5,23,4,30,0.00000000,15.50000000,15.50000000,0.00000000
2001-05-23T04:40:00,1,5,23,4,40,0.00000000,15.53333333,15.53333333,0.00000000
2001-05-23T04:50:00,1,5,23,4,50,0.00000000,15.56666667,15.56666667,0.00000000
2001-05-23T05:00:00,1,5,23,5,0,0.00000000,15.60000000,15.60000000,0.00000000
2001-05-23T05:10:00,1,5,23,5,10,0.00100000,15.55000000,15.58500000,0.00104331
2001-05-23T05:20:00,1,5,23,5,20,0.00200000,15.50000000,15.57000000,0.00208676
2001-05-23T05:30:00,1,5,23,5,30,0.00300000,15.45000000,15.55500000,0.00313034
2001-05-23T05:40:00,1,5,23,5,40,0.00400000,15.40000000,15.54000000,0.00417406
2001-05-23T05:50:00,1,5,23,5,50,0.00500000,15.35000000,15.52500000,0.00521792
2001-05-23T06:00:00,1,5,23,6,0,0.00600000,15.30000000,15.51000000,0.00626192
2001-05-23T06:10:00,1,5,23,6,10,0.02250000,15.26666667,16.05416667,0.02342589
2001-05-23T06:20:00,1,5,23,6,20,0.03900000,15.23333333,16.59833333,0.04050726
2001-05-23T06:30:00,1,5,23,6,30,0.05550000,15.20000000,17.14250000,0.05750602
2001-05-23T06:40:00,1,5,23,6,40,0.07200000,15.16666667,17.68666667,0.07442218
2001-05-23T06:50:00,1,5,23,6,50,0.08850000,15.13333333,18.23083333,0.09125573
2001-05-23T07:00:00,1,5,23,7,0,0.10500000,15.10000000,18.77500000,0.10800667
2001-05-23T07:10:00,1,5,23,7,10,0.12250000,15.66666667,19.95416667,0.12534333
2001-05-23T07:20:00,1,5,23,7,20,0.14000000,16.23333333,21.13333333,0.14249013
2001-05-23T07:30:00,1,5,23,7,30,0.15750000,16.80000000,22.31250000,0.15944709
2001-05-23T07:40:00,1,5,23,7,40,0.17500000,17.36666667,23.49166667,0.17621421
2001-05-23T07:50:00,1,5,23,7,50,0.19250000,17.93333333,24.67083333,0.19279148
2001-05-23T08:00:00,1,5,23,8,0,0.21000000,18.50000000,25.85000000,0.20917890
2001-05-23T08:10:00,1,5,23,8,10,0.22550000,19.03333333,26.92583333,0.22350233
2001-05-23T08:20:00,1,5,23,8,20,0.24100000,19.56666667,28.00166667,0.23767235
2001-05-23T08:30:00,1,5,23,8,30,0.25650000,20.10000000,29.07750000,0.25168896
2001-05-23T08:40:00,1,5,23,8,40,0.27200000,20.63333333,30.15333333,0.26555215
2001-05-23T08:50:00,1,5,23,8,50,0.28750000,21.16666667,31.22916667,0.27926193
2001-05-23T09:00:00,1,5,23,9,0,0.30300000,21.70000000,32.30500000,0.29281829
2001-05-23T09:10:00,1,5,23,9,10,0.29616667,22.15000000,32.51583333,0.28592735
2001-05-23T09:20:00,1,5,23,9,20,0.28933333,22.60000000,32.72666667,0.27904966
2001-05-23T09:30:00,1,5,23,9,30,0.28250000,23.05000000,32.93750000,0.27218522
2001-05-23T09:40:00,1,5,23,9,40,0.27566667,23.50000000,33.14833333,0.26533404
2001-05-23T09:50:00,1,5,23,9,50,0.26883333,23.95000000,33.35916667,0.25849611
2001-05-23T10:00:00,1,5,23,10,0,0.26200000,24.40000000,33.57000000,0.25167144
2001-05-23T10:10:00,1,5,23,10,10,0.33416667,24.30000000,35.99583333,0.31726424
2001-05-23T10:20:00,1,5,23,10,20,0.40633333,24.20000000,38.42166667,0.38124645
2001-05-23T10:30:00,1,5,23,10,30,0.47850000,24.10000000,40.84750000,0.44361807
2001-05-23T10:40:00,1,5,23,10,40,0.55066667,24.00000000,43.27333333,0.50437910
2001-05-23T10:50:00,1,5,23,10,50,0.62283333,23.90000000,45.69916667,0.56352953
2001-05-23T11:00:00,1,5,23,11,0,0.69500000,23.80000000,48.12500000,0.62106937
2001-05-23T11:10:00,1,5,23,11,10,0.69650000,25.50000000,49.87750000,0.61679498
2001-05-23T11:20:00,1,5,23,11,20,0.69800000,27.20000000,51.63000000,0.61249640
2001-05-23T11:30:00,1,5,23,11,30,0.69950000,28.90000000,53.38250000,0.60817363
2001-05-23T11:40:00,1,5,23,11,40,0.70100000,30.60000000,55.13500000,0.60382668
2001-05-23T11:50:00,1,5,23,11,50,0.70250000,32.30000000,56.88750000,0.59945554
2001-05-23T12:00:00,1,5,23,12,0,0.70400000,34.00000000,58.64000000,0.59506022
2001-05-23T12:10:00,1,5,23,12,10,0.65833333,34.03333333,57.07500000,0.56119954
2001-05-23T12:20:00,1,5,23,12,20,0.61266667,34.06666667,55.51000000,0.52668135
2001-05-23T12:30:00,1,5,23,12,30,0.56700000,34.10000000,53.94500000,0.49150565
2001-05-23T12:40:00,1,5,23,12,40,0.52133333,34.13333333,52.38000000,0.45567244
2001-05-23T12:50:00,1,5,23,12,50,0.47566667,34.16666667,50.81500000,0.41918173
2001-05-23T13:00:00,1,5,23,13,0,0.43000000,34.20000000,49.25000000,0.38203350
2001-05-23T13:10:00,1,5,23,13,10,0.39983333,33.25000000,47.24416667,0.35892112
2001-05-23T13:20:00,1,5,23,13,20,0.36966667,32.30000000,45.23833333,0.33525206
2001-05-23T13:30:00,1,5,23,13,30,0.33950000,31.35000000,43.23250000,0.31102630
2001-05-23T13:40:00,1,5,23,13,40,0.30933333,30.40000000,41.22666667,0.28624387
2001-05-23T13:50:00,1,5,23,13,50,0.27916667,29.45000000,39.22083333,0.26090475
2001-05-23T14:00:00,1,5,23,14,0,0.24900000,28.50000000,37.21500000,0.23500894
2001-05-23T14:10:00,1,5,23,14,10,0.24000000,27.81666667,36.21666667,0.22761680
2001-05-23T14:20:00,1,5,23,14,20,0.23100000,27.13333333,35.21833333,0.22014200
2001-05-23T14:30:00,1,5,23,14,30,0.22200000,26.45000000,34.22000000,0.21258454
2001-05-23T14:40:00,1,5,23,14,40,0.21300000,25.76666667,33.22166667,0.20494441
2001-05-23T14:50:00,1,5,23,14,50,0.20400000,25.08333333,32.22333333,0.19722162
2001-05-23T15:00:00,1,5,23,15,0,0.19500000,24.40000000,31.22500000,0.18941618
2001-05-23T15:10:00,1,5,23,15,10,0.18783333,24.23333333,30.80750000,0.18281546
2001-05-23T15:20:00,1,5,23,15,20,0.18066667,24.06666667,30.39000000,0.17618722
2001-05-23T15:30:00,1,5,23,15,30,0.17350000,23.90000000,29.97250000,0.16953145
2001-05-23T15:40:00,1,5,23,15,40,0.16633333,23.73333333,29.55500000,0.16284815
2001-05-23T15:50:00,1,5,23,15,50,0.15916667,23.56666667,29.13750000,0.15613733
2001-05-23T16:00:00,1,5,23,16,0,0.15200000,23.40000000,28.72000000,0.14939898
2001-05-23T16:10:00,1,5,23,16,10,0.12800000,23.15000000,27.63000000,0.12645146
2001-05-23T16:20:00,1,5,23,16,20,0.10400000,22.90000000,26.54000000,0.10326326
2001-05-23T16:30:00,1,5,23,16,30,0.08000000,22.65000000,25.45000000,0.07983440
2001-05-23T16:40:00,1,5,23,16,40,0.05600000,22.40000000,24.36000000,0.05616486
2001-05-23T16:50:00,1,5,23,16,50,0.03200000,22.15000000,23.27000000,0.03225466
2001-05-23T17:00:00,1,5,23,17,0,0.00800000,21.90000000,22.18000000,0.00810378
2001-05-23T17:10:00,1,5,23,17,10,0.00666667,21.23333333,21.46666667,0.00677502
2001-05-23T17:20:00,1,5,23,17,20,0.00533333,20.56666667,20.75333333,0.00543752
2001-05-23T17:30:00,1,5,23,17,30,0.00400000,19.90000000,20.04000000,0.00409126
2001-05-23T17:40:00,1,5,23,17,40,0.00266667,19.23333333,19.32666667,0.00273626
2001-05-23T17:50:00,1,5,23,17,50,0.00133333,18.56666667,18.61333333,0.00137250
2001-05-23T18:00:00,1,5,23,18,0,0.00000000,17.90000000,17.90000000,0.00000000
2001-05-23T18:10:00,1,5,23,18,10,0.00000000,17.71666667,17.71666667,0.00000000
2001-05-23T18:20:00,1,5,23,18,20,0.00000000,17.53333333,17.53333333,0.00000000
2001-05-23T18:30:00,1,5,23,18,30,0.00000000,17.35000000,17.35000000,0.00000000
2001-05-23T18:40:00,1,5,23,18,40,0.00000000,17.16666667,17.16666667,0.00000000
2001-05-23T18:50:00,1,5,23,18,50,0.00000000,16.98333333,16.98333333,0.00000000
2001-05-23T19:00:00,1,5,23,19,0,0.00000000,16.80000000,16.80000000,0.00000000
2001-05-23T19:10:00,1,5,23,19,10,0.00000000,16.75000000,16.75000000,0.00000000
2001-05-23T19:20:00,1,5,23,19,20,0.00000000,16.70000000,16.70000000,0.00000000
2001-05-23T19:30:00,1,5,23,19,30,0.00000000,16.65000000,16.65000000,0.00000000
2001-05-23T19:40:00,1,5,23,19,40,0.00000000,16.60000000,16.60000000,0.00000000
2001-05-23T19:50:00,1,5,23,19,50,0.00000000,16.55000000,16.55000000,0.00000000
2001-05-23T20:00:00,1,5,23,20,0,0.00000000,16.50000000,16.50000000,0.00000000
2001-05-23T20:10:00,1,5,23,20,10,0.00000000,16.36666667,16.36666667,0.00000000
2001-05-23T20:20:00,1,5,23,20,20,0.00000000,16.23333333,16.23333333,0.00000000
2001-05-23T20:30:00,1,5,23,20,30,0.00000000,16.10000000,16.10000000,0.00000000
2001-05-23T20:40:00,1,5,23,20,40,0.00000000,15.96666667,15.96666667,0.00000000
2001-05-23T20:50:00,1,5,23,20,50,0.00000000,15.83333333,15.83333333,0.00000000
2001-05-23T21:00:00,1,5,23,21,0,0.00000000,15.70000000,15.70000000,0.00000000
2001-05-23T21:10:00,1,5,23,21,10,0.00000000,15.55000000,15.55000000,0.00000000
2001-05-23T21:20:00,1,5,23,21,20,0.00000000,15.40000000,15.40000000,0.00000000
2001-05-23T21:30:00,1,5,23,21,30,0.00000000,15.25000000,15.25000000,0.00000000
2001-05-23T21:40:00,1,5,23,21,40,0.00000000,15.10000000,15.10000000,0.00000000
2001-05-23T21:50:00,1,5,23,21,50,0.00000000,14.95000000,14.95000000,0.00000000
2001-05-23T22:00:00,1,5,23,22,0,0.00000000,14.80000000,14.80000000,0.00000000
2001-05-23T22:10:00,1,5,23,22,10,0.00000000,14.73333333,14.73333333,0.00000000
2001-05-23T22:20:00,1,5,23,22,20,0.00000000,14.66666667,14.66666667,0.00000000
2001-05-23T22:30:00,1,5,23,22,30,0.00000000,14.60000000,14.60000000,0.00000000
2001-05-23T22:40:00,1,5,23,22,40,0.00000000,14.53333333,14.53333333,0.00000000
2001-05-23T22:50:00,1,5,23,22,50,0.00000000,14.46666667,14.46666667,0.00000000
2001-05-23T23:00:00,1,5,23,23,0,0.00000000,14.40000000,14.40000000,0.00000000
2001-05-23T23:10:00,1,5,23,23,10,0.00000000,14.36666667,14.36666667,0.00000000
2001-05-23T23:20:00,1,5,23,23,20,0.00000000,14.33333333,14.33333333,0.00000000
2001-05-23T23:30:00,1,5,23,23,30,0.00000000,14.30000000,14.30000000,0.00000000
2001-05-23T23:40:00,1,5,23,23,40,0.00000000,14.26666667,14.26666667,0.00000000
2001-05-23T23:50:00,1,5,23,23,50,0.00000000,14.23333333,14.23333333,0.00000000
2001-05-24T00:00:00,1,5,24,0,0,0.00000000,14.20000000,14.20000000,0.00000000
2001-05-24T00:10:00,1,5,24,0,10,0.00000000,14.30000000,14.30000000,0.00000000
2001-05-24T00:20:00,1,5,24,0,20,0.00000000,14.40000000,14.40000000,0.00000000
2001-05-24T00:30:00,1,5,24,0,30,0.00000000,14.50000000,14.50000000,0.00000000
2001-05-24T00:40:00,1,5,24,0,40,0.00000000,14.60000000,14.60000000,0.00000000
2001-05-24T00:50:00,1,5,24,0,50,0.00000000,14.70000000,14.70000000,0.00000000
2001-05-24T01:00:00,1,5,24,1,0,0.00000000,14.80000000,14.80000000,0.00000000
2001-05-24T01:10:00,1,5,24,1,10,0.00000000,14.66666667,14.66666667,0.00000000
2001-05-24T01:20:00,1,5,24,1,20,0.00000000,14.53333333,14.53333333,0.00000000
2001-05-24T01:30:00,1,5,24,1,30,0.00000000,14.40000000,14.40000000,0.00000000
2001-05-24T01:40:00,1,5,24,1,40,0.00000000,14.26666667,14.26666667,0.00000000
2001-05-24T01:50:00,1,5,24,1,50,0.00000000,14.13333333,14.13333333,0.00000000
2001-05-24T02:00:00,1,5,24,2,0,0.00000000,14.00000000,14.00000000,0.00000000
2001-05-24T02:10:00,1,5,24,2,10,0.00000000,14.06666667,14.06666667,0.00000000
2001-05-24T02:20:00,1,5,24,2,20,0.00000000,14.13333333,14.13333333,0.00000000
2001-05-24T02:30:00,1,5,24,2,30,0.00000000,14.20000000,14.20000000,0.00000000
2001-05-24T02:40:00,1,5,24,2,40,0.00000000,14.26666667,14.26666667,0.00000000
2001-05-24T02:50:00,1,5,24,2,50,0.00000000,14.33333333,14.33333333,0.00000000
2001-05-24T03:00:00,1,5,24,3,0,0.00000000,14.40000000,14.40000000,0.00000000
2001-05-24T03:10:00,1,5,24,3,10,0.00000000,14.38333333,14.38333333,0.00000000
2001-05-24T03:20:00,1,5,24,3,20,0.00000000,14.36666667,14.36666667,0.00000000
2001-05-24T03:30:00,1,5,24,3,30,0.00000000,14.35000000,14.35000000,0.00000000
2001-05-24T03:40:00,1,5,24,3,40,0.00000000,14.33333333,14.33333333,0.00000000
2001-05-24T03:50:00,1,5,24,3,50,0.00000000,14.31666667,14.31666667,0.00000000
2001-05-24T04:00:00,1,5,24,4,0,0.00000000,14.30000000,14.30000000,0.00000000
2001-05-24T04:10:00,1,5,24,4,10,0.00000000,14.23333333,14.23333333,0.00000000
2001-05-24T04:20:00,1,5,24,4,20,0.00000000,14.16666667,14.16666667,0.00000000
2001-05-24T04:30:00,1,5,24,4,30,0.00000000,14.10000000,14.10000000,0.00000000
2001-05-24T04:40:00,1,5,24,4,40,0.00000000,14.03333333,14.03333333,0.00000000
2001-05-24T04:50:00,1,5,24,4,50,0.00000000,13.96666667,13.96666667,0.00000000
2001-05-24T05:00:00,1,5,24,5,0,0.00000000,13.90000000,13.90000000,0.00000000
2001-05-24T05:10:00,1,5,24,5,10,0.00100000,13.81666667,13.85166667,0.00105128
2001-05-24T05:20:00,1,5,24,5,20,0.00200000,13.73333333,13.80333333,0.00210301
2001-05-24T05:30:00,1,5,24,5,30,0.00300000,13.65000000,13.75500000,0.00315518
2001-05-24T05:40:00,1,5,24,5,40,0.00400000,13.56666667,13.70666667,0.00420780
2001-05-24T05:50:00,1,5,24,5,50,0.00500000,13.48333333,13.65833333,0.00526086
2001-05-24T06:00:00,1,5,24,6,0,0.00600000,13.40000000,13.61000000,0.00631436
2001-05-24T06:10:00,1,5,24,6,10,0.02316667,13.56666667,14.37750000,0.02429867
2001-05-24T06:20:00,1,5,24,6,20,0.04033333,13.73333333,15.14500000,0.04216176
2001-05-24T06:30:00,1,5,24,6,30,0.05750000,13.90000000,15.91250000,0.05990364
2001-05-24T06:40:00,1,5,24,6,40,0.07466667,14.06666667,16.68000000,0.07752431
2001-05-24T06:50:00,1,5,24,6,50,0.09183333,14.23333333,17.44750000,0.09502376
2001-05-24T07:00:00,1,5,24,7,0,0.10900000,14.40000000,18.21500000,0.11240200
2001-05-24T07:10:00,1,5,24,7,10,0.12616667,14.70000000,19.11583333,0.12958164
2001-05-24T07:20:00,1,5,24,7,20,0.14333333,15.00000000,20.01666667,0.14661901
2001-05-24T07:30:00,1,5,24,7,30,0.16050000,15.30000000,20.91750000,0.16351411
2001-05-24T07:40:00,1,5,24,7,40,0.17766667,15.60000000,21.81833333,0.18026694
2001-05-24T07:50:00,1,5,24,7,50,0.19483333,15.90000000,22.71916667,0.19687749
2001-05-24T08:00:00,1,5,24,8,0,0.21200000,16.20000000,23.62000000,0.21334578
2001-05-24T08:10:00,1,5,24,8,10,0.23850000,16.53333333,24.88083333,0.23863074
2001-05-24T08:20:00,1,5,24,8,20,0.26500000,16.86666667,26.14166667,0.26360831
2001-05-24T08:30:00,1,5,24,8,30,0.29150000,17.20000000,27.40250000,0.28827849
2001-05-24T08:40:00,1,5,24,8,40,0.31800000,17.53333333,28.66333333,0.31264128
2001-05-24T08:50:00,1,5,24,8,50,0.34450000,17.86666667,29.92416667,0.33669667
2001-05-24T09:00:00,1,5,24,9,0,0.37100000,18.20000000,31.18500000,0.36044468
2001-05-24T09:10:00,1,5,24,9,10,0.41150000,18.58333333,32.98583333,0.39638362
2001-05-24T09:20:00,1,5,24,9,20,0.45200000,18.96666667,34.78666667,0.43165156
2001-05-24T09:30:00,1,5,24,9,30,0.49250000,19.35000000,36.58750000,0.46624852
2001-05-24T09:40:00,1,5,24,9,40,0.53300000,19.73333333,38.38833333,0.50017448
2001-05-24T09:50:00,1,5,24,9,50,0.57350000,20.11666667,40.18916667,0.53342946
2001-05-24T10:00:00,1,5,24,10,0,0.61400000,20.50000000,41.99000000,0.56601344
2001-05-24T10:10:00,1,5,24,10,10,0.60150000,21.03333333,42.08583333,0.55422521
2001-05-24T10:20:00,1,5,24,10,20,0.58900000,21.56666667,42.18166667,0.54244799
2001-05-24T10:30:00,1,5,24,10,30,0.57650000,22.10000000,42.27750000,0.53068180
2001-05-24T10:40:00,1,5,24,10,40,0.56400000,22.63333333,42.37333333,0.51892662
2001-05-24T10:50:00,1,5,24,10,50,0.55150000,23.16666667,42.46916667,0.50718247
2001-05-24T11:00:00,1,5,24,11,0,0.53900000,23.70000000,42.56500000,0.49544934
2001-05-24T11:10:00,1,5,24,11,10,0.55166667,23.53333333,42.84166667,0.50639046
2001-05-24T11:20:00,1,5,24,11,20,0.56433333,23.36666667,43.11833333,0.51729935
2001-05-24T11:30:00,1,5,24,11,30,0.57700000,23.20000000,43.39500000,0.52817599
2001-05-24T11:40:00,1,5,24,11,40,0.58966667,23.03333333,43.67166667,0.53902039
2001-05-24T11:50:00,1,5,24,11,50,0.60233333,22.86666667,43.94833333,0.54983255
2001-05-24T12:00:00,1,5,24,12,0,0.61500000,22.70000000,44.22500000,0.56061247
2001-05-24T12:10:00,1,5,24,12,10,0.61983333,22.86666667,44.56083333,0.56406083
2001-05-24T12:20:00,1,5,24,12,20,0.62466667,23.03333333,44.89666667,0.56749426
2001-05-24T12:30:00,1,5,24,12,30,0.62950000,23.20000000,45.23250000,0.57091275
2001-05-24T12:40:00,1,5,24,12,40,0.63433333,23.36666667,45.56833333,0.57431631
2001-05-24T12:50:00,1,5,24,12,50,0.63916667,23.53333333,45.90416667,0.57770493
2001-05-24T13:00:00,1,5,24,13,0,0.64400000,23.70000000,46.24000000,0.58107862
2001-05-24T13:10:00,1,5,24,13,10,0.62200000,23.73333333,45.50333333,0.56333586
2001-05-24T13:20:00,1,5,24,13,20,0.60000000,23.76666667,44.76666667,0.54544400
2001-05-24T13:30:00,1,5,24,13,30,0.57800000,23.80000000,44.03000000,0.52740304
2001-05-24T13:40:00,1,5,24,13,40,0.55600000,23.83333333,43.29333333,0.50921297
2001-05-24T13:50:00,1,5,24,13,50,0.53400000,23.86666667,42.55666667,0.49087380
2001-05-24T14:00:00,1,5,24,14,0,0.51200000,23.90000000,41.82000000,0.47238554
2001-05-24T14:10:00,1,5,24,14,10,0.45816667,23.75000000,39.78583333,0.42700454
2001-05-24T14:20:00,1,5,24,14,20,0.40433333,23.60000000,37.75166667,0.38061608
2001-05-24T14:30:00,1,5,24,14,30,0.35050000,23.45000000,35.71750000,0.33322017
2001-05-24T14:40:00,1,5,24,14,40,0.29666667,23.30000000,33.68333333,0.28481681
2001-05-24T14:50:00,1,5,24,14,50,0.24283333,23.15000000,31.64916667,0.23540599
2001-05-24T15:00:00,1,5,24,15,0,0.18900000,23.00000000,29.61500000,0.18498772
2001-05-24T15:10:00,1,5,24,15,10,0.16966667,22.36666667,28.30500000,0.16708722
2001-05-24T15:20:00,1,5,24,15,20,0.15033333,21.73333333,26.99500000,0.14895372
2001-05-24T15:30:00,1,5,24,15,30,0.13100000,21.10000000,25.68500000,0.13058722
2001-05-24T15:40:00,1,5,24,15,40,0.11166667,20.46666667,24.37500000,0.11198771
2001-05-24T15:50:00,1,5,24,15,50,0.09233333,19.83333333,23.06500000,0.09315519
2001-05-24T16:00:00,1,5,24,16,0,0.07300000,19.20000000,21.75500000,0.07408967
2001-05-24T16:10:00,1,5,24,16,10,0.06233333,19.01666667,21.19833333,0.06342340
2001-05-24T16:20:00,1,5,24,16,20,0.05166667,18.83333333,20.64166667,0.05270250
2001-05-24T16:30:00,1,5,24,16,30,0.04100000,18.65000000,20.08500000,0.04192697
2001-05-24T16:40:00,1,5,24,16,40,0.03033333,18.46666667,19.52833333,0.03109681
2001-05-24T16:50:00,1,5,24,16,50,0.01966667,18.28333333,18.97166667,0.02021203
2001-05-24T17:00:00,1,5,24,17,0,0.00900000,18.10000000,18.41500000,0.00927262
2001-05-24T17:10:00,1,5,24,17,10,0.00750000,17.98333333,18.24583333,0.00773302
2001-05-24T17:20:00,1,5,24,17,20,0.00600000,17.86666667,18.07666667,0.00619108
2001-05-24T17:30:00,1,5,24,17,30,0.00450000,17.75000000,17.90750000,0.00464681
2001-05-24T17:40:00,1,5,24,17,40,0.00300000,17.63333333,17.73833333,0.00310021
2001-05-24T17:50:00,1,5,24,17,50,0.00150000,17.51666667,17.56916667,0.00155127
2001-05-24T18:00:00,1,5,24,18,0,0.00000000,17.40000000,17.40000000,0.00000000
2001-05-24T18:10:00,1,5,24,18,10,0.00000000,17.20000000,17.20000000,0.00000000
2001-05-24T18:20:00,1,5,24,18,20,0.00000000,17.00000000,17.00000000,0.00000000
2001-05-24T18:30:00,1,5,24,18,30,0.00000000,16.80000000,16.80000000,0.00000000
2001-05-24T18:40:00,1,5,24,18,40,0.00000000,16.60000000,16.60000000,0.00000000
2001-05-24T18:50:00,1,5,24,18,50,0.00000000,16.40000000,16.40000000,0.00000000
2001-05-24T19:00:00,1,5,24,19,0,0.00000000,16.20000000,16.20000000,0.00000000
2001-05-24T19:10:00,1,5,24,19,10,0.00000000,16.20000000,16.20000000,0.00000000
2001-05-24T19:20:00,1,5,24,19,20,0.00000000,16.20000000,16.20000000,0.00000000
2001-05-24T19:30:00,1,5,24,19,30,0.00000000,16.20000000,16.20000000,0.00000000
2001-05-24T19:40:00,1,5,24,19,40,0.00000000,16.20000000,16.20000000,0.00000000
2001-05-24T19:50:00,1,5,24,19,50,0.00000000,16.20000000,16.20000000,0.00000000
2001-05-24T20:00:00,1,5,24,20,0,0.00000000,16.20000000,16.20000000,0.00000000
2001-05-24T20:10:00,1,5,24,20,10,0.00000000,16.10000000,16.10000000,0.00000000
2001-05-24T20:20:00,1,5,24,20,20,0.00000000,16.00000000,16.00000000,0.00000000
2001-05-24T20:30:00,1,5,24,20,30,0.00000000,15.90000000,15.90000000,0.00000000
2001-05-24T20:40:00,1,5,24,20,40,0.00000000,15.80000000,15.80000000,0.00000000
2001-05-24T20:50:00,1,5,24,20,50,0.00000000,15.70000000,15.70000000,0.00000000
2001-05-24T21:00:00,1,5,24,21,0,0.00000000,15.60000000,15.60000000,0.00000000
2001-05-24T21:10:00,1,5,24,21,10,0.00000000,15.51666667,15.51666667,0.00000000
2001-05-24T21:20:00,1,5,24,21,20,0.00000000,15.43333333,15.43333333,0.00000000
2001-05-24T21:30:00,1,5,24,21,30,0.00000000,15.35000000,15.35000000,0.00000000
2001-05-24T21:40:00,1,5,24,21,40,0.00000000,15.26666667,15.26666667,0.00000000
2001-05-24T21:50:00,1,5,24,21,50,0.00000000,15.18333333,15.18333333,0.00000000
2001-05-24T22:00:00,1,5,24,22,0,0.00000000,15.10000000,15.10000000,0.00000000
2001-05-24T22:10:00,1,5,24,22,10,0.00000000,14.98333333,14.98333333,0.00000000
2001-05-24T22:20:00,1,5,24,22,20,0.00000000,14.86666667,14.86666667,0.00000000
2001-05-24T22:30:00,1,5,24,22,30,0.00000000,14.75000000,14.75000000,0.00000000
2001-05-24T22:40:00,1,5,24,22,40,0.00000000,14.63333333,14.63333333,0.00000000
2001-05-24T22:50:00,1,5,24,22,50,0.00000000,14.51666667,14.51666667,0.00000000
2001-05-24T23:00:00,1,5,24,23,0,0.00000000,14.40000000,14.40000000,0.00000000
2001-05-24T23:10:00,1,5,24,23,10,0.00000000,14.28333333,14.28333333,0.00000000
2001-05-24T23:20:00,1,5,24,23,20,0.00000000,14.16666667,14.16666667,0.00000000
2001-05-24T23:30:00,1,5,24,23,30,0.00000000,14.05000000,14.05000000,0.00000000
2001-05-24T23:40:00,1,5,24,23,40,0.00000000,13.93333333,13.93333333,0.00000000
2001-05-24T23:50:00,1,5,24,23,50,0.00000000,13.81666667,13.81666667,0.00000000
2001-05-25T00:00:00,1,5,25,0,0,0.00000000,13.70000000,13.70000000,0.00000000
2001-05-25T00:10:00,1,5,25,0,10,0.00000000,13.65000000,13.65000000,0.00000000
2001-05-25T00:20:00,1,5,25,0,20,0.00000000,13.60000000,13.60000000,0.00000000
2001-05-25T00:30:00,1,5,25,0,30,0.00000000,13.55000000,13.55000000,0.00000000
2001-05-25T00:40:00,1,5,25,0,40,0.00000000,13.50000000,13.50000000,0.00000000
2001-05-25T00:50:00,1,5,25,0,50,0.00000000,13.45000000,13.45000000,0.00000000
2001-05-25T01:00:00,1,5,25,1,0,0.00000000,13.40000000,13.40000000,0.00000000
2001-05-25T01:10:00,1,5,25,1,10,0.00000000,13.36666667,13.36666667,0.00000000
2001-05-25T01:20:00,1,5,25,1,20,0.00000000,13.33333333,13.33333333,0.00000000
2001-05-25T01:30:00,1,5,25,1,30,0.00000000,13.30000000,13.30000000,0.00000000
2001-05-25T01:40:00,1,5,25,1,40,0.00000000,13.26666667,13.26666667,0.00000000
2001-05-25T01:50:00,1,5,25,1,50,0.00000000,13.23333333,13.23333333,0.00000000
2001-05-25T02:00:00,1,5,25,2,0,0.00000000,13.20000000,13.20000000,0.00000000
2001-05-25T02:10:00,1,5,25,2,10,0.00000000,13.28333333,13.28333333,0.00000000
2001-05-25T02:20:00,1,5,25,2,20,0.00000000,13.36666667,13.36666667,0.00000000
2001-05-25T02:30:00,1,5,25,2,30,0.00000000,13.45000000,13.45000000,0.00000000
2001-05-25T02:40:00,1,5,25,2,40,0.00000000,13.53333333,13.53333333,0.00000000
2001-05-25T02:50:00,1,5,25,2,50,0.00000000,13.61666667,13.61666667,0.00000000
2001-05-25T03:00:00,1,5,25,3,0,0.00000000,13.70000000,13.70000000,0.00000000
2001-05-25T03:10:00,1,5,25,3,10,0.00000000,13.60000000,13.60000000,0.00000000
2001-05-25T03:20:00,1,5,25,3,20,0.00000000,13.50000000,13.50000000,0.00000000
2001-05-25T03:30:00,1,5,25,3,30,0.00000000,13.40000000,13.40000000,0.00000000
2001-05-25T03:40:00,1,5,25,3,40,0.00000000,13.30000000,13.30000000,0.00000000
2001-05-25T03:50:00,1,5,25,3,50,0.00000000,13.20000000,13.20000000,0.00000000
2001-05-25T04:00:00,1,5,25,4,0,0.00000000,13.10000000,13.10000000,0.00000000
2001-05-25T04:10:00,1,5,25,4,10,0.00000000,13.25000000,13.25000000,0.00000000
2001-05-25T04:20:00,1,5,25,4,20,0.00000000,13.40000000,13.40000000,0.00000000
2001-05-25T04:30:00,1,5,25,4,30,0.00000000,13.55000000,13.55000000,0.00000000
2001-05-25T04:40:00,1,5,25,4,40,0.00000000,13.70000000,13.70000000,0.00000000
2001-05-25T04:50:00,1,5,25,4,50,0.00000000,13.85000000,13.85000000,0.00000000
2001-05-25T05:00:00,1,5,25,5,0,0.00000000,14.00000000,14.00000000,0.00000000
2001-05-25T05:10:00,1,5,25,5,10,0.00100000,14.01666667,14.05166667,0.00105036
2001-05-25T05:20:00,1,5,25,5,20,0.00200000,14.03333333,14.10333333,0.00210025
2001-05-25T05:30:00,1,5,25,5,30,0.00300000,14.05000000,14.15500000,0.00314966
2001-05-25T05:40:00,1,5,25,5,40,0.00400000,14.06666667,14.20666667,0.00419860
2001-05-25T05:50:00,1,5,25,5,50,0.00500000,14.08333333,14.25833333,0.00524706
2001-05-25T06:00:00,1,5,25,6,0,0.00600000,14.10000000,14.31000000,0.00629504
2001-05-25T06:10:00,1,5,25,6,10,0.02183333,14.06666667,14.83083333,0.02285466
2001-05-25T06:20:00,1,5,25,6,20,0.03766667,14.03333333,15.35166667,0.03933840
2001-05-25T06:30:00,1,5,25,6,30,0.05350000,14.00000000,15.87250000,0.05574628
2001-05-25T06:40:00,1,5,25,6,40,0.06933333,13.96666667,16.39333333,0.07207829
2001-05-25T06:50:00,1,5,25,6,50,0.08516667,13.93333333,16.91416667,0.08833443
2001-05-25T07:00:00,1,5,25,7,0,0.10100000,13.90000000,17.43500000,0.10451470
2001-05-25T07:10:00,1,5,25,7,10,0.14316667,14.35000000,19.36083333,0.14688043
2001-05-25T07:20:00,1,5,25,7,20,0.18533333,14.80000000,21.28666667,0.18849907
2001-05-25T07:30:00,1,5,25,7,30,0.22750000,15.25000000,23.21250000,0.22937062
2001-05-25T07:40:00,1,5,25,7,40,0.26966667,15.70000000,25.13833333,0.26949507
2001-05-25T07:50:00,1,5,25,7,50,0.31183333,16.15000000,27.06416667,0.30887242
2001-05-25T08:00:00,1,5,25,8,0,0.35400000,16.60000000,28.99000000,0.34750268
2001-05-25T08:10:00,1,5,25,8,10,0.36300000,17.01666667,29.72166667,0.35511576
2001-05-25T08:20:00,1,5,25,8,20,0.37200000,17.43333333,30.45333333,0.36266826
2001-05-25T08:30:00,1,5,25,8,30,0.38100000,17.85000000,31.18500000,0.37016017
2001-05-25T08:40:00,1,5,25,8,40,0.39000000,18.26666667,31.91666667,0.37759150
2001-05-25T08:50:00,1,5,25,8,50,0.39900000,18.68333333,32.64833333,0.38496225
2001-05-25T09:00:00,1,5,25,9,0,0.40800000,19.10000000,33.38000000,0.39227242
2001-05-25T09:10:00,1,5,25,9,10,0.42883333,19.36666667,34.37583333,0.41033825
2001-05-25T09:20:00,1,5,25,9,20,0.44966667,19.63333333,35.37166667,0.42821322
2001-05-25T09:30:00,1,5,25,9,30,0.47050000,19.90000000,36.36750000,0.44589732
2001-05-25T09:40:00,1,5,25,9,40,0.49133333,20.16666667,37.36333333,0.46339055
2001-05-25T09:50:00,1,5,25,9,50,0.51216667,20.43333333,38.35916667,0.48069292
2001-05-25T10:00:00,1,5,25,10,0,0.53300000,20.70000000,39.35500000,0.49780441
2001-05-25T10:10:00,1,5,25,10,10,0.54366667,20.96666667,39.99500000,0.50616617
2001-05-25T10:20:00,1,5,25,10,20,0.55433333,21.23333333,40.63500000,0.51446513
2001-05-25T10:30:00,1,5,25,10,30,0.56500000,21.50000000,41.27500000,0.52270127
2001-05-25T10:40:00,1,5,25,10,40,0.57566667,21.76666667,41.91500000,0.53087462
2001-05-25T10:50:00,1,5,25,10,50,0.58633333,22.03333333,42.55500000,0.53898516
2001-05-25T11:00:00,1,5,25,11,0,0.59700000,22.30000000,43.19500000,0.54703289
2001-05-25T11:10:00,1,5,25,11,10,0.59400000,22.43333333,43.22333333,0.54420656
2001-05-25T11:20:00,1,5,25,11,20,0.59100000,22.56666667,43.25166667,0.54138102
2001-05-25T11:30:00,1,5,25,11,30,0.58800000,22.70000000,43.28000000,0.53855626
2001-05-25T11:40:00,1,5,25,11,40,0.58500000,22.83333333,43.30833333,0.53573227
2001-05-25T11:50:00,1,5,25,11,50,0.58200000,22.96666667,43.33666667,0.53290908
2001-05-25T12:00:00,1,5,25,12,0,0.57900000,23.10000000,43.36500000,0.53008666
2001-05-25T12:10:00,1,5,25,12,10,0.59716667,23.16666667,44.06750000,0.54478888
2001-05-25T12:20:00,1,5,25,12,20,0.61533333,23.23333333,44.77000000,0.55937369
2001-05-25T12:30:00,1,5,25,12,30,0.63350000,23.30000000,45.47250000,0.57384109
2001-05-25T12:40:00,1,5,25,12,40,0.65166667,23.36666667,46.17500000,0.58819108
2001-05-25T12:50:00,1,5,25,12,50,0.66983333,23.43333333,46.87750000,0.60242365
2001-05-25T13:00:00,1,5,25,13,0,0.68800000,23.50000000,47.58000000,0.61653882
2001-05-25T13:10:00,1,5,25,13,10,0.66200000,23.66666667,46.83666667,0.59550298
2001-05-25T13:20:00,1,5,25,13,20,0.63600000,23.83333333,46.09333333,0.57428934
2001-05-25T13:30:00,1,5,25,13,30,0.61000000,24.00000000,45.35000000,0.55289790
2001-05-25T13:40:00,1,5,25,13,40,0.58400000,24.16666667,44.60666667,0.53132865
2001-05-25T13:50:00,1,5,25,13,50,0.55800000,24.33333333,43.86333333,0.50958160
2001-05-25T14:00:00,1,5,25,14,0,0.53200000,24.50000000,43.12000000,0.48765674
2001-05-25T14:10:00,1,5,25,14,10,0.50233333,24.36666667,41.94833333,0.46317025
2001-05-25T14:20:00,1,5,25,14,20,0.47266667,24.23333333,40.77666667,0.43836399
2001-05-25T14:30:00,1,5,25,14,30,0.44300000,24.10000000,39.60500000,0.41323793
2001-05-25T14:40:00,1,5,25,14,40,0.41333333,23.96666667,38.43333333,0.38779209
2001-05-25T14:50:00,1,5,25,14,50,0.38366667,23.83333333,37.26166667,0.36202646
2001-05-25T15:00:00,1,5,25,15,0,0.35400000,23.70000000,36.09000000,0.33594104
2001-05-25T15:10:00,1,5,25,15,10,0.31883333,23.46666667,34.62583333,0.30471577
2001-05-25T15:20:00,1,5,25,15,20,0.28366667,23.23333333,33.16166667,0.27301678
2001-05-25T15:30:00,1,5,25,15,30,0.24850000,23.00000000,31.69750000,0.24084409
2001-05-25T15:40:00,1,5,25,15,40,0.21333333,22.76666667,30.23333333,0.20819769
2001-05-25T15:50:00,1,5,25,15,50,0.17816667,22.53333333,28.76916667,0.17507758
2001-05-25T16:00:00,1,5,25,16,0,0.14300000,22.30000000,27.30500000,0.14148377
2001-05-25T16:10:00,1,5,25,16,10,0.12050000,22.00000000,26.21750000,0.11982514
2001-05-25T16:20:00,1,5,25,16,20,0.09800000,21.70000000,25.13000000,0.09794140
2001-05-25T16:30:00,1,5,25,16,30,0.07550000,21.40000000,24.04250000,0.07583254
2001-05-25T16:40:00,1,5,25,16,40,0.05300000,21.10000000,22.95500000,0.05349857
2001-05-25T16:50:00,1,5,25,16,50,0.03050000,20.80000000,21.86750000,0.03093949
2001-05-25T17:00:00,1,5,25,17,0,0.00800000,20.50000000,20.78000000,0.00815530
2001-05-25T17:10:00,1,5,25,17,10,0.00666667,20.16666667,20.40000000,0.00680773
2001-05-25T17:20:00,1,5,25,17,20,0.00533333,19.83333333,20.02000000,0.00545551
2001-05-25T17:30:00,1,5,25,17,30,0.00400000,19.50000000,19.64000000,0.00409862
2001-05-25T17:40:00,1,5,25,17,40,0.00266667,19.16666667,19.26000000,0.00273708
2001-05-25T17:50:00,1,5,25,17,50,0.00133333,18.83333333,18.88000000,0.00137087
2001-05-25T18:00:00,1,5,25,18,0,0.00000000,18.50000000,18.50000000,0.00000000
2001-05-25T18:10:00,1,5,25,18,10,0.00000000,18.41666667,18.41666667,0.00000000
2001-05-25T18:20:00,1,5,25,18,20,0.00000000,18.33333333,18.33333333,0.00000000
2001-05-25T18:30:00,1,5,25,18,30,0.00000000,18.25000000,18.25000000,0.00000000
2001-05-25T18:40:00,1,5,25,18,40,0.00000000,18.16666667,18.16666667,0.00000000
2001-05-25T18:50:00,1,5,25,18,50,0.00000000,18.08333333,18.08333333,0.00000000
2001-05-25T19:00:00,1,5,25,19,0,0.00000000,18.00000000,18.00000000,0.00000000
2001-05-25T19:10:00,1,5,25,19,10,0.00000000,18.00000000,18.00000000,0.00000000
2001-05-25T19:20:00,1,5,25,19,20,0.00000000,18.00000000,18.00000000,0.00000000
2001-05-25T19:30:00,1,5,25,19,30,0.00000000,18.00000000,18.00000000,0.00000000
2001-05-25T19:40:00,1,5,25,19,40,0.00000000,18.00000000,18.00000000,0.00000000
2001-05-25T19:50:00,1,5,25,19,50,0.00000000,18.00000000,18.00000000,0.00000000
2001-05-25T20:00:00,1,5,25,20,0,0.00000000,18.00000000,18.00000000,0.00000000
2001-05-25T20:10:00,1,5,25,20,10,0.00000000,17.80000000,17.80000000,0.00000000
2001-05-25T20:20:00,1,5,25,20,20,0.00000000,17.60000000,17.60000000,0.00000000
2001-05-25T20:30:00,1,5,25,20,30,0.00000000,17.40000000,17.40000000,0.00000000
2001-05-25T20:40:00,1,5,25,20,40,0.00000000,17.20000000,17.20000000,0.00000000
2001-05-25T20:50:00,1,5,25,20,50,0.00000000,17.00000000,17.00000000,0.00000000
2001-05-25T21:00:00,1,5,25,21,0,0.00000000,16.80000000,16.80000000,0.00000000
2001-05-25T21:10:00,1,5,25,21,10,0.00000000,16.76666667,16.76666667,0.00000000
2001-05-25T21:20:00,1,5,25,21,20,0.00000000,16.73333333,16.73333333,0.00000000
2001-05-25T21:30:00,1,5,25,21,30,0.00000000,16.70000000,16.70000000,0.00000000
2001-05-25T21:40:00,1,5,25,21,40,0.00000000,16.66666667,16.66666667,0.00000000
2001-05-25T21:50:00,1,5,25,21,50,0.00000000,16.63333333,16.63333333,0.00000000
2001-05-25T22:00:00,1,5,25,22,0,0.00000000,16.60000000,16.60000000,0.00000000
2001-05-25T22:10:00,1,5,25,22,10,0.00000000,16.43333333,16.43333333,0.00000000
2001-05-25T22:20:00,1,5,25,22,20,0.00000000,16.26666667,16.26666667,0.00000000
2001-05-25T22:30:00,1,5,25,22,30,0.00000000,16.10000000,16.10000000,0.00000000
2001-05-25T22:40:00,1,5,25,22,40,0.00000000,15.93333333,15.93333333,0.00000000
2001-05-25T22:50:00,1,5,25,22,50,0.00000000,15.76666667,15.76666667,0.00000000
2001-05-25T23:00:00,1,5,25,23,0,0.00000000,15.60000000,15.60000000,0.00000000
2001-05-25T23:10:00,1,5,25,23,10,0.00000000,15.65000000,15.65000000,0.00000000
2001-05-25T23:20:00,1,5,25,23,20,0.00000000,15.70000000,15.70000000,0.00000000
2001-05-25T23:30:00,1,5,25,23,30,0.00000000,15.75000000,15.75000000,0.00000000
2001-05-25T23:40:00,1,5,25,23,40,0.00000000,15.80000000,15.80000000,0.00000000
2001-05-25T23:50:00,1,5,25,23,50,0.00000000,15.85000000,15.85000000,0.00000000
2001-05-26T00:00:00,1,5,26,0,0,0.00000000,15.90000000,15.90000000,0.00000000
2001-05-26T00:10:00,1,5,26,0,10,0.00000000,15.78333333,15.78333333,0.00000000
2001-05-26T00:20:00,1,5,26,0,20,0.00000000,15.66666667,15.66666667,0.00000000
2001-05-26T00:30:00,1,5,26,0,30,0.00000000,15.55000000,15.55000000,0.00000000
2001-05-26T00:40:00,1,5,26,0,40,0.00000000,15.43333333,15.43333333,0.00000000
2001-05-26T00:50:00,1,5,26,0,50,0.00000000,15.31666667,15.31666667,0.00000000
2001-05-26T01:00:00,1,5,26,1,0,0.00000000,15.20000000,15.20000000,0.00000000
2001-05-26T01:10:00,1,5,26,1,10,0.00000000,15.20000000,15.20000000,0.00000000
2001-05-26T01:20:00,1,5,26,1,20,0.00000000,15.20000000,15.20000000,0.00000000
2001-05-26T01:30:00,1,5,26,1,30,0.00000000,15.20000000,15.20000000,0.00000000
2001-05-26T01:40:00,1,5,26,1,40,0.00000000,15.20000000,15.20000000,0.00000000
2001-05-26T01:50:00,1,5,26,1,50,0.00000000,15.20000000,15.20000000,0.00000000
2001-05-26T02:00:00,1,5,26,2,0,0.00000000,15.20000000,15.20000000,0.00000000
2001-05-26T02:10:00,1,5,26,2,10,0.00000000,15.23333333,15.23333333,0.00000000
2001-05-26T02:20:00,1,5,26,2,20,0.00000000,15.26666667,15.26666667,0.00000000
2001-05-26T02:30:00,1,5,26,2,30,0.00000000,15.30000000,15.30000000,0.00000000
2001-05-26T02:40:00,1,5,26,2,40,0.00000000,15.33333333,15.33333333,0.00000000
2001-05-26T02:50:00,1,5,26,2,50,0.00000000,15.36666667,15.36666667,0.00000000
2001-05-26T03:00:00,1,5,26,3,0,0.00000000,15.40000000,15.40000000,0.00000000
2001-05-26T03:10:00,1,5,26,3,10,0.00000000,15.38333333,15.38333333,0.00000000
2001-05-26T03:20:00,1,5,26,3,20,0.00000000,15.36666667,15.36666667,0.00000000
2001-05-26T03:30:00,1,5,26,3,30,0.00000000,15.35000000,15.35000000,0.00000000
2001-05-26T03:40:00,1,5,26,3,40,0.00000000,15.33333333,15.33333333,0.00000000
2001-05-26T03:50:00,1,5,26,3,50,0.00000000,15.31666667,15.31666667,0.00000000
2001-05-26T04:00:00,1,5,26,4,0,0.00000000,15.30000000,15.30000000,0.00000000
2001-05-26T04:10:00,1,5,26,4,10,0.00000000,15.16666667,15.16666667,0.00000000
2001-05-26T04:20:00,1,5,26,4,20,0.00000000,15.03333333,15.03333333,0.00000000
2001-05-26T04:30:00,1,5,26,4,30,0.00000000,14.90000000,14.90000000,0.00000000
2001-05-26T04:40:00,1,5,26,4,40,0.00000000,14.76666667,14.76666667,0.00000000
2001-05-26T04:50:00,1,5,26,4,50,0.00000000,14.63333333,14.63333333,0.00000000
2001-05-26T05:00:00,1,5,26,5,0,0.00000000,14.50000000,14.50000000,0.00000000
2001-05-26T05:10:00,1,5,26,5,10,0.00100000,14.48333333,14.51833333,0.00104822
2001-05-26T05:20:00,1,5,26,5,20,0.00200000,14.46666667,14.53666667,0.00209626
2001-05-26T05:30:00,1,5,26,5,30,0.00300000,14.45000000,14.55500000,0.00314414
2001-05-26T05:40:00,1,5,26,5,40,0.00400000,14.43333333,14.57333333,0.00419185
2001-05-26T05:50:00,1,5,26,5,50,0.00500000,14.41666667,14.59166667,0.00523939
2001-05-26T06:00:00,1,5,26,6,0,0.00600000,14.40000000,14.61000000,0.00628676
2001-05-26T06:10:00,1,5,26,6,10,0.02033333,14.51666667,15.22833333,0.02124731
2001-05-26T06:20:00,1,5,26,6,20,0.03466667,14.63333333,15.84666667,0.03612632
2001-05-26T06:30:00,1,5,26,6,30,0.04900000,14.75000000,16.46500000,0.05092379
2001-05-26T06:40:00,1,5,26,6,40,0.06333333,14.86666667,17.08333333,0.06563972
2001-05-26T06:50:00,1,5,26,6,50,0.07766667,14.98333333,17.70166667,0.08027412
2001-05-26T07:00:00,1,5,26,7,0,0.09200000,15.10000000,18.32000000,0.09482698
2001-05-26T07:10:00,1,5,26,7,10,0.12316667,15.46666667,19.77750000,0.12612556
2001-05-26T07:20:00,1,5,26,7,20,0.15433333,15.83333333,21.23500000,0.15700623
2001-05-26T07:30:00,1,5,26,7,30,0.18550000,16.20000000,22.69250000,0.18746899
2001-05-26T07:40:00,1,5,26,7,40,0.21666667,16.56666667,24.15000000,0.21751383
2001-05-26T07:50:00,1,5,26,7,50,0.24783333,16.93333333,25.60750000,0.24714076
2001-05-26T08:00:00,1,5,26,8,0,0.27900000,17.30000000,27.06500000,0.27634978
2001-05-26T08:10:00,1,5,26,8,10,0.30133333,17.88333333,28.43000000,0.29657890
2001-05-26T08:20:00,1,5,26,8,20,0.32366667,18.46666667,29.79500000,0.31652755
2001-05-26T08:30:00,1,5,26,8,30,0.34600000,19.05000000,31.16000000,0.33619574
2001-05-26T08:40:00,1,5,26,8,40,0.36833333,19.63333333,32.52500000,0.35558348
2001-05-26T08:50:00,1,5,26,8,50,0.39066667,20.21666667,33.89000000,0.37469074
2001-05-26T09:00:00,1,5,26,9,0,0.41300000,20.80000000,35.25500000,0.39351755
2001-05-26T09:10:00,1,5,26,9,10,0.45400000,21.35000000,37.24000000,0.42843798
2001-05-26T09:20:00,1,5,26,9,20,0.49500000,21.90000000,39.22500000,0.46260967
2001-05-26T09:30:00,1,5,26,9,30,0.53600000,22.45000000,41.21000000,0.49603262
2001-05-26T09:40:00,1,5,26,9,40,0.57700000,23.00000000,43.19500000,0.52870683
2001-05-26T09:50:00,1,5,26,9,50,0.61800000,23.55000000,45.18000000,0.56063230
2001-05-26T10:00:00,1,5,26,10,0,0.65900000,24.10000000,47.16500000,0.59180902
2001-05-26T10:10:00,1,5,26,10,10,0.65733333,24.76666667,47.77333333,0.58847285
2001-05-26T10:20:00,1,5,26,10,20,0.65566667,25.43333333,48.38166667,0.58514600
2001-05-26T10:30:00,1,5,26,10,30,0.65400000,26.10000000,48.99000000,0.58182848
2001-05-26T10:40:00,1,5,26,10,40,0.65233333,26.76666667,49.59833333,0.57852029
2001-05-26T10:50:00,1,5,26,10,50,0.65066667,27.43333333,50.20666667,0.57522143
2001-05-26T11:00:00,1,5,26,11,0,0.64900000,28.10000000,50.81500000,0.57193190
2001-05-26T11:10:00,1,5,26,11,10,0.65633333,28.16666667,51.13833333,0.57741822
2001-05-26T11:20:00,1,5,26,11,20,0.66366667,28.23333333,51.46166667,0.58288273
2001-05-26T11:30:00,1,5,26,11,30,0.67100000,28.30000000,51.78500000,0.58832542
2001-05-26T11:40:00,1,5,26,11,40,0.67833333,28.36666667,52.10833333,0.59374630
2001-05-26T11:50:00,1,5,26,11,50,0.68566667,28.43333333,52.43166667,0.59914536
2001-05-26T12:00:00,1,5,26,12,0,0.69300000,28.50000000,52.75500000,0.60452261
2001-05-26T12:10:00,1,5,26,12,10,0.65733333,28.75000000,51.75666667,0.57642831
2001-05-26T12:20:00,1,5,26,12,20,0.62166667,29.00000000,50.75833333,0.54800642
2001-05-26T12:30:00,1,5,26,12,30,0.58600000,29.25000000,49.76000000,0.51925694
2001-05-26T12:40:00,1,5,26,12,40,0.55033333,29.50000000,48.76166667,0.49017988
2001-05-26T12:50:00,1,5,26,12,50,0.51466667,29.75000000,47.76333333,0.46077523
2001-05-26T13:00:00,1,5,26,13,0,0.47900000,30.00000000,46.76500000,0.43104300
2001-05-26T13:10:00,1,5,26,13,10,0.47583333,29.50000000,46.15416667,0.42953039
2001-05-26T13:20:00,1,5,26,13,20,0.47266667,29.00000000,45.54333333,0.42799998
2001-05-26T13:30:00,1,5,26,13,30,0.46950000,28.50000000,44.93250000,0.42645178
2001-05-26T13:40:00,1,5,26,13,40,0.46633333,28.00000000,44.32166667,0.42488578
2001-05-26T13:50:00,1,5,26,13,50,0.46316667,27.50000000,43.71083333,0.42330199
2001-05-26T14:00:00,1,5,26,14,0,0.46000000,27.00000000,43.10000000,0.42170040
2001-05-26T14:10:00,1,5,26,14,10,0.43766667,26.91666667,42.23500000,0.40296802
2001-05-26T14:20:00,1,5,26,14,20,0.41533333,26.83333333,41.37000000,0.38405790
2001-05-26T14:30:00,1,5,26,14,30,0.39300000,26.75000000,40.50500000,0.36497006
2001-05-26T14:40:00,1,5,26,14,40,0.37066667,26.66666667,39.64000000,0.34570449
2001-05-26T14:50:00,1,5,26,14,50,0.34833333,26.58333333,38.77500000,0.32626119
2001-05-26T15:00:00,1,5,26,15,0,0.32600000,26.50000000,37.91000000,0.30664016
2001-05-26T15:10:00,1,5,26,15,10,0.29416667,26.03333333,36.32916667,0.27883642
2001-05-26T15:20:00,1,5,26,15,20,0.26233333,25.56666667,34.74833333,0.25056969
2001-05-26T15:30:00,1,5,26,15,30,0.23050000,25.10000000,33.16750000,0.22184000
2001-05-26T15:40:00,1,5,26,15,40,0.19866667,24.63333333,31.58666667,0.19264733
2001-05-26T15:50:00,1,5,26,15,50,0.16683333,24.16666667,30.00583333,0.16299169
2001-05-26T16:00:00,1,5,26,16,0,0.13500000,23.70000000,28.42500000,0.13287308
2001-05-26T16:10:00,1,5,26,16,10,0.11400000,23.26666667,27.25666667,0.11281660
2001-05-26T16:20:00,1,5,26,16,20,0.09300000,22.83333333,26.08833333,0.09253441
2001-05-26T16:30:00,1,5,26,16,30,0.07200000,22.40000000,24.92000000,0.07202650
2001-05-26T16:40:00,1,5,26,16,40,0.05100000,21.96666667,23.75166667,0.05129286
2001-05-26T16:50:00,1,5,26,16,50,0.03000000,21.53333333,22.58333333,0.03033350
2001-05-26T17:00:00,1,5,26,17,0,0.00900000,21.10000000,21.41500000,0.00914842
2001-05-26T17:10:00,1,5,26,17,10,0.00750000,20.63333333,20.89583333,0.00764159
2001-05-26T17:20:00,1,5,26,17,20,0.00600000,20.16666667,20.37666667,0.00612760
2001-05-26T17:30:00,1,5,26,17,30,0.00450000,19.70000000,19.85750000,0.00460645
2001-05-26T17:40:00,1,5,26,17,40,0.00300000,19.23333333,19.33833333,0.00307813
2001-05-26T17:50:00,1,5,26,17,50,0.00150000,18.76666667,18.81916667,0.00154265
2001-05-26T18:00:00,1,5,26,18,0,0.00000000,18.30000000,18.30000000,0.00000000
2001-05-26T18:10:00,1,5,26,18,10,0.00000000,18.25000000,18.25000000,0.00000000
2001-05-26T18:20:00,1,5,26,18,20,0.00000000,18.20000000,18.20000000,0.00000000
2001-05-26T18:30:00,1,5,26,18,30,0.00000000,18.15000000,18.15000000,0.00000000
2001-05-26T18:40:00,1,5,26,18,40,0.00000000,18.10000000,18.10000000,0.00000000
2001-05-26T18:50:00,1,5,26,18,50,0.00000000,18.05000000,18.05000000,0.00000000
2001-05-26T19:00:00,1,5,26,19,0,0.00000000,18.00000000,18.00000000,0.00000000
2001-05-26T19:10:00,1,5,26,19,10,0.00000000,17.86666667,17.86666667,0.00000000
2001-05-26T19:20:00,1,5,26,19,20,0.00000000,17.73333333,17.73333333,0.00000000
2001-05-26T19:30:00,1,5,26,19,30,0.00000000,17.60000000,17.60000000,0.00000000
2001-05-26T19:40:00,1,5,26,19,40,0.00000000,17.46666667,17.46666667,0.00000000
2001-05-26T19:50:00,1,5,26,19,50,0.00000000,17.33333333,17.33333333,0.00000000
2001-05-26T20:00:00,1,5,26,20,0,0.00000000,17.20000000,17.20000000,0.00000000
2001-05-26T20:10:00,1,5,26,20,10,0.00000000,16.96666667,16.96666667,0.00000000
2001-05-26T20:20:00,1,5,26,20,20,0.00000000,16.73333333,16.73333333,0.00000000
2001-05-26T20:30:00,1,5,26,20,30,0.00000000,16.50000000,16.50000000,0.00000000
2001-05-26T20:40:00,1,5,26,20,40,0.00000000,16.26666667,16.26666667,0.00000000
2001-05-26T20:50:00,1,5,26,20,50,0.00000000,16.03333333,16.03333333,0.00000000
2001-05-26T21:00:00,1,5,26,21,0,0.00000000,15.80000000,15.80000000,0.00000000
2001-05-26T21:10:00,1,5,26,21,10,0.00000000,15.71666667,15.71666667,0.00000000
2001-05-26T21:20:00,1,5,26,21,20,0.00000000,15.63333333,15.63333333,0.00000000
2001-05-26T21:30:00,1,5,26,21,30,0.00000000,15.55000000,15.55000000,0.00000000
2001-05-26T21:40:00,1,5,26,21,40,0.00000000,15.46666667,15.46666667,0.00000000
2001-05-26T21:50:00,1,5,26,21,50,0.00000000,15.38333333,15.38333333,0.00000000
2001-05-26T22:00:00,1,5,26,22,0,0.00000000,15.30000000,15.30000000,0.00000000
2001-05-26T22:10:00,1,5,26,22,10,0.00000000,15.25000000,15.25000000,0.00000000
2001-05-26T22:20:00,1,5,26,22,20,0.00000000,15.20000000,15.20000000,0.00000000
2001-05-26T22:30:00,1,5,26,22,30,0.00000000,15.15000000,15.15000000,0.00000000
2001-05-26T22:40:00,1,5,26,22,40,0.00000000,15.10000000,15.10000000,0.00000000
2001-05-26T22:50:00,1,5,26,22,50,0.00000000,15.05000000,15.05000000,0.00000000
2001-05-26T23:00:00,1,5,26,23,0,0.00000000,15.00000000,15.00000000,0.00000000
2001-05-26T23:10:00,1,5,26,23,10,0.00000000,15.08333333,15.08333333,0.00000000
2001-05-26T23:20:00,1,5,26,23,20,0.00000000,15.16666667,15.16666667,0.00000000
2001-05-26T23:30:00,1,5,26,23,30,0.00000000,15.25000000,15.25000000,0.00000000
2001-05-26T23:40:00,1,5,26,23,40,0.00000000,15.33333333,15.33333333,0.00000000
2001-05-26T23:50:00,1,5,26,23,50,0.00000000,15.41666667,15.41666667,0.00000000
2001-05-27T00:00:00,1,5,27,0,0,0.00000000,15.50000000,15.50000000,0.00000000
2001-05-27T00:10:00,1,5,27,0,10,0.00000000,15.36666667,15.36666667,0.00000000
2001-05-27T00:20:00,1,5,27,0,20,0.00000000,15.23333333,15.23333333,0.00000000
2001-05-27T00:30:00,1,5,27,0,30,0.00000000,15.10000000,15.10000000,0.00000000
2001-05-27T00:40:00,1,5,27,0,40,0.00000000,14.96666667,14.96666667,0.00000000
2001-05-27T00:50:00,1,5,27,0,50,0.00000000,14.83333333,14.83333333,0.00000000
2001-05-27T01:00:00,1,5,27,1,0,0.00000000,14.70000000,14.70000000,0.00000000
2001-05-27T01:10:00,1,5,27,1,10,0.00000000,14.75000000,14.75000000,0.00000000
2001-05-27T01:20:00,1,5,27,1,20,0.00000000,14.80000000,14.80000000,0.00000000
2001-05-27T01:30:00,1,5,27,1,30,0.00000000,14.85000000,14.85000000,0.00000000
2001-05-27T01:40:00,1,5,27,1,40,0.00000000,14.90000000,14.90000000,0.00000000
2001-05-27T01:50:00,1,5,27,1,50,0.00000000,14.95000000,14.95000000,0.00000000
2001-05-27T02:00:00,1,5,27,2,0,0.00000000,15.00000000,15.00000000,0.00000000
2001-05-27T02:10:00,1,5,27,2,10,0.00000000,14.93333333,14.93333333,0.00000000
2001-05-27T02:20:00,1,5,27,2,20,0.00000000,14.86666667,14.86666667,0.00000000
2001-05-27T02:30:00,1,5,27,2,30,0.00000000,14.80000000,14.80000000,0.00000000
2001-05-27T02:40:00,1,5,27,2,40,0.00000000,14.73333333,14.73333333,0.00000000
2001-05-27T02:50:00,1,5,27,2,50,0.00000000,14.66666667,14.66666667,0.00000000
2001-05-27T03:00:00,1,5,27,3,0,0.00000000,14.60000000,14.60000000,0.00000000
2001-05-27T03:10:00,1,5,27,3,10,0.00000000,14.63333333,14.63333333,0.00000000
2001-05-27T03:20:00,1,5,27,3,20,0.00000000,14.66666667,14.66666667,0.00000000
2001-05-27T03:30:00,1,5,27,3,30,0.00000000,14.70000000,14.70000000,0.00000000
2001-05-27T03:40:00,1,5,27,3,40,0.00000000,14.73333333,14.73333333,0.00000000
2001-05-27T03:50:00,1,5,27,3,50,0.00000000,14.76666667,14.76666667,0.00000000
2001-05-27T04:00:00,1,5,27,4,0,0.00000000,14.80000000,14.80000000,0.00000000
2001-05-27T04:10:00,1,5,27,4,10,0.00000000,14.70000000,14.70000000,0.00000000
2001-05-27T04:20:00,1,5,27,4,20,0.00000000,14.60000000,14.60000000,0.00000000
2001-05-27T04:30:00,1,5,27,4,30,0.00000000,14.50000000,14.50000000,0.00000000
2001-05-27T04:40:00,1,5,27,4,40,0.00000000,14.40000000,14.40000000,0.00000000
2001-05-27T04:50:00,1,5,27,4,50,0.00000000,14.30000000,14.30000000,0.00000000
2001-05-27T05:00:00,1,5,27,5,0,0.00000000,14.20000000,14.20000000,0.00000000
2001-05-27T05:10:00,1,5,27,5,10,0.00100000,14.18333333,14.21833333,0.00104960
2001-05-27T05:20:00,1,5,27,5,20,0.00200000,14.16666667,14.23666667,0.00209902
2001-05-27T05:30:00,1,5,27,5,30,0.00300000,14.15000000,14.25500000,0.00314828
2001-05-27T05:40:00,1,5,27,5,40,0.00400000,14.13333333,14.27333333,0.00419737
2001-05-27T05:50:00,1,5,27,5,50,0.00500000,14.11666667,14.29166667,0.00524629
2001-05-27T06:00:00,1,5,27,6,0,0.00600000,14.10000000,14.31000000,0.00629504
2001-05-27T06:10:00,1,5,27,6,10,0.01933333,14.11666667,14.79333333,0.02024105
2001-05-27T06:20:00,1,5,27,6,20,0.03266667,14.13333333,15.27666667,0.03412776
2001-05-27T06:30:00,1,5,27,6,30,0.04600000,14.15000000,15.76000000,0.04795518
2001-05-27T06:40:00,1,5,27,6,40,0.05933333,14.16666667,16.24333333,0.06172332
2001-05-27T06:50:00,1,5,27,6,50,0.07266667,14.18333333,16.72666667,0.07543217
2001-05-27T07:00:00,1,5,27,7,0,0.08600000,14.20000000,17.21000000,0.08908172
2001-05-27T07:10:00,1,5,27,7,10,0.11116667,14.71666667,18.60750000,0.11443558
2001-05-27T07:20:00,1,5,27,7,20,0.13633333,15.23333333,20.00500000,0.13946586
2001-05-27T07:30:00,1,5,27,7,30,0.16150000,15.75000000,21.40250000,0.16417258
2001-05-27T07:40:00,1,5,27,7,40,0.18666667,16.26666667,22.80000000,0.18855573
2001-05-27T07:50:00,1,5,27,7,50,0.21183333,16.78333333,24.19750000,0.21261532
2001-05-27T08:00:00,1,5,27,8,0,0.23700000,17.30000000,25.59500000,0.23635133
2001-05-27T08:10:00,1,5,27,8,10,0.26950000,17.61666667,27.04916667,0.26695965
2001-05-27T08:20:00,1,5,27,8,20,0.30200000,17.93333333,28.50333333,0.29713317
2001-05-27T08:30:00,1,5,27,8,30,0.33450000,18.25000000,29.95750000,0.32687189
2001-05-27T08:40:00,1,5,27,8,40,0.36700000,18.56666667,31.41166667,0.35617582
2001-05-27T08:50:00,1,5,27,8,50,0.39950000,18.88333333,32.86583333,0.38504496
2001-05-27T09:00:00,1,5,27,9,0,0.43200000,19.20000000,34.32000000,0.41347930
2001-05-27T09:10:00,1,5,27,9,10,0.42600000,19.76666667,34.67666667,0.40703760
2001-05-27T09:20:00,1,5,27,9,20,0.42000000,20.33333333,35.03333333,0.40061560
2001-05-27T09:30:00,1,5,27,9,30,0.41400000,20.90000000,35.39000000,0.39421328
2001-05-27T09:40:00,1,5,27,9,40,0.40800000,21.46666667,35.74666667,0.38783066
2001-05-27T09:50:00,1,5,27,9,50,0.40200000,22.03333333,36.10333333,0.38146772
2001-05-27T10:00:00,1,5,27,10,0,0.39600000,22.60000000,36.46000000,0.37512446
2001-05-27T10:10:00,1,5,27,10,10,0.42200000,22.51666667,37.28666667,0.39814912
2001-05-27T10:20:00,1,5,27,10,20,0.44800000,22.43333333,38.11333333,0.42097604
2001-05-27T10:30:00,1,5,27,10,30,0.47400000,22.35000000,38.94000000,0.44360522
2001-05-27T10:40:00,1,5,27,10,40,0.50000000,22.26666667,39.76666667,0.46603667
2001-05-27T10:50:00,1,5,27,10,50,0.52600000,22.18333333,40.59333333,0.48827037
2001-05-27T11:00:00,1,5,27,11,0,0.55200000,22.10000000,41.42000000,0.51030634
2001-05-27T11:10:00,1,5,27,11,10,0.56250000,22.63333333,42.32083333,0.51768234
2001-05-27T11:20:00,1,5,27,11,20,0.57300000,23.16666667,43.22166667,0.52497133
2001-05-27T11:30:00,1,5,27,11,30,0.58350000,23.70000000,44.12250000,0.53217330
2001-05-27T11:40:00,1,5,27,11,40,0.59400000,24.23333333,45.02333333,0.53928824
2001-05-27T11:50:00,1,5,27,11,50,0.60450000,24.76666667,45.92416667,0.54631617
2001-05-27T12:00:00,1,5,27,12,0,0.61500000,25.30000000,46.82500000,0.55325707
2001-05-27T12:10:00,1,5,27,12,10,0.60483333,25.51666667,46.68583333,0.54449828
2001-05-27T12:20:00,1,5,27,12,20,0.59466667,25.73333333,46.54666667,0.53572648
2001-05-27T12:30:00,1,5,27,12,30,0.58450000,25.95000000,46.40750000,0.52694165
2001-05-27T12:40:00,1,5,27,12,40,0.57433333,26.16666667,46.26833333,0.51814381
2001-05-27T12:50:00,1,5,27,12,50,0.56416667,26.38333333,46.12916667,0.50933296
2001-05-27T13:00:00,1,5,27,13,0,0.55400000,26.60000000,45.99000000,0.50050908
2001-05-27T13:10:00,1,5,27,13,10,0.54333333,26.38333333,45.40000000,0.49234693
2001-05-27T13:20:00,1,5,27,13,20,0.53266667,26.16666667,44.81000000,0.48412688
2001-05-27T13:30:00,1,5,27,13,30,0.52200000,25.95000000,44.22000000,0.47584894
2001-05-27T13:40:00,1,5,27,13,40,0.51133333,25.73333333,43.63000000,0.46751309
2001-05-27T13:50:00,1,5,27,13,50,0.50066667,25.51666667,43.04000000,0.45911934
2001-05-27T14:00:00,1,5,27,14,0,0.49000000,25.30000000,42.45000000,0.45066770
2001-05-27T14:10:00,1,5,27,14,10,0.45050000,25.18333333,40.95083333,0.41744509
2001-05-27T14:20:00,1,5,27,14,20,0.41100000,25.06666667,39.45166667,0.38367768
2001-05-27T14:30:00,1,5,27,14,30,0.37150000,24.95000000,37.95250000,0.34936547
2001-05-27T14:40:00,1,5,27,14,40,0.33200000,24.83333333,36.45333333,0.31450847
2001-05-27T14:50:00,1,5,27,14,50,0.29250000,24.71666667,34.95416667,0.27910667
2001-05-27T15:00:00,1,5,27,15,0,0.25300000,24.60000000,33.45500000,0.24316007
2001-05-27T15:10:00,1,5,27,15,10,0.23533333,24.10000000,32.33666667,0.22739115
2001-05-27T15:20:00,1,5,27,15,20,0.21766667,23.60000000,31.21833333,0.21144046
2001-05-27T15:30:00,1,5,27,15,30,0.20000000,23.10000000,30.10000000,0.19530800
2001-05-27T15:40:00,1,5,27,15,40,0.18233333,22.60000000,28.98166667,0.17899378
2001-05-27T15:50:00,1,5,27,15,50,0.16466667,22.10000000,27.86333333,0.16249779
2001-05-27T16:00:00,1,5,27,16,0,0.14700000,21.60000000,26.74500000,0.14582003
2001-05-27T16:10:00,1,5,27,16,10,0.12383333,21.23333333,25.56750000,0.12351007
2001-05-27T16:20:00,1,5,27,16,20,0.10066667,20.86666667,24.39000000,0.10094914
2001-05-27T16:30:00,1,5,27,16,30,0.07750000,20.50000000,23.21250000,0.07813724
2001-05-27T16:40:00,1,5,27,16,40,0.05433333,20.13333333,22.03500000,0.05507439
2001-05-27T16:50:00,1,5,27,16,50,0.03116667,19.76666667,20.85750000,0.03176056
2001-05-27T17:00:00,1,5,27,17,0,0.00800000,19.40000000,19.68000000,0.00819578
2001-05-27T17:10:00,1,5,27,17,10,0.00666667,19.06666667,19.30000000,0.00684147
2001-05-27T17:20:00,1,5,27,17,20,0.00533333,18.73333333,18.92000000,0.00548250
2001-05-27T17:30:00,1,5,27,17,30,0.00400000,18.40000000,18.54000000,0.00411886
2001-05-27T17:40:00,1,5,27,17,40,0.00266667,18.06666667,18.16000000,0.00275057
2001-05-27T17:50:00,1,5,27,17,50,0.00133333,17.73333333,17.78000000,0.00137762
2001-05-27T18:00:00,1,5,27,18,0,0.00000000,17.40000000,17.40000000,0.00000000
2001-05-27T18:10:00,1,5,27,18,10,0.00000000,17.33333333,17.33333333,0.00000000
2001-05-27T18:20:00,1,5,27,18,20,0.00000000,17.26666667,17.26666667,0.00000000
2001-05-27T18:30:00,1,5,27,18,30,0.00000000,17.20000000,17.20000000,0.00000000
2001-05-27T18:40:00,1,5,27,18,40,0.00000000,17.13333333,17.13333333,0.00000000
2001-05-27T18:50:00,1,5,27,18,50,0.00000000,17.06666667,17.06666667,0.00000000
2001-05-27T19:00:00,1,5,27,19,0,0.00000000,17.00000000,17.00000000,0.00000000
2001-05-27T19:10:00,1,5,27,19,10,0.00000000,16.88333333,16.88333333,0.00000000
2001-05-27T19:20:00,1,5,27,19,20,0.00000000,16.76666667,16.76666667,0.00000000
2001-05-27T19:30:00,1,5,27,19,30,0.00000000,16.65000000,16.65000000,0.00000000
2001-05-27T19:40:00,1,5,27,19,40,0.00000000,16.53333333,16.53333333,0.00000000
2001-05-27T19:50:00,1,5,27,19,50,0.00000000,16.41666667,16.41666667,0.00000000
2001-05-27T20:00:00,1,5,27,20,0,0.00000000,16.30000000,16.30000000,0.00000000
2001-05-27T20:10:00,1,5,27,20,10,0.00000000,16.08333333,16.08333333,0.00000000
2001-05-27T20:20:00,1,5,27,20,20,0.00000000,15.86666667,15.86666667,0.00000000
2001-05-27T20:30:00,1,5,27,20,30,0.00000000,15.65000000,15.65000000,0.00000000
2001-05-27T20:40:00,1,5,27,20,40,0.00000000,15.43333333,15.43333333,0.00000000
2001-05-27T20:50:00,1,5,27,20,50,0.00000000,15.21666667,15.21666667,0.00000000
2001-05-27T21:00:00,1,5,27,21,0,0.00000000,15.00000000,15.00000000,0.00000000
2001-05-27T21:10:00,1,5,27,21,10,0.00000000,14.98333333,14.98333333,0.00000000
2001-05-27T21:20:00,1,5,27,21,20,0.00000000,14.96666667,14.96666667,0.00000000
2001-05-27T21:30:00,1,5,27,21,30,0.00000000,14.95000000,14.95000000,0.00000000
2001-05-27T21:40:00,1,5,27,21,40,0.00000000,14.93333333,14.93333333,0.00000000
2001-05-27T21:50:00,1,5,27,21,50,0.00000000,14.91666667,14.91666667,0.00000000
2001-05-27T22:00:00,1,5,27,22,0,0.00000000,14.90000000,14.90000000,0.00000000
2001-05-27T22:10:00,1,5,27,22,10,0.00000000,14.88333333,14.88333333,0.00000000
2001-05-27T22:20:00,1,5,27,22,20,0.00000000,14.86666667,14.86666667,0.00000000
2001-05-27T22:30:00,1,5,27,22,30,0.00000000,14.85000000,14.85000000,0.00000000
2001-05-27T22:40:00,1,5,27,22,40,0.00000000,14.83333333,14.83333333,0.00000000
2001-05-27T22:50:00,1,5,27,22,50,0.00000000,14.81666667,14.81666667,0.00000000
2001-05-27T23:00:00,1,5,27,23,0,0.00000000,14.80000000,14.80000000,0.00000000
2001-05-27T23:10:00,1,5,27,23,10,0.00000000,15.05000000,15.05000000,0.00000000
2001-05-27T23:20:00,1,5,27,23,20,0.00000000,15.30000000,15.30000000,0.00000000
2001-05-27T23:30:00,1,5,27,23,30,0.00000000,15.55000000,15.55000000,0.00000000
2001-05-27T23:40:00,1,5,27,23,40,0.00000000,15.80000000,15.80000000,0.00000000
2001-05-27T23:50:00,1,5,27,23,50,0.00000000,16.05000000,16.05000000,0.00000000
2001-05-28T00:00:00,1,5,28,0,0,0.00000000,16.30000000,16.30000000,0.00000000
2001-05-28T00:10:00,1,5,28,0,10,0.00000000,16.21666667,16.21666667,0.00000000
2001-05-28T00:20:00,1,5,28,0,20,0.00000000,16.13333333,16.13333333,0.00000000
2001-05-28T00:30:00,1,5,28,0,30,0.00000000,16.05000000,16.05000000,0.00000000
2001-05-28T00:40:00,1,5,28,0,40,0.00000000,15.96666667,15.96666667,0.00000000
2001-05-28T00:50:00,1,5,28,0,50,0.00000000,15.88333333,15.88333333,0.00000000
2001-05-28T01:00:00,1,5,28,1,0,0.00000000,15.80000000,15.80000000,0.00000000
2001-05-28T01:10:00,1,5,28,1,10,0.00000000,15.75000000,15.75000000,0.00000000
2001-05-28T01:20:00,1,5,28,1,20,0.00000000,15.70000000,15.70000000,0.00000000
2001-05-28T01:30:00,1,5,28,1,30,0.00000000,15.65000000,15.65000000,0.00000000
2001-05-28T01:40:00,1,5,28,1,40,0.00000000,15.60000000,15.60000000,0.00000000
2001-05-28T01:50:00,1,5,28,1,50,0.00000000,15.55000000,15.55000000,0.00000000
2001-05-28T02:00:00,1,5,28,2,0,0.00000000,15.50000000,15.50000000,0.00000000
2001-05-28T02:10:00,1,5,28,2,10,0.00000000,15.48333333,15.48333333,0.00000000
2001-05-28T02:20:00,1,5,28,2,20,0.00000000,15.46666667,15.46666667,0.00000000
2001-05-28T02:30:00,1,5,28,2,30,0.00000000,15.45000000,15.45000000,0.00000000
2001-05-28T02:40:00,1,5,28,2,40,0.00000000,15.43333333,15.43333333,0.00000000
2001-05-28T02:50:00,1,5,28,2,50,0.00000000,15.41666667,15.41666667,0.00000000
2001-05-28T03:00:00,1,5,28,3,0,0.00000000,15.40000000,15.40000000,0.00000000
2001-05-28T03:10:00,1,5,28,3,10,0.00000000,15.43333333,15.43333333,0.00000000
2001-05-28T03:20:00,1,5,28,3,20,0.00000000,15.46666667,15.46666667,0.00000000
2001-05-28T03:30:00,1,5,28,3,30,0.00000000,15.50000000,15.50000000,0.00000000
2001-05-28T03:40:00,1,5,28,3,40,0.00000000,15.53333333,15.53333333,0.00000000
2001-05-28T03:50:00,1,5,28,3,50,0.00000000,15.56666667,15.56666667,0.00000000
2001-05-28T04:00:00,1,5,28,4,0,0.00000000,15.60000000,15.60000000,0.00000000
2001-05-28T04:10:00,1,5,28,4,10,0.00000000,15.65000000,15.65000000,0.00000000
2001-05-28T04:20:00,1,5,28,4,20,0.00000000,15.70000000,15.70000000,0.00000000
2001-05-28T04:30:00,1,5,28,4,30,0.00000000,15.75000000,15.75000000,0.00000000
2001-05-28T04:40:00,1,5,28,4,40,0.00000000,15.80000000,15.80000000,0.00000000
2001-05-28T04:50:00,1,5,28,4,50,0.00000000,15.85000000,15.85000000,0.00000000
2001-05-28T05:00:00,1,5,28,5,0,0.00000000,15.90000000,15.90000000,0.00000000
2001-05-28T05:10:00,1,5,28,5,10,0.00050000,15.75000000,15.76750000,0.00052123
2001-05-28T05:20:00,1,5,28,5,20,0.00100000,15.60000000,15.63500000,0.00104308
2001-05-28T05:30:00,1,5,28,5,30,0.00150000,15.45000000,15.50250000,0.00156553
2001-05-28T05:40:00,1,5,28,5,40,0.00200000,15.30000000,15.37000000,0.00208860
2001-05-28T05:50:00,1,5,28,5,50,0.00250000,15.15000000,15.23750000,0.00261227
2001-05-28T06:00:00,1,5,28,6,0,0.00300000,15.00000000,15.10500000,0.00313655
2001-05-28T06:10:00,1,5,28,6,10,0.02283333,15.00000000,15.79916667,0.02379973
2001-05-28T06:20:00,1,5,28,6,20,0.04266667,15.00000000,16.49333333,0.04433624
2001-05-28T06:30:00,1,5,28,6,30,0.06250000,15.00000000,17.18750000,0.06474609
2001-05-28T06:40:00,1,5,28,6,40,0.08233333,15.00000000,17.88166667,0.08502928
2001-05-28T06:50:00,1,5,28,6,50,0.10216667,15.00000000,18.57583333,0.10518581
2001-05-28T07:00:00,1,5,28,7,0,0.12200000,15.00000000,19.27000000,0.12521568
2001-05-28T07:10:00,1,5,28,7,10,0.14150000,15.31666667,20.26916667,0.14457930
2001-05-28T07:20:00,1,5,28,7,20,0.16100000,15.63333333,21.26833333,0.16376367
2001-05-28T07:30:00,1,5,28,7,30,0.18050000,15.95000000,22.26750000,0.18276879
2001-05-28T07:40:00,1,5,28,7,40,0.20000000,16.26666667,23.26666667,0.20159467
2001-05-28T07:50:00,1,5,28,7,50,0.21950000,16.58333333,24.26583333,0.22024129
2001-05-28T08:00:00,1,5,28,8,0,0.23900000,16.90000000,25.26500000,0.23870866
2001-05-28T08:10:00,1,5,28,8,10,0.26283333,17.23333333,26.43250000,0.26110139
2001-05-28T08:20:00,1,5,28,8,20,0.28666667,17.56666667,27.60000000,0.28323813
2001-05-28T08:30:00,1,5,28,8,30,0.31050000,17.90000000,28.76750000,0.30511888
2001-05-28T08:40:00,1,5,28,8,40,0.33433333,18.23333333,29.93500000,0.32674363
2001-05-28T08:50:00,1,5,28,8,50,0.35816667,18.56666667,31.10250000,0.34811239
2001-05-28T09:00:00,1,5,28,9,0,0.38200000,18.90000000,32.27000000,0.36922516
2001-05-28T09:10:00,1,5,28,9,10,0.36500000,19.06666667,31.84166667,0.35351284
2001-05-28T09:20:00,1,5,28,9,20,0.34800000,19.23333333,31.41333333,0.33773354
2001-05-28T09:30:00,1,5,28,9,30,0.33100000,19.40000000,30.98500000,0.32188724
2001-05-28T09:40:00,1,5,28,9,40,0.31400000,19.56666667,30.55666667,0.30597395
2001-05-28T09:50:00,1,5,28,9,50,0.29700000,19.73333333,30.12833333,0.28999367
2001-05-28T10:00:00,1,5,28,10,0,0.28000000,19.90000000,29.70000000,0.27394640
2001-05-28T10:10:00,1,5,28,10,10,0.30450000,19.85000000,30.50750000,0.29678564
2001-05-28T10:20:00,1,5,28,10,20,0.32900000,19.80000000,31.31500000,0.31944288
2001-05-28T10:30:00,1,5,28,10,30,0.35350000,19.75000000,32.12250000,0.34191810
2001-05-28T10:40:00,1,5,28,10,40,0.37800000,19.70000000,32.93000000,0.36421132
2001-05-28T10:50:00,1,5,28,10,50,0.40250000,19.65000000,33.73750000,0.38632252
2001-05-28T11:00:00,1,5,28,11,0,0.42700000,19.60000000,34.54500000,0.40825171
2001-05-28T11:10:00,1,5,28,11,10,0.41883333,19.76666667,34.42583333,0.40067321
2001-05-28T11:20:00,1,5,28,11,20,0.41066667,19.93333333,34.30666667,0.39308575
2001-05-28T11:30:00,1,5,28,11,30,0.40250000,20.10000000,34.18750000,0.38548934
2001-05-28T11:40:00,1,5,28,11,40,0.39433333,20.26666667,34.06833333,0.37788398
2001-05-28T11:50:00,1,5,28,11,50,0.38616667,20.43333333,33.94916667,0.37026967
2001-05-28T12:00:00,1,5,28,12,0,0.37800000,20.60000000,33.83000000,0.36264640
2001-05-28T12:10:00,1,5,28,12,10,0.34816667,20.58333333,32.76916667,0.33572383
2001-05-28T12:20:00,1,5,28,12,20,0.31833333,20.56666667,31.70833333,0.30851010
2001-05-28T12:30:00,1,5,28,12,30,0.28850000,20.55000000,30.64750000,0.28100520
2001-05-28T12:40:00,1,5,28,12,40,0.25866667,20.53333333,29.58666667,0.25320914
2001-05-28T12:50:00,1,5,28,12,50,0.22883333,20.51666667,28.52583333,0.22512192
2001-05-28T13:00:00,1,5,28,13,0,0.19900000,20.50000000,27.46500000,0.19674354
2001-05-28T13:10:00,1,5,28,13,10,0.21016667,20.13333333,27.48916667,0.20776022
2001-05-28T13:20:00,1,5,28,13,20,0.22133333,19.76666667,27.51333333,0.21877442
2001-05-28T13:30:00,1,5,28,13,30,0.23250000,19.40000000,27.53750000,0.22978614
2001-05-28T13:40:00,1,5,28,13,40,0.24366667,19.03333333,27.56166667,0.24079538
2001-05-28T13:50:00,1,5,28,13,50,0.25483333,18.66666667,27.58583333,0.25180213
2001-05-28T14:00:00,1,5,28,14,0,0.26600000,18.30000000,27.61000000,0.26280640
2001-05-28T14:10:00,1,5,28,14,10,0.27066667,18.40000000,27.87333333,0.26708918
2001-05-28T14:20:00,1,5,28,14,20,0.27533333,18.50000000,28.13666667,0.27136064
2001-05-28T14:30:00,1,5,28,14,30,0.28000000,18.60000000,28.40000000,0.27562080
2001-05-28T14:40:00,1,5,28,14,40,0.28466667,18.70000000,28.66333333,0.27986965
2001-05-28T14:50:00,1,5,28,14,50,0.28933333,18.80000000,28.92666667,0.28410720
2001-05-28T15:00:00,1,5,28,15,0,0.29400000,18.90000000,29.19000000,0.28833344
2001-05-28T15:10:00,1,5,28,15,10,0.26166667,18.96666667,28.12500000,0.25790521
2001-05-28T15:20:00,1,5,28,15,20,0.22933333,19.03333333,27.06000000,0.22716017
2001-05-28T15:30:00,1,5,28,15,30,0.19700000,19.10000000,25.99500000,0.19609833
2001-05-28T15:40:00,1,5,28,15,40,0.16466667,19.16666667,24.93000000,0.16471969
2001-05-28T15:50:00,1,5,28,15,50,0.13233333,19.23333333,23.86500000,0.13302425
2001-05-28T16:00:00,1,5,28,16,0,0.10000000,19.30000000,22.80000000,0.10101200
2001-05-28T16:10:00,1,5,28,16,10,0.08400000,18.95000000,21.89000000,0.08520170
2001-05-28T16:20:00,1,5,28,16,20,0.06800000,18.60000000,20.98000000,0.06925746
2001-05-28T16:30:00,1,5,28,16,30,0.05200000,18.25000000,20.07000000,0.05317926
2001-05-28T16:40:00,1,5,28,16,40,0.03600000,17.90000000,19.16000000,0.03696710
2001-05-28T16:50:00,1,5,28,16,50,0.02000000,17.55000000,18.25000000,0.02062100
2001-05-28T17:00:00,1,5,28,17,0,0.00400000,17.20000000,17.34000000,0.00414094
2001-05-28T17:10:00,1,5,28,17,10,0.00333333,17.05000000,17.16666667,0.00345344
2001-05-28T17:20:00,1,5,28,17,20,0.00266667,16.90000000,16.99333333,0.00276488
2001-05-28T17:30:00,1,5,28,17,30,0.00200000,16.75000000,16.82000000,0.00207526
2001-05-28T17:40:00,1,5,28,17,40,0.00133333,16.60000000,16.64666667,0.00138457
2001-05-28T17:50:00,1,5,28,17,50,0.00066667,16.45000000,16.47333333,0.00069282
2001-05-28T18:00:00,1,5,28,18,0,0.00000000,16.30000000,16.30000000,0.00000000
2001-05-28T18:10:00,1,5,28,18,10,0.00000000,16.16666667,16.16666667,0.00000000
2001-05-28T18:20:00,1,5,28,18,20,0.00000000,16.03333333,16.03333333,0.00000000
2001-05-28T18:30:00,1,5,28,18,30,0.00000000,15.90000000,15.90000000,0.00000000
2001-05-28T18:40:00,1,5,28,18,40,0.00000000,15.76666667,15.76666667,0.00000000
2001-05-28T18:50:00,1,5,28,18,50,0.00000000,15.63333333,15.63333333,0.00000000
2001-05-28T19:00:00,1,5,28,19,0,0.00000000,15.50000000,15.50000000,0.00000000
2001-05-28T19:10:00,1,5,28,19,10,0.00000000,15.53333333,15.53333333,0.00000000
2001-05-28T19:20:00,1,5,28,19,20,0.00000000,15.56666667,15.56666667,0.00000000
2001-05-28T19:30:00,1,5,28,19,30,0.00000000,15.60000000,15.60000000,0.00000000
2001-05-28T19:40:00,1,5,28,19,40,0.00000000,15.63333333,15.63333333,0.00000000
2001-05-28T19:50:00,1,5,28,19,50,0.00000000,15.66666667,15.66666667,0.00000000
2001-05-28T20:00:00,1,5,28,20,0,0.00000000,15.70000000,15.70000000,0.00000000
2001-05-28T20:10:00,1,5,28,20,10,0.00000000,15.73333333,15.73333333,0.00000000
2001-05-28T20:20:00,1,5,28,20,20,0.00000000,15.76666667,15.76666667,0.00000000
2001-05-28T20:30:00,1,5,28,20,30,0.00000000,15.80000000,15.80000000,0.00000000
2001-05-28T20:40:00,1,5,28,20,40,0.00000000,15.83333333,15.83333333,0.00000000
2001-05-28T20:50:00,1,5,28,20,50,0.00000000,15.86666667,15.86666667,0.00000000
2001-05-28T21:00:00,1,5,28,21,0,0.00000000,15.90000000,15.90000000,0.00000000
2001-05-28T21:10:00,1,5,28,21,10,0.00000000,15.83333333,15.83333333,0.00000000
2001-05-28T21:20:00,1,5,28,21,20,0.00000000,15.76666667,15.76666667,0.00000000
2001-05-28T21:30:00,1,5,28,21,30,0.00000000,15.70000000,15.70000000,0.00000000
2001-05-28T21:40:00,1,5,28,21,40,0.00000000,15.63333333,15.63333333,0.00000000
2001-05-28T21:50:00,1,5,28,21,50,0.00000000,15.56666667,15.56666667,0.00000000
2001-05-28T22:00:00,1,5,28,22,0,0.00000000,15.50000000,15.50000000,0.00000000
2001-05-28T22:10:00,1,5,28,22,10,0.00000000,15.35000000,15.35000000,0.00000000
2001-05-28T22:20:00,1,5,28,22,20,0.00000000,15.20000000,15.20000000,0.00000000
2001-05-28T22:30:00,1,5,28,22,30,0.00000000,15.05000000,15.05000000,0.00000000
2001-05-28T22:40:00,1,5,28,22,40,0.00000000,14.90000000,14.90000000,0.00000000
2001-05-28T22:50:00,1,5,28,22,50,0.00000000,14.75000000,14.75000000,0.00000000
2001-05-28T23:00:00,1,5,28,23,0,0.00000000,14.60000000,14.60000000,0.00000000
2001-05-28T23:10:00,1,5,28,23,10,0.00000000,15.01666667,15.01666667,0.00000000
2001-05-28T23:20:00,1,5,28,23,20,0.00000000,15.43333333,15.43333333,0.00000000
2001-05-28T23:30:00,1,5,28,23,30,0.00000000,15.85000000,15.85000000,0.00000000
2001-05-28T23:40:00,1,5,28,23,40,0.00000000,16.26666667,16.26666667,0.00000000
2001-05-28T23:50:00,1,5,28,23,50,0.00000000,16.68333333,16.68333333,0.00000000
2001-05-29T00:00:00,1,5,29,0,0,0.00000000,17.10000000,17.10000000,0.00000000
2001-05-29T00:10:00,1,5,29,0,10,0.00000000,17.05000000,17.05000000,0.00000000
2001-05-29T00:20:00,1,5,29,0,20,0.00000000,17.00000000,17.00000000,0.00000000
2001-05-29T00:30:00,1,5,29,0,30,0.00000000,16.95000000,16.95000000,0.00000000
2001-05-29T00:40:00,1,5,29,0,40,0.00000000,16.90000000,16.90000000,0.00000000
2001-05-29T00:50:00,1,5,29,0,50,0.00000000,16.85000000,16.85000000,0.00000000
2001-05-29T01:00:00,1,5,29,1,0,0.00000000,16.80000000,16.80000000,0.00000000
2001-05-29T01:10:00,1,5,29,1,10,0.00000000,16.85000000,16.85000000,0.00000000
2001-05-29T01:20:00,1,5,29,1,20,0.00000000,16.90000000,16.90000000,0.00000000
2001-05-29T01:30:00,1,5,29,1,30,0.00000000,16.95000000,16.95000000,0.00000000
2001-05-29T01:40:00,1,5,29,1,40,0.00000000,17.00000000,17.00000000,0.00000000
2001-05-29T01:50:00,1,5,29,1,50,0.00000000,17.05000000,17.05000000,0.00000000
2001-05-29T02:00:00,1,5,29,2,0,0.00000000,17.10000000,17.10000000,0.00000000
2001-05-29T02:10:00,1,5,29,2,10,0.00000000,17.21666667,17.21666667,0.00000000
2001-05-29T02:20:00,1,5,29,2,20,0.00000000,17.33333333,17.33333333,0.00000000
2001-05-29T02:30:00,1,5,29,2,30,0.00000000,17.45000000,17.45000000,0.00000000
2001-05-29T02:40:00,1,5,29,2,40,0.00000000,17.56666667,17.56666667,0.00000000
2001-05-29T02:50:00,1,5,29,2,50,0.00000000,17.68333333,17.68333333,0.00000000
2001-05-29T03:00:00,1,5,29,3,0,0.00000000,17.80000000,17.80000000,0.00000000
2001-05-29T03:10:00,1,5,29,3,10,0.00000000,17.68333333,17.68333333,0.00000000
2001-05-29T03:20:00,1,5,29,3,20,0.00000000,17.56666667,17.56666667,0.00000000
2001-05-29T03:30:00,1,5,29,3,30,0.00000000,17.45000000,17.45000000,0.00000000
2001-05-29T03:40:00,1,5,29,3,40,0.00000000,17.33333333,17.33333333,0.00000000
2001-05-29T03:50:00,1,5,29,3,50,0.00000000,17.21666667,17.21666667,0.00000000
2001-05-29T04:00:00,1,5,29,4,0,0.00000000,17.10000000,17.10000000,0.00000000
2001-05-29T04:10:00,1,5,29,4,10,0.00000000,17.20000000,17.20000000,0.00000000
2001-05-29T04:20:00,1,5,29,4,20,0.00000000,17.30000000,17.30000000,0.00000000
2001-05-29T04:30:00,1,5,29,4,30,0.00000000,17.40000000,17.40000000,0.00000000
2001-05-29T04:40:00,1,5,29,4,40,0.00000000,17.50000000,17.50000000,0.00000000
2001-05-29T04:50:00,1,5,29,4,50,0.00000000,17.60000000,17.60000000,0.00000000
2001-05-29T05:00:00,1,5,29,5,0,0.00000000,17.70000000,17.70000000,0.00000000
2001-05-29T05:10:00,1,5,29,5,10,0.00000000,17.75000000,17.75000000,0.00000000
2001-05-29T05:20:00,1,5,29,5,20,0.00000000,17.80000000,17.80000000,0.00000000
2001-05-29T05:30:00,1,5,29,5,30,0.00000000,17.85000000,17.85000000,0.00000000
2001-05-29T05:40:00,1,5,29,5,40,0.00000000,17.90000000,17.90000000,0.00000000
2001-05-29T05:50:00,1,5,29,5,50,0.00000000,17.95000000,17.95000000,0.00000000
2001-05-29T06:00:00,1,5,29,6,0,0.00000000,18.00000000,18.00000000,0.00000000
2001-05-29T06:10:00,1,5,29,6,10,0.00883333,18.01666667,18.32583333,0.00910453
2001-05-29T06:20:00,1,5,29,6,20,0.01766667,18.03333333,18.65166667,0.01818257
2001-05-29T06:30:00,1,5,29,6,30,0.02650000,18.05000000,18.97750000,0.02723414
2001-05-29T06:40:00,1,5,29,6,40,0.03533333,18.06666667,19.30333333,0.03625923
2001-05-29T06:50:00,1,5,29,6,50,0.04416667,18.08333333,19.62916667,0.04525784
2001-05-29T07:00:00,1,5,29,7,0,0.05300000,18.10000000,19.95500000,0.05422997
2001-05-29T07:10:00,1,5,29,7,10,0.06566667,17.86666667,20.16500000,0.06712716
2001-05-29T07:20:00,1,5,29,7,20,0.07833333,17.63333333,20.37500000,0.07999987
2001-05-29T07:30:00,1,5,29,7,30,0.09100000,17.40000000,20.58500000,0.09284812
2001-05-29T07:40:00,1,5,29,7,40,0.10366667,17.16666667,20.79500000,0.10567189
2001-05-29T07:50:00,1,5,29,7,50,0.11633333,16.93333333,21.00500000,0.11847119
2001-05-29T08:00:00,1,5,29,8,0,0.12900000,16.70000000,21.21500000,0.13124602
2001-05-29T08:10:00,1,5,29,8,10,0.11433333,16.51666667,20.51833333,0.11669039
2001-05-29T08:20:00,1,5,29,8,20,0.09966667,16.33333333,19.82166667,0.10204076
2001-05-29T08:30:00,1,5,29,8,30,0.08500000,16.15000000,19.12500000,0.08729713
2001-05-29T08:40:00,1,5,29,8,40,0.07033333,15.96666667,18.42833333,0.07245949
2001-05-29T08:50:00,1,5,29,8,50,0.05566667,15.78333333,17.73166667,0.05752784
2001-05-29T09:00:00,1,5,29,9,0,0.04100000,15.60000000,17.03500000,0.04250220
2001-05-29T09:10:00,1,5,29,9,10,0.03966667,15.75000000,17.13833333,0.04110116
2001-05-29T09:20:00,1,5,29,9,20,0.03833333,15.90000000,17.24166667,0.03970139
2001-05-29T09:30:00,1,5,29,9,30,0.03700000,16.05000000,17.34500000,0.03830288
2001-05-29T09:40:00,1,5,29,9,40,0.03566667,16.20000000,17.44833333,0.03690564
2001-05-29T09:50:00,1,5,29,9,50,0.03433333,16.35000000,17.55166667,0.03550967
2001-05-29T10:00:00,1,5,29,10,0,0.03300000,16.50000000,17.65500000,0.03411497
2001-05-29T10:10:00,1,5,29,10,10,0.06300000,16.48333333,18.68833333,0.06482912
2001-05-29T10:20:00,1,5,29,10,20,0.09300000,16.46666667,19.72166667,0.09525807
2001-05-29T10:30:00,1,5,29,10,30,0.12300000,16.45000000,20.75500000,0.12540182
2001-05-29T10:40:00,1,5,29,10,40,0.15300000,16.43333333,21.78833333,0.15526037
2001-05-29T10:50:00,1,5,29,10,50,0.18300000,16.41666667,22.82166667,0.18483372
2001-05-29T11:00:00,1,5,29,11,0,0.21300000,16.40000000,23.85500000,0.21412187
2001-05-29T11:10:00,1,5,29,11,10,0.19433333,16.06666667,22.86833333,0.19623890
2001-05-29T11:20:00,1,5,29,11,20,0.17566667,15.73333333,21.88166667,0.17818649
2001-05-29T11:30:00,1,5,29,11,30,0.15700000,15.40000000,20.89500000,0.15996463
2001-05-29T11:40:00,1,5,29,11,40,0.13833333,15.06666667,19.90833333,0.14157333
2001-05-29T11:50:00,1,5,29,11,50,0.11966667,14.73333333,18.92166667,0.12301259
2001-05-29T12:00:00,1,5,29,12,0,0.10100000,14.40000000,17.93500000,0.10428240
2001-05-29T12:10:00,1,5,29,12,10,0.11650000,14.50000000,18.57750000,0.11994182
2001-05-29T12:20:00,1,5,29,12,20,0.13200000,14.60000000,19.22000000,0.13550962
2001-05-29T12:30:00,1,5,29,12,30,0.14750000,14.70000000,19.86250000,0.15098579
2001-05-29T12:40:00,1,5,29,12,40,0.16300000,14.80000000,20.50500000,0.16637035
2001-05-29T12:50:00,1,5,29,12,50,0.17850000,14.90000000,21.14750000,0.18166329
2001-05-29T13:00:00,1,5,29,13,0,0.19400000,15.00000000,21.79000000,0.19686460
2001-05-29T13:10:00,1,5,29,13,10,0.19083333,14.90000000,21.57916667,0.19383625
2001-05-29T13:20:00,1,5,29,13,20,0.18766667,14.80000000,21.36833333,0.19080176
2001-05-29T13:30:00,1,5,29,13,30,0.18450000,14.70000000,21.15750000,0.18776113
2001-05-29T13:40:00,1,5,29,13,40,0.18133333,14.60000000,20.94666667,0.18471435
2001-05-29T13:50:00,1,5,29,13,50,0.17816667,14.50000000,20.73583333,0.18166144
2001-05-29T14:00:00,1,5,29,14,0,0.17500000,14.40000000,20.52500000,0.17860238
2001-05-29T14:10:00,1,5,29,14,10,0.15733333,14.36666667,19.87333333,0.16104367
2001-05-29T14:20:00,1,5,29,14,20,0.13966667,14.33333333,19.22166667,0.14337905
2001-05-29T14:30:00,1,5,29,14,30,0.12200000,14.30000000,18.57000000,0.12560852
2001-05-29T14:40:00,1,5,29,14,40,0.10433333,14.26666667,17.91833333,0.10773206
2001-05-29T14:50:00,1,5,29,14,50,0.08666667,14.23333333,17.26666667,0.08974969
2001-05-29T15:00:00,1,5,29,15,0,0.06900000,14.20000000,16.61500000,0.07166140
2001-05-29T15:10:00,1,5,29,15,10,0.06600000,14.48333333,16.79333333,0.06849154
2001-05-29T15:20:00,1,5,29,15,20,0.06300000,14.76666667,16.97166667,0.06532661
2001-05-29T15:30:00,1,5,29,15,30,0.06000000,15.05000000,17.15000000,0.06216660
2001-05-29T15:40:00,1,5,29,15,40,0.05700000,15.33333333,17.32833333,0.05901151
2001-05-29T15:50:00,1,5,29,15,50,0.05400000,15.61666667,17.50666667,0.05586134
2001-05-29T16:00:00,1,5,29,16,0,0.05100000,15.90000000,17.68500000,0.05271610
2001-05-29T16:10:00,1,5,29,16,10,0.04266667,15.93333333,17.42666667,0.04415306
2001-05-29T16:20:00,1,5,29,16,20,0.03433333,15.96666667,17.16833333,0.03557021
2001-05-29T16:30:00,1,5,29,16,30,0.02600000,16.00000000,16.91000000,0.02696756
2001-05-29T16:40:00,1,5,29,16,40,0.01766667,16.03333333,16.65166667,0.01834511
2001-05-29T16:50:00,1,5,29,16,50,0.00933333,16.06666667,16.39333333,0.00970285
2001-05-29T17:00:00,1,5,29,17,0,0.00100000,16.10000000,16.13500000,0.00104078
2001-05-29T17:10:00,1,5,29,17,10,0.00083333,16.20000000,16.22916667,0.00086695
2001-05-29T17:20:00,1,5,29,17,20,0.00066667,16.30000000,16.32333333,0.00069328
2001-05-29T17:30:00,1,5,29,17,30,0.00050000,16.40000000,16.41750000,0.00051974
2001-05-29T17:40:00,1,5,29,17,40,0.00033333,16.50000000,16.51166667,0.00034635
2001-05-29T17:50:00,1,5,29,17,50,0.00016667,16.60000000,16.60583333,0.00017310
2001-05-29T18:00:00,1,5,29,18,0,0.00000000,16.70000000,16.70000000,0.00000000
2001-05-29T18:10:00,1,5,29,18,10,0.00000000,16.75000000,16.75000000,0.00000000
2001-05-29T18:20:00,1,5,29,18,20,0.00000000,16.80000000,16.80000000,0.00000000
2001-05-29T18:30:00,1,5,29,18,30,0.00000000,16.85000000,16.85000000,0.00000000
2001-05-29T18:40:00,1,5,29,18,40,0.00000000,16.90000000,16.90000000,0.00000000
2001-05-29T18:50:00,1,5,29,18,50,0.00000000,16.95000000,16.95000000,0.00000000
2001-05-29T19:00:00,1,5,29,19,0,0.00000000,17.00000000,17.00000000,0.00000000
2001-05-29T19:10:00,1,5,29,19,10,0.00000000,17.06666667,17.06666667,0.00000000
2001-05-29T19:20:00,1,5,29,19,20,0.00000000,17.13333333,17.13333333,0.00000000
2001-05-29T19:30:00,1,5,29,19,30,0.00000000,17.20000000,17.20000000,0.00000000
2001-05-29T19:40:00,1,5,29,19,40,0.00000000,17.26666667,17.26666667,0.00000000
2001-05-29T19:50:00,1,5,29,19,50,0.00000000,17.33333333,17.33333333,0.00000000
2001-05-29T20:00:00,1,5,29,20,0,0.00000000,17.40000000,17.40000000,0.00000000
2001-05-29T20:10:00,1,5,29,20,10,0.00000000,17.48333333,17.48333333,0.00000000
2001-05-29T20:20:00,1,5,29,20,20,0.00000000,17.56666667,17.56666667,0.00000000
2001-05-29T20:30:00,1,5,29,20,30,0.00000000,17.65000000,17.65000000,0.00000000
2001-05-29T20:40:00,1,5,29,20,40,0.00000000,17.73333333,17.73333333,0.00000000
2001-05-29T20:50:00,1,5,29,20,50,0.00000000,17.81666667,17.81666667,0.00000000
2001-05-29T21:00:00,1,5,29,21,0,0.00000000,17.90000000,17.90000000,0.00000000
2001-05-29T21:10:00,1,5,29,21,10,0.00000000,18.05000000,18.05000000,0.00000000
2001-05-29T21:20:00,1,5,29,21,20,0.00000000,18.20000000,18.20000000,0.00000000
2001-05-29T21:30:00,1,5,29,21,30,0.00000000,18.35000000,18.35000000,0.00000000
2001-05-29T21:40:00,1,5,29,21,40,0.00000000,18.50000000,18.50000000,0.00000000
2001-05-29T21:50:00,1,5,29,21,50,0.00000000,18.65000000,18.65000000,0.00000000
2001-05-29T22:00:00,1,5,29,22,0,0.00000000,18.80000000,18.80000000,0.00000000
2001-05-29T22:10:00,1,5,29,22,10,0.00000000,18.80000000,18.80000000,0.00000000
2001-05-29T22:20:00,1,5,29,22,20,0.00000000,18.80000000,18.80000000,0.00000000
2001-05-29T22:30:00,1,5,29,22,30,0.00000000,18.80000000,18.80000000,0.00000000
2001-05-29T22:40:00,1,5,29,22,40,0.00000000,18.80000000,18.80000000,0.00000000
2001-05-29T22:50:00,1,5,29,22,50,0.00000000,18.80000000,18.80000000,0.00000000
2001-05-29T23:00:00,1,5,29,23,0,0.00000000,18.80000000,18.80000000,0.00000000
2001-05-29T23:10:00,1,5,29,23,10,0.00000000,18.06666667,18.06666667,0.00000000
2001-05-29T23:20:00,1,5,29,23,20,0.00000000,17.33333333,17.33333333,0.00000000
2001-05-29T23:30:00,1,5,29,23,30,0.00000000,16.60000000,16.60000000,0.00000000
2001-05-29T23:40:00,1,5,29,23,40,0.00000000,15.86666667,15.86666667,0.00000000
2001-05-29T23:50:00,1,5,29,23,50,0.00000000,15.13333333,15.13333333,0.00000000
2001-05-30T00:00:00,1,5,30,0,0,0.00000000,14.40000000,14.40000000,0.00000000
2001-05-30T00:10:00,1,5,30,0,10,0.00000000,14.41666667,14.41666667,0.00000000
2001-05-30T00:20:00,1,5,30,0,20,0.00000000,14.43333333,14.43333333,0.00000000
2001-05-30T00:30:00,1,5,30,0,30,0.00000000,14.45000000,14.45000000,0.00000000
2001-05-30T00:40:00,1,5,30,0,40,0.00000000,14.46666667,14.46666667,0.00000000
2001-05-30T00:50:00,1,5,30,0,50,0.00000000,14.48333333,14.48333333,0.00000000
2001-05-30T01:00:00,1,5,30,1,0,0.00000000,14.50000000,14.50000000,0.00000000
2001-05-30T01:10:00,1,5,30,1,10,0.00000000,14.35000000,14.35000000,0.00000000
2001-05-30T01:20:00,1,5,30,1,20,0.00000000,14.20000000,14.20000000,0.00000000
2001-05-30T01:30:00,1,5,30,1,30,0.00000000,14.05000000,14.05000000,0.00000000
2001-05-30T01:40:00,1,5,30,1,40,0.00000000,13.90000000,13.90000000,0.00000000
2001-05-30T01:50:00,1,5,30,1,50,0.00000000,13.75000000,13.75000000,0.00000000
2001-05-30T02:00:00,1,5,30,2,0,0.00000000,13.60000000,13.60000000,0.00000000
2001-05-30T02:10:00,1,5,30,2,10,0.00000000,13.66666667,13.66666667,0.00000000
2001-05-30T02:20:00,1,5,30,2,20,0.00000000,13.73333333,13.73333333,0.00000000
2001-05-30T02:30:00,1,5,30,2,30,0.00000000,13.80000000,13.80000000,0.00000000
2001-05-30T02:40:00,1,5,30,2,40,0.00000000,13.86666667,13.86666667,0.00000000
2001-05-30T02:50:00,1,5,30,2,50,0.00000000,13.93333333,13.93333333,0.00000000
2001-05-30T03:00:00,1,5,30,3,0,0.00000000,14.00000000,14.00000000,0.00000000
2001-05-30T03:10:00,1,5,30,3,10,0.00000000,13.98333333,13.98333333,0.00000000
2001-05-30T03:20:00,1,5,30,3,20,0.00000000,13.96666667,13.96666667,0.00000000
2001-05-30T03:30:00,1,5,30,3,30,0.00000000,13.95000000,13.95000000,0.00000000
2001-05-30T03:40:00,1,5,30,3,40,0.00000000,13.93333333,13.93333333,0.00000000
2001-05-30T03:50:00,1,5,30,3,50,0.00000000,13.91666667,13.91666667,0.00000000
2001-05-30T04:00:00,1,5,30,4,0,0.00000000,13.90000000,13.90000000,0.00000000
2001-05-30T04:10:00,1,5,30,4,10,0.00000000,13.80000000,13.80000000,0.00000000
2001-05-30T04:20:00,1,5,30,4,20,0.00000000,13.70000000,13.70000000,0.00000000
2001-05-30T04:30:00,1,5,30,4,30,0.00000000,13.60000000,13.60000000,0.00000000
2001-05-30T04:40:00,1,5,30,4,40,0.00000000,13.50000000,13.50000000,0.00000000
2001-05-30T04:50:00,1,5,30,4,50,0.00000000,13.40000000,13.40000000,0.00000000
2001-05-30T05:00:00,1,5,30,5,0,0.00000000,13.30000000,13.30000000,0.00000000
2001-05-30T05:10:00,1,5,30,5,10,0.00066667,13.35000000,13.37333333,0.00070232
2001-05-30T05:20:00,1,5,30,5,20,0.00133333,13.40000000,13.44666667,0.00140419
2001-05-30T05:30:00,1,5,30,5,30,0.00200000,13.45000000,13.52000000,0.00210562
2001-05-30T05:40:00,1,5,30,5,40,0.00266667,13.50000000,13.59333333,0.00280659
2001-05-30T05:50:00,1,5,30,5,50,0.00333333,13.55000000,13.66666667,0.00350711
2001-05-30T06:00:00,1,5,30,6,0,0.00400000,13.60000000,13.74000000,0.00420718
2001-05-30T06:10:00,1,5,30,6,10,0.01950000,13.55000000,14.23250000,0.02046584
2001-05-30T06:20:00,1,5,30,6,20,0.03500000,13.50000000,14.72500000,0.03665428
2001-05-30T06:30:00,1,5,30,6,30,0.05050000,13.45000000,15.21750000,0.05277247
2001-05-30T06:40:00,1,5,30,6,40,0.06600000,13.40000000,15.71000000,0.06882044
2001-05-30T06:50:00,1,5,30,6,50,0.08150000,13.35000000,16.20250000,0.08479818
2001-05-30T07:00:00,1,5,30,7,0,0.09700000,13.30000000,16.69500000,0.10070569
2001-05-30T07:10:00,1,5,30,7,10,0.13900000,13.88333333,18.74833333,0.14299732
2001-05-30T07:20:00,1,5,30,7,20,0.18100000,14.46666667,20.80166667,0.18449553
2001-05-30T07:30:00,1,5,30,7,30,0.22300000,15.05000000,22.85500000,0.22520034
2001-05-30T07:40:00,1,5,30,7,40,0.26500000,15.63333333,24.90833333,0.26511174
2001-05-30T07:50:00,1,5,30,7,50,0.30700000,16.21666667,26.96166667,0.30422973
2001-05-30T08:00:00,1,5,30,8,0,0.34900000,16.80000000,29.01500000,0.34255432
2001-05-30T08:10:00,1,5,30,8,10,0.35100000,17.43333333,29.71833333,0.34338178
2001-05-30T08:20:00,1,5,30,8,20,0.35300000,18.06666667,30.42166667,0.34419630
2001-05-30T08:30:00,1,5,30,8,30,0.35500000,18.70000000,31.12500000,0.34499788
2001-05-30T08:40:00,1,5,30,8,40,0.35700000,19.33333333,31.82833333,0.34578651
2001-05-30T08:50:00,1,5,30,8,50,0.35900000,19.96666667,32.53166667,0.34656221
2001-05-30T09:00:00,1,5,30,9,0,0.36100000,20.60000000,33.23500000,0.34732496
2001-05-30T09:10:00,1,5,30,9,10,0.37300000,20.78333333,33.83833333,0.35783519
2001-05-30T09:20:00,1,5,30,9,20,0.38500000,20.96666667,34.44166667,0.36827881
2001-05-30T09:30:00,1,5,30,9,30,0.39700000,21.15000000,35.04500000,0.37865582
2001-05-30T09:40:00,1,5,30,9,40,0.40900000,21.33333333,35.64833333,0.38896623
2001-05-30T09:50:00,1,5,30,9,50,0.42100000,21.51666667,36.25166667,0.39921002
2001-05-30T10:00:00,1,5,30,10,0,0.43300000,21.70000000,36.85500000,0.40938721
2001-05-30T10:10:00,1,5,30,10,10,0.47716667,21.85000000,38.55083333,0.44742304
2001-05-30T10:20:00,1,5,30,10,20,0.52133333,22.00000000,40.24666667,0.48476979
2001-05-30T10:30:00,1,5,30,10,30,0.56550000,22.15000000,41.94250000,0.52142747
2001-05-30T10:40:00,1,5,30,10,40,0.60966667,22.30000000,43.63833333,0.55739608
2001-05-30T10:50:00,1,5,30,10,50,0.65383333,22.45000000,45.33416667,0.59267562
2001-05-30T11:00:00,1,5,30,11,0,0.69800000,22.60000000,47.03000000,0.62726608
2001-05-30T11:10:00,1,5,30,11,10,0.66116667,23.26666667,46.40750000,0.59605861
2001-05-30T11:20:00,1,5,30,11,20,0.62433333,23.93333333,45.78500000,0.56464020
2001-05-30T11:30:00,1,5,30,11,30,0.58750000,24.60000000,45.16250000,0.53301084
2001-05-30T11:40:00,1,5,30,11,40,0.55066667,25.26666667,44.54000000,0.50117054
2001-05-30T11:50:00,1,5,30,11,50,0.51383333,25.93333333,43.91750000,0.46911930
2001-05-30T12:00:00,1,5,30,12,0,0.47700000,26.60000000,43.29500000,0.43685711
2001-05-30T12:10:00,1,5,30,12,10,0.49866667,26.26666667,43.72000000,0.45572548
2001-05-30T12:20:00,1,5,30,12,20,0.52033333,25.93333333,44.14500000,0.47450914
2001-05-30T12:30:00,1,5,30,12,30,0.54200000,25.60000000,44.57000000,0.49320808
2001-05-30T12:40:00,1,5,30,12,40,0.56366667,25.26666667,44.99500000,0.51182230
2001-05-30T12:50:00,1,5,30,12,50,0.58533333,24.93333333,45.42000000,0.53035180
2001-05-30T13:00:00,1,5,30,13,0,0.60700000,24.60000000,45.84500000,0.54879659
2001-05-30T13:10:00,1,5,30,13,10,0.57283333,24.88333333,44.93250000,0.52031053
2001-05-30T13:20:00,1,5,30,13,20,0.53866667,25.16666667,44.02000000,0.49153764
2001-05-30T13:30:00,1,5,30,13,30,0.50450000,25.45000000,43.10750000,0.46247792
2001-05-30T13:40:00,1,5,30,13,40,0.47033333,25.73333333,42.19500000,0.43313138
2001-05-30T13:50:00,1,5,30,13,50,0.43616667,26.01666667,41.28250000,0.40349800
2001-05-30T14:00:00,1,5,30,14,0,0.40200000,26.30000000,40.37000000,0.37357780
2001-05-30T14:10:00,1,5,30,14,10,0.37500000,25.88333333,39.00833333,0.35083562
2001-05-30T14:20:00,1,5,30,14,20,0.34800000,25.46666667,37.64666667,0.32775522
2001-05-30T14:30:00,1,5,30,14,30,0.32100000,25.05000000,36.28500000,0.30433657
2001-05-30T14:40:00,1,5,30,14,40,0.29400000,24.63333333,34.92333333,0.28057968
2001-05-30T14:50:00,1,5,30,14,50,0.26700000,24.21666667,33.56166667,0.25648456
2001-05-30T15:00:00,1,5,30,15,0,0.24000000,23.80000000,32.20000000,0.23205120
2001-05-30T15:10:00,1,5,30,15,10,0.21600000,23.35000000,30.91000000,0.21012782
2001-05-30T15:20:00,1,5,30,15,20,0.19200000,22.90000000,29.62000000,0.18791962
2001-05-30T15:30:00,1,5,30,15,30,0.16800000,22.45000000,28.33000000,0.16542658
2001-05-30T15:40:00,1,5,30,15,40,0.14400000,22.00000000,27.04000000,0.14264870
2001-05-30T15:50:00,1,5,30,15,50,0.12000000,21.55000000,25.75000000,0.11958600
2001-05-30T16:00:00,1,5,30,16,0,0.09600000,21.10000000,24.46000000,0.09623846
2001-05-30T16:10:00,1,5,30,16,10,0.08116667,20.80000000,23.64083333,0.08167413
2001-05-30T16:20:00,1,5,30,16,20,0.06633333,20.50000000,22.82166667,0.06699802
2001-05-30T16:30:00,1,5,30,16,30,0.05150000,20.20000000,22.00250000,0.05221011
2001-05-30T16:40:00,1,5,30,16,40,0.03666667,19.90000000,21.18333333,0.03731041
2001-05-30T16:50:00,1,5,30,16,50,0.02183333,19.60000000,20.36416667,0.02229893
2001-05-30T17:00:00,1,5,30,17,0,0.00700000,19.30000000,19.54500000,0.00717565
2001-05-30T17:10:00,1,5,30,17,10,0.00583333,19.08333333,19.28750000,0.00598662
2001-05-30T17:20:00,1,5,30,17,20,0.00466667,18.86666667,19.03000000,0.00479482
2001-05-30T17:30:00,1,5,30,17,30,0.00350000,18.65000000,18.77250000,0.00360026
2001-05-30T17:40:00,1,5,30,17,40,0.00233333,18.43333333,18.51500000,0.00240294
2001-05-30T17:50:00,1,5,30,17,50,0.00116667,18.21666667,18.25750000,0.00120285
2001-05-30T18:00:00,1,5,30,18,0,0.00000000,18.00000000,18.00000000,0.00000000
2001-05-30T18:10:00,1,5,30,18,10,0.00000000,17.93333333,17.93333333,0.00000000
2001-05-30T18:20:00,1,5,30,18,20,0.00000000,17.86666667,17.86666667,0.00000000
2001-05-30T18:30:00,1,5,30,18,30,0.00000000,17.80000000,17.80000000,0.00000000
2001-05-30T18:40:00,1,5,30,18,40,0.00000000,17.73333333,17.73333333,0.00000000
2001-05-30T18:50:00,1,5,30,18,50,0.00000000,17.66666667,17.66666667,0.00000000
2001-05-30T19:00:00,1,5,30,19,0,0.00000000,17.60000000,17.60000000,0.00000000
2001-05-30T19:10:00,1,5,30,19,10,0.00000000,17.46666667,17.46666667,0.00000000
2001-05-30T19:20:00,1,5,30,19,20,0.00000000,17.33333333,17.33333333,0.00000000
2001-05-30T19:30:00,1,5,30,19,30,0.00000000,17.20000000,17.20000000,0.00000000
2001-05-30T19:40:00,1,5,30,19,40,0.00000000,17.06666667,17.06666667,0.00000000
2001-05-30T19:50:00,1,5,30,19,50,0.00000000,16.93333333,16.93333333,0.00000000
2001-05-30T20:00:00,1,5,30,20,0,0.00000000,16.80000000,16.80000000,0.00000000
2001-05-30T20:10:00,1,5,30,20,10,0.00000000,16.66666667,16.66666667,0.00000000
2001-05-30T20:20:00,1,5,30,20,20,0.00000000,16.53333333,16.53333333,0.00000000
2001-05-30T20:30:00,1,5,30,20,30,0.00000000,16.40000000,16.40000000,0.00000000
2001-05-30T20:40:00,1,5,30,20,40,0.00000000,16.26666667,16.26666667,0.00000000
2001-05-30T20:50:00,1,5,30,20,50,0.00000000,16.13333333,16.13333333,0.00000000
2001-05-30T21:00:00,1,5,30,21,0,0.00000000,16.00000000,16.00000000,0.00000000
2001-05-30T21:10:00,1,5,30,21,10,0.00000000,15.80000000,15.80000000,0.00000000
2001-05-30T21:20:00,1,5,30,21,20,0.00000000,15.60000000,15.60000000,0.00000000
2001-05-30T21:30:00,1,5,30,21,30,0.00000000,15.40000000,15.40000000,0.00000000
2001-05-30T21:40:00,1,5,30,21,40,0.00000000,15.20000000,15.20000000,0.00000000
2001-05-30T21:50:00,1,5,30,21,50,0.00000000,15.00000000,15.00000000,0.00000000
2001-05-30T22:00:00,1,5,30,22,0,0.00000000,14.80000000,14.80000000,0.00000000
2001-05-30T22:10:00,1,5,30,22,10,0.00000000,14.78333333,14.78333333,0.00000000
2001-05-30T22:20:00,1,5,30,22,20,0.00000000,14.76666667,14.76666667,0.00000000
2001-05-30T22:30:00,1,5,30,22,30,0.00000000,14.75000000,14.75000000,0.00000000
2001-05-30T22:40:00,1,5,30,22,40,0.00000000,14.73333333,14.73333333,0.00000000
2001-05-30T22:50:00,1,5,30,22,50,0.00000000,14.71666667,14.71666667,0.00000000
2001-05-30T23:00:00,1,5,30,23,0,0.00000000,14.70000000,14.70000000,0.00000000
2001-05-30T23:10:00,1,5,30,23,10,0.00000000,15.10000000,15.10000000,0.00000000
2001-05-30T23:20:00,1,5,30,23,20,0.00000000,15.50000000,15.50000000,0.00000000
2001-05-30T23:30:00,1,5,30,23,30,0.00000000,15.90000000,15.90000000,0.00000000
2001-05-30T23:40:00,1,5,30,23,40,0.00000000,16.30000000,16.30000000,0.00000000
2001-05-30T23:50:00,1,5,30,23,50,0.00000000,16.70000000,16.70000000,0.00000000
2001-05-31T00:00:00,1,5,31,0,0,0.00000000,17.10000000,17.10000000,0.00000000
2001-05-31T00:10:00,1,5,31,0,10,0.00000000,17.13333333,17.13333333,0.00000000
2001-05-31T00:20:00,1,5,31,0,20,0.00000000,17.16666667,17.16666667,0.00000000
2001-05-31T00:30:00,1,5,31,0,30,0.00000000,17.20000000,17.20000000,0.00000000
2001-05-31T00:40:00,1,5,31,0,40,0.00000000,17.23333333,17.23333333,0.00000000
2001-05-31T00:50:00,1,5,31,0,50,0.00000000,17.26666667,17.26666667,0.00000000
2001-05-31T01:00:00,1,5,31,1,0,0.00000000,17.30000000,17.30000000,0.00000000
2001-05-31T01:10:00,1,5,31,1,10,0.00000000,17.30000000,17.30000000,0.00000000
2001-05-31T01:20:00,1,5,31,1,20,0.00000000,17.30000000,17.30000000,0.00000000
2001-05-31T01:30:00,1,5,31,1,30,0.00000000,17.30000000,17.30000000,0.00000000
2001-05-31T01:40:00,1,5,31,1,40,0.00000000,17.30000000,17.30000000,0.00000000
2001-05-31T01:50:00,1,5,31,1,50,0.00000000,17.30000000,17.30000000,0.00000000
2001-05-31T02:00:00,1,5,31,2,0,0.00000000,17.30000000,17.30000000,0.00000000
2001-05-31T02:10:00,1,5,31,2,10,0.00000000,17.21666667,17.21666667,0.00000000
2001-05-31T02:20:00,1,5,31,2,20,0.00000000,17.13333333,17.13333333,0.00000000
2001-05-31T02:30:00,1,5,31,2,30,0.00000000,17.05000000,17.05000000,0.00000000
2001-05-31T02:40:00,1,5,31,2,40,0.00000000,16.96666667,16.96666667,0.00000000
2001-05-31T02:50:00,1,5,31,2,50,0.00000000,16.88333333,16.88333333,0.00000000
2001-05-31T03:00:00,1,5,31,3,0,0.00000000,16.80000000,16.80000000,0.00000000
2001-05-31T03:10:00,1,5,31,3,10,0.00000000,16.90000000,16.90000000,0.00000000
2001-05-31T03:20:00,1,5,31,3,20,0.00000000,17.00000000,17.00000000,0.00000000
2001-05-31T03:30:00,1,5,31,3,30,0.00000000,17.10000000,17.10000000,0.00000000
2001-05-31T03:40:00,1,5,31,3,40,0.00000000,17.20000000,17.20000000,0.00000000
2001-05-31T03:50:00,1,5,31,3,50,0.00000000,17.30000000,17.30000000,0.00000000
2001-05-31T04:00:00,1,5,31,4,0,0.00000000,17.40000000,17.40000000,0.00000000
2001-05-31T04:10:00,1,5,31,4,10,0.00000000,17.35000000,17.35000000,0.00000000
2001-05-31T04:20:00,1,5,31,4,20,0.00000000,17.30000000,17.30000000,0.00000000
2001-05-31T04:30:00,1,5,31,4,30,0.00000000,17.25000000,17.25000000,0.00000000
2001-05-31T04:40:00,1,5,31,4,40,0.00000000,17.20000000,17.20000000,0.00000000
2001-05-31T04:50:00,1,5,31,4,50,0.00000000,17.15000000,17.15000000,0.00000000
2001-05-31T05:00:00,1,5,31,5,0,0.00000000,17.10000000,17.10000000,0.00000000
2001-05-31T05:10:00,1,5,31,5,10,0.00033333,17.10000000,17.11166667,0.00034543
2001-05-31T05:20:00,1,5,31,5,20,0.00066667,17.10000000,17.12333333,0.00069082
2001-05-31T05:30:00,1,5,31,5,30,0.00100000,17.10000000,17.13500000,0.00103618
2001-05-31T05:40:00,1,5,31,5,40,0.00133333,17.10000000,17.14666667,0.00138150
2001-05-31T05:50:00,1,5,31,5,50,0.00166667,17.10000000,17.15833333,0.00172679
2001-05-31T06:00:00,1,5,31,6,0,0.00200000,17.10000000,17.17000000,0.00207204
2001-05-31T06:10:00,1,5,31,6,10,0.01883333,17.08333333,17.74250000,0.01946207
2001-05-31T06:20:00,1,5,31,6,20,0.03566667,17.06666667,18.31500000,0.03676345
2001-05-31T06:30:00,1,5,31,6,30,0.05250000,17.05000000,18.88750000,0.05397617
2001-05-31T06:40:00,1,5,31,6,40,0.06933333,17.03333333,19.46000000,0.07110022
2001-05-31T06:50:00,1,5,31,6,50,0.08616667,17.01666667,20.03250000,0.08813562
2001-05-31T07:00:00,1,5,31,7,0,0.10300000,17.00000000,20.60500000,0.10508235
2001-05-31T07:10:00,1,5,31,7,10,0.12916667,17.11666667,21.63750000,0.13116455
2001-05-31T07:20:00,1,5,31,7,20,0.15533333,17.23333333,22.67000000,0.15699820
2001-05-31T07:30:00,1,5,31,7,30,0.18150000,17.35000000,23.70250000,0.18258328
2001-05-31T07:40:00,1,5,31,7,40,0.20766667,17.46666667,24.73500000,0.20791981
2001-05-31T07:50:00,1,5,31,7,50,0.23383333,17.58333333,25.76750000,0.23300778
2001-05-31T08:00:00,1,5,31,8,0,0.26000000,17.70000000,26.80000000,0.25784720
2001-05-31T08:10:00,1,5,31,8,10,0.24633333,17.96666667,26.58833333,0.24453354
2001-05-31T08:20:00,1,5,31,8,20,0.23266667,18.23333333,26.37666667,0.23119327
2001-05-31T08:30:00,1,5,31,8,30,0.21900000,18.50000000,26.16500000,0.21782638
2001-05-31T08:40:00,1,5,31,8,40,0.20533333,18.76666667,25.95333333,0.20443288
2001-05-31T08:50:00,1,5,31,8,50,0.19166667,19.03333333,25.74166667,0.19101276
2001-05-31T09:00:00,1,5,31,9,0,0.17800000,19.30000000,25.53000000,0.17756604
2001-05-31T09:10:00,1,5,31,9,10,0.20900000,19.18333333,26.49833333,0.20755950
2001-05-31T09:20:00,1,5,31,9,20,0.24000000,19.06666667,27.46666667,0.23727680
2001-05-31T09:30:00,1,5,31,9,30,0.27100000,18.95000000,28.43500000,0.26671793
2001-05-31T09:40:00,1,5,31,9,40,0.30200000,18.83333333,29.40333333,0.29588289
2001-05-31T09:50:00,1,5,31,9,50,0.33300000,18.71666667,30.37166667,0.32477168
2001-05-31T10:00:00,1,5,31,10,0,0.36400000,18.60000000,31.34000000,0.35338430
2001-05-31T10:10:00,1,5,31,10,10,0.33550000,18.98333333,30.72583333,0.32666332
2001-05-31T10:20:00,1,5,31,10,20,0.30700000,19.36666667,30.11166667,0.29978130
2001-05-31T10:30:00,1,5,31,10,30,0.27850000,19.75000000,29.49750000,0.27273825
2001-05-31T10:40:00,1,5,31,10,40,0.25000000,20.13333333,28.88333333,0.24553417
2001-05-31T10:50:00,1,5,31,10,50,0.22150000,20.51666667,28.26916667,0.21816905
2001-05-31T11:00:00,1,5,31,11,0,0.19300000,20.90000000,27.65500000,0.19064289
2001-05-31T11:10:00,1,5,31,11,10,0.19250000,20.61666667,27.35416667,0.19041539
2001-05-31T11:20:00,1,5,31,11,20,0.19200000,20.33333333,27.05333333,0.19018650
2001-05-31T11:30:00,1,5,31,11,30,0.19150000,20.05000000,26.75250000,0.18995622
2001-05-31T11:40:00,1,5,31,11,40,0.19100000,19.76666667,26.45166667,0.18972457
2001-05-31T11:50:00,1,5,31,11,50,0.19050000,19.48333333,26.15083333,0.18949152
2001-05-31T12:00:00,1,5,31,12,0,0.19000000,19.20000000,25.85000000,0.18925710
2001-05-31T12:10:00,1,5,31,12,10,0.22300000,19.16666667,26.97166667,0.22097746
2001-05-31T12:20:00,1,5,31,12,20,0.25600000,19.13333333,28.09333333,0.25235729
2001-05-31T12:30:00,1,5,31,12,30,0.28900000,19.10000000,29.21500000,0.28339658
2001-05-31T12:40:00,1,5,31,12,40,0.32200000,19.06666667,30.33666667,0.31409533
2001-05-31T12:50:00,1,5,31,12,50,0.35500000,19.03333333,31.45833333,0.34445354
2001-05-31T13:00:00,1,5,31,13,0,0.38800000,19.00000000,32.58000000,0.37447122
2001-05-31T13:10:00,1,5,31,13,10,0.38750000,19.40000000,32.96250000,0.37330684
2001-05-31T13:20:00,1,5,31,13,20,0.38700000,19.80000000,33.34500000,0.37214423
2001-05-31T13:30:00,1,5,31,13,30,0.38650000,20.20000000,33.72750000,0.37098338
2001-05-31T13:40:00,1,5,31,13,40,0.38600000,20.60000000,34.11000000,0.36982428
2001-05-31T13:50:00,1,5,31,13,50,0.38550000,21.00000000,34.49250000,0.36866695
2001-05-31T14:00:00,1,5,31,14,0,0.38500000,21.40000000,34.87500000,0.36751137
2001-05-31T14:10:00,1,5,31,14,10,0.33816667,21.35000000,33.18583333,0.32543306
2001-05-31T14:20:00,1,5,31,14,20,0.29133333,21.30000000,31.49666667,0.28262693
2001-05-31T14:30:00,1,5,31,14,30,0.24450000,21.25000000,29.80750000,0.23909300
2001-05-31T14:40:00,1,5,31,14,40,0.19766667,21.20000000,28.11833333,0.19483127
2001-05-31T14:50:00,1,5,31,14,50,0.15083333,21.15000000,26.42916667,0.14984173
2001-05-31T15:00:00,1,5,31,15,0,0.10400000,21.10000000,24.74000000,0.10412438
2001-05-31T15:10:00,1,5,31,15,10,0.10433333,20.70000000,24.35166667,0.10464449
2001-05-31T15:20:00,1,5,31,15,20,0.10466667,20.30000000,23.96333333,0.10516579
2001-05-31T15:30:00,1,5,31,15,30,0.10500000,19.90000000,23.57500000,0.10568828
2001-05-31T15:40:00,1,5,31,15,40,0.10533333,19.50000000,23.18666667,0.10621195
2001-05-31T15:50:00,1,5,31,15,50,0.10566667,19.10000000,22.79833333,0.10673682
2001-05-31T16:00:00,1,5,31,16,0,0.10600000,18.70000000,22.41000000,0.10726288
2001-05-31T16:10:00,1,5,31,16,10,0.08883333,18.55000000,21.65916667,0.09019851
2001-05-31T16:20:00,1,5,31,16,20,0.07166667,18.40000000,20.90833333,0.07301555
2001-05-31T16:30:00,1,5,31,16,30,0.05450000,18.25000000,20.15750000,0.05571401
2001-05-31T16:40:00,1,5,31,16,40,0.03733333,18.10000000,19.40666667,0.03829390
2001-05-31T16:50:00,1,5,31,16,50,0.02016667,17.95000000,18.65583333,0.02075519
2001-05-31T17:00:00,1,5,31,17,0,0.00300000,17.80000000,17.90500000,0.00309791
2001-05-31T17:10:00,1,5,31,17,10,0.00250000,17.75000000,17.83750000,0.00258237
2001-05-31T17:20:00,1,5,31,17,20,0.00200000,17.70000000,17.77000000,0.00206652
2001-05-31T17:30:00,1,5,31,17,30,0.00150000,17.65000000,17.70250000,0.00155035
2001-05-31T17:40:00,1,5,31,17,40,0.00100000,17.60000000,17.63500000,0.00103388
2001-05-31T17:50:00,1,5,31,17,50,0.00050000,17.55000000,17.56750000,0.00051709
2001-05-31T18:00:00,1,5,31,18,0,0.00000000,17.50000000,17.50000000,0.00000000
2001-05-31T18:10:00,1,5,31,18,10,0.00000000,17.40000000,17.40000000,0.00000000
2001-05-31T18:20:00,1,5,31,18,20,0.00000000,17.30000000,17.30000000,0.00000000
2001-05-31T18:30:00,1,5,31,18,30,0.00000000,17.20000000,17.20000000,0.00000000
2001-05-31T18:40:00,1,5,31,18,40,0.00000000,17.10000000,17.10000000,0.00000000
2001-05-31T18:50:00,1,5,31,18,50,0.00000000,17.00000000,17.00000000,0.00000000
2001-05-31T19:00:00,1,5,31,19,0,0.00000000,16.90000000,16.90000000,0.00000000
2001-05-31T19:10:00,1,5,31,19,10,0.00000000,16.98333333,16.98333333,0.00000000
2001-05-31T19:20:00,1,5,31,19,20,0.00000000,17.06666667,17.06666667,0.00000000
2001-05-31T19:30:00,1,5,31,19,30,0.00000000,17.15000000,17.15000000,0.00000000
2001-05-31T19:40:00,1,5,31,19,40,0.00000000,17.23333333,17.23333333,0.00000000
2001-05-31T19:50:00,1,5,31,19,50,0.00000000,17.31666667,17.31666667,0.00000000
2001-05-31T20:00:00,1,5,31,20,0,0.00000000,17.40000000,17.40000000,0.00000000
2001-05-31T20:10:00,1,5,31,20,10,0.00000000,17.35000000,17.35000000,0.00000000
2001-05-31T20:20:00,1,5,31,20,20,0.00000000,17.30000000,17.30000000,0.00000000
2001-05-31T20:30:00,1,5,31,20,30,0.00000000,17.25000000,17.25000000,0.00000000
2001-05-31T20:40:00,1,5,31,20,40,0.00000000,17.20000000,17.20000000,0.00000000
2001-05-31T20:50:00,1,5,31,20,50,0.00000000,17.15000000,17.15000000,0.00000000
2001-05-31T21:00:00,1,5,31,21,0,0.00000000,17.10000000,17.10000000,0.00000000
2001-05-31T21:10:00,1,5,31,21,10,0.00000000,16.96666667,16.96666667,0.00000000
2001-05-31T21:20:00,1,5,31,21,20,0.00000000,16.83333333,16.83333333,0.00000000
2001-05-31T21:30:00,1,5,31,21,30,0.00000000,16.70000000,16.70000000,0.00000000
2001-05-31T21:40:00,1,5,31,21,40,0.00000000,16.56666667,16.56666667,0.00000000
2001-05-31T21:50:00,1,5,31,21,50,0.00000000,16.43333333,16.43333333,0.00000000
2001-05-31T22:00:00,1,5,31,22,0,0.00000000,16.30000000,16.30000000,0.00000000
2001-05-31T22:10:00,1,5,31,22,10,0.00000000,16.30000000,16.30000000,0.00000000
2001-05-31T22:20:00,1,5,31,22,20,0.00000000,16.30000000,16.30000000,0.00000000
2001-05-31T22:30:00,1,5,31,22,30,0.00000000,16.30000000,16.30000000,0.00000000
2001-05-31T22:40:00,1,5,31,22,40,0.00000000,16.30000000,16.30000000,0.00000000
2001-05-31T22:50:00,1,5,31,22,50,0.00000000,16.30000000,16.30000000,0.00000000
2001-05-31T23:00:00,1,5,31,23,0,0.00000000,16.30000000,16.30000000,0.00000000
2001-05-31T23:10:00,1,5,31,23,10,0.00000000,16.38333333,16.38333333,0.00000000
2001-05-31T23:20:00,1,5,31,23,20,0.00000000,16.46666667,16.46666667,0.00000000
2001-05-31T23:30:00,1,5,31,23,30,0.00000000,16.55000000,16.55000000,0.00000000
2001-05-31T23:40:00,1,5,31,23,40,0.00000000,16.63333333,16.63333333,0.00000000
2001-05-31T23:50:00,1,5,31,23,50,0.00000000,16.71666667,16.71666667,0.00000000
