timestamp,source_year_index,month,day,hour,minute,irradiance_pu,ambient_temperature_c,panel_temperature_c,generation_pu
2001-06-01T00:00:00,1,6,1,0,0,0.00000000,16.80000000,16.80000000,0.00000000
2001-06-01T00:10:00,1,6,1,0,10,0.00000000,16.75000000,16.75000000,0.00000000
2001-06-01T00:20:00,1,6,1,0,20,0.00000000,16.70000000,16.70000000,0.00000000
2001-06-01T00:30:00,1,6,1,0,30,0.00000000,16.65000000,16.65000000,0.00000000
2001-06-01T00:40:00,1,6,1,0,40,0.00000000,16.60000000,16.60000000,0.00000000
2001-06-01T00:50:00,1,6,1,0,50,0.00000000,16.55000000,16.55000000,0.00000000
2001-06-01T01:00:00,1,6,1,1,0,0.00000000,16.50000000,16.50000000,0.00000000
2001-06-01T01:10:00,1,6,1,1,10,0.00000000,16.51666667,16.51666667,0.00000000
2001-06-01T01:20:00,1,6,1,1,20,0.00000000,16.53333333,16.53333333,0.00000000
2001-06-01T01:30:00,1,6,1,1,30,0.00000000,16.55000000,16.55000000,0.00000000
2001-06-01T01:40:00,1,6,1,1,40,0.00000000,16.56666667,16.56666667,0.00000000
2001-06-01T01:50:00,1,6,1,1,50,0.00000000,16.58333333,16.58333333,0.00000000
2001-06-01T02:00:00,1,6,1,2,0,0.00000000,16.60000000,16.60000000,0.00000000
2001-06-01T02:10:00,1,6,1,2,10,0.00000000,16.46666667,16.46666667,0.00000000
2001-06-01T02:20:00,1,6,1,2,20,0.00000000,16.33333333,16.33333333,0.00000000
2001-06-01T02:30:00,1,6,1,2,30,0.00000000,16.20000000,16.20000000,0.00000000
2001-06-01T02:40:00,1,6,1,2,40,0.00000000,16.06666667,16.06666667,0.00000000
2001-06-01T02:50:00,1,6,1,2,50,0.00000000,15.93333333,15.93333333,0.00000000
2001-06-01T03:00:00,1,6,1,3,0,0.00000000,15.80000000,15.80000000,0.00000000
2001-06-01T03:10:00,1,6,1,3,10,0.00000000,15.75000000,15.75000000,0.00000000
2001-06-01T03:20:00,1,6,1,3,20,0.00000000,15.70000000,15.70000000,0.00000000
2001-06-01T03:30:00,1,6,1,3,30,0.00000000,15.65000000,15.65000000,0.00000000
2001-06-01T03:40:00,1,6,1,3,40,0.00000000,15.60000000,15.60000000,0.00000000
2001-06-01T03:50:00,1,6,1,3,50,0.00000000,15.55000000,15.55000000,0.00000000
2001-06-01T04:00:00,1,6,1,4,0,0.00000000,15.50000000,15.50000000,0.00000000
2001-06-01T04:10:00,1,6,1,4,10,0.00000000,15.48333333,15.48333333,0.00000000
2001-06-01T04:20:00,1,6,1,4,20,0.00000000,15.46666667,15.46666667,0.00000000
2001-06-01T04:30:00,1,6,1,4,30,0.00000000,15.45000000,15.45000000,0.00000000
2001-06-01T04:40:00,1,6,1,4,40,0.00000000,15.43333333,15.43333333,0.00000000
2001-06-01T04:50:00,1,6,1,4,50,0.00000000,15.41666667,15.41666667,0.00000000
2001-06-01T05:00:00,1,6,1,5,0,0.00000000,15.40000000,15.40000000,0.00000000
2001-06-01T05:10:00,1,6,1,5,10,0.00050000,15.40000000,15.41750000,0.00052204
2001-06-01T05:20:00,1,6,1,5,20,0.00100000,15.40000000,15.43500000,0.00104400
2001-06-01T05:30:00,1,6,1,5,30,0.00150000,15.40000000,15.45250000,0.00156588
2001-06-01T05:40:00,1,6,1,5,40,0.00200000,15.40000000,15.47000000,0.00208768
2001-06-01T05:50:00,1,6,1,5,50,0.00250000,15.40000000,15.48750000,0.00260939
2001-06-01T06:00:00,1,6,1,6,0,0.00300000,15.40000000,15.50500000,0.00313103
2001-06-01T06:10:00,1,6,1,6,10,0.01883333,15.41666667,16.07583333,0.01960646
2001-06-01T06:20:00,1,6,1,6,20,0.03466667,15.43333333,16.64666667,0.03599874
2001-06-01T06:30:00,1,6,1,6,30,0.05050000,15.45000000,17.21750000,0.05230787
2001-06-01T06:40:00,1,6,1,6,40,0.06633333,15.46666667,17.78833333,0.06853385
2001-06-01T06:50:00,1,6,1,6,50,0.08216667,15.48333333,18.35916667,0.08467668
2001-06-01T07:00:00,1,6,1,7,0,0.09800000,15.50000000,18.93000000,0.10073636
2001-06-01T07:10:00,1,6,1,7,10,0.10233333,15.93333333,19.51500000,0.10491531
2001-06-01T07:20:00,1,6,1,7,20,0.10666667,16.36666667,20.10000000,0.10907093
2001-06-01T07:30:00,1,6,1,7,30,0.11100000,16.80000000,20.68500000,0.11320324
2001-06-01T07:40:00,1,6,1,7,40,0.11533333,17.23333333,21.27000000,0.11731222
2001-06-01T07:50:00,1,6,1,7,50,0.11966667,17.66666667,21.85500000,0.12139788
2001-06-01T08:00:00,1,6,1,8,0,0.12400000,18.10000000,22.44000000,0.12546022
2001-06-01T08:10:00,1,6,1,8,10,0.14883333,18.21666667,23.42583333,0.14991106
2001-06-01T08:20:00,1,6,1,8,20,0.17366667,18.33333333,24.41166667,0.17413667
2001-06-01T08:30:00,1,6,1,8,30,0.19850000,18.45000000,25.39750000,0.19813704
2001-06-01T08:40:00,1,6,1,8,40,0.22333333,18.56666667,26.38333333,0.22191219
2001-06-01T08:50:00,1,6,1,8,50,0.24816667,18.68333333,27.36916667,0.24546210
2001-06-01T09:00:00,1,6,1,9,0,0.27300000,18.80000000,28.35500000,0.26878679
2001-06-01T09:10:00,1,6,1,9,10,0.32633333,19.23333333,30.65500000,0.31784442
2001-06-01T09:20:00,1,6,1,9,20,0.37966667,19.66666667,32.95500000,0.36577352
2001-06-01T09:30:00,1,6,1,9,30,0.43300000,20.10000000,35.25500000,0.41257409
2001-06-01T09:40:00,1,6,1,9,40,0.48633333,20.53333333,37.55500000,0.45824612
2001-06-01T09:50:00,1,6,1,9,50,0.53966667,20.96666667,39.85500000,0.50278962
2001-06-01T10:00:00,1,6,1,10,0,0.59300000,21.40000000,42.15500000,0.54620459
2001-06-01T10:10:00,1,6,1,10,10,0.55900000,22.13333333,41.69833333,0.51606191
2001-06-01T10:20:00,1,6,1,10,20,0.52500000,22.86666667,41.24166667,0.48577638
2001-06-01T10:30:00,1,6,1,10,30,0.49100000,23.60000000,40.78500000,0.45534800
2001-06-01T10:40:00,1,6,1,10,40,0.45700000,24.33333333,40.32833333,0.42477678
2001-06-01T10:50:00,1,6,1,10,50,0.42300000,25.06666667,39.87166667,0.39406271
2001-06-01T11:00:00,1,6,1,11,0,0.38900000,25.80000000,39.41500000,0.36320580
2001-06-01T11:10:00,1,6,1,11,10,0.41683333,25.50000000,40.08916667,0.38790086
2001-06-01T11:20:00,1,6,1,11,20,0.44466667,25.20000000,40.76333333,0.41242329
2001-06-01T11:30:00,1,6,1,11,30,0.47250000,24.90000000,41.43750000,0.43677309
2001-06-01T11:40:00,1,6,1,11,40,0.50033333,24.60000000,42.11166667,0.46095026
2001-06-01T11:50:00,1,6,1,11,50,0.52816667,24.30000000,42.78583333,0.48495480
2001-06-01T12:00:00,1,6,1,12,0,0.55600000,24.00000000,43.46000000,0.50878670
2001-06-01T12:10:00,1,6,1,12,10,0.51966667,24.23333333,42.42166667,0.47802075
2001-06-01T12:20:00,1,6,1,12,20,0.48333333,24.46666667,41.38333333,0.44690772
2001-06-01T12:30:00,1,6,1,12,30,0.44700000,24.70000000,40.34500000,0.41544761
2001-06-01T12:40:00,1,6,1,12,40,0.41066667,24.93333333,39.30666667,0.38364042
2001-06-01T12:50:00,1,6,1,12,50,0.37433333,25.16666667,38.26833333,0.35148615
2001-06-01T13:00:00,1,6,1,13,0,0.33800000,25.40000000,37.23000000,0.31898480
2001-06-01T13:10:00,1,6,1,13,10,0.34150000,25.15000000,37.10250000,0.32248818
2001-06-01T13:20:00,1,6,1,13,20,0.34500000,24.90000000,36.97500000,0.32599568
2001-06-01T13:30:00,1,6,1,13,30,0.34850000,24.65000000,36.84750000,0.32950727
2001-06-01T13:40:00,1,6,1,13,40,0.35200000,24.40000000,36.72000000,0.33302298
2001-06-01T13:50:00,1,6,1,13,50,0.35550000,24.15000000,36.59250000,0.33654278
2001-06-01T14:00:00,1,6,1,14,0,0.35900000,23.90000000,36.46500000,0.34006670
2001-06-01T14:10:00,1,6,1,14,10,0.35116667,23.88333333,36.17416667,0.33311629
2001-06-01T14:20:00,1,6,1,14,20,0.34333333,23.86666667,35.88333333,0.32614492
2001-06-01T14:30:00,1,6,1,14,30,0.33550000,23.85000000,35.59250000,0.31915259
2001-06-01T14:40:00,1,6,1,14,40,0.32766667,23.83333333,35.30166667,0.31213931
2001-06-01T14:50:00,1,6,1,14,50,0.31983333,23.81666667,35.01083333,0.30510506
2001-06-01T15:00:00,1,6,1,15,0,0.31200000,23.80000000,34.72000000,0.29804986
2001-06-01T15:10:00,1,6,1,15,10,0.28016667,23.65000000,33.45583333,0.26926907
2001-06-01T15:20:00,1,6,1,15,20,0.24833333,23.50000000,32.19166667,0.24011805
2001-06-01T15:30:00,1,6,1,15,30,0.21650000,23.35000000,30.92750000,0.21059680
2001-06-01T15:40:00,1,6,1,15,40,0.18466667,23.20000000,29.66333333,0.18070532
2001-06-01T15:50:00,1,6,1,15,50,0.15283333,23.05000000,28.39916667,0.15044361
2001-06-01T16:00:00,1,6,1,16,0,0.12100000,22.90000000,27.13500000,0.11981166
2001-06-01T16:10:00,1,6,1,16,10,0.10166667,22.50000000,26.05833333,0.10117172
2001-06-01T16:20:00,1,6,1,16,20,0.08233333,22.10000000,24.98166667,0.08234028
2001-06-01T16:30:00,1,6,1,16,30,0.06300000,21.70000000,23.90500000,0.06331733
2001-06-01T16:40:00,1,6,1,16,40,0.04366667,21.30000000,22.82833333,0.04410288
2001-06-01T16:50:00,1,6,1,16,50,0.02433333,20.90000000,21.75166667,0.02469693
2001-06-01T17:00:00,1,6,1,17,0,0.00500000,20.50000000,20.67500000,0.00509948
2001-06-01T17:10:00,1,6,1,17,10,0.00416667,20.20000000,20.34583333,0.00425587
2001-06-01T17:20:00,1,6,1,17,20,0.00333333,19.90000000,20.01666667,0.00340974
2001-06-01T17:30:00,1,6,1,17,30,0.00250000,19.60000000,19.68750000,0.00256109
2001-06-01T17:40:00,1,6,1,17,40,0.00166667,19.30000000,19.35833333,0.00170992
2001-06-01T17:50:00,1,6,1,17,50,0.00083333,19.00000000,19.02916667,0.00085622
2001-06-01T18:00:00,1,6,1,18,0,0.00000000,18.70000000,18.70000000,0.00000000
2001-06-01T18:10:00,1,6,1,18,10,0.00000000,18.71666667,18.71666667,0.00000000
2001-06-01T18:20:00,1,6,1,18,20,0.00000000,18.73333333,18.73333333,0.00000000
2001-06-01T18:30:00,1,6,1,18,30,0.00000000,18.75000000,18.75000000,0.00000000
2001-06-01T18:40:00,1,6,1,18,40,0.00000000,18.76666667,18.76666667,0.00000000
2001-06-01T18:50:00,1,6,1,18,50,0.00000000,18.78333333,18.78333333,0.00000000
2001-06-01T19:00:00,1,6,1,19,0,0.00000000,18.80000000,18.80000000,0.00000000
2001-06-01T19:10:00,1,6,1,19,10,0.00000000,18.65000000,18.65000000,0.00000000
2001-06-01T19:20:00,1,6,1,19,20,0.00000000,18.50000000,18.50000000,0.00000000
2001-06-01T19:30:00,1,6,1,19,30,0.00000000,18.35000000,18.35000000,0.00000000
2001-06-01T19:40:00,1,6,1,19,40,0.00000000,18.20000000,18.20000000,0.00000000
2001-06-01T19:50:00,1,6,1,19,50,0.00000000,18.05000000,18.05000000,0.00000000
2001-06-01T20:00:00,1,6,1,20,0,0.00000000,17.90000000,17.90000000,0.00000000
2001-06-01T20:10:00,1,6,1,20,10,0.00000000,17.86666667,17.86666667,0.00000000
2001-06-01T20:20:00,1,6,1,20,20,0.00000000,17.83333333,17.83333333,0.00000000
2001-06-01T20:30:00,1,6,1,20,30,0.00000000,17.80000000,17.80000000,0.00000000
2001-06-01T20:40:00,1,6,1,20,40,0.00000000,17.76666667,17.76666667,0.00000000
2001-06-01T20:50:00,1,6,1,20,50,0.00000000,17.73333333,17.73333333,0.00000000
2001-06-01T21:00:00,1,6,1,21,0,0.00000000,17.70000000,17.70000000,0.00000000
2001-06-01T21:10:00,1,6,1,21,10,0.00000000,17.50000000,17.50000000,0.00000000
2001-06-01T21:20:00,1,6,1,21,20,0.00000000,17.30000000,17.30000000,0.00000000
2001-06-01T21:30:00,1,6,1,21,30,0.00000000,17.10000000,17.10000000,0.00000000
2001-06-01T21:40:00,1,6,1,21,40,0.00000000,16.90000000,16.90000000,0.00000000
2001-06-01T21:50:00,1,6,1,21,50,0.00000000,16.70000000,16.70000000,0.00000000
2001-06-01T22:00:00,1,6,1,22,0,0.00000000,16.50000000,16.50000000,0.00000000
2001-06-01T22:10:00,1,6,1,22,10,0.00000000,16.50000000,16.50000000,0.00000000
2001-06-01T22:20:00,1,6,1,22,20,0.00000000,16.50000000,16.50000000,0.00000000
2001-06-01T22:30:00,1,6,1,22,30,0.00000000,16.50000000,16.50000000,0.00000000
2001-06-01T22:40:00,1,6,1,22,40,0.00000000,16.50000000,16.50000000,0.00000000
2001-06-01T22:50:00,1,6,1,22,50,0.00000000,16.50000000,16.50000000,0.00000000
2001-06-01T23:00:00,1,6,1,23,0,0.00000000,16.50000000,16.50000000,0.00000000
2001-06-01T23:10:00,1,6,1,23,10,0.00000000,16.68333333,16.68333333,0.00000000
2001-06-01T23:20:00,1,6,1,23,20,0.00000000,16.86666667,16.86666667,0.00000000
2001-06-01T23:30:00,1,6,1,23,30,0.00000000,17.05000000,17.05000000,0.00000000
2001-06-01T23:40:00,1,6,1,23,40,0.00000000,17.23333333,17.23333333,0.00000000
2001-06-01T23:50:00,1,6,1,23,50,0.00000000,17.41666667,17.41666667,0.00000000
2001-06-02T00:00:00,1,6,2,0,0,0.00000000,17.60000000,17.60000000,0.00000000
2001-06-02T00:10:00,1,6,2,0,10,0.00000000,17.46666667,17.46666667,0.00000000
2001-06-02T00:20:00,1,6,2,0,20,0.00000000,17.33333333,17.33333333,0.00000000
2001-06-02T00:30:00,1,6,2,0,30,0.00000000,17.20000000,17.20000000,0.00000000
2001-06-02T00:40:00,1,6,2,0,40,0.00000000,17.06666667,17.06666667,0.00000000
2001-06-02T00:50:00,1,6,2,0,50,0.00000000,16.93333333,16.93333333,0.00000000
2001-06-02T01:00:00,1,6,2,1,0,0.00000000,16.80000000,16.80000000,0.00000000
2001-06-02T01:10:00,1,6,2,1,10,0.00000000,16.78333333,16.78333333,0.00000000
2001-06-02T01:20:00,1,6,2,1,20,0.00000000,16.76666667,16.76666667,0.00000000
2001-06-02T01:30:00,1,6,2,1,30,0.00000000,16.75000000,16.75000000,0.00000000
2001-06-02T01:40:00,1,6,2,1,40,0.00000000,16.73333333,16.73333333,0.00000000
2001-06-02T01:50:00,1,6,2,1,50,0.00000000,16.71666667,16.71666667,0.00000000
2001-06-02T02:00:00,1,6,2,2,0,0.00000000,16.70000000,16.70000000,0.00000000
2001-06-02T02:10:00,1,6,2,2,10,0.00000000,16.75000000,16.75000000,0.00000000
2001-06-02T02:20:00,1,6,2,2,20,0.00000000,16.80000000,16.80000000,0.00000000
2001-06-02T02:30:00,1,6,2,2,30,0.00000000,16.85000000,16.85000000,0.00000000
2001-06-02T02:40:00,1,6,2,2,40,0.00000000,16.90000000,16.90000000,0.00000000
2001-06-02T02:50:00,1,6,2,2,50,0.00000000,16.95000000,16.95000000,0.00000000
2001-06-02T03:00:00,1,6,2,3,0,0.00000000,17.00000000,17.00000000,0.00000000
2001-06-02T03:10:00,1,6,2,3,10,0.00000000,16.86666667,16.86666667,0.00000000
2001-06-02T03:20:00,1,6,2,3,20,0.00000000,16.73333333,16.73333333,0.00000000
2001-06-02T03:30:00,1,6,2,3,30,0.00000000,16.60000000,16.60000000,0.00000000
2001-06-02T03:40:00,1,6,2,3,40,0.00000000,16.46666667,16.46666667,0.00000000
2001-06-02T03:50:00,1,6,2,3,50,0.00000000,16.33333333,16.33333333,0.00000000
2001-06-02T04:00:00,1,6,2,4,0,0.00000000,16.20000000,16.20000000,0.00000000
2001-06-02T04:10:00,1,6,2,4,10,0.00000000,16.25000000,16.25000000,0.00000000
2001-06-02T04:20:00,1,6,2,4,20,0.00000000,16.30000000,16.30000000,0.00000000
2001-06-02T04:30:00,1,6,2,4,30,0.00000000,16.35000000,16.35000000,0.00000000
2001-06-02T04:40:00,1,6,2,4,40,0.00000000,16.40000000,16.40000000,0.00000000
2001-06-02T04:50:00,1,6,2,4,50,0.00000000,16.45000000,16.45000000,0.00000000
2001-06-02T05:00:00,1,6,2,5,0,0.00000000,16.50000000,16.50000000,0.00000000
2001-06-02T05:10:00,1,6,2,5,10,0.00033333,16.50000000,16.51166667,0.00034635
2001-06-02T05:20:00,1,6,2,5,20,0.00066667,16.50000000,16.52333333,0.00069266
2001-06-02T05:30:00,1,6,2,5,30,0.00100000,16.50000000,16.53500000,0.00103894
2001-06-02T05:40:00,1,6,2,5,40,0.00133333,16.50000000,16.54666667,0.00138518
2001-06-02T05:50:00,1,6,2,5,50,0.00166667,16.50000000,16.55833333,0.00173139
2001-06-02T06:00:00,1,6,2,6,0,0.00200000,16.50000000,16.57000000,0.00207756
2001-06-02T06:10:00,1,6,2,6,10,0.01616667,16.51666667,17.08250000,0.01675546
2001-06-02T06:20:00,1,6,2,6,20,0.03033333,16.53333333,17.59500000,0.03136658
2001-06-02T06:30:00,1,6,2,6,30,0.04450000,16.55000000,18.10750000,0.04591089
2001-06-02T06:40:00,1,6,2,6,40,0.05866667,16.56666667,18.62000000,0.06038842
2001-06-02T06:50:00,1,6,2,6,50,0.07283333,16.58333333,19.13250000,0.07479914
2001-06-02T07:00:00,1,6,2,7,0,0.08700000,16.60000000,19.64500000,0.08914307
2001-06-02T07:10:00,1,6,2,7,10,0.10516667,16.91666667,20.59750000,0.10729645
2001-06-02T07:20:00,1,6,2,7,20,0.12333333,17.23333333,21.55000000,0.12529063
2001-06-02T07:30:00,1,6,2,7,30,0.14150000,17.55000000,22.50250000,0.14312562
2001-06-02T07:40:00,1,6,2,7,40,0.15966667,17.86666667,23.45500000,0.16080142
2001-06-02T07:50:00,1,6,2,7,50,0.17783333,18.18333333,24.40750000,0.17831802
2001-06-02T08:00:00,1,6,2,8,0,0.19600000,18.50000000,25.36000000,0.19567542
2001-06-02T08:10:00,1,6,2,8,10,0.22816667,19.00000000,26.98583333,0.22608240
2001-06-02T08:20:00,1,6,2,8,20,0.26033333,19.50000000,28.61166667,0.25600824
2001-06-02T08:30:00,1,6,2,8,30,0.29250000,20.00000000,30.23750000,0.28545294
2001-06-02T08:40:00,1,6,2,8,40,0.32466667,20.50000000,31.86333333,0.31441651
2001-06-02T08:50:00,1,6,2,8,50,0.35683333,21.00000000,33.48916667,0.34289893
2001-06-02T09:00:00,1,6,2,9,0,0.38900000,21.50000000,35.11500000,0.37090022
2001-06-02T09:10:00,1,6,2,9,10,0.34466667,22.26666667,34.33000000,0.32987426
2001-06-02T09:20:00,1,6,2,9,20,0.30033333,23.03333333,33.54500000,0.28852813
2001-06-02T09:30:00,1,6,2,9,30,0.25600000,23.80000000,32.76000000,0.24686182
2001-06-02T09:40:00,1,6,2,9,40,0.21166667,24.56666667,31.97500000,0.20487534
2001-06-02T09:50:00,1,6,2,9,50,0.16733333,25.33333333,31.19000000,0.16256868
2001-06-02T10:00:00,1,6,2,10,0,0.12300000,26.10000000,30.40500000,0.11994185
2001-06-02T10:10:00,1,6,2,10,10,0.18850000,25.23333333,31.83083333,0.18257698
2001-06-02T10:20:00,1,6,2,10,20,0.25400000,24.36666667,33.25666667,0.24435291
2001-06-02T10:30:00,1,6,2,10,30,0.31950000,23.50000000,34.68250000,0.30526963
2001-06-02T10:40:00,1,6,2,10,40,0.38500000,22.63333333,36.10833333,0.36532714
2001-06-02T10:50:00,1,6,2,10,50,0.45050000,21.76666667,37.53416667,0.42452545
2001-06-02T11:00:00,1,6,2,11,0,0.51600000,20.90000000,38.96000000,0.48286454
2001-06-02T11:10:00,1,6,2,11,10,0.45183333,22.21666667,38.03083333,0.42474961
2001-06-02T11:20:00,1,6,2,11,20,0.38766667,23.53333333,37.10166667,0.36608617
2001-06-02T11:30:00,1,6,2,11,30,0.32350000,24.85000000,36.17250000,0.30687420
2001-06-02T11:40:00,1,6,2,11,40,0.25933333,26.16666667,35.24333333,0.24711372
2001-06-02T11:50:00,1,6,2,11,50,0.19516667,27.48333333,34.31416667,0.18680472
2001-06-02T12:00:00,1,6,2,12,0,0.13100000,28.80000000,33.38500000,0.12594720
2001-06-02T12:10:00,1,6,2,12,10,0.18066667,27.55000000,33.87333333,0.17329234
2001-06-02T12:20:00,1,6,2,12,20,0.23033333,26.30000000,34.36166667,0.22041434
2001-06-02T12:30:00,1,6,2,12,30,0.28000000,25.05000000,34.85000000,0.26731320
2001-06-02T12:40:00,1,6,2,12,40,0.32966667,23.80000000,35.33833333,0.31398893
2001-06-02T12:50:00,1,6,2,12,50,0.37933333,22.55000000,35.82666667,0.36044152
2001-06-02T13:00:00,1,6,2,13,0,0.42900000,21.30000000,36.31500000,0.40667098
2001-06-02T13:10:00,1,6,2,13,10,0.39383333,22.35000000,36.13416667,0.37366231
2001-06-02T13:20:00,1,6,2,13,20,0.35866667,23.40000000,35.95333333,0.34059513
2001-06-02T13:30:00,1,6,2,13,30,0.32350000,24.45000000,35.77250000,0.30746944
2001-06-02T13:40:00,1,6,2,13,40,0.28833333,25.50000000,35.59166667,0.27428525
2001-06-02T13:50:00,1,6,2,13,50,0.25316667,26.55000000,35.41083333,0.24104256
2001-06-02T14:00:00,1,6,2,14,0,0.21800000,27.60000000,35.23000000,0.20774136
2001-06-02T14:10:00,1,6,2,14,10,0.19150000,26.86666667,33.56916667,0.18395142
2001-06-02T14:20:00,1,6,2,14,20,0.16500000,26.13333333,31.90833333,0.15975657
2001-06-02T14:30:00,1,6,2,14,30,0.13850000,25.40000000,30.24750000,0.13515682
2001-06-02T14:40:00,1,6,2,14,40,0.11200000,24.66666667,28.58666667,0.11015215
2001-06-02T14:50:00,1,6,2,14,50,0.08550000,23.93333333,26.92583333,0.08474257
2001-06-02T15:00:00,1,6,2,15,0,0.05900000,23.20000000,25.26500000,0.05892808
2001-06-02T15:10:00,1,6,2,15,10,0.05800000,22.48333333,24.51333333,0.05812984
2001-06-02T15:20:00,1,6,2,15,20,0.05700000,21.76666667,23.76166667,0.05732469
2001-06-02T15:30:00,1,6,2,15,30,0.05600000,21.05000000,23.01000000,0.05651262
2001-06-02T15:40:00,1,6,2,15,40,0.05500000,20.33333333,22.25833333,0.05569364
2001-06-02T15:50:00,1,6,2,15,50,0.05400000,19.61666667,21.50666667,0.05486774
2001-06-02T16:00:00,1,6,2,16,0,0.05300000,18.90000000,20.75500000,0.05403493
2001-06-02T16:10:00,1,6,2,16,10,0.04466667,18.93333333,20.49666667,0.04559195
2001-06-02T16:20:00,1,6,2,16,20,0.03633333,18.96666667,20.23833333,0.03712917
2001-06-02T16:30:00,1,6,2,16,30,0.02800000,19.00000000,19.98000000,0.02864658
2001-06-02T16:40:00,1,6,2,16,40,0.01966667,19.03333333,19.72166667,0.02014418
2001-06-02T16:50:00,1,6,2,16,50,0.01133333,19.06666667,19.46333333,0.01162198
2001-06-02T17:00:00,1,6,2,17,0,0.00300000,19.10000000,19.20500000,0.00307997
2001-06-02T17:10:00,1,6,2,17,10,0.00250000,18.76666667,18.85416667,0.00257068
2001-06-02T17:20:00,1,6,2,17,20,0.00200000,18.43333333,18.50333333,0.00205977
2001-06-02T17:30:00,1,6,2,17,30,0.00150000,18.10000000,18.15250000,0.00154725
2001-06-02T17:40:00,1,6,2,17,40,0.00100000,17.76666667,17.80166667,0.00103311
2001-06-02T17:50:00,1,6,2,17,50,0.00050000,17.43333333,17.45083333,0.00051736
2001-06-02T18:00:00,1,6,2,18,0,0.00000000,17.10000000,17.10000000,0.00000000
2001-06-02T18:10:00,1,6,2,18,10,0.00000000,17.13333333,17.13333333,0.00000000
2001-06-02T18:20:00,1,6,2,18,20,0.00000000,17.16666667,17.16666667,0.00000000
2001-06-02T18:30:00,1,6,2,18,30,0.00000000,17.20000000,17.20000000,0.00000000
2001-06-02T18:40:00,1,6,2,18,40,0.00000000,17.23333333,17.23333333,0.00000000
2001-06-02T18:50:00,1,6,2,18,50,0.00000000,17.26666667,17.26666667,0.00000000
2001-06-02T19:00:00,1,6,2,19,0,0.00000000,17.30000000,17.30000000,0.00000000
2001-06-02T19:10:00,1,6,2,19,10,0.00000000,17.18333333,17.18333333,0.00000000
2001-06-02T19:20:00,1,6,2,19,20,0.00000000,17.06666667,17.06666667,0.00000000
2001-06-02T19:30:00,1,6,2,19,30,0.00000000,16.95000000,16.95000000,0.00000000
2001-06-02T19:40:00,1,6,2,19,40,0.00000000,16.83333333,16.83333333,0.00000000
2001-06-02T19:50:00,1,6,2,19,50,0.00000000,16.71666667,16.71666667,0.00000000
2001-06-02T20:00:00,1,6,2,20,0,0.00000000,16.60000000,16.60000000,0.00000000
2001-06-02T20:10:00,1,6,2,20,10,0.00000000,16.51666667,16.51666667,0.00000000
2001-06-02T20:20:00,1,6,2,20,20,0.00000000,16.43333333,16.43333333,0.00000000
2001-06-02T20:30:00,1,6,2,20,30,0.00000000,16.35000000,16.35000000,0.00000000
2001-06-02T20:40:00,1,6,2,20,40,0.00000000,16.26666667,16.26666667,0.00000000
2001-06-02T20:50:00,1,6,2,20,50,0.00000000,16.18333333,16.18333333,0.00000000
2001-06-02T21:00:00,1,6,2,21,0,0.00000000,16.10000000,16.10000000,0.00000000
2001-06-02T21:10:00,1,6,2,21,10,0.00000000,16.06666667,16.06666667,0.00000000
2001-06-02T21:20:00,1,6,2,21,20,0.00000000,16.03333333,16.03333333,0.00000000
2001-06-02T21:30:00,1,6,2,21,30,0.00000000,16.00000000,16.00000000,0.00000000
2001-06-02T21:40:00,1,6,2,21,40,0.00000000,15.96666667,15.96666667,0.00000000
2001-06-02T21:50:00,1,6,2,21,50,0.00000000,15.93333333,15.93333333,0.00000000
2001-06-02T22:00:00,1,6,2,22,0,0.00000000,15.90000000,15.90000000,0.00000000
2001-06-02T22:10:00,1,6,2,22,10,0.00000000,15.78333333,15.78333333,0.00000000
2001-06-02T22:20:00,1,6,2,22,20,0.00000000,15.66666667,15.66666667,0.00000000
2001-06-02T22:30:00,1,6,2,22,30,0.00000000,15.55000000,15.55000000,0.00000000
2001-06-02T22:40:00,1,6,2,22,40,0.00000000,15.43333333,15.43333333,0.00000000
2001-06-02T22:50:00,1,6,2,22,50,0.00000000,15.31666667,15.31666667,0.00000000
2001-06-02T23:00:00,1,6,2,23,0,0.00000000,15.20000000,15.20000000,0.00000000
2001-06-02T23:10:00,1,6,2,23,10,0.00000000,15.10000000,15.10000000,0.00000000
2001-06-02T23:20:00,1,6,2,23,20,0.00000000,15.00000000,15.00000000,0.00000000
2001-06-02T23:30:00,1,6,2,23,30,0.00000000,14.90000000,14.90000000,0.00000000
2001-06-02T23:40:00,1,6,2,23,40,0.00000000,14.80000000,14.80000000,0.00000000
2001-06-02T23:50:00,1,6,2,23,50,0.00000000,14.70000000,14.70000000,0.00000000
2001-06-03T00:00:00,1,6,3,0,0,0.00000000,14.60000000,14.60000000,0.00000000
2001-06-03T00:10:00,1,6,3,0,10,0.00000000,14.56666667,14.56666667,0.00000000
2001-06-03T00:20:00,1,6,3,0,20,0.00000000,14.53333333,14.53333333,0.00000000
2001-06-03T00:30:00,1,6,3,0,30,0.00000000,14.50000000,14.50000000,0.00000000
2001-06-03T00:40:00,1,6,3,0,40,0.00000000,14.46666667,14.46666667,0.00000000
2001-06-03T00:50:00,1,6,3,0,50,0.00000000,14.43333333,14.43333333,0.00000000
2001-06-03T01:00:00,1,6,3,1,0,0.00000000,14.40000000,14.40000000,0.00000000
2001-06-03T01:10:00,1,6,3,1,10,0.00000000,14.46666667,14.46666667,0.00000000
2001-06-03T01:20:00,1,6,3,1,20,0.00000000,14.53333333,14.53333333,0.00000000
2001-06-03T01:30:00,1,6,3,1,30,0.00000000,14.60000000,14.60000000,0.00000000
2001-06-03T01:40:00,1,6,3,1,40,0.00000000,14.66666667,14.66666667,0.00000000
2001-06-03T01:50:00,1,6,3,1,50,0.00000000,14.73333333,14.73333333,0.00000000
2001-06-03T02:00:00,1,6,3,2,0,0.00000000,14.80000000,14.80000000,0.00000000
2001-06-03T02:10:00,1,6,3,2,10,0.00000000,14.76666667,14.76666667,0.00000000
2001-06-03T02:20:00,1,6,3,2,20,0.00000000,14.73333333,14.73333333,0.00000000
2001-06-03T02:30:00,1,6,3,2,30,0.00000000,14.70000000,14.70000000,0.00000000
2001-06-03T02:40:00,1,6,3,2,40,0.00000000,14.66666667,14.66666667,0.00000000
2001-06-03T02:50:00,1,6,3,2,50,0.00000000,14.63333333,14.63333333,0.00000000
2001-06-03T03:00:00,1,6,3,3,0,0.00000000,14.60000000,14.60000000,0.00000000
2001-06-03T03:10:00,1,6,3,3,10,0.00000000,14.58333333,14.58333333,0.00000000
2001-06-03T03:20:00,1,6,3,3,20,0.00000000,14.56666667,14.56666667,0.00000000
2001-06-03T03:30:00,1,6,3,3,30,0.00000000,14.55000000,14.55000000,0.00000000
2001-06-03T03:40:00,1,6,3,3,40,0.00000000,14.53333333,14.53333333,0.00000000
2001-06-03T03:50:00,1,6,3,3,50,0.00000000,14.51666667,14.51666667,0.00000000
2001-06-03T04:00:00,1,6,3,4,0,0.00000000,14.50000000,14.50000000,0.00000000
2001-06-03T04:10:00,1,6,3,4,10,0.00000000,14.35000000,14.35000000,0.00000000
2001-06-03T04:20:00,1,6,3,4,20,0.00000000,14.20000000,14.20000000,0.00000000
2001-06-03T04:30:00,1,6,3,4,30,0.00000000,14.05000000,14.05000000,0.00000000
2001-06-03T04:40:00,1,6,3,4,40,0.00000000,13.90000000,13.90000000,0.00000000
2001-06-03T04:50:00,1,6,3,4,50,0.00000000,13.75000000,13.75000000,0.00000000
2001-06-03T05:00:00,1,6,3,5,0,0.00000000,13.60000000,13.60000000,0.00000000
2001-06-03T05:10:00,1,6,3,5,10,0.00033333,13.55000000,13.56166667,0.00035087
2001-06-03T05:20:00,1,6,3,5,20,0.00066667,13.50000000,13.52333333,0.00070186
2001-06-03T05:30:00,1,6,3,5,30,0.00100000,13.45000000,13.48500000,0.00105297
2001-06-03T05:40:00,1,6,3,5,40,0.00133333,13.40000000,13.44666667,0.00140419
2001-06-03T05:50:00,1,6,3,5,50,0.00166667,13.35000000,13.40833333,0.00175554
2001-06-03T06:00:00,1,6,3,6,0,0.00200000,13.30000000,13.37000000,0.00210700
2001-06-03T06:10:00,1,6,3,6,10,0.01833333,13.30000000,13.94166667,0.01926592
2001-06-03T06:20:00,1,6,3,6,20,0.03466667,13.30000000,14.51333333,0.03633894
2001-06-03T06:30:00,1,6,3,6,30,0.05100000,13.30000000,15.08500000,0.05332606
2001-06-03T06:40:00,1,6,3,6,40,0.06733333,13.30000000,15.65666667,0.07022728
2001-06-03T06:50:00,1,6,3,6,50,0.08366667,13.30000000,16.22833333,0.08704259
2001-06-03T07:00:00,1,6,3,7,0,0.10000000,13.30000000,16.80000000,0.10377200
2001-06-03T07:10:00,1,6,3,7,10,0.10033333,13.93333333,17.44500000,0.10382022
2001-06-03T07:20:00,1,6,3,7,20,0.10066667,14.56666667,18.09000000,0.10386646
2001-06-03T07:30:00,1,6,3,7,30,0.10100000,15.20000000,18.73500000,0.10391072
2001-06-03T07:40:00,1,6,3,7,40,0.10133333,15.83333333,19.38000000,0.10395300
2001-06-03T07:50:00,1,6,3,7,50,0.10166667,16.46666667,20.02500000,0.10399331
2001-06-03T08:00:00,1,6,3,8,0,0.10200000,17.10000000,20.67000000,0.10403164
2001-06-03T08:10:00,1,6,3,8,10,0.10050000,17.16666667,20.68416667,0.10249521
2001-06-03T08:20:00,1,6,3,8,20,0.09900000,17.23333333,20.69833333,0.10095898
2001-06-03T08:30:00,1,6,3,8,30,0.09750000,17.30000000,20.71250000,0.09942294
2001-06-03T08:40:00,1,6,3,8,40,0.09600000,17.36666667,20.72666667,0.09788710
2001-06-03T08:50:00,1,6,3,8,50,0.09450000,17.43333333,20.74083333,0.09635146
2001-06-03T09:00:00,1,6,3,9,0,0.09300000,17.50000000,20.75500000,0.09481601
2001-06-03T09:10:00,1,6,3,9,10,0.11750000,17.48333333,21.59583333,0.11933995
2001-06-03T09:20:00,1,6,3,9,20,0.14200000,17.46666667,22.43666667,0.14367437
2001-06-03T09:30:00,1,6,3,9,30,0.16650000,17.45000000,23.27750000,0.16781926
2001-06-03T09:40:00,1,6,3,9,40,0.19100000,17.43333333,24.11833333,0.19177463
2001-06-03T09:50:00,1,6,3,9,50,0.21550000,17.41666667,24.95916667,0.21554048
2001-06-03T10:00:00,1,6,3,10,0,0.24000000,17.40000000,25.80000000,0.23911680
2001-06-03T10:10:00,1,6,3,10,10,0.29600000,18.30000000,28.66000000,0.29101654
2001-06-03T10:20:00,1,6,3,10,20,0.35200000,19.20000000,31.52000000,0.34144282
2001-06-03T10:30:00,1,6,3,10,30,0.40800000,20.10000000,34.38000000,0.39039562
2001-06-03T10:40:00,1,6,3,10,40,0.46400000,21.00000000,37.24000000,0.43787494
2001-06-03T10:50:00,1,6,3,10,50,0.52000000,21.90000000,40.10000000,0.48388080
2001-06-03T11:00:00,1,6,3,11,0,0.57600000,22.80000000,42.96000000,0.52841318
2001-06-03T11:10:00,1,6,3,11,10,0.57616667,24.55000000,44.71583333,0.52391248
2001-06-03T11:20:00,1,6,3,11,20,0.57633333,26.30000000,46.47166667,0.51940908
2001-06-03T11:30:00,1,6,3,11,30,0.57650000,28.05000000,48.22750000,0.51490299
2001-06-03T11:40:00,1,6,3,11,40,0.57666667,29.80000000,49.98333333,0.51039421
2001-06-03T11:50:00,1,6,3,11,50,0.57683333,31.55000000,51.73916667,0.50588274
2001-06-03T12:00:00,1,6,3,12,0,0.57700000,33.30000000,53.49500000,0.50136857
2001-06-03T12:10:00,1,6,3,12,10,0.53650000,33.28333333,52.06083333,0.46971657
2001-06-03T12:20:00,1,6,3,12,20,0.49600000,33.26666667,50.62666667,0.43753020
2001-06-03T12:30:00,1,6,3,12,30,0.45550000,33.25000000,49.19250000,0.40480945
2001-06-03T12:40:00,1,6,3,12,40,0.41500000,33.23333333,47.75833333,0.37155434
2001-06-03T12:50:00,1,6,3,12,50,0.37450000,33.21666667,46.32416667,0.33776486
2001-06-03T13:00:00,1,6,3,13,0,0.33400000,33.20000000,44.89000000,0.30344100
2001-06-03T13:10:00,1,6,3,13,10,0.30083333,31.90000000,42.42916667,0.27671427
2001-06-03T13:20:00,1,6,3,13,20,0.26766667,30.60000000,39.96833333,0.24923666
2001-06-03T13:30:00,1,6,3,13,30,0.23450000,29.30000000,37.50750000,0.22100816
2001-06-03T13:40:00,1,6,3,13,40,0.20133333,28.00000000,35.04666667,0.19202878
2001-06-03T13:50:00,1,6,3,13,50,0.16816667,26.70000000,32.58583333,0.16229852
2001-06-03T14:00:00,1,6,3,14,0,0.13500000,25.40000000,30.12500000,0.13181738
2001-06-03T14:10:00,1,6,3,14,10,0.14316667,24.40000000,29.41083333,0.14026184
2001-06-03T14:20:00,1,6,3,14,20,0.15133333,23.40000000,28.69666667,0.14875996
2001-06-03T14:30:00,1,6,3,14,30,0.15950000,22.40000000,27.98250000,0.15731174
2001-06-03T14:40:00,1,6,3,14,40,0.16766667,21.40000000,27.26833333,0.16591718
2001-06-03T14:50:00,1,6,3,14,50,0.17583333,20.40000000,26.55416667,0.17457627
2001-06-03T15:00:00,1,6,3,15,0,0.18400000,19.40000000,25.84000000,0.18328902
2001-06-03T15:10:00,1,6,3,15,10,0.16616667,19.58333333,25.39916667,0.16586156
2001-06-03T15:20:00,1,6,3,15,20,0.14833333,19.76666667,24.95833333,0.14836176
2001-06-03T15:30:00,1,6,3,15,30,0.13050000,19.95000000,24.51750000,0.13078964
2001-06-03T15:40:00,1,6,3,15,40,0.11266667,20.13333333,24.07666667,0.11314520
2001-06-03T15:50:00,1,6,3,15,50,0.09483333,20.31666667,23.63583333,0.09542843
2001-06-03T16:00:00,1,6,3,16,0,0.07700000,20.50000000,23.19500000,0.07763933
2001-06-03T16:10:00,1,6,3,16,10,0.06483333,19.91666667,22.18583333,0.06567261
2001-06-03T16:20:00,1,6,3,16,20,0.05266667,19.33333333,21.17666667,0.05359293
2001-06-03T16:30:00,1,6,3,16,30,0.04050000,18.75000000,20.16750000,0.04140029
2001-06-03T16:40:00,1,6,3,16,40,0.02833333,18.16666667,19.15833333,0.02909470
2001-06-03T16:50:00,1,6,3,16,50,0.01616667,17.58333333,18.14916667,0.01667614
2001-06-03T17:00:00,1,6,3,17,0,0.00400000,17.00000000,17.14000000,0.00414462
2001-06-03T17:10:00,1,6,3,17,10,0.00333333,16.61666667,16.73333333,0.00346009
2001-06-03T17:20:00,1,6,3,17,20,0.00266667,16.23333333,16.32666667,0.00277306
2001-06-03T17:30:00,1,6,3,17,30,0.00200000,15.85000000,15.92000000,0.00208354
2001-06-03T17:40:00,1,6,3,17,40,0.00133333,15.46666667,15.51333333,0.00139152
2001-06-03T17:50:00,1,6,3,17,50,0.00066667,15.08333333,15.10666667,0.00069701
2001-06-03T18:00:00,1,6,3,18,0,0.00000000,14.70000000,14.70000000,0.00000000
2001-06-03T18:10:00,1,6,3,18,10,0.00000000,14.58333333,14.58333333,0.00000000
2001-06-03T18:20:00,1,6,3,18,20,0.00000000,14.46666667,14.46666667,0.00000000
2001-06-03T18:30:00,1,6,3,18,30,0.00000000,14.35000000,14.35000000,0.00000000
2001-06-03T18:40:00,1,6,3,18,40,0.00000000,14.23333333,14.23333333,0.00000000
2001-06-03T18:50:00,1,6,3,18,50,0.00000000,14.11666667,14.11666667,0.00000000
2001-06-03T19:00:00,1,6,3,19,0,0.00000000,14.00000000,14.00000000,0.00000000
2001-06-03T19:10:00,1,6,3,19,10,0.00000000,13.90000000,13.90000000,0.00000000
2001-06-03T19:20:00,1,6,3,19,20,0.00000000,13.80000000,13.80000000,0.00000000
2001-06-03T19:30:00,1,6,3,19,30,0.00000000,13.70000000,13.70000000,0.00000000
2001-06-03T19:40:00,1,6,3,19,40,0.00000000,13.60000000,13.60000000,0.00000000
2001-06-03T19:50:00,1,6,3,19,50,0.00000000,13.50000000,13.50000000,0.00000000
2001-06-03T20:00:00,1,6,3,20,0,0.00000000,13.40000000,13.40000000,0.00000000
2001-06-03T20:10:00,1,6,3,20,10,0.00000000,13.28333333,13.28333333,0.00000000
2001-06-03T20:20:00,1,6,3,20,20,0.00000000,13.16666667,13.16666667,0.00000000
2001-06-03T20:30:00,1,6,3,20,30,0.00000000,13.05000000,13.05000000,0.00000000
2001-06-03T20:40:00,1,6,3,20,40,0.00000000,12.93333333,12.93333333,0.00000000
2001-06-03T20:50:00,1,6,3,20,50,0.00000000,12.81666667,12.81666667,0.00000000
2001-06-03T21:00:00,1,6,3,21,0,0.00000000,12.70000000,12.70000000,0.00000000
2001-06-03T21:10:00,1,6,3,21,10,0.00000000,12.70000000,12.70000000,0.00000000
2001-06-03T21:20:00,1,6,3,21,20,0.00000000,12.70000000,12.70000000,0.00000000
2001-06-03T21:30:00,1,6,3,21,30,0.00000000,12.70000000,12.70000000,0.00000000
2001-06-03T21:40:00,1,6,3,21,40,0.00000000,12.70000000,12.70000000,0.00000000
2001-06-03T21:50:00,1,6,3,21,50,0.00000000,12.70000000,12.70000000,0.00000000
2001-06-03T22:00:00,1,6,3,22,0,0.00000000,12.70000000,12.70000000,0.00000000
2001-06-03T22:10:00,1,6,3,22,10,0.00000000,12.55000000,12.55000000,0.00000000
2001-06-03T22:20:00,1,6,3,22,20,0.00000000,12.40000000,12.40000000,0.00000000
2001-06-03T22:30:00,1,6,3,22,30,0.00000000,12.25000000,12.25000000,0.00000000
2001-06-03T22:40:00,1,6,3,22,40,0.00000000,12.10000000,12.10000000,0.00000000
2001-06-03T22:50:00,1,6,3,22,50,0.00000000,11.95000000,11.95000000,0.00000000
2001-06-03T23:00:00,1,6,3,23,0,0.00000000,11.80000000,11.80000000,0.00000000
2001-06-03T23:10:00,1,6,3,23,10,0.00000000,12.48333333,12.48333333,0.00000000
2001-06-03T23:20:00,1,6,3,23,20,0.00000000,13.16666667,13.16666667,0.00000000
2001-06-03T23:30:00,1,6,3,23,30,0.00000000,13.85000000,13.85000000,0.00000000
2001-06-03T23:40:00,1,6,3,23,40,0.00000000,14.53333333,14.53333333,0.00000000
2001-06-03T23:50:00,1,6,3,23,50,0.00000000,15.21666667,15.21666667,0.00000000
2001-06-04T00:00:00,1,6,4,0,0,0.00000000,15.90000000,15.90000000,0.00000000
2001-06-04T00:10:00,1,6,4,0,10,0.00000000,15.90000000,15.90000000,0.00000000
2001-06-04T00:20:00,1,6,4,0,20,0.00000000,15.90000000,15.90000000,0.00000000
2001-06-04T00:30:00,1,6,4,0,30,0.00000000,15.90000000,15.90000000,0.00000000
2001-06-04T00:40:00,1,6,4,0,40,0.00000000,15.90000000,15.90000000,0.00000000
2001-06-04T00:50:00,1,6,4,0,50,0.00000000,15.90000000,15.90000000,0.00000000
2001-06-04T01:00:00,1,6,4,1,0,0.00000000,15.90000000,15.90000000,0.00000000
2001-06-04T01:10:00,1,6,4,1,10,0.00000000,15.98333333,15.98333333,0.00000000
2001-06-04T01:20:00,1,6,4,1,20,0.00000000,16.06666667,16.06666667,0.00000000
2001-06-04T01:30:00,1,6,4,1,30,0.00000000,16.15000000,16.15000000,0.00000000
2001-06-04T01:40:00,1,6,4,1,40,0.00000000,16.23333333,16.23333333,0.00000000
2001-06-04T01:50:00,1,6,4,1,50,0.00000000,16.31666667,16.31666667,0.00000000
2001-06-04T02:00:00,1,6,4,2,0,0.00000000,16.40000000,16.40000000,0.00000000
2001-06-04T02:10:00,1,6,4,2,10,0.00000000,16.55000000,16.55000000,0.00000000
2001-06-04T02:20:00,1,6,4,2,20,0.00000000,16.70000000,16.70000000,0.00000000
2001-06-04T02:30:00,1,6,4,2,30,0.00000000,16.85000000,16.85000000,0.00000000
2001-06-04T02:40:00,1,6,4,2,40,0.00000000,17.00000000,17.00000000,0.00000000
2001-06-04T02:50:00,1,6,4,2,50,0.00000000,17.15000000,17.15000000,0.00000000
2001-06-04T03:00:00,1,6,4,3,0,0.00000000,17.30000000,17.30000000,0.00000000
2001-06-04T03:10:00,1,6,4,3,10,0.00000000,17.26666667,17.26666667,0.00000000
2001-06-04T03:20:00,1,6,4,3,20,0.00000000,17.23333333,17.23333333,0.00000000
2001-06-04T03:30:00,1,6,4,3,30,0.00000000,17.20000000,17.20000000,0.00000000
2001-06-04T03:40:00,1,6,4,3,40,0.00000000,17.16666667,17.16666667,0.00000000
2001-06-04T03:50:00,1,6,4,3,50,0.00000000,17.13333333,17.13333333,0.00000000
2001-06-04T04:00:00,1,6,4,4,0,0.00000000,17.10000000,17.10000000,0.00000000
2001-06-04T04:10:00,1,6,4,4,10,0.00000000,17.08333333,17.08333333,0.00000000
2001-06-04T04:20:00,1,6,4,4,20,0.00000000,17.06666667,17.06666667,0.00000000
2001-06-04T04:30:00,1,6,4,4,30,0.00000000,17.05000000,17.05000000,0.00000000
2001-06-04T04:40:00,1,6,4,4,40,0.00000000,17.03333333,17.03333333,0.00000000
2001-06-04T04:50:00,1,6,4,4,50,0.00000000,17.01666667,17.01666667,0.00000000
2001-06-04T05:00:00,1,6,4,5,0,0.00000000,17.00000000,17.00000000,0.00000000
2001-06-04T05:10:00,1,6,4,5,10,0.00000000,17.16666667,17.16666667,0.00000000
2001-06-04T05:20:00,1,6,4,5,20,0.00000000,17.33333333,17.33333333,0.00000000
2001-06-04T05:30:00,1,6,4,5,30,0.00000000,17.50000000,17.50000000,0.00000000
2001-06-04T05:40:00,1,6,4,5,40,0.00000000,17.66666667,17.66666667,0.00000000
2001-06-04T05:50:00,1,6,4,5,50,0.00000000,17.83333333,17.83333333,0.00000000
2001-06-04T06:00:00,1,6,4,6,0,0.00000000,18.00000000,18.00000000,0.00000000
2001-06-04T06:10:00,1,6,4,6,10,0.00633333,17.88333333,18.10500000,0.00653421
2001-06-04T06:20:00,1,6,4,6,20,0.01266667,17.76666667,18.21000000,0.01306230
2001-06-04T06:30:00,1,6,4,6,30,0.01900000,17.65000000,18.31500000,0.01958427
2001-06-04T06:40:00,1,6,4,6,40,0.02533333,17.53333333,18.42000000,0.02610012
2001-06-04T06:50:00,1,6,4,6,50,0.03166667,17.41666667,18.52500000,0.03260986
2001-06-04T07:00:00,1,6,4,7,0,0.03800000,17.30000000,18.63000000,0.03911348
2001-06-04T07:10:00,1,6,4,7,10,0.04633333,16.85000000,18.47166667,0.04772474
2001-06-04T07:20:00,1,6,4,7,20,0.05466667,16.40000000,18.31333333,0.05634814
2001-06-04T07:30:00,1,6,4,7,30,0.06300000,15.95000000,18.15500000,0.06498368
2001-06-04T07:40:00,1,6,4,7,40,0.07133333,15.50000000,17.99666667,0.07363136
2001-06-04T07:50:00,1,6,4,7,50,0.07966667,15.05000000,17.83833333,0.08229118
2001-06-04T08:00:00,1,6,4,8,0,0.08800000,14.60000000,17.68000000,0.09096314
2001-06-04T08:10:00,1,6,4,8,10,0.09483333,14.00000000,17.31916667,0.09818397
2001-06-04T08:20:00,1,6,4,8,20,0.10166667,13.40000000,16.95833333,0.10542749
2001-06-04T08:30:00,1,6,4,8,30,0.10850000,12.80000000,16.59750000,0.11269369
2001-06-04T08:40:00,1,6,4,8,40,0.11533333,12.20000000,16.23666667,0.11998257
2001-06-04T08:50:00,1,6,4,8,50,0.12216667,11.60000000,15.87583333,0.12729414
2001-06-04T09:00:00,1,6,4,9,0,0.12900000,11.00000000,15.51500000,0.13462840
2001-06-04T09:10:00,1,6,4,9,10,0.12300000,10.58333333,14.88833333,0.12872118
2001-06-04T09:20:00,1,6,4,9,20,0.11700000,10.16666667,14.26166667,0.12277937
2001-06-04T09:30:00,1,6,4,9,30,0.11100000,9.75000000,13.63500000,0.11680297
2001-06-04T09:40:00,1,6,4,9,40,0.10500000,9.33333333,13.00833333,0.11079198
2001-06-04T09:50:00,1,6,4,9,50,0.09900000,8.91666667,12.38166667,0.10474639
2001-06-04T10:00:00,1,6,4,10,0,0.09300000,8.50000000,11.75500000,0.09866621
2001-06-04T10:10:00,1,6,4,10,10,0.09333333,8.83333333,12.10000000,0.09887173
2001-06-04T10:20:00,1,6,4,10,20,0.09366667,9.16666667,12.44500000,0.09907620
2001-06-04T10:30:00,1,6,4,10,30,0.09400000,9.50000000,12.79000000,0.09927960
2001-06-04T10:40:00,1,6,4,10,40,0.09433333,9.83333333,13.13500000,0.09948195
2001-06-04T10:50:00,1,6,4,10,50,0.09466667,10.16666667,13.48000000,0.09968324
2001-06-04T11:00:00,1,6,4,11,0,0.09500000,10.50000000,13.82500000,0.09988347
2001-06-04T11:10:00,1,6,4,11,10,0.08550000,10.38333333,13.37583333,0.09007178
2001-06-04T11:20:00,1,6,4,11,20,0.07600000,10.26666667,12.92666667,0.08022084
2001-06-04T11:30:00,1,6,4,11,30,0.06650000,10.15000000,12.47750000,0.07033063
2001-06-04T11:40:00,1,6,4,11,40,0.05700000,10.03333333,12.02833333,0.06040117
2001-06-04T11:50:00,1,6,4,11,50,0.04750000,9.91666667,11.57916667,0.05043245
2001-06-04T12:00:00,1,6,4,12,0,0.03800000,9.80000000,11.13000000,0.04042448
2001-06-04T12:10:00,1,6,4,12,10,0.05883333,10.31666667,12.37583333,0.06224985
2001-06-04T12:20:00,1,6,4,12,20,0.07966667,10.83333333,13.62166667,0.08383645
2001-06-04T12:30:00,1,6,4,12,30,0.10050000,11.35000000,14.86750000,0.10518425
2001-06-04T12:40:00,1,6,4,12,40,0.12133333,11.86666667,16.11333333,0.12629328
2001-06-04T12:50:00,1,6,4,12,50,0.14216667,12.38333333,17.35916667,0.14716352
2001-06-04T13:00:00,1,6,4,13,0,0.16300000,12.90000000,18.60500000,0.16779497
2001-06-04T13:10:00,1,6,4,13,10,0.14300000,11.68333333,16.68833333,0.14846741
2001-06-04T13:20:00,1,6,4,13,20,0.12300000,10.46666667,14.77166667,0.12878719
2001-06-04T13:30:00,1,6,4,13,30,0.10300000,9.25000000,12.85500000,0.10875430
2001-06-04T13:40:00,1,6,4,13,40,0.08300000,8.03333333,10.93833333,0.08836874
2001-06-04T13:50:00,1,6,4,13,50,0.06300000,6.81666667,9.02166667,0.06763052
2001-06-04T14:00:00,1,6,4,14,0,0.04300000,5.60000000,7.10500000,0.04653963
2001-06-04T14:10:00,1,6,4,14,10,0.03766667,6.76666667,8.08500000,0.04059747
2001-06-04T14:20:00,1,6,4,14,20,0.03233333,7.93333333,9.06500000,0.03470340
2001-06-04T14:30:00,1,6,4,14,30,0.02700000,9.10000000,10.04500000,0.02885741
2001-06-04T14:40:00,1,6,4,14,40,0.02166667,10.26666667,11.02500000,0.02305951
2001-06-04T14:50:00,1,6,4,14,50,0.01633333,11.43333333,12.00500000,0.01730969
2001-06-04T15:00:00,1,6,4,15,0,0.01100000,12.60000000,12.98500000,0.01160796
2001-06-04T15:10:00,1,6,4,15,10,0.01183333,12.93333333,13.34750000,0.01246762
2001-06-04T15:20:00,1,6,4,15,20,0.01266667,13.26666667,13.71000000,0.01332450
2001-06-04T15:30:00,1,6,4,15,30,0.01350000,13.60000000,14.07250000,0.01417860
2001-06-04T15:40:00,1,6,4,15,40,0.01433333,13.93333333,14.43500000,0.01502992
2001-06-04T15:50:00,1,6,4,15,50,0.01516667,14.26666667,14.79750000,0.01587846
2001-06-04T16:00:00,1,6,4,16,0,0.01600000,14.60000000,15.16000000,0.01672422
2001-06-04T16:10:00,1,6,4,16,10,0.01333333,14.61666667,15.08333333,0.01394156
2001-06-04T16:20:00,1,6,4,16,20,0.01066667,14.63333333,15.00666667,0.01115701
2001-06-04T16:30:00,1,6,4,16,30,0.00800000,14.65000000,14.93000000,0.00837058
2001-06-04T16:40:00,1,6,4,16,40,0.00533333,14.66666667,14.85333333,0.00558226
2001-06-04T16:50:00,1,6,4,16,50,0.00266667,14.68333333,14.77666667,0.00279207
2001-06-04T17:00:00,1,6,4,17,0,0.00000000,14.70000000,14.70000000,0.00000000
2001-06-04T17:10:00,1,6,4,17,10,0.00000000,15.05000000,15.05000000,0.00000000
2001-06-04T17:20:00,1,6,4,17,20,0.00000000,15.40000000,15.40000000,0.00000000
2001-06-04T17:30:00,1,6,4,17,30,0.00000000,15.75000000,15.75000000,0.00000000
2001-06-04T17:40:00,1,6,4,17,40,0.00000000,16.10000000,16.10000000,0.00000000
2001-06-04T17:50:00,1,6,4,17,50,0.00000000,16.45000000,16.45000000,0.00000000
2001-06-04T18:00:00,1,6,4,18,0,0.00000000,16.80000000,16.80000000,0.00000000
2001-06-04T18:10:00,1,6,4,18,10,0.00000000,16.90000000,16.90000000,0.00000000
2001-06-04T18:20:00,1,6,4,18,20,0.00000000,17.00000000,17.00000000,0.00000000
2001-06-04T18:30:00,1,6,4,18,30,0.00000000,17.10000000,17.10000000,0.00000000
2001-06-04T18:40:00,1,6,4,18,40,0.00000000,17.20000000,17.20000000,0.00000000
2001-06-04T18:50:00,1,6,4,18,50,0.00000000,17.30000000,17.30000000,0.00000000
2001-06-04T19:00:00,1,6,4,19,0,0.00000000,17.40000000,17.40000000,0.00000000
2001-06-04T19:10:00,1,6,4,19,10,0.00000000,17.40000000,17.40000000,0.00000000
2001-06-04T19:20:00,1,6,4,19,20,0.00000000,17.40000000,17.40000000,0.00000000
2001-06-04T19:30:00,1,6,4,19,30,0.00000000,17.40000000,17.40000000,0.00000000
2001-06-04T19:40:00,1,6,4,19,40,0.00000000,17.40000000,17.40000000,0.00000000
2001-06-04T19:50:00,1,6,4,19,50,0.00000000,17.40000000,17.40000000,0.00000000
2001-06-04T20:00:00,1,6,4,20,0,0.00000000,17.40000000,17.40000000,0.00000000
2001-06-04T20:10:00,1,6,4,20,10,0.00000000,17.61666667,17.61666667,0.00000000
2001-06-04T20:20:00,1,6,4,20,20,0.00000000,17.83333333,17.83333333,0.00000000
2001-06-04T20:30:00,1,6,4,20,30,0.00000000,18.05000000,18.05000000,0.00000000
2001-06-04T20:40:00,1,6,4,20,40,0.00000000,18.26666667,18.26666667,0.00000000
2001-06-04T20:50:00,1,6,4,20,50,0.00000000,18.48333333,18.48333333,0.00000000
2001-06-04T21:00:00,1,6,4,21,0,0.00000000,18.70000000,18.70000000,0.00000000
2001-06-04T21:10:00,1,6,4,21,10,0.00000000,18.81666667,18.81666667,0.00000000
2001-06-04T21:20:00,1,6,4,21,20,0.00000000,18.93333333,18.93333333,0.00000000
2001-06-04T21:30:00,1,6,4,21,30,0.00000000,19.05000000,19.05000000,0.00000000
2001-06-04T21:40:00,1,6,4,21,40,0.00000000,19.16666667,19.16666667,0.00000000
2001-06-04T21:50:00,1,6,4,21,50,0.00000000,19.28333333,19.28333333,0.00000000
2001-06-04T22:00:00,1,6,4,22,0,0.00000000,19.40000000,19.40000000,0.00000000
2001-06-04T22:10:00,1,6,4,22,10,0.00000000,19.53333333,19.53333333,0.00000000
2001-06-04T22:20:00,1,6,4,22,20,0.00000000,19.66666667,19.66666667,0.00000000
2001-06-04T22:30:00,1,6,4,22,30,0.00000000,19.80000000,19.80000000,0.00000000
2001-06-04T22:40:00,1,6,4,22,40,0.00000000,19.93333333,19.93333333,0.00000000
2001-06-04T22:50:00,1,6,4,22,50,0.00000000,20.06666667,20.06666667,0.00000000
2001-06-04T23:00:00,1,6,4,23,0,0.00000000,20.20000000,20.20000000,0.00000000
2001-06-04T23:10:00,1,6,4,23,10,0.00000000,19.28333333,19.28333333,0.00000000
2001-06-04T23:20:00,1,6,4,23,20,0.00000000,18.36666667,18.36666667,0.00000000
2001-06-04T23:30:00,1,6,4,23,30,0.00000000,17.45000000,17.45000000,0.00000000
2001-06-04T23:40:00,1,6,4,23,40,0.00000000,16.53333333,16.53333333,0.00000000
2001-06-04T23:50:00,1,6,4,23,50,0.00000000,15.61666667,15.61666667,0.00000000
2001-06-05T00:00:00,1,6,5,0,0,0.00000000,14.70000000,14.70000000,0.00000000
2001-06-05T00:10:00,1,6,5,0,10,0.00000000,14.66666667,14.66666667,0.00000000
2001-06-05T00:20:00,1,6,5,0,20,0.00000000,14.63333333,14.63333333,0.00000000
2001-06-05T00:30:00,1,6,5,0,30,0.00000000,14.60000000,14.60000000,0.00000000
2001-06-05T00:40:00,1,6,5,0,40,0.00000000,14.56666667,14.56666667,0.00000000
2001-06-05T00:50:00,1,6,5,0,50,0.00000000,14.53333333,14.53333333,0.00000000
2001-06-05T01:00:00,1,6,5,1,0,0.00000000,14.50000000,14.50000000,0.00000000
2001-06-05T01:10:00,1,6,5,1,10,0.00000000,14.50000000,14.50000000,0.00000000
2001-06-05T01:20:00,1,6,5,1,20,0.00000000,14.50000000,14.50000000,0.00000000
2001-06-05T01:30:00,1,6,5,1,30,0.00000000,14.50000000,14.50000000,0.00000000
2001-06-05T01:40:00,1,6,5,1,40,0.00000000,14.50000000,14.50000000,0.00000000
2001-06-05T01:50:00,1,6,5,1,50,0.00000000,14.50000000,14.50000000,0.00000000
2001-06-05T02:00:00,1,6,5,2,0,0.00000000,14.50000000,14.50000000,0.00000000
2001-06-05T02:10:00,1,6,5,2,10,0.00000000,14.45000000,14.45000000,0.00000000
2001-06-05T02:20:00,1,6,5,2,20,0.00000000,14.40000000,14.40000000,0.00000000
2001-06-05T02:30:00,1,6,5,2,30,0.00000000,14.35000000,14.35000000,0.00000000
2001-06-05T02:40:00,1,6,5,2,40,0.00000000,14.30000000,14.30000000,0.00000000
2001-06-05T02:50:00,1,6,5,2,50,0.00000000,14.25000000,14.25000000,0.00000000
2001-06-05T03:00:00,1,6,5,3,0,0.00000000,14.20000000,14.20000000,0.00000000
2001-06-05T03:10:00,1,6,5,3,10,0.00000000,14.25000000,14.25000000,0.00000000
2001-06-05T03:20:00,1,6,5,3,20,0.00000000,14.30000000,14.30000000,0.00000000
2001-06-05T03:30:00,1,6,5,3,30,0.00000000,14.35000000,14.35000000,0.00000000
2001-06-05T03:40:00,1,6,5,3,40,0.00000000,14.40000000,14.40000000,0.00000000
2001-06-05T03:50:00,1,6,5,3,50,0.00000000,14.45000000,14.45000000,0.00000000
2001-06-05T04:00:00,1,6,5,4,0,0.00000000,14.50000000,14.50000000,0.00000000
2001-06-05T04:10:00,1,6,5,4,10,0.00000000,14.36666667,14.36666667,0.00000000
2001-06-05T04:20:00,1,6,5,4,20,0.00000000,14.23333333,14.23333333,0.00000000
2001-06-05T04:30:00,1,6,5,4,30,0.00000000,14.10000000,14.10000000,0.00000000
2001-06-05T04:40:00,1,6,5,4,40,0.00000000,13.96666667,13.96666667,0.00000000
2001-06-05T04:50:00,1,6,5,4,50,0.00000000,13.83333333,13.83333333,0.00000000
2001-06-05T05:00:00,1,6,5,5,0,0.00000000,13.70000000,13.70000000,0.00000000
2001-06-05T05:10:00,1,6,5,5,10,0.00066667,13.80000000,13.82333333,0.00070094
2001-06-05T05:20:00,1,6,5,5,20,0.00133333,13.90000000,13.94666667,0.00140113
2001-06-05T05:30:00,1,6,5,5,30,0.00200000,14.00000000,14.07000000,0.00210056
2001-06-05T05:40:00,1,6,5,5,40,0.00266667,14.10000000,14.19333333,0.00279923
2001-06-05T05:50:00,1,6,5,5,50,0.00333333,14.20000000,14.31666667,0.00349714
2001-06-05T06:00:00,1,6,5,6,0,0.00400000,14.30000000,14.44000000,0.00419430
2001-06-05T06:10:00,1,6,5,6,10,0.02633333,14.23333333,15.15500000,0.02752589
2001-06-05T06:20:00,1,6,5,6,20,0.04866667,14.16666667,15.87000000,0.05071057
2001-06-05T06:30:00,1,6,5,6,30,0.07100000,14.10000000,16.58500000,0.07374834
2001-06-05T06:40:00,1,6,5,6,40,0.09333333,14.03333333,17.30000000,0.09663920
2001-06-05T06:50:00,1,6,5,6,50,0.11566667,13.96666667,18.01500000,0.11938315
2001-06-05T07:00:00,1,6,5,7,0,0.13800000,13.90000000,18.73000000,0.14198020
2001-06-05T07:10:00,1,6,5,7,10,0.17050000,14.36666667,20.33416667,0.17415941
2001-06-05T07:20:00,1,6,5,7,20,0.20300000,14.83333333,21.93833333,0.20585898
2001-06-05T07:30:00,1,6,5,7,30,0.23550000,15.30000000,23.54250000,0.23707891
2001-06-05T07:40:00,1,6,5,7,40,0.26800000,15.76666667,25.14666667,0.26781919
2001-06-05T07:50:00,1,6,5,7,50,0.30050000,16.23333333,26.75083333,0.29807982
2001-06-05T08:00:00,1,6,5,8,0,0.33300000,16.70000000,28.35500000,0.32786081
2001-06-05T08:10:00,1,6,5,8,10,0.35283333,17.23333333,29.58250000,0.34539578
2001-06-05T08:20:00,1,6,5,8,20,0.37266667,17.76666667,30.81000000,0.36270678
2001-06-05T08:30:00,1,6,5,8,30,0.39250000,18.30000000,32.03750000,0.37979379
2001-06-05T08:40:00,1,6,5,8,40,0.41233333,18.83333333,33.26500000,0.39665683
2001-06-05T08:50:00,1,6,5,8,50,0.43216667,19.36666667,34.49250000,0.41329589
2001-06-05T09:00:00,1,6,5,9,0,0.45200000,19.90000000,35.72000000,0.42971098
2001-06-05T09:10:00,1,6,5,9,10,0.46516667,20.11666667,36.39750000,0.44077868
2001-06-05T09:20:00,1,6,5,9,20,0.47833333,20.33333333,37.07500000,0.45176431
2001-06-05T09:30:00,1,6,5,9,30,0.49150000,20.55000000,37.75250000,0.46266787
2001-06-05T09:40:00,1,6,5,9,40,0.50466667,20.76666667,38.43000000,0.47348937
2001-06-05T09:50:00,1,6,5,9,50,0.51783333,20.98333333,39.10750000,0.48422880
2001-06-05T10:00:00,1,6,5,10,0,0.53100000,21.20000000,39.78500000,0.49488616
2001-06-05T10:10:00,1,6,5,10,10,0.53483333,21.43333333,40.15250000,0.49755465
2001-06-05T10:20:00,1,6,5,10,20,0.53866667,21.66666667,40.52000000,0.50021018
2001-06-05T10:30:00,1,6,5,10,30,0.54250000,21.90000000,40.88750000,0.50285274
2001-06-05T10:40:00,1,6,5,10,40,0.54633333,22.13333333,41.25500000,0.50548235
2001-06-05T10:50:00,1,6,5,10,50,0.55016667,22.36666667,41.62250000,0.50809900
2001-06-05T11:00:00,1,6,5,11,0,0.55400000,22.60000000,41.99000000,0.51070268
2001-06-05T11:10:00,1,6,5,11,10,0.57983333,22.71666667,43.01083333,0.53179424
2001-06-05T11:20:00,1,6,5,11,20,0.60566667,22.83333333,44.03166667,0.55264317
2001-06-05T11:30:00,1,6,5,11,30,0.63150000,22.95000000,45.05250000,0.57324949
2001-06-05T11:40:00,1,6,5,11,40,0.65733333,23.06666667,46.07333333,0.59361319
2001-06-05T11:50:00,1,6,5,11,50,0.68316667,23.18333333,47.09416667,0.61373427
2001-06-05T12:00:00,1,6,5,12,0,0.70900000,23.30000000,48.11500000,0.63361274
2001-06-05T12:10:00,1,6,5,12,10,0.67766667,23.58333333,47.30166667,0.60814642
2001-06-05T12:20:00,1,6,5,12,20,0.64633333,23.86666667,46.48833333,0.58244565
2001-06-05T12:30:00,1,6,5,12,30,0.61500000,24.15000000,45.67500000,0.55651043
2001-06-05T12:40:00,1,6,5,12,40,0.58366667,24.43333333,44.86166667,0.53034074
2001-06-05T12:50:00,1,6,5,12,50,0.55233333,24.71666667,44.04833333,0.50393660
2001-06-05T13:00:00,1,6,5,13,0,0.52100000,25.00000000,43.23500000,0.47729800
2001-06-05T13:10:00,1,6,5,13,10,0.50650000,24.93333333,42.66083333,0.46535202
2001-06-05T13:20:00,1,6,5,13,20,0.49200000,24.86666667,42.08666667,0.45332946
2001-06-05T13:30:00,1,6,5,13,30,0.47750000,24.80000000,41.51250000,0.44123029
2001-06-05T13:40:00,1,6,5,13,40,0.46300000,24.73333333,40.93833333,0.42905454
2001-06-05T13:50:00,1,6,5,13,50,0.44850000,24.66666667,40.36416667,0.41680219
2001-06-05T14:00:00,1,6,5,14,0,0.43400000,24.60000000,39.79000000,0.40447324
2001-06-05T14:10:00,1,6,5,14,10,0.39816667,24.36666667,38.30250000,0.37380225
2001-06-05T14:20:00,1,6,5,14,20,0.36233333,24.13333333,36.81500000,0.34264088
2001-06-05T14:30:00,1,6,5,14,30,0.32650000,23.90000000,35.32750000,0.31098913
2001-06-05T14:40:00,1,6,5,14,40,0.29066667,23.66666667,33.84000000,0.27884700
2001-06-05T14:50:00,1,6,5,14,50,0.25483333,23.43333333,32.35250000,0.24621449
2001-06-05T15:00:00,1,6,5,15,0,0.21900000,23.20000000,30.86500000,0.21309160
2001-06-05T15:10:00,1,6,5,15,10,0.20083333,23.00000000,30.02916667,0.19618722
2001-06-05T15:20:00,1,6,5,15,20,0.18266667,22.80000000,29.19333333,0.17914315
2001-06-05T15:30:00,1,6,5,15,30,0.16450000,22.60000000,28.35750000,0.16195938
2001-06-05T15:40:00,1,6,5,15,40,0.14633333,22.40000000,27.52166667,0.14463592
2001-06-05T15:50:00,1,6,5,15,50,0.12816667,22.20000000,26.68583333,0.12717276
2001-06-05T16:00:00,1,6,5,16,0,0.11000000,22.00000000,25.85000000,0.10956990
2001-06-05T16:10:00,1,6,5,16,10,0.09266667,21.85000000,25.09333333,0.09262688
2001-06-05T16:20:00,1,6,5,16,20,0.07533333,21.70000000,24.33666667,0.07556320
2001-06-05T16:30:00,1,6,5,16,30,0.05800000,21.55000000,23.58000000,0.05837886
2001-06-05T16:40:00,1,6,5,16,40,0.04066667,21.40000000,22.82333333,0.04107385
2001-06-05T16:50:00,1,6,5,16,50,0.02333333,21.25000000,22.06666667,0.02364818
2001-06-05T17:00:00,1,6,5,17,0,0.00600000,21.10000000,21.31000000,0.00610184
2001-06-05T17:10:00,1,6,5,17,10,0.00500000,20.88333333,21.05833333,0.00509066
2001-06-05T17:20:00,1,6,5,17,20,0.00400000,20.66666667,20.80666667,0.00407716
2001-06-05T17:30:00,1,6,5,17,30,0.00300000,20.45000000,20.55500000,0.00306134
2001-06-05T17:40:00,1,6,5,17,40,0.00200000,20.23333333,20.30333333,0.00204321
2001-06-05T17:50:00,1,6,5,17,50,0.00100000,20.01666667,20.05166667,0.00102276
2001-06-05T18:00:00,1,6,5,18,0,0.00000000,19.80000000,19.80000000,0.00000000
2001-06-05T18:10:00,1,6,5,18,10,0.00000000,19.70000000,19.70000000,0.00000000
2001-06-05T18:20:00,1,6,5,18,20,0.00000000,19.60000000,19.60000000,0.00000000
2001-06-05T18:30:00,1,6,5,18,30,0.00000000,19.50000000,19.50000000,0.00000000
2001-06-05T18:40:00,1,6,5,18,40,0.00000000,19.40000000,19.40000000,0.00000000
2001-06-05T18:50:00,1,6,5,18,50,0.00000000,19.30000000,19.30000000,0.00000000
2001-06-05T19:00:00,1,6,5,19,0,0.00000000,19.20000000,19.20000000,0.00000000
2001-06-05T19:10:00,1,6,5,19,10,0.00000000,19.05000000,19.05000000,0.00000000
2001-06-05T19:20:00,1,6,5,19,20,0.00000000,18.90000000,18.90000000,0.00000000
2001-06-05T19:30:00,1,6,5,19,30,0.00000000,18.75000000,18.75000000,0.00000000
2001-06-05T19:40:00,1,6,5,19,40,0.00000000,18.60000000,18.60000000,0.00000000
2001-06-05T19:50:00,1,6,5,19,50,0.00000000,18.45000000,18.45000000,0.00000000
2001-06-05T20:00:00,1,6,5,20,0,0.00000000,18.30000000,18.30000000,0.00000000
2001-06-05T20:10:00,1,6,5,20,10,0.00000000,18.15000000,18.15000000,0.00000000
2001-06-05T20:20:00,1,6,5,20,20,0.00000000,18.00000000,18.00000000,0.00000000
2001-06-05T20:30:00,1,6,5,20,30,0.00000000,17.85000000,17.85000000,0.00000000
2001-06-05T20:40:00,1,6,5,20,40,0.00000000,17.70000000,17.70000000,0.00000000
2001-06-05T20:50:00,1,6,5,20,50,0.00000000,17.55000000,17.55000000,0.00000000
2001-06-05T21:00:00,1,6,5,21,0,0.00000000,17.40000000,17.40000000,0.00000000
2001-06-05T21:10:00,1,6,5,21,10,0.00000000,17.30000000,17.30000000,0.00000000
2001-06-05T21:20:00,1,6,5,21,20,0.00000000,17.20000000,17.20000000,0.00000000
2001-06-05T21:30:00,1,6,5,21,30,0.00000000,17.10000000,17.10000000,0.00000000
2001-06-05T21:40:00,1,6,5,21,40,0.00000000,17.00000000,17.00000000,0.00000000
2001-06-05T21:50:00,1,6,5,21,50,0.00000000,16.90000000,16.90000000,0.00000000
2001-06-05T22:00:00,1,6,5,22,0,0.00000000,16.80000000,16.80000000,0.00000000
2001-06-05T22:10:00,1,6,5,22,10,0.00000000,16.76666667,16.76666667,0.00000000
2001-06-05T22:20:00,1,6,5,22,20,0.00000000,16.73333333,16.73333333,0.00000000
2001-06-05T22:30:00,1,6,5,22,30,0.00000000,16.70000000,16.70000000,0.00000000
2001-06-05T22:40:00,1,6,5,22,40,0.00000000,16.66666667,16.66666667,0.00000000
2001-06-05T22:50:00,1,6,5,22,50,0.00000000,16.63333333,16.63333333,0.00000000
2001-06-05T23:00:00,1,6,5,23,0,0.00000000,16.60000000,16.60000000,0.00000000
2001-06-05T23:10:00,1,6,5,23,10,0.00000000,16.73333333,16.73333333,0.00000000
2001-06-05T23:20:00,1,6,5,23,20,0.00000000,16.86666667,16.86666667,0.00000000
2001-06-05T23:30:00,1,6,5,23,30,0.00000000,17.00000000,17.00000000,0.00000000
2001-06-05T23:40:00,1,6,5,23,40,0.00000000,17.13333333,17.13333333,0.00000000
2001-06-05T23:50:00,1,6,5,23,50,0.00000000,17.26666667,17.26666667,0.00000000
2001-06-06T00:00:00,1,6,6,0,0,0.00000000,17.40000000,17.40000000,0.00000000
2001-06-06T00:10:00,1,6,6,0,10,0.00000000,17.31666667,17.31666667,0.00000000
2001-06-06T00:20:00,1,6,6,0,20,0.00000000,17.23333333,17.23333333,0.00000000
2001-06-06T00:30:00,1,6,6,0,30,0.00000000,17.15000000,17.15000000,0.00000000
2001-06-06T00:40:00,1,6,6,0,40,0.00000000,17.06666667,17.06666667,0.00000000
2001-06-06T00:50:00,1,6,6,0,50,0.00000000,16.98333333,16.98333333,0.00000000
2001-06-06T01:00:00,1,6,6,1,0,0.00000000,16.90000000,16.90000000,0.00000000
2001-06-06T01:10:00,1,6,6,1,10,0.00000000,16.83333333,16.83333333,0.00000000
2001-06-06T01:20:00,1,6,6,1,20,0.00000000,16.76666667,16.76666667,0.00000000
2001-06-06T01:30:00,1,6,6,1,30,0.00000000,16.70000000,16.70000000,0.00000000
2001-06-06T01:40:00,1,6,6,1,40,0.00000000,16.63333333,16.63333333,0.00000000
2001-06-06T01:50:00,1,6,6,1,50,0.00000000,16.56666667,16.56666667,0.00000000
2001-06-06T02:00:00,1,6,6,2,0,0.00000000,16.50000000,16.50000000,0.00000000
2001-06-06T02:10:00,1,6,6,2,10,0.00000000,16.53333333,16.53333333,0.00000000
2001-06-06T02:20:00,1,6,6,2,20,0.00000000,16.56666667,16.56666667,0.00000000
2001-06-06T02:30:00,1,6,6,2,30,0.00000000,16.60000000,16.60000000,0.00000000
2001-06-06T02:40:00,1,6,6,2,40,0.00000000,16.63333333,16.63333333,0.00000000
2001-06-06T02:50:00,1,6,6,2,50,0.00000000,16.66666667,16.66666667,0.00000000
2001-06-06T03:00:00,1,6,6,3,0,0.00000000,16.70000000,16.70000000,0.00000000
2001-06-06T03:10:00,1,6,6,3,10,0.00000000,16.66666667,16.66666667,0.00000000
2001-06-06T03:20:00,1,6,6,3,20,0.00000000,16.63333333,16.63333333,0.00000000
2001-06-06T03:30:00,1,6,6,3,30,0.00000000,16.60000000,16.60000000,0.00000000
2001-06-06T03:40:00,1,6,6,3,40,0.00000000,16.56666667,16.56666667,0.00000000
2001-06-06T03:50:00,1,6,6,3,50,0.00000000,16.53333333,16.53333333,0.00000000
2001-06-06T04:00:00,1,6,6,4,0,0.00000000,16.50000000,16.50000000,0.00000000
2001-06-06T04:10:00,1,6,6,4,10,0.00000000,16.41666667,16.41666667,0.00000000
2001-06-06T04:20:00,1,6,6,4,20,0.00000000,16.33333333,16.33333333,0.00000000
2001-06-06T04:30:00,1,6,6,4,30,0.00000000,16.25000000,16.25000000,0.00000000
2001-06-06T04:40:00,1,6,6,4,40,0.00000000,16.16666667,16.16666667,0.00000000
2001-06-06T04:50:00,1,6,6,4,50,0.00000000,16.08333333,16.08333333,0.00000000
2001-06-06T05:00:00,1,6,6,5,0,0.00000000,16.00000000,16.00000000,0.00000000
2001-06-06T05:10:00,1,6,6,5,10,0.00000000,16.00000000,16.00000000,0.00000000
2001-06-06T05:20:00,1,6,6,5,20,0.00000000,16.00000000,16.00000000,0.00000000
2001-06-06T05:30:00,1,6,6,5,30,0.00000000,16.00000000,16.00000000,0.00000000
2001-06-06T05:40:00,1,6,6,5,40,0.00000000,16.00000000,16.00000000,0.00000000
2001-06-06T05:50:00,1,6,6,5,50,0.00000000,16.00000000,16.00000000,0.00000000
2001-06-06T06:00:00,1,6,6,6,0,0.00000000,16.00000000,16.00000000,0.00000000
2001-06-06T06:10:00,1,6,6,6,10,0.00833333,16.10000000,16.39166667,0.00866332
2001-06-06T06:20:00,1,6,6,6,20,0.01666667,16.20000000,16.78333333,0.01729661
2001-06-06T06:30:00,1,6,6,6,30,0.02500000,16.30000000,17.17500000,0.02589988
2001-06-06T06:40:00,1,6,6,6,40,0.03333333,16.40000000,17.56666667,0.03447311
2001-06-06T06:50:00,1,6,6,6,50,0.04166667,16.50000000,17.95833333,0.04301632
2001-06-06T07:00:00,1,6,6,7,0,0.05000000,16.60000000,18.35000000,0.05152950
2001-06-06T07:10:00,1,6,6,7,10,0.08133333,16.96666667,19.81333333,0.08327384
2001-06-06T07:20:00,1,6,6,7,20,0.11266667,17.33333333,21.27666667,0.11459635
2001-06-06T07:30:00,1,6,6,7,30,0.14400000,17.70000000,22.74000000,0.14549702
2001-06-06T07:40:00,1,6,6,7,40,0.17533333,18.06666667,24.20333333,0.17597587
2001-06-06T07:50:00,1,6,6,7,50,0.20666667,18.43333333,25.66666667,0.20603289
2001-06-06T08:00:00,1,6,6,8,0,0.23800000,18.80000000,27.13000000,0.23566808
2001-06-06T08:10:00,1,6,6,8,10,0.24133333,19.21666667,27.66333333,0.23837668
2001-06-06T08:20:00,1,6,6,8,20,0.24466667,19.63333333,28.19666667,0.24106892
2001-06-06T08:30:00,1,6,6,8,30,0.24800000,20.05000000,28.73000000,0.24374482
2001-06-06T08:40:00,1,6,6,8,40,0.25133333,20.46666667,29.26333333,0.24640435
2001-06-06T08:50:00,1,6,6,8,50,0.25466667,20.88333333,29.79666667,0.24904753
2001-06-06T09:00:00,1,6,6,9,0,0.25800000,21.30000000,30.33000000,0.25167436
2001-06-06T09:10:00,1,6,6,9,10,0.30950000,21.48333333,32.31583333,0.29908445
2001-06-06T09:20:00,1,6,6,9,20,0.36100000,21.66666667,34.30166667,0.34555365
2001-06-06T09:30:00,1,6,6,9,30,0.41250000,21.85000000,36.28750000,0.39108197
2001-06-06T09:40:00,1,6,6,9,40,0.46400000,22.03333333,38.27333333,0.43566940
2001-06-06T09:50:00,1,6,6,9,50,0.51550000,22.21666667,40.25916667,0.47931594
2001-06-06T10:00:00,1,6,6,10,0,0.56700000,22.40000000,42.24500000,0.52202159
2001-06-06T10:10:00,1,6,6,10,10,0.57566667,23.08333333,43.23166667,0.52738800
2001-06-06T10:20:00,1,6,6,10,20,0.58433333,23.76666667,44.21833333,0.53267573
2001-06-06T10:30:00,1,6,6,10,30,0.59300000,24.45000000,45.20500000,0.53788480
2001-06-06T10:40:00,1,6,6,10,40,0.60166667,25.13333333,46.19166667,0.54301520
2001-06-06T10:50:00,1,6,6,10,50,0.61033333,25.81666667,47.17833333,0.54806692
2001-06-06T11:00:00,1,6,6,11,0,0.61900000,26.50000000,48.16500000,0.55303998
2001-06-06T11:10:00,1,6,6,11,10,0.59766667,26.58333333,47.50166667,0.53580358
2001-06-06T11:20:00,1,6,6,11,20,0.57633333,26.66666667,46.83833333,0.51843700
2001-06-06T11:30:00,1,6,6,11,30,0.55500000,26.75000000,46.17500000,0.50094023
2001-06-06T11:40:00,1,6,6,11,40,0.53366667,26.83333333,45.51166667,0.48331326
2001-06-06T11:50:00,1,6,6,11,50,0.51233333,26.91666667,44.84833333,0.46555610
2001-06-06T12:00:00,1,6,6,12,0,0.49100000,27.00000000,44.18500000,0.44766876
2001-06-06T12:10:00,1,6,6,12,10,0.49233333,26.90000000,44.13166667,0.44900521
2001-06-06T12:20:00,1,6,6,12,20,0.49366667,26.80000000,44.07833333,0.45034232
2001-06-06T12:30:00,1,6,6,12,30,0.49500000,26.70000000,44.02500000,0.45168008
2001-06-06T12:40:00,1,6,6,12,40,0.49633333,26.60000000,43.97166667,0.45301849
2001-06-06T12:50:00,1,6,6,12,50,0.49766667,26.50000000,43.91833333,0.45435756
2001-06-06T13:00:00,1,6,6,13,0,0.49900000,26.40000000,43.86500000,0.45569728
2001-06-06T13:10:00,1,6,6,13,10,0.47766667,26.45000000,43.16833333,0.43774599
2001-06-06T13:20:00,1,6,6,13,20,0.45633333,26.50000000,42.47166667,0.41965798
2001-06-06T13:30:00,1,6,6,13,30,0.43500000,26.55000000,41.77500000,0.40143323
2001-06-06T13:40:00,1,6,6,13,40,0.41366667,26.60000000,41.07833333,0.38307174
2001-06-06T13:50:00,1,6,6,13,50,0.39233333,26.65000000,40.38166667,0.36457353
2001-06-06T14:00:00,1,6,6,14,0,0.37100000,26.70000000,39.68500000,0.34593858
2001-06-06T14:10:00,1,6,6,14,10,0.34300000,26.30000000,38.30500000,0.32200737
2001-06-06T14:20:00,1,6,6,14,20,0.31500000,25.90000000,36.92500000,0.29772067
2001-06-06T14:30:00,1,6,6,14,30,0.28700000,25.50000000,35.54500000,0.27307849
2001-06-06T14:40:00,1,6,6,14,40,0.25900000,25.10000000,34.16500000,0.24808082
2001-06-06T14:50:00,1,6,6,14,50,0.23100000,24.70000000,32.78500000,0.22272766
2001-06-06T15:00:00,1,6,6,15,0,0.20300000,24.30000000,31.40500000,0.19701901
2001-06-06T15:10:00,1,6,6,15,10,0.18266667,24.05000000,30.44333333,0.17809282
2001-06-06T15:20:00,1,6,6,15,20,0.16233333,23.80000000,29.48166667,0.15898672
2001-06-06T15:30:00,1,6,6,15,30,0.14200000,23.55000000,28.52000000,0.13970074
2001-06-06T15:40:00,1,6,6,15,40,0.12166667,23.30000000,27.55833333,0.12023485
2001-06-06T15:50:00,1,6,6,15,50,0.10133333,23.05000000,26.59666667,0.10058907
2001-06-06T16:00:00,1,6,6,16,0,0.08100000,22.80000000,25.63500000,0.08076340
2001-06-06T16:10:00,1,6,6,16,10,0.06833333,22.48333333,24.87500000,0.06837262
2001-06-06T16:20:00,1,6,6,16,20,0.05566667,22.16666667,24.11500000,0.05589329
2001-06-06T16:30:00,1,6,6,16,30,0.04300000,21.85000000,23.35500000,0.04332538
2001-06-06T16:40:00,1,6,6,16,40,0.03033333,21.53333333,22.59500000,0.03066891
2001-06-06T16:50:00,1,6,6,16,50,0.01766667,21.21666667,21.83500000,0.01792388
2001-06-06T17:00:00,1,6,6,17,0,0.00500000,20.90000000,21.07500000,0.00509028
2001-06-06T17:10:00,1,6,6,17,10,0.00416667,20.63333333,20.77916667,0.00424757
2001-06-06T17:20:00,1,6,6,17,20,0.00333333,20.36666667,20.48333333,0.00340259
2001-06-06T17:30:00,1,6,6,17,30,0.00250000,20.10000000,20.18750000,0.00255534
2001-06-06T17:40:00,1,6,6,17,40,0.00166667,19.83333333,19.89166667,0.00170583
2001-06-06T17:50:00,1,6,6,17,50,0.00083333,19.56666667,19.59583333,0.00085405
2001-06-06T18:00:00,1,6,6,18,0,0.00000000,19.30000000,19.30000000,0.00000000
2001-06-06T18:10:00,1,6,6,18,10,0.00000000,19.33333333,19.33333333,0.00000000
2001-06-06T18:20:00,1,6,6,18,20,0.00000000,19.36666667,19.36666667,0.00000000
2001-06-06T18:30:00,1,6,6,18,30,0.00000000,19.40000000,19.40000000,0.00000000
2001-06-06T18:40:00,1,6,6,18,40,0.00000000,19.43333333,19.43333333,0.00000000
2001-06-06T18:50:00,1,6,6,18,50,0.00000000,19.46666667,19.46666667,0.00000000
2001-06-06T19:00:00,1,6,6,19,0,0.00000000,19.50000000,19.50000000,0.00000000
2001-06-06T19:10:00,1,6,6,19,10,0.00000000,19.30000000,19.30000000,0.00000000
2001-06-06T19:20:00,1,6,6,19,20,0.00000000,19.10000000,19.10000000,0.00000000
2001-06-06T19:30:00,1,6,6,19,30,0.00000000,18.90000000,18.90000000,0.00000000
2001-06-06T19:40:00,1,6,6,19,40,0.00000000,18.70000000,18.70000000,0.00000000
2001-06-06T19:50:00,1,6,6,19,50,0.00000000,18.50000000,18.50000000,0.00000000
2001-06-06T20:00:00,1,6,6,20,0,0.00000000,18.30000000,18.30000000,0.00000000
2001-06-06T20:10:00,1,6,6,20,10,0.00000000,18.20000000,18.20000000,0.00000000
2001-06-06T20:20:00,1,6,6,20,20,0.00000000,18.10000000,18.10000000,0.00000000
2001-06-06T20:30:00,1,6,6,20,30,0.00000000,18.00000000,18.00000000,0.00000000
2001-06-06T20:40:00,1,6,6,20,40,0.00000000,17.90000000,17.90000000,0.00000000
2001-06-06T20:50:00,1,6,6,20,50,0.00000000,17.80000000,17.80000000,0.00000000
2001-06-06T21:00:00,1,6,6,21,0,0.00000000,17.70000000,17.70000000,0.00000000
2001-06-06T21:10:00,1,6,6,21,10,0.00000000,17.65000000,17.65000000,0.00000000
2001-06-06T21:20:00,1,6,6,21,20,0.00000000,17.60000000,17.60000000,0.00000000
2001-06-06T21:30:00,1,6,6,21,30,0.00000000,17.55000000,17.55000000,0.00000000
2001-06-06T21:40:00,1,6,6,21,40,0.00000000,17.50000000,17.50000000,0.00000000
2001-06-06T21:50:00,1,6,6,21,50,0.00000000,17.45000000,17.45000000,0.00000000
2001-06-06T22:00:00,1,6,6,22,0,0.00000000,17.40000000,17.40000000,0.00000000
2001-06-06T22:10:00,1,6,6,22,10,0.00000000,17.33333333,17.33333333,0.00000000
2001-06-06T22:20:00,1,6,6,22,20,0.00000000,17.26666667,17.26666667,0.00000000
2001-06-06T22:30:00,1,6,6,22,30,0.00000000,17.20000000,17.20000000,0.00000000
2001-06-06T22:40:00,1,6,6,22,40,0.00000000,17.13333333,17.13333333,0.00000000
2001-06-06T22:50:00,1,6,6,22,50,0.00000000,17.06666667,17.06666667,0.00000000
2001-06-06T23:00:00,1,6,6,23,0,0.00000000,17.00000000,17.00000000,0.00000000
2001-06-06T23:10:00,1,6,6,23,10,0.00000000,17.18333333,17.18333333,0.00000000
2001-06-06T23:20:00,1,6,6,23,20,0.00000000,17.36666667,17.36666667,0.00000000
2001-06-06T23:30:00,1,6,6,23,30,0.00000000,17.55000000,17.55000000,0.00000000
2001-06-06T23:40:00,1,6,6,23,40,0.00000000,17.73333333,17.73333333,0.00000000
2001-06-06T23:50:00,1,6,6,23,50,0.00000000,17.91666667,17.91666667,0.00000000
2001-06-07T00:00:00,1,6,7,0,0,0.00000000,18.10000000,18.10000000,0.00000000
2001-06-07T00:10:00,1,6,7,0,10,0.00000000,18.08333333,18.08333333,0.00000000
2001-06-07T00:20:00,1,6,7,0,20,0.00000000,18.06666667,18.06666667,0.00000000
2001-06-07T00:30:00,1,6,7,0,30,0.00000000,18.05000000,18.05000000,0.00000000
2001-06-07T00:40:00,1,6,7,0,40,0.00000000,18.03333333,18.03333333,0.00000000
2001-06-07T00:50:00,1,6,7,0,50,0.00000000,18.01666667,18.01666667,0.00000000
2001-06-07T01:00:00,1,6,7,1,0,0.00000000,18.00000000,18.00000000,0.00000000
2001-06-07T01:10:00,1,6,7,1,10,0.00000000,17.98333333,17.98333333,0.00000000
2001-06-07T01:20:00,1,6,7,1,20,0.00000000,17.96666667,17.96666667,0.00000000
2001-06-07T01:30:00,1,6,7,1,30,0.00000000,17.95000000,17.95000000,0.00000000
2001-06-07T01:40:00,1,6,7,1,40,0.00000000,17.93333333,17.93333333,0.00000000
2001-06-07T01:50:00,1,6,7,1,50,0.00000000,17.91666667,17.91666667,0.00000000
2001-06-07T02:00:00,1,6,7,2,0,0.00000000,17.90000000,17.90000000,0.00000000
2001-06-07T02:10:00,1,6,7,2,10,0.00000000,17.90000000,17.90000000,0.00000000
2001-06-07T02:20:00,1,6,7,2,20,0.00000000,17.90000000,17.90000000,0.00000000
2001-06-07T02:30:00,1,6,7,2,30,0.00000000,17.90000000,17.90000000,0.00000000
2001-06-07T02:40:00,1,6,7,2,40,0.00000000,17.90000000,17.90000000,0.00000000
2001-06-07T02:50:00,1,6,7,2,50,0.00000000,17.90000000,17.90000000,0.00000000
2001-06-07T03:00:00,1,6,7,3,0,0.00000000,17.90000000,17.90000000,0.00000000
2001-06-07T03:10:00,1,6,7,3,10,0.00000000,17.90000000,17.90000000,0.00000000
2001-06-07T03:20:00,1,6,7,3,20,0.00000000,17.90000000,17.90000000,0.00000000
2001-06-07T03:30:00,1,6,7,3,30,0.00000000,17.90000000,17.90000000,0.00000000
2001-06-07T03:40:00,1,6,7,3,40,0.00000000,17.90000000,17.90000000,0.00000000
2001-06-07T03:50:00,1,6,7,3,50,0.00000000,17.90000000,17.90000000,0.00000000
2001-06-07T04:00:00,1,6,7,4,0,0.00000000,17.90000000,17.90000000,0.00000000
2001-06-07T04:10:00,1,6,7,4,10,0.00000000,17.86666667,17.86666667,0.00000000
2001-06-07T04:20:00,1,6,7,4,20,0.00000000,17.83333333,17.83333333,0.00000000
2001-06-07T04:30:00,1,6,7,4,30,0.00000000,17.80000000,17.80000000,0.00000000
2001-06-07T04:40:00,1,6,7,4,40,0.00000000,17.76666667,17.76666667,0.00000000
2001-06-07T04:50:00,1,6,7,4,50,0.00000000,17.73333333,17.73333333,0.00000000
2001-06-07T05:00:00,1,6,7,5,0,0.00000000,17.70000000,17.70000000,0.00000000
2001-06-07T05:10:00,1,6,7,5,10,0.00000000,17.61666667,17.61666667,0.00000000
2001-06-07T05:20:00,1,6,7,5,20,0.00000000,17.53333333,17.53333333,0.00000000
2001-06-07T05:30:00,1,6,7,5,30,0.00000000,17.45000000,17.45000000,0.00000000
2001-06-07T05:40:00,1,6,7,5,40,0.00000000,17.36666667,17.36666667,0.00000000
2001-06-07T05:50:00,1,6,7,5,50,0.00000000,17.28333333,17.28333333,0.00000000
2001-06-07T06:00:00,1,6,7,6,0,0.00000000,17.20000000,17.20000000,0.00000000
2001-06-07T06:10:00,1,6,7,6,10,0.01300000,17.21666667,17.67166667,0.01343823
2001-06-07T06:20:00,1,6,7,6,20,0.02600000,17.23333333,18.14333333,0.02682006
2001-06-07T06:30:00,1,6,7,6,30,0.03900000,17.25000000,18.61500000,0.04014547
2001-06-07T06:40:00,1,6,7,6,40,0.05200000,17.26666667,19.08666667,0.05341447
2001-06-07T06:50:00,1,6,7,6,50,0.06500000,17.28333333,19.55833333,0.06662706
2001-06-07T07:00:00,1,6,7,7,0,0.07800000,17.30000000,20.03000000,0.07978324
2001-06-07T07:10:00,1,6,7,7,10,0.09183333,17.58333333,20.79750000,0.09360861
2001-06-07T07:20:00,1,6,7,7,20,0.10566667,17.86666667,21.56500000,0.10733631
2001-06-07T07:30:00,1,6,7,7,30,0.11950000,18.15000000,22.33250000,0.12096632
2001-06-07T07:40:00,1,6,7,7,40,0.13333333,18.43333333,23.10000000,0.13449867
2001-06-07T07:50:00,1,6,7,7,50,0.14716667,18.71666667,23.86750000,0.14793333
2001-06-07T08:00:00,1,6,7,8,0,0.16100000,19.00000000,24.63500000,0.16127032
2001-06-07T08:10:00,1,6,7,8,10,0.16800000,19.30000000,25.18000000,0.16786090
2001-06-07T08:20:00,1,6,7,8,20,0.17500000,19.60000000,25.72500000,0.17441638
2001-06-07T08:30:00,1,6,7,8,30,0.18200000,19.90000000,26.27000000,0.18093676
2001-06-07T08:40:00,1,6,7,8,40,0.18900000,20.20000000,26.81500000,0.18742204
2001-06-07T08:50:00,1,6,7,8,50,0.19600000,20.50000000,27.36000000,0.19387222
2001-06-07T09:00:00,1,6,7,9,0,0.20300000,20.80000000,27.90500000,0.20028731
2001-06-07T09:10:00,1,6,7,9,10,0.25116667,21.03333333,29.82416667,0.24559299
2001-06-07T09:20:00,1,6,7,9,20,0.29933333,21.26666667,31.74333333,0.29004821
2001-06-07T09:30:00,1,6,7,9,30,0.34750000,21.50000000,33.66250000,0.33365299
2001-06-07T09:40:00,1,6,7,9,40,0.39566667,21.73333333,35.58166667,0.37640733
2001-06-07T09:50:00,1,6,7,9,50,0.44383333,21.96666667,37.50083333,0.41831122
2001-06-07T10:00:00,1,6,7,10,0,0.49200000,22.20000000,39.42000000,0.45936466
2001-06-07T10:10:00,1,6,7,10,10,0.48766667,23.20000000,40.26833333,0.45341572
2001-06-07T10:20:00,1,6,7,10,20,0.48333333,24.20000000,41.11666667,0.44750061
2001-06-07T10:30:00,1,6,7,10,30,0.47900000,25.20000000,41.96500000,0.44161932
2001-06-07T10:40:00,1,6,7,10,40,0.47466667,26.20000000,42.81333333,0.43577185
2001-06-07T10:50:00,1,6,7,10,50,0.47033333,27.20000000,43.66166667,0.42995820
2001-06-07T11:00:00,1,6,7,11,0,0.46600000,28.20000000,44.51000000,0.42417836
2001-06-07T11:10:00,1,6,7,11,10,0.46516667,28.15000000,44.43083333,0.42358922
2001-06-07T11:20:00,1,6,7,11,20,0.46433333,28.10000000,44.35166667,0.42299946
2001-06-07T11:30:00,1,6,7,11,30,0.46350000,28.05000000,44.27250000,0.42240910
2001-06-07T11:40:00,1,6,7,11,40,0.46266667,28.00000000,44.19333333,0.42181814
2001-06-07T11:50:00,1,6,7,11,50,0.46183333,27.95000000,44.11416667,0.42122656
2001-06-07T12:00:00,1,6,7,12,0,0.46100000,27.90000000,44.03500000,0.42063438
2001-06-07T12:10:00,1,6,7,12,10,0.45266667,27.86666667,43.71000000,0.41370746
2001-06-07T12:20:00,1,6,7,12,20,0.44433333,27.83333333,43.38500000,0.40675562
2001-06-07T12:30:00,1,6,7,12,30,0.43600000,27.80000000,43.06000000,0.39977886
2001-06-07T12:40:00,1,6,7,12,40,0.42766667,27.76666667,42.73500000,0.39277719
2001-06-07T12:50:00,1,6,7,12,50,0.41933333,27.73333333,42.41000000,0.38575060
2001-06-07T13:00:00,1,6,7,13,0,0.41100000,27.70000000,42.08500000,0.37869910
2001-06-07T13:10:00,1,6,7,13,10,0.37133333,27.53333333,40.53000000,0.34480602
2001-06-07T13:20:00,1,6,7,13,20,0.33166667,27.36666667,38.97500000,0.31034547
2001-06-07T13:30:00,1,6,7,13,30,0.29200000,27.20000000,37.42000000,0.27531746
2001-06-07T13:40:00,1,6,7,13,40,0.25233333,27.03333333,35.86500000,0.23972197
2001-06-07T13:50:00,1,6,7,13,50,0.21266667,26.86666667,34.31000000,0.20355900
2001-06-07T14:00:00,1,6,7,14,0,0.17300000,26.70000000,32.75500000,0.16682857
2001-06-07T14:10:00,1,6,7,14,10,0.17666667,25.91666667,32.10000000,0.17089673
2001-06-07T14:20:00,1,6,7,14,20,0.18033333,25.13333333,31.44500000,0.17498699
2001-06-07T14:30:00,1,6,7,14,30,0.18400000,24.35000000,30.79000000,0.17909934
2001-06-07T14:40:00,1,6,7,14,40,0.18766667,23.56666667,30.13500000,0.18323379
2001-06-07T14:50:00,1,6,7,14,50,0.19133333,22.78333333,29.48000000,0.18739034
2001-06-07T15:00:00,1,6,7,15,0,0.19500000,22.00000000,28.82500000,0.19156898
2001-06-07T15:10:00,1,6,7,15,10,0.16883333,22.10000000,28.00916667,0.16649631
2001-06-07T15:20:00,1,6,7,15,20,0.14266667,22.20000000,27.19333333,0.14122726
2001-06-07T15:30:00,1,6,7,15,30,0.11650000,22.30000000,26.37750000,0.11576180
2001-06-07T15:40:00,1,6,7,15,40,0.09033333,22.40000000,25.56166667,0.09009994
2001-06-07T15:50:00,1,6,7,15,50,0.06416667,22.50000000,24.74583333,0.06424169
2001-06-07T16:00:00,1,6,7,16,0,0.03800000,22.60000000,23.93000000,0.03818704
2001-06-07T16:10:00,1,6,7,16,10,0.03216667,21.96666667,23.09250000,0.03244891
2001-06-07T16:20:00,1,6,7,16,20,0.02633333,21.33333333,22.25500000,0.02666584
2001-06-07T16:30:00,1,6,7,16,30,0.02050000,20.70000000,21.41750000,0.02083783
2001-06-07T16:40:00,1,6,7,16,40,0.01466667,20.06666667,20.58000000,0.01496487
2001-06-07T16:50:00,1,6,7,16,50,0.00883333,19.43333333,19.74250000,0.00904696
2001-06-07T17:00:00,1,6,7,17,0,0.00300000,18.80000000,18.90500000,0.00308411
2001-06-07T17:10:00,1,6,7,17,10,0.00250000,18.68333333,18.77083333,0.00257164
2001-06-07T17:20:00,1,6,7,17,20,0.00200000,18.56666667,18.63666667,0.00205854
2001-06-07T17:30:00,1,6,7,17,30,0.00150000,18.45000000,18.50250000,0.00154483
2001-06-07T17:40:00,1,6,7,17,40,0.00100000,18.33333333,18.36833333,0.00103051
2001-06-07T17:50:00,1,6,7,17,50,0.00050000,18.21666667,18.23416667,0.00051556
2001-06-07T18:00:00,1,6,7,18,0,0.00000000,18.10000000,18.10000000,0.00000000
2001-06-07T18:10:00,1,6,7,18,10,0.00000000,17.95000000,17.95000000,0.00000000
2001-06-07T18:20:00,1,6,7,18,20,0.00000000,17.80000000,17.80000000,0.00000000
2001-06-07T18:30:00,1,6,7,18,30,0.00000000,17.65000000,17.65000000,0.00000000
2001-06-07T18:40:00,1,6,7,18,40,0.00000000,17.50000000,17.50000000,0.00000000
2001-06-07T18:50:00,1,6,7,18,50,0.00000000,17.35000000,17.35000000,0.00000000
2001-06-07T19:00:00,1,6,7,19,0,0.00000000,17.20000000,17.20000000,0.00000000
2001-06-07T19:10:00,1,6,7,19,10,0.00000000,17.21666667,17.21666667,0.00000000
2001-06-07T19:20:00,1,6,7,19,20,0.00000000,17.23333333,17.23333333,0.00000000
2001-06-07T19:30:00,1,6,7,19,30,0.00000000,17.25000000,17.25000000,0.00000000
2001-06-07T19:40:00,1,6,7,19,40,0.00000000,17.26666667,17.26666667,0.00000000
2001-06-07T19:50:00,1,6,7,19,50,0.00000000,17.28333333,17.28333333,0.00000000
2001-06-07T20:00:00,1,6,7,20,0,0.00000000,17.30000000,17.30000000,0.00000000
2001-06-07T20:10:00,1,6,7,20,10,0.00000000,17.20000000,17.20000000,0.00000000
2001-06-07T20:20:00,1,6,7,20,20,0.00000000,17.10000000,17.10000000,0.00000000
2001-06-07T20:30:00,1,6,7,20,30,0.00000000,17.00000000,17.00000000,0.00000000
2001-06-07T20:40:00,1,6,7,20,40,0.00000000,16.90000000,16.90000000,0.00000000
2001-06-07T20:50:00,1,6,7,20,50,0.00000000,16.80000000,16.80000000,0.00000000
2001-06-07T21:00:00,1,6,7,21,0,0.00000000,16.70000000,16.70000000,0.00000000
2001-06-07T21:10:00,1,6,7,21,10,0.00000000,16.68333333,16.68333333,0.00000000
2001-06-07T21:20:00,1,6,7,21,20,0.00000000,16.66666667,16.66666667,0.00000000
2001-06-07T21:30:00,1,6,7,21,30,0.00000000,16.65000000,16.65000000,0.00000000
2001-06-07T21:40:00,1,6,7,21,40,0.00000000,16.63333333,16.63333333,0.00000000
2001-06-07T21:50:00,1,6,7,21,50,0.00000000,16.61666667,16.61666667,0.00000000
2001-06-07T22:00:00,1,6,7,22,0,0.00000000,16.60000000,16.60000000,0.00000000
2001-06-07T22:10:00,1,6,7,22,10,0.00000000,16.53333333,16.53333333,0.00000000
2001-06-07T22:20:00,1,6,7,22,20,0.00000000,16.46666667,16.46666667,0.00000000
2001-06-07T22:30:00,1,6,7,22,30,0.00000000,16.40000000,16.40000000,0.00000000
2001-06-07T22:40:00,1,6,7,22,40,0.00000000,16.33333333,16.33333333,0.00000000
2001-06-07T22:50:00,1,6,7,22,50,0.00000000,16.26666667,16.26666667,0.00000000
2001-06-07T23:00:00,1,6,7,23,0,0.00000000,16.20000000,16.20000000,0.00000000
2001-06-07T23:10:00,1,6,7,23,10,0.00000000,16.03333333,16.03333333,0.00000000
2001-06-07T23:20:00,1,6,7,23,20,0.00000000,15.86666667,15.86666667,0.00000000
2001-06-07T23:30:00,1,6,7,23,30,0.00000000,15.70000000,15.70000000,0.00000000
2001-06-07T23:40:00,1,6,7,23,40,0.00000000,15.53333333,15.53333333,0.00000000
2001-06-07T23:50:00,1,6,7,23,50,0.00000000,15.36666667,15.36666667,0.00000000
2001-06-08T00:00:00,1,6,8,0,0,0.00000000,15.20000000,15.20000000,0.00000000
2001-06-08T00:10:00,1,6,8,0,10,0.00000000,15.08333333,15.08333333,0.00000000
2001-06-08T00:20:00,1,6,8,0,20,0.00000000,14.96666667,14.96666667,0.00000000
2001-06-08T00:30:00,1,6,8,0,30,0.00000000,14.85000000,14.85000000,0.00000000
2001-06-08T00:40:00,1,6,8,0,40,0.00000000,14.73333333,14.73333333,0.00000000
2001-06-08T00:50:00,1,6,8,0,50,0.00000000,14.61666667,14.61666667,0.00000000
2001-06-08T01:00:00,1,6,8,1,0,0.00000000,14.50000000,14.50000000,0.00000000
2001-06-08T01:10:00,1,6,8,1,10,0.00000000,14.50000000,14.50000000,0.00000000
2001-06-08T01:20:00,1,6,8,1,20,0.00000000,14.50000000,14.50000000,0.00000000
2001-06-08T01:30:00,1,6,8,1,30,0.00000000,14.50000000,14.50000000,0.00000000
2001-06-08T01:40:00,1,6,8,1,40,0.00000000,14.50000000,14.50000000,0.00000000
2001-06-08T01:50:00,1,6,8,1,50,0.00000000,14.50000000,14.50000000,0.00000000
2001-06-08T02:00:00,1,6,8,2,0,0.00000000,14.50000000,14.50000000,0.00000000
2001-06-08T02:10:00,1,6,8,2,10,0.00000000,14.45000000,14.45000000,0.00000000
2001-06-08T02:20:00,1,6,8,2,20,0.00000000,14.40000000,14.40000000,0.00000000
2001-06-08T02:30:00,1,6,8,2,30,0.00000000,14.35000000,14.35000000,0.00000000
2001-06-08T02:40:00,1,6,8,2,40,0.00000000,14.30000000,14.30000000,0.00000000
2001-06-08T02:50:00,1,6,8,2,50,0.00000000,14.25000000,14.25000000,0.00000000
2001-06-08T03:00:00,1,6,8,3,0,0.00000000,14.20000000,14.20000000,0.00000000
2001-06-08T03:10:00,1,6,8,3,10,0.00000000,14.26666667,14.26666667,0.00000000
2001-06-08T03:20:00,1,6,8,3,20,0.00000000,14.33333333,14.33333333,0.00000000
2001-06-08T03:30:00,1,6,8,3,30,0.00000000,14.40000000,14.40000000,0.00000000
2001-06-08T03:40:00,1,6,8,3,40,0.00000000,14.46666667,14.46666667,0.00000000
2001-06-08T03:50:00,1,6,8,3,50,0.00000000,14.53333333,14.53333333,0.00000000
2001-06-08T04:00:00,1,6,8,4,0,0.00000000,14.60000000,14.60000000,0.00000000
2001-06-08T04:10:00,1,6,8,4,10,0.00000000,14.48333333,14.48333333,0.00000000
2001-06-08T04:20:00,1,6,8,4,20,0.00000000,14.36666667,14.36666667,0.00000000
2001-06-08T04:30:00,1,6,8,4,30,0.00000000,14.25000000,14.25000000,0.00000000
2001-06-08T04:40:00,1,6,8,4,40,0.00000000,14.13333333,14.13333333,0.00000000
2001-06-08T04:50:00,1,6,8,4,50,0.00000000,14.01666667,14.01666667,0.00000000
2001-06-08T05:00:00,1,6,8,5,0,0.00000000,13.90000000,13.90000000,0.00000000
2001-06-08T05:10:00,1,6,8,5,10,0.00000000,13.98333333,13.98333333,0.00000000
2001-06-08T05:20:00,1,6,8,5,20,0.00000000,14.06666667,14.06666667,0.00000000
2001-06-08T05:30:00,1,6,8,5,30,0.00000000,14.15000000,14.15000000,0.00000000
2001-06-08T05:40:00,1,6,8,5,40,0.00000000,14.23333333,14.23333333,0.00000000
2001-06-08T05:50:00,1,6,8,5,50,0.00000000,14.31666667,14.31666667,0.00000000
2001-06-08T06:00:00,1,6,8,6,0,0.00000000,14.40000000,14.40000000,0.00000000
2001-06-08T06:10:00,1,6,8,6,10,0.01083333,14.40000000,14.77916667,0.01134267
2001-06-08T06:20:00,1,6,8,6,20,0.02166667,14.40000000,15.15833333,0.02264755
2001-06-08T06:30:00,1,6,8,6,30,0.03250000,14.40000000,15.53750000,0.03391464
2001-06-08T06:40:00,1,6,8,6,40,0.04333333,14.40000000,15.91666667,0.04514394
2001-06-08T06:50:00,1,6,8,6,50,0.05416667,14.40000000,16.29583333,0.05633545
2001-06-08T07:00:00,1,6,8,7,0,0.06500000,14.40000000,16.67500000,0.06748917
2001-06-08T07:10:00,1,6,8,7,10,0.06883333,14.70000000,17.10916667,0.07133183
2001-06-08T07:20:00,1,6,8,7,20,0.07266667,15.00000000,17.54333333,0.07515918
2001-06-08T07:30:00,1,6,8,7,30,0.07650000,15.30000000,17.97750000,0.07897122
2001-06-08T07:40:00,1,6,8,7,40,0.08033333,15.60000000,18.41166667,0.08276794
2001-06-08T07:50:00,1,6,8,7,50,0.08416667,15.90000000,18.84583333,0.08654935
2001-06-08T08:00:00,1,6,8,8,0,0.08800000,16.20000000,19.28000000,0.09031546
2001-06-08T08:10:00,1,6,8,8,10,0.13983333,16.31666667,21.21083333,0.14227065
2001-06-08T08:20:00,1,6,8,8,20,0.19166667,16.43333333,23.14166667,0.19330510
2001-06-08T08:30:00,1,6,8,8,30,0.24350000,16.55000000,25.07250000,0.24341879
2001-06-08T08:40:00,1,6,8,8,40,0.29533333,16.66666667,27.00333333,0.29261174
2001-06-08T08:50:00,1,6,8,8,50,0.34716667,16.78333333,28.93416667,0.34088393
2001-06-08T09:00:00,1,6,8,9,0,0.39900000,16.90000000,30.86500000,0.38823538
2001-06-08T09:10:00,1,6,8,9,10,0.38366667,17.81666667,31.24500000,0.37264507
2001-06-08T09:20:00,1,6,8,9,20,0.36833333,18.73333333,31.62500000,0.35710837
2001-06-08T09:30:00,1,6,8,9,30,0.35300000,19.65000000,32.00500000,0.34162528
2001-06-08T09:40:00,1,6,8,9,40,0.33766667,20.56666667,32.38500000,0.32619579
2001-06-08T09:50:00,1,6,8,9,50,0.32233333,21.48333333,32.76500000,0.31081991
2001-06-08T10:00:00,1,6,8,10,0,0.30700000,22.40000000,33.14500000,0.29549763
2001-06-08T10:10:00,1,6,8,10,10,0.35633333,22.18333333,34.65500000,0.34050750
2001-06-08T10:20:00,1,6,8,10,20,0.40566667,21.96666667,36.16500000,0.38483203
2001-06-08T10:30:00,1,6,8,10,30,0.45500000,21.75000000,37.67500000,0.42847123
2001-06-08T10:40:00,1,6,8,10,40,0.50433333,21.53333333,39.18500000,0.47142508
2001-06-08T10:50:00,1,6,8,10,50,0.55366667,21.31666667,40.69500000,0.51369359
2001-06-08T11:00:00,1,6,8,11,0,0.60300000,21.10000000,42.20500000,0.55527677
2001-06-08T11:10:00,1,6,8,11,10,0.57050000,21.93333333,41.90083333,0.52614714
2001-06-08T11:20:00,1,6,8,11,20,0.53800000,22.76666667,41.59666667,0.49692657
2001-06-08T11:30:00,1,6,8,11,30,0.50550000,23.60000000,41.29250000,0.46761505
2001-06-08T11:40:00,1,6,8,11,40,0.47300000,24.43333333,40.98833333,0.43821258
2001-06-08T11:50:00,1,6,8,11,50,0.44050000,25.26666667,40.68416667,0.40871917
2001-06-08T12:00:00,1,6,8,12,0,0.40800000,26.10000000,40.38000000,0.37913482
2001-06-08T12:10:00,1,6,8,12,10,0.40850000,25.60000000,39.89750000,0.38050611
2001-06-08T12:20:00,1,6,8,12,20,0.40900000,25.10000000,39.41500000,0.38187962
2001-06-08T12:30:00,1,6,8,12,30,0.40950000,24.60000000,38.93250000,0.38325535
2001-06-08T12:40:00,1,6,8,12,40,0.41000000,24.10000000,38.45000000,0.38463330
2001-06-08T12:50:00,1,6,8,12,50,0.41050000,23.60000000,37.96750000,0.38601347
2001-06-08T13:00:00,1,6,8,13,0,0.41100000,23.10000000,37.48500000,0.38739586
2001-06-08T13:10:00,1,6,8,13,10,0.40633333,23.18333333,37.40500000,0.38314673
2001-06-08T13:20:00,1,6,8,13,20,0.40166667,23.26666667,37.32500000,0.37889417
2001-06-08T13:30:00,1,6,8,13,30,0.39700000,23.35000000,37.24500000,0.37463818
2001-06-08T13:40:00,1,6,8,13,40,0.39233333,23.43333333,37.16500000,0.37037875
2001-06-08T13:50:00,1,6,8,13,50,0.38766667,23.51666667,37.08500000,0.36611589
2001-06-08T14:00:00,1,6,8,14,0,0.38300000,23.60000000,37.00500000,0.36184959
2001-06-08T14:10:00,1,6,8,14,10,0.35350000,23.56666667,35.93916667,0.33571182
2001-06-08T14:20:00,1,6,8,14,20,0.32400000,23.53333333,34.87333333,0.30928478
2001-06-08T14:30:00,1,6,8,14,30,0.29450000,23.50000000,33.80750000,0.28256848
2001-06-08T14:40:00,1,6,8,14,40,0.26500000,23.46666667,32.74166667,0.25556291
2001-06-08T14:50:00,1,6,8,14,50,0.23550000,23.43333333,31.67583333,0.22826807
2001-06-08T15:00:00,1,6,8,15,0,0.20600000,23.40000000,30.61000000,0.20068396
2001-06-08T15:10:00,1,6,8,15,10,0.18033333,22.95000000,29.26166667,0.17679814
2001-06-08T15:20:00,1,6,8,15,20,0.15466667,22.50000000,27.91333333,0.15259393
2001-06-08T15:30:00,1,6,8,15,30,0.12900000,22.05000000,26.56500000,0.12807133
2001-06-08T15:40:00,1,6,8,15,40,0.10333333,21.60000000,25.21666667,0.10323034
2001-06-08T15:50:00,1,6,8,15,50,0.07766667,21.15000000,23.86833333,0.07807097
2001-06-08T16:00:00,1,6,8,16,0,0.05200000,20.70000000,22.52000000,0.05259322
2001-06-08T16:10:00,1,6,8,16,10,0.04333333,20.31666667,21.83333333,0.04396456
2001-06-08T16:20:00,1,6,8,16,20,0.03466667,19.93333333,21.14666667,0.03528114
2001-06-08T16:30:00,1,6,8,16,30,0.02600000,19.55000000,20.46000000,0.02654298
2001-06-08T16:40:00,1,6,8,16,40,0.01733333,19.16666667,19.77333333,0.01775007
2001-06-08T16:50:00,1,6,8,16,50,0.00866667,18.78333333,19.08666667,0.00890241
2001-06-08T17:00:00,1,6,8,17,0,0.00000000,18.40000000,18.40000000,0.00000000
2001-06-08T17:10:00,1,6,8,17,10,0.00000000,18.20000000,18.20000000,0.00000000
2001-06-08T17:20:00,1,6,8,17,20,0.00000000,18.00000000,18.00000000,0.00000000
2001-06-08T17:30:00,1,6,8,17,30,0.00000000,17.80000000,17.80000000,0.00000000
2001-06-08T17:40:00,1,6,8,17,40,0.00000000,17.60000000,17.60000000,0.00000000
2001-06-08T17:50:00,1,6,8,17,50,0.00000000,17.40000000,17.40000000,0.00000000
2001-06-08T18:00:00,1,6,8,18,0,0.00000000,17.20000000,17.20000000,0.00000000
2001-06-08T18:10:00,1,6,8,18,10,0.00000000,17.15000000,17.15000000,0.00000000
2001-06-08T18:20:00,1,6,8,18,20,0.00000000,17.10000000,17.10000000,0.00000000
2001-06-08T18:30:00,1,6,8,18,30,0.00000000,17.05000000,17.05000000,0.00000000
2001-06-08T18:40:00,1,6,8,18,40,0.00000000,17.00000000,17.00000000,0.00000000
2001-06-08T18:50:00,1,6,8,18,50,0.00000000,16.95000000,16.95000000,0.00000000
2001-06-08T19:00:00,1,6,8,19,0,0.00000000,16.90000000,16.90000000,0.00000000
2001-06-08T19:10:00,1,6,8,19,10,0.00000000,16.81666667,16.81666667,0.00000000
2001-06-08T19:20:00,1,6,8,19,20,0.00000000,16.73333333,16.73333333,0.00000000
2001-06-08T19:30:00,1,6,8,19,30,0.00000000,16.65000000,16.65000000,0.00000000
2001-06-08T19:40:00,1,6,8,19,40,0.00000000,16.56666667,16.56666667,0.00000000
2001-06-08T19:50:00,1,6,8,19,50,0.00000000,16.48333333,16.48333333,0.00000000
2001-06-08T20:00:00,1,6,8,20,0,0.00000000,16.40000000,16.40000000,0.00000000
2001-06-08T20:10:00,1,6,8,20,10,0.00000000,16.25000000,16.25000000,0.00000000
2001-06-08T20:20:00,1,6,8,20,20,0.00000000,16.10000000,16.10000000,0.00000000
2001-06-08T20:30:00,1,6,8,20,30,0.00000000,15.95000000,15.95000000,0.00000000
2001-06-08T20:40:00,1,6,8,20,40,0.00000000,15.80000000,15.80000000,0.00000000
2001-06-08T20:50:00,1,6,8,20,50,0.00000000,15.65000000,15.65000000,0.00000000
2001-06-08T21:00:00,1,6,8,21,0,0.00000000,15.50000000,15.50000000,0.00000000
2001-06-08T21:10:00,1,6,8,21,10,0.00000000,15.51666667,15.51666667,0.00000000
2001-06-08T21:20:00,1,6,8,21,20,0.00000000,15.53333333,15.53333333,0.00000000
2001-06-08T21:30:00,1,6,8,21,30,0.00000000,15.55000000,15.55000000,0.00000000
2001-06-08T21:40:00,1,6,8,21,40,0.00000000,15.56666667,15.56666667,0.00000000
2001-06-08T21:50:00,1,6,8,21,50,0.00000000,15.58333333,15.58333333,0.00000000
2001-06-08T22:00:00,1,6,8,22,0,0.00000000,15.60000000,15.60000000,0.00000000
2001-06-08T22:10:00,1,6,8,22,10,0.00000000,15.48333333,15.48333333,0.00000000
2001-06-08T22:20:00,1,6,8,22,20,0.00000000,15.36666667,15.36666667,0.00000000
2001-06-08T22:30:00,1,6,8,22,30,0.00000000,15.25000000,15.25000000,0.00000000
2001-06-08T22:40:00,1,6,8,22,40,0.00000000,15.13333333,15.13333333,0.00000000
2001-06-08T22:50:00,1,6,8,22,50,0.00000000,15.01666667,15.01666667,0.00000000
2001-06-08T23:00:00,1,6,8,23,0,0.00000000,14.90000000,14.90000000,0.00000000
2001-06-08T23:10:00,1,6,8,23,10,0.00000000,14.68333333,14.68333333,0.00000000
2001-06-08T23:20:00,1,6,8,23,20,0.00000000,14.46666667,14.46666667,0.00000000
2001-06-08T23:30:00,1,6,8,23,30,0.00000000,14.25000000,14.25000000,0.00000000
2001-06-08T23:40:00,1,6,8,23,40,0.00000000,14.03333333,14.03333333,0.00000000
2001-06-08T23:50:00,1,6,8,23,50,0.00000000,13.81666667,13.81666667,0.00000000
2001-06-09T00:00:00,1,6,9,0,0,0.00000000,13.60000000,13.60000000,0.00000000
2001-06-09T00:10:00,1,6,9,0,10,0.00000000,13.53333333,13.53333333,0.00000000
2001-06-09T00:20:00,1,6,9,0,20,0.00000000,13.46666667,13.46666667,0.00000000
2001-06-09T00:30:00,1,6,9,0,30,0.00000000,13.40000000,13.40000000,0.00000000
2001-06-09T00:40:00,1,6,9,0,40,0.00000000,13.33333333,13.33333333,0.00000000
2001-06-09T00:50:00,1,6,9,0,50,0.00000000,13.26666667,13.26666667,0.00000000
2001-06-09T01:00:00,1,6,9,1,0,0.00000000,13.20000000,13.20000000,0.00000000
2001-06-09T01:10:00,1,6,9,1,10,0.00000000,13.18333333,13.18333333,0.00000000
2001-06-09T01:20:00,1,6,9,1,20,0.00000000,13.16666667,13.16666667,0.00000000
2001-06-09T01:30:00,1,6,9,1,30,0.00000000,13.15000000,13.15000000,0.00000000
2001-06-09T01:40:00,1,6,9,1,40,0.00000000,13.13333333,13.13333333,0.00000000
2001-06-09T01:50:00,1,6,9,1,50,0.00000000,13.11666667,13.11666667,0.00000000
2001-06-09T02:00:00,1,6,9,2,0,0.00000000,13.10000000,13.10000000,0.00000000
2001-06-09T02:10:00,1,6,9,2,10,0.00000000,13.05000000,13.05000000,0.00000000
2001-06-09T02:20:00,1,6,9,2,20,0.00000000,13.00000000,13.00000000,0.00000000
2001-06-09T02:30:00,1,6,9,2,30,0.00000000,12.95000000,12.95000000,0.00000000
2001-06-09T02:40:00,1,6,9,2,40,0.00000000,12.90000000,12.90000000,0.00000000
2001-06-09T02:50:00,1,6,9,2,50,0.00000000,12.85000000,12.85000000,0.00000000
2001-06-09T03:00:00,1,6,9,3,0,0.00000000,12.80000000,12.80000000,0.00000000
2001-06-09T03:10:00,1,6,9,3,10,0.00000000,12.88333333,12.88333333,0.00000000
2001-06-09T03:20:00,1,6,9,3,20,0.00000000,12.96666667,12.96666667,0.00000000
2001-06-09T03:30:00,1,6,9,3,30,0.00000000,13.05000000,13.05000000,0.00000000
2001-06-09T03:40:00,1,6,9,3,40,0.00000000,13.13333333,13.13333333,0.00000000
2001-06-09T03:50:00,1,6,9,3,50,0.00000000,13.21666667,13.21666667,0.00000000
2001-06-09T04:00:00,1,6,9,4,0,0.00000000,13.30000000,13.30000000,0.00000000
2001-06-09T04:10:00,1,6,9,4,10,0.00000000,13.38333333,13.38333333,0.00000000
2001-06-09T04:20:00,1,6,9,4,20,0.00000000,13.46666667,13.46666667,0.00000000
2001-06-09T04:30:00,1,6,9,4,30,0.00000000,13.55000000,13.55000000,0.00000000
2001-06-09T04:40:00,1,6,9,4,40,0.00000000,13.63333333,13.63333333,0.00000000
2001-06-09T04:50:00,1,6,9,4,50,0.00000000,13.71666667,13.71666667,0.00000000
2001-06-09T05:00:00,1,6,9,5,0,0.00000000,13.80000000,13.80000000,0.00000000
2001-06-09T05:10:00,1,6,9,5,10,0.00000000,13.71666667,13.71666667,0.00000000
2001-06-09T05:20:00,1,6,9,5,20,0.00000000,13.63333333,13.63333333,0.00000000
2001-06-09T05:30:00,1,6,9,5,30,0.00000000,13.55000000,13.55000000,0.00000000
2001-06-09T05:40:00,1,6,9,5,40,0.00000000,13.46666667,13.46666667,0.00000000
2001-06-09T05:50:00,1,6,9,5,50,0.00000000,13.38333333,13.38333333,0.00000000
2001-06-09T06:00:00,1,6,9,6,0,0.00000000,13.30000000,13.30000000,0.00000000
2001-06-09T06:10:00,1,6,9,6,10,0.02150000,13.36666667,14.11916667,0.02257611
2001-06-09T06:20:00,1,6,9,6,20,0.04300000,13.43333333,14.93833333,0.04499020
2001-06-09T06:30:00,1,6,9,6,30,0.06450000,13.50000000,15.75750000,0.06724225
2001-06-09T06:40:00,1,6,9,6,40,0.08600000,13.56666667,16.57666667,0.08933227
2001-06-09T06:50:00,1,6,9,6,50,0.10750000,13.63333333,17.39583333,0.11126026
2001-06-09T07:00:00,1,6,9,7,0,0.12900000,13.70000000,18.21500000,0.13302622
2001-06-09T07:10:00,1,6,9,7,10,0.16050000,14.16666667,19.78416667,0.16435085
2001-06-09T07:20:00,1,6,9,7,20,0.19200000,14.63333333,21.35333333,0.19522074
2001-06-09T07:30:00,1,6,9,7,30,0.22350000,15.10000000,22.92250000,0.22563588
2001-06-09T07:40:00,1,6,9,7,40,0.25500000,15.56666667,24.49166667,0.25559627
2001-06-09T07:50:00,1,6,9,7,50,0.28650000,16.03333333,26.06083333,0.28510193
2001-06-09T08:00:00,1,6,9,8,0,0.31800000,16.50000000,27.63000000,0.31415284
2001-06-09T08:10:00,1,6,9,8,10,0.34900000,16.93333333,29.14833333,0.34234027
2001-06-09T08:20:00,1,6,9,8,20,0.38000000,17.36666667,30.66666667,0.37009467
2001-06-09T08:30:00,1,6,9,8,30,0.41100000,17.80000000,32.18500000,0.39741604
2001-06-09T08:40:00,1,6,9,8,40,0.44200000,18.23333333,33.70333333,0.42430438
2001-06-09T08:50:00,1,6,9,8,50,0.47300000,18.66666667,35.22166667,0.45075970
2001-06-09T09:00:00,1,6,9,9,0,0.50400000,19.10000000,36.74000000,0.47678198
2001-06-09T09:10:00,1,6,9,9,10,0.52883333,19.46666667,37.97583333,0.49726789
2001-06-09T09:20:00,1,6,9,9,20,0.55366667,19.83333333,39.21166667,0.51747145
2001-06-09T09:30:00,1,6,9,9,30,0.57850000,20.20000000,40.44750000,0.53739266
2001-06-09T09:40:00,1,6,9,9,40,0.60333333,20.56666667,41.68333333,0.55703152
2001-06-09T09:50:00,1,6,9,9,50,0.62816667,20.93333333,42.91916667,0.57638804
2001-06-09T10:00:00,1,6,9,10,0,0.65300000,21.30000000,44.15500000,0.59546221
2001-06-09T10:10:00,1,6,9,10,10,0.66700000,21.73333333,45.07833333,0.60539566
2001-06-09T10:20:00,1,6,9,10,20,0.68100000,22.16666667,46.00166667,0.61521018
2001-06-09T10:30:00,1,6,9,10,30,0.69500000,22.60000000,46.92500000,0.62490577
2001-06-09T10:40:00,1,6,9,10,40,0.70900000,23.03333333,47.84833333,0.63448245
2001-06-09T10:50:00,1,6,9,10,50,0.72300000,23.46666667,48.77166667,0.64394019
2001-06-09T11:00:00,1,6,9,11,0,0.73700000,23.90000000,49.69500000,0.65327901
2001-06-09T11:10:00,1,6,9,11,10,0.73700000,24.18333333,49.97833333,0.65231845
2001-06-09T11:20:00,1,6,9,11,20,0.73700000,24.46666667,50.26166667,0.65135790
2001-06-09T11:30:00,1,6,9,11,30,0.73700000,24.75000000,50.54500000,0.65039734
2001-06-09T11:40:00,1,6,9,11,40,0.73700000,25.03333333,50.82833333,0.64943678
2001-06-09T11:50:00,1,6,9,11,50,0.73700000,25.31666667,51.11166667,0.64847623
2001-06-09T12:00:00,1,6,9,12,0,0.73700000,25.60000000,51.39500000,0.64751567
2001-06-09T12:10:00,1,6,9,12,10,0.72300000,25.71666667,51.02166667,0.63645714
2001-06-09T12:20:00,1,6,9,12,20,0.70900000,25.83333333,50.64833333,0.62535053
2001-06-09T12:30:00,1,6,9,12,30,0.69500000,25.95000000,50.27500000,0.61419583
2001-06-09T12:40:00,1,6,9,12,40,0.68100000,26.06666667,49.90166667,0.60299304
2001-06-09T12:50:00,1,6,9,12,50,0.66700000,26.18333333,49.52833333,0.59174217
2001-06-09T13:00:00,1,6,9,13,0,0.65300000,26.30000000,49.15500000,0.58044321
2001-06-09T13:10:00,1,6,9,13,10,0.62816667,26.25000000,48.23583333,0.56102518
2001-06-09T13:20:00,1,6,9,13,20,0.60333333,26.20000000,47.31666667,0.54139714
2001-06-09T13:30:00,1,6,9,13,30,0.57850000,26.15000000,46.39750000,0.52155911
2001-06-09T13:40:00,1,6,9,13,40,0.55366667,26.10000000,45.47833333,0.50151108
2001-06-09T13:50:00,1,6,9,13,50,0.52883333,26.05000000,44.55916667,0.48125305
2001-06-09T14:00:00,1,6,9,14,0,0.50400000,26.00000000,43.64000000,0.46078502
2001-06-09T14:10:00,1,6,9,14,10,0.47300000,25.85000000,42.40500000,0.43513020
2001-06-09T14:20:00,1,6,9,14,20,0.44200000,25.70000000,41.17000000,0.40912316
2001-06-09T14:30:00,1,6,9,14,30,0.41100000,25.55000000,39.93500000,0.38276389
2001-06-09T14:40:00,1,6,9,14,40,0.38000000,25.40000000,38.70000000,0.35605240
2001-06-09T14:50:00,1,6,9,14,50,0.34900000,25.25000000,37.46500000,0.32898869
2001-06-09T15:00:00,1,6,9,15,0,0.31800000,25.10000000,36.23000000,0.30157276
2001-06-09T15:10:00,1,6,9,15,10,0.28650000,24.86666667,34.89416667,0.27346048
2001-06-09T15:20:00,1,6,9,15,20,0.25500000,24.63333333,33.55833333,0.24496108
2001-06-09T15:30:00,1,6,9,15,30,0.22350000,24.40000000,32.22250000,0.21607455
2001-06-09T15:40:00,1,6,9,15,40,0.19200000,24.16666667,30.88666667,0.18680090
2001-06-09T15:50:00,1,6,9,15,50,0.16050000,23.93333333,29.55083333,0.15714012
2001-06-09T16:00:00,1,6,9,16,0,0.12900000,23.70000000,28.21500000,0.12709222
2001-06-09T16:10:00,1,6,9,16,10,0.10750000,23.31666667,27.07916667,0.10647185
2001-06-09T16:20:00,1,6,9,16,20,0.08600000,22.93333333,25.94333333,0.08562682
2001-06-09T16:30:00,1,6,9,16,30,0.06450000,22.55000000,24.80750000,0.06455711
2001-06-09T16:40:00,1,6,9,16,40,0.04300000,22.16666667,23.67166667,0.04326274
2001-06-09T16:50:00,1,6,9,16,50,0.02150000,21.78333333,22.53583333,0.02174371
2001-06-09T17:00:00,1,6,9,17,0,0.00000000,21.40000000,21.40000000,0.00000000
2001-06-09T17:10:00,1,6,9,17,10,0.00000000,21.23333333,21.23333333,0.00000000
2001-06-09T17:20:00,1,6,9,17,20,0.00000000,21.06666667,21.06666667,0.00000000
2001-06-09T17:30:00,1,6,9,17,30,0.00000000,20.90000000,20.90000000,0.00000000
2001-06-09T17:40:00,1,6,9,17,40,0.00000000,20.73333333,20.73333333,0.00000000
2001-06-09T17:50:00,1,6,9,17,50,0.00000000,20.56666667,20.56666667,0.00000000
2001-06-09T18:00:00,1,6,9,18,0,0.00000000,20.40000000,20.40000000,0.00000000
2001-06-09T18:10:00,1,6,9,18,10,0.00000000,20.26666667,20.26666667,0.00000000
2001-06-09T18:20:00,1,6,9,18,20,0.00000000,20.13333333,20.13333333,0.00000000
2001-06-09T18:30:00,1,6,9,18,30,0.00000000,20.00000000,20.00000000,0.00000000
2001-06-09T18:40:00,1,6,9,18,40,0.00000000,19.86666667,19.86666667,0.00000000
2001-06-09T18:50:00,1,6,9,18,50,0.00000000,19.73333333,19.73333333,0.00000000
2001-06-09T19:00:00,1,6,9,19,0,0.00000000,19.60000000,19.60000000,0.00000000
2001-06-09T19:10:00,1,6,9,19,10,0.00000000,19.56666667,19.56666667,0.00000000
2001-06-09T19:20:00,1,6,9,19,20,0.00000000,19.53333333,19.53333333,0.00000000
2001-06-09T19:30:00,1,6,9,19,30,0.00000000,19.50000000,19.50000000,0.00000000
2001-06-09T19:40:00,1,6,9,19,40,0.00000000,19.46666667,19.46666667,0.00000000
2001-06-09T19:50:00,1,6,9,19,50,0.00000000,19.43333333,19.43333333,0.00000000
2001-06-09T20:00:00,1,6,9,20,0,0.00000000,19.40000000,19.40000000,0.00000000
2001-06-09T20:10:00,1,6,9,20,10,0.00000000,19.15000000,19.15000000,0.00000000
2001-06-09T20:20:00,1,6,9,20,20,0.00000000,18.90000000,18.90000000,0.00000000
2001-06-09T20:30:00,1,6,9,20,30,0.00000000,18.65000000,18.65000000,0.00000000
2001-06-09T20:40:00,1,6,9,20,40,0.00000000,18.40000000,18.40000000,0.00000000
2001-06-09T20:50:00,1,6,9,20,50,0.00000000,18.15000000,18.15000000,0.00000000
2001-06-09T21:00:00,1,6,9,21,0,0.00000000,17.90000000,17.90000000,0.00000000
2001-06-09T21:10:00,1,6,9,21,10,0.00000000,17.81666667,17.81666667,0.00000000
2001-06-09T21:20:00,1,6,9,21,20,0.00000000,17.73333333,17.73333333,0.00000000
2001-06-09T21:30:00,1,6,9,21,30,0.00000000,17.65000000,17.65000000,0.00000000
2001-06-09T21:40:00,1,6,9,21,40,0.00000000,17.56666667,17.56666667,0.00000000
2001-06-09T21:50:00,1,6,9,21,50,0.00000000,17.48333333,17.48333333,0.00000000
2001-06-09T22:00:00,1,6,9,22,0,0.00000000,17.40000000,17.40000000,0.00000000
2001-06-09T22:10:00,1,6,9,22,10,0.00000000,17.36666667,17.36666667,0.00000000
2001-06-09T22:20:00,1,6,9,22,20,0.00000000,17.33333333,17.33333333,0.00000000
2001-06-09T22:30:00,1,6,9,22,30,0.00000000,17.30000000,17.30000000,0.00000000
2001-06-09T22:40:00,1,6,9,22,40,0.00000000,17.26666667,17.26666667,0.00000000
2001-06-09T22:50:00,1,6,9,22,50,0.00000000,17.23333333,17.23333333,0.00000000
2001-06-09T23:00:00,1,6,9,23,0,0.00000000,17.20000000,17.20000000,0.00000000
2001-06-09T23:10:00,1,6,9,23,10,0.00000000,17.41666667,17.41666667,0.00000000
2001-06-09T23:20:00,1,6,9,23,20,0.00000000,17.63333333,17.63333333,0.00000000
2001-06-09T23:30:00,1,6,9,23,30,0.00000000,17.85000000,17.85000000,0.00000000
2001-06-09T23:40:00,1,6,9,23,40,0.00000000,18.06666667,18.06666667,0.00000000
2001-06-09T23:50:00,1,6,9,23,50,0.00000000,18.28333333,18.28333333,0.00000000
2001-06-10T00:00:00,1,6,10,0,0,0.00000000,18.50000000,18.50000000,0.00000000
2001-06-10T00:10:00,1,6,10,0,10,0.00000000,18.43333333,18.43333333,0.00000000
2001-06-10T00:20:00,1,6,10,0,20,0.00000000,18.36666667,18.36666667,0.00000000
2001-06-10T00:30:00,1,6,10,0,30,0.00000000,18.30000000,18.30000000,0.00000000
2001-06-10T00:40:00,1,6,10,0,40,0.00000000,18.23333333,18.23333333,0.00000000
2001-06-10T00:50:00,1,6,10,0,50,0.00000000,18.16666667,18.16666667,0.00000000
2001-06-10T01:00:00,1,6,10,1,0,0.00000000,18.10000000,18.10000000,0.00000000
2001-06-10T01:10:00,1,6,10,1,10,0.00000000,17.91666667,17.91666667,0.00000000
2001-06-10T01:20:00,1,6,10,1,20,0.00000000,17.73333333,17.73333333,0.00000000
2001-06-10T01:30:00,1,6,10,1,30,0.00000000,17.55000000,17.55000000,0.00000000
2001-06-10T01:40:00,1,6,10,1,40,0.00000000,17.36666667,17.36666667,0.00000000
2001-06-10T01:50:00,1,6,10,1,50,0.00000000,17.18333333,17.18333333,0.00000000
2001-06-10T02:00:00,1,6,10,2,0,0.00000000,17.00000000,17.00000000,0.00000000
2001-06-10T02:10:00,1,6,10,2,10,0.00000000,17.08333333,17.08333333,0.00000000
2001-06-10T02:20:00,1,6,10,2,20,0.00000000,17.16666667,17.16666667,0.00000000
2001-06-10T02:30:00,1,6,10,2,30,0.00000000,17.25000000,17.25000000,0.00000000
2001-06-10T02:40:00,1,6,10,2,40,0.00000000,17.33333333,17.33333333,0.00000000
2001-06-10T02:50:00,1,6,10,2,50,0.00000000,17.41666667,17.41666667,0.00000000
2001-06-10T03:00:00,1,6,10,3,0,0.00000000,17.50000000,17.50000000,0.00000000
2001-06-10T03:10:00,1,6,10,3,10,0.00000000,17.38333333,17.38333333,0.00000000
2001-06-10T03:20:00,1,6,10,3,20,0.00000000,17.26666667,17.26666667,0.00000000
2001-06-10T03:30:00,1,6,10,3,30,0.00000000,17.15000000,17.15000000,0.00000000
2001-06-10T03:40:00,1,6,10,3,40,0.00000000,17.03333333,17.03333333,0.00000000
2001-06-10T03:50:00,1,6,10,3,50,0.00000000,16.91666667,16.91666667,0.00000000
2001-06-10T04:00:00,1,6,10,4,0,0.00000000,16.80000000,16.80000000,0.00000000
2001-06-10T04:10:00,1,6,10,4,10,0.00000000,16.80000000,16.80000000,0.00000000
2001-06-10T04:20:00,1,6,10,4,20,0.00000000,16.80000000,16.80000000,0.00000000
2001-06-10T04:30:00,1,6,10,4,30,0.00000000,16.80000000,16.80000000,0.00000000
2001-06-10T04:40:00,1,6,10,4,40,0.00000000,16.80000000,16.80000000,0.00000000
2001-06-10T04:50:00,1,6,10,4,50,0.00000000,16.80000000,16.80000000,0.00000000
2001-06-10T05:00:00,1,6,10,5,0,0.00000000,16.80000000,16.80000000,0.00000000
2001-06-10T05:10:00,1,6,10,5,10,0.00000000,16.80000000,16.80000000,0.00000000
2001-06-10T05:20:00,1,6,10,5,20,0.00000000,16.80000000,16.80000000,0.00000000
2001-06-10T05:30:00,1,6,10,5,30,0.00000000,16.80000000,16.80000000,0.00000000
2001-06-10T05:40:00,1,6,10,5,40,0.00000000,16.80000000,16.80000000,0.00000000
2001-06-10T05:50:00,1,6,10,5,50,0.00000000,16.80000000,16.80000000,0.00000000
2001-06-10T06:00:00,1,6,10,6,0,0.00000000,16.80000000,16.80000000,0.00000000
2001-06-10T06:10:00,1,6,10,6,10,0.01483333,16.76666667,17.28583333,0.01535970
2001-06-10T06:20:00,1,6,10,6,20,0.02966667,16.73333333,17.77166667,0.03065309
2001-06-10T06:30:00,1,6,10,6,30,0.04450000,16.70000000,18.25750000,0.04588019
2001-06-10T06:40:00,1,6,10,6,40,0.05933333,16.66666667,18.74333333,0.06104099
2001-06-10T06:50:00,1,6,10,6,50,0.07416667,16.63333333,19.22916667,0.07613548
2001-06-10T07:00:00,1,6,10,7,0,0.08900000,16.60000000,19.71500000,0.09116368
2001-06-10T07:10:00,1,6,10,7,10,0.11466667,17.16666667,21.18000000,0.11668159
2001-06-10T07:20:00,1,6,10,7,20,0.14033333,17.73333333,22.64500000,0.14185356
2001-06-10T07:30:00,1,6,10,7,30,0.16600000,18.30000000,24.11000000,0.16667960
2001-06-10T07:40:00,1,6,10,7,40,0.19166667,18.86666667,25.57500000,0.19115971
2001-06-10T07:50:00,1,6,10,7,50,0.21733333,19.43333333,27.04000000,0.21529388
2001-06-10T08:00:00,1,6,10,8,0,0.24300000,20.00000000,28.50500000,0.23908211
2001-06-10T08:10:00,1,6,10,8,10,0.25650000,20.60000000,29.57750000,0.25109901
2001-06-10T08:20:00,1,6,10,8,20,0.27000000,21.20000000,30.65000000,0.26298270
2001-06-10T08:30:00,1,6,10,8,30,0.28350000,21.80000000,31.72250000,0.27473319
2001-06-10T08:40:00,1,6,10,8,40,0.29700000,22.40000000,32.79500000,0.28635047
2001-06-10T08:50:00,1,6,10,8,50,0.31050000,23.00000000,33.86750000,0.29783455
2001-06-10T09:00:00,1,6,10,9,0,0.32400000,23.60000000,34.94000000,0.30918542
2001-06-10T09:10:00,1,6,10,9,10,0.34683333,23.96666667,36.10583333,0.32911472
2001-06-10T09:20:00,1,6,10,9,20,0.36966667,24.33333333,37.27166667,0.34879911
2001-06-10T09:30:00,1,6,10,9,30,0.39250000,24.70000000,38.43750000,0.36823859
2001-06-10T09:40:00,1,6,10,9,40,0.41533333,25.06666667,39.60333333,0.38743318
2001-06-10T09:50:00,1,6,10,9,50,0.43816667,25.43333333,40.76916667,0.40638286
2001-06-10T10:00:00,1,6,10,10,0,0.46100000,25.80000000,41.93500000,0.42508764
2001-06-10T10:10:00,1,6,10,10,10,0.48966667,26.38333333,43.52166667,0.44794723
2001-06-10T10:20:00,1,6,10,10,20,0.51833333,26.96666667,45.10833333,0.47038836
2001-06-10T10:30:00,1,6,10,10,30,0.54700000,27.55000000,46.69500000,0.49241104
2001-06-10T10:40:00,1,6,10,10,40,0.57566667,28.13333333,48.28166667,0.51401526
2001-06-10T10:50:00,1,6,10,10,50,0.60433333,28.71666667,49.86833333,0.53520102
2001-06-10T11:00:00,1,6,10,11,0,0.63300000,29.30000000,51.45500000,0.55596833
2001-06-10T11:10:00,1,6,10,11,10,0.62400000,30.01666667,51.85666667,0.54691062
2001-06-10T11:20:00,1,6,10,11,20,0.61500000,30.73333333,52.25833333,0.53788618
2001-06-10T11:30:00,1,6,10,11,30,0.60600000,31.45000000,52.66000000,0.52889498
2001-06-10T11:40:00,1,6,10,11,40,0.59700000,32.16666667,53.06166667,0.51993705
2001-06-10T11:50:00,1,6,10,11,50,0.58800000,32.88333333,53.46333333,0.51101238
2001-06-10T12:00:00,1,6,10,12,0,0.57900000,33.60000000,53.86500000,0.50212096
2001-06-10T12:10:00,1,6,10,12,10,0.57466667,33.45000000,53.56333333,0.49916045
2001-06-10T12:20:00,1,6,10,12,20,0.57033333,33.30000000,53.26166667,0.49618791
2001-06-10T12:30:00,1,6,10,12,30,0.56600000,33.15000000,52.96000000,0.49320334
2001-06-10T12:40:00,1,6,10,12,40,0.56166667,33.00000000,52.65833333,0.49020675
2001-06-10T12:50:00,1,6,10,12,50,0.55733333,32.85000000,52.35666667,0.48719814
2001-06-10T13:00:00,1,6,10,13,0,0.55300000,32.70000000,52.05500000,0.48417749
2001-06-10T13:10:00,1,6,10,13,10,0.53783333,32.63333333,51.45750000,0.47237660
2001-06-10T13:20:00,1,6,10,13,20,0.52266667,32.56666667,50.86000000,0.46049233
2001-06-10T13:30:00,1,6,10,13,30,0.50750000,32.50000000,50.26250000,0.44852469
2001-06-10T13:40:00,1,6,10,13,40,0.49233333,32.43333333,49.66500000,0.43647369
2001-06-10T13:50:00,1,6,10,13,50,0.47716667,32.36666667,49.06750000,0.42433931
2001-06-10T14:00:00,1,6,10,14,0,0.46200000,32.30000000,48.47000000,0.41212156
2001-06-10T14:10:00,1,6,10,14,10,0.42383333,31.85000000,46.68416667,0.38155716
2001-06-10T14:20:00,1,6,10,14,20,0.38566667,31.40000000,44.89833333,0.35036570
2001-06-10T14:30:00,1,6,10,14,30,0.34750000,30.95000000,43.11250000,0.31854717
2001-06-10T14:40:00,1,6,10,14,40,0.30933333,30.50000000,41.32666667,0.28610158
2001-06-10T14:50:00,1,6,10,14,50,0.27116667,30.05000000,39.54083333,0.25302892
2001-06-10T15:00:00,1,6,10,15,0,0.23300000,29.60000000,37.75500000,0.21932919
2001-06-10T15:10:00,1,6,10,15,10,0.20733333,28.65000000,35.90666667,0.19693128
2001-06-10T15:20:00,1,6,10,15,20,0.18166667,27.70000000,34.05833333,0.17409692
2001-06-10T15:30:00,1,6,10,15,30,0.15600000,26.75000000,32.21000000,0.15082610
2001-06-10T15:40:00,1,6,10,15,40,0.13033333,25.80000000,30.36166667,0.12711884
2001-06-10T15:50:00,1,6,10,15,50,0.10466667,24.85000000,28.51333333,0.10297511
2001-06-10T16:00:00,1,6,10,16,0,0.07900000,23.90000000,26.66500000,0.07839494
2001-06-10T16:10:00,1,6,10,16,10,0.06583333,23.40000000,25.70416667,0.06562009
2001-06-10T16:20:00,1,6,10,16,20,0.05266667,22.90000000,24.74333333,0.05272885
2001-06-10T16:30:00,1,6,10,16,30,0.03950000,22.40000000,23.78250000,0.03972122
2001-06-10T16:40:00,1,6,10,16,40,0.02633333,21.90000000,22.82166667,0.02659720
2001-06-10T16:50:00,1,6,10,16,50,0.01316667,21.40000000,21.86083333,0.01335680
2001-06-10T17:00:00,1,6,10,17,0,0.00000000,20.90000000,20.90000000,0.00000000
2001-06-10T17:10:00,1,6,10,17,10,0.00000000,20.45000000,20.45000000,0.00000000
2001-06-10T17:20:00,1,6,10,17,20,0.00000000,20.00000000,20.00000000,0.00000000
2001-06-10T17:30:00,1,6,10,17,30,0.00000000,19.55000000,19.55000000,0.00000000
2001-06-10T17:40:00,1,6,10,17,40,0.00000000,19.10000000,19.10000000,0.00000000
2001-06-10T17:50:00,1,6,10,17,50,0.00000000,18.65000000,18.65000000,0.00000000
2001-06-10T18:00:00,1,6,10,18,0,0.00000000,18.20000000,18.20000000,0.00000000
2001-06-10T18:10:00,1,6,10,18,10,0.00000000,18.15000000,18.15000000,0.00000000
2001-06-10T18:20:00,1,6,10,18,20,0.00000000,18.10000000,18.10000000,0.00000000
2001-06-10T18:30:00,1,6,10,18,30,0.00000000,18.05000000,18.05000000,0.00000000
2001-06-10T18:40:00,1,6,10,18,40,0.00000000,18.00000000,18.00000000,0.00000000
2001-06-10T18:50:00,1,6,10,18,50,0.00000000,17.95000000,17.95000000,0.00000000
2001-06-10T19:00:00,1,6,10,19,0,0.00000000,17.90000000,17.90000000,0.00000000
2001-06-10T19:10:00,1,6,10,19,10,0.00000000,17.68333333,17.68333333,0.00000000
2001-06-10T19:20:00,1,6,10,19,20,0.00000000,17.46666667,17.46666667,0.00000000
2001-06-10T19:30:00,1,6,10,19,30,0.00000000,17.25000000,17.25000000,0.00000000
2001-06-10T19:40:00,1,6,10,19,40,0.00000000,17.03333333,17.03333333,0.00000000
2001-06-10T19:50:00,1,6,10,19,50,0.00000000,16.81666667,16.81666667,0.00000000
2001-06-10T20:00:00,1,6,10,20,0,0.00000000,16.60000000,16.60000000,0.00000000
2001-06-10T20:10:00,1,6,10,20,10,0.00000000,16.55000000,16.55000000,0.00000000
2001-06-10T20:20:00,1,6,10,20,20,0.00000000,16.50000000,16.50000000,0.00000000
2001-06-10T20:30:00,1,6,10,20,30,0.00000000,16.45000000,16.45000000,0.00000000
2001-06-10T20:40:00,1,6,10,20,40,0.00000000,16.40000000,16.40000000,0.00000000
2001-06-10T20:50:00,1,6,10,20,50,0.00000000,16.35000000,16.35000000,0.00000000
2001-06-10T21:00:00,1,6,10,21,0,0.00000000,16.30000000,16.30000000,0.00000000
2001-06-10T21:10:00,1,6,10,21,10,0.00000000,16.21666667,16.21666667,0.00000000
2001-06-10T21:20:00,1,6,10,21,20,0.00000000,16.13333333,16.13333333,0.00000000
2001-06-10T21:30:00,1,6,10,21,30,0.00000000,16.05000000,16.05000000,0.00000000
2001-06-10T21:40:00,1,6,10,21,40,0.00000000,15.96666667,15.96666667,0.00000000
2001-06-10T21:50:00,1,6,10,21,50,0.00000000,15.88333333,15.88333333,0.00000000
2001-06-10T22:00:00,1,6,10,22,0,0.00000000,15.80000000,15.80000000,0.00000000
2001-06-10T22:10:00,1,6,10,22,10,0.00000000,15.58333333,15.58333333,0.00000000
2001-06-10T22:20:00,1,6,10,22,20,0.00000000,15.36666667,15.36666667,0.00000000
2001-06-10T22:30:00,1,6,10,22,30,0.00000000,15.15000000,15.15000000,0.00000000
2001-06-10T22:40:00,1,6,10,22,40,0.00000000,14.93333333,14.93333333,0.00000000
2001-06-10T22:50:00,1,6,10,22,50,0.00000000,14.71666667,14.71666667,0.00000000
2001-06-10T23:00:00,1,6,10,23,0,0.00000000,14.50000000,14.50000000,0.00000000
2001-06-10T23:10:00,1,6,10,23,10,0.00000000,14.93333333,14.93333333,0.00000000
2001-06-10T23:20:00,1,6,10,23,20,0.00000000,15.36666667,15.36666667,0.00000000
2001-06-10T23:30:00,1,6,10,23,30,0.00000000,15.80000000,15.80000000,0.00000000
2001-06-10T23:40:00,1,6,10,23,40,0.00000000,16.23333333,16.23333333,0.00000000
2001-06-10T23:50:00,1,6,10,23,50,0.00000000,16.66666667,16.66666667,0.00000000
2001-06-11T00:00:00,1,6,11,0,0,0.00000000,17.10000000,17.10000000,0.00000000
2001-06-11T00:10:00,1,6,11,0,10,0.00000000,17.15000000,17.15000000,0.00000000
2001-06-11T00:20:00,1,6,11,0,20,0.00000000,17.20000000,17.20000000,0.00000000
2001-06-11T00:30:00,1,6,11,0,30,0.00000000,17.25000000,17.25000000,0.00000000
2001-06-11T00:40:00,1,6,11,0,40,0.00000000,17.30000000,17.30000000,0.00000000
2001-06-11T00:50:00,1,6,11,0,50,0.00000000,17.35000000,17.35000000,0.00000000
2001-06-11T01:00:00,1,6,11,1,0,0.00000000,17.40000000,17.40000000,0.00000000
2001-06-11T01:10:00,1,6,11,1,10,0.00000000,17.26666667,17.26666667,0.00000000
2001-06-11T01:20:00,1,6,11,1,20,0.00000000,17.13333333,17.13333333,0.00000000
2001-06-11T01:30:00,1,6,11,1,30,0.00000000,17.00000000,17.00000000,0.00000000
2001-06-11T01:40:00,1,6,11,1,40,0.00000000,16.86666667,16.86666667,0.00000000
2001-06-11T01:50:00,1,6,11,1,50,0.00000000,16.73333333,16.73333333,0.00000000
2001-06-11T02:00:00,1,6,11,2,0,0.00000000,16.60000000,16.60000000,0.00000000
2001-06-11T02:10:00,1,6,11,2,10,0.00000000,16.63333333,16.63333333,0.00000000
2001-06-11T02:20:00,1,6,11,2,20,0.00000000,16.66666667,16.66666667,0.00000000
2001-06-11T02:30:00,1,6,11,2,30,0.00000000,16.70000000,16.70000000,0.00000000
2001-06-11T02:40:00,1,6,11,2,40,0.00000000,16.73333333,16.73333333,0.00000000
2001-06-11T02:50:00,1,6,11,2,50,0.00000000,16.76666667,16.76666667,0.00000000
2001-06-11T03:00:00,1,6,11,3,0,0.00000000,16.80000000,16.80000000,0.00000000
2001-06-11T03:10:00,1,6,11,3,10,0.00000000,16.90000000,16.90000000,0.00000000
2001-06-11T03:20:00,1,6,11,3,20,0.00000000,17.00000000,17.00000000,0.00000000
2001-06-11T03:30:00,1,6,11,3,30,0.00000000,17.10000000,17.10000000,0.00000000
2001-06-11T03:40:00,1,6,11,3,40,0.00000000,17.20000000,17.20000000,0.00000000
2001-06-11T03:50:00,1,6,11,3,50,0.00000000,17.30000000,17.30000000,0.00000000
2001-06-11T04:00:00,1,6,11,4,0,0.00000000,17.40000000,17.40000000,0.00000000
2001-06-11T04:10:00,1,6,11,4,10,0.00000000,17.30000000,17.30000000,0.00000000
2001-06-11T04:20:00,1,6,11,4,20,0.00000000,17.20000000,17.20000000,0.00000000
2001-06-11T04:30:00,1,6,11,4,30,0.00000000,17.10000000,17.10000000,0.00000000
2001-06-11T04:40:00,1,6,11,4,40,0.00000000,17.00000000,17.00000000,0.00000000
2001-06-11T04:50:00,1,6,11,4,50,0.00000000,16.90000000,16.90000000,0.00000000
2001-06-11T05:00:00,1,6,11,5,0,0.00000000,16.80000000,16.80000000,0.00000000
2001-06-11T05:10:00,1,6,11,5,10,0.00000000,16.85000000,16.85000000,0.00000000
2001-06-11T05:20:00,1,6,11,5,20,0.00000000,16.90000000,16.90000000,0.00000000
2001-06-11T05:30:00,1,6,11,5,30,0.00000000,16.95000000,16.95000000,0.00000000
2001-06-11T05:40:00,1,6,11,5,40,0.00000000,17.00000000,17.00000000,0.00000000
2001-06-11T05:50:00,1,6,11,5,50,0.00000000,17.05000000,17.05000000,0.00000000
2001-06-11T06:00:00,1,6,11,6,0,0.00000000,17.10000000,17.10000000,0.00000000
2001-06-11T06:10:00,1,6,11,6,10,0.01333333,17.08333333,17.55000000,0.01379027
2001-06-11T06:20:00,1,6,11,6,20,0.02666667,17.06666667,18.00000000,0.02752533
2001-06-11T06:30:00,1,6,11,6,30,0.04000000,17.05000000,18.45000000,0.04120520
2001-06-11T06:40:00,1,6,11,6,40,0.05333333,17.03333333,18.90000000,0.05482987
2001-06-11T06:50:00,1,6,11,6,50,0.06666667,17.01666667,19.35000000,0.06839933
2001-06-11T07:00:00,1,6,11,7,0,0.08000000,17.00000000,19.80000000,0.08191360
2001-06-11T07:10:00,1,6,11,7,10,0.10816667,17.11666667,20.90250000,0.11020545
2001-06-11T07:20:00,1,6,11,7,20,0.13633333,17.23333333,22.00500000,0.13821160
2001-06-11T07:30:00,1,6,11,7,30,0.16450000,17.35000000,23.10750000,0.16593205
2001-06-11T07:40:00,1,6,11,7,40,0.19266667,17.46666667,24.21000000,0.19336682
2001-06-11T07:50:00,1,6,11,7,50,0.22083333,17.58333333,25.31250000,0.22051589
2001-06-11T08:00:00,1,6,11,8,0,0.24900000,17.70000000,26.41500000,0.24737926
2001-06-11T08:10:00,1,6,11,8,10,0.24900000,17.85000000,26.56500000,0.24720745
2001-06-11T08:20:00,1,6,11,8,20,0.24900000,18.00000000,26.71500000,0.24703564
2001-06-11T08:30:00,1,6,11,8,30,0.24900000,18.15000000,26.86500000,0.24686383
2001-06-11T08:40:00,1,6,11,8,40,0.24900000,18.30000000,27.01500000,0.24669202
2001-06-11T08:50:00,1,6,11,8,50,0.24900000,18.45000000,27.16500000,0.24652021
2001-06-11T09:00:00,1,6,11,9,0,0.24900000,18.60000000,27.31500000,0.24634840
2001-06-11T09:10:00,1,6,11,9,10,0.27366667,18.65000000,28.22833333,0.26960263
2001-06-11T09:20:00,1,6,11,9,20,0.29833333,18.70000000,29.14166667,0.29264959
2001-06-11T09:30:00,1,6,11,9,30,0.32300000,18.75000000,30.05500000,0.31548928
2001-06-11T09:40:00,1,6,11,9,40,0.34766667,18.80000000,30.96833333,0.33812171
2001-06-11T09:50:00,1,6,11,9,50,0.37233333,18.85000000,31.88166667,0.36054687
2001-06-11T10:00:00,1,6,11,10,0,0.39700000,18.90000000,32.79500000,0.38276477
2001-06-11T10:10:00,1,6,11,10,10,0.39183333,19.13333333,32.84750000,0.37768874
2001-06-11T10:20:00,1,6,11,10,20,0.38666667,19.36666667,32.90000000,0.37261520
2001-06-11T10:30:00,1,6,11,10,30,0.38150000,19.60000000,32.95250000,0.36754416
2001-06-11T10:40:00,1,6,11,10,40,0.37633333,19.83333333,33.00500000,0.36247561
2001-06-11T10:50:00,1,6,11,10,50,0.37116667,20.06666667,33.05750000,0.35740956
2001-06-11T11:00:00,1,6,11,11,0,0.36600000,20.30000000,33.11000000,0.35234600
2001-06-11T11:10:00,1,6,11,11,10,0.35750000,20.31666667,32.82916667,0.34462494
2001-06-11T11:20:00,1,6,11,11,20,0.34900000,20.33333333,32.54833333,0.33688191
2001-06-11T11:30:00,1,6,11,11,30,0.34050000,20.35000000,32.26750000,0.32911691
2001-06-11T11:40:00,1,6,11,11,40,0.33200000,20.36666667,31.98666667,0.32132996
2001-06-11T11:50:00,1,6,11,11,50,0.32350000,20.38333333,31.70583333,0.31352105
2001-06-11T12:00:00,1,6,11,12,0,0.31500000,20.40000000,31.42500000,0.30569018
2001-06-11T12:10:00,1,6,11,12,10,0.31366667,20.25000000,31.22833333,0.30468001
2001-06-11T12:20:00,1,6,11,12,20,0.31233333,20.10000000,31.03166667,0.30366744
2001-06-11T12:30:00,1,6,11,12,30,0.31100000,19.95000000,30.83500000,0.30265245
2001-06-11T12:40:00,1,6,11,12,40,0.30966667,19.80000000,30.63833333,0.30163505
2001-06-11T12:50:00,1,6,11,12,50,0.30833333,19.65000000,30.44166667,0.30061524
2001-06-11T13:00:00,1,6,11,13,0,0.30700000,19.50000000,30.24500000,0.29959301
2001-06-11T13:10:00,1,6,11,13,10,0.32450000,19.55000000,30.90750000,0.31568187
2001-06-11T13:20:00,1,6,11,13,20,0.34200000,19.60000000,31.57000000,0.33166408
2001-06-11T13:30:00,1,6,11,13,30,0.35950000,19.65000000,32.23250000,0.34753961
2001-06-11T13:40:00,1,6,11,13,40,0.37700000,19.70000000,32.89500000,0.36330849
2001-06-11T13:50:00,1,6,11,13,50,0.39450000,19.75000000,33.55750000,0.37897070
2001-06-11T14:00:00,1,6,11,14,0,0.41200000,19.80000000,34.22000000,0.39452626
2001-06-11T14:10:00,1,6,11,14,10,0.35816667,19.81666667,32.35250000,0.34605293
2001-06-11T14:20:00,1,6,11,14,20,0.30433333,19.83333333,30.48500000,0.29665470
2001-06-11T14:30:00,1,6,11,14,30,0.25050000,19.85000000,28.61750000,0.24633155
2001-06-11T14:40:00,1,6,11,14,40,0.19666667,19.86666667,26.75000000,0.19508350
2001-06-11T14:50:00,1,6,11,14,50,0.14283333,19.88333333,24.88250000,0.14291053
2001-06-11T15:00:00,1,6,11,15,0,0.08900000,19.90000000,23.01500000,0.08981266
2001-06-11T15:10:00,1,6,11,15,10,0.08500000,19.51666667,22.49166667,0.08598076
2001-06-11T15:20:00,1,6,11,15,20,0.08100000,19.13333333,21.96833333,0.08212960
2001-06-11T15:30:00,1,6,11,15,30,0.07700000,18.75000000,21.44500000,0.07825918
2001-06-11T15:40:00,1,6,11,15,40,0.07300000,18.36666667,20.92166667,0.07436950
2001-06-11T15:50:00,1,6,11,15,50,0.06900000,17.98333333,20.39833333,0.07046057
2001-06-11T16:00:00,1,6,11,16,0,0.06500000,17.60000000,19.87500000,0.06653237
2001-06-11T16:10:00,1,6,11,16,10,0.05416667,17.51666667,19.41250000,0.05555889
2001-06-11T16:20:00,1,6,11,16,20,0.04333333,17.43333333,18.95000000,0.04453930
2001-06-11T16:30:00,1,6,11,16,30,0.03250000,17.35000000,18.48750000,0.03347362
2001-06-11T16:40:00,1,6,11,16,40,0.02166667,17.26666667,18.02500000,0.02236184
2001-06-11T16:50:00,1,6,11,16,50,0.01083333,17.18333333,17.56250000,0.01120397
2001-06-11T17:00:00,1,6,11,17,0,0.00000000,17.10000000,17.10000000,0.00000000
2001-06-11T17:10:00,1,6,11,17,10,0.00000000,17.10000000,17.10000000,0.00000000
2001-06-11T17:20:00,1,6,11,17,20,0.00000000,17.10000000,17.10000000,0.00000000
2001-06-11T17:30:00,1,6,11,17,30,0.00000000,17.10000000,17.10000000,0.00000000
2001-06-11T17:40:00,1,6,11,17,40,0.00000000,17.10000000,17.10000000,0.00000000
2001-06-11T17:50:00,1,6,11,17,50,0.00000000,17.10000000,17.10000000,0.00000000
2001-06-11T18:00:00,1,6,11,18,0,0.00000000,17.10000000,17.10000000,0.00000000
2001-06-11T18:10:00,1,6,11,18,10,0.00000000,17.06666667,17.06666667,0.00000000
2001-06-11T18:20:00,1,6,11,18,20,0.00000000,17.03333333,17.03333333,0.00000000
2001-06-11T18:30:00,1,6,11,18,30,0.00000000,17.00000000,17.00000000,0.00000000
2001-06-11T18:40:00,1,6,11,18,40,0.00000000,16.96666667,16.96666667,0.00000000
2001-06-11T18:50:00,1,6,11,18,50,0.00000000,16.93333333,16.93333333,0.00000000
2001-06-11T19:00:00,1,6,11,19,0,0.00000000,16.90000000,16.90000000,0.00000000
2001-06-11T19:10:00,1,6,11,19,10,0.00000000,16.85000000,16.85000000,0.00000000
2001-06-11T19:20:00,1,6,11,19,20,0.00000000,16.80000000,16.80000000,0.00000000
2001-06-11T19:30:00,1,6,11,19,30,0.00000000,16.75000000,16.75000000,0.00000000
2001-06-11T19:40:00,1,6,11,19,40,0.00000000,16.70000000,16.70000000,0.00000000
2001-06-11T19:50:00,1,6,11,19,50,0.00000000,16.65000000,16.65000000,0.00000000
2001-06-11T20:00:00,1,6,11,20,0,0.00000000,16.60000000,16.60000000,0.00000000
2001-06-11T20:10:00,1,6,11,20,10,0.00000000,16.66666667,16.66666667,0.00000000
2001-06-11T20:20:00,1,6,11,20,20,0.00000000,16.73333333,16.73333333,0.00000000
2001-06-11T20:30:00,1,6,11,20,30,0.00000000,16.80000000,16.80000000,0.00000000
2001-06-11T20:40:00,1,6,11,20,40,0.00000000,16.86666667,16.86666667,0.00000000
2001-06-11T20:50:00,1,6,11,20,50,0.00000000,16.93333333,16.93333333,0.00000000
2001-06-11T21:00:00,1,6,11,21,0,0.00000000,17.00000000,17.00000000,0.00000000
2001-06-11T21:10:00,1,6,11,21,10,0.00000000,16.85000000,16.85000000,0.00000000
2001-06-11T21:20:00,1,6,11,21,20,0.00000000,16.70000000,16.70000000,0.00000000
2001-06-11T21:30:00,1,6,11,21,30,0.00000000,16.55000000,16.55000000,0.00000000
2001-06-11T21:40:00,1,6,11,21,40,0.00000000,16.40000000,16.40000000,0.00000000
2001-06-11T21:50:00,1,6,11,21,50,0.00000000,16.25000000,16.25000000,0.00000000
2001-06-11T22:00:00,1,6,11,22,0,0.00000000,16.10000000,16.10000000,0.00000000
2001-06-11T22:10:00,1,6,11,22,10,0.00000000,16.13333333,16.13333333,0.00000000
2001-06-11T22:20:00,1,6,11,22,20,0.00000000,16.16666667,16.16666667,0.00000000
2001-06-11T22:30:00,1,6,11,22,30,0.00000000,16.20000000,16.20000000,0.00000000
2001-06-11T22:40:00,1,6,11,22,40,0.00000000,16.23333333,16.23333333,0.00000000
2001-06-11T22:50:00,1,6,11,22,50,0.00000000,16.26666667,16.26666667,0.00000000
2001-06-11T23:00:00,1,6,11,23,0,0.00000000,16.30000000,16.30000000,0.00000000
2001-06-11T23:10:00,1,6,11,23,10,0.00000000,16.26666667,16.26666667,0.00000000
2001-06-11T23:20:00,1,6,11,23,20,0.00000000,16.23333333,16.23333333,0.00000000
2001-06-11T23:30:00,1,6,11,23,30,0.00000000,16.20000000,16.20000000,0.00000000
2001-06-11T23:40:00,1,6,11,23,40,0.00000000,16.16666667,16.16666667,0.00000000
2001-06-11T23:50:00,1,6,11,23,50,0.00000000,16.13333333,16.13333333,0.00000000
2001-06-12T00:00:00,1,6,12,0,0,0.00000000,16.10000000,16.10000000,0.00000000
2001-06-12T00:10:00,1,6,12,0,10,0.00000000,16.06666667,16.06666667,0.00000000
2001-06-12T00:20:00,1,6,12,0,20,0.00000000,16.03333333,16.03333333,0.00000000
2001-06-12T00:30:00,1,6,12,0,30,0.00000000,16.00000000,16.00000000,0.00000000
2001-06-12T00:40:00,1,6,12,0,40,0.00000000,15.96666667,15.96666667,0.00000000
2001-06-12T00:50:00,1,6,12,0,50,0.00000000,15.93333333,15.93333333,0.00000000
2001-06-12T01:00:00,1,6,12,1,0,0.00000000,15.90000000,15.90000000,0.00000000
2001-06-12T01:10:00,1,6,12,1,10,0.00000000,15.95000000,15.95000000,0.00000000
2001-06-12T01:20:00,1,6,12,1,20,0.00000000,16.00000000,16.00000000,0.00000000
2001-06-12T01:30:00,1,6,12,1,30,0.00000000,16.05000000,16.05000000,0.00000000
2001-06-12T01:40:00,1,6,12,1,40,0.00000000,16.10000000,16.10000000,0.00000000
2001-06-12T01:50:00,1,6,12,1,50,0.00000000,16.15000000,16.15000000,0.00000000
2001-06-12T02:00:00,1,6,12,2,0,0.00000000,16.20000000,16.20000000,0.00000000
2001-06-12T02:10:00,1,6,12,2,10,0.00000000,16.15000000,16.15000000,0.00000000
2001-06-12T02:20:00,1,6,12,2,20,0.00000000,16.10000000,16.10000000,0.00000000
2001-06-12T02:30:00,1,6,12,2,30,0.00000000,16.05000000,16.05000000,0.00000000
2001-06-12T02:40:00,1,6,12,2,40,0.00000000,16.00000000,16.00000000,0.00000000
2001-06-12T02:50:00,1,6,12,2,50,0.00000000,15.95000000,15.95000000,0.00000000
2001-06-12T03:00:00,1,6,12,3,0,0.00000000,15.90000000,15.90000000,0.00000000
2001-06-12T03:10:00,1,6,12,3,10,0.00000000,15.93333333,15.93333333,0.00000000
2001-06-12T03:20:00,1,6,12,3,20,0.00000000,15.96666667,15.96666667,0.00000000
2001-06-12T03:30:00,1,6,12,3,30,0.00000000,16.00000000,16.00000000,0.00000000
2001-06-12T03:40:00,1,6,12,3,40,0.00000000,16.03333333,16.03333333,0.00000000
2001-06-12T03:50:00,1,6,12,3,50,0.00000000,16.06666667,16.06666667,0.00000000
2001-06-12T04:00:00,1,6,12,4,0,0.00000000,16.10000000,16.10000000,0.00000000
2001-06-12T04:10:00,1,6,12,4,10,0.00000000,16.16666667,16.16666667,0.00000000
2001-06-12T04:20:00,1,6,12,4,20,0.00000000,16.23333333,16.23333333,0.00000000
2001-06-12T04:30:00,1,6,12,4,30,0.00000000,16.30000000,16.30000000,0.00000000
2001-06-12T04:40:00,1,6,12,4,40,0.00000000,16.36666667,16.36666667,0.00000000
2001-06-12T04:50:00,1,6,12,4,50,0.00000000,16.43333333,16.43333333,0.00000000
2001-06-12T05:00:00,1,6,12,5,0,0.00000000,16.50000000,16.50000000,0.00000000
2001-06-12T05:10:00,1,6,12,5,10,0.00000000,16.40000000,16.40000000,0.00000000
2001-06-12T05:20:00,1,6,12,5,20,0.00000000,16.30000000,16.30000000,0.00000000
2001-06-12T05:30:00,1,6,12,5,30,0.00000000,16.20000000,16.20000000,0.00000000
2001-06-12T05:40:00,1,6,12,5,40,0.00000000,16.10000000,16.10000000,0.00000000
2001-06-12T05:50:00,1,6,12,5,50,0.00000000,16.00000000,16.00000000,0.00000000
2001-06-12T06:00:00,1,6,12,6,0,0.00000000,15.90000000,15.90000000,0.00000000
2001-06-12T06:10:00,1,6,12,6,10,0.01516667,15.95000000,16.48083333,0.01576102
2001-06-12T06:20:00,1,6,12,6,20,0.03033333,16.00000000,17.06166667,0.03144100
2001-06-12T06:30:00,1,6,12,6,30,0.04550000,16.05000000,17.64250000,0.04703992
2001-06-12T06:40:00,1,6,12,6,40,0.06066667,16.10000000,18.22333333,0.06255781
2001-06-12T06:50:00,1,6,12,6,50,0.07583333,16.15000000,18.80416667,0.07799465
2001-06-12T07:00:00,1,6,12,7,0,0.09100000,16.20000000,19.38500000,0.09335044
2001-06-12T07:10:00,1,6,12,7,10,0.09200000,16.33333333,19.55333333,0.09430503
2001-06-12T07:20:00,1,6,12,7,20,0.09300000,16.46666667,19.72166667,0.09525807
2001-06-12T07:30:00,1,6,12,7,30,0.09400000,16.60000000,19.89000000,0.09620956
2001-06-12T07:40:00,1,6,12,7,40,0.09500000,16.73333333,20.05833333,0.09715951
2001-06-12T07:50:00,1,6,12,7,50,0.09600000,16.86666667,20.22666667,0.09810790
2001-06-12T08:00:00,1,6,12,8,0,0.09700000,17.00000000,20.39500000,0.09905475
2001-06-12T08:10:00,1,6,12,8,10,0.10516667,17.13333333,20.81416667,0.10719163
2001-06-12T08:20:00,1,6,12,8,20,0.11333333,17.26666667,21.23333333,0.11529702
2001-06-12T08:30:00,1,6,12,8,30,0.12150000,17.40000000,21.65250000,0.12337092
2001-06-12T08:40:00,1,6,12,8,40,0.12966667,17.53333333,22.07166667,0.13141332
2001-06-12T08:50:00,1,6,12,8,50,0.13783333,17.66666667,22.49083333,0.13942423
2001-06-12T09:00:00,1,6,12,9,0,0.14600000,17.80000000,22.91000000,0.14740364
2001-06-12T09:10:00,1,6,12,9,10,0.19400000,17.78333333,24.57333333,0.19438076
2001-06-12T09:20:00,1,6,12,9,20,0.24200000,17.76666667,26.23666667,0.24062334
2001-06-12T09:30:00,1,6,12,9,30,0.29000000,17.75000000,27.90000000,0.28613140
2001-06-12T09:40:00,1,6,12,9,40,0.33800000,17.73333333,29.56333333,0.33090493
2001-06-12T09:50:00,1,6,12,9,50,0.38600000,17.71666667,31.22666667,0.37494393
2001-06-12T10:00:00,1,6,12,10,0,0.43400000,17.70000000,32.89000000,0.41824840
2001-06-12T10:10:00,1,6,12,10,10,0.42466667,17.80000000,32.66333333,0.40969660
2001-06-12T10:20:00,1,6,12,10,20,0.41533333,17.90000000,32.43666667,0.40112533
2001-06-12T10:30:00,1,6,12,10,30,0.40600000,18.00000000,32.21000000,0.39253460
2001-06-12T10:40:00,1,6,12,10,40,0.39666667,18.10000000,31.98333333,0.38392441
2001-06-12T10:50:00,1,6,12,10,50,0.38733333,18.20000000,31.75666667,0.37529476
2001-06-12T11:00:00,1,6,12,11,0,0.37800000,18.30000000,31.53000000,0.36664564
2001-06-12T11:10:00,1,6,12,11,10,0.39466667,18.35000000,32.16333333,0.38166187
2001-06-12T11:20:00,1,6,12,11,20,0.41133333,18.40000000,32.79666667,0.39658100
2001-06-12T11:30:00,1,6,12,11,30,0.42800000,18.45000000,33.43000000,0.41140302
2001-06-12T11:40:00,1,6,12,11,40,0.44466667,18.50000000,34.06333333,0.42612792
2001-06-12T11:50:00,1,6,12,11,50,0.46133333,18.55000000,34.69666667,0.44075571
2001-06-12T12:00:00,1,6,12,12,0,0.47800000,18.60000000,35.33000000,0.45528640
2001-06-12T12:10:00,1,6,12,12,10,0.47150000,18.66666667,35.16916667,0.44944409
2001-06-12T12:20:00,1,6,12,12,20,0.46500000,18.73333333,35.00833333,0.44359217
2001-06-12T12:30:00,1,6,12,12,30,0.45850000,18.80000000,34.84750000,0.43773064
2001-06-12T12:40:00,1,6,12,12,40,0.45200000,18.86666667,34.68666667,0.43185948
2001-06-12T12:50:00,1,6,12,12,50,0.44550000,18.93333333,34.52583333,0.42597871
2001-06-12T13:00:00,1,6,12,13,0,0.43900000,19.00000000,34.36500000,0.42008832
2001-06-12T13:10:00,1,6,12,13,10,0.43466667,19.13333333,34.34666667,0.41597832
2001-06-12T13:20:00,1,6,12,13,20,0.43033333,19.26666667,34.32833333,0.41186759
2001-06-12T13:30:00,1,6,12,13,30,0.42600000,19.40000000,34.31000000,0.40775612
2001-06-12T13:40:00,1,6,12,13,40,0.42166667,19.53333333,34.29166667,0.40364393
2001-06-12T13:50:00,1,6,12,13,50,0.41733333,19.66666667,34.27333333,0.39953101
2001-06-12T14:00:00,1,6,12,14,0,0.41300000,19.80000000,34.25500000,0.39541735
2001-06-12T14:10:00,1,6,12,14,10,0.35450000,19.78333333,32.19083333,0.34277391
2001-06-12T14:20:00,1,6,12,14,20,0.29600000,19.76666667,30.12666667,0.28901953
2001-06-12T14:30:00,1,6,12,14,30,0.23750000,19.75000000,28.06250000,0.23415422
2001-06-12T14:40:00,1,6,12,14,40,0.17900000,19.73333333,25.99833333,0.17817797
2001-06-12T14:50:00,1,6,12,14,50,0.12050000,19.71666667,23.93416667,0.12109079
2001-06-12T15:00:00,1,6,12,15,0,0.06200000,19.70000000,21.87000000,0.06289268
2001-06-12T15:10:00,1,6,12,15,10,0.06166667,19.58333333,21.74166667,0.06259095
2001-06-12T15:20:00,1,6,12,15,20,0.06133333,19.46666667,21.61333333,0.06228882
2001-06-12T15:30:00,1,6,12,15,30,0.06100000,19.35000000,21.48500000,0.06198631
2001-06-12T15:40:00,1,6,12,15,40,0.06066667,19.23333333,21.35666667,0.06168340
2001-06-12T15:50:00,1,6,12,15,50,0.06033333,19.11666667,21.22833333,0.06138010
2001-06-12T16:00:00,1,6,12,16,0,0.06000000,19.00000000,21.10000000,0.06107640
2001-06-12T16:10:00,1,6,12,16,10,0.05000000,18.83333333,20.58333333,0.05101583
2001-06-12T16:20:00,1,6,12,16,20,0.04000000,18.66666667,20.06666667,0.04090773
2001-06-12T16:30:00,1,6,12,16,30,0.03000000,18.50000000,19.55000000,0.03075210
2001-06-12T16:40:00,1,6,12,16,40,0.02000000,18.33333333,19.03333333,0.02054893
2001-06-12T16:50:00,1,6,12,16,50,0.01000000,18.16666667,18.51666667,0.01029823
2001-06-12T17:00:00,1,6,12,17,0,0.00000000,18.00000000,18.00000000,0.00000000
2001-06-12T17:10:00,1,6,12,17,10,0.00000000,18.00000000,18.00000000,0.00000000
2001-06-12T17:20:00,1,6,12,17,20,0.00000000,18.00000000,18.00000000,0.00000000
2001-06-12T17:30:00,1,6,12,17,30,0.00000000,18.00000000,18.00000000,0.00000000
2001-06-12T17:40:00,1,6,12,17,40,0.00000000,18.00000000,18.00000000,0.00000000
2001-06-12T17:50:00,1,6,12,17,50,0.00000000,18.00000000,18.00000000,0.00000000
2001-06-12T18:00:00,1,6,12,18,0,0.00000000,18.00000000,18.00000000,0.00000000
2001-06-12T18:10:00,1,6,12,18,10,0.00000000,18.03333333,18.03333333,0.00000000
2001-06-12T18:20:00,1,6,12,18,20,0.00000000,18.06666667,18.06666667,0.00000000
2001-06-12T18:30:00,1,6,12,18,30,0.00000000,18.10000000,18.10000000,0.00000000
2001-06-12T18:40:00,1,6,12,18,40,0.00000000,18.13333333,18.13333333,0.00000000
2001-06-12T18:50:00,1,6,12,18,50,0.00000000,18.16666667,18.16666667,0.00000000
2001-06-12T19:00:00,1,6,12,19,0,0.00000000,18.20000000,18.20000000,0.00000000
2001-06-12T19:10:00,1,6,12,19,10,0.00000000,18.25000000,18.25000000,0.00000000
2001-06-12T19:20:00,1,6,12,19,20,0.00000000,18.30000000,18.30000000,0.00000000
2001-06-12T19:30:00,1,6,12,19,30,0.00000000,18.35000000,18.35000000,0.00000000
2001-06-12T19:40:00,1,6,12,19,40,0.00000000,18.40000000,18.40000000,0.00000000
2001-06-12T19:50:00,1,6,12,19,50,0.00000000,18.45000000,18.45000000,0.00000000
2001-06-12T20:00:00,1,6,12,20,0,0.00000000,18.50000000,18.50000000,0.00000000
2001-06-12T20:10:00,1,6,12,20,10,0.00000000,18.40000000,18.40000000,0.00000000
2001-06-12T20:20:00,1,6,12,20,20,0.00000000,18.30000000,18.30000000,0.00000000
2001-06-12T20:30:00,1,6,12,20,30,0.00000000,18.20000000,18.20000000,0.00000000
2001-06-12T20:40:00,1,6,12,20,40,0.00000000,18.10000000,18.10000000,0.00000000
2001-06-12T20:50:00,1,6,12,20,50,0.00000000,18.00000000,18.00000000,0.00000000
2001-06-12T21:00:00,1,6,12,21,0,0.00000000,17.90000000,17.90000000,0.00000000
2001-06-12T21:10:00,1,6,12,21,10,0.00000000,17.90000000,17.90000000,0.00000000
2001-06-12T21:20:00,1,6,12,21,20,0.00000000,17.90000000,17.90000000,0.00000000
2001-06-12T21:30:00,1,6,12,21,30,0.00000000,17.90000000,17.90000000,0.00000000
2001-06-12T21:40:00,1,6,12,21,40,0.00000000,17.90000000,17.90000000,0.00000000
2001-06-12T21:50:00,1,6,12,21,50,0.00000000,17.90000000,17.90000000,0.00000000
2001-06-12T22:00:00,1,6,12,22,0,0.00000000,17.90000000,17.90000000,0.00000000
2001-06-12T22:10:00,1,6,12,22,10,0.00000000,17.88333333,17.88333333,0.00000000
2001-06-12T22:20:00,1,6,12,22,20,0.00000000,17.86666667,17.86666667,0.00000000
2001-06-12T22:30:00,1,6,12,22,30,0.00000000,17.85000000,17.85000000,0.00000000
2001-06-12T22:40:00,1,6,12,22,40,0.00000000,17.83333333,17.83333333,0.00000000
2001-06-12T22:50:00,1,6,12,22,50,0.00000000,17.81666667,17.81666667,0.00000000
2001-06-12T23:00:00,1,6,12,23,0,0.00000000,17.80000000,17.80000000,0.00000000
2001-06-12T23:10:00,1,6,12,23,10,0.00000000,17.35000000,17.35000000,0.00000000
2001-06-12T23:20:00,1,6,12,23,20,0.00000000,16.90000000,16.90000000,0.00000000
2001-06-12T23:30:00,1,6,12,23,30,0.00000000,16.45000000,16.45000000,0.00000000
2001-06-12T23:40:00,1,6,12,23,40,0.00000000,16.00000000,16.00000000,0.00000000
2001-06-12T23:50:00,1,6,12,23,50,0.00000000,15.55000000,15.55000000,0.00000000
2001-06-13T00:00:00,1,6,13,0,0,0.00000000,15.10000000,15.10000000,0.00000000
2001-06-13T00:10:00,1,6,13,0,10,0.00000000,15.03333333,15.03333333,0.00000000
2001-06-13T00:20:00,1,6,13,0,20,0.00000000,14.96666667,14.96666667,0.00000000
2001-06-13T00:30:00,1,6,13,0,30,0.00000000,14.90000000,14.90000000,0.00000000
2001-06-13T00:40:00,1,6,13,0,40,0.00000000,14.83333333,14.83333333,0.00000000
2001-06-13T00:50:00,1,6,13,0,50,0.00000000,14.76666667,14.76666667,0.00000000
2001-06-13T01:00:00,1,6,13,1,0,0.00000000,14.70000000,14.70000000,0.00000000
2001-06-13T01:10:00,1,6,13,1,10,0.00000000,14.71666667,14.71666667,0.00000000
2001-06-13T01:20:00,1,6,13,1,20,0.00000000,14.73333333,14.73333333,0.00000000
2001-06-13T01:30:00,1,6,13,1,30,0.00000000,14.75000000,14.75000000,0.00000000
2001-06-13T01:40:00,1,6,13,1,40,0.00000000,14.76666667,14.76666667,0.00000000
2001-06-13T01:50:00,1,6,13,1,50,0.00000000,14.78333333,14.78333333,0.00000000
2001-06-13T02:00:00,1,6,13,2,0,0.00000000,14.80000000,14.80000000,0.00000000
2001-06-13T02:10:00,1,6,13,2,10,0.00000000,14.70000000,14.70000000,0.00000000
2001-06-13T02:20:00,1,6,13,2,20,0.00000000,14.60000000,14.60000000,0.00000000
2001-06-13T02:30:00,1,6,13,2,30,0.00000000,14.50000000,14.50000000,0.00000000
2001-06-13T02:40:00,1,6,13,2,40,0.00000000,14.40000000,14.40000000,0.00000000
2001-06-13T02:50:00,1,6,13,2,50,0.00000000,14.30000000,14.30000000,0.00000000
2001-06-13T03:00:00,1,6,13,3,0,0.00000000,14.20000000,14.20000000,0.00000000
2001-06-13T03:10:00,1,6,13,3,10,0.00000000,14.06666667,14.06666667,0.00000000
2001-06-13T03:20:00,1,6,13,3,20,0.00000000,13.93333333,13.93333333,0.00000000
2001-06-13T03:30:00,1,6,13,3,30,0.00000000,13.80000000,13.80000000,0.00000000
2001-06-13T03:40:00,1,6,13,3,40,0.00000000,13.66666667,13.66666667,0.00000000
2001-06-13T03:50:00,1,6,13,3,50,0.00000000,13.53333333,13.53333333,0.00000000
2001-06-13T04:00:00,1,6,13,4,0,0.00000000,13.40000000,13.40000000,0.00000000
2001-06-13T04:10:00,1,6,13,4,10,0.00000000,13.38333333,13.38333333,0.00000000
2001-06-13T04:20:00,1,6,13,4,20,0.00000000,13.36666667,13.36666667,0.00000000
2001-06-13T04:30:00,1,6,13,4,30,0.00000000,13.35000000,13.35000000,0.00000000
2001-06-13T04:40:00,1,6,13,4,40,0.00000000,13.33333333,13.33333333,0.00000000
2001-06-13T04:50:00,1,6,13,4,50,0.00000000,13.31666667,13.31666667,0.00000000
2001-06-13T05:00:00,1,6,13,5,0,0.00000000,13.30000000,13.30000000,0.00000000
2001-06-13T05:10:00,1,6,13,5,10,0.00000000,13.31666667,13.31666667,0.00000000
2001-06-13T05:20:00,1,6,13,5,20,0.00000000,13.33333333,13.33333333,0.00000000
2001-06-13T05:30:00,1,6,13,5,30,0.00000000,13.35000000,13.35000000,0.00000000
2001-06-13T05:40:00,1,6,13,5,40,0.00000000,13.36666667,13.36666667,0.00000000
2001-06-13T05:50:00,1,6,13,5,50,0.00000000,13.38333333,13.38333333,0.00000000
2001-06-13T06:00:00,1,6,13,6,0,0.00000000,13.40000000,13.40000000,0.00000000
2001-06-13T06:10:00,1,6,13,6,10,0.01666667,13.46666667,14.05000000,0.01750617
2001-06-13T06:20:00,1,6,13,6,20,0.03333333,13.53333333,14.70000000,0.03491267
2001-06-13T06:30:00,1,6,13,6,30,0.05000000,13.60000000,15.35000000,0.05221950
2001-06-13T06:40:00,1,6,13,6,40,0.06666667,13.66666667,16.00000000,0.06942667
2001-06-13T06:50:00,1,6,13,6,50,0.08333333,13.73333333,16.65000000,0.08653417
2001-06-13T07:00:00,1,6,13,7,0,0.10000000,13.80000000,17.30000000,0.10354200
2001-06-13T07:10:00,1,6,13,7,10,0.13433333,14.36666667,19.06833333,0.13799871
2001-06-13T07:20:00,1,6,13,7,20,0.16866667,14.93333333,20.83666667,0.17189686
2001-06-13T07:30:00,1,6,13,7,30,0.20300000,15.50000000,22.60500000,0.20523645
2001-06-13T07:40:00,1,6,13,7,40,0.23733333,16.06666667,24.37333333,0.23801749
2001-06-13T07:50:00,1,6,13,7,50,0.27166667,16.63333333,26.14166667,0.27023996
2001-06-13T08:00:00,1,6,13,8,0,0.30600000,17.20000000,27.91000000,0.30190388
2001-06-13T08:10:00,1,6,13,8,10,0.33533333,18.00000000,29.73666667,0.32802687
2001-06-13T08:20:00,1,6,13,8,20,0.36466667,18.80000000,31.56333333,0.35365689
2001-06-13T08:30:00,1,6,13,8,30,0.39400000,19.60000000,33.39000000,0.37879396
2001-06-13T08:40:00,1,6,13,8,40,0.42333333,20.40000000,35.21666667,0.40343808
2001-06-13T08:50:00,1,6,13,8,50,0.45266667,21.20000000,37.04333333,0.42758924
2001-06-13T09:00:00,1,6,13,9,0,0.48200000,22.00000000,38.87000000,0.45124744
2001-06-13T09:10:00,1,6,13,9,10,0.48783333,22.50000000,39.57416667,0.45512842
2001-06-13T09:20:00,1,6,13,9,20,0.49366667,23.00000000,40.27833333,0.45897161
2001-06-13T09:30:00,1,6,13,9,30,0.49950000,23.50000000,40.98250000,0.46277701
2001-06-13T09:40:00,1,6,13,9,40,0.50533333,24.00000000,41.68666667,0.46654462
2001-06-13T09:50:00,1,6,13,9,50,0.51116667,24.50000000,42.39083333,0.47027444
2001-06-13T10:00:00,1,6,13,10,0,0.51700000,25.00000000,43.09500000,0.47396647
2001-06-13T10:10:00,1,6,13,10,10,0.53266667,25.18333333,43.82666667,0.48653631
2001-06-13T10:20:00,1,6,13,10,20,0.54833333,25.36666667,44.55833333,0.49900070
2001-06-13T10:30:00,1,6,13,10,30,0.56400000,25.55000000,45.29000000,0.51135962
2001-06-13T10:40:00,1,6,13,10,40,0.57966667,25.73333333,46.02166667,0.52361309
2001-06-13T10:50:00,1,6,13,10,50,0.59533333,25.91666667,46.75333333,0.53576110
2001-06-13T11:00:00,1,6,13,11,0,0.61100000,26.10000000,47.48500000,0.54780366
2001-06-13T11:10:00,1,6,13,11,10,0.62666667,26.63333333,48.56666667,0.55873182
2001-06-13T11:20:00,1,6,13,11,20,0.64233333,27.16666667,49.64833333,0.56950408
2001-06-13T11:30:00,1,6,13,11,30,0.65800000,27.70000000,50.73000000,0.58012044
2001-06-13T11:40:00,1,6,13,11,40,0.67366667,28.23333333,51.81166667,0.59058089
2001-06-13T11:50:00,1,6,13,11,50,0.68933333,28.76666667,52.89333333,0.60088543
2001-06-13T12:00:00,1,6,13,12,0,0.70500000,29.30000000,53.97500000,0.61103407
2001-06-13T12:10:00,1,6,13,12,10,0.69033333,29.56666667,53.72833333,0.59910555
2001-06-13T12:20:00,1,6,13,12,20,0.67566667,29.83333333,53.48166667,0.58714375
2001-06-13T12:30:00,1,6,13,12,30,0.66100000,30.10000000,53.23500000,0.57514866
2001-06-13T12:40:00,1,6,13,12,40,0.64633333,30.36666667,52.98833333,0.56312029
2001-06-13T12:50:00,1,6,13,12,50,0.63166667,30.63333333,52.74166667,0.55105863
2001-06-13T13:00:00,1,6,13,13,0,0.61700000,30.90000000,52.49500000,0.53896369
2001-06-13T13:10:00,1,6,13,13,10,0.58033333,30.60000000,50.91166667,0.51116128
2001-06-13T13:20:00,1,6,13,13,20,0.54366667,30.30000000,49.32833333,0.48282475
2001-06-13T13:30:00,1,6,13,13,30,0.50700000,30.00000000,47.74500000,0.45395411
2001-06-13T13:40:00,1,6,13,13,40,0.47033333,29.70000000,46.16166667,0.42454936
2001-06-13T13:50:00,1,6,13,13,50,0.43366667,29.40000000,44.57833333,0.39461050
2001-06-13T14:00:00,1,6,13,14,0,0.39700000,29.10000000,42.99500000,0.36413753
2001-06-13T14:10:00,1,6,13,14,10,0.38133333,28.56666667,41.91333333,0.35166509
2001-06-13T14:20:00,1,6,13,14,20,0.36566667,28.03333333,40.83166667,0.33903675
2001-06-13T14:30:00,1,6,13,14,30,0.35000000,27.50000000,39.75000000,0.32625250
2001-06-13T14:40:00,1,6,13,14,40,0.33433333,26.96666667,38.66833333,0.31331235
2001-06-13T14:50:00,1,6,13,14,50,0.31866667,26.43333333,37.58666667,0.30021629
2001-06-13T15:00:00,1,6,13,15,0,0.30300000,25.90000000,36.50500000,0.28696433
2001-06-13T15:10:00,1,6,13,15,10,0.26950000,25.58333333,35.01583333,0.25708337
2001-06-13T15:20:00,1,6,13,15,20,0.23600000,25.26666667,33.52666667,0.22674345
2001-06-13T15:30:00,1,6,13,15,30,0.20250000,24.95000000,32.03750000,0.19594457
2001-06-13T15:40:00,1,6,13,15,40,0.16900000,24.63333333,30.54833333,0.16468673
2001-06-13T15:50:00,1,6,13,15,50,0.13550000,24.31666667,29.05916667,0.13296992
2001-06-13T16:00:00,1,6,13,16,0,0.10200000,24.00000000,27.57000000,0.10079416
2001-06-13T16:10:00,1,6,13,16,10,0.08500000,23.26666667,26.24166667,0.08451451
2001-06-13T16:20:00,1,6,13,16,20,0.06800000,22.53333333,24.91333333,0.06802711
2001-06-13T16:30:00,1,6,13,16,30,0.05100000,21.80000000,23.58500000,0.05133196
2001-06-13T16:40:00,1,6,13,16,40,0.03400000,21.06666667,22.25666667,0.03442906
2001-06-13T16:50:00,1,6,13,16,50,0.01700000,20.33333333,20.92833333,0.01731840
2001-06-13T17:00:00,1,6,13,17,0,0.00000000,19.60000000,19.60000000,0.00000000
2001-06-13T17:10:00,1,6,13,17,10,0.00000000,19.20000000,19.20000000,0.00000000
2001-06-13T17:20:00,1,6,13,17,20,0.00000000,18.80000000,18.80000000,0.00000000
2001-06-13T17:30:00,1,6,13,17,30,0.00000000,18.40000000,18.40000000,0.00000000
2001-06-13T17:40:00,1,6,13,17,40,0.00000000,18.00000000,18.00000000,0.00000000
2001-06-13T17:50:00,1,6,13,17,50,0.00000000,17.60000000,17.60000000,0.00000000
2001-06-13T18:00:00,1,6,13,18,0,0.00000000,17.20000000,17.20000000,0.00000000
2001-06-13T18:10:00,1,6,13,18,10,0.00000000,17.20000000,17.20000000,0.00000000
2001-06-13T18:20:00,1,6,13,18,20,0.00000000,17.20000000,17.20000000,0.00000000
2001-06-13T18:30:00,1,6,13,18,30,0.00000000,17.20000000,17.20000000,0.00000000
2001-06-13T18:40:00,1,6,13,18,40,0.00000000,17.20000000,17.20000000,0.00000000
2001-06-13T18:50:00,1,6,13,18,50,0.00000000,17.20000000,17.20000000,0.00000000
2001-06-13T19:00:00,1,6,13,19,0,0.00000000,17.20000000,17.20000000,0.00000000
2001-06-13T19:10:00,1,6,13,19,10,0.00000000,17.05000000,17.05000000,0.00000000
2001-06-13T19:20:00,1,6,13,19,20,0.00000000,16.90000000,16.90000000,0.00000000
2001-06-13T19:30:00,1,6,13,19,30,0.00000000,16.75000000,16.75000000,0.00000000
2001-06-13T19:40:00,1,6,13,19,40,0.00000000,16.60000000,16.60000000,0.00000000
2001-06-13T19:50:00,1,6,13,19,50,0.00000000,16.45000000,16.45000000,0.00000000
2001-06-13T20:00:00,1,6,13,20,0,0.00000000,16.30000000,16.30000000,0.00000000
2001-06-13T20:10:00,1,6,13,20,10,0.00000000,16.16666667,16.16666667,0.00000000
2001-06-13T20:20:00,1,6,13,20,20,0.00000000,16.03333333,16.03333333,0.00000000
2001-06-13T20:30:00,1,6,13,20,30,0.00000000,15.90000000,15.90000000,0.00000000
2001-06-13T20:40:00,1,6,13,20,40,0.00000000,15.76666667,15.76666667,0.00000000
2001-06-13T20:50:00,1,6,13,20,50,0.00000000,15.63333333,15.63333333,0.00000000
2001-06-13T21:00:00,1,6,13,21,0,0.00000000,15.50000000,15.50000000,0.00000000
2001-06-13T21:10:00,1,6,13,21,10,0.00000000,15.31666667,15.31666667,0.00000000
2001-06-13T21:20:00,1,6,13,21,20,0.00000000,15.13333333,15.13333333,0.00000000
2001-06-13T21:30:00,1,6,13,21,30,0.00000000,14.95000000,14.95000000,0.00000000
2001-06-13T21:40:00,1,6,13,21,40,0.00000000,14.76666667,14.76666667,0.00000000
2001-06-13T21:50:00,1,6,13,21,50,0.00000000,14.58333333,14.58333333,0.00000000
2001-06-13T22:00:00,1,6,13,22,0,0.00000000,14.40000000,14.40000000,0.00000000
2001-06-13T22:10:00,1,6,13,22,10,0.00000000,14.28333333,14.28333333,0.00000000
2001-06-13T22:20:00,1,6,13,22,20,0.00000000,14.16666667,14.16666667,0.00000000
2001-06-13T22:30:00,1,6,13,22,30,0.00000000,14.05000000,14.05000000,0.00000000
2001-06-13T22:40:00,1,6,13,22,40,0.00000000,13.93333333,13.93333333,0.00000000
2001-06-13T22:50:00,1,6,13,22,50,0.00000000,13.81666667,13.81666667,0.00000000
2001-06-13T23:00:00,1,6,13,23,0,0.00000000,13.70000000,13.70000000,0.00000000
2001-06-13T23:10:00,1,6,13,23,10,0.00000000,13.61666667,13.61666667,0.00000000
2001-06-13T23:20:00,1,6,13,23,20,0.00000000,13.53333333,13.53333333,0.00000000
2001-06-13T23:30:00,1,6,13,23,30,0.00000000,13.45000000,13.45000000,0.00000000
2001-06-13T23:40:00,1,6,13,23,40,0.00000000,13.36666667,13.36666667,0.00000000
2001-06-13T23:50:00,1,6,13,23,50,0.00000000,13.28333333,13.28333333,0.00000000
2001-06-14T00:00:00,1,6,14,0,0,0.00000000,13.20000000,13.20000000,0.00000000
2001-06-14T00:10:00,1,6,14,0,10,0.00000000,13.06666667,13.06666667,0.00000000
2001-06-14T00:20:00,1,6,14,0,20,0.00000000,12.93333333,12.93333333,0.00000000
2001-06-14T00:30:00,1,6,14,0,30,0.00000000,12.80000000,12.80000000,0.00000000
2001-06-14T00:40:00,1,6,14,0,40,0.00000000,12.66666667,12.66666667,0.00000000
2001-06-14T00:50:00,1,6,14,0,50,0.00000000,12.53333333,12.53333333,0.00000000
2001-06-14T01:00:00,1,6,14,1,0,0.00000000,12.40000000,12.40000000,0.00000000
2001-06-14T01:10:00,1,6,14,1,10,0.00000000,12.43333333,12.43333333,0.00000000
2001-06-14T01:20:00,1,6,14,1,20,0.00000000,12.46666667,12.46666667,0.00000000
2001-06-14T01:30:00,1,6,14,1,30,0.00000000,12.50000000,12.50000000,0.00000000
2001-06-14T01:40:00,1,6,14,1,40,0.00000000,12.53333333,12.53333333,0.00000000
2001-06-14T01:50:00,1,6,14,1,50,0.00000000,12.56666667,12.56666667,0.00000000
2001-06-14T02:00:00,1,6,14,2,0,0.00000000,12.60000000,12.60000000,0.00000000
2001-06-14T02:10:00,1,6,14,2,10,0.00000000,12.58333333,12.58333333,0.00000000
2001-06-14T02:20:00,1,6,14,2,20,0.00000000,12.56666667,12.56666667,0.00000000
2001-06-14T02:30:00,1,6,14,2,30,0.00000000,12.55000000,12.55000000,0.00000000
2001-06-14T02:40:00,1,6,14,2,40,0.00000000,12.53333333,12.53333333,0.00000000
2001-06-14T02:50:00,1,6,14,2,50,0.00000000,12.51666667,12.51666667,0.00000000
2001-06-14T03:00:00,1,6,14,3,0,0.00000000,12.50000000,12.50000000,0.00000000
2001-06-14T03:10:00,1,6,14,3,10,0.00000000,12.41666667,12.41666667,0.00000000
2001-06-14T03:20:00,1,6,14,3,20,0.00000000,12.33333333,12.33333333,0.00000000
2001-06-14T03:30:00,1,6,14,3,30,0.00000000,12.25000000,12.25000000,0.00000000
2001-06-14T03:40:00,1,6,14,3,40,0.00000000,12.16666667,12.16666667,0.00000000
2001-06-14T03:50:00,1,6,14,3,50,0.00000000,12.08333333,12.08333333,0.00000000
2001-06-14T04:00:00,1,6,14,4,0,0.00000000,12.00000000,12.00000000,0.00000000
2001-06-14T04:10:00,1,6,14,4,10,0.00000000,11.98333333,11.98333333,0.00000000
2001-06-14T04:20:00,1,6,14,4,20,0.00000000,11.96666667,11.96666667,0.00000000
2001-06-14T04:30:00,1,6,14,4,30,0.00000000,11.95000000,11.95000000,0.00000000
2001-06-14T04:40:00,1,6,14,4,40,0.00000000,11.93333333,11.93333333,0.00000000
2001-06-14T04:50:00,1,6,14,4,50,0.00000000,11.91666667,11.91666667,0.00000000
2001-06-14T05:00:00,1,6,14,5,0,0.00000000,11.90000000,11.90000000,0.00000000
2001-06-14T05:10:00,1,6,14,5,10,0.00000000,11.81666667,11.81666667,0.00000000
2001-06-14T05:20:00,1,6,14,5,20,0.00000000,11.73333333,11.73333333,0.00000000
2001-06-14T05:30:00,1,6,14,5,30,0.00000000,11.65000000,11.65000000,0.00000000
2001-06-14T05:40:00,1,6,14,5,40,0.00000000,11.56666667,11.56666667,0.00000000
2001-06-14T05:50:00,1,6,14,5,50,0.00000000,11.48333333,11.48333333,0.00000000
2001-06-14T06:00:00,1,6,14,6,0,0.00000000,11.40000000,11.40000000,0.00000000
2001-06-14T06:10:00,1,6,14,6,10,0.01966667,11.43333333,12.12166667,0.02083173
2001-06-14T06:20:00,1,6,14,6,20,0.03933333,11.46666667,12.84333333,0.04153288
2001-06-14T06:30:00,1,6,14,6,30,0.05900000,11.50000000,13.56500000,0.06210346
2001-06-14T06:40:00,1,6,14,6,40,0.07866667,11.53333333,14.28666667,0.08254346
2001-06-14T06:50:00,1,6,14,6,50,0.09833333,11.56666667,15.00833333,0.10285290
2001-06-14T07:00:00,1,6,14,7,0,0.11800000,11.60000000,15.73000000,0.12303176
2001-06-14T07:10:00,1,6,14,7,10,0.14616667,12.35000000,17.46583333,0.15123239
2001-06-14T07:20:00,1,6,14,7,20,0.17433333,13.10000000,19.20166667,0.17898321
2001-06-14T07:30:00,1,6,14,7,30,0.20250000,13.85000000,20.93750000,0.20628422
2001-06-14T07:40:00,1,6,14,7,40,0.23066667,14.60000000,22.67333333,0.23313542
2001-06-14T07:50:00,1,6,14,7,50,0.25883333,15.35000000,24.40916667,0.25953680
2001-06-14T08:00:00,1,6,14,8,0,0.28700000,16.10000000,26.14500000,0.28548837
2001-06-14T08:10:00,1,6,14,8,10,0.30500000,16.71666667,27.39166667,0.30164449
2001-06-14T08:20:00,1,6,14,8,20,0.32300000,17.33333333,28.63833333,0.31759416
2001-06-14T08:30:00,1,6,14,8,30,0.34100000,17.95000000,29.88500000,0.33333739
2001-06-14T08:40:00,1,6,14,8,40,0.35900000,18.56666667,31.13166667,0.34887417
2001-06-14T08:50:00,1,6,14,8,50,0.37700000,19.18333333,32.37833333,0.36420449
2001-06-14T09:00:00,1,6,14,9,0,0.39500000,19.80000000,33.62500000,0.37932837
2001-06-14T09:10:00,1,6,14,9,10,0.41966667,20.36666667,35.05500000,0.40025582
2001-06-14T09:20:00,1,6,14,9,20,0.44433333,20.93333333,36.48500000,0.42085876
2001-06-14T09:30:00,1,6,14,9,30,0.46900000,21.50000000,37.91500000,0.44113718
2001-06-14T09:40:00,1,6,14,9,40,0.49366667,22.06666667,39.34500000,0.46109108
2001-06-14T09:50:00,1,6,14,9,50,0.51833333,22.63333333,40.77500000,0.48072047
2001-06-14T10:00:00,1,6,14,10,0,0.54300000,23.20000000,42.20500000,0.50002535
2001-06-14T10:10:00,1,6,14,10,10,0.56950000,23.90000000,43.83250000,0.52016450
2001-06-14T10:20:00,1,6,14,10,20,0.59600000,24.60000000,45.46000000,0.53990686
2001-06-14T10:30:00,1,6,14,10,30,0.62250000,25.30000000,47.08750000,0.55925244
2001-06-14T10:40:00,1,6,14,10,40,0.64900000,26.00000000,48.71500000,0.57820124
2001-06-14T10:50:00,1,6,14,10,50,0.67550000,26.70000000,50.34250000,0.59675325
2001-06-14T11:00:00,1,6,14,11,0,0.70200000,27.40000000,51.97000000,0.61490848
2001-06-14T11:10:00,1,6,14,11,10,0.70116667,28.05000000,52.59083333,0.61217611
2001-06-14T11:20:00,1,6,14,11,20,0.70033333,28.70000000,53.21166667,0.60944851
2001-06-14T11:30:00,1,6,14,11,30,0.69950000,29.35000000,53.83250000,0.60672566
2001-06-14T11:40:00,1,6,14,11,40,0.69866667,30.00000000,54.45333333,0.60400758
2001-06-14T11:50:00,1,6,14,11,50,0.69783333,30.65000000,55.07416667,0.60129426
2001-06-14T12:00:00,1,6,14,12,0,0.69700000,31.30000000,55.69500000,0.59858569
2001-06-14T12:10:00,1,6,14,12,10,0.66466667,31.35000000,54.61333333,0.57412489
2001-06-14T12:20:00,1,6,14,12,20,0.63233333,31.40000000,53.53166667,0.54934232
2001-06-14T12:30:00,1,6,14,12,30,0.60000000,31.45000000,52.45000000,0.52423800
2001-06-14T12:40:00,1,6,14,12,40,0.56766667,31.50000000,51.36833333,0.49881192
2001-06-14T12:50:00,1,6,14,12,50,0.53533333,31.55000000,50.28666667,0.47306407
2001-06-14T13:00:00,1,6,14,13,0,0.50300000,31.60000000,49.20500000,0.44699447
2001-06-14T13:10:00,1,6,14,13,10,0.49550000,30.90000000,48.24250000,0.44252337
2001-06-14T13:20:00,1,6,14,13,20,0.48800000,30.20000000,47.28000000,0.43798586
2001-06-14T13:30:00,1,6,14,13,30,0.48050000,29.50000000,46.31750000,0.43338193
2001-06-14T13:40:00,1,6,14,13,40,0.47300000,28.80000000,45.35500000,0.42871159
2001-06-14T13:50:00,1,6,14,13,50,0.46550000,28.10000000,44.39250000,0.42397484
2001-06-14T14:00:00,1,6,14,14,0,0.45800000,27.40000000,43.43000000,0.41917168
2001-06-14T14:10:00,1,6,14,14,10,0.42050000,27.20000000,41.91750000,0.38777648
2001-06-14T14:20:00,1,6,14,14,20,0.38300000,27.00000000,40.40500000,0.35585947
2001-06-14T14:30:00,1,6,14,14,30,0.34550000,26.80000000,38.89250000,0.32342065
2001-06-14T14:40:00,1,6,14,14,40,0.30800000,26.60000000,37.38000000,0.29046002
2001-06-14T14:50:00,1,6,14,14,50,0.27050000,26.40000000,35.86750000,0.25697757
2001-06-14T15:00:00,1,6,14,15,0,0.23300000,26.20000000,34.35500000,0.22297331
2001-06-14T15:10:00,1,6,14,15,10,0.21516667,25.33333333,32.86416667,0.20738298
2001-06-14T15:20:00,1,6,14,15,20,0.19733333,24.46666667,31.37333333,0.19154805
2001-06-14T15:30:00,1,6,14,15,30,0.17950000,23.60000000,29.88250000,0.17546852
2001-06-14T15:40:00,1,6,14,15,40,0.16166667,22.73333333,28.39166667,0.15914440
2001-06-14T15:50:00,1,6,14,15,50,0.14383333,21.86666667,26.90083333,0.14257568
2001-06-14T16:00:00,1,6,14,16,0,0.12600000,21.00000000,25.41000000,0.12576236
2001-06-14T16:10:00,1,6,14,16,10,0.10500000,20.56666667,24.24166667,0.10536627
2001-06-14T16:20:00,1,6,14,16,20,0.08400000,20.13333333,23.07333333,0.08474446
2001-06-14T16:30:00,1,6,14,16,30,0.06300000,19.70000000,21.90500000,0.06389693
2001-06-14T16:40:00,1,6,14,16,40,0.04200000,19.26666667,20.73666667,0.04282368
2001-06-14T16:50:00,1,6,14,16,50,0.02100000,18.83333333,19.56833333,0.02152470
2001-06-14T17:00:00,1,6,14,17,0,0.00000000,18.40000000,18.40000000,0.00000000
2001-06-14T17:10:00,1,6,14,17,10,0.00000000,17.75000000,17.75000000,0.00000000
2001-06-14T17:20:00,1,6,14,17,20,0.00000000,17.10000000,17.10000000,0.00000000
2001-06-14T17:30:00,1,6,14,17,30,0.00000000,16.45000000,16.45000000,0.00000000
2001-06-14T17:40:00,1,6,14,17,40,0.00000000,15.80000000,15.80000000,0.00000000
2001-06-14T17:50:00,1,6,14,17,50,0.00000000,15.15000000,15.15000000,0.00000000
2001-06-14T18:00:00,1,6,14,18,0,0.00000000,14.50000000,14.50000000,0.00000000
2001-06-14T18:10:00,1,6,14,18,10,0.00000000,14.41666667,14.41666667,0.00000000
2001-06-14T18:20:00,1,6,14,18,20,0.00000000,14.33333333,14.33333333,0.00000000
2001-06-14T18:30:00,1,6,14,18,30,0.00000000,14.25000000,14.25000000,0.00000000
2001-06-14T18:40:00,1,6,14,18,40,0.00000000,14.16666667,14.16666667,0.00000000
2001-06-14T18:50:00,1,6,14,18,50,0.00000000,14.08333333,14.08333333,0.00000000
2001-06-14T19:00:00,1,6,14,19,0,0.00000000,14.00000000,14.00000000,0.00000000
2001-06-14T19:10:00,1,6,14,19,10,0.00000000,13.78333333,13.78333333,0.00000000
2001-06-14T19:20:00,1,6,14,19,20,0.00000000,13.56666667,13.56666667,0.00000000
2001-06-14T19:30:00,1,6,14,19,30,0.00000000,13.35000000,13.35000000,0.00000000
2001-06-14T19:40:00,1,6,14,19,40,0.00000000,13.13333333,13.13333333,0.00000000
2001-06-14T19:50:00,1,6,14,19,50,0.00000000,12.91666667,12.91666667,0.00000000
2001-06-14T20:00:00,1,6,14,20,0,0.00000000,12.70000000,12.70000000,0.00000000
2001-06-14T20:10:00,1,6,14,20,10,0.00000000,12.58333333,12.58333333,0.00000000
2001-06-14T20:20:00,1,6,14,20,20,0.00000000,12.46666667,12.46666667,0.00000000
2001-06-14T20:30:00,1,6,14,20,30,0.00000000,12.35000000,12.35000000,0.00000000
2001-06-14T20:40:00,1,6,14,20,40,0.00000000,12.23333333,12.23333333,0.00000000
2001-06-14T20:50:00,1,6,14,20,50,0.00000000,12.11666667,12.11666667,0.00000000
2001-06-14T21:00:00,1,6,14,21,0,0.00000000,12.00000000,12.00000000,0.00000000
2001-06-14T21:10:00,1,6,14,21,10,0.00000000,11.80000000,11.80000000,0.00000000
2001-06-14T21:20:00,1,6,14,21,20,0.00000000,11.60000000,11.60000000,0.00000000
2001-06-14T21:30:00,1,6,14,21,30,0.00000000,11.40000000,11.40000000,0.00000000
2001-06-14T21:40:00,1,6,14,21,40,0.00000000,11.20000000,11.20000000,0.00000000
2001-06-14T21:50:00,1,6,14,21,50,0.00000000,11.00000000,11.00000000,0.00000000
2001-06-14T22:00:00,1,6,14,22,0,0.00000000,10.80000000,10.80000000,0.00000000
2001-06-14T22:10:00,1,6,14,22,10,0.00000000,10.61666667,10.61666667,0.00000000
2001-06-14T22:20:00,1,6,14,22,20,0.00000000,10.43333333,10.43333333,0.00000000
2001-06-14T22:30:00,1,6,14,22,30,0.00000000,10.25000000,10.25000000,0.00000000
2001-06-14T22:40:00,1,6,14,22,40,0.00000000,10.06666667,10.06666667,0.00000000
2001-06-14T22:50:00,1,6,14,22,50,0.00000000,9.88333333,9.88333333,0.00000000
2001-06-14T23:00:00,1,6,14,23,0,0.00000000,9.70000000,9.70000000,0.00000000
2001-06-14T23:10:00,1,6,14,23,10,0.00000000,9.91666667,9.91666667,0.00000000
2001-06-14T23:20:00,1,6,14,23,20,0.00000000,10.13333333,10.13333333,0.00000000
2001-06-14T23:30:00,1,6,14,23,30,0.00000000,10.35000000,10.35000000,0.00000000
2001-06-14T23:40:00,1,6,14,23,40,0.00000000,10.56666667,10.56666667,0.00000000
2001-06-14T23:50:00,1,6,14,23,50,0.00000000,10.78333333,10.78333333,0.00000000
2001-06-15T00:00:00,1,6,15,0,0,0.00000000,11.00000000,11.00000000,0.00000000
2001-06-15T00:10:00,1,6,15,0,10,0.00000000,11.06666667,11.06666667,0.00000000
2001-06-15T00:20:00,1,6,15,0,20,0.00000000,11.13333333,11.13333333,0.00000000
2001-06-15T00:30:00,1,6,15,0,30,0.00000000,11.20000000,11.20000000,0.00000000
2001-06-15T00:40:00,1,6,15,0,40,0.00000000,11.26666667,11.26666667,0.00000000
2001-06-15T00:50:00,1,6,15,0,50,0.00000000,11.33333333,11.33333333,0.00000000
2001-06-15T01:00:00,1,6,15,1,0,0.00000000,11.40000000,11.40000000,0.00000000
2001-06-15T01:10:00,1,6,15,1,10,0.00000000,11.31666667,11.31666667,0.00000000
2001-06-15T01:20:00,1,6,15,1,20,0.00000000,11.23333333,11.23333333,0.00000000
2001-06-15T01:30:00,1,6,15,1,30,0.00000000,11.15000000,11.15000000,0.00000000
2001-06-15T01:40:00,1,6,15,1,40,0.00000000,11.06666667,11.06666667,0.00000000
2001-06-15T01:50:00,1,6,15,1,50,0.00000000,10.98333333,10.98333333,0.00000000
2001-06-15T02:00:00,1,6,15,2,0,0.00000000,10.90000000,10.90000000,0.00000000
2001-06-15T02:10:00,1,6,15,2,10,0.00000000,11.01666667,11.01666667,0.00000000
2001-06-15T02:20:00,1,6,15,2,20,0.00000000,11.13333333,11.13333333,0.00000000
2001-06-15T02:30:00,1,6,15,2,30,0.00000000,11.25000000,11.25000000,0.00000000
2001-06-15T02:40:00,1,6,15,2,40,0.00000000,11.36666667,11.36666667,0.00000000
2001-06-15T02:50:00,1,6,15,2,50,0.00000000,11.48333333,11.48333333,0.00000000
2001-06-15T03:00:00,1,6,15,3,0,0.00000000,11.60000000,11.60000000,0.00000000
2001-06-15T03:10:00,1,6,15,3,10,0.00000000,11.48333333,11.48333333,0.00000000
2001-06-15T03:20:00,1,6,15,3,20,0.00000000,11.36666667,11.36666667,0.00000000
2001-06-15T03:30:00,1,6,15,3,30,0.00000000,11.25000000,11.25000000,0.00000000
2001-06-15T03:40:00,1,6,15,3,40,0.00000000,11.13333333,11.13333333,0.00000000
2001-06-15T03:50:00,1,6,15,3,50,0.00000000,11.01666667,11.01666667,0.00000000
2001-06-15T04:00:00,1,6,15,4,0,0.00000000,10.90000000,10.90000000,0.00000000
2001-06-15T04:10:00,1,6,15,4,10,0.00000000,10.98333333,10.98333333,0.00000000
2001-06-15T04:20:00,1,6,15,4,20,0.00000000,11.06666667,11.06666667,0.00000000
2001-06-15T04:30:00,1,6,15,4,30,0.00000000,11.15000000,11.15000000,0.00000000
2001-06-15T04:40:00,1,6,15,4,40,0.00000000,11.23333333,11.23333333,0.00000000
2001-06-15T04:50:00,1,6,15,4,50,0.00000000,11.31666667,11.31666667,0.00000000
2001-06-15T05:00:00,1,6,15,5,0,0.00000000,11.40000000,11.40000000,0.00000000
2001-06-15T05:10:00,1,6,15,5,10,0.00000000,11.40000000,11.40000000,0.00000000
2001-06-15T05:20:00,1,6,15,5,20,0.00000000,11.40000000,11.40000000,0.00000000
2001-06-15T05:30:00,1,6,15,5,30,0.00000000,11.40000000,11.40000000,0.00000000
2001-06-15T05:40:00,1,6,15,5,40,0.00000000,11.40000000,11.40000000,0.00000000
2001-06-15T05:50:00,1,6,15,5,50,0.00000000,11.40000000,11.40000000,0.00000000
2001-06-15T06:00:00,1,6,15,6,0,0.00000000,11.40000000,11.40000000,0.00000000
2001-06-15T06:10:00,1,6,15,6,10,0.01383333,11.45000000,11.93416667,0.01466476
2001-06-15T06:20:00,1,6,15,6,20,0.02766667,11.50000000,12.46833333,0.02926153
2001-06-15T06:30:00,1,6,15,6,30,0.04150000,11.55000000,13.00250000,0.04379032
2001-06-15T06:40:00,1,6,15,6,40,0.05533333,11.60000000,13.53666667,0.05825113
2001-06-15T06:50:00,1,6,15,6,50,0.06916667,11.65000000,14.07083333,0.07264396
2001-06-15T07:00:00,1,6,15,7,0,0.08300000,11.70000000,14.60500000,0.08696881
2001-06-15T07:10:00,1,6,15,7,10,0.10650000,12.03333333,15.76083333,0.11102627
2001-06-15T07:20:00,1,6,15,7,20,0.13000000,12.36666667,16.91666667,0.13483383
2001-06-15T07:30:00,1,6,15,7,30,0.15350000,12.70000000,18.07250000,0.15839151
2001-06-15T07:40:00,1,6,15,7,40,0.17700000,13.03333333,19.22833333,0.18169929
2001-06-15T07:50:00,1,6,15,7,50,0.20050000,13.36666667,20.38416667,0.20475718
2001-06-15T08:00:00,1,6,15,8,0,0.22400000,13.70000000,21.54000000,0.22756518
2001-06-15T08:10:00,1,6,15,8,10,0.22200000,13.95000000,21.72000000,0.22534954
2001-06-15T08:20:00,1,6,15,8,20,0.22000000,14.20000000,21.90000000,0.22313720
2001-06-15T08:30:00,1,6,15,8,30,0.21800000,14.45000000,22.08000000,0.22092818
2001-06-15T08:40:00,1,6,15,8,40,0.21600000,14.70000000,22.26000000,0.21872246
2001-06-15T08:50:00,1,6,15,8,50,0.21400000,14.95000000,22.44000000,0.21652006
2001-06-15T09:00:00,1,6,15,9,0,0.21200000,15.20000000,22.62000000,0.21432098
2001-06-15T09:10:00,1,6,15,9,10,0.22033333,15.20000000,22.91166667,0.22244993
2001-06-15T09:20:00,1,6,15,9,20,0.22866667,15.20000000,23.20333333,0.23055652
2001-06-15T09:30:00,1,6,15,9,30,0.23700000,15.20000000,23.49500000,0.23864075
2001-06-15T09:40:00,1,6,15,9,40,0.24533333,15.20000000,23.78666667,0.24670262
2001-06-15T09:50:00,1,6,15,9,50,0.25366667,15.20000000,24.07833333,0.25474213
2001-06-15T10:00:00,1,6,15,10,0,0.26200000,15.20000000,24.37000000,0.26275928
2001-06-15T10:10:00,1,6,15,10,10,0.31266667,15.45000000,26.39333333,0.31066268
2001-06-15T10:20:00,1,6,15,10,20,0.36333333,15.70000000,28.41666667,0.35762294
2001-06-15T10:30:00,1,6,15,10,30,0.41400000,15.95000000,30.44000000,0.40364006
2001-06-15T10:40:00,1,6,15,10,40,0.46466667,16.20000000,32.46333333,0.44871404
2001-06-15T10:50:00,1,6,15,10,50,0.51533333,16.45000000,34.48666667,0.49284487
2001-06-15T11:00:00,1,6,15,11,0,0.56600000,16.70000000,36.51000000,0.53603256
2001-06-15T11:10:00,1,6,15,11,10,0.56983333,17.00000000,36.94416667,0.53852489
2001-06-15T11:20:00,1,6,15,11,20,0.57366667,17.30000000,37.37833333,0.54100190
2001-06-15T11:30:00,1,6,15,11,30,0.57750000,17.60000000,37.81250000,0.54346359
2001-06-15T11:40:00,1,6,15,11,40,0.58133333,17.90000000,38.24666667,0.54590998
2001-06-15T11:50:00,1,6,15,11,50,0.58516667,18.20000000,38.68083333,0.54834106
2001-06-15T12:00:00,1,6,15,12,0,0.58900000,18.50000000,39.11500000,0.55075682
2001-06-15T12:10:00,1,6,15,12,10,0.54650000,18.55000000,37.67750000,0.51463003
2001-06-15T12:20:00,1,6,15,12,20,0.50400000,18.60000000,36.24000000,0.47794118
2001-06-15T12:30:00,1,6,15,12,30,0.46150000,18.65000000,34.80250000,0.44069027
2001-06-15T12:40:00,1,6,15,12,40,0.41900000,18.70000000,33.36500000,0.40287730
2001-06-15T12:50:00,1,6,15,12,50,0.37650000,18.75000000,31.92750000,0.36450226
2001-06-15T13:00:00,1,6,15,13,0,0.33400000,18.80000000,30.49000000,0.32556516
2001-06-15T13:10:00,1,6,15,13,10,0.34650000,18.70000000,30.82750000,0.33721155
2001-06-15T13:20:00,1,6,15,13,20,0.35900000,18.60000000,31.16500000,0.34881912
2001-06-15T13:30:00,1,6,15,13,30,0.37150000,18.50000000,31.50250000,0.36038788
2001-06-15T13:40:00,1,6,15,13,40,0.38400000,18.40000000,31.84000000,0.37191782
2001-06-15T13:50:00,1,6,15,13,50,0.39650000,18.30000000,32.17750000,0.38340896
2001-06-15T14:00:00,1,6,15,14,0,0.40900000,18.20000000,32.51500000,0.39486128
2001-06-15T14:10:00,1,6,15,14,10,0.37700000,18.28333333,31.47833333,0.36576527
2001-06-15T14:20:00,1,6,15,14,20,0.34500000,18.36666667,30.44166667,0.33636407
2001-06-15T14:30:00,1,6,15,14,30,0.31300000,18.45000000,29.40500000,0.30665768
2001-06-15T14:40:00,1,6,15,14,40,0.28100000,18.53333333,28.36833333,0.27664609
2001-06-15T14:50:00,1,6,15,14,50,0.24900000,18.61666667,27.33166667,0.24632931
2001-06-15T15:00:00,1,6,15,15,0,0.21700000,18.70000000,26.29500000,0.21570733
2001-06-15T15:10:00,1,6,15,15,10,0.19833333,18.60000000,25.54166667,0.19783915
2001-06-15T15:20:00,1,6,15,15,20,0.17966667,18.50000000,24.78833333,0.17984160
2001-06-15T15:30:00,1,6,15,15,30,0.16100000,18.40000000,24.03500000,0.16171468
2001-06-15T15:40:00,1,6,15,15,40,0.14233333,18.30000000,23.28166667,0.14345838
2001-06-15T15:50:00,1,6,15,15,50,0.12366667,18.20000000,22.52833333,0.12507272
2001-06-15T16:00:00,1,6,15,16,0,0.10500000,18.10000000,21.77500000,0.10655767
2001-06-15T16:10:00,1,6,15,16,10,0.08750000,17.85000000,20.91250000,0.08914522
2001-06-15T16:20:00,1,6,15,16,20,0.07000000,17.60000000,20.05000000,0.07159390
2001-06-15T16:30:00,1,6,15,16,30,0.05250000,17.35000000,19.18750000,0.05390372
2001-06-15T16:40:00,1,6,15,16,40,0.03500000,17.10000000,18.32500000,0.03607468
2001-06-15T16:50:00,1,6,15,16,50,0.01750000,16.85000000,17.46250000,0.01810677
2001-06-15T17:00:00,1,6,15,17,0,0.00000000,16.60000000,16.60000000,0.00000000
2001-06-15T17:10:00,1,6,15,17,10,0.00000000,16.55000000,16.55000000,0.00000000
2001-06-15T17:20:00,1,6,15,17,20,0.00000000,16.50000000,16.50000000,0.00000000
2001-06-15T17:30:00,1,6,15,17,30,0.00000000,16.45000000,16.45000000,0.00000000
2001-06-15T17:40:00,1,6,15,17,40,0.00000000,16.40000000,16.40000000,0.00000000
2001-06-15T17:50:00,1,6,15,17,50,0.00000000,16.35000000,16.35000000,0.00000000
2001-06-15T18:00:00,1,6,15,18,0,0.00000000,16.30000000,16.30000000,0.00000000
2001-06-15T18:10:00,1,6,15,18,10,0.00000000,16.20000000,16.20000000,0.00000000
2001-06-15T18:20:00,1,6,15,18,20,0.00000000,16.10000000,16.10000000,0.00000000
2001-06-15T18:30:00,1,6,15,18,30,0.00000000,16.00000000,16.00000000,0.00000000
2001-06-15T18:40:00,1,6,15,18,40,0.00000000,15.90000000,15.90000000,0.00000000
2001-06-15T18:50:00,1,6,15,18,50,0.00000000,15.80000000,15.80000000,0.00000000
2001-06-15T19:00:00,1,6,15,19,0,0.00000000,15.70000000,15.70000000,0.00000000
2001-06-15T19:10:00,1,6,15,19,10,0.00000000,15.73333333,15.73333333,0.00000000
2001-06-15T19:20:00,1,6,15,19,20,0.00000000,15.76666667,15.76666667,0.00000000
2001-06-15T19:30:00,1,6,15,19,30,0.00000000,15.80000000,15.80000000,0.00000000
2001-06-15T19:40:00,1,6,15,19,40,0.00000000,15.83333333,15.83333333,0.00000000
2001-06-15T19:50:00,1,6,15,19,50,0.00000000,15.86666667,15.86666667,0.00000000
2001-06-15T20:00:00,1,6,15,20,0,0.00000000,15.90000000,15.90000000,0.00000000
2001-06-15T20:10:00,1,6,15,20,10,0.00000000,15.76666667,15.76666667,0.00000000
2001-06-15T20:20:00,1,6,15,20,20,0.00000000,15.63333333,15.63333333,0.00000000
2001-06-15T20:30:00,1,6,15,20,30,0.00000000,15.50000000,15.50000000,0.00000000
2001-06-15T20:40:00,1,6,15,20,40,0.00000000,15.36666667,15.36666667,0.00000000
2001-06-15T20:50:00,1,6,15,20,50,0.00000000,15.23333333,15.23333333,0.00000000
2001-06-15T21:00:00,1,6,15,21,0,0.00000000,15.10000000,15.10000000,0.00000000
2001-06-15T21:10:00,1,6,15,21,10,0.00000000,15.00000000,15.00000000,0.00000000
2001-06-15T21:20:00,1,6,15,21,20,0.00000000,14.90000000,14.90000000,0.00000000
2001-06-15T21:30:00,1,6,15,21,30,0.00000000,14.80000000,14.80000000,0.00000000
2001-06-15T21:40:00,1,6,15,21,40,0.00000000,14.70000000,14.70000000,0.00000000
2001-06-15T21:50:00,1,6,15,21,50,0.00000000,14.60000000,14.60000000,0.00000000
2001-06-15T22:00:00,1,6,15,22,0,0.00000000,14.50000000,14.50000000,0.00000000
2001-06-15T22:10:00,1,6,15,22,10,0.00000000,14.43333333,14.43333333,0.00000000
2001-06-15T22:20:00,1,6,15,22,20,0.00000000,14.36666667,14.36666667,0.00000000
2001-06-15T22:30:00,1,6,15,22,30,0.00000000,14.30000000,14.30000000,0.00000000
2001-06-15T22:40:00,1,6,15,22,40,0.00000000,14.23333333,14.23333333,0.00000000
2001-06-15T22:50:00,1,6,15,22,50,0.00000000,14.16666667,14.16666667,0.00000000
2001-06-15T23:00:00,1,6,15,23,0,0.00000000,14.10000000,14.10000000,0.00000000
2001-06-15T23:10:00,1,6,15,23,10,0.00000000,14.18333333,14.18333333,0.00000000
2001-06-15T23:20:00,1,6,15,23,20,0.00000000,14.26666667,14.26666667,0.00000000
2001-06-15T23:30:00,1,6,15,23,30,0.00000000,14.35000000,14.35000000,0.00000000
2001-06-15T23:40:00,1,6,15,23,40,0.00000000,14.43333333,14.43333333,0.00000000
2001-06-15T23:50:00,1,6,15,23,50,0.00000000,14.51666667,14.51666667,0.00000000
2001-06-16T00:00:00,1,6,16,0,0,0.00000000,14.60000000,14.60000000,0.00000000
2001-06-16T00:10:00,1,6,16,0,10,0.00000000,14.55000000,14.55000000,0.00000000
2001-06-16T00:20:00,1,6,16,0,20,0.00000000,14.50000000,14.50000000,0.00000000
2001-06-16T00:30:00,1,6,16,0,30,0.00000000,14.45000000,14.45000000,0.00000000
2001-06-16T00:40:00,1,6,16,0,40,0.00000000,14.40000000,14.40000000,0.00000000
2001-06-16T00:50:00,1,6,16,0,50,0.00000000,14.35000000,14.35000000,0.00000000
2001-06-16T01:00:00,1,6,16,1,0,0.00000000,14.30000000,14.30000000,0.00000000
2001-06-16T01:10:00,1,6,16,1,10,0.00000000,14.26666667,14.26666667,0.00000000
2001-06-16T01:20:00,1,6,16,1,20,0.00000000,14.23333333,14.23333333,0.00000000
2001-06-16T01:30:00,1,6,16,1,30,0.00000000,14.20000000,14.20000000,0.00000000
2001-06-16T01:40:00,1,6,16,1,40,0.00000000,14.16666667,14.16666667,0.00000000
2001-06-16T01:50:00,1,6,16,1,50,0.00000000,14.13333333,14.13333333,0.00000000
2001-06-16T02:00:00,1,6,16,2,0,0.00000000,14.10000000,14.10000000,0.00000000
2001-06-16T02:10:00,1,6,16,2,10,0.00000000,14.15000000,14.15000000,0.00000000
2001-06-16T02:20:00,1,6,16,2,20,0.00000000,14.20000000,14.20000000,0.00000000
2001-06-16T02:30:00,1,6,16,2,30,0.00000000,14.25000000,14.25000000,0.00000000
2001-06-16T02:40:00,1,6,16,2,40,0.00000000,14.30000000,14.30000000,0.00000000
2001-06-16T02:50:00,1,6,16,2,50,0.00000000,14.35000000,14.35000000,0.00000000
2001-06-16T03:00:00,1,6,16,3,0,0.00000000,14.40000000,14.40000000,0.00000000
2001-06-16T03:10:00,1,6,16,3,10,0.00000000,14.43333333,14.43333333,0.00000000
2001-06-16T03:20:00,1,6,16,3,20,0.00000000,14.46666667,14.46666667,0.00000000
2001-06-16T03:30:00,1,6,16,3,30,0.00000000,14.50000000,14.50000000,0.00000000
2001-06-16T03:40:00,1,6,16,3,40,0.00000000,14.53333333,14.53333333,0.00000000
2001-06-16T03:50:00,1,6,16,3,50,0.00000000,14.56666667,14.56666667,0.00000000
2001-06-16T04:00:00,1,6,16,4,0,0.00000000,14.60000000,14.60000000,0.00000000
2001-06-16T04:10:00,1,6,16,4,10,0.00000000,14.61666667,14.61666667,0.00000000
2001-06-16T04:20:00,1,6,16,4,20,0.00000000,14.63333333,14.63333333,0.00000000
2001-06-16T04:30:00,1,6,16,4,30,0.00000000,14.65000000,14.65000000,0.00000000
2001-06-16T04:40:00,1,6,16,4,40,0.00000000,14.66666667,14.66666667,0.00000000
2001-06-16T04:50:00,1,6,16,4,50,0.00000000,14.68333333,14.68333333,0.00000000
2001-06-16T05:00:00,1,6,16,5,0,0.00000000,14.70000000,14.70000000,0.00000000
2001-06-16T05:10:00,1,6,16,5,10,0.00000000,14.60000000,14.60000000,0.00000000
2001-06-16T05:20:00,1,6,16,5,20,0.00000000,14.50000000,14.50000000,0.00000000
2001-06-16T05:30:00,1,6,16,5,30,0.00000000,14.40000000,14.40000000,0.00000000
2001-06-16T05:40:00,1,6,16,5,40,0.00000000,14.30000000,14.30000000,0.00000000
2001-06-16T05:50:00,1,6,16,5,50,0.00000000,14.20000000,14.20000000,0.00000000
2001-06-16T06:00:00,1,6,16,6,0,0.00000000,14.10000000,14.10000000,0.00000000
2001-06-16T06:10:00,1,6,16,6,10,0.01116667,14.18333333,14.57416667,0.01170221
2001-06-16T06:20:00,1,6,16,6,20,0.02233333,14.26666667,15.04833333,0.02335570
2001-06-16T06:30:00,1,6,16,6,30,0.03350000,14.35000000,15.52250000,0.03496048
2001-06-16T06:40:00,1,6,16,6,40,0.04466667,14.43333333,15.99666667,0.04651655
2001-06-16T06:50:00,1,6,16,6,50,0.05583333,14.51666667,16.47083333,0.05802391
2001-06-16T07:00:00,1,6,16,7,0,0.06700000,14.60000000,16.94500000,0.06948255
2001-06-16T07:10:00,1,6,16,7,10,0.07016667,14.83333333,17.28916667,0.07265547
2001-06-16T07:20:00,1,6,16,7,20,0.07333333,15.06666667,17.63333333,0.07581836
2001-06-16T07:30:00,1,6,16,7,30,0.07650000,15.30000000,17.97750000,0.07897122
2001-06-16T07:40:00,1,6,16,7,40,0.07966667,15.53333333,18.32166667,0.08211405
2001-06-16T07:50:00,1,6,16,7,50,0.08283333,15.76666667,18.66583333,0.08524686
2001-06-16T08:00:00,1,6,16,8,0,0.08600000,16.00000000,19.01000000,0.08836964
2001-06-16T08:10:00,1,6,16,8,10,0.13866667,16.13333333,20.98666667,0.14122664
2001-06-16T08:20:00,1,6,16,8,20,0.19133333,16.26666667,22.96333333,0.19312587
2001-06-16T08:30:00,1,6,16,8,30,0.24400000,16.40000000,24.94000000,0.24406734
2001-06-16T08:40:00,1,6,16,8,40,0.29666667,16.53333333,26.91666667,0.29405106
2001-06-16T08:50:00,1,6,16,8,50,0.34933333,16.66666667,28.89333333,0.34307701
2001-06-16T09:00:00,1,6,16,9,0,0.40200000,16.80000000,30.87000000,0.39114520
2001-06-16T09:10:00,1,6,16,9,10,0.37383333,17.43333333,30.51750000,0.36434526
2001-06-16T09:20:00,1,6,16,9,20,0.34566667,18.06666667,30.16500000,0.33745397
2001-06-16T09:30:00,1,6,16,9,30,0.31750000,18.70000000,29.81250000,0.31047134
2001-06-16T09:40:00,1,6,16,9,40,0.28933333,19.33333333,29.46000000,0.28339737
2001-06-16T09:50:00,1,6,16,9,50,0.26116667,19.96666667,29.10750000,0.25623205
2001-06-16T10:00:00,1,6,16,10,0,0.23300000,20.60000000,28.75500000,0.22897539
2001-06-16T10:10:00,1,6,16,10,10,0.24650000,20.30000000,28.92750000,0.24204661
2001-06-16T10:20:00,1,6,16,10,20,0.26000000,20.00000000,29.10000000,0.25509640
2001-06-16T10:30:00,1,6,16,10,30,0.27350000,19.70000000,29.27250000,0.26812477
2001-06-16T10:40:00,1,6,16,10,40,0.28700000,19.40000000,29.44500000,0.28113171
2001-06-16T10:50:00,1,6,16,10,50,0.30050000,19.10000000,29.61750000,0.29411723
2001-06-16T11:00:00,1,6,16,11,0,0.31400000,18.80000000,29.79000000,0.30708132
2001-06-16T11:10:00,1,6,16,11,10,0.36416667,19.00000000,31.74583333,0.35286627
2001-06-16T11:20:00,1,6,16,11,20,0.41433333,19.20000000,33.70166667,0.39774854
2001-06-16T11:30:00,1,6,16,11,30,0.46450000,19.40000000,35.65750000,0.44172812
2001-06-16T11:40:00,1,6,16,11,40,0.51466667,19.60000000,37.61333333,0.48480502
2001-06-16T11:50:00,1,6,16,11,50,0.56483333,19.80000000,39.56916667,0.52697924
2001-06-16T12:00:00,1,6,16,12,0,0.61500000,20.00000000,41.52500000,0.56825077
2001-06-16T12:10:00,1,6,16,12,10,0.60950000,20.56666667,41.89916667,0.56211981
2001-06-16T12:20:00,1,6,16,12,20,0.60400000,21.13333333,42.27333333,0.55600777
2001-06-16T12:30:00,1,6,16,12,30,0.59850000,21.70000000,42.64750000,0.54991467
2001-06-16T12:40:00,1,6,16,12,40,0.59300000,22.26666667,43.02166667,0.54384050
2001-06-16T12:50:00,1,6,16,12,50,0.58750000,22.83333333,43.39583333,0.53778526
2001-06-16T13:00:00,1,6,16,13,0,0.58200000,23.40000000,43.77000000,0.53174896
2001-06-16T13:10:00,1,6,16,13,10,0.54383333,23.43333333,42.46750000,0.50013605
2001-06-16T13:20:00,1,6,16,13,20,0.50566667,23.46666667,41.16500000,0.46806580
2001-06-16T13:30:00,1,6,16,13,30,0.46750000,23.50000000,39.86250000,0.43553819
2001-06-16T13:40:00,1,6,16,13,40,0.42933333,23.53333333,38.56000000,0.40255324
2001-06-16T13:50:00,1,6,16,13,50,0.39116667,23.56666667,37.25750000,0.36911093
2001-06-16T14:00:00,1,6,16,14,0,0.35300000,23.60000000,35.95500000,0.33521127
2001-06-16T14:10:00,1,6,16,14,10,0.32733333,23.13333333,34.59000000,0.31289335
2001-06-16T14:20:00,1,6,16,14,20,0.30166667,22.66666667,33.22500000,0.29025311
2001-06-16T14:30:00,1,6,16,14,30,0.27600000,22.20000000,31.86000000,0.26729054
2001-06-16T14:40:00,1,6,16,14,40,0.25033333,21.73333333,30.49500000,0.24400566
2001-06-16T14:50:00,1,6,16,14,50,0.22466667,21.26666667,29.13000000,0.22039845
2001-06-16T15:00:00,1,6,16,15,0,0.19900000,20.80000000,27.76500000,0.19646892
2001-06-16T15:10:00,1,6,16,15,10,0.17033333,20.66666667,26.62833333,0.16905748
2001-06-16T15:20:00,1,6,16,15,20,0.14166667,20.53333333,25.49166667,0.14134626
2001-06-16T15:30:00,1,6,16,15,30,0.11300000,20.40000000,24.35500000,0.11333527
2001-06-16T15:40:00,1,6,16,15,40,0.08433333,20.26666667,23.21833333,0.08502450
2001-06-16T15:50:00,1,6,16,15,50,0.05566667,20.13333333,22.08166667,0.05641395
2001-06-16T16:00:00,1,6,16,16,0,0.02700000,20.00000000,20.94500000,0.02750363
2001-06-16T16:10:00,1,6,16,16,10,0.02250000,19.65000000,20.43750000,0.02297222
2001-06-16T16:20:00,1,6,16,16,20,0.01800000,19.30000000,19.93000000,0.01841980
2001-06-16T16:30:00,1,6,16,16,30,0.01350000,18.95000000,19.42250000,0.01384636
2001-06-16T16:40:00,1,6,16,16,40,0.00900000,18.60000000,18.91500000,0.00925192
2001-06-16T16:50:00,1,6,16,16,50,0.00450000,18.25000000,18.40750000,0.00463646
2001-06-16T17:00:00,1,6,16,17,0,0.00000000,17.90000000,17.90000000,0.00000000
2001-06-16T17:10:00,1,6,16,17,10,0.00000000,17.88333333,17.88333333,0.00000000
2001-06-16T17:20:00,1,6,16,17,20,0.00000000,17.86666667,17.86666667,0.00000000
2001-06-16T17:30:00,1,6,16,17,30,0.00000000,17.85000000,17.85000000,0.00000000
2001-06-16T17:40:00,1,6,16,17,40,0.00000000,17.83333333,17.83333333,0.00000000
2001-06-16T17:50:00,1,6,16,17,50,0.00000000,17.81666667,17.81666667,0.00000000
2001-06-16T18:00:00,1,6,16,18,0,0.00000000,17.80000000,17.80000000,0.00000000
2001-06-16T18:10:00,1,6,16,18,10,0.00000000,17.66666667,17.66666667,0.00000000
2001-06-16T18:20:00,1,6,16,18,20,0.00000000,17.53333333,17.53333333,0.00000000
2001-06-16T18:30:00,1,6,16,18,30,0.00000000,17.40000000,17.40000000,0.00000000
2001-06-16T18:40:00,1,6,16,18,40,0.00000000,17.26666667,17.26666667,0.00000000
2001-06-16T18:50:00,1,6,16,18,50,0.00000000,17.13333333,17.13333333,0.00000000
2001-06-16T19:00:00,1,6,16,19,0,0.00000000,17.00000000,17.00000000,0.00000000
2001-06-16T19:10:00,1,6,16,19,10,0.00000000,16.96666667,16.96666667,0.00000000
2001-06-16T19:20:00,1,6,16,19,20,0.00000000,16.93333333,16.93333333,0.00000000
2001-06-16T19:30:00,1,6,16,19,30,0.00000000,16.90000000,16.90000000,0.00000000
2001-06-16T19:40:00,1,6,16,19,40,0.00000000,16.86666667,16.86666667,0.00000000
2001-06-16T19:50:00,1,6,16,19,50,0.00000000,16.83333333,16.83333333,0.00000000
2001-06-16T20:00:00,1,6,16,20,0,0.00000000,16.80000000,16.80000000,0.00000000
2001-06-16T20:10:00,1,6,16,20,10,0.00000000,16.66666667,16.66666667,0.00000000
2001-06-16T20:20:00,1,6,16,20,20,0.00000000,16.53333333,16.53333333,0.00000000
2001-06-16T20:30:00,1,6,16,20,30,0.00000000,16.40000000,16.40000000,0.00000000
2001-06-16T20:40:00,1,6,16,20,40,0.00000000,16.26666667,16.26666667,0.00000000
2001-06-16T20:50:00,1,6,16,20,50,0.00000000,16.13333333,16.13333333,0.00000000
2001-06-16T21:00:00,1,6,16,21,0,0.00000000,16.00000000,16.00000000,0.00000000
2001-06-16T21:10:00,1,6,16,21,10,0.00000000,15.98333333,15.98333333,0.00000000
2001-06-16T21:20:00,1,6,16,21,20,0.00000000,15.96666667,15.96666667,0.00000000
2001-06-16T21:30:00,1,6,16,21,30,0.00000000,15.95000000,15.95000000,0.00000000
2001-06-16T21:40:00,1,6,16,21,40,0.00000000,15.93333333,15.93333333,0.00000000
2001-06-16T21:50:00,1,6,16,21,50,0.00000000,15.91666667,15.91666667,0.00000000
2001-06-16T22:00:00,1,6,16,22,0,0.00000000,15.90000000,15.90000000,0.00000000
2001-06-16T22:10:00,1,6,16,22,10,0.00000000,15.86666667,15.86666667,0.00000000
2001-06-16T22:20:00,1,6,16,22,20,0.00000000,15.83333333,15.83333333,0.00000000
2001-06-16T22:30:00,1,6,16,22,30,0.00000000,15.80000000,15.80000000,0.00000000
2001-06-16T22:40:00,1,6,16,22,40,0.00000000,15.76666667,15.76666667,0.00000000
2001-06-16T22:50:00,1,6,16,22,50,0.00000000,15.73333333,15.73333333,0.00000000
2001-06-16T23:00:00,1,6,16,23,0,0.00000000,15.70000000,15.70000000,0.00000000
2001-06-16T23:10:00,1,6,16,23,10,0.00000000,15.60000000,15.60000000,0.00000000
2001-06-16T23:20:00,1,6,16,23,20,0.00000000,15.50000000,15.50000000,0.00000000
2001-06-16T23:30:00,1,6,16,23,30,0.00000000,15.40000000,15.40000000,0.00000000
2001-06-16T23:40:00,1,6,16,23,40,0.00000000,15.30000000,15.30000000,0.00000000
2001-06-16T23:50:00,1,6,16,23,50,0.00000000,15.20000000,15.20000000,0.00000000
2001-06-17T00:00:00,1,6,17,0,0,0.00000000,15.10000000,15.10000000,0.00000000
2001-06-17T00:10:00,1,6,17,0,10,0.00000000,15.15000000,15.15000000,0.00000000
2001-06-17T00:20:00,1,6,17,0,20,0.00000000,15.20000000,15.20000000,0.00000000
2001-06-17T00:30:00,1,6,17,0,30,0.00000000,15.25000000,15.25000000,0.00000000
2001-06-17T00:40:00,1,6,17,0,40,0.00000000,15.30000000,15.30000000,0.00000000
2001-06-17T00:50:00,1,6,17,0,50,0.00000000,15.35000000,15.35000000,0.00000000
2001-06-17T01:00:00,1,6,17,1,0,0.00000000,15.40000000,15.40000000,0.00000000
2001-06-17T01:10:00,1,6,17,1,10,0.00000000,15.25000000,15.25000000,0.00000000
2001-06-17T01:20:00,1,6,17,1,20,0.00000000,15.10000000,15.10000000,0.00000000
2001-06-17T01:30:00,1,6,17,1,30,0.00000000,14.95000000,14.95000000,0.00000000
2001-06-17T01:40:00,1,6,17,1,40,0.00000000,14.80000000,14.80000000,0.00000000
2001-06-17T01:50:00,1,6,17,1,50,0.00000000,14.65000000,14.65000000,0.00000000
2001-06-17T02:00:00,1,6,17,2,0,0.00000000,14.50000000,14.50000000,0.00000000
2001-06-17T02:10:00,1,6,17,2,10,0.00000000,14.61666667,14.61666667,0.00000000
2001-06-17T02:20:00,1,6,17,2,20,0.00000000,14.73333333,14.73333333,0.00000000
2001-06-17T02:30:00,1,6,17,2,30,0.00000000,14.85000000,14.85000000,0.00000000
2001-06-17T02:40:00,1,6,17,2,40,0.00000000,14.96666667,14.96666667,0.00000000
2001-06-17T02:50:00,1,6,17,2,50,0.00000000,15.08333333,15.08333333,0.00000000
2001-06-17T03:00:00,1,6,17,3,0,0.00000000,15.20000000,15.20000000,0.00000000
2001-06-17T03:10:00,1,6,17,3,10,0.00000000,15.08333333,15.08333333,0.00000000
2001-06-17T03:20:00,1,6,17,3,20,0.00000000,14.96666667,14.96666667,0.00000000
2001-06-17T03:30:00,1,6,17,3,30,0.00000000,14.85000000,14.85000000,0.00000000
2001-06-17T03:40:00,1,6,17,3,40,0.00000000,14.73333333,14.73333333,0.00000000
2001-06-17T03:50:00,1,6,17,3,50,0.00000000,14.61666667,14.61666667,0.00000000
2001-06-17T04:00:00,1,6,17,4,0,0.00000000,14.50000000,14.50000000,0.00000000
2001-06-17T04:10:00,1,6,17,4,10,0.00000000,14.51666667,14.51666667,0.00000000
2001-06-17T04:20:00,1,6,17,4,20,0.00000000,14.53333333,14.53333333,0.00000000
2001-06-17T04:30:00,1,6,17,4,30,0.00000000,14.55000000,14.55000000,0.00000000
2001-06-17T04:40:00,1,6,17,4,40,0.00000000,14.56666667,14.56666667,0.00000000
2001-06-17T04:50:00,1,6,17,4,50,0.00000000,14.58333333,14.58333333,0.00000000
2001-06-17T05:00:00,1,6,17,5,0,0.00000000,14.60000000,14.60000000,0.00000000
2001-06-17T05:10:00,1,6,17,5,10,0.00000000,14.61666667,14.61666667,0.00000000
2001-06-17T05:20:00,1,6,17,5,20,0.00000000,14.63333333,14.63333333,0.00000000
2001-06-17T05:30:00,1,6,17,5,30,0.00000000,14.65000000,14.65000000,0.00000000
2001-06-17T05:40:00,1,6,17,5,40,0.00000000,14.66666667,14.66666667,0.00000000
2001-06-17T05:50:00,1,6,17,5,50,0.00000000,14.68333333,14.68333333,0.00000000
2001-06-17T06:00:00,1,6,17,6,0,0.00000000,14.70000000,14.70000000,0.00000000
2001-06-17T06:10:00,1,6,17,6,10,0.01150000,14.66666667,15.06916667,0.01202534
2001-06-17T06:20:00,1,6,17,6,20,0.02300000,14.63333333,15.43833333,0.02401162
2001-06-17T06:30:00,1,6,17,6,30,0.03450000,14.60000000,15.80750000,0.03595885
2001-06-17T06:40:00,1,6,17,6,40,0.04600000,14.56666667,16.17666667,0.04786702
2001-06-17T06:50:00,1,6,17,6,50,0.05750000,14.53333333,16.54583333,0.05973613
2001-06-17T07:00:00,1,6,17,7,0,0.06900000,14.50000000,16.91500000,0.07156618
2001-06-17T07:10:00,1,6,17,7,10,0.10566667,14.80000000,18.49833333,0.10882691
2001-06-17T07:20:00,1,6,17,7,20,0.14233333,15.10000000,20.08166667,0.14555353
2001-06-17T07:30:00,1,6,17,7,30,0.17900000,15.40000000,21.66500000,0.18174604
2001-06-17T07:40:00,1,6,17,7,40,0.21566667,15.70000000,23.24833333,0.21740444
2001-06-17T07:50:00,1,6,17,7,50,0.25233333,16.00000000,24.83166667,0.25252872
2001-06-17T08:00:00,1,6,17,8,0,0.28900000,16.30000000,26.41500000,0.28711890
2001-06-17T08:10:00,1,6,17,8,10,0.30833333,16.88333333,27.67500000,0.30453929
2001-06-17T08:20:00,1,6,17,8,20,0.32766667,17.46666667,28.93500000,0.32173557
2001-06-17T08:30:00,1,6,17,8,30,0.34700000,18.05000000,30.19500000,0.33870774
2001-06-17T08:40:00,1,6,17,8,40,0.36633333,18.63333333,31.45500000,0.35545580
2001-06-17T08:50:00,1,6,17,8,50,0.38566667,19.21666667,32.71500000,0.37197974
2001-06-17T09:00:00,1,6,17,9,0,0.40500000,19.80000000,33.97500000,0.38827958
2001-06-17T09:10:00,1,6,17,9,10,0.43916667,20.08333333,35.45416667,0.41804751
2001-06-17T09:20:00,1,6,17,9,20,0.47333333,20.36666667,36.93333333,0.44735049
2001-06-17T09:30:00,1,6,17,9,30,0.50750000,20.65000000,38.41250000,0.47618852
2001-06-17T09:40:00,1,6,17,9,40,0.54166667,20.93333333,39.89166667,0.50456160
2001-06-17T09:50:00,1,6,17,9,50,0.57583333,21.21666667,41.37083333,0.53246972
2001-06-17T10:00:00,1,6,17,10,0,0.61000000,21.50000000,42.85000000,0.55991290
2001-06-17T10:10:00,1,6,17,10,10,0.57250000,21.96666667,42.00416667,0.52771953
2001-06-17T10:20:00,1,6,17,10,20,0.53500000,22.43333333,41.15833333,0.49523434
2001-06-17T10:30:00,1,6,17,10,30,0.49750000,22.90000000,40.31250000,0.46245734
2001-06-17T10:40:00,1,6,17,10,40,0.46000000,23.36666667,39.46666667,0.42938853
2001-06-17T10:50:00,1,6,17,10,50,0.42250000,23.83333333,38.62083333,0.39602791
2001-06-17T11:00:00,1,6,17,11,0,0.38500000,24.30000000,37.77500000,0.36237548
2001-06-17T11:10:00,1,6,17,11,10,0.39750000,23.83333333,37.74583333,0.37419424
2001-06-17T11:20:00,1,6,17,11,20,0.41000000,23.36666667,37.71666667,0.38601637
2001-06-17T11:30:00,1,6,17,11,30,0.42250000,22.90000000,37.68750000,0.39784184
2001-06-17T11:40:00,1,6,17,11,40,0.43500000,22.43333333,37.65833333,0.40967067
2001-06-17T11:50:00,1,6,17,11,50,0.44750000,21.96666667,37.62916667,0.42150286
2001-06-17T12:00:00,1,6,17,12,0,0.46000000,21.50000000,37.60000000,0.43333840
2001-06-17T12:10:00,1,6,17,12,10,0.47433333,21.76666667,38.36833333,0.44516452
2001-06-17T12:20:00,1,6,17,12,20,0.48866667,22.03333333,39.13666667,0.45688932
2001-06-17T12:30:00,1,6,17,12,30,0.50300000,22.30000000,39.90500000,0.46851281
2001-06-17T12:40:00,1,6,17,12,40,0.51733333,22.56666667,40.67333333,0.48003498
2001-06-17T12:50:00,1,6,17,12,50,0.53166667,22.83333333,41.44166667,0.49145583
2001-06-17T13:00:00,1,6,17,13,0,0.54600000,23.10000000,42.21000000,0.50277536
2001-06-17T13:10:00,1,6,17,13,10,0.52966667,23.20000000,41.73833333,0.48888428
2001-06-17T13:20:00,1,6,17,13,20,0.51333333,23.30000000,41.26666667,0.47492231
2001-06-17T13:30:00,1,6,17,13,30,0.49700000,23.40000000,40.79500000,0.46088947
2001-06-17T13:40:00,1,6,17,13,40,0.48066667,23.50000000,40.32333333,0.44678576
2001-06-17T13:50:00,1,6,17,13,50,0.46433333,23.60000000,39.85166667,0.43261116
2001-06-17T14:00:00,1,6,17,14,0,0.44800000,23.70000000,39.38000000,0.41836570
2001-06-17T14:10:00,1,6,17,14,10,0.40516667,23.58333333,37.76416667,0.38137724
2001-06-17T14:20:00,1,6,17,14,20,0.36233333,23.46666667,36.14833333,0.34375203
2001-06-17T14:30:00,1,6,17,14,30,0.31950000,23.35000000,34.53250000,0.30549008
2001-06-17T14:40:00,1,6,17,14,40,0.27666667,23.23333333,32.91666667,0.26659139
2001-06-17T14:50:00,1,6,17,14,50,0.23383333,23.11666667,31.30083333,0.22705595
2001-06-17T15:00:00,1,6,17,15,0,0.19100000,23.00000000,29.68500000,0.18688376
2001-06-17T15:10:00,1,6,17,15,10,0.17066667,22.55000000,28.52333333,0.16790062
2001-06-17T15:20:00,1,6,17,15,20,0.15033333,22.10000000,27.36166667,0.14870016
2001-06-17T15:30:00,1,6,17,15,30,0.13000000,21.65000000,26.20000000,0.12928240
2001-06-17T15:40:00,1,6,17,15,40,0.10966667,21.20000000,25.03833333,0.10964733
2001-06-17T15:50:00,1,6,17,15,50,0.08933333,20.75000000,23.87666667,0.08979495
2001-06-17T16:00:00,1,6,17,16,0,0.06900000,20.30000000,22.71500000,0.06972526
2001-06-17T16:10:00,1,6,17,16,10,0.05750000,19.96666667,21.97916667,0.05829901
2001-06-17T16:20:00,1,6,17,16,20,0.04600000,19.63333333,21.24333333,0.04679491
2001-06-17T16:30:00,1,6,17,16,30,0.03450000,19.30000000,20.50750000,0.03521296
2001-06-17T16:40:00,1,6,17,16,40,0.02300000,18.96666667,19.77166667,0.02355316
2001-06-17T16:50:00,1,6,17,16,50,0.01150000,18.63333333,19.03583333,0.01181550
2001-06-17T17:00:00,1,6,17,17,0,0.00000000,18.30000000,18.30000000,0.00000000
2001-06-17T17:10:00,1,6,17,17,10,0.00000000,18.16666667,18.16666667,0.00000000
2001-06-17T17:20:00,1,6,17,17,20,0.00000000,18.03333333,18.03333333,0.00000000
2001-06-17T17:30:00,1,6,17,17,30,0.00000000,17.90000000,17.90000000,0.00000000
2001-06-17T17:40:00,1,6,17,17,40,0.00000000,17.76666667,17.76666667,0.00000000
2001-06-17T17:50:00,1,6,17,17,50,0.00000000,17.63333333,17.63333333,0.00000000
2001-06-17T18:00:00,1,6,17,18,0,0.00000000,17.50000000,17.50000000,0.00000000
2001-06-17T18:10:00,1,6,17,18,10,0.00000000,17.48333333,17.48333333,0.00000000
2001-06-17T18:20:00,1,6,17,18,20,0.00000000,17.46666667,17.46666667,0.00000000
2001-06-17T18:30:00,1,6,17,18,30,0.00000000,17.45000000,17.45000000,0.00000000
2001-06-17T18:40:00,1,6,17,18,40,0.00000000,17.43333333,17.43333333,0.00000000
2001-06-17T18:50:00,1,6,17,18,50,0.00000000,17.41666667,17.41666667,0.00000000
2001-06-17T19:00:00,1,6,17,19,0,0.00000000,17.40000000,17.40000000,0.00000000
2001-06-17T19:10:00,1,6,17,19,10,0.00000000,17.28333333,17.28333333,0.00000000
2001-06-17T19:20:00,1,6,17,19,20,0.00000000,17.16666667,17.16666667,0.00000000
2001-06-17T19:30:00,1,6,17,19,30,0.00000000,17.05000000,17.05000000,0.00000000
2001-06-17T19:40:00,1,6,17,19,40,0.00000000,16.93333333,16.93333333,0.00000000
2001-06-17T19:50:00,1,6,17,19,50,0.00000000,16.81666667,16.81666667,0.00000000
2001-06-17T20:00:00,1,6,17,20,0,0.00000000,16.70000000,16.70000000,0.00000000
2001-06-17T20:10:00,1,6,17,20,10,0.00000000,16.51666667,16.51666667,0.00000000
2001-06-17T20:20:00,1,6,17,20,20,0.00000000,16.33333333,16.33333333,0.00000000
2001-06-17T20:30:00,1,6,17,20,30,0.00000000,16.15000000,16.15000000,0.00000000
2001-06-17T20:40:00,1,6,17,20,40,0.00000000,15.96666667,15.96666667,0.00000000
2001-06-17T20:50:00,1,6,17,20,50,0.00000000,15.78333333,15.78333333,0.00000000
2001-06-17T21:00:00,1,6,17,21,0,0.00000000,15.60000000,15.60000000,0.00000000
2001-06-17T21:10:00,1,6,17,21,10,0.00000000,15.58333333,15.58333333,0.00000000
2001-06-17T21:20:00,1,6,17,21,20,0.00000000,15.56666667,15.56666667,0.00000000
2001-06-17T21:30:00,1,6,17,21,30,0.00000000,15.55000000,15.55000000,0.00000000
2001-06-17T21:40:00,1,6,17,21,40,0.00000000,15.53333333,15.53333333,0.00000000
2001-06-17T21:50:00,1,6,17,21,50,0.00000000,15.51666667,15.51666667,0.00000000
2001-06-17T22:00:00,1,6,17,22,0,0.00000000,15.50000000,15.50000000,0.00000000
2001-06-17T22:10:00,1,6,17,22,10,0.00000000,15.33333333,15.33333333,0.00000000
2001-06-17T22:20:00,1,6,17,22,20,0.00000000,15.16666667,15.16666667,0.00000000
2001-06-17T22:30:00,1,6,17,22,30,0.00000000,15.00000000,15.00000000,0.00000000
2001-06-17T22:40:00,1,6,17,22,40,0.00000000,14.83333333,14.83333333,0.00000000
2001-06-17T22:50:00,1,6,17,22,50,0.00000000,14.66666667,14.66666667,0.00000000
2001-06-17T23:00:00,1,6,17,23,0,0.00000000,14.50000000,14.50000000,0.00000000
2001-06-17T23:10:00,1,6,17,23,10,0.00000000,14.41666667,14.41666667,0.00000000
2001-06-17T23:20:00,1,6,17,23,20,0.00000000,14.33333333,14.33333333,0.00000000
2001-06-17T23:30:00,1,6,17,23,30,0.00000000,14.25000000,14.25000000,0.00000000
2001-06-17T23:40:00,1,6,17,23,40,0.00000000,14.16666667,14.16666667,0.00000000
2001-06-17T23:50:00,1,6,17,23,50,0.00000000,14.08333333,14.08333333,0.00000000
2001-06-18T00:00:00,1,6,18,0,0,0.00000000,14.00000000,14.00000000,0.00000000
2001-06-18T00:10:00,1,6,18,0,10,0.00000000,13.93333333,13.93333333,0.00000000
2001-06-18T00:20:00,1,6,18,0,20,0.00000000,13.86666667,13.86666667,0.00000000
2001-06-18T00:30:00,1,6,18,0,30,0.00000000,13.80000000,13.80000000,0.00000000
2001-06-18T00:40:00,1,6,18,0,40,0.00000000,13.73333333,13.73333333,0.00000000
2001-06-18T00:50:00,1,6,18,0,50,0.00000000,13.66666667,13.66666667,0.00000000
2001-06-18T01:00:00,1,6,18,1,0,0.00000000,13.60000000,13.60000000,0.00000000
2001-06-18T01:10:00,1,6,18,1,10,0.00000000,13.53333333,13.53333333,0.00000000
2001-06-18T01:20:00,1,6,18,1,20,0.00000000,13.46666667,13.46666667,0.00000000
2001-06-18T01:30:00,1,6,18,1,30,0.00000000,13.40000000,13.40000000,0.00000000
2001-06-18T01:40:00,1,6,18,1,40,0.00000000,13.33333333,13.33333333,0.00000000
2001-06-18T01:50:00,1,6,18,1,50,0.00000000,13.26666667,13.26666667,0.00000000
2001-06-18T02:00:00,1,6,18,2,0,0.00000000,13.20000000,13.20000000,0.00000000
2001-06-18T02:10:00,1,6,18,2,10,0.00000000,13.21666667,13.21666667,0.00000000
2001-06-18T02:20:00,1,6,18,2,20,0.00000000,13.23333333,13.23333333,0.00000000
2001-06-18T02:30:00,1,6,18,2,30,0.00000000,13.25000000,13.25000000,0.00000000
2001-06-18T02:40:00,1,6,18,2,40,0.00000000,13.26666667,13.26666667,0.00000000
2001-06-18T02:50:00,1,6,18,2,50,0.00000000,13.28333333,13.28333333,0.00000000
2001-06-18T03:00:00,1,6,18,3,0,0.00000000,13.30000000,13.30000000,0.00000000
2001-06-18T03:10:00,1,6,18,3,10,0.00000000,13.28333333,13.28333333,0.00000000
2001-06-18T03:20:00,1,6,18,3,20,0.00000000,13.26666667,13.26666667,0.00000000
2001-06-18T03:30:00,1,6,18,3,30,0.00000000,13.25000000,13.25000000,0.00000000
2001-06-18T03:40:00,1,6,18,3,40,0.00000000,13.23333333,13.23333333,0.00000000
2001-06-18T03:50:00,1,6,18,3,50,0.00000000,13.21666667,13.21666667,0.00000000
2001-06-18T04:00:00,1,6,18,4,0,0.00000000,13.20000000,13.20000000,0.00000000
2001-06-18T04:10:00,1,6,18,4,10,0.00000000,13.18333333,13.18333333,0.00000000
2001-06-18T04:20:00,1,6,18,4,20,0.00000000,13.16666667,13.16666667,0.00000000
2001-06-18T04:30:00,1,6,18,4,30,0.00000000,13.15000000,13.15000000,0.00000000
2001-06-18T04:40:00,1,6,18,4,40,0.00000000,13.13333333,13.13333333,0.00000000
2001-06-18T04:50:00,1,6,18,4,50,0.00000000,13.11666667,13.11666667,0.00000000
2001-06-18T05:00:00,1,6,18,5,0,0.00000000,13.10000000,13.10000000,0.00000000
2001-06-18T05:10:00,1,6,18,5,10,0.00000000,13.10000000,13.10000000,0.00000000
2001-06-18T05:20:00,1,6,18,5,20,0.00000000,13.10000000,13.10000000,0.00000000
2001-06-18T05:30:00,1,6,18,5,30,0.00000000,13.10000000,13.10000000,0.00000000
2001-06-18T05:40:00,1,6,18,5,40,0.00000000,13.10000000,13.10000000,0.00000000
2001-06-18T05:50:00,1,6,18,5,50,0.00000000,13.10000000,13.10000000,0.00000000
2001-06-18T06:00:00,1,6,18,6,0,0.00000000,13.10000000,13.10000000,0.00000000
2001-06-18T06:10:00,1,6,18,6,10,0.01750000,13.21666667,13.82916667,0.01839925
2001-06-18T06:20:00,1,6,18,6,20,0.03500000,13.33333333,14.55833333,0.03668111
2001-06-18T06:30:00,1,6,18,6,30,0.05250000,13.45000000,15.28750000,0.05484557
2001-06-18T06:40:00,1,6,18,6,40,0.07000000,13.56666667,16.01666667,0.07289263
2001-06-18T06:50:00,1,6,18,6,50,0.08750000,13.68333333,16.74583333,0.09082230
2001-06-18T07:00:00,1,6,18,7,0,0.10500000,13.80000000,17.47500000,0.10863457
2001-06-18T07:10:00,1,6,18,7,10,0.12866667,14.25000000,18.75333333,0.13236386
2001-06-18T07:20:00,1,6,18,7,20,0.15233333,14.70000000,20.03166667,0.15581481
2001-06-18T07:30:00,1,6,18,7,30,0.17600000,15.15000000,21.31000000,0.17898742
2001-06-18T07:40:00,1,6,18,7,40,0.19966667,15.60000000,22.58833333,0.20188170
2001-06-18T07:50:00,1,6,18,7,50,0.22333333,16.05000000,23.86666667,0.22449764
2001-06-18T08:00:00,1,6,18,8,0,0.24700000,16.50000000,25.14500000,0.24683525
2001-06-18T08:10:00,1,6,18,8,10,0.27900000,16.81666667,26.58166667,0.27697009
2001-06-18T08:20:00,1,6,18,8,20,0.31100000,17.13333333,28.01833333,0.30668197
2001-06-18T08:30:00,1,6,18,8,30,0.34300000,17.45000000,29.45500000,0.33597090
2001-06-18T08:40:00,1,6,18,8,40,0.37500000,17.76666667,30.89166667,0.36483688
2001-06-18T08:50:00,1,6,18,8,50,0.40700000,18.08333333,32.32833333,0.39327989
2001-06-18T09:00:00,1,6,18,9,0,0.43900000,18.40000000,33.76500000,0.42129996
2001-06-18T09:10:00,1,6,18,9,10,0.47050000,18.83333333,35.30083333,0.44820591
2001-06-18T09:20:00,1,6,18,9,20,0.50200000,19.26666667,36.83666667,0.47466677
2001-06-18T09:30:00,1,6,18,9,30,0.53350000,19.70000000,38.37250000,0.50068255
2001-06-18T09:40:00,1,6,18,9,40,0.56500000,20.13333333,39.90833333,0.52625324
2001-06-18T09:50:00,1,6,18,9,50,0.59650000,20.56666667,41.44416667,0.55137885
2001-06-18T10:00:00,1,6,18,10,0,0.62800000,21.00000000,42.98000000,0.57605938
2001-06-18T10:10:00,1,6,18,10,10,0.63250000,21.33333333,43.47083333,0.57875911
2001-06-18T10:20:00,1,6,18,10,20,0.63700000,21.66666667,43.96166667,0.58143852
2001-06-18T10:30:00,1,6,18,10,30,0.64150000,22.00000000,44.45250000,0.58409762
2001-06-18T10:40:00,1,6,18,10,40,0.64600000,22.33333333,44.94333333,0.58673639
2001-06-18T10:50:00,1,6,18,10,50,0.65050000,22.66666667,45.43416667,0.58935484
2001-06-18T11:00:00,1,6,18,11,0,0.65500000,23.00000000,45.92500000,0.59195297
2001-06-18T11:10:00,1,6,18,11,10,0.66666667,23.26666667,46.60000000,0.60042667
2001-06-18T11:20:00,1,6,18,11,20,0.67833333,23.53333333,47.27500000,0.60882791
2001-06-18T11:30:00,1,6,18,11,30,0.69000000,23.80000000,47.95000000,0.61715670
2001-06-18T11:40:00,1,6,18,11,40,0.70166667,24.06666667,48.62500000,0.62541304
2001-06-18T11:50:00,1,6,18,11,50,0.71333333,24.33333333,49.30000000,0.63359693
2001-06-18T12:00:00,1,6,18,12,0,0.72500000,24.60000000,49.97500000,0.64170837
2001-06-18T12:10:00,1,6,18,12,10,0.69783333,24.71666667,49.14083333,0.62034045
2001-06-18T12:20:00,1,6,18,12,20,0.67066667,24.83333333,48.30666667,0.59876405
2001-06-18T12:30:00,1,6,18,12,30,0.64350000,24.95000000,47.47250000,0.57697915
2001-06-18T12:40:00,1,6,18,12,40,0.61633333,25.06666667,46.63833333,0.55498577
2001-06-18T12:50:00,1,6,18,12,50,0.58916667,25.18333333,45.80416667,0.53278391
2001-06-18T13:00:00,1,6,18,13,0,0.56200000,25.30000000,44.97000000,0.51037356
2001-06-18T13:10:00,1,6,18,13,10,0.53933333,25.25000000,44.12666667,0.49188135
2001-06-18T13:20:00,1,6,18,13,20,0.51666667,25.20000000,43.28333333,0.47321328
2001-06-18T13:30:00,1,6,18,13,30,0.49400000,25.15000000,42.44000000,0.45436934
2001-06-18T13:40:00,1,6,18,13,40,0.47133333,25.10000000,41.59666667,0.43534955
2001-06-18T13:50:00,1,6,18,13,50,0.44866667,25.05000000,40.75333333,0.41615389
2001-06-18T14:00:00,1,6,18,14,0,0.42600000,25.00000000,39.91000000,0.39678236
2001-06-18T14:10:00,1,6,18,14,10,0.39483333,24.71666667,38.53583333,0.37024910
2001-06-18T14:20:00,1,6,18,14,20,0.36366667,24.43333333,37.16166667,0.34332182
2001-06-18T14:30:00,1,6,18,14,30,0.33250000,24.15000000,35.78750000,0.31600052
2001-06-18T14:40:00,1,6,18,14,40,0.30133333,23.86666667,34.41333333,0.28828520
2001-06-18T14:50:00,1,6,18,14,50,0.27016667,23.58333333,33.03916667,0.26017586
2001-06-18T15:00:00,1,6,18,15,0,0.23900000,23.30000000,31.66500000,0.23167250
2001-06-18T15:10:00,1,6,18,15,10,0.21583333,23.01666667,30.57083333,0.21030242
2001-06-18T15:20:00,1,6,18,15,20,0.19266667,22.73333333,29.47666667,0.18869915
2001-06-18T15:30:00,1,6,18,15,30,0.16950000,22.45000000,28.38250000,0.16686266
2001-06-18T15:40:00,1,6,18,15,40,0.14633333,22.16666667,27.28833333,0.14479298
2001-06-18T15:50:00,1,6,18,15,50,0.12316667,21.88333333,26.19416667,0.12249009
2001-06-18T16:00:00,1,6,18,16,0,0.10000000,21.60000000,25.10000000,0.09995400
2001-06-18T16:10:00,1,6,18,16,10,0.08333333,21.48333333,24.40000000,0.08356333
2001-06-18T16:20:00,1,6,18,16,20,0.06666667,21.36666667,23.70000000,0.06706533
2001-06-18T16:30:00,1,6,18,16,30,0.05000000,21.25000000,23.00000000,0.05046000
2001-06-18T16:40:00,1,6,18,16,40,0.03333333,21.13333333,22.30000000,0.03374733
2001-06-18T16:50:00,1,6,18,16,50,0.01666667,21.01666667,21.60000000,0.01692733
2001-06-18T17:00:00,1,6,18,17,0,0.00000000,20.90000000,20.90000000,0.00000000
2001-06-18T17:10:00,1,6,18,17,10,0.00000000,20.60000000,20.60000000,0.00000000
2001-06-18T17:20:00,1,6,18,17,20,0.00000000,20.30000000,20.30000000,0.00000000
2001-06-18T17:30:00,1,6,18,17,30,0.00000000,20.00000000,20.00000000,0.00000000
2001-06-18T17:40:00,1,6,18,17,40,0.00000000,19.70000000,19.70000000,0.00000000
2001-06-18T17:50:00,1,6,18,17,50,0.00000000,19.40000000,19.40000000,0.00000000
2001-06-18T18:00:00,1,6,18,18,0,0.00000000,19.10000000,19.10000000,0.00000000
2001-06-18T18:10:00,1,6,18,18,10,0.00000000,19.03333333,19.03333333,0.00000000
2001-06-18T18:20:00,1,6,18,18,20,0.00000000,18.96666667,18.96666667,0.00000000
2001-06-18T18:30:00,1,6,18,18,30,0.00000000,18.90000000,18.90000000,0.00000000
2001-06-18T18:40:00,1,6,18,18,40,0.00000000,18.83333333,18.83333333,0.00000000
2001-06-18T18:50:00,1,6,18,18,50,0.00000000,18.76666667,18.76666667,0.00000000
2001-06-18T19:00:00,1,6,18,19,0,0.00000000,18.70000000,18.70000000,0.00000000
2001-06-18T19:10:00,1,6,18,19,10,0.00000000,18.61666667,18.61666667,0.00000000
2001-06-18T19:20:00,1,6,18,19,20,0.00000000,18.53333333,18.53333333,0.00000000
2001-06-18T19:30:00,1,6,18,19,30,0.00000000,18.45000000,18.45000000,0.00000000
2001-06-18T19:40:00,1,6,18,19,40,0.00000000,18.36666667,18.36666667,0.00000000
2001-06-18T19:50:00,1,6,18,19,50,0.00000000,18.28333333,18.28333333,0.00000000
2001-06-18T20:00:00,1,6,18,20,0,0.00000000,18.20000000,18.20000000,0.00000000
2001-06-18T20:10:00,1,6,18,20,10,0.00000000,18.10000000,18.10000000,0.00000000
2001-06-18T20:20:00,1,6,18,20,20,0.00000000,18.00000000,18.00000000,0.00000000
2001-06-18T20:30:00,1,6,18,20,30,0.00000000,17.90000000,17.90000000,0.00000000
2001-06-18T20:40:00,1,6,18,20,40,0.00000000,17.80000000,17.80000000,0.00000000
2001-06-18T20:50:00,1,6,18,20,50,0.00000000,17.70000000,17.70000000,0.00000000
2001-06-18T21:00:00,1,6,18,21,0,0.00000000,17.60000000,17.60000000,0.00000000
2001-06-18T21:10:00,1,6,18,21,10,0.00000000,17.38333333,17.38333333,0.00000000
2001-06-18T21:20:00,1,6,18,21,20,0.00000000,17.16666667,17.16666667,0.00000000
2001-06-18T21:30:00,1,6,18,21,30,0.00000000,16.95000000,16.95000000,0.00000000
2001-06-18T21:40:00,1,6,18,21,40,0.00000000,16.73333333,16.73333333,0.00000000
2001-06-18T21:50:00,1,6,18,21,50,0.00000000,16.51666667,16.51666667,0.00000000
2001-06-18T22:00:00,1,6,18,22,0,0.00000000,16.30000000,16.30000000,0.00000000
2001-06-18T22:10:00,1,6,18,22,10,0.00000000,16.26666667,16.26666667,0.00000000
2001-06-18T22:20:00,1,6,18,22,20,0.00000000,16.23333333,16.23333333,0.00000000
2001-06-18T22:30:00,1,6,18,22,30,0.00000000,16.20000000,16.20000000,0.00000000
2001-06-18T22:40:00,1,6,18,22,40,0.00000000,16.16666667,16.16666667,0.00000000
2001-06-18T22:50:00,1,6,18,22,50,0.00000000,16.13333333,16.13333333,0.00000000
2001-06-18T23:00:00,1,6,18,23,0,0.00000000,16.10000000,16.10000000,0.00000000
2001-06-18T23:10:00,1,6,18,23,10,0.00000000,16.05000000,16.05000000,0.00000000
2001-06-18T23:20:00,1,6,18,23,20,0.00000000,16.00000000,16.00000000,0.00000000
2001-06-18T23:30:00,1,6,18,23,30,0.00000000,15.95000000,15.95000000,0.00000000
2001-06-18T23:40:00,1,6,18,23,40,0.00000000,15.90000000,15.90000000,0.00000000
2001-06-18T23:50:00,1,6,18,23,50,0.00000000,15.85000000,15.85000000,0.00000000
2001-06-19T00:00:00,1,6,19,0,0,0.00000000,15.80000000,15.80000000,0.00000000
2001-06-19T00:10:00,1,6,19,0,10,0.00000000,15.83333333,15.83333333,0.00000000
2001-06-19T00:20:00,1,6,19,0,20,0.00000000,15.86666667,15.86666667,0.00000000
2001-06-19T00:30:00,1,6,19,0,30,0.00000000,15.90000000,15.90000000,0.00000000
2001-06-19T00:40:00,1,6,19,0,40,0.00000000,15.93333333,15.93333333,0.00000000
2001-06-19T00:50:00,1,6,19,0,50,0.00000000,15.96666667,15.96666667,0.00000000
2001-06-19T01:00:00,1,6,19,1,0,0.00000000,16.00000000,16.00000000,0.00000000
2001-06-19T01:10:00,1,6,19,1,10,0.00000000,15.95000000,15.95000000,0.00000000
2001-06-19T01:20:00,1,6,19,1,20,0.00000000,15.90000000,15.90000000,0.00000000
2001-06-19T01:30:00,1,6,19,1,30,0.00000000,15.85000000,15.85000000,0.00000000
2001-06-19T01:40:00,1,6,19,1,40,0.00000000,15.80000000,15.80000000,0.00000000
2001-06-19T01:50:00,1,6,19,1,50,0.00000000,15.75000000,15.75000000,0.00000000
2001-06-19T02:00:00,1,6,19,2,0,0.00000000,15.70000000,15.70000000,0.00000000
2001-06-19T02:10:00,1,6,19,2,10,0.00000000,15.61666667,15.61666667,0.00000000
2001-06-19T02:20:00,1,6,19,2,20,0.00000000,15.53333333,15.53333333,0.00000000
2001-06-19T02:30:00,1,6,19,2,30,0.00000000,15.45000000,15.45000000,0.00000000
2001-06-19T02:40:00,1,6,19,2,40,0.00000000,15.36666667,15.36666667,0.00000000
2001-06-19T02:50:00,1,6,19,2,50,0.00000000,15.28333333,15.28333333,0.00000000
2001-06-19T03:00:00,1,6,19,3,0,0.00000000,15.20000000,15.20000000,0.00000000
2001-06-19T03:10:00,1,6,19,3,10,0.00000000,15.15000000,15.15000000,0.00000000
2001-06-19T03:20:00,1,6,19,3,20,0.00000000,15.10000000,15.10000000,0.00000000
2001-06-19T03:30:00,1,6,19,3,30,0.00000000,15.05000000,15.05000000,0.00000000
2001-06-19T03:40:00,1,6,19,3,40,0.00000000,15.00000000,15.00000000,0.00000000
2001-06-19T03:50:00,1,6,19,3,50,0.00000000,14.95000000,14.95000000,0.00000000
2001-06-19T04:00:00,1,6,19,4,0,0.00000000,14.90000000,14.90000000,0.00000000
2001-06-19T04:10:00,1,6,19,4,10,0.00000000,14.80000000,14.80000000,0.00000000
2001-06-19T04:20:00,1,6,19,4,20,0.00000000,14.70000000,14.70000000,0.00000000
2001-06-19T04:30:00,1,6,19,4,30,0.00000000,14.60000000,14.60000000,0.00000000
2001-06-19T04:40:00,1,6,19,4,40,0.00000000,14.50000000,14.50000000,0.00000000
2001-06-19T04:50:00,1,6,19,4,50,0.00000000,14.40000000,14.40000000,0.00000000
2001-06-19T05:00:00,1,6,19,5,0,0.00000000,14.30000000,14.30000000,0.00000000
2001-06-19T05:10:00,1,6,19,5,10,0.00000000,14.38333333,14.38333333,0.00000000
2001-06-19T05:20:00,1,6,19,5,20,0.00000000,14.46666667,14.46666667,0.00000000
2001-06-19T05:30:00,1,6,19,5,30,0.00000000,14.55000000,14.55000000,0.00000000
2001-06-19T05:40:00,1,6,19,5,40,0.00000000,14.63333333,14.63333333,0.00000000
2001-06-19T05:50:00,1,6,19,5,50,0.00000000,14.71666667,14.71666667,0.00000000
2001-06-19T06:00:00,1,6,19,6,0,0.00000000,14.80000000,14.80000000,0.00000000
2001-06-19T06:10:00,1,6,19,6,10,0.01516667,14.68333333,15.21416667,0.01584939
2001-06-19T06:20:00,1,6,19,6,20,0.03033333,14.56666667,15.62833333,0.03164099
2001-06-19T06:30:00,1,6,19,6,30,0.04550000,14.45000000,16.04250000,0.04737480
2001-06-19T06:40:00,1,6,19,6,40,0.06066667,14.33333333,16.45666667,0.06305083
2001-06-19T06:50:00,1,6,19,6,50,0.07583333,14.21666667,16.87083333,0.07866906
2001-06-19T07:00:00,1,6,19,7,0,0.09100000,14.10000000,17.28500000,0.09422950
2001-06-19T07:10:00,1,6,19,7,10,0.12483333,14.71666667,19.08583333,0.12822944
2001-06-19T07:20:00,1,6,19,7,20,0.15866667,15.33333333,20.88666667,0.16166885
2001-06-19T07:30:00,1,6,19,7,30,0.19250000,15.95000000,22.68750000,0.19454772
2001-06-19T07:40:00,1,6,19,7,40,0.22633333,16.56666667,24.48833333,0.22686605
2001-06-19T07:50:00,1,6,19,7,50,0.26016667,17.18333333,26.28916667,0.25862383
2001-06-19T08:00:00,1,6,19,8,0,0.29400000,17.80000000,28.09000000,0.28982108
2001-06-19T08:10:00,1,6,19,8,10,0.32566667,18.53333333,29.93166667,0.31827870
2001-06-19T08:20:00,1,6,19,8,20,0.35733333,19.26666667,31.77333333,0.34619978
2001-06-19T08:30:00,1,6,19,8,30,0.38900000,20.00000000,33.61500000,0.37358432
2001-06-19T08:40:00,1,6,19,8,40,0.42066667,20.73333333,35.45666667,0.40043232
2001-06-19T08:50:00,1,6,19,8,50,0.45233333,21.46666667,37.29833333,0.42674378
2001-06-19T09:00:00,1,6,19,9,0,0.48400000,22.20000000,39.14000000,0.45251870
2001-06-19T09:10:00,1,6,19,9,10,0.50233333,22.75000000,40.33166667,0.46690594
2001-06-19T09:20:00,1,6,19,9,20,0.52066667,23.30000000,41.52333333,0.48109218
2001-06-19T09:30:00,1,6,19,9,30,0.53900000,23.85000000,42.71500000,0.49507743
2001-06-19T09:40:00,1,6,19,9,40,0.55733333,24.40000000,43.90666667,0.50886168
2001-06-19T09:50:00,1,6,19,9,50,0.57566667,24.95000000,45.09833333,0.52244494
2001-06-19T10:00:00,1,6,19,10,0,0.59400000,25.50000000,46.29000000,0.53582720
2001-06-19T10:10:00,1,6,19,10,10,0.60966667,25.95000000,47.28833333,0.54715978
2001-06-19T10:20:00,1,6,19,10,20,0.62533333,26.40000000,48.28666667,0.55834846
2001-06-19T10:30:00,1,6,19,10,30,0.64100000,26.85000000,49.28500000,0.56939325
2001-06-19T10:40:00,1,6,19,10,40,0.65666667,27.30000000,50.28333333,0.58029414
2001-06-19T10:50:00,1,6,19,10,50,0.67233333,27.75000000,51.28166667,0.59105115
2001-06-19T11:00:00,1,6,19,11,0,0.68800000,28.20000000,52.28000000,0.60166426
2001-06-19T11:10:00,1,6,19,11,10,0.66833333,28.63333333,52.02500000,0.58524947
2001-06-19T11:20:00,1,6,19,11,20,0.64866667,29.06666667,51.77000000,0.56878856
2001-06-19T11:30:00,1,6,19,11,30,0.62900000,29.50000000,51.51500000,0.55228150
2001-06-19T11:40:00,1,6,19,11,40,0.60933333,29.93333333,51.26000000,0.53572830
2001-06-19T11:50:00,1,6,19,11,50,0.58966667,30.36666667,51.00500000,0.51912897
2001-06-19T12:00:00,1,6,19,12,0,0.57000000,30.80000000,50.75000000,0.50248350
2001-06-19T12:10:00,1,6,19,12,10,0.57183333,30.56666667,50.58083333,0.50454466
2001-06-19T12:20:00,1,6,19,12,20,0.57366667,30.33333333,50.41166667,0.50660867
2001-06-19T12:30:00,1,6,19,12,30,0.57550000,30.10000000,50.24250000,0.50867553
2001-06-19T12:40:00,1,6,19,12,40,0.57733333,29.86666667,50.07333333,0.51074525
2001-06-19T12:50:00,1,6,19,12,50,0.57916667,29.63333333,49.90416667,0.51281782
2001-06-19T13:00:00,1,6,19,13,0,0.58100000,29.40000000,49.73500000,0.51489324
2001-06-19T13:10:00,1,6,19,13,10,0.55333333,29.40000000,48.76666667,0.49283924
2001-06-19T13:20:00,1,6,19,13,20,0.52566667,29.40000000,47.79833333,0.47053878
2001-06-19T13:30:00,1,6,19,13,30,0.49800000,29.40000000,46.83000000,0.44799184
2001-06-19T13:40:00,1,6,19,13,40,0.47033333,29.40000000,45.86166667,0.42519842
2001-06-19T13:50:00,1,6,19,13,50,0.44266667,29.40000000,44.89333333,0.40215854
2001-06-19T14:00:00,1,6,19,14,0,0.41500000,29.40000000,43.92500000,0.37887217
2001-06-19T14:10:00,1,6,19,14,10,0.38383333,28.98333333,42.41750000,0.35308041
2001-06-19T14:20:00,1,6,19,14,20,0.35266667,28.56666667,40.91000000,0.32685640
2001-06-19T14:30:00,1,6,19,14,30,0.32150000,28.15000000,39.40250000,0.30020014
2001-06-19T14:40:00,1,6,19,14,40,0.29033333,27.73333333,37.89500000,0.27311163
2001-06-19T14:50:00,1,6,19,14,50,0.25916667,27.31666667,36.38750000,0.24559087
2001-06-19T15:00:00,1,6,19,15,0,0.22800000,26.90000000,34.88000000,0.21763786
2001-06-19T15:10:00,1,6,19,15,10,0.20733333,26.31666667,33.57333333,0.19915666
2001-06-19T15:20:00,1,6,19,15,20,0.18666667,25.73333333,32.26666667,0.18042702
2001-06-19T15:30:00,1,6,19,15,30,0.16600000,25.15000000,30.96000000,0.16144894
2001-06-19T15:40:00,1,6,19,15,40,0.14533333,24.56666667,29.65333333,0.14222242
2001-06-19T15:50:00,1,6,19,15,50,0.12466667,23.98333333,28.34666667,0.12274746
2001-06-19T16:00:00,1,6,19,16,0,0.10400000,23.40000000,27.04000000,0.10302406
2001-06-19T16:10:00,1,6,19,16,10,0.08666667,22.90000000,25.93333333,0.08629458
2001-06-19T16:20:00,1,6,19,16,20,0.06933333,22.40000000,24.82666667,0.06938862
2001-06-19T16:30:00,1,6,19,16,30,0.05200000,21.90000000,23.72000000,0.05230618
2001-06-19T16:40:00,1,6,19,16,40,0.03466667,21.40000000,22.61333333,0.03504726
2001-06-19T16:50:00,1,6,19,16,50,0.01733333,20.90000000,21.50666667,0.01761187
2001-06-19T17:00:00,1,6,19,17,0,0.00000000,20.40000000,20.40000000,0.00000000
2001-06-19T17:10:00,1,6,19,17,10,0.00000000,20.05000000,20.05000000,0.00000000
2001-06-19T17:20:00,1,6,19,17,20,0.00000000,19.70000000,19.70000000,0.00000000
2001-06-19T17:30:00,1,6,19,17,30,0.00000000,19.35000000,19.35000000,0.00000000
2001-06-19T17:40:00,1,6,19,17,40,0.00000000,19.00000000,19.00000000,0.00000000
2001-06-19T17:50:00,1,6,19,17,50,0.00000000,18.65000000,18.65000000,0.00000000
2001-06-19T18:00:00,1,6,19,18,0,0.00000000,18.30000000,18.30000000,0.00000000
2001-06-19T18:10:00,1,6,19,18,10,0.00000000,18.15000000,18.15000000,0.00000000
2001-06-19T18:20:00,1,6,19,18,20,0.00000000,18.00000000,18.00000000,0.00000000
2001-06-19T18:30:00,1,6,19,18,30,0.00000000,17.85000000,17.85000000,0.00000000
2001-06-19T18:40:00,1,6,19,18,40,0.00000000,17.70000000,17.70000000,0.00000000
2001-06-19T18:50:00,1,6,19,18,50,0.00000000,17.55000000,17.55000000,0.00000000
2001-06-19T19:00:00,1,6,19,19,0,0.00000000,17.40000000,17.40000000,0.00000000
2001-06-19T19:10:00,1,6,19,19,10,0.00000000,17.30000000,17.30000000,0.00000000
2001-06-19T19:20:00,1,6,19,19,20,0.00000000,17.20000000,17.20000000,0.00000000
2001-06-19T19:30:00,1,6,19,19,30,0.00000000,17.10000000,17.10000000,0.00000000
2001-06-19T19:40:00,1,6,19,19,40,0.00000000,17.00000000,17.00000000,0.00000000
2001-06-19T19:50:00,1,6,19,19,50,0.00000000,16.90000000,16.90000000,0.00000000
2001-06-19T20:00:00,1,6,19,20,0,0.00000000,16.80000000,16.80000000,0.00000000
2001-06-19T20:10:00,1,6,19,20,10,0.00000000,16.71666667,16.71666667,0.00000000
2001-06-19T20:20:00,1,6,19,20,20,0.00000000,16.63333333,16.63333333,0.00000000
2001-06-19T20:30:00,1,6,19,20,30,0.00000000,16.55000000,16.55000000,0.00000000
2001-06-19T20:40:00,1,6,19,20,40,0.00000000,16.46666667,16.46666667,0.00000000
2001-06-19T20:50:00,1,6,19,20,50,0.00000000,16.38333333,16.38333333,0.00000000
2001-06-19T21:00:00,1,6,19,21,0,0.00000000,16.30000000,16.30000000,0.00000000
2001-06-19T21:10:00,1,6,19,21,10,0.00000000,16.13333333,16.13333333,0.00000000
2001-06-19T21:20:00,1,6,19,21,20,0.00000000,15.96666667,15.96666667,0.00000000
2001-06-19T21:30:00,1,6,19,21,30,0.00000000,15.80000000,15.80000000,0.00000000
2001-06-19T21:40:00,1,6,19,21,40,0.00000000,15.63333333,15.63333333,0.00000000
2001-06-19T21:50:00,1,6,19,21,50,0.00000000,15.46666667,15.46666667,0.00000000
2001-06-19T22:00:00,1,6,19,22,0,0.00000000,15.30000000,15.30000000,0.00000000
2001-06-19T22:10:00,1,6,19,22,10,0.00000000,15.11666667,15.11666667,0.00000000
2001-06-19T22:20:00,1,6,19,22,20,0.00000000,14.93333333,14.93333333,0.00000000
2001-06-19T22:30:00,1,6,19,22,30,0.00000000,14.75000000,14.75000000,0.00000000
2001-06-19T22:40:00,1,6,19,22,40,0.00000000,14.56666667,14.56666667,0.00000000
2001-06-19T22:50:00,1,6,19,22,50,0.00000000,14.38333333,14.38333333,0.00000000
2001-06-19T23:00:00,1,6,19,23,0,0.00000000,14.20000000,14.20000000,0.00000000
2001-06-19T23:10:00,1,6,19,23,10,0.00000000,14.55000000,14.55000000,0.00000000
2001-06-19T23:20:00,1,6,19,23,20,0.00000000,14.90000000,14.90000000,0.00000000
2001-06-19T23:30:00,1,6,19,23,30,0.00000000,15.25000000,15.25000000,0.00000000
2001-06-19T23:40:00,1,6,19,23,40,0.00000000,15.60000000,15.60000000,0.00000000
2001-06-19T23:50:00,1,6,19,23,50,0.00000000,15.95000000,15.95000000,0.00000000
2001-06-20T00:00:00,1,6,20,0,0,0.00000000,16.30000000,16.30000000,0.00000000
2001-06-20T00:10:00,1,6,20,0,10,0.00000000,16.25000000,16.25000000,0.00000000
2001-06-20T00:20:00,1,6,20,0,20,0.00000000,16.20000000,16.20000000,0.00000000
2001-06-20T00:30:00,1,6,20,0,30,0.00000000,16.15000000,16.15000000,0.00000000
2001-06-20T00:40:00,1,6,20,0,40,0.00000000,16.10000000,16.10000000,0.00000000
2001-06-20T00:50:00,1,6,20,0,50,0.00000000,16.05000000,16.05000000,0.00000000
2001-06-20T01:00:00,1,6,20,1,0,0.00000000,16.00000000,16.00000000,0.00000000
2001-06-20T01:10:00,1,6,20,1,10,0.00000000,15.95000000,15.95000000,0.00000000
2001-06-20T01:20:00,1,6,20,1,20,0.00000000,15.90000000,15.90000000,0.00000000
2001-06-20T01:30:00,1,6,20,1,30,0.00000000,15.85000000,15.85000000,0.00000000
2001-06-20T01:40:00,1,6,20,1,40,0.00000000,15.80000000,15.80000000,0.00000000
2001-06-20T01:50:00,1,6,20,1,50,0.00000000,15.75000000,15.75000000,0.00000000
2001-06-20T02:00:00,1,6,20,2,0,0.00000000,15.70000000,15.70000000,0.00000000
2001-06-20T02:10:00,1,6,20,2,10,0.00000000,15.75000000,15.75000000,0.00000000
2001-06-20T02:20:00,1,6,20,2,20,0.00000000,15.80000000,15.80000000,0.00000000
2001-06-20T02:30:00,1,6,20,2,30,0.00000000,15.85000000,15.85000000,0.00000000
2001-06-20T02:40:00,1,6,20,2,40,0.00000000,15.90000000,15.90000000,0.00000000
2001-06-20T02:50:00,1,6,20,2,50,0.00000000,15.95000000,15.95000000,0.00000000
2001-06-20T03:00:00,1,6,20,3,0,0.00000000,16.00000000,16.00000000,0.00000000
2001-06-20T03:10:00,1,6,20,3,10,0.00000000,15.90000000,15.90000000,0.00000000
2001-06-20T03:20:00,1,6,20,3,20,0.00000000,15.80000000,15.80000000,0.00000000
2001-06-20T03:30:00,1,6,20,3,30,0.00000000,15.70000000,15.70000000,0.00000000
2001-06-20T03:40:00,1,6,20,3,40,0.00000000,15.60000000,15.60000000,0.00000000
2001-06-20T03:50:00,1,6,20,3,50,0.00000000,15.50000000,15.50000000,0.00000000
2001-06-20T04:00:00,1,6,20,4,0,0.00000000,15.40000000,15.40000000,0.00000000
2001-06-20T04:10:00,1,6,20,4,10,0.00000000,15.35000000,15.35000000,0.00000000
2001-06-20T04:20:00,1,6,20,4,20,0.00000000,15.30000000,15.30000000,0.00000000
2001-06-20T04:30:00,1,6,20,4,30,0.00000000,15.25000000,15.25000000,0.00000000
2001-06-20T04:40:00,1,6,20,4,40,0.00000000,15.20000000,15.20000000,0.00000000
2001-06-20T04:50:00,1,6,20,4,50,0.00000000,15.15000000,15.15000000,0.00000000
2001-06-20T05:00:00,1,6,20,5,0,0.00000000,15.10000000,15.10000000,0.00000000
2001-06-20T05:10:00,1,6,20,5,10,0.00000000,15.20000000,15.20000000,0.00000000
2001-06-20T05:20:00,1,6,20,5,20,0.00000000,15.30000000,15.30000000,0.00000000
2001-06-20T05:30:00,1,6,20,5,30,0.00000000,15.40000000,15.40000000,0.00000000
2001-06-20T05:40:00,1,6,20,5,40,0.00000000,15.50000000,15.50000000,0.00000000
2001-06-20T05:50:00,1,6,20,5,50,0.00000000,15.60000000,15.60000000,0.00000000
2001-06-20T06:00:00,1,6,20,6,0,0.00000000,15.70000000,15.70000000,0.00000000
2001-06-20T06:10:00,1,6,20,6,10,0.00300000,15.71666667,15.82166667,0.00312666
2001-06-20T06:20:00,1,6,20,6,20,0.00600000,15.73333333,15.94333333,0.00624996
2001-06-20T06:30:00,1,6,20,6,30,0.00900000,15.75000000,16.06500000,0.00936991
2001-06-20T06:40:00,1,6,20,6,40,0.01200000,15.76666667,16.18666667,0.01248650
2001-06-20T06:50:00,1,6,20,6,50,0.01500000,15.78333333,16.30833333,0.01559972
2001-06-20T07:00:00,1,6,20,7,0,0.01800000,15.80000000,16.43000000,0.01870960
2001-06-20T07:10:00,1,6,20,7,10,0.05583333,15.91666667,17.87083333,0.05766434
2001-06-20T07:20:00,1,6,20,7,20,0.09366667,16.03333333,19.31166667,0.09611758
2001-06-20T07:30:00,1,6,20,7,30,0.13150000,16.15000000,20.75250000,0.13406931
2001-06-20T07:40:00,1,6,20,7,40,0.16933333,16.26666667,22.19333333,0.17151954
2001-06-20T07:50:00,1,6,20,7,50,0.20716667,16.38333333,23.63416667,0.20846826
2001-06-20T08:00:00,1,6,20,8,0,0.24500000,16.50000000,25.07500000,0.24491547
2001-06-20T08:10:00,1,6,20,8,10,0.22550000,17.11666667,25.00916667,0.22549049
2001-06-20T08:20:00,1,6,20,8,20,0.20600000,17.73333333,24.94333333,0.20605370
2001-06-20T08:30:00,1,6,20,8,30,0.18650000,18.35000000,24.87750000,0.18660509
2001-06-20T08:40:00,1,6,20,8,40,0.16700000,18.96666667,24.81166667,0.16714468
2001-06-20T08:50:00,1,6,20,8,50,0.14750000,19.58333333,24.74583333,0.14767245
2001-06-20T09:00:00,1,6,20,9,0,0.12800000,20.20000000,24.68000000,0.12818842
2001-06-20T09:10:00,1,6,20,9,10,0.13983333,20.05000000,24.94416667,0.13986925
2001-06-20T09:20:00,1,6,20,9,20,0.15166667,19.90000000,25.20833333,0.15152132
2001-06-20T09:30:00,1,6,20,9,30,0.16350000,19.75000000,25.47250000,0.16314463
2001-06-20T09:40:00,1,6,20,9,40,0.17533333,19.60000000,25.73666667,0.17473919
2001-06-20T09:50:00,1,6,20,9,50,0.18716667,19.45000000,26.00083333,0.18630498
2001-06-20T10:00:00,1,6,20,10,0,0.19900000,19.30000000,26.26500000,0.19784202
2001-06-20T10:10:00,1,6,20,10,10,0.25566667,19.48333333,28.43166667,0.25163080
2001-06-20T10:20:00,1,6,20,10,20,0.31233333,19.66666667,30.59833333,0.30429002
2001-06-20T10:30:00,1,6,20,10,30,0.36900000,19.85000000,32.76500000,0.35581969
2001-06-20T10:40:00,1,6,20,10,40,0.42566667,20.03333333,34.93166667,0.40621980
2001-06-20T10:50:00,1,6,20,10,50,0.48233333,20.21666667,37.09833333,0.45549036
2001-06-20T11:00:00,1,6,20,11,0,0.53900000,20.40000000,39.26500000,0.50363136
2001-06-20T11:10:00,1,6,20,11,10,0.50666667,21.13333333,38.86666667,0.47434809
2001-06-20T11:20:00,1,6,20,11,20,0.47433333,21.86666667,38.46833333,0.44494633
2001-06-20T11:30:00,1,6,20,11,30,0.44200000,22.60000000,38.07000000,0.41542608
2001-06-20T11:40:00,1,6,20,11,40,0.40966667,23.33333333,37.67166667,0.38578733
2001-06-20T11:50:00,1,6,20,11,50,0.37733333,24.06666667,37.27333333,0.35603010
2001-06-20T12:00:00,1,6,20,12,0,0.34500000,24.80000000,36.87500000,0.32615437
2001-06-20T12:10:00,1,6,20,12,10,0.33050000,24.40000000,35.96750000,0.31382611
2001-06-20T12:20:00,1,6,20,12,20,0.31600000,24.00000000,35.06000000,0.30137678
2001-06-20T12:30:00,1,6,20,12,30,0.30150000,23.60000000,34.15250000,0.28880640
2001-06-20T12:40:00,1,6,20,12,40,0.28700000,23.20000000,33.24500000,0.27611495
2001-06-20T12:50:00,1,6,20,12,50,0.27250000,22.80000000,32.33750000,0.26330244
2001-06-20T13:00:00,1,6,20,13,0,0.25800000,22.40000000,31.43000000,0.25036888
2001-06-20T13:10:00,1,6,20,13,10,0.23416667,22.31666667,30.51250000,0.22822879
2001-06-20T13:20:00,1,6,20,13,20,0.21033333,22.23333333,29.59500000,0.20588752
2001-06-20T13:30:00,1,6,20,13,30,0.18650000,22.15000000,28.67750000,0.18334507
2001-06-20T13:40:00,1,6,20,13,40,0.16266667,22.06666667,27.76000000,0.16060145
2001-06-20T13:50:00,1,6,20,13,50,0.13883333,21.98333333,26.84250000,0.13765665
2001-06-20T14:00:00,1,6,20,14,0,0.11500000,21.90000000,25.92500000,0.11451068
2001-06-20T14:10:00,1,6,20,14,10,0.13583333,21.53333333,26.28750000,0.13502886
2001-06-20T14:20:00,1,6,20,14,20,0.15666667,21.16666667,26.65000000,0.15547757
2001-06-20T14:30:00,1,6,20,14,30,0.17750000,20.80000000,27.01250000,0.17585679
2001-06-20T14:40:00,1,6,20,14,40,0.19833333,20.43333333,27.37500000,0.19616654
2001-06-20T14:50:00,1,6,20,14,50,0.21916667,20.06666667,27.73750000,0.21640681
2001-06-20T15:00:00,1,6,20,15,0,0.24000000,19.70000000,28.10000000,0.23657760
2001-06-20T15:10:00,1,6,20,15,10,0.21666667,19.90000000,27.48333333,0.21419161
2001-06-20T15:20:00,1,6,20,15,20,0.19333333,20.10000000,26.86666667,0.19167324
2001-06-20T15:30:00,1,6,20,15,30,0.17000000,20.30000000,26.25000000,0.16902250
2001-06-20T15:40:00,1,6,20,15,40,0.14666667,20.50000000,25.63333333,0.14623938
2001-06-20T15:50:00,1,6,20,15,50,0.12333333,20.70000000,25.01666667,0.12332388
2001-06-20T16:00:00,1,6,20,16,0,0.10000000,20.90000000,24.40000000,0.10027600
2001-06-20T16:10:00,1,6,20,16,10,0.08333333,20.66666667,23.58333333,0.08387639
2001-06-20T16:20:00,1,6,20,16,20,0.06666667,20.43333333,22.76666667,0.06735156
2001-06-20T16:30:00,1,6,20,16,30,0.05000000,20.20000000,21.95000000,0.05070150
2001-06-20T16:40:00,1,6,20,16,40,0.03333333,19.96666667,21.13333333,0.03392622
2001-06-20T16:50:00,1,6,20,16,50,0.01666667,19.73333333,20.31666667,0.01702572
2001-06-20T17:00:00,1,6,20,17,0,0.00000000,19.50000000,19.50000000,0.00000000
2001-06-20T17:10:00,1,6,20,17,10,0.00000000,19.18333333,19.18333333,0.00000000
2001-06-20T17:20:00,1,6,20,17,20,0.00000000,18.86666667,18.86666667,0.00000000
2001-06-20T17:30:00,1,6,20,17,30,0.00000000,18.55000000,18.55000000,0.00000000
2001-06-20T17:40:00,1,6,20,17,40,0.00000000,18.23333333,18.23333333,0.00000000
2001-06-20T17:50:00,1,6,20,17,50,0.00000000,17.91666667,17.91666667,0.00000000
2001-06-20T18:00:00,1,6,20,18,0,0.00000000,17.60000000,17.60000000,0.00000000
2001-06-20T18:10:00,1,6,20,18,10,0.00000000,17.56666667,17.56666667,0.00000000
2001-06-20T18:20:00,1,6,20,18,20,0.00000000,17.53333333,17.53333333,0.00000000
2001-06-20T18:30:00,1,6,20,18,30,0.00000000,17.50000000,17.50000000,0.00000000
2001-06-20T18:40:00,1,6,20,18,40,0.00000000,17.46666667,17.46666667,0.00000000
2001-06-20T18:50:00,1,6,20,18,50,0.00000000,17.43333333,17.43333333,0.00000000
2001-06-20T19:00:00,1,6,20,19,0,0.00000000,17.40000000,17.40000000,0.00000000
2001-06-20T19:10:00,1,6,20,19,10,0.00000000,17.38333333,17.38333333,0.00000000
2001-06-20T19:20:00,1,6,20,19,20,0.00000000,17.36666667,17.36666667,0.00000000
2001-06-20T19:30:00,1,6,20,19,30,0.00000000,17.35000000,17.35000000,0.00000000
2001-06-20T19:40:00,1,6,20,19,40,0.00000000,17.33333333,17.33333333,0.00000000
2001-06-20T19:50:00,1,6,20,19,50,0.00000000,17.31666667,17.31666667,0.00000000
2001-06-20T20:00:00,1,6,20,20,0,0.00000000,17.30000000,17.30000000,0.00000000
2001-06-20T20:10:00,1,6,20,20,10,0.00000000,17.10000000,17.10000000,0.00000000
2001-06-20T20:20:00,1,6,20,20,20,0.00000000,16.90000000,16.90000000,0.00000000
2001-06-20T20:30:00,1,6,20,20,30,0.00000000,16.70000000,16.70000000,0.00000000
2001-06-20T20:40:00,1,6,20,20,40,0.00000000,16.50000000,16.50000000,0.00000000
2001-06-20T20:50:00,1,6,20,20,50,0.00000000,16.30000000,16.30000000,0.00000000
2001-06-20T21:00:00,1,6,20,21,0,0.00000000,16.10000000,16.10000000,0.00000000
2001-06-20T21:10:00,1,6,20,21,10,0.00000000,16.13333333,16.13333333,0.00000000
2001-06-20T21:20:00,1,6,20,21,20,0.00000000,16.16666667,16.16666667,0.00000000
2001-06-20T21:30:00,1,6,20,21,30,0.00000000,16.20000000,16.20000000,0.00000000
2001-06-20T21:40:00,1,6,20,21,40,0.00000000,16.23333333,16.23333333,0.00000000
2001-06-20T21:50:00,1,6,20,21,50,0.00000000,16.26666667,16.26666667,0.00000000
2001-06-20T22:00:00,1,6,20,22,0,0.00000000,16.30000000,16.30000000,0.00000000
2001-06-20T22:10:00,1,6,20,22,10,0.00000000,16.15000000,16.15000000,0.00000000
2001-06-20T22:20:00,1,6,20,22,20,0.00000000,16.00000000,16.00000000,0.00000000
2001-06-20T22:30:00,1,6,20,22,30,0.00000000,15.85000000,15.85000000,0.00000000
2001-06-20T22:40:00,1,6,20,22,40,0.00000000,15.70000000,15.70000000,0.00000000
2001-06-20T22:50:00,1,6,20,22,50,0.00000000,15.55000000,15.55000000,0.00000000
2001-06-20T23:00:00,1,6,20,23,0,0.00000000,15.40000000,15.40000000,0.00000000
2001-06-20T23:10:00,1,6,20,23,10,0.00000000,15.41666667,15.41666667,0.00000000
2001-06-20T23:20:00,1,6,20,23,20,0.00000000,15.43333333,15.43333333,0.00000000
2001-06-20T23:30:00,1,6,20,23,30,0.00000000,15.45000000,15.45000000,0.00000000
2001-06-20T23:40:00,1,6,20,23,40,0.00000000,15.46666667,15.46666667,0.00000000
2001-06-20T23:50:00,1,6,20,23,50,0.00000000,15.48333333,15.48333333,0.00000000
2001-06-21T00:00:00,1,6,21,0,0,0.00000000,15.50000000,15.50000000,0.00000000
2001-06-21T00:10:00,1,6,21,0,10,0.00000000,15.48333333,15.48333333,0.00000000
2001-06-21T00:20:00,1,6,21,0,20,0.00000000,15.46666667,15.46666667,0.00000000
2001-06-21T00:30:00,1,6,21,0,30,0.00000000,15.45000000,15.45000000,0.00000000
2001-06-21T00:40:00,1,6,21,0,40,0.00000000,15.43333333,15.43333333,0.00000000
2001-06-21T00:50:00,1,6,21,0,50,0.00000000,15.41666667,15.41666667,0.00000000
2001-06-21T01:00:00,1,6,21,1,0,0.00000000,15.40000000,15.40000000,0.00000000
2001-06-21T01:10:00,1,6,21,1,10,0.00000000,15.35000000,15.35000000,0.00000000
2001-06-21T01:20:00,1,6,21,1,20,0.00000000,15.30000000,15.30000000,0.00000000
2001-06-21T01:30:00,1,6,21,1,30,0.00000000,15.25000000,15.25000000,0.00000000
2001-06-21T01:40:00,1,6,21,1,40,0.00000000,15.20000000,15.20000000,0.00000000
2001-06-21T01:50:00,1,6,21,1,50,0.00000000,15.15000000,15.15000000,0.00000000
2001-06-21T02:00:00,1,6,21,2,0,0.00000000,15.10000000,15.10000000,0.00000000
2001-06-21T02:10:00,1,6,21,2,10,0.00000000,15.06666667,15.06666667,0.00000000
2001-06-21T02:20:00,1,6,21,2,20,0.00000000,15.03333333,15.03333333,0.00000000
2001-06-21T02:30:00,1,6,21,2,30,0.00000000,15.00000000,15.00000000,0.00000000
2001-06-21T02:40:00,1,6,21,2,40,0.00000000,14.96666667,14.96666667,0.00000000
2001-06-21T02:50:00,1,6,21,2,50,0.00000000,14.93333333,14.93333333,0.00000000
2001-06-21T03:00:00,1,6,21,3,0,0.00000000,14.90000000,14.90000000,0.00000000
2001-06-21T03:10:00,1,6,21,3,10,0.00000000,14.88333333,14.88333333,0.00000000
2001-06-21T03:20:00,1,6,21,3,20,0.00000000,14.86666667,14.86666667,0.00000000
2001-06-21T03:30:00,1,6,21,3,30,0.00000000,14.85000000,14.85000000,0.00000000
2001-06-21T03:40:00,1,6,21,3,40,0.00000000,14.83333333,14.83333333,0.00000000
2001-06-21T03:50:00,1,6,21,3,50,0.00000000,14.81666667,14.81666667,0.00000000
2001-06-21T04:00:00,1,6,21,4,0,0.00000000,14.80000000,14.80000000,0.00000000
2001-06-21T04:10:00,1,6,21,4,10,0.00000000,14.78333333,14.78333333,0.00000000
2001-06-21T04:20:00,1,6,21,4,20,0.00000000,14.76666667,14.76666667,0.00000000
2001-06-21T04:30:00,1,6,21,4,30,0.00000000,14.75000000,14.75000000,0.00000000
2001-06-21T04:40:00,1,6,21,4,40,0.00000000,14.73333333,14.73333333,0.00000000
2001-06-21T04:50:00,1,6,21,4,50,0.00000000,14.71666667,14.71666667,0.00000000
2001-06-21T05:00:00,1,6,21,5,0,0.00000000,14.70000000,14.70000000,0.00000000
2001-06-21T05:10:00,1,6,21,5,10,0.00000000,14.70000000,14.70000000,0.00000000
2001-06-21T05:20:00,1,6,21,5,20,0.00000000,14.70000000,14.70000000,0.00000000
2001-06-21T05:30:00,1,6,21,5,30,0.00000000,14.70000000,14.70000000,0.00000000
2001-06-21T05:40:00,1,6,21,5,40,0.00000000,14.70000000,14.70000000,0.00000000
2001-06-21T05:50:00,1,6,21,5,50,0.00000000,14.70000000,14.70000000,0.00000000
2001-06-21T06:00:00,1,6,21,6,0,0.00000000,14.70000000,14.70000000,0.00000000
2001-06-21T06:10:00,1,6,21,6,10,0.01250000,14.68333333,15.12083333,0.01306805
2001-06-21T06:20:00,1,6,21,6,20,0.02500000,14.66666667,15.54166667,0.02608771
2001-06-21T06:30:00,1,6,21,6,30,0.03750000,14.65000000,15.96250000,0.03905897
2001-06-21T06:40:00,1,6,21,6,40,0.05000000,14.63333333,16.38333333,0.05198183
2001-06-21T06:50:00,1,6,21,6,50,0.06250000,14.61666667,16.80416667,0.06485630
2001-06-21T07:00:00,1,6,21,7,0,0.07500000,14.60000000,17.22500000,0.07768237
2001-06-21T07:10:00,1,6,21,7,10,0.07450000,15.01666667,17.62416667,0.07702770
2001-06-21T07:20:00,1,6,21,7,20,0.07400000,15.43333333,18.02333333,0.07637486
2001-06-21T07:30:00,1,6,21,7,30,0.07350000,15.85000000,18.42250000,0.07572385
2001-06-21T07:40:00,1,6,21,7,40,0.07300000,16.26666667,18.82166667,0.07507468
2001-06-21T07:50:00,1,6,21,7,50,0.07250000,16.68333333,19.22083333,0.07442735
2001-06-21T08:00:00,1,6,21,8,0,0.07200000,17.10000000,19.62000000,0.07378186
2001-06-21T08:10:00,1,6,21,8,10,0.10383333,17.05000000,20.68416667,0.10589472
2001-06-21T08:20:00,1,6,21,8,20,0.13566667,17.00000000,21.74833333,0.13769592
2001-06-21T08:30:00,1,6,21,8,30,0.16750000,16.95000000,22.81250000,0.16918547
2001-06-21T08:40:00,1,6,21,8,40,0.19933333,16.90000000,23.87666667,0.20036336
2001-06-21T08:50:00,1,6,21,8,50,0.23116667,16.85000000,24.94083333,0.23122958
2001-06-21T09:00:00,1,6,21,9,0,0.26300000,16.80000000,26.00500000,0.26178415
2001-06-21T09:10:00,1,6,21,9,10,0.30333333,17.60000000,28.21666667,0.29884501
2001-06-21T09:20:00,1,6,21,9,20,0.34366667,18.40000000,30.42833333,0.33508520
2001-06-21T09:30:00,1,6,21,9,30,0.38400000,19.20000000,32.64000000,0.37050470
2001-06-21T09:40:00,1,6,21,9,40,0.42433333,20.00000000,34.85166667,0.40510354
2001-06-21T09:50:00,1,6,21,9,50,0.46466667,20.80000000,37.06333333,0.43888169
2001-06-21T10:00:00,1,6,21,10,0,0.50500000,21.60000000,39.27500000,0.47183917
2001-06-21T10:10:00,1,6,21,10,10,0.51366667,22.55000000,40.52833333,0.47697529
2001-06-21T10:20:00,1,6,21,10,20,0.52233333,23.50000000,41.78166667,0.48201146
2001-06-21T10:30:00,1,6,21,10,30,0.53100000,24.45000000,43.03500000,0.48694771
2001-06-21T10:40:00,1,6,21,10,40,0.53966667,25.40000000,44.28833333,0.49178402
2001-06-21T10:50:00,1,6,21,10,50,0.54833333,26.35000000,45.54166667,0.49652040
2001-06-21T11:00:00,1,6,21,11,0,0.55700000,27.30000000,46.79500000,0.50115685
2001-06-21T11:10:00,1,6,21,11,10,0.52700000,27.63333333,46.07833333,0.47590190
2001-06-21T11:20:00,1,6,21,11,20,0.49700000,27.96666667,45.36166667,0.45044916
2001-06-21T11:30:00,1,6,21,11,30,0.46700000,28.30000000,44.64500000,0.42479861
2001-06-21T11:40:00,1,6,21,11,40,0.43700000,28.63333333,43.92833333,0.39895026
2001-06-21T11:50:00,1,6,21,11,50,0.40700000,28.96666667,43.21166667,0.37290412
2001-06-21T12:00:00,1,6,21,12,0,0.37700000,29.30000000,42.49500000,0.34666017
2001-06-21T12:10:00,1,6,21,12,10,0.34500000,28.65000000,40.72500000,0.32004443
2001-06-21T12:20:00,1,6,21,12,20,0.31300000,28.00000000,38.95500000,0.29290759
2001-06-21T12:30:00,1,6,21,12,30,0.28100000,27.35000000,37.18500000,0.26524967
2001-06-21T12:40:00,1,6,21,12,40,0.24900000,26.70000000,35.41500000,0.23707066
2001-06-21T12:50:00,1,6,21,12,50,0.21700000,26.05000000,33.64500000,0.20837056
2001-06-21T13:00:00,1,6,21,13,0,0.18500000,25.40000000,31.87500000,0.17914937
2001-06-21T13:10:00,1,6,21,13,10,0.17700000,24.70000000,30.89500000,0.17220029
2001-06-21T13:20:00,1,6,21,13,20,0.16900000,24.00000000,29.91500000,0.16517908
2001-06-21T13:30:00,1,6,21,13,30,0.16100000,23.30000000,28.93500000,0.15808574
2001-06-21T13:40:00,1,6,21,13,40,0.15300000,22.60000000,27.95500000,0.15092027
2001-06-21T13:50:00,1,6,21,13,50,0.14500000,21.90000000,26.97500000,0.14368268
2001-06-21T14:00:00,1,6,21,14,0,0.13700000,21.20000000,25.99500000,0.13637295
2001-06-21T14:10:00,1,6,21,14,10,0.15750000,20.91666667,26.42916667,0.15646457
2001-06-21T14:20:00,1,6,21,14,20,0.17800000,20.63333333,26.86333333,0.17647430
2001-06-21T14:30:00,1,6,21,14,30,0.19850000,20.35000000,27.29750000,0.19640215
2001-06-21T14:40:00,1,6,21,14,40,0.21900000,20.06666667,27.73166667,0.21624812
2001-06-21T14:50:00,1,6,21,14,50,0.23950000,19.78333333,28.16583333,0.23601220
2001-06-21T15:00:00,1,6,21,15,0,0.26000000,19.50000000,28.60000000,0.25569440
2001-06-21T15:10:00,1,6,21,15,10,0.22183333,20.01666667,27.78083333,0.21899568
2001-06-21T15:20:00,1,6,21,15,20,0.18366667,20.53333333,26.96166667,0.18200932
2001-06-21T15:30:00,1,6,21,15,30,0.14550000,21.05000000,26.14250000,0.14473532
2001-06-21T15:40:00,1,6,21,15,40,0.10733333,21.56666667,25.32333333,0.10717369
2001-06-21T15:50:00,1,6,21,15,50,0.06916667,22.08333333,24.50416667,0.06932442
2001-06-21T16:00:00,1,6,21,16,0,0.03100000,22.60000000,23.68500000,0.03118752
2001-06-21T16:10:00,1,6,21,16,10,0.02583333,21.73333333,22.63750000,0.02611408
2001-06-21T16:20:00,1,6,21,16,20,0.02066667,20.86666667,21.59000000,0.02099084
2001-06-21T16:30:00,1,6,21,16,30,0.01550000,20.00000000,20.54250000,0.01581782
2001-06-21T16:40:00,1,6,21,16,40,0.01033333,19.13333333,19.49500000,0.01059500
2001-06-21T16:50:00,1,6,21,16,50,0.00516667,18.26666667,18.44750000,0.00532240
2001-06-21T17:00:00,1,6,21,17,0,0.00000000,17.40000000,17.40000000,0.00000000
2001-06-21T17:10:00,1,6,21,17,10,0.00000000,17.21666667,17.21666667,0.00000000
2001-06-21T17:20:00,1,6,21,17,20,0.00000000,17.03333333,17.03333333,0.00000000
2001-06-21T17:30:00,1,6,21,17,30,0.00000000,16.85000000,16.85000000,0.00000000
2001-06-21T17:40:00,1,6,21,17,40,0.00000000,16.66666667,16.66666667,0.00000000
2001-06-21T17:50:00,1,6,21,17,50,0.00000000,16.48333333,16.48333333,0.00000000
2001-06-21T18:00:00,1,6,21,18,0,0.00000000,16.30000000,16.30000000,0.00000000
2001-06-21T18:10:00,1,6,21,18,10,0.00000000,16.20000000,16.20000000,0.00000000
2001-06-21T18:20:00,1,6,21,18,20,0.00000000,16.10000000,16.10000000,0.00000000
2001-06-21T18:30:00,1,6,21,18,30,0.00000000,16.00000000,16.00000000,0.00000000
2001-06-21T18:40:00,1,6,21,18,40,0.00000000,15.90000000,15.90000000,0.00000000
2001-06-21T18:50:00,1,6,21,18,50,0.00000000,15.80000000,15.80000000,0.00000000
2001-06-21T19:00:00,1,6,21,19,0,0.00000000,15.70000000,15.70000000,0.00000000
2001-06-21T19:10:00,1,6,21,19,10,0.00000000,15.61666667,15.61666667,0.00000000
2001-06-21T19:20:00,1,6,21,19,20,0.00000000,15.53333333,15.53333333,0.00000000
2001-06-21T19:30:00,1,6,21,19,30,0.00000000,15.45000000,15.45000000,0.00000000
2001-06-21T19:40:00,1,6,21,19,40,0.00000000,15.36666667,15.36666667,0.00000000
2001-06-21T19:50:00,1,6,21,19,50,0.00000000,15.28333333,15.28333333,0.00000000
2001-06-21T20:00:00,1,6,21,20,0,0.00000000,15.20000000,15.20000000,0.00000000
2001-06-21T20:10:00,1,6,21,20,10,0.00000000,15.15000000,15.15000000,0.00000000
2001-06-21T20:20:00,1,6,21,20,20,0.00000000,15.10000000,15.10000000,0.00000000
2001-06-21T20:30:00,1,6,21,20,30,0.00000000,15.05000000,15.05000000,0.00000000
2001-06-21T20:40:00,1,6,21,20,40,0.00000000,15.00000000,15.00000000,0.00000000
2001-06-21T20:50:00,1,6,21,20,50,0.00000000,14.95000000,14.95000000,0.00000000
2001-06-21T21:00:00,1,6,21,21,0,0.00000000,14.90000000,14.90000000,0.00000000
2001-06-21T21:10:00,1,6,21,21,10,0.00000000,14.75000000,14.75000000,0.00000000
2001-06-21T21:20:00,1,6,21,21,20,0.00000000,14.60000000,14.60000000,0.00000000
2001-06-21T21:30:00,1,6,21,21,30,0.00000000,14.45000000,14.45000000,0.00000000
2001-06-21T21:40:00,1,6,21,21,40,0.00000000,14.30000000,14.30000000,0.00000000
2001-06-21T21:50:00,1,6,21,21,50,0.00000000,14.15000000,14.15000000,0.00000000
2001-06-21T22:00:00,1,6,21,22,0,0.00000000,14.00000000,14.00000000,0.00000000
2001-06-21T22:10:00,1,6,21,22,10,0.00000000,13.81666667,13.81666667,0.00000000
2001-06-21T22:20:00,1,6,21,22,20,0.00000000,13.63333333,13.63333333,0.00000000
2001-06-21T22:30:00,1,6,21,22,30,0.00000000,13.45000000,13.45000000,0.00000000
2001-06-21T22:40:00,1,6,21,22,40,0.00000000,13.26666667,13.26666667,0.00000000
2001-06-21T22:50:00,1,6,21,22,50,0.00000000,13.08333333,13.08333333,0.00000000
2001-06-21T23:00:00,1,6,21,23,0,0.00000000,12.90000000,12.90000000,0.00000000
2001-06-21T23:10:00,1,6,21,23,10,0.00000000,12.85000000,12.85000000,0.00000000
2001-06-21T23:20:00,1,6,21,23,20,0.00000000,12.80000000,12.80000000,0.00000000
2001-06-21T23:30:00,1,6,21,23,30,0.00000000,12.75000000,12.75000000,0.00000000
2001-06-21T23:40:00,1,6,21,23,40,0.00000000,12.70000000,12.70000000,0.00000000
2001-06-21T23:50:00,1,6,21,23,50,0.00000000,12.65000000,12.65000000,0.00000000
2001-06-22T00:00:00,1,6,22,0,0,0.00000000,12.60000000,12.60000000,0.00000000
2001-06-22T00:10:00,1,6,22,0,10,0.00000000,12.50000000,12.50000000,0.00000000
2001-06-22T00:20:00,1,6,22,0,20,0.00000000,12.40000000,12.40000000,0.00000000
2001-06-22T00:30:00,1,6,22,0,30,0.00000000,12.30000000,12.30000000,0.00000000
2001-06-22T00:40:00,1,6,22,0,40,0.00000000,12.20000000,12.20000000,0.00000000
2001-06-22T00:50:00,1,6,22,0,50,0.00000000,12.10000000,12.10000000,0.00000000
2001-06-22T01:00:00,1,6,22,1,0,0.00000000,12.00000000,12.00000000,0.00000000
2001-06-22T01:10:00,1,6,22,1,10,0.00000000,12.06666667,12.06666667,0.00000000
2001-06-22T01:20:00,1,6,22,1,20,0.00000000,12.13333333,12.13333333,0.00000000
2001-06-22T01:30:00,1,6,22,1,30,0.00000000,12.20000000,12.20000000,0.00000000
2001-06-22T01:40:00,1,6,22,1,40,0.00000000,12.26666667,12.26666667,0.00000000
2001-06-22T01:50:00,1,6,22,1,50,0.00000000,12.33333333,12.33333333,0.00000000
2001-06-22T02:00:00,1,6,22,2,0,0.00000000,12.40000000,12.40000000,0.00000000
2001-06-22T02:10:00,1,6,22,2,10,0.00000000,12.35000000,12.35000000,0.00000000
2001-06-22T02:20:00,1,6,22,2,20,0.00000000,12.30000000,12.30000000,0.00000000
2001-06-22T02:30:00,1,6,22,2,30,0.00000000,12.25000000,12.25000000,0.00000000
2001-06-22T02:40:00,1,6,22,2,40,0.00000000,12.20000000,12.20000000,0.00000000
2001-06-22T02:50:00,1,6,22,2,50,0.00000000,12.15000000,12.15000000,0.00000000
2001-06-22T03:00:00,1,6,22,3,0,0.00000000,12.10000000,12.10000000,0.00000000
2001-06-22T03:10:00,1,6,22,3,10,0.00000000,12.13333333,12.13333333,0.00000000
2001-06-22T03:20:00,1,6,22,3,20,0.00000000,12.16666667,12.16666667,0.00000000
2001-06-22T03:30:00,1,6,22,3,30,0.00000000,12.20000000,12.20000000,0.00000000
2001-06-22T03:40:00,1,6,22,3,40,0.00000000,12.23333333,12.23333333,0.00000000
2001-06-22T03:50:00,1,6,22,3,50,0.00000000,12.26666667,12.26666667,0.00000000
2001-06-22T04:00:00,1,6,22,4,0,0.00000000,12.30000000,12.30000000,0.00000000
2001-06-22T04:10:00,1,6,22,4,10,0.00000000,12.21666667,12.21666667,0.00000000
2001-06-22T04:20:00,1,6,22,4,20,0.00000000,12.13333333,12.13333333,0.00000000
2001-06-22T04:30:00,1,6,22,4,30,0.00000000,12.05000000,12.05000000,0.00000000
2001-06-22T04:40:00,1,6,22,4,40,0.00000000,11.96666667,11.96666667,0.00000000
2001-06-22T04:50:00,1,6,22,4,50,0.00000000,11.88333333,11.88333333,0.00000000
2001-06-22T05:00:00,1,6,22,5,0,0.00000000,11.80000000,11.80000000,0.00000000
2001-06-22T05:10:00,1,6,22,5,10,0.00000000,11.80000000,11.80000000,0.00000000
2001-06-22T05:20:00,1,6,22,5,20,0.00000000,11.80000000,11.80000000,0.00000000
2001-06-22T05:30:00,1,6,22,5,30,0.00000000,11.80000000,11.80000000,0.00000000
2001-06-22T05:40:00,1,6,22,5,40,0.00000000,11.80000000,11.80000000,0.00000000
2001-06-22T05:50:00,1,6,22,5,50,0.00000000,11.80000000,11.80000000,0.00000000
2001-06-22T06:00:00,1,6,22,6,0,0.00000000,11.80000000,11.80000000,0.00000000
2001-06-22T06:10:00,1,6,22,6,10,0.01933333,11.91666667,12.59333333,0.02043670
2001-06-22T06:20:00,1,6,22,6,20,0.03866667,12.03333333,13.38666667,0.04073229
2001-06-22T06:30:00,1,6,22,6,30,0.05800000,12.15000000,14.18000000,0.06088678
2001-06-22T06:40:00,1,6,22,6,40,0.07733333,12.26666667,14.97333333,0.08090015
2001-06-22T06:50:00,1,6,22,6,50,0.09666667,12.38333333,15.76666667,0.10077242
2001-06-22T07:00:00,1,6,22,7,0,0.11600000,12.50000000,16.56000000,0.12050358
2001-06-22T07:10:00,1,6,22,7,10,0.14700000,12.83333333,17.97833333,0.15174805
2001-06-22T07:20:00,1,6,22,7,20,0.17800000,13.16666667,19.39666667,0.18258801
2001-06-22T07:30:00,1,6,22,7,30,0.20900000,13.50000000,20.81500000,0.21302346
2001-06-22T07:40:00,1,6,22,7,40,0.24000000,13.83333333,22.23333333,0.24305440
2001-06-22T07:50:00,1,6,22,7,50,0.27100000,14.16666667,23.65166667,0.27268083
2001-06-22T08:00:00,1,6,22,8,0,0.30200000,14.50000000,25.07000000,0.30190276
2001-06-22T08:10:00,1,6,22,8,10,0.31533333,14.83333333,25.87000000,0.31407137
2001-06-22T08:20:00,1,6,22,8,20,0.32866667,15.16666667,26.67000000,0.32614185
2001-06-22T08:30:00,1,6,22,8,30,0.34200000,15.50000000,27.47000000,0.33811420
2001-06-22T08:40:00,1,6,22,8,40,0.35533333,15.83333333,28.27000000,0.34998841
2001-06-22T08:50:00,1,6,22,8,50,0.36866667,16.16666667,29.07000000,0.36176449
2001-06-22T09:00:00,1,6,22,9,0,0.38200000,16.50000000,29.87000000,0.37344244
2001-06-22T09:10:00,1,6,22,9,10,0.39266667,16.78333333,30.52666667,0.38268403
2001-06-22T09:20:00,1,6,22,9,20,0.40333333,17.06666667,31.18333333,0.39186119
2001-06-22T09:30:00,1,6,22,9,30,0.41400000,17.35000000,31.84000000,0.40097390
2001-06-22T09:40:00,1,6,22,9,40,0.42466667,17.63333333,32.49666667,0.41002218
2001-06-22T09:50:00,1,6,22,9,50,0.43533333,17.91666667,33.15333333,0.41900601
2001-06-22T10:00:00,1,6,22,10,0,0.44600000,18.20000000,33.81000000,0.42792540
2001-06-22T10:10:00,1,6,22,10,10,0.48116667,18.33333333,35.17416667,0.45864751
2001-06-22T10:20:00,1,6,22,10,20,0.51633333,18.46666667,36.53833333,0.48892825
2001-06-22T10:30:00,1,6,22,10,30,0.55150000,18.60000000,37.90250000,0.51876765
2001-06-22T10:40:00,1,6,22,10,40,0.58666667,18.73333333,39.26666667,0.54816569
2001-06-22T10:50:00,1,6,22,10,50,0.62183333,18.86666667,40.63083333,0.57712238
2001-06-22T11:00:00,1,6,22,11,0,0.65700000,19.00000000,41.99500000,0.60563771
2001-06-22T11:10:00,1,6,22,11,10,0.63150000,19.36666667,41.46916667,0.58365872
2001-06-22T11:20:00,1,6,22,11,20,0.60600000,19.73333333,40.94333333,0.56155636
2001-06-22T11:30:00,1,6,22,11,30,0.58050000,20.10000000,40.41750000,0.53933065
2001-06-22T11:40:00,1,6,22,11,40,0.55500000,20.46666667,39.89166667,0.51698158
2001-06-22T11:50:00,1,6,22,11,50,0.52950000,20.83333333,39.36583333,0.49450914
2001-06-22T12:00:00,1,6,22,12,0,0.50400000,21.20000000,38.84000000,0.47191334
2001-06-22T12:10:00,1,6,22,12,10,0.52250000,21.16666667,39.45416667,0.48775941
2001-06-22T12:20:00,1,6,22,12,20,0.54100000,21.13333333,40.06833333,0.50350095
2001-06-22T12:30:00,1,6,22,12,30,0.55950000,21.10000000,40.68250000,0.51913795
2001-06-22T12:40:00,1,6,22,12,40,0.57800000,21.06666667,41.29666667,0.53467042
2001-06-22T12:50:00,1,6,22,12,50,0.59650000,21.03333333,41.91083333,0.55009836
2001-06-22T13:00:00,1,6,22,13,0,0.61500000,21.00000000,42.52500000,0.56542178
2001-06-22T13:10:00,1,6,22,13,10,0.56833333,21.20000000,41.09166667,0.52626435
2001-06-22T13:20:00,1,6,22,13,20,0.52166667,21.40000000,39.65833333,0.48649155
2001-06-22T13:30:00,1,6,22,13,30,0.47500000,21.60000000,38.22500000,0.44610337
2001-06-22T13:40:00,1,6,22,13,40,0.42833333,21.80000000,36.79166667,0.40509982
2001-06-22T13:50:00,1,6,22,13,50,0.38166667,22.00000000,35.35833333,0.36348089
2001-06-22T14:00:00,1,6,22,14,0,0.33500000,22.20000000,33.92500000,0.32124658
2001-06-22T14:10:00,1,6,22,14,10,0.31266667,21.85000000,32.79333333,0.30145778
2001-06-22T14:20:00,1,6,22,14,20,0.29033333,21.50000000,31.66166667,0.28143646
2001-06-22T14:30:00,1,6,22,14,30,0.26800000,21.15000000,30.53000000,0.26118262
2001-06-22T14:40:00,1,6,22,14,40,0.24566667,20.80000000,29.39833333,0.24069626
2001-06-22T14:50:00,1,6,22,14,50,0.22333333,20.45000000,28.26666667,0.21997738
2001-06-22T15:00:00,1,6,22,15,0,0.20100000,20.10000000,27.13500000,0.19902598
2001-06-22T15:10:00,1,6,22,15,10,0.18183333,19.83333333,26.19750000,0.18083170
2001-06-22T15:20:00,1,6,22,15,20,0.16266667,19.56666667,25.26000000,0.16247212
2001-06-22T15:30:00,1,6,22,15,30,0.14350000,19.30000000,24.32250000,0.14394722
2001-06-22T15:40:00,1,6,22,15,40,0.12433333,19.03333333,23.38500000,0.12525701
2001-06-22T15:50:00,1,6,22,15,50,0.10516667,18.76666667,22.44750000,0.10640148
2001-06-22T16:00:00,1,6,22,16,0,0.08600000,18.50000000,21.51000000,0.08738064
2001-06-22T16:10:00,1,6,22,16,10,0.07166667,18.38333333,20.89166667,0.07302105
2001-06-22T16:20:00,1,6,22,16,20,0.05733333,18.26666667,20.27333333,0.05857991
2001-06-22T16:30:00,1,6,22,16,30,0.04300000,18.15000000,19.65500000,0.04405724
2001-06-22T16:40:00,1,6,22,16,40,0.02866667,18.03333333,19.03666667,0.02945303
2001-06-22T16:50:00,1,6,22,16,50,0.01433333,17.91666667,18.41833333,0.01476728
2001-06-22T17:00:00,1,6,22,17,0,0.00000000,17.80000000,17.80000000,0.00000000
2001-06-22T17:10:00,1,6,22,17,10,0.00000000,17.68333333,17.68333333,0.00000000
2001-06-22T17:20:00,1,6,22,17,20,0.00000000,17.56666667,17.56666667,0.00000000
2001-06-22T17:30:00,1,6,22,17,30,0.00000000,17.45000000,17.45000000,0.00000000
2001-06-22T17:40:00,1,6,22,17,40,0.00000000,17.33333333,17.33333333,0.00000000
2001-06-22T17:50:00,1,6,22,17,50,0.00000000,17.21666667,17.21666667,0.00000000
2001-06-22T18:00:00,1,6,22,18,0,0.00000000,17.10000000,17.10000000,0.00000000
2001-06-22T18:10:00,1,6,22,18,10,0.00000000,16.90000000,16.90000000,0.00000000
2001-06-22T18:20:00,1,6,22,18,20,0.00000000,16.70000000,16.70000000,0.00000000
2001-06-22T18:30:00,1,6,22,18,30,0.00000000,16.50000000,16.50000000,0.00000000
2001-06-22T18:40:00,1,6,22,18,40,0.00000000,16.30000000,16.30000000,0.00000000
2001-06-22T18:50:00,1,6,22,18,50,0.00000000,16.10000000,16.10000000,0.00000000
2001-06-22T19:00:00,1,6,22,19,0,0.00000000,15.90000000,15.90000000,0.00000000
2001-06-22T19:10:00,1,6,22,19,10,0.00000000,15.80000000,15.80000000,0.00000000
2001-06-22T19:20:00,1,6,22,19,20,0.00000000,15.70000000,15.70000000,0.00000000
2001-06-22T19:30:00,1,6,22,19,30,0.00000000,15.60000000,15.60000000,0.00000000
2001-06-22T19:40:00,1,6,22,19,40,0.00000000,15.50000000,15.50000000,0.00000000
2001-06-22T19:50:00,1,6,22,19,50,0.00000000,15.40000000,15.40000000,0.00000000
2001-06-22T20:00:00,1,6,22,20,0,0.00000000,15.30000000,15.30000000,0.00000000
2001-06-22T20:10:00,1,6,22,20,10,0.00000000,15.35000000,15.35000000,0.00000000
2001-06-22T20:20:00,1,6,22,20,20,0.00000000,15.40000000,15.40000000,0.00000000
2001-06-22T20:30:00,1,6,22,20,30,0.00000000,15.45000000,15.45000000,0.00000000
2001-06-22T20:40:00,1,6,22,20,40,0.00000000,15.50000000,15.50000000,0.00000000
2001-06-22T20:50:00,1,6,22,20,50,0.00000000,15.55000000,15.55000000,0.00000000
2001-06-22T21:00:00,1,6,22,21,0,0.00000000,15.60000000,15.60000000,0.00000000
2001-06-22T21:10:00,1,6,22,21,10,0.00000000,15.46666667,15.46666667,0.00000000
2001-06-22T21:20:00,1,6,22,21,20,0.00000000,15.33333333,15.33333333,0.00000000
2001-06-22T21:30:00,1,6,22,21,30,0.00000000,15.20000000,15.20000000,0.00000000
2001-06-22T21:40:00,1,6,22,21,40,0.00000000,15.06666667,15.06666667,0.00000000
2001-06-22T21:50:00,1,6,22,21,50,0.00000000,14.93333333,14.93333333,0.00000000
2001-06-22T22:00:00,1,6,22,22,0,0.00000000,14.80000000,14.80000000,0.00000000
2001-06-22T22:10:00,1,6,22,22,10,0.00000000,14.68333333,14.68333333,0.00000000
2001-06-22T22:20:00,1,6,22,22,20,0.00000000,14.56666667,14.56666667,0.00000000
2001-06-22T22:30:00,1,6,22,22,30,0.00000000,14.45000000,14.45000000,0.00000000
2001-06-22T22:40:00,1,6,22,22,40,0.00000000,14.33333333,14.33333333,0.00000000
2001-06-22T22:50:00,1,6,22,22,50,0.00000000,14.21666667,14.21666667,0.00000000
2001-06-22T23:00:00,1,6,22,23,0,0.00000000,14.10000000,14.10000000,0.00000000
2001-06-22T23:10:00,1,6,22,23,10,0.00000000,14.28333333,14.28333333,0.00000000
2001-06-22T23:20:00,1,6,22,23,20,0.00000000,14.46666667,14.46666667,0.00000000
2001-06-22T23:30:00,1,6,22,23,30,0.00000000,14.65000000,14.65000000,0.00000000
2001-06-22T23:40:00,1,6,22,23,40,0.00000000,14.83333333,14.83333333,0.00000000
2001-06-22T23:50:00,1,6,22,23,50,0.00000000,15.01666667,15.01666667,0.00000000
2001-06-23T00:00:00,1,6,23,0,0,0.00000000,15.20000000,15.20000000,0.00000000
2001-06-23T00:10:00,1,6,23,0,10,0.00000000,15.18333333,15.18333333,0.00000000
2001-06-23T00:20:00,1,6,23,0,20,0.00000000,15.16666667,15.16666667,0.00000000
2001-06-23T00:30:00,1,6,23,0,30,0.00000000,15.15000000,15.15000000,0.00000000
2001-06-23T00:40:00,1,6,23,0,40,0.00000000,15.13333333,15.13333333,0.00000000
2001-06-23T00:50:00,1,6,23,0,50,0.00000000,15.11666667,15.11666667,0.00000000
2001-06-23T01:00:00,1,6,23,1,0,0.00000000,15.10000000,15.10000000,0.00000000
2001-06-23T01:10:00,1,6,23,1,10,0.00000000,15.03333333,15.03333333,0.00000000
2001-06-23T01:20:00,1,6,23,1,20,0.00000000,14.96666667,14.96666667,0.00000000
2001-06-23T01:30:00,1,6,23,1,30,0.00000000,14.90000000,14.90000000,0.00000000
2001-06-23T01:40:00,1,6,23,1,40,0.00000000,14.83333333,14.83333333,0.00000000
2001-06-23T01:50:00,1,6,23,1,50,0.00000000,14.76666667,14.76666667,0.00000000
2001-06-23T02:00:00,1,6,23,2,0,0.00000000,14.70000000,14.70000000,0.00000000
2001-06-23T02:10:00,1,6,23,2,10,0.00000000,14.61666667,14.61666667,0.00000000
2001-06-23T02:20:00,1,6,23,2,20,0.00000000,14.53333333,14.53333333,0.00000000
2001-06-23T02:30:00,1,6,23,2,30,0.00000000,14.45000000,14.45000000,0.00000000
2001-06-23T02:40:00,1,6,23,2,40,0.00000000,14.36666667,14.36666667,0.00000000
2001-06-23T02:50:00,1,6,23,2,50,0.00000000,14.28333333,14.28333333,0.00000000
2001-06-23T03:00:00,1,6,23,3,0,0.00000000,14.20000000,14.20000000,0.00000000
2001-06-23T03:10:00,1,6,23,3,10,0.00000000,14.30000000,14.30000000,0.00000000
2001-06-23T03:20:00,1,6,23,3,20,0.00000000,14.40000000,14.40000000,0.00000000
2001-06-23T03:30:00,1,6,23,3,30,0.00000000,14.50000000,14.50000000,0.00000000
2001-06-23T03:40:00,1,6,23,3,40,0.00000000,14.60000000,14.60000000,0.00000000
2001-06-23T03:50:00,1,6,23,3,50,0.00000000,14.70000000,14.70000000,0.00000000
2001-06-23T04:00:00,1,6,23,4,0,0.00000000,14.80000000,14.80000000,0.00000000
2001-06-23T04:10:00,1,6,23,4,10,0.00000000,14.73333333,14.73333333,0.00000000
2001-06-23T04:20:00,1,6,23,4,20,0.00000000,14.66666667,14.66666667,0.00000000
2001-06-23T04:30:00,1,6,23,4,30,0.00000000,14.60000000,14.60000000,0.00000000
2001-06-23T04:40:00,1,6,23,4,40,0.00000000,14.53333333,14.53333333,0.00000000
2001-06-23T04:50:00,1,6,23,4,50,0.00000000,14.46666667,14.46666667,0.00000000
2001-06-23T05:00:00,1,6,23,5,0,0.00000000,14.40000000,14.40000000,0.00000000
2001-06-23T05:10:00,1,6,23,5,10,0.00000000,14.46666667,14.46666667,0.00000000
2001-06-23T05:20:00,1,6,23,5,20,0.00000000,14.53333333,14.53333333,0.00000000
2001-06-23T05:30:00,1,6,23,5,30,0.00000000,14.60000000,14.60000000,0.00000000
2001-06-23T05:40:00,1,6,23,5,40,0.00000000,14.66666667,14.66666667,0.00000000
2001-06-23T05:50:00,1,6,23,5,50,0.00000000,14.73333333,14.73333333,0.00000000
2001-06-23T06:00:00,1,6,23,6,0,0.00000000,14.80000000,14.80000000,0.00000000
2001-06-23T06:10:00,1,6,23,6,10,0.00416667,14.80000000,14.94583333,0.00435937
2001-06-23T06:20:00,1,6,23,6,20,0.00833333,14.80000000,15.09166667,0.00871315
2001-06-23T06:30:00,1,6,23,6,30,0.01250000,14.80000000,15.23750000,0.01306134
2001-06-23T06:40:00,1,6,23,6,40,0.01666667,14.80000000,15.38333333,0.01740394
2001-06-23T06:50:00,1,6,23,6,50,0.02083333,14.80000000,15.52916667,0.02174095
2001-06-23T07:00:00,1,6,23,7,0,0.02500000,14.80000000,15.67500000,0.02607237
2001-06-23T07:10:00,1,6,23,7,10,0.05116667,15.01666667,16.80750000,0.05309491
2001-06-23T07:20:00,1,6,23,7,20,0.07733333,15.23333333,17.94000000,0.07984481
2001-06-23T07:30:00,1,6,23,7,30,0.10350000,15.45000000,19.07250000,0.10632208
2001-06-23T07:40:00,1,6,23,7,40,0.12966667,15.66666667,20.20500000,0.13252672
2001-06-23T07:50:00,1,6,23,7,50,0.15583333,15.88333333,21.33750000,0.15845874
2001-06-23T08:00:00,1,6,23,8,0,0.18200000,16.10000000,22.47000000,0.18411812
2001-06-23T08:10:00,1,6,23,8,10,0.16766667,16.55000000,22.41833333,0.16965782
2001-06-23T08:20:00,1,6,23,8,20,0.15333333,17.00000000,22.36666667,0.15519071
2001-06-23T08:30:00,1,6,23,8,30,0.13900000,17.45000000,22.31500000,0.14071679
2001-06-23T08:40:00,1,6,23,8,40,0.12466667,17.90000000,22.26333333,0.12623605
2001-06-23T08:50:00,1,6,23,8,50,0.11033333,18.35000000,22.21166667,0.11174851
2001-06-23T09:00:00,1,6,23,9,0,0.09600000,18.80000000,22.16000000,0.09725414
2001-06-23T09:10:00,1,6,23,9,10,0.10783333,18.66666667,22.44083333,0.10910277
2001-06-23T09:20:00,1,6,23,9,20,0.11966667,18.53333333,22.72166667,0.12092081
2001-06-23T09:30:00,1,6,23,9,30,0.13150000,18.40000000,23.00250000,0.13270829
2001-06-23T09:40:00,1,6,23,9,40,0.14333333,18.26666667,23.28333333,0.14446519
2001-06-23T09:50:00,1,6,23,9,50,0.15516667,18.13333333,23.56416667,0.15619152
2001-06-23T10:00:00,1,6,23,10,0,0.16700000,18.00000000,23.84500000,0.16788727
2001-06-23T10:10:00,1,6,23,10,10,0.22800000,18.28333333,26.26333333,0.22667502
2001-06-23T10:20:00,1,6,23,10,20,0.28900000,18.56666667,28.68166667,0.28410559
2001-06-23T10:30:00,1,6,23,10,30,0.35000000,18.85000000,31.10000000,0.34017900
2001-06-23T10:40:00,1,6,23,10,40,0.41100000,19.13333333,33.51833333,0.39489524
2001-06-23T10:50:00,1,6,23,10,50,0.47200000,19.41666667,35.93666667,0.44825431
2001-06-23T11:00:00,1,6,23,11,0,0.53300000,19.70000000,38.35500000,0.50025621
2001-06-23T11:10:00,1,6,23,11,10,0.47050000,20.91666667,37.38416667,0.44369695
2001-06-23T11:20:00,1,6,23,11,20,0.40800000,22.13333333,36.41333333,0.38657946
2001-06-23T11:30:00,1,6,23,11,30,0.34550000,23.35000000,35.44250000,0.32890373
2001-06-23T11:40:00,1,6,23,11,40,0.28300000,24.56666667,34.47166667,0.27066978
2001-06-23T11:50:00,1,6,23,11,50,0.22050000,25.78333333,33.50083333,0.21187760
2001-06-23T12:00:00,1,6,23,12,0,0.15800000,27.00000000,32.53000000,0.15252720
2001-06-23T12:10:00,1,6,23,12,10,0.21233333,25.76666667,33.19833333,0.20432575
2001-06-23T12:20:00,1,6,23,12,20,0.26666667,24.53333333,33.86666667,0.25579022
2001-06-23T12:30:00,1,6,23,12,30,0.32100000,23.30000000,34.53500000,0.30692062
2001-06-23T12:40:00,1,6,23,12,40,0.37533333,22.06666667,35.20333333,0.35771694
2001-06-23T12:50:00,1,6,23,12,50,0.42966667,20.83333333,35.87166667,0.40817918
2001-06-23T13:00:00,1,6,23,13,0,0.48400000,19.60000000,36.54000000,0.45830734
2001-06-23T13:10:00,1,6,23,13,10,0.43266667,20.78333333,35.92666667,0.41091969
2001-06-23T13:20:00,1,6,23,13,20,0.38133333,21.96666667,35.31333333,0.36324237
2001-06-23T13:30:00,1,6,23,13,30,0.33000000,23.15000000,34.70000000,0.31527540
2001-06-23T13:40:00,1,6,23,13,40,0.27866667,24.33333333,34.08666667,0.26701877
2001-06-23T13:50:00,1,6,23,13,50,0.22733333,25.51666667,33.47333333,0.21847249
2001-06-23T14:00:00,1,6,23,14,0,0.17600000,26.70000000,32.86000000,0.16963654
2001-06-23T14:10:00,1,6,23,14,10,0.17066667,25.68333333,31.65666667,0.16544074
2001-06-23T14:20:00,1,6,23,14,20,0.16533333,24.66666667,30.45333333,0.16118589
2001-06-23T14:30:00,1,6,23,14,30,0.16000000,23.65000000,29.25000000,0.15687200
2001-06-23T14:40:00,1,6,23,14,40,0.15466667,22.63333333,28.04666667,0.15249906
2001-06-23T14:50:00,1,6,23,14,50,0.14933333,21.61666667,26.84333333,0.14806709
2001-06-23T15:00:00,1,6,23,15,0,0.14400000,20.60000000,25.64000000,0.14357606
2001-06-23T15:10:00,1,6,23,15,10,0.13016667,20.40000000,24.95583333,0.13019311
2001-06-23T15:20:00,1,6,23,15,20,0.11633333,20.20000000,24.27166667,0.11672309
2001-06-23T15:30:00,1,6,23,15,30,0.10250000,20.00000000,23.58750000,0.10316599
2001-06-23T15:40:00,1,6,23,15,40,0.08866667,19.80000000,22.90333333,0.08952183
2001-06-23T15:50:00,1,6,23,15,50,0.07483333,19.60000000,22.21916667,0.07579059
2001-06-23T16:00:00,1,6,23,16,0,0.06100000,19.40000000,21.53500000,0.06197228
2001-06-23T16:10:00,1,6,23,16,10,0.05083333,19.05000000,20.82916667,0.05180861
2001-06-23T16:20:00,1,6,23,16,20,0.04066667,18.70000000,20.12333333,0.04157893
2001-06-23T16:30:00,1,6,23,16,30,0.03050000,18.35000000,19.41750000,0.03128322
2001-06-23T16:40:00,1,6,23,16,40,0.02033333,18.00000000,18.71166667,0.02092150
2001-06-23T16:50:00,1,6,23,16,50,0.01016667,17.65000000,18.00583333,0.01049376
2001-06-23T17:00:00,1,6,23,17,0,0.00000000,17.30000000,17.30000000,0.00000000
2001-06-23T17:10:00,1,6,23,17,10,0.00000000,17.01666667,17.01666667,0.00000000
2001-06-23T17:20:00,1,6,23,17,20,0.00000000,16.73333333,16.73333333,0.00000000
2001-06-23T17:30:00,1,6,23,17,30,0.00000000,16.45000000,16.45000000,0.00000000
2001-06-23T17:40:00,1,6,23,17,40,0.00000000,16.16666667,16.16666667,0.00000000
2001-06-23T17:50:00,1,6,23,17,50,0.00000000,15.88333333,15.88333333,0.00000000
2001-06-23T18:00:00,1,6,23,18,0,0.00000000,15.60000000,15.60000000,0.00000000
2001-06-23T18:10:00,1,6,23,18,10,0.00000000,15.65000000,15.65000000,0.00000000
2001-06-23T18:20:00,1,6,23,18,20,0.00000000,15.70000000,15.70000000,0.00000000
2001-06-23T18:30:00,1,6,23,18,30,0.00000000,15.75000000,15.75000000,0.00000000
2001-06-23T18:40:00,1,6,23,18,40,0.00000000,15.80000000,15.80000000,0.00000000
2001-06-23T18:50:00,1,6,23,18,50,0.00000000,15.85000000,15.85000000,0.00000000
2001-06-23T19:00:00,1,6,23,19,0,0.00000000,15.90000000,15.90000000,0.00000000
2001-06-23T19:10:00,1,6,23,19,10,0.00000000,15.76666667,15.76666667,0.00000000
2001-06-23T19:20:00,1,6,23,19,20,0.00000000,15.63333333,15.63333333,0.00000000
2001-06-23T19:30:00,1,6,23,19,30,0.00000000,15.50000000,15.50000000,0.00000000
2001-06-23T19:40:00,1,6,23,19,40,0.00000000,15.36666667,15.36666667,0.00000000
2001-06-23T19:50:00,1,6,23,19,50,0.00000000,15.23333333,15.23333333,0.00000000
2001-06-23T20:00:00,1,6,23,20,0,0.00000000,15.10000000,15.10000000,0.00000000
2001-06-23T20:10:00,1,6,23,20,10,0.00000000,15.06666667,15.06666667,0.00000000
2001-06-23T20:20:00,1,6,23,20,20,0.00000000,15.03333333,15.03333333,0.00000000
2001-06-23T20:30:00,1,6,23,20,30,0.00000000,15.00000000,15.00000000,0.00000000
2001-06-23T20:40:00,1,6,23,20,40,0.00000000,14.96666667,14.96666667,0.00000000
2001-06-23T20:50:00,1,6,23,20,50,0.00000000,14.93333333,14.93333333,0.00000000
2001-06-23T21:00:00,1,6,23,21,0,0.00000000,14.90000000,14.90000000,0.00000000
2001-06-23T21:10:00,1,6,23,21,10,0.00000000,14.90000000,14.90000000,0.00000000
2001-06-23T21:20:00,1,6,23,21,20,0.00000000,14.90000000,14.90000000,0.00000000
2001-06-23T21:30:00,1,6,23,21,30,0.00000000,14.90000000,14.90000000,0.00000000
2001-06-23T21:40:00,1,6,23,21,40,0.00000000,14.90000000,14.90000000,0.00000000
2001-06-23T21:50:00,1,6,23,21,50,0.00000000,14.90000000,14.90000000,0.00000000
2001-06-23T22:00:00,1,6,23,22,0,0.00000000,14.90000000,14.90000000,0.00000000
2001-06-23T22:10:00,1,6,23,22,10,0.00000000,14.75000000,14.75000000,0.00000000
2001-06-23T22:20:00,1,6,23,22,20,0.00000000,14.60000000,14.60000000,0.00000000
2001-06-23T22:30:00,1,6,23,22,30,0.00000000,14.45000000,14.45000000,0.00000000
2001-06-23T22:40:00,1,6,23,22,40,0.00000000,14.30000000,14.30000000,0.00000000
2001-06-23T22:50:00,1,6,23,22,50,0.00000000,14.15000000,14.15000000,0.00000000
2001-06-23T23:00:00,1,6,23,23,0,0.00000000,14.00000000,14.00000000,0.00000000
2001-06-23T23:10:00,1,6,23,23,10,0.00000000,13.83333333,13.83333333,0.00000000
2001-06-23T23:20:00,1,6,23,23,20,0.00000000,13.66666667,13.66666667,0.00000000
2001-06-23T23:30:00,1,6,23,23,30,0.00000000,13.50000000,13.50000000,0.00000000
2001-06-23T23:40:00,1,6,23,23,40,0.00000000,13.33333333,13.33333333,0.00000000
2001-06-23T23:50:00,1,6,23,23,50,0.00000000,13.16666667,13.16666667,0.00000000
2001-06-24T00:00:00,1,6,24,0,0,0.00000000,13.00000000,13.00000000,0.00000000
2001-06-24T00:10:00,1,6,24,0,10,0.00000000,12.85000000,12.85000000,0.00000000
2001-06-24T00:20:00,1,6,24,0,20,0.00000000,12.70000000,12.70000000,0.00000000
2001-06-24T00:30:00,1,6,24,0,30,0.00000000,12.55000000,12.55000000,0.00000000
2001-06-24T00:40:00,1,6,24,0,40,0.00000000,12.40000000,12.40000000,0.00000000
2001-06-24T00:50:00,1,6,24,0,50,0.00000000,12.25000000,12.25000000,0.00000000
2001-06-24T01:00:00,1,6,24,1,0,0.00000000,12.10000000,12.10000000,0.00000000
2001-06-24T01:10:00,1,6,24,1,10,0.00000000,12.16666667,12.16666667,0.00000000
2001-06-24T01:20:00,1,6,24,1,20,0.00000000,12.23333333,12.23333333,0.00000000
2001-06-24T01:30:00,1,6,24,1,30,0.00000000,12.30000000,12.30000000,0.00000000
2001-06-24T01:40:00,1,6,24,1,40,0.00000000,12.36666667,12.36666667,0.00000000
2001-06-24T01:50:00,1,6,24,1,50,0.00000000,12.43333333,12.43333333,0.00000000
2001-06-24T02:00:00,1,6,24,2,0,0.00000000,12.50000000,12.50000000,0.00000000
2001-06-24T02:10:00,1,6,24,2,10,0.00000000,12.38333333,12.38333333,0.00000000
2001-06-24T02:20:00,1,6,24,2,20,0.00000000,12.26666667,12.26666667,0.00000000
2001-06-24T02:30:00,1,6,24,2,30,0.00000000,12.15000000,12.15000000,0.00000000
2001-06-24T02:40:00,1,6,24,2,40,0.00000000,12.03333333,12.03333333,0.00000000
2001-06-24T02:50:00,1,6,24,2,50,0.00000000,11.91666667,11.91666667,0.00000000
2001-06-24T03:00:00,1,6,24,3,0,0.00000000,11.80000000,11.80000000,0.00000000
2001-06-24T03:10:00,1,6,24,3,10,0.00000000,11.88333333,11.88333333,0.00000000
2001-06-24T03:20:00,1,6,24,3,20,0.00000000,11.96666667,11.96666667,0.00000000
2001-06-24T03:30:00,1,6,24,3,30,0.00000000,12.05000000,12.05000000,0.00000000
2001-06-24T03:40:00,1,6,24,3,40,0.00000000,12.13333333,12.13333333,0.00000000
2001-06-24T03:50:00,1,6,24,3,50,0.00000000,12.21666667,12.21666667,0.00000000
2001-06-24T04:00:00,1,6,24,4,0,0.00000000,12.30000000,12.30000000,0.00000000
2001-06-24T04:10:00,1,6,24,4,10,0.00000000,12.18333333,12.18333333,0.00000000
2001-06-24T04:20:00,1,6,24,4,20,0.00000000,12.06666667,12.06666667,0.00000000
2001-06-24T04:30:00,1,6,24,4,30,0.00000000,11.95000000,11.95000000,0.00000000
2001-06-24T04:40:00,1,6,24,4,40,0.00000000,11.83333333,11.83333333,0.00000000
2001-06-24T04:50:00,1,6,24,4,50,0.00000000,11.71666667,11.71666667,0.00000000
2001-06-24T05:00:00,1,6,24,5,0,0.00000000,11.60000000,11.60000000,0.00000000
2001-06-24T05:10:00,1,6,24,5,10,0.00000000,11.71666667,11.71666667,0.00000000
2001-06-24T05:20:00,1,6,24,5,20,0.00000000,11.83333333,11.83333333,0.00000000
2001-06-24T05:30:00,1,6,24,5,30,0.00000000,11.95000000,11.95000000,0.00000000
2001-06-24T05:40:00,1,6,24,5,40,0.00000000,12.06666667,12.06666667,0.00000000
2001-06-24T05:50:00,1,6,24,5,50,0.00000000,12.18333333,12.18333333,0.00000000
2001-06-24T06:00:00,1,6,24,6,0,0.00000000,12.30000000,12.30000000,0.00000000
2001-06-24T06:10:00,1,6,24,6,10,0.01733333,12.33333333,12.94000000,0.01829492
2001-06-24T06:20:00,1,6,24,6,20,0.03466667,12.36666667,13.58000000,0.03648778
2001-06-24T06:30:00,1,6,24,6,30,0.05200000,12.40000000,14.22000000,0.05457858
2001-06-24T06:40:00,1,6,24,6,40,0.06933333,12.43333333,14.86000000,0.07256732
2001-06-24T06:50:00,1,6,24,6,50,0.08666667,12.46666667,15.50000000,0.09045400
2001-06-24T07:00:00,1,6,24,7,0,0.10400000,12.50000000,16.14000000,0.10823862
2001-06-24T07:10:00,1,6,24,7,10,0.12700000,12.85000000,17.29500000,0.13150126
2001-06-24T07:20:00,1,6,24,7,20,0.15000000,13.20000000,18.45000000,0.15451950
2001-06-24T07:30:00,1,6,24,7,30,0.17300000,13.55000000,19.60500000,0.17729334
2001-06-24T07:40:00,1,6,24,7,40,0.19600000,13.90000000,20.76000000,0.19982278
2001-06-24T07:50:00,1,6,24,7,50,0.21900000,14.25000000,21.91500000,0.22210783
2001-06-24T08:00:00,1,6,24,8,0,0.24200000,14.60000000,23.07000000,0.24414848
2001-06-24T08:10:00,1,6,24,8,10,0.26916667,15.06666667,24.48750000,0.26980123
2001-06-24T08:20:00,1,6,24,8,20,0.29633333,15.53333333,25.90500000,0.29509970
2001-06-24T08:30:00,1,6,24,8,30,0.32350000,16.00000000,27.32250000,0.32004389
2001-06-24T08:40:00,1,6,24,8,40,0.35066667,16.46666667,28.74000000,0.34463380
2001-06-24T08:50:00,1,6,24,8,50,0.37783333,16.93333333,30.15750000,0.36886943
2001-06-24T09:00:00,1,6,24,9,0,0.40500000,17.40000000,31.57500000,0.39275078
2001-06-24T09:10:00,1,6,24,9,10,0.44083333,17.70000000,33.12916667,0.42434874
2001-06-24T09:20:00,1,6,24,9,20,0.47666667,18.00000000,34.68333333,0.45543434
2001-06-24T09:30:00,1,6,24,9,30,0.51250000,18.30000000,36.23750000,0.48600759
2001-06-24T09:40:00,1,6,24,9,40,0.54833333,18.60000000,37.79166667,0.51606849
2001-06-24T09:50:00,1,6,24,9,50,0.58416667,18.90000000,39.34583333,0.54561702
2001-06-24T10:00:00,1,6,24,10,0,0.62000000,19.20000000,40.90000000,0.57465320
2001-06-24T10:10:00,1,6,24,10,10,0.62216667,19.53333333,41.30916667,0.57549038
2001-06-24T10:20:00,1,6,24,10,20,0.62433333,19.86666667,41.71833333,0.57631939
2001-06-24T10:30:00,1,6,24,10,30,0.62650000,20.20000000,42.12750000,0.57714026
2001-06-24T10:40:00,1,6,24,10,40,0.62866667,20.53333333,42.53666667,0.57795296
2001-06-24T10:50:00,1,6,24,10,50,0.63083333,20.86666667,42.94583333,0.57875752
2001-06-24T11:00:00,1,6,24,11,0,0.63300000,21.20000000,43.35500000,0.57955391
2001-06-24T11:10:00,1,6,24,11,10,0.64350000,21.36666667,43.88916667,0.58758618
2001-06-24T11:20:00,1,6,24,11,20,0.65400000,21.53333333,44.42333333,0.59556684
2001-06-24T11:30:00,1,6,24,11,30,0.66450000,21.70000000,44.95750000,0.60349591
2001-06-24T11:40:00,1,6,24,11,40,0.67500000,21.86666667,45.49166667,0.61137337
2001-06-24T11:50:00,1,6,24,11,50,0.68550000,22.03333333,46.02583333,0.61919924
2001-06-24T12:00:00,1,6,24,12,0,0.69600000,22.20000000,46.56000000,0.62697350
2001-06-24T12:10:00,1,6,24,12,10,0.68183333,22.36666667,46.23083333,0.61524424
2001-06-24T12:20:00,1,6,24,12,20,0.66766667,22.53333333,45.90166667,0.60347207
2001-06-24T12:30:00,1,6,24,12,30,0.65350000,22.70000000,45.57250000,0.59165701
2001-06-24T12:40:00,1,6,24,12,40,0.63933333,22.86666667,45.24333333,0.57979904
2001-06-24T12:50:00,1,6,24,12,50,0.62516667,23.03333333,44.91416667,0.56789817
2001-06-24T13:00:00,1,6,24,13,0,0.61100000,23.20000000,44.58500000,0.55595440
2001-06-24T13:10:00,1,6,24,13,10,0.58250000,23.13333333,43.52083333,0.53287343
2001-06-24T13:20:00,1,6,24,13,20,0.55400000,23.06666667,42.45666667,0.50951343
2001-06-24T13:30:00,1,6,24,13,30,0.52550000,23.00000000,41.39250000,0.48587441
2001-06-24T13:40:00,1,6,24,13,40,0.49700000,22.93333333,40.32833333,0.46195636
2001-06-24T13:50:00,1,6,24,13,50,0.46850000,22.86666667,39.26416667,0.43775929
2001-06-24T14:00:00,1,6,24,14,0,0.44000000,22.80000000,38.20000000,0.41328320
2001-06-24T14:10:00,1,6,24,14,10,0.41516667,22.58333333,37.11416667,0.39203143
2001-06-24T14:20:00,1,6,24,14,20,0.39033333,22.36666667,36.02833333,0.37053159
2001-06-24T14:30:00,1,6,24,14,30,0.36550000,22.15000000,34.94250000,0.34878367
2001-06-24T14:40:00,1,6,24,14,40,0.34066667,21.93333333,33.85666667,0.32678768
2001-06-24T14:50:00,1,6,24,14,50,0.31583333,21.71666667,32.77083333,0.30454361
2001-06-24T15:00:00,1,6,24,15,0,0.29100000,21.50000000,31.68500000,0.28205146
2001-06-24T15:10:00,1,6,24,15,10,0.25983333,21.33333333,30.42750000,0.25334620
2001-06-24T15:20:00,1,6,24,15,20,0.22866667,21.16666667,29.17000000,0.22428038
2001-06-24T15:30:00,1,6,24,15,30,0.19750000,21.00000000,27.91250000,0.19485399
2001-06-24T15:40:00,1,6,24,15,40,0.16633333,20.83333333,26.65500000,0.16506704
2001-06-24T15:50:00,1,6,24,15,50,0.13516667,20.66666667,25.39750000,0.13491951
2001-06-24T16:00:00,1,6,24,16,0,0.10400000,20.50000000,24.14000000,0.10441142
2001-06-24T16:10:00,1,6,24,16,10,0.08666667,20.18333333,23.21666667,0.08737762
2001-06-24T16:20:00,1,6,24,16,20,0.06933333,19.86666667,22.29333333,0.07019658
2001-06-24T16:30:00,1,6,24,16,30,0.05200000,19.55000000,21.37000000,0.05286830
2001-06-24T16:40:00,1,6,24,16,40,0.03466667,19.23333333,20.44666667,0.03539277
2001-06-24T16:50:00,1,6,24,16,50,0.01733333,18.91666667,19.52333333,0.01777001
2001-06-24T17:00:00,1,6,24,17,0,0.00000000,18.60000000,18.60000000,0.00000000
2001-06-24T17:10:00,1,6,24,17,10,0.00000000,18.38333333,18.38333333,0.00000000
2001-06-24T17:20:00,1,6,24,17,20,0.00000000,18.16666667,18.16666667,0.00000000
2001-06-24T17:30:00,1,6,24,17,30,0.00000000,17.95000000,17.95000000,0.00000000
2001-06-24T17:40:00,1,6,24,17,40,0.00000000,17.73333333,17.73333333,0.00000000
2001-06-24T17:50:00,1,6,24,17,50,0.00000000,17.51666667,17.51666667,0.00000000
2001-06-24T18:00:00,1,6,24,18,0,0.00000000,17.30000000,17.30000000,0.00000000
2001-06-24T18:10:00,1,6,24,18,10,0.00000000,17.25000000,17.25000000,0.00000000
2001-06-24T18:20:00,1,6,24,18,20,0.00000000,17.20000000,17.20000000,0.00000000
2001-06-24T18:30:00,1,6,24,18,30,0.00000000,17.15000000,17.15000000,0.00000000
2001-06-24T18:40:00,1,6,24,18,40,0.00000000,17.10000000,17.10000000,0.00000000
2001-06-24T18:50:00,1,6,24,18,50,0.00000000,17.05000000,17.05000000,0.00000000
2001-06-24T19:00:00,1,6,24,19,0,0.00000000,17.00000000,17.00000000,0.00000000
2001-06-24T19:10:00,1,6,24,19,10,0.00000000,16.86666667,16.86666667,0.00000000
2001-06-24T19:20:00,1,6,24,19,20,0.00000000,16.73333333,16.73333333,0.00000000
2001-06-24T19:30:00,1,6,24,19,30,0.00000000,16.60000000,16.60000000,0.00000000
2001-06-24T19:40:00,1,6,24,19,40,0.00000000,16.46666667,16.46666667,0.00000000
2001-06-24T19:50:00,1,6,24,19,50,0.00000000,16.33333333,16.33333333,0.00000000
2001-06-24T20:00:00,1,6,24,20,0,0.00000000,16.20000000,16.20000000,0.00000000
2001-06-24T20:10:00,1,6,24,20,10,0.00000000,16.13333333,16.13333333,0.00000000
2001-06-24T20:20:00,1,6,24,20,20,0.00000000,16.06666667,16.06666667,0.00000000
2001-06-24T20:30:00,1,6,24,20,30,0.00000000,16.00000000,16.00000000,0.00000000
2001-06-24T20:40:00,1,6,24,20,40,0.00000000,15.93333333,15.93333333,0.00000000
2001-06-24T20:50:00,1,6,24,20,50,0.00000000,15.86666667,15.86666667,0.00000000
2001-06-24T21:00:00,1,6,24,21,0,0.00000000,15.80000000,15.80000000,0.00000000
2001-06-24T21:10:00,1,6,24,21,10,0.00000000,15.66666667,15.66666667,0.00000000
2001-06-24T21:20:00,1,6,24,21,20,0.00000000,15.53333333,15.53333333,0.00000000
2001-06-24T21:30:00,1,6,24,21,30,0.00000000,15.40000000,15.40000000,0.00000000
2001-06-24T21:40:00,1,6,24,21,40,0.00000000,15.26666667,15.26666667,0.00000000
2001-06-24T21:50:00,1,6,24,21,50,0.00000000,15.13333333,15.13333333,0.00000000
2001-06-24T22:00:00,1,6,24,22,0,0.00000000,15.00000000,15.00000000,0.00000000
2001-06-24T22:10:00,1,6,24,22,10,0.00000000,14.78333333,14.78333333,0.00000000
2001-06-24T22:20:00,1,6,24,22,20,0.00000000,14.56666667,14.56666667,0.00000000
2001-06-24T22:30:00,1,6,24,22,30,0.00000000,14.35000000,14.35000000,0.00000000
2001-06-24T22:40:00,1,6,24,22,40,0.00000000,14.13333333,14.13333333,0.00000000
2001-06-24T22:50:00,1,6,24,22,50,0.00000000,13.91666667,13.91666667,0.00000000
2001-06-24T23:00:00,1,6,24,23,0,0.00000000,13.70000000,13.70000000,0.00000000
2001-06-24T23:10:00,1,6,24,23,10,0.00000000,14.21666667,14.21666667,0.00000000
2001-06-24T23:20:00,1,6,24,23,20,0.00000000,14.73333333,14.73333333,0.00000000
2001-06-24T23:30:00,1,6,24,23,30,0.00000000,15.25000000,15.25000000,0.00000000
2001-06-24T23:40:00,1,6,24,23,40,0.00000000,15.76666667,15.76666667,0.00000000
2001-06-24T23:50:00,1,6,24,23,50,0.00000000,16.28333333,16.28333333,0.00000000
2001-06-25T00:00:00,1,6,25,0,0,0.00000000,16.80000000,16.80000000,0.00000000
2001-06-25T00:10:00,1,6,25,0,10,0.00000000,16.83333333,16.83333333,0.00000000
2001-06-25T00:20:00,1,6,25,0,20,0.00000000,16.86666667,16.86666667,0.00000000
2001-06-25T00:30:00,1,6,25,0,30,0.00000000,16.90000000,16.90000000,0.00000000
2001-06-25T00:40:00,1,6,25,0,40,0.00000000,16.93333333,16.93333333,0.00000000
2001-06-25T00:50:00,1,6,25,0,50,0.00000000,16.96666667,16.96666667,0.00000000
2001-06-25T01:00:00,1,6,25,1,0,0.00000000,17.00000000,17.00000000,0.00000000
2001-06-25T01:10:00,1,6,25,1,10,0.00000000,16.95000000,16.95000000,0.00000000
2001-06-25T01:20:00,1,6,25,1,20,0.00000000,16.90000000,16.90000000,0.00000000
2001-06-25T01:30:00,1,6,25,1,30,0.00000000,16.85000000,16.85000000,0.00000000
2001-06-25T01:40:00,1,6,25,1,40,0.00000000,16.80000000,16.80000000,0.00000000
2001-06-25T01:50:00,1,6,25,1,50,0.00000000,16.75000000,16.75000000,0.00000000
2001-06-25T02:00:00,1,6,25,2,0,0.00000000,16.70000000,16.70000000,0.00000000
2001-06-25T02:10:00,1,6,25,2,10,0.00000000,16.58333333,16.58333333,0.00000000
2001-06-25T02:20:00,1,6,25,2,20,0.00000000,16.46666667,16.46666667,0.00000000
2001-06-25T02:30:00,1,6,25,2,30,0.00000000,16.35000000,16.35000000,0.00000000
2001-06-25T02:40:00,1,6,25,2,40,0.00000000,16.23333333,16.23333333,0.00000000
2001-06-25T02:50:00,1,6,25,2,50,0.00000000,16.11666667,16.11666667,0.00000000
2001-06-25T03:00:00,1,6,25,3,0,0.00000000,16.00000000,16.00000000,0.00000000
2001-06-25T03:10:00,1,6,25,3,10,0.00000000,16.11666667,16.11666667,0.00000000
2001-06-25T03:20:00,1,6,25,3,20,0.00000000,16.23333333,16.23333333,0.00000000
2001-06-25T03:30:00,1,6,25,3,30,0.00000000,16.35000000,16.35000000,0.00000000
2001-06-25T03:40:00,1,6,25,3,40,0.00000000,16.46666667,16.46666667,0.00000000
2001-06-25T03:50:00,1,6,25,3,50,0.00000000,16.58333333,16.58333333,0.00000000
2001-06-25T04:00:00,1,6,25,4,0,0.00000000,16.70000000,16.70000000,0.00000000
2001-06-25T04:10:00,1,6,25,4,10,0.00000000,16.68333333,16.68333333,0.00000000
2001-06-25T04:20:00,1,6,25,4,20,0.00000000,16.66666667,16.66666667,0.00000000
2001-06-25T04:30:00,1,6,25,4,30,0.00000000,16.65000000,16.65000000,0.00000000
2001-06-25T04:40:00,1,6,25,4,40,0.00000000,16.63333333,16.63333333,0.00000000
2001-06-25T04:50:00,1,6,25,4,50,0.00000000,16.61666667,16.61666667,0.00000000
2001-06-25T05:00:00,1,6,25,5,0,0.00000000,16.60000000,16.60000000,0.00000000
2001-06-25T05:10:00,1,6,25,5,10,0.00000000,16.56666667,16.56666667,0.00000000
2001-06-25T05:20:00,1,6,25,5,20,0.00000000,16.53333333,16.53333333,0.00000000
2001-06-25T05:30:00,1,6,25,5,30,0.00000000,16.50000000,16.50000000,0.00000000
2001-06-25T05:40:00,1,6,25,5,40,0.00000000,16.46666667,16.46666667,0.00000000
2001-06-25T05:50:00,1,6,25,5,50,0.00000000,16.43333333,16.43333333,0.00000000
2001-06-25T06:00:00,1,6,25,6,0,0.00000000,16.40000000,16.40000000,0.00000000
2001-06-25T06:10:00,1,6,25,6,10,0.00750000,16.38333333,16.64583333,0.00778822
2001-06-25T06:20:00,1,6,25,6,20,0.01500000,16.36666667,16.89166667,0.01555948
2001-06-25T06:30:00,1,6,25,6,30,0.02250000,16.35000000,17.13750000,0.02331377
2001-06-25T06:40:00,1,6,25,6,40,0.03000000,16.33333333,17.38333333,0.03105110
2001-06-25T06:50:00,1,6,25,6,50,0.03750000,16.31666667,17.62916667,0.03877147
2001-06-25T07:00:00,1,6,25,7,0,0.04500000,16.30000000,17.87500000,0.04647487
2001-06-25T07:10:00,1,6,25,7,10,0.06016667,16.46666667,18.57250000,0.06194558
2001-06-25T07:20:00,1,6,25,7,20,0.07533333,16.63333333,19.27000000,0.07731897
2001-06-25T07:30:00,1,6,25,7,30,0.09050000,16.80000000,19.96750000,0.09259503
2001-06-25T07:40:00,1,6,25,7,40,0.10566667,16.96666667,20.66500000,0.10777377
2001-06-25T07:50:00,1,6,25,7,50,0.12083333,17.13333333,21.36250000,0.12285518
2001-06-25T08:00:00,1,6,25,8,0,0.13600000,17.30000000,22.06000000,0.13783926
2001-06-25T08:10:00,1,6,25,8,10,0.15983333,17.38333333,22.97750000,0.16132034
2001-06-25T08:20:00,1,6,25,8,20,0.18366667,17.46666667,23.89500000,0.18460024
2001-06-25T08:30:00,1,6,25,8,30,0.20750000,17.55000000,24.81250000,0.20767897
2001-06-25T08:40:00,1,6,25,8,40,0.23133333,17.63333333,25.73000000,0.23055652
2001-06-25T08:50:00,1,6,25,8,50,0.25516667,17.71666667,26.64750000,0.25323289
2001-06-25T09:00:00,1,6,25,9,0,0.27900000,17.80000000,27.56500000,0.27570808
2001-06-25T09:10:00,1,6,25,9,10,0.27933333,18.15000000,27.92666667,0.27557276
2001-06-25T09:20:00,1,6,25,9,20,0.27966667,18.50000000,28.28833333,0.27543634
2001-06-25T09:30:00,1,6,25,9,30,0.28000000,18.85000000,28.65000000,0.27529880
2001-06-25T09:40:00,1,6,25,9,40,0.28033333,19.20000000,29.01166667,0.27516016
2001-06-25T09:50:00,1,6,25,9,50,0.28066667,19.55000000,29.37333333,0.27502040
2001-06-25T10:00:00,1,6,25,10,0,0.28100000,19.90000000,29.73500000,0.27487954
2001-06-25T10:10:00,1,6,25,10,10,0.31350000,19.91666667,30.88916667,0.30500723
2001-06-25T10:20:00,1,6,25,10,20,0.34600000,19.93333333,32.04333333,0.33478983
2001-06-25T10:30:00,1,6,25,10,30,0.37850000,19.95000000,33.19750000,0.36422733
2001-06-25T10:40:00,1,6,25,10,40,0.41100000,19.96666667,34.35166667,0.39331974
2001-06-25T10:50:00,1,6,25,10,50,0.44350000,19.98333333,35.50583333,0.42206705
2001-06-25T11:00:00,1,6,25,11,0,0.47600000,20.00000000,36.66000000,0.45046926
2001-06-25T11:10:00,1,6,25,11,10,0.44783333,20.35000000,36.02416667,0.42512318
2001-06-25T11:20:00,1,6,25,11,20,0.41966667,20.70000000,35.38833333,0.39961234
2001-06-25T11:30:00,1,6,25,11,30,0.39150000,21.05000000,34.75250000,0.37393672
2001-06-25T11:40:00,1,6,25,11,40,0.36333333,21.40000000,34.11666667,0.34809634
2001-06-25T11:50:00,1,6,25,11,50,0.33516667,21.75000000,33.48083333,0.32209120
2001-06-25T12:00:00,1,6,25,12,0,0.30700000,22.10000000,32.84500000,0.29592129
2001-06-25T12:10:00,1,6,25,12,10,0.31833333,21.76666667,32.90833333,0.30675290
2001-06-25T12:20:00,1,6,25,12,20,0.32966667,21.43333333,32.97166667,0.31757790
2001-06-25T12:30:00,1,6,25,12,30,0.34100000,21.10000000,33.03500000,0.32839630
2001-06-25T12:40:00,1,6,25,12,40,0.35233333,20.76666667,33.09833333,0.33920809
2001-06-25T12:50:00,1,6,25,12,50,0.36366667,20.43333333,33.16166667,0.35001329
2001-06-25T13:00:00,1,6,25,13,0,0.37500000,20.10000000,33.22500000,0.36081188
2001-06-25T13:10:00,1,6,25,13,10,0.38150000,20.25000000,33.60250000,0.36640347
2001-06-25T13:20:00,1,6,25,13,20,0.38800000,20.40000000,33.98000000,0.37197250
2001-06-25T13:30:00,1,6,25,13,30,0.39450000,20.55000000,34.35750000,0.37751894
2001-06-25T13:40:00,1,6,25,13,40,0.40100000,20.70000000,34.73500000,0.38304282
2001-06-25T13:50:00,1,6,25,13,50,0.40750000,20.85000000,35.11250000,0.38854412
2001-06-25T14:00:00,1,6,25,14,0,0.41400000,21.00000000,35.49000000,0.39402284
2001-06-25T14:10:00,1,6,25,14,10,0.38733333,21.03333333,34.59000000,0.37024651
2001-06-25T14:20:00,1,6,25,14,20,0.36066667,21.06666667,33.69000000,0.34624938
2001-06-25T14:30:00,1,6,25,14,30,0.33400000,21.10000000,32.79000000,0.32203144
2001-06-25T14:40:00,1,6,25,14,40,0.30733333,21.13333333,31.89000000,0.29759271
2001-06-25T14:50:00,1,6,25,14,50,0.28066667,21.16666667,30.99000000,0.27293318
2001-06-25T15:00:00,1,6,25,15,0,0.25400000,21.20000000,30.09000000,0.24805284
2001-06-25T15:10:00,1,6,25,15,10,0.22650000,20.96666667,28.89416667,0.22244267
2001-06-25T15:20:00,1,6,25,15,20,0.19900000,20.73333333,27.69833333,0.19652995
2001-06-25T15:30:00,1,6,25,15,30,0.17150000,20.50000000,26.50250000,0.17031468
2001-06-25T15:40:00,1,6,25,15,40,0.14400000,20.26666667,25.30666667,0.14379686
2001-06-25T15:50:00,1,6,25,15,50,0.11650000,20.03333333,24.11083333,0.11697650
2001-06-25T16:00:00,1,6,25,16,0,0.08900000,19.80000000,22.91500000,0.08985360
2001-06-25T16:10:00,1,6,25,16,10,0.07416667,19.50000000,22.09583333,0.07515747
2001-06-25T16:20:00,1,6,25,16,20,0.05933333,19.20000000,21.27666667,0.06034956
2001-06-25T16:30:00,1,6,25,16,30,0.04450000,18.90000000,20.45750000,0.04542985
2001-06-25T16:40:00,1,6,25,16,40,0.02966667,18.60000000,19.63833333,0.03039836
2001-06-25T16:50:00,1,6,25,16,50,0.01483333,18.30000000,18.81916667,0.01525507
2001-06-25T17:00:00,1,6,25,17,0,0.00000000,18.00000000,18.00000000,0.00000000
2001-06-25T17:10:00,1,6,25,17,10,0.00000000,17.85000000,17.85000000,0.00000000
2001-06-25T17:20:00,1,6,25,17,20,0.00000000,17.70000000,17.70000000,0.00000000
2001-06-25T17:30:00,1,6,25,17,30,0.00000000,17.55000000,17.55000000,0.00000000
2001-06-25T17:40:00,1,6,25,17,40,0.00000000,17.40000000,17.40000000,0.00000000
2001-06-25T17:50:00,1,6,25,17,50,0.00000000,17.25000000,17.25000000,0.00000000
2001-06-25T18:00:00,1,6,25,18,0,0.00000000,17.10000000,17.10000000,0.00000000
2001-06-25T18:10:00,1,6,25,18,10,0.00000000,17.03333333,17.03333333,0.00000000
2001-06-25T18:20:00,1,6,25,18,20,0.00000000,16.96666667,16.96666667,0.00000000
2001-06-25T18:30:00,1,6,25,18,30,0.00000000,16.90000000,16.90000000,0.00000000
2001-06-25T18:40:00,1,6,25,18,40,0.00000000,16.83333333,16.83333333,0.00000000
2001-06-25T18:50:00,1,6,25,18,50,0.00000000,16.76666667,16.76666667,0.00000000
2001-06-25T19:00:00,1,6,25,19,0,0.00000000,16.70000000,16.70000000,0.00000000
2001-06-25T19:10:00,1,6,25,19,10,0.00000000,16.63333333,16.63333333,0.00000000
2001-06-25T19:20:00,1,6,25,19,20,0.00000000,16.56666667,16.56666667,0.00000000
2001-06-25T19:30:00,1,6,25,19,30,0.00000000,16.50000000,16.50000000,0.00000000
2001-06-25T19:40:00,1,6,25,19,40,0.00000000,16.43333333,16.43333333,0.00000000
2001-06-25T19:50:00,1,6,25,19,50,0.00000000,16.36666667,16.36666667,0.00000000
2001-06-25T20:00:00,1,6,25,20,0,0.00000000,16.30000000,16.30000000,0.00000000
2001-06-25T20:10:00,1,6,25,20,10,0.00000000,16.30000000,16.30000000,0.00000000
2001-06-25T20:20:00,1,6,25,20,20,0.00000000,16.30000000,16.30000000,0.00000000
2001-06-25T20:30:00,1,6,25,20,30,0.00000000,16.30000000,16.30000000,0.00000000
2001-06-25T20:40:00,1,6,25,20,40,0.00000000,16.30000000,16.30000000,0.00000000
2001-06-25T20:50:00,1,6,25,20,50,0.00000000,16.30000000,16.30000000,0.00000000
2001-06-25T21:00:00,1,6,25,21,0,0.00000000,16.30000000,16.30000000,0.00000000
2001-06-25T21:10:00,1,6,25,21,10,0.00000000,16.23333333,16.23333333,0.00000000
2001-06-25T21:20:00,1,6,25,21,20,0.00000000,16.16666667,16.16666667,0.00000000
2001-06-25T21:30:00,1,6,25,21,30,0.00000000,16.10000000,16.10000000,0.00000000
2001-06-25T21:40:00,1,6,25,21,40,0.00000000,16.03333333,16.03333333,0.00000000
2001-06-25T21:50:00,1,6,25,21,50,0.00000000,15.96666667,15.96666667,0.00000000
2001-06-25T22:00:00,1,6,25,22,0,0.00000000,15.90000000,15.90000000,0.00000000
2001-06-25T22:10:00,1,6,25,22,10,0.00000000,15.96666667,15.96666667,0.00000000
2001-06-25T22:20:00,1,6,25,22,20,0.00000000,16.03333333,16.03333333,0.00000000
2001-06-25T22:30:00,1,6,25,22,30,0.00000000,16.10000000,16.10000000,0.00000000
2001-06-25T22:40:00,1,6,25,22,40,0.00000000,16.16666667,16.16666667,0.00000000
2001-06-25T22:50:00,1,6,25,22,50,0.00000000,16.23333333,16.23333333,0.00000000
2001-06-25T23:00:00,1,6,25,23,0,0.00000000,16.30000000,16.30000000,0.00000000
2001-06-25T23:10:00,1,6,25,23,10,0.00000000,16.23333333,16.23333333,0.00000000
2001-06-25T23:20:00,1,6,25,23,20,0.00000000,16.16666667,16.16666667,0.00000000
2001-06-25T23:30:00,1,6,25,23,30,0.00000000,16.10000000,16.10000000,0.00000000
2001-06-25T23:40:00,1,6,25,23,40,0.00000000,16.03333333,16.03333333,0.00000000
2001-06-25T23:50:00,1,6,25,23,50,0.00000000,15.96666667,15.96666667,0.00000000
2001-06-26T00:00:00,1,6,26,0,0,0.00000000,15.90000000,15.90000000,0.00000000
2001-06-26T00:10:00,1,6,26,0,10,0.00000000,15.90000000,15.90000000,0.00000000
2001-06-26T00:20:00,1,6,26,0,20,0.00000000,15.90000000,15.90000000,0.00000000
2001-06-26T00:30:00,1,6,26,0,30,0.00000000,15.90000000,15.90000000,0.00000000
2001-06-26T00:40:00,1,6,26,0,40,0.00000000,15.90000000,15.90000000,0.00000000
2001-06-26T00:50:00,1,6,26,0,50,0.00000000,15.90000000,15.90000000,0.00000000
2001-06-26T01:00:00,1,6,26,1,0,0.00000000,15.90000000,15.90000000,0.00000000
2001-06-26T01:10:00,1,6,26,1,10,0.00000000,15.81666667,15.81666667,0.00000000
2001-06-26T01:20:00,1,6,26,1,20,0.00000000,15.73333333,15.73333333,0.00000000
2001-06-26T01:30:00,1,6,26,1,30,0.00000000,15.65000000,15.65000000,0.00000000
2001-06-26T01:40:00,1,6,26,1,40,0.00000000,15.56666667,15.56666667,0.00000000
2001-06-26T01:50:00,1,6,26,1,50,0.00000000,15.48333333,15.48333333,0.00000000
2001-06-26T02:00:00,1,6,26,2,0,0.00000000,15.40000000,15.40000000,0.00000000
2001-06-26T02:10:00,1,6,26,2,10,0.00000000,15.50000000,15.50000000,0.00000000
2001-06-26T02:20:00,1,6,26,2,20,0.00000000,15.60000000,15.60000000,0.00000000
2001-06-26T02:30:00,1,6,26,2,30,0.00000000,15.70000000,15.70000000,0.00000000
2001-06-26T02:40:00,1,6,26,2,40,0.00000000,15.80000000,15.80000000,0.00000000
2001-06-26T02:50:00,1,6,26,2,50,0.00000000,15.90000000,15.90000000,0.00000000
2001-06-26T03:00:00,1,6,26,3,0,0.00000000,16.00000000,16.00000000,0.00000000
2001-06-26T03:10:00,1,6,26,3,10,0.00000000,16.03333333,16.03333333,0.00000000
2001-06-26T03:20:00,1,6,26,3,20,0.00000000,16.06666667,16.06666667,0.00000000
2001-06-26T03:30:00,1,6,26,3,30,0.00000000,16.10000000,16.10000000,0.00000000
2001-06-26T03:40:00,1,6,26,3,40,0.00000000,16.13333333,16.13333333,0.00000000
2001-06-26T03:50:00,1,6,26,3,50,0.00000000,16.16666667,16.16666667,0.00000000
2001-06-26T04:00:00,1,6,26,4,0,0.00000000,16.20000000,16.20000000,0.00000000
2001-06-26T04:10:00,1,6,26,4,10,0.00000000,16.11666667,16.11666667,0.00000000
2001-06-26T04:20:00,1,6,26,4,20,0.00000000,16.03333333,16.03333333,0.00000000
2001-06-26T04:30:00,1,6,26,4,30,0.00000000,15.95000000,15.95000000,0.00000000
2001-06-26T04:40:00,1,6,26,4,40,0.00000000,15.86666667,15.86666667,0.00000000
2001-06-26T04:50:00,1,6,26,4,50,0.00000000,15.78333333,15.78333333,0.00000000
2001-06-26T05:00:00,1,6,26,5,0,0.00000000,15.70000000,15.70000000,0.00000000
2001-06-26T05:10:00,1,6,26,5,10,0.00000000,15.70000000,15.70000000,0.00000000
2001-06-26T05:20:00,1,6,26,5,20,0.00000000,15.70000000,15.70000000,0.00000000
2001-06-26T05:30:00,1,6,26,5,30,0.00000000,15.70000000,15.70000000,0.00000000
2001-06-26T05:40:00,1,6,26,5,40,0.00000000,15.70000000,15.70000000,0.00000000
2001-06-26T05:50:00,1,6,26,5,50,0.00000000,15.70000000,15.70000000,0.00000000
2001-06-26T06:00:00,1,6,26,6,0,0.00000000,15.70000000,15.70000000,0.00000000
2001-06-26T06:10:00,1,6,26,6,10,0.00516667,15.65000000,15.83083333,0.00538459
2001-06-26T06:20:00,1,6,26,6,20,0.01033333,15.60000000,15.96166667,0.01076296
2001-06-26T06:30:00,1,6,26,6,30,0.01550000,15.55000000,16.09250000,0.01613510
2001-06-26T06:40:00,1,6,26,6,40,0.02066667,15.50000000,16.22333333,0.02150104
2001-06-26T06:50:00,1,6,26,6,50,0.02583333,15.45000000,16.35416667,0.02686075
2001-06-26T07:00:00,1,6,26,7,0,0.03100000,15.40000000,16.48500000,0.03221424
2001-06-26T07:10:00,1,6,26,7,10,0.04800000,15.53333333,17.21333333,0.04971930
2001-06-26T07:20:00,1,6,26,7,20,0.06500000,15.66666667,17.94166667,0.06711044
2001-06-26T07:30:00,1,6,26,7,30,0.08200000,15.80000000,18.67000000,0.08438768
2001-06-26T07:40:00,1,6,26,7,40,0.09900000,15.93333333,19.39833333,0.10155100
2001-06-26T07:50:00,1,6,26,7,50,0.11600000,16.06666667,20.12666667,0.11860041
2001-06-26T08:00:00,1,6,26,8,0,0.13300000,16.20000000,20.85500000,0.13553591
2001-06-26T08:10:00,1,6,26,8,10,0.16250000,16.55000000,22.23750000,0.16456497
2001-06-26T08:20:00,1,6,26,8,20,0.19200000,16.90000000,23.62000000,0.19321882
2001-06-26T08:30:00,1,6,26,8,30,0.22150000,17.25000000,25.00250000,0.22149745
2001-06-26T08:40:00,1,6,26,8,40,0.25100000,17.60000000,26.38500000,0.24940088
2001-06-26T08:50:00,1,6,26,8,50,0.28050000,17.95000000,27.76750000,0.27692909
2001-06-26T09:00:00,1,6,26,9,0,0.31000000,18.30000000,29.15000000,0.30408210
2001-06-26T09:10:00,1,6,26,9,10,0.28250000,18.93333333,28.82083333,0.27753483
2001-06-26T09:20:00,1,6,26,9,20,0.25500000,19.56666667,28.49166667,0.25090428
2001-06-26T09:30:00,1,6,26,9,30,0.22750000,20.20000000,28.16250000,0.22419044
2001-06-26T09:40:00,1,6,26,9,40,0.20000000,20.83333333,27.83333333,0.19739333
2001-06-26T09:50:00,1,6,26,9,50,0.17250000,21.46666667,27.50416667,0.17051294
2001-06-26T10:00:00,1,6,26,10,0,0.14500000,22.10000000,27.17500000,0.14354927
2001-06-26T10:10:00,1,6,26,10,10,0.19816667,21.60000000,28.53583333,0.19494352
2001-06-26T10:20:00,1,6,26,10,20,0.25133333,21.10000000,29.89666667,0.24567213
2001-06-26T10:30:00,1,6,26,10,30,0.30450000,20.60000000,31.25750000,0.29573512
2001-06-26T10:40:00,1,6,26,10,40,0.35766667,20.10000000,32.61833333,0.34513248
2001-06-26T10:50:00,1,6,26,10,50,0.41083333,19.60000000,33.97916667,0.39386420
2001-06-26T11:00:00,1,6,26,11,0,0.46400000,19.10000000,35.34000000,0.44193030
2001-06-26T11:10:00,1,6,26,11,10,0.43716667,20.20000000,35.50083333,0.41604984
2001-06-26T11:20:00,1,6,26,11,20,0.41033333,21.30000000,35.66166667,0.39020908
2001-06-26T11:30:00,1,6,26,11,30,0.38350000,22.40000000,35.82250000,0.36440803
2001-06-26T11:40:00,1,6,26,11,40,0.35666667,23.50000000,35.98333333,0.33864668
2001-06-26T11:50:00,1,6,26,11,50,0.32983333,24.60000000,36.14416667,0.31292503
2001-06-26T12:00:00,1,6,26,12,0,0.30300000,25.70000000,36.30500000,0.28724309
2001-06-26T12:10:00,1,6,26,12,10,0.29233333,25.21666667,35.44833333,0.27828311
2001-06-26T12:20:00,1,6,26,12,20,0.28166667,24.73333333,34.59166667,0.26923906
2001-06-26T12:30:00,1,6,26,12,30,0.27100000,24.25000000,33.73500000,0.26011095
2001-06-26T12:40:00,1,6,26,12,40,0.26033333,23.76666667,32.87833333,0.25089877
2001-06-26T12:50:00,1,6,26,12,50,0.24966667,23.28333333,32.02166667,0.24160252
2001-06-26T13:00:00,1,6,26,13,0,0.23900000,22.80000000,31.16500000,0.23222220
2001-06-26T13:10:00,1,6,26,13,10,0.20733333,22.45000000,29.70666667,0.20284443
2001-06-26T13:20:00,1,6,26,13,20,0.17566667,22.10000000,28.24833333,0.17304180
2001-06-26T13:30:00,1,6,26,13,30,0.14400000,21.75000000,26.79000000,0.14281430
2001-06-26T13:40:00,1,6,26,13,40,0.11233333,21.40000000,25.33166667,0.11216195
2001-06-26T13:50:00,1,6,26,13,50,0.08066667,21.05000000,23.87333333,0.08108474
2001-06-26T14:00:00,1,6,26,14,0,0.04900000,20.70000000,22.41500000,0.04958266
2001-06-26T14:10:00,1,6,26,14,10,0.04866667,20.13333333,21.83666667,0.04937483
2001-06-26T14:20:00,1,6,26,14,20,0.04833333,19.56666667,21.25833333,0.04916523
2001-06-26T14:30:00,1,6,26,14,30,0.04800000,19.00000000,20.68000000,0.04895386
2001-06-26T14:40:00,1,6,26,14,40,0.04766667,18.43333333,20.10166667,0.04874071
2001-06-26T14:50:00,1,6,26,14,50,0.04733333,17.86666667,19.52333333,0.04852579
2001-06-26T15:00:00,1,6,26,15,0,0.04700000,17.30000000,18.94500000,0.04830909
2001-06-26T15:10:00,1,6,26,15,10,0.04533333,17.18333333,18.77000000,0.04663250
2001-06-26T15:20:00,1,6,26,15,20,0.04366667,17.06666667,18.59500000,0.04495322
2001-06-26T15:30:00,1,6,26,15,30,0.04200000,16.95000000,18.42000000,0.04327126
2001-06-26T15:40:00,1,6,26,15,40,0.04033333,16.83333333,18.24500000,0.04158661
2001-06-26T15:50:00,1,6,26,15,50,0.03866667,16.71666667,18.07000000,0.03989928
2001-06-26T16:00:00,1,6,26,16,0,0.03700000,16.60000000,17.89500000,0.03820927
2001-06-26T16:10:00,1,6,26,16,10,0.03083333,16.58333333,17.66250000,0.03187404
2001-06-26T16:20:00,1,6,26,16,20,0.02466667,16.56666667,17.43000000,0.02552561
2001-06-26T16:30:00,1,6,26,16,30,0.01850000,16.55000000,17.19750000,0.01916399
2001-06-26T16:40:00,1,6,26,16,40,0.01233333,16.53333333,16.96500000,0.01278919
2001-06-26T16:50:00,1,6,26,16,50,0.00616667,16.51666667,16.73250000,0.00640119
2001-06-26T17:00:00,1,6,26,17,0,0.00000000,16.50000000,16.50000000,0.00000000
2001-06-26T17:10:00,1,6,26,17,10,0.00000000,16.36666667,16.36666667,0.00000000
2001-06-26T17:20:00,1,6,26,17,20,0.00000000,16.23333333,16.23333333,0.00000000
2001-06-26T17:30:00,1,6,26,17,30,0.00000000,16.10000000,16.10000000,0.00000000
2001-06-26T17:40:00,1,6,26,17,40,0.00000000,15.96666667,15.96666667,0.00000000
2001-06-26T17:50:00,1,6,26,17,50,0.00000000,15.83333333,15.83333333,0.00000000
2001-06-26T18:00:00,1,6,26,18,0,0.00000000,15.70000000,15.70000000,0.00000000
2001-06-26T18:10:00,1,6,26,18,10,0.00000000,15.68333333,15.68333333,0.00000000
2001-06-26T18:20:00,1,6,26,18,20,0.00000000,15.66666667,15.66666667,0.00000000
2001-06-26T18:30:00,1,6,26,18,30,0.00000000,15.65000000,15.65000000,0.00000000
2001-06-26T18:40:00,1,6,26,18,40,0.00000000,15.63333333,15.63333333,0.00000000
2001-06-26T18:50:00,1,6,26,18,50,0.00000000,15.61666667,15.61666667,0.00000000
2001-06-26T19:00:00,1,6,26,19,0,0.00000000,15.60000000,15.60000000,0.00000000
2001-06-26T19:10:00,1,6,26,19,10,0.00000000,15.58333333,15.58333333,0.00000000
2001-06-26T19:20:00,1,6,26,19,20,0.00000000,15.56666667,15.56666667,0.00000000
2001-06-26T19:30:00,1,6,26,19,30,0.00000000,15.55000000,15.55000000,0.00000000
2001-06-26T19:40:00,1,6,26,19,40,0.00000000,15.53333333,15.53333333,0.00000000
2001-06-26T19:50:00,1,6,26,19,50,0.00000000,15.51666667,15.51666667,0.00000000
2001-06-26T20:00:00,1,6,26,20,0,0.00000000,15.50000000,15.50000000,0.00000000
2001-06-26T20:10:00,1,6,26,20,10,0.00000000,15.41666667,15.41666667,0.00000000
2001-06-26T20:20:00,1,6,26,20,20,0.00000000,15.33333333,15.33333333,0.00000000
2001-06-26T20:30:00,1,6,26,20,30,0.00000000,15.25000000,15.25000000,0.00000000
2001-06-26T20:40:00,1,6,26,20,40,0.00000000,15.16666667,15.16666667,0.00000000
2001-06-26T20:50:00,1,6,26,20,50,0.00000000,15.08333333,15.08333333,0.00000000
2001-06-26T21:00:00,1,6,26,21,0,0.00000000,15.00000000,15.00000000,0.00000000
2001-06-26T21:10:00,1,6,26,21,10,0.00000000,15.00000000,15.00000000,0.00000000
2001-06-26T21:20:00,1,6,26,21,20,0.00000000,15.00000000,15.00000000,0.00000000
2001-06-26T21:30:00,1,6,26,21,30,0.00000000,15.00000000,15.00000000,0.00000000
2001-06-26T21:40:00,1,6,26,21,40,0.00000000,15.00000000,15.00000000,0.00000000
2001-06-26T21:50:00,1,6,26,21,50,0.00000000,15.00000000,15.00000000,0.00000000
2001-06-26T22:00:00,1,6,26,22,0,0.00000000,15.00000000,15.00000000,0.00000000
2001-06-26T22:10:00,1,6,26,22,10,0.00000000,15.00000000,15.00000000,0.00000000
2001-06-26T22:20:00,1,6,26,22,20,0.00000000,15.00000000,15.00000000,0.00000000
2001-06-26T22:30:00,1,6,26,22,30,0.00000000,15.00000000,15.00000000,0.00000000
2001-06-26T22:40:00,1,6,26,22,40,0.00000000,15.00000000,15.00000000,0.00000000
2001-06-26T22:50:00,1,6,26,22,50,0.00000000,15.00000000,15.00000000,0.00000000
2001-06-26T23:00:00,1,6,26,23,0,0.00000000,15.00000000,15.00000000,0.00000000
2001-06-26T23:10:00,1,6,26,23,10,0.00000000,14.50000000,14.50000000,0.00000000
2001-06-26T23:20:00,1,6,26,23,20,0.00000000,14.00000000,14.00000000,0.00000000
2001-06-26T23:30:00,1,6,26,23,30,0.00000000,13.50000000,13.50000000,0.00000000
2001-06-26T23:40:00,1,6,26,23,40,0.00000000,13.00000000,13.00000000,0.00000000
2001-06-26T23:50:00,1,6,26,23,50,0.00000000,12.50000000,12.50000000,0.00000000
2001-06-27T00:00:00,1,6,27,0,0,0.00000000,12.00000000,12.00000000,0.00000000
2001-06-27T00:10:00,1,6,27,0,10,0.00000000,11.96666667,11.96666667,0.00000000
2001-06-27T00:20:00,1,6,27,0,20,0.00000000,11.93333333,11.93333333,0.00000000
2001-06-27T00:30:00,1,6,27,0,30,0.00000000,11.90000000,11.90000000,0.00000000
2001-06-27T00:40:00,1,6,27,0,40,0.00000000,11.86666667,11.86666667,0.00000000
2001-06-27T00:50:00,1,6,27,0,50,0.00000000,11.83333333,11.83333333,0.00000000
2001-06-27T01:00:00,1,6,27,1,0,0.00000000,11.80000000,11.80000000,0.00000000
2001-06-27T01:10:00,1,6,27,1,10,0.00000000,11.73333333,11.73333333,0.00000000
2001-06-27T01:20:00,1,6,27,1,20,0.00000000,11.66666667,11.66666667,0.00000000
2001-06-27T01:30:00,1,6,27,1,30,0.00000000,11.60000000,11.60000000,0.00000000
2001-06-27T01:40:00,1,6,27,1,40,0.00000000,11.53333333,11.53333333,0.00000000
2001-06-27T01:50:00,1,6,27,1,50,0.00000000,11.46666667,11.46666667,0.00000000
2001-06-27T02:00:00,1,6,27,2,0,0.00000000,11.40000000,11.40000000,0.00000000
2001-06-27T02:10:00,1,6,27,2,10,0.00000000,11.31666667,11.31666667,0.00000000
2001-06-27T02:20:00,1,6,27,2,20,0.00000000,11.23333333,11.23333333,0.00000000
2001-06-27T02:30:00,1,6,27,2,30,0.00000000,11.15000000,11.15000000,0.00000000
2001-06-27T02:40:00,1,6,27,2,40,0.00000000,11.06666667,11.06666667,0.00000000
2001-06-27T02:50:00,1,6,27,2,50,0.00000000,10.98333333,10.98333333,0.00000000
2001-06-27T03:00:00,1,6,27,3,0,0.00000000,10.90000000,10.90000000,0.00000000
2001-06-27T03:10:00,1,6,27,3,10,0.00000000,11.00000000,11.00000000,0.00000000
2001-06-27T03:20:00,1,6,27,3,20,0.00000000,11.10000000,11.10000000,0.00000000
2001-06-27T03:30:00,1,6,27,3,30,0.00000000,11.20000000,11.20000000,0.00000000
2001-06-27T03:40:00,1,6,27,3,40,0.00000000,11.30000000,11.30000000,0.00000000
2001-06-27T03:50:00,1,6,27,3,50,0.00000000,11.40000000,11.40000000,0.00000000
2001-06-27T04:00:00,1,6,27,4,0,0.00000000,11.50000000,11.50000000,0.00000000
2001-06-27T04:10:00,1,6,27,4,10,0.00000000,11.41666667,11.41666667,0.00000000
2001-06-27T04:20:00,1,6,27,4,20,0.00000000,11.33333333,11.33333333,0.00000000
2001-06-27T04:30:00,1,6,27,4,30,0.00000000,11.25000000,11.25000000,0.00000000
2001-06-27T04:40:00,1,6,27,4,40,0.00000000,11.16666667,11.16666667,0.00000000
2001-06-27T04:50:00,1,6,27,4,50,0.00000000,11.08333333,11.08333333,0.00000000
2001-06-27T05:00:00,1,6,27,5,0,0.00000000,11.00000000,11.00000000,0.00000000
2001-06-27T05:10:00,1,6,27,5,10,0.00000000,11.11666667,11.11666667,0.00000000
2001-06-27T05:20:00,1,6,27,5,20,0.00000000,11.23333333,11.23333333,0.00000000
2001-06-27T05:30:00,1,6,27,5,30,0.00000000,11.35000000,11.35000000,0.00000000
2001-06-27T05:40:00,1,6,27,5,40,0.00000000,11.46666667,11.46666667,0.00000000
2001-06-27T05:50:00,1,6,27,5,50,0.00000000,11.58333333,11.58333333,0.00000000
2001-06-27T06:00:00,1,6,27,6,0,0.00000000,11.70000000,11.70000000,0.00000000
2001-06-27T06:10:00,1,6,27,6,10,0.01566667,11.68333333,12.23166667,0.01658684
2001-06-27T06:20:00,1,6,27,6,20,0.03133333,11.66666667,12.76333333,0.03309704
2001-06-27T06:30:00,1,6,27,6,30,0.04700000,11.65000000,13.29500000,0.04953062
2001-06-27T06:40:00,1,6,27,6,40,0.06266667,11.63333333,13.82666667,0.06588757
2001-06-27T06:50:00,1,6,27,6,50,0.07833333,11.61666667,14.35833333,0.08216788
2001-06-27T07:00:00,1,6,27,7,0,0.09400000,11.60000000,14.89000000,0.09837156
2001-06-27T07:10:00,1,6,27,7,10,0.12366667,11.98333333,16.31166667,0.12860917
2001-06-27T07:20:00,1,6,27,7,20,0.15333333,12.36666667,17.73333333,0.15845876
2001-06-27T07:30:00,1,6,27,7,30,0.18300000,12.75000000,19.15500000,0.18792032
2001-06-27T07:40:00,1,6,27,7,40,0.21266667,13.13333333,20.57666667,0.21699387
2001-06-27T07:50:00,1,6,27,7,50,0.24233333,13.51666667,21.99833333,0.24567939
2001-06-27T08:00:00,1,6,27,8,0,0.27200000,13.90000000,23.42000000,0.27397690
2001-06-27T08:10:00,1,6,27,8,10,0.29116667,14.36666667,24.55750000,0.29175934
2001-06-27T08:20:00,1,6,27,8,20,0.31033333,14.83333333,25.69500000,0.30934120
2001-06-27T08:30:00,1,6,27,8,30,0.32950000,15.30000000,26.83250000,0.32672248
2001-06-27T08:40:00,1,6,27,8,40,0.34866667,15.76666667,27.97000000,0.34390318
2001-06-27T08:50:00,1,6,27,8,50,0.36783333,16.23333333,29.10750000,0.36088331
2001-06-27T09:00:00,1,6,27,9,0,0.38700000,16.70000000,30.24500000,0.37766285
2001-06-27T09:10:00,1,6,27,9,10,0.40650000,17.01666667,31.24416667,0.39482403
2001-06-27T09:20:00,1,6,27,9,20,0.42600000,17.33333333,32.24333333,0.41180596
2001-06-27T09:30:00,1,6,27,9,30,0.44550000,17.65000000,33.24250000,0.42860864
2001-06-27T09:40:00,1,6,27,9,40,0.46500000,17.96666667,34.24166667,0.44523208
2001-06-27T09:50:00,1,6,27,9,50,0.48450000,18.28333333,35.24083333,0.46167625
2001-06-27T10:00:00,1,6,27,10,0,0.50400000,18.60000000,36.24000000,0.47794118
2001-06-27T10:10:00,1,6,27,10,10,0.53783333,19.03333333,37.85750000,0.50602345
2001-06-27T10:20:00,1,6,27,10,20,0.57166667,19.46666667,39.47500000,0.53360224
2001-06-27T10:30:00,1,6,27,10,30,0.60550000,19.90000000,41.09250000,0.56067756
2001-06-27T10:40:00,1,6,27,10,40,0.63933333,20.33333333,42.71000000,0.58724940
2001-06-27T10:50:00,1,6,27,10,50,0.67316667,20.76666667,44.32750000,0.61331777
2001-06-27T11:00:00,1,6,27,11,0,0.70700000,21.20000000,45.94500000,0.63888267
2001-06-27T11:10:00,1,6,27,11,10,0.69633333,21.50000000,45.87166667,0.62947860
2001-06-27T11:20:00,1,6,27,11,20,0.68566667,21.80000000,45.79833333,0.62006734
2001-06-27T11:30:00,1,6,27,11,30,0.67500000,22.10000000,45.72500000,0.61064888
2001-06-27T11:40:00,1,6,27,11,40,0.66433333,22.40000000,45.65166667,0.60122322
2001-06-27T11:50:00,1,6,27,11,50,0.65366667,22.70000000,45.57833333,0.59179036
2001-06-27T12:00:00,1,6,27,12,0,0.64300000,23.00000000,45.50500000,0.58235031
2001-06-27T12:10:00,1,6,27,12,10,0.64183333,23.11666667,45.58083333,0.58106979
2001-06-27T12:20:00,1,6,27,12,20,0.64066667,23.23333333,45.65666667,0.57979009
2001-06-27T12:30:00,1,6,27,12,30,0.63950000,23.35000000,45.73250000,0.57851120
2001-06-27T12:40:00,1,6,27,12,40,0.63833333,23.46666667,45.80833333,0.57723313
2001-06-27T12:50:00,1,6,27,12,50,0.63716667,23.58333333,45.88416667,0.57595587
2001-06-27T13:00:00,1,6,27,13,0,0.63600000,23.70000000,45.96000000,0.57467942
2001-06-27T13:10:00,1,6,27,13,10,0.60866667,23.73333333,45.03666667,0.55256667
2001-06-27T13:20:00,1,6,27,13,20,0.58133333,23.76666667,44.11333333,0.53022173
2001-06-27T13:30:00,1,6,27,13,30,0.55400000,23.80000000,43.19000000,0.50764460
2001-06-27T13:40:00,1,6,27,13,40,0.52666667,23.83333333,42.26666667,0.48483529
2001-06-27T13:50:00,1,6,27,13,50,0.49933333,23.86666667,41.34333333,0.46179379
2001-06-27T14:00:00,1,6,27,14,0,0.47200000,23.90000000,40.42000000,0.43852010
2001-06-27T14:10:00,1,6,27,14,10,0.44533333,23.55000000,39.13666667,0.41637390
2001-06-27T14:20:00,1,6,27,14,20,0.41866667,23.20000000,37.85333333,0.39391286
2001-06-27T14:30:00,1,6,27,14,30,0.39200000,22.85000000,36.57000000,0.37113698
2001-06-27T14:40:00,1,6,27,14,40,0.36533333,22.50000000,35.28666667,0.34804625
2001-06-27T14:50:00,1,6,27,14,50,0.33866667,22.15000000,34.00333333,0.32464067
2001-06-27T15:00:00,1,6,27,15,0,0.31200000,21.80000000,32.72000000,0.30092026
2001-06-27T15:10:00,1,6,27,15,10,0.28133333,21.53333333,31.38000000,0.27307676
2001-06-27T15:20:00,1,6,27,15,20,0.25066667,21.26666667,30.04000000,0.24485521
2001-06-27T15:30:00,1,6,27,15,30,0.22000000,21.00000000,28.70000000,0.21625560
2001-06-27T15:40:00,1,6,27,15,40,0.18933333,20.73333333,27.36000000,0.18727793
2001-06-27T15:50:00,1,6,27,15,50,0.15866667,20.46666667,26.02000000,0.15792220
2001-06-27T16:00:00,1,6,27,16,0,0.12800000,20.20000000,24.68000000,0.12818842
2001-06-27T16:10:00,1,6,27,16,10,0.10666667,19.85000000,23.58333333,0.10736178
2001-06-27T16:20:00,1,6,27,16,20,0.08533333,19.50000000,22.48666667,0.08631990
2001-06-27T16:30:00,1,6,27,16,30,0.06400000,19.15000000,21.39000000,0.06506278
2001-06-27T16:40:00,1,6,27,16,40,0.04266667,18.80000000,20.29333333,0.04359043
2001-06-27T16:50:00,1,6,27,16,50,0.02133333,18.45000000,19.19666667,0.02190283
2001-06-27T17:00:00,1,6,27,17,0,0.00000000,18.10000000,18.10000000,0.00000000
2001-06-27T17:10:00,1,6,27,17,10,0.00000000,17.76666667,17.76666667,0.00000000
2001-06-27T17:20:00,1,6,27,17,20,0.00000000,17.43333333,17.43333333,0.00000000
2001-06-27T17:30:00,1,6,27,17,30,0.00000000,17.10000000,17.10000000,0.00000000
2001-06-27T17:40:00,1,6,27,17,40,0.00000000,16.76666667,16.76666667,0.00000000
2001-06-27T17:50:00,1,6,27,17,50,0.00000000,16.43333333,16.43333333,0.00000000
2001-06-27T18:00:00,1,6,27,18,0,0.00000000,16.10000000,16.10000000,0.00000000
2001-06-27T18:10:00,1,6,27,18,10,0.00000000,16.08333333,16.08333333,0.00000000
2001-06-27T18:20:00,1,6,27,18,20,0.00000000,16.06666667,16.06666667,0.00000000
2001-06-27T18:30:00,1,6,27,18,30,0.00000000,16.05000000,16.05000000,0.00000000
2001-06-27T18:40:00,1,6,27,18,40,0.00000000,16.03333333,16.03333333,0.00000000
2001-06-27T18:50:00,1,6,27,18,50,0.00000000,16.01666667,16.01666667,0.00000000
2001-06-27T19:00:00,1,6,27,19,0,0.00000000,16.00000000,16.00000000,0.00000000
2001-06-27T19:10:00,1,6,27,19,10,0.00000000,15.91666667,15.91666667,0.00000000
2001-06-27T19:20:00,1,6,27,19,20,0.00000000,15.83333333,15.83333333,0.00000000
2001-06-27T19:30:00,1,6,27,19,30,0.00000000,15.75000000,15.75000000,0.00000000
2001-06-27T19:40:00,1,6,27,19,40,0.00000000,15.66666667,15.66666667,0.00000000
2001-06-27T19:50:00,1,6,27,19,50,0.00000000,15.58333333,15.58333333,0.00000000
2001-06-27T20:00:00,1,6,27,20,0,0.00000000,15.50000000,15.50000000,0.00000000
2001-06-27T20:10:00,1,6,27,20,10,0.00000000,15.38333333,15.38333333,0.00000000
2001-06-27T20:20:00,1,6,27,20,20,0.00000000,15.26666667,15.26666667,0.00000000
2001-06-27T20:30:00,1,6,27,20,30,0.00000000,15.15000000,15.15000000,0.00000000
2001-06-27T20:40:00,1,6,27,20,40,0.00000000,15.03333333,15.03333333,0.00000000
2001-06-27T20:50:00,1,6,27,20,50,0.00000000,14.91666667,14.91666667,0.00000000
2001-06-27T21:00:00,1,6,27,21,0,0.00000000,14.80000000,14.80000000,0.00000000
2001-06-27T21:10:00,1,6,27,21,10,0.00000000,14.60000000,14.60000000,0.00000000
2001-06-27T21:20:00,1,6,27,21,20,0.00000000,14.40000000,14.40000000,0.00000000
2001-06-27T21:30:00,1,6,27,21,30,0.00000000,14.20000000,14.20000000,0.00000000
2001-06-27T21:40:00,1,6,27,21,40,0.00000000,14.00000000,14.00000000,0.00000000
2001-06-27T21:50:00,1,6,27,21,50,0.00000000,13.80000000,13.80000000,0.00000000
2001-06-27T22:00:00,1,6,27,22,0,0.00000000,13.60000000,13.60000000,0.00000000
2001-06-27T22:10:00,1,6,27,22,10,0.00000000,13.43333333,13.43333333,0.00000000
2001-06-27T22:20:00,1,6,27,22,20,0.00000000,13.26666667,13.26666667,0.00000000
2001-06-27T22:30:00,1,6,27,22,30,0.00000000,13.10000000,13.10000000,0.00000000
2001-06-27T22:40:00,1,6,27,22,40,0.00000000,12.93333333,12.93333333,0.00000000
2001-06-27T22:50:00,1,6,27,22,50,0.00000000,12.76666667,12.76666667,0.00000000
2001-06-27T23:00:00,1,6,27,23,0,0.00000000,12.60000000,12.60000000,0.00000000
2001-06-27T23:10:00,1,6,27,23,10,0.00000000,12.76666667,12.76666667,0.00000000
2001-06-27T23:20:00,1,6,27,23,20,0.00000000,12.93333333,12.93333333,0.00000000
2001-06-27T23:30:00,1,6,27,23,30,0.00000000,13.10000000,13.10000000,0.00000000
2001-06-27T23:40:00,1,6,27,23,40,0.00000000,13.26666667,13.26666667,0.00000000
2001-06-27T23:50:00,1,6,27,23,50,0.00000000,13.43333333,13.43333333,0.00000000
2001-06-28T00:00:00,1,6,28,0,0,0.00000000,13.60000000,13.60000000,0.00000000
2001-06-28T00:10:00,1,6,28,0,10,0.00000000,13.51666667,13.51666667,0.00000000
2001-06-28T00:20:00,1,6,28,0,20,0.00000000,13.43333333,13.43333333,0.00000000
2001-06-28T00:30:00,1,6,28,0,30,0.00000000,13.35000000,13.35000000,0.00000000
2001-06-28T00:40:00,1,6,28,0,40,0.00000000,13.26666667,13.26666667,0.00000000
2001-06-28T00:50:00,1,6,28,0,50,0.00000000,13.18333333,13.18333333,0.00000000
2001-06-28T01:00:00,1,6,28,1,0,0.00000000,13.10000000,13.10000000,0.00000000
2001-06-28T01:10:00,1,6,28,1,10,0.00000000,13.10000000,13.10000000,0.00000000
2001-06-28T01:20:00,1,6,28,1,20,0.00000000,13.10000000,13.10000000,0.00000000
2001-06-28T01:30:00,1,6,28,1,30,0.00000000,13.10000000,13.10000000,0.00000000
2001-06-28T01:40:00,1,6,28,1,40,0.00000000,13.10000000,13.10000000,0.00000000
2001-06-28T01:50:00,1,6,28,1,50,0.00000000,13.10000000,13.10000000,0.00000000
2001-06-28T02:00:00,1,6,28,2,0,0.00000000,13.10000000,13.10000000,0.00000000
2001-06-28T02:10:00,1,6,28,2,10,0.00000000,13.11666667,13.11666667,0.00000000
2001-06-28T02:20:00,1,6,28,2,20,0.00000000,13.13333333,13.13333333,0.00000000
2001-06-28T02:30:00,1,6,28,2,30,0.00000000,13.15000000,13.15000000,0.00000000
2001-06-28T02:40:00,1,6,28,2,40,0.00000000,13.16666667,13.16666667,0.00000000
2001-06-28T02:50:00,1,6,28,2,50,0.00000000,13.18333333,13.18333333,0.00000000
2001-06-28T03:00:00,1,6,28,3,0,0.00000000,13.20000000,13.20000000,0.00000000
2001-06-28T03:10:00,1,6,28,3,10,0.00000000,13.23333333,13.23333333,0.00000000
2001-06-28T03:20:00,1,6,28,3,20,0.00000000,13.26666667,13.26666667,0.00000000
2001-06-28T03:30:00,1,6,28,3,30,0.00000000,13.30000000,13.30000000,0.00000000
2001-06-28T03:40:00,1,6,28,3,40,0.00000000,13.33333333,13.33333333,0.00000000
2001-06-28T03:50:00,1,6,28,3,50,0.00000000,13.36666667,13.36666667,0.00000000
2001-06-28T04:00:00,1,6,28,4,0,0.00000000,13.40000000,13.40000000,0.00000000
2001-06-28T04:10:00,1,6,28,4,10,0.00000000,13.33333333,13.33333333,0.00000000
2001-06-28T04:20:00,1,6,28,4,20,0.00000000,13.26666667,13.26666667,0.00000000
2001-06-28T04:30:00,1,6,28,4,30,0.00000000,13.20000000,13.20000000,0.00000000
2001-06-28T04:40:00,1,6,28,4,40,0.00000000,13.13333333,13.13333333,0.00000000
2001-06-28T04:50:00,1,6,28,4,50,0.00000000,13.06666667,13.06666667,0.00000000
2001-06-28T05:00:00,1,6,28,5,0,0.00000000,13.00000000,13.00000000,0.00000000
2001-06-28T05:10:00,1,6,28,5,10,0.00000000,13.10000000,13.10000000,0.00000000
2001-06-28T05:20:00,1,6,28,5,20,0.00000000,13.20000000,13.20000000,0.00000000
2001-06-28T05:30:00,1,6,28,5,30,0.00000000,13.30000000,13.30000000,0.00000000
2001-06-28T05:40:00,1,6,28,5,40,0.00000000,13.40000000,13.40000000,0.00000000
2001-06-28T05:50:00,1,6,28,5,50,0.00000000,13.50000000,13.50000000,0.00000000
2001-06-28T06:00:00,1,6,28,6,0,0.00000000,13.60000000,13.60000000,0.00000000
2001-06-28T06:10:00,1,6,28,6,10,0.02350000,13.61666667,14.43916667,0.02464163
2001-06-28T06:20:00,1,6,28,6,20,0.04700000,13.63333333,15.27833333,0.04910182
2001-06-28T06:30:00,1,6,28,6,30,0.07050000,13.65000000,16.11750000,0.07338059
2001-06-28T06:40:00,1,6,28,6,40,0.09400000,13.66666667,16.95666667,0.09747794
2001-06-28T06:50:00,1,6,28,6,50,0.11750000,13.68333333,17.79583333,0.12139385
2001-06-28T07:00:00,1,6,28,7,0,0.14100000,13.70000000,18.63500000,0.14512834
2001-06-28T07:10:00,1,6,28,7,10,0.15350000,14.01666667,19.38916667,0.15746181
2001-06-28T07:20:00,1,6,28,7,20,0.16600000,14.33333333,20.14333333,0.16970855
2001-06-28T07:30:00,1,6,28,7,30,0.17850000,14.65000000,20.89750000,0.18186856
2001-06-28T07:40:00,1,6,28,7,40,0.19100000,14.96666667,21.65166667,0.19394185
2001-06-28T07:50:00,1,6,28,7,50,0.20350000,15.28333333,22.40583333,0.20592840
2001-06-28T08:00:00,1,6,28,8,0,0.21600000,15.60000000,23.16000000,0.21782822
2001-06-28T08:10:00,1,6,28,8,10,0.24033333,15.86666667,24.27833333,0.24113116
2001-06-28T08:20:00,1,6,28,8,20,0.26466667,16.13333333,25.39666667,0.26418374
2001-06-28T08:30:00,1,6,28,8,30,0.28900000,16.40000000,26.51500000,0.28698596
2001-06-28T08:40:00,1,6,28,8,40,0.31333333,16.66666667,27.63333333,0.30953782
2001-06-28T08:50:00,1,6,28,8,50,0.33766667,16.93333333,28.75166667,0.33183933
2001-06-28T09:00:00,1,6,28,9,0,0.36200000,17.20000000,29.87000000,0.35389048
2001-06-28T09:10:00,1,6,28,9,10,0.38216667,17.61666667,30.99250000,0.37163205
2001-06-28T09:20:00,1,6,28,9,20,0.40233333,18.03333333,32.11500000,0.38916537
2001-06-28T09:30:00,1,6,28,9,30,0.42250000,18.45000000,33.23750000,0.40649042
2001-06-28T09:40:00,1,6,28,9,40,0.44266667,18.86666667,34.36000000,0.42360721
2001-06-28T09:50:00,1,6,28,9,50,0.46283333,19.28333333,35.48250000,0.44051574
2001-06-28T10:00:00,1,6,28,10,0,0.48300000,19.70000000,36.60500000,0.45721601
2001-06-28T10:10:00,1,6,28,10,10,0.49750000,19.86666667,37.27916667,0.46939913
2001-06-28T10:20:00,1,6,28,10,20,0.51200000,20.03333333,37.95333333,0.48149231
2001-06-28T10:30:00,1,6,28,10,30,0.52650000,20.20000000,38.62750000,0.49349556
2001-06-28T10:40:00,1,6,28,10,40,0.54100000,20.36666667,39.30166667,0.50540887
2001-06-28T10:50:00,1,6,28,10,50,0.55550000,20.53333333,39.97583333,0.51723225
2001-06-28T11:00:00,1,6,28,11,0,0.57000000,20.70000000,40.65000000,0.52896570
2001-06-28T11:10:00,1,6,28,11,10,0.58133333,20.88333333,41.23000000,0.53793215
2001-06-28T11:20:00,1,6,28,11,20,0.59266667,21.06666667,41.81000000,0.54683812
2001-06-28T11:30:00,1,6,28,11,30,0.60400000,21.25000000,42.39000000,0.55568362
2001-06-28T11:40:00,1,6,28,11,40,0.61533333,21.43333333,42.97000000,0.56446865
2001-06-28T11:50:00,1,6,28,11,50,0.62666667,21.61666667,43.55000000,0.57319320
2001-06-28T12:00:00,1,6,28,12,0,0.63800000,21.80000000,44.13000000,0.58185728
2001-06-28T12:10:00,1,6,28,12,10,0.63483333,21.98333333,44.20250000,0.57875755
2001-06-28T12:20:00,1,6,28,12,20,0.63166667,22.16666667,44.27500000,0.57565994
2001-06-28T12:30:00,1,6,28,12,30,0.62850000,22.35000000,44.34750000,0.57256444
2001-06-28T12:40:00,1,6,28,12,40,0.62533333,22.53333333,44.42000000,0.56947106
2001-06-28T12:50:00,1,6,28,12,50,0.62216667,22.71666667,44.49250000,0.56637978
2001-06-28T13:00:00,1,6,28,13,0,0.61900000,22.90000000,44.56500000,0.56329062
2001-06-28T13:10:00,1,6,28,13,10,0.56966667,23.00000000,42.93833333,0.52265986
2001-06-28T13:20:00,1,6,28,13,20,0.52033333,23.10000000,41.31166667,0.48129082
2001-06-28T13:30:00,1,6,28,13,30,0.47100000,23.20000000,39.68500000,0.43918348
2001-06-28T13:40:00,1,6,28,13,40,0.42166667,23.30000000,38.05833333,0.39633785
2001-06-28T13:50:00,1,6,28,13,50,0.37233333,23.40000000,36.43166667,0.35275394
2001-06-28T14:00:00,1,6,28,14,0,0.32300000,23.50000000,34.80500000,0.30843173
2001-06-28T14:10:00,1,6,28,14,10,0.30416667,22.98333333,33.62916667,0.29209302
2001-06-28T14:20:00,1,6,28,14,20,0.28533333,22.46666667,32.45333333,0.27555058
2001-06-28T14:30:00,1,6,28,14,30,0.26650000,21.95000000,31.27750000,0.25880441
2001-06-28T14:40:00,1,6,28,14,40,0.24766667,21.43333333,30.10166667,0.24185451
2001-06-28T14:50:00,1,6,28,14,50,0.22883333,20.91666667,28.92583333,0.22470087
2001-06-28T15:00:00,1,6,28,15,0,0.21000000,20.40000000,27.75000000,0.20734350
2001-06-28T15:10:00,1,6,28,15,10,0.19566667,20.31666667,27.16500000,0.19371802
2001-06-28T15:20:00,1,6,28,15,20,0.18133333,20.23333333,26.58000000,0.18001540
2001-06-28T15:30:00,1,6,28,15,30,0.16700000,20.15000000,25.99500000,0.16623564
2001-06-28T15:40:00,1,6,28,15,40,0.15266667,20.06666667,25.41000000,0.15237874
2001-06-28T15:50:00,1,6,28,15,50,0.13833333,19.98333333,24.82500000,0.13844469
2001-06-28T16:00:00,1,6,28,16,0,0.12400000,19.90000000,24.24000000,0.12443350
2001-06-28T16:10:00,1,6,28,16,10,0.10333333,19.73333333,23.35000000,0.10411763
2001-06-28T16:20:00,1,6,28,16,20,0.08266667,19.56666667,22.46000000,0.08363254
2001-06-28T16:30:00,1,6,28,16,30,0.06200000,19.40000000,21.57000000,0.06297824
2001-06-28T16:40:00,1,6,28,16,40,0.04133333,19.23333333,20.68000000,0.04215471
2001-06-28T16:50:00,1,6,28,16,50,0.02066667,19.06666667,19.79000000,0.02116196
2001-06-28T17:00:00,1,6,28,17,0,0.00000000,18.90000000,18.90000000,0.00000000
2001-06-28T17:10:00,1,6,28,17,10,0.00000000,18.56666667,18.56666667,0.00000000
2001-06-28T17:20:00,1,6,28,17,20,0.00000000,18.23333333,18.23333333,0.00000000
2001-06-28T17:30:00,1,6,28,17,30,0.00000000,17.90000000,17.90000000,0.00000000
2001-06-28T17:40:00,1,6,28,17,40,0.00000000,17.56666667,17.56666667,0.00000000
2001-06-28T17:50:00,1,6,28,17,50,0.00000000,17.23333333,17.23333333,0.00000000
2001-06-28T18:00:00,1,6,28,18,0,0.00000000,16.90000000,16.90000000,0.00000000
2001-06-28T18:10:00,1,6,28,18,10,0.00000000,16.90000000,16.90000000,0.00000000
2001-06-28T18:20:00,1,6,28,18,20,0.00000000,16.90000000,16.90000000,0.00000000
2001-06-28T18:30:00,1,6,28,18,30,0.00000000,16.90000000,16.90000000,0.00000000
2001-06-28T18:40:00,1,6,28,18,40,0.00000000,16.90000000,16.90000000,0.00000000
2001-06-28T18:50:00,1,6,28,18,50,0.00000000,16.90000000,16.90000000,0.00000000
2001-06-28T19:00:00,1,6,28,19,0,0.00000000,16.90000000,16.90000000,0.00000000
2001-06-28T19:10:00,1,6,28,19,10,0.00000000,16.83333333,16.83333333,0.00000000
2001-06-28T19:20:00,1,6,28,19,20,0.00000000,16.76666667,16.76666667,0.00000000
2001-06-28T19:30:00,1,6,28,19,30,0.00000000,16.70000000,16.70000000,0.00000000
2001-06-28T19:40:00,1,6,28,19,40,0.00000000,16.63333333,16.63333333,0.00000000
2001-06-28T19:50:00,1,6,28,19,50,0.00000000,16.56666667,16.56666667,0.00000000
2001-06-28T20:00:00,1,6,28,20,0,0.00000000,16.50000000,16.50000000,0.00000000
2001-06-28T20:10:00,1,6,28,20,10,0.00000000,16.33333333,16.33333333,0.00000000
2001-06-28T20:20:00,1,6,28,20,20,0.00000000,16.16666667,16.16666667,0.00000000
2001-06-28T20:30:00,1,6,28,20,30,0.00000000,16.00000000,16.00000000,0.00000000
2001-06-28T20:40:00,1,6,28,20,40,0.00000000,15.83333333,15.83333333,0.00000000
2001-06-28T20:50:00,1,6,28,20,50,0.00000000,15.66666667,15.66666667,0.00000000
2001-06-28T21:00:00,1,6,28,21,0,0.00000000,15.50000000,15.50000000,0.00000000
2001-06-28T21:10:00,1,6,28,21,10,0.00000000,15.43333333,15.43333333,0.00000000
2001-06-28T21:20:00,1,6,28,21,20,0.00000000,15.36666667,15.36666667,0.00000000
2001-06-28T21:30:00,1,6,28,21,30,0.00000000,15.30000000,15.30000000,0.00000000
2001-06-28T21:40:00,1,6,28,21,40,0.00000000,15.23333333,15.23333333,0.00000000
2001-06-28T21:50:00,1,6,28,21,50,0.00000000,15.16666667,15.16666667,0.00000000
2001-06-28T22:00:00,1,6,28,22,0,0.00000000,15.10000000,15.10000000,0.00000000
2001-06-28T22:10:00,1,6,28,22,10,0.00000000,15.06666667,15.06666667,0.00000000
2001-06-28T22:20:00,1,6,28,22,20,0.00000000,15.03333333,15.03333333,0.00000000
2001-06-28T22:30:00,1,6,28,22,30,0.00000000,15.00000000,15.00000000,0.00000000
2001-06-28T22:40:00,1,6,28,22,40,0.00000000,14.96666667,14.96666667,0.00000000
2001-06-28T22:50:00,1,6,28,22,50,0.00000000,14.93333333,14.93333333,0.00000000
2001-06-28T23:00:00,1,6,28,23,0,0.00000000,14.90000000,14.90000000,0.00000000
2001-06-28T23:10:00,1,6,28,23,10,0.00000000,14.98333333,14.98333333,0.00000000
2001-06-28T23:20:00,1,6,28,23,20,0.00000000,15.06666667,15.06666667,0.00000000
2001-06-28T23:30:00,1,6,28,23,30,0.00000000,15.15000000,15.15000000,0.00000000
2001-06-28T23:40:00,1,6,28,23,40,0.00000000,15.23333333,15.23333333,0.00000000
2001-06-28T23:50:00,1,6,28,23,50,0.00000000,15.31666667,15.31666667,0.00000000
2001-06-29T00:00:00,1,6,29,0,0,0.00000000,15.40000000,15.40000000,0.00000000
2001-06-29T00:10:00,1,6,29,0,10,0.00000000,15.45000000,15.45000000,0.00000000
2001-06-29T00:20:00,1,6,29,0,20,0.00000000,15.50000000,15.50000000,0.00000000
2001-06-29T00:30:00,1,6,29,0,30,0.00000000,15.55000000,15.55000000,0.00000000
2001-06-29T00:40:00,1,6,29,0,40,0.00000000,15.60000000,15.60000000,0.00000000
2001-06-29T00:50:00,1,6,29,0,50,0.00000000,15.65000000,15.65000000,0.00000000
2001-06-29T01:00:00,1,6,29,1,0,0.00000000,15.70000000,15.70000000,0.00000000
2001-06-29T01:10:00,1,6,29,1,10,0.00000000,15.60000000,15.60000000,0.00000000
2001-06-29T01:20:00,1,6,29,1,20,0.00000000,15.50000000,15.50000000,0.00000000
2001-06-29T01:30:00,1,6,29,1,30,0.00000000,15.40000000,15.40000000,0.00000000
2001-06-29T01:40:00,1,6,29,1,40,0.00000000,15.30000000,15.30000000,0.00000000
2001-06-29T01:50:00,1,6,29,1,50,0.00000000,15.20000000,15.20000000,0.00000000
2001-06-29T02:00:00,1,6,29,2,0,0.00000000,15.10000000,15.10000000,0.00000000
2001-06-29T02:10:00,1,6,29,2,10,0.00000000,15.16666667,15.16666667,0.00000000
2001-06-29T02:20:00,1,6,29,2,20,0.00000000,15.23333333,15.23333333,0.00000000
2001-06-29T02:30:00,1,6,29,2,30,0.00000000,15.30000000,15.30000000,0.00000000
2001-06-29T02:40:00,1,6,29,2,40,0.00000000,15.36666667,15.36666667,0.00000000
2001-06-29T02:50:00,1,6,29,2,50,0.00000000,15.43333333,15.43333333,0.00000000
2001-06-29T03:00:00,1,6,29,3,0,0.00000000,15.50000000,15.50000000,0.00000000
2001-06-29T03:10:00,1,6,29,3,10,0.00000000,15.35000000,15.35000000,0.00000000
2001-06-29T03:20:00,1,6,29,3,20,0.00000000,15.20000000,15.20000000,0.00000000
2001-06-29T03:30:00,1,6,29,3,30,0.00000000,15.05000000,15.05000000,0.00000000
2001-06-29T03:40:00,1,6,29,3,40,0.00000000,14.90000000,14.90000000,0.00000000
2001-06-29T03:50:00,1,6,29,3,50,0.00000000,14.75000000,14.75000000,0.00000000
2001-06-29T04:00:00,1,6,29,4,0,0.00000000,14.60000000,14.60000000,0.00000000
2001-06-29T04:10:00,1,6,29,4,10,0.00000000,14.71666667,14.71666667,0.00000000
2001-06-29T04:20:00,1,6,29,4,20,0.00000000,14.83333333,14.83333333,0.00000000
2001-06-29T04:30:00,1,6,29,4,30,0.00000000,14.95000000,14.95000000,0.00000000
2001-06-29T04:40:00,1,6,29,4,40,0.00000000,15.06666667,15.06666667,0.00000000
2001-06-29T04:50:00,1,6,29,4,50,0.00000000,15.18333333,15.18333333,0.00000000
2001-06-29T05:00:00,1,6,29,5,0,0.00000000,15.30000000,15.30000000,0.00000000
2001-06-29T05:10:00,1,6,29,5,10,0.00000000,15.28333333,15.28333333,0.00000000
2001-06-29T05:20:00,1,6,29,5,20,0.00000000,15.26666667,15.26666667,0.00000000
2001-06-29T05:30:00,1,6,29,5,30,0.00000000,15.25000000,15.25000000,0.00000000
2001-06-29T05:40:00,1,6,29,5,40,0.00000000,15.23333333,15.23333333,0.00000000
2001-06-29T05:50:00,1,6,29,5,50,0.00000000,15.21666667,15.21666667,0.00000000
2001-06-29T06:00:00,1,6,29,6,0,0.00000000,15.20000000,15.20000000,0.00000000
2001-06-29T06:10:00,1,6,29,6,10,0.01200000,15.21666667,15.63666667,0.01251686
2001-06-29T06:20:00,1,6,29,6,20,0.02400000,15.23333333,16.07333333,0.02498550
2001-06-29T06:30:00,1,6,29,6,30,0.03600000,15.25000000,16.51000000,0.03740594
2001-06-29T06:40:00,1,6,29,6,40,0.04800000,15.26666667,16.94666667,0.04977818
2001-06-29T06:50:00,1,6,29,6,50,0.06000000,15.28333333,17.38333333,0.06210220
2001-06-29T07:00:00,1,6,29,7,0,0.07200000,15.30000000,17.82000000,0.07437802
2001-06-29T07:10:00,1,6,29,7,10,0.08883333,15.58333333,18.69250000,0.09141079
2001-06-29T07:20:00,1,6,29,7,20,0.10566667,15.86666667,19.56500000,0.10830844
2001-06-29T07:30:00,1,6,29,7,30,0.12250000,16.15000000,20.43750000,0.12507097
2001-06-29T07:40:00,1,6,29,7,40,0.13933333,16.43333333,21.31000000,0.14169838
2001-06-29T07:50:00,1,6,29,7,50,0.15616667,16.71666667,22.18250000,0.15819066
2001-06-29T08:00:00,1,6,29,8,0,0.17300000,17.00000000,23.05500000,0.17454783
2001-06-29T08:10:00,1,6,29,8,10,0.18133333,17.36666667,23.71333333,0.18240658
2001-06-29T08:20:00,1,6,29,8,20,0.18966667,17.73333333,24.37166667,0.19021487
2001-06-29T08:30:00,1,6,29,8,30,0.19800000,18.10000000,25.03000000,0.19797268
2001-06-29T08:40:00,1,6,29,8,40,0.20633333,18.46666667,25.68833333,0.20568001
2001-06-29T08:50:00,1,6,29,8,50,0.21466667,18.83333333,26.34666667,0.21333688
2001-06-29T09:00:00,1,6,29,9,0,0.22300000,19.20000000,27.00500000,0.22094327
2001-06-29T09:10:00,1,6,29,9,10,0.27600000,19.25000000,28.91000000,0.27103586
2001-06-29T09:20:00,1,6,29,9,20,0.32900000,19.30000000,30.81500000,0.32019958
2001-06-29T09:30:00,1,6,29,9,30,0.38200000,19.35000000,32.72000000,0.36843442
2001-06-29T09:40:00,1,6,29,9,40,0.43500000,19.40000000,34.62500000,0.41574038
2001-06-29T09:50:00,1,6,29,9,50,0.48800000,19.45000000,36.53000000,0.46211746
2001-06-29T10:00:00,1,6,29,10,0,0.54100000,19.50000000,38.43500000,0.50756566
2001-06-29T10:10:00,1,6,29,10,10,0.51000000,20.31666667,38.16666667,0.47911100
2001-06-29T10:20:00,1,6,29,10,20,0.47900000,21.13333333,37.89833333,0.45057981
2001-06-29T10:30:00,1,6,29,10,30,0.44800000,21.95000000,37.63000000,0.42197210
2001-06-29T10:40:00,1,6,29,10,40,0.41700000,22.76666667,37.36166667,0.39328785
2001-06-29T10:50:00,1,6,29,10,50,0.38600000,23.58333333,37.09333333,0.36452708
2001-06-29T11:00:00,1,6,29,11,0,0.35500000,24.40000000,36.82500000,0.33568977
2001-06-29T11:10:00,1,6,29,11,10,0.33866667,24.08333333,35.93666667,0.32162880
2001-06-29T11:20:00,1,6,29,11,20,0.32233333,23.76666667,35.04833333,0.30743433
2001-06-29T11:30:00,1,6,29,11,30,0.30600000,23.45000000,34.16000000,0.29310638
2001-06-29T11:40:00,1,6,29,11,40,0.28966667,23.13333333,33.27166667,0.27864495
2001-06-29T11:50:00,1,6,29,11,50,0.27333333,22.81666667,32.38333333,0.26405002
2001-06-29T12:00:00,1,6,29,12,0,0.25700000,22.50000000,31.49500000,0.24932161
2001-06-29T12:10:00,1,6,29,12,10,0.29366667,22.31666667,32.59500000,0.28340683
2001-06-29T12:20:00,1,6,29,12,20,0.33033333,22.13333333,33.69500000,0.31712099
2001-06-29T12:30:00,1,6,29,12,30,0.36700000,21.95000000,34.79500000,0.35046408
2001-06-29T12:40:00,1,6,29,12,40,0.40366667,21.76666667,35.89500000,0.38343610
2001-06-29T12:50:00,1,6,29,12,50,0.44033333,21.58333333,36.99500000,0.41603706
2001-06-29T13:00:00,1,6,29,13,0,0.47700000,21.40000000,38.09500000,0.44826695
2001-06-29T13:10:00,1,6,29,13,10,0.44150000,21.91666667,37.36916667,0.41637946
2001-06-29T13:20:00,1,6,29,13,20,0.40600000,22.43333333,36.64333333,0.38425491
2001-06-29T13:30:00,1,6,29,13,30,0.37050000,22.95000000,35.91750000,0.35189330
2001-06-29T13:40:00,1,6,29,13,40,0.33500000,23.46666667,35.19166667,0.31929464
2001-06-29T13:50:00,1,6,29,13,50,0.29950000,23.98333333,34.46583333,0.28645892
2001-06-29T14:00:00,1,6,29,14,0,0.26400000,24.50000000,33.74000000,0.25338614
2001-06-29T14:10:00,1,6,29,14,10,0.24733333,24.06666667,32.72333333,0.23854624
2001-06-29T14:20:00,1,6,29,14,20,0.23066667,23.63333333,31.70666667,0.22355045
2001-06-29T14:30:00,1,6,29,14,30,0.21400000,23.20000000,30.69000000,0.20839876
2001-06-29T14:40:00,1,6,29,14,40,0.19733333,22.76666667,29.67333333,0.19309119
2001-06-29T14:50:00,1,6,29,14,50,0.18066667,22.33333333,28.65666667,0.17762773
2001-06-29T15:00:00,1,6,29,15,0,0.16400000,21.90000000,27.64000000,0.16200838
2001-06-29T15:10:00,1,6,29,15,10,0.14666667,21.60000000,26.73333333,0.14549724
2001-06-29T15:20:00,1,6,29,15,20,0.12933333,21.30000000,25.82666667,0.12884152
2001-06-29T15:30:00,1,6,29,15,30,0.11200000,21.00000000,24.92000000,0.11204122
2001-06-29T15:40:00,1,6,29,15,40,0.09466667,20.70000000,24.01333333,0.09509633
2001-06-29T15:50:00,1,6,29,15,50,0.07733333,20.40000000,23.10666667,0.07800686
2001-06-29T16:00:00,1,6,29,16,0,0.06000000,20.10000000,22.20000000,0.06077280
2001-06-29T16:10:00,1,6,29,16,10,0.05000000,19.85000000,21.60000000,0.05078200
2001-06-29T16:20:00,1,6,29,16,20,0.04000000,19.60000000,21.00000000,0.04073600
2001-06-29T16:30:00,1,6,29,16,30,0.03000000,19.35000000,20.40000000,0.03063480
2001-06-29T16:40:00,1,6,29,16,40,0.02000000,19.10000000,19.80000000,0.02047840
2001-06-29T16:50:00,1,6,29,16,50,0.01000000,18.85000000,19.20000000,0.01026680
2001-06-29T17:00:00,1,6,29,17,0,0.00000000,18.60000000,18.60000000,0.00000000
2001-06-29T17:10:00,1,6,29,17,10,0.00000000,18.41666667,18.41666667,0.00000000
2001-06-29T17:20:00,1,6,29,17,20,0.00000000,18.23333333,18.23333333,0.00000000
2001-06-29T17:30:00,1,6,29,17,30,0.00000000,18.05000000,18.05000000,0.00000000
2001-06-29T17:40:00,1,6,29,17,40,0.00000000,17.86666667,17.86666667,0.00000000
2001-06-29T17:50:00,1,6,29,17,50,0.00000000,17.68333333,17.68333333,0.00000000
2001-06-29T18:00:00,1,6,29,18,0,0.00000000,17.50000000,17.50000000,0.00000000
2001-06-29T18:10:00,1,6,29,18,10,0.00000000,17.41666667,17.41666667,0.00000000
2001-06-29T18:20:00,1,6,29,18,20,0.00000000,17.33333333,17.33333333,0.00000000
2001-06-29T18:30:00,1,6,29,18,30,0.00000000,17.25000000,17.25000000,0.00000000
2001-06-29T18:40:00,1,6,29,18,40,0.00000000,17.16666667,17.16666667,0.00000000
2001-06-29T18:50:00,1,6,29,18,50,0.00000000,17.08333333,17.08333333,0.00000000
2001-06-29T19:00:00,1,6,29,19,0,0.00000000,17.00000000,17.00000000,0.00000000
2001-06-29T19:10:00,1,6,29,19,10,0.00000000,16.91666667,16.91666667,0.00000000
2001-06-29T19:20:00,1,6,29,19,20,0.00000000,16.83333333,16.83333333,0.00000000
2001-06-29T19:30:00,1,6,29,19,30,0.00000000,16.75000000,16.75000000,0.00000000
2001-06-29T19:40:00,1,6,29,19,40,0.00000000,16.66666667,16.66666667,0.00000000
2001-06-29T19:50:00,1,6,29,19,50,0.00000000,16.58333333,16.58333333,0.00000000
2001-06-29T20:00:00,1,6,29,20,0,0.00000000,16.50000000,16.50000000,0.00000000
2001-06-29T20:10:00,1,6,29,20,10,0.00000000,16.43333333,16.43333333,0.00000000
2001-06-29T20:20:00,1,6,29,20,20,0.00000000,16.36666667,16.36666667,0.00000000
2001-06-29T20:30:00,1,6,29,20,30,0.00000000,16.30000000,16.30000000,0.00000000
2001-06-29T20:40:00,1,6,29,20,40,0.00000000,16.23333333,16.23333333,0.00000000
2001-06-29T20:50:00,1,6,29,20,50,0.00000000,16.16666667,16.16666667,0.00000000
2001-06-29T21:00:00,1,6,29,21,0,0.00000000,16.10000000,16.10000000,0.00000000
2001-06-29T21:10:00,1,6,29,21,10,0.00000000,16.05000000,16.05000000,0.00000000
2001-06-29T21:20:00,1,6,29,21,20,0.00000000,16.00000000,16.00000000,0.00000000
2001-06-29T21:30:00,1,6,29,21,30,0.00000000,15.95000000,15.95000000,0.00000000
2001-06-29T21:40:00,1,6,29,21,40,0.00000000,15.90000000,15.90000000,0.00000000
2001-06-29T21:50:00,1,6,29,21,50,0.00000000,15.85000000,15.85000000,0.00000000
2001-06-29T22:00:00,1,6,29,22,0,0.00000000,15.80000000,15.80000000,0.00000000
2001-06-29T22:10:00,1,6,29,22,10,0.00000000,15.63333333,15.63333333,0.00000000
2001-06-29T22:20:00,1,6,29,22,20,0.00000000,15.46666667,15.46666667,0.00000000
2001-06-29T22:30:00,1,6,29,22,30,0.00000000,15.30000000,15.30000000,0.00000000
2001-06-29T22:40:00,1,6,29,22,40,0.00000000,15.13333333,15.13333333,0.00000000
2001-06-29T22:50:00,1,6,29,22,50,0.00000000,14.96666667,14.96666667,0.00000000
2001-06-29T23:00:00,1,6,29,23,0,0.00000000,14.80000000,14.80000000,0.00000000
2001-06-29T23:10:00,1,6,29,23,10,0.00000000,15.10000000,15.10000000,0.00000000
2001-06-29T23:20:00,1,6,29,23,20,0.00000000,15.40000000,15.40000000,0.00000000
2001-06-29T23:30:00,1,6,29,23,30,0.00000000,15.70000000,15.70000000,0.00000000
2001-06-29T23:40:00,1,6,29,23,40,0.00000000,16.00000000,16.00000000,0.00000000
2001-06-29T23:50:00,1,6,29,23,50,0.00000000,16.30000000,16.30000000,0.00000000
2001-06-30T00:00:00,1,6,30,0,0,0.00000000,16.60000000,16.60000000,0.00000000
2001-06-30T00:10:00,1,6,30,0,10,0.00000000,16.55000000,16.55000000,0.00000000
2001-06-30T00:20:00,1,6,30,0,20,0.00000000,16.50000000,16.50000000,0.00000000
2001-06-30T00:30:00,1,6,30,0,30,0.00000000,16.45000000,16.45000000,0.00000000
2001-06-30T00:40:00,1,6,30,0,40,0.00000000,16.40000000,16.40000000,0.00000000
2001-06-30T00:50:00,1,6,30,0,50,0.00000000,16.35000000,16.35000000,0.00000000
2001-06-30T01:00:00,1,6,30,1,0,0.00000000,16.30000000,16.30000000,0.00000000
2001-06-30T01:10:00,1,6,30,1,10,0.00000000,16.36666667,16.36666667,0.00000000
2001-06-30T01:20:00,1,6,30,1,20,0.00000000,16.43333333,16.43333333,0.00000000
2001-06-30T01:30:00,1,6,30,1,30,0.00000000,16.50000000,16.50000000,0.00000000
2001-06-30T01:40:00,1,6,30,1,40,0.00000000,16.56666667,16.56666667,0.00000000
2001-06-30T01:50:00,1,6,30,1,50,0.00000000,16.63333333,16.63333333,0.00000000
2001-06-30T02:00:00,1,6,30,2,0,0.00000000,16.70000000,16.70000000,0.00000000
2001-06-30T02:10:00,1,6,30,2,10,0.00000000,16.66666667,16.66666667,0.00000000
2001-06-30T02:20:00,1,6,30,2,20,0.00000000,16.63333333,16.63333333,0.00000000
2001-06-30T02:30:00,1,6,30,2,30,0.00000000,16.60000000,16.60000000,0.00000000
2001-06-30T02:40:00,1,6,30,2,40,0.00000000,16.56666667,16.56666667,0.00000000
2001-06-30T02:50:00,1,6,30,2,50,0.00000000,16.53333333,16.53333333,0.00000000
2001-06-30T03:00:00,1,6,30,3,0,0.00000000,16.50000000,16.50000000,0.00000000
2001-06-30T03:10:00,1,6,30,3,10,0.00000000,16.43333333,16.43333333,0.00000000
2001-06-30T03:20:00,1,6,30,3,20,0.00000000,16.36666667,16.36666667,0.00000000
2001-06-30T03:30:00,1,6,30,3,30,0.00000000,16.30000000,16.30000000,0.00000000
2001-06-30T03:40:00,1,6,30,3,40,0.00000000,16.23333333,16.23333333,0.00000000
2001-06-30T03:50:00,1,6,30,3,50,0.00000000,16.16666667,16.16666667,0.00000000
2001-06-30T04:00:00,1,6,30,4,0,0.00000000,16.10000000,16.10000000,0.00000000
2001-06-30T04:10:00,1,6,30,4,10,0.00000000,16.03333333,16.03333333,0.00000000
2001-06-30T04:20:00,1,6,30,4,20,0.00000000,15.96666667,15.96666667,0.00000000
2001-06-30T04:30:00,1,6,30,4,30,0.00000000,15.90000000,15.90000000,0.00000000
2001-06-30T04:40:00,1,6,30,4,40,0.00000000,15.83333333,15.83333333,0.00000000
2001-06-30T04:50:00,1,6,30,4,50,0.00000000,15.76666667,15.76666667,0.00000000
2001-06-30T05:00:00,1,6,30,5,0,0.00000000,15.70000000,15.70000000,0.00000000
2001-06-30T05:10:00,1,6,30,5,10,0.00000000,15.71666667,15.71666667,0.00000000
2001-06-30T05:20:00,1,6,30,5,20,0.00000000,15.73333333,15.73333333,0.00000000
2001-06-30T05:30:00,1,6,30,5,30,0.00000000,15.75000000,15.75000000,0.00000000
2001-06-30T05:40:00,1,6,30,5,40,0.00000000,15.76666667,15.76666667,0.00000000
2001-06-30T05:50:00,1,6,30,5,50,0.00000000,15.78333333,15.78333333,0.00000000
2001-06-30T06:00:00,1,6,30,6,0,0.00000000,15.80000000,15.80000000,0.00000000
2001-06-30T06:10:00,1,6,30,6,10,0.01650000,15.78333333,16.36083333,0.01715571
2001-06-30T06:20:00,1,6,30,6,20,0.03300000,15.76666667,16.92166667,0.03422629
2001-06-30T06:30:00,1,6,30,6,30,0.04950000,15.75000000,17.48250000,0.05121173
2001-06-30T06:40:00,1,6,30,6,40,0.06600000,15.73333333,18.04333333,0.06811204
2001-06-30T06:50:00,1,6,30,6,50,0.08250000,15.71666667,18.60416667,0.08492722
2001-06-30T07:00:00,1,6,30,7,0,0.09900000,15.70000000,19.16500000,0.10165726
2001-06-30T07:10:00,1,6,30,7,10,0.10983333,16.05000000,19.89416667,0.11241297
2001-06-30T07:20:00,1,6,30,7,20,0.12066667,16.40000000,20.62333333,0.12309601
2001-06-30T07:30:00,1,6,30,7,30,0.13150000,16.75000000,21.35250000,0.13370637
2001-06-30T07:40:00,1,6,30,7,40,0.14233333,17.10000000,22.08166667,0.14424406
2001-06-30T07:50:00,1,6,30,7,50,0.15316667,17.45000000,22.81083333,0.15470908
2001-06-30T08:00:00,1,6,30,8,0,0.16400000,17.80000000,23.54000000,0.16510142
2001-06-30T08:10:00,1,6,30,8,10,0.16583333,18.08333333,23.88750000,0.16668199
2001-06-30T08:20:00,1,6,30,8,20,0.16766667,18.36666667,24.23500000,0.16825669
2001-06-30T08:30:00,1,6,30,8,30,0.16950000,18.65000000,24.58250000,0.16982552
2001-06-30T08:40:00,1,6,30,8,40,0.17133333,18.93333333,24.93000000,0.17138850
2001-06-30T08:50:00,1,6,30,8,50,0.17316667,19.21666667,25.27750000,0.17294562
2001-06-30T09:00:00,1,6,30,9,0,0.17500000,19.50000000,25.62500000,0.17449687
2001-06-30T09:10:00,1,6,30,9,10,0.19883333,19.56666667,26.52583333,0.19743776
2001-06-30T09:20:00,1,6,30,9,20,0.22266667,19.63333333,27.42666667,0.22018111
2001-06-30T09:30:00,1,6,30,9,30,0.24650000,19.70000000,28.32750000,0.24272695
2001-06-30T09:40:00,1,6,30,9,40,0.27033333,19.76666667,29.22833333,0.26507526
2001-06-30T09:50:00,1,6,30,9,50,0.29416667,19.83333333,30.12916667,0.28722605
2001-06-30T10:00:00,1,6,30,10,0,0.31800000,19.90000000,31.03000000,0.30917932
2001-06-30T10:10:00,1,6,30,10,10,0.33250000,20.55000000,32.18750000,0.32150672
2001-06-30T10:20:00,1,6,30,10,20,0.34700000,21.20000000,33.34500000,0.33367971
2001-06-30T10:30:00,1,6,30,10,30,0.36150000,21.85000000,34.50250000,0.34569829
2001-06-30T10:40:00,1,6,30,10,40,0.37600000,22.50000000,35.66000000,0.35756246
2001-06-30T10:50:00,1,6,30,10,50,0.39050000,23.15000000,36.81750000,0.36927222
2001-06-30T11:00:00,1,6,30,11,0,0.40500000,23.80000000,37.97500000,0.38082758
2001-06-30T11:10:00,1,6,30,11,10,0.38516667,24.10000000,37.58083333,0.36287637
2001-06-30T11:20:00,1,6,30,11,20,0.36533333,24.40000000,37.18666667,0.34485323
2001-06-30T11:30:00,1,6,30,11,30,0.34550000,24.70000000,36.79250000,0.32675818
2001-06-30T11:40:00,1,6,30,11,40,0.32566667,25.00000000,36.39833333,0.30859120
2001-06-30T11:50:00,1,6,30,11,50,0.30583333,25.30000000,36.00416667,0.29035230
2001-06-30T12:00:00,1,6,30,12,0,0.28600000,25.60000000,35.61000000,0.27204148
2001-06-30T12:10:00,1,6,30,12,10,0.30333333,24.98333333,35.60000000,0.28854280
2001-06-30T12:20:00,1,6,30,12,20,0.32066667,24.36666667,35.59000000,0.30504571
2001-06-30T12:30:00,1,6,30,12,30,0.33800000,23.75000000,35.58000000,0.32155022
2001-06-30T12:40:00,1,6,30,12,40,0.35533333,23.13333333,35.57000000,0.33805632
2001-06-30T12:50:00,1,6,30,12,50,0.37266667,22.51666667,35.56000000,0.35456401
2001-06-30T13:00:00,1,6,30,13,0,0.39000000,21.90000000,35.55000000,0.37107330
2001-06-30T13:10:00,1,6,30,13,10,0.34183333,22.41666667,34.38083333,0.32708260
2001-06-30T13:20:00,1,6,30,13,20,0.29366667,22.93333333,33.21166667,0.28257380
2001-06-30T13:30:00,1,6,30,13,30,0.24550000,23.45000000,32.04250000,0.23754690
2001-06-30T13:40:00,1,6,30,13,40,0.19733333,23.96666667,30.87333333,0.19200191
2001-06-30T13:50:00,1,6,30,13,50,0.14916667,24.48333333,29.70416667,0.14593882
2001-06-30T14:00:00,1,6,30,14,0,0.10100000,25.00000000,28.53500000,0.09935764
2001-06-30T14:10:00,1,6,30,14,10,0.08866667,23.76666667,26.87000000,0.08790396
2001-06-30T14:20:00,1,6,30,14,20,0.07633333,22.53333333,25.20500000,0.07626135
2001-06-30T14:30:00,1,6,30,14,30,0.06400000,21.30000000,23.54000000,0.06442982
2001-06-30T14:40:00,1,6,30,14,40,0.05166667,20.06666667,21.87500000,0.05240938
2001-06-30T14:50:00,1,6,30,14,50,0.03933333,18.83333333,20.21000000,0.04020000
2001-06-30T15:00:00,1,6,30,15,0,0.02700000,17.60000000,18.54500000,0.02780171
2001-06-30T15:10:00,1,6,30,15,10,0.02350000,17.33333333,18.15583333,0.02423985
2001-06-30T15:20:00,1,6,30,15,20,0.02000000,17.06666667,17.76666667,0.02066547
2001-06-30T15:30:00,1,6,30,15,30,0.01650000,16.80000000,17.37750000,0.01707855
2001-06-30T15:40:00,1,6,30,15,40,0.01300000,16.53333333,16.98833333,0.01347910
2001-06-30T15:50:00,1,6,30,15,50,0.00950000,16.26666667,16.59916667,0.00986712
2001-06-30T16:00:00,1,6,30,16,0,0.00600000,16.00000000,16.21000000,0.00624260
2001-06-30T16:10:00,1,6,30,16,10,0.00500000,15.85000000,16.02500000,0.00520642
2001-06-30T16:20:00,1,6,30,16,20,0.00400000,15.70000000,15.84000000,0.00416854
2001-06-30T16:30:00,1,6,30,16,30,0.00300000,15.55000000,15.65500000,0.00312896
2001-06-30T16:40:00,1,6,30,16,40,0.00200000,15.40000000,15.47000000,0.00208768
2001-06-30T16:50:00,1,6,30,16,50,0.00100000,15.25000000,15.28500000,0.00104469
2001-06-30T17:00:00,1,6,30,17,0,0.00000000,15.10000000,15.10000000,0.00000000
2001-06-30T17:10:00,1,6,30,17,10,0.00000000,15.03333333,15.03333333,0.00000000
2001-06-30T17:20:00,1,6,30,17,20,0.00000000,14.96666667,14.96666667,0.00000000
2001-06-30T17:30:00,1,6,30,17,30,0.00000000,14.90000000,14.90000000,0.00000000
2001-06-30T17:40:00,1,6,30,17,40,0.00000000,14.83333333,14.83333333,0.00000000
2001-06-30T17:50:00,1,6,30,17,50,0.00000000,14.76666667,14.76666667,0.00000000
2001-06-30T18:00:00,1,6,30,18,0,0.00000000,14.70000000,14.70000000,0.00000000
2001-06-30T18:10:00,1,6,30,18,10,0.00000000,14.65000000,14.65000000,0.00000000
2001-06-30T18:20:00,1,6,30,18,20,0.00000000,14.60000000,14.60000000,0.00000000
2001-06-30T18:30:00,1,6,30,18,30,0.00000000,14.55000000,14.55000000,0.00000000
2001-06-30T18:40:00,1,6,30,18,40,0.00000000,14.50000000,14.50000000,0.00000000
2001-06-30T18:50:00,1,6,30,18,50,0.00000000,14.45000000,14.45000000,0.00000000
2001-06-30T19:00:00,1,6,30,19,0,0.00000000,14.40000000,14.40000000,0.00000000
2001-06-30T19:10:00,1,6,30,19,10,0.00000000,14.35000000,14.35000000,0.00000000
2001-06-30T19:20:00,1,6,30,19,20,0.00000000,14.30000000,14.30000000,0.00000000
2001-06-30T19:30:00,1,6,30,19,30,0.00000000,14.25000000,14.25000000,0.00000000
2001-06-30T19:40:00,1,6,30,19,40,0.00000000,14.20000000,14.20000000,0.00000000
2001-06-30T19:50:00,1,6,30,19,50,0.00000000,14.15000000,14.15000000,0.00000000
2001-06-30T20:00:00,1,6,30,20,0,0.00000000,14.10000000,14.10000000,0.00000000
2001-06-30T20:10:00,1,6,30,20,10,0.00000000,14.16666667,14.16666667,0.00000000
2001-06-30T20:20:00,1,6,30,20,20,0.00000000,14.23333333,14.23333333,0.00000000
2001-06-30T20:30:00,1,6,30,20,30,0.00000000,14.30000000,14.30000000,0.00000000
2001-06-30T20:40:00,1,6,30,20,40,0.00000000,14.36666667,14.36666667,0.00000000
2001-06-30T20:50:00,1,6,30,20,50,0.00000000,14.43333333,14.43333333,0.00000000
2001-06-30T21:00:00,1,6,30,21,0,0.00000000,14.50000000,14.50000000,0.00000000
2001-06-30T21:10:00,1,6,30,21,10,0.00000000,14.35000000,14.35000000,0.00000000
2001-06-30T21:20:00,1,6,30,21,20,0.00000000,14.20000000,14.20000000,0.00000000
2001-06-30T21:30:00,1,6,30,21,30,0.00000000,14.05000000,14.05000000,0.00000000
2001-06-30T21:40:00,1,6,30,21,40,0.00000000,13.90000000,13.90000000,0.00000000
2001-06-30T21:50:00,1,6,30,21,50,0.00000000,13.75000000,13.75000000,0.00000000
2001-06-30T22:00:00,1,6,30,22,0,0.00000000,13.60000000,13.60000000,0.00000000
2001-06-30T22:10:00,1,6,30,22,10,0.00000000,13.63333333,13.63333333,0.00000000
2001-06-30T22:20:00,1,6,30,22,20,0.00000000,13.66666667,13.66666667,0.00000000
2001-06-30T22:30:00,1,6,30,22,30,0.00000000,13.70000000,13.70000000,0.00000000
2001-06-30T22:40:00,1,6,30,22,40,0.00000000,13.73333333,13.73333333,0.00000000
2001-06-30T22:50:00,1,6,30,22,50,0.00000000,13.76666667,13.76666667,0.00000000
2001-06-30T23:00:00,1,6,30,23,0,0.00000000,13.80000000,13.80000000,0.00000000
2001-06-30T23:10:00,1,6,30,23,10,0.00000000,13.18333333,13.18333333,0.00000000
2001-06-30T23:20:00,1,6,30,23,20,0.00000000,12.56666667,12.56666667,0.00000000
2001-06-30T23:30:00,1,6,30,23,30,0.00000000,11.95000000,11.95000000,0.00000000
2001-06-30T23:40:00,1,6,30,23,40,0.00000000,11.33333333,11.33333333,0.00000000
2001-06-30T23:50:00,1,6,30,23,50,0.00000000,10.71666667,10.71666667,0.00000000
