timestamp,source_year_index,month,day,hour,minute,irradiance_pu,ambient_temperature_c,panel_temperature_c,generation_pu
2001-07-01T00:00:00,1,7,1,0,0,0.00000000,10.10000000,10.10000000,0.00000000
2001-07-01T00:10:00,1,7,1,0,10,0.00000000,10.13333333,10.13333333,0.00000000
2001-07-01T00:20:00,1,7,1,0,20,0.00000000,10.16666667,10.16666667,0.00000000
2001-07-01T00:30:00,1,7,1,0,30,0.00000000,10.20000000,10.20000000,0.00000000
2001-07-01T00:40:00,1,7,1,0,40,0.00000000,10.23333333,10.23333333,0.00000000
2001-07-01T00:50:00,1,7,1,0,50,0.00000000,10.26666667,10.26666667,0.00000000
2001-07-01T01:00:00,1,7,1,1,0,0.00000000,10.30000000,10.30000000,0.00000000
2001-07-01T01:10:00,1,7,1,1,10,0.00000000,10.21666667,10.21666667,0.00000000
2001-07-01T01:20:00,1,7,1,1,20,0.00000000,10.13333333,10.13333333,0.00000000
2001-07-01T01:30:00,1,7,1,1,30,0.00000000,10.05000000,10.05000000,0.00000000
2001-07-01T01:40:00,1,7,1,1,40,0.00000000,9.96666667,9.96666667,0.00000000
2001-07-01T01:50:00,1,7,1,1,50,0.00000000,9.88333333,9.88333333,0.00000000
2001-07-01T02:00:00,1,7,1,2,0,0.00000000,9.80000000,9.80000000,0.00000000
2001-07-01T02:10:00,1,7,1,2,10,0.00000000,9.90000000,9.90000000,0.00000000
2001-07-01T02:20:00,1,7,1,2,20,0.00000000,10.00000000,10.00000000,0.00000000
2001-07-01T02:30:00,1,7,1,2,30,0.00000000,10.10000000,10.10000000,0.00000000
2001-07-01T02:40:00,1,7,1,2,40,0.00000000,10.20000000,10.20000000,0.00000000
2001-07-01T02:50:00,1,7,1,2,50,0.00000000,10.30000000,10.30000000,0.00000000
2001-07-01T03:00:00,1,7,1,3,0,0.00000000,10.40000000,10.40000000,0.00000000
2001-07-01T03:10:00,1,7,1,3,10,0.00000000,10.31666667,10.31666667,0.00000000
2001-07-01T03:20:00,1,7,1,3,20,0.00000000,10.23333333,10.23333333,0.00000000
2001-07-01T03:30:00,1,7,1,3,30,0.00000000,10.15000000,10.15000000,0.00000000
2001-07-01T03:40:00,1,7,1,3,40,0.00000000,10.06666667,10.06666667,0.00000000
2001-07-01T03:50:00,1,7,1,3,50,0.00000000,9.98333333,9.98333333,0.00000000
2001-07-01T04:00:00,1,7,1,4,0,0.00000000,9.90000000,9.90000000,0.00000000
2001-07-01T04:10:00,1,7,1,4,10,0.00000000,9.88333333,9.88333333,0.00000000
2001-07-01T04:20:00,1,7,1,4,20,0.00000000,9.86666667,9.86666667,0.00000000
2001-07-01T04:30:00,1,7,1,4,30,0.00000000,9.85000000,9.85000000,0.00000000
2001-07-01T04:40:00,1,7,1,4,40,0.00000000,9.83333333,9.83333333,0.00000000
2001-07-01T04:50:00,1,7,1,4,50,0.00000000,9.81666667,9.81666667,0.00000000
2001-07-01T05:00:00,1,7,1,5,0,0.00000000,9.80000000,9.80000000,0.00000000
2001-07-01T05:10:00,1,7,1,5,10,0.00000000,9.86666667,9.86666667,0.00000000
2001-07-01T05:20:00,1,7,1,5,20,0.00000000,9.93333333,9.93333333,0.00000000
2001-07-01T05:30:00,1,7,1,5,30,0.00000000,10.00000000,10.00000000,0.00000000
2001-07-01T05:40:00,1,7,1,5,40,0.00000000,10.06666667,10.06666667,0.00000000
2001-07-01T05:50:00,1,7,1,5,50,0.00000000,10.13333333,10.13333333,0.00000000
2001-07-01T06:00:00,1,7,1,6,0,0.00000000,10.20000000,10.20000000,0.00000000
2001-07-01T06:10:00,1,7,1,6,10,0.00883333,10.15000000,10.45916667,0.00942418
2001-07-01T06:20:00,1,7,1,6,20,0.01766667,10.10000000,10.71833333,0.01882729
2001-07-01T06:30:00,1,7,1,6,30,0.02650000,10.05000000,10.97750000,0.02820934
2001-07-01T06:40:00,1,7,1,6,40,0.03533333,10.00000000,11.23666667,0.03757033
2001-07-01T06:50:00,1,7,1,6,50,0.04416667,9.95000000,11.49583333,0.04691026
2001-07-01T07:00:00,1,7,1,7,0,0.05300000,9.90000000,11.75500000,0.05622913
2001-07-01T07:10:00,1,7,1,7,10,0.08366667,10.18333333,13.11166667,0.08824209
2001-07-01T07:20:00,1,7,1,7,20,0.11433333,10.46666667,14.46833333,0.11987229
2001-07-01T07:30:00,1,7,1,7,30,0.14500000,10.75000000,15.82500000,0.15111973
2001-07-01T07:40:00,1,7,1,7,40,0.17566667,11.03333333,17.18166667,0.18198440
2001-07-01T07:50:00,1,7,1,7,50,0.20633333,11.31666667,18.53833333,0.21246632
2001-07-01T08:00:00,1,7,1,8,0,0.23700000,11.60000000,19.89500000,0.24256547
2001-07-01T08:10:00,1,7,1,8,10,0.23216667,11.85000000,19.97583333,0.23753231
2001-07-01T08:20:00,1,7,1,8,20,0.22733333,12.10000000,20.05666667,0.23250274
2001-07-01T08:30:00,1,7,1,8,30,0.22250000,12.35000000,20.13750000,0.22747677
2001-07-01T08:40:00,1,7,1,8,40,0.21766667,12.60000000,20.21833333,0.22245439
2001-07-01T08:50:00,1,7,1,8,50,0.21283333,12.85000000,20.29916667,0.21743561
2001-07-01T09:00:00,1,7,1,9,0,0.20800000,13.10000000,20.38000000,0.21242042
2001-07-01T09:10:00,1,7,1,9,10,0.21366667,13.18333333,20.66166667,0.21793067
2001-07-01T09:20:00,1,7,1,9,20,0.21933333,13.26666667,20.94333333,0.22342624
2001-07-01T09:30:00,1,7,1,9,30,0.22500000,13.35000000,21.22500000,0.22890712
2001-07-01T09:40:00,1,7,1,9,40,0.23066667,13.43333333,21.50666667,0.23437333
2001-07-01T09:50:00,1,7,1,9,50,0.23633333,13.51666667,21.78833333,0.23982484
2001-07-01T10:00:00,1,7,1,10,0,0.24200000,13.60000000,22.07000000,0.24526168
2001-07-01T10:10:00,1,7,1,10,10,0.25516667,13.61666667,22.54750000,0.25804533
2001-07-01T10:20:00,1,7,1,10,20,0.26833333,13.63333333,23.02500000,0.27077114
2001-07-01T10:30:00,1,7,1,10,30,0.28150000,13.65000000,23.50250000,0.28343911
2001-07-01T10:40:00,1,7,1,10,40,0.29466667,13.66666667,23.98000000,0.29604924
2001-07-01T10:50:00,1,7,1,10,50,0.30783333,13.68333333,24.45750000,0.30860153
2001-07-01T11:00:00,1,7,1,11,0,0.32100000,13.70000000,24.93500000,0.32109598
2001-07-01T11:10:00,1,7,1,11,10,0.36200000,13.90000000,26.57000000,0.35938564
2001-07-01T11:20:00,1,7,1,11,20,0.40300000,14.10000000,28.20500000,0.39705857
2001-07-01T11:30:00,1,7,1,11,30,0.44400000,14.30000000,29.84000000,0.43411478
2001-07-01T11:40:00,1,7,1,11,40,0.48500000,14.50000000,31.47500000,0.47055428
2001-07-01T11:50:00,1,7,1,11,50,0.52600000,14.70000000,33.11000000,0.50637704
2001-07-01T12:00:00,1,7,1,12,0,0.56700000,14.90000000,34.74500000,0.54158309
2001-07-01T12:10:00,1,7,1,12,10,0.51466667,15.08333333,33.09666667,0.49549808
2001-07-01T12:20:00,1,7,1,12,20,0.46233333,15.26666667,31.44833333,0.44861945
2001-07-01T12:30:00,1,7,1,12,30,0.41000000,15.45000000,29.80000000,0.40094720
2001-07-01T12:40:00,1,7,1,12,40,0.35766667,15.63333333,28.15166667,0.35248133
2001-07-01T12:50:00,1,7,1,12,50,0.30533333,15.81666667,26.50333333,0.30322185
2001-07-01T13:00:00,1,7,1,13,0,0.25300000,16.00000000,24.85500000,0.25316875
2001-07-01T13:10:00,1,7,1,13,10,0.27950000,15.93333333,25.71583333,0.27857965
2001-07-01T13:20:00,1,7,1,13,20,0.30600000,15.86666667,26.57666667,0.30378068
2001-07-01T13:30:00,1,7,1,13,30,0.33250000,15.80000000,27.43750000,0.32877184
2001-07-01T13:40:00,1,7,1,13,40,0.35900000,15.73333333,28.29833333,0.35355313
2001-07-01T13:50:00,1,7,1,13,50,0.38550000,15.66666667,29.15916667,0.37812455
2001-07-01T14:00:00,1,7,1,14,0,0.41200000,15.60000000,30.02000000,0.40248610
2001-07-01T14:10:00,1,7,1,14,10,0.38283333,15.73333333,29.13250000,0.37555586
2001-07-01T14:20:00,1,7,1,14,20,0.35366667,15.86666667,28.24500000,0.34838748
2001-07-01T14:30:00,1,7,1,14,30,0.32450000,16.00000000,27.35750000,0.32098096
2001-07-01T14:40:00,1,7,1,14,40,0.29533333,16.13333333,26.47000000,0.29333629
2001-07-01T14:50:00,1,7,1,14,50,0.26616667,16.26666667,25.58250000,0.26545347
2001-07-01T15:00:00,1,7,1,15,0,0.23700000,16.40000000,24.69500000,0.23733251
2001-07-01T15:10:00,1,7,1,15,10,0.21566667,16.16666667,23.71500000,0.21694147
2001-07-01T15:20:00,1,7,1,15,20,0.19433333,15.93333333,22.73500000,0.19635809
2001-07-01T15:30:00,1,7,1,15,30,0.17300000,15.70000000,21.75500000,0.17558237
2001-07-01T15:40:00,1,7,1,15,40,0.15166667,15.46666667,20.77500000,0.15461431
2001-07-01T15:50:00,1,7,1,15,50,0.13033333,15.23333333,19.79500000,0.13345390
2001-07-01T16:00:00,1,7,1,16,0,0.10900000,15.00000000,18.81500000,0.11210116
2001-07-01T16:10:00,1,7,1,16,10,0.09083333,15.01666667,18.19583333,0.09367634
2001-07-01T16:20:00,1,7,1,16,20,0.07266667,15.03333333,17.57666667,0.07514804
2001-07-01T16:30:00,1,7,1,16,30,0.05450000,15.05000000,16.95750000,0.05651625
2001-07-01T16:40:00,1,7,1,16,40,0.03633333,15.06666667,16.33833333,0.03778099
2001-07-01T16:50:00,1,7,1,16,50,0.01816667,15.08333333,15.71916667,0.01894223
2001-07-01T17:00:00,1,7,1,17,0,0.00000000,15.10000000,15.10000000,0.00000000
2001-07-01T17:10:00,1,7,1,17,10,0.00000000,15.01666667,15.01666667,0.00000000
2001-07-01T17:20:00,1,7,1,17,20,0.00000000,14.93333333,14.93333333,0.00000000
2001-07-01T17:30:00,1,7,1,17,30,0.00000000,14.85000000,14.85000000,0.00000000
2001-07-01T17:40:00,1,7,1,17,40,0.00000000,14.76666667,14.76666667,0.00000000
2001-07-01T17:50:00,1,7,1,17,50,0.00000000,14.68333333,14.68333333,0.00000000
2001-07-01T18:00:00,1,7,1,18,0,0.00000000,14.60000000,14.60000000,0.00000000
2001-07-01T18:10:00,1,7,1,18,10,0.00000000,14.56666667,14.56666667,0.00000000
2001-07-01T18:20:00,1,7,1,18,20,0.00000000,14.53333333,14.53333333,0.00000000
2001-07-01T18:30:00,1,7,1,18,30,0.00000000,14.50000000,14.50000000,0.00000000
2001-07-01T18:40:00,1,7,1,18,40,0.00000000,14.46666667,14.46666667,0.00000000
2001-07-01T18:50:00,1,7,1,18,50,0.00000000,14.43333333,14.43333333,0.00000000
2001-07-01T19:00:00,1,7,1,19,0,0.00000000,14.40000000,14.40000000,0.00000000
2001-07-01T19:10:00,1,7,1,19,10,0.00000000,14.36666667,14.36666667,0.00000000
2001-07-01T19:20:00,1,7,1,19,20,0.00000000,14.33333333,14.33333333,0.00000000
2001-07-01T19:30:00,1,7,1,19,30,0.00000000,14.30000000,14.30000000,0.00000000
2001-07-01T19:40:00,1,7,1,19,40,0.00000000,14.26666667,14.26666667,0.00000000
2001-07-01T19:50:00,1,7,1,19,50,0.00000000,14.23333333,14.23333333,0.00000000
2001-07-01T20:00:00,1,7,1,20,0,0.00000000,14.20000000,14.20000000,0.00000000
2001-07-01T20:10:00,1,7,1,20,10,0.00000000,14.08333333,14.08333333,0.00000000
2001-07-01T20:20:00,1,7,1,20,20,0.00000000,13.96666667,13.96666667,0.00000000
2001-07-01T20:30:00,1,7,1,20,30,0.00000000,13.85000000,13.85000000,0.00000000
2001-07-01T20:40:00,1,7,1,20,40,0.00000000,13.73333333,13.73333333,0.00000000
2001-07-01T20:50:00,1,7,1,20,50,0.00000000,13.61666667,13.61666667,0.00000000
2001-07-01T21:00:00,1,7,1,21,0,0.00000000,13.50000000,13.50000000,0.00000000
2001-07-01T21:10:00,1,7,1,21,10,0.00000000,13.50000000,13.50000000,0.00000000
2001-07-01T21:20:00,1,7,1,21,20,0.00000000,13.50000000,13.50000000,0.00000000
2001-07-01T21:30:00,1,7,1,21,30,0.00000000,13.50000000,13.50000000,0.00000000
2001-07-01T21:40:00,1,7,1,21,40,0.00000000,13.50000000,13.50000000,0.00000000
2001-07-01T21:50:00,1,7,1,21,50,0.00000000,13.50000000,13.50000000,0.00000000
2001-07-01T22:00:00,1,7,1,22,0,0.00000000,13.50000000,13.50000000,0.00000000
2001-07-01T22:10:00,1,7,1,22,10,0.00000000,13.36666667,13.36666667,0.00000000
2001-07-01T22:20:00,1,7,1,22,20,0.00000000,13.23333333,13.23333333,0.00000000
2001-07-01T22:30:00,1,7,1,22,30,0.00000000,13.10000000,13.10000000,0.00000000
2001-07-01T22:40:00,1,7,1,22,40,0.00000000,12.96666667,12.96666667,0.00000000
2001-07-01T22:50:00,1,7,1,22,50,0.00000000,12.83333333,12.83333333,0.00000000
2001-07-01T23:00:00,1,7,1,23,0,0.00000000,12.70000000,12.70000000,0.00000000
2001-07-01T23:10:00,1,7,1,23,10,0.00000000,12.98333333,12.98333333,0.00000000
2001-07-01T23:20:00,1,7,1,23,20,0.00000000,13.26666667,13.26666667,0.00000000
2001-07-01T23:30:00,1,7,1,23,30,0.00000000,13.55000000,13.55000000,0.00000000
2001-07-01T23:40:00,1,7,1,23,40,0.00000000,13.83333333,13.83333333,0.00000000
2001-07-01T23:50:00,1,7,1,23,50,0.00000000,14.11666667,14.11666667,0.00000000
2001-07-02T00:00:00,1,7,2,0,0,0.00000000,14.40000000,14.40000000,0.00000000
2001-07-02T00:10:00,1,7,2,0,10,0.00000000,14.36666667,14.36666667,0.00000000
2001-07-02T00:20:00,1,7,2,0,20,0.00000000,14.33333333,14.33333333,0.00000000
2001-07-02T00:30:00,1,7,2,0,30,0.00000000,14.30000000,14.30000000,0.00000000
2001-07-02T00:40:00,1,7,2,0,40,0.00000000,14.26666667,14.26666667,0.00000000
2001-07-02T00:50:00,1,7,2,0,50,0.00000000,14.23333333,14.23333333,0.00000000
2001-07-02T01:00:00,1,7,2,1,0,0.00000000,14.20000000,14.20000000,0.00000000
2001-07-02T01:10:00,1,7,2,1,10,0.00000000,14.15000000,14.15000000,0.00000000
2001-07-02T01:20:00,1,7,2,1,20,0.00000000,14.10000000,14.10000000,0.00000000
2001-07-02T01:30:00,1,7,2,1,30,0.00000000,14.05000000,14.05000000,0.00000000
2001-07-02T01:40:00,1,7,2,1,40,0.00000000,14.00000000,14.00000000,0.00000000
2001-07-02T01:50:00,1,7,2,1,50,0.00000000,13.95000000,13.95000000,0.00000000
2001-07-02T02:00:00,1,7,2,2,0,0.00000000,13.90000000,13.90000000,0.00000000
2001-07-02T02:10:00,1,7,2,2,10,0.00000000,13.88333333,13.88333333,0.00000000
2001-07-02T02:20:00,1,7,2,2,20,0.00000000,13.86666667,13.86666667,0.00000000
2001-07-02T02:30:00,1,7,2,2,30,0.00000000,13.85000000,13.85000000,0.00000000
2001-07-02T02:40:00,1,7,2,2,40,0.00000000,13.83333333,13.83333333,0.00000000
2001-07-02T02:50:00,1,7,2,2,50,0.00000000,13.81666667,13.81666667,0.00000000
2001-07-02T03:00:00,1,7,2,3,0,0.00000000,13.80000000,13.80000000,0.00000000
2001-07-02T03:10:00,1,7,2,3,10,0.00000000,13.85000000,13.85000000,0.00000000
2001-07-02T03:20:00,1,7,2,3,20,0.00000000,13.90000000,13.90000000,0.00000000
2001-07-02T03:30:00,1,7,2,3,30,0.00000000,13.95000000,13.95000000,0.00000000
2001-07-02T03:40:00,1,7,2,3,40,0.00000000,14.00000000,14.00000000,0.00000000
2001-07-02T03:50:00,1,7,2,3,50,0.00000000,14.05000000,14.05000000,0.00000000
2001-07-02T04:00:00,1,7,2,4,0,0.00000000,14.10000000,14.10000000,0.00000000
2001-07-02T04:10:00,1,7,2,4,10,0.00000000,14.10000000,14.10000000,0.00000000
2001-07-02T04:20:00,1,7,2,4,20,0.00000000,14.10000000,14.10000000,0.00000000
2001-07-02T04:30:00,1,7,2,4,30,0.00000000,14.10000000,14.10000000,0.00000000
2001-07-02T04:40:00,1,7,2,4,40,0.00000000,14.10000000,14.10000000,0.00000000
2001-07-02T04:50:00,1,7,2,4,50,0.00000000,14.10000000,14.10000000,0.00000000
2001-07-02T05:00:00,1,7,2,5,0,0.00000000,14.10000000,14.10000000,0.00000000
2001-07-02T05:10:00,1,7,2,5,10,0.00000000,14.03333333,14.03333333,0.00000000
2001-07-02T05:20:00,1,7,2,5,20,0.00000000,13.96666667,13.96666667,0.00000000
2001-07-02T05:30:00,1,7,2,5,30,0.00000000,13.90000000,13.90000000,0.00000000
2001-07-02T05:40:00,1,7,2,5,40,0.00000000,13.83333333,13.83333333,0.00000000
2001-07-02T05:50:00,1,7,2,5,50,0.00000000,13.76666667,13.76666667,0.00000000
2001-07-02T06:00:00,1,7,2,6,0,0.00000000,13.70000000,13.70000000,0.00000000
2001-07-02T06:10:00,1,7,2,6,10,0.00383333,13.76666667,13.90083333,0.00402905
2001-07-02T06:20:00,1,7,2,6,20,0.00766667,13.83333333,14.10166667,0.00805101
2001-07-02T06:30:00,1,7,2,6,30,0.01150000,13.90000000,14.30250000,0.01206590
2001-07-02T06:40:00,1,7,2,6,40,0.01533333,13.96666667,14.50333333,0.01607370
2001-07-02T06:50:00,1,7,2,6,50,0.01916667,14.03333333,14.70416667,0.02007442
2001-07-02T07:00:00,1,7,2,7,0,0.02300000,14.10000000,14.90500000,0.02406805
2001-07-02T07:10:00,1,7,2,7,10,0.02650000,14.15000000,15.07750000,0.02770955
2001-07-02T07:20:00,1,7,2,7,20,0.03000000,14.20000000,15.25000000,0.03134550
2001-07-02T07:30:00,1,7,2,7,30,0.03350000,14.25000000,15.42250000,0.03497589
2001-07-02T07:40:00,1,7,2,7,40,0.03700000,14.30000000,15.59500000,0.03860073
2001-07-02T07:50:00,1,7,2,7,50,0.04050000,14.35000000,15.76750000,0.04222001
2001-07-02T08:00:00,1,7,2,8,0,0.04400000,14.40000000,15.94000000,0.04583374
2001-07-02T08:10:00,1,7,2,8,10,0.07666667,14.43333333,17.11666667,0.07944686
2001-07-02T08:20:00,1,7,2,8,20,0.10933333,14.46666667,18.29333333,0.11270634
2001-07-02T08:30:00,1,7,2,8,30,0.14200000,14.50000000,19.47000000,0.14561220
2001-07-02T08:40:00,1,7,2,8,40,0.17466667,14.53333333,20.64666667,0.17816442
2001-07-02T08:50:00,1,7,2,8,50,0.20733333,14.56666667,21.82333333,0.21036303
2001-07-02T09:00:00,1,7,2,9,0,0.24000000,14.60000000,23.00000000,0.24220800
2001-07-02T09:10:00,1,7,2,9,10,0.26400000,15.11666667,24.35666667,0.26478126
2001-07-02T09:20:00,1,7,2,9,20,0.28800000,15.63333333,25.71333333,0.28705498
2001-07-02T09:30:00,1,7,2,9,30,0.31200000,16.15000000,27.07000000,0.30902914
2001-07-02T09:40:00,1,7,2,9,40,0.33600000,16.66666667,28.42666667,0.33070374
2001-07-02T09:50:00,1,7,2,9,50,0.36000000,17.18333333,29.78333333,0.35207880
2001-07-02T10:00:00,1,7,2,10,0,0.38400000,17.70000000,31.14000000,0.37315430
2001-07-02T10:10:00,1,7,2,10,10,0.37233333,18.25000000,31.28166667,0.36157451
2001-07-02T10:20:00,1,7,2,10,20,0.36066667,18.80000000,31.42333333,0.35000993
2001-07-02T10:30:00,1,7,2,10,30,0.34900000,19.35000000,31.56500000,0.33846055
2001-07-02T10:40:00,1,7,2,10,40,0.33733333,19.90000000,31.70666667,0.32692638
2001-07-02T10:50:00,1,7,2,10,50,0.32566667,20.45000000,31.84833333,0.31540741
2001-07-02T11:00:00,1,7,2,11,0,0.31400000,21.00000000,31.99000000,0.30390364
2001-07-02T11:10:00,1,7,2,11,10,0.29750000,20.78333333,31.19583333,0.28902100
2001-07-02T11:20:00,1,7,2,11,20,0.28100000,20.56666667,30.40166667,0.27401781
2001-07-02T11:30:00,1,7,2,11,30,0.26450000,20.35000000,29.60750000,0.25889405
2001-07-02T11:40:00,1,7,2,11,40,0.24800000,20.13333333,28.81333333,0.24364975
2001-07-02T11:50:00,1,7,2,11,50,0.23150000,19.91666667,28.01916667,0.22828489
2001-07-02T12:00:00,1,7,2,12,0,0.21500000,19.70000000,27.22500000,0.21279947
2001-07-02T12:10:00,1,7,2,12,10,0.22616667,19.33333333,27.24916667,0.22382671
2001-07-02T12:20:00,1,7,2,12,20,0.23733333,18.96666667,27.27333333,0.23485146
2001-07-02T12:30:00,1,7,2,12,30,0.24850000,18.60000000,27.29750000,0.24587373
2001-07-02T12:40:00,1,7,2,12,40,0.25966667,18.23333333,27.32166667,0.25689351
2001-07-02T12:50:00,1,7,2,12,50,0.27083333,17.86666667,27.34583333,0.26791082
2001-07-02T13:00:00,1,7,2,13,0,0.28200000,17.50000000,27.37000000,0.27892564
2001-07-02T13:10:00,1,7,2,13,10,0.27966667,17.70000000,27.48833333,0.27646551
2001-07-02T13:20:00,1,7,2,13,20,0.27733333,17.90000000,27.60666667,0.27400792
2001-07-02T13:30:00,1,7,2,13,30,0.27500000,18.10000000,27.72500000,0.27155288
2001-07-02T13:40:00,1,7,2,13,40,0.27266667,18.30000000,27.84333333,0.26910037
2001-07-02T13:50:00,1,7,2,13,50,0.27033333,18.50000000,27.96166667,0.26665040
2001-07-02T14:00:00,1,7,2,14,0,0.26800000,18.70000000,28.08000000,0.26420298
2001-07-02T14:10:00,1,7,2,14,10,0.23200000,18.68333333,26.80333333,0.23007548
2001-07-02T14:20:00,1,7,2,14,20,0.19600000,18.66666667,25.52666667,0.19552516
2001-07-02T14:30:00,1,7,2,14,30,0.16000000,18.65000000,24.25000000,0.16055200
2001-07-02T14:40:00,1,7,2,14,40,0.12400000,18.63333333,22.97333333,0.12515601
2001-07-02T14:50:00,1,7,2,14,50,0.08800000,18.61666667,21.69666667,0.08933719
2001-07-02T15:00:00,1,7,2,15,0,0.05200000,18.60000000,20.42000000,0.05309554
2001-07-02T15:10:00,1,7,2,15,10,0.04550000,18.01666667,19.60916667,0.04662830
2001-07-02T15:20:00,1,7,2,15,20,0.03900000,17.43333333,18.79833333,0.04011258
2001-07-02T15:30:00,1,7,2,15,30,0.03250000,16.85000000,17.98750000,0.03354837
2001-07-02T15:40:00,1,7,2,15,40,0.02600000,16.26666667,17.17666667,0.02693567
2001-07-02T15:50:00,1,7,2,15,50,0.01950000,15.68333333,16.36583333,0.02027448
2001-07-02T16:00:00,1,7,2,16,0,0.01300000,15.10000000,15.55500000,0.01356481
2001-07-02T16:10:00,1,7,2,16,10,0.01083333,14.91666667,15.29583333,0.01131692
2001-07-02T16:20:00,1,7,2,16,20,0.00866667,14.73333333,15.03666667,0.00906387
2001-07-02T16:30:00,1,7,2,16,30,0.00650000,14.55000000,14.77750000,0.00680565
2001-07-02T16:40:00,1,7,2,16,40,0.00433333,14.36666667,14.51833333,0.00454227
2001-07-02T16:50:00,1,7,2,16,50,0.00216667,14.18333333,14.25916667,0.00227372
2001-07-02T17:00:00,1,7,2,17,0,0.00000000,14.00000000,14.00000000,0.00000000
2001-07-02T17:10:00,1,7,2,17,10,0.00000000,13.98333333,13.98333333,0.00000000
2001-07-02T17:20:00,1,7,2,17,20,0.00000000,13.96666667,13.96666667,0.00000000
2001-07-02T17:30:00,1,7,2,17,30,0.00000000,13.95000000,13.95000000,0.00000000
2001-07-02T17:40:00,1,7,2,17,40,0.00000000,13.93333333,13.93333333,0.00000000
2001-07-02T17:50:00,1,7,2,17,50,0.00000000,13.91666667,13.91666667,0.00000000
2001-07-02T18:00:00,1,7,2,18,0,0.00000000,13.90000000,13.90000000,0.00000000
2001-07-02T18:10:00,1,7,2,18,10,0.00000000,13.76666667,13.76666667,0.00000000
2001-07-02T18:20:00,1,7,2,18,20,0.00000000,13.63333333,13.63333333,0.00000000
2001-07-02T18:30:00,1,7,2,18,30,0.00000000,13.50000000,13.50000000,0.00000000
2001-07-02T18:40:00,1,7,2,18,40,0.00000000,13.36666667,13.36666667,0.00000000
2001-07-02T18:50:00,1,7,2,18,50,0.00000000,13.23333333,13.23333333,0.00000000
2001-07-02T19:00:00,1,7,2,19,0,0.00000000,13.10000000,13.10000000,0.00000000
2001-07-02T19:10:00,1,7,2,19,10,0.00000000,13.15000000,13.15000000,0.00000000
2001-07-02T19:20:00,1,7,2,19,20,0.00000000,13.20000000,13.20000000,0.00000000
2001-07-02T19:30:00,1,7,2,19,30,0.00000000,13.25000000,13.25000000,0.00000000
2001-07-02T19:40:00,1,7,2,19,40,0.00000000,13.30000000,13.30000000,0.00000000
2001-07-02T19:50:00,1,7,2,19,50,0.00000000,13.35000000,13.35000000,0.00000000
2001-07-02T20:00:00,1,7,2,20,0,0.00000000,13.40000000,13.40000000,0.00000000
2001-07-02T20:10:00,1,7,2,20,10,0.00000000,13.41666667,13.41666667,0.00000000
2001-07-02T20:20:00,1,7,2,20,20,0.00000000,13.43333333,13.43333333,0.00000000
2001-07-02T20:30:00,1,7,2,20,30,0.00000000,13.45000000,13.45000000,0.00000000
2001-07-02T20:40:00,1,7,2,20,40,0.00000000,13.46666667,13.46666667,0.00000000
2001-07-02T20:50:00,1,7,2,20,50,0.00000000,13.48333333,13.48333333,0.00000000
2001-07-02T21:00:00,1,7,2,21,0,0.00000000,13.50000000,13.50000000,0.00000000
2001-07-02T21:10:00,1,7,2,21,10,0.00000000,13.38333333,13.38333333,0.00000000
2001-07-02T21:20:00,1,7,2,21,20,0.00000000,13.26666667,13.26666667,0.00000000
2001-07-02T21:30:00,1,7,2,21,30,0.00000000,13.15000000,13.15000000,0.00000000
2001-07-02T21:40:00,1,7,2,21,40,0.00000000,13.03333333,13.03333333,0.00000000
2001-07-02T21:50:00,1,7,2,21,50,0.00000000,12.91666667,12.91666667,0.00000000
2001-07-02T22:00:00,1,7,2,22,0,0.00000000,12.80000000,12.80000000,0.00000000
2001-07-02T22:10:00,1,7,2,22,10,0.00000000,12.85000000,12.85000000,0.00000000
2001-07-02T22:20:00,1,7,2,22,20,0.00000000,12.90000000,12.90000000,0.00000000
2001-07-02T22:30:00,1,7,2,22,30,0.00000000,12.95000000,12.95000000,0.00000000
2001-07-02T22:40:00,1,7,2,22,40,0.00000000,13.00000000,13.00000000,0.00000000
2001-07-02T22:50:00,1,7,2,22,50,0.00000000,13.05000000,13.05000000,0.00000000
2001-07-02T23:00:00,1,7,2,23,0,0.00000000,13.10000000,13.10000000,0.00000000
2001-07-02T23:10:00,1,7,2,23,10,0.00000000,12.76666667,12.76666667,0.00000000
2001-07-02T23:20:00,1,7,2,23,20,0.00000000,12.43333333,12.43333333,0.00000000
2001-07-02T23:30:00,1,7,2,23,30,0.00000000,12.10000000,12.10000000,0.00000000
2001-07-02T23:40:00,1,7,2,23,40,0.00000000,11.76666667,11.76666667,0.00000000
2001-07-02T23:50:00,1,7,2,23,50,0.00000000,11.43333333,11.43333333,0.00000000
2001-07-03T00:00:00,1,7,3,0,0,0.00000000,11.10000000,11.10000000,0.00000000
2001-07-03T00:10:00,1,7,3,0,10,0.00000000,11.13333333,11.13333333,0.00000000
2001-07-03T00:20:00,1,7,3,0,20,0.00000000,11.16666667,11.16666667,0.00000000
2001-07-03T00:30:00,1,7,3,0,30,0.00000000,11.20000000,11.20000000,0.00000000
2001-07-03T00:40:00,1,7,3,0,40,0.00000000,11.23333333,11.23333333,0.00000000
2001-07-03T00:50:00,1,7,3,0,50,0.00000000,11.26666667,11.26666667,0.00000000
2001-07-03T01:00:00,1,7,3,1,0,0.00000000,11.30000000,11.30000000,0.00000000
2001-07-03T01:10:00,1,7,3,1,10,0.00000000,11.30000000,11.30000000,0.00000000
2001-07-03T01:20:00,1,7,3,1,20,0.00000000,11.30000000,11.30000000,0.00000000
2001-07-03T01:30:00,1,7,3,1,30,0.00000000,11.30000000,11.30000000,0.00000000
2001-07-03T01:40:00,1,7,3,1,40,0.00000000,11.30000000,11.30000000,0.00000000
2001-07-03T01:50:00,1,7,3,1,50,0.00000000,11.30000000,11.30000000,0.00000000
2001-07-03T02:00:00,1,7,3,2,0,0.00000000,11.30000000,11.30000000,0.00000000
2001-07-03T02:10:00,1,7,3,2,10,0.00000000,11.23333333,11.23333333,0.00000000
2001-07-03T02:20:00,1,7,3,2,20,0.00000000,11.16666667,11.16666667,0.00000000
2001-07-03T02:30:00,1,7,3,2,30,0.00000000,11.10000000,11.10000000,0.00000000
2001-07-03T02:40:00,1,7,3,2,40,0.00000000,11.03333333,11.03333333,0.00000000
2001-07-03T02:50:00,1,7,3,2,50,0.00000000,10.96666667,10.96666667,0.00000000
2001-07-03T03:00:00,1,7,3,3,0,0.00000000,10.90000000,10.90000000,0.00000000
2001-07-03T03:10:00,1,7,3,3,10,0.00000000,10.88333333,10.88333333,0.00000000
2001-07-03T03:20:00,1,7,3,3,20,0.00000000,10.86666667,10.86666667,0.00000000
2001-07-03T03:30:00,1,7,3,3,30,0.00000000,10.85000000,10.85000000,0.00000000
2001-07-03T03:40:00,1,7,3,3,40,0.00000000,10.83333333,10.83333333,0.00000000
2001-07-03T03:50:00,1,7,3,3,50,0.00000000,10.81666667,10.81666667,0.00000000
2001-07-03T04:00:00,1,7,3,4,0,0.00000000,10.80000000,10.80000000,0.00000000
2001-07-03T04:10:00,1,7,3,4,10,0.00000000,10.86666667,10.86666667,0.00000000
2001-07-03T04:20:00,1,7,3,4,20,0.00000000,10.93333333,10.93333333,0.00000000
2001-07-03T04:30:00,1,7,3,4,30,0.00000000,11.00000000,11.00000000,0.00000000
2001-07-03T04:40:00,1,7,3,4,40,0.00000000,11.06666667,11.06666667,0.00000000
2001-07-03T04:50:00,1,7,3,4,50,0.00000000,11.13333333,11.13333333,0.00000000
2001-07-03T05:00:00,1,7,3,5,0,0.00000000,11.20000000,11.20000000,0.00000000
2001-07-03T05:10:00,1,7,3,5,10,0.00000000,11.10000000,11.10000000,0.00000000
2001-07-03T05:20:00,1,7,3,5,20,0.00000000,11.00000000,11.00000000,0.00000000
2001-07-03T05:30:00,1,7,3,5,30,0.00000000,10.90000000,10.90000000,0.00000000
2001-07-03T05:40:00,1,7,3,5,40,0.00000000,10.80000000,10.80000000,0.00000000
2001-07-03T05:50:00,1,7,3,5,50,0.00000000,10.70000000,10.70000000,0.00000000
2001-07-03T06:00:00,1,7,3,6,0,0.00000000,10.60000000,10.60000000,0.00000000
2001-07-03T06:10:00,1,7,3,6,10,0.01900000,10.68333333,11.34833333,0.02019316
2001-07-03T06:20:00,1,7,3,6,20,0.03800000,10.76666667,12.09666667,0.04025550
2001-07-03T06:30:00,1,7,3,6,30,0.05700000,10.85000000,12.84500000,0.06018704
2001-07-03T06:40:00,1,7,3,6,40,0.07600000,10.93333333,13.59333333,0.07998777
2001-07-03T06:50:00,1,7,3,6,50,0.09500000,11.01666667,14.34166667,0.09965769
2001-07-03T07:00:00,1,7,3,7,0,0.11400000,11.10000000,15.09000000,0.11919680
2001-07-03T07:10:00,1,7,3,7,10,0.13866667,11.38333333,16.23666667,0.14425650
2001-07-03T07:20:00,1,7,3,7,20,0.16333333,11.66666667,17.38333333,0.16905599
2001-07-03T07:30:00,1,7,3,7,30,0.18800000,11.95000000,18.53000000,0.19359526
2001-07-03T07:40:00,1,7,3,7,40,0.21266667,12.23333333,19.67666667,0.21787431
2001-07-03T07:50:00,1,7,3,7,50,0.23733333,12.51666667,20.82333333,0.24189314
2001-07-03T08:00:00,1,7,3,8,0,0.26200000,12.80000000,21.97000000,0.26565176
2001-07-03T08:10:00,1,7,3,8,10,0.29833333,13.10000000,23.54166667,0.30033465
2001-07-03T08:20:00,1,7,3,8,20,0.33466667,13.40000000,25.11333333,0.33449219
2001-07-03T08:30:00,1,7,3,8,30,0.37100000,13.70000000,26.68500000,0.36812438
2001-07-03T08:40:00,1,7,3,8,40,0.40733333,14.00000000,28.25666667,0.40123121
2001-07-03T08:50:00,1,7,3,8,50,0.44366667,14.30000000,29.82833333,0.43381268
2001-07-03T09:00:00,1,7,3,9,0,0.48000000,14.60000000,31.40000000,0.46586880
2001-07-03T09:10:00,1,7,3,9,10,0.50000000,14.96666667,32.46666667,0.48282667
2001-07-03T09:20:00,1,7,3,9,20,0.52000000,15.33333333,33.53333333,0.49958827
2001-07-03T09:30:00,1,7,3,9,30,0.54000000,15.70000000,34.60000000,0.51615360
2001-07-03T09:40:00,1,7,3,9,40,0.56000000,16.06666667,35.66666667,0.53252267
2001-07-03T09:50:00,1,7,3,9,50,0.58000000,16.43333333,36.73333333,0.54869547
2001-07-03T10:00:00,1,7,3,10,0,0.60000000,16.80000000,37.80000000,0.56467200
2001-07-03T10:10:00,1,7,3,10,10,0.55966667,16.91666667,36.50500000,0.53004743
2001-07-03T10:20:00,1,7,3,10,20,0.51933333,17.03333333,35.21000000,0.49494232
2001-07-03T10:30:00,1,7,3,10,30,0.47900000,17.15000000,33.91500000,0.45935669
2001-07-03T10:40:00,1,7,3,10,40,0.43866667,17.26666667,32.62000000,0.42329052
2001-07-03T10:50:00,1,7,3,10,50,0.39833333,17.38333333,31.32500000,0.38674382
2001-07-03T11:00:00,1,7,3,11,0,0.35800000,17.50000000,30.03000000,0.34971660
2001-07-03T11:10:00,1,7,3,11,10,0.35650000,17.33333333,29.81083333,0.34861071
2001-07-03T11:20:00,1,7,3,11,20,0.35500000,17.16666667,29.59166667,0.34750181
2001-07-03T11:30:00,1,7,3,11,30,0.35350000,17.00000000,29.37250000,0.34638988
2001-07-03T11:40:00,1,7,3,11,40,0.35200000,16.83333333,29.15333333,0.34527492
2001-07-03T11:50:00,1,7,3,11,50,0.35050000,16.66666667,28.93416667,0.34415694
2001-07-03T12:00:00,1,7,3,12,0,0.34900000,16.50000000,28.71500000,0.34303594
2001-07-03T12:10:00,1,7,3,12,10,0.37883333,16.68333333,29.94250000,0.37022037
2001-07-03T12:20:00,1,7,3,12,20,0.40866667,16.86666667,31.17000000,0.39706789
2001-07-03T12:30:00,1,7,3,12,30,0.43850000,17.05000000,32.39750000,0.42357850
2001-07-03T12:40:00,1,7,3,12,40,0.46833333,17.23333333,33.62500000,0.44975221
2001-07-03T12:50:00,1,7,3,12,50,0.49816667,17.41666667,34.85250000,0.47558901
2001-07-03T13:00:00,1,7,3,13,0,0.52800000,17.60000000,36.08000000,0.50108890
2001-07-03T13:10:00,1,7,3,13,10,0.51316667,17.66666667,35.62750000,0.48807974
2001-07-03T13:20:00,1,7,3,13,20,0.49833333,17.73333333,35.17500000,0.47500884
2001-07-03T13:30:00,1,7,3,13,30,0.48350000,17.80000000,34.72250000,0.46187619
2001-07-03T13:40:00,1,7,3,13,40,0.46866667,17.86666667,34.27000000,0.44868178
2001-07-03T13:50:00,1,7,3,13,50,0.45383333,17.93333333,33.81750000,0.43542563
2001-07-03T14:00:00,1,7,3,14,0,0.43900000,18.00000000,33.36500000,0.42210772
2001-07-03T14:10:00,1,7,3,14,10,0.39550000,18.05000000,31.89250000,0.38296047
2001-07-03T14:20:00,1,7,3,14,20,0.35200000,18.10000000,30.42000000,0.34322394
2001-07-03T14:30:00,1,7,3,14,30,0.30850000,18.15000000,28.94750000,0.30289810
2001-07-03T14:40:00,1,7,3,14,40,0.26500000,18.20000000,27.47500000,0.26198298
2001-07-03T14:50:00,1,7,3,14,50,0.22150000,18.25000000,26.00250000,0.22047855
2001-07-03T15:00:00,1,7,3,15,0,0.17800000,18.30000000,24.53000000,0.17838484
2001-07-03T15:10:00,1,7,3,15,10,0.15700000,18.01666667,23.51166667,0.15807487
2001-07-03T15:20:00,1,7,3,15,20,0.13600000,17.73333333,22.49333333,0.13756817
2001-07-03T15:30:00,1,7,3,15,30,0.11500000,17.45000000,21.47500000,0.11686473
2001-07-03T15:40:00,1,7,3,15,40,0.09400000,17.16666667,20.45666667,0.09596454
2001-07-03T15:50:00,1,7,3,15,50,0.07300000,16.88333333,19.43833333,0.07486761
2001-07-03T16:00:00,1,7,3,16,0,0.05200000,16.60000000,18.42000000,0.05357394
2001-07-03T16:10:00,1,7,3,16,10,0.04333333,16.50000000,18.01666667,0.04472534
2001-07-03T16:20:00,1,7,3,16,20,0.03466667,16.40000000,17.61333333,0.03584459
2001-07-03T16:30:00,1,7,3,16,30,0.02600000,16.30000000,17.21000000,0.02693168
2001-07-03T16:40:00,1,7,3,16,40,0.01733333,16.20000000,16.80666667,0.01798662
2001-07-03T16:50:00,1,7,3,16,50,0.00866667,16.10000000,16.40333333,0.00900939
2001-07-03T17:00:00,1,7,3,17,0,0.00000000,16.00000000,16.00000000,0.00000000
2001-07-03T17:10:00,1,7,3,17,10,0.00000000,15.93333333,15.93333333,0.00000000
2001-07-03T17:20:00,1,7,3,17,20,0.00000000,15.86666667,15.86666667,0.00000000
2001-07-03T17:30:00,1,7,3,17,30,0.00000000,15.80000000,15.80000000,0.00000000
2001-07-03T17:40:00,1,7,3,17,40,0.00000000,15.73333333,15.73333333,0.00000000
2001-07-03T17:50:00,1,7,3,17,50,0.00000000,15.66666667,15.66666667,0.00000000
2001-07-03T18:00:00,1,7,3,18,0,0.00000000,15.60000000,15.60000000,0.00000000
2001-07-03T18:10:00,1,7,3,18,10,0.00000000,15.56666667,15.56666667,0.00000000
2001-07-03T18:20:00,1,7,3,18,20,0.00000000,15.53333333,15.53333333,0.00000000
2001-07-03T18:30:00,1,7,3,18,30,0.00000000,15.50000000,15.50000000,0.00000000
2001-07-03T18:40:00,1,7,3,18,40,0.00000000,15.46666667,15.46666667,0.00000000
2001-07-03T18:50:00,1,7,3,18,50,0.00000000,15.43333333,15.43333333,0.00000000
2001-07-03T19:00:00,1,7,3,19,0,0.00000000,15.40000000,15.40000000,0.00000000
2001-07-03T19:10:00,1,7,3,19,10,0.00000000,15.30000000,15.30000000,0.00000000
2001-07-03T19:20:00,1,7,3,19,20,0.00000000,15.20000000,15.20000000,0.00000000
2001-07-03T19:30:00,1,7,3,19,30,0.00000000,15.10000000,15.10000000,0.00000000
2001-07-03T19:40:00,1,7,3,19,40,0.00000000,15.00000000,15.00000000,0.00000000
2001-07-03T19:50:00,1,7,3,19,50,0.00000000,14.90000000,14.90000000,0.00000000
2001-07-03T20:00:00,1,7,3,20,0,0.00000000,14.80000000,14.80000000,0.00000000
2001-07-03T20:10:00,1,7,3,20,10,0.00000000,14.73333333,14.73333333,0.00000000
2001-07-03T20:20:00,1,7,3,20,20,0.00000000,14.66666667,14.66666667,0.00000000
2001-07-03T20:30:00,1,7,3,20,30,0.00000000,14.60000000,14.60000000,0.00000000
2001-07-03T20:40:00,1,7,3,20,40,0.00000000,14.53333333,14.53333333,0.00000000
2001-07-03T20:50:00,1,7,3,20,50,0.00000000,14.46666667,14.46666667,0.00000000
2001-07-03T21:00:00,1,7,3,21,0,0.00000000,14.40000000,14.40000000,0.00000000
2001-07-03T21:10:00,1,7,3,21,10,0.00000000,14.30000000,14.30000000,0.00000000
2001-07-03T21:20:00,1,7,3,21,20,0.00000000,14.20000000,14.20000000,0.00000000
2001-07-03T21:30:00,1,7,3,21,30,0.00000000,14.10000000,14.10000000,0.00000000
2001-07-03T21:40:00,1,7,3,21,40,0.00000000,14.00000000,14.00000000,0.00000000
2001-07-03T21:50:00,1,7,3,21,50,0.00000000,13.90000000,13.90000000,0.00000000
2001-07-03T22:00:00,1,7,3,22,0,0.00000000,13.80000000,13.80000000,0.00000000
2001-07-03T22:10:00,1,7,3,22,10,0.00000000,13.80000000,13.80000000,0.00000000
2001-07-03T22:20:00,1,7,3,22,20,0.00000000,13.80000000,13.80000000,0.00000000
2001-07-03T22:30:00,1,7,3,22,30,0.00000000,13.80000000,13.80000000,0.00000000
2001-07-03T22:40:00,1,7,3,22,40,0.00000000,13.80000000,13.80000000,0.00000000
2001-07-03T22:50:00,1,7,3,22,50,0.00000000,13.80000000,13.80000000,0.00000000
2001-07-03T23:00:00,1,7,3,23,0,0.00000000,13.80000000,13.80000000,0.00000000
2001-07-03T23:10:00,1,7,3,23,10,0.00000000,13.91666667,13.91666667,0.00000000
2001-07-03T23:20:00,1,7,3,23,20,0.00000000,14.03333333,14.03333333,0.00000000
2001-07-03T23:30:00,1,7,3,23,30,0.00000000,14.15000000,14.15000000,0.00000000
2001-07-03T23:40:00,1,7,3,23,40,0.00000000,14.26666667,14.26666667,0.00000000
2001-07-03T23:50:00,1,7,3,23,50,0.00000000,14.38333333,14.38333333,0.00000000
2001-07-04T00:00:00,1,7,4,0,0,0.00000000,14.50000000,14.50000000,0.00000000
2001-07-04T00:10:00,1,7,4,0,10,0.00000000,14.40000000,14.40000000,0.00000000
2001-07-04T00:20:00,1,7,4,0,20,0.00000000,14.30000000,14.30000000,0.00000000
2001-07-04T00:30:00,1,7,4,0,30,0.00000000,14.20000000,14.20000000,0.00000000
2001-07-04T00:40:00,1,7,4,0,40,0.00000000,14.10000000,14.10000000,0.00000000
2001-07-04T00:50:00,1,7,4,0,50,0.00000000,14.00000000,14.00000000,0.00000000
2001-07-04T01:00:00,1,7,4,1,0,0.00000000,13.90000000,13.90000000,0.00000000
2001-07-04T01:10:00,1,7,4,1,10,0.00000000,13.98333333,13.98333333,0.00000000
2001-07-04T01:20:00,1,7,4,1,20,0.00000000,14.06666667,14.06666667,0.00000000
2001-07-04T01:30:00,1,7,4,1,30,0.00000000,14.15000000,14.15000000,0.00000000
2001-07-04T01:40:00,1,7,4,1,40,0.00000000,14.23333333,14.23333333,0.00000000
2001-07-04T01:50:00,1,7,4,1,50,0.00000000,14.31666667,14.31666667,0.00000000
2001-07-04T02:00:00,1,7,4,2,0,0.00000000,14.40000000,14.40000000,0.00000000
2001-07-04T02:10:00,1,7,4,2,10,0.00000000,14.36666667,14.36666667,0.00000000
2001-07-04T02:20:00,1,7,4,2,20,0.00000000,14.33333333,14.33333333,0.00000000
2001-07-04T02:30:00,1,7,4,2,30,0.00000000,14.30000000,14.30000000,0.00000000
2001-07-04T02:40:00,1,7,4,2,40,0.00000000,14.26666667,14.26666667,0.00000000
2001-07-04T02:50:00,1,7,4,2,50,0.00000000,14.23333333,14.23333333,0.00000000
2001-07-04T03:00:00,1,7,4,3,0,0.00000000,14.20000000,14.20000000,0.00000000
2001-07-04T03:10:00,1,7,4,3,10,0.00000000,14.20000000,14.20000000,0.00000000
2001-07-04T03:20:00,1,7,4,3,20,0.00000000,14.20000000,14.20000000,0.00000000
2001-07-04T03:30:00,1,7,4,3,30,0.00000000,14.20000000,14.20000000,0.00000000
2001-07-04T03:40:00,1,7,4,3,40,0.00000000,14.20000000,14.20000000,0.00000000
2001-07-04T03:50:00,1,7,4,3,50,0.00000000,14.20000000,14.20000000,0.00000000
2001-07-04T04:00:00,1,7,4,4,0,0.00000000,14.20000000,14.20000000,0.00000000
2001-07-04T04:10:00,1,7,4,4,10,0.00000000,14.18333333,14.18333333,0.00000000
2001-07-04T04:20:00,1,7,4,4,20,0.00000000,14.16666667,14.16666667,0.00000000
2001-07-04T04:30:00,1,7,4,4,30,0.00000000,14.15000000,14.15000000,0.00000000
2001-07-04T04:40:00,1,7,4,4,40,0.00000000,14.13333333,14.13333333,0.00000000
2001-07-04T04:50:00,1,7,4,4,50,0.00000000,14.11666667,14.11666667,0.00000000
2001-07-04T05:00:00,1,7,4,5,0,0.00000000,14.10000000,14.10000000,0.00000000
2001-07-04T05:10:00,1,7,4,5,10,0.00000000,13.98333333,13.98333333,0.00000000
2001-07-04T05:20:00,1,7,4,5,20,0.00000000,13.86666667,13.86666667,0.00000000
2001-07-04T05:30:00,1,7,4,5,30,0.00000000,13.75000000,13.75000000,0.00000000
2001-07-04T05:40:00,1,7,4,5,40,0.00000000,13.63333333,13.63333333,0.00000000
2001-07-04T05:50:00,1,7,4,5,50,0.00000000,13.51666667,13.51666667,0.00000000
2001-07-04T06:00:00,1,7,4,6,0,0.00000000,13.40000000,13.40000000,0.00000000
2001-07-04T06:10:00,1,7,4,6,10,0.00300000,13.40000000,13.50500000,0.00315863
2001-07-04T06:20:00,1,7,4,6,20,0.00600000,13.40000000,13.61000000,0.00631436
2001-07-04T06:30:00,1,7,4,6,30,0.00900000,13.40000000,13.71500000,0.00946720
2001-07-04T06:40:00,1,7,4,6,40,0.01200000,13.40000000,13.82000000,0.01261714
2001-07-04T06:50:00,1,7,4,6,50,0.01500000,13.40000000,13.92500000,0.01576417
2001-07-04T07:00:00,1,7,4,7,0,0.01800000,13.40000000,14.03000000,0.01890832
2001-07-04T07:10:00,1,7,4,7,10,0.05000000,13.58333333,15.33333333,0.05222333
2001-07-04T07:20:00,1,7,4,7,20,0.08200000,13.76666667,16.63666667,0.08515465
2001-07-04T07:30:00,1,7,4,7,30,0.11400000,13.95000000,17.94000000,0.11770226
2001-07-04T07:40:00,1,7,4,7,40,0.14600000,14.13333333,19.24333333,0.14986618
2001-07-04T07:50:00,1,7,4,7,50,0.17800000,14.31666667,20.54666667,0.18164639
2001-07-04T08:00:00,1,7,4,8,0,0.21000000,14.50000000,21.85000000,0.21304290
2001-07-04T08:10:00,1,7,4,8,10,0.22183333,14.91666667,22.68083333,0.22419989
2001-07-04T08:20:00,1,7,4,8,20,0.23366667,15.33333333,23.51166667,0.23526643
2001-07-04T08:30:00,1,7,4,8,30,0.24550000,15.75000000,24.34250000,0.24624251
2001-07-04T08:40:00,1,7,4,8,40,0.25733333,16.16666667,25.17333333,0.25712815
2001-07-04T08:50:00,1,7,4,8,50,0.26916667,16.58333333,26.00416667,0.26792334
2001-07-04T09:00:00,1,7,4,9,0,0.28100000,17.00000000,26.83500000,0.27862808
2001-07-04T09:10:00,1,7,4,9,10,0.31650000,17.15000000,28.22750000,0.31180108
2001-07-04T09:20:00,1,7,4,9,20,0.35200000,17.30000000,29.62000000,0.34451930
2001-07-04T09:30:00,1,7,4,9,30,0.38750000,17.45000000,31.01250000,0.37678272
2001-07-04T09:40:00,1,7,4,9,40,0.42300000,17.60000000,32.40500000,0.40859135
2001-07-04T09:50:00,1,7,4,9,50,0.45850000,17.75000000,33.79750000,0.43994519
2001-07-04T10:00:00,1,7,4,10,0,0.49400000,17.90000000,35.19000000,0.47084424
2001-07-04T10:10:00,1,7,4,10,10,0.50083333,18.45000000,35.97916667,0.47553916
2001-07-04T10:20:00,1,7,4,10,20,0.50766667,19.00000000,36.76833333,0.48018447
2001-07-04T10:30:00,1,7,4,10,30,0.51450000,19.55000000,37.55750000,0.48478016
2001-07-04T10:40:00,1,7,4,10,40,0.52133333,20.10000000,38.34666667,0.48932625
2001-07-04T10:50:00,1,7,4,10,50,0.52816667,20.65000000,39.13583333,0.49382272
2001-07-04T11:00:00,1,7,4,11,0,0.53500000,21.20000000,39.92500000,0.49826958
2001-07-04T11:10:00,1,7,4,11,10,0.47800000,21.28333333,38.01333333,0.44938628
2001-07-04T11:20:00,1,7,4,11,20,0.42100000,21.36666667,36.10166667,0.39950051
2001-07-04T11:30:00,1,7,4,11,30,0.36400000,21.45000000,34.19000000,0.34861226
2001-07-04T11:40:00,1,7,4,11,40,0.30700000,21.53333333,32.27833333,0.29672154
2001-07-04T11:50:00,1,7,4,11,50,0.25000000,21.61666667,30.36666667,0.24382833
2001-07-04T12:00:00,1,7,4,12,0,0.19300000,21.70000000,28.45500000,0.18993265
2001-07-04T12:10:00,1,7,4,12,10,0.20500000,21.01666667,28.19166667,0.20199026
2001-07-04T12:20:00,1,7,4,12,20,0.21700000,20.33333333,27.92833333,0.21407694
2001-07-04T12:30:00,1,7,4,12,30,0.22900000,19.65000000,27.66500000,0.22619269
2001-07-04T12:40:00,1,7,4,12,40,0.24100000,18.96666667,27.40166667,0.23833751
2001-07-04T12:50:00,1,7,4,12,50,0.25300000,18.28333333,27.13833333,0.25051141
2001-07-04T13:00:00,1,7,4,13,0,0.26500000,17.60000000,26.87500000,0.26271437
2001-07-04T13:10:00,1,7,4,13,10,0.25533333,17.86666667,26.80333333,0.25321526
2001-07-04T13:20:00,1,7,4,13,20,0.24566667,18.13333333,26.73166667,0.24370977
2001-07-04T13:30:00,1,7,4,13,30,0.23600000,18.40000000,26.66000000,0.23419790
2001-07-04T13:40:00,1,7,4,13,40,0.22633333,18.66666667,26.58833333,0.22467967
2001-07-04T13:50:00,1,7,4,13,50,0.21666667,18.93333333,26.51666667,0.21515506
2001-07-04T14:00:00,1,7,4,14,0,0.20700000,19.20000000,26.44500000,0.20562407
2001-07-04T14:10:00,1,7,4,14,10,0.20650000,19.11666667,26.34416667,0.20522318
2001-07-04T14:20:00,1,7,4,14,20,0.20600000,19.03333333,26.24333333,0.20482182
2001-07-04T14:30:00,1,7,4,14,30,0.20550000,18.95000000,26.14250000,0.20441999
2001-07-04T14:40:00,1,7,4,14,40,0.20500000,18.86666667,26.04166667,0.20401771
2001-07-04T14:50:00,1,7,4,14,50,0.20450000,18.78333333,25.94083333,0.20361496
2001-07-04T15:00:00,1,7,4,15,0,0.20400000,18.70000000,25.84000000,0.20321174
2001-07-04T15:10:00,1,7,4,15,10,0.17933333,18.58333333,24.86000000,0.17944882
2001-07-04T15:20:00,1,7,4,15,20,0.15466667,18.46666667,23.88000000,0.15546351
2001-07-04T15:30:00,1,7,4,15,30,0.13000000,18.35000000,22.90000000,0.13125580
2001-07-04T15:40:00,1,7,4,15,40,0.10533333,18.23333333,21.92000000,0.10682570
2001-07-04T15:50:00,1,7,4,15,50,0.08066667,18.11666667,20.94000000,0.08217320
2001-07-04T16:00:00,1,7,4,16,0,0.05600000,18.00000000,19.96000000,0.05729830
2001-07-04T16:10:00,1,7,4,16,10,0.04666667,17.76666667,19.40000000,0.04786880
2001-07-04T16:20:00,1,7,4,16,20,0.03733333,17.53333333,18.84000000,0.03839121
2001-07-04T16:30:00,1,7,4,16,30,0.02800000,17.30000000,18.28000000,0.02886554
2001-07-04T16:40:00,1,7,4,16,40,0.01866667,17.06666667,17.72000000,0.01929178
2001-07-04T16:50:00,1,7,4,16,50,0.00933333,16.83333333,17.16000000,0.00966993
2001-07-04T17:00:00,1,7,4,17,0,0.00000000,16.60000000,16.60000000,0.00000000
2001-07-04T17:10:00,1,7,4,17,10,0.00000000,16.45000000,16.45000000,0.00000000
2001-07-04T17:20:00,1,7,4,17,20,0.00000000,16.30000000,16.30000000,0.00000000
2001-07-04T17:30:00,1,7,4,17,30,0.00000000,16.15000000,16.15000000,0.00000000
2001-07-04T17:40:00,1,7,4,17,40,0.00000000,16.00000000,16.00000000,0.00000000
2001-07-04T17:50:00,1,7,4,17,50,0.00000000,15.85000000,15.85000000,0.00000000
2001-07-04T18:00:00,1,7,4,18,0,0.00000000,15.70000000,15.70000000,0.00000000
2001-07-04T18:10:00,1,7,4,18,10,0.00000000,15.65000000,15.65000000,0.00000000
2001-07-04T18:20:00,1,7,4,18,20,0.00000000,15.60000000,15.60000000,0.00000000
2001-07-04T18:30:00,1,7,4,18,30,0.00000000,15.55000000,15.55000000,0.00000000
2001-07-04T18:40:00,1,7,4,18,40,0.00000000,15.50000000,15.50000000,0.00000000
2001-07-04T18:50:00,1,7,4,18,50,0.00000000,15.45000000,15.45000000,0.00000000
2001-07-04T19:00:00,1,7,4,19,0,0.00000000,15.40000000,15.40000000,0.00000000
2001-07-04T19:10:00,1,7,4,19,10,0.00000000,15.35000000,15.35000000,0.00000000
2001-07-04T19:20:00,1,7,4,19,20,0.00000000,15.30000000,15.30000000,0.00000000
2001-07-04T19:30:00,1,7,4,19,30,0.00000000,15.25000000,15.25000000,0.00000000
2001-07-04T19:40:00,1,7,4,19,40,0.00000000,15.20000000,15.20000000,0.00000000
2001-07-04T19:50:00,1,7,4,19,50,0.00000000,15.15000000,15.15000000,0.00000000
2001-07-04T20:00:00,1,7,4,20,0,0.00000000,15.10000000,15.10000000,0.00000000
2001-07-04T20:10:00,1,7,4,20,10,0.00000000,15.03333333,15.03333333,0.00000000
2001-07-04T20:20:00,1,7,4,20,20,0.00000000,14.96666667,14.96666667,0.00000000
2001-07-04T20:30:00,1,7,4,20,30,0.00000000,14.90000000,14.90000000,0.00000000
2001-07-04T20:40:00,1,7,4,20,40,0.00000000,14.83333333,14.83333333,0.00000000
2001-07-04T20:50:00,1,7,4,20,50,0.00000000,14.76666667,14.76666667,0.00000000
2001-07-04T21:00:00,1,7,4,21,0,0.00000000,14.70000000,14.70000000,0.00000000
2001-07-04T21:10:00,1,7,4,21,10,0.00000000,14.70000000,14.70000000,0.00000000
2001-07-04T21:20:00,1,7,4,21,20,0.00000000,14.70000000,14.70000000,0.00000000
2001-07-04T21:30:00,1,7,4,21,30,0.00000000,14.70000000,14.70000000,0.00000000
2001-07-04T21:40:00,1,7,4,21,40,0.00000000,14.70000000,14.70000000,0.00000000
2001-07-04T21:50:00,1,7,4,21,50,0.00000000,14.70000000,14.70000000,0.00000000
2001-07-04T22:00:00,1,7,4,22,0,0.00000000,14.70000000,14.70000000,0.00000000
2001-07-04T22:10:00,1,7,4,22,10,0.00000000,14.60000000,14.60000000,0.00000000
2001-07-04T22:20:00,1,7,4,22,20,0.00000000,14.50000000,14.50000000,0.00000000
2001-07-04T22:30:00,1,7,4,22,30,0.00000000,14.40000000,14.40000000,0.00000000
2001-07-04T22:40:00,1,7,4,22,40,0.00000000,14.30000000,14.30000000,0.00000000
2001-07-04T22:50:00,1,7,4,22,50,0.00000000,14.20000000,14.20000000,0.00000000
2001-07-04T23:00:00,1,7,4,23,0,0.00000000,14.10000000,14.10000000,0.00000000
2001-07-04T23:10:00,1,7,4,23,10,0.00000000,14.11666667,14.11666667,0.00000000
2001-07-04T23:20:00,1,7,4,23,20,0.00000000,14.13333333,14.13333333,0.00000000
2001-07-04T23:30:00,1,7,4,23,30,0.00000000,14.15000000,14.15000000,0.00000000
2001-07-04T23:40:00,1,7,4,23,40,0.00000000,14.16666667,14.16666667,0.00000000
2001-07-04T23:50:00,1,7,4,23,50,0.00000000,14.18333333,14.18333333,0.00000000
2001-07-05T00:00:00,1,7,5,0,0,0.00000000,14.20000000,14.20000000,0.00000000
2001-07-05T00:10:00,1,7,5,0,10,0.00000000,14.15000000,14.15000000,0.00000000
2001-07-05T00:20:00,1,7,5,0,20,0.00000000,14.10000000,14.10000000,0.00000000
2001-07-05T00:30:00,1,7,5,0,30,0.00000000,14.05000000,14.05000000,0.00000000
2001-07-05T00:40:00,1,7,5,0,40,0.00000000,14.00000000,14.00000000,0.00000000
2001-07-05T00:50:00,1,7,5,0,50,0.00000000,13.95000000,13.95000000,0.00000000
2001-07-05T01:00:00,1,7,5,1,0,0.00000000,13.90000000,13.90000000,0.00000000
2001-07-05T01:10:00,1,7,5,1,10,0.00000000,13.75000000,13.75000000,0.00000000
2001-07-05T01:20:00,1,7,5,1,20,0.00000000,13.60000000,13.60000000,0.00000000
2001-07-05T01:30:00,1,7,5,1,30,0.00000000,13.45000000,13.45000000,0.00000000
2001-07-05T01:40:00,1,7,5,1,40,0.00000000,13.30000000,13.30000000,0.00000000
2001-07-05T01:50:00,1,7,5,1,50,0.00000000,13.15000000,13.15000000,0.00000000
2001-07-05T02:00:00,1,7,5,2,0,0.00000000,13.00000000,13.00000000,0.00000000
2001-07-05T02:10:00,1,7,5,2,10,0.00000000,12.96666667,12.96666667,0.00000000
2001-07-05T02:20:00,1,7,5,2,20,0.00000000,12.93333333,12.93333333,0.00000000
2001-07-05T02:30:00,1,7,5,2,30,0.00000000,12.90000000,12.90000000,0.00000000
2001-07-05T02:40:00,1,7,5,2,40,0.00000000,12.86666667,12.86666667,0.00000000
2001-07-05T02:50:00,1,7,5,2,50,0.00000000,12.83333333,12.83333333,0.00000000
2001-07-05T03:00:00,1,7,5,3,0,0.00000000,12.80000000,12.80000000,0.00000000
2001-07-05T03:10:00,1,7,5,3,10,0.00000000,12.80000000,12.80000000,0.00000000
2001-07-05T03:20:00,1,7,5,3,20,0.00000000,12.80000000,12.80000000,0.00000000
2001-07-05T03:30:00,1,7,5,3,30,0.00000000,12.80000000,12.80000000,0.00000000
2001-07-05T03:40:00,1,7,5,3,40,0.00000000,12.80000000,12.80000000,0.00000000
2001-07-05T03:50:00,1,7,5,3,50,0.00000000,12.80000000,12.80000000,0.00000000
2001-07-05T04:00:00,1,7,5,4,0,0.00000000,12.80000000,12.80000000,0.00000000
2001-07-05T04:10:00,1,7,5,4,10,0.00000000,12.83333333,12.83333333,0.00000000
2001-07-05T04:20:00,1,7,5,4,20,0.00000000,12.86666667,12.86666667,0.00000000
2001-07-05T04:30:00,1,7,5,4,30,0.00000000,12.90000000,12.90000000,0.00000000
2001-07-05T04:40:00,1,7,5,4,40,0.00000000,12.93333333,12.93333333,0.00000000
2001-07-05T04:50:00,1,7,5,4,50,0.00000000,12.96666667,12.96666667,0.00000000
2001-07-05T05:00:00,1,7,5,5,0,0.00000000,13.00000000,13.00000000,0.00000000
2001-07-05T05:10:00,1,7,5,5,10,0.00000000,12.95000000,12.95000000,0.00000000
2001-07-05T05:20:00,1,7,5,5,20,0.00000000,12.90000000,12.90000000,0.00000000
2001-07-05T05:30:00,1,7,5,5,30,0.00000000,12.85000000,12.85000000,0.00000000
2001-07-05T05:40:00,1,7,5,5,40,0.00000000,12.80000000,12.80000000,0.00000000
2001-07-05T05:50:00,1,7,5,5,50,0.00000000,12.75000000,12.75000000,0.00000000
2001-07-05T06:00:00,1,7,5,6,0,0.00000000,12.70000000,12.70000000,0.00000000
2001-07-05T06:10:00,1,7,5,6,10,0.01700000,12.75000000,13.34500000,0.01791142
2001-07-05T06:20:00,1,7,5,6,20,0.03400000,12.80000000,13.99000000,0.03572196
2001-07-05T06:30:00,1,7,5,6,30,0.05100000,12.85000000,14.63500000,0.05343163
2001-07-05T06:40:00,1,7,5,6,40,0.06800000,12.90000000,15.28000000,0.07104042
2001-07-05T06:50:00,1,7,5,6,50,0.08500000,12.95000000,15.92500000,0.08854832
2001-07-05T07:00:00,1,7,5,7,0,0.10200000,13.00000000,16.57000000,0.10595536
2001-07-05T07:10:00,1,7,5,7,10,0.10316667,13.46666667,17.07750000,0.10692642
2001-07-05T07:20:00,1,7,5,7,20,0.10433333,13.93333333,17.58500000,0.10789204
2001-07-05T07:30:00,1,7,5,7,30,0.10550000,14.40000000,18.09250000,0.10885221
2001-07-05T07:40:00,1,7,5,7,40,0.10666667,14.86666667,18.60000000,0.10980693
2001-07-05T07:50:00,1,7,5,7,50,0.10783333,15.33333333,19.10750000,0.11075621
2001-07-05T08:00:00,1,7,5,8,0,0.10900000,15.80000000,19.61500000,0.11170004
2001-07-05T08:10:00,1,7,5,8,10,0.13433333,15.80000000,20.50166667,0.13711300
2001-07-05T08:20:00,1,7,5,8,20,0.15966667,15.80000000,21.38833333,0.16231932
2001-07-05T08:30:00,1,7,5,8,30,0.18500000,15.80000000,22.27500000,0.18731897
2001-07-05T08:40:00,1,7,5,8,40,0.21033333,15.80000000,23.16166667,0.21211198
2001-07-05T08:50:00,1,7,5,8,50,0.23566667,15.80000000,24.04833333,0.23669834
2001-07-05T09:00:00,1,7,5,9,0,0.26100000,15.80000000,24.93500000,0.26107804
2001-07-05T09:10:00,1,7,5,9,10,0.30600000,16.40000000,27.11000000,0.30302996
2001-07-05T09:20:00,1,7,5,9,20,0.35100000,17.00000000,29.28500000,0.34408144
2001-07-05T09:30:00,1,7,5,9,30,0.39600000,17.60000000,31.46000000,0.38423246
2001-07-05T09:40:00,1,7,5,9,40,0.44100000,18.20000000,33.63500000,0.42348304
2001-07-05T09:50:00,1,7,5,9,50,0.48600000,18.80000000,35.81000000,0.46183316
2001-07-05T10:00:00,1,7,5,10,0,0.53100000,19.40000000,37.98500000,0.49928284
2001-07-05T10:10:00,1,7,5,10,10,0.53300000,20.28333333,38.93833333,0.49882599
2001-07-05T10:20:00,1,7,5,10,20,0.53500000,21.16666667,39.89166667,0.49835161
2001-07-05T10:30:00,1,7,5,10,30,0.53700000,22.05000000,40.84500000,0.49785968
2001-07-05T10:40:00,1,7,5,10,40,0.53900000,22.93333333,41.79833333,0.49735021
2001-07-05T10:50:00,1,7,5,10,50,0.54100000,23.81666667,42.75166667,0.49682320
2001-07-05T11:00:00,1,7,5,11,0,0.54300000,24.70000000,43.70500000,0.49627865
2001-07-05T11:10:00,1,7,5,11,10,0.50266667,24.63333333,42.22666667,0.46283402
2001-07-05T11:20:00,1,7,5,11,20,0.46233333,24.56666667,40.74833333,0.42884083
2001-07-05T11:30:00,1,7,5,11,30,0.42200000,24.50000000,39.27000000,0.39429908
2001-07-05T11:40:00,1,7,5,11,40,0.38166667,24.43333333,37.79166667,0.35920876
2001-07-05T11:50:00,1,7,5,11,50,0.34133333,24.36666667,36.31333333,0.32356989
2001-07-05T12:00:00,1,7,5,12,0,0.30100000,24.30000000,34.83500000,0.28738246
2001-07-05T12:10:00,1,7,5,12,10,0.33266667,23.71666667,35.36000000,0.31681310
2001-07-05T12:20:00,1,7,5,12,20,0.36433333,23.13333333,35.88500000,0.34609080
2001-07-05T12:30:00,1,7,5,12,30,0.39600000,22.55000000,36.41000000,0.37521554
2001-07-05T12:40:00,1,7,5,12,40,0.42766667,21.96666667,36.93500000,0.40418734
2001-07-05T12:50:00,1,7,5,12,50,0.45933333,21.38333333,37.46000000,0.43300618
2001-07-05T13:00:00,1,7,5,13,0,0.49100000,20.80000000,37.98500000,0.46167208
2001-07-05T13:10:00,1,7,5,13,10,0.47266667,21.36666667,37.91000000,0.44459688
2001-07-05T13:20:00,1,7,5,13,20,0.45433333,21.93333333,37.83500000,0.42750904
2001-07-05T13:30:00,1,7,5,13,30,0.43600000,22.50000000,37.76000000,0.41040854
2001-07-05T13:40:00,1,7,5,13,40,0.41766667,23.06666667,37.68500000,0.39329540
2001-07-05T13:50:00,1,7,5,13,50,0.39933333,23.63333333,37.61000000,0.37616960
2001-07-05T14:00:00,1,7,5,14,0,0.38100000,24.20000000,37.53500000,0.35903116
2001-07-05T14:10:00,1,7,5,14,10,0.34016667,23.76666667,35.67250000,0.32346669
2001-07-05T14:20:00,1,7,5,14,20,0.29933333,23.33333333,33.81000000,0.28720255
2001-07-05T14:30:00,1,7,5,14,30,0.25850000,22.90000000,31.94750000,0.25023873
2001-07-05T14:40:00,1,7,5,14,40,0.21766667,22.46666667,30.08500000,0.21257523
2001-07-05T14:50:00,1,7,5,14,50,0.17683333,22.03333333,28.22250000,0.17421204
2001-07-05T15:00:00,1,7,5,15,0,0.13600000,21.60000000,26.36000000,0.13514918
2001-07-05T15:10:00,1,7,5,15,10,0.13533333,20.88333333,25.62000000,0.13494736
2001-07-05T15:20:00,1,7,5,15,20,0.13466667,20.16666667,24.88000000,0.13474100
2001-07-05T15:30:00,1,7,5,15,30,0.13400000,19.45000000,24.14000000,0.13453010
2001-07-05T15:40:00,1,7,5,15,40,0.13333333,18.73333333,23.40000000,0.13431467
2001-07-05T15:50:00,1,7,5,15,50,0.13266667,18.01666667,22.66000000,0.13409469
2001-07-05T16:00:00,1,7,5,16,0,0.13200000,17.30000000,21.92000000,0.13387018
2001-07-05T16:10:00,1,7,5,16,10,0.11000000,17.18333333,21.03333333,0.11200713
2001-07-05T16:20:00,1,7,5,16,20,0.08800000,17.06666667,20.14666667,0.08996463
2001-07-05T16:30:00,1,7,5,16,30,0.06600000,16.95000000,19.26000000,0.06774266
2001-07-05T16:40:00,1,7,5,16,40,0.04400000,16.83333333,18.37333333,0.04534124
2001-07-05T16:50:00,1,7,5,16,50,0.02200000,16.71666667,17.48666667,0.02276035
2001-07-05T17:00:00,1,7,5,17,0,0.00000000,16.60000000,16.60000000,0.00000000
2001-07-05T17:10:00,1,7,5,17,10,0.00000000,16.13333333,16.13333333,0.00000000
2001-07-05T17:20:00,1,7,5,17,20,0.00000000,15.66666667,15.66666667,0.00000000
2001-07-05T17:30:00,1,7,5,17,30,0.00000000,15.20000000,15.20000000,0.00000000
2001-07-05T17:40:00,1,7,5,17,40,0.00000000,14.73333333,14.73333333,0.00000000
2001-07-05T17:50:00,1,7,5,17,50,0.00000000,14.26666667,14.26666667,0.00000000
2001-07-05T18:00:00,1,7,5,18,0,0.00000000,13.80000000,13.80000000,0.00000000
2001-07-05T18:10:00,1,7,5,18,10,0.00000000,13.81666667,13.81666667,0.00000000
2001-07-05T18:20:00,1,7,5,18,20,0.00000000,13.83333333,13.83333333,0.00000000
2001-07-05T18:30:00,1,7,5,18,30,0.00000000,13.85000000,13.85000000,0.00000000
2001-07-05T18:40:00,1,7,5,18,40,0.00000000,13.86666667,13.86666667,0.00000000
2001-07-05T18:50:00,1,7,5,18,50,0.00000000,13.88333333,13.88333333,0.00000000
2001-07-05T19:00:00,1,7,5,19,0,0.00000000,13.90000000,13.90000000,0.00000000
2001-07-05T19:10:00,1,7,5,19,10,0.00000000,13.66666667,13.66666667,0.00000000
2001-07-05T19:20:00,1,7,5,19,20,0.00000000,13.43333333,13.43333333,0.00000000
2001-07-05T19:30:00,1,7,5,19,30,0.00000000,13.20000000,13.20000000,0.00000000
2001-07-05T19:40:00,1,7,5,19,40,0.00000000,12.96666667,12.96666667,0.00000000
2001-07-05T19:50:00,1,7,5,19,50,0.00000000,12.73333333,12.73333333,0.00000000
2001-07-05T20:00:00,1,7,5,20,0,0.00000000,12.50000000,12.50000000,0.00000000
2001-07-05T20:10:00,1,7,5,20,10,0.00000000,12.58333333,12.58333333,0.00000000
2001-07-05T20:20:00,1,7,5,20,20,0.00000000,12.66666667,12.66666667,0.00000000
2001-07-05T20:30:00,1,7,5,20,30,0.00000000,12.75000000,12.75000000,0.00000000
2001-07-05T20:40:00,1,7,5,20,40,0.00000000,12.83333333,12.83333333,0.00000000
2001-07-05T20:50:00,1,7,5,20,50,0.00000000,12.91666667,12.91666667,0.00000000
2001-07-05T21:00:00,1,7,5,21,0,0.00000000,13.00000000,13.00000000,0.00000000
2001-07-05T21:10:00,1,7,5,21,10,0.00000000,12.78333333,12.78333333,0.00000000
2001-07-05T21:20:00,1,7,5,21,20,0.00000000,12.56666667,12.56666667,0.00000000
2001-07-05T21:30:00,1,7,5,21,30,0.00000000,12.35000000,12.35000000,0.00000000
2001-07-05T21:40:00,1,7,5,21,40,0.00000000,12.13333333,12.13333333,0.00000000
2001-07-05T21:50:00,1,7,5,21,50,0.00000000,11.91666667,11.91666667,0.00000000
2001-07-05T22:00:00,1,7,5,22,0,0.00000000,11.70000000,11.70000000,0.00000000
2001-07-05T22:10:00,1,7,5,22,10,0.00000000,11.60000000,11.60000000,0.00000000
2001-07-05T22:20:00,1,7,5,22,20,0.00000000,11.50000000,11.50000000,0.00000000
2001-07-05T22:30:00,1,7,5,22,30,0.00000000,11.40000000,11.40000000,0.00000000
2001-07-05T22:40:00,1,7,5,22,40,0.00000000,11.30000000,11.30000000,0.00000000
2001-07-05T22:50:00,1,7,5,22,50,0.00000000,11.20000000,11.20000000,0.00000000
2001-07-05T23:00:00,1,7,5,23,0,0.00000000,11.10000000,11.10000000,0.00000000
2001-07-05T23:10:00,1,7,5,23,10,0.00000000,10.93333333,10.93333333,0.00000000
2001-07-05T23:20:00,1,7,5,23,20,0.00000000,10.76666667,10.76666667,0.00000000
2001-07-05T23:30:00,1,7,5,23,30,0.00000000,10.60000000,10.60000000,0.00000000
2001-07-05T23:40:00,1,7,5,23,40,0.00000000,10.43333333,10.43333333,0.00000000
2001-07-05T23:50:00,1,7,5,23,50,0.00000000,10.26666667,10.26666667,0.00000000
2001-07-06T00:00:00,1,7,6,0,0,0.00000000,10.10000000,10.10000000,0.00000000
2001-07-06T00:10:00,1,7,6,0,10,0.00000000,10.15000000,10.15000000,0.00000000
2001-07-06T00:20:00,1,7,6,0,20,0.00000000,10.20000000,10.20000000,0.00000000
2001-07-06T00:30:00,1,7,6,0,30,0.00000000,10.25000000,10.25000000,0.00000000
2001-07-06T00:40:00,1,7,6,0,40,0.00000000,10.30000000,10.30000000,0.00000000
2001-07-06T00:50:00,1,7,6,0,50,0.00000000,10.35000000,10.35000000,0.00000000
2001-07-06T01:00:00,1,7,6,1,0,0.00000000,10.40000000,10.40000000,0.00000000
2001-07-06T01:10:00,1,7,6,1,10,0.00000000,10.28333333,10.28333333,0.00000000
2001-07-06T01:20:00,1,7,6,1,20,0.00000000,10.16666667,10.16666667,0.00000000
2001-07-06T01:30:00,1,7,6,1,30,0.00000000,10.05000000,10.05000000,0.00000000
2001-07-06T01:40:00,1,7,6,1,40,0.00000000,9.93333333,9.93333333,0.00000000
2001-07-06T01:50:00,1,7,6,1,50,0.00000000,9.81666667,9.81666667,0.00000000
2001-07-06T02:00:00,1,7,6,2,0,0.00000000,9.70000000,9.70000000,0.00000000
2001-07-06T02:10:00,1,7,6,2,10,0.00000000,9.73333333,9.73333333,0.00000000
2001-07-06T02:20:00,1,7,6,2,20,0.00000000,9.76666667,9.76666667,0.00000000
2001-07-06T02:30:00,1,7,6,2,30,0.00000000,9.80000000,9.80000000,0.00000000
2001-07-06T02:40:00,1,7,6,2,40,0.00000000,9.83333333,9.83333333,0.00000000
2001-07-06T02:50:00,1,7,6,2,50,0.00000000,9.86666667,9.86666667,0.00000000
2001-07-06T03:00:00,1,7,6,3,0,0.00000000,9.90000000,9.90000000,0.00000000
2001-07-06T03:10:00,1,7,6,3,10,0.00000000,9.86666667,9.86666667,0.00000000
2001-07-06T03:20:00,1,7,6,3,20,0.00000000,9.83333333,9.83333333,0.00000000
2001-07-06T03:30:00,1,7,6,3,30,0.00000000,9.80000000,9.80000000,0.00000000
2001-07-06T03:40:00,1,7,6,3,40,0.00000000,9.76666667,9.76666667,0.00000000
2001-07-06T03:50:00,1,7,6,3,50,0.00000000,9.73333333,9.73333333,0.00000000
2001-07-06T04:00:00,1,7,6,4,0,0.00000000,9.70000000,9.70000000,0.00000000
2001-07-06T04:10:00,1,7,6,4,10,0.00000000,9.85000000,9.85000000,0.00000000
2001-07-06T04:20:00,1,7,6,4,20,0.00000000,10.00000000,10.00000000,0.00000000
2001-07-06T04:30:00,1,7,6,4,30,0.00000000,10.15000000,10.15000000,0.00000000
2001-07-06T04:40:00,1,7,6,4,40,0.00000000,10.30000000,10.30000000,0.00000000
2001-07-06T04:50:00,1,7,6,4,50,0.00000000,10.45000000,10.45000000,0.00000000
2001-07-06T05:00:00,1,7,6,5,0,0.00000000,10.60000000,10.60000000,0.00000000
2001-07-06T05:10:00,1,7,6,5,10,0.00000000,10.61666667,10.61666667,0.00000000
2001-07-06T05:20:00,1,7,6,5,20,0.00000000,10.63333333,10.63333333,0.00000000
2001-07-06T05:30:00,1,7,6,5,30,0.00000000,10.65000000,10.65000000,0.00000000
2001-07-06T05:40:00,1,7,6,5,40,0.00000000,10.66666667,10.66666667,0.00000000
2001-07-06T05:50:00,1,7,6,5,50,0.00000000,10.68333333,10.68333333,0.00000000
2001-07-06T06:00:00,1,7,6,6,0,0.00000000,10.70000000,10.70000000,0.00000000
2001-07-06T06:10:00,1,7,6,6,10,0.02050000,10.71666667,11.43416667,0.02177926
2001-07-06T06:20:00,1,7,6,6,20,0.04100000,10.73333333,12.16833333,0.04342005
2001-07-06T06:30:00,1,7,6,6,30,0.06150000,10.75000000,12.90250000,0.06492238
2001-07-06T06:40:00,1,7,6,6,40,0.08200000,10.76666667,13.63666667,0.08628625
2001-07-06T06:50:00,1,7,6,6,50,0.10250000,10.78333333,14.37083333,0.10751165
2001-07-06T07:00:00,1,7,6,7,0,0.12300000,10.80000000,15.10500000,0.12859859
2001-07-06T07:10:00,1,7,6,7,10,0.14733333,11.13333333,16.29000000,0.15323639
2001-07-06T07:20:00,1,7,6,7,20,0.17166667,11.46666667,17.47500000,0.17760891
2001-07-06T07:30:00,1,7,6,7,30,0.19600000,11.80000000,18.66000000,0.20171614
2001-07-06T07:40:00,1,7,6,7,40,0.22033333,12.13333333,19.84500000,0.22555810
2001-07-06T07:50:00,1,7,6,7,50,0.24466667,12.46666667,21.03000000,0.24913477
2001-07-06T08:00:00,1,7,6,8,0,0.26900000,12.80000000,22.21500000,0.27244616
2001-07-06T08:10:00,1,7,6,8,10,0.30433333,13.08333333,23.73500000,0.30610425
2001-07-06T08:20:00,1,7,6,8,20,0.33966667,13.36666667,25.25500000,0.33926824
2001-07-06T08:30:00,1,7,6,8,30,0.37500000,13.65000000,26.77500000,0.37193813
2001-07-06T08:40:00,1,7,6,8,40,0.41033333,13.93333333,28.29500000,0.40411391
2001-07-06T08:50:00,1,7,6,8,50,0.44566667,14.21666667,29.81500000,0.43579560
2001-07-06T09:00:00,1,7,6,9,0,0.48100000,14.50000000,31.33500000,0.46698318
2001-07-06T09:10:00,1,7,6,9,10,0.49116667,14.91666667,32.10750000,0.47510822
2001-07-06T09:20:00,1,7,6,9,20,0.50133333,15.33333333,32.88000000,0.48316100
2001-07-06T09:30:00,1,7,6,9,30,0.51150000,15.75000000,33.65250000,0.49114153
2001-07-06T09:40:00,1,7,6,9,40,0.52166667,16.16666667,34.42500000,0.49904981
2001-07-06T09:50:00,1,7,6,9,50,0.53183333,16.58333333,35.19750000,0.50688583
2001-07-06T10:00:00,1,7,6,10,0,0.54200000,17.00000000,35.97000000,0.51464960
2001-07-06T10:10:00,1,7,6,10,10,0.56400000,17.30000000,37.04000000,0.53276342
2001-07-06T10:20:00,1,7,6,10,20,0.58600000,17.60000000,38.11000000,0.55066068
2001-07-06T10:30:00,1,7,6,10,30,0.60800000,17.90000000,39.18000000,0.56834138
2001-07-06T10:40:00,1,7,6,10,40,0.63000000,18.20000000,40.25000000,0.58580550
2001-07-06T10:50:00,1,7,6,10,50,0.65200000,18.50000000,41.32000000,0.60305306
2001-07-06T11:00:00,1,7,6,11,0,0.67400000,18.80000000,42.39000000,0.62008404
2001-07-06T11:10:00,1,7,6,11,10,0.67100000,19.05000000,42.53500000,0.61687647
2001-07-06T11:20:00,1,7,6,11,20,0.66800000,19.30000000,42.68000000,0.61367290
2001-07-06T11:30:00,1,7,6,11,30,0.66500000,19.55000000,42.82500000,0.61047332
2001-07-06T11:40:00,1,7,6,11,40,0.66200000,19.80000000,42.97000000,0.60727776
2001-07-06T11:50:00,1,7,6,11,50,0.65900000,20.05000000,43.11500000,0.60408619
2001-07-06T12:00:00,1,7,6,12,0,0.65600000,20.30000000,43.26000000,0.60089862
2001-07-06T12:10:00,1,7,6,12,10,0.64233333,20.25000000,42.73166667,0.58994099
2001-07-06T12:20:00,1,7,6,12,20,0.62866667,20.20000000,42.20333333,0.57891692
2001-07-06T12:30:00,1,7,6,12,30,0.61500000,20.15000000,41.67500000,0.56782643
2001-07-06T12:40:00,1,7,6,12,40,0.60133333,20.10000000,41.14666667,0.55666950
2001-07-06T12:50:00,1,7,6,12,50,0.58766667,20.05000000,40.61833333,0.54544615
2001-07-06T13:00:00,1,7,6,13,0,0.57400000,20.00000000,40.09000000,0.53415636
2001-07-06T13:10:00,1,7,6,13,10,0.55866667,19.98333333,39.53666667,0.52130937
2001-07-06T13:20:00,1,7,6,13,20,0.54333333,19.96666667,38.98333333,0.50838432
2001-07-06T13:30:00,1,7,6,13,30,0.52800000,19.95000000,38.43000000,0.49538122
2001-07-06T13:40:00,1,7,6,13,40,0.51266667,19.93333333,37.87666667,0.48230005
2001-07-06T13:50:00,1,7,6,13,50,0.49733333,19.91666667,37.32333333,0.46914083
2001-07-06T14:00:00,1,7,6,14,0,0.48200000,19.90000000,36.77000000,0.45590356
2001-07-06T14:10:00,1,7,6,14,10,0.44916667,19.81666667,35.53750000,0.42739444
2001-07-06T14:20:00,1,7,6,14,20,0.41633333,19.73333333,34.30500000,0.39851302
2001-07-06T14:30:00,1,7,6,14,30,0.38350000,19.65000000,33.07250000,0.36925930
2001-07-06T14:40:00,1,7,6,14,40,0.35066667,19.56666667,31.84000000,0.33963329
2001-07-06T14:50:00,1,7,6,14,50,0.31783333,19.48333333,30.60750000,0.30963498
2001-07-06T15:00:00,1,7,6,15,0,0.28500000,19.40000000,29.37500000,0.27926438
2001-07-06T15:10:00,1,7,6,15,10,0.25716667,19.20000000,28.20083333,0.25338019
2001-07-06T15:20:00,1,7,6,15,20,0.22933333,19.00000000,27.02666667,0.22719534
2001-07-06T15:30:00,1,7,6,15,30,0.20150000,18.80000000,25.85250000,0.20070982
2001-07-06T15:40:00,1,7,6,15,40,0.17366667,18.60000000,24.67833333,0.17392364
2001-07-06T15:50:00,1,7,6,15,50,0.14583333,18.40000000,23.50416667,0.14683679
2001-07-06T16:00:00,1,7,6,16,0,0.11800000,18.20000000,22.33000000,0.11944928
2001-07-06T16:10:00,1,7,6,16,10,0.09833333,17.91666667,21.35833333,0.09998058
2001-07-06T16:20:00,1,7,6,16,20,0.07866667,17.63333333,20.38666667,0.08033608
2001-07-06T16:30:00,1,7,6,16,30,0.05900000,17.35000000,19.41500000,0.06051577
2001-07-06T16:40:00,1,7,6,16,40,0.03933333,17.06666667,18.44333333,0.04051965
2001-07-06T16:50:00,1,7,6,16,50,0.01966667,16.78333333,17.47166667,0.02034773
2001-07-06T17:00:00,1,7,6,17,0,0.00000000,16.50000000,16.50000000,0.00000000
2001-07-06T17:10:00,1,7,6,17,10,0.00000000,16.31666667,16.31666667,0.00000000
2001-07-06T17:20:00,1,7,6,17,20,0.00000000,16.13333333,16.13333333,0.00000000
2001-07-06T17:30:00,1,7,6,17,30,0.00000000,15.95000000,15.95000000,0.00000000
2001-07-06T17:40:00,1,7,6,17,40,0.00000000,15.76666667,15.76666667,0.00000000
2001-07-06T17:50:00,1,7,6,17,50,0.00000000,15.58333333,15.58333333,0.00000000
2001-07-06T18:00:00,1,7,6,18,0,0.00000000,15.40000000,15.40000000,0.00000000
2001-07-06T18:10:00,1,7,6,18,10,0.00000000,15.36666667,15.36666667,0.00000000
2001-07-06T18:20:00,1,7,6,18,20,0.00000000,15.33333333,15.33333333,0.00000000
2001-07-06T18:30:00,1,7,6,18,30,0.00000000,15.30000000,15.30000000,0.00000000
2001-07-06T18:40:00,1,7,6,18,40,0.00000000,15.26666667,15.26666667,0.00000000
2001-07-06T18:50:00,1,7,6,18,50,0.00000000,15.23333333,15.23333333,0.00000000
2001-07-06T19:00:00,1,7,6,19,0,0.00000000,15.20000000,15.20000000,0.00000000
2001-07-06T19:10:00,1,7,6,19,10,0.00000000,15.13333333,15.13333333,0.00000000
2001-07-06T19:20:00,1,7,6,19,20,0.00000000,15.06666667,15.06666667,0.00000000
2001-07-06T19:30:00,1,7,6,19,30,0.00000000,15.00000000,15.00000000,0.00000000
2001-07-06T19:40:00,1,7,6,19,40,0.00000000,14.93333333,14.93333333,0.00000000
2001-07-06T19:50:00,1,7,6,19,50,0.00000000,14.86666667,14.86666667,0.00000000
2001-07-06T20:00:00,1,7,6,20,0,0.00000000,14.80000000,14.80000000,0.00000000
2001-07-06T20:10:00,1,7,6,20,10,0.00000000,14.75000000,14.75000000,0.00000000
2001-07-06T20:20:00,1,7,6,20,20,0.00000000,14.70000000,14.70000000,0.00000000
2001-07-06T20:30:00,1,7,6,20,30,0.00000000,14.65000000,14.65000000,0.00000000
2001-07-06T20:40:00,1,7,6,20,40,0.00000000,14.60000000,14.60000000,0.00000000
2001-07-06T20:50:00,1,7,6,20,50,0.00000000,14.55000000,14.55000000,0.00000000
2001-07-06T21:00:00,1,7,6,21,0,0.00000000,14.50000000,14.50000000,0.00000000
2001-07-06T21:10:00,1,7,6,21,10,0.00000000,14.30000000,14.30000000,0.00000000
2001-07-06T21:20:00,1,7,6,21,20,0.00000000,14.10000000,14.10000000,0.00000000
2001-07-06T21:30:00,1,7,6,21,30,0.00000000,13.90000000,13.90000000,0.00000000
2001-07-06T21:40:00,1,7,6,21,40,0.00000000,13.70000000,13.70000000,0.00000000
2001-07-06T21:50:00,1,7,6,21,50,0.00000000,13.50000000,13.50000000,0.00000000
2001-07-06T22:00:00,1,7,6,22,0,0.00000000,13.30000000,13.30000000,0.00000000
2001-07-06T22:10:00,1,7,6,22,10,0.00000000,13.23333333,13.23333333,0.00000000
2001-07-06T22:20:00,1,7,6,22,20,0.00000000,13.16666667,13.16666667,0.00000000
2001-07-06T22:30:00,1,7,6,22,30,0.00000000,13.10000000,13.10000000,0.00000000
2001-07-06T22:40:00,1,7,6,22,40,0.00000000,13.03333333,13.03333333,0.00000000
2001-07-06T22:50:00,1,7,6,22,50,0.00000000,12.96666667,12.96666667,0.00000000
2001-07-06T23:00:00,1,7,6,23,0,0.00000000,12.90000000,12.90000000,0.00000000
2001-07-06T23:10:00,1,7,6,23,10,0.00000000,13.06666667,13.06666667,0.00000000
2001-07-06T23:20:00,1,7,6,23,20,0.00000000,13.23333333,13.23333333,0.00000000
2001-07-06T23:30:00,1,7,6,23,30,0.00000000,13.40000000,13.40000000,0.00000000
2001-07-06T23:40:00,1,7,6,23,40,0.00000000,13.56666667,13.56666667,0.00000000
2001-07-06T23:50:00,1,7,6,23,50,0.00000000,13.73333333,13.73333333,0.00000000
2001-07-07T00:00:00,1,7,7,0,0,0.00000000,13.90000000,13.90000000,0.00000000
2001-07-07T00:10:00,1,7,7,0,10,0.00000000,13.81666667,13.81666667,0.00000000
2001-07-07T00:20:00,1,7,7,0,20,0.00000000,13.73333333,13.73333333,0.00000000
2001-07-07T00:30:00,1,7,7,0,30,0.00000000,13.65000000,13.65000000,0.00000000
2001-07-07T00:40:00,1,7,7,0,40,0.00000000,13.56666667,13.56666667,0.00000000
2001-07-07T00:50:00,1,7,7,0,50,0.00000000,13.48333333,13.48333333,0.00000000
2001-07-07T01:00:00,1,7,7,1,0,0.00000000,13.40000000,13.40000000,0.00000000
2001-07-07T01:10:00,1,7,7,1,10,0.00000000,13.33333333,13.33333333,0.00000000
2001-07-07T01:20:00,1,7,7,1,20,0.00000000,13.26666667,13.26666667,0.00000000
2001-07-07T01:30:00,1,7,7,1,30,0.00000000,13.20000000,13.20000000,0.00000000
2001-07-07T01:40:00,1,7,7,1,40,0.00000000,13.13333333,13.13333333,0.00000000
2001-07-07T01:50:00,1,7,7,1,50,0.00000000,13.06666667,13.06666667,0.00000000
2001-07-07T02:00:00,1,7,7,2,0,0.00000000,13.00000000,13.00000000,0.00000000
2001-07-07T02:10:00,1,7,7,2,10,0.00000000,13.10000000,13.10000000,0.00000000
2001-07-07T02:20:00,1,7,7,2,20,0.00000000,13.20000000,13.20000000,0.00000000
2001-07-07T02:30:00,1,7,7,2,30,0.00000000,13.30000000,13.30000000,0.00000000
2001-07-07T02:40:00,1,7,7,2,40,0.00000000,13.40000000,13.40000000,0.00000000
2001-07-07T02:50:00,1,7,7,2,50,0.00000000,13.50000000,13.50000000,0.00000000
2001-07-07T03:00:00,1,7,7,3,0,0.00000000,13.60000000,13.60000000,0.00000000
2001-07-07T03:10:00,1,7,7,3,10,0.00000000,13.55000000,13.55000000,0.00000000
2001-07-07T03:20:00,1,7,7,3,20,0.00000000,13.50000000,13.50000000,0.00000000
2001-07-07T03:30:00,1,7,7,3,30,0.00000000,13.45000000,13.45000000,0.00000000
2001-07-07T03:40:00,1,7,7,3,40,0.00000000,13.40000000,13.40000000,0.00000000
2001-07-07T03:50:00,1,7,7,3,50,0.00000000,13.35000000,13.35000000,0.00000000
2001-07-07T04:00:00,1,7,7,4,0,0.00000000,13.30000000,13.30000000,0.00000000
2001-07-07T04:10:00,1,7,7,4,10,0.00000000,13.15000000,13.15000000,0.00000000
2001-07-07T04:20:00,1,7,7,4,20,0.00000000,13.00000000,13.00000000,0.00000000
2001-07-07T04:30:00,1,7,7,4,30,0.00000000,12.85000000,12.85000000,0.00000000
2001-07-07T04:40:00,1,7,7,4,40,0.00000000,12.70000000,12.70000000,0.00000000
2001-07-07T04:50:00,1,7,7,4,50,0.00000000,12.55000000,12.55000000,0.00000000
2001-07-07T05:00:00,1,7,7,5,0,0.00000000,12.40000000,12.40000000,0.00000000
2001-07-07T05:10:00,1,7,7,5,10,0.00000000,12.38333333,12.38333333,0.00000000
2001-07-07T05:20:00,1,7,7,5,20,0.00000000,12.36666667,12.36666667,0.00000000
2001-07-07T05:30:00,1,7,7,5,30,0.00000000,12.35000000,12.35000000,0.00000000
2001-07-07T05:40:00,1,7,7,5,40,0.00000000,12.33333333,12.33333333,0.00000000
2001-07-07T05:50:00,1,7,7,5,50,0.00000000,12.31666667,12.31666667,0.00000000
2001-07-07T06:00:00,1,7,7,6,0,0.00000000,12.30000000,12.30000000,0.00000000
2001-07-07T06:10:00,1,7,7,6,10,0.01600000,12.41666667,12.97666667,0.01688492
2001-07-07T06:20:00,1,7,7,6,20,0.03200000,12.53333333,13.65333333,0.03367023
2001-07-07T06:30:00,1,7,7,6,30,0.04800000,12.65000000,14.33000000,0.05035594
2001-07-07T06:40:00,1,7,7,6,40,0.06400000,12.76666667,15.00666667,0.06694204
2001-07-07T06:50:00,1,7,7,6,50,0.08000000,12.88333333,15.68333333,0.08342853
2001-07-07T07:00:00,1,7,7,7,0,0.09600000,13.00000000,16.36000000,0.09981542
2001-07-07T07:10:00,1,7,7,7,10,0.12350000,13.45000000,17.77250000,0.12760594
2001-07-07T07:20:00,1,7,7,7,20,0.15100000,13.90000000,19.18500000,0.15503910
2001-07-07T07:30:00,1,7,7,7,30,0.17850000,14.35000000,20.59750000,0.18211489
2001-07-07T07:40:00,1,7,7,7,40,0.20600000,14.80000000,22.01000000,0.20883332
2001-07-07T07:50:00,1,7,7,7,50,0.23350000,15.25000000,23.42250000,0.23519439
2001-07-07T08:00:00,1,7,7,8,0,0.26100000,15.70000000,24.83500000,0.26119810
2001-07-07T08:10:00,1,7,7,8,10,0.26983333,16.13333333,25.57750000,0.26911652
2001-07-07T08:20:00,1,7,7,8,20,0.27866667,16.56666667,26.32000000,0.27697460
2001-07-07T08:30:00,1,7,7,8,30,0.28750000,17.00000000,27.06250000,0.28477234
2001-07-07T08:40:00,1,7,7,8,40,0.29633333,17.43333333,27.80500000,0.29250974
2001-07-07T08:50:00,1,7,7,8,50,0.30516667,17.86666667,28.54750000,0.30018680
2001-07-07T09:00:00,1,7,7,9,0,0.31400000,18.30000000,29.29000000,0.30780352
2001-07-07T09:10:00,1,7,7,9,10,0.31833333,18.58333333,29.72500000,0.31141436
2001-07-07T09:20:00,1,7,7,9,20,0.32266667,18.86666667,30.16000000,0.31500785
2001-07-07T09:30:00,1,7,7,9,30,0.32700000,19.15000000,30.59500000,0.31858400
2001-07-07T09:40:00,1,7,7,9,40,0.33133333,19.43333333,31.03000000,0.32214281
2001-07-07T09:50:00,1,7,7,9,50,0.33566667,19.71666667,31.46500000,0.32568428
2001-07-07T10:00:00,1,7,7,10,0,0.34000000,20.00000000,31.90000000,0.32920840
2001-07-07T10:10:00,1,7,7,10,10,0.37300000,20.16666667,33.22166667,0.35889326
2001-07-07T10:20:00,1,7,7,10,20,0.40600000,20.33333333,34.54333333,0.38817687
2001-07-07T10:30:00,1,7,7,10,30,0.43900000,20.50000000,35.86500000,0.41705922
2001-07-07T10:40:00,1,7,7,10,40,0.47200000,20.66666667,37.18666667,0.44554031
2001-07-07T10:50:00,1,7,7,10,50,0.50500000,20.83333333,38.50833333,0.47362014
2001-07-07T11:00:00,1,7,7,11,0,0.53800000,21.00000000,39.83000000,0.50129872
2001-07-07T11:10:00,1,7,7,11,10,0.53550000,21.56666667,40.30916667,0.49778893
2001-07-07T11:20:00,1,7,7,11,20,0.53300000,22.13333333,40.78833333,0.49429016
2001-07-07T11:30:00,1,7,7,11,30,0.53050000,22.70000000,41.26750000,0.49080242
2001-07-07T11:40:00,1,7,7,11,40,0.52800000,23.26666667,41.74666667,0.48732570
2001-07-07T11:50:00,1,7,7,11,50,0.52550000,23.83333333,42.22583333,0.48385999
2001-07-07T12:00:00,1,7,7,12,0,0.52300000,24.40000000,42.70500000,0.48040531
2001-07-07T12:10:00,1,7,7,12,10,0.53800000,24.40000000,43.23000000,0.49288440
2001-07-07T12:20:00,1,7,7,12,20,0.55300000,24.40000000,43.75500000,0.50529103
2001-07-07T12:30:00,1,7,7,12,30,0.56800000,24.40000000,44.28000000,0.51762522
2001-07-07T12:40:00,1,7,7,12,40,0.58300000,24.40000000,44.80500000,0.52988695
2001-07-07T12:50:00,1,7,7,12,50,0.59800000,24.40000000,45.33000000,0.54207624
2001-07-07T13:00:00,1,7,7,13,0,0.61300000,24.40000000,45.85500000,0.55419307
2001-07-07T13:10:00,1,7,7,13,10,0.57900000,24.51666667,44.78166667,0.52631351
2001-07-07T13:20:00,1,7,7,13,20,0.54500000,24.63333333,43.70833333,0.49809821
2001-07-07T13:30:00,1,7,7,13,30,0.51100000,24.75000000,42.63500000,0.46954717
2001-07-07T13:40:00,1,7,7,13,40,0.47700000,24.86666667,41.56166667,0.44066039
2001-07-07T13:50:00,1,7,7,13,50,0.44300000,24.98333333,40.48833333,0.41143787
2001-07-07T14:00:00,1,7,7,14,0,0.40900000,25.10000000,39.41500000,0.38187962
2001-07-07T14:10:00,1,7,7,14,10,0.37866667,24.55000000,37.80333333,0.35636497
2001-07-07T14:20:00,1,7,7,14,20,0.34833333,24.00000000,36.19166667,0.33040055
2001-07-07T14:30:00,1,7,7,14,30,0.31800000,23.45000000,34.58000000,0.30398638
2001-07-07T14:40:00,1,7,7,14,40,0.28766667,22.90000000,32.96833333,0.27712244
2001-07-07T14:50:00,1,7,7,14,50,0.25733333,22.35000000,31.35666667,0.24980874
2001-07-07T15:00:00,1,7,7,15,0,0.22700000,21.80000000,29.74500000,0.22204527
2001-07-07T15:10:00,1,7,7,15,10,0.19783333,21.31666667,28.24083333,0.19488407
2001-07-07T15:20:00,1,7,7,15,20,0.16866667,20.83333333,26.73666667,0.16731924
2001-07-07T15:30:00,1,7,7,15,30,0.13950000,20.35000000,25.23250000,0.13935080
2001-07-07T15:40:00,1,7,7,15,40,0.11033333,19.86666667,23.72833333,0.11097875
2001-07-07T15:50:00,1,7,7,15,50,0.08116667,19.38333333,22.22416667,0.08220307
2001-07-07T16:00:00,1,7,7,16,0,0.05200000,18.90000000,20.72000000,0.05302378
2001-07-07T16:10:00,1,7,7,16,10,0.04416667,18.41666667,19.96250000,0.04519012
2001-07-07T16:20:00,1,7,7,16,20,0.03633333,17.93333333,19.20500000,0.03730187
2001-07-07T16:30:00,1,7,7,16,30,0.02850000,17.45000000,18.44750000,0.02935903
2001-07-07T16:40:00,1,7,7,16,40,0.02066667,16.96666667,17.69000000,0.02136160
2001-07-07T16:50:00,1,7,7,16,50,0.01283333,16.48333333,16.93250000,0.01330958
2001-07-07T17:00:00,1,7,7,17,0,0.00500000,16.00000000,16.17500000,0.00520297
2001-07-07T17:10:00,1,7,7,17,10,0.00416667,15.93333333,16.07916667,0.00433765
2001-07-07T17:20:00,1,7,7,17,20,0.00333333,15.86666667,15.98333333,0.00347159
2001-07-07T17:30:00,1,7,7,17,30,0.00250000,15.80000000,15.88750000,0.00260479
2001-07-07T17:40:00,1,7,7,17,40,0.00166667,15.73333333,15.79166667,0.00173726
2001-07-07T17:50:00,1,7,7,17,50,0.00083333,15.66666667,15.69583333,0.00086900
2001-07-07T18:00:00,1,7,7,18,0,0.00000000,15.60000000,15.60000000,0.00000000
2001-07-07T18:10:00,1,7,7,18,10,0.00000000,15.41666667,15.41666667,0.00000000
2001-07-07T18:20:00,1,7,7,18,20,0.00000000,15.23333333,15.23333333,0.00000000
2001-07-07T18:30:00,1,7,7,18,30,0.00000000,15.05000000,15.05000000,0.00000000
2001-07-07T18:40:00,1,7,7,18,40,0.00000000,14.86666667,14.86666667,0.00000000
2001-07-07T18:50:00,1,7,7,18,50,0.00000000,14.68333333,14.68333333,0.00000000
2001-07-07T19:00:00,1,7,7,19,0,0.00000000,14.50000000,14.50000000,0.00000000
2001-07-07T19:10:00,1,7,7,19,10,0.00000000,14.45000000,14.45000000,0.00000000
2001-07-07T19:20:00,1,7,7,19,20,0.00000000,14.40000000,14.40000000,0.00000000
2001-07-07T19:30:00,1,7,7,19,30,0.00000000,14.35000000,14.35000000,0.00000000
2001-07-07T19:40:00,1,7,7,19,40,0.00000000,14.30000000,14.30000000,0.00000000
2001-07-07T19:50:00,1,7,7,19,50,0.00000000,14.25000000,14.25000000,0.00000000
2001-07-07T20:00:00,1,7,7,20,0,0.00000000,14.20000000,14.20000000,0.00000000
2001-07-07T20:10:00,1,7,7,20,10,0.00000000,14.11666667,14.11666667,0.00000000
2001-07-07T20:20:00,1,7,7,20,20,0.00000000,14.03333333,14.03333333,0.00000000
2001-07-07T20:30:00,1,7,7,20,30,0.00000000,13.95000000,13.95000000,0.00000000
2001-07-07T20:40:00,1,7,7,20,40,0.00000000,13.86666667,13.86666667,0.00000000
2001-07-07T20:50:00,1,7,7,20,50,0.00000000,13.78333333,13.78333333,0.00000000
2001-07-07T21:00:00,1,7,7,21,0,0.00000000,13.70000000,13.70000000,0.00000000
2001-07-07T21:10:00,1,7,7,21,10,0.00000000,13.53333333,13.53333333,0.00000000
2001-07-07T21:20:00,1,7,7,21,20,0.00000000,13.36666667,13.36666667,0.00000000
2001-07-07T21:30:00,1,7,7,21,30,0.00000000,13.20000000,13.20000000,0.00000000
2001-07-07T21:40:00,1,7,7,21,40,0.00000000,13.03333333,13.03333333,0.00000000
2001-07-07T21:50:00,1,7,7,21,50,0.00000000,12.86666667,12.86666667,0.00000000
2001-07-07T22:00:00,1,7,7,22,0,0.00000000,12.70000000,12.70000000,0.00000000
2001-07-07T22:10:00,1,7,7,22,10,0.00000000,12.63333333,12.63333333,0.00000000
2001-07-07T22:20:00,1,7,7,22,20,0.00000000,12.56666667,12.56666667,0.00000000
2001-07-07T22:30:00,1,7,7,22,30,0.00000000,12.50000000,12.50000000,0.00000000
2001-07-07T22:40:00,1,7,7,22,40,0.00000000,12.43333333,12.43333333,0.00000000
2001-07-07T22:50:00,1,7,7,22,50,0.00000000,12.36666667,12.36666667,0.00000000
2001-07-07T23:00:00,1,7,7,23,0,0.00000000,12.30000000,12.30000000,0.00000000
2001-07-07T23:10:00,1,7,7,23,10,0.00000000,12.53333333,12.53333333,0.00000000
2001-07-07T23:20:00,1,7,7,23,20,0.00000000,12.76666667,12.76666667,0.00000000
2001-07-07T23:30:00,1,7,7,23,30,0.00000000,13.00000000,13.00000000,0.00000000
2001-07-07T23:40:00,1,7,7,23,40,0.00000000,13.23333333,13.23333333,0.00000000
2001-07-07T23:50:00,1,7,7,23,50,0.00000000,13.46666667,13.46666667,0.00000000
2001-07-08T00:00:00,1,7,8,0,0,0.00000000,13.70000000,13.70000000,0.00000000
2001-07-08T00:10:00,1,7,8,0,10,0.00000000,13.53333333,13.53333333,0.00000000
2001-07-08T00:20:00,1,7,8,0,20,0.00000000,13.36666667,13.36666667,0.00000000
2001-07-08T00:30:00,1,7,8,0,30,0.00000000,13.20000000,13.20000000,0.00000000
2001-07-08T00:40:00,1,7,8,0,40,0.00000000,13.03333333,13.03333333,0.00000000
2001-07-08T00:50:00,1,7,8,0,50,0.00000000,12.86666667,12.86666667,0.00000000
2001-07-08T01:00:00,1,7,8,1,0,0.00000000,12.70000000,12.70000000,0.00000000
2001-07-08T01:10:00,1,7,8,1,10,0.00000000,12.70000000,12.70000000,0.00000000
2001-07-08T01:20:00,1,7,8,1,20,0.00000000,12.70000000,12.70000000,0.00000000
2001-07-08T01:30:00,1,7,8,1,30,0.00000000,12.70000000,12.70000000,0.00000000
2001-07-08T01:40:00,1,7,8,1,40,0.00000000,12.70000000,12.70000000,0.00000000
2001-07-08T01:50:00,1,7,8,1,50,0.00000000,12.70000000,12.70000000,0.00000000
2001-07-08T02:00:00,1,7,8,2,0,0.00000000,12.70000000,12.70000000,0.00000000
2001-07-08T02:10:00,1,7,8,2,10,0.00000000,12.73333333,12.73333333,0.00000000
2001-07-08T02:20:00,1,7,8,2,20,0.00000000,12.76666667,12.76666667,0.00000000
2001-07-08T02:30:00,1,7,8,2,30,0.00000000,12.80000000,12.80000000,0.00000000
2001-07-08T02:40:00,1,7,8,2,40,0.00000000,12.83333333,12.83333333,0.00000000
2001-07-08T02:50:00,1,7,8,2,50,0.00000000,12.86666667,12.86666667,0.00000000
2001-07-08T03:00:00,1,7,8,3,0,0.00000000,12.90000000,12.90000000,0.00000000
2001-07-08T03:10:00,1,7,8,3,10,0.00000000,12.78333333,12.78333333,0.00000000
2001-07-08T03:20:00,1,7,8,3,20,0.00000000,12.66666667,12.66666667,0.00000000
2001-07-08T03:30:00,1,7,8,3,30,0.00000000,12.55000000,12.55000000,0.00000000
2001-07-08T03:40:00,1,7,8,3,40,0.00000000,12.43333333,12.43333333,0.00000000
2001-07-08T03:50:00,1,7,8,3,50,0.00000000,12.31666667,12.31666667,0.00000000
2001-07-08T04:00:00,1,7,8,4,0,0.00000000,12.20000000,12.20000000,0.00000000
2001-07-08T04:10:00,1,7,8,4,10,0.00000000,12.23333333,12.23333333,0.00000000
2001-07-08T04:20:00,1,7,8,4,20,0.00000000,12.26666667,12.26666667,0.00000000
2001-07-08T04:30:00,1,7,8,4,30,0.00000000,12.30000000,12.30000000,0.00000000
2001-07-08T04:40:00,1,7,8,4,40,0.00000000,12.33333333,12.33333333,0.00000000
2001-07-08T04:50:00,1,7,8,4,50,0.00000000,12.36666667,12.36666667,0.00000000
2001-07-08T05:00:00,1,7,8,5,0,0.00000000,12.40000000,12.40000000,0.00000000
2001-07-08T05:10:00,1,7,8,5,10,0.00000000,12.43333333,12.43333333,0.00000000
2001-07-08T05:20:00,1,7,8,5,20,0.00000000,12.46666667,12.46666667,0.00000000
2001-07-08T05:30:00,1,7,8,5,30,0.00000000,12.50000000,12.50000000,0.00000000
2001-07-08T05:40:00,1,7,8,5,40,0.00000000,12.53333333,12.53333333,0.00000000
2001-07-08T05:50:00,1,7,8,5,50,0.00000000,12.56666667,12.56666667,0.00000000
2001-07-08T06:00:00,1,7,8,6,0,0.00000000,12.60000000,12.60000000,0.00000000
2001-07-08T06:10:00,1,7,8,6,10,0.01416667,12.60000000,13.09583333,0.01494242
2001-07-08T06:20:00,1,7,8,6,20,0.02833333,12.60000000,13.59166667,0.02982022
2001-07-08T06:30:00,1,7,8,6,30,0.04250000,12.60000000,14.08750000,0.04463339
2001-07-08T06:40:00,1,7,8,6,40,0.05666667,12.60000000,14.58333333,0.05938194
2001-07-08T06:50:00,1,7,8,6,50,0.07083333,12.60000000,15.07916667,0.07406587
2001-07-08T07:00:00,1,7,8,7,0,0.08500000,12.60000000,15.57500000,0.08868518
2001-07-08T07:10:00,1,7,8,7,10,0.11933333,12.93333333,17.11000000,0.12366442
2001-07-08T07:20:00,1,7,8,7,20,0.15366667,13.26666667,18.64500000,0.15815880
2001-07-08T07:30:00,1,7,8,7,30,0.18800000,13.60000000,20.18000000,0.19216834
2001-07-08T07:40:00,1,7,8,7,40,0.22233333,13.93333333,21.71500000,0.22569301
2001-07-08T07:50:00,1,7,8,7,50,0.25666667,14.26666667,23.25000000,0.25873283
2001-07-08T08:00:00,1,7,8,8,0,0.29100000,14.60000000,24.78500000,0.29128780
2001-07-08T08:10:00,1,7,8,8,10,0.27766667,15.25000000,24.96833333,0.27770711
2001-07-08T08:20:00,1,7,8,8,20,0.26433333,15.90000000,25.15166667,0.26414892
2001-07-08T08:30:00,1,7,8,8,30,0.25100000,16.55000000,25.33500000,0.25061321
2001-07-08T08:40:00,1,7,8,8,40,0.23766667,17.20000000,25.51833333,0.23709999
2001-07-08T08:50:00,1,7,8,8,50,0.22433333,17.85000000,25.70166667,0.22360926
2001-07-08T09:00:00,1,7,8,9,0,0.21100000,18.50000000,25.88500000,0.21014102
2001-07-08T09:10:00,1,7,8,9,10,0.24183333,18.28333333,26.74750000,0.23988936
2001-07-08T09:20:00,1,7,8,9,20,0.27266667,18.06666667,27.61000000,0.26939303
2001-07-08T09:30:00,1,7,8,9,30,0.30350000,17.85000000,28.47250000,0.29865204
2001-07-08T09:40:00,1,7,8,9,40,0.33433333,17.63333333,29.33500000,0.32766639
2001-07-08T09:50:00,1,7,8,9,50,0.36516667,17.41666667,30.19750000,0.35643608
2001-07-08T10:00:00,1,7,8,10,0,0.39600000,17.20000000,31.06000000,0.38496110
2001-07-08T10:10:00,1,7,8,10,10,0.41366667,17.76666667,32.24500000,0.39988040
2001-07-08T10:20:00,1,7,8,10,20,0.43133333,18.33333333,33.43000000,0.41460709
2001-07-08T10:30:00,1,7,8,10,30,0.44900000,18.90000000,34.61500000,0.42914118
2001-07-08T10:40:00,1,7,8,10,40,0.46666667,19.46666667,35.80000000,0.44348267
2001-07-08T10:50:00,1,7,8,10,50,0.48433333,20.03333333,36.98500000,0.45763155
2001-07-08T11:00:00,1,7,8,11,0,0.50200000,20.60000000,38.17000000,0.47158784
2001-07-08T11:10:00,1,7,8,11,10,0.47666667,20.95000000,37.63333333,0.44896598
2001-07-08T11:20:00,1,7,8,11,20,0.45133333,21.30000000,37.09666667,0.42621904
2001-07-08T11:30:00,1,7,8,11,30,0.42600000,21.65000000,36.56000000,0.40334702
2001-07-08T11:40:00,1,7,8,11,40,0.40066667,22.00000000,36.02333333,0.38034993
2001-07-08T11:50:00,1,7,8,11,50,0.37533333,22.35000000,35.48666667,0.35722775
2001-07-08T12:00:00,1,7,8,12,0,0.35000000,22.70000000,34.95000000,0.33398050
2001-07-08T12:10:00,1,7,8,12,10,0.34766667,22.25000000,34.41833333,0.33260424
2001-07-08T12:20:00,1,7,8,12,20,0.34533333,21.80000000,33.88666667,0.33121657
2001-07-08T12:30:00,1,7,8,12,30,0.34300000,21.35000000,33.35500000,0.32981748
2001-07-08T12:40:00,1,7,8,12,40,0.34066667,20.90000000,32.82333333,0.32840698
2001-07-08T12:50:00,1,7,8,12,50,0.33833333,20.45000000,32.29166667,0.32698507
2001-07-08T13:00:00,1,7,8,13,0,0.33600000,20.00000000,31.76000000,0.32555174
2001-07-08T13:10:00,1,7,8,13,10,0.32650000,19.93333333,31.36083333,0.31694666
2001-07-08T13:20:00,1,7,8,13,20,0.31700000,19.86666667,30.96166667,0.30830670
2001-07-08T13:30:00,1,7,8,13,30,0.30750000,19.80000000,30.56250000,0.29963184
2001-07-08T13:40:00,1,7,8,13,40,0.29800000,19.73333333,30.16333333,0.29092210
2001-07-08T13:50:00,1,7,8,13,50,0.28850000,19.66666667,29.76416667,0.28217747
2001-07-08T14:00:00,1,7,8,14,0,0.27900000,19.60000000,29.36500000,0.27339796
2001-07-08T14:10:00,1,7,8,14,10,0.25033333,19.46666667,28.22833333,0.24661580
2001-07-08T14:20:00,1,7,8,14,20,0.22166667,19.33333333,27.09166667,0.21953386
2001-07-08T14:30:00,1,7,8,14,30,0.19300000,19.20000000,25.95500000,0.19215215
2001-07-08T14:40:00,1,7,8,14,40,0.16433333,19.06666667,24.81833333,0.16447066
2001-07-08T14:50:00,1,7,8,14,50,0.13566667,18.93333333,23.68166667,0.13648939
2001-07-08T15:00:00,1,7,8,15,0,0.10700000,18.80000000,22.54500000,0.10820835
2001-07-08T15:10:00,1,7,8,15,10,0.09766667,18.23333333,21.65166667,0.09917096
2001-07-08T15:20:00,1,7,8,15,20,0.08833333,17.66666667,20.75833333,0.09005686
2001-07-08T15:30:00,1,7,8,15,30,0.07900000,17.10000000,19.86500000,0.08086606
2001-07-08T15:40:00,1,7,8,15,40,0.06966667,16.53333333,18.97166667,0.07159855
2001-07-08T15:50:00,1,7,8,15,50,0.06033333,15.96666667,18.07833333,0.06225433
2001-07-08T16:00:00,1,7,8,16,0,0.05100000,15.40000000,17.18500000,0.05283340
2001-07-08T16:10:00,1,7,8,16,10,0.04300000,15.21666667,16.72166667,0.04463745
2001-07-08T16:20:00,1,7,8,16,20,0.03500000,15.03333333,16.25833333,0.03640741
2001-07-08T16:30:00,1,7,8,16,30,0.02700000,14.85000000,15.79500000,0.02814326
2001-07-08T16:40:00,1,7,8,16,40,0.01900000,14.66666667,15.33166667,0.01984501
2001-07-08T16:50:00,1,7,8,16,50,0.01100000,14.48333333,14.86833333,0.01151266
2001-07-08T17:00:00,1,7,8,17,0,0.00300000,14.30000000,14.40500000,0.00314621
2001-07-08T17:10:00,1,7,8,17,10,0.00250000,14.20000000,14.28750000,0.00262319
2001-07-08T17:20:00,1,7,8,17,20,0.00200000,14.10000000,14.17000000,0.00209964
2001-07-08T17:30:00,1,7,8,17,30,0.00150000,14.00000000,14.05250000,0.00157554
2001-07-08T17:40:00,1,7,8,17,40,0.00100000,13.90000000,13.93500000,0.00105090
2001-07-08T17:50:00,1,7,8,17,50,0.00050000,13.80000000,13.81750000,0.00052572
2001-07-08T18:00:00,1,7,8,18,0,0.00000000,13.70000000,13.70000000,0.00000000
2001-07-08T18:10:00,1,7,8,18,10,0.00000000,13.51666667,13.51666667,0.00000000
2001-07-08T18:20:00,1,7,8,18,20,0.00000000,13.33333333,13.33333333,0.00000000
2001-07-08T18:30:00,1,7,8,18,30,0.00000000,13.15000000,13.15000000,0.00000000
2001-07-08T18:40:00,1,7,8,18,40,0.00000000,12.96666667,12.96666667,0.00000000
2001-07-08T18:50:00,1,7,8,18,50,0.00000000,12.78333333,12.78333333,0.00000000
2001-07-08T19:00:00,1,7,8,19,0,0.00000000,12.60000000,12.60000000,0.00000000
2001-07-08T19:10:00,1,7,8,19,10,0.00000000,12.58333333,12.58333333,0.00000000
2001-07-08T19:20:00,1,7,8,19,20,0.00000000,12.56666667,12.56666667,0.00000000
2001-07-08T19:30:00,1,7,8,19,30,0.00000000,12.55000000,12.55000000,0.00000000
2001-07-08T19:40:00,1,7,8,19,40,0.00000000,12.53333333,12.53333333,0.00000000
2001-07-08T19:50:00,1,7,8,19,50,0.00000000,12.51666667,12.51666667,0.00000000
2001-07-08T20:00:00,1,7,8,20,0,0.00000000,12.50000000,12.50000000,0.00000000
2001-07-08T20:10:00,1,7,8,20,10,0.00000000,12.50000000,12.50000000,0.00000000
2001-07-08T20:20:00,1,7,8,20,20,0.00000000,12.50000000,12.50000000,0.00000000
2001-07-08T20:30:00,1,7,8,20,30,0.00000000,12.50000000,12.50000000,0.00000000
2001-07-08T20:40:00,1,7,8,20,40,0.00000000,12.50000000,12.50000000,0.00000000
2001-07-08T20:50:00,1,7,8,20,50,0.00000000,12.50000000,12.50000000,0.00000000
2001-07-08T21:00:00,1,7,8,21,0,0.00000000,12.50000000,12.50000000,0.00000000
2001-07-08T21:10:00,1,7,8,21,10,0.00000000,12.38333333,12.38333333,0.00000000
2001-07-08T21:20:00,1,7,8,21,20,0.00000000,12.26666667,12.26666667,0.00000000
2001-07-08T21:30:00,1,7,8,21,30,0.00000000,12.15000000,12.15000000,0.00000000
2001-07-08T21:40:00,1,7,8,21,40,0.00000000,12.03333333,12.03333333,0.00000000
2001-07-08T21:50:00,1,7,8,21,50,0.00000000,11.91666667,11.91666667,0.00000000
2001-07-08T22:00:00,1,7,8,22,0,0.00000000,11.80000000,11.80000000,0.00000000
2001-07-08T22:10:00,1,7,8,22,10,0.00000000,11.70000000,11.70000000,0.00000000
2001-07-08T22:20:00,1,7,8,22,20,0.00000000,11.60000000,11.60000000,0.00000000
2001-07-08T22:30:00,1,7,8,22,30,0.00000000,11.50000000,11.50000000,0.00000000
2001-07-08T22:40:00,1,7,8,22,40,0.00000000,11.40000000,11.40000000,0.00000000
2001-07-08T22:50:00,1,7,8,22,50,0.00000000,11.30000000,11.30000000,0.00000000
2001-07-08T23:00:00,1,7,8,23,0,0.00000000,11.20000000,11.20000000,0.00000000
2001-07-08T23:10:00,1,7,8,23,10,0.00000000,11.15000000,11.15000000,0.00000000
2001-07-08T23:20:00,1,7,8,23,20,0.00000000,11.10000000,11.10000000,0.00000000
2001-07-08T23:30:00,1,7,8,23,30,0.00000000,11.05000000,11.05000000,0.00000000
2001-07-08T23:40:00,1,7,8,23,40,0.00000000,11.00000000,11.00000000,0.00000000
2001-07-08T23:50:00,1,7,8,23,50,0.00000000,10.95000000,10.95000000,0.00000000
2001-07-09T00:00:00,1,7,9,0,0,0.00000000,10.90000000,10.90000000,0.00000000
2001-07-09T00:10:00,1,7,9,0,10,0.00000000,10.75000000,10.75000000,0.00000000
2001-07-09T00:20:00,1,7,9,0,20,0.00000000,10.60000000,10.60000000,0.00000000
2001-07-09T00:30:00,1,7,9,0,30,0.00000000,10.45000000,10.45000000,0.00000000
2001-07-09T00:40:00,1,7,9,0,40,0.00000000,10.30000000,10.30000000,0.00000000
2001-07-09T00:50:00,1,7,9,0,50,0.00000000,10.15000000,10.15000000,0.00000000
2001-07-09T01:00:00,1,7,9,1,0,0.00000000,10.00000000,10.00000000,0.00000000
2001-07-09T01:10:00,1,7,9,1,10,0.00000000,10.00000000,10.00000000,0.00000000
2001-07-09T01:20:00,1,7,9,1,20,0.00000000,10.00000000,10.00000000,0.00000000
2001-07-09T01:30:00,1,7,9,1,30,0.00000000,10.00000000,10.00000000,0.00000000
2001-07-09T01:40:00,1,7,9,1,40,0.00000000,10.00000000,10.00000000,0.00000000
2001-07-09T01:50:00,1,7,9,1,50,0.00000000,10.00000000,10.00000000,0.00000000
2001-07-09T02:00:00,1,7,9,2,0,0.00000000,10.00000000,10.00000000,0.00000000
2001-07-09T02:10:00,1,7,9,2,10,0.00000000,10.10000000,10.10000000,0.00000000
2001-07-09T02:20:00,1,7,9,2,20,0.00000000,10.20000000,10.20000000,0.00000000
2001-07-09T02:30:00,1,7,9,2,30,0.00000000,10.30000000,10.30000000,0.00000000
2001-07-09T02:40:00,1,7,9,2,40,0.00000000,10.40000000,10.40000000,0.00000000
2001-07-09T02:50:00,1,7,9,2,50,0.00000000,10.50000000,10.50000000,0.00000000
2001-07-09T03:00:00,1,7,9,3,0,0.00000000,10.60000000,10.60000000,0.00000000
2001-07-09T03:10:00,1,7,9,3,10,0.00000000,10.45000000,10.45000000,0.00000000
2001-07-09T03:20:00,1,7,9,3,20,0.00000000,10.30000000,10.30000000,0.00000000
2001-07-09T03:30:00,1,7,9,3,30,0.00000000,10.15000000,10.15000000,0.00000000
2001-07-09T03:40:00,1,7,9,3,40,0.00000000,10.00000000,10.00000000,0.00000000
2001-07-09T03:50:00,1,7,9,3,50,0.00000000,9.85000000,9.85000000,0.00000000
2001-07-09T04:00:00,1,7,9,4,0,0.00000000,9.70000000,9.70000000,0.00000000
2001-07-09T04:10:00,1,7,9,4,10,0.00000000,9.76666667,9.76666667,0.00000000
2001-07-09T04:20:00,1,7,9,4,20,0.00000000,9.83333333,9.83333333,0.00000000
2001-07-09T04:30:00,1,7,9,4,30,0.00000000,9.90000000,9.90000000,0.00000000
2001-07-09T04:40:00,1,7,9,4,40,0.00000000,9.96666667,9.96666667,0.00000000
2001-07-09T04:50:00,1,7,9,4,50,0.00000000,10.03333333,10.03333333,0.00000000
2001-07-09T05:00:00,1,7,9,5,0,0.00000000,10.10000000,10.10000000,0.00000000
2001-07-09T05:10:00,1,7,9,5,10,0.00050000,10.03333333,10.05083333,0.00053438
2001-07-09T05:20:00,1,7,9,5,20,0.00100000,9.96666667,10.00166667,0.00106899
2001-07-09T05:30:00,1,7,9,5,30,0.00150000,9.90000000,9.95250000,0.00160383
2001-07-09T05:40:00,1,7,9,5,40,0.00200000,9.83333333,9.90333333,0.00213889
2001-07-09T05:50:00,1,7,9,5,50,0.00250000,9.76666667,9.85416667,0.00267418
2001-07-09T06:00:00,1,7,9,6,0,0.00300000,9.70000000,9.80500000,0.00320969
2001-07-09T06:10:00,1,7,9,6,10,0.01716667,9.66666667,10.26750000,0.01833004
2001-07-09T06:20:00,1,7,9,6,20,0.03133333,9.63333333,10.73000000,0.03339012
2001-07-09T06:30:00,1,7,9,6,30,0.04550000,9.60000000,11.19250000,0.04838991
2001-07-09T06:40:00,1,7,9,6,40,0.05966667,9.56666667,11.65500000,0.06332942
2001-07-09T06:50:00,1,7,9,6,50,0.07383333,9.53333333,12.11750000,0.07820866
2001-07-09T07:00:00,1,7,9,7,0,0.08800000,9.50000000,12.58000000,0.09302762
2001-07-09T07:10:00,1,7,9,7,10,0.11850000,9.93333333,14.08083333,0.12445204
2001-07-09T07:20:00,1,7,9,7,20,0.14900000,10.36666667,15.58166667,0.15545533
2001-07-09T07:30:00,1,7,9,7,30,0.17950000,10.80000000,17.08250000,0.18603748
2001-07-09T07:40:00,1,7,9,7,40,0.21000000,11.23333333,18.58333333,0.21619850
2001-07-09T07:50:00,1,7,9,7,50,0.24050000,11.66666667,20.08416667,0.24593839
2001-07-09T08:00:00,1,7,9,8,0,0.27100000,12.10000000,21.58500000,0.27525714
2001-07-09T08:10:00,1,7,9,8,10,0.28300000,12.63333333,22.53833333,0.28620460
2001-07-09T08:20:00,1,7,9,8,20,0.29500000,13.16666667,23.49166667,0.29704681
2001-07-09T08:30:00,1,7,9,8,30,0.30700000,13.70000000,24.44500000,0.30778377
2001-07-09T08:40:00,1,7,9,8,40,0.31900000,14.23333333,25.39833333,0.31841549
2001-07-09T08:50:00,1,7,9,8,50,0.33100000,14.76666667,26.35166667,0.32894195
2001-07-09T09:00:00,1,7,9,9,0,0.34300000,15.30000000,27.30500000,0.33936317
2001-07-09T09:10:00,1,7,9,9,10,0.33533333,15.50000000,27.23666667,0.33188320
2001-07-09T09:20:00,1,7,9,9,20,0.32766667,15.70000000,27.16833333,0.32439841
2001-07-09T09:30:00,1,7,9,9,30,0.32000000,15.90000000,27.10000000,0.31690880
2001-07-09T09:40:00,1,7,9,9,40,0.31233333,16.10000000,27.03166667,0.30941437
2001-07-09T09:50:00,1,7,9,9,50,0.30466667,16.30000000,26.96333333,0.30191512
2001-07-09T10:00:00,1,7,9,10,0,0.29700000,16.50000000,26.89500000,0.29441105
2001-07-09T10:10:00,1,7,9,10,10,0.33166667,16.50000000,28.10833333,0.32692439
2001-07-09T10:20:00,1,7,9,10,20,0.36633333,16.50000000,29.32166667,0.35905075
2001-07-09T10:30:00,1,7,9,10,30,0.40100000,16.50000000,30.53500000,0.39079014
2001-07-09T10:40:00,1,7,9,10,40,0.43566667,16.50000000,31.74833333,0.42214256
2001-07-09T10:50:00,1,7,9,10,50,0.47033333,16.50000000,32.96166667,0.45310800
2001-07-09T11:00:00,1,7,9,11,0,0.50500000,16.50000000,34.17500000,0.48368648
2001-07-09T11:10:00,1,7,9,11,10,0.50666667,17.08333333,34.81666667,0.48378729
2001-07-09T11:20:00,1,7,9,11,20,0.50833333,17.66666667,35.45833333,0.48387826
2001-07-09T11:30:00,1,7,9,11,30,0.51000000,18.25000000,36.10000000,0.48395940
2001-07-09T11:40:00,1,7,9,11,40,0.51166667,18.83333333,36.74166667,0.48403070
2001-07-09T11:50:00,1,7,9,11,50,0.51333333,19.41666667,37.38333333,0.48409216
2001-07-09T12:00:00,1,7,9,12,0,0.51500000,20.00000000,38.02500000,0.48414378
2001-07-09T12:10:00,1,7,9,12,10,0.52350000,20.06666667,38.38916667,0.49125755
2001-07-09T12:20:00,1,7,9,12,20,0.53200000,20.13333333,38.75333333,0.49834284
2001-07-09T12:30:00,1,7,9,12,30,0.54050000,20.20000000,39.11750000,0.50539966
2001-07-09T12:40:00,1,7,9,12,40,0.54900000,20.26666667,39.48166667,0.51242800
2001-07-09T12:50:00,1,7,9,12,50,0.55750000,20.33333333,39.84583333,0.51942786
2001-07-09T13:00:00,1,7,9,13,0,0.56600000,20.40000000,40.21000000,0.52639924
2001-07-09T13:10:00,1,7,9,13,10,0.51766667,20.48333333,38.60166667,0.48527747
2001-07-09T13:20:00,1,7,9,13,20,0.46933333,20.56666667,36.99333333,0.44344053
2001-07-09T13:30:00,1,7,9,13,30,0.42100000,20.65000000,35.38500000,0.40088841
2001-07-09T13:40:00,1,7,9,13,40,0.37266667,20.73333333,33.77666667,0.35762112
2001-07-09T13:50:00,1,7,9,13,50,0.32433333,20.81666667,32.16833333,0.31363866
2001-07-09T14:00:00,1,7,9,14,0,0.27600000,20.90000000,30.56000000,0.26894102
2001-07-09T14:10:00,1,7,9,14,10,0.27150000,20.18333333,29.68583333,0.26564786
2001-07-09T14:20:00,1,7,9,14,20,0.26700000,19.46666667,28.81166667,0.26231851
2001-07-09T14:30:00,1,7,9,14,30,0.26250000,18.75000000,27.93750000,0.25895297
2001-07-09T14:40:00,1,7,9,14,40,0.25800000,18.03333333,27.06333333,0.25555124
2001-07-09T14:50:00,1,7,9,14,50,0.25350000,17.31666667,26.18916667,0.25211331
2001-07-09T15:00:00,1,7,9,15,0,0.24900000,16.60000000,25.31500000,0.24863920
2001-07-09T15:10:00,1,7,9,15,10,0.22016667,16.56666667,24.27250000,0.22090345
2001-07-09T15:20:00,1,7,9,15,20,0.19133333,16.53333333,23.23000000,0.19289117
2001-07-09T15:30:00,1,7,9,15,30,0.16250000,16.50000000,22.18750000,0.16460234
2001-07-09T15:40:00,1,7,9,15,40,0.13366667,16.46666667,21.14500000,0.13603698
2001-07-09T15:50:00,1,7,9,15,50,0.10483333,16.43333333,20.10250000,0.10719507
2001-07-09T16:00:00,1,7,9,16,0,0.07600000,16.40000000,19.06000000,0.07807662
2001-07-09T16:10:00,1,7,9,16,10,0.06416667,16.01666667,18.26250000,0.06615535
2001-07-09T16:20:00,1,7,9,16,20,0.05233333,15.63333333,17.46500000,0.05414726
2001-07-09T16:30:00,1,7,9,16,30,0.04050000,15.25000000,16.66750000,0.04205234
2001-07-09T16:40:00,1,7,9,16,40,0.02866667,14.86666667,15.87000000,0.02987061
2001-07-09T16:50:00,1,7,9,16,50,0.01683333,14.48333333,15.07250000,0.01760205
2001-07-09T17:00:00,1,7,9,17,0,0.00500000,14.10000000,14.27500000,0.00524667
2001-07-09T17:10:00,1,7,9,17,10,0.00416667,13.81666667,13.96250000,0.00437822
2001-07-09T17:20:00,1,7,9,17,20,0.00333333,13.53333333,13.65000000,0.00350737
2001-07-09T17:30:00,1,7,9,17,30,0.00250000,13.25000000,13.33750000,0.00263412
2001-07-09T17:40:00,1,7,9,17,40,0.00166667,12.96666667,13.02500000,0.00175848
2001-07-09T17:50:00,1,7,9,17,50,0.00083333,12.68333333,12.71250000,0.00088044
2001-07-09T18:00:00,1,7,9,18,0,0.00000000,12.40000000,12.40000000,0.00000000
2001-07-09T18:10:00,1,7,9,18,10,0.00000000,12.33333333,12.33333333,0.00000000
2001-07-09T18:20:00,1,7,9,18,20,0.00000000,12.26666667,12.26666667,0.00000000
2001-07-09T18:30:00,1,7,9,18,30,0.00000000,12.20000000,12.20000000,0.00000000
2001-07-09T18:40:00,1,7,9,18,40,0.00000000,12.13333333,12.13333333,0.00000000
2001-07-09T18:50:00,1,7,9,18,50,0.00000000,12.06666667,12.06666667,0.00000000
2001-07-09T19:00:00,1,7,9,19,0,0.00000000,12.00000000,12.00000000,0.00000000
2001-07-09T19:10:00,1,7,9,19,10,0.00000000,11.88333333,11.88333333,0.00000000
2001-07-09T19:20:00,1,7,9,19,20,0.00000000,11.76666667,11.76666667,0.00000000
2001-07-09T19:30:00,1,7,9,19,30,0.00000000,11.65000000,11.65000000,0.00000000
2001-07-09T19:40:00,1,7,9,19,40,0.00000000,11.53333333,11.53333333,0.00000000
2001-07-09T19:50:00,1,7,9,19,50,0.00000000,11.41666667,11.41666667,0.00000000
2001-07-09T20:00:00,1,7,9,20,0,0.00000000,11.30000000,11.30000000,0.00000000
2001-07-09T20:10:00,1,7,9,20,10,0.00000000,11.16666667,11.16666667,0.00000000
2001-07-09T20:20:00,1,7,9,20,20,0.00000000,11.03333333,11.03333333,0.00000000
2001-07-09T20:30:00,1,7,9,20,30,0.00000000,10.90000000,10.90000000,0.00000000
2001-07-09T20:40:00,1,7,9,20,40,0.00000000,10.76666667,10.76666667,0.00000000
2001-07-09T20:50:00,1,7,9,20,50,0.00000000,10.63333333,10.63333333,0.00000000
2001-07-09T21:00:00,1,7,9,21,0,0.00000000,10.50000000,10.50000000,0.00000000
2001-07-09T21:10:00,1,7,9,21,10,0.00000000,10.53333333,10.53333333,0.00000000
2001-07-09T21:20:00,1,7,9,21,20,0.00000000,10.56666667,10.56666667,0.00000000
2001-07-09T21:30:00,1,7,9,21,30,0.00000000,10.60000000,10.60000000,0.00000000
2001-07-09T21:40:00,1,7,9,21,40,0.00000000,10.63333333,10.63333333,0.00000000
2001-07-09T21:50:00,1,7,9,21,50,0.00000000,10.66666667,10.66666667,0.00000000
2001-07-09T22:00:00,1,7,9,22,0,0.00000000,10.70000000,10.70000000,0.00000000
2001-07-09T22:10:00,1,7,9,22,10,0.00000000,10.61666667,10.61666667,0.00000000
2001-07-09T22:20:00,1,7,9,22,20,0.00000000,10.53333333,10.53333333,0.00000000
2001-07-09T22:30:00,1,7,9,22,30,0.00000000,10.45000000,10.45000000,0.00000000
2001-07-09T22:40:00,1,7,9,22,40,0.00000000,10.36666667,10.36666667,0.00000000
2001-07-09T22:50:00,1,7,9,22,50,0.00000000,10.28333333,10.28333333,0.00000000
2001-07-09T23:00:00,1,7,9,23,0,0.00000000,10.20000000,10.20000000,0.00000000
2001-07-09T23:10:00,1,7,9,23,10,0.00000000,10.25000000,10.25000000,0.00000000
2001-07-09T23:20:00,1,7,9,23,20,0.00000000,10.30000000,10.30000000,0.00000000
2001-07-09T23:30:00,1,7,9,23,30,0.00000000,10.35000000,10.35000000,0.00000000
2001-07-09T23:40:00,1,7,9,23,40,0.00000000,10.40000000,10.40000000,0.00000000
2001-07-09T23:50:00,1,7,9,23,50,0.00000000,10.45000000,10.45000000,0.00000000
2001-07-10T00:00:00,1,7,10,0,0,0.00000000,10.50000000,10.50000000,0.00000000
2001-07-10T00:10:00,1,7,10,0,10,0.00000000,10.55000000,10.55000000,0.00000000
2001-07-10T00:20:00,1,7,10,0,20,0.00000000,10.60000000,10.60000000,0.00000000
2001-07-10T00:30:00,1,7,10,0,30,0.00000000,10.65000000,10.65000000,0.00000000
2001-07-10T00:40:00,1,7,10,0,40,0.00000000,10.70000000,10.70000000,0.00000000
2001-07-10T00:50:00,1,7,10,0,50,0.00000000,10.75000000,10.75000000,0.00000000
2001-07-10T01:00:00,1,7,10,1,0,0.00000000,10.80000000,10.80000000,0.00000000
2001-07-10T01:10:00,1,7,10,1,10,0.00000000,10.76666667,10.76666667,0.00000000
2001-07-10T01:20:00,1,7,10,1,20,0.00000000,10.73333333,10.73333333,0.00000000
2001-07-10T01:30:00,1,7,10,1,30,0.00000000,10.70000000,10.70000000,0.00000000
2001-07-10T01:40:00,1,7,10,1,40,0.00000000,10.66666667,10.66666667,0.00000000
2001-07-10T01:50:00,1,7,10,1,50,0.00000000,10.63333333,10.63333333,0.00000000
2001-07-10T02:00:00,1,7,10,2,0,0.00000000,10.60000000,10.60000000,0.00000000
2001-07-10T02:10:00,1,7,10,2,10,0.00000000,10.61666667,10.61666667,0.00000000
2001-07-10T02:20:00,1,7,10,2,20,0.00000000,10.63333333,10.63333333,0.00000000
2001-07-10T02:30:00,1,7,10,2,30,0.00000000,10.65000000,10.65000000,0.00000000
2001-07-10T02:40:00,1,7,10,2,40,0.00000000,10.66666667,10.66666667,0.00000000
2001-07-10T02:50:00,1,7,10,2,50,0.00000000,10.68333333,10.68333333,0.00000000
2001-07-10T03:00:00,1,7,10,3,0,0.00000000,10.70000000,10.70000000,0.00000000
2001-07-10T03:10:00,1,7,10,3,10,0.00000000,10.71666667,10.71666667,0.00000000
2001-07-10T03:20:00,1,7,10,3,20,0.00000000,10.73333333,10.73333333,0.00000000
2001-07-10T03:30:00,1,7,10,3,30,0.00000000,10.75000000,10.75000000,0.00000000
2001-07-10T03:40:00,1,7,10,3,40,0.00000000,10.76666667,10.76666667,0.00000000
2001-07-10T03:50:00,1,7,10,3,50,0.00000000,10.78333333,10.78333333,0.00000000
2001-07-10T04:00:00,1,7,10,4,0,0.00000000,10.80000000,10.80000000,0.00000000
2001-07-10T04:10:00,1,7,10,4,10,0.00000000,10.81666667,10.81666667,0.00000000
2001-07-10T04:20:00,1,7,10,4,20,0.00000000,10.83333333,10.83333333,0.00000000
2001-07-10T04:30:00,1,7,10,4,30,0.00000000,10.85000000,10.85000000,0.00000000
2001-07-10T04:40:00,1,7,10,4,40,0.00000000,10.86666667,10.86666667,0.00000000
2001-07-10T04:50:00,1,7,10,4,50,0.00000000,10.88333333,10.88333333,0.00000000
2001-07-10T05:00:00,1,7,10,5,0,0.00000000,10.90000000,10.90000000,0.00000000
2001-07-10T05:10:00,1,7,10,5,10,0.00033333,10.88333333,10.89500000,0.00035496
2001-07-10T05:20:00,1,7,10,5,20,0.00066667,10.86666667,10.89000000,0.00070994
2001-07-10T05:30:00,1,7,10,5,30,0.00100000,10.85000000,10.88500000,0.00106493
2001-07-10T05:40:00,1,7,10,5,40,0.00133333,10.83333333,10.88000000,0.00141994
2001-07-10T05:50:00,1,7,10,5,50,0.00166667,10.81666667,10.87500000,0.00177496
2001-07-10T06:00:00,1,7,10,6,0,0.00200000,10.80000000,10.87000000,0.00213000
2001-07-10T06:10:00,1,7,10,6,10,0.01950000,10.85000000,11.53250000,0.02070803
2001-07-10T06:20:00,1,7,10,6,20,0.03700000,10.90000000,12.19500000,0.03917941
2001-07-10T06:30:00,1,7,10,6,30,0.05450000,10.95000000,12.85750000,0.05754412
2001-07-10T06:40:00,1,7,10,6,40,0.07200000,11.00000000,13.52000000,0.07580218
2001-07-10T06:50:00,1,7,10,6,50,0.08950000,11.05000000,14.18250000,0.09395356
2001-07-10T07:00:00,1,7,10,7,0,0.10700000,11.10000000,14.84500000,0.11199829
2001-07-10T07:10:00,1,7,10,7,10,0.12983333,11.40000000,15.94416667,0.13524178
2001-07-10T07:20:00,1,7,10,7,20,0.15266667,11.70000000,17.04333333,0.15825437
2001-07-10T07:30:00,1,7,10,7,30,0.17550000,12.00000000,18.14250000,0.18103606
2001-07-10T07:40:00,1,7,10,7,40,0.19833333,12.30000000,19.24166667,0.20358685
2001-07-10T07:50:00,1,7,10,7,50,0.22116667,12.60000000,20.34083333,0.22590675
2001-07-10T08:00:00,1,7,10,8,0,0.24400000,12.90000000,21.44000000,0.24799574
2001-07-10T08:10:00,1,7,10,8,10,0.27000000,12.96666667,22.41666667,0.27320850
2001-07-10T08:20:00,1,7,10,8,20,0.29600000,13.03333333,23.39333333,0.29818764
2001-07-10T08:30:00,1,7,10,8,30,0.32200000,13.10000000,24.37000000,0.32293316
2001-07-10T08:40:00,1,7,10,8,40,0.34800000,13.16666667,25.34666667,0.34744506
2001-07-10T08:50:00,1,7,10,8,50,0.37400000,13.23333333,26.32333333,0.37172334
2001-07-10T09:00:00,1,7,10,9,0,0.40000000,13.30000000,27.30000000,0.39576800
2001-07-10T09:10:00,1,7,10,9,10,0.35633333,13.48333333,25.95500000,0.35476796
2001-07-10T09:20:00,1,7,10,9,20,0.31266667,13.66666667,24.61000000,0.31322759
2001-07-10T09:30:00,1,7,10,9,30,0.26900000,13.85000000,23.26500000,0.27114689
2001-07-10T09:40:00,1,7,10,9,40,0.22533333,14.03333333,21.92000000,0.22852586
2001-07-10T09:50:00,1,7,10,9,50,0.18166667,14.21666667,20.57500000,0.18536449
2001-07-10T10:00:00,1,7,10,10,0,0.13800000,14.40000000,19.23000000,0.14166280
2001-07-10T10:10:00,1,7,10,10,10,0.17516667,14.36666667,20.49750000,0.17879463
2001-07-10T10:20:00,1,7,10,10,20,0.21233333,14.33333333,21.76500000,0.21549307
2001-07-10T10:30:00,1,7,10,10,30,0.24950000,14.30000000,23.03250000,0.25175810
2001-07-10T10:40:00,1,7,10,10,40,0.28666667,14.26666667,24.30000000,0.28758973
2001-07-10T10:50:00,1,7,10,10,50,0.32383333,14.23333333,25.56750000,0.32298797
2001-07-10T11:00:00,1,7,10,11,0,0.36100000,14.20000000,26.83500000,0.35795280
2001-07-10T11:10:00,1,7,10,11,10,0.39283333,14.46666667,28.21583333,0.38702222
2001-07-10T11:20:00,1,7,10,11,20,0.42466667,14.73333333,29.59666667,0.41568723
2001-07-10T11:30:00,1,7,10,11,30,0.45650000,15.00000000,30.97750000,0.44394785
2001-07-10T11:40:00,1,7,10,11,40,0.48833333,15.26666667,32.35833333,0.47180406
2001-07-10T11:50:00,1,7,10,11,50,0.52016667,15.53333333,33.73916667,0.49925588
2001-07-10T12:00:00,1,7,10,12,0,0.55200000,15.80000000,35.12000000,0.52630330
2001-07-10T12:10:00,1,7,10,12,10,0.50833333,15.98333333,33.77500000,0.48781446
2001-07-10T12:20:00,1,7,10,12,20,0.46466667,16.16666667,32.43000000,0.44878529
2001-07-10T12:30:00,1,7,10,12,30,0.42100000,16.35000000,31.08500000,0.40921579
2001-07-10T12:40:00,1,7,10,12,40,0.37733333,16.53333333,29.74000000,0.36910596
2001-07-10T12:50:00,1,7,10,12,50,0.33366667,16.71666667,28.39500000,0.32845579
2001-07-10T13:00:00,1,7,10,13,0,0.29000000,16.90000000,27.05000000,0.28726530
2001-07-10T13:10:00,1,7,10,13,10,0.25666667,16.71666667,25.70000000,0.25584020
2001-07-10T13:20:00,1,7,10,13,20,0.22333333,16.53333333,24.35000000,0.22400110
2001-07-10T13:30:00,1,7,10,13,30,0.19000000,16.35000000,23.00000000,0.19174800
2001-07-10T13:40:00,1,7,10,13,40,0.15666667,16.16666667,21.65000000,0.15908090
2001-07-10T13:50:00,1,7,10,13,50,0.12333333,15.98333333,20.30000000,0.12599980
2001-07-10T14:00:00,1,7,10,14,0,0.09000000,15.80000000,18.95000000,0.09250470
2001-07-10T14:10:00,1,7,10,14,10,0.10900000,15.68333333,19.49833333,0.11175854
2001-07-10T14:20:00,1,7,10,14,20,0.12800000,15.56666667,20.04666667,0.13091652
2001-07-10T14:30:00,1,7,10,14,30,0.14700000,15.45000000,20.59500000,0.14997866
2001-07-10T14:40:00,1,7,10,14,40,0.16600000,15.33333333,21.14333333,0.16894495
2001-07-10T14:50:00,1,7,10,14,50,0.18500000,15.21666667,21.69166667,0.18781539
2001-07-10T15:00:00,1,7,10,15,0,0.20400000,15.10000000,22.24000000,0.20658998
2001-07-10T15:10:00,1,7,10,15,10,0.17400000,15.21666667,21.30666667,0.17695614
2001-07-10T15:20:00,1,7,10,15,20,0.14400000,15.33333333,20.37333333,0.14706470
2001-07-10T15:30:00,1,7,10,15,30,0.11400000,15.45000000,19.44000000,0.11691566
2001-07-10T15:40:00,1,7,10,15,40,0.08400000,15.56666667,18.50666667,0.08650902
2001-07-10T15:50:00,1,7,10,15,50,0.05400000,15.68333333,17.57333333,0.05584478
2001-07-10T16:00:00,1,7,10,16,0,0.02400000,15.80000000,16.64000000,0.02492294
2001-07-10T16:10:00,1,7,10,16,10,0.02050000,15.63333333,16.35083333,0.02131562
2001-07-10T16:20:00,1,7,10,16,20,0.01700000,15.46666667,16.06166667,0.01769898
2001-07-10T16:30:00,1,7,10,16,30,0.01350000,15.30000000,15.77250000,0.01407303
2001-07-10T16:40:00,1,7,10,16,40,0.01000000,15.13333333,15.48333333,0.01043777
2001-07-10T16:50:00,1,7,10,16,50,0.00650000,14.96666667,15.19416667,0.00679319
2001-07-10T17:00:00,1,7,10,17,0,0.00300000,14.80000000,14.90500000,0.00313931
2001-07-10T17:10:00,1,7,10,17,10,0.00250000,14.85000000,14.93750000,0.00261572
2001-07-10T17:20:00,1,7,10,17,20,0.00200000,14.90000000,14.97000000,0.00209228
2001-07-10T17:30:00,1,7,10,17,30,0.00150000,14.95000000,15.00250000,0.00156898
2001-07-10T17:40:00,1,7,10,17,40,0.00100000,15.00000000,15.03500000,0.00104584
2001-07-10T17:50:00,1,7,10,17,50,0.00050000,15.05000000,15.06750000,0.00052284
2001-07-10T18:00:00,1,7,10,18,0,0.00000000,15.10000000,15.10000000,0.00000000
2001-07-10T18:10:00,1,7,10,18,10,0.00000000,14.96666667,14.96666667,0.00000000
2001-07-10T18:20:00,1,7,10,18,20,0.00000000,14.83333333,14.83333333,0.00000000
2001-07-10T18:30:00,1,7,10,18,30,0.00000000,14.70000000,14.70000000,0.00000000
2001-07-10T18:40:00,1,7,10,18,40,0.00000000,14.56666667,14.56666667,0.00000000
2001-07-10T18:50:00,1,7,10,18,50,0.00000000,14.43333333,14.43333333,0.00000000
2001-07-10T19:00:00,1,7,10,19,0,0.00000000,14.30000000,14.30000000,0.00000000
2001-07-10T19:10:00,1,7,10,19,10,0.00000000,14.26666667,14.26666667,0.00000000
2001-07-10T19:20:00,1,7,10,19,20,0.00000000,14.23333333,14.23333333,0.00000000
2001-07-10T19:30:00,1,7,10,19,30,0.00000000,14.20000000,14.20000000,0.00000000
2001-07-10T19:40:00,1,7,10,19,40,0.00000000,14.16666667,14.16666667,0.00000000
2001-07-10T19:50:00,1,7,10,19,50,0.00000000,14.13333333,14.13333333,0.00000000
2001-07-10T20:00:00,1,7,10,20,0,0.00000000,14.10000000,14.10000000,0.00000000
2001-07-10T20:10:00,1,7,10,20,10,0.00000000,14.06666667,14.06666667,0.00000000
2001-07-10T20:20:00,1,7,10,20,20,0.00000000,14.03333333,14.03333333,0.00000000
2001-07-10T20:30:00,1,7,10,20,30,0.00000000,14.00000000,14.00000000,0.00000000
2001-07-10T20:40:00,1,7,10,20,40,0.00000000,13.96666667,13.96666667,0.00000000
2001-07-10T20:50:00,1,7,10,20,50,0.00000000,13.93333333,13.93333333,0.00000000
2001-07-10T21:00:00,1,7,10,21,0,0.00000000,13.90000000,13.90000000,0.00000000
2001-07-10T21:10:00,1,7,10,21,10,0.00000000,13.85000000,13.85000000,0.00000000
2001-07-10T21:20:00,1,7,10,21,20,0.00000000,13.80000000,13.80000000,0.00000000
2001-07-10T21:30:00,1,7,10,21,30,0.00000000,13.75000000,13.75000000,0.00000000
2001-07-10T21:40:00,1,7,10,21,40,0.00000000,13.70000000,13.70000000,0.00000000
2001-07-10T21:50:00,1,7,10,21,50,0.00000000,13.65000000,13.65000000,0.00000000
2001-07-10T22:00:00,1,7,10,22,0,0.00000000,13.60000000,13.60000000,0.00000000
2001-07-10T22:10:00,1,7,10,22,10,0.00000000,13.51666667,13.51666667,0.00000000
2001-07-10T22:20:00,1,7,10,22,20,0.00000000,13.43333333,13.43333333,0.00000000
2001-07-10T22:30:00,1,7,10,22,30,0.00000000,13.35000000,13.35000000,0.00000000
2001-07-10T22:40:00,1,7,10,22,40,0.00000000,13.26666667,13.26666667,0.00000000
2001-07-10T22:50:00,1,7,10,22,50,0.00000000,13.18333333,13.18333333,0.00000000
2001-07-10T23:00:00,1,7,10,23,0,0.00000000,13.10000000,13.10000000,0.00000000
2001-07-10T23:10:00,1,7,10,23,10,0.00000000,12.98333333,12.98333333,0.00000000
2001-07-10T23:20:00,1,7,10,23,20,0.00000000,12.86666667,12.86666667,0.00000000
2001-07-10T23:30:00,1,7,10,23,30,0.00000000,12.75000000,12.75000000,0.00000000
2001-07-10T23:40:00,1,7,10,23,40,0.00000000,12.63333333,12.63333333,0.00000000
2001-07-10T23:50:00,1,7,10,23,50,0.00000000,12.51666667,12.51666667,0.00000000
2001-07-11T00:00:00,1,7,11,0,0,0.00000000,12.40000000,12.40000000,0.00000000
2001-07-11T00:10:00,1,7,11,0,10,0.00000000,12.28333333,12.28333333,0.00000000
2001-07-11T00:20:00,1,7,11,0,20,0.00000000,12.16666667,12.16666667,0.00000000
2001-07-11T00:30:00,1,7,11,0,30,0.00000000,12.05000000,12.05000000,0.00000000
2001-07-11T00:40:00,1,7,11,0,40,0.00000000,11.93333333,11.93333333,0.00000000
2001-07-11T00:50:00,1,7,11,0,50,0.00000000,11.81666667,11.81666667,0.00000000
2001-07-11T01:00:00,1,7,11,1,0,0.00000000,11.70000000,11.70000000,0.00000000
2001-07-11T01:10:00,1,7,11,1,10,0.00000000,11.76666667,11.76666667,0.00000000
2001-07-11T01:20:00,1,7,11,1,20,0.00000000,11.83333333,11.83333333,0.00000000
2001-07-11T01:30:00,1,7,11,1,30,0.00000000,11.90000000,11.90000000,0.00000000
2001-07-11T01:40:00,1,7,11,1,40,0.00000000,11.96666667,11.96666667,0.00000000
2001-07-11T01:50:00,1,7,11,1,50,0.00000000,12.03333333,12.03333333,0.00000000
2001-07-11T02:00:00,1,7,11,2,0,0.00000000,12.10000000,12.10000000,0.00000000
2001-07-11T02:10:00,1,7,11,2,10,0.00000000,11.98333333,11.98333333,0.00000000
2001-07-11T02:20:00,1,7,11,2,20,0.00000000,11.86666667,11.86666667,0.00000000
2001-07-11T02:30:00,1,7,11,2,30,0.00000000,11.75000000,11.75000000,0.00000000
2001-07-11T02:40:00,1,7,11,2,40,0.00000000,11.63333333,11.63333333,0.00000000
2001-07-11T02:50:00,1,7,11,2,50,0.00000000,11.51666667,11.51666667,0.00000000
2001-07-11T03:00:00,1,7,11,3,0,0.00000000,11.40000000,11.40000000,0.00000000
2001-07-11T03:10:00,1,7,11,3,10,0.00000000,11.31666667,11.31666667,0.00000000
2001-07-11T03:20:00,1,7,11,3,20,0.00000000,11.23333333,11.23333333,0.00000000
2001-07-11T03:30:00,1,7,11,3,30,0.00000000,11.15000000,11.15000000,0.00000000
2001-07-11T03:40:00,1,7,11,3,40,0.00000000,11.06666667,11.06666667,0.00000000
2001-07-11T03:50:00,1,7,11,3,50,0.00000000,10.98333333,10.98333333,0.00000000
2001-07-11T04:00:00,1,7,11,4,0,0.00000000,10.90000000,10.90000000,0.00000000
2001-07-11T04:10:00,1,7,11,4,10,0.00000000,10.93333333,10.93333333,0.00000000
2001-07-11T04:20:00,1,7,11,4,20,0.00000000,10.96666667,10.96666667,0.00000000
2001-07-11T04:30:00,1,7,11,4,30,0.00000000,11.00000000,11.00000000,0.00000000
2001-07-11T04:40:00,1,7,11,4,40,0.00000000,11.03333333,11.03333333,0.00000000
2001-07-11T04:50:00,1,7,11,4,50,0.00000000,11.06666667,11.06666667,0.00000000
2001-07-11T05:00:00,1,7,11,5,0,0.00000000,11.10000000,11.10000000,0.00000000
2001-07-11T05:10:00,1,7,11,5,10,0.00066667,11.10000000,11.12333333,0.00070922
2001-07-11T05:20:00,1,7,11,5,20,0.00133333,11.10000000,11.14666667,0.00141830
2001-07-11T05:30:00,1,7,11,5,30,0.00200000,11.10000000,11.17000000,0.00212724
2001-07-11T05:40:00,1,7,11,5,40,0.00266667,11.10000000,11.19333333,0.00283603
2001-07-11T05:50:00,1,7,11,5,50,0.00333333,11.10000000,11.21666667,0.00354468
2001-07-11T06:00:00,1,7,11,6,0,0.00400000,11.10000000,11.24000000,0.00425318
2001-07-11T06:10:00,1,7,11,6,10,0.02316667,11.16666667,11.97750000,0.02455443
2001-07-11T06:20:00,1,7,11,6,20,0.04233333,11.23333333,12.71500000,0.04472563
2001-07-11T06:30:00,1,7,11,6,30,0.06150000,11.30000000,13.45250000,0.06476679
2001-07-11T06:40:00,1,7,11,6,40,0.08066667,11.36666667,14.19000000,0.08467790
2001-07-11T06:50:00,1,7,11,6,50,0.09983333,11.43333333,14.92750000,0.10445896
2001-07-11T07:00:00,1,7,11,7,0,0.11900000,11.50000000,15.66500000,0.12410998
2001-07-11T07:10:00,1,7,11,7,10,0.14150000,11.95000000,16.90250000,0.14677066
2001-07-11T07:20:00,1,7,11,7,20,0.16400000,12.40000000,18.14000000,0.16917518
2001-07-11T07:30:00,1,7,11,7,30,0.18650000,12.85000000,19.37750000,0.19132354
2001-07-11T07:40:00,1,7,11,7,40,0.20900000,13.30000000,20.61500000,0.21321574
2001-07-11T07:50:00,1,7,11,7,50,0.23150000,13.75000000,21.85250000,0.23485177
2001-07-11T08:00:00,1,7,11,8,0,0.25400000,14.20000000,23.09000000,0.25623164
2001-07-11T08:10:00,1,7,11,8,10,0.29016667,14.71666667,24.87250000,0.29033685
2001-07-11T08:20:00,1,7,11,8,20,0.32633333,15.23333333,26.65500000,0.32384896
2001-07-11T08:30:00,1,7,11,8,30,0.36250000,15.75000000,28.43750000,0.35676797
2001-07-11T08:40:00,1,7,11,8,40,0.39866667,16.26666667,30.22000000,0.38909388
2001-07-11T08:50:00,1,7,11,8,50,0.43483333,16.78333333,32.00250000,0.42082670
2001-07-11T09:00:00,1,7,11,9,0,0.47100000,17.30000000,33.78500000,0.45196642
2001-07-11T09:10:00,1,7,11,9,10,0.49866667,18.00000000,35.45333333,0.47468811
2001-07-11T09:20:00,1,7,11,9,20,0.52633333,18.70000000,37.12166667,0.49698516
2001-07-11T09:30:00,1,7,11,9,30,0.55400000,19.40000000,38.79000000,0.51885756
2001-07-11T09:40:00,1,7,11,9,40,0.58166667,20.10000000,40.45833333,0.54030532
2001-07-11T09:50:00,1,7,11,9,50,0.60933333,20.80000000,42.12666667,0.56132843
2001-07-11T10:00:00,1,7,11,10,0,0.63700000,21.50000000,43.79500000,0.58192689
2001-07-11T10:10:00,1,7,11,10,10,0.62633333,21.96666667,43.88833333,0.57191353
2001-07-11T10:20:00,1,7,11,10,20,0.61566667,22.43333333,43.98166667,0.56190932
2001-07-11T10:30:00,1,7,11,10,30,0.60500000,22.90000000,44.07500000,0.55191428
2001-07-11T10:40:00,1,7,11,10,40,0.59433333,23.36666667,44.16833333,0.54192839
2001-07-11T10:50:00,1,7,11,10,50,0.58366667,23.83333333,44.26166667,0.53195166
2001-07-11T11:00:00,1,7,11,11,0,0.57300000,24.30000000,44.35500000,0.52198409
2001-07-11T11:10:00,1,7,11,11,10,0.59450000,24.26666667,45.07416667,0.53960318
2001-07-11T11:20:00,1,7,11,11,20,0.61600000,24.23333333,45.79333333,0.55708001
2001-07-11T11:30:00,1,7,11,11,30,0.63750000,24.20000000,46.51250000,0.57441459
2001-07-11T11:40:00,1,7,11,11,40,0.65900000,24.16666667,47.23166667,0.59160693
2001-07-11T11:50:00,1,7,11,11,50,0.68050000,24.13333333,47.95083333,0.60865701
2001-07-11T12:00:00,1,7,11,12,0,0.70200000,24.10000000,48.67000000,0.62556484
2001-07-11T12:10:00,1,7,11,12,10,0.68316667,24.51666667,48.42750000,0.60954419
2001-07-11T12:20:00,1,7,11,12,20,0.66433333,24.93333333,48.18500000,0.59348152
2001-07-11T12:30:00,1,7,11,12,30,0.64550000,25.35000000,47.94250000,0.57737683
2001-07-11T12:40:00,1,7,11,12,40,0.62666667,25.76666667,47.70000000,0.56123013
2001-07-11T12:50:00,1,7,11,12,50,0.60783333,26.18333333,47.45750000,0.54504141
2001-07-11T13:00:00,1,7,11,13,0,0.58900000,26.60000000,47.21500000,0.52881068
2001-07-11T13:10:00,1,7,11,13,10,0.57300000,26.30000000,46.35500000,0.51671249
2001-07-11T13:20:00,1,7,11,13,20,0.55700000,26.00000000,45.49500000,0.50448771
2001-07-11T13:30:00,1,7,11,13,30,0.54100000,25.70000000,44.63500000,0.49213634
2001-07-11T13:40:00,1,7,11,13,40,0.52500000,25.40000000,43.77500000,0.47965838
2001-07-11T13:50:00,1,7,11,13,50,0.50900000,25.10000000,42.91500000,0.46705382
2001-07-11T14:00:00,1,7,11,14,0,0.49300000,24.80000000,42.05500000,0.45432267
2001-07-11T14:10:00,1,7,11,14,10,0.45750000,24.56666667,40.57916667,0.42471364
2001-07-11T14:20:00,1,7,11,14,20,0.42200000,24.33333333,39.10333333,0.39462261
2001-07-11T14:30:00,1,7,11,14,30,0.38650000,24.10000000,37.62750000,0.36404957
2001-07-11T14:40:00,1,7,11,14,40,0.35100000,23.86666667,36.15166667,0.33299452
2001-07-11T14:50:00,1,7,11,14,50,0.31550000,23.63333333,34.67583333,0.30145746
2001-07-11T15:00:00,1,7,11,15,0,0.28000000,23.40000000,33.20000000,0.26943840
2001-07-11T15:10:00,1,7,11,15,10,0.25450000,22.83333333,31.74083333,0.24660851
2001-07-11T15:20:00,1,7,11,15,20,0.22900000,22.26666667,30.28166667,0.22343629
2001-07-11T15:30:00,1,7,11,15,30,0.20350000,21.70000000,28.82250000,0.19992176
2001-07-11T15:40:00,1,7,11,15,40,0.17800000,21.13333333,27.36333333,0.17606490
2001-07-11T15:50:00,1,7,11,15,50,0.15250000,20.56666667,25.90416667,0.15186573
2001-07-11T16:00:00,1,7,11,16,0,0.12700000,20.00000000,24.44500000,0.12732423
2001-07-11T16:10:00,1,7,11,16,10,0.10683333,19.53333333,23.27250000,0.10768228
2001-07-11T16:20:00,1,7,11,16,20,0.08666667,19.06666667,22.10000000,0.08782280
2001-07-11T16:30:00,1,7,11,16,30,0.06650000,18.60000000,20.92750000,0.06774578
2001-07-11T16:40:00,1,7,11,16,40,0.04633333,18.13333333,19.75500000,0.04745122
2001-07-11T16:50:00,1,7,11,16,50,0.02616667,17.66666667,18.58250000,0.02693912
2001-07-11T17:00:00,1,7,11,17,0,0.00600000,17.20000000,17.41000000,0.00620948
2001-07-11T17:10:00,1,7,11,17,10,0.00500000,16.80000000,16.97500000,0.00518458
2001-07-11T17:20:00,1,7,11,17,20,0.00400000,16.40000000,16.54000000,0.00415566
2001-07-11T17:30:00,1,7,11,17,30,0.00300000,16.00000000,16.10500000,0.00312275
2001-07-11T17:40:00,1,7,11,17,40,0.00200000,15.60000000,15.67000000,0.00208584
2001-07-11T17:50:00,1,7,11,17,50,0.00100000,15.20000000,15.23500000,0.00104492
2001-07-11T18:00:00,1,7,11,18,0,0.00000000,14.80000000,14.80000000,0.00000000
2001-07-11T18:10:00,1,7,11,18,10,0.00000000,14.65000000,14.65000000,0.00000000
2001-07-11T18:20:00,1,7,11,18,20,0.00000000,14.50000000,14.50000000,0.00000000
2001-07-11T18:30:00,1,7,11,18,30,0.00000000,14.35000000,14.35000000,0.00000000
2001-07-11T18:40:00,1,7,11,18,40,0.00000000,14.20000000,14.20000000,0.00000000
2001-07-11T18:50:00,1,7,11,18,50,0.00000000,14.05000000,14.05000000,0.00000000
2001-07-11T19:00:00,1,7,11,19,0,0.00000000,13.90000000,13.90000000,0.00000000
2001-07-11T19:10:00,1,7,11,19,10,0.00000000,13.65000000,13.65000000,0.00000000
2001-07-11T19:20:00,1,7,11,19,20,0.00000000,13.40000000,13.40000000,0.00000000
2001-07-11T19:30:00,1,7,11,19,30,0.00000000,13.15000000,13.15000000,0.00000000
2001-07-11T19:40:00,1,7,11,19,40,0.00000000,12.90000000,12.90000000,0.00000000
2001-07-11T19:50:00,1,7,11,19,50,0.00000000,12.65000000,12.65000000,0.00000000
2001-07-11T20:00:00,1,7,11,20,0,0.00000000,12.40000000,12.40000000,0.00000000
2001-07-11T20:10:00,1,7,11,20,10,0.00000000,12.31666667,12.31666667,0.00000000
2001-07-11T20:20:00,1,7,11,20,20,0.00000000,12.23333333,12.23333333,0.00000000
2001-07-11T20:30:00,1,7,11,20,30,0.00000000,12.15000000,12.15000000,0.00000000
2001-07-11T20:40:00,1,7,11,20,40,0.00000000,12.06666667,12.06666667,0.00000000
2001-07-11T20:50:00,1,7,11,20,50,0.00000000,11.98333333,11.98333333,0.00000000
2001-07-11T21:00:00,1,7,11,21,0,0.00000000,11.90000000,11.90000000,0.00000000
2001-07-11T21:10:00,1,7,11,21,10,0.00000000,11.81666667,11.81666667,0.00000000
2001-07-11T21:20:00,1,7,11,21,20,0.00000000,11.73333333,11.73333333,0.00000000
2001-07-11T21:30:00,1,7,11,21,30,0.00000000,11.65000000,11.65000000,0.00000000
2001-07-11T21:40:00,1,7,11,21,40,0.00000000,11.56666667,11.56666667,0.00000000
2001-07-11T21:50:00,1,7,11,21,50,0.00000000,11.48333333,11.48333333,0.00000000
2001-07-11T22:00:00,1,7,11,22,0,0.00000000,11.40000000,11.40000000,0.00000000
2001-07-11T22:10:00,1,7,11,22,10,0.00000000,11.26666667,11.26666667,0.00000000
2001-07-11T22:20:00,1,7,11,22,20,0.00000000,11.13333333,11.13333333,0.00000000
2001-07-11T22:30:00,1,7,11,22,30,0.00000000,11.00000000,11.00000000,0.00000000
2001-07-11T22:40:00,1,7,11,22,40,0.00000000,10.86666667,10.86666667,0.00000000
2001-07-11T22:50:00,1,7,11,22,50,0.00000000,10.73333333,10.73333333,0.00000000
2001-07-11T23:00:00,1,7,11,23,0,0.00000000,10.60000000,10.60000000,0.00000000
2001-07-11T23:10:00,1,7,11,23,10,0.00000000,10.43333333,10.43333333,0.00000000
2001-07-11T23:20:00,1,7,11,23,20,0.00000000,10.26666667,10.26666667,0.00000000
2001-07-11T23:30:00,1,7,11,23,30,0.00000000,10.10000000,10.10000000,0.00000000
2001-07-11T23:40:00,1,7,11,23,40,0.00000000,9.93333333,9.93333333,0.00000000
2001-07-11T23:50:00,1,7,11,23,50,0.00000000,9.76666667,9.76666667,0.00000000
2001-07-12T00:00:00,1,7,12,0,0,0.00000000,9.60000000,9.60000000,0.00000000
2001-07-12T00:10:00,1,7,12,0,10,0.00000000,9.53333333,9.53333333,0.00000000
2001-07-12T00:20:00,1,7,12,0,20,0.00000000,9.46666667,9.46666667,0.00000000
2001-07-12T00:30:00,1,7,12,0,30,0.00000000,9.40000000,9.40000000,0.00000000
2001-07-12T00:40:00,1,7,12,0,40,0.00000000,9.33333333,9.33333333,0.00000000
2001-07-12T00:50:00,1,7,12,0,50,0.00000000,9.26666667,9.26666667,0.00000000
2001-07-12T01:00:00,1,7,12,1,0,0.00000000,9.20000000,9.20000000,0.00000000
2001-07-12T01:10:00,1,7,12,1,10,0.00000000,9.30000000,9.30000000,0.00000000
2001-07-12T01:20:00,1,7,12,1,20,0.00000000,9.40000000,9.40000000,0.00000000
2001-07-12T01:30:00,1,7,12,1,30,0.00000000,9.50000000,9.50000000,0.00000000
2001-07-12T01:40:00,1,7,12,1,40,0.00000000,9.60000000,9.60000000,0.00000000
2001-07-12T01:50:00,1,7,12,1,50,0.00000000,9.70000000,9.70000000,0.00000000
2001-07-12T02:00:00,1,7,12,2,0,0.00000000,9.80000000,9.80000000,0.00000000
2001-07-12T02:10:00,1,7,12,2,10,0.00000000,9.65000000,9.65000000,0.00000000
2001-07-12T02:20:00,1,7,12,2,20,0.00000000,9.50000000,9.50000000,0.00000000
2001-07-12T02:30:00,1,7,12,2,30,0.00000000,9.35000000,9.35000000,0.00000000
2001-07-12T02:40:00,1,7,12,2,40,0.00000000,9.20000000,9.20000000,0.00000000
2001-07-12T02:50:00,1,7,12,2,50,0.00000000,9.05000000,9.05000000,0.00000000
2001-07-12T03:00:00,1,7,12,3,0,0.00000000,8.90000000,8.90000000,0.00000000
2001-07-12T03:10:00,1,7,12,3,10,0.00000000,8.88333333,8.88333333,0.00000000
2001-07-12T03:20:00,1,7,12,3,20,0.00000000,8.86666667,8.86666667,0.00000000
2001-07-12T03:30:00,1,7,12,3,30,0.00000000,8.85000000,8.85000000,0.00000000
2001-07-12T03:40:00,1,7,12,3,40,0.00000000,8.83333333,8.83333333,0.00000000
2001-07-12T03:50:00,1,7,12,3,50,0.00000000,8.81666667,8.81666667,0.00000000
2001-07-12T04:00:00,1,7,12,4,0,0.00000000,8.80000000,8.80000000,0.00000000
2001-07-12T04:10:00,1,7,12,4,10,0.00000000,8.85000000,8.85000000,0.00000000
2001-07-12T04:20:00,1,7,12,4,20,0.00000000,8.90000000,8.90000000,0.00000000
2001-07-12T04:30:00,1,7,12,4,30,0.00000000,8.95000000,8.95000000,0.00000000
2001-07-12T04:40:00,1,7,12,4,40,0.00000000,9.00000000,9.00000000,0.00000000
2001-07-12T04:50:00,1,7,12,4,50,0.00000000,9.05000000,9.05000000,0.00000000
2001-07-12T05:00:00,1,7,12,5,0,0.00000000,9.10000000,9.10000000,0.00000000
2001-07-12T05:10:00,1,7,12,5,10,0.00066667,9.16666667,9.19000000,0.00071515
2001-07-12T05:20:00,1,7,12,5,20,0.00133333,9.23333333,9.28000000,0.00142975
2001-07-12T05:30:00,1,7,12,5,30,0.00200000,9.30000000,9.37000000,0.00214380
2001-07-12T05:40:00,1,7,12,5,40,0.00266667,9.36666667,9.46000000,0.00285729
2001-07-12T05:50:00,1,7,12,5,50,0.00333333,9.43333333,9.55000000,0.00357023
2001-07-12T06:00:00,1,7,12,6,0,0.00400000,9.50000000,9.64000000,0.00428262
2001-07-12T06:10:00,1,7,12,6,10,0.02116667,9.43333333,10.17416667,0.02261021
2001-07-12T06:20:00,1,7,12,6,20,0.03833333,9.36666667,10.70833333,0.04085343
2001-07-12T06:30:00,1,7,12,6,30,0.05550000,9.30000000,11.24250000,0.05901229
2001-07-12T06:40:00,1,7,12,6,40,0.07266667,9.23333333,11.77666667,0.07708679
2001-07-12T06:50:00,1,7,12,6,50,0.08983333,9.16666667,12.31083333,0.09507692
2001-07-12T07:00:00,1,7,12,7,0,0.10700000,9.10000000,12.84500000,0.11298269
2001-07-12T07:10:00,1,7,12,7,10,0.12333333,9.68333333,14.00000000,0.12957400
2001-07-12T07:20:00,1,7,12,7,20,0.13966667,10.26666667,15.15500000,0.14599175
2001-07-12T07:30:00,1,7,12,7,30,0.15600000,10.85000000,16.31000000,0.16223594
2001-07-12T07:40:00,1,7,12,7,40,0.17233333,11.43333333,17.46500000,0.17830658
2001-07-12T07:50:00,1,7,12,7,50,0.18866667,12.01666667,18.62000000,0.19420366
2001-07-12T08:00:00,1,7,12,8,0,0.20500000,12.60000000,19.77500000,0.20992717
2001-07-12T08:10:00,1,7,12,8,10,0.25216667,12.96666667,21.79250000,0.25588726
2001-07-12T08:20:00,1,7,12,8,20,0.29933333,13.33333333,23.81000000,0.30097188
2001-07-12T08:30:00,1,7,12,8,30,0.34650000,13.70000000,25.82750000,0.34518105
2001-07-12T08:40:00,1,7,12,8,40,0.39366667,14.06666667,27.84500000,0.38851475
2001-07-12T08:50:00,1,7,12,8,50,0.44083333,14.43333333,29.86250000,0.43097299
2001-07-12T09:00:00,1,7,12,9,0,0.48800000,14.80000000,31.88000000,0.47255578
2001-07-12T09:10:00,1,7,12,9,10,0.48600000,15.45000000,32.46000000,0.46932242
2001-07-12T09:20:00,1,7,12,9,20,0.48400000,16.10000000,33.04000000,0.46609974
2001-07-12T09:30:00,1,7,12,9,30,0.48200000,16.75000000,33.62000000,0.46288774
2001-07-12T09:40:00,1,7,12,9,40,0.48000000,17.40000000,34.20000000,0.45968640
2001-07-12T09:50:00,1,7,12,9,50,0.47800000,18.05000000,34.78000000,0.45649574
2001-07-12T10:00:00,1,7,12,10,0,0.47600000,18.70000000,35.36000000,0.45331574
2001-07-12T10:10:00,1,7,12,10,10,0.47683333,18.83333333,35.52250000,0.45375293
2001-07-12T10:20:00,1,7,12,10,20,0.47766667,18.96666667,35.68500000,0.45418887
2001-07-12T10:30:00,1,7,12,10,30,0.47850000,19.10000000,35.84750000,0.45462357
2001-07-12T10:40:00,1,7,12,10,40,0.47933333,19.23333333,36.01000000,0.45505702
2001-07-12T10:50:00,1,7,12,10,50,0.48016667,19.36666667,36.17250000,0.45548922
2001-07-12T11:00:00,1,7,12,11,0,0.48100000,19.50000000,36.33500000,0.45592018
2001-07-12T11:10:00,1,7,12,11,10,0.52866667,19.48333333,37.98666667,0.49708482
2001-07-12T11:20:00,1,7,12,11,20,0.57633333,19.46666667,39.63833333,0.53752516
2001-07-12T11:30:00,1,7,12,11,30,0.62400000,19.45000000,41.29000000,0.57724118
2001-07-12T11:40:00,1,7,12,11,40,0.67166667,19.43333333,42.94166667,0.61623290
2001-07-12T11:50:00,1,7,12,11,50,0.71933333,19.41666667,44.59333333,0.65450030
2001-07-12T12:00:00,1,7,12,12,0,0.76700000,19.40000000,46.24500000,0.69204339
2001-07-12T12:10:00,1,7,12,12,10,0.71783333,20.03333333,45.15750000,0.65127260
2001-07-12T12:20:00,1,7,12,12,20,0.66866667,20.66666667,44.07000000,0.61000989
2001-07-12T12:30:00,1,7,12,12,30,0.61950000,21.30000000,42.98250000,0.56825527
2001-07-12T12:40:00,1,7,12,12,40,0.57033333,21.93333333,41.89500000,0.52600874
2001-07-12T12:50:00,1,7,12,12,50,0.52116667,22.56666667,40.80750000,0.48327029
2001-07-12T13:00:00,1,7,12,13,0,0.47200000,23.20000000,39.72000000,0.44003994
2001-07-12T13:10:00,1,7,12,13,10,0.47366667,22.83333333,39.41166667,0.44226557
2001-07-12T13:20:00,1,7,12,13,20,0.47533333,22.46666667,39.10333333,0.44449592
2001-07-12T13:30:00,1,7,12,13,30,0.47700000,22.10000000,38.79500000,0.44673101
2001-07-12T13:40:00,1,7,12,13,40,0.47866667,21.73333333,38.48666667,0.44897082
2001-07-12T13:50:00,1,7,12,13,50,0.48033333,21.36666667,38.17833333,0.45121537
2001-07-12T14:00:00,1,7,12,14,0,0.48200000,21.00000000,37.87000000,0.45346464
2001-07-12T14:10:00,1,7,12,14,10,0.43783333,20.95000000,36.27416667,0.41512679
2001-07-12T14:20:00,1,7,12,14,20,0.39366667,20.90000000,34.67833333,0.37614050
2001-07-12T14:30:00,1,7,12,14,30,0.34950000,20.85000000,33.08250000,0.33650576
2001-07-12T14:40:00,1,7,12,14,40,0.30533333,20.80000000,31.48666667,0.29622259
2001-07-12T14:50:00,1,7,12,14,50,0.26116667,20.75000000,29.89083333,0.25529098
2001-07-12T15:00:00,1,7,12,15,0,0.21700000,20.70000000,28.29500000,0.21371093
2001-07-12T15:10:00,1,7,12,15,10,0.20333333,20.25000000,27.36666667,0.20111971
2001-07-12T15:20:00,1,7,12,15,20,0.18966667,19.80000000,26.43833333,0.18841177
2001-07-12T15:30:00,1,7,12,15,30,0.17600000,19.35000000,25.51000000,0.17558710
2001-07-12T15:40:00,1,7,12,15,40,0.16233333,18.90000000,24.58166667,0.16264572
2001-07-12T15:50:00,1,7,12,15,50,0.14866667,18.45000000,23.65333333,0.14958761
2001-07-12T16:00:00,1,7,12,16,0,0.13500000,18.00000000,22.72500000,0.13641278
2001-07-12T16:10:00,1,7,12,16,10,0.11350000,17.71666667,21.68916667,0.11522859
2001-07-12T16:20:00,1,7,12,16,20,0.09200000,17.43333333,20.65333333,0.09383951
2001-07-12T16:30:00,1,7,12,16,30,0.07050000,17.15000000,19.61750000,0.07224554
2001-07-12T16:40:00,1,7,12,16,40,0.04900000,16.86666667,18.58166667,0.05044669
2001-07-12T16:50:00,1,7,12,16,50,0.02750000,16.58333333,17.54583333,0.02844295
2001-07-12T17:00:00,1,7,12,17,0,0.00600000,16.30000000,16.51000000,0.00623432
2001-07-12T17:10:00,1,7,12,17,10,0.00500000,15.98333333,16.15833333,0.00520336
2001-07-12T17:20:00,1,7,12,17,20,0.00400000,15.66666667,15.80666667,0.00416916
2001-07-12T17:30:00,1,7,12,17,30,0.00300000,15.35000000,15.45500000,0.00313172
2001-07-12T17:40:00,1,7,12,17,40,0.00200000,15.03333333,15.10333333,0.00209105
2001-07-12T17:50:00,1,7,12,17,50,0.00100000,14.71666667,14.75166667,0.00104714
2001-07-12T18:00:00,1,7,12,18,0,0.00000000,14.40000000,14.40000000,0.00000000
2001-07-12T18:10:00,1,7,12,18,10,0.00000000,14.31666667,14.31666667,0.00000000
2001-07-12T18:20:00,1,7,12,18,20,0.00000000,14.23333333,14.23333333,0.00000000
2001-07-12T18:30:00,1,7,12,18,30,0.00000000,14.15000000,14.15000000,0.00000000
2001-07-12T18:40:00,1,7,12,18,40,0.00000000,14.06666667,14.06666667,0.00000000
2001-07-12T18:50:00,1,7,12,18,50,0.00000000,13.98333333,13.98333333,0.00000000
2001-07-12T19:00:00,1,7,12,19,0,0.00000000,13.90000000,13.90000000,0.00000000
2001-07-12T19:10:00,1,7,12,19,10,0.00000000,13.73333333,13.73333333,0.00000000
2001-07-12T19:20:00,1,7,12,19,20,0.00000000,13.56666667,13.56666667,0.00000000
2001-07-12T19:30:00,1,7,12,19,30,0.00000000,13.40000000,13.40000000,0.00000000
2001-07-12T19:40:00,1,7,12,19,40,0.00000000,13.23333333,13.23333333,0.00000000
2001-07-12T19:50:00,1,7,12,19,50,0.00000000,13.06666667,13.06666667,0.00000000
2001-07-12T20:00:00,1,7,12,20,0,0.00000000,12.90000000,12.90000000,0.00000000
2001-07-12T20:10:00,1,7,12,20,10,0.00000000,12.76666667,12.76666667,0.00000000
2001-07-12T20:20:00,1,7,12,20,20,0.00000000,12.63333333,12.63333333,0.00000000
2001-07-12T20:30:00,1,7,12,20,30,0.00000000,12.50000000,12.50000000,0.00000000
2001-07-12T20:40:00,1,7,12,20,40,0.00000000,12.36666667,12.36666667,0.00000000
2001-07-12T20:50:00,1,7,12,20,50,0.00000000,12.23333333,12.23333333,0.00000000
2001-07-12T21:00:00,1,7,12,21,0,0.00000000,12.10000000,12.10000000,0.00000000
2001-07-12T21:10:00,1,7,12,21,10,0.00000000,12.06666667,12.06666667,0.00000000
2001-07-12T21:20:00,1,7,12,21,20,0.00000000,12.03333333,12.03333333,0.00000000
2001-07-12T21:30:00,1,7,12,21,30,0.00000000,12.00000000,12.00000000,0.00000000
2001-07-12T21:40:00,1,7,12,21,40,0.00000000,11.96666667,11.96666667,0.00000000
2001-07-12T21:50:00,1,7,12,21,50,0.00000000,11.93333333,11.93333333,0.00000000
2001-07-12T22:00:00,1,7,12,22,0,0.00000000,11.90000000,11.90000000,0.00000000
2001-07-12T22:10:00,1,7,12,22,10,0.00000000,11.75000000,11.75000000,0.00000000
2001-07-12T22:20:00,1,7,12,22,20,0.00000000,11.60000000,11.60000000,0.00000000
2001-07-12T22:30:00,1,7,12,22,30,0.00000000,11.45000000,11.45000000,0.00000000
2001-07-12T22:40:00,1,7,12,22,40,0.00000000,11.30000000,11.30000000,0.00000000
2001-07-12T22:50:00,1,7,12,22,50,0.00000000,11.15000000,11.15000000,0.00000000
2001-07-12T23:00:00,1,7,12,23,0,0.00000000,11.00000000,11.00000000,0.00000000
2001-07-12T23:10:00,1,7,12,23,10,0.00000000,11.28333333,11.28333333,0.00000000
2001-07-12T23:20:00,1,7,12,23,20,0.00000000,11.56666667,11.56666667,0.00000000
2001-07-12T23:30:00,1,7,12,23,30,0.00000000,11.85000000,11.85000000,0.00000000
2001-07-12T23:40:00,1,7,12,23,40,0.00000000,12.13333333,12.13333333,0.00000000
2001-07-12T23:50:00,1,7,12,23,50,0.00000000,12.41666667,12.41666667,0.00000000
2001-07-13T00:00:00,1,7,13,0,0,0.00000000,12.70000000,12.70000000,0.00000000
2001-07-13T00:10:00,1,7,13,0,10,0.00000000,12.55000000,12.55000000,0.00000000
2001-07-13T00:20:00,1,7,13,0,20,0.00000000,12.40000000,12.40000000,0.00000000
2001-07-13T00:30:00,1,7,13,0,30,0.00000000,12.25000000,12.25000000,0.00000000
2001-07-13T00:40:00,1,7,13,0,40,0.00000000,12.10000000,12.10000000,0.00000000
2001-07-13T00:50:00,1,7,13,0,50,0.00000000,11.95000000,11.95000000,0.00000000
2001-07-13T01:00:00,1,7,13,1,0,0.00000000,11.80000000,11.80000000,0.00000000
2001-07-13T01:10:00,1,7,13,1,10,0.00000000,11.75000000,11.75000000,0.00000000
2001-07-13T01:20:00,1,7,13,1,20,0.00000000,11.70000000,11.70000000,0.00000000
2001-07-13T01:30:00,1,7,13,1,30,0.00000000,11.65000000,11.65000000,0.00000000
2001-07-13T01:40:00,1,7,13,1,40,0.00000000,11.60000000,11.60000000,0.00000000
2001-07-13T01:50:00,1,7,13,1,50,0.00000000,11.55000000,11.55000000,0.00000000
2001-07-13T02:00:00,1,7,13,2,0,0.00000000,11.50000000,11.50000000,0.00000000
2001-07-13T02:10:00,1,7,13,2,10,0.00000000,11.58333333,11.58333333,0.00000000
2001-07-13T02:20:00,1,7,13,2,20,0.00000000,11.66666667,11.66666667,0.00000000
2001-07-13T02:30:00,1,7,13,2,30,0.00000000,11.75000000,11.75000000,0.00000000
2001-07-13T02:40:00,1,7,13,2,40,0.00000000,11.83333333,11.83333333,0.00000000
2001-07-13T02:50:00,1,7,13,2,50,0.00000000,11.91666667,11.91666667,0.00000000
2001-07-13T03:00:00,1,7,13,3,0,0.00000000,12.00000000,12.00000000,0.00000000
2001-07-13T03:10:00,1,7,13,3,10,0.00000000,12.00000000,12.00000000,0.00000000
2001-07-13T03:20:00,1,7,13,3,20,0.00000000,12.00000000,12.00000000,0.00000000
2001-07-13T03:30:00,1,7,13,3,30,0.00000000,12.00000000,12.00000000,0.00000000
2001-07-13T03:40:00,1,7,13,3,40,0.00000000,12.00000000,12.00000000,0.00000000
2001-07-13T03:50:00,1,7,13,3,50,0.00000000,12.00000000,12.00000000,0.00000000
2001-07-13T04:00:00,1,7,13,4,0,0.00000000,12.00000000,12.00000000,0.00000000
2001-07-13T04:10:00,1,7,13,4,10,0.00000000,11.95000000,11.95000000,0.00000000
2001-07-13T04:20:00,1,7,13,4,20,0.00000000,11.90000000,11.90000000,0.00000000
2001-07-13T04:30:00,1,7,13,4,30,0.00000000,11.85000000,11.85000000,0.00000000
2001-07-13T04:40:00,1,7,13,4,40,0.00000000,11.80000000,11.80000000,0.00000000
2001-07-13T04:50:00,1,7,13,4,50,0.00000000,11.75000000,11.75000000,0.00000000
2001-07-13T05:00:00,1,7,13,5,0,0.00000000,11.70000000,11.70000000,0.00000000
2001-07-13T05:10:00,1,7,13,5,10,0.00050000,11.71666667,11.73416667,0.00053051
2001-07-13T05:20:00,1,7,13,5,20,0.00100000,11.73333333,11.76833333,0.00106087
2001-07-13T05:30:00,1,7,13,5,30,0.00150000,11.75000000,11.80250000,0.00159106
2001-07-13T05:40:00,1,7,13,5,40,0.00200000,11.76666667,11.83666667,0.00212110
2001-07-13T05:50:00,1,7,13,5,50,0.00250000,11.78333333,11.87083333,0.00265099
2001-07-13T06:00:00,1,7,13,6,0,0.00300000,11.80000000,11.90500000,0.00318071
2001-07-13T06:10:00,1,7,13,6,10,0.01633333,11.65000000,12.22166667,0.01729341
2001-07-13T06:20:00,1,7,13,6,20,0.02966667,11.50000000,12.53833333,0.03136727
2001-07-13T06:30:00,1,7,13,6,30,0.04300000,11.35000000,12.85500000,0.04540228
2001-07-13T06:40:00,1,7,13,6,40,0.05633333,11.20000000,13.17166667,0.05939845
2001-07-13T06:50:00,1,7,13,6,50,0.06966667,11.05000000,13.48833333,0.07335577
2001-07-13T07:00:00,1,7,13,7,0,0.08300000,10.90000000,13.80500000,0.08727425
2001-07-13T07:10:00,1,7,13,7,10,0.11166667,11.33333333,15.24166667,0.11667920
2001-07-13T07:20:00,1,7,13,7,20,0.14033333,11.76666667,16.67833333,0.14570525
2001-07-13T07:30:00,1,7,13,7,30,0.16900000,12.20000000,18.11500000,0.17435240
2001-07-13T07:40:00,1,7,13,7,40,0.19766667,12.63333333,19.55166667,0.20262065
2001-07-13T07:50:00,1,7,13,7,50,0.22633333,13.06666667,20.98833333,0.23051001
2001-07-13T08:00:00,1,7,13,8,0,0.25500000,13.50000000,22.42500000,0.25802048
2001-07-13T08:10:00,1,7,13,8,10,0.27316667,13.98333333,23.54416667,0.27499602
2001-07-13T08:20:00,1,7,13,8,20,0.29133333,14.46666667,24.66333333,0.29178451
2001-07-13T08:30:00,1,7,13,8,30,0.30950000,14.95000000,25.78250000,0.30838595
2001-07-13T08:40:00,1,7,13,8,40,0.32766667,15.43333333,26.90166667,0.32480035
2001-07-13T08:50:00,1,7,13,8,50,0.34583333,15.91666667,28.02083333,0.34102769
2001-07-13T09:00:00,1,7,13,9,0,0.36400000,16.40000000,29.14000000,0.35706798
2001-07-13T09:10:00,1,7,13,9,10,0.39366667,16.85000000,30.62833333,0.38347451
2001-07-13T09:20:00,1,7,13,9,20,0.42333333,17.30000000,32.11666667,0.40947481
2001-07-13T09:30:00,1,7,13,9,30,0.45300000,17.75000000,33.60500000,0.43506890
2001-07-13T09:40:00,1,7,13,9,40,0.48266667,18.20000000,35.09333333,0.46025678
2001-07-13T09:50:00,1,7,13,9,50,0.51233333,18.65000000,36.58166667,0.48503843
2001-07-13T10:00:00,1,7,13,10,0,0.54200000,19.10000000,38.07000000,0.50941388
2001-07-13T10:10:00,1,7,13,10,10,0.55000000,19.63333333,38.88333333,0.51487517
2001-07-13T10:20:00,1,7,13,10,20,0.55800000,20.16666667,39.69666667,0.52027660
2001-07-13T10:30:00,1,7,13,10,30,0.56600000,20.70000000,40.51000000,0.52561816
2001-07-13T10:40:00,1,7,13,10,40,0.57400000,21.23333333,41.32333333,0.53089987
2001-07-13T10:50:00,1,7,13,10,50,0.58200000,21.76666667,42.13666667,0.53612172
2001-07-13T11:00:00,1,7,13,11,0,0.59000000,22.30000000,42.95000000,0.54128370
2001-07-13T11:10:00,1,7,13,11,10,0.57300000,22.43333333,42.48833333,0.52690425
2001-07-13T11:20:00,1,7,13,11,20,0.55600000,22.56666667,42.02666667,0.51245260
2001-07-13T11:30:00,1,7,13,11,30,0.53900000,22.70000000,41.56500000,0.49792874
2001-07-13T11:40:00,1,7,13,11,40,0.52200000,22.83333333,41.10333333,0.48333268
2001-07-13T11:50:00,1,7,13,11,50,0.50500000,22.96666667,40.64166667,0.46866441
2001-07-13T12:00:00,1,7,13,12,0,0.48800000,23.10000000,40.18000000,0.45392394
2001-07-13T12:10:00,1,7,13,12,10,0.47066667,22.90000000,39.37333333,0.43954744
2001-07-13T12:20:00,1,7,13,12,20,0.45333333,22.70000000,38.56666667,0.42504231
2001-07-13T12:30:00,1,7,13,12,30,0.43600000,22.50000000,37.76000000,0.41040854
2001-07-13T12:40:00,1,7,13,12,40,0.41866667,22.30000000,36.95333333,0.39564614
2001-07-13T12:50:00,1,7,13,12,50,0.40133333,22.10000000,36.14666667,0.38075510
2001-07-13T13:00:00,1,7,13,13,0,0.38400000,21.90000000,35.34000000,0.36573542
2001-07-13T13:10:00,1,7,13,13,10,0.38816667,21.63333333,35.21916667,0.36991966
2001-07-13T13:20:00,1,7,13,13,20,0.39233333,21.36666667,35.09833333,0.37410853
2001-07-13T13:30:00,1,7,13,13,30,0.39650000,21.10000000,34.97750000,0.37830204
2001-07-13T13:40:00,1,7,13,13,40,0.40066667,20.83333333,34.85666667,0.38250017
2001-07-13T13:50:00,1,7,13,13,50,0.40483333,20.56666667,34.73583333,0.38670294
2001-07-13T14:00:00,1,7,13,14,0,0.40900000,20.30000000,34.61500000,0.39091034
2001-07-13T14:10:00,1,7,13,14,10,0.38333333,20.36666667,33.78333333,0.36784539
2001-07-13T14:20:00,1,7,13,14,20,0.35766667,20.43333333,32.95166667,0.34458405
2001-07-13T14:30:00,1,7,13,14,30,0.33200000,20.50000000,32.12000000,0.32112634
2001-07-13T14:40:00,1,7,13,14,40,0.30633333,20.56666667,31.28833333,0.29747223
2001-07-13T14:50:00,1,7,13,14,50,0.28066667,20.63333333,30.45666667,0.27362175
2001-07-13T15:00:00,1,7,13,15,0,0.25500000,20.70000000,29.62500000,0.24957488
2001-07-13T15:10:00,1,7,13,15,10,0.22750000,20.23333333,28.19583333,0.22415556
2001-07-13T15:20:00,1,7,13,15,20,0.20000000,19.76666667,26.76666667,0.19837467
2001-07-13T15:30:00,1,7,13,15,30,0.17250000,19.30000000,25.33750000,0.17223219
2001-07-13T15:40:00,1,7,13,15,40,0.14500000,18.83333333,23.90833333,0.14572814
2001-07-13T15:50:00,1,7,13,15,50,0.11750000,18.36666667,22.47916667,0.11886251
2001-07-13T16:00:00,1,7,13,16,0,0.09000000,17.90000000,21.05000000,0.09163530
2001-07-13T16:10:00,1,7,13,16,10,0.07600000,17.35000000,20.01000000,0.07774450
2001-07-13T16:20:00,1,7,13,16,20,0.06200000,16.80000000,18.97000000,0.06371976
2001-07-13T16:30:00,1,7,13,16,30,0.04800000,16.25000000,17.93000000,0.04956106
2001-07-13T16:40:00,1,7,13,16,40,0.03400000,15.70000000,16.89000000,0.03526840
2001-07-13T16:50:00,1,7,13,16,50,0.02000000,15.15000000,15.85000000,0.02084180
2001-07-13T17:00:00,1,7,13,17,0,0.00600000,14.60000000,14.81000000,0.00628124
2001-07-13T17:10:00,1,7,13,17,10,0.00500000,14.31666667,14.49166667,0.00524169
2001-07-13T17:20:00,1,7,13,17,20,0.00400000,14.03333333,14.17333333,0.00419921
2001-07-13T17:30:00,1,7,13,17,30,0.00300000,13.75000000,13.85500000,0.00315380
2001-07-13T17:40:00,1,7,13,17,40,0.00200000,13.46666667,13.53666667,0.00210546
2001-07-13T17:50:00,1,7,13,17,50,0.00100000,13.18333333,13.21833333,0.00105420
2001-07-13T18:00:00,1,7,13,18,0,0.00000000,12.90000000,12.90000000,0.00000000
2001-07-13T18:10:00,1,7,13,18,10,0.00000000,12.88333333,12.88333333,0.00000000
2001-07-13T18:20:00,1,7,13,18,20,0.00000000,12.86666667,12.86666667,0.00000000
2001-07-13T18:30:00,1,7,13,18,30,0.00000000,12.85000000,12.85000000,0.00000000
2001-07-13T18:40:00,1,7,13,18,40,0.00000000,12.83333333,12.83333333,0.00000000
2001-07-13T18:50:00,1,7,13,18,50,0.00000000,12.81666667,12.81666667,0.00000000
2001-07-13T19:00:00,1,7,13,19,0,0.00000000,12.80000000,12.80000000,0.00000000
2001-07-13T19:10:00,1,7,13,19,10,0.00000000,12.73333333,12.73333333,0.00000000
2001-07-13T19:20:00,1,7,13,19,20,0.00000000,12.66666667,12.66666667,0.00000000
2001-07-13T19:30:00,1,7,13,19,30,0.00000000,12.60000000,12.60000000,0.00000000
2001-07-13T19:40:00,1,7,13,19,40,0.00000000,12.53333333,12.53333333,0.00000000
2001-07-13T19:50:00,1,7,13,19,50,0.00000000,12.46666667,12.46666667,0.00000000
2001-07-13T20:00:00,1,7,13,20,0,0.00000000,12.40000000,12.40000000,0.00000000
2001-07-13T20:10:00,1,7,13,20,10,0.00000000,12.20000000,12.20000000,0.00000000
2001-07-13T20:20:00,1,7,13,20,20,0.00000000,12.00000000,12.00000000,0.00000000
2001-07-13T20:30:00,1,7,13,20,30,0.00000000,11.80000000,11.80000000,0.00000000
2001-07-13T20:40:00,1,7,13,20,40,0.00000000,11.60000000,11.60000000,0.00000000
2001-07-13T20:50:00,1,7,13,20,50,0.00000000,11.40000000,11.40000000,0.00000000
2001-07-13T21:00:00,1,7,13,21,0,0.00000000,11.20000000,11.20000000,0.00000000
2001-07-13T21:10:00,1,7,13,21,10,0.00000000,11.15000000,11.15000000,0.00000000
2001-07-13T21:20:00,1,7,13,21,20,0.00000000,11.10000000,11.10000000,0.00000000
2001-07-13T21:30:00,1,7,13,21,30,0.00000000,11.05000000,11.05000000,0.00000000
2001-07-13T21:40:00,1,7,13,21,40,0.00000000,11.00000000,11.00000000,0.00000000
2001-07-13T21:50:00,1,7,13,21,50,0.00000000,10.95000000,10.95000000,0.00000000
2001-07-13T22:00:00,1,7,13,22,0,0.00000000,10.90000000,10.90000000,0.00000000
2001-07-13T22:10:00,1,7,13,22,10,0.00000000,10.93333333,10.93333333,0.00000000
2001-07-13T22:20:00,1,7,13,22,20,0.00000000,10.96666667,10.96666667,0.00000000
2001-07-13T22:30:00,1,7,13,22,30,0.00000000,11.00000000,11.00000000,0.00000000
2001-07-13T22:40:00,1,7,13,22,40,0.00000000,11.03333333,11.03333333,0.00000000
2001-07-13T22:50:00,1,7,13,22,50,0.00000000,11.06666667,11.06666667,0.00000000
2001-07-13T23:00:00,1,7,13,23,0,0.00000000,11.10000000,11.10000000,0.00000000
2001-07-13T23:10:00,1,7,13,23,10,0.00000000,11.03333333,11.03333333,0.00000000
2001-07-13T23:20:00,1,7,13,23,20,0.00000000,10.96666667,10.96666667,0.00000000
2001-07-13T23:30:00,1,7,13,23,30,0.00000000,10.90000000,10.90000000,0.00000000
2001-07-13T23:40:00,1,7,13,23,40,0.00000000,10.83333333,10.83333333,0.00000000
2001-07-13T23:50:00,1,7,13,23,50,0.00000000,10.76666667,10.76666667,0.00000000
2001-07-14T00:00:00,1,7,14,0,0,0.00000000,10.70000000,10.70000000,0.00000000
2001-07-14T00:10:00,1,7,14,0,10,0.00000000,10.66666667,10.66666667,0.00000000
2001-07-14T00:20:00,1,7,14,0,20,0.00000000,10.63333333,10.63333333,0.00000000
2001-07-14T00:30:00,1,7,14,0,30,0.00000000,10.60000000,10.60000000,0.00000000
2001-07-14T00:40:00,1,7,14,0,40,0.00000000,10.56666667,10.56666667,0.00000000
2001-07-14T00:50:00,1,7,14,0,50,0.00000000,10.53333333,10.53333333,0.00000000
2001-07-14T01:00:00,1,7,14,1,0,0.00000000,10.50000000,10.50000000,0.00000000
2001-07-14T01:10:00,1,7,14,1,10,0.00000000,10.55000000,10.55000000,0.00000000
2001-07-14T01:20:00,1,7,14,1,20,0.00000000,10.60000000,10.60000000,0.00000000
2001-07-14T01:30:00,1,7,14,1,30,0.00000000,10.65000000,10.65000000,0.00000000
2001-07-14T01:40:00,1,7,14,1,40,0.00000000,10.70000000,10.70000000,0.00000000
2001-07-14T01:50:00,1,7,14,1,50,0.00000000,10.75000000,10.75000000,0.00000000
2001-07-14T02:00:00,1,7,14,2,0,0.00000000,10.80000000,10.80000000,0.00000000
2001-07-14T02:10:00,1,7,14,2,10,0.00000000,10.65000000,10.65000000,0.00000000
2001-07-14T02:20:00,1,7,14,2,20,0.00000000,10.50000000,10.50000000,0.00000000
2001-07-14T02:30:00,1,7,14,2,30,0.00000000,10.35000000,10.35000000,0.00000000
2001-07-14T02:40:00,1,7,14,2,40,0.00000000,10.20000000,10.20000000,0.00000000
2001-07-14T02:50:00,1,7,14,2,50,0.00000000,10.05000000,10.05000000,0.00000000
2001-07-14T03:00:00,1,7,14,3,0,0.00000000,9.90000000,9.90000000,0.00000000
2001-07-14T03:10:00,1,7,14,3,10,0.00000000,9.98333333,9.98333333,0.00000000
2001-07-14T03:20:00,1,7,14,3,20,0.00000000,10.06666667,10.06666667,0.00000000
2001-07-14T03:30:00,1,7,14,3,30,0.00000000,10.15000000,10.15000000,0.00000000
2001-07-14T03:40:00,1,7,14,3,40,0.00000000,10.23333333,10.23333333,0.00000000
2001-07-14T03:50:00,1,7,14,3,50,0.00000000,10.31666667,10.31666667,0.00000000
2001-07-14T04:00:00,1,7,14,4,0,0.00000000,10.40000000,10.40000000,0.00000000
2001-07-14T04:10:00,1,7,14,4,10,0.00000000,10.41666667,10.41666667,0.00000000
2001-07-14T04:20:00,1,7,14,4,20,0.00000000,10.43333333,10.43333333,0.00000000
2001-07-14T04:30:00,1,7,14,4,30,0.00000000,10.45000000,10.45000000,0.00000000
2001-07-14T04:40:00,1,7,14,4,40,0.00000000,10.46666667,10.46666667,0.00000000
2001-07-14T04:50:00,1,7,14,4,50,0.00000000,10.48333333,10.48333333,0.00000000
2001-07-14T05:00:00,1,7,14,5,0,0.00000000,10.50000000,10.50000000,0.00000000
2001-07-14T05:10:00,1,7,14,5,10,0.00050000,10.43333333,10.45083333,0.00053346
2001-07-14T05:20:00,1,7,14,5,20,0.00100000,10.36666667,10.40166667,0.00106715
2001-07-14T05:30:00,1,7,14,5,30,0.00150000,10.30000000,10.35250000,0.00160107
2001-07-14T05:40:00,1,7,14,5,40,0.00200000,10.23333333,10.30333333,0.00213521
2001-07-14T05:50:00,1,7,14,5,50,0.00250000,10.16666667,10.25416667,0.00266958
2001-07-14T06:00:00,1,7,14,6,0,0.00300000,10.10000000,10.20500000,0.00320417
2001-07-14T06:10:00,1,7,14,6,10,0.02350000,10.10000000,10.92250000,0.02502178
2001-07-14T06:20:00,1,7,14,6,20,0.04400000,10.10000000,11.64000000,0.04670406
2001-07-14T06:30:00,1,7,14,6,30,0.06450000,10.10000000,12.35750000,0.06825103
2001-07-14T06:40:00,1,7,14,6,40,0.08500000,10.10000000,13.07500000,0.08966267
2001-07-14T06:50:00,1,7,14,6,50,0.10550000,10.10000000,13.79250000,0.11093900
2001-07-14T07:00:00,1,7,14,7,0,0.12600000,10.10000000,14.51000000,0.13208000
2001-07-14T07:10:00,1,7,14,7,10,0.12233333,10.56666667,14.84833333,0.12804601
2001-07-14T07:20:00,1,7,14,7,20,0.11866667,11.03333333,15.18666667,0.12402344
2001-07-14T07:30:00,1,7,14,7,30,0.11500000,11.50000000,15.52500000,0.12001227
2001-07-14T07:40:00,1,7,14,7,40,0.11133333,11.96666667,15.86333333,0.11601252
2001-07-14T07:50:00,1,7,14,7,50,0.10766667,12.43333333,16.20166667,0.11202419
2001-07-14T08:00:00,1,7,14,8,0,0.10400000,12.90000000,16.54000000,0.10804726
2001-07-14T08:10:00,1,7,14,8,10,0.15483333,12.96666667,18.38583333,0.15954416
2001-07-14T08:20:00,1,7,14,8,20,0.20566667,13.03333333,20.23166667,0.21017783
2001-07-14T08:30:00,1,7,14,8,30,0.25650000,13.10000000,22.07750000,0.25994826
2001-07-14T08:40:00,1,7,14,8,40,0.30733333,13.16666667,23.92333333,0.30885545
2001-07-14T08:50:00,1,7,14,8,50,0.35816667,13.23333333,25.76916667,0.35689941
2001-07-14T09:00:00,1,7,14,9,0,0.40900000,13.30000000,27.61500000,0.40408014
2001-07-14T09:10:00,1,7,14,9,10,0.40550000,13.83333333,28.02583333,0.39985591
2001-07-14T09:20:00,1,7,14,9,20,0.40200000,14.36666667,28.43666667,0.39564492
2001-07-14T09:30:00,1,7,14,9,30,0.39850000,14.90000000,28.84750000,0.39144715
2001-07-14T09:40:00,1,7,14,9,40,0.39500000,15.43333333,29.25833333,0.38726261
2001-07-14T09:50:00,1,7,14,9,50,0.39150000,15.96666667,29.66916667,0.38309130
2001-07-14T10:00:00,1,7,14,10,0,0.38800000,16.50000000,30.08000000,0.37893322
2001-07-14T10:10:00,1,7,14,10,10,0.40700000,16.43333333,30.67833333,0.39636902
2001-07-14T10:20:00,1,7,14,10,20,0.42600000,16.36666667,31.27666667,0.41370024
2001-07-14T10:30:00,1,7,14,10,30,0.44500000,16.30000000,31.87500000,0.43092687
2001-07-14T10:40:00,1,7,14,10,40,0.46400000,16.23333333,32.47333333,0.44804892
2001-07-14T10:50:00,1,7,14,10,50,0.48300000,16.16666667,33.07166667,0.46506637
2001-07-14T11:00:00,1,7,14,11,0,0.50200000,16.10000000,33.67000000,0.48197924
2001-07-14T11:10:00,1,7,14,11,10,0.51550000,16.38333333,34.42583333,0.49314852
2001-07-14T11:20:00,1,7,14,11,20,0.52900000,16.66666667,35.18166667,0.50422393
2001-07-14T11:30:00,1,7,14,11,30,0.54250000,16.95000000,35.93750000,0.51520547
2001-07-14T11:40:00,1,7,14,11,40,0.55600000,17.23333333,36.69333333,0.52609313
2001-07-14T11:50:00,1,7,14,11,50,0.56950000,17.51666667,37.44916667,0.53688692
2001-07-14T12:00:00,1,7,14,12,0,0.58300000,17.80000000,38.20500000,0.54758683
2001-07-14T12:10:00,1,7,14,12,10,0.54883333,18.01666667,37.22583333,0.51796759
2001-07-14T12:20:00,1,7,14,12,20,0.51466667,18.23333333,36.24666667,0.48804056
2001-07-14T12:30:00,1,7,14,12,30,0.48050000,18.45000000,35.26750000,0.45780574
2001-07-14T12:40:00,1,7,14,12,40,0.44633333,18.66666667,34.28833333,0.42726315
2001-07-14T12:50:00,1,7,14,12,50,0.41216667,18.88333333,33.30916667,0.39641276
2001-07-14T13:00:00,1,7,14,13,0,0.37800000,19.10000000,32.33000000,0.36525460
2001-07-14T13:10:00,1,7,14,13,10,0.36016667,18.83333333,31.43916667,0.34949847
2001-07-14T13:20:00,1,7,14,13,20,0.34233333,18.56666667,30.54833333,0.33359619
2001-07-14T13:30:00,1,7,14,13,30,0.32450000,18.30000000,29.65750000,0.31754775
2001-07-14T13:40:00,1,7,14,13,40,0.30666667,18.03333333,28.76666667,0.30135316
2001-07-14T13:50:00,1,7,14,13,50,0.28883333,17.76666667,27.87583333,0.28501241
2001-07-14T14:00:00,1,7,14,14,0,0.27100000,17.50000000,26.98500000,0.26852550
2001-07-14T14:10:00,1,7,14,14,10,0.27000000,17.30000000,26.75000000,0.26782650
2001-07-14T14:20:00,1,7,14,14,20,0.26900000,17.10000000,26.51500000,0.26712534
2001-07-14T14:30:00,1,7,14,14,30,0.26800000,16.90000000,26.28000000,0.26642202
2001-07-14T14:40:00,1,7,14,14,40,0.26700000,16.70000000,26.04500000,0.26571653
2001-07-14T14:50:00,1,7,14,14,50,0.26600000,16.50000000,25.81000000,0.26500888
2001-07-14T15:00:00,1,7,14,15,0,0.26500000,16.30000000,25.57500000,0.26429907
2001-07-14T15:10:00,1,7,14,15,10,0.23700000,16.28333333,24.57833333,0.23745970
2001-07-14T15:20:00,1,7,14,15,20,0.20900000,16.26666667,23.58166667,0.21036359
2001-07-14T15:30:00,1,7,14,15,30,0.18100000,16.25000000,22.58500000,0.18301073
2001-07-14T15:40:00,1,7,14,15,40,0.15300000,16.23333333,21.58833333,0.15540113
2001-07-14T15:50:00,1,7,14,15,50,0.12500000,16.21666667,20.59166667,0.12753479
2001-07-14T16:00:00,1,7,14,16,0,0.09700000,16.20000000,19.59500000,0.09941171
2001-07-14T16:10:00,1,7,14,16,10,0.08166667,15.83333333,18.69166667,0.08403650
2001-07-14T16:20:00,1,7,14,16,20,0.06633333,15.46666667,17.78833333,0.06853385
2001-07-14T16:30:00,1,7,14,16,30,0.05100000,15.10000000,16.88500000,0.05290378
2001-07-14T16:40:00,1,7,14,16,40,0.03566667,14.73333333,15.98166667,0.03714627
2001-07-14T16:50:00,1,7,14,16,50,0.02033333,14.36666667,15.07833333,0.02126134
2001-07-14T17:00:00,1,7,14,17,0,0.00500000,14.00000000,14.17500000,0.00524898
2001-07-14T17:10:00,1,7,14,17,10,0.00416667,13.90000000,14.04583333,0.00437662
2001-07-14T17:20:00,1,7,14,17,20,0.00333333,13.80000000,13.91666667,0.00350328
2001-07-14T17:30:00,1,7,14,17,30,0.00250000,13.70000000,13.78750000,0.00262894
2001-07-14T17:40:00,1,7,14,17,40,0.00166667,13.60000000,13.65833333,0.00175362
2001-07-14T17:50:00,1,7,14,17,50,0.00083333,13.50000000,13.52916667,0.00087730
2001-07-14T18:00:00,1,7,14,18,0,0.00000000,13.40000000,13.40000000,0.00000000
2001-07-14T18:10:00,1,7,14,18,10,0.00000000,13.33333333,13.33333333,0.00000000
2001-07-14T18:20:00,1,7,14,18,20,0.00000000,13.26666667,13.26666667,0.00000000
2001-07-14T18:30:00,1,7,14,18,30,0.00000000,13.20000000,13.20000000,0.00000000
2001-07-14T18:40:00,1,7,14,18,40,0.00000000,13.13333333,13.13333333,0.00000000
2001-07-14T18:50:00,1,7,14,18,50,0.00000000,13.06666667,13.06666667,0.00000000
2001-07-14T19:00:00,1,7,14,19,0,0.00000000,13.00000000,13.00000000,0.00000000
2001-07-14T19:10:00,1,7,14,19,10,0.00000000,12.83333333,12.83333333,0.00000000
2001-07-14T19:20:00,1,7,14,19,20,0.00000000,12.66666667,12.66666667,0.00000000
2001-07-14T19:30:00,1,7,14,19,30,0.00000000,12.50000000,12.50000000,0.00000000
2001-07-14T19:40:00,1,7,14,19,40,0.00000000,12.33333333,12.33333333,0.00000000
2001-07-14T19:50:00,1,7,14,19,50,0.00000000,12.16666667,12.16666667,0.00000000
2001-07-14T20:00:00,1,7,14,20,0,0.00000000,12.00000000,12.00000000,0.00000000
2001-07-14T20:10:00,1,7,14,20,10,0.00000000,11.93333333,11.93333333,0.00000000
2001-07-14T20:20:00,1,7,14,20,20,0.00000000,11.86666667,11.86666667,0.00000000
2001-07-14T20:30:00,1,7,14,20,30,0.00000000,11.80000000,11.80000000,0.00000000
2001-07-14T20:40:00,1,7,14,20,40,0.00000000,11.73333333,11.73333333,0.00000000
2001-07-14T20:50:00,1,7,14,20,50,0.00000000,11.66666667,11.66666667,0.00000000
2001-07-14T21:00:00,1,7,14,21,0,0.00000000,11.60000000,11.60000000,0.00000000
2001-07-14T21:10:00,1,7,14,21,10,0.00000000,11.56666667,11.56666667,0.00000000
2001-07-14T21:20:00,1,7,14,21,20,0.00000000,11.53333333,11.53333333,0.00000000
2001-07-14T21:30:00,1,7,14,21,30,0.00000000,11.50000000,11.50000000,0.00000000
2001-07-14T21:40:00,1,7,14,21,40,0.00000000,11.46666667,11.46666667,0.00000000
2001-07-14T21:50:00,1,7,14,21,50,0.00000000,11.43333333,11.43333333,0.00000000
2001-07-14T22:00:00,1,7,14,22,0,0.00000000,11.40000000,11.40000000,0.00000000
2001-07-14T22:10:00,1,7,14,22,10,0.00000000,11.31666667,11.31666667,0.00000000
2001-07-14T22:20:00,1,7,14,22,20,0.00000000,11.23333333,11.23333333,0.00000000
2001-07-14T22:30:00,1,7,14,22,30,0.00000000,11.15000000,11.15000000,0.00000000
2001-07-14T22:40:00,1,7,14,22,40,0.00000000,11.06666667,11.06666667,0.00000000
2001-07-14T22:50:00,1,7,14,22,50,0.00000000,10.98333333,10.98333333,0.00000000
2001-07-14T23:00:00,1,7,14,23,0,0.00000000,10.90000000,10.90000000,0.00000000
2001-07-14T23:10:00,1,7,14,23,10,0.00000000,10.68333333,10.68333333,0.00000000
2001-07-14T23:20:00,1,7,14,23,20,0.00000000,10.46666667,10.46666667,0.00000000
2001-07-14T23:30:00,1,7,14,23,30,0.00000000,10.25000000,10.25000000,0.00000000
2001-07-14T23:40:00,1,7,14,23,40,0.00000000,10.03333333,10.03333333,0.00000000
2001-07-14T23:50:00,1,7,14,23,50,0.00000000,9.81666667,9.81666667,0.00000000
2001-07-15T00:00:00,1,7,15,0,0,0.00000000,9.60000000,9.60000000,0.00000000
2001-07-15T00:10:00,1,7,15,0,10,0.00000000,9.41666667,9.41666667,0.00000000
2001-07-15T00:20:00,1,7,15,0,20,0.00000000,9.23333333,9.23333333,0.00000000
2001-07-15T00:30:00,1,7,15,0,30,0.00000000,9.05000000,9.05000000,0.00000000
2001-07-15T00:40:00,1,7,15,0,40,0.00000000,8.86666667,8.86666667,0.00000000
2001-07-15T00:50:00,1,7,15,0,50,0.00000000,8.68333333,8.68333333,0.00000000
2001-07-15T01:00:00,1,7,15,1,0,0.00000000,8.50000000,8.50000000,0.00000000
2001-07-15T01:10:00,1,7,15,1,10,0.00000000,8.58333333,8.58333333,0.00000000
2001-07-15T01:20:00,1,7,15,1,20,0.00000000,8.66666667,8.66666667,0.00000000
2001-07-15T01:30:00,1,7,15,1,30,0.00000000,8.75000000,8.75000000,0.00000000
2001-07-15T01:40:00,1,7,15,1,40,0.00000000,8.83333333,8.83333333,0.00000000
2001-07-15T01:50:00,1,7,15,1,50,0.00000000,8.91666667,8.91666667,0.00000000
2001-07-15T02:00:00,1,7,15,2,0,0.00000000,9.00000000,9.00000000,0.00000000
2001-07-15T02:10:00,1,7,15,2,10,0.00000000,8.91666667,8.91666667,0.00000000
2001-07-15T02:20:00,1,7,15,2,20,0.00000000,8.83333333,8.83333333,0.00000000
2001-07-15T02:30:00,1,7,15,2,30,0.00000000,8.75000000,8.75000000,0.00000000
2001-07-15T02:40:00,1,7,15,2,40,0.00000000,8.66666667,8.66666667,0.00000000
2001-07-15T02:50:00,1,7,15,2,50,0.00000000,8.58333333,8.58333333,0.00000000
2001-07-15T03:00:00,1,7,15,3,0,0.00000000,8.50000000,8.50000000,0.00000000
2001-07-15T03:10:00,1,7,15,3,10,0.00000000,8.40000000,8.40000000,0.00000000
2001-07-15T03:20:00,1,7,15,3,20,0.00000000,8.30000000,8.30000000,0.00000000
2001-07-15T03:30:00,1,7,15,3,30,0.00000000,8.20000000,8.20000000,0.00000000
2001-07-15T03:40:00,1,7,15,3,40,0.00000000,8.10000000,8.10000000,0.00000000
2001-07-15T03:50:00,1,7,15,3,50,0.00000000,8.00000000,8.00000000,0.00000000
2001-07-15T04:00:00,1,7,15,4,0,0.00000000,7.90000000,7.90000000,0.00000000
2001-07-15T04:10:00,1,7,15,4,10,0.00000000,7.95000000,7.95000000,0.00000000
2001-07-15T04:20:00,1,7,15,4,20,0.00000000,8.00000000,8.00000000,0.00000000
2001-07-15T04:30:00,1,7,15,4,30,0.00000000,8.05000000,8.05000000,0.00000000
2001-07-15T04:40:00,1,7,15,4,40,0.00000000,8.10000000,8.10000000,0.00000000
2001-07-15T04:50:00,1,7,15,4,50,0.00000000,8.15000000,8.15000000,0.00000000
2001-07-15T05:00:00,1,7,15,5,0,0.00000000,8.20000000,8.20000000,0.00000000
2001-07-15T05:10:00,1,7,15,5,10,0.00083333,8.25000000,8.27916667,0.00089743
2001-07-15T05:20:00,1,7,15,5,20,0.00166667,8.30000000,8.35833333,0.00179425
2001-07-15T05:30:00,1,7,15,5,30,0.00250000,8.35000000,8.43750000,0.00269047
2001-07-15T05:40:00,1,7,15,5,40,0.00333333,8.40000000,8.51666667,0.00358608
2001-07-15T05:50:00,1,7,15,5,50,0.00416667,8.45000000,8.59583333,0.00448108
2001-07-15T06:00:00,1,7,15,6,0,0.00500000,8.50000000,8.67500000,0.00537547
2001-07-15T06:10:00,1,7,15,6,10,0.02700000,8.43333333,9.37833333,0.02894021
2001-07-15T06:20:00,1,7,15,6,20,0.04900000,8.36666667,10.08166667,0.05236259
2001-07-15T06:30:00,1,7,15,6,30,0.07100000,8.30000000,10.78500000,0.07564262
2001-07-15T06:40:00,1,7,15,6,40,0.09300000,8.23333333,11.48833333,0.09878029
2001-07-15T06:50:00,1,7,15,6,50,0.11500000,8.16666667,12.19166667,0.12177561
2001-07-15T07:00:00,1,7,15,7,0,0.13700000,8.10000000,12.89500000,0.14462857
2001-07-15T07:10:00,1,7,15,7,10,0.16883333,8.73333333,14.64250000,0.17687731
2001-07-15T07:20:00,1,7,15,7,20,0.20066667,9.36666667,16.39000000,0.20861427
2001-07-15T07:30:00,1,7,15,7,30,0.23250000,10.00000000,18.13750000,0.23983944
2001-07-15T07:40:00,1,7,15,7,40,0.26433333,10.63333333,19.88500000,0.27055283
2001-07-15T07:50:00,1,7,15,7,50,0.29616667,11.26666667,21.63250000,0.30075444
2001-07-15T08:00:00,1,7,15,8,0,0.32800000,11.90000000,23.38000000,0.33044426
2001-07-15T08:10:00,1,7,15,8,10,0.35933333,12.48333333,25.06000000,0.35923416
2001-07-15T08:20:00,1,7,15,8,20,0.39066667,13.06666667,26.74000000,0.38753977
2001-07-15T08:30:00,1,7,15,8,30,0.42200000,13.65000000,28.42000000,0.41536110
2001-07-15T08:40:00,1,7,15,8,40,0.45333333,14.23333333,30.10000000,0.44269813
2001-07-15T08:50:00,1,7,15,8,50,0.48466667,14.81666667,31.78000000,0.46955088
2001-07-15T09:00:00,1,7,15,9,0,0.51600000,15.40000000,33.46000000,0.49591934
2001-07-15T09:10:00,1,7,15,9,10,0.54100000,15.95000000,34.88500000,0.51640019
2001-07-15T09:20:00,1,7,15,9,20,0.56600000,16.50000000,36.31000000,0.53655328
2001-07-15T09:30:00,1,7,15,9,30,0.59100000,17.05000000,37.73500000,0.55637863
2001-07-15T09:40:00,1,7,15,9,40,0.61600000,17.60000000,39.16000000,0.57587622
2001-07-15T09:50:00,1,7,15,9,50,0.64100000,18.15000000,40.58500000,0.59504607
2001-07-15T10:00:00,1,7,15,10,0,0.66600000,18.70000000,42.01000000,0.61388816
2001-07-15T10:10:00,1,7,15,10,10,0.68000000,19.10000000,42.90000000,0.62400880
2001-07-15T10:20:00,1,7,15,10,20,0.69400000,19.50000000,43.79000000,0.63401480
2001-07-15T10:30:00,1,7,15,10,30,0.70800000,19.90000000,44.68000000,0.64390618
2001-07-15T10:40:00,1,7,15,10,40,0.72200000,20.30000000,45.57000000,0.65368292
2001-07-15T10:50:00,1,7,15,10,50,0.73600000,20.70000000,46.46000000,0.66334502
2001-07-15T11:00:00,1,7,15,11,0,0.75000000,21.10000000,47.35000000,0.67289250
2001-07-15T11:10:00,1,7,15,11,10,0.75000000,21.28333333,47.53333333,0.67226000
2001-07-15T11:20:00,1,7,15,11,20,0.75000000,21.46666667,47.71666667,0.67162750
2001-07-15T11:30:00,1,7,15,11,30,0.75000000,21.65000000,47.90000000,0.67099500
2001-07-15T11:40:00,1,7,15,11,40,0.75000000,21.83333333,48.08333333,0.67036250
2001-07-15T11:50:00,1,7,15,11,50,0.75000000,22.01666667,48.26666667,0.66973000
2001-07-15T12:00:00,1,7,15,12,0,0.75000000,22.20000000,48.45000000,0.66909750
2001-07-15T12:10:00,1,7,15,12,10,0.73600000,22.31666667,48.07666667,0.65787164
2001-07-15T12:20:00,1,7,15,12,20,0.72200000,22.43333333,47.70333333,0.64659769
2001-07-15T12:30:00,1,7,15,12,30,0.70800000,22.55000000,47.33000000,0.63527566
2001-07-15T12:40:00,1,7,15,12,40,0.69400000,22.66666667,46.95666667,0.62390554
2001-07-15T12:50:00,1,7,15,12,50,0.68000000,22.78333333,46.58333333,0.61248733
2001-07-15T13:00:00,1,7,15,13,0,0.66600000,22.90000000,46.21000000,0.60102104
2001-07-15T13:10:00,1,7,15,13,10,0.64100000,22.76666667,45.20166667,0.58143337
2001-07-15T13:20:00,1,7,15,13,20,0.61600000,22.63333333,44.19333333,0.56161377
2001-07-15T13:30:00,1,7,15,13,30,0.59100000,22.50000000,43.18500000,0.54156226
2001-07-15T13:40:00,1,7,15,13,40,0.56600000,22.36666667,42.17666667,0.52127883
2001-07-15T13:50:00,1,7,15,13,50,0.54100000,22.23333333,41.16833333,0.50076349
2001-07-15T14:00:00,1,7,15,14,0,0.51600000,22.10000000,40.16000000,0.48001622
2001-07-15T14:10:00,1,7,15,14,10,0.48466667,21.81666667,38.78000000,0.45394462
2001-07-15T14:20:00,1,7,15,14,20,0.45333333,21.53333333,37.40000000,0.42747520
2001-07-15T14:30:00,1,7,15,14,30,0.42200000,21.25000000,36.02000000,0.40060798
2001-07-15T14:40:00,1,7,15,14,40,0.39066667,20.96666667,34.64000000,0.37334294
2001-07-15T14:50:00,1,7,15,14,50,0.35933333,20.68333333,33.26000000,0.34568010
2001-07-15T15:00:00,1,7,15,15,0,0.32800000,20.40000000,31.88000000,0.31761946
2001-07-15T15:10:00,1,7,15,15,10,0.29616667,20.00000000,30.36583333,0.28885643
2001-07-15T15:20:00,1,7,15,15,20,0.26433333,19.60000000,28.85166667,0.25964996
2001-07-15T15:30:00,1,7,15,15,30,0.23250000,19.20000000,27.33750000,0.23000004
2001-07-15T15:40:00,1,7,15,15,40,0.20066667,18.80000000,25.82333333,0.19990668
2001-07-15T15:50:00,1,7,15,15,50,0.16883333,18.40000000,24.30916667,0.16936986
2001-07-15T16:00:00,1,7,15,16,0,0.13700000,18.00000000,22.79500000,0.13838959
2001-07-15T16:10:00,1,7,15,16,10,0.11583333,17.45000000,21.50416667,0.11769603
2001-07-15T16:20:00,1,7,15,16,20,0.09466667,16.90000000,20.21333333,0.09675110
2001-07-15T16:30:00,1,7,15,16,30,0.07350000,16.35000000,18.92250000,0.07555480
2001-07-15T16:40:00,1,7,15,16,40,0.05233333,15.80000000,17.63166667,0.05410714
2001-07-15T16:50:00,1,7,15,16,50,0.03116667,15.25000000,16.34083333,0.03240810
2001-07-15T17:00:00,1,7,15,17,0,0.01000000,14.70000000,15.05000000,0.01045770
2001-07-15T17:10:00,1,7,15,17,10,0.00833333,14.46666667,14.75833333,0.00872593
2001-07-15T17:20:00,1,7,15,17,20,0.00666667,14.23333333,14.46666667,0.00698969
2001-07-15T17:30:00,1,7,15,17,30,0.00500000,14.00000000,14.17500000,0.00524898
2001-07-15T17:40:00,1,7,15,17,40,0.00333333,13.76666667,13.88333333,0.00350379
2001-07-15T17:50:00,1,7,15,17,50,0.00166667,13.53333333,13.59166667,0.00175413
2001-07-15T18:00:00,1,7,15,18,0,0.00000000,13.30000000,13.30000000,0.00000000
2001-07-15T18:10:00,1,7,15,18,10,0.00000000,13.06666667,13.06666667,0.00000000
2001-07-15T18:20:00,1,7,15,18,20,0.00000000,12.83333333,12.83333333,0.00000000
2001-07-15T18:30:00,1,7,15,18,30,0.00000000,12.60000000,12.60000000,0.00000000
2001-07-15T18:40:00,1,7,15,18,40,0.00000000,12.36666667,12.36666667,0.00000000
2001-07-15T18:50:00,1,7,15,18,50,0.00000000,12.13333333,12.13333333,0.00000000
2001-07-15T19:00:00,1,7,15,19,0,0.00000000,11.90000000,11.90000000,0.00000000
2001-07-15T19:10:00,1,7,15,19,10,0.00000000,11.78333333,11.78333333,0.00000000
2001-07-15T19:20:00,1,7,15,19,20,0.00000000,11.66666667,11.66666667,0.00000000
2001-07-15T19:30:00,1,7,15,19,30,0.00000000,11.55000000,11.55000000,0.00000000
2001-07-15T19:40:00,1,7,15,19,40,0.00000000,11.43333333,11.43333333,0.00000000
2001-07-15T19:50:00,1,7,15,19,50,0.00000000,11.31666667,11.31666667,0.00000000
2001-07-15T20:00:00,1,7,15,20,0,0.00000000,11.20000000,11.20000000,0.00000000
2001-07-15T20:10:00,1,7,15,20,10,0.00000000,11.15000000,11.15000000,0.00000000
2001-07-15T20:20:00,1,7,15,20,20,0.00000000,11.10000000,11.10000000,0.00000000
2001-07-15T20:30:00,1,7,15,20,30,0.00000000,11.05000000,11.05000000,0.00000000
2001-07-15T20:40:00,1,7,15,20,40,0.00000000,11.00000000,11.00000000,0.00000000
2001-07-15T20:50:00,1,7,15,20,50,0.00000000,10.95000000,10.95000000,0.00000000
2001-07-15T21:00:00,1,7,15,21,0,0.00000000,10.90000000,10.90000000,0.00000000
2001-07-15T21:10:00,1,7,15,21,10,0.00000000,10.58333333,10.58333333,0.00000000
2001-07-15T21:20:00,1,7,15,21,20,0.00000000,10.26666667,10.26666667,0.00000000
2001-07-15T21:30:00,1,7,15,21,30,0.00000000,9.95000000,9.95000000,0.00000000
2001-07-15T21:40:00,1,7,15,21,40,0.00000000,9.63333333,9.63333333,0.00000000
2001-07-15T21:50:00,1,7,15,21,50,0.00000000,9.31666667,9.31666667,0.00000000
2001-07-15T22:00:00,1,7,15,22,0,0.00000000,9.00000000,9.00000000,0.00000000
2001-07-15T22:10:00,1,7,15,22,10,0.00000000,8.95000000,8.95000000,0.00000000
2001-07-15T22:20:00,1,7,15,22,20,0.00000000,8.90000000,8.90000000,0.00000000
2001-07-15T22:30:00,1,7,15,22,30,0.00000000,8.85000000,8.85000000,0.00000000
2001-07-15T22:40:00,1,7,15,22,40,0.00000000,8.80000000,8.80000000,0.00000000
2001-07-15T22:50:00,1,7,15,22,50,0.00000000,8.75000000,8.75000000,0.00000000
2001-07-15T23:00:00,1,7,15,23,0,0.00000000,8.70000000,8.70000000,0.00000000
2001-07-15T23:10:00,1,7,15,23,10,0.00000000,9.08333333,9.08333333,0.00000000
2001-07-15T23:20:00,1,7,15,23,20,0.00000000,9.46666667,9.46666667,0.00000000
2001-07-15T23:30:00,1,7,15,23,30,0.00000000,9.85000000,9.85000000,0.00000000
2001-07-15T23:40:00,1,7,15,23,40,0.00000000,10.23333333,10.23333333,0.00000000
2001-07-15T23:50:00,1,7,15,23,50,0.00000000,10.61666667,10.61666667,0.00000000
2001-07-16T00:00:00,1,7,16,0,0,0.00000000,11.00000000,11.00000000,0.00000000
2001-07-16T00:10:00,1,7,16,0,10,0.00000000,11.01666667,11.01666667,0.00000000
2001-07-16T00:20:00,1,7,16,0,20,0.00000000,11.03333333,11.03333333,0.00000000
2001-07-16T00:30:00,1,7,16,0,30,0.00000000,11.05000000,11.05000000,0.00000000
2001-07-16T00:40:00,1,7,16,0,40,0.00000000,11.06666667,11.06666667,0.00000000
2001-07-16T00:50:00,1,7,16,0,50,0.00000000,11.08333333,11.08333333,0.00000000
2001-07-16T01:00:00,1,7,16,1,0,0.00000000,11.10000000,11.10000000,0.00000000
2001-07-16T01:10:00,1,7,16,1,10,0.00000000,11.10000000,11.10000000,0.00000000
2001-07-16T01:20:00,1,7,16,1,20,0.00000000,11.10000000,11.10000000,0.00000000
2001-07-16T01:30:00,1,7,16,1,30,0.00000000,11.10000000,11.10000000,0.00000000
2001-07-16T01:40:00,1,7,16,1,40,0.00000000,11.10000000,11.10000000,0.00000000
2001-07-16T01:50:00,1,7,16,1,50,0.00000000,11.10000000,11.10000000,0.00000000
2001-07-16T02:00:00,1,7,16,2,0,0.00000000,11.10000000,11.10000000,0.00000000
2001-07-16T02:10:00,1,7,16,2,10,0.00000000,11.05000000,11.05000000,0.00000000
2001-07-16T02:20:00,1,7,16,2,20,0.00000000,11.00000000,11.00000000,0.00000000
2001-07-16T02:30:00,1,7,16,2,30,0.00000000,10.95000000,10.95000000,0.00000000
2001-07-16T02:40:00,1,7,16,2,40,0.00000000,10.90000000,10.90000000,0.00000000
2001-07-16T02:50:00,1,7,16,2,50,0.00000000,10.85000000,10.85000000,0.00000000
2001-07-16T03:00:00,1,7,16,3,0,0.00000000,10.80000000,10.80000000,0.00000000
2001-07-16T03:10:00,1,7,16,3,10,0.00000000,10.80000000,10.80000000,0.00000000
2001-07-16T03:20:00,1,7,16,3,20,0.00000000,10.80000000,10.80000000,0.00000000
2001-07-16T03:30:00,1,7,16,3,30,0.00000000,10.80000000,10.80000000,0.00000000
2001-07-16T03:40:00,1,7,16,3,40,0.00000000,10.80000000,10.80000000,0.00000000
2001-07-16T03:50:00,1,7,16,3,50,0.00000000,10.80000000,10.80000000,0.00000000
2001-07-16T04:00:00,1,7,16,4,0,0.00000000,10.80000000,10.80000000,0.00000000
2001-07-16T04:10:00,1,7,16,4,10,0.00000000,10.76666667,10.76666667,0.00000000
2001-07-16T04:20:00,1,7,16,4,20,0.00000000,10.73333333,10.73333333,0.00000000
2001-07-16T04:30:00,1,7,16,4,30,0.00000000,10.70000000,10.70000000,0.00000000
2001-07-16T04:40:00,1,7,16,4,40,0.00000000,10.66666667,10.66666667,0.00000000
2001-07-16T04:50:00,1,7,16,4,50,0.00000000,10.63333333,10.63333333,0.00000000
2001-07-16T05:00:00,1,7,16,5,0,0.00000000,10.60000000,10.60000000,0.00000000
2001-07-16T05:10:00,1,7,16,5,10,0.00050000,10.70000000,10.71750000,0.00053285
2001-07-16T05:20:00,1,7,16,5,20,0.00100000,10.80000000,10.83500000,0.00106516
2001-07-16T05:30:00,1,7,16,5,30,0.00150000,10.90000000,10.95250000,0.00159693
2001-07-16T05:40:00,1,7,16,5,40,0.00200000,11.00000000,11.07000000,0.00212816
2001-07-16T05:50:00,1,7,16,5,50,0.00250000,11.10000000,11.18750000,0.00265884
2001-07-16T06:00:00,1,7,16,6,0,0.00300000,11.20000000,11.30500000,0.00318899
2001-07-16T06:10:00,1,7,16,6,10,0.02300000,11.16666667,11.97166667,0.02437840
2001-07-16T06:20:00,1,7,16,6,20,0.04300000,11.13333333,12.63833333,0.04544514
2001-07-16T06:30:00,1,7,16,6,30,0.06300000,11.10000000,13.30500000,0.06638921
2001-07-16T06:40:00,1,7,16,6,40,0.08300000,11.06666667,13.97166667,0.08721062
2001-07-16T06:50:00,1,7,16,6,50,0.10300000,11.03333333,14.63833333,0.10790936
2001-07-16T07:00:00,1,7,16,7,0,0.12300000,11.00000000,15.30500000,0.12848543
2001-07-16T07:10:00,1,7,16,7,10,0.13716667,11.18333333,15.98416667,0.14285536
2001-07-16T07:20:00,1,7,16,7,20,0.15133333,11.36666667,16.66333333,0.15713676
2001-07-16T07:30:00,1,7,16,7,30,0.16550000,11.55000000,17.34250000,0.17132965
2001-07-16T07:40:00,1,7,16,7,40,0.17966667,11.73333333,18.02166667,0.18543403
2001-07-16T07:50:00,1,7,16,7,50,0.19383333,11.91666667,18.70083333,0.19944988
2001-07-16T08:00:00,1,7,16,8,0,0.20800000,12.10000000,19.38000000,0.21337722
2001-07-16T08:10:00,1,7,16,8,10,0.21800000,12.26666667,19.89666667,0.22311762
2001-07-16T08:20:00,1,7,16,8,20,0.22800000,12.43333333,20.41333333,0.23281050
2001-07-16T08:30:00,1,7,16,8,30,0.23800000,12.60000000,20.93000000,0.24245584
2001-07-16T08:40:00,1,7,16,8,40,0.24800000,12.76666667,21.44666667,0.25205364
2001-07-16T08:50:00,1,7,16,8,50,0.25800000,12.93333333,21.96333333,0.26160392
2001-07-16T09:00:00,1,7,16,9,0,0.26800000,13.10000000,22.48000000,0.27110666
2001-07-16T09:10:00,1,7,16,9,10,0.29150000,13.26666667,23.46916667,0.29355269
2001-07-16T09:20:00,1,7,16,9,20,0.31500000,13.43333333,24.45833333,0.31578488
2001-07-16T09:30:00,1,7,16,9,30,0.33850000,13.60000000,25.44750000,0.33780320
2001-07-16T09:40:00,1,7,16,9,40,0.36200000,13.76666667,26.43666667,0.35960766
2001-07-16T09:50:00,1,7,16,9,50,0.38550000,13.93333333,27.42583333,0.38119827
2001-07-16T10:00:00,1,7,16,10,0,0.40900000,14.10000000,28.41500000,0.40257502
2001-07-16T10:10:00,1,7,16,10,10,0.41733333,14.28333333,28.89000000,0.40986557
2001-07-16T10:20:00,1,7,16,10,20,0.42566667,14.46666667,29.36500000,0.41711971
2001-07-16T10:30:00,1,7,16,10,30,0.43400000,14.65000000,29.84000000,0.42433742
2001-07-16T10:40:00,1,7,16,10,40,0.44233333,14.83333333,30.31500000,0.43151873
2001-07-16T10:50:00,1,7,16,10,50,0.45066667,15.01666667,30.79000000,0.43866361
2001-07-16T11:00:00,1,7,16,11,0,0.45900000,15.20000000,31.26500000,0.44577208
2001-07-16T11:10:00,1,7,16,11,10,0.46616667,15.28333333,31.59916667,0.45201563
2001-07-16T11:20:00,1,7,16,11,20,0.47333333,15.36666667,31.93333333,0.45823716
2001-07-16T11:30:00,1,7,16,11,30,0.48050000,15.45000000,32.26750000,0.46443664
2001-07-16T11:40:00,1,7,16,11,40,0.48766667,15.53333333,32.60166667,0.47061410
2001-07-16T11:50:00,1,7,16,11,50,0.49483333,15.61666667,32.93583333,0.47676952
2001-07-16T12:00:00,1,7,16,12,0,0.50200000,15.70000000,33.27000000,0.48290292
2001-07-16T12:10:00,1,7,16,12,10,0.50000000,15.68333333,33.18333333,0.48117833
2001-07-16T12:20:00,1,7,16,12,20,0.49800000,15.66666667,33.09666667,0.47945216
2001-07-16T12:30:00,1,7,16,12,30,0.49600000,15.65000000,33.01000000,0.47772438
2001-07-16T12:40:00,1,7,16,12,40,0.49400000,15.63333333,32.92333333,0.47599502
2001-07-16T12:50:00,1,7,16,12,50,0.49200000,15.61666667,32.83666667,0.47426406
2001-07-16T13:00:00,1,7,16,13,0,0.49000000,15.60000000,32.75000000,0.47253150
2001-07-16T13:10:00,1,7,16,13,10,0.48950000,15.66666667,32.79916667,0.47193862
2001-07-16T13:20:00,1,7,16,13,20,0.48900000,15.73333333,32.84833333,0.47134596
2001-07-16T13:30:00,1,7,16,13,30,0.48850000,15.80000000,32.89750000,0.47075353
2001-07-16T13:40:00,1,7,16,13,40,0.48800000,15.86666667,32.94666667,0.47016132
2001-07-16T13:50:00,1,7,16,13,50,0.48750000,15.93333333,32.99583333,0.46956934
2001-07-16T14:00:00,1,7,16,14,0,0.48700000,16.00000000,33.04500000,0.46897759
2001-07-16T14:10:00,1,7,16,14,10,0.42883333,16.10000000,31.10916667,0.41678219
2001-07-16T14:20:00,1,7,16,14,20,0.37066667,16.20000000,29.17333333,0.36355086
2001-07-16T14:30:00,1,7,16,14,30,0.31250000,16.30000000,27.23750000,0.30928359
2001-07-16T14:40:00,1,7,16,14,40,0.25433333,16.40000000,25.30166667,0.25398040
2001-07-16T14:50:00,1,7,16,14,50,0.19616667,16.50000000,23.36583333,0.19764128
2001-07-16T15:00:00,1,7,16,15,0,0.13800000,16.60000000,21.43000000,0.14026624
2001-07-16T15:10:00,1,7,16,15,10,0.13050000,16.13333333,20.70083333,0.13308079
2001-07-16T15:20:00,1,7,16,15,20,0.12300000,15.66666667,19.97166667,0.12584503
2001-07-16T15:30:00,1,7,16,15,30,0.11550000,15.20000000,19.24250000,0.11855896
2001-07-16T15:40:00,1,7,16,15,40,0.10800000,14.73333333,18.51333333,0.11122258
2001-07-16T15:50:00,1,7,16,15,50,0.10050000,14.26666667,17.78416667,0.10383588
2001-07-16T16:00:00,1,7,16,16,0,0.09300000,13.80000000,17.05500000,0.09639887
2001-07-16T16:10:00,1,7,16,16,10,0.07850000,13.85000000,16.59750000,0.08153414
2001-07-16T16:20:00,1,7,16,16,20,0.06400000,13.90000000,16.14000000,0.06660838
2001-07-16T16:30:00,1,7,16,16,30,0.04950000,13.95000000,15.68250000,0.05162159
2001-07-16T16:40:00,1,7,16,16,40,0.03500000,14.00000000,15.22500000,0.03657378
2001-07-16T16:50:00,1,7,16,16,50,0.02050000,14.05000000,14.76750000,0.02146492
2001-07-16T17:00:00,1,7,16,17,0,0.00600000,14.10000000,14.31000000,0.00629504
2001-07-16T17:10:00,1,7,16,17,10,0.00500000,14.00000000,14.17500000,0.00524898
2001-07-16T17:20:00,1,7,16,17,20,0.00400000,13.90000000,14.04000000,0.00420166
2001-07-16T17:30:00,1,7,16,17,30,0.00300000,13.80000000,13.90500000,0.00315311
2001-07-16T17:40:00,1,7,16,17,40,0.00200000,13.70000000,13.77000000,0.00210332
2001-07-16T17:50:00,1,7,16,17,50,0.00100000,13.60000000,13.63500000,0.00105228
2001-07-16T18:00:00,1,7,16,18,0,0.00000000,13.50000000,13.50000000,0.00000000
2001-07-16T18:10:00,1,7,16,18,10,0.00000000,13.45000000,13.45000000,0.00000000
2001-07-16T18:20:00,1,7,16,18,20,0.00000000,13.40000000,13.40000000,0.00000000
2001-07-16T18:30:00,1,7,16,18,30,0.00000000,13.35000000,13.35000000,0.00000000
2001-07-16T18:40:00,1,7,16,18,40,0.00000000,13.30000000,13.30000000,0.00000000
2001-07-16T18:50:00,1,7,16,18,50,0.00000000,13.25000000,13.25000000,0.00000000
2001-07-16T19:00:00,1,7,16,19,0,0.00000000,13.20000000,13.20000000,0.00000000
2001-07-16T19:10:00,1,7,16,19,10,0.00000000,13.15000000,13.15000000,0.00000000
2001-07-16T19:20:00,1,7,16,19,20,0.00000000,13.10000000,13.10000000,0.00000000
2001-07-16T19:30:00,1,7,16,19,30,0.00000000,13.05000000,13.05000000,0.00000000
2001-07-16T19:40:00,1,7,16,19,40,0.00000000,13.00000000,13.00000000,0.00000000
2001-07-16T19:50:00,1,7,16,19,50,0.00000000,12.95000000,12.95000000,0.00000000
2001-07-16T20:00:00,1,7,16,20,0,0.00000000,12.90000000,12.90000000,0.00000000
2001-07-16T20:10:00,1,7,16,20,10,0.00000000,12.85000000,12.85000000,0.00000000
2001-07-16T20:20:00,1,7,16,20,20,0.00000000,12.80000000,12.80000000,0.00000000
2001-07-16T20:30:00,1,7,16,20,30,0.00000000,12.75000000,12.75000000,0.00000000
2001-07-16T20:40:00,1,7,16,20,40,0.00000000,12.70000000,12.70000000,0.00000000
2001-07-16T20:50:00,1,7,16,20,50,0.00000000,12.65000000,12.65000000,0.00000000
2001-07-16T21:00:00,1,7,16,21,0,0.00000000,12.60000000,12.60000000,0.00000000
2001-07-16T21:10:00,1,7,16,21,10,0.00000000,12.51666667,12.51666667,0.00000000
2001-07-16T21:20:00,1,7,16,21,20,0.00000000,12.43333333,12.43333333,0.00000000
2001-07-16T21:30:00,1,7,16,21,30,0.00000000,12.35000000,12.35000000,0.00000000
2001-07-16T21:40:00,1,7,16,21,40,0.00000000,12.26666667,12.26666667,0.00000000
2001-07-16T21:50:00,1,7,16,21,50,0.00000000,12.18333333,12.18333333,0.00000000
2001-07-16T22:00:00,1,7,16,22,0,0.00000000,12.10000000,12.10000000,0.00000000
2001-07-16T22:10:00,1,7,16,22,10,0.00000000,12.00000000,12.00000000,0.00000000
2001-07-16T22:20:00,1,7,16,22,20,0.00000000,11.90000000,11.90000000,0.00000000
2001-07-16T22:30:00,1,7,16,22,30,0.00000000,11.80000000,11.80000000,0.00000000
2001-07-16T22:40:00,1,7,16,22,40,0.00000000,11.70000000,11.70000000,0.00000000
2001-07-16T22:50:00,1,7,16,22,50,0.00000000,11.60000000,11.60000000,0.00000000
2001-07-16T23:00:00,1,7,16,23,0,0.00000000,11.50000000,11.50000000,0.00000000
2001-07-16T23:10:00,1,7,16,23,10,0.00000000,11.26666667,11.26666667,0.00000000
2001-07-16T23:20:00,1,7,16,23,20,0.00000000,11.03333333,11.03333333,0.00000000
2001-07-16T23:30:00,1,7,16,23,30,0.00000000,10.80000000,10.80000000,0.00000000
2001-07-16T23:40:00,1,7,16,23,40,0.00000000,10.56666667,10.56666667,0.00000000
2001-07-16T23:50:00,1,7,16,23,50,0.00000000,10.33333333,10.33333333,0.00000000
2001-07-17T00:00:00,1,7,17,0,0,0.00000000,10.10000000,10.10000000,0.00000000
2001-07-17T00:10:00,1,7,17,0,10,0.00000000,10.11666667,10.11666667,0.00000000
2001-07-17T00:20:00,1,7,17,0,20,0.00000000,10.13333333,10.13333333,0.00000000
2001-07-17T00:30:00,1,7,17,0,30,0.00000000,10.15000000,10.15000000,0.00000000
2001-07-17T00:40:00,1,7,17,0,40,0.00000000,10.16666667,10.16666667,0.00000000
2001-07-17T00:50:00,1,7,17,0,50,0.00000000,10.18333333,10.18333333,0.00000000
2001-07-17T01:00:00,1,7,17,1,0,0.00000000,10.20000000,10.20000000,0.00000000
2001-07-17T01:10:00,1,7,17,1,10,0.00000000,10.06666667,10.06666667,0.00000000
2001-07-17T01:20:00,1,7,17,1,20,0.00000000,9.93333333,9.93333333,0.00000000
2001-07-17T01:30:00,1,7,17,1,30,0.00000000,9.80000000,9.80000000,0.00000000
2001-07-17T01:40:00,1,7,17,1,40,0.00000000,9.66666667,9.66666667,0.00000000
2001-07-17T01:50:00,1,7,17,1,50,0.00000000,9.53333333,9.53333333,0.00000000
2001-07-17T02:00:00,1,7,17,2,0,0.00000000,9.40000000,9.40000000,0.00000000
2001-07-17T02:10:00,1,7,17,2,10,0.00000000,9.50000000,9.50000000,0.00000000
2001-07-17T02:20:00,1,7,17,2,20,0.00000000,9.60000000,9.60000000,0.00000000
2001-07-17T02:30:00,1,7,17,2,30,0.00000000,9.70000000,9.70000000,0.00000000
2001-07-17T02:40:00,1,7,17,2,40,0.00000000,9.80000000,9.80000000,0.00000000
2001-07-17T02:50:00,1,7,17,2,50,0.00000000,9.90000000,9.90000000,0.00000000
2001-07-17T03:00:00,1,7,17,3,0,0.00000000,10.00000000,10.00000000,0.00000000
2001-07-17T03:10:00,1,7,17,3,10,0.00000000,9.98333333,9.98333333,0.00000000
2001-07-17T03:20:00,1,7,17,3,20,0.00000000,9.96666667,9.96666667,0.00000000
2001-07-17T03:30:00,1,7,17,3,30,0.00000000,9.95000000,9.95000000,0.00000000
2001-07-17T03:40:00,1,7,17,3,40,0.00000000,9.93333333,9.93333333,0.00000000
2001-07-17T03:50:00,1,7,17,3,50,0.00000000,9.91666667,9.91666667,0.00000000
2001-07-17T04:00:00,1,7,17,4,0,0.00000000,9.90000000,9.90000000,0.00000000
2001-07-17T04:10:00,1,7,17,4,10,0.00000000,9.88333333,9.88333333,0.00000000
2001-07-17T04:20:00,1,7,17,4,20,0.00000000,9.86666667,9.86666667,0.00000000
2001-07-17T04:30:00,1,7,17,4,30,0.00000000,9.85000000,9.85000000,0.00000000
2001-07-17T04:40:00,1,7,17,4,40,0.00000000,9.83333333,9.83333333,0.00000000
2001-07-17T04:50:00,1,7,17,4,50,0.00000000,9.81666667,9.81666667,0.00000000
2001-07-17T05:00:00,1,7,17,5,0,0.00000000,9.80000000,9.80000000,0.00000000
2001-07-17T05:10:00,1,7,17,5,10,0.00050000,9.78333333,9.80083333,0.00053496
2001-07-17T05:20:00,1,7,17,5,20,0.00100000,9.76666667,9.80166667,0.00106991
2001-07-17T05:30:00,1,7,17,5,30,0.00150000,9.75000000,9.80250000,0.00160486
2001-07-17T05:40:00,1,7,17,5,40,0.00200000,9.73333333,9.80333333,0.00213981
2001-07-17T05:50:00,1,7,17,5,50,0.00250000,9.71666667,9.80416667,0.00267475
2001-07-17T06:00:00,1,7,17,6,0,0.00300000,9.70000000,9.80500000,0.00320969
2001-07-17T06:10:00,1,7,17,6,10,0.01566667,9.66666667,10.21500000,0.01673217
2001-07-17T06:20:00,1,7,17,6,20,0.02833333,9.63333333,10.62500000,0.03020687
2001-07-17T06:30:00,1,7,17,6,30,0.04100000,9.60000000,11.03500000,0.04363380
2001-07-17T06:40:00,1,7,17,6,40,0.05366667,9.56666667,11.44500000,0.05701294
2001-07-17T06:50:00,1,7,17,6,50,0.06633333,9.53333333,11.85500000,0.07034431
2001-07-17T07:00:00,1,7,17,7,0,0.07900000,9.50000000,12.26500000,0.08362790
2001-07-17T07:10:00,1,7,17,7,10,0.09583333,9.90000000,13.25416667,0.10101129
2001-07-17T07:20:00,1,7,17,7,20,0.11266667,10.30000000,14.24333333,0.11824149
2001-07-17T07:30:00,1,7,17,7,30,0.12950000,10.70000000,15.23250000,0.13531850
2001-07-17T07:40:00,1,7,17,7,40,0.14633333,11.10000000,16.22166667,0.15224232
2001-07-17T07:50:00,1,7,17,7,50,0.16316667,11.50000000,17.21083333,0.16901296
2001-07-17T08:00:00,1,7,17,8,0,0.18000000,11.90000000,18.20000000,0.18563040
2001-07-17T08:10:00,1,7,17,8,10,0.18316667,12.20000000,18.61083333,0.18854997
2001-07-17T08:20:00,1,7,17,8,20,0.18633333,12.50000000,19.02166667,0.19145756
2001-07-17T08:30:00,1,7,17,8,30,0.18950000,12.80000000,19.43250000,0.19435319
2001-07-17T08:40:00,1,7,17,8,40,0.19266667,13.10000000,19.84333333,0.19723685
2001-07-17T08:50:00,1,7,17,8,50,0.19583333,13.40000000,20.25416667,0.20010854
2001-07-17T09:00:00,1,7,17,9,0,0.19900000,13.70000000,20.66500000,0.20296826
2001-07-17T09:10:00,1,7,17,9,10,0.24083333,13.83333333,22.26250000,0.24386603
2001-07-17T09:20:00,1,7,17,9,20,0.28266667,13.96666667,23.86000000,0.28414897
2001-07-17T09:30:00,1,7,17,9,30,0.32450000,14.10000000,25.45750000,0.32381709
2001-07-17T09:40:00,1,7,17,9,40,0.36633333,14.23333333,27.05500000,0.36287038
2001-07-17T09:50:00,1,7,17,9,50,0.40816667,14.36666667,28.65250000,0.40130885
2001-07-17T10:00:00,1,7,17,10,0,0.45000000,14.50000000,30.25000000,0.43913250
2001-07-17T10:10:00,1,7,17,10,10,0.49083333,15.00000000,32.17916667,0.47462397
2001-07-17T10:20:00,1,7,17,10,20,0.53166667,15.50000000,34.10833333,0.50939072
2001-07-17T10:30:00,1,7,17,10,30,0.57250000,16.00000000,36.03750000,0.54343274
2001-07-17T10:40:00,1,7,17,10,40,0.61333333,16.50000000,37.96666667,0.57675004
2001-07-17T10:50:00,1,7,17,10,50,0.65416667,17.00000000,39.89583333,0.60934262
2001-07-17T11:00:00,1,7,17,11,0,0.69500000,17.50000000,41.82500000,0.64121047
2001-07-17T11:10:00,1,7,17,11,10,0.66033333,18.00000000,41.11166667,0.61139361
2001-07-17T11:20:00,1,7,17,11,20,0.62566667,18.50000000,40.39833333,0.58134924
2001-07-17T11:30:00,1,7,17,11,30,0.59100000,19.00000000,39.68500000,0.55107736
2001-07-17T11:40:00,1,7,17,11,40,0.55633333,19.50000000,38.97166667,0.52057798
2001-07-17T11:50:00,1,7,17,11,50,0.52166667,20.00000000,38.25833333,0.48985109
2001-07-17T12:00:00,1,7,17,12,0,0.48700000,20.50000000,37.54500000,0.45889669
2001-07-17T12:10:00,1,7,17,12,10,0.48983333,20.18333333,37.32750000,0.46205660
2001-07-17T12:20:00,1,7,17,12,20,0.49266667,19.86666667,37.11000000,0.46522218
2001-07-17T12:30:00,1,7,17,12,30,0.49550000,19.55000000,36.89250000,0.46839342
2001-07-17T12:40:00,1,7,17,12,40,0.49833333,19.23333333,36.67500000,0.47157034
2001-07-17T12:50:00,1,7,17,12,50,0.50116667,18.91666667,36.45750000,0.47475293
2001-07-17T13:00:00,1,7,17,13,0,0.50400000,18.60000000,36.24000000,0.47794118
2001-07-17T13:10:00,1,7,17,13,10,0.45866667,18.75000000,34.80333333,0.43798294
2001-07-17T13:20:00,1,7,17,13,20,0.41333333,18.90000000,33.36666667,0.39742551
2001-07-17T13:30:00,1,7,17,13,30,0.36800000,19.05000000,31.93000000,0.35626890
2001-07-17T13:40:00,1,7,17,13,40,0.32266667,19.20000000,30.49333333,0.31451310
2001-07-17T13:50:00,1,7,17,13,50,0.27733333,19.35000000,29.05666667,0.27215811
2001-07-17T14:00:00,1,7,17,14,0,0.23200000,19.50000000,27.62000000,0.22920394
2001-07-17T14:10:00,1,7,17,14,10,0.21566667,19.03333333,26.58166667,0.21409755
2001-07-17T14:20:00,1,7,17,14,20,0.19933333,18.56666667,25.54333333,0.19883513
2001-07-17T14:30:00,1,7,17,14,30,0.18300000,18.10000000,24.50500000,0.18341669
2001-07-17T14:40:00,1,7,17,14,40,0.16666667,17.63333333,23.46666667,0.16784222
2001-07-17T14:50:00,1,7,17,14,50,0.15033333,17.16666667,22.42833333,0.15211173
2001-07-17T15:00:00,1,7,17,15,0,0.13400000,16.70000000,21.39000000,0.13622520
2001-07-17T15:10:00,1,7,17,15,10,0.12650000,16.58333333,21.01083333,0.12882130
2001-07-17T15:20:00,1,7,17,15,20,0.11900000,16.46666667,20.63166667,0.12139123
2001-07-17T15:30:00,1,7,17,15,30,0.11150000,16.35000000,20.25250000,0.11393499
2001-07-17T15:40:00,1,7,17,15,40,0.10400000,16.23333333,19.87333333,0.10645260
2001-07-17T15:50:00,1,7,17,15,50,0.09650000,16.11666667,19.49416667,0.09894404
2001-07-17T16:00:00,1,7,17,16,0,0.08900000,16.00000000,19.11500000,0.09140932
2001-07-17T16:10:00,1,7,17,16,10,0.07516667,16.03333333,18.66416667,0.07735739
2001-07-17T16:20:00,1,7,17,16,20,0.06133333,16.06666667,18.21333333,0.06324808
2001-07-17T16:30:00,1,7,17,16,30,0.04750000,16.10000000,17.76250000,0.04908139
2001-07-17T16:40:00,1,7,17,16,40,0.03366667,16.13333333,17.31166667,0.03485733
2001-07-17T16:50:00,1,7,17,16,50,0.01983333,16.16666667,16.86083333,0.02057590
2001-07-17T17:00:00,1,7,17,17,0,0.00600000,16.20000000,16.41000000,0.00623708
2001-07-17T17:10:00,1,7,17,17,10,0.00500000,16.00000000,16.17500000,0.00520297
2001-07-17T17:20:00,1,7,17,17,20,0.00400000,15.80000000,15.94000000,0.00416670
2001-07-17T17:30:00,1,7,17,17,30,0.00300000,15.60000000,15.70500000,0.00312827
2001-07-17T17:40:00,1,7,17,17,40,0.00200000,15.40000000,15.47000000,0.00208768
2001-07-17T17:50:00,1,7,17,17,50,0.00100000,15.20000000,15.23500000,0.00104492
2001-07-17T18:00:00,1,7,17,18,0,0.00000000,15.00000000,15.00000000,0.00000000
2001-07-17T18:10:00,1,7,17,18,10,0.00000000,14.91666667,14.91666667,0.00000000
2001-07-17T18:20:00,1,7,17,18,20,0.00000000,14.83333333,14.83333333,0.00000000
2001-07-17T18:30:00,1,7,17,18,30,0.00000000,14.75000000,14.75000000,0.00000000
2001-07-17T18:40:00,1,7,17,18,40,0.00000000,14.66666667,14.66666667,0.00000000
2001-07-17T18:50:00,1,7,17,18,50,0.00000000,14.58333333,14.58333333,0.00000000
2001-07-17T19:00:00,1,7,17,19,0,0.00000000,14.50000000,14.50000000,0.00000000
2001-07-17T19:10:00,1,7,17,19,10,0.00000000,14.35000000,14.35000000,0.00000000
2001-07-17T19:20:00,1,7,17,19,20,0.00000000,14.20000000,14.20000000,0.00000000
2001-07-17T19:30:00,1,7,17,19,30,0.00000000,14.05000000,14.05000000,0.00000000
2001-07-17T19:40:00,1,7,17,19,40,0.00000000,13.90000000,13.90000000,0.00000000
2001-07-17T19:50:00,1,7,17,19,50,0.00000000,13.75000000,13.75000000,0.00000000
2001-07-17T20:00:00,1,7,17,20,0,0.00000000,13.60000000,13.60000000,0.00000000
2001-07-17T20:10:00,1,7,17,20,10,0.00000000,13.45000000,13.45000000,0.00000000
2001-07-17T20:20:00,1,7,17,20,20,0.00000000,13.30000000,13.30000000,0.00000000
2001-07-17T20:30:00,1,7,17,20,30,0.00000000,13.15000000,13.15000000,0.00000000
2001-07-17T20:40:00,1,7,17,20,40,0.00000000,13.00000000,13.00000000,0.00000000
2001-07-17T20:50:00,1,7,17,20,50,0.00000000,12.85000000,12.85000000,0.00000000
2001-07-17T21:00:00,1,7,17,21,0,0.00000000,12.70000000,12.70000000,0.00000000
2001-07-17T21:10:00,1,7,17,21,10,0.00000000,12.61666667,12.61666667,0.00000000
2001-07-17T21:20:00,1,7,17,21,20,0.00000000,12.53333333,12.53333333,0.00000000
2001-07-17T21:30:00,1,7,17,21,30,0.00000000,12.45000000,12.45000000,0.00000000
2001-07-17T21:40:00,1,7,17,21,40,0.00000000,12.36666667,12.36666667,0.00000000
2001-07-17T21:50:00,1,7,17,21,50,0.00000000,12.28333333,12.28333333,0.00000000
2001-07-17T22:00:00,1,7,17,22,0,0.00000000,12.20000000,12.20000000,0.00000000
2001-07-17T22:10:00,1,7,17,22,10,0.00000000,12.11666667,12.11666667,0.00000000
2001-07-17T22:20:00,1,7,17,22,20,0.00000000,12.03333333,12.03333333,0.00000000
2001-07-17T22:30:00,1,7,17,22,30,0.00000000,11.95000000,11.95000000,0.00000000
2001-07-17T22:40:00,1,7,17,22,40,0.00000000,11.86666667,11.86666667,0.00000000
2001-07-17T22:50:00,1,7,17,22,50,0.00000000,11.78333333,11.78333333,0.00000000
2001-07-17T23:00:00,1,7,17,23,0,0.00000000,11.70000000,11.70000000,0.00000000
2001-07-17T23:10:00,1,7,17,23,10,0.00000000,11.68333333,11.68333333,0.00000000
2001-07-17T23:20:00,1,7,17,23,20,0.00000000,11.66666667,11.66666667,0.00000000
2001-07-17T23:30:00,1,7,17,23,30,0.00000000,11.65000000,11.65000000,0.00000000
2001-07-17T23:40:00,1,7,17,23,40,0.00000000,11.63333333,11.63333333,0.00000000
2001-07-17T23:50:00,1,7,17,23,50,0.00000000,11.61666667,11.61666667,0.00000000
2001-07-18T00:00:00,1,7,18,0,0,0.00000000,11.60000000,11.60000000,0.00000000
2001-07-18T00:10:00,1,7,18,0,10,0.00000000,11.45000000,11.45000000,0.00000000
2001-07-18T00:20:00,1,7,18,0,20,0.00000000,11.30000000,11.30000000,0.00000000
2001-07-18T00:30:00,1,7,18,0,30,0.00000000,11.15000000,11.15000000,0.00000000
2001-07-18T00:40:00,1,7,18,0,40,0.00000000,11.00000000,11.00000000,0.00000000
2001-07-18T00:50:00,1,7,18,0,50,0.00000000,10.85000000,10.85000000,0.00000000
2001-07-18T01:00:00,1,7,18,1,0,0.00000000,10.70000000,10.70000000,0.00000000
2001-07-18T01:10:00,1,7,18,1,10,0.00000000,10.75000000,10.75000000,0.00000000
2001-07-18T01:20:00,1,7,18,1,20,0.00000000,10.80000000,10.80000000,0.00000000
2001-07-18T01:30:00,1,7,18,1,30,0.00000000,10.85000000,10.85000000,0.00000000
2001-07-18T01:40:00,1,7,18,1,40,0.00000000,10.90000000,10.90000000,0.00000000
2001-07-18T01:50:00,1,7,18,1,50,0.00000000,10.95000000,10.95000000,0.00000000
2001-07-18T02:00:00,1,7,18,2,0,0.00000000,11.00000000,11.00000000,0.00000000
2001-07-18T02:10:00,1,7,18,2,10,0.00000000,10.95000000,10.95000000,0.00000000
2001-07-18T02:20:00,1,7,18,2,20,0.00000000,10.90000000,10.90000000,0.00000000
2001-07-18T02:30:00,1,7,18,2,30,0.00000000,10.85000000,10.85000000,0.00000000
2001-07-18T02:40:00,1,7,18,2,40,0.00000000,10.80000000,10.80000000,0.00000000
2001-07-18T02:50:00,1,7,18,2,50,0.00000000,10.75000000,10.75000000,0.00000000
2001-07-18T03:00:00,1,7,18,3,0,0.00000000,10.70000000,10.70000000,0.00000000
2001-07-18T03:10:00,1,7,18,3,10,0.00000000,10.56666667,10.56666667,0.00000000
2001-07-18T03:20:00,1,7,18,3,20,0.00000000,10.43333333,10.43333333,0.00000000
2001-07-18T03:30:00,1,7,18,3,30,0.00000000,10.30000000,10.30000000,0.00000000
2001-07-18T03:40:00,1,7,18,3,40,0.00000000,10.16666667,10.16666667,0.00000000
2001-07-18T03:50:00,1,7,18,3,50,0.00000000,10.03333333,10.03333333,0.00000000
2001-07-18T04:00:00,1,7,18,4,0,0.00000000,9.90000000,9.90000000,0.00000000
2001-07-18T04:10:00,1,7,18,4,10,0.00000000,9.98333333,9.98333333,0.00000000
2001-07-18T04:20:00,1,7,18,4,20,0.00000000,10.06666667,10.06666667,0.00000000
2001-07-18T04:30:00,1,7,18,4,30,0.00000000,10.15000000,10.15000000,0.00000000
2001-07-18T04:40:00,1,7,18,4,40,0.00000000,10.23333333,10.23333333,0.00000000
2001-07-18T04:50:00,1,7,18,4,50,0.00000000,10.31666667,10.31666667,0.00000000
2001-07-18T05:00:00,1,7,18,5,0,0.00000000,10.40000000,10.40000000,0.00000000
2001-07-18T05:10:00,1,7,18,5,10,0.00083333,10.28333333,10.31250000,0.00088964
2001-07-18T05:20:00,1,7,18,5,20,0.00166667,10.16666667,10.22500000,0.00177994
2001-07-18T05:30:00,1,7,18,5,30,0.00250000,10.05000000,10.13750000,0.00267092
2001-07-18T05:40:00,1,7,18,5,40,0.00333333,9.93333333,10.05000000,0.00356257
2001-07-18T05:50:00,1,7,18,5,50,0.00416667,9.81666667,9.96250000,0.00445489
2001-07-18T06:00:00,1,7,18,6,0,0.00500000,9.70000000,9.87500000,0.00534788
2001-07-18T06:10:00,1,7,18,6,10,0.01366667,9.73333333,10.21166667,0.01459636
2001-07-18T06:20:00,1,7,18,6,20,0.02233333,9.76666667,10.54833333,0.02381800
2001-07-18T06:30:00,1,7,18,6,30,0.03100000,9.80000000,10.88500000,0.03301280
2001-07-18T06:40:00,1,7,18,6,40,0.03966667,9.83333333,11.22166667,0.04218075
2001-07-18T06:50:00,1,7,18,6,50,0.04833333,9.86666667,11.55833333,0.05132186
2001-07-18T07:00:00,1,7,18,7,0,0.05700000,9.90000000,11.89500000,0.06043613
2001-07-18T07:10:00,1,7,18,7,10,0.08466667,10.43333333,13.39666667,0.08918578
2001-07-18T07:20:00,1,7,18,7,20,0.11233333,10.96666667,14.89833333,0.11755320
2001-07-18T07:30:00,1,7,18,7,30,0.14000000,11.50000000,16.40000000,0.14553840
2001-07-18T07:40:00,1,7,18,7,40,0.16766667,12.03333333,17.90166667,0.17314137
2001-07-18T07:50:00,1,7,18,7,50,0.19533333,12.56666667,19.40333333,0.20036212
2001-07-18T08:00:00,1,7,18,8,0,0.22300000,13.10000000,20.90500000,0.22720065
2001-07-18T08:10:00,1,7,18,8,10,0.22683333,13.81666667,21.75583333,0.23021840
2001-07-18T08:20:00,1,7,18,8,20,0.23066667,14.53333333,22.60666667,0.23320615
2001-07-18T08:30:00,1,7,18,8,30,0.23450000,15.25000000,23.45750000,0.23616389
2001-07-18T08:40:00,1,7,18,8,40,0.23833333,15.96666667,24.30833333,0.23909163
2001-07-18T08:50:00,1,7,18,8,50,0.24216667,16.68333333,25.15916667,0.24198936
2001-07-18T09:00:00,1,7,18,9,0,0.24600000,17.40000000,26.01000000,0.24485708
2001-07-18T09:10:00,1,7,18,9,10,0.30233333,17.55000000,28.13166667,0.29797802
2001-07-18T09:20:00,1,7,18,9,20,0.35866667,17.70000000,30.25333333,0.34999937
2001-07-18T09:30:00,1,7,18,9,30,0.41500000,17.85000000,32.37500000,0.40092112
2001-07-18T09:40:00,1,7,18,9,40,0.47133333,18.00000000,34.49666667,0.45074329
2001-07-18T09:50:00,1,7,18,9,50,0.52766667,18.15000000,36.61833333,0.49946587
2001-07-18T10:00:00,1,7,18,10,0,0.58400000,18.30000000,38.74000000,0.54708886
2001-07-18T10:10:00,1,7,18,10,10,0.59733333,19.66666667,40.57333333,0.55454197
2001-07-18T10:20:00,1,7,18,10,20,0.61066667,21.03333333,42.40666667,0.56177018
2001-07-18T10:30:00,1,7,18,10,30,0.62400000,22.40000000,44.24000000,0.56877350
2001-07-18T10:40:00,1,7,18,10,40,0.63733333,23.76666667,46.07333333,0.57555194
2001-07-18T10:50:00,1,7,18,10,50,0.65066667,25.13333333,47.90666667,0.58210549
2001-07-18T11:00:00,1,7,18,11,0,0.66400000,26.50000000,49.74000000,0.58843414
2001-07-18T11:10:00,1,7,18,11,10,0.67033333,26.88333333,50.34500000,0.59218118
2001-07-18T11:20:00,1,7,18,11,20,0.67666667,27.26666667,50.95000000,0.59589297
2001-07-18T11:30:00,1,7,18,11,30,0.68300000,27.65000000,51.55500000,0.59956950
2001-07-18T11:40:00,1,7,18,11,40,0.68933333,28.03333333,52.16000000,0.60321078
2001-07-18T11:50:00,1,7,18,11,50,0.69566667,28.41666667,52.76500000,0.60681682
2001-07-18T12:00:00,1,7,18,12,0,0.70200000,28.80000000,53.37000000,0.61038760
2001-07-18T12:10:00,1,7,18,12,10,0.67750000,28.98333333,52.69583333,0.59118594
2001-07-18T12:20:00,1,7,18,12,20,0.65300000,29.16666667,52.02166667,0.57183232
2001-07-18T12:30:00,1,7,18,12,30,0.62850000,29.35000000,51.34750000,0.55232674
2001-07-18T12:40:00,1,7,18,12,40,0.60400000,29.53333333,50.67333333,0.53266921
2001-07-18T12:50:00,1,7,18,12,50,0.57950000,29.71666667,49.99916667,0.51285972
2001-07-18T13:00:00,1,7,18,13,0,0.55500000,29.90000000,49.32500000,0.49289828
2001-07-18T13:10:00,1,7,18,13,10,0.50433333,29.38333333,47.03500000,0.45321360
2001-07-18T13:20:00,1,7,18,13,20,0.45366667,28.86666667,44.74500000,0.41246148
2001-07-18T13:30:00,1,7,18,13,30,0.40300000,28.35000000,42.45500000,0.37064192
2001-07-18T13:40:00,1,7,18,13,40,0.35233333,27.83333333,40.16500000,0.32775491
2001-07-18T13:50:00,1,7,18,13,50,0.30166667,27.31666667,37.87500000,0.28380046
2001-07-18T14:00:00,1,7,18,14,0,0.25100000,26.80000000,35.58500000,0.23877856
2001-07-18T14:10:00,1,7,18,14,10,0.24616667,25.53333333,34.14916667,0.23580646
2001-07-18T14:20:00,1,7,18,14,20,0.24133333,24.26666667,32.71333333,0.23277050
2001-07-18T14:30:00,1,7,18,14,30,0.23650000,23.00000000,31.27750000,0.22967071
2001-07-18T14:40:00,1,7,18,14,40,0.23166667,21.73333333,29.84166667,0.22650706
2001-07-18T14:50:00,1,7,18,14,50,0.22683333,20.46666667,28.40583333,0.22327957
2001-07-18T15:00:00,1,7,18,15,0,0.22200000,19.20000000,26.97000000,0.21998824
2001-07-18T15:10:00,1,7,18,15,10,0.20550000,19.05000000,26.24250000,0.20432546
2001-07-18T15:20:00,1,7,18,15,20,0.18900000,18.90000000,25.51500000,0.18855226
2001-07-18T15:30:00,1,7,18,15,30,0.17250000,18.75000000,24.78750000,0.17266862
2001-07-18T15:40:00,1,7,18,15,40,0.15600000,18.60000000,24.06000000,0.15667454
2001-07-18T15:50:00,1,7,18,15,50,0.13950000,18.45000000,23.33250000,0.14057003
2001-07-18T16:00:00,1,7,18,16,0,0.12300000,18.30000000,22.60500000,0.12435509
2001-07-18T16:10:00,1,7,18,16,10,0.10366667,17.90000000,21.52833333,0.10532219
2001-07-18T16:20:00,1,7,18,16,20,0.08433333,17.50000000,20.45166667,0.08609778
2001-07-18T16:30:00,1,7,18,16,30,0.06500000,17.10000000,19.37500000,0.06668188
2001-07-18T16:40:00,1,7,18,16,40,0.04566667,16.70000000,18.29833333,0.04707446
2001-07-18T16:50:00,1,7,18,16,50,0.02633333,16.30000000,17.22166667,0.02727555
2001-07-18T17:00:00,1,7,18,17,0,0.00700000,15.90000000,16.14500000,0.00728513
2001-07-18T17:10:00,1,7,18,17,10,0.00583333,15.35000000,15.55416667,0.00608680
2001-07-18T17:20:00,1,7,18,17,20,0.00466667,14.80000000,14.96333333,0.00488212
2001-07-18T17:30:00,1,7,18,17,30,0.00350000,14.25000000,14.37250000,0.00367110
2001-07-18T17:40:00,1,7,18,17,40,0.00233333,13.70000000,13.78166667,0.00245374
2001-07-18T17:50:00,1,7,18,17,50,0.00116667,13.15000000,13.19083333,0.00123004
2001-07-18T18:00:00,1,7,18,18,0,0.00000000,12.60000000,12.60000000,0.00000000
2001-07-18T18:10:00,1,7,18,18,10,0.00000000,12.33333333,12.33333333,0.00000000
2001-07-18T18:20:00,1,7,18,18,20,0.00000000,12.06666667,12.06666667,0.00000000
2001-07-18T18:30:00,1,7,18,18,30,0.00000000,11.80000000,11.80000000,0.00000000
2001-07-18T18:40:00,1,7,18,18,40,0.00000000,11.53333333,11.53333333,0.00000000
2001-07-18T18:50:00,1,7,18,18,50,0.00000000,11.26666667,11.26666667,0.00000000
2001-07-18T19:00:00,1,7,18,19,0,0.00000000,11.00000000,11.00000000,0.00000000
2001-07-18T19:10:00,1,7,18,19,10,0.00000000,10.96666667,10.96666667,0.00000000
2001-07-18T19:20:00,1,7,18,19,20,0.00000000,10.93333333,10.93333333,0.00000000
2001-07-18T19:30:00,1,7,18,19,30,0.00000000,10.90000000,10.90000000,0.00000000
2001-07-18T19:40:00,1,7,18,19,40,0.00000000,10.86666667,10.86666667,0.00000000
2001-07-18T19:50:00,1,7,18,19,50,0.00000000,10.83333333,10.83333333,0.00000000
2001-07-18T20:00:00,1,7,18,20,0,0.00000000,10.80000000,10.80000000,0.00000000
2001-07-18T20:10:00,1,7,18,20,10,0.00000000,10.70000000,10.70000000,0.00000000
2001-07-18T20:20:00,1,7,18,20,20,0.00000000,10.60000000,10.60000000,0.00000000
2001-07-18T20:30:00,1,7,18,20,30,0.00000000,10.50000000,10.50000000,0.00000000
2001-07-18T20:40:00,1,7,18,20,40,0.00000000,10.40000000,10.40000000,0.00000000
2001-07-18T20:50:00,1,7,18,20,50,0.00000000,10.30000000,10.30000000,0.00000000
2001-07-18T21:00:00,1,7,18,21,0,0.00000000,10.20000000,10.20000000,0.00000000
2001-07-18T21:10:00,1,7,18,21,10,0.00000000,9.95000000,9.95000000,0.00000000
2001-07-18T21:20:00,1,7,18,21,20,0.00000000,9.70000000,9.70000000,0.00000000
2001-07-18T21:30:00,1,7,18,21,30,0.00000000,9.45000000,9.45000000,0.00000000
2001-07-18T21:40:00,1,7,18,21,40,0.00000000,9.20000000,9.20000000,0.00000000
2001-07-18T21:50:00,1,7,18,21,50,0.00000000,8.95000000,8.95000000,0.00000000
2001-07-18T22:00:00,1,7,18,22,0,0.00000000,8.70000000,8.70000000,0.00000000
2001-07-18T22:10:00,1,7,18,22,10,0.00000000,8.66666667,8.66666667,0.00000000
2001-07-18T22:20:00,1,7,18,22,20,0.00000000,8.63333333,8.63333333,0.00000000
2001-07-18T22:30:00,1,7,18,22,30,0.00000000,8.60000000,8.60000000,0.00000000
2001-07-18T22:40:00,1,7,18,22,40,0.00000000,8.56666667,8.56666667,0.00000000
2001-07-18T22:50:00,1,7,18,22,50,0.00000000,8.53333333,8.53333333,0.00000000
2001-07-18T23:00:00,1,7,18,23,0,0.00000000,8.50000000,8.50000000,0.00000000
2001-07-18T23:10:00,1,7,18,23,10,0.00000000,8.48333333,8.48333333,0.00000000
2001-07-18T23:20:00,1,7,18,23,20,0.00000000,8.46666667,8.46666667,0.00000000
2001-07-18T23:30:00,1,7,18,23,30,0.00000000,8.45000000,8.45000000,0.00000000
2001-07-18T23:40:00,1,7,18,23,40,0.00000000,8.43333333,8.43333333,0.00000000
2001-07-18T23:50:00,1,7,18,23,50,0.00000000,8.41666667,8.41666667,0.00000000
2001-07-19T00:00:00,1,7,19,0,0,0.00000000,8.40000000,8.40000000,0.00000000
2001-07-19T00:10:00,1,7,19,0,10,0.00000000,8.50000000,8.50000000,0.00000000
2001-07-19T00:20:00,1,7,19,0,20,0.00000000,8.60000000,8.60000000,0.00000000
2001-07-19T00:30:00,1,7,19,0,30,0.00000000,8.70000000,8.70000000,0.00000000
2001-07-19T00:40:00,1,7,19,0,40,0.00000000,8.80000000,8.80000000,0.00000000
2001-07-19T00:50:00,1,7,19,0,50,0.00000000,8.90000000,8.90000000,0.00000000
2001-07-19T01:00:00,1,7,19,1,0,0.00000000,9.00000000,9.00000000,0.00000000
2001-07-19T01:10:00,1,7,19,1,10,0.00000000,8.93333333,8.93333333,0.00000000
2001-07-19T01:20:00,1,7,19,1,20,0.00000000,8.86666667,8.86666667,0.00000000
2001-07-19T01:30:00,1,7,19,1,30,0.00000000,8.80000000,8.80000000,0.00000000
2001-07-19T01:40:00,1,7,19,1,40,0.00000000,8.73333333,8.73333333,0.00000000
2001-07-19T01:50:00,1,7,19,1,50,0.00000000,8.66666667,8.66666667,0.00000000
2001-07-19T02:00:00,1,7,19,2,0,0.00000000,8.60000000,8.60000000,0.00000000
2001-07-19T02:10:00,1,7,19,2,10,0.00000000,8.51666667,8.51666667,0.00000000
2001-07-19T02:20:00,1,7,19,2,20,0.00000000,8.43333333,8.43333333,0.00000000
2001-07-19T02:30:00,1,7,19,2,30,0.00000000,8.35000000,8.35000000,0.00000000
2001-07-19T02:40:00,1,7,19,2,40,0.00000000,8.26666667,8.26666667,0.00000000
2001-07-19T02:50:00,1,7,19,2,50,0.00000000,8.18333333,8.18333333,0.00000000
2001-07-19T03:00:00,1,7,19,3,0,0.00000000,8.10000000,8.10000000,0.00000000
2001-07-19T03:10:00,1,7,19,3,10,0.00000000,8.10000000,8.10000000,0.00000000
2001-07-19T03:20:00,1,7,19,3,20,0.00000000,8.10000000,8.10000000,0.00000000
2001-07-19T03:30:00,1,7,19,3,30,0.00000000,8.10000000,8.10000000,0.00000000
2001-07-19T03:40:00,1,7,19,3,40,0.00000000,8.10000000,8.10000000,0.00000000
2001-07-19T03:50:00,1,7,19,3,50,0.00000000,8.10000000,8.10000000,0.00000000
2001-07-19T04:00:00,1,7,19,4,0,0.00000000,8.10000000,8.10000000,0.00000000
2001-07-19T04:10:00,1,7,19,4,10,0.00000000,8.05000000,8.05000000,0.00000000
2001-07-19T04:20:00,1,7,19,4,20,0.00000000,8.00000000,8.00000000,0.00000000
2001-07-19T04:30:00,1,7,19,4,30,0.00000000,7.95000000,7.95000000,0.00000000
2001-07-19T04:40:00,1,7,19,4,40,0.00000000,7.90000000,7.90000000,0.00000000
2001-07-19T04:50:00,1,7,19,4,50,0.00000000,7.85000000,7.85000000,0.00000000
2001-07-19T05:00:00,1,7,19,5,0,0.00000000,7.80000000,7.80000000,0.00000000
2001-07-19T05:10:00,1,7,19,5,10,0.00066667,7.90000000,7.92333333,0.00071904
2001-07-19T05:20:00,1,7,19,5,20,0.00133333,8.00000000,8.04666667,0.00143731
2001-07-19T05:30:00,1,7,19,5,30,0.00200000,8.10000000,8.17000000,0.00215484
2001-07-19T05:40:00,1,7,19,5,40,0.00266667,8.20000000,8.29333333,0.00287160
2001-07-19T05:50:00,1,7,19,5,50,0.00333333,8.30000000,8.41666667,0.00358761
2001-07-19T06:00:00,1,7,19,6,0,0.00400000,8.40000000,8.54000000,0.00430286
2001-07-19T06:10:00,1,7,19,6,10,0.00800000,8.33333333,8.61333333,0.00860303
2001-07-19T06:20:00,1,7,19,6,20,0.01200000,8.26666667,8.68666667,0.01290050
2001-07-19T06:30:00,1,7,19,6,30,0.01600000,8.20000000,8.76000000,0.01719526
2001-07-19T06:40:00,1,7,19,6,40,0.02000000,8.13333333,8.83333333,0.02148733
2001-07-19T06:50:00,1,7,19,6,50,0.02400000,8.06666667,8.90666667,0.02577670
2001-07-19T07:00:00,1,7,19,7,0,0.02800000,8.00000000,8.98000000,0.03006338
2001-07-19T07:10:00,1,7,19,7,10,0.04816667,8.33333333,10.01916667,0.05148592
2001-07-19T07:20:00,1,7,19,7,20,0.06833333,8.66666667,11.05833333,0.07271566
2001-07-19T07:30:00,1,7,19,7,30,0.08850000,9.00000000,12.09750000,0.09375261
2001-07-19T07:40:00,1,7,19,7,40,0.10866667,9.33333333,13.13666667,0.11459675
2001-07-19T07:50:00,1,7,19,7,50,0.12883333,9.66666667,14.17583333,0.13524810
2001-07-19T08:00:00,1,7,19,8,0,0.14900000,10.00000000,15.21500000,0.15570664
2001-07-19T08:10:00,1,7,19,8,10,0.17583333,10.33333333,16.48750000,0.18271853
2001-07-19T08:20:00,1,7,19,8,20,0.20266667,10.66666667,17.76000000,0.20941628
2001-07-19T08:30:00,1,7,19,8,30,0.22950000,11.00000000,19.03250000,0.23579989
2001-07-19T08:40:00,1,7,19,8,40,0.25633333,11.33333333,20.30500000,0.26186936
2001-07-19T08:50:00,1,7,19,8,50,0.28316667,11.66666667,21.57750000,0.28762470
2001-07-19T09:00:00,1,7,19,9,0,0.31000000,12.00000000,22.85000000,0.31306590
2001-07-19T09:10:00,1,7,19,9,10,0.32333333,12.35000000,23.66666667,0.32531644
2001-07-19T09:20:00,1,7,19,9,20,0.33666667,12.70000000,24.48333333,0.33746681
2001-07-19T09:30:00,1,7,19,9,30,0.35000000,13.05000000,25.30000000,0.34951700
2001-07-19T09:40:00,1,7,19,9,40,0.36333333,13.40000000,26.11666667,0.36146701
2001-07-19T09:50:00,1,7,19,9,50,0.37666667,13.75000000,26.93333333,0.37331684
2001-07-19T10:00:00,1,7,19,10,0,0.39000000,14.10000000,27.75000000,0.38506650
2001-07-19T10:10:00,1,7,19,10,10,0.41066667,14.26666667,28.64000000,0.40379046
2001-07-19T10:20:00,1,7,19,10,20,0.43133333,14.43333333,29.53000000,0.42234521
2001-07-19T10:30:00,1,7,19,10,30,0.45200000,14.60000000,30.42000000,0.44073074
2001-07-19T10:40:00,1,7,19,10,40,0.47266667,14.76666667,31.31000000,0.45894704
2001-07-19T10:50:00,1,7,19,10,50,0.49333333,14.93333333,32.20000000,0.47699413
2001-07-19T11:00:00,1,7,19,11,0,0.51400000,15.10000000,33.09000000,0.49487200
2001-07-19T11:10:00,1,7,19,11,10,0.53133333,15.36666667,33.96333333,0.50942575
2001-07-19T11:20:00,1,7,19,11,20,0.54866667,15.63333333,34.83666667,0.52384023
2001-07-19T11:30:00,1,7,19,11,30,0.56600000,15.90000000,35.71000000,0.53811544
2001-07-19T11:40:00,1,7,19,11,40,0.58333333,16.16666667,36.58333333,0.55225139
2001-07-19T11:50:00,1,7,19,11,50,0.60066667,16.43333333,37.45666667,0.56624807
2001-07-19T12:00:00,1,7,19,12,0,0.61800000,16.70000000,38.33000000,0.58010548
2001-07-19T12:10:00,1,7,19,12,10,0.56650000,16.98333333,36.81083333,0.53572215
2001-07-19T12:20:00,1,7,19,12,20,0.51500000,17.26666667,35.29166667,0.49061904
2001-07-19T12:30:00,1,7,19,12,30,0.46350000,17.55000000,33.77250000,0.44479615
2001-07-19T12:40:00,1,7,19,12,40,0.41200000,17.83333333,32.25333333,0.39825348
2001-07-19T12:50:00,1,7,19,12,50,0.36050000,18.11666667,30.73416667,0.35099103
2001-07-19T13:00:00,1,7,19,13,0,0.30900000,18.40000000,29.21500000,0.30300880
2001-07-19T13:10:00,1,7,19,13,10,0.28750000,17.93333333,27.99583333,0.28353801
2001-07-19T13:20:00,1,7,19,13,20,0.26600000,17.46666667,26.77666667,0.26382607
2001-07-19T13:30:00,1,7,19,13,30,0.24450000,17.00000000,25.55750000,0.24387298
2001-07-19T13:40:00,1,7,19,13,40,0.22300000,16.53333333,24.33833333,0.22367874
2001-07-19T13:50:00,1,7,19,13,50,0.20150000,16.06666667,23.11916667,0.20324334
2001-07-19T14:00:00,1,7,19,14,0,0.18000000,15.60000000,21.90000000,0.18256680
2001-07-19T14:10:00,1,7,19,14,10,0.19616667,15.36666667,22.23250000,0.19866397
2001-07-19T14:20:00,1,7,19,14,20,0.21233333,15.13333333,22.56500000,0.21471168
2001-07-19T14:30:00,1,7,19,14,30,0.22850000,14.90000000,22.89750000,0.23070994
2001-07-19T14:40:00,1,7,19,14,40,0.24466667,14.66666667,23.23000000,0.24665874
2001-07-19T14:50:00,1,7,19,14,50,0.26083333,14.43333333,23.56250000,0.26255809
2001-07-19T15:00:00,1,7,19,15,0,0.27700000,14.20000000,23.89500000,0.27840799
2001-07-19T15:10:00,1,7,19,15,10,0.25500000,14.26666667,23.19166667,0.25712118
2001-07-19T15:20:00,1,7,19,15,20,0.23300000,14.33333333,22.48833333,0.23569200
2001-07-19T15:30:00,1,7,19,15,30,0.21100000,14.40000000,21.78500000,0.21412048
2001-07-19T15:40:00,1,7,19,15,40,0.18900000,14.46666667,21.08166667,0.19240660
2001-07-19T15:50:00,1,7,19,15,50,0.16700000,14.53333333,20.37833333,0.17055036
2001-07-19T16:00:00,1,7,19,16,0,0.14500000,14.60000000,19.67500000,0.14855177
2001-07-19T16:10:00,1,7,19,16,10,0.12183333,14.45000000,18.71416667,0.12535612
2001-07-19T16:20:00,1,7,19,16,20,0.09866667,14.30000000,17.75333333,0.10195569
2001-07-19T16:30:00,1,7,19,16,30,0.07550000,14.15000000,16.79250000,0.07835046
2001-07-19T16:40:00,1,7,19,16,40,0.05233333,14.00000000,15.83166667,0.05454046
2001-07-19T16:50:00,1,7,19,16,50,0.02916667,13.85000000,14.87083333,0.03052566
2001-07-19T17:00:00,1,7,19,17,0,0.00600000,13.70000000,13.91000000,0.00630608
2001-07-19T17:10:00,1,7,19,17,10,0.00500000,13.35000000,13.52500000,0.00526393
2001-07-19T17:20:00,1,7,19,17,20,0.00400000,13.00000000,13.14000000,0.00421822
2001-07-19T17:30:00,1,7,19,17,30,0.00300000,12.65000000,12.75500000,0.00316898
2001-07-19T17:40:00,1,7,19,17,40,0.00200000,12.30000000,12.37000000,0.00211620
2001-07-19T17:50:00,1,7,19,17,50,0.00100000,11.95000000,11.98500000,0.00105987
2001-07-19T18:00:00,1,7,19,18,0,0.00000000,11.60000000,11.60000000,0.00000000
2001-07-19T18:10:00,1,7,19,18,10,0.00000000,11.61666667,11.61666667,0.00000000
2001-07-19T18:20:00,1,7,19,18,20,0.00000000,11.63333333,11.63333333,0.00000000
2001-07-19T18:30:00,1,7,19,18,30,0.00000000,11.65000000,11.65000000,0.00000000
2001-07-19T18:40:00,1,7,19,18,40,0.00000000,11.66666667,11.66666667,0.00000000
2001-07-19T18:50:00,1,7,19,18,50,0.00000000,11.68333333,11.68333333,0.00000000
2001-07-19T19:00:00,1,7,19,19,0,0.00000000,11.70000000,11.70000000,0.00000000
2001-07-19T19:10:00,1,7,19,19,10,0.00000000,11.61666667,11.61666667,0.00000000
2001-07-19T19:20:00,1,7,19,19,20,0.00000000,11.53333333,11.53333333,0.00000000
2001-07-19T19:30:00,1,7,19,19,30,0.00000000,11.45000000,11.45000000,0.00000000
2001-07-19T19:40:00,1,7,19,19,40,0.00000000,11.36666667,11.36666667,0.00000000
2001-07-19T19:50:00,1,7,19,19,50,0.00000000,11.28333333,11.28333333,0.00000000
2001-07-19T20:00:00,1,7,19,20,0,0.00000000,11.20000000,11.20000000,0.00000000
2001-07-19T20:10:00,1,7,19,20,10,0.00000000,11.01666667,11.01666667,0.00000000
2001-07-19T20:20:00,1,7,19,20,20,0.00000000,10.83333333,10.83333333,0.00000000
2001-07-19T20:30:00,1,7,19,20,30,0.00000000,10.65000000,10.65000000,0.00000000
2001-07-19T20:40:00,1,7,19,20,40,0.00000000,10.46666667,10.46666667,0.00000000
2001-07-19T20:50:00,1,7,19,20,50,0.00000000,10.28333333,10.28333333,0.00000000
2001-07-19T21:00:00,1,7,19,21,0,0.00000000,10.10000000,10.10000000,0.00000000
2001-07-19T21:10:00,1,7,19,21,10,0.00000000,10.01666667,10.01666667,0.00000000
2001-07-19T21:20:00,1,7,19,21,20,0.00000000,9.93333333,9.93333333,0.00000000
2001-07-19T21:30:00,1,7,19,21,30,0.00000000,9.85000000,9.85000000,0.00000000
2001-07-19T21:40:00,1,7,19,21,40,0.00000000,9.76666667,9.76666667,0.00000000
2001-07-19T21:50:00,1,7,19,21,50,0.00000000,9.68333333,9.68333333,0.00000000
2001-07-19T22:00:00,1,7,19,22,0,0.00000000,9.60000000,9.60000000,0.00000000
2001-07-19T22:10:00,1,7,19,22,10,0.00000000,9.61666667,9.61666667,0.00000000
2001-07-19T22:20:00,1,7,19,22,20,0.00000000,9.63333333,9.63333333,0.00000000
2001-07-19T22:30:00,1,7,19,22,30,0.00000000,9.65000000,9.65000000,0.00000000
2001-07-19T22:40:00,1,7,19,22,40,0.00000000,9.66666667,9.66666667,0.00000000
2001-07-19T22:50:00,1,7,19,22,50,0.00000000,9.68333333,9.68333333,0.00000000
2001-07-19T23:00:00,1,7,19,23,0,0.00000000,9.70000000,9.70000000,0.00000000
2001-07-19T23:10:00,1,7,19,23,10,0.00000000,9.66666667,9.66666667,0.00000000
2001-07-19T23:20:00,1,7,19,23,20,0.00000000,9.63333333,9.63333333,0.00000000
2001-07-19T23:30:00,1,7,19,23,30,0.00000000,9.60000000,9.60000000,0.00000000
2001-07-19T23:40:00,1,7,19,23,40,0.00000000,9.56666667,9.56666667,0.00000000
2001-07-19T23:50:00,1,7,19,23,50,0.00000000,9.53333333,9.53333333,0.00000000
2001-07-20T00:00:00,1,7,20,0,0,0.00000000,9.50000000,9.50000000,0.00000000
2001-07-20T00:10:00,1,7,20,0,10,0.00000000,9.46666667,9.46666667,0.00000000
2001-07-20T00:20:00,1,7,20,0,20,0.00000000,9.43333333,9.43333333,0.00000000
2001-07-20T00:30:00,1,7,20,0,30,0.00000000,9.40000000,9.40000000,0.00000000
2001-07-20T00:40:00,1,7,20,0,40,0.00000000,9.36666667,9.36666667,0.00000000
2001-07-20T00:50:00,1,7,20,0,50,0.00000000,9.33333333,9.33333333,0.00000000
2001-07-20T01:00:00,1,7,20,1,0,0.00000000,9.30000000,9.30000000,0.00000000
2001-07-20T01:10:00,1,7,20,1,10,0.00000000,9.26666667,9.26666667,0.00000000
2001-07-20T01:20:00,1,7,20,1,20,0.00000000,9.23333333,9.23333333,0.00000000
2001-07-20T01:30:00,1,7,20,1,30,0.00000000,9.20000000,9.20000000,0.00000000
2001-07-20T01:40:00,1,7,20,1,40,0.00000000,9.16666667,9.16666667,0.00000000
2001-07-20T01:50:00,1,7,20,1,50,0.00000000,9.13333333,9.13333333,0.00000000
2001-07-20T02:00:00,1,7,20,2,0,0.00000000,9.10000000,9.10000000,0.00000000
2001-07-20T02:10:00,1,7,20,2,10,0.00000000,9.03333333,9.03333333,0.00000000
2001-07-20T02:20:00,1,7,20,2,20,0.00000000,8.96666667,8.96666667,0.00000000
2001-07-20T02:30:00,1,7,20,2,30,0.00000000,8.90000000,8.90000000,0.00000000
2001-07-20T02:40:00,1,7,20,2,40,0.00000000,8.83333333,8.83333333,0.00000000
2001-07-20T02:50:00,1,7,20,2,50,0.00000000,8.76666667,8.76666667,0.00000000
2001-07-20T03:00:00,1,7,20,3,0,0.00000000,8.70000000,8.70000000,0.00000000
2001-07-20T03:10:00,1,7,20,3,10,0.00000000,8.66666667,8.66666667,0.00000000
2001-07-20T03:20:00,1,7,20,3,20,0.00000000,8.63333333,8.63333333,0.00000000
2001-07-20T03:30:00,1,7,20,3,30,0.00000000,8.60000000,8.60000000,0.00000000
2001-07-20T03:40:00,1,7,20,3,40,0.00000000,8.56666667,8.56666667,0.00000000
2001-07-20T03:50:00,1,7,20,3,50,0.00000000,8.53333333,8.53333333,0.00000000
2001-07-20T04:00:00,1,7,20,4,0,0.00000000,8.50000000,8.50000000,0.00000000
2001-07-20T04:10:00,1,7,20,4,10,0.00000000,8.53333333,8.53333333,0.00000000
2001-07-20T04:20:00,1,7,20,4,20,0.00000000,8.56666667,8.56666667,0.00000000
2001-07-20T04:30:00,1,7,20,4,30,0.00000000,8.60000000,8.60000000,0.00000000
2001-07-20T04:40:00,1,7,20,4,40,0.00000000,8.63333333,8.63333333,0.00000000
2001-07-20T04:50:00,1,7,20,4,50,0.00000000,8.66666667,8.66666667,0.00000000
2001-07-20T05:00:00,1,7,20,5,0,0.00000000,8.70000000,8.70000000,0.00000000
2001-07-20T05:10:00,1,7,20,5,10,0.00066667,8.75000000,8.77333333,0.00071643
2001-07-20T05:20:00,1,7,20,5,20,0.00133333,8.80000000,8.84666667,0.00143241
2001-07-20T05:30:00,1,7,20,5,30,0.00200000,8.85000000,8.92000000,0.00214794
2001-07-20T05:40:00,1,7,20,5,40,0.00266667,8.90000000,8.99333333,0.00286302
2001-07-20T05:50:00,1,7,20,5,50,0.00333333,8.95000000,9.06666667,0.00357764
2001-07-20T06:00:00,1,7,20,6,0,0.00400000,9.00000000,9.14000000,0.00429182
2001-07-20T06:10:00,1,7,20,6,10,0.02516667,8.96666667,9.84750000,0.02692082
2001-07-20T06:20:00,1,7,20,6,20,0.04633333,8.93333333,10.55500000,0.04941204
2001-07-20T06:30:00,1,7,20,6,30,0.06750000,8.90000000,11.26250000,0.07176549
2001-07-20T06:40:00,1,7,20,6,40,0.08866667,8.86666667,11.97000000,0.09398117
2001-07-20T06:50:00,1,7,20,6,50,0.10983333,8.83333333,12.67750000,0.11605907
2001-07-20T07:00:00,1,7,20,7,0,0.13100000,8.80000000,13.38500000,0.13799920
2001-07-20T07:10:00,1,7,20,7,10,0.13716667,9.30000000,14.10083333,0.14404368
2001-07-20T07:20:00,1,7,20,7,20,0.14333333,9.80000000,14.81666667,0.15004754
2001-07-20T07:30:00,1,7,20,7,30,0.14950000,10.30000000,15.53250000,0.15601080
2001-07-20T07:40:00,1,7,20,7,40,0.15566667,10.80000000,16.24833333,0.16193344
2001-07-20T07:50:00,1,7,20,7,50,0.16183333,11.30000000,16.96416667,0.16781548
2001-07-20T08:00:00,1,7,20,8,0,0.16800000,11.80000000,17.68000000,0.17365690
2001-07-20T08:10:00,1,7,20,8,10,0.19733333,11.91666667,18.82333333,0.20294010
2001-07-20T08:20:00,1,7,20,8,20,0.22666667,12.03333333,19.96666667,0.23191476
2001-07-20T08:30:00,1,7,20,8,30,0.25600000,12.15000000,21.11000000,0.26058086
2001-07-20T08:40:00,1,7,20,8,40,0.28533333,12.26666667,22.25333333,0.28893842
2001-07-20T08:50:00,1,7,20,8,50,0.31466667,12.38333333,23.39666667,0.31698744
2001-07-20T09:00:00,1,7,20,9,0,0.34400000,12.50000000,24.54000000,0.34472790
2001-07-20T09:10:00,1,7,20,9,10,0.34516667,12.93333333,25.01416667,0.34514417
2001-07-20T09:20:00,1,7,20,9,20,0.34633333,13.36666667,25.48833333,0.34555535
2001-07-20T09:30:00,1,7,20,9,30,0.34750000,13.80000000,25.96250000,0.34596144
2001-07-20T09:40:00,1,7,20,9,40,0.34866667,14.23333333,26.43666667,0.34636244
2001-07-20T09:50:00,1,7,20,9,50,0.34983333,14.66666667,26.91083333,0.34675836
2001-07-20T10:00:00,1,7,20,10,0,0.35100000,15.10000000,27.38500000,0.34714918
2001-07-20T10:10:00,1,7,20,10,10,0.39533333,15.25000000,29.08666667,0.38790159
2001-07-20T10:20:00,1,7,20,10,20,0.43966667,15.40000000,30.78833333,0.42795996
2001-07-20T10:30:00,1,7,20,10,30,0.48400000,15.55000000,32.49000000,0.46732426
2001-07-20T10:40:00,1,7,20,10,40,0.52833333,15.70000000,34.19166667,0.50599452
2001-07-20T10:50:00,1,7,20,10,50,0.57266667,15.85000000,35.89333333,0.54397072
2001-07-20T11:00:00,1,7,20,11,0,0.61700000,16.00000000,37.59500000,0.58125287
2001-07-20T11:10:00,1,7,20,11,10,0.57850000,16.61666667,36.86416667,0.54692827
2001-07-20T11:20:00,1,7,20,11,20,0.54000000,17.23333333,36.13333333,0.51234480
2001-07-20T11:30:00,1,7,20,11,30,0.50150000,17.85000000,35.40250000,0.47750247
2001-07-20T11:40:00,1,7,20,11,40,0.46300000,18.46666667,34.67166667,0.44240128
2001-07-20T11:50:00,1,7,20,11,50,0.42450000,19.08333333,33.94083333,0.40704123
2001-07-20T12:00:00,1,7,20,12,0,0.38600000,19.70000000,33.21000000,0.37142232
2001-07-20T12:10:00,1,7,20,12,10,0.39583333,19.28333333,33.13750000,0.38101630
2001-07-20T12:20:00,1,7,20,12,20,0.40566667,18.86666667,33.06500000,0.39061684
2001-07-20T12:30:00,1,7,20,12,30,0.41550000,18.45000000,32.99250000,0.40022393
2001-07-20T12:40:00,1,7,20,12,40,0.42533333,18.03333333,32.92000000,0.40983759
2001-07-20T12:50:00,1,7,20,12,50,0.43516667,17.61666667,32.84750000,0.41945780
2001-07-20T13:00:00,1,7,20,13,0,0.44500000,17.20000000,32.77500000,0.42908457
2001-07-20T13:10:00,1,7,20,13,10,0.44333333,17.35000000,32.86666667,0.42729058
2001-07-20T13:20:00,1,7,20,13,20,0.44166667,17.50000000,32.95833333,0.42549799
2001-07-20T13:30:00,1,7,20,13,30,0.44000000,17.65000000,33.05000000,0.42370680
2001-07-20T13:40:00,1,7,20,13,40,0.43833333,17.80000000,33.14166667,0.42191702
2001-07-20T13:50:00,1,7,20,13,50,0.43666667,17.95000000,33.23333333,0.42012864
2001-07-20T14:00:00,1,7,20,14,0,0.43500000,18.10000000,33.32500000,0.41834168
2001-07-20T14:10:00,1,7,20,14,10,0.41100000,17.96666667,32.35166667,0.39710094
2001-07-20T14:20:00,1,7,20,14,20,0.38700000,17.83333333,31.37833333,0.37564529
2001-07-20T14:30:00,1,7,20,14,30,0.36300000,17.70000000,30.40500000,0.35397473
2001-07-20T14:40:00,1,7,20,14,40,0.33900000,17.56666667,29.43166667,0.33208926
2001-07-20T14:50:00,1,7,20,14,50,0.31500000,17.43333333,28.45833333,0.30998887
2001-07-20T15:00:00,1,7,20,15,0,0.29100000,17.30000000,27.48500000,0.28767358
2001-07-20T15:10:00,1,7,20,15,10,0.25816667,17.03333333,26.06916667,0.25689696
2001-07-20T15:20:00,1,7,20,15,20,0.22533333,16.76666667,24.65333333,0.22569266
2001-07-20T15:30:00,1,7,20,15,30,0.19250000,16.50000000,23.23750000,0.19406069
2001-07-20T15:40:00,1,7,20,15,40,0.15966667,16.23333333,21.82166667,0.16200105
2001-07-20T15:50:00,1,7,20,15,50,0.12683333,15.96666667,20.40583333,0.12951372
2001-07-20T16:00:00,1,7,20,16,0,0.09400000,15.70000000,18.99000000,0.09659872
2001-07-20T16:10:00,1,7,20,16,10,0.07966667,15.31666667,18.10500000,0.08219345
2001-07-20T16:20:00,1,7,20,16,20,0.06533333,14.93333333,17.22000000,0.06767148
2001-07-20T16:30:00,1,7,20,16,30,0.05100000,14.55000000,16.33500000,0.05303281
2001-07-20T16:40:00,1,7,20,16,40,0.03666667,14.16666667,15.45000000,0.03827743
2001-07-20T16:50:00,1,7,20,16,50,0.02233333,13.78333333,14.56500000,0.02340536
2001-07-20T17:00:00,1,7,20,17,0,0.00800000,13.40000000,13.68000000,0.00841658
2001-07-20T17:10:00,1,7,20,17,10,0.00666667,13.21666667,13.45000000,0.00702087
2001-07-20T17:20:00,1,7,20,17,20,0.00533333,13.03333333,13.22000000,0.00562234
2001-07-20T17:30:00,1,7,20,17,30,0.00400000,12.85000000,12.99000000,0.00422098
2001-07-20T17:40:00,1,7,20,17,40,0.00266667,12.66666667,12.76000000,0.00281681
2001-07-20T17:50:00,1,7,20,17,50,0.00133333,12.48333333,12.53000000,0.00140982
2001-07-20T18:00:00,1,7,20,18,0,0.00000000,12.30000000,12.30000000,0.00000000
2001-07-20T18:10:00,1,7,20,18,10,0.00000000,12.20000000,12.20000000,0.00000000
2001-07-20T18:20:00,1,7,20,18,20,0.00000000,12.10000000,12.10000000,0.00000000
2001-07-20T18:30:00,1,7,20,18,30,0.00000000,12.00000000,12.00000000,0.00000000
2001-07-20T18:40:00,1,7,20,18,40,0.00000000,11.90000000,11.90000000,0.00000000
2001-07-20T18:50:00,1,7,20,18,50,0.00000000,11.80000000,11.80000000,0.00000000
2001-07-20T19:00:00,1,7,20,19,0,0.00000000,11.70000000,11.70000000,0.00000000
2001-07-20T19:10:00,1,7,20,19,10,0.00000000,11.60000000,11.60000000,0.00000000
2001-07-20T19:20:00,1,7,20,19,20,0.00000000,11.50000000,11.50000000,0.00000000
2001-07-20T19:30:00,1,7,20,19,30,0.00000000,11.40000000,11.40000000,0.00000000
2001-07-20T19:40:00,1,7,20,19,40,0.00000000,11.30000000,11.30000000,0.00000000
2001-07-20T19:50:00,1,7,20,19,50,0.00000000,11.20000000,11.20000000,0.00000000
2001-07-20T20:00:00,1,7,20,20,0,0.00000000,11.10000000,11.10000000,0.00000000
2001-07-20T20:10:00,1,7,20,20,10,0.00000000,10.96666667,10.96666667,0.00000000
2001-07-20T20:20:00,1,7,20,20,20,0.00000000,10.83333333,10.83333333,0.00000000
2001-07-20T20:30:00,1,7,20,20,30,0.00000000,10.70000000,10.70000000,0.00000000
2001-07-20T20:40:00,1,7,20,20,40,0.00000000,10.56666667,10.56666667,0.00000000
2001-07-20T20:50:00,1,7,20,20,50,0.00000000,10.43333333,10.43333333,0.00000000
2001-07-20T21:00:00,1,7,20,21,0,0.00000000,10.30000000,10.30000000,0.00000000
2001-07-20T21:10:00,1,7,20,21,10,0.00000000,10.28333333,10.28333333,0.00000000
2001-07-20T21:20:00,1,7,20,21,20,0.00000000,10.26666667,10.26666667,0.00000000
2001-07-20T21:30:00,1,7,20,21,30,0.00000000,10.25000000,10.25000000,0.00000000
2001-07-20T21:40:00,1,7,20,21,40,0.00000000,10.23333333,10.23333333,0.00000000
2001-07-20T21:50:00,1,7,20,21,50,0.00000000,10.21666667,10.21666667,0.00000000
2001-07-20T22:00:00,1,7,20,22,0,0.00000000,10.20000000,10.20000000,0.00000000
2001-07-20T22:10:00,1,7,20,22,10,0.00000000,10.00000000,10.00000000,0.00000000
2001-07-20T22:20:00,1,7,20,22,20,0.00000000,9.80000000,9.80000000,0.00000000
2001-07-20T22:30:00,1,7,20,22,30,0.00000000,9.60000000,9.60000000,0.00000000
2001-07-20T22:40:00,1,7,20,22,40,0.00000000,9.40000000,9.40000000,0.00000000
2001-07-20T22:50:00,1,7,20,22,50,0.00000000,9.20000000,9.20000000,0.00000000
2001-07-20T23:00:00,1,7,20,23,0,0.00000000,9.00000000,9.00000000,0.00000000
2001-07-20T23:10:00,1,7,20,23,10,0.00000000,8.83333333,8.83333333,0.00000000
2001-07-20T23:20:00,1,7,20,23,20,0.00000000,8.66666667,8.66666667,0.00000000
2001-07-20T23:30:00,1,7,20,23,30,0.00000000,8.50000000,8.50000000,0.00000000
2001-07-20T23:40:00,1,7,20,23,40,0.00000000,8.33333333,8.33333333,0.00000000
2001-07-20T23:50:00,1,7,20,23,50,0.00000000,8.16666667,8.16666667,0.00000000
2001-07-21T00:00:00,1,7,21,0,0,0.00000000,8.00000000,8.00000000,0.00000000
2001-07-21T00:10:00,1,7,21,0,10,0.00000000,8.08333333,8.08333333,0.00000000
2001-07-21T00:20:00,1,7,21,0,20,0.00000000,8.16666667,8.16666667,0.00000000
2001-07-21T00:30:00,1,7,21,0,30,0.00000000,8.25000000,8.25000000,0.00000000
2001-07-21T00:40:00,1,7,21,0,40,0.00000000,8.33333333,8.33333333,0.00000000
2001-07-21T00:50:00,1,7,21,0,50,0.00000000,8.41666667,8.41666667,0.00000000
2001-07-21T01:00:00,1,7,21,1,0,0.00000000,8.50000000,8.50000000,0.00000000
2001-07-21T01:10:00,1,7,21,1,10,0.00000000,8.50000000,8.50000000,0.00000000
2001-07-21T01:20:00,1,7,21,1,20,0.00000000,8.50000000,8.50000000,0.00000000
2001-07-21T01:30:00,1,7,21,1,30,0.00000000,8.50000000,8.50000000,0.00000000
2001-07-21T01:40:00,1,7,21,1,40,0.00000000,8.50000000,8.50000000,0.00000000
2001-07-21T01:50:00,1,7,21,1,50,0.00000000,8.50000000,8.50000000,0.00000000
2001-07-21T02:00:00,1,7,21,2,0,0.00000000,8.50000000,8.50000000,0.00000000
2001-07-21T02:10:00,1,7,21,2,10,0.00000000,8.43333333,8.43333333,0.00000000
2001-07-21T02:20:00,1,7,21,2,20,0.00000000,8.36666667,8.36666667,0.00000000
2001-07-21T02:30:00,1,7,21,2,30,0.00000000,8.30000000,8.30000000,0.00000000
2001-07-21T02:40:00,1,7,21,2,40,0.00000000,8.23333333,8.23333333,0.00000000
2001-07-21T02:50:00,1,7,21,2,50,0.00000000,8.16666667,8.16666667,0.00000000
2001-07-21T03:00:00,1,7,21,3,0,0.00000000,8.10000000,8.10000000,0.00000000
2001-07-21T03:10:00,1,7,21,3,10,0.00000000,8.15000000,8.15000000,0.00000000
2001-07-21T03:20:00,1,7,21,3,20,0.00000000,8.20000000,8.20000000,0.00000000
2001-07-21T03:30:00,1,7,21,3,30,0.00000000,8.25000000,8.25000000,0.00000000
2001-07-21T03:40:00,1,7,21,3,40,0.00000000,8.30000000,8.30000000,0.00000000
2001-07-21T03:50:00,1,7,21,3,50,0.00000000,8.35000000,8.35000000,0.00000000
2001-07-21T04:00:00,1,7,21,4,0,0.00000000,8.40000000,8.40000000,0.00000000
2001-07-21T04:10:00,1,7,21,4,10,0.00000000,8.43333333,8.43333333,0.00000000
2001-07-21T04:20:00,1,7,21,4,20,0.00000000,8.46666667,8.46666667,0.00000000
2001-07-21T04:30:00,1,7,21,4,30,0.00000000,8.50000000,8.50000000,0.00000000
2001-07-21T04:40:00,1,7,21,4,40,0.00000000,8.53333333,8.53333333,0.00000000
2001-07-21T04:50:00,1,7,21,4,50,0.00000000,8.56666667,8.56666667,0.00000000
2001-07-21T05:00:00,1,7,21,5,0,0.00000000,8.60000000,8.60000000,0.00000000
2001-07-21T05:10:00,1,7,21,5,10,0.00083333,8.56666667,8.59583333,0.00089622
2001-07-21T05:20:00,1,7,21,5,20,0.00166667,8.53333333,8.59166667,0.00179246
2001-07-21T05:30:00,1,7,21,5,30,0.00250000,8.50000000,8.58750000,0.00268874
2001-07-21T05:40:00,1,7,21,5,40,0.00333333,8.46666667,8.58333333,0.00358506
2001-07-21T05:50:00,1,7,21,5,50,0.00416667,8.43333333,8.57916667,0.00448140
2001-07-21T06:00:00,1,7,21,6,0,0.00500000,8.40000000,8.57500000,0.00537778
2001-07-21T06:10:00,1,7,21,6,10,0.02700000,8.48333333,9.42833333,0.02893400
2001-07-21T06:20:00,1,7,21,6,20,0.04900000,8.56666667,10.28166667,0.05231751
2001-07-21T06:30:00,1,7,21,6,30,0.07100000,8.65000000,11.13500000,0.07552831
2001-07-21T06:40:00,1,7,21,6,40,0.09300000,8.73333333,11.98833333,0.09856639
2001-07-21T06:50:00,1,7,21,6,50,0.11500000,8.81666667,12.84166667,0.12143176
2001-07-21T07:00:00,1,7,21,7,0,0.13700000,8.90000000,13.69500000,0.14412441
2001-07-21T07:10:00,1,7,21,7,10,0.16900000,9.38333333,15.29833333,0.17654208
2001-07-21T07:20:00,1,7,21,7,20,0.20100000,9.86666667,16.90166667,0.20848772
2001-07-21T07:30:00,1,7,21,7,30,0.23300000,10.35000000,18.50500000,0.23996134
2001-07-21T07:40:00,1,7,21,7,40,0.26500000,10.83333333,20.10833333,0.27096294
2001-07-21T07:50:00,1,7,21,7,50,0.29700000,11.31666667,21.71166667,0.30149252
2001-07-21T08:00:00,1,7,21,8,0,0.32900000,11.80000000,23.31500000,0.33155008
2001-07-21T08:10:00,1,7,21,8,10,0.32283333,11.95000000,23.24916667,0.32543338
2001-07-21T08:20:00,1,7,21,8,20,0.31666667,12.10000000,23.18333333,0.31931294
2001-07-21T08:30:00,1,7,21,8,30,0.31050000,12.25000000,23.11750000,0.31318877
2001-07-21T08:40:00,1,7,21,8,40,0.30433333,12.40000000,23.05166667,0.30706087
2001-07-21T08:50:00,1,7,21,8,50,0.29816667,12.55000000,22.98583333,0.30092923
2001-07-21T09:00:00,1,7,21,9,0,0.29200000,12.70000000,22.92000000,0.29479386
2001-07-21T09:10:00,1,7,21,9,10,0.33766667,12.90000000,24.71833333,0.33810417
2001-07-21T09:20:00,1,7,21,9,20,0.38333333,13.10000000,26.51666667,0.38065894
2001-07-21T09:30:00,1,7,21,9,30,0.42900000,13.30000000,28.31500000,0.42245818
2001-07-21T09:40:00,1,7,21,9,40,0.47466667,13.50000000,30.11333333,0.46350187
2001-07-21T09:50:00,1,7,21,9,50,0.52033333,13.70000000,31.91166667,0.50379003
2001-07-21T10:00:00,1,7,21,10,0,0.56600000,13.90000000,33.71000000,0.54332264
2001-07-21T10:10:00,1,7,21,10,10,0.55866667,14.01666667,33.57000000,0.53664291
2001-07-21T10:20:00,1,7,21,10,20,0.55133333,14.13333333,33.43000000,0.52995373
2001-07-21T10:30:00,1,7,21,10,30,0.54400000,14.25000000,33.29000000,0.52325510
2001-07-21T10:40:00,1,7,21,10,40,0.53666667,14.36666667,33.15000000,0.51654703
2001-07-21T10:50:00,1,7,21,10,50,0.52933333,14.48333333,33.01000000,0.50982952
2001-07-21T11:00:00,1,7,21,11,0,0.52200000,14.60000000,32.87000000,0.50310256
2001-07-21T11:10:00,1,7,21,11,10,0.55933333,14.61666667,34.19333333,0.53567950
2001-07-21T11:20:00,1,7,21,11,20,0.59666667,14.63333333,35.51666667,0.56780192
2001-07-21T11:30:00,1,7,21,11,30,0.63400000,14.65000000,36.84000000,0.59946982
2001-07-21T11:40:00,1,7,21,11,40,0.67133333,14.66666667,38.16333333,0.63068320
2001-07-21T11:50:00,1,7,21,11,50,0.70866667,14.68333333,39.48666667,0.66144206
2001-07-21T12:00:00,1,7,21,12,0,0.74600000,14.70000000,40.81000000,0.69174640
2001-07-21T12:10:00,1,7,21,12,10,0.69400000,14.86666667,39.15666667,0.64880626
2001-07-21T12:20:00,1,7,21,12,20,0.64200000,15.03333333,37.50333333,0.60507516
2001-07-21T12:30:00,1,7,21,12,30,0.59000000,15.20000000,35.85000000,0.56055310
2001-07-21T12:40:00,1,7,21,12,40,0.53800000,15.36666667,34.19666667,0.51524009
2001-07-21T12:50:00,1,7,21,12,50,0.48600000,15.53333333,32.54333333,0.46913612
2001-07-21T13:00:00,1,7,21,13,0,0.43400000,15.70000000,30.89000000,0.42224120
2001-07-21T13:10:00,1,7,21,13,10,0.41550000,15.88333333,30.42583333,0.40512960
2001-07-21T13:20:00,1,7,21,13,20,0.39700000,16.06666667,29.96166667,0.38793900
2001-07-21T13:30:00,1,7,21,13,30,0.37850000,16.25000000,29.49750000,0.37066940
2001-07-21T13:40:00,1,7,21,13,40,0.36000000,16.43333333,29.03333333,0.35332080
2001-07-21T13:50:00,1,7,21,13,50,0.34150000,16.61666667,28.56916667,0.33589320
2001-07-21T14:00:00,1,7,21,14,0,0.32300000,16.80000000,28.10500000,0.31838659
2001-07-21T14:10:00,1,7,21,14,10,0.32483333,16.75000000,28.11916667,0.32017257
2001-07-21T14:20:00,1,7,21,14,20,0.32666667,16.70000000,28.13333333,0.32195831
2001-07-21T14:30:00,1,7,21,14,30,0.32850000,16.65000000,28.14750000,0.32374381
2001-07-21T14:40:00,1,7,21,14,40,0.33033333,16.60000000,28.16166667,0.32552908
2001-07-21T14:50:00,1,7,21,14,50,0.33216667,16.55000000,28.17583333,0.32731410
2001-07-21T15:00:00,1,7,21,15,0,0.33400000,16.50000000,28.19000000,0.32909888
2001-07-21T15:10:00,1,7,21,15,10,0.30033333,16.63333333,27.14500000,0.29736994
2001-07-21T15:20:00,1,7,21,15,20,0.26666667,16.76666667,26.10000000,0.26531733
2001-07-21T15:30:00,1,7,21,15,30,0.23300000,16.90000000,25.05500000,0.23294105
2001-07-21T15:40:00,1,7,21,15,40,0.19933333,17.03333333,24.01000000,0.20024110
2001-07-21T15:50:00,1,7,21,15,50,0.16566667,17.16666667,22.96500000,0.16721747
2001-07-21T16:00:00,1,7,21,16,0,0.13200000,17.30000000,21.92000000,0.13387018
2001-07-21T16:10:00,1,7,21,16,10,0.11133333,17.18333333,21.08000000,0.11334090
2001-07-21T16:20:00,1,7,21,16,20,0.09066667,17.06666667,20.24000000,0.09265190
2001-07-21T16:30:00,1,7,21,16,30,0.07000000,16.95000000,19.40000000,0.07180320
2001-07-21T16:40:00,1,7,21,16,40,0.04933333,16.83333333,18.56000000,0.05079478
2001-07-21T16:50:00,1,7,21,16,50,0.02866667,16.71666667,17.72000000,0.02962666
2001-07-21T17:00:00,1,7,21,17,0,0.00800000,16.60000000,16.88000000,0.00829882
2001-07-21T17:10:00,1,7,21,17,10,0.00666667,16.56666667,16.80000000,0.00691813
2001-07-21T17:20:00,1,7,21,17,20,0.00533333,16.53333333,16.72000000,0.00553647
2001-07-21T17:30:00,1,7,21,17,30,0.00400000,16.50000000,16.64000000,0.00415382
2001-07-21T17:40:00,1,7,21,17,40,0.00266667,16.46666667,16.56000000,0.00277020
2001-07-21T17:50:00,1,7,21,17,50,0.00133333,16.43333333,16.48000000,0.00138559
2001-07-21T18:00:00,1,7,21,18,0,0.00000000,16.40000000,16.40000000,0.00000000
2001-07-21T18:10:00,1,7,21,18,10,0.00000000,16.33333333,16.33333333,0.00000000
2001-07-21T18:20:00,1,7,21,18,20,0.00000000,16.26666667,16.26666667,0.00000000
2001-07-21T18:30:00,1,7,21,18,30,0.00000000,16.20000000,16.20000000,0.00000000
2001-07-21T18:40:00,1,7,21,18,40,0.00000000,16.13333333,16.13333333,0.00000000
2001-07-21T18:50:00,1,7,21,18,50,0.00000000,16.06666667,16.06666667,0.00000000
2001-07-21T19:00:00,1,7,21,19,0,0.00000000,16.00000000,16.00000000,0.00000000
2001-07-21T19:10:00,1,7,21,19,10,0.00000000,16.03333333,16.03333333,0.00000000
2001-07-21T19:20:00,1,7,21,19,20,0.00000000,16.06666667,16.06666667,0.00000000
2001-07-21T19:30:00,1,7,21,19,30,0.00000000,16.10000000,16.10000000,0.00000000
2001-07-21T19:40:00,1,7,21,19,40,0.00000000,16.13333333,16.13333333,0.00000000
2001-07-21T19:50:00,1,7,21,19,50,0.00000000,16.16666667,16.16666667,0.00000000
2001-07-21T20:00:00,1,7,21,20,0,0.00000000,16.20000000,16.20000000,0.00000000
2001-07-21T20:10:00,1,7,21,20,10,0.00000000,16.01666667,16.01666667,0.00000000
2001-07-21T20:20:00,1,7,21,20,20,0.00000000,15.83333333,15.83333333,0.00000000
2001-07-21T20:30:00,1,7,21,20,30,0.00000000,15.65000000,15.65000000,0.00000000
2001-07-21T20:40:00,1,7,21,20,40,0.00000000,15.46666667,15.46666667,0.00000000
2001-07-21T20:50:00,1,7,21,20,50,0.00000000,15.28333333,15.28333333,0.00000000
2001-07-21T21:00:00,1,7,21,21,0,0.00000000,15.10000000,15.10000000,0.00000000
2001-07-21T21:10:00,1,7,21,21,10,0.00000000,15.01666667,15.01666667,0.00000000
2001-07-21T21:20:00,1,7,21,21,20,0.00000000,14.93333333,14.93333333,0.00000000
2001-07-21T21:30:00,1,7,21,21,30,0.00000000,14.85000000,14.85000000,0.00000000
2001-07-21T21:40:00,1,7,21,21,40,0.00000000,14.76666667,14.76666667,0.00000000
2001-07-21T21:50:00,1,7,21,21,50,0.00000000,14.68333333,14.68333333,0.00000000
2001-07-21T22:00:00,1,7,21,22,0,0.00000000,14.60000000,14.60000000,0.00000000
2001-07-21T22:10:00,1,7,21,22,10,0.00000000,14.60000000,14.60000000,0.00000000
2001-07-21T22:20:00,1,7,21,22,20,0.00000000,14.60000000,14.60000000,0.00000000
2001-07-21T22:30:00,1,7,21,22,30,0.00000000,14.60000000,14.60000000,0.00000000
2001-07-21T22:40:00,1,7,21,22,40,0.00000000,14.60000000,14.60000000,0.00000000
2001-07-21T22:50:00,1,7,21,22,50,0.00000000,14.60000000,14.60000000,0.00000000
2001-07-21T23:00:00,1,7,21,23,0,0.00000000,14.60000000,14.60000000,0.00000000
2001-07-21T23:10:00,1,7,21,23,10,0.00000000,14.75000000,14.75000000,0.00000000
2001-07-21T23:20:00,1,7,21,23,20,0.00000000,14.90000000,14.90000000,0.00000000
2001-07-21T23:30:00,1,7,21,23,30,0.00000000,15.05000000,15.05000000,0.00000000
2001-07-21T23:40:00,1,7,21,23,40,0.00000000,15.20000000,15.20000000,0.00000000
2001-07-21T23:50:00,1,7,21,23,50,0.00000000,15.35000000,15.35000000,0.00000000
2001-07-22T00:00:00,1,7,22,0,0,0.00000000,15.50000000,15.50000000,0.00000000
2001-07-22T00:10:00,1,7,22,0,10,0.00000000,15.31666667,15.31666667,0.00000000
2001-07-22T00:20:00,1,7,22,0,20,0.00000000,15.13333333,15.13333333,0.00000000
2001-07-22T00:30:00,1,7,22,0,30,0.00000000,14.95000000,14.95000000,0.00000000
2001-07-22T00:40:00,1,7,22,0,40,0.00000000,14.76666667,14.76666667,0.00000000
2001-07-22T00:50:00,1,7,22,0,50,0.00000000,14.58333333,14.58333333,0.00000000
2001-07-22T01:00:00,1,7,22,1,0,0.00000000,14.40000000,14.40000000,0.00000000
2001-07-22T01:10:00,1,7,22,1,10,0.00000000,14.41666667,14.41666667,0.00000000
2001-07-22T01:20:00,1,7,22,1,20,0.00000000,14.43333333,14.43333333,0.00000000
2001-07-22T01:30:00,1,7,22,1,30,0.00000000,14.45000000,14.45000000,0.00000000
2001-07-22T01:40:00,1,7,22,1,40,0.00000000,14.46666667,14.46666667,0.00000000
2001-07-22T01:50:00,1,7,22,1,50,0.00000000,14.48333333,14.48333333,0.00000000
2001-07-22T02:00:00,1,7,22,2,0,0.00000000,14.50000000,14.50000000,0.00000000
2001-07-22T02:10:00,1,7,22,2,10,0.00000000,14.43333333,14.43333333,0.00000000
2001-07-22T02:20:00,1,7,22,2,20,0.00000000,14.36666667,14.36666667,0.00000000
2001-07-22T02:30:00,1,7,22,2,30,0.00000000,14.30000000,14.30000000,0.00000000
2001-07-22T02:40:00,1,7,22,2,40,0.00000000,14.23333333,14.23333333,0.00000000
2001-07-22T02:50:00,1,7,22,2,50,0.00000000,14.16666667,14.16666667,0.00000000
2001-07-22T03:00:00,1,7,22,3,0,0.00000000,14.10000000,14.10000000,0.00000000
2001-07-22T03:10:00,1,7,22,3,10,0.00000000,14.08333333,14.08333333,0.00000000
2001-07-22T03:20:00,1,7,22,3,20,0.00000000,14.06666667,14.06666667,0.00000000
2001-07-22T03:30:00,1,7,22,3,30,0.00000000,14.05000000,14.05000000,0.00000000
2001-07-22T03:40:00,1,7,22,3,40,0.00000000,14.03333333,14.03333333,0.00000000
2001-07-22T03:50:00,1,7,22,3,50,0.00000000,14.01666667,14.01666667,0.00000000
2001-07-22T04:00:00,1,7,22,4,0,0.00000000,14.00000000,14.00000000,0.00000000
2001-07-22T04:10:00,1,7,22,4,10,0.00000000,13.81666667,13.81666667,0.00000000
2001-07-22T04:20:00,1,7,22,4,20,0.00000000,13.63333333,13.63333333,0.00000000
2001-07-22T04:30:00,1,7,22,4,30,0.00000000,13.45000000,13.45000000,0.00000000
2001-07-22T04:40:00,1,7,22,4,40,0.00000000,13.26666667,13.26666667,0.00000000
2001-07-22T04:50:00,1,7,22,4,50,0.00000000,13.08333333,13.08333333,0.00000000
2001-07-22T05:00:00,1,7,22,5,0,0.00000000,12.90000000,12.90000000,0.00000000
2001-07-22T05:10:00,1,7,22,5,10,0.00100000,12.88333333,12.91833333,0.00105558
2001-07-22T05:20:00,1,7,22,5,20,0.00200000,12.86666667,12.93666667,0.00211098
2001-07-22T05:30:00,1,7,22,5,30,0.00300000,12.85000000,12.95500000,0.00316622
2001-07-22T05:40:00,1,7,22,5,40,0.00400000,12.83333333,12.97333333,0.00422129
2001-07-22T05:50:00,1,7,22,5,50,0.00500000,12.81666667,12.99166667,0.00527619
2001-07-22T06:00:00,1,7,22,6,0,0.00600000,12.80000000,13.01000000,0.00633092
2001-07-22T06:10:00,1,7,22,6,10,0.03033333,12.76666667,13.82833333,0.03189215
2001-07-22T06:20:00,1,7,22,6,20,0.05466667,12.73333333,14.64666667,0.05727018
2001-07-22T06:30:00,1,7,22,6,30,0.07900000,12.70000000,15.46500000,0.08246502
2001-07-22T06:40:00,1,7,22,6,40,0.10333333,12.66666667,16.28333333,0.10747666
2001-07-22T06:50:00,1,7,22,6,50,0.12766667,12.63333333,17.10166667,0.13230509
2001-07-22T07:00:00,1,7,22,7,0,0.15200000,12.60000000,17.92000000,0.15695034
2001-07-22T07:10:00,1,7,22,7,10,0.18500000,13.55000000,20.02500000,0.18923373
2001-07-22T07:20:00,1,7,22,7,20,0.21800000,14.50000000,22.13000000,0.22087804
2001-07-22T07:30:00,1,7,22,7,30,0.25100000,15.45000000,24.23500000,0.25188327
2001-07-22T07:40:00,1,7,22,7,40,0.28400000,16.40000000,26.34000000,0.28224942
2001-07-22T07:50:00,1,7,22,7,50,0.31700000,17.35000000,28.44500000,0.31197650
2001-07-22T08:00:00,1,7,22,8,0,0.35000000,18.30000000,30.55000000,0.34106450
2001-07-22T08:10:00,1,7,22,8,10,0.37233333,19.10000000,32.13166667,0.36011869
2001-07-22T08:20:00,1,7,22,8,20,0.39466667,19.90000000,33.71333333,0.37884790
2001-07-22T08:30:00,1,7,22,8,30,0.41700000,20.70000000,35.29500000,0.39725213
2001-07-22T08:40:00,1,7,22,8,40,0.43933333,21.50000000,36.87666667,0.41533138
2001-07-22T08:50:00,1,7,22,8,50,0.46166667,22.30000000,38.45833333,0.43308565
2001-07-22T09:00:00,1,7,22,9,0,0.48400000,23.10000000,40.04000000,0.45051494
2001-07-22T09:10:00,1,7,22,9,10,0.50366667,23.78333333,41.41166667,0.46564302
2001-07-22T09:20:00,1,7,22,9,20,0.52333333,24.46666667,42.78333333,0.48052292
2001-07-22T09:30:00,1,7,22,9,30,0.54300000,25.15000000,44.15500000,0.49515464
2001-07-22T09:40:00,1,7,22,9,40,0.56266667,25.83333333,45.52666667,0.50953818
2001-07-22T09:50:00,1,7,22,9,50,0.58233333,26.51666667,46.89833333,0.52367354
2001-07-22T10:00:00,1,7,22,10,0,0.60200000,27.20000000,48.27000000,0.53756072
2001-07-22T10:10:00,1,7,22,10,10,0.60500000,27.78333333,48.95833333,0.53832396
2001-07-22T10:20:00,1,7,22,10,20,0.60800000,28.36666667,49.64666667,0.53906820
2001-07-22T10:30:00,1,7,22,10,30,0.61100000,28.95000000,50.33500000,0.53979345
2001-07-22T10:40:00,1,7,22,10,40,0.61400000,29.53333333,51.02333333,0.54049970
2001-07-22T10:50:00,1,7,22,10,50,0.61700000,30.11666667,51.71166667,0.54118695
2001-07-22T11:00:00,1,7,22,11,0,0.62000000,30.70000000,52.40000000,0.54185520
2001-07-22T11:10:00,1,7,22,11,10,0.62283333,30.78333333,52.58250000,0.54380855
2001-07-22T11:20:00,1,7,22,11,20,0.62566667,30.86666667,52.76500000,0.54575715
2001-07-22T11:30:00,1,7,22,11,30,0.62850000,30.95000000,52.94750000,0.54770098
2001-07-22T11:40:00,1,7,22,11,40,0.63133333,31.03333333,53.13000000,0.54964006
2001-07-22T11:50:00,1,7,22,11,50,0.63416667,31.11666667,53.31250000,0.55157439
2001-07-22T12:00:00,1,7,22,12,0,0.63700000,31.20000000,53.49500000,0.55350395
2001-07-22T12:10:00,1,7,22,12,10,0.61800000,31.35000000,52.98000000,0.53845846
2001-07-22T12:20:00,1,7,22,12,20,0.59900000,31.50000000,52.46500000,0.52332294
2001-07-22T12:30:00,1,7,22,12,30,0.58000000,31.65000000,51.95000000,0.50809740
2001-07-22T12:40:00,1,7,22,12,40,0.56100000,31.80000000,51.43500000,0.49278184
2001-07-22T12:50:00,1,7,22,12,50,0.54200000,31.95000000,50.92000000,0.47737626
2001-07-22T13:00:00,1,7,22,13,0,0.52300000,32.10000000,50.40500000,0.46188065
2001-07-22T13:10:00,1,7,22,13,10,0.50150000,31.58333333,49.13583333,0.44582105
2001-07-22T13:20:00,1,7,22,13,20,0.48000000,31.06666667,47.86666667,0.42951040
2001-07-22T13:30:00,1,7,22,13,30,0.45850000,30.55000000,46.59750000,0.41294871
2001-07-22T13:40:00,1,7,22,13,40,0.43700000,30.03333333,45.32833333,0.39613598
2001-07-22T13:50:00,1,7,22,13,50,0.41550000,29.51666667,44.05916667,0.37907221
2001-07-22T14:00:00,1,7,22,14,0,0.39400000,29.00000000,42.79000000,0.36175740
2001-07-22T14:10:00,1,7,22,14,10,0.38416667,28.43333333,41.87916667,0.35433837
2001-07-22T14:20:00,1,7,22,14,20,0.37433333,27.86666667,40.96833333,0.34683693
2001-07-22T14:30:00,1,7,22,14,30,0.36450000,27.30000000,40.05750000,0.33925309
2001-07-22T14:40:00,1,7,22,14,40,0.35466667,26.73333333,39.14666667,0.33158685
2001-07-22T14:50:00,1,7,22,14,50,0.34483333,26.16666667,38.23583333,0.32383821
2001-07-22T15:00:00,1,7,22,15,0,0.33500000,25.60000000,37.32500000,0.31600718
2001-07-22T15:10:00,1,7,22,15,10,0.29750000,25.18333333,35.59583333,0.28299960
2001-07-22T15:20:00,1,7,22,15,20,0.26000000,24.76666667,33.86666667,0.24939547
2001-07-22T15:30:00,1,7,22,15,30,0.22250000,24.35000000,32.13750000,0.21519477
2001-07-22T15:40:00,1,7,22,15,40,0.18500000,23.93333333,30.40833333,0.18039751
2001-07-22T15:50:00,1,7,22,15,50,0.14750000,23.51666667,28.67916667,0.14500369
2001-07-22T16:00:00,1,7,22,16,0,0.11000000,23.10000000,26.95000000,0.10901330
2001-07-22T16:10:00,1,7,22,16,10,0.09316667,22.08333333,25.34416667,0.09301917
2001-07-22T16:20:00,1,7,22,16,20,0.07633333,21.06666667,23.73833333,0.07677635
2001-07-22T16:30:00,1,7,22,16,30,0.05950000,20.05000000,22.13250000,0.06028483
2001-07-22T16:40:00,1,7,22,16,40,0.04266667,19.03333333,20.52666667,0.04354463
2001-07-22T16:50:00,1,7,22,16,50,0.02583333,18.01666667,18.92083333,0.02655574
2001-07-22T17:00:00,1,7,22,17,0,0.00900000,17.00000000,17.31500000,0.00931816
2001-07-22T17:10:00,1,7,22,17,10,0.00750000,16.46666667,16.72916667,0.00778534
2001-07-22T17:20:00,1,7,22,17,20,0.00600000,15.93333333,16.14333333,0.00624444
2001-07-22T17:30:00,1,7,22,17,30,0.00450000,15.40000000,15.55750000,0.00469546
2001-07-22T17:40:00,1,7,22,17,40,0.00300000,14.86666667,14.97166667,0.00313839
2001-07-22T17:50:00,1,7,22,17,50,0.00150000,14.33333333,14.38583333,0.00157324
2001-07-22T18:00:00,1,7,22,18,0,0.00000000,13.80000000,13.80000000,0.00000000
2001-07-22T18:10:00,1,7,22,18,10,0.00000000,13.55000000,13.55000000,0.00000000
2001-07-22T18:20:00,1,7,22,18,20,0.00000000,13.30000000,13.30000000,0.00000000
2001-07-22T18:30:00,1,7,22,18,30,0.00000000,13.05000000,13.05000000,0.00000000
2001-07-22T18:40:00,1,7,22,18,40,0.00000000,12.80000000,12.80000000,0.00000000
2001-07-22T18:50:00,1,7,22,18,50,0.00000000,12.55000000,12.55000000,0.00000000
2001-07-22T19:00:00,1,7,22,19,0,0.00000000,12.30000000,12.30000000,0.00000000
2001-07-22T19:10:00,1,7,22,19,10,0.00000000,12.13333333,12.13333333,0.00000000
2001-07-22T19:20:00,1,7,22,19,20,0.00000000,11.96666667,11.96666667,0.00000000
2001-07-22T19:30:00,1,7,22,19,30,0.00000000,11.80000000,11.80000000,0.00000000
2001-07-22T19:40:00,1,7,22,19,40,0.00000000,11.63333333,11.63333333,0.00000000
2001-07-22T19:50:00,1,7,22,19,50,0.00000000,11.46666667,11.46666667,0.00000000
2001-07-22T20:00:00,1,7,22,20,0,0.00000000,11.30000000,11.30000000,0.00000000
2001-07-22T20:10:00,1,7,22,20,10,0.00000000,11.23333333,11.23333333,0.00000000
2001-07-22T20:20:00,1,7,22,20,20,0.00000000,11.16666667,11.16666667,0.00000000
2001-07-22T20:30:00,1,7,22,20,30,0.00000000,11.10000000,11.10000000,0.00000000
2001-07-22T20:40:00,1,7,22,20,40,0.00000000,11.03333333,11.03333333,0.00000000
2001-07-22T20:50:00,1,7,22,20,50,0.00000000,10.96666667,10.96666667,0.00000000
2001-07-22T21:00:00,1,7,22,21,0,0.00000000,10.90000000,10.90000000,0.00000000
2001-07-22T21:10:00,1,7,22,21,10,0.00000000,10.73333333,10.73333333,0.00000000
2001-07-22T21:20:00,1,7,22,21,20,0.00000000,10.56666667,10.56666667,0.00000000
2001-07-22T21:30:00,1,7,22,21,30,0.00000000,10.40000000,10.40000000,0.00000000
2001-07-22T21:40:00,1,7,22,21,40,0.00000000,10.23333333,10.23333333,0.00000000
2001-07-22T21:50:00,1,7,22,21,50,0.00000000,10.06666667,10.06666667,0.00000000
2001-07-22T22:00:00,1,7,22,22,0,0.00000000,9.90000000,9.90000000,0.00000000
2001-07-22T22:10:00,1,7,22,22,10,0.00000000,9.80000000,9.80000000,0.00000000
2001-07-22T22:20:00,1,7,22,22,20,0.00000000,9.70000000,9.70000000,0.00000000
2001-07-22T22:30:00,1,7,22,22,30,0.00000000,9.60000000,9.60000000,0.00000000
2001-07-22T22:40:00,1,7,22,22,40,0.00000000,9.50000000,9.50000000,0.00000000
2001-07-22T22:50:00,1,7,22,22,50,0.00000000,9.40000000,9.40000000,0.00000000
2001-07-22T23:00:00,1,7,22,23,0,0.00000000,9.30000000,9.30000000,0.00000000
2001-07-22T23:10:00,1,7,22,23,10,0.00000000,9.18333333,9.18333333,0.00000000
2001-07-22T23:20:00,1,7,22,23,20,0.00000000,9.06666667,9.06666667,0.00000000
2001-07-22T23:30:00,1,7,22,23,30,0.00000000,8.95000000,8.95000000,0.00000000
2001-07-22T23:40:00,1,7,22,23,40,0.00000000,8.83333333,8.83333333,0.00000000
2001-07-22T23:50:00,1,7,22,23,50,0.00000000,8.71666667,8.71666667,0.00000000
2001-07-23T00:00:00,1,7,23,0,0,0.00000000,8.60000000,8.60000000,0.00000000
2001-07-23T00:10:00,1,7,23,0,10,0.00000000,8.55000000,8.55000000,0.00000000
2001-07-23T00:20:00,1,7,23,0,20,0.00000000,8.50000000,8.50000000,0.00000000
2001-07-23T00:30:00,1,7,23,0,30,0.00000000,8.45000000,8.45000000,0.00000000
2001-07-23T00:40:00,1,7,23,0,40,0.00000000,8.40000000,8.40000000,0.00000000
2001-07-23T00:50:00,1,7,23,0,50,0.00000000,8.35000000,8.35000000,0.00000000
2001-07-23T01:00:00,1,7,23,1,0,0.00000000,8.30000000,8.30000000,0.00000000
2001-07-23T01:10:00,1,7,23,1,10,0.00000000,8.31666667,8.31666667,0.00000000
2001-07-23T01:20:00,1,7,23,1,20,0.00000000,8.33333333,8.33333333,0.00000000
2001-07-23T01:30:00,1,7,23,1,30,0.00000000,8.35000000,8.35000000,0.00000000
2001-07-23T01:40:00,1,7,23,1,40,0.00000000,8.36666667,8.36666667,0.00000000
2001-07-23T01:50:00,1,7,23,1,50,0.00000000,8.38333333,8.38333333,0.00000000
2001-07-23T02:00:00,1,7,23,2,0,0.00000000,8.40000000,8.40000000,0.00000000
2001-07-23T02:10:00,1,7,23,2,10,0.00000000,8.51666667,8.51666667,0.00000000
2001-07-23T02:20:00,1,7,23,2,20,0.00000000,8.63333333,8.63333333,0.00000000
2001-07-23T02:30:00,1,7,23,2,30,0.00000000,8.75000000,8.75000000,0.00000000
2001-07-23T02:40:00,1,7,23,2,40,0.00000000,8.86666667,8.86666667,0.00000000
2001-07-23T02:50:00,1,7,23,2,50,0.00000000,8.98333333,8.98333333,0.00000000
2001-07-23T03:00:00,1,7,23,3,0,0.00000000,9.10000000,9.10000000,0.00000000
2001-07-23T03:10:00,1,7,23,3,10,0.00000000,9.10000000,9.10000000,0.00000000
2001-07-23T03:20:00,1,7,23,3,20,0.00000000,9.10000000,9.10000000,0.00000000
2001-07-23T03:30:00,1,7,23,3,30,0.00000000,9.10000000,9.10000000,0.00000000
2001-07-23T03:40:00,1,7,23,3,40,0.00000000,9.10000000,9.10000000,0.00000000
2001-07-23T03:50:00,1,7,23,3,50,0.00000000,9.10000000,9.10000000,0.00000000
2001-07-23T04:00:00,1,7,23,4,0,0.00000000,9.10000000,9.10000000,0.00000000
2001-07-23T04:10:00,1,7,23,4,10,0.00000000,9.10000000,9.10000000,0.00000000
2001-07-23T04:20:00,1,7,23,4,20,0.00000000,9.10000000,9.10000000,0.00000000
2001-07-23T04:30:00,1,7,23,4,30,0.00000000,9.10000000,9.10000000,0.00000000
2001-07-23T04:40:00,1,7,23,4,40,0.00000000,9.10000000,9.10000000,0.00000000
2001-07-23T04:50:00,1,7,23,4,50,0.00000000,9.10000000,9.10000000,0.00000000
2001-07-23T05:00:00,1,7,23,5,0,0.00000000,9.10000000,9.10000000,0.00000000
2001-07-23T05:10:00,1,7,23,5,10,0.00100000,9.16666667,9.20166667,0.00107267
2001-07-23T05:20:00,1,7,23,5,20,0.00200000,9.23333333,9.30333333,0.00214441
2001-07-23T05:30:00,1,7,23,5,30,0.00300000,9.30000000,9.40500000,0.00321521
2001-07-23T05:40:00,1,7,23,5,40,0.00400000,9.36666667,9.50666667,0.00428508
2001-07-23T05:50:00,1,7,23,5,50,0.00500000,9.43333333,9.60833333,0.00535401
2001-07-23T06:00:00,1,7,23,6,0,0.00600000,9.50000000,9.71000000,0.00642200
2001-07-23T06:10:00,1,7,23,6,10,0.02950000,9.46666667,10.49916667,0.03146776
2001-07-23T06:20:00,1,7,23,6,20,0.05300000,9.43333333,11.28833333,0.05634290
2001-07-23T06:30:00,1,7,23,6,30,0.07650000,9.40000000,12.07750000,0.08104743
2001-07-23T06:40:00,1,7,23,6,40,0.10000000,9.36666667,12.86666667,0.10558133
2001-07-23T06:50:00,1,7,23,6,50,0.12350000,9.33333333,13.65583333,0.12994462
2001-07-23T07:00:00,1,7,23,7,0,0.14700000,9.30000000,14.44500000,0.15413729
2001-07-23T07:10:00,1,7,23,7,10,0.16566667,9.66666667,15.46500000,0.17293297
2001-07-23T07:20:00,1,7,23,7,20,0.18433333,10.03333333,16.48500000,0.19155349
2001-07-23T07:30:00,1,7,23,7,30,0.20300000,10.40000000,17.50500000,0.20999883
2001-07-23T07:40:00,1,7,23,7,40,0.22166667,10.76666667,18.52500000,0.22826901
2001-07-23T07:50:00,1,7,23,7,50,0.24033333,11.13333333,19.54500000,0.24636402
2001-07-23T08:00:00,1,7,23,8,0,0.25900000,11.50000000,20.56500000,0.26428386
2001-07-23T08:10:00,1,7,23,8,10,0.29300000,11.78333333,22.03833333,0.29699173
2001-07-23T08:20:00,1,7,23,8,20,0.32700000,12.06666667,23.51166667,0.32923875
2001-07-23T08:30:00,1,7,23,8,30,0.36100000,12.35000000,24.98500000,0.36102491
2001-07-23T08:40:00,1,7,23,8,40,0.39500000,12.63333333,26.45833333,0.39235021
2001-07-23T08:50:00,1,7,23,8,50,0.42900000,12.91666667,27.93166667,0.42321465
2001-07-23T09:00:00,1,7,23,9,0,0.46300000,13.20000000,29.40500000,0.45361823
2001-07-23T09:10:00,1,7,23,9,10,0.48216667,13.48333333,30.35916667,0.47028021
2001-07-23T09:20:00,1,7,23,9,20,0.50133333,13.76666667,31.31333333,0.48677394
2001-07-23T09:30:00,1,7,23,9,30,0.52050000,14.05000000,32.26750000,0.50309942
2001-07-23T09:40:00,1,7,23,9,40,0.53966667,14.33333333,33.22166667,0.51925665
2001-07-23T09:50:00,1,7,23,9,50,0.55883333,14.61666667,34.17583333,0.53524563
2001-07-23T10:00:00,1,7,23,10,0,0.57800000,14.90000000,35.13000000,0.55106636
2001-07-23T10:10:00,1,7,23,10,10,0.56066667,15.15000000,34.77333333,0.53546059
2001-07-23T10:20:00,1,7,23,10,20,0.54333333,15.40000000,34.41666667,0.51979794
2001-07-23T10:30:00,1,7,23,10,30,0.52600000,15.65000000,34.06000000,0.50407842
2001-07-23T10:40:00,1,7,23,10,40,0.50866667,15.90000000,33.70333333,0.48830203
2001-07-23T10:50:00,1,7,23,10,50,0.49133333,16.15000000,33.34666667,0.47246875
2001-07-23T11:00:00,1,7,23,11,0,0.47400000,16.40000000,32.99000000,0.45657860
2001-07-23T11:10:00,1,7,23,11,10,0.51200000,16.35000000,34.27000000,0.49016730
2001-07-23T11:20:00,1,7,23,11,20,0.55000000,16.30000000,35.55000000,0.52330850
2001-07-23T11:30:00,1,7,23,11,30,0.58800000,16.25000000,36.83000000,0.55600222
2001-07-23T11:40:00,1,7,23,11,40,0.62600000,16.20000000,38.11000000,0.58824844
2001-07-23T11:50:00,1,7,23,11,50,0.66400000,16.15000000,39.39000000,0.62004718
2001-07-23T12:00:00,1,7,23,12,0,0.70200000,16.10000000,40.67000000,0.65139844
2001-07-23T12:10:00,1,7,23,12,10,0.64550000,16.35000000,38.94250000,0.60410053
2001-07-23T12:20:00,1,7,23,12,20,0.58900000,16.60000000,37.21500000,0.55590468
2001-07-23T12:30:00,1,7,23,12,30,0.53250000,16.85000000,35.48750000,0.50681087
2001-07-23T12:40:00,1,7,23,12,40,0.47600000,17.10000000,33.76000000,0.45681910
2001-07-23T12:50:00,1,7,23,12,50,0.41950000,17.35000000,32.03250000,0.40592938
2001-07-23T13:00:00,1,7,23,13,0,0.36300000,17.60000000,30.30500000,0.35414171
2001-07-23T13:10:00,1,7,23,13,10,0.35100000,17.56666667,29.85166667,0.34316650
2001-07-23T13:20:00,1,7,23,13,20,0.33900000,17.53333333,29.39833333,0.33214124
2001-07-23T13:30:00,1,7,23,13,30,0.32700000,17.50000000,28.94500000,0.32106593
2001-07-23T13:40:00,1,7,23,13,40,0.31500000,17.46666667,28.49166667,0.30994057
2001-07-23T13:50:00,1,7,23,13,50,0.30300000,17.43333333,28.03833333,0.29876517
2001-07-23T14:00:00,1,7,23,14,0,0.29100000,17.40000000,27.58500000,0.28753972
2001-07-23T14:10:00,1,7,23,14,10,0.30233333,17.38333333,27.96500000,0.29820981
2001-07-23T14:20:00,1,7,23,14,20,0.31366667,17.36666667,28.34500000,0.30884028
2001-07-23T14:30:00,1,7,23,14,30,0.32500000,17.35000000,28.72500000,0.31943112
2001-07-23T14:40:00,1,7,23,14,40,0.33633333,17.33333333,29.10500000,0.32998235
2001-07-23T14:50:00,1,7,23,14,50,0.34766667,17.31666667,29.48500000,0.34049396
2001-07-23T15:00:00,1,7,23,15,0,0.35900000,17.30000000,29.86500000,0.35096594
2001-07-23T15:10:00,1,7,23,15,10,0.31700000,17.26666667,28.36166667,0.31209802
2001-07-23T15:20:00,1,7,23,15,20,0.27500000,17.23333333,26.85833333,0.27264921
2001-07-23T15:30:00,1,7,23,15,30,0.23300000,17.20000000,25.35500000,0.23261951
2001-07-23T15:40:00,1,7,23,15,40,0.19100000,17.16666667,23.85166667,0.19200893
2001-07-23T15:50:00,1,7,23,15,50,0.14900000,17.13333333,22.34833333,0.15081745
2001-07-23T16:00:00,1,7,23,16,0,0.10700000,17.10000000,20.84500000,0.10904509
2001-07-23T16:10:00,1,7,23,16,10,0.09066667,16.96666667,20.14000000,0.09269361
2001-07-23T16:20:00,1,7,23,16,20,0.07433333,16.83333333,19.43500000,0.07623619
2001-07-23T16:30:00,1,7,23,16,30,0.05800000,16.70000000,18.73000000,0.05967284
2001-07-23T16:40:00,1,7,23,16,40,0.04166667,16.56666667,18.02500000,0.04300354
2001-07-23T16:50:00,1,7,23,16,50,0.02533333,16.43333333,17.32000000,0.02622831
2001-07-23T17:00:00,1,7,23,17,0,0.00900000,16.30000000,16.61500000,0.00934714
2001-07-23T17:10:00,1,7,23,17,10,0.00750000,16.23333333,16.49583333,0.00779339
2001-07-23T17:20:00,1,7,23,17,20,0.00600000,16.16666667,16.37666667,0.00623800
2001-07-23T17:30:00,1,7,23,17,30,0.00450000,16.10000000,16.25750000,0.00468097
2001-07-23T17:40:00,1,7,23,17,40,0.00300000,16.03333333,16.13833333,0.00312229
2001-07-23T17:50:00,1,7,23,17,50,0.00150000,15.96666667,16.01916667,0.00156197
2001-07-23T18:00:00,1,7,23,18,0,0.00000000,15.90000000,15.90000000,0.00000000
2001-07-23T18:10:00,1,7,23,18,10,0.00000000,15.86666667,15.86666667,0.00000000
2001-07-23T18:20:00,1,7,23,18,20,0.00000000,15.83333333,15.83333333,0.00000000
2001-07-23T18:30:00,1,7,23,18,30,0.00000000,15.80000000,15.80000000,0.00000000
2001-07-23T18:40:00,1,7,23,18,40,0.00000000,15.76666667,15.76666667,0.00000000
2001-07-23T18:50:00,1,7,23,18,50,0.00000000,15.73333333,15.73333333,0.00000000
2001-07-23T19:00:00,1,7,23,19,0,0.00000000,15.70000000,15.70000000,0.00000000
2001-07-23T19:10:00,1,7,23,19,10,0.00000000,15.63333333,15.63333333,0.00000000
2001-07-23T19:20:00,1,7,23,19,20,0.00000000,15.56666667,15.56666667,0.00000000
2001-07-23T19:30:00,1,7,23,19,30,0.00000000,15.50000000,15.50000000,0.00000000
2001-07-23T19:40:00,1,7,23,19,40,0.00000000,15.43333333,15.43333333,0.00000000
2001-07-23T19:50:00,1,7,23,19,50,0.00000000,15.36666667,15.36666667,0.00000000
2001-07-23T20:00:00,1,7,23,20,0,0.00000000,15.30000000,15.30000000,0.00000000
2001-07-23T20:10:00,1,7,23,20,10,0.00000000,15.16666667,15.16666667,0.00000000
2001-07-23T20:20:00,1,7,23,20,20,0.00000000,15.03333333,15.03333333,0.00000000
2001-07-23T20:30:00,1,7,23,20,30,0.00000000,14.90000000,14.90000000,0.00000000
2001-07-23T20:40:00,1,7,23,20,40,0.00000000,14.76666667,14.76666667,0.00000000
2001-07-23T20:50:00,1,7,23,20,50,0.00000000,14.63333333,14.63333333,0.00000000
2001-07-23T21:00:00,1,7,23,21,0,0.00000000,14.50000000,14.50000000,0.00000000
2001-07-23T21:10:00,1,7,23,21,10,0.00000000,14.45000000,14.45000000,0.00000000
2001-07-23T21:20:00,1,7,23,21,20,0.00000000,14.40000000,14.40000000,0.00000000
2001-07-23T21:30:00,1,7,23,21,30,0.00000000,14.35000000,14.35000000,0.00000000
2001-07-23T21:40:00,1,7,23,21,40,0.00000000,14.30000000,14.30000000,0.00000000
2001-07-23T21:50:00,1,7,23,21,50,0.00000000,14.25000000,14.25000000,0.00000000
2001-07-23T22:00:00,1,7,23,22,0,0.00000000,14.20000000,14.20000000,0.00000000
2001-07-23T22:10:00,1,7,23,22,10,0.00000000,14.10000000,14.10000000,0.00000000
2001-07-23T22:20:00,1,7,23,22,20,0.00000000,14.00000000,14.00000000,0.00000000
2001-07-23T22:30:00,1,7,23,22,30,0.00000000,13.90000000,13.90000000,0.00000000
2001-07-23T22:40:00,1,7,23,22,40,0.00000000,13.80000000,13.80000000,0.00000000
2001-07-23T22:50:00,1,7,23,22,50,0.00000000,13.70000000,13.70000000,0.00000000
2001-07-23T23:00:00,1,7,23,23,0,0.00000000,13.60000000,13.60000000,0.00000000
2001-07-23T23:10:00,1,7,23,23,10,0.00000000,14.55000000,14.55000000,0.00000000
2001-07-23T23:20:00,1,7,23,23,20,0.00000000,15.50000000,15.50000000,0.00000000
2001-07-23T23:30:00,1,7,23,23,30,0.00000000,16.45000000,16.45000000,0.00000000
2001-07-23T23:40:00,1,7,23,23,40,0.00000000,17.40000000,17.40000000,0.00000000
2001-07-23T23:50:00,1,7,23,23,50,0.00000000,18.35000000,18.35000000,0.00000000
2001-07-24T00:00:00,1,7,24,0,0,0.00000000,19.30000000,19.30000000,0.00000000
2001-07-24T00:10:00,1,7,24,0,10,0.00000000,19.26666667,19.26666667,0.00000000
2001-07-24T00:20:00,1,7,24,0,20,0.00000000,19.23333333,19.23333333,0.00000000
2001-07-24T00:30:00,1,7,24,0,30,0.00000000,19.20000000,19.20000000,0.00000000
2001-07-24T00:40:00,1,7,24,0,40,0.00000000,19.16666667,19.16666667,0.00000000
2001-07-24T00:50:00,1,7,24,0,50,0.00000000,19.13333333,19.13333333,0.00000000
2001-07-24T01:00:00,1,7,24,1,0,0.00000000,19.10000000,19.10000000,0.00000000
2001-07-24T01:10:00,1,7,24,1,10,0.00000000,19.20000000,19.20000000,0.00000000
2001-07-24T01:20:00,1,7,24,1,20,0.00000000,19.30000000,19.30000000,0.00000000
2001-07-24T01:30:00,1,7,24,1,30,0.00000000,19.40000000,19.40000000,0.00000000
2001-07-24T01:40:00,1,7,24,1,40,0.00000000,19.50000000,19.50000000,0.00000000
2001-07-24T01:50:00,1,7,24,1,50,0.00000000,19.60000000,19.60000000,0.00000000
2001-07-24T02:00:00,1,7,24,2,0,0.00000000,19.70000000,19.70000000,0.00000000
2001-07-24T02:10:00,1,7,24,2,10,0.00000000,19.63333333,19.63333333,0.00000000
2001-07-24T02:20:00,1,7,24,2,20,0.00000000,19.56666667,19.56666667,0.00000000
2001-07-24T02:30:00,1,7,24,2,30,0.00000000,19.50000000,19.50000000,0.00000000
2001-07-24T02:40:00,1,7,24,2,40,0.00000000,19.43333333,19.43333333,0.00000000
2001-07-24T02:50:00,1,7,24,2,50,0.00000000,19.36666667,19.36666667,0.00000000
2001-07-24T03:00:00,1,7,24,3,0,0.00000000,19.30000000,19.30000000,0.00000000
2001-07-24T03:10:00,1,7,24,3,10,0.00000000,19.36666667,19.36666667,0.00000000
2001-07-24T03:20:00,1,7,24,3,20,0.00000000,19.43333333,19.43333333,0.00000000
2001-07-24T03:30:00,1,7,24,3,30,0.00000000,19.50000000,19.50000000,0.00000000
2001-07-24T03:40:00,1,7,24,3,40,0.00000000,19.56666667,19.56666667,0.00000000
2001-07-24T03:50:00,1,7,24,3,50,0.00000000,19.63333333,19.63333333,0.00000000
2001-07-24T04:00:00,1,7,24,4,0,0.00000000,19.70000000,19.70000000,0.00000000
2001-07-24T04:10:00,1,7,24,4,10,0.00000000,19.65000000,19.65000000,0.00000000
2001-07-24T04:20:00,1,7,24,4,20,0.00000000,19.60000000,19.60000000,0.00000000
2001-07-24T04:30:00,1,7,24,4,30,0.00000000,19.55000000,19.55000000,0.00000000
2001-07-24T04:40:00,1,7,24,4,40,0.00000000,19.50000000,19.50000000,0.00000000
2001-07-24T04:50:00,1,7,24,4,50,0.00000000,19.45000000,19.45000000,0.00000000
2001-07-24T05:00:00,1,7,24,5,0,0.00000000,19.40000000,19.40000000,0.00000000
2001-07-24T05:10:00,1,7,24,5,10,0.00000000,19.43333333,19.43333333,0.00000000
2001-07-24T05:20:00,1,7,24,5,20,0.00000000,19.46666667,19.46666667,0.00000000
2001-07-24T05:30:00,1,7,24,5,30,0.00000000,19.50000000,19.50000000,0.00000000
2001-07-24T05:40:00,1,7,24,5,40,0.00000000,19.53333333,19.53333333,0.00000000
2001-07-24T05:50:00,1,7,24,5,50,0.00000000,19.56666667,19.56666667,0.00000000
2001-07-24T06:00:00,1,7,24,6,0,0.00000000,19.60000000,19.60000000,0.00000000
2001-07-24T06:10:00,1,7,24,6,10,0.00400000,19.63333333,19.77333333,0.00409617
2001-07-24T06:20:00,1,7,24,6,20,0.00800000,19.66666667,19.94666667,0.00818596
2001-07-24T06:30:00,1,7,24,6,30,0.01200000,19.70000000,20.12000000,0.01226938
2001-07-24T06:40:00,1,7,24,6,40,0.01600000,19.73333333,20.29333333,0.01634641
2001-07-24T06:50:00,1,7,24,6,50,0.02000000,19.76666667,20.46666667,0.02041707
2001-07-24T07:00:00,1,7,24,7,0,0.02400000,19.80000000,20.64000000,0.02448134
2001-07-24T07:10:00,1,7,24,7,10,0.02566667,19.51666667,20.41500000,0.02620800
2001-07-24T07:20:00,1,7,24,7,20,0.02733333,19.23333333,20.19000000,0.02793811
2001-07-24T07:30:00,1,7,24,7,30,0.02900000,18.95000000,19.96500000,0.02967167
2001-07-24T07:40:00,1,7,24,7,40,0.03066667,18.66666667,19.74000000,0.03140868
2001-07-24T07:50:00,1,7,24,7,50,0.03233333,18.38333333,19.51500000,0.03314914
2001-07-24T08:00:00,1,7,24,8,0,0.03400000,18.10000000,19.29000000,0.03489304
2001-07-24T08:10:00,1,7,24,8,10,0.04300000,17.98333333,19.48833333,0.04409021
2001-07-24T08:20:00,1,7,24,8,20,0.05200000,17.86666667,19.68666667,0.05327095
2001-07-24T08:30:00,1,7,24,8,30,0.06100000,17.75000000,19.88500000,0.06243527
2001-07-24T08:40:00,1,7,24,8,40,0.07000000,17.63333333,20.08333333,0.07158317
2001-07-24T08:50:00,1,7,24,8,50,0.07900000,17.51666667,20.28166667,0.08071464
2001-07-24T09:00:00,1,7,24,9,0,0.08800000,17.40000000,20.48000000,0.08982970
2001-07-24T09:10:00,1,7,24,9,10,0.08150000,17.13333333,19.98583333,0.08337981
2001-07-24T09:20:00,1,7,24,9,20,0.07500000,16.86666667,19.49166667,0.07690037
2001-07-24T09:30:00,1,7,24,9,30,0.06850000,16.60000000,18.99750000,0.07039139
2001-07-24T09:40:00,1,7,24,9,40,0.06200000,16.33333333,18.50333333,0.06385285
2001-07-24T09:50:00,1,7,24,9,50,0.05550000,16.06666667,18.00916667,0.05728476
2001-07-24T10:00:00,1,7,24,10,0,0.04900000,15.80000000,17.51500000,0.05068712
2001-07-24T10:10:00,1,7,24,10,10,0.06183333,15.85000000,18.01416667,0.06382034
2001-07-24T10:20:00,1,7,24,10,20,0.07466667,15.90000000,18.51333333,0.07689462
2001-07-24T10:30:00,1,7,24,10,30,0.08750000,15.95000000,19.01250000,0.08990997
2001-07-24T10:40:00,1,7,24,10,40,0.10033333,16.00000000,19.51166667,0.10286638
2001-07-24T10:50:00,1,7,24,10,50,0.11316667,16.05000000,20.01083333,0.11576386
2001-07-24T11:00:00,1,7,24,11,0,0.12600000,16.10000000,20.51000000,0.12860240
2001-07-24T11:10:00,1,7,24,11,10,0.11883333,15.83333333,19.99250000,0.12157060
2001-07-24T11:20:00,1,7,24,11,20,0.11166667,15.56666667,19.47500000,0.11450468
2001-07-24T11:30:00,1,7,24,11,30,0.10450000,15.30000000,18.95750000,0.10740463
2001-07-24T11:40:00,1,7,24,11,40,0.09733333,15.03333333,18.44000000,0.10027046
2001-07-24T11:50:00,1,7,24,11,50,0.09016667,14.76666667,17.92250000,0.09310218
2001-07-24T12:00:00,1,7,24,12,0,0.08300000,14.50000000,17.40500000,0.08589977
2001-07-24T12:10:00,1,7,24,12,10,0.08983333,14.53333333,17.67750000,0.09285923
2001-07-24T12:20:00,1,7,24,12,20,0.09666667,14.56666667,17.95000000,0.09980157
2001-07-24T12:30:00,1,7,24,12,30,0.10350000,14.60000000,18.22250000,0.10672677
2001-07-24T12:40:00,1,7,24,12,40,0.11033333,14.63333333,18.49500000,0.11363484
2001-07-24T12:50:00,1,7,24,12,50,0.11716667,14.66666667,18.76750000,0.12052578
2001-07-24T13:00:00,1,7,24,13,0,0.12400000,14.70000000,19.04000000,0.12739958
2001-07-24T13:10:00,1,7,24,13,10,0.12466667,14.55000000,18.91333333,0.12815717
2001-07-24T13:20:00,1,7,24,13,20,0.12533333,14.40000000,18.78666667,0.12891553
2001-07-24T13:30:00,1,7,24,13,30,0.12600000,14.25000000,18.66000000,0.12967466
2001-07-24T13:40:00,1,7,24,13,40,0.12666667,14.10000000,18.53333333,0.13043458
2001-07-24T13:50:00,1,7,24,13,50,0.12733333,13.95000000,18.40666667,0.13119527
2001-07-24T14:00:00,1,7,24,14,0,0.12800000,13.80000000,18.28000000,0.13195674
2001-07-24T14:10:00,1,7,24,14,10,0.11350000,13.83333333,17.80583333,0.11725607
2001-07-24T14:20:00,1,7,24,14,20,0.09900000,13.86666667,17.33166667,0.10249216
2001-07-24T14:30:00,1,7,24,14,30,0.08450000,13.90000000,16.85750000,0.08766499
2001-07-24T14:40:00,1,7,24,14,40,0.07000000,13.93333333,16.38333333,0.07277457
2001-07-24T14:50:00,1,7,24,14,50,0.05550000,13.96666667,15.90916667,0.05782089
2001-07-24T15:00:00,1,7,24,15,0,0.04100000,14.00000000,15.43500000,0.04280396
2001-07-24T15:10:00,1,7,24,15,10,0.03933333,14.23333333,15.61000000,0.04103230
2001-07-24T15:20:00,1,7,24,15,20,0.03766667,14.46666667,15.78500000,0.03926332
2001-07-24T15:30:00,1,7,24,15,30,0.03600000,14.70000000,15.96000000,0.03749702
2001-07-24T15:40:00,1,7,24,15,40,0.03433333,14.93333333,16.13500000,0.03573341
2001-07-24T15:50:00,1,7,24,15,50,0.03266667,15.16666667,16.31000000,0.03397248
2001-07-24T16:00:00,1,7,24,16,0,0.03100000,15.40000000,16.48500000,0.03221424
2001-07-24T16:10:00,1,7,24,16,10,0.02583333,15.38333333,16.28750000,0.02686867
2001-07-24T16:20:00,1,7,24,16,20,0.02066667,15.36666667,16.09000000,0.02151371
2001-07-24T16:30:00,1,7,24,16,30,0.01550000,15.35000000,15.89250000,0.01614936
2001-07-24T16:40:00,1,7,24,16,40,0.01033333,15.33333333,15.69500000,0.01077563
2001-07-24T16:50:00,1,7,24,16,50,0.00516667,15.31666667,15.49750000,0.00539251
2001-07-24T17:00:00,1,7,24,17,0,0.00000000,15.30000000,15.30000000,0.00000000
2001-07-24T17:10:00,1,7,24,17,10,0.00000000,15.36666667,15.36666667,0.00000000
2001-07-24T17:20:00,1,7,24,17,20,0.00000000,15.43333333,15.43333333,0.00000000
2001-07-24T17:30:00,1,7,24,17,30,0.00000000,15.50000000,15.50000000,0.00000000
2001-07-24T17:40:00,1,7,24,17,40,0.00000000,15.56666667,15.56666667,0.00000000
2001-07-24T17:50:00,1,7,24,17,50,0.00000000,15.63333333,15.63333333,0.00000000
2001-07-24T18:00:00,1,7,24,18,0,0.00000000,15.70000000,15.70000000,0.00000000
2001-07-24T18:10:00,1,7,24,18,10,0.00000000,15.75000000,15.75000000,0.00000000
2001-07-24T18:20:00,1,7,24,18,20,0.00000000,15.80000000,15.80000000,0.00000000
2001-07-24T18:30:00,1,7,24,18,30,0.00000000,15.85000000,15.85000000,0.00000000
2001-07-24T18:40:00,1,7,24,18,40,0.00000000,15.90000000,15.90000000,0.00000000
2001-07-24T18:50:00,1,7,24,18,50,0.00000000,15.95000000,15.95000000,0.00000000
2001-07-24T19:00:00,1,7,24,19,0,0.00000000,16.00000000,16.00000000,0.00000000
2001-07-24T19:10:00,1,7,24,19,10,0.00000000,16.23333333,16.23333333,0.00000000
2001-07-24T19:20:00,1,7,24,19,20,0.00000000,16.46666667,16.46666667,0.00000000
2001-07-24T19:30:00,1,7,24,19,30,0.00000000,16.70000000,16.70000000,0.00000000
2001-07-24T19:40:00,1,7,24,19,40,0.00000000,16.93333333,16.93333333,0.00000000
2001-07-24T19:50:00,1,7,24,19,50,0.00000000,17.16666667,17.16666667,0.00000000
2001-07-24T20:00:00,1,7,24,20,0,0.00000000,17.40000000,17.40000000,0.00000000
2001-07-24T20:10:00,1,7,24,20,10,0.00000000,17.38333333,17.38333333,0.00000000
2001-07-24T20:20:00,1,7,24,20,20,0.00000000,17.36666667,17.36666667,0.00000000
2001-07-24T20:30:00,1,7,24,20,30,0.00000000,17.35000000,17.35000000,0.00000000
2001-07-24T20:40:00,1,7,24,20,40,0.00000000,17.33333333,17.33333333,0.00000000
2001-07-24T20:50:00,1,7,24,20,50,0.00000000,17.31666667,17.31666667,0.00000000
2001-07-24T21:00:00,1,7,24,21,0,0.00000000,17.30000000,17.30000000,0.00000000
2001-07-24T21:10:00,1,7,24,21,10,0.00000000,17.48333333,17.48333333,0.00000000
2001-07-24T21:20:00,1,7,24,21,20,0.00000000,17.66666667,17.66666667,0.00000000
2001-07-24T21:30:00,1,7,24,21,30,0.00000000,17.85000000,17.85000000,0.00000000
2001-07-24T21:40:00,1,7,24,21,40,0.00000000,18.03333333,18.03333333,0.00000000
2001-07-24T21:50:00,1,7,24,21,50,0.00000000,18.21666667,18.21666667,0.00000000
2001-07-24T22:00:00,1,7,24,22,0,0.00000000,18.40000000,18.40000000,0.00000000
2001-07-24T22:10:00,1,7,24,22,10,0.00000000,18.43333333,18.43333333,0.00000000
2001-07-24T22:20:00,1,7,24,22,20,0.00000000,18.46666667,18.46666667,0.00000000
2001-07-24T22:30:00,1,7,24,22,30,0.00000000,18.50000000,18.50000000,0.00000000
2001-07-24T22:40:00,1,7,24,22,40,0.00000000,18.53333333,18.53333333,0.00000000
2001-07-24T22:50:00,1,7,24,22,50,0.00000000,18.56666667,18.56666667,0.00000000
2001-07-24T23:00:00,1,7,24,23,0,0.00000000,18.60000000,18.60000000,0.00000000
2001-07-24T23:10:00,1,7,24,23,10,0.00000000,18.75000000,18.75000000,0.00000000
2001-07-24T23:20:00,1,7,24,23,20,0.00000000,18.90000000,18.90000000,0.00000000
2001-07-24T23:30:00,1,7,24,23,30,0.00000000,19.05000000,19.05000000,0.00000000
2001-07-24T23:40:00,1,7,24,23,40,0.00000000,19.20000000,19.20000000,0.00000000
2001-07-24T23:50:00,1,7,24,23,50,0.00000000,19.35000000,19.35000000,0.00000000
2001-07-25T00:00:00,1,7,25,0,0,0.00000000,19.50000000,19.50000000,0.00000000
2001-07-25T00:10:00,1,7,25,0,10,0.00000000,19.46666667,19.46666667,0.00000000
2001-07-25T00:20:00,1,7,25,0,20,0.00000000,19.43333333,19.43333333,0.00000000
2001-07-25T00:30:00,1,7,25,0,30,0.00000000,19.40000000,19.40000000,0.00000000
2001-07-25T00:40:00,1,7,25,0,40,0.00000000,19.36666667,19.36666667,0.00000000
2001-07-25T00:50:00,1,7,25,0,50,0.00000000,19.33333333,19.33333333,0.00000000
2001-07-25T01:00:00,1,7,25,1,0,0.00000000,19.30000000,19.30000000,0.00000000
2001-07-25T01:10:00,1,7,25,1,10,0.00000000,19.30000000,19.30000000,0.00000000
2001-07-25T01:20:00,1,7,25,1,20,0.00000000,19.30000000,19.30000000,0.00000000
2001-07-25T01:30:00,1,7,25,1,30,0.00000000,19.30000000,19.30000000,0.00000000
2001-07-25T01:40:00,1,7,25,1,40,0.00000000,19.30000000,19.30000000,0.00000000
2001-07-25T01:50:00,1,7,25,1,50,0.00000000,19.30000000,19.30000000,0.00000000
2001-07-25T02:00:00,1,7,25,2,0,0.00000000,19.30000000,19.30000000,0.00000000
2001-07-25T02:10:00,1,7,25,2,10,0.00000000,19.33333333,19.33333333,0.00000000
2001-07-25T02:20:00,1,7,25,2,20,0.00000000,19.36666667,19.36666667,0.00000000
2001-07-25T02:30:00,1,7,25,2,30,0.00000000,19.40000000,19.40000000,0.00000000
2001-07-25T02:40:00,1,7,25,2,40,0.00000000,19.43333333,19.43333333,0.00000000
2001-07-25T02:50:00,1,7,25,2,50,0.00000000,19.46666667,19.46666667,0.00000000
2001-07-25T03:00:00,1,7,25,3,0,0.00000000,19.50000000,19.50000000,0.00000000
2001-07-25T03:10:00,1,7,25,3,10,0.00000000,19.50000000,19.50000000,0.00000000
2001-07-25T03:20:00,1,7,25,3,20,0.00000000,19.50000000,19.50000000,0.00000000
2001-07-25T03:30:00,1,7,25,3,30,0.00000000,19.50000000,19.50000000,0.00000000
2001-07-25T03:40:00,1,7,25,3,40,0.00000000,19.50000000,19.50000000,0.00000000
2001-07-25T03:50:00,1,7,25,3,50,0.00000000,19.50000000,19.50000000,0.00000000
2001-07-25T04:00:00,1,7,25,4,0,0.00000000,19.50000000,19.50000000,0.00000000
2001-07-25T04:10:00,1,7,25,4,10,0.00000000,19.55000000,19.55000000,0.00000000
2001-07-25T04:20:00,1,7,25,4,20,0.00000000,19.60000000,19.60000000,0.00000000
2001-07-25T04:30:00,1,7,25,4,30,0.00000000,19.65000000,19.65000000,0.00000000
2001-07-25T04:40:00,1,7,25,4,40,0.00000000,19.70000000,19.70000000,0.00000000
2001-07-25T04:50:00,1,7,25,4,50,0.00000000,19.75000000,19.75000000,0.00000000
2001-07-25T05:00:00,1,7,25,5,0,0.00000000,19.80000000,19.80000000,0.00000000
2001-07-25T05:10:00,1,7,25,5,10,0.00000000,19.80000000,19.80000000,0.00000000
2001-07-25T05:20:00,1,7,25,5,20,0.00000000,19.80000000,19.80000000,0.00000000
2001-07-25T05:30:00,1,7,25,5,30,0.00000000,19.80000000,19.80000000,0.00000000
2001-07-25T05:40:00,1,7,25,5,40,0.00000000,19.80000000,19.80000000,0.00000000
2001-07-25T05:50:00,1,7,25,5,50,0.00000000,19.80000000,19.80000000,0.00000000
2001-07-25T06:00:00,1,7,25,6,0,0.00000000,19.80000000,19.80000000,0.00000000
2001-07-25T06:10:00,1,7,25,6,10,0.00133333,19.81666667,19.86333333,0.00136484
2001-07-25T06:20:00,1,7,25,6,20,0.00266667,19.83333333,19.92666667,0.00272890
2001-07-25T06:30:00,1,7,25,6,30,0.00400000,19.85000000,19.99000000,0.00409218
2001-07-25T06:40:00,1,7,25,6,40,0.00533333,19.86666667,20.05333333,0.00545469
2001-07-25T06:50:00,1,7,25,6,50,0.00666667,19.88333333,20.11666667,0.00681642
2001-07-25T07:00:00,1,7,25,7,0,0.00800000,19.90000000,20.18000000,0.00817738
2001-07-25T07:10:00,1,7,25,7,10,0.00966667,19.58333333,19.92166667,0.00989248
2001-07-25T07:20:00,1,7,25,7,20,0.01133333,19.26666667,19.66333333,0.01161155
2001-07-25T07:30:00,1,7,25,7,30,0.01300000,18.95000000,19.40500000,0.01333458
2001-07-25T07:40:00,1,7,25,7,40,0.01466667,18.63333333,19.14666667,0.01506157
2001-07-25T07:50:00,1,7,25,7,50,0.01633333,18.31666667,18.88833333,0.01679252
2001-07-25T08:00:00,1,7,25,8,0,0.01800000,18.00000000,18.63000000,0.01852744
2001-07-25T08:10:00,1,7,25,8,10,0.01966667,17.70000000,18.38833333,0.02026480
2001-07-25T08:20:00,1,7,25,8,20,0.02133333,17.40000000,18.14666667,0.02200587
2001-07-25T08:30:00,1,7,25,8,30,0.02300000,17.10000000,17.90500000,0.02375065
2001-07-25T08:40:00,1,7,25,8,40,0.02466667,16.80000000,17.66333333,0.02549913
2001-07-25T08:50:00,1,7,25,8,50,0.02633333,16.50000000,17.42166667,0.02725132
2001-07-25T09:00:00,1,7,25,9,0,0.02800000,16.20000000,17.18000000,0.02900722
2001-07-25T09:10:00,1,7,25,9,10,0.02950000,16.06666667,17.09916667,0.03057214
2001-07-25T09:20:00,1,7,25,9,20,0.03100000,15.93333333,17.01833333,0.03213819
2001-07-25T09:30:00,1,7,25,9,30,0.03250000,15.80000000,16.93750000,0.03370534
2001-07-25T09:40:00,1,7,25,9,40,0.03400000,15.66666667,16.85666667,0.03527362
2001-07-25T09:50:00,1,7,25,9,50,0.03550000,15.53333333,16.77583333,0.03684301
2001-07-25T10:00:00,1,7,25,10,0,0.03700000,15.40000000,16.69500000,0.03841351
2001-07-25T10:10:00,1,7,25,10,10,0.03766667,15.25000000,16.56833333,0.03912759
2001-07-25T10:20:00,1,7,25,10,20,0.03833333,15.10000000,16.44166667,0.03984245
2001-07-25T10:30:00,1,7,25,10,30,0.03900000,14.95000000,16.31500000,0.04055809
2001-07-25T10:40:00,1,7,25,10,40,0.03966667,14.80000000,16.18833333,0.04127450
2001-07-25T10:50:00,1,7,25,10,50,0.04033333,14.65000000,16.06166667,0.04199169
2001-07-25T11:00:00,1,7,25,11,0,0.04100000,14.50000000,15.93500000,0.04270966
2001-07-25T11:10:00,1,7,25,11,10,0.04100000,14.45000000,15.88500000,0.04271909
2001-07-25T11:20:00,1,7,25,11,20,0.04100000,14.40000000,15.83500000,0.04272852
2001-07-25T11:30:00,1,7,25,11,30,0.04100000,14.35000000,15.78500000,0.04273795
2001-07-25T11:40:00,1,7,25,11,40,0.04100000,14.30000000,15.73500000,0.04274738
2001-07-25T11:50:00,1,7,25,11,50,0.04100000,14.25000000,15.68500000,0.04275681
2001-07-25T12:00:00,1,7,25,12,0,0.04100000,14.20000000,15.63500000,0.04276624
2001-07-25T12:10:00,1,7,25,12,10,0.04033333,14.08333333,15.49500000,0.04209683
2001-07-25T12:20:00,1,7,25,12,20,0.03966667,13.96666667,15.35500000,0.04142656
2001-07-25T12:30:00,1,7,25,12,30,0.03900000,13.85000000,15.21500000,0.04075543
2001-07-25T12:40:00,1,7,25,12,40,0.03833333,13.73333333,15.07500000,0.04008344
2001-07-25T12:50:00,1,7,25,12,50,0.03766667,13.61666667,14.93500000,0.03941060
2001-07-25T13:00:00,1,7,25,13,0,0.03700000,13.50000000,14.79500000,0.03873689
2001-07-25T13:10:00,1,7,25,13,10,0.03550000,13.43333333,14.67583333,0.03718594
2001-07-25T13:20:00,1,7,25,13,20,0.03400000,13.36666667,14.55666667,0.03563334
2001-07-25T13:30:00,1,7,25,13,30,0.03250000,13.30000000,14.43750000,0.03407909
2001-07-25T13:40:00,1,7,25,13,40,0.03100000,13.23333333,14.31833333,0.03252321
2001-07-25T13:50:00,1,7,25,13,50,0.02950000,13.16666667,14.19916667,0.03096567
2001-07-25T14:00:00,1,7,25,14,0,0.02800000,13.10000000,14.08000000,0.02940650
2001-07-25T14:10:00,1,7,25,14,10,0.02633333,13.11666667,14.03833333,0.02766116
2001-07-25T14:20:00,1,7,25,14,20,0.02466667,13.13333333,13.99666667,0.02591518
2001-07-25T14:30:00,1,7,25,14,30,0.02300000,13.15000000,13.95500000,0.02416856
2001-07-25T14:40:00,1,7,25,14,40,0.02133333,13.16666667,13.91333333,0.02242130
2001-07-25T14:50:00,1,7,25,14,50,0.01966667,13.18333333,13.87166667,0.02067341
2001-07-25T15:00:00,1,7,25,15,0,0.01800000,13.20000000,13.83000000,0.01892488
2001-07-25T15:10:00,1,7,25,15,10,0.01633333,13.30000000,13.87166667,0.01716944
2001-07-25T15:20:00,1,7,25,15,20,0.01466667,13.40000000,13.91333333,0.01541465
2001-07-25T15:30:00,1,7,25,15,30,0.01300000,13.50000000,13.95500000,0.01366049
2001-07-25T15:40:00,1,7,25,15,40,0.01133333,13.60000000,13.99666667,0.01190697
2001-07-25T15:50:00,1,7,25,15,50,0.00966667,13.70000000,14.03833333,0.01015410
2001-07-25T16:00:00,1,7,25,16,0,0.00800000,13.80000000,14.08000000,0.00840186
2001-07-25T16:10:00,1,7,25,16,10,0.00666667,13.85000000,14.08333333,0.00700144
2001-07-25T16:20:00,1,7,25,16,20,0.00533333,13.90000000,14.08666667,0.00560107
2001-07-25T16:30:00,1,7,25,16,30,0.00400000,13.95000000,14.09000000,0.00420074
2001-07-25T16:40:00,1,7,25,16,40,0.00266667,14.00000000,14.09333333,0.00280046
2001-07-25T16:50:00,1,7,25,16,50,0.00133333,14.05000000,14.09666667,0.00140021
2001-07-25T17:00:00,1,7,25,17,0,0.00000000,14.10000000,14.10000000,0.00000000
2001-07-25T17:10:00,1,7,25,17,10,0.00000000,14.26666667,14.26666667,0.00000000
2001-07-25T17:20:00,1,7,25,17,20,0.00000000,14.43333333,14.43333333,0.00000000
2001-07-25T17:30:00,1,7,25,17,30,0.00000000,14.60000000,14.60000000,0.00000000
2001-07-25T17:40:00,1,7,25,17,40,0.00000000,14.76666667,14.76666667,0.00000000
2001-07-25T17:50:00,1,7,25,17,50,0.00000000,14.93333333,14.93333333,0.00000000
2001-07-25T18:00:00,1,7,25,18,0,0.00000000,15.10000000,15.10000000,0.00000000
2001-07-25T18:10:00,1,7,25,18,10,0.00000000,15.16666667,15.16666667,0.00000000
2001-07-25T18:20:00,1,7,25,18,20,0.00000000,15.23333333,15.23333333,0.00000000
2001-07-25T18:30:00,1,7,25,18,30,0.00000000,15.30000000,15.30000000,0.00000000
2001-07-25T18:40:00,1,7,25,18,40,0.00000000,15.36666667,15.36666667,0.00000000
2001-07-25T18:50:00,1,7,25,18,50,0.00000000,15.43333333,15.43333333,0.00000000
2001-07-25T19:00:00,1,7,25,19,0,0.00000000,15.50000000,15.50000000,0.00000000
2001-07-25T19:10:00,1,7,25,19,10,0.00000000,15.53333333,15.53333333,0.00000000
2001-07-25T19:20:00,1,7,25,19,20,0.00000000,15.56666667,15.56666667,0.00000000
2001-07-25T19:30:00,1,7,25,19,30,0.00000000,15.60000000,15.60000000,0.00000000
2001-07-25T19:40:00,1,7,25,19,40,0.00000000,15.63333333,15.63333333,0.00000000
2001-07-25T19:50:00,1,7,25,19,50,0.00000000,15.66666667,15.66666667,0.00000000
2001-07-25T20:00:00,1,7,25,20,0,0.00000000,15.70000000,15.70000000,0.00000000
2001-07-25T20:10:00,1,7,25,20,10,0.00000000,15.88333333,15.88333333,0.00000000
2001-07-25T20:20:00,1,7,25,20,20,0.00000000,16.06666667,16.06666667,0.00000000
2001-07-25T20:30:00,1,7,25,20,30,0.00000000,16.25000000,16.25000000,0.00000000
2001-07-25T20:40:00,1,7,25,20,40,0.00000000,16.43333333,16.43333333,0.00000000
2001-07-25T20:50:00,1,7,25,20,50,0.00000000,16.61666667,16.61666667,0.00000000
2001-07-25T21:00:00,1,7,25,21,0,0.00000000,16.80000000,16.80000000,0.00000000
2001-07-25T21:10:00,1,7,25,21,10,0.00000000,16.81666667,16.81666667,0.00000000
2001-07-25T21:20:00,1,7,25,21,20,0.00000000,16.83333333,16.83333333,0.00000000
2001-07-25T21:30:00,1,7,25,21,30,0.00000000,16.85000000,16.85000000,0.00000000
2001-07-25T21:40:00,1,7,25,21,40,0.00000000,16.86666667,16.86666667,0.00000000
2001-07-25T21:50:00,1,7,25,21,50,0.00000000,16.88333333,16.88333333,0.00000000
2001-07-25T22:00:00,1,7,25,22,0,0.00000000,16.90000000,16.90000000,0.00000000
2001-07-25T22:10:00,1,7,25,22,10,0.00000000,17.06666667,17.06666667,0.00000000
2001-07-25T22:20:00,1,7,25,22,20,0.00000000,17.23333333,17.23333333,0.00000000
2001-07-25T22:30:00,1,7,25,22,30,0.00000000,17.40000000,17.40000000,0.00000000
2001-07-25T22:40:00,1,7,25,22,40,0.00000000,17.56666667,17.56666667,0.00000000
2001-07-25T22:50:00,1,7,25,22,50,0.00000000,17.73333333,17.73333333,0.00000000
2001-07-25T23:00:00,1,7,25,23,0,0.00000000,17.90000000,17.90000000,0.00000000
2001-07-25T23:10:00,1,7,25,23,10,0.00000000,17.01666667,17.01666667,0.00000000
2001-07-25T23:20:00,1,7,25,23,20,0.00000000,16.13333333,16.13333333,0.00000000
2001-07-25T23:30:00,1,7,25,23,30,0.00000000,15.25000000,15.25000000,0.00000000
2001-07-25T23:40:00,1,7,25,23,40,0.00000000,14.36666667,14.36666667,0.00000000
2001-07-25T23:50:00,1,7,25,23,50,0.00000000,13.48333333,13.48333333,0.00000000
2001-07-26T00:00:00,1,7,26,0,0,0.00000000,12.60000000,12.60000000,0.00000000
2001-07-26T00:10:00,1,7,26,0,10,0.00000000,12.61666667,12.61666667,0.00000000
2001-07-26T00:20:00,1,7,26,0,20,0.00000000,12.63333333,12.63333333,0.00000000
2001-07-26T00:30:00,1,7,26,0,30,0.00000000,12.65000000,12.65000000,0.00000000
2001-07-26T00:40:00,1,7,26,0,40,0.00000000,12.66666667,12.66666667,0.00000000
2001-07-26T00:50:00,1,7,26,0,50,0.00000000,12.68333333,12.68333333,0.00000000
2001-07-26T01:00:00,1,7,26,1,0,0.00000000,12.70000000,12.70000000,0.00000000
2001-07-26T01:10:00,1,7,26,1,10,0.00000000,12.66666667,12.66666667,0.00000000
2001-07-26T01:20:00,1,7,26,1,20,0.00000000,12.63333333,12.63333333,0.00000000
2001-07-26T01:30:00,1,7,26,1,30,0.00000000,12.60000000,12.60000000,0.00000000
2001-07-26T01:40:00,1,7,26,1,40,0.00000000,12.56666667,12.56666667,0.00000000
2001-07-26T01:50:00,1,7,26,1,50,0.00000000,12.53333333,12.53333333,0.00000000
2001-07-26T02:00:00,1,7,26,2,0,0.00000000,12.50000000,12.50000000,0.00000000
2001-07-26T02:10:00,1,7,26,2,10,0.00000000,12.46666667,12.46666667,0.00000000
2001-07-26T02:20:00,1,7,26,2,20,0.00000000,12.43333333,12.43333333,0.00000000
2001-07-26T02:30:00,1,7,26,2,30,0.00000000,12.40000000,12.40000000,0.00000000
2001-07-26T02:40:00,1,7,26,2,40,0.00000000,12.36666667,12.36666667,0.00000000
2001-07-26T02:50:00,1,7,26,2,50,0.00000000,12.33333333,12.33333333,0.00000000
2001-07-26T03:00:00,1,7,26,3,0,0.00000000,12.30000000,12.30000000,0.00000000
2001-07-26T03:10:00,1,7,26,3,10,0.00000000,12.18333333,12.18333333,0.00000000
2001-07-26T03:20:00,1,7,26,3,20,0.00000000,12.06666667,12.06666667,0.00000000
2001-07-26T03:30:00,1,7,26,3,30,0.00000000,11.95000000,11.95000000,0.00000000
2001-07-26T03:40:00,1,7,26,3,40,0.00000000,11.83333333,11.83333333,0.00000000
2001-07-26T03:50:00,1,7,26,3,50,0.00000000,11.71666667,11.71666667,0.00000000
2001-07-26T04:00:00,1,7,26,4,0,0.00000000,11.60000000,11.60000000,0.00000000
2001-07-26T04:10:00,1,7,26,4,10,0.00000000,11.56666667,11.56666667,0.00000000
2001-07-26T04:20:00,1,7,26,4,20,0.00000000,11.53333333,11.53333333,0.00000000
2001-07-26T04:30:00,1,7,26,4,30,0.00000000,11.50000000,11.50000000,0.00000000
2001-07-26T04:40:00,1,7,26,4,40,0.00000000,11.46666667,11.46666667,0.00000000
2001-07-26T04:50:00,1,7,26,4,50,0.00000000,11.43333333,11.43333333,0.00000000
2001-07-26T05:00:00,1,7,26,5,0,0.00000000,11.40000000,11.40000000,0.00000000
2001-07-26T05:10:00,1,7,26,5,10,0.00116667,11.46666667,11.50750000,0.00123908
2001-07-26T05:20:00,1,7,26,5,20,0.00233333,11.53333333,11.61500000,0.00247700
2001-07-26T05:30:00,1,7,26,5,30,0.00350000,11.60000000,11.72250000,0.00371377
2001-07-26T05:40:00,1,7,26,5,40,0.00466667,11.66666667,11.83000000,0.00494938
2001-07-26T05:50:00,1,7,26,5,50,0.00583333,11.73333333,11.93750000,0.00618384
2001-07-26T06:00:00,1,7,26,6,0,0.00700000,11.80000000,12.04500000,0.00741715
2001-07-26T06:10:00,1,7,26,6,10,0.02183333,11.78333333,12.54750000,0.02308398
2001-07-26T06:20:00,1,7,26,6,20,0.03666667,11.76666667,13.05000000,0.03868223
2001-07-26T06:30:00,1,7,26,6,30,0.05150000,11.75000000,13.55250000,0.05421191
2001-07-26T06:40:00,1,7,26,6,40,0.06633333,11.73333333,14.05500000,0.06967302
2001-07-26T06:50:00,1,7,26,6,50,0.08116667,11.71666667,14.55750000,0.08506555
2001-07-26T07:00:00,1,7,26,7,0,0.09600000,11.70000000,15.06000000,0.10038950
2001-07-26T07:10:00,1,7,26,7,10,0.10716667,12.08333333,15.83416667,0.11168512
2001-07-26T07:20:00,1,7,26,7,20,0.11833333,12.46666667,16.60833333,0.12290120
2001-07-26T07:30:00,1,7,26,7,30,0.12950000,12.85000000,17.38250000,0.13403774
2001-07-26T07:40:00,1,7,26,7,40,0.14066667,13.23333333,18.15666667,0.14509476
2001-07-26T07:50:00,1,7,26,7,50,0.15183333,13.61666667,18.93083333,0.15607224
2001-07-26T08:00:00,1,7,26,8,0,0.16300000,14.00000000,19.70500000,0.16697019
2001-07-26T08:10:00,1,7,26,8,10,0.19166667,14.33333333,21.04166667,0.19515660
2001-07-26T08:20:00,1,7,26,8,20,0.22033333,14.66666667,22.37833333,0.22299048
2001-07-26T08:30:00,1,7,26,8,30,0.24900000,15.00000000,23.71500000,0.25047184
2001-07-26T08:40:00,1,7,26,8,40,0.27766667,15.33333333,25.05166667,0.27760067
2001-07-26T08:50:00,1,7,26,8,50,0.30633333,15.66666667,26.38833333,0.30437699
2001-07-26T09:00:00,1,7,26,9,0,0.33500000,16.00000000,27.72500000,0.33080078
2001-07-26T09:10:00,1,7,26,9,10,0.37583333,16.60000000,29.75416667,0.36761417
2001-07-26T09:20:00,1,7,26,9,20,0.41666667,17.20000000,31.78333333,0.40366528
2001-07-26T09:30:00,1,7,26,9,30,0.45750000,17.80000000,33.81250000,0.43895409
2001-07-26T09:40:00,1,7,26,9,40,0.49833333,18.40000000,35.84166667,0.47348062
2001-07-26T09:50:00,1,7,26,9,50,0.53916667,19.00000000,37.87083333,0.50724485
2001-07-26T10:00:00,1,7,26,10,0,0.58000000,19.60000000,39.90000000,0.54024680
2001-07-26T10:10:00,1,7,26,10,10,0.56033333,20.31666667,39.92833333,0.52185506
2001-07-26T10:20:00,1,7,26,10,20,0.54066667,21.03333333,39.95666667,0.50346844
2001-07-26T10:30:00,1,7,26,10,30,0.52100000,21.75000000,39.98500000,0.48508695
2001-07-26T10:40:00,1,7,26,10,40,0.50133333,22.46666667,40.01333333,0.46671058
2001-07-26T10:50:00,1,7,26,10,50,0.48166667,23.18333333,40.04166667,0.44833935
2001-07-26T11:00:00,1,7,26,11,0,0.46200000,23.90000000,40.07000000,0.42997324
2001-07-26T11:10:00,1,7,26,11,10,0.47500000,23.56666667,40.19166667,0.44180621
2001-07-26T11:20:00,1,7,26,11,20,0.48800000,23.23333333,40.31333333,0.45362463
2001-07-26T11:30:00,1,7,26,11,30,0.50100000,22.90000000,40.43500000,0.46542850
2001-07-26T11:40:00,1,7,26,11,40,0.51400000,22.56666667,40.55666667,0.47721782
2001-07-26T11:50:00,1,7,26,11,50,0.52700000,22.23333333,40.67833333,0.48899258
2001-07-26T12:00:00,1,7,26,12,0,0.54000000,21.90000000,40.80000000,0.50075280
2001-07-26T12:10:00,1,7,26,12,10,0.52583333,22.26666667,40.67083333,0.48792820
2001-07-26T12:20:00,1,7,26,12,20,0.51166667,22.63333333,40.54166667,0.47508676
2001-07-26T12:30:00,1,7,26,12,30,0.49750000,23.00000000,40.41250000,0.46222849
2001-07-26T12:40:00,1,7,26,12,40,0.48333333,23.36666667,40.28333333,0.44935339
2001-07-26T12:50:00,1,7,26,12,50,0.46916667,23.73333333,40.15416667,0.43646145
2001-07-26T13:00:00,1,7,26,13,0,0.45500000,24.10000000,40.02500000,0.42355267
2001-07-26T13:10:00,1,7,26,13,10,0.45116667,23.76666667,39.55750000,0.42095452
2001-07-26T13:20:00,1,7,26,13,20,0.44733333,23.43333333,39.09000000,0.41833987
2001-07-26T13:30:00,1,7,26,13,30,0.44350000,23.10000000,38.62250000,0.41570874
2001-07-26T13:40:00,1,7,26,13,40,0.43966667,22.76666667,38.15500000,0.41306112
2001-07-26T13:50:00,1,7,26,13,50,0.43583333,22.43333333,37.68750000,0.41039701
2001-07-26T14:00:00,1,7,26,14,0,0.43200000,22.10000000,37.22000000,0.40771642
2001-07-26T14:10:00,1,7,26,14,10,0.40133333,22.01666667,36.06333333,0.38090894
2001-07-26T14:20:00,1,7,26,14,20,0.37066667,21.93333333,34.90666667,0.35377514
2001-07-26T14:30:00,1,7,26,14,30,0.34000000,21.85000000,33.75000000,0.32631500
2001-07-26T14:40:00,1,7,26,14,40,0.30933333,21.76666667,32.59333333,0.29852853
2001-07-26T14:50:00,1,7,26,14,50,0.27866667,21.68333333,31.43666667,0.27041572
2001-07-26T15:00:00,1,7,26,15,0,0.24800000,21.60000000,30.28000000,0.24197658
2001-07-26T15:10:00,1,7,26,15,10,0.21850000,21.11666667,28.76416667,0.21471664
2001-07-26T15:20:00,1,7,26,15,20,0.18900000,20.63333333,27.24833333,0.18704530
2001-07-26T15:30:00,1,7,26,15,30,0.15950000,20.15000000,25.73250000,0.15896256
2001-07-26T15:40:00,1,7,26,15,40,0.13000000,19.66666667,24.21666667,0.13046843
2001-07-26T15:50:00,1,7,26,15,50,0.10050000,19.18333333,22.70083333,0.10156290
2001-07-26T16:00:00,1,7,26,16,0,0.07100000,18.70000000,21.18500000,0.07224598
2001-07-26T16:10:00,1,7,26,16,10,0.06083333,18.03333333,20.16250000,0.06218703
2001-07-26T16:20:00,1,7,26,16,20,0.05066667,17.36666667,19.14000000,0.05203244
2001-07-26T16:30:00,1,7,26,16,30,0.04050000,16.70000000,18.11750000,0.04178221
2001-07-26T16:40:00,1,7,26,16,40,0.03033333,16.03333333,17.09500000,0.03143634
2001-07-26T16:50:00,1,7,26,16,50,0.02016667,15.36666667,16.07250000,0.02099484
2001-07-26T17:00:00,1,7,26,17,0,0.01000000,14.70000000,15.05000000,0.01045770
2001-07-26T17:10:00,1,7,26,17,10,0.00833333,14.53333333,14.82500000,0.00872338
2001-07-26T17:20:00,1,7,26,17,20,0.00666667,14.36666667,14.60000000,0.00698560
2001-07-26T17:30:00,1,7,26,17,30,0.00500000,14.20000000,14.37500000,0.00524437
2001-07-26T17:40:00,1,7,26,17,40,0.00333333,14.03333333,14.15000000,0.00349970
2001-07-26T17:50:00,1,7,26,17,50,0.00166667,13.86666667,13.92500000,0.00175158
2001-07-26T18:00:00,1,7,26,18,0,0.00000000,13.70000000,13.70000000,0.00000000
2001-07-26T18:10:00,1,7,26,18,10,0.00000000,13.55000000,13.55000000,0.00000000
2001-07-26T18:20:00,1,7,26,18,20,0.00000000,13.40000000,13.40000000,0.00000000
2001-07-26T18:30:00,1,7,26,18,30,0.00000000,13.25000000,13.25000000,0.00000000
2001-07-26T18:40:00,1,7,26,18,40,0.00000000,13.10000000,13.10000000,0.00000000
2001-07-26T18:50:00,1,7,26,18,50,0.00000000,12.95000000,12.95000000,0.00000000
2001-07-26T19:00:00,1,7,26,19,0,0.00000000,12.80000000,12.80000000,0.00000000
2001-07-26T19:10:00,1,7,26,19,10,0.00000000,12.65000000,12.65000000,0.00000000
2001-07-26T19:20:00,1,7,26,19,20,0.00000000,12.50000000,12.50000000,0.00000000
2001-07-26T19:30:00,1,7,26,19,30,0.00000000,12.35000000,12.35000000,0.00000000
2001-07-26T19:40:00,1,7,26,19,40,0.00000000,12.20000000,12.20000000,0.00000000
2001-07-26T19:50:00,1,7,26,19,50,0.00000000,12.05000000,12.05000000,0.00000000
2001-07-26T20:00:00,1,7,26,20,0,0.00000000,11.90000000,11.90000000,0.00000000
2001-07-26T20:10:00,1,7,26,20,10,0.00000000,11.83333333,11.83333333,0.00000000
2001-07-26T20:20:00,1,7,26,20,20,0.00000000,11.76666667,11.76666667,0.00000000
2001-07-26T20:30:00,1,7,26,20,30,0.00000000,11.70000000,11.70000000,0.00000000
2001-07-26T20:40:00,1,7,26,20,40,0.00000000,11.63333333,11.63333333,0.00000000
2001-07-26T20:50:00,1,7,26,20,50,0.00000000,11.56666667,11.56666667,0.00000000
2001-07-26T21:00:00,1,7,26,21,0,0.00000000,11.50000000,11.50000000,0.00000000
2001-07-26T21:10:00,1,7,26,21,10,0.00000000,11.41666667,11.41666667,0.00000000
2001-07-26T21:20:00,1,7,26,21,20,0.00000000,11.33333333,11.33333333,0.00000000
2001-07-26T21:30:00,1,7,26,21,30,0.00000000,11.25000000,11.25000000,0.00000000
2001-07-26T21:40:00,1,7,26,21,40,0.00000000,11.16666667,11.16666667,0.00000000
2001-07-26T21:50:00,1,7,26,21,50,0.00000000,11.08333333,11.08333333,0.00000000
2001-07-26T22:00:00,1,7,26,22,0,0.00000000,11.00000000,11.00000000,0.00000000
2001-07-26T22:10:00,1,7,26,22,10,0.00000000,10.95000000,10.95000000,0.00000000
2001-07-26T22:20:00,1,7,26,22,20,0.00000000,10.90000000,10.90000000,0.00000000
2001-07-26T22:30:00,1,7,26,22,30,0.00000000,10.85000000,10.85000000,0.00000000
2001-07-26T22:40:00,1,7,26,22,40,0.00000000,10.80000000,10.80000000,0.00000000
2001-07-26T22:50:00,1,7,26,22,50,0.00000000,10.75000000,10.75000000,0.00000000
2001-07-26T23:00:00,1,7,26,23,0,0.00000000,10.70000000,10.70000000,0.00000000
2001-07-26T23:10:00,1,7,26,23,10,0.00000000,10.88333333,10.88333333,0.00000000
2001-07-26T23:20:00,1,7,26,23,20,0.00000000,11.06666667,11.06666667,0.00000000
2001-07-26T23:30:00,1,7,26,23,30,0.00000000,11.25000000,11.25000000,0.00000000
2001-07-26T23:40:00,1,7,26,23,40,0.00000000,11.43333333,11.43333333,0.00000000
2001-07-26T23:50:00,1,7,26,23,50,0.00000000,11.61666667,11.61666667,0.00000000
2001-07-27T00:00:00,1,7,27,0,0,0.00000000,11.80000000,11.80000000,0.00000000
2001-07-27T00:10:00,1,7,27,0,10,0.00000000,11.73333333,11.73333333,0.00000000
2001-07-27T00:20:00,1,7,27,0,20,0.00000000,11.66666667,11.66666667,0.00000000
2001-07-27T00:30:00,1,7,27,0,30,0.00000000,11.60000000,11.60000000,0.00000000
2001-07-27T00:40:00,1,7,27,0,40,0.00000000,11.53333333,11.53333333,0.00000000
2001-07-27T00:50:00,1,7,27,0,50,0.00000000,11.46666667,11.46666667,0.00000000
2001-07-27T01:00:00,1,7,27,1,0,0.00000000,11.40000000,11.40000000,0.00000000
2001-07-27T01:10:00,1,7,27,1,10,0.00000000,11.46666667,11.46666667,0.00000000
2001-07-27T01:20:00,1,7,27,1,20,0.00000000,11.53333333,11.53333333,0.00000000
2001-07-27T01:30:00,1,7,27,1,30,0.00000000,11.60000000,11.60000000,0.00000000
2001-07-27T01:40:00,1,7,27,1,40,0.00000000,11.66666667,11.66666667,0.00000000
2001-07-27T01:50:00,1,7,27,1,50,0.00000000,11.73333333,11.73333333,0.00000000
2001-07-27T02:00:00,1,7,27,2,0,0.00000000,11.80000000,11.80000000,0.00000000
2001-07-27T02:10:00,1,7,27,2,10,0.00000000,11.78333333,11.78333333,0.00000000
2001-07-27T02:20:00,1,7,27,2,20,0.00000000,11.76666667,11.76666667,0.00000000
2001-07-27T02:30:00,1,7,27,2,30,0.00000000,11.75000000,11.75000000,0.00000000
2001-07-27T02:40:00,1,7,27,2,40,0.00000000,11.73333333,11.73333333,0.00000000
2001-07-27T02:50:00,1,7,27,2,50,0.00000000,11.71666667,11.71666667,0.00000000
2001-07-27T03:00:00,1,7,27,3,0,0.00000000,11.70000000,11.70000000,0.00000000
2001-07-27T03:10:00,1,7,27,3,10,0.00000000,11.81666667,11.81666667,0.00000000
2001-07-27T03:20:00,1,7,27,3,20,0.00000000,11.93333333,11.93333333,0.00000000
2001-07-27T03:30:00,1,7,27,3,30,0.00000000,12.05000000,12.05000000,0.00000000
2001-07-27T03:40:00,1,7,27,3,40,0.00000000,12.16666667,12.16666667,0.00000000
2001-07-27T03:50:00,1,7,27,3,50,0.00000000,12.28333333,12.28333333,0.00000000
2001-07-27T04:00:00,1,7,27,4,0,0.00000000,12.40000000,12.40000000,0.00000000
2001-07-27T04:10:00,1,7,27,4,10,0.00000000,12.33333333,12.33333333,0.00000000
2001-07-27T04:20:00,1,7,27,4,20,0.00000000,12.26666667,12.26666667,0.00000000
2001-07-27T04:30:00,1,7,27,4,30,0.00000000,12.20000000,12.20000000,0.00000000
2001-07-27T04:40:00,1,7,27,4,40,0.00000000,12.13333333,12.13333333,0.00000000
2001-07-27T04:50:00,1,7,27,4,50,0.00000000,12.06666667,12.06666667,0.00000000
2001-07-27T05:00:00,1,7,27,5,0,0.00000000,12.00000000,12.00000000,0.00000000
2001-07-27T05:10:00,1,7,27,5,10,0.00050000,12.00000000,12.01750000,0.00052986
2001-07-27T05:20:00,1,7,27,5,20,0.00100000,12.00000000,12.03500000,0.00105964
2001-07-27T05:30:00,1,7,27,5,30,0.00150000,12.00000000,12.05250000,0.00158934
2001-07-27T05:40:00,1,7,27,5,40,0.00200000,12.00000000,12.07000000,0.00211896
2001-07-27T05:50:00,1,7,27,5,50,0.00250000,12.00000000,12.08750000,0.00264849
2001-07-27T06:00:00,1,7,27,6,0,0.00300000,12.00000000,12.10500000,0.00317795
2001-07-27T06:10:00,1,7,27,6,10,0.00950000,12.05000000,12.38250000,0.01005138
2001-07-27T06:20:00,1,7,27,6,20,0.01600000,12.10000000,12.66000000,0.01690822
2001-07-27T06:30:00,1,7,27,6,30,0.02250000,12.15000000,12.93750000,0.02374847
2001-07-27T06:40:00,1,7,27,6,40,0.02900000,12.20000000,13.21500000,0.03057212
2001-07-27T06:50:00,1,7,27,6,50,0.03550000,12.25000000,13.49250000,0.03737917
2001-07-27T07:00:00,1,7,27,7,0,0.04200000,12.30000000,13.77000000,0.04416964
2001-07-27T07:10:00,1,7,27,7,10,0.04733333,12.51666667,14.17333333,0.04969066
2001-07-27T07:20:00,1,7,27,7,20,0.05266667,12.73333333,14.57666667,0.05519189
2001-07-27T07:30:00,1,7,27,7,30,0.05800000,12.95000000,14.98000000,0.06067334
2001-07-27T07:40:00,1,7,27,7,40,0.06333333,13.16666667,15.38333333,0.06613499
2001-07-27T07:50:00,1,7,27,7,50,0.06866667,13.38333333,15.78666667,0.07157685
2001-07-27T08:00:00,1,7,27,8,0,0.07400000,13.60000000,16.19000000,0.07699892
2001-07-27T08:10:00,1,7,27,8,10,0.08800000,13.58333333,16.66333333,0.09137468
2001-07-27T08:20:00,1,7,27,8,20,0.10200000,13.56666667,17.13666667,0.10568948
2001-07-27T08:30:00,1,7,27,8,30,0.11600000,13.55000000,17.61000000,0.11994330
2001-07-27T08:40:00,1,7,27,8,40,0.13000000,13.53333333,18.08333333,0.13413617
2001-07-27T08:50:00,1,7,27,8,50,0.14400000,13.51666667,18.55666667,0.14826806
2001-07-27T09:00:00,1,7,27,9,0,0.15800000,13.50000000,19.03000000,0.16233900
2001-07-27T09:10:00,1,7,27,9,10,0.15383333,13.66666667,19.05083333,0.15804316
2001-07-27T09:20:00,1,7,27,9,20,0.14966667,13.83333333,19.07166667,0.15374813
2001-07-27T09:30:00,1,7,27,9,30,0.14550000,14.00000000,19.09250000,0.14945389
2001-07-27T09:40:00,1,7,27,9,40,0.14133333,14.16666667,19.11333333,0.14516045
2001-07-27T09:50:00,1,7,27,9,50,0.13716667,14.33333333,19.13416667,0.14086781
2001-07-27T10:00:00,1,7,27,10,0,0.13300000,14.50000000,19.15500000,0.13657597
2001-07-27T10:10:00,1,7,27,10,10,0.18933333,14.45000000,21.07666667,0.19275030
2001-07-27T10:20:00,1,7,27,10,20,0.24566667,14.40000000,22.99833333,0.24792868
2001-07-27T10:30:00,1,7,27,10,30,0.30200000,14.35000000,24.92000000,0.30211114
2001-07-27T10:40:00,1,7,27,10,40,0.35833333,14.30000000,26.84166667,0.35529765
2001-07-27T10:50:00,1,7,27,10,50,0.41466667,14.25000000,28.76333333,0.40748823
2001-07-27T11:00:00,1,7,27,11,0,0.47100000,14.20000000,30.68500000,0.45868288
2001-07-27T11:10:00,1,7,27,11,10,0.46966667,14.28333333,30.72166667,0.45730520
2001-07-27T11:20:00,1,7,27,11,20,0.46833333,14.36666667,30.75833333,0.45592796
2001-07-27T11:30:00,1,7,27,11,30,0.46700000,14.45000000,30.79500000,0.45455118
2001-07-27T11:40:00,1,7,27,11,40,0.46566667,14.53333333,30.83166667,0.45317485
2001-07-27T11:50:00,1,7,27,11,50,0.46433333,14.61666667,30.86833333,0.45179896
2001-07-27T12:00:00,1,7,27,12,0,0.46300000,14.70000000,30.90500000,0.45042353
2001-07-27T12:10:00,1,7,27,12,10,0.40733333,14.80000000,29.05666667,0.39973222
2001-07-27T12:20:00,1,7,27,12,20,0.35166667,14.90000000,27.20833333,0.34809432
2001-07-27T12:30:00,1,7,27,12,30,0.29600000,15.00000000,25.36000000,0.29550982
2001-07-27T12:40:00,1,7,27,12,40,0.24033333,15.10000000,23.51166667,0.24197874
2001-07-27T12:50:00,1,7,27,12,50,0.18466667,15.20000000,21.66333333,0.18750105
2001-07-27T13:00:00,1,7,27,13,0,0.12900000,15.30000000,19.81500000,0.13207678
2001-07-27T13:10:00,1,7,27,13,10,0.13700000,15.30000000,20.09500000,0.14009113
2001-07-27T13:20:00,1,7,27,13,20,0.14500000,15.30000000,20.37500000,0.14808487
2001-07-27T13:30:00,1,7,27,13,30,0.15300000,15.30000000,20.65500000,0.15605801
2001-07-27T13:40:00,1,7,27,13,40,0.16100000,15.30000000,20.93500000,0.16401054
2001-07-27T13:50:00,1,7,27,13,50,0.16900000,15.30000000,21.21500000,0.17194246
2001-07-27T14:00:00,1,7,27,14,0,0.17700000,15.30000000,21.49500000,0.17985377
2001-07-27T14:10:00,1,7,27,14,10,0.16950000,15.40000000,21.33250000,0.17235955
2001-07-27T14:20:00,1,7,27,14,20,0.16200000,15.50000000,21.17000000,0.16485412
2001-07-27T14:30:00,1,7,27,14,30,0.15450000,15.60000000,21.00750000,0.15733747
2001-07-27T14:40:00,1,7,27,14,40,0.14700000,15.70000000,20.84500000,0.14980961
2001-07-27T14:50:00,1,7,27,14,50,0.13950000,15.80000000,20.68250000,0.14227054
2001-07-27T15:00:00,1,7,27,15,0,0.13200000,15.90000000,20.52000000,0.13472026
2001-07-27T15:10:00,1,7,27,15,10,0.12033333,15.83333333,20.04500000,0.12307609
2001-07-27T15:20:00,1,7,27,15,20,0.10866667,15.76666667,19.57000000,0.11138094
2001-07-27T15:30:00,1,7,27,15,30,0.09700000,15.70000000,19.09500000,0.09963481
2001-07-27T15:40:00,1,7,27,15,40,0.08533333,15.63333333,18.62000000,0.08783770
2001-07-27T15:50:00,1,7,27,15,50,0.07366667,15.56666667,18.14500000,0.07598960
2001-07-27T16:00:00,1,7,27,16,0,0.06200000,15.50000000,17.67000000,0.06409052
2001-07-27T16:10:00,1,7,27,16,10,0.05233333,15.56666667,17.39833333,0.05416331
2001-07-27T16:20:00,1,7,27,16,20,0.04266667,15.63333333,17.12666667,0.04421194
2001-07-27T16:30:00,1,7,27,16,30,0.03300000,15.70000000,16.85500000,0.03423641
2001-07-27T16:40:00,1,7,27,16,40,0.02333333,15.76666667,16.58333333,0.02423672
2001-07-27T16:50:00,1,7,27,16,50,0.01366667,15.83333333,16.31166667,0.01421287
2001-07-27T17:00:00,1,7,27,17,0,0.00400000,15.90000000,16.04000000,0.00416486
2001-07-27T17:10:00,1,7,27,17,10,0.00333333,15.91666667,16.03333333,0.00347082
2001-07-27T17:20:00,1,7,27,17,20,0.00266667,15.93333333,16.02666667,0.00277674
2001-07-27T17:30:00,1,7,27,17,30,0.00200000,15.95000000,16.02000000,0.00208262
2001-07-27T17:40:00,1,7,27,17,40,0.00133333,15.96666667,16.01333333,0.00138845
2001-07-27T17:50:00,1,7,27,17,50,0.00066667,15.98333333,16.00666667,0.00069425
2001-07-27T18:00:00,1,7,27,18,0,0.00000000,16.00000000,16.00000000,0.00000000
2001-07-27T18:10:00,1,7,27,18,10,0.00000000,15.93333333,15.93333333,0.00000000
2001-07-27T18:20:00,1,7,27,18,20,0.00000000,15.86666667,15.86666667,0.00000000
2001-07-27T18:30:00,1,7,27,18,30,0.00000000,15.80000000,15.80000000,0.00000000
2001-07-27T18:40:00,1,7,27,18,40,0.00000000,15.73333333,15.73333333,0.00000000
2001-07-27T18:50:00,1,7,27,18,50,0.00000000,15.66666667,15.66666667,0.00000000
2001-07-27T19:00:00,1,7,27,19,0,0.00000000,15.60000000,15.60000000,0.00000000
2001-07-27T19:10:00,1,7,27,19,10,0.00000000,15.60000000,15.60000000,0.00000000
2001-07-27T19:20:00,1,7,27,19,20,0.00000000,15.60000000,15.60000000,0.00000000
2001-07-27T19:30:00,1,7,27,19,30,0.00000000,15.60000000,15.60000000,0.00000000
2001-07-27T19:40:00,1,7,27,19,40,0.00000000,15.60000000,15.60000000,0.00000000
2001-07-27T19:50:00,1,7,27,19,50,0.00000000,15.60000000,15.60000000,0.00000000
2001-07-27T20:00:00,1,7,27,20,0,0.00000000,15.60000000,15.60000000,0.00000000
2001-07-27T20:10:00,1,7,27,20,10,0.00000000,15.58333333,15.58333333,0.00000000
2001-07-27T20:20:00,1,7,27,20,20,0.00000000,15.56666667,15.56666667,0.00000000
2001-07-27T20:30:00,1,7,27,20,30,0.00000000,15.55000000,15.55000000,0.00000000
2001-07-27T20:40:00,1,7,27,20,40,0.00000000,15.53333333,15.53333333,0.00000000
2001-07-27T20:50:00,1,7,27,20,50,0.00000000,15.51666667,15.51666667,0.00000000
2001-07-27T21:00:00,1,7,27,21,0,0.00000000,15.50000000,15.50000000,0.00000000
2001-07-27T21:10:00,1,7,27,21,10,0.00000000,15.50000000,15.50000000,0.00000000
2001-07-27T21:20:00,1,7,27,21,20,0.00000000,15.50000000,15.50000000,0.00000000
2001-07-27T21:30:00,1,7,27,21,30,0.00000000,15.50000000,15.50000000,0.00000000
2001-07-27T21:40:00,1,7,27,21,40,0.00000000,15.50000000,15.50000000,0.00000000
2001-07-27T21:50:00,1,7,27,21,50,0.00000000,15.50000000,15.50000000,0.00000000
2001-07-27T22:00:00,1,7,27,22,0,0.00000000,15.50000000,15.50000000,0.00000000
2001-07-27T22:10:00,1,7,27,22,10,0.00000000,15.43333333,15.43333333,0.00000000
2001-07-27T22:20:00,1,7,27,22,20,0.00000000,15.36666667,15.36666667,0.00000000
2001-07-27T22:30:00,1,7,27,22,30,0.00000000,15.30000000,15.30000000,0.00000000
2001-07-27T22:40:00,1,7,27,22,40,0.00000000,15.23333333,15.23333333,0.00000000
2001-07-27T22:50:00,1,7,27,22,50,0.00000000,15.16666667,15.16666667,0.00000000
2001-07-27T23:00:00,1,7,27,23,0,0.00000000,15.10000000,15.10000000,0.00000000
2001-07-27T23:10:00,1,7,27,23,10,0.00000000,14.86666667,14.86666667,0.00000000
2001-07-27T23:20:00,1,7,27,23,20,0.00000000,14.63333333,14.63333333,0.00000000
2001-07-27T23:30:00,1,7,27,23,30,0.00000000,14.40000000,14.40000000,0.00000000
2001-07-27T23:40:00,1,7,27,23,40,0.00000000,14.16666667,14.16666667,0.00000000
2001-07-27T23:50:00,1,7,27,23,50,0.00000000,13.93333333,13.93333333,0.00000000
2001-07-28T00:00:00,1,7,28,0,0,0.00000000,13.70000000,13.70000000,0.00000000
2001-07-28T00:10:00,1,7,28,0,10,0.00000000,13.68333333,13.68333333,0.00000000
2001-07-28T00:20:00,1,7,28,0,20,0.00000000,13.66666667,13.66666667,0.00000000
2001-07-28T00:30:00,1,7,28,0,30,0.00000000,13.65000000,13.65000000,0.00000000
2001-07-28T00:40:00,1,7,28,0,40,0.00000000,13.63333333,13.63333333,0.00000000
2001-07-28T00:50:00,1,7,28,0,50,0.00000000,13.61666667,13.61666667,0.00000000
2001-07-28T01:00:00,1,7,28,1,0,0.00000000,13.60000000,13.60000000,0.00000000
2001-07-28T01:10:00,1,7,28,1,10,0.00000000,13.66666667,13.66666667,0.00000000
2001-07-28T01:20:00,1,7,28,1,20,0.00000000,13.73333333,13.73333333,0.00000000
2001-07-28T01:30:00,1,7,28,1,30,0.00000000,13.80000000,13.80000000,0.00000000
2001-07-28T01:40:00,1,7,28,1,40,0.00000000,13.86666667,13.86666667,0.00000000
2001-07-28T01:50:00,1,7,28,1,50,0.00000000,13.93333333,13.93333333,0.00000000
2001-07-28T02:00:00,1,7,28,2,0,0.00000000,14.00000000,14.00000000,0.00000000
2001-07-28T02:10:00,1,7,28,2,10,0.00000000,13.93333333,13.93333333,0.00000000
2001-07-28T02:20:00,1,7,28,2,20,0.00000000,13.86666667,13.86666667,0.00000000
2001-07-28T02:30:00,1,7,28,2,30,0.00000000,13.80000000,13.80000000,0.00000000
2001-07-28T02:40:00,1,7,28,2,40,0.00000000,13.73333333,13.73333333,0.00000000
2001-07-28T02:50:00,1,7,28,2,50,0.00000000,13.66666667,13.66666667,0.00000000
2001-07-28T03:00:00,1,7,28,3,0,0.00000000,13.60000000,13.60000000,0.00000000
2001-07-28T03:10:00,1,7,28,3,10,0.00000000,13.58333333,13.58333333,0.00000000
2001-07-28T03:20:00,1,7,28,3,20,0.00000000,13.56666667,13.56666667,0.00000000
2001-07-28T03:30:00,1,7,28,3,30,0.00000000,13.55000000,13.55000000,0.00000000
2001-07-28T03:40:00,1,7,28,3,40,0.00000000,13.53333333,13.53333333,0.00000000
2001-07-28T03:50:00,1,7,28,3,50,0.00000000,13.51666667,13.51666667,0.00000000
2001-07-28T04:00:00,1,7,28,4,0,0.00000000,13.50000000,13.50000000,0.00000000
2001-07-28T04:10:00,1,7,28,4,10,0.00000000,13.50000000,13.50000000,0.00000000
2001-07-28T04:20:00,1,7,28,4,20,0.00000000,13.50000000,13.50000000,0.00000000
2001-07-28T04:30:00,1,7,28,4,30,0.00000000,13.50000000,13.50000000,0.00000000
2001-07-28T04:40:00,1,7,28,4,40,0.00000000,13.50000000,13.50000000,0.00000000
2001-07-28T04:50:00,1,7,28,4,50,0.00000000,13.50000000,13.50000000,0.00000000
2001-07-28T05:00:00,1,7,28,5,0,0.00000000,13.50000000,13.50000000,0.00000000
2001-07-28T05:10:00,1,7,28,5,10,0.00150000,13.40000000,13.45250000,0.00157968
2001-07-28T05:20:00,1,7,28,5,20,0.00300000,13.30000000,13.40500000,0.00316001
2001-07-28T05:30:00,1,7,28,5,30,0.00450000,13.20000000,13.35750000,0.00474100
2001-07-28T05:40:00,1,7,28,5,40,0.00600000,13.10000000,13.31000000,0.00632264
2001-07-28T05:50:00,1,7,28,5,50,0.00750000,13.00000000,13.26250000,0.00790494
2001-07-28T06:00:00,1,7,28,6,0,0.00900000,12.90000000,13.21500000,0.00948790
2001-07-28T06:10:00,1,7,28,6,10,0.03150000,13.00000000,14.10250000,0.03307905
2001-07-28T06:20:00,1,7,28,6,20,0.05400000,13.10000000,14.99000000,0.05648648
2001-07-28T06:30:00,1,7,28,6,30,0.07650000,13.20000000,15.87750000,0.07971021
2001-07-28T06:40:00,1,7,28,6,40,0.09900000,13.30000000,16.76500000,0.10275022
2001-07-28T06:50:00,1,7,28,6,50,0.12150000,13.40000000,17.65250000,0.12560652
2001-07-28T07:00:00,1,7,28,7,0,0.14400000,13.50000000,18.54000000,0.14827910
2001-07-28T07:10:00,1,7,28,7,10,0.16866667,14.01666667,19.92000000,0.17260807
2001-07-28T07:20:00,1,7,28,7,20,0.19333333,14.53333333,21.30000000,0.19662387
2001-07-28T07:30:00,1,7,28,7,30,0.21800000,15.05000000,22.68000000,0.22032650
2001-07-28T07:40:00,1,7,28,7,40,0.24266667,15.56666667,24.06000000,0.24371596
2001-07-28T07:50:00,1,7,28,7,50,0.26733333,16.08333333,25.44000000,0.26679225
2001-07-28T08:00:00,1,7,28,8,0,0.29200000,16.60000000,26.82000000,0.28955538
2001-07-28T08:10:00,1,7,28,8,10,0.30383333,16.91666667,27.55083333,0.30026820
2001-07-28T08:20:00,1,7,28,8,20,0.31566667,17.23333333,28.28166667,0.31090147
2001-07-28T08:30:00,1,7,28,8,30,0.32750000,17.55000000,29.01250000,0.32145517
2001-07-28T08:40:00,1,7,28,8,40,0.33933333,17.86666667,29.74333333,0.33192931
2001-07-28T08:50:00,1,7,28,8,50,0.35116667,18.18333333,30.47416667,0.34232388
2001-07-28T09:00:00,1,7,28,9,0,0.36300000,18.50000000,31.20500000,0.35263889
2001-07-28T09:10:00,1,7,28,9,10,0.40450000,18.80000000,32.95750000,0.38969348
2001-07-28T09:20:00,1,7,28,9,20,0.44600000,19.10000000,34.71000000,0.42607896
2001-07-28T09:30:00,1,7,28,9,30,0.48750000,19.40000000,36.46250000,0.46179534
2001-07-28T09:40:00,1,7,28,9,40,0.52900000,19.70000000,38.21500000,0.49684262
2001-07-28T09:50:00,1,7,28,9,50,0.57050000,20.00000000,39.96750000,0.53122079
2001-07-28T10:00:00,1,7,28,10,0,0.61200000,20.30000000,41.72000000,0.56492986
2001-07-28T10:10:00,1,7,28,10,10,0.59566667,20.83333333,41.68166667,0.54995779
2001-07-28T10:20:00,1,7,28,10,20,0.57933333,21.36666667,41.64333333,0.53497996
2001-07-28T10:30:00,1,7,28,10,30,0.56300000,21.90000000,41.60500000,0.51999637
2001-07-28T10:40:00,1,7,28,10,40,0.54666667,22.43333333,41.56666667,0.50500702
2001-07-28T10:50:00,1,7,28,10,50,0.53033333,22.96666667,41.52833333,0.49001191
2001-07-28T11:00:00,1,7,28,11,0,0.51400000,23.50000000,41.49000000,0.47501104
2001-07-28T11:10:00,1,7,28,11,10,0.52716667,23.40000000,41.85083333,0.48630396
2001-07-28T11:20:00,1,7,28,11,20,0.54033333,23.30000000,42.21166667,0.49755316
2001-07-28T11:30:00,1,7,28,11,30,0.55350000,23.20000000,42.57250000,0.50875866
2001-07-28T11:40:00,1,7,28,11,40,0.56666667,23.10000000,42.93333333,0.51992044
2001-07-28T11:50:00,1,7,28,11,50,0.57983333,23.00000000,43.29416667,0.53103852
2001-07-28T12:00:00,1,7,28,12,0,0.59300000,22.90000000,43.65500000,0.54211289
2001-07-28T12:10:00,1,7,28,12,10,0.58566667,23.05000000,43.54833333,0.53569622
2001-07-28T12:20:00,1,7,28,12,20,0.57833333,23.20000000,43.44166667,0.52927235
2001-07-28T12:30:00,1,7,28,12,30,0.57100000,23.35000000,43.33500000,0.52284129
2001-07-28T12:40:00,1,7,28,12,40,0.56366667,23.50000000,43.22833333,0.51640303
2001-07-28T12:50:00,1,7,28,12,50,0.55633333,23.65000000,43.12166667,0.50995757
2001-07-28T13:00:00,1,7,28,13,0,0.54900000,23.80000000,43.01500000,0.50350492
2001-07-28T13:10:00,1,7,28,13,10,0.53866667,23.75000000,42.60333333,0.49504795
2001-07-28T13:20:00,1,7,28,13,20,0.52833333,23.70000000,42.19166667,0.48655185
2001-07-28T13:30:00,1,7,28,13,30,0.51800000,23.65000000,41.78000000,0.47801662
2001-07-28T13:40:00,1,7,28,13,40,0.50766667,23.60000000,41.36833333,0.46944224
2001-07-28T13:50:00,1,7,28,13,50,0.49733333,23.55000000,40.95666667,0.46082874
2001-07-28T14:00:00,1,7,28,14,0,0.48700000,23.50000000,40.54500000,0.45217609
2001-07-28T14:10:00,1,7,28,14,10,0.46116667,23.45000000,39.59083333,0.43021416
2001-07-28T14:20:00,1,7,28,14,20,0.43533333,23.40000000,38.63666667,0.40802545
2001-07-28T14:30:00,1,7,28,14,30,0.40950000,23.35000000,37.68250000,0.38560997
2001-07-28T14:40:00,1,7,28,14,40,0.38366667,23.30000000,36.72833333,0.36296772
2001-07-28T14:50:00,1,7,28,14,50,0.35783333,23.25000000,35.77416667,0.34009870
2001-07-28T15:00:00,1,7,28,15,0,0.33200000,23.20000000,34.82000000,0.31700290
2001-07-28T15:10:00,1,7,28,15,10,0.29900000,22.80000000,33.26500000,0.28763232
2001-07-28T15:20:00,1,7,28,15,20,0.26600000,22.40000000,31.71000000,0.25778964
2001-07-28T15:30:00,1,7,28,15,30,0.23300000,22.00000000,30.15500000,0.22747487
2001-07-28T15:40:00,1,7,28,15,40,0.20000000,21.60000000,28.60000000,0.19668800
2001-07-28T15:50:00,1,7,28,15,50,0.16700000,21.20000000,27.04500000,0.16542903
2001-07-28T16:00:00,1,7,28,16,0,0.13400000,20.80000000,25.49000000,0.13369796
2001-07-28T16:10:00,1,7,28,16,10,0.11350000,20.33333333,24.30583333,0.11386242
2001-07-28T16:20:00,1,7,28,16,20,0.09300000,19.86666667,23.12166667,0.09380355
2001-07-28T16:30:00,1,7,28,16,30,0.07250000,19.40000000,21.93750000,0.07352134
2001-07-28T16:40:00,1,7,28,16,40,0.05200000,18.93333333,20.75333333,0.05301580
2001-07-28T16:50:00,1,7,28,16,50,0.03150000,18.46666667,19.56916667,0.03228693
2001-07-28T17:00:00,1,7,28,17,0,0.01100000,18.00000000,18.38500000,0.01133472
2001-07-28T17:10:00,1,7,28,17,10,0.00916667,17.60000000,17.92083333,0.00946517
2001-07-28T17:20:00,1,7,28,17,20,0.00733333,17.20000000,17.45666667,0.00758780
2001-07-28T17:30:00,1,7,28,17,30,0.00550000,16.80000000,16.99250000,0.00570259
2001-07-28T17:40:00,1,7,28,17,40,0.00366667,16.40000000,16.52833333,0.00380956
2001-07-28T17:50:00,1,7,28,17,50,0.00183333,16.00000000,16.06416667,0.00190869
2001-07-28T18:00:00,1,7,28,18,0,0.00000000,15.60000000,15.60000000,0.00000000
2001-07-28T18:10:00,1,7,28,18,10,0.00000000,15.50000000,15.50000000,0.00000000
2001-07-28T18:20:00,1,7,28,18,20,0.00000000,15.40000000,15.40000000,0.00000000
2001-07-28T18:30:00,1,7,28,18,30,0.00000000,15.30000000,15.30000000,0.00000000
2001-07-28T18:40:00,1,7,28,18,40,0.00000000,15.20000000,15.20000000,0.00000000
2001-07-28T18:50:00,1,7,28,18,50,0.00000000,15.10000000,15.10000000,0.00000000
2001-07-28T19:00:00,1,7,28,19,0,0.00000000,15.00000000,15.00000000,0.00000000
2001-07-28T19:10:00,1,7,28,19,10,0.00000000,14.81666667,14.81666667,0.00000000
2001-07-28T19:20:00,1,7,28,19,20,0.00000000,14.63333333,14.63333333,0.00000000
2001-07-28T19:30:00,1,7,28,19,30,0.00000000,14.45000000,14.45000000,0.00000000
2001-07-28T19:40:00,1,7,28,19,40,0.00000000,14.26666667,14.26666667,0.00000000
2001-07-28T19:50:00,1,7,28,19,50,0.00000000,14.08333333,14.08333333,0.00000000
2001-07-28T20:00:00,1,7,28,20,0,0.00000000,13.90000000,13.90000000,0.00000000
2001-07-28T20:10:00,1,7,28,20,10,0.00000000,13.83333333,13.83333333,0.00000000
2001-07-28T20:20:00,1,7,28,20,20,0.00000000,13.76666667,13.76666667,0.00000000
2001-07-28T20:30:00,1,7,28,20,30,0.00000000,13.70000000,13.70000000,0.00000000
2001-07-28T20:40:00,1,7,28,20,40,0.00000000,13.63333333,13.63333333,0.00000000
2001-07-28T20:50:00,1,7,28,20,50,0.00000000,13.56666667,13.56666667,0.00000000
2001-07-28T21:00:00,1,7,28,21,0,0.00000000,13.50000000,13.50000000,0.00000000
2001-07-28T21:10:00,1,7,28,21,10,0.00000000,13.40000000,13.40000000,0.00000000
2001-07-28T21:20:00,1,7,28,21,20,0.00000000,13.30000000,13.30000000,0.00000000
2001-07-28T21:30:00,1,7,28,21,30,0.00000000,13.20000000,13.20000000,0.00000000
2001-07-28T21:40:00,1,7,28,21,40,0.00000000,13.10000000,13.10000000,0.00000000
2001-07-28T21:50:00,1,7,28,21,50,0.00000000,13.00000000,13.00000000,0.00000000
2001-07-28T22:00:00,1,7,28,22,0,0.00000000,12.90000000,12.90000000,0.00000000
2001-07-28T22:10:00,1,7,28,22,10,0.00000000,12.85000000,12.85000000,0.00000000
2001-07-28T22:20:00,1,7,28,22,20,0.00000000,12.80000000,12.80000000,0.00000000
2001-07-28T22:30:00,1,7,28,22,30,0.00000000,12.75000000,12.75000000,0.00000000
2001-07-28T22:40:00,1,7,28,22,40,0.00000000,12.70000000,12.70000000,0.00000000
2001-07-28T22:50:00,1,7,28,22,50,0.00000000,12.65000000,12.65000000,0.00000000
2001-07-28T23:00:00,1,7,28,23,0,0.00000000,12.60000000,12.60000000,0.00000000
2001-07-28T23:10:00,1,7,28,23,10,0.00000000,12.56666667,12.56666667,0.00000000
2001-07-28T23:20:00,1,7,28,23,20,0.00000000,12.53333333,12.53333333,0.00000000
2001-07-28T23:30:00,1,7,28,23,30,0.00000000,12.50000000,12.50000000,0.00000000
2001-07-28T23:40:00,1,7,28,23,40,0.00000000,12.46666667,12.46666667,0.00000000
2001-07-28T23:50:00,1,7,28,23,50,0.00000000,12.43333333,12.43333333,0.00000000
2001-07-29T00:00:00,1,7,29,0,0,0.00000000,12.40000000,12.40000000,0.00000000
2001-07-29T00:10:00,1,7,29,0,10,0.00000000,12.35000000,12.35000000,0.00000000
2001-07-29T00:20:00,1,7,29,0,20,0.00000000,12.30000000,12.30000000,0.00000000
2001-07-29T00:30:00,1,7,29,0,30,0.00000000,12.25000000,12.25000000,0.00000000
2001-07-29T00:40:00,1,7,29,0,40,0.00000000,12.20000000,12.20000000,0.00000000
2001-07-29T00:50:00,1,7,29,0,50,0.00000000,12.15000000,12.15000000,0.00000000
2001-07-29T01:00:00,1,7,29,1,0,0.00000000,12.10000000,12.10000000,0.00000000
2001-07-29T01:10:00,1,7,29,1,10,0.00000000,12.10000000,12.10000000,0.00000000
2001-07-29T01:20:00,1,7,29,1,20,0.00000000,12.10000000,12.10000000,0.00000000
2001-07-29T01:30:00,1,7,29,1,30,0.00000000,12.10000000,12.10000000,0.00000000
2001-07-29T01:40:00,1,7,29,1,40,0.00000000,12.10000000,12.10000000,0.00000000
2001-07-29T01:50:00,1,7,29,1,50,0.00000000,12.10000000,12.10000000,0.00000000
2001-07-29T02:00:00,1,7,29,2,0,0.00000000,12.10000000,12.10000000,0.00000000
2001-07-29T02:10:00,1,7,29,2,10,0.00000000,12.18333333,12.18333333,0.00000000
2001-07-29T02:20:00,1,7,29,2,20,0.00000000,12.26666667,12.26666667,0.00000000
2001-07-29T02:30:00,1,7,29,2,30,0.00000000,12.35000000,12.35000000,0.00000000
2001-07-29T02:40:00,1,7,29,2,40,0.00000000,12.43333333,12.43333333,0.00000000
2001-07-29T02:50:00,1,7,29,2,50,0.00000000,12.51666667,12.51666667,0.00000000
2001-07-29T03:00:00,1,7,29,3,0,0.00000000,12.60000000,12.60000000,0.00000000
2001-07-29T03:10:00,1,7,29,3,10,0.00000000,12.56666667,12.56666667,0.00000000
2001-07-29T03:20:00,1,7,29,3,20,0.00000000,12.53333333,12.53333333,0.00000000
2001-07-29T03:30:00,1,7,29,3,30,0.00000000,12.50000000,12.50000000,0.00000000
2001-07-29T03:40:00,1,7,29,3,40,0.00000000,12.46666667,12.46666667,0.00000000
2001-07-29T03:50:00,1,7,29,3,50,0.00000000,12.43333333,12.43333333,0.00000000
2001-07-29T04:00:00,1,7,29,4,0,0.00000000,12.40000000,12.40000000,0.00000000
2001-07-29T04:10:00,1,7,29,4,10,0.00000000,12.38333333,12.38333333,0.00000000
2001-07-29T04:20:00,1,7,29,4,20,0.00000000,12.36666667,12.36666667,0.00000000
2001-07-29T04:30:00,1,7,29,4,30,0.00000000,12.35000000,12.35000000,0.00000000
2001-07-29T04:40:00,1,7,29,4,40,0.00000000,12.33333333,12.33333333,0.00000000
2001-07-29T04:50:00,1,7,29,4,50,0.00000000,12.31666667,12.31666667,0.00000000
2001-07-29T05:00:00,1,7,29,5,0,0.00000000,12.30000000,12.30000000,0.00000000
2001-07-29T05:10:00,1,7,29,5,10,0.00116667,12.26666667,12.30750000,0.00123478
2001-07-29T05:20:00,1,7,29,5,20,0.00233333,12.23333333,12.31500000,0.00246949
2001-07-29T05:30:00,1,7,29,5,30,0.00350000,12.20000000,12.32250000,0.00370411
2001-07-29T05:40:00,1,7,29,5,40,0.00466667,12.16666667,12.33000000,0.00493865
2001-07-29T05:50:00,1,7,29,5,50,0.00583333,12.13333333,12.33750000,0.00617311
2001-07-29T06:00:00,1,7,29,6,0,0.00700000,12.10000000,12.34500000,0.00740749
2001-07-29T06:10:00,1,7,29,6,10,0.02816667,12.25000000,13.23583333,0.02969091
2001-07-29T06:20:00,1,7,29,6,20,0.04933333,12.40000000,14.12666667,0.05180086
2001-07-29T06:30:00,1,7,29,6,30,0.07050000,12.55000000,15.01750000,0.07373732
2001-07-29T06:40:00,1,7,29,6,40,0.09166667,12.70000000,15.90833333,0.09550032
2001-07-29T06:50:00,1,7,29,6,50,0.11283333,12.85000000,16.79916667,0.11708984
2001-07-29T07:00:00,1,7,29,7,0,0.13400000,13.00000000,17.69000000,0.13850588
2001-07-29T07:10:00,1,7,29,7,10,0.14066667,13.36666667,18.29000000,0.14500848
2001-07-29T07:20:00,1,7,29,7,20,0.14733333,13.73333333,18.89000000,0.15147428
2001-07-29T07:30:00,1,7,29,7,30,0.15400000,14.10000000,19.49000000,0.15790328
2001-07-29T07:40:00,1,7,29,7,40,0.16066667,14.46666667,20.09000000,0.16429548
2001-07-29T07:50:00,1,7,29,7,50,0.16733333,14.83333333,20.69000000,0.17065088
2001-07-29T08:00:00,1,7,29,8,0,0.17400000,15.20000000,21.29000000,0.17696948
2001-07-29T08:10:00,1,7,29,8,10,0.22283333,15.25000000,23.04916667,0.22483300
2001-07-29T08:20:00,1,7,29,8,20,0.27166667,15.30000000,24.80833333,0.27190619
2001-07-29T08:30:00,1,7,29,8,30,0.32050000,15.35000000,26.56750000,0.31818903
2001-07-29T08:40:00,1,7,29,8,40,0.36933333,15.40000000,28.32666667,0.36368155
2001-07-29T08:50:00,1,7,29,8,50,0.41816667,15.45000000,30.08583333,0.40838373
2001-07-29T09:00:00,1,7,29,9,0,0.46700000,15.50000000,31.84500000,0.45229557
2001-07-29T09:10:00,1,7,29,9,10,0.49150000,15.88333333,33.08583333,0.47321874
2001-07-29T09:20:00,1,7,29,9,20,0.51600000,16.26666667,34.32666667,0.49386222
2001-07-29T09:30:00,1,7,29,9,30,0.54050000,16.65000000,35.56750000,0.51422602
2001-07-29T09:40:00,1,7,29,9,40,0.56500000,17.03333333,36.80833333,0.53431014
2001-07-29T09:50:00,1,7,29,9,50,0.58950000,17.41666667,38.04916667,0.55411457
2001-07-29T10:00:00,1,7,29,10,0,0.61400000,17.80000000,39.29000000,0.57363932
2001-07-29T10:10:00,1,7,29,10,10,0.58450000,18.15000000,38.60750000,0.54791351
2001-07-29T10:20:00,1,7,29,10,20,0.55500000,18.50000000,37.92500000,0.52200247
2001-07-29T10:30:00,1,7,29,10,30,0.52550000,18.85000000,37.24250000,0.49590620
2001-07-29T10:40:00,1,7,29,10,40,0.49600000,19.20000000,36.56000000,0.46962470
2001-07-29T10:50:00,1,7,29,10,50,0.46650000,19.55000000,35.87750000,0.44315797
2001-07-29T11:00:00,1,7,29,11,0,0.43700000,19.90000000,35.19500000,0.41650601
2001-07-29T11:10:00,1,7,29,11,10,0.46683333,19.70000000,36.03916667,0.44312746
2001-07-29T11:20:00,1,7,29,11,20,0.49666667,19.50000000,36.88333333,0.46951721
2001-07-29T11:30:00,1,7,29,11,30,0.52650000,19.30000000,37.72750000,0.49567527
2001-07-29T11:40:00,1,7,29,11,40,0.55633333,19.10000000,38.57166667,0.52160163
2001-07-29T11:50:00,1,7,29,11,50,0.58616667,18.90000000,39.41583333,0.54729629
2001-07-29T12:00:00,1,7,29,12,0,0.61600000,18.70000000,40.26000000,0.57275926
2001-07-29T12:10:00,1,7,29,12,10,0.56900000,18.96666667,38.88166667,0.53266613
2001-07-29T12:20:00,1,7,29,12,20,0.52200000,19.23333333,37.50333333,0.49197700
2001-07-29T12:30:00,1,7,29,12,30,0.47500000,19.50000000,36.12500000,0.45069188
2001-07-29T12:40:00,1,7,29,12,40,0.42800000,19.76666667,34.74666667,0.40881076
2001-07-29T12:50:00,1,7,29,12,50,0.38100000,20.03333333,33.36833333,0.36633366
2001-07-29T13:00:00,1,7,29,13,0,0.33400000,20.30000000,31.99000000,0.32326056
2001-07-29T13:10:00,1,7,29,13,10,0.34650000,20.11666667,32.24416667,0.33495352
2001-07-29T13:20:00,1,7,29,13,20,0.35900000,19.93333333,32.49833333,0.34661725
2001-07-29T13:30:00,1,7,29,13,30,0.37150000,19.75000000,32.75250000,0.35825175
2001-07-29T13:40:00,1,7,29,13,40,0.38400000,19.56666667,33.00666667,0.36985702
2001-07-29T13:50:00,1,7,29,13,50,0.39650000,19.38333333,33.26083333,0.38143307
2001-07-29T14:00:00,1,7,29,14,0,0.40900000,19.20000000,33.51500000,0.39297988
2001-07-29T14:10:00,1,7,29,14,10,0.36350000,19.26666667,31.98916667,0.35181341
2001-07-29T14:20:00,1,7,29,14,20,0.31800000,19.33333333,30.46333333,0.31000824
2001-07-29T14:30:00,1,7,29,14,30,0.27250000,19.40000000,28.93750000,0.26756434
2001-07-29T14:40:00,1,7,29,14,40,0.22700000,19.46666667,27.41166667,0.22448174
2001-07-29T14:50:00,1,7,29,14,50,0.18150000,19.53333333,25.88583333,0.18076042
2001-07-29T15:00:00,1,7,29,15,0,0.13600000,19.60000000,24.36000000,0.13640038
2001-07-29T15:10:00,1,7,29,15,10,0.13316667,19.25000000,23.91083333,0.13383385
2001-07-29T15:20:00,1,7,29,15,20,0.13033333,18.90000000,23.46166667,0.13125562
2001-07-29T15:30:00,1,7,29,15,30,0.12750000,18.55000000,23.01250000,0.12866567
2001-07-29T15:40:00,1,7,29,15,40,0.12466667,18.20000000,22.56333333,0.12606401
2001-07-29T15:50:00,1,7,29,15,50,0.12183333,17.85000000,22.11416667,0.12345065
2001-07-29T16:00:00,1,7,29,16,0,0.11900000,17.50000000,21.66500000,0.12082558
2001-07-29T16:10:00,1,7,29,16,10,0.10066667,17.50000000,21.02333333,0.10250813
2001-07-29T16:20:00,1,7,29,16,20,0.08233333,17.50000000,20.38166667,0.08408245
2001-07-29T16:30:00,1,7,29,16,30,0.06400000,17.50000000,19.74000000,0.06554854
2001-07-29T16:40:00,1,7,29,16,40,0.04566667,17.50000000,19.09833333,0.04690641
2001-07-29T16:50:00,1,7,29,16,50,0.02733333,17.50000000,18.45666667,0.02815605
2001-07-29T17:00:00,1,7,29,17,0,0.00900000,17.50000000,17.81500000,0.00929746
2001-07-29T17:10:00,1,7,29,17,10,0.00750000,17.41666667,17.67916667,0.00775257
2001-07-29T17:20:00,1,7,29,17,20,0.00600000,17.33333333,17.54333333,0.00620580
2001-07-29T17:30:00,1,7,29,17,30,0.00450000,17.25000000,17.40750000,0.00465716
2001-07-29T17:40:00,1,7,29,17,40,0.00300000,17.16666667,17.27166667,0.00310665
2001-07-29T17:50:00,1,7,29,17,50,0.00150000,17.08333333,17.13583333,0.00155426
2001-07-29T18:00:00,1,7,29,18,0,0.00000000,17.00000000,17.00000000,0.00000000
2001-07-29T18:10:00,1,7,29,18,10,0.00000000,16.93333333,16.93333333,0.00000000
2001-07-29T18:20:00,1,7,29,18,20,0.00000000,16.86666667,16.86666667,0.00000000
2001-07-29T18:30:00,1,7,29,18,30,0.00000000,16.80000000,16.80000000,0.00000000
2001-07-29T18:40:00,1,7,29,18,40,0.00000000,16.73333333,16.73333333,0.00000000
2001-07-29T18:50:00,1,7,29,18,50,0.00000000,16.66666667,16.66666667,0.00000000
2001-07-29T19:00:00,1,7,29,19,0,0.00000000,16.60000000,16.60000000,0.00000000
2001-07-29T19:10:00,1,7,29,19,10,0.00000000,16.40000000,16.40000000,0.00000000
2001-07-29T19:20:00,1,7,29,19,20,0.00000000,16.20000000,16.20000000,0.00000000
2001-07-29T19:30:00,1,7,29,19,30,0.00000000,16.00000000,16.00000000,0.00000000
2001-07-29T19:40:00,1,7,29,19,40,0.00000000,15.80000000,15.80000000,0.00000000
2001-07-29T19:50:00,1,7,29,19,50,0.00000000,15.60000000,15.60000000,0.00000000
2001-07-29T20:00:00,1,7,29,20,0,0.00000000,15.40000000,15.40000000,0.00000000
2001-07-29T20:10:00,1,7,29,20,10,0.00000000,15.43333333,15.43333333,0.00000000
2001-07-29T20:20:00,1,7,29,20,20,0.00000000,15.46666667,15.46666667,0.00000000
2001-07-29T20:30:00,1,7,29,20,30,0.00000000,15.50000000,15.50000000,0.00000000
2001-07-29T20:40:00,1,7,29,20,40,0.00000000,15.53333333,15.53333333,0.00000000
2001-07-29T20:50:00,1,7,29,20,50,0.00000000,15.56666667,15.56666667,0.00000000
2001-07-29T21:00:00,1,7,29,21,0,0.00000000,15.60000000,15.60000000,0.00000000
2001-07-29T21:10:00,1,7,29,21,10,0.00000000,15.46666667,15.46666667,0.00000000
2001-07-29T21:20:00,1,7,29,21,20,0.00000000,15.33333333,15.33333333,0.00000000
2001-07-29T21:30:00,1,7,29,21,30,0.00000000,15.20000000,15.20000000,0.00000000
2001-07-29T21:40:00,1,7,29,21,40,0.00000000,15.06666667,15.06666667,0.00000000
2001-07-29T21:50:00,1,7,29,21,50,0.00000000,14.93333333,14.93333333,0.00000000
2001-07-29T22:00:00,1,7,29,22,0,0.00000000,14.80000000,14.80000000,0.00000000
2001-07-29T22:10:00,1,7,29,22,10,0.00000000,14.80000000,14.80000000,0.00000000
2001-07-29T22:20:00,1,7,29,22,20,0.00000000,14.80000000,14.80000000,0.00000000
2001-07-29T22:30:00,1,7,29,22,30,0.00000000,14.80000000,14.80000000,0.00000000
2001-07-29T22:40:00,1,7,29,22,40,0.00000000,14.80000000,14.80000000,0.00000000
2001-07-29T22:50:00,1,7,29,22,50,0.00000000,14.80000000,14.80000000,0.00000000
2001-07-29T23:00:00,1,7,29,23,0,0.00000000,14.80000000,14.80000000,0.00000000
2001-07-29T23:10:00,1,7,29,23,10,0.00000000,14.68333333,14.68333333,0.00000000
2001-07-29T23:20:00,1,7,29,23,20,0.00000000,14.56666667,14.56666667,0.00000000
2001-07-29T23:30:00,1,7,29,23,30,0.00000000,14.45000000,14.45000000,0.00000000
2001-07-29T23:40:00,1,7,29,23,40,0.00000000,14.33333333,14.33333333,0.00000000
2001-07-29T23:50:00,1,7,29,23,50,0.00000000,14.21666667,14.21666667,0.00000000
2001-07-30T00:00:00,1,7,30,0,0,0.00000000,14.10000000,14.10000000,0.00000000
2001-07-30T00:10:00,1,7,30,0,10,0.00000000,14.08333333,14.08333333,0.00000000
2001-07-30T00:20:00,1,7,30,0,20,0.00000000,14.06666667,14.06666667,0.00000000
2001-07-30T00:30:00,1,7,30,0,30,0.00000000,14.05000000,14.05000000,0.00000000
2001-07-30T00:40:00,1,7,30,0,40,0.00000000,14.03333333,14.03333333,0.00000000
2001-07-30T00:50:00,1,7,30,0,50,0.00000000,14.01666667,14.01666667,0.00000000
2001-07-30T01:00:00,1,7,30,1,0,0.00000000,14.00000000,14.00000000,0.00000000
2001-07-30T01:10:00,1,7,30,1,10,0.00000000,13.88333333,13.88333333,0.00000000
2001-07-30T01:20:00,1,7,30,1,20,0.00000000,13.76666667,13.76666667,0.00000000
2001-07-30T01:30:00,1,7,30,1,30,0.00000000,13.65000000,13.65000000,0.00000000
2001-07-30T01:40:00,1,7,30,1,40,0.00000000,13.53333333,13.53333333,0.00000000
2001-07-30T01:50:00,1,7,30,1,50,0.00000000,13.41666667,13.41666667,0.00000000
2001-07-30T02:00:00,1,7,30,2,0,0.00000000,13.30000000,13.30000000,0.00000000
2001-07-30T02:10:00,1,7,30,2,10,0.00000000,13.23333333,13.23333333,0.00000000
2001-07-30T02:20:00,1,7,30,2,20,0.00000000,13.16666667,13.16666667,0.00000000
2001-07-30T02:30:00,1,7,30,2,30,0.00000000,13.10000000,13.10000000,0.00000000
2001-07-30T02:40:00,1,7,30,2,40,0.00000000,13.03333333,13.03333333,0.00000000
2001-07-30T02:50:00,1,7,30,2,50,0.00000000,12.96666667,12.96666667,0.00000000
2001-07-30T03:00:00,1,7,30,3,0,0.00000000,12.90000000,12.90000000,0.00000000
2001-07-30T03:10:00,1,7,30,3,10,0.00000000,12.93333333,12.93333333,0.00000000
2001-07-30T03:20:00,1,7,30,3,20,0.00000000,12.96666667,12.96666667,0.00000000
2001-07-30T03:30:00,1,7,30,3,30,0.00000000,13.00000000,13.00000000,0.00000000
2001-07-30T03:40:00,1,7,30,3,40,0.00000000,13.03333333,13.03333333,0.00000000
2001-07-30T03:50:00,1,7,30,3,50,0.00000000,13.06666667,13.06666667,0.00000000
2001-07-30T04:00:00,1,7,30,4,0,0.00000000,13.10000000,13.10000000,0.00000000
2001-07-30T04:10:00,1,7,30,4,10,0.00000000,12.96666667,12.96666667,0.00000000
2001-07-30T04:20:00,1,7,30,4,20,0.00000000,12.83333333,12.83333333,0.00000000
2001-07-30T04:30:00,1,7,30,4,30,0.00000000,12.70000000,12.70000000,0.00000000
2001-07-30T04:40:00,1,7,30,4,40,0.00000000,12.56666667,12.56666667,0.00000000
2001-07-30T04:50:00,1,7,30,4,50,0.00000000,12.43333333,12.43333333,0.00000000
2001-07-30T05:00:00,1,7,30,5,0,0.00000000,12.30000000,12.30000000,0.00000000
2001-07-30T05:10:00,1,7,30,5,10,0.00133333,12.30000000,12.34666667,0.00141094
2001-07-30T05:20:00,1,7,30,5,20,0.00266667,12.30000000,12.39333333,0.00282131
2001-07-30T05:30:00,1,7,30,5,30,0.00400000,12.30000000,12.44000000,0.00423110
2001-07-30T05:40:00,1,7,30,5,40,0.00533333,12.30000000,12.48666667,0.00564033
2001-07-30T05:50:00,1,7,30,5,50,0.00666667,12.30000000,12.53333333,0.00704898
2001-07-30T06:00:00,1,7,30,6,0,0.00800000,12.30000000,12.58000000,0.00845706
2001-07-30T06:10:00,1,7,30,6,10,0.01866667,12.33333333,12.98666667,0.01969821
2001-07-30T06:20:00,1,7,30,6,20,0.02933333,12.36666667,13.39333333,0.03089946
2001-07-30T06:30:00,1,7,30,6,30,0.04000000,12.40000000,13.80000000,0.04206080
2001-07-30T06:40:00,1,7,30,6,40,0.05066667,12.43333333,14.20666667,0.05318223
2001-07-30T06:50:00,1,7,30,6,50,0.06133333,12.46666667,14.61333333,0.06426376
2001-07-30T07:00:00,1,7,30,7,0,0.07200000,12.50000000,15.02000000,0.07530538
2001-07-30T07:10:00,1,7,30,7,10,0.10283333,12.90000000,16.49916667,0.10685451
2001-07-30T07:20:00,1,7,30,7,20,0.13366667,13.30000000,17.97833333,0.13798406
2001-07-30T07:30:00,1,7,30,7,30,0.16450000,13.70000000,19.45750000,0.16869401
2001-07-30T07:40:00,1,7,30,7,40,0.19533333,14.10000000,20.93666667,0.19898437
2001-07-30T07:50:00,1,7,30,7,50,0.22616667,14.50000000,22.41583333,0.22885515
2001-07-30T08:00:00,1,7,30,8,0,0.25700000,14.90000000,23.89500000,0.25830633
2001-07-30T08:10:00,1,7,30,8,10,0.26833333,15.88333333,25.27500000,0.26799389
2001-07-30T08:20:00,1,7,30,8,20,0.27966667,16.86666667,26.65500000,0.27753756
2001-07-30T08:30:00,1,7,30,8,30,0.29100000,17.85000000,28.03500000,0.28693735
2001-07-30T08:40:00,1,7,30,8,40,0.30233333,18.83333333,29.41500000,0.29619325
2001-07-30T08:50:00,1,7,30,8,50,0.31366667,19.81666667,30.79500000,0.30530525
2001-07-30T09:00:00,1,7,30,9,0,0.32500000,20.80000000,32.17500000,0.31427338
2001-07-30T09:10:00,1,7,30,9,10,0.36533333,21.33333333,34.12000000,0.35000687
2001-07-30T09:20:00,1,7,30,9,20,0.40566667,21.86666667,36.06500000,0.38501864
2001-07-30T09:30:00,1,7,30,9,30,0.44600000,22.40000000,38.01000000,0.41930868
2001-07-30T09:40:00,1,7,30,9,40,0.48633333,22.93333333,39.95500000,0.45287700
2001-07-30T09:50:00,1,7,30,9,50,0.52666667,23.46666667,41.90000000,0.48572360
2001-07-30T10:00:00,1,7,30,10,0,0.56700000,24.00000000,43.84500000,0.51784847
2001-07-30T10:10:00,1,7,30,10,10,0.52933333,25.11666667,43.64333333,0.48393806
2001-07-30T10:20:00,1,7,30,10,20,0.49166667,26.23333333,43.44166667,0.44995776
2001-07-30T10:30:00,1,7,30,10,30,0.45400000,27.35000000,43.24000000,0.41590758
2001-07-30T10:40:00,1,7,30,10,40,0.41633333,28.46666667,43.03833333,0.38178752
2001-07-30T10:50:00,1,7,30,10,50,0.37866667,29.58333333,42.83666667,0.34759757
2001-07-30T11:00:00,1,7,30,11,0,0.34100000,30.70000000,42.63500000,0.31333774
2001-07-30T11:10:00,1,7,30,11,10,0.38666667,29.66666667,43.20000000,0.35429493
2001-07-30T11:20:00,1,7,30,11,20,0.43233333,28.63333333,43.76500000,0.39501475
2001-07-30T11:30:00,1,7,30,11,30,0.47800000,27.60000000,44.33000000,0.43549720
2001-07-30T11:40:00,1,7,30,11,40,0.52366667,26.56666667,44.89500000,0.47574226
2001-07-30T11:50:00,1,7,30,11,50,0.56933333,25.53333333,45.46000000,0.51574996
2001-07-30T12:00:00,1,7,30,12,0,0.61500000,24.50000000,46.02500000,0.55552028
2001-07-30T12:10:00,1,7,30,12,10,0.57050000,25.91666667,45.88416667,0.51569368
2001-07-30T12:20:00,1,7,30,12,20,0.52600000,27.33333333,45.74333333,0.47580943
2001-07-30T12:30:00,1,7,30,12,30,0.48150000,28.75000000,45.60250000,0.43586752
2001-07-30T12:40:00,1,7,30,12,40,0.43700000,30.16666667,45.46166667,0.39586796
2001-07-30T12:50:00,1,7,30,12,50,0.39250000,31.58333333,45.32083333,0.35581074
2001-07-30T13:00:00,1,7,30,13,0,0.34800000,33.00000000,45.18000000,0.31569586
2001-07-30T13:10:00,1,7,30,13,10,0.37700000,31.65000000,44.84500000,0.34258480
2001-07-30T13:20:00,1,7,30,13,20,0.40600000,30.30000000,44.51000000,0.36956312
2001-07-30T13:30:00,1,7,30,13,30,0.43500000,28.95000000,44.17500000,0.39663083
2001-07-30T13:40:00,1,7,30,13,40,0.46400000,27.60000000,43.84000000,0.42378790
2001-07-30T13:50:00,1,7,30,13,50,0.49300000,26.25000000,43.50500000,0.45103436
2001-07-30T14:00:00,1,7,30,14,0,0.52200000,24.90000000,43.17000000,0.47837020
2001-07-30T14:10:00,1,7,30,14,10,0.47866667,25.66666667,42.42000000,0.44031015
2001-07-30T14:20:00,1,7,30,14,20,0.43533333,26.43333333,41.67000000,0.40195110
2001-07-30T14:30:00,1,7,30,14,30,0.39200000,27.20000000,40.92000000,0.36329306
2001-07-30T14:40:00,1,7,30,14,40,0.34866667,27.96666667,40.17000000,0.32433601
2001-07-30T14:50:00,1,7,30,14,50,0.30533333,28.73333333,39.42000000,0.28507996
2001-07-30T15:00:00,1,7,30,15,0,0.26200000,29.50000000,38.67000000,0.24552492
2001-07-30T15:10:00,1,7,30,15,10,0.24066667,28.21666667,36.64000000,0.22778041
2001-07-30T15:20:00,1,7,30,15,20,0.21933333,26.93333333,34.61000000,0.20963748
2001-07-30T15:30:00,1,7,30,15,30,0.19800000,25.65000000,32.58000000,0.19109614
2001-07-30T15:40:00,1,7,30,15,40,0.17666667,24.36666667,30.55000000,0.17215637
2001-07-30T15:50:00,1,7,30,15,50,0.15533333,23.08333333,28.52000000,0.15281818
2001-07-30T16:00:00,1,7,30,16,0,0.13400000,21.80000000,26.49000000,0.13308156
2001-07-30T16:10:00,1,7,30,16,10,0.11316667,20.96666667,24.92750000,0.11320441
2001-07-30T16:20:00,1,7,30,16,20,0.09233333,20.13333333,23.36500000,0.09302777
2001-07-30T16:30:00,1,7,30,16,30,0.07150000,19.30000000,21.80250000,0.07255166
2001-07-30T16:40:00,1,7,30,16,40,0.05066667,18.46666667,20.24000000,0.05177606
2001-07-30T16:50:00,1,7,30,16,50,0.02983333,17.63333333,18.67750000,0.03070099
2001-07-30T17:00:00,1,7,30,17,0,0.00900000,16.80000000,17.11500000,0.00932644
2001-07-30T17:10:00,1,7,30,17,10,0.00750000,16.08333333,16.34583333,0.00779857
2001-07-30T17:20:00,1,7,30,17,20,0.00600000,15.36666667,15.57666667,0.00626008
2001-07-30T17:30:00,1,7,30,17,30,0.00450000,14.65000000,14.80750000,0.00471098
2001-07-30T17:40:00,1,7,30,17,40,0.00300000,13.93333333,14.03833333,0.00315127
2001-07-30T17:50:00,1,7,30,17,50,0.00150000,13.21666667,13.26916667,0.00158094
2001-07-30T18:00:00,1,7,30,18,0,0.00000000,12.50000000,12.50000000,0.00000000
2001-07-30T18:10:00,1,7,30,18,10,0.00000000,12.45000000,12.45000000,0.00000000
2001-07-30T18:20:00,1,7,30,18,20,0.00000000,12.40000000,12.40000000,0.00000000
2001-07-30T18:30:00,1,7,30,18,30,0.00000000,12.35000000,12.35000000,0.00000000
2001-07-30T18:40:00,1,7,30,18,40,0.00000000,12.30000000,12.30000000,0.00000000
2001-07-30T18:50:00,1,7,30,18,50,0.00000000,12.25000000,12.25000000,0.00000000
2001-07-30T19:00:00,1,7,30,19,0,0.00000000,12.20000000,12.20000000,0.00000000
2001-07-30T19:10:00,1,7,30,19,10,0.00000000,12.00000000,12.00000000,0.00000000
2001-07-30T19:20:00,1,7,30,19,20,0.00000000,11.80000000,11.80000000,0.00000000
2001-07-30T19:30:00,1,7,30,19,30,0.00000000,11.60000000,11.60000000,0.00000000
2001-07-30T19:40:00,1,7,30,19,40,0.00000000,11.40000000,11.40000000,0.00000000
2001-07-30T19:50:00,1,7,30,19,50,0.00000000,11.20000000,11.20000000,0.00000000
2001-07-30T20:00:00,1,7,30,20,0,0.00000000,11.00000000,11.00000000,0.00000000
2001-07-30T20:10:00,1,7,30,20,10,0.00000000,10.91666667,10.91666667,0.00000000
2001-07-30T20:20:00,1,7,30,20,20,0.00000000,10.83333333,10.83333333,0.00000000
2001-07-30T20:30:00,1,7,30,20,30,0.00000000,10.75000000,10.75000000,0.00000000
2001-07-30T20:40:00,1,7,30,20,40,0.00000000,10.66666667,10.66666667,0.00000000
2001-07-30T20:50:00,1,7,30,20,50,0.00000000,10.58333333,10.58333333,0.00000000
2001-07-30T21:00:00,1,7,30,21,0,0.00000000,10.50000000,10.50000000,0.00000000
2001-07-30T21:10:00,1,7,30,21,10,0.00000000,10.33333333,10.33333333,0.00000000
2001-07-30T21:20:00,1,7,30,21,20,0.00000000,10.16666667,10.16666667,0.00000000
2001-07-30T21:30:00,1,7,30,21,30,0.00000000,10.00000000,10.00000000,0.00000000
2001-07-30T21:40:00,1,7,30,21,40,0.00000000,9.83333333,9.83333333,0.00000000
2001-07-30T21:50:00,1,7,30,21,50,0.00000000,9.66666667,9.66666667,0.00000000
2001-07-30T22:00:00,1,7,30,22,0,0.00000000,9.50000000,9.50000000,0.00000000
2001-07-30T22:10:00,1,7,30,22,10,0.00000000,9.41666667,9.41666667,0.00000000
2001-07-30T22:20:00,1,7,30,22,20,0.00000000,9.33333333,9.33333333,0.00000000
2001-07-30T22:30:00,1,7,30,22,30,0.00000000,9.25000000,9.25000000,0.00000000
2001-07-30T22:40:00,1,7,30,22,40,0.00000000,9.16666667,9.16666667,0.00000000
2001-07-30T22:50:00,1,7,30,22,50,0.00000000,9.08333333,9.08333333,0.00000000
2001-07-30T23:00:00,1,7,30,23,0,0.00000000,9.00000000,9.00000000,0.00000000
2001-07-30T23:10:00,1,7,30,23,10,0.00000000,8.76666667,8.76666667,0.00000000
2001-07-30T23:20:00,1,7,30,23,20,0.00000000,8.53333333,8.53333333,0.00000000
2001-07-30T23:30:00,1,7,30,23,30,0.00000000,8.30000000,8.30000000,0.00000000
2001-07-30T23:40:00,1,7,30,23,40,0.00000000,8.06666667,8.06666667,0.00000000
2001-07-30T23:50:00,1,7,30,23,50,0.00000000,7.83333333,7.83333333,0.00000000
2001-07-31T00:00:00,1,7,31,0,0,0.00000000,7.60000000,7.60000000,0.00000000
2001-07-31T00:10:00,1,7,31,0,10,0.00000000,7.60000000,7.60000000,0.00000000
2001-07-31T00:20:00,1,7,31,0,20,0.00000000,7.60000000,7.60000000,0.00000000
2001-07-31T00:30:00,1,7,31,0,30,0.00000000,7.60000000,7.60000000,0.00000000
2001-07-31T00:40:00,1,7,31,0,40,0.00000000,7.60000000,7.60000000,0.00000000
2001-07-31T00:50:00,1,7,31,0,50,0.00000000,7.60000000,7.60000000,0.00000000
2001-07-31T01:00:00,1,7,31,1,0,0.00000000,7.60000000,7.60000000,0.00000000
2001-07-31T01:10:00,1,7,31,1,10,0.00000000,7.63333333,7.63333333,0.00000000
2001-07-31T01:20:00,1,7,31,1,20,0.00000000,7.66666667,7.66666667,0.00000000
2001-07-31T01:30:00,1,7,31,1,30,0.00000000,7.70000000,7.70000000,0.00000000
2001-07-31T01:40:00,1,7,31,1,40,0.00000000,7.73333333,7.73333333,0.00000000
2001-07-31T01:50:00,1,7,31,1,50,0.00000000,7.76666667,7.76666667,0.00000000
2001-07-31T02:00:00,1,7,31,2,0,0.00000000,7.80000000,7.80000000,0.00000000
2001-07-31T02:10:00,1,7,31,2,10,0.00000000,7.78333333,7.78333333,0.00000000
2001-07-31T02:20:00,1,7,31,2,20,0.00000000,7.76666667,7.76666667,0.00000000
2001-07-31T02:30:00,1,7,31,2,30,0.00000000,7.75000000,7.75000000,0.00000000
2001-07-31T02:40:00,1,7,31,2,40,0.00000000,7.73333333,7.73333333,0.00000000
2001-07-31T02:50:00,1,7,31,2,50,0.00000000,7.71666667,7.71666667,0.00000000
2001-07-31T03:00:00,1,7,31,3,0,0.00000000,7.70000000,7.70000000,0.00000000
2001-07-31T03:10:00,1,7,31,3,10,0.00000000,7.75000000,7.75000000,0.00000000
2001-07-31T03:20:00,1,7,31,3,20,0.00000000,7.80000000,7.80000000,0.00000000
2001-07-31T03:30:00,1,7,31,3,30,0.00000000,7.85000000,7.85000000,0.00000000
2001-07-31T03:40:00,1,7,31,3,40,0.00000000,7.90000000,7.90000000,0.00000000
2001-07-31T03:50:00,1,7,31,3,50,0.00000000,7.95000000,7.95000000,0.00000000
2001-07-31T04:00:00,1,7,31,4,0,0.00000000,8.00000000,8.00000000,0.00000000
2001-07-31T04:10:00,1,7,31,4,10,0.00000000,7.96666667,7.96666667,0.00000000
2001-07-31T04:20:00,1,7,31,4,20,0.00000000,7.93333333,7.93333333,0.00000000
2001-07-31T04:30:00,1,7,31,4,30,0.00000000,7.90000000,7.90000000,0.00000000
2001-07-31T04:40:00,1,7,31,4,40,0.00000000,7.86666667,7.86666667,0.00000000
2001-07-31T04:50:00,1,7,31,4,50,0.00000000,7.83333333,7.83333333,0.00000000
2001-07-31T05:00:00,1,7,31,5,0,0.00000000,7.80000000,7.80000000,0.00000000
2001-07-31T05:10:00,1,7,31,5,10,0.00166667,7.83333333,7.89166667,0.00179783
2001-07-31T05:20:00,1,7,31,5,20,0.00333333,7.86666667,7.98333333,0.00359426
2001-07-31T05:30:00,1,7,31,5,30,0.00500000,7.90000000,8.07500000,0.00538927
2001-07-31T05:40:00,1,7,31,5,40,0.00666667,7.93333333,8.16666667,0.00718289
2001-07-31T05:50:00,1,7,31,5,50,0.00833333,7.96666667,8.25833333,0.00897510
2001-07-31T06:00:00,1,7,31,6,0,0.01000000,8.00000000,8.35000000,0.01076590
2001-07-31T06:10:00,1,7,31,6,10,0.03250000,8.05000000,9.18750000,0.03486397
2001-07-31T06:20:00,1,7,31,6,20,0.05500000,8.10000000,10.02500000,0.05878867
2001-07-31T06:30:00,1,7,31,6,30,0.07750000,8.15000000,10.86250000,0.08254002
2001-07-31T06:40:00,1,7,31,6,40,0.10000000,8.20000000,11.70000000,0.10611800
2001-07-31T06:50:00,1,7,31,6,50,0.12250000,8.25000000,12.53750000,0.12952262
2001-07-31T07:00:00,1,7,31,7,0,0.14500000,8.30000000,13.37500000,0.15275387
2001-07-31T07:10:00,1,7,31,7,10,0.17183333,8.68333333,14.69750000,0.17997677
2001-07-31T07:20:00,1,7,31,7,20,0.19866667,9.06666667,16.02000000,0.20687319
2001-07-31T07:30:00,1,7,31,7,30,0.22550000,9.45000000,17.34250000,0.23344312
2001-07-31T07:40:00,1,7,31,7,40,0.25233333,9.83333333,18.66500000,0.25968658
2001-07-31T07:50:00,1,7,31,7,50,0.27916667,10.21666667,19.98750000,0.28560355
2001-07-31T08:00:00,1,7,31,8,0,0.30600000,10.60000000,21.31000000,0.31119404
2001-07-31T08:10:00,1,7,31,8,10,0.33716667,10.90000000,22.70083333,0.34073260
2001-07-31T08:20:00,1,7,31,8,20,0.36833333,11.20000000,24.09166667,0.36987235
2001-07-31T08:30:00,1,7,31,8,30,0.39950000,11.50000000,25.48250000,0.39861331
2001-07-31T08:40:00,1,7,31,8,40,0.43066667,11.80000000,26.87333333,0.42695547
2001-07-31T08:50:00,1,7,31,8,50,0.46183333,12.10000000,28.26416667,0.45489883
2001-07-31T09:00:00,1,7,31,9,0,0.49300000,12.40000000,29.65500000,0.48244339
2001-07-31T09:10:00,1,7,31,9,10,0.50916667,12.68333333,30.50416667,0.49627499
2001-07-31T09:20:00,1,7,31,9,20,0.52533333,12.96666667,31.35333333,0.50998029
2001-07-31T09:30:00,1,7,31,9,30,0.54150000,13.25000000,32.20250000,0.52355929
2001-07-31T09:40:00,1,7,31,9,40,0.55766667,13.53333333,33.05166667,0.53701199
2001-07-31T09:50:00,1,7,31,9,50,0.57383333,13.81666667,33.90083333,0.55033840
2001-07-31T10:00:00,1,7,31,10,0,0.59000000,14.10000000,34.75000000,0.56353850
2001-07-31T10:10:00,1,7,31,10,10,0.61950000,14.26666667,35.94916667,0.58829816
2001-07-31T10:20:00,1,7,31,10,20,0.64900000,14.43333333,37.14833333,0.61273237
2001-07-31T10:30:00,1,7,31,10,30,0.67850000,14.60000000,38.34750000,0.63684112
2001-07-31T10:40:00,1,7,31,10,40,0.70800000,14.76666667,39.54666667,0.66062442
2001-07-31T10:50:00,1,7,31,10,50,0.73750000,14.93333333,40.74583333,0.68408226
2001-07-31T11:00:00,1,7,31,11,0,0.76700000,15.10000000,41.94500000,0.70721465
2001-07-31T11:10:00,1,7,31,11,10,0.74550000,15.43333333,41.52583333,0.68882796
2001-07-31T11:20:00,1,7,31,11,20,0.72400000,15.76666667,41.10666667,0.67035836
2001-07-31T11:30:00,1,7,31,11,30,0.70250000,16.10000000,40.68750000,0.65180584
2001-07-31T11:40:00,1,7,31,11,40,0.68100000,16.43333333,40.26833333,0.63317042
2001-07-31T11:50:00,1,7,31,11,50,0.65950000,16.76666667,39.84916667,0.61445208
2001-07-31T12:00:00,1,7,31,12,0,0.63800000,17.10000000,39.43000000,0.59565084
2001-07-31T12:10:00,1,7,31,12,10,0.62416667,17.15000000,38.99583333,0.58398230
2001-07-31T12:20:00,1,7,31,12,20,0.61033333,17.20000000,38.56166667,0.57225850
2001-07-31T12:30:00,1,7,31,12,30,0.59650000,17.25000000,38.12750000,0.56047945
2001-07-31T12:40:00,1,7,31,12,40,0.58266667,17.30000000,37.69333333,0.54864515
2001-07-31T12:50:00,1,7,31,12,50,0.56883333,17.35000000,37.25916667,0.53675559
2001-07-31T13:00:00,1,7,31,13,0,0.55500000,17.40000000,36.82500000,0.52481078
2001-07-31T13:10:00,1,7,31,13,10,0.55566667,17.35000000,36.79833333,0.52550934
2001-07-31T13:20:00,1,7,31,13,20,0.55633333,17.30000000,36.77166667,0.52620807
2001-07-31T13:30:00,1,7,31,13,30,0.55700000,17.25000000,36.74500000,0.52690696
2001-07-31T13:40:00,1,7,31,13,40,0.55766667,17.20000000,36.71833333,0.52760602
2001-07-31T13:50:00,1,7,31,13,50,0.55833333,17.15000000,36.69166667,0.52830524
2001-07-31T14:00:00,1,7,31,14,0,0.55900000,17.10000000,36.66500000,0.52900462
2001-07-31T14:10:00,1,7,31,14,10,0.52500000,17.16666667,35.54166667,0.49954188
2001-07-31T14:20:00,1,7,31,14,20,0.49100000,17.23333333,34.41833333,0.46972775
2001-07-31T14:30:00,1,7,31,14,30,0.45700000,17.30000000,33.29500000,0.43956225
2001-07-31T14:40:00,1,7,31,14,40,0.42300000,17.36666667,32.17166667,0.40904537
2001-07-31T14:50:00,1,7,31,14,50,0.38900000,17.43333333,31.04833333,0.37817711
2001-07-31T15:00:00,1,7,31,15,0,0.35500000,17.50000000,29.92500000,0.34695748
2001-07-31T15:10:00,1,7,31,15,10,0.32050000,17.53333333,28.75083333,0.31497015
2001-07-31T15:20:00,1,7,31,15,20,0.28600000,17.56666667,27.57666667,0.28261014
2001-07-31T15:30:00,1,7,31,15,30,0.25150000,17.60000000,26.40250000,0.24987745
2001-07-31T15:40:00,1,7,31,15,40,0.21700000,17.63333333,25.22833333,0.21677208
2001-07-31T15:50:00,1,7,31,15,50,0.18250000,17.66666667,24.05416667,0.18329403
2001-07-31T16:00:00,1,7,31,16,0,0.14800000,17.70000000,22.88000000,0.14944330
2001-07-31T16:10:00,1,7,31,16,10,0.12583333,17.53333333,21.93750000,0.12760601
2001-07-31T16:20:00,1,7,31,16,20,0.10366667,17.36666667,20.99500000,0.10557652
2001-07-31T16:30:00,1,7,31,16,30,0.08150000,17.20000000,20.05250000,0.08335482
2001-07-31T16:40:00,1,7,31,16,40,0.05933333,17.03333333,19.11000000,0.06094091
2001-07-31T16:50:00,1,7,31,16,50,0.03716667,16.86666667,18.16750000,0.03833480
2001-07-31T17:00:00,1,7,31,17,0,0.01500000,16.70000000,17.22500000,0.01553648
2001-07-31T17:10:00,1,7,31,17,10,0.01250000,16.68333333,17.12083333,0.01295305
2001-07-31T17:20:00,1,7,31,17,20,0.01000000,16.66666667,17.01666667,0.01036723
2001-07-31T17:30:00,1,7,31,17,30,0.00750000,16.65000000,16.91250000,0.00777902
2001-07-31T17:40:00,1,7,31,17,40,0.00500000,16.63333333,16.80833333,0.00518841
2001-07-31T17:50:00,1,7,31,17,50,0.00250000,16.61666667,16.70416667,0.00259540
2001-07-31T18:00:00,1,7,31,18,0,0.00000000,16.60000000,16.60000000,0.00000000
2001-07-31T18:10:00,1,7,31,18,10,0.00000000,16.36666667,16.36666667,0.00000000
2001-07-31T18:20:00,1,7,31,18,20,0.00000000,16.13333333,16.13333333,0.00000000
2001-07-31T18:30:00,1,7,31,18,30,0.00000000,15.90000000,15.90000000,0.00000000
2001-07-31T18:40:00,1,7,31,18,40,0.00000000,15.66666667,15.66666667,0.00000000
2001-07-31T18:50:00,1,7,31,18,50,0.00000000,15.43333333,15.43333333,0.00000000
2001-07-31T19:00:00,1,7,31,19,0,0.00000000,15.20000000,15.20000000,0.00000000
2001-07-31T19:10:00,1,7,31,19,10,0.00000000,15.15000000,15.15000000,0.00000000
2001-07-31T19:20:00,1,7,31,19,20,0.00000000,15.10000000,15.10000000,0.00000000
2001-07-31T19:30:00,1,7,31,19,30,0.00000000,15.05000000,15.05000000,0.00000000
2001-07-31T19:40:00,1,7,31,19,40,0.00000000,15.00000000,15.00000000,0.00000000
2001-07-31T19:50:00,1,7,31,19,50,0.00000000,14.95000000,14.95000000,0.00000000
2001-07-31T20:00:00,1,7,31,20,0,0.00000000,14.90000000,14.90000000,0.00000000
2001-07-31T20:10:00,1,7,31,20,10,0.00000000,14.75000000,14.75000000,0.00000000
2001-07-31T20:20:00,1,7,31,20,20,0.00000000,14.60000000,14.60000000,0.00000000
2001-07-31T20:30:00,1,7,31,20,30,0.00000000,14.45000000,14.45000000,0.00000000
2001-07-31T20:40:00,1,7,31,20,40,0.00000000,14.30000000,14.30000000,0.00000000
2001-07-31T20:50:00,1,7,31,20,50,0.00000000,14.15000000,14.15000000,0.00000000
2001-07-31T21:00:00,1,7,31,21,0,0.00000000,14.00000000,14.00000000,0.00000000
2001-07-31T21:10:00,1,7,31,21,10,0.00000000,13.91666667,13.91666667,0.00000000
2001-07-31T21:20:00,1,7,31,21,20,0.00000000,13.83333333,13.83333333,0.00000000
2001-07-31T21:30:00,1,7,31,21,30,0.00000000,13.75000000,13.75000000,0.00000000
2001-07-31T21:40:00,1,7,31,21,40,0.00000000,13.66666667,13.66666667,0.00000000
2001-07-31T21:50:00,1,7,31,21,50,0.00000000,13.58333333,13.58333333,0.00000000
2001-07-31T22:00:00,1,7,31,22,0,0.00000000,13.50000000,13.50000000,0.00000000
2001-07-31T22:10:00,1,7,31,22,10,0.00000000,13.48333333,13.48333333,0.00000000
2001-07-31T22:20:00,1,7,31,22,20,0.00000000,13.46666667,13.46666667,0.00000000
2001-07-31T22:30:00,1,7,31,22,30,0.00000000,13.45000000,13.45000000,0.00000000
2001-07-31T22:40:00,1,7,31,22,40,0.00000000,13.43333333,13.43333333,0.00000000
2001-07-31T22:50:00,1,7,31,22,50,0.00000000,13.41666667,13.41666667,0.00000000
2001-07-31T23:00:00,1,7,31,23,0,0.00000000,13.40000000,13.40000000,0.00000000
2001-07-31T23:10:00,1,7,31,23,10,0.00000000,13.80000000,13.80000000,0.00000000
2001-07-31T23:20:00,1,7,31,23,20,0.00000000,14.20000000,14.20000000,0.00000000
2001-07-31T23:30:00,1,7,31,23,30,0.00000000,14.60000000,14.60000000,0.00000000
2001-07-31T23:40:00,1,7,31,23,40,0.00000000,15.00000000,15.00000000,0.00000000
2001-07-31T23:50:00,1,7,31,23,50,0.00000000,15.40000000,15.40000000,0.00000000
