timestamp,source_year_index,month,day,hour,minute,irradiance_pu,ambient_temperature_c,panel_temperature_c,generation_pu
2001-10-01T00:00:00,1,10,1,0,0,0.00000000,12.50000000,12.50000000,0.00000000
2001-10-01T00:10:00,1,10,1,0,10,0.00000000,12.51666667,12.51666667,0.00000000
2001-10-01T00:20:00,1,10,1,0,20,0.00000000,12.53333333,12.53333333,0.00000000
2001-10-01T00:30:00,1,10,1,0,30,0.00000000,12.55000000,12.55000000,0.00000000
2001-10-01T00:40:00,1,10,1,0,40,0.00000000,12.56666667,12.56666667,0.00000000
2001-10-01T00:50:00,1,10,1,0,50,0.00000000,12.58333333,12.58333333,0.00000000
2001-10-01T01:00:00,1,10,1,1,0,0.00000000,12.60000000,12.60000000,0.00000000
2001-10-01T01:10:00,1,10,1,1,10,0.00000000,12.55000000,12.55000000,0.00000000
2001-10-01T01:20:00,1,10,1,1,20,0.00000000,12.50000000,12.50000000,0.00000000
2001-10-01T01:30:00,1,10,1,1,30,0.00000000,12.45000000,12.45000000,0.00000000
2001-10-01T01:40:00,1,10,1,1,40,0.00000000,12.40000000,12.40000000,0.00000000
2001-10-01T01:50:00,1,10,1,1,50,0.00000000,12.35000000,12.35000000,0.00000000
2001-10-01T02:00:00,1,10,1,2,0,0.00000000,12.30000000,12.30000000,0.00000000
2001-10-01T02:10:00,1,10,1,2,10,0.00000000,12.38333333,12.38333333,0.00000000
2001-10-01T02:20:00,1,10,1,2,20,0.00000000,12.46666667,12.46666667,0.00000000
2001-10-01T02:30:00,1,10,1,2,30,0.00000000,12.55000000,12.55000000,0.00000000
2001-10-01T02:40:00,1,10,1,2,40,0.00000000,12.63333333,12.63333333,0.00000000
2001-10-01T02:50:00,1,10,1,2,50,0.00000000,12.71666667,12.71666667,0.00000000
2001-10-01T03:00:00,1,10,1,3,0,0.00000000,12.80000000,12.80000000,0.00000000
2001-10-01T03:10:00,1,10,1,3,10,0.00000000,12.76666667,12.76666667,0.00000000
2001-10-01T03:20:00,1,10,1,3,20,0.00000000,12.73333333,12.73333333,0.00000000
2001-10-01T03:30:00,1,10,1,3,30,0.00000000,12.70000000,12.70000000,0.00000000
2001-10-01T03:40:00,1,10,1,3,40,0.00000000,12.66666667,12.66666667,0.00000000
2001-10-01T03:50:00,1,10,1,3,50,0.00000000,12.63333333,12.63333333,0.00000000
2001-10-01T04:00:00,1,10,1,4,0,0.00000000,12.60000000,12.60000000,0.00000000
2001-10-01T04:10:00,1,10,1,4,10,0.00000000,12.48333333,12.48333333,0.00000000
2001-10-01T04:20:00,1,10,1,4,20,0.00000000,12.36666667,12.36666667,0.00000000
2001-10-01T04:30:00,1,10,1,4,30,0.00000000,12.25000000,12.25000000,0.00000000
2001-10-01T04:40:00,1,10,1,4,40,0.00000000,12.13333333,12.13333333,0.00000000
2001-10-01T04:50:00,1,10,1,4,50,0.00000000,12.01666667,12.01666667,0.00000000
2001-10-01T05:00:00,1,10,1,5,0,0.00000000,11.90000000,11.90000000,0.00000000
2001-10-01T05:10:00,1,10,1,5,10,0.01416667,11.95000000,12.44583333,0.01498478
2001-10-01T05:20:00,1,10,1,5,20,0.02833333,12.00000000,12.99166667,0.02989842
2001-10-01T05:30:00,1,10,1,5,30,0.04250000,12.05000000,13.53750000,0.04474092
2001-10-01T05:40:00,1,10,1,5,40,0.05666667,12.10000000,14.08333333,0.05951228
2001-10-01T05:50:00,1,10,1,5,50,0.07083333,12.15000000,14.62916667,0.07421250
2001-10-01T06:00:00,1,10,1,6,0,0.08500000,12.20000000,15.17500000,0.08884158
2001-10-01T06:10:00,1,10,1,6,10,0.09033333,12.56666667,15.72833333,0.09418602
2001-10-01T06:20:00,1,10,1,6,20,0.09566667,12.93333333,16.28166667,0.09950331
2001-10-01T06:30:00,1,10,1,6,30,0.10100000,13.30000000,16.83500000,0.10479346
2001-10-01T06:40:00,1,10,1,6,40,0.10633333,13.66666667,17.38833333,0.11005645
2001-10-01T06:50:00,1,10,1,6,50,0.11166667,14.03333333,17.94166667,0.11529230
2001-10-01T07:00:00,1,10,1,7,0,0.11700000,14.40000000,18.49500000,0.12050099
2001-10-01T07:10:00,1,10,1,7,10,0.16283333,14.53333333,20.23250000,0.16640435
2001-10-01T07:20:00,1,10,1,7,20,0.20866667,14.66666667,21.97000000,0.21157506
2001-10-01T07:30:00,1,10,1,7,30,0.25450000,14.80000000,23.70750000,0.25601313
2001-10-01T07:40:00,1,10,1,7,40,0.30033333,14.93333333,25.44500000,0.29971855
2001-10-01T07:50:00,1,10,1,7,50,0.34616667,15.06666667,27.18250000,0.34269133
2001-10-01T08:00:00,1,10,1,8,0,0.39200000,15.20000000,28.92000000,0.38493146
2001-10-01T08:10:00,1,10,1,8,10,0.38016667,15.55000000,28.85583333,0.37342371
2001-10-01T08:20:00,1,10,1,8,20,0.36833333,15.90000000,28.79166667,0.36190899
2001-10-01T08:30:00,1,10,1,8,30,0.35650000,16.25000000,28.72750000,0.35038727
2001-10-01T08:40:00,1,10,1,8,40,0.34466667,16.60000000,28.66333333,0.33885857
2001-10-01T08:50:00,1,10,1,8,50,0.33283333,16.95000000,28.59916667,0.32732289
2001-10-01T09:00:00,1,10,1,9,0,0.32100000,17.30000000,28.53500000,0.31578022
2001-10-01T09:10:00,1,10,1,9,10,0.36566667,17.33333333,30.13166667,0.35703486
2001-10-01T09:20:00,1,10,1,9,20,0.41033333,17.36666667,31.72833333,0.39763338
2001-10-01T09:30:00,1,10,1,9,30,0.45500000,17.40000000,33.32500000,0.43757578
2001-10-01T09:40:00,1,10,1,9,40,0.49966667,17.43333333,34.92166667,0.47686205
2001-10-01T09:50:00,1,10,1,9,50,0.54433333,17.46666667,36.51833333,0.51549219
2001-10-01T10:00:00,1,10,1,10,0,0.58900000,17.50000000,38.11500000,0.55346622
2001-10-01T10:10:00,1,10,1,10,10,0.61433333,17.85000000,39.35166667,0.57377648
2001-10-01T10:20:00,1,10,1,10,20,0.63966667,18.20000000,40.58833333,0.59379852
2001-10-01T10:30:00,1,10,1,10,30,0.66500000,18.55000000,41.82500000,0.61353232
2001-10-01T10:40:00,1,10,1,10,40,0.69033333,18.90000000,43.06166667,0.63297791
2001-10-01T10:50:00,1,10,1,10,50,0.71566667,19.25000000,44.29833333,0.65213527
2001-10-01T11:00:00,1,10,1,11,0,0.74100000,19.60000000,45.53500000,0.67100440
2001-10-01T11:10:00,1,10,1,11,10,0.77066667,19.75000000,46.72333333,0.69365600
2001-10-01T11:20:00,1,10,1,11,20,0.80033333,19.90000000,47.91166667,0.71598327
2001-10-01T11:30:00,1,10,1,11,30,0.83000000,20.05000000,49.10000000,0.73798620
2001-10-01T11:40:00,1,10,1,11,40,0.85966667,20.20000000,50.28833333,0.75966480
2001-10-01T11:50:00,1,10,1,11,50,0.88933333,20.35000000,51.47666667,0.78101906
2001-10-01T12:00:00,1,10,1,12,0,0.91900000,20.50000000,52.66500000,0.80204898
2001-10-01T12:10:00,1,10,1,12,10,0.83750000,20.78333333,50.09583333,0.74081830
2001-10-01T12:20:00,1,10,1,12,20,0.75600000,21.06666667,47.52666667,0.67766126
2001-10-01T12:30:00,1,10,1,12,30,0.67450000,21.35000000,44.95750000,0.61257786
2001-10-01T12:40:00,1,10,1,12,40,0.59300000,21.63333333,42.38833333,0.54556810
2001-10-01T12:50:00,1,10,1,12,50,0.51150000,21.91666667,39.81916667,0.47663198
2001-10-01T13:00:00,1,10,1,13,0,0.43000000,22.20000000,37.25000000,0.40576950
2001-10-01T13:10:00,1,10,1,13,10,0.44900000,21.66666667,37.38166667,0.42342691
2001-10-01T13:20:00,1,10,1,13,20,0.46800000,21.13333333,37.51333333,0.44106130
2001-10-01T13:30:00,1,10,1,13,30,0.48700000,20.60000000,37.64500000,0.45867267
2001-10-01T13:40:00,1,10,1,13,40,0.50600000,20.06666667,37.77666667,0.47626103
2001-10-01T13:50:00,1,10,1,13,50,0.52500000,19.53333333,37.90833333,0.49382638
2001-10-01T14:00:00,1,10,1,14,0,0.54400000,19.00000000,38.04000000,0.51136870
2001-10-01T14:10:00,1,10,1,14,10,0.52200000,19.23333333,37.50333333,0.49197700
2001-10-01T14:20:00,1,10,1,14,20,0.50000000,19.46666667,36.96666667,0.47247667
2001-10-01T14:30:00,1,10,1,14,30,0.47800000,19.70000000,36.43000000,0.45286772
2001-10-01T14:40:00,1,10,1,14,40,0.45600000,19.93333333,35.89333333,0.43315014
2001-10-01T14:50:00,1,10,1,14,50,0.43400000,20.16666667,35.35666667,0.41332395
2001-10-01T15:00:00,1,10,1,15,0,0.41200000,20.40000000,34.82000000,0.39338914
2001-10-01T15:10:00,1,10,1,15,10,0.38633333,20.11666667,33.63833333,0.37098186
2001-10-01T15:20:00,1,10,1,15,20,0.36066667,19.83333333,32.45666667,0.34829556
2001-10-01T15:30:00,1,10,1,15,30,0.33500000,19.55000000,31.27500000,0.32533022
2001-10-01T15:40:00,1,10,1,15,40,0.30933333,19.26666667,30.09333333,0.30208586
2001-10-01T15:50:00,1,10,1,15,50,0.28366667,18.98333333,28.91166667,0.27856246
2001-10-01T16:00:00,1,10,1,16,0,0.25800000,18.70000000,27.73000000,0.25476004
2001-10-01T16:10:00,1,10,1,16,10,0.22183333,18.55000000,26.31416667,0.22049231
2001-10-01T16:20:00,1,10,1,16,20,0.18566667,18.40000000,24.89833333,0.18575350
2001-10-01T16:30:00,1,10,1,16,30,0.14950000,18.25000000,23.48250000,0.15054358
2001-10-01T16:40:00,1,10,1,16,40,0.11333333,18.10000000,22.06666667,0.11486258
2001-10-01T16:50:00,1,10,1,16,50,0.07716667,17.95000000,20.65083333,0.07871048
2001-10-01T17:00:00,1,10,1,17,0,0.04100000,17.80000000,19.23500000,0.04208728
2001-10-01T17:10:00,1,10,1,17,10,0.03416667,17.68333333,18.87916667,0.03512866
2001-10-01T17:20:00,1,10,1,17,20,0.02733333,17.56666667,18.52333333,0.02814767
2001-10-01T17:30:00,1,10,1,17,30,0.02050000,17.45000000,18.16750000,0.02114430
2001-10-01T17:40:00,1,10,1,17,40,0.01366667,17.33333333,17.81166667,0.01411857
2001-10-01T17:50:00,1,10,1,17,50,0.00683333,17.21666667,17.45583333,0.00707047
2001-10-01T18:00:00,1,10,1,18,0,0.00000000,17.10000000,17.10000000,0.00000000
2001-10-01T18:10:00,1,10,1,18,10,0.00000000,16.95000000,16.95000000,0.00000000
2001-10-01T18:20:00,1,10,1,18,20,0.00000000,16.80000000,16.80000000,0.00000000
2001-10-01T18:30:00,1,10,1,18,30,0.00000000,16.65000000,16.65000000,0.00000000
2001-10-01T18:40:00,1,10,1,18,40,0.00000000,16.50000000,16.50000000,0.00000000
2001-10-01T18:50:00,1,10,1,18,50,0.00000000,16.35000000,16.35000000,0.00000000
2001-10-01T19:00:00,1,10,1,19,0,0.00000000,16.20000000,16.20000000,0.00000000
2001-10-01T19:10:00,1,10,1,19,10,0.00000000,16.08333333,16.08333333,0.00000000
2001-10-01T19:20:00,1,10,1,19,20,0.00000000,15.96666667,15.96666667,0.00000000
2001-10-01T19:30:00,1,10,1,19,30,0.00000000,15.85000000,15.85000000,0.00000000
2001-10-01T19:40:00,1,10,1,19,40,0.00000000,15.73333333,15.73333333,0.00000000
2001-10-01T19:50:00,1,10,1,19,50,0.00000000,15.61666667,15.61666667,0.00000000
2001-10-01T20:00:00,1,10,1,20,0,0.00000000,15.50000000,15.50000000,0.00000000
2001-10-01T20:10:00,1,10,1,20,10,0.00000000,15.45000000,15.45000000,0.00000000
2001-10-01T20:20:00,1,10,1,20,20,0.00000000,15.40000000,15.40000000,0.00000000
2001-10-01T20:30:00,1,10,1,20,30,0.00000000,15.35000000,15.35000000,0.00000000
2001-10-01T20:40:00,1,10,1,20,40,0.00000000,15.30000000,15.30000000,0.00000000
2001-10-01T20:50:00,1,10,1,20,50,0.00000000,15.25000000,15.25000000,0.00000000
2001-10-01T21:00:00,1,10,1,21,0,0.00000000,15.20000000,15.20000000,0.00000000
2001-10-01T21:10:00,1,10,1,21,10,0.00000000,15.05000000,15.05000000,0.00000000
2001-10-01T21:20:00,1,10,1,21,20,0.00000000,14.90000000,14.90000000,0.00000000
2001-10-01T21:30:00,1,10,1,21,30,0.00000000,14.75000000,14.75000000,0.00000000
2001-10-01T21:40:00,1,10,1,21,40,0.00000000,14.60000000,14.60000000,0.00000000
2001-10-01T21:50:00,1,10,1,21,50,0.00000000,14.45000000,14.45000000,0.00000000
2001-10-01T22:00:00,1,10,1,22,0,0.00000000,14.30000000,14.30000000,0.00000000
2001-10-01T22:10:00,1,10,1,22,10,0.00000000,14.31666667,14.31666667,0.00000000
2001-10-01T22:20:00,1,10,1,22,20,0.00000000,14.33333333,14.33333333,0.00000000
2001-10-01T22:30:00,1,10,1,22,30,0.00000000,14.35000000,14.35000000,0.00000000
2001-10-01T22:40:00,1,10,1,22,40,0.00000000,14.36666667,14.36666667,0.00000000
2001-10-01T22:50:00,1,10,1,22,50,0.00000000,14.38333333,14.38333333,0.00000000
2001-10-01T23:00:00,1,10,1,23,0,0.00000000,14.40000000,14.40000000,0.00000000
2001-10-01T23:10:00,1,10,1,23,10,0.00000000,14.30000000,14.30000000,0.00000000
2001-10-01T23:20:00,1,10,1,23,20,0.00000000,14.20000000,14.20000000,0.00000000
2001-10-01T23:30:00,1,10,1,23,30,0.00000000,14.10000000,14.10000000,0.00000000
2001-10-01T23:40:00,1,10,1,23,40,0.00000000,14.00000000,14.00000000,0.00000000
2001-10-01T23:50:00,1,10,1,23,50,0.00000000,13.90000000,13.90000000,0.00000000
2001-10-02T00:00:00,1,10,2,0,0,0.00000000,13.80000000,13.80000000,0.00000000
2001-10-02T00:10:00,1,10,2,0,10,0.00000000,13.75000000,13.75000000,0.00000000
2001-10-02T00:20:00,1,10,2,0,20,0.00000000,13.70000000,13.70000000,0.00000000
2001-10-02T00:30:00,1,10,2,0,30,0.00000000,13.65000000,13.65000000,0.00000000
2001-10-02T00:40:00,1,10,2,0,40,0.00000000,13.60000000,13.60000000,0.00000000
2001-10-02T00:50:00,1,10,2,0,50,0.00000000,13.55000000,13.55000000,0.00000000
2001-10-02T01:00:00,1,10,2,1,0,0.00000000,13.50000000,13.50000000,0.00000000
2001-10-02T01:10:00,1,10,2,1,10,0.00000000,13.48333333,13.48333333,0.00000000
2001-10-02T01:20:00,1,10,2,1,20,0.00000000,13.46666667,13.46666667,0.00000000
2001-10-02T01:30:00,1,10,2,1,30,0.00000000,13.45000000,13.45000000,0.00000000
2001-10-02T01:40:00,1,10,2,1,40,0.00000000,13.43333333,13.43333333,0.00000000
2001-10-02T01:50:00,1,10,2,1,50,0.00000000,13.41666667,13.41666667,0.00000000
2001-10-02T02:00:00,1,10,2,2,0,0.00000000,13.40000000,13.40000000,0.00000000
2001-10-02T02:10:00,1,10,2,2,10,0.00000000,13.45000000,13.45000000,0.00000000
2001-10-02T02:20:00,1,10,2,2,20,0.00000000,13.50000000,13.50000000,0.00000000
2001-10-02T02:30:00,1,10,2,2,30,0.00000000,13.55000000,13.55000000,0.00000000
2001-10-02T02:40:00,1,10,2,2,40,0.00000000,13.60000000,13.60000000,0.00000000
2001-10-02T02:50:00,1,10,2,2,50,0.00000000,13.65000000,13.65000000,0.00000000
2001-10-02T03:00:00,1,10,2,3,0,0.00000000,13.70000000,13.70000000,0.00000000
2001-10-02T03:10:00,1,10,2,3,10,0.00000000,13.55000000,13.55000000,0.00000000
2001-10-02T03:20:00,1,10,2,3,20,0.00000000,13.40000000,13.40000000,0.00000000
2001-10-02T03:30:00,1,10,2,3,30,0.00000000,13.25000000,13.25000000,0.00000000
2001-10-02T03:40:00,1,10,2,3,40,0.00000000,13.10000000,13.10000000,0.00000000
2001-10-02T03:50:00,1,10,2,3,50,0.00000000,12.95000000,12.95000000,0.00000000
2001-10-02T04:00:00,1,10,2,4,0,0.00000000,12.80000000,12.80000000,0.00000000
2001-10-02T04:10:00,1,10,2,4,10,0.00000000,12.83333333,12.83333333,0.00000000
2001-10-02T04:20:00,1,10,2,4,20,0.00000000,12.86666667,12.86666667,0.00000000
2001-10-02T04:30:00,1,10,2,4,30,0.00000000,12.90000000,12.90000000,0.00000000
2001-10-02T04:40:00,1,10,2,4,40,0.00000000,12.93333333,12.93333333,0.00000000
2001-10-02T04:50:00,1,10,2,4,50,0.00000000,12.96666667,12.96666667,0.00000000
2001-10-02T05:00:00,1,10,2,5,0,0.00000000,13.00000000,13.00000000,0.00000000
2001-10-02T05:10:00,1,10,2,5,10,0.01616667,13.00000000,13.56583333,0.01701699
2001-10-02T05:20:00,1,10,2,5,20,0.03233333,13.00000000,14.13166667,0.03394982
2001-10-02T05:30:00,1,10,2,5,30,0.04850000,13.00000000,14.69750000,0.05079849
2001-10-02T05:40:00,1,10,2,5,40,0.06466667,13.00000000,15.26333333,0.06756300
2001-10-02T05:50:00,1,10,2,5,50,0.08083333,13.00000000,15.82916667,0.08424335
2001-10-02T06:00:00,1,10,2,6,0,0.09700000,13.00000000,16.39500000,0.10083955
2001-10-02T06:10:00,1,10,2,6,10,0.12466667,13.31666667,17.68000000,0.12886444
2001-10-02T06:20:00,1,10,2,6,20,0.15233333,13.63333333,18.96500000,0.15656226
2001-10-02T06:30:00,1,10,2,6,30,0.18000000,13.95000000,20.25000000,0.18393300
2001-10-02T06:40:00,1,10,2,6,40,0.20766667,14.26666667,21.53500000,0.21097667
2001-10-02T06:50:00,1,10,2,6,50,0.23533333,14.58333333,22.82000000,0.23769326
2001-10-02T07:00:00,1,10,2,7,0,0.26300000,14.90000000,24.10500000,0.26408277
2001-10-02T07:10:00,1,10,2,7,10,0.26066667,15.21666667,24.34000000,0.26145805
2001-10-02T07:20:00,1,10,2,7,20,0.25833333,15.53333333,24.57500000,0.25883838
2001-10-02T07:30:00,1,10,2,7,30,0.25600000,15.85000000,24.81000000,0.25622374
2001-10-02T07:40:00,1,10,2,7,40,0.25366667,16.16666667,25.04500000,0.25361416
2001-10-02T07:50:00,1,10,2,7,50,0.25133333,16.48333333,25.28000000,0.25100962
2001-10-02T08:00:00,1,10,2,8,0,0.24900000,16.80000000,25.51500000,0.24841012
2001-10-02T08:10:00,1,10,2,8,10,0.26933333,16.96666667,26.39333333,0.26760709
2001-10-02T08:20:00,1,10,2,8,20,0.28966667,17.13333333,27.27166667,0.28663975
2001-10-02T08:30:00,1,10,2,8,30,0.31000000,17.30000000,28.15000000,0.30550810
2001-10-02T08:40:00,1,10,2,8,40,0.33033333,17.46666667,29.02833333,0.32421215
2001-10-02T08:50:00,1,10,2,8,50,0.35066667,17.63333333,29.90666667,0.34275189
2001-10-02T09:00:00,1,10,2,9,0,0.37100000,17.80000000,30.78500000,0.36112732
2001-10-02T09:10:00,1,10,2,9,10,0.42366667,18.08333333,32.91166667,0.40824788
2001-10-02T09:20:00,1,10,2,9,20,0.47633333,18.36666667,35.03833333,0.45433801
2001-10-02T09:30:00,1,10,2,9,30,0.52900000,18.65000000,37.16500000,0.49939769
2001-10-02T09:40:00,1,10,2,9,40,0.58166667,18.93333333,39.29166667,0.54342693
2001-10-02T09:50:00,1,10,2,9,50,0.63433333,19.21666667,41.41833333,0.58642573
2001-10-02T10:00:00,1,10,2,10,0,0.68700000,19.50000000,43.54500000,0.62839409
2001-10-02T10:10:00,1,10,2,10,10,0.73016667,20.01666667,45.57250000,0.66106844
2001-10-02T10:20:00,1,10,2,10,20,0.77333333,20.53333333,47.60000000,0.69293760
2001-10-02T10:30:00,1,10,2,10,30,0.81650000,21.05000000,49.62750000,0.72400157
2001-10-02T10:40:00,1,10,2,10,40,0.85966667,21.56666667,51.65500000,0.75426036
2001-10-02T10:50:00,1,10,2,10,50,0.90283333,22.08333333,53.68250000,0.78371395
2001-10-02T11:00:00,1,10,2,11,0,0.94600000,22.60000000,55.71000000,0.81236236
2001-10-02T11:10:00,1,10,2,11,10,0.90633333,23.20000000,54.92166667,0.78158592
2001-10-02T11:20:00,1,10,2,11,20,0.86666667,23.80000000,54.13333333,0.75052178
2001-10-02T11:30:00,1,10,2,11,30,0.82700000,24.40000000,53.34500000,0.71916995
2001-10-02T11:40:00,1,10,2,11,40,0.78733333,25.00000000,52.55666667,0.68753044
2001-10-02T11:50:00,1,10,2,11,50,0.74766667,25.60000000,51.76833333,0.65560323
2001-10-02T12:00:00,1,10,2,12,0,0.70800000,26.20000000,50.98000000,0.62338834
2001-10-02T12:10:00,1,10,2,12,10,0.68966667,25.76666667,49.90500000,0.61065638
2001-10-02T12:20:00,1,10,2,12,20,0.67133333,25.33333333,48.83000000,0.59774312
2001-10-02T12:30:00,1,10,2,12,30,0.65300000,24.90000000,47.75500000,0.58464853
2001-10-02T12:40:00,1,10,2,12,40,0.63466667,24.46666667,46.68000000,0.57137263
2001-10-02T12:50:00,1,10,2,12,50,0.61633333,24.03333333,45.60500000,0.55791541
2001-10-02T13:00:00,1,10,2,13,0,0.59800000,23.60000000,44.53000000,0.54427688
2001-10-02T13:10:00,1,10,2,13,10,0.56433333,23.38333333,43.13500000,0.51725608
2001-10-02T13:20:00,1,10,2,13,20,0.53066667,23.16666667,41.74000000,0.48980321
2001-10-02T13:30:00,1,10,2,13,30,0.49700000,22.95000000,40.34500000,0.46191826
2001-10-02T13:40:00,1,10,2,13,40,0.46333333,22.73333333,38.95000000,0.43360123
2001-10-02T13:50:00,1,10,2,13,50,0.42966667,22.51666667,37.55500000,0.40485213
2001-10-02T14:00:00,1,10,2,14,0,0.39600000,22.30000000,36.16000000,0.37567094
2001-10-02T14:10:00,1,10,2,14,10,0.36666667,21.98333333,34.81666667,0.35010922
2001-10-02T14:20:00,1,10,2,14,20,0.33733333,21.66666667,33.47333333,0.32418498
2001-10-02T14:30:00,1,10,2,14,30,0.30800000,21.35000000,32.13000000,0.29789822
2001-10-02T14:40:00,1,10,2,14,40,0.27866667,21.03333333,30.78666667,0.27124893
2001-10-02T14:50:00,1,10,2,14,50,0.24933333,20.71666667,29.44333333,0.24423713
2001-10-02T15:00:00,1,10,2,15,0,0.22000000,20.40000000,28.10000000,0.21686280
2001-10-02T15:10:00,1,10,2,15,10,0.23583333,20.10000000,28.35416667,0.23219462
2001-10-02T15:20:00,1,10,2,15,20,0.25166667,19.80000000,28.60833333,0.24748942
2001-10-02T15:30:00,1,10,2,15,30,0.26750000,19.50000000,28.86250000,0.26274719
2001-10-02T15:40:00,1,10,2,15,40,0.28333333,19.20000000,29.11666667,0.27796794
2001-10-02T15:50:00,1,10,2,15,50,0.29916667,18.90000000,29.37083333,0.29315167
2001-10-02T16:00:00,1,10,2,16,0,0.31500000,18.60000000,29.62500000,0.30829838
2001-10-02T16:10:00,1,10,2,16,10,0.27833333,18.68333333,28.42500000,0.27394819
2001-10-02T16:20:00,1,10,2,16,20,0.24166667,18.76666667,27.22500000,0.23919321
2001-10-02T16:30:00,1,10,2,16,30,0.20500000,18.85000000,26.02500000,0.20403343
2001-10-02T16:40:00,1,10,2,16,40,0.16833333,18.93333333,24.82500000,0.16846884
2001-10-02T16:50:00,1,10,2,16,50,0.13166667,19.01666667,23.62500000,0.13249946
2001-10-02T17:00:00,1,10,2,17,0,0.09500000,19.10000000,22.42500000,0.09612528
2001-10-02T17:10:00,1,10,2,17,10,0.07916667,18.66666667,21.43750000,0.08046401
2001-10-02T17:20:00,1,10,2,17,20,0.06333333,18.23333333,20.45000000,0.06465890
2001-10-02T17:30:00,1,10,2,17,30,0.04750000,17.80000000,19.46250000,0.04870994
2001-10-02T17:40:00,1,10,2,17,40,0.03166667,17.36666667,18.47500000,0.03261714
2001-10-02T17:50:00,1,10,2,17,50,0.01583333,16.93333333,17.48750000,0.01638049
2001-10-02T18:00:00,1,10,2,18,0,0.00000000,16.50000000,16.50000000,0.00000000
2001-10-02T18:10:00,1,10,2,18,10,0.00000000,16.35000000,16.35000000,0.00000000
2001-10-02T18:20:00,1,10,2,18,20,0.00000000,16.20000000,16.20000000,0.00000000
2001-10-02T18:30:00,1,10,2,18,30,0.00000000,16.05000000,16.05000000,0.00000000
2001-10-02T18:40:00,1,10,2,18,40,0.00000000,15.90000000,15.90000000,0.00000000
2001-10-02T18:50:00,1,10,2,18,50,0.00000000,15.75000000,15.75000000,0.00000000
2001-10-02T19:00:00,1,10,2,19,0,0.00000000,15.60000000,15.60000000,0.00000000
2001-10-02T19:10:00,1,10,2,19,10,0.00000000,15.45000000,15.45000000,0.00000000
2001-10-02T19:20:00,1,10,2,19,20,0.00000000,15.30000000,15.30000000,0.00000000
2001-10-02T19:30:00,1,10,2,19,30,0.00000000,15.15000000,15.15000000,0.00000000
2001-10-02T19:40:00,1,10,2,19,40,0.00000000,15.00000000,15.00000000,0.00000000
2001-10-02T19:50:00,1,10,2,19,50,0.00000000,14.85000000,14.85000000,0.00000000
2001-10-02T20:00:00,1,10,2,20,0,0.00000000,14.70000000,14.70000000,0.00000000
2001-10-02T20:10:00,1,10,2,20,10,0.00000000,14.56666667,14.56666667,0.00000000
2001-10-02T20:20:00,1,10,2,20,20,0.00000000,14.43333333,14.43333333,0.00000000
2001-10-02T20:30:00,1,10,2,20,30,0.00000000,14.30000000,14.30000000,0.00000000
2001-10-02T20:40:00,1,10,2,20,40,0.00000000,14.16666667,14.16666667,0.00000000
2001-10-02T20:50:00,1,10,2,20,50,0.00000000,14.03333333,14.03333333,0.00000000
2001-10-02T21:00:00,1,10,2,21,0,0.00000000,13.90000000,13.90000000,0.00000000
2001-10-02T21:10:00,1,10,2,21,10,0.00000000,13.83333333,13.83333333,0.00000000
2001-10-02T21:20:00,1,10,2,21,20,0.00000000,13.76666667,13.76666667,0.00000000
2001-10-02T21:30:00,1,10,2,21,30,0.00000000,13.70000000,13.70000000,0.00000000
2001-10-02T21:40:00,1,10,2,21,40,0.00000000,13.63333333,13.63333333,0.00000000
2001-10-02T21:50:00,1,10,2,21,50,0.00000000,13.56666667,13.56666667,0.00000000
2001-10-02T22:00:00,1,10,2,22,0,0.00000000,13.50000000,13.50000000,0.00000000
2001-10-02T22:10:00,1,10,2,22,10,0.00000000,13.41666667,13.41666667,0.00000000
2001-10-02T22:20:00,1,10,2,22,20,0.00000000,13.33333333,13.33333333,0.00000000
2001-10-02T22:30:00,1,10,2,22,30,0.00000000,13.25000000,13.25000000,0.00000000
2001-10-02T22:40:00,1,10,2,22,40,0.00000000,13.16666667,13.16666667,0.00000000
2001-10-02T22:50:00,1,10,2,22,50,0.00000000,13.08333333,13.08333333,0.00000000
2001-10-02T23:00:00,1,10,2,23,0,0.00000000,13.00000000,13.00000000,0.00000000
2001-10-02T23:10:00,1,10,2,23,10,0.00000000,13.30000000,13.30000000,0.00000000
2001-10-02T23:20:00,1,10,2,23,20,0.00000000,13.60000000,13.60000000,0.00000000
2001-10-02T23:30:00,1,10,2,23,30,0.00000000,13.90000000,13.90000000,0.00000000
2001-10-02T23:40:00,1,10,2,23,40,0.00000000,14.20000000,14.20000000,0.00000000
2001-10-02T23:50:00,1,10,2,23,50,0.00000000,14.50000000,14.50000000,0.00000000
2001-10-03T00:00:00,1,10,3,0,0,0.00000000,14.80000000,14.80000000,0.00000000
2001-10-03T00:10:00,1,10,3,0,10,0.00000000,14.78333333,14.78333333,0.00000000
2001-10-03T00:20:00,1,10,3,0,20,0.00000000,14.76666667,14.76666667,0.00000000
2001-10-03T00:30:00,1,10,3,0,30,0.00000000,14.75000000,14.75000000,0.00000000
2001-10-03T00:40:00,1,10,3,0,40,0.00000000,14.73333333,14.73333333,0.00000000
2001-10-03T00:50:00,1,10,3,0,50,0.00000000,14.71666667,14.71666667,0.00000000
2001-10-03T01:00:00,1,10,3,1,0,0.00000000,14.70000000,14.70000000,0.00000000
2001-10-03T01:10:00,1,10,3,1,10,0.00000000,14.66666667,14.66666667,0.00000000
2001-10-03T01:20:00,1,10,3,1,20,0.00000000,14.63333333,14.63333333,0.00000000
2001-10-03T01:30:00,1,10,3,1,30,0.00000000,14.60000000,14.60000000,0.00000000
2001-10-03T01:40:00,1,10,3,1,40,0.00000000,14.56666667,14.56666667,0.00000000
2001-10-03T01:50:00,1,10,3,1,50,0.00000000,14.53333333,14.53333333,0.00000000
2001-10-03T02:00:00,1,10,3,2,0,0.00000000,14.50000000,14.50000000,0.00000000
2001-10-03T02:10:00,1,10,3,2,10,0.00000000,14.56666667,14.56666667,0.00000000
2001-10-03T02:20:00,1,10,3,2,20,0.00000000,14.63333333,14.63333333,0.00000000
2001-10-03T02:30:00,1,10,3,2,30,0.00000000,14.70000000,14.70000000,0.00000000
2001-10-03T02:40:00,1,10,3,2,40,0.00000000,14.76666667,14.76666667,0.00000000
2001-10-03T02:50:00,1,10,3,2,50,0.00000000,14.83333333,14.83333333,0.00000000
2001-10-03T03:00:00,1,10,3,3,0,0.00000000,14.90000000,14.90000000,0.00000000
2001-10-03T03:10:00,1,10,3,3,10,0.00000000,14.91666667,14.91666667,0.00000000
2001-10-03T03:20:00,1,10,3,3,20,0.00000000,14.93333333,14.93333333,0.00000000
2001-10-03T03:30:00,1,10,3,3,30,0.00000000,14.95000000,14.95000000,0.00000000
2001-10-03T03:40:00,1,10,3,3,40,0.00000000,14.96666667,14.96666667,0.00000000
2001-10-03T03:50:00,1,10,3,3,50,0.00000000,14.98333333,14.98333333,0.00000000
2001-10-03T04:00:00,1,10,3,4,0,0.00000000,15.00000000,15.00000000,0.00000000
2001-10-03T04:10:00,1,10,3,4,10,0.00000000,14.88333333,14.88333333,0.00000000
2001-10-03T04:20:00,1,10,3,4,20,0.00000000,14.76666667,14.76666667,0.00000000
2001-10-03T04:30:00,1,10,3,4,30,0.00000000,14.65000000,14.65000000,0.00000000
2001-10-03T04:40:00,1,10,3,4,40,0.00000000,14.53333333,14.53333333,0.00000000
2001-10-03T04:50:00,1,10,3,4,50,0.00000000,14.41666667,14.41666667,0.00000000
2001-10-03T05:00:00,1,10,3,5,0,0.00000000,14.30000000,14.30000000,0.00000000
2001-10-03T05:10:00,1,10,3,5,10,0.00900000,14.38333333,14.69833333,0.00942649
2001-10-03T05:20:00,1,10,3,5,20,0.01800000,14.46666667,15.09666667,0.01882000
2001-10-03T05:30:00,1,10,3,5,30,0.02700000,14.55000000,15.49500000,0.02818052
2001-10-03T05:40:00,1,10,3,5,40,0.03600000,14.63333333,15.89333333,0.03750806
2001-10-03T05:50:00,1,10,3,5,50,0.04500000,14.71666667,16.29166667,0.04680263
2001-10-03T06:00:00,1,10,3,6,0,0.05400000,14.80000000,16.69000000,0.05606420
2001-10-03T06:10:00,1,10,3,6,10,0.04966667,14.90000000,16.63833333,0.05157703
2001-10-03T06:20:00,1,10,3,6,20,0.04533333,15.00000000,16.58666667,0.04708779
2001-10-03T06:30:00,1,10,3,6,30,0.04100000,15.10000000,16.53500000,0.04259650
2001-10-03T06:40:00,1,10,3,6,40,0.03666667,15.20000000,16.48333333,0.03810314
2001-10-03T06:50:00,1,10,3,6,50,0.03233333,15.30000000,16.43166667,0.03360773
2001-10-03T07:00:00,1,10,3,7,0,0.02800000,15.40000000,16.38000000,0.02911026
2001-10-03T07:10:00,1,10,3,7,10,0.05183333,15.55000000,17.36416667,0.05365397
2001-10-03T07:20:00,1,10,3,7,20,0.07566667,15.70000000,18.34833333,0.07798189
2001-10-03T07:30:00,1,10,3,7,30,0.09950000,15.85000000,19.33250000,0.10209401
2001-10-03T07:40:00,1,10,3,7,40,0.12333333,16.00000000,20.31666667,0.12599034
2001-10-03T07:50:00,1,10,3,7,50,0.14716667,16.15000000,21.30083333,0.14967088
2001-10-03T08:00:00,1,10,3,8,0,0.17100000,16.30000000,22.28500000,0.17313562
2001-10-03T08:10:00,1,10,3,8,10,0.15216667,16.31666667,21.64250000,0.15451680
2001-10-03T08:20:00,1,10,3,8,20,0.13333333,16.33333333,21.00000000,0.13578667
2001-10-03T08:30:00,1,10,3,8,30,0.11450000,16.35000000,20.35750000,0.11694520
2001-10-03T08:40:00,1,10,3,8,40,0.09566667,16.36666667,19.71500000,0.09799242
2001-10-03T08:50:00,1,10,3,8,50,0.07683333,16.38333333,19.07250000,0.07892831
2001-10-03T09:00:00,1,10,3,9,0,0.05800000,16.40000000,18.43000000,0.05975288
2001-10-03T09:10:00,1,10,3,9,10,0.07366667,16.41666667,18.99500000,0.07570156
2001-10-03T09:20:00,1,10,3,9,20,0.08933333,16.43333333,19.56000000,0.09156881
2001-10-03T09:30:00,1,10,3,9,30,0.10500000,16.45000000,20.12500000,0.10735462
2001-10-03T09:40:00,1,10,3,9,40,0.12066667,16.46666667,20.69000000,0.12305900
2001-10-03T09:50:00,1,10,3,9,50,0.13633333,16.48333333,21.25500000,0.13868195
2001-10-03T10:00:00,1,10,3,10,0,0.15200000,16.50000000,21.82000000,0.15422346
2001-10-03T10:10:00,1,10,3,10,10,0.17166667,16.51666667,22.52500000,0.17362109
2001-10-03T10:20:00,1,10,3,10,20,0.19133333,16.53333333,23.23000000,0.19289117
2001-10-03T10:30:00,1,10,3,10,30,0.21100000,16.55000000,23.93500000,0.21203369
2001-10-03T10:40:00,1,10,3,10,40,0.23066667,16.56666667,24.64000000,0.23104865
2001-10-03T10:50:00,1,10,3,10,50,0.25033333,16.58333333,25.34500000,0.24993605
2001-10-03T11:00:00,1,10,3,11,0,0.27000000,16.60000000,26.05000000,0.26869590
2001-10-03T11:10:00,1,10,3,11,10,0.31166667,16.73333333,27.64166667,0.30787940
2001-10-03T11:20:00,1,10,3,11,20,0.35333333,16.86666667,29.23333333,0.34645276
2001-10-03T11:30:00,1,10,3,11,30,0.39500000,17.00000000,30.82500000,0.38441598
2001-10-03T11:40:00,1,10,3,11,40,0.43666667,17.13333333,32.41666667,0.42176906
2001-10-03T11:50:00,1,10,3,11,50,0.47833333,17.26666667,34.00833333,0.45851200
2001-10-03T12:00:00,1,10,3,12,0,0.52000000,17.40000000,35.60000000,0.49464480
2001-10-03T12:10:00,1,10,3,12,10,0.47183333,17.41666667,33.93083333,0.45244955
2001-10-03T12:20:00,1,10,3,12,20,0.42366667,17.43333333,32.26166667,0.40951465
2001-10-03T12:30:00,1,10,3,12,30,0.37550000,17.45000000,30.59250000,0.36584007
2001-10-03T12:40:00,1,10,3,12,40,0.32733333,17.46666667,28.92333333,0.32142584
2001-10-03T12:50:00,1,10,3,12,50,0.27916667,17.48333333,27.25416667,0.27627194
2001-10-03T13:00:00,1,10,3,13,0,0.23100000,17.50000000,25.58500000,0.23037838
2001-10-03T13:10:00,1,10,3,13,10,0.24350000,17.55000000,26.07250000,0.24229869
2001-10-03T13:20:00,1,10,3,13,20,0.25600000,17.60000000,26.56000000,0.25416294
2001-10-03T13:30:00,1,10,3,13,30,0.26850000,17.65000000,27.04750000,0.26597113
2001-10-03T13:40:00,1,10,3,13,40,0.28100000,17.70000000,27.53500000,0.27772326
2001-10-03T13:50:00,1,10,3,13,50,0.29350000,17.75000000,28.02250000,0.28941932
2001-10-03T14:00:00,1,10,3,14,0,0.30600000,17.80000000,28.51000000,0.30105932
2001-10-03T14:10:00,1,10,3,14,10,0.29450000,17.73333333,28.04083333,0.29038058
2001-10-03T14:20:00,1,10,3,14,20,0.28300000,17.66666667,27.57166667,0.27965220
2001-10-03T14:30:00,1,10,3,14,30,0.27150000,17.60000000,27.10250000,0.26887419
2001-10-03T14:40:00,1,10,3,14,40,0.26000000,17.53333333,26.63333333,0.25804653
2001-10-03T14:50:00,1,10,3,14,50,0.24850000,17.46666667,26.16416667,0.24716924
2001-10-03T15:00:00,1,10,3,15,0,0.23700000,17.40000000,25.69500000,0.23624231
2001-10-03T15:10:00,1,10,3,15,10,0.22500000,17.53333333,25.40833333,0.22457737
2001-10-03T15:20:00,1,10,3,15,20,0.21300000,17.66666667,25.12166667,0.21288079
2001-10-03T15:30:00,1,10,3,15,30,0.20100000,17.80000000,24.83500000,0.20115256
2001-10-03T15:40:00,1,10,3,15,40,0.18900000,17.93333333,24.54833333,0.18939268
2001-10-03T15:50:00,1,10,3,15,50,0.17700000,18.06666667,24.26166667,0.17760115
2001-10-03T16:00:00,1,10,3,16,0,0.16500000,18.20000000,23.97500000,0.16577798
2001-10-03T16:10:00,1,10,3,16,10,0.13883333,18.06666667,22.92583333,0.14015797
2001-10-03T16:20:00,1,10,3,16,20,0.11266667,17.93333333,21.87666667,0.11428539
2001-10-03T16:30:00,1,10,3,16,30,0.08650000,17.80000000,20.82750000,0.08816024
2001-10-03T16:40:00,1,10,3,16,40,0.06033333,17.66666667,19.77833333,0.06178252
2001-10-03T16:50:00,1,10,3,16,50,0.03416667,17.53333333,18.72916667,0.03515223
2001-10-03T17:00:00,1,10,3,17,0,0.00800000,17.40000000,17.68000000,0.00826938
2001-10-03T17:10:00,1,10,3,17,10,0.00666667,17.51666667,17.75000000,0.00688900
2001-10-03T17:20:00,1,10,3,17,20,0.00533333,17.63333333,17.82000000,0.00550948
2001-10-03T17:30:00,1,10,3,17,30,0.00400000,17.75000000,17.89000000,0.00413082
2001-10-03T17:40:00,1,10,3,17,40,0.00266667,17.86666667,17.96000000,0.00275302
2001-10-03T17:50:00,1,10,3,17,50,0.00133333,17.98333333,18.03000000,0.00137608
2001-10-03T18:00:00,1,10,3,18,0,0.00000000,18.10000000,18.10000000,0.00000000
2001-10-03T18:10:00,1,10,3,18,10,0.00000000,18.00000000,18.00000000,0.00000000
2001-10-03T18:20:00,1,10,3,18,20,0.00000000,17.90000000,17.90000000,0.00000000
2001-10-03T18:30:00,1,10,3,18,30,0.00000000,17.80000000,17.80000000,0.00000000
2001-10-03T18:40:00,1,10,3,18,40,0.00000000,17.70000000,17.70000000,0.00000000
2001-10-03T18:50:00,1,10,3,18,50,0.00000000,17.60000000,17.60000000,0.00000000
2001-10-03T19:00:00,1,10,3,19,0,0.00000000,17.50000000,17.50000000,0.00000000
2001-10-03T19:10:00,1,10,3,19,10,0.00000000,17.48333333,17.48333333,0.00000000
2001-10-03T19:20:00,1,10,3,19,20,0.00000000,17.46666667,17.46666667,0.00000000
2001-10-03T19:30:00,1,10,3,19,30,0.00000000,17.45000000,17.45000000,0.00000000
2001-10-03T19:40:00,1,10,3,19,40,0.00000000,17.43333333,17.43333333,0.00000000
2001-10-03T19:50:00,1,10,3,19,50,0.00000000,17.41666667,17.41666667,0.00000000
2001-10-03T20:00:00,1,10,3,20,0,0.00000000,17.40000000,17.40000000,0.00000000
2001-10-03T20:10:00,1,10,3,20,10,0.00000000,17.36666667,17.36666667,0.00000000
2001-10-03T20:20:00,1,10,3,20,20,0.00000000,17.33333333,17.33333333,0.00000000
2001-10-03T20:30:00,1,10,3,20,30,0.00000000,17.30000000,17.30000000,0.00000000
2001-10-03T20:40:00,1,10,3,20,40,0.00000000,17.26666667,17.26666667,0.00000000
2001-10-03T20:50:00,1,10,3,20,50,0.00000000,17.23333333,17.23333333,0.00000000
2001-10-03T21:00:00,1,10,3,21,0,0.00000000,17.20000000,17.20000000,0.00000000
2001-10-03T21:10:00,1,10,3,21,10,0.00000000,17.30000000,17.30000000,0.00000000
2001-10-03T21:20:00,1,10,3,21,20,0.00000000,17.40000000,17.40000000,0.00000000
2001-10-03T21:30:00,1,10,3,21,30,0.00000000,17.50000000,17.50000000,0.00000000
2001-10-03T21:40:00,1,10,3,21,40,0.00000000,17.60000000,17.60000000,0.00000000
2001-10-03T21:50:00,1,10,3,21,50,0.00000000,17.70000000,17.70000000,0.00000000
2001-10-03T22:00:00,1,10,3,22,0,0.00000000,17.80000000,17.80000000,0.00000000
2001-10-03T22:10:00,1,10,3,22,10,0.00000000,17.85000000,17.85000000,0.00000000
2001-10-03T22:20:00,1,10,3,22,20,0.00000000,17.90000000,17.90000000,0.00000000
2001-10-03T22:30:00,1,10,3,22,30,0.00000000,17.95000000,17.95000000,0.00000000
2001-10-03T22:40:00,1,10,3,22,40,0.00000000,18.00000000,18.00000000,0.00000000
2001-10-03T22:50:00,1,10,3,22,50,0.00000000,18.05000000,18.05000000,0.00000000
2001-10-03T23:00:00,1,10,3,23,0,0.00000000,18.10000000,18.10000000,0.00000000
2001-10-03T23:10:00,1,10,3,23,10,0.00000000,17.73333333,17.73333333,0.00000000
2001-10-03T23:20:00,1,10,3,23,20,0.00000000,17.36666667,17.36666667,0.00000000
2001-10-03T23:30:00,1,10,3,23,30,0.00000000,17.00000000,17.00000000,0.00000000
2001-10-03T23:40:00,1,10,3,23,40,0.00000000,16.63333333,16.63333333,0.00000000
2001-10-03T23:50:00,1,10,3,23,50,0.00000000,16.26666667,16.26666667,0.00000000
2001-10-04T00:00:00,1,10,4,0,0,0.00000000,15.90000000,15.90000000,0.00000000
2001-10-04T00:10:00,1,10,4,0,10,0.00000000,15.95000000,15.95000000,0.00000000
2001-10-04T00:20:00,1,10,4,0,20,0.00000000,16.00000000,16.00000000,0.00000000
2001-10-04T00:30:00,1,10,4,0,30,0.00000000,16.05000000,16.05000000,0.00000000
2001-10-04T00:40:00,1,10,4,0,40,0.00000000,16.10000000,16.10000000,0.00000000
2001-10-04T00:50:00,1,10,4,0,50,0.00000000,16.15000000,16.15000000,0.00000000
2001-10-04T01:00:00,1,10,4,1,0,0.00000000,16.20000000,16.20000000,0.00000000
2001-10-04T01:10:00,1,10,4,1,10,0.00000000,16.18333333,16.18333333,0.00000000
2001-10-04T01:20:00,1,10,4,1,20,0.00000000,16.16666667,16.16666667,0.00000000
2001-10-04T01:30:00,1,10,4,1,30,0.00000000,16.15000000,16.15000000,0.00000000
2001-10-04T01:40:00,1,10,4,1,40,0.00000000,16.13333333,16.13333333,0.00000000
2001-10-04T01:50:00,1,10,4,1,50,0.00000000,16.11666667,16.11666667,0.00000000
2001-10-04T02:00:00,1,10,4,2,0,0.00000000,16.10000000,16.10000000,0.00000000
2001-10-04T02:10:00,1,10,4,2,10,0.00000000,16.10000000,16.10000000,0.00000000
2001-10-04T02:20:00,1,10,4,2,20,0.00000000,16.10000000,16.10000000,0.00000000
2001-10-04T02:30:00,1,10,4,2,30,0.00000000,16.10000000,16.10000000,0.00000000
2001-10-04T02:40:00,1,10,4,2,40,0.00000000,16.10000000,16.10000000,0.00000000
2001-10-04T02:50:00,1,10,4,2,50,0.00000000,16.10000000,16.10000000,0.00000000
2001-10-04T03:00:00,1,10,4,3,0,0.00000000,16.10000000,16.10000000,0.00000000
2001-10-04T03:10:00,1,10,4,3,10,0.00000000,16.08333333,16.08333333,0.00000000
2001-10-04T03:20:00,1,10,4,3,20,0.00000000,16.06666667,16.06666667,0.00000000
2001-10-04T03:30:00,1,10,4,3,30,0.00000000,16.05000000,16.05000000,0.00000000
2001-10-04T03:40:00,1,10,4,3,40,0.00000000,16.03333333,16.03333333,0.00000000
2001-10-04T03:50:00,1,10,4,3,50,0.00000000,16.01666667,16.01666667,0.00000000
2001-10-04T04:00:00,1,10,4,4,0,0.00000000,16.00000000,16.00000000,0.00000000
2001-10-04T04:10:00,1,10,4,4,10,0.00000000,15.98333333,15.98333333,0.00000000
2001-10-04T04:20:00,1,10,4,4,20,0.00000000,15.96666667,15.96666667,0.00000000
2001-10-04T04:30:00,1,10,4,4,30,0.00000000,15.95000000,15.95000000,0.00000000
2001-10-04T04:40:00,1,10,4,4,40,0.00000000,15.93333333,15.93333333,0.00000000
2001-10-04T04:50:00,1,10,4,4,50,0.00000000,15.91666667,15.91666667,0.00000000
2001-10-04T05:00:00,1,10,4,5,0,0.00000000,15.90000000,15.90000000,0.00000000
2001-10-04T05:10:00,1,10,4,5,10,0.00633333,15.86666667,16.08833333,0.00659296
2001-10-04T05:20:00,1,10,4,5,20,0.01266667,15.83333333,16.27666667,0.01317495
2001-10-04T05:30:00,1,10,4,5,30,0.01900000,15.80000000,16.46500000,0.01974596
2001-10-04T05:40:00,1,10,4,5,40,0.02533333,15.76666667,16.65333333,0.02630600
2001-10-04T05:50:00,1,10,4,5,50,0.03166667,15.73333333,16.84166667,0.03285506
2001-10-04T06:00:00,1,10,4,6,0,0.03800000,15.70000000,17.03000000,0.03939316
2001-10-04T06:10:00,1,10,4,6,10,0.05016667,15.83333333,17.58916667,0.05187684
2001-10-04T06:20:00,1,10,4,6,20,0.06233333,15.96666667,18.14833333,0.06429793
2001-10-04T06:30:00,1,10,4,6,30,0.07450000,16.10000000,18.70750000,0.07665644
2001-10-04T06:40:00,1,10,4,6,40,0.08666667,16.23333333,19.26666667,0.08895236
2001-10-04T06:50:00,1,10,4,6,50,0.09883333,16.36666667,19.82583333,0.10118568
2001-10-04T07:00:00,1,10,4,7,0,0.11100000,16.50000000,20.38500000,0.11335642
2001-10-04T07:10:00,1,10,4,7,10,0.14466667,16.76666667,21.83000000,0.14677620
2001-10-04T07:20:00,1,10,4,7,20,0.17833333,17.03333333,23.27500000,0.17974841
2001-10-04T07:30:00,1,10,4,7,30,0.21200000,17.30000000,24.72000000,0.21227306
2001-10-04T07:40:00,1,10,4,7,40,0.24566667,17.56666667,26.16500000,0.24435014
2001-10-04T07:50:00,1,10,4,7,50,0.27933333,17.83333333,27.61000000,0.27597966
2001-10-04T08:00:00,1,10,4,8,0,0.31300000,18.10000000,29.05500000,0.30716161
2001-10-04T08:10:00,1,10,4,8,10,0.36966667,18.45000000,31.38833333,0.35880352
2001-10-04T08:20:00,1,10,4,8,20,0.42633333,18.80000000,33.72166667,0.40922898
2001-10-04T08:30:00,1,10,4,8,30,0.48300000,19.15000000,36.05500000,0.45843800
2001-10-04T08:40:00,1,10,4,8,40,0.53966667,19.50000000,38.38833333,0.50643058
2001-10-04T08:50:00,1,10,4,8,50,0.59633333,19.85000000,40.72166667,0.55320671
2001-10-04T09:00:00,1,10,4,9,0,0.65300000,20.20000000,43.05500000,0.59876639
2001-10-04T09:10:00,1,10,4,9,10,0.62700000,20.58333333,42.52833333,0.57644478
2001-10-04T09:20:00,1,10,4,9,20,0.60100000,20.96666667,42.00166667,0.55399719
2001-10-04T09:30:00,1,10,4,9,30,0.57500000,21.35000000,41.47500000,0.53142362
2001-10-04T09:40:00,1,10,4,9,40,0.54900000,21.73333333,40.94833333,0.50872408
2001-10-04T09:50:00,1,10,4,9,50,0.52300000,22.11666667,40.42166667,0.48589855
2001-10-04T10:00:00,1,10,4,10,0,0.49700000,22.50000000,39.89500000,0.46294705
2001-10-04T10:10:00,1,10,4,10,10,0.51550000,22.45000000,40.49250000,0.47876263
2001-10-04T10:20:00,1,10,4,10,20,0.53400000,22.40000000,41.09000000,0.49447652
2001-10-04T10:30:00,1,10,4,10,30,0.55250000,22.35000000,41.68750000,0.51008872
2001-10-04T10:40:00,1,10,4,10,40,0.57100000,22.30000000,42.28500000,0.52559922
2001-10-04T10:50:00,1,10,4,10,50,0.58950000,22.25000000,42.88250000,0.54100802
2001-10-04T11:00:00,1,10,4,11,0,0.60800000,22.20000000,43.48000000,0.55631514
2001-10-04T11:10:00,1,10,4,11,10,0.63666667,22.38333333,44.66666667,0.57906956
2001-10-04T11:20:00,1,10,4,11,20,0.66533333,22.56666667,45.85333333,0.60151101
2001-10-04T11:30:00,1,10,4,11,30,0.69400000,22.75000000,47.04000000,0.62363950
2001-10-04T11:40:00,1,10,4,11,40,0.72266667,22.93333333,48.22666667,0.64545503
2001-10-04T11:50:00,1,10,4,11,50,0.75133333,23.11666667,49.41333333,0.66695760
2001-10-04T12:00:00,1,10,4,12,0,0.78000000,23.30000000,50.60000000,0.68814720
2001-10-04T12:10:00,1,10,4,12,10,0.75266667,23.56666667,49.91000000,0.66642160
2001-10-04T12:20:00,1,10,4,12,20,0.72533333,23.83333333,49.22000000,0.64452250
2001-10-04T12:30:00,1,10,4,12,30,0.69800000,24.10000000,48.53000000,0.62244988
2001-10-04T12:40:00,1,10,4,12,40,0.67066667,24.36666667,47.84000000,0.60020374
2001-10-04T12:50:00,1,10,4,12,50,0.64333333,24.63333333,47.15000000,0.57778410
2001-10-04T13:00:00,1,10,4,13,0,0.61600000,24.90000000,46.46000000,0.55519094
2001-10-04T13:10:00,1,10,4,13,10,0.60733333,24.71666667,45.97333333,0.54873943
2001-10-04T13:20:00,1,10,4,13,20,0.59866667,24.53333333,45.48666667,0.54224912
2001-10-04T13:30:00,1,10,4,13,30,0.59000000,24.35000000,45.00000000,0.53572000
2001-10-04T13:40:00,1,10,4,13,40,0.58133333,24.16666667,44.51333333,0.52915208
2001-10-04T13:50:00,1,10,4,13,50,0.57266667,23.98333333,44.02666667,0.52254535
2001-10-04T14:00:00,1,10,4,14,0,0.56400000,23.80000000,43.54000000,0.51589982
2001-10-04T14:10:00,1,10,4,14,10,0.52250000,23.68333333,41.97083333,0.48171060
2001-10-04T14:20:00,1,10,4,14,20,0.48100000,23.56666667,40.40166667,0.44692227
2001-10-04T14:30:00,1,10,4,14,30,0.43950000,23.45000000,38.83250000,0.41153483
2001-10-04T14:40:00,1,10,4,14,40,0.39800000,23.33333333,37.26333333,0.37554829
2001-10-04T14:50:00,1,10,4,14,50,0.35650000,23.21666667,35.69416667,0.33896264
2001-10-04T15:00:00,1,10,4,15,0,0.31500000,23.10000000,34.12500000,0.30177788
2001-10-04T15:10:00,1,10,4,15,10,0.31683333,22.75000000,33.83916667,0.30395084
2001-10-04T15:20:00,1,10,4,15,20,0.31866667,22.40000000,33.55333333,0.30612862
2001-10-04T15:30:00,1,10,4,15,30,0.32050000,22.05000000,33.26750000,0.30831122
2001-10-04T15:40:00,1,10,4,15,40,0.32233333,21.70000000,32.98166667,0.31049865
2001-10-04T15:50:00,1,10,4,15,50,0.32416667,21.35000000,32.69583333,0.31269090
2001-10-04T16:00:00,1,10,4,16,0,0.32600000,21.00000000,32.41000000,0.31488796
2001-10-04T16:10:00,1,10,4,16,10,0.27666667,20.96666667,30.65000000,0.26947610
2001-10-04T16:20:00,1,10,4,16,20,0.22733333,20.93333333,28.89000000,0.22326543
2001-10-04T16:30:00,1,10,4,16,30,0.17800000,20.90000000,27.13000000,0.17625596
2001-10-04T16:40:00,1,10,4,16,40,0.12866667,20.86666667,25.37000000,0.12844768
2001-10-04T16:50:00,1,10,4,16,50,0.07933333,20.83333333,23.61000000,0.07984059
2001-10-04T17:00:00,1,10,4,17,0,0.03000000,20.80000000,21.85000000,0.03043470
2001-10-04T17:10:00,1,10,4,17,10,0.02500000,20.38333333,21.25833333,0.02543029
2001-10-04T17:20:00,1,10,4,17,20,0.02000000,19.96666667,20.66666667,0.02039867
2001-10-04T17:30:00,1,10,4,17,30,0.01500000,19.55000000,20.07500000,0.01533982
2001-10-04T17:40:00,1,10,4,17,40,0.01000000,19.13333333,19.48333333,0.01025377
2001-10-04T17:50:00,1,10,4,17,50,0.00500000,18.71666667,18.89166667,0.00514049
2001-10-04T18:00:00,1,10,4,18,0,0.00000000,18.30000000,18.30000000,0.00000000
2001-10-04T18:10:00,1,10,4,18,10,0.00000000,18.21666667,18.21666667,0.00000000
2001-10-04T18:20:00,1,10,4,18,20,0.00000000,18.13333333,18.13333333,0.00000000
2001-10-04T18:30:00,1,10,4,18,30,0.00000000,18.05000000,18.05000000,0.00000000
2001-10-04T18:40:00,1,10,4,18,40,0.00000000,17.96666667,17.96666667,0.00000000
2001-10-04T18:50:00,1,10,4,18,50,0.00000000,17.88333333,17.88333333,0.00000000
2001-10-04T19:00:00,1,10,4,19,0,0.00000000,17.80000000,17.80000000,0.00000000
2001-10-04T19:10:00,1,10,4,19,10,0.00000000,17.70000000,17.70000000,0.00000000
2001-10-04T19:20:00,1,10,4,19,20,0.00000000,17.60000000,17.60000000,0.00000000
2001-10-04T19:30:00,1,10,4,19,30,0.00000000,17.50000000,17.50000000,0.00000000
2001-10-04T19:40:00,1,10,4,19,40,0.00000000,17.40000000,17.40000000,0.00000000
2001-10-04T19:50:00,1,10,4,19,50,0.00000000,17.30000000,17.30000000,0.00000000
2001-10-04T20:00:00,1,10,4,20,0,0.00000000,17.20000000,17.20000000,0.00000000
2001-10-04T20:10:00,1,10,4,20,10,0.00000000,17.05000000,17.05000000,0.00000000
2001-10-04T20:20:00,1,10,4,20,20,0.00000000,16.90000000,16.90000000,0.00000000
2001-10-04T20:30:00,1,10,4,20,30,0.00000000,16.75000000,16.75000000,0.00000000
2001-10-04T20:40:00,1,10,4,20,40,0.00000000,16.60000000,16.60000000,0.00000000
2001-10-04T20:50:00,1,10,4,20,50,0.00000000,16.45000000,16.45000000,0.00000000
2001-10-04T21:00:00,1,10,4,21,0,0.00000000,16.30000000,16.30000000,0.00000000
2001-10-04T21:10:00,1,10,4,21,10,0.00000000,16.20000000,16.20000000,0.00000000
2001-10-04T21:20:00,1,10,4,21,20,0.00000000,16.10000000,16.10000000,0.00000000
2001-10-04T21:30:00,1,10,4,21,30,0.00000000,16.00000000,16.00000000,0.00000000
2001-10-04T21:40:00,1,10,4,21,40,0.00000000,15.90000000,15.90000000,0.00000000
2001-10-04T21:50:00,1,10,4,21,50,0.00000000,15.80000000,15.80000000,0.00000000
2001-10-04T22:00:00,1,10,4,22,0,0.00000000,15.70000000,15.70000000,0.00000000
2001-10-04T22:10:00,1,10,4,22,10,0.00000000,15.61666667,15.61666667,0.00000000
2001-10-04T22:20:00,1,10,4,22,20,0.00000000,15.53333333,15.53333333,0.00000000
2001-10-04T22:30:00,1,10,4,22,30,0.00000000,15.45000000,15.45000000,0.00000000
2001-10-04T22:40:00,1,10,4,22,40,0.00000000,15.36666667,15.36666667,0.00000000
2001-10-04T22:50:00,1,10,4,22,50,0.00000000,15.28333333,15.28333333,0.00000000
2001-10-04T23:00:00,1,10,4,23,0,0.00000000,15.20000000,15.20000000,0.00000000
2001-10-04T23:10:00,1,10,4,23,10,0.00000000,15.23333333,15.23333333,0.00000000
2001-10-04T23:20:00,1,10,4,23,20,0.00000000,15.26666667,15.26666667,0.00000000
2001-10-04T23:30:00,1,10,4,23,30,0.00000000,15.30000000,15.30000000,0.00000000
2001-10-04T23:40:00,1,10,4,23,40,0.00000000,15.33333333,15.33333333,0.00000000
2001-10-04T23:50:00,1,10,4,23,50,0.00000000,15.36666667,15.36666667,0.00000000
2001-10-05T00:00:00,1,10,5,0,0,0.00000000,15.40000000,15.40000000,0.00000000
2001-10-05T00:10:00,1,10,5,0,10,0.00000000,15.31666667,15.31666667,0.00000000
2001-10-05T00:20:00,1,10,5,0,20,0.00000000,15.23333333,15.23333333,0.00000000
2001-10-05T00:30:00,1,10,5,0,30,0.00000000,15.15000000,15.15000000,0.00000000
2001-10-05T00:40:00,1,10,5,0,40,0.00000000,15.06666667,15.06666667,0.00000000
2001-10-05T00:50:00,1,10,5,0,50,0.00000000,14.98333333,14.98333333,0.00000000
2001-10-05T01:00:00,1,10,5,1,0,0.00000000,14.90000000,14.90000000,0.00000000
2001-10-05T01:10:00,1,10,5,1,10,0.00000000,14.83333333,14.83333333,0.00000000
2001-10-05T01:20:00,1,10,5,1,20,0.00000000,14.76666667,14.76666667,0.00000000
2001-10-05T01:30:00,1,10,5,1,30,0.00000000,14.70000000,14.70000000,0.00000000
2001-10-05T01:40:00,1,10,5,1,40,0.00000000,14.63333333,14.63333333,0.00000000
2001-10-05T01:50:00,1,10,5,1,50,0.00000000,14.56666667,14.56666667,0.00000000
2001-10-05T02:00:00,1,10,5,2,0,0.00000000,14.50000000,14.50000000,0.00000000
2001-10-05T02:10:00,1,10,5,2,10,0.00000000,14.48333333,14.48333333,0.00000000
2001-10-05T02:20:00,1,10,5,2,20,0.00000000,14.46666667,14.46666667,0.00000000
2001-10-05T02:30:00,1,10,5,2,30,0.00000000,14.45000000,14.45000000,0.00000000
2001-10-05T02:40:00,1,10,5,2,40,0.00000000,14.43333333,14.43333333,0.00000000
2001-10-05T02:50:00,1,10,5,2,50,0.00000000,14.41666667,14.41666667,0.00000000
2001-10-05T03:00:00,1,10,5,3,0,0.00000000,14.40000000,14.40000000,0.00000000
2001-10-05T03:10:00,1,10,5,3,10,0.00000000,14.40000000,14.40000000,0.00000000
2001-10-05T03:20:00,1,10,5,3,20,0.00000000,14.40000000,14.40000000,0.00000000
2001-10-05T03:30:00,1,10,5,3,30,0.00000000,14.40000000,14.40000000,0.00000000
2001-10-05T03:40:00,1,10,5,3,40,0.00000000,14.40000000,14.40000000,0.00000000
2001-10-05T03:50:00,1,10,5,3,50,0.00000000,14.40000000,14.40000000,0.00000000
2001-10-05T04:00:00,1,10,5,4,0,0.00000000,14.40000000,14.40000000,0.00000000
2001-10-05T04:10:00,1,10,5,4,10,0.00000000,14.25000000,14.25000000,0.00000000
2001-10-05T04:20:00,1,10,5,4,20,0.00000000,14.10000000,14.10000000,0.00000000
2001-10-05T04:30:00,1,10,5,4,30,0.00000000,13.95000000,13.95000000,0.00000000
2001-10-05T04:40:00,1,10,5,4,40,0.00000000,13.80000000,13.80000000,0.00000000
2001-10-05T04:50:00,1,10,5,4,50,0.00000000,13.65000000,13.65000000,0.00000000
2001-10-05T05:00:00,1,10,5,5,0,0.00000000,13.50000000,13.50000000,0.00000000
2001-10-05T05:10:00,1,10,5,5,10,0.01766667,13.50000000,14.11833333,0.01855098
2001-10-05T05:20:00,1,10,5,5,20,0.03533333,13.50000000,14.73666667,0.03700147
2001-10-05T05:30:00,1,10,5,5,30,0.05300000,13.50000000,15.35500000,0.05535145
2001-10-05T05:40:00,1,10,5,5,40,0.07066667,13.50000000,15.97333333,0.07360094
2001-10-05T05:50:00,1,10,5,5,50,0.08833333,13.50000000,16.59166667,0.09174992
2001-10-05T06:00:00,1,10,5,6,0,0.10600000,13.50000000,17.21000000,0.10979840
2001-10-05T06:10:00,1,10,5,6,10,0.11866667,13.85000000,18.00333333,0.12248591
2001-10-05T06:20:00,1,10,5,6,20,0.13133333,14.20000000,18.79666667,0.13508097
2001-10-05T06:30:00,1,10,5,6,30,0.14400000,14.55000000,19.59000000,0.14758358
2001-10-05T06:40:00,1,10,5,6,40,0.15666667,14.90000000,20.38333333,0.15999374
2001-10-05T06:50:00,1,10,5,6,50,0.16933333,15.25000000,21.17666667,0.17231146
2001-10-05T07:00:00,1,10,5,7,0,0.18200000,15.60000000,21.97000000,0.18453672
2001-10-05T07:10:00,1,10,5,7,10,0.23266667,15.95000000,24.09333333,0.23363704
2001-10-05T07:20:00,1,10,5,7,20,0.28333333,16.30000000,26.21666667,0.28174761
2001-10-05T07:30:00,1,10,5,7,30,0.33400000,16.65000000,28.34000000,0.32886842
2001-10-05T07:40:00,1,10,5,7,40,0.38466667,17.00000000,30.46333333,0.37499948
2001-10-05T07:50:00,1,10,5,7,50,0.43533333,17.35000000,32.58666667,0.42014078
2001-10-05T08:00:00,1,10,5,8,0,0.48600000,17.70000000,34.71000000,0.46429232
2001-10-05T08:10:00,1,10,5,8,10,0.52600000,18.21666667,36.62666667,0.49786812
2001-10-05T08:20:00,1,10,5,8,20,0.56600000,18.73333333,38.54333333,0.53073858
2001-10-05T08:30:00,1,10,5,8,30,0.60600000,19.25000000,40.46000000,0.56290370
2001-10-05T08:40:00,1,10,5,8,40,0.64600000,19.76666667,42.37666667,0.59436350
2001-10-05T08:50:00,1,10,5,8,50,0.68600000,20.28333333,44.29333333,0.62511796
2001-10-05T09:00:00,1,10,5,9,0,0.72600000,20.80000000,46.21000000,0.65516708
2001-10-05T09:10:00,1,10,5,9,10,0.70066667,21.38333333,45.90666667,0.63328309
2001-10-05T09:20:00,1,10,5,9,20,0.67533333,21.96666667,45.60333333,0.61132839
2001-10-05T09:30:00,1,10,5,9,30,0.65000000,22.55000000,45.30000000,0.58930300
2001-10-05T09:40:00,1,10,5,9,40,0.62466667,23.13333333,44.99666667,0.56720691
2001-10-05T09:50:00,1,10,5,9,50,0.59933333,23.71666667,44.69333333,0.54504013
2001-10-05T10:00:00,1,10,5,10,0,0.57400000,24.30000000,44.39000000,0.52280264
2001-10-05T10:10:00,1,10,5,10,10,0.61583333,23.95000000,45.50416667,0.55774845
2001-10-05T10:20:00,1,10,5,10,20,0.65766667,23.60000000,46.61833333,0.59226544
2001-10-05T10:30:00,1,10,5,10,30,0.69950000,23.25000000,47.73250000,0.62635363
2001-10-05T10:40:00,1,10,5,10,40,0.74133333,22.90000000,48.84666667,0.66001302
2001-10-05T10:50:00,1,10,5,10,50,0.78316667,22.55000000,49.96083333,0.69324360
2001-10-05T11:00:00,1,10,5,11,0,0.82500000,22.20000000,51.07500000,0.72604537
2001-10-05T11:10:00,1,10,5,11,10,0.78150000,22.68333333,50.03583333,0.69149868
2001-10-05T11:20:00,1,10,5,11,20,0.73800000,23.16666667,48.99666667,0.65653612
2001-10-05T11:30:00,1,10,5,11,30,0.69450000,23.65000000,47.95750000,0.62115767
2001-10-05T11:40:00,1,10,5,11,40,0.65100000,24.13333333,46.91833333,0.58536336
2001-10-05T11:50:00,1,10,5,11,50,0.60750000,24.61666667,45.87916667,0.54915317
2001-10-05T12:00:00,1,10,5,12,0,0.56400000,25.10000000,44.84000000,0.51252710
2001-10-05T12:10:00,1,10,5,12,10,0.56750000,24.73333333,44.59583333,0.51634508
2001-10-05T12:20:00,1,10,5,12,20,0.57100000,24.36666667,44.35166667,0.52017091
2001-10-05T12:30:00,1,10,5,12,30,0.57450000,24.00000000,44.10750000,0.52400461
2001-10-05T12:40:00,1,10,5,12,40,0.57800000,23.63333333,43.86333333,0.52784617
2001-10-05T12:50:00,1,10,5,12,50,0.58150000,23.26666667,43.61916667,0.53169559
2001-10-05T13:00:00,1,10,5,13,0,0.58500000,22.90000000,43.37500000,0.53555288
2001-10-05T13:10:00,1,10,5,13,10,0.58233333,22.98333333,43.36500000,0.53313840
2001-10-05T13:20:00,1,10,5,13,20,0.57966667,23.06666667,43.35500000,0.53072367
2001-10-05T13:30:00,1,10,5,13,30,0.57700000,23.15000000,43.34500000,0.52830870
2001-10-05T13:40:00,1,10,5,13,40,0.57433333,23.23333333,43.33500000,0.52589349
2001-10-05T13:50:00,1,10,5,13,50,0.57166667,23.31666667,43.32500000,0.52347802
2001-10-05T14:00:00,1,10,5,14,0,0.56900000,23.40000000,43.31500000,0.52106232
2001-10-05T14:10:00,1,10,5,14,10,0.55433333,23.36666667,42.76833333,0.50902527
2001-10-05T14:20:00,1,10,5,14,20,0.53966667,23.33333333,42.22166667,0.49691445
2001-10-05T14:30:00,1,10,5,14,30,0.52500000,23.30000000,41.67500000,0.48472987
2001-10-05T14:40:00,1,10,5,14,40,0.51033333,23.26666667,41.12833333,0.47247153
2001-10-05T14:50:00,1,10,5,14,50,0.49566667,23.23333333,40.58166667,0.46013943
2001-10-05T15:00:00,1,10,5,15,0,0.48100000,23.20000000,40.03500000,0.44773356
2001-10-05T15:10:00,1,10,5,15,10,0.44500000,22.96666667,38.54166667,0.41728021
2001-10-05T15:20:00,1,10,5,15,20,0.40900000,22.73333333,37.04833333,0.38633227
2001-10-05T15:30:00,1,10,5,15,30,0.37300000,22.50000000,35.55500000,0.35488973
2001-10-05T15:40:00,1,10,5,15,40,0.33700000,22.26666667,34.06166667,0.32295260
2001-10-05T15:50:00,1,10,5,15,50,0.30100000,22.03333333,32.56833333,0.29052089
2001-10-05T16:00:00,1,10,5,16,0,0.26500000,21.80000000,31.07500000,0.25759457
2001-10-05T16:10:00,1,10,5,16,10,0.23733333,21.35000000,29.65666667,0.23224950
2001-10-05T16:20:00,1,10,5,16,20,0.20966667,20.90000000,28.23833333,0.20654340
2001-10-05T16:30:00,1,10,5,16,30,0.18200000,20.45000000,26.82000000,0.18047630
2001-10-05T16:40:00,1,10,5,16,40,0.15433333,20.00000000,25.40166667,0.15404818
2001-10-05T16:50:00,1,10,5,16,50,0.12666667,19.55000000,23.98333333,0.12725904
2001-10-05T17:00:00,1,10,5,17,0,0.09900000,19.10000000,22.56500000,0.10010890
2001-10-05T17:10:00,1,10,5,17,10,0.08250000,18.76666667,21.65416667,0.08376974
2001-10-05T17:20:00,1,10,5,17,20,0.06600000,18.43333333,20.74333333,0.06729232
2001-10-05T17:30:00,1,10,5,17,30,0.04950000,18.10000000,19.83250000,0.05067664
2001-10-05T17:40:00,1,10,5,17,40,0.03300000,17.76666667,18.92166667,0.03392269
2001-10-05T17:50:00,1,10,5,17,50,0.01650000,17.43333333,18.01083333,0.01703048
2001-10-05T18:00:00,1,10,5,18,0,0.00000000,17.10000000,17.10000000,0.00000000
2001-10-05T18:10:00,1,10,5,18,10,0.00000000,16.71666667,16.71666667,0.00000000
2001-10-05T18:20:00,1,10,5,18,20,0.00000000,16.33333333,16.33333333,0.00000000
2001-10-05T18:30:00,1,10,5,18,30,0.00000000,15.95000000,15.95000000,0.00000000
2001-10-05T18:40:00,1,10,5,18,40,0.00000000,15.56666667,15.56666667,0.00000000
2001-10-05T18:50:00,1,10,5,18,50,0.00000000,15.18333333,15.18333333,0.00000000
2001-10-05T19:00:00,1,10,5,19,0,0.00000000,14.80000000,14.80000000,0.00000000
2001-10-05T19:10:00,1,10,5,19,10,0.00000000,14.73333333,14.73333333,0.00000000
2001-10-05T19:20:00,1,10,5,19,20,0.00000000,14.66666667,14.66666667,0.00000000
2001-10-05T19:30:00,1,10,5,19,30,0.00000000,14.60000000,14.60000000,0.00000000
2001-10-05T19:40:00,1,10,5,19,40,0.00000000,14.53333333,14.53333333,0.00000000
2001-10-05T19:50:00,1,10,5,19,50,0.00000000,14.46666667,14.46666667,0.00000000
2001-10-05T20:00:00,1,10,5,20,0,0.00000000,14.40000000,14.40000000,0.00000000
2001-10-05T20:10:00,1,10,5,20,10,0.00000000,14.41666667,14.41666667,0.00000000
2001-10-05T20:20:00,1,10,5,20,20,0.00000000,14.43333333,14.43333333,0.00000000
2001-10-05T20:30:00,1,10,5,20,30,0.00000000,14.45000000,14.45000000,0.00000000
2001-10-05T20:40:00,1,10,5,20,40,0.00000000,14.46666667,14.46666667,0.00000000
2001-10-05T20:50:00,1,10,5,20,50,0.00000000,14.48333333,14.48333333,0.00000000
2001-10-05T21:00:00,1,10,5,21,0,0.00000000,14.50000000,14.50000000,0.00000000
2001-10-05T21:10:00,1,10,5,21,10,0.00000000,14.25000000,14.25000000,0.00000000
2001-10-05T21:20:00,1,10,5,21,20,0.00000000,14.00000000,14.00000000,0.00000000
2001-10-05T21:30:00,1,10,5,21,30,0.00000000,13.75000000,13.75000000,0.00000000
2001-10-05T21:40:00,1,10,5,21,40,0.00000000,13.50000000,13.50000000,0.00000000
2001-10-05T21:50:00,1,10,5,21,50,0.00000000,13.25000000,13.25000000,0.00000000
2001-10-05T22:00:00,1,10,5,22,0,0.00000000,13.00000000,13.00000000,0.00000000
2001-10-05T22:10:00,1,10,5,22,10,0.00000000,13.01666667,13.01666667,0.00000000
2001-10-05T22:20:00,1,10,5,22,20,0.00000000,13.03333333,13.03333333,0.00000000
2001-10-05T22:30:00,1,10,5,22,30,0.00000000,13.05000000,13.05000000,0.00000000
2001-10-05T22:40:00,1,10,5,22,40,0.00000000,13.06666667,13.06666667,0.00000000
2001-10-05T22:50:00,1,10,5,22,50,0.00000000,13.08333333,13.08333333,0.00000000
2001-10-05T23:00:00,1,10,5,23,0,0.00000000,13.10000000,13.10000000,0.00000000
2001-10-05T23:10:00,1,10,5,23,10,0.00000000,12.96666667,12.96666667,0.00000000
2001-10-05T23:20:00,1,10,5,23,20,0.00000000,12.83333333,12.83333333,0.00000000
2001-10-05T23:30:00,1,10,5,23,30,0.00000000,12.70000000,12.70000000,0.00000000
2001-10-05T23:40:00,1,10,5,23,40,0.00000000,12.56666667,12.56666667,0.00000000
2001-10-05T23:50:00,1,10,5,23,50,0.00000000,12.43333333,12.43333333,0.00000000
2001-10-06T00:00:00,1,10,6,0,0,0.00000000,12.30000000,12.30000000,0.00000000
2001-10-06T00:10:00,1,10,6,0,10,0.00000000,12.41666667,12.41666667,0.00000000
2001-10-06T00:20:00,1,10,6,0,20,0.00000000,12.53333333,12.53333333,0.00000000
2001-10-06T00:30:00,1,10,6,0,30,0.00000000,12.65000000,12.65000000,0.00000000
2001-10-06T00:40:00,1,10,6,0,40,0.00000000,12.76666667,12.76666667,0.00000000
2001-10-06T00:50:00,1,10,6,0,50,0.00000000,12.88333333,12.88333333,0.00000000
2001-10-06T01:00:00,1,10,6,1,0,0.00000000,13.00000000,13.00000000,0.00000000
2001-10-06T01:10:00,1,10,6,1,10,0.00000000,12.83333333,12.83333333,0.00000000
2001-10-06T01:20:00,1,10,6,1,20,0.00000000,12.66666667,12.66666667,0.00000000
2001-10-06T01:30:00,1,10,6,1,30,0.00000000,12.50000000,12.50000000,0.00000000
2001-10-06T01:40:00,1,10,6,1,40,0.00000000,12.33333333,12.33333333,0.00000000
2001-10-06T01:50:00,1,10,6,1,50,0.00000000,12.16666667,12.16666667,0.00000000
2001-10-06T02:00:00,1,10,6,2,0,0.00000000,12.00000000,12.00000000,0.00000000
2001-10-06T02:10:00,1,10,6,2,10,0.00000000,12.06666667,12.06666667,0.00000000
2001-10-06T02:20:00,1,10,6,2,20,0.00000000,12.13333333,12.13333333,0.00000000
2001-10-06T02:30:00,1,10,6,2,30,0.00000000,12.20000000,12.20000000,0.00000000
2001-10-06T02:40:00,1,10,6,2,40,0.00000000,12.26666667,12.26666667,0.00000000
2001-10-06T02:50:00,1,10,6,2,50,0.00000000,12.33333333,12.33333333,0.00000000
2001-10-06T03:00:00,1,10,6,3,0,0.00000000,12.40000000,12.40000000,0.00000000
2001-10-06T03:10:00,1,10,6,3,10,0.00000000,12.33333333,12.33333333,0.00000000
2001-10-06T03:20:00,1,10,6,3,20,0.00000000,12.26666667,12.26666667,0.00000000
2001-10-06T03:30:00,1,10,6,3,30,0.00000000,12.20000000,12.20000000,0.00000000
2001-10-06T03:40:00,1,10,6,3,40,0.00000000,12.13333333,12.13333333,0.00000000
2001-10-06T03:50:00,1,10,6,3,50,0.00000000,12.06666667,12.06666667,0.00000000
2001-10-06T04:00:00,1,10,6,4,0,0.00000000,12.00000000,12.00000000,0.00000000
2001-10-06T04:10:00,1,10,6,4,10,0.00000000,12.08333333,12.08333333,0.00000000
2001-10-06T04:20:00,1,10,6,4,20,0.00000000,12.16666667,12.16666667,0.00000000
2001-10-06T04:30:00,1,10,6,4,30,0.00000000,12.25000000,12.25000000,0.00000000
2001-10-06T04:40:00,1,10,6,4,40,0.00000000,12.33333333,12.33333333,0.00000000
2001-10-06T04:50:00,1,10,6,4,50,0.00000000,12.41666667,12.41666667,0.00000000
2001-10-06T05:00:00,1,10,6,5,0,0.00000000,12.50000000,12.50000000,0.00000000
2001-10-06T05:10:00,1,10,6,5,10,0.01166667,12.43333333,12.84166667,0.01231916
2001-10-06T05:20:00,1,10,6,5,20,0.02333333,12.36666667,13.18333333,0.02460166
2001-10-06T05:30:00,1,10,6,5,30,0.03500000,12.30000000,13.52500000,0.03684748
2001-10-06T05:40:00,1,10,6,5,40,0.04666667,12.23333333,13.86666667,0.04905662
2001-10-06T05:50:00,1,10,6,5,50,0.05833333,12.16666667,14.20833333,0.06122910
2001-10-06T06:00:00,1,10,6,6,0,0.07000000,12.10000000,14.55000000,0.07336490
2001-10-06T06:10:00,1,10,6,6,10,0.11083333,12.46666667,16.34583333,0.11524552
2001-10-06T06:20:00,1,10,6,6,20,0.15166667,12.83333333,18.14166667,0.15645150
2001-10-06T06:30:00,1,10,6,6,30,0.19250000,13.20000000,19.93750000,0.19698284
2001-10-06T06:40:00,1,10,6,6,40,0.23333333,13.56666667,21.73333333,0.23683956
2001-10-06T06:50:00,1,10,6,6,50,0.27416667,13.93333333,23.52916667,0.27602163
2001-10-06T07:00:00,1,10,6,7,0,0.31500000,14.30000000,25.32500000,0.31452907
2001-10-06T07:10:00,1,10,6,7,10,0.35616667,14.56666667,27.03250000,0.35283669
2001-10-06T07:20:00,1,10,6,7,20,0.39733333,14.83333333,28.74000000,0.39049761
2001-10-06T07:30:00,1,10,6,7,30,0.43850000,15.10000000,30.44750000,0.42751185
2001-10-06T07:40:00,1,10,6,7,40,0.47966667,15.36666667,32.15500000,0.46387940
2001-10-06T07:50:00,1,10,6,7,50,0.52083333,15.63333333,33.86250000,0.49960026
2001-10-06T08:00:00,1,10,6,8,0,0.56200000,15.90000000,35.57000000,0.53467444
2001-10-06T08:10:00,1,10,6,8,10,0.56383333,16.15000000,35.88416667,0.53560380
2001-10-06T08:20:00,1,10,6,8,20,0.56566667,16.40000000,36.19833333,0.53652786
2001-10-06T08:30:00,1,10,6,8,30,0.56750000,16.65000000,36.51250000,0.53744662
2001-10-06T08:40:00,1,10,6,8,40,0.56933333,16.90000000,36.82666667,0.53836008
2001-10-06T08:50:00,1,10,6,8,50,0.57116667,17.15000000,37.14083333,0.53926825
2001-10-06T09:00:00,1,10,6,9,0,0.57300000,17.40000000,37.45500000,0.54017111
2001-10-06T09:10:00,1,10,6,9,10,0.60366667,17.48333333,38.61166667,0.56586888
2001-10-06T09:20:00,1,10,6,9,20,0.63433333,17.56666667,39.76833333,0.59124032
2001-10-06T09:30:00,1,10,6,9,30,0.66500000,17.65000000,40.92500000,0.61628543
2001-10-06T09:40:00,1,10,6,9,40,0.69566667,17.73333333,42.08166667,0.64100419
2001-10-06T09:50:00,1,10,6,9,50,0.72633333,17.81666667,43.23833333,0.66539663
2001-10-06T10:00:00,1,10,6,10,0,0.75700000,17.90000000,44.39500000,0.68946273
2001-10-06T10:10:00,1,10,6,10,10,0.77283333,18.13333333,45.18250000,0.70108387
2001-10-06T10:20:00,1,10,6,10,20,0.78866667,18.36666667,45.97000000,0.71259030
2001-10-06T10:30:00,1,10,6,10,30,0.80450000,18.60000000,46.75750000,0.72398202
2001-10-06T10:40:00,1,10,6,10,40,0.82033333,18.83333333,47.54500000,0.73525902
2001-10-06T10:50:00,1,10,6,10,50,0.83616667,19.06666667,48.33250000,0.74642132
2001-10-06T11:00:00,1,10,6,11,0,0.85200000,19.30000000,49.12000000,0.75746890
2001-10-06T11:10:00,1,10,6,11,10,0.86633333,19.46666667,49.78833333,0.76754852
2001-10-06T11:20:00,1,10,6,11,20,0.88066667,19.63333333,50.45666667,0.77754001
2001-10-06T11:30:00,1,10,6,11,30,0.89500000,19.80000000,51.12500000,0.78744337
2001-10-06T11:40:00,1,10,6,11,40,0.90933333,19.96666667,51.79333333,0.79725861
2001-10-06T11:50:00,1,10,6,11,50,0.92366667,20.13333333,52.46166667,0.80698571
2001-10-06T12:00:00,1,10,6,12,0,0.93800000,20.30000000,53.13000000,0.81662468
2001-10-06T12:10:00,1,10,6,12,10,0.93633333,20.41666667,53.18833333,0.81492242
2001-10-06T12:20:00,1,10,6,12,20,0.93466667,20.53333333,53.24666667,0.81322106
2001-10-06T12:30:00,1,10,6,12,30,0.93300000,20.65000000,53.30500000,0.81152060
2001-10-06T12:40:00,1,10,6,12,40,0.93133333,20.76666667,53.36333333,0.80982103
2001-10-06T12:50:00,1,10,6,12,50,0.92966667,20.88333333,53.42166667,0.80812236
2001-10-06T13:00:00,1,10,6,13,0,0.92800000,21.00000000,53.48000000,0.80642458
2001-10-06T13:10:00,1,10,6,13,10,0.89033333,21.00000000,52.16166667,0.77909182
2001-10-06T13:20:00,1,10,6,13,20,0.85266667,21.00000000,50.84333333,0.75130222
2001-10-06T13:30:00,1,10,6,13,30,0.81500000,21.00000000,49.52500000,0.72305578
2001-10-06T13:40:00,1,10,6,13,40,0.77733333,21.00000000,48.20666667,0.69435248
2001-10-06T13:50:00,1,10,6,13,50,0.73966667,21.00000000,46.88833333,0.66519234
2001-10-06T14:00:00,1,10,6,14,0,0.70200000,21.00000000,45.57000000,0.63557536
2001-10-06T14:10:00,1,10,6,14,10,0.67483333,20.86666667,44.48583333,0.61434476
2001-10-06T14:20:00,1,10,6,14,20,0.64766667,20.73333333,43.40166667,0.59284319
2001-10-06T14:30:00,1,10,6,14,30,0.62050000,20.60000000,42.31750000,0.57107066
2001-10-06T14:40:00,1,10,6,14,40,0.59333333,20.46666667,41.23333333,0.54902716
2001-10-06T14:50:00,1,10,6,14,50,0.56616667,20.33333333,40.14916667,0.52671268
2001-10-06T15:00:00,1,10,6,15,0,0.53900000,20.20000000,39.06500000,0.50412724
2001-10-06T15:10:00,1,10,6,15,10,0.48900000,20.06666667,37.18166667,0.46159856
2001-10-06T15:20:00,1,10,6,15,20,0.43900000,19.93333333,35.29833333,0.41820355
2001-10-06T15:30:00,1,10,6,15,30,0.38900000,19.80000000,33.41500000,0.37394220
2001-10-06T15:40:00,1,10,6,15,40,0.33900000,19.66666667,31.53166667,0.32881452
2001-10-06T15:50:00,1,10,6,15,50,0.28900000,19.53333333,29.64833333,0.28282051
2001-10-06T16:00:00,1,10,6,16,0,0.23900000,19.40000000,27.76500000,0.23596016
2001-10-06T16:10:00,1,10,6,16,10,0.21850000,19.28333333,26.93083333,0.21655932
2001-10-06T16:20:00,1,10,6,16,20,0.19800000,19.16666667,26.09666667,0.19700116
2001-10-06T16:30:00,1,10,6,16,30,0.17750000,19.05000000,25.26250000,0.17728567
2001-10-06T16:40:00,1,10,6,16,40,0.15700000,18.93333333,24.42833333,0.15741286
2001-10-06T16:50:00,1,10,6,16,50,0.13650000,18.81666667,23.59416667,0.13738272
2001-10-06T17:00:00,1,10,6,17,0,0.11600000,18.70000000,22.76000000,0.11719526
2001-10-06T17:10:00,1,10,6,17,10,0.09666667,18.50000000,21.88333333,0.09805254
2001-10-06T17:20:00,1,10,6,17,20,0.07733333,18.30000000,21.00666667,0.07875390
2001-10-06T17:30:00,1,10,6,17,30,0.05800000,18.10000000,20.13000000,0.05929932
2001-10-06T17:40:00,1,10,6,17,40,0.03866667,17.90000000,19.25333333,0.03968881
2001-10-06T17:50:00,1,10,6,17,50,0.01933333,17.70000000,18.37666667,0.01992237
2001-10-06T18:00:00,1,10,6,18,0,0.00000000,17.50000000,17.50000000,0.00000000
2001-10-06T18:10:00,1,10,6,18,10,0.00000000,17.36666667,17.36666667,0.00000000
2001-10-06T18:20:00,1,10,6,18,20,0.00000000,17.23333333,17.23333333,0.00000000
2001-10-06T18:30:00,1,10,6,18,30,0.00000000,17.10000000,17.10000000,0.00000000
2001-10-06T18:40:00,1,10,6,18,40,0.00000000,16.96666667,16.96666667,0.00000000
2001-10-06T18:50:00,1,10,6,18,50,0.00000000,16.83333333,16.83333333,0.00000000
2001-10-06T19:00:00,1,10,6,19,0,0.00000000,16.70000000,16.70000000,0.00000000
2001-10-06T19:10:00,1,10,6,19,10,0.00000000,16.66666667,16.66666667,0.00000000
2001-10-06T19:20:00,1,10,6,19,20,0.00000000,16.63333333,16.63333333,0.00000000
2001-10-06T19:30:00,1,10,6,19,30,0.00000000,16.60000000,16.60000000,0.00000000
2001-10-06T19:40:00,1,10,6,19,40,0.00000000,16.56666667,16.56666667,0.00000000
2001-10-06T19:50:00,1,10,6,19,50,0.00000000,16.53333333,16.53333333,0.00000000
2001-10-06T20:00:00,1,10,6,20,0,0.00000000,16.50000000,16.50000000,0.00000000
2001-10-06T20:10:00,1,10,6,20,10,0.00000000,16.48333333,16.48333333,0.00000000
2001-10-06T20:20:00,1,10,6,20,20,0.00000000,16.46666667,16.46666667,0.00000000
2001-10-06T20:30:00,1,10,6,20,30,0.00000000,16.45000000,16.45000000,0.00000000
2001-10-06T20:40:00,1,10,6,20,40,0.00000000,16.43333333,16.43333333,0.00000000
2001-10-06T20:50:00,1,10,6,20,50,0.00000000,16.41666667,16.41666667,0.00000000
2001-10-06T21:00:00,1,10,6,21,0,0.00000000,16.40000000,16.40000000,0.00000000
2001-10-06T21:10:00,1,10,6,21,10,0.00000000,16.35000000,16.35000000,0.00000000
2001-10-06T21:20:00,1,10,6,21,20,0.00000000,16.30000000,16.30000000,0.00000000
2001-10-06T21:30:00,1,10,6,21,30,0.00000000,16.25000000,16.25000000,0.00000000
2001-10-06T21:40:00,1,10,6,21,40,0.00000000,16.20000000,16.20000000,0.00000000
2001-10-06T21:50:00,1,10,6,21,50,0.00000000,16.15000000,16.15000000,0.00000000
2001-10-06T22:00:00,1,10,6,22,0,0.00000000,16.10000000,16.10000000,0.00000000
2001-10-06T22:10:00,1,10,6,22,10,0.00000000,16.00000000,16.00000000,0.00000000
2001-10-06T22:20:00,1,10,6,22,20,0.00000000,15.90000000,15.90000000,0.00000000
2001-10-06T22:30:00,1,10,6,22,30,0.00000000,15.80000000,15.80000000,0.00000000
2001-10-06T22:40:00,1,10,6,22,40,0.00000000,15.70000000,15.70000000,0.00000000
2001-10-06T22:50:00,1,10,6,22,50,0.00000000,15.60000000,15.60000000,0.00000000
2001-10-06T23:00:00,1,10,6,23,0,0.00000000,15.50000000,15.50000000,0.00000000
2001-10-06T23:10:00,1,10,6,23,10,0.00000000,15.46666667,15.46666667,0.00000000
2001-10-06T23:20:00,1,10,6,23,20,0.00000000,15.43333333,15.43333333,0.00000000
2001-10-06T23:30:00,1,10,6,23,30,0.00000000,15.40000000,15.40000000,0.00000000
2001-10-06T23:40:00,1,10,6,23,40,0.00000000,15.36666667,15.36666667,0.00000000
2001-10-06T23:50:00,1,10,6,23,50,0.00000000,15.33333333,15.33333333,0.00000000
2001-10-07T00:00:00,1,10,7,0,0,0.00000000,15.30000000,15.30000000,0.00000000
2001-10-07T00:10:00,1,10,7,0,10,0.00000000,15.13333333,15.13333333,0.00000000
2001-10-07T00:20:00,1,10,7,0,20,0.00000000,14.96666667,14.96666667,0.00000000
2001-10-07T00:30:00,1,10,7,0,30,0.00000000,14.80000000,14.80000000,0.00000000
2001-10-07T00:40:00,1,10,7,0,40,0.00000000,14.63333333,14.63333333,0.00000000
2001-10-07T00:50:00,1,10,7,0,50,0.00000000,14.46666667,14.46666667,0.00000000
2001-10-07T01:00:00,1,10,7,1,0,0.00000000,14.30000000,14.30000000,0.00000000
2001-10-07T01:10:00,1,10,7,1,10,0.00000000,14.36666667,14.36666667,0.00000000
2001-10-07T01:20:00,1,10,7,1,20,0.00000000,14.43333333,14.43333333,0.00000000
2001-10-07T01:30:00,1,10,7,1,30,0.00000000,14.50000000,14.50000000,0.00000000
2001-10-07T01:40:00,1,10,7,1,40,0.00000000,14.56666667,14.56666667,0.00000000
2001-10-07T01:50:00,1,10,7,1,50,0.00000000,14.63333333,14.63333333,0.00000000
2001-10-07T02:00:00,1,10,7,2,0,0.00000000,14.70000000,14.70000000,0.00000000
2001-10-07T02:10:00,1,10,7,2,10,0.00000000,14.58333333,14.58333333,0.00000000
2001-10-07T02:20:00,1,10,7,2,20,0.00000000,14.46666667,14.46666667,0.00000000
2001-10-07T02:30:00,1,10,7,2,30,0.00000000,14.35000000,14.35000000,0.00000000
2001-10-07T02:40:00,1,10,7,2,40,0.00000000,14.23333333,14.23333333,0.00000000
2001-10-07T02:50:00,1,10,7,2,50,0.00000000,14.11666667,14.11666667,0.00000000
2001-10-07T03:00:00,1,10,7,3,0,0.00000000,14.00000000,14.00000000,0.00000000
2001-10-07T03:10:00,1,10,7,3,10,0.00000000,14.00000000,14.00000000,0.00000000
2001-10-07T03:20:00,1,10,7,3,20,0.00000000,14.00000000,14.00000000,0.00000000
2001-10-07T03:30:00,1,10,7,3,30,0.00000000,14.00000000,14.00000000,0.00000000
2001-10-07T03:40:00,1,10,7,3,40,0.00000000,14.00000000,14.00000000,0.00000000
2001-10-07T03:50:00,1,10,7,3,50,0.00000000,14.00000000,14.00000000,0.00000000
2001-10-07T04:00:00,1,10,7,4,0,0.00000000,14.00000000,14.00000000,0.00000000
2001-10-07T04:10:00,1,10,7,4,10,0.00000000,13.93333333,13.93333333,0.00000000
2001-10-07T04:20:00,1,10,7,4,20,0.00000000,13.86666667,13.86666667,0.00000000
2001-10-07T04:30:00,1,10,7,4,30,0.00000000,13.80000000,13.80000000,0.00000000
2001-10-07T04:40:00,1,10,7,4,40,0.00000000,13.73333333,13.73333333,0.00000000
2001-10-07T04:50:00,1,10,7,4,50,0.00000000,13.66666667,13.66666667,0.00000000
2001-10-07T05:00:00,1,10,7,5,0,0.00000000,13.60000000,13.60000000,0.00000000
2001-10-07T05:10:00,1,10,7,5,10,0.01250000,13.70000000,14.13750000,0.01312459
2001-10-07T05:20:00,1,10,7,5,20,0.02500000,13.80000000,14.67500000,0.02618737
2001-10-07T05:30:00,1,10,7,5,30,0.03750000,13.90000000,15.21250000,0.03918834
2001-10-07T05:40:00,1,10,7,5,40,0.05000000,14.00000000,15.75000000,0.05212750
2001-10-07T05:50:00,1,10,7,5,50,0.06250000,14.10000000,16.28750000,0.06500484
2001-10-07T06:00:00,1,10,7,6,0,0.07500000,14.20000000,16.82500000,0.07782038
2001-10-07T06:10:00,1,10,7,6,10,0.12066667,14.55000000,18.77333333,0.12412288
2001-10-07T06:20:00,1,10,7,6,20,0.16633333,14.90000000,20.72166667,0.16960683
2001-10-07T06:30:00,1,10,7,6,30,0.21200000,15.25000000,22.67000000,0.21427222
2001-10-07T06:40:00,1,10,7,6,40,0.25766667,15.60000000,24.61833333,0.25811904
2001-10-07T06:50:00,1,10,7,6,50,0.30333333,15.95000000,26.56666667,0.30114731
2001-10-07T07:00:00,1,10,7,7,0,0.34900000,16.30000000,28.51500000,0.34335702
2001-10-07T07:10:00,1,10,7,7,10,0.39016667,16.71666667,30.37250000,0.38052428
2001-10-07T07:20:00,1,10,7,7,20,0.43133333,17.13333333,32.23000000,0.41698805
2001-10-07T07:30:00,1,10,7,7,30,0.47250000,17.55000000,34.08750000,0.45274832
2001-10-07T07:40:00,1,10,7,7,40,0.51366667,17.96666667,35.94500000,0.48780509
2001-10-07T07:50:00,1,10,7,7,50,0.55483333,18.38333333,37.80250000,0.52215837
2001-10-07T08:00:00,1,10,7,8,0,0.59600000,18.80000000,39.66000000,0.55580814
2001-10-07T08:10:00,1,10,7,8,10,0.59933333,19.18333333,40.16000000,0.55753822
2001-10-07T08:20:00,1,10,7,8,20,0.60266667,19.56666667,40.66000000,0.55925297
2001-10-07T08:30:00,1,10,7,8,30,0.60600000,19.95000000,41.16000000,0.56095238
2001-10-07T08:40:00,1,10,7,8,40,0.60933333,20.33333333,41.66000000,0.56263646
2001-10-07T08:50:00,1,10,7,8,50,0.61266667,20.71666667,42.16000000,0.56430521
2001-10-07T09:00:00,1,10,7,9,0,0.61600000,21.10000000,42.66000000,0.56595862
2001-10-07T09:10:00,1,10,7,9,10,0.62483333,21.20000000,43.06916667,0.57289833
2001-10-07T09:20:00,1,10,7,9,20,0.63366667,21.30000000,43.47833333,0.57980479
2001-10-07T09:30:00,1,10,7,9,30,0.64250000,21.40000000,43.88750000,0.58667799
2001-10-07T09:40:00,1,10,7,9,40,0.65133333,21.50000000,44.29666667,0.59351795
2001-10-07T09:50:00,1,10,7,9,50,0.66016667,21.60000000,44.70583333,0.60032465
2001-10-07T10:00:00,1,10,7,10,0,0.66900000,21.70000000,45.11500000,0.60709810
2001-10-07T10:10:00,1,10,7,10,10,0.71933333,21.85000000,47.02666667,0.64644856
2001-10-07T10:20:00,1,10,7,10,20,0.76966667,22.00000000,48.93833333,0.68491380
2001-10-07T10:30:00,1,10,7,10,30,0.82000000,22.15000000,50.85000000,0.72249380
2001-10-07T10:40:00,1,10,7,10,40,0.87033333,22.30000000,52.76166667,0.75918858
2001-10-07T10:50:00,1,10,7,10,50,0.92066667,22.45000000,54.67333333,0.79499812
2001-10-07T11:00:00,1,10,7,11,0,0.97100000,22.60000000,56.58500000,0.82992244
2001-10-07T11:10:00,1,10,7,11,10,0.95500000,22.96666667,56.39166667,0.81709641
2001-10-07T11:20:00,1,10,7,11,20,0.93900000,23.33333333,56.19833333,0.80424192
2001-10-07T11:30:00,1,10,7,11,30,0.92300000,23.70000000,56.00500000,0.79135897
2001-10-07T11:40:00,1,10,7,11,40,0.90700000,24.06666667,55.81166667,0.77844756
2001-10-07T11:50:00,1,10,7,11,50,0.89100000,24.43333333,55.61833333,0.76550770
2001-10-07T12:00:00,1,10,7,12,0,0.87500000,24.80000000,55.42500000,0.75253938
2001-10-07T12:10:00,1,10,7,12,10,0.85050000,24.73333333,54.50083333,0.73508389
2001-10-07T12:20:00,1,10,7,12,20,0.82600000,24.66666667,53.57666667,0.71742010
2001-10-07T12:30:00,1,10,7,12,30,0.80150000,24.60000000,52.65250000,0.69954800
2001-10-07T12:40:00,1,10,7,12,40,0.77700000,24.53333333,51.72833333,0.68146759
2001-10-07T12:50:00,1,10,7,12,50,0.75250000,24.46666667,50.80416667,0.66317888
2001-10-07T13:00:00,1,10,7,13,0,0.72800000,24.40000000,49.88000000,0.64468186
2001-10-07T13:10:00,1,10,7,13,10,0.69583333,24.26666667,48.62083333,0.62022698
2001-10-07T13:20:00,1,10,7,13,20,0.66366667,24.13333333,47.36166667,0.59539948
2001-10-07T13:30:00,1,10,7,13,30,0.63150000,24.00000000,46.10250000,0.57019935
2001-10-07T13:40:00,1,10,7,13,40,0.59933333,23.86666667,44.84333333,0.54462659
2001-10-07T13:50:00,1,10,7,13,50,0.56716667,23.73333333,43.58416667,0.51868120
2001-10-07T14:00:00,1,10,7,14,0,0.53500000,23.60000000,42.32500000,0.49236317
2001-10-07T14:10:00,1,10,7,14,10,0.53333333,23.41666667,42.08333333,0.49142222
2001-10-07T14:20:00,1,10,7,14,20,0.53166667,23.23333333,41.84166667,0.49047756
2001-10-07T14:30:00,1,10,7,14,30,0.53000000,23.05000000,41.60000000,0.48952920
2001-10-07T14:40:00,1,10,7,14,40,0.52833333,22.86666667,41.35833333,0.48857713
2001-10-07T14:50:00,1,10,7,14,50,0.52666667,22.68333333,41.11666667,0.48762136
2001-10-07T15:00:00,1,10,7,15,0,0.52500000,22.50000000,40.87500000,0.48666188
2001-10-07T15:10:00,1,10,7,15,10,0.47166667,22.41666667,38.92500000,0.44145406
2001-10-07T15:20:00,1,10,7,15,20,0.41833333,22.33333333,36.97500000,0.39528944
2001-10-07T15:30:00,1,10,7,15,30,0.36500000,22.25000000,35.02500000,0.34816802
2001-10-07T15:40:00,1,10,7,15,40,0.31166667,22.16666667,33.07500000,0.30008981
2001-10-07T15:50:00,1,10,7,15,50,0.25833333,22.08333333,31.12500000,0.25105479
2001-10-07T16:00:00,1,10,7,16,0,0.20500000,22.00000000,29.17500000,0.20106297
2001-10-07T16:10:00,1,10,7,16,10,0.18333333,21.63333333,28.05000000,0.18076117
2001-10-07T16:20:00,1,10,7,16,20,0.16166667,21.26666667,26.92500000,0.16023511
2001-10-07T16:30:00,1,10,7,16,30,0.14000000,20.90000000,25.80000000,0.13948480
2001-10-07T16:40:00,1,10,7,16,40,0.11833333,20.53333333,24.67500000,0.11851024
2001-10-07T16:50:00,1,10,7,16,50,0.09666667,20.16666667,23.55000000,0.09731143
2001-10-07T17:00:00,1,10,7,17,0,0.07500000,19.80000000,22.42500000,0.07588838
2001-10-07T17:10:00,1,10,7,17,10,0.06250000,19.61666667,21.80416667,0.06341880
2001-10-07T17:20:00,1,10,7,17,20,0.05000000,19.43333333,21.18333333,0.05087783
2001-10-07T17:30:00,1,10,7,17,30,0.03750000,19.25000000,20.56250000,0.03826547
2001-10-07T17:40:00,1,10,7,17,40,0.02500000,19.06666667,19.94166667,0.02558171
2001-10-07T17:50:00,1,10,7,17,50,0.01250000,18.88333333,19.32083333,0.01282655
2001-10-07T18:00:00,1,10,7,18,0,0.00000000,18.70000000,18.70000000,0.00000000
2001-10-07T18:10:00,1,10,7,18,10,0.00000000,18.56666667,18.56666667,0.00000000
2001-10-07T18:20:00,1,10,7,18,20,0.00000000,18.43333333,18.43333333,0.00000000
2001-10-07T18:30:00,1,10,7,18,30,0.00000000,18.30000000,18.30000000,0.00000000
2001-10-07T18:40:00,1,10,7,18,40,0.00000000,18.16666667,18.16666667,0.00000000
2001-10-07T18:50:00,1,10,7,18,50,0.00000000,18.03333333,18.03333333,0.00000000
2001-10-07T19:00:00,1,10,7,19,0,0.00000000,17.90000000,17.90000000,0.00000000
2001-10-07T19:10:00,1,10,7,19,10,0.00000000,17.73333333,17.73333333,0.00000000
2001-10-07T19:20:00,1,10,7,19,20,0.00000000,17.56666667,17.56666667,0.00000000
2001-10-07T19:30:00,1,10,7,19,30,0.00000000,17.40000000,17.40000000,0.00000000
2001-10-07T19:40:00,1,10,7,19,40,0.00000000,17.23333333,17.23333333,0.00000000
2001-10-07T19:50:00,1,10,7,19,50,0.00000000,17.06666667,17.06666667,0.00000000
2001-10-07T20:00:00,1,10,7,20,0,0.00000000,16.90000000,16.90000000,0.00000000
2001-10-07T20:10:00,1,10,7,20,10,0.00000000,16.88333333,16.88333333,0.00000000
2001-10-07T20:20:00,1,10,7,20,20,0.00000000,16.86666667,16.86666667,0.00000000
2001-10-07T20:30:00,1,10,7,20,30,0.00000000,16.85000000,16.85000000,0.00000000
2001-10-07T20:40:00,1,10,7,20,40,0.00000000,16.83333333,16.83333333,0.00000000
2001-10-07T20:50:00,1,10,7,20,50,0.00000000,16.81666667,16.81666667,0.00000000
2001-10-07T21:00:00,1,10,7,21,0,0.00000000,16.80000000,16.80000000,0.00000000
2001-10-07T21:10:00,1,10,7,21,10,0.00000000,16.65000000,16.65000000,0.00000000
2001-10-07T21:20:00,1,10,7,21,20,0.00000000,16.50000000,16.50000000,0.00000000
2001-10-07T21:30:00,1,10,7,21,30,0.00000000,16.35000000,16.35000000,0.00000000
2001-10-07T21:40:00,1,10,7,21,40,0.00000000,16.20000000,16.20000000,0.00000000
2001-10-07T21:50:00,1,10,7,21,50,0.00000000,16.05000000,16.05000000,0.00000000
2001-10-07T22:00:00,1,10,7,22,0,0.00000000,15.90000000,15.90000000,0.00000000
2001-10-07T22:10:00,1,10,7,22,10,0.00000000,15.78333333,15.78333333,0.00000000
2001-10-07T22:20:00,1,10,7,22,20,0.00000000,15.66666667,15.66666667,0.00000000
2001-10-07T22:30:00,1,10,7,22,30,0.00000000,15.55000000,15.55000000,0.00000000
2001-10-07T22:40:00,1,10,7,22,40,0.00000000,15.43333333,15.43333333,0.00000000
2001-10-07T22:50:00,1,10,7,22,50,0.00000000,15.31666667,15.31666667,0.00000000
2001-10-07T23:00:00,1,10,7,23,0,0.00000000,15.20000000,15.20000000,0.00000000
2001-10-07T23:10:00,1,10,7,23,10,0.00000000,15.13333333,15.13333333,0.00000000
2001-10-07T23:20:00,1,10,7,23,20,0.00000000,15.06666667,15.06666667,0.00000000
2001-10-07T23:30:00,1,10,7,23,30,0.00000000,15.00000000,15.00000000,0.00000000
2001-10-07T23:40:00,1,10,7,23,40,0.00000000,14.93333333,14.93333333,0.00000000
2001-10-07T23:50:00,1,10,7,23,50,0.00000000,14.86666667,14.86666667,0.00000000
2001-10-08T00:00:00,1,10,8,0,0,0.00000000,14.80000000,14.80000000,0.00000000
2001-10-08T00:10:00,1,10,8,0,10,0.00000000,14.76666667,14.76666667,0.00000000
2001-10-08T00:20:00,1,10,8,0,20,0.00000000,14.73333333,14.73333333,0.00000000
2001-10-08T00:30:00,1,10,8,0,30,0.00000000,14.70000000,14.70000000,0.00000000
2001-10-08T00:40:00,1,10,8,0,40,0.00000000,14.66666667,14.66666667,0.00000000
2001-10-08T00:50:00,1,10,8,0,50,0.00000000,14.63333333,14.63333333,0.00000000
2001-10-08T01:00:00,1,10,8,1,0,0.00000000,14.60000000,14.60000000,0.00000000
2001-10-08T01:10:00,1,10,8,1,10,0.00000000,14.53333333,14.53333333,0.00000000
2001-10-08T01:20:00,1,10,8,1,20,0.00000000,14.46666667,14.46666667,0.00000000
2001-10-08T01:30:00,1,10,8,1,30,0.00000000,14.40000000,14.40000000,0.00000000
2001-10-08T01:40:00,1,10,8,1,40,0.00000000,14.33333333,14.33333333,0.00000000
2001-10-08T01:50:00,1,10,8,1,50,0.00000000,14.26666667,14.26666667,0.00000000
2001-10-08T02:00:00,1,10,8,2,0,0.00000000,14.20000000,14.20000000,0.00000000
2001-10-08T02:10:00,1,10,8,2,10,0.00000000,14.26666667,14.26666667,0.00000000
2001-10-08T02:20:00,1,10,8,2,20,0.00000000,14.33333333,14.33333333,0.00000000
2001-10-08T02:30:00,1,10,8,2,30,0.00000000,14.40000000,14.40000000,0.00000000
2001-10-08T02:40:00,1,10,8,2,40,0.00000000,14.46666667,14.46666667,0.00000000
2001-10-08T02:50:00,1,10,8,2,50,0.00000000,14.53333333,14.53333333,0.00000000
2001-10-08T03:00:00,1,10,8,3,0,0.00000000,14.60000000,14.60000000,0.00000000
2001-10-08T03:10:00,1,10,8,3,10,0.00000000,14.48333333,14.48333333,0.00000000
2001-10-08T03:20:00,1,10,8,3,20,0.00000000,14.36666667,14.36666667,0.00000000
2001-10-08T03:30:00,1,10,8,3,30,0.00000000,14.25000000,14.25000000,0.00000000
2001-10-08T03:40:00,1,10,8,3,40,0.00000000,14.13333333,14.13333333,0.00000000
2001-10-08T03:50:00,1,10,8,3,50,0.00000000,14.01666667,14.01666667,0.00000000
2001-10-08T04:00:00,1,10,8,4,0,0.00000000,13.90000000,13.90000000,0.00000000
2001-10-08T04:10:00,1,10,8,4,10,0.00000000,13.93333333,13.93333333,0.00000000
2001-10-08T04:20:00,1,10,8,4,20,0.00000000,13.96666667,13.96666667,0.00000000
2001-10-08T04:30:00,1,10,8,4,30,0.00000000,14.00000000,14.00000000,0.00000000
2001-10-08T04:40:00,1,10,8,4,40,0.00000000,14.03333333,14.03333333,0.00000000
2001-10-08T04:50:00,1,10,8,4,50,0.00000000,14.06666667,14.06666667,0.00000000
2001-10-08T05:00:00,1,10,8,5,0,0.00000000,14.10000000,14.10000000,0.00000000
2001-10-08T05:10:00,1,10,8,5,10,0.01966667,14.11666667,14.80500000,0.02058897
2001-10-08T05:20:00,1,10,8,5,20,0.03933333,14.13333333,15.51000000,0.04105039
2001-10-08T05:30:00,1,10,8,5,30,0.05900000,14.15000000,16.21500000,0.06138425
2001-10-08T05:40:00,1,10,8,5,40,0.07866667,14.16666667,16.92000000,0.08159055
2001-10-08T05:50:00,1,10,8,5,50,0.09833333,14.18333333,17.62500000,0.10166929
2001-10-08T06:00:00,1,10,8,6,0,0.11800000,14.20000000,18.33000000,0.12162048
2001-10-08T06:10:00,1,10,8,6,10,0.13550000,14.48333333,19.22583333,0.13909904
2001-10-08T06:20:00,1,10,8,6,20,0.15300000,14.76666667,20.12166667,0.15643337
2001-10-08T06:30:00,1,10,8,6,30,0.17050000,15.05000000,21.01750000,0.17362347
2001-10-08T06:40:00,1,10,8,6,40,0.18800000,15.33333333,21.91333333,0.19066935
2001-10-08T06:50:00,1,10,8,6,50,0.20550000,15.61666667,22.80916667,0.20757099
2001-10-08T07:00:00,1,10,8,7,0,0.22300000,15.90000000,23.70500000,0.22432841
2001-10-08T07:10:00,1,10,8,7,10,0.26966667,16.16666667,25.60500000,0.26891618
2001-10-08T07:20:00,1,10,8,7,20,0.31633333,16.43333333,27.50500000,0.31268822
2001-10-08T07:30:00,1,10,8,7,30,0.36300000,16.70000000,29.40500000,0.35564453
2001-10-08T07:40:00,1,10,8,7,40,0.40966667,16.96666667,31.30500000,0.39778510
2001-10-08T07:50:00,1,10,8,7,50,0.45633333,17.23333333,33.20500000,0.43910994
2001-10-08T08:00:00,1,10,8,8,0,0.50300000,17.50000000,35.10500000,0.47961905
2001-10-08T08:10:00,1,10,8,8,10,0.48883333,17.91666667,35.02583333,0.46628891
2001-10-08T08:20:00,1,10,8,8,20,0.47466667,18.33333333,34.94666667,0.45294845
2001-10-08T08:30:00,1,10,8,8,30,0.46050000,18.75000000,34.86750000,0.43959767
2001-10-08T08:40:00,1,10,8,8,40,0.44633333,19.16666667,34.78833333,0.42623658
2001-10-08T08:50:00,1,10,8,8,50,0.43216667,19.58333333,34.70916667,0.41286517
2001-10-08T09:00:00,1,10,8,9,0,0.41800000,20.00000000,34.63000000,0.39948344
2001-10-08T09:10:00,1,10,8,9,10,0.45233333,20.06666667,35.89833333,0.42965681
2001-10-08T09:20:00,1,10,8,9,20,0.48666667,20.13333333,37.16666667,0.45942956
2001-10-08T09:30:00,1,10,8,9,30,0.52100000,20.20000000,38.43500000,0.48880168
2001-10-08T09:40:00,1,10,8,9,40,0.55533333,20.26666667,39.70333333,0.51777318
2001-10-08T09:50:00,1,10,8,9,50,0.58966667,20.33333333,40.97166667,0.54634405
2001-10-08T10:00:00,1,10,8,10,0,0.62400000,20.40000000,42.24000000,0.57451430
2001-10-08T10:10:00,1,10,8,10,10,0.67866667,20.61666667,44.37000000,0.61819611
2001-10-08T10:20:00,1,10,8,10,20,0.73333333,20.83333333,46.50000000,0.66080667
2001-10-08T10:30:00,1,10,8,10,30,0.78800000,21.05000000,48.63000000,0.70234598
2001-10-08T10:40:00,1,10,8,10,40,0.84266667,21.26666667,50.76000000,0.74281404
2001-10-08T10:50:00,1,10,8,10,50,0.89733333,21.48333333,52.89000000,0.78221085
2001-10-08T11:00:00,1,10,8,11,0,0.95200000,21.70000000,55.02000000,0.82053642
2001-10-08T11:10:00,1,10,8,11,10,0.95383333,22.16666667,55.55083333,0.81978748
2001-10-08T11:20:00,1,10,8,11,20,0.95566667,22.63333333,56.08166667,0.81902959
2001-10-08T11:30:00,1,10,8,11,30,0.95750000,23.10000000,56.61250000,0.81826274
2001-10-08T11:40:00,1,10,8,11,40,0.95933333,23.56666667,57.14333333,0.81748695
2001-10-08T11:50:00,1,10,8,11,50,0.96116667,24.03333333,57.67416667,0.81670220
2001-10-08T12:00:00,1,10,8,12,0,0.96300000,24.50000000,58.20500000,0.81590849
2001-10-08T12:10:00,1,10,8,12,10,0.91650000,24.68333333,56.76083333,0.78259950
2001-10-08T12:20:00,1,10,8,12,20,0.87000000,24.86666667,55.31666667,0.74867270
2001-10-08T12:30:00,1,10,8,12,30,0.82350000,25.05000000,53.87250000,0.71412808
2001-10-08T12:40:00,1,10,8,12,40,0.77700000,25.23333333,52.42833333,0.67896565
2001-10-08T12:50:00,1,10,8,12,50,0.73050000,25.41666667,50.98416667,0.64318540
2001-10-08T13:00:00,1,10,8,13,0,0.68400000,25.60000000,49.54000000,0.60678734
2001-10-08T13:10:00,1,10,8,13,10,0.66466667,25.31666667,48.58000000,0.59257160
2001-10-08T13:20:00,1,10,8,13,20,0.64533333,25.03333333,47.62000000,0.57818511
2001-10-08T13:30:00,1,10,8,13,30,0.62600000,24.75000000,46.66000000,0.56362786
2001-10-08T13:40:00,1,10,8,13,40,0.60666667,24.46666667,45.70000000,0.54889987
2001-10-08T13:50:00,1,10,8,13,50,0.58733333,24.18333333,44.74000000,0.53400112
2001-10-08T14:00:00,1,10,8,14,0,0.56800000,23.90000000,43.78000000,0.51893162
2001-10-08T14:10:00,1,10,8,14,10,0.52116667,23.68333333,41.92416667,0.48059323
2001-10-08T14:20:00,1,10,8,14,20,0.47433333,23.46666667,40.06833333,0.44145523
2001-10-08T14:30:00,1,10,8,14,30,0.42750000,23.25000000,38.21250000,0.40151762
2001-10-08T14:40:00,1,10,8,14,40,0.38066667,23.03333333,36.35666667,0.36078039
2001-10-08T14:50:00,1,10,8,14,50,0.33383333,22.81666667,34.50083333,0.31924354
2001-10-08T15:00:00,1,10,8,15,0,0.28700000,22.60000000,32.64500000,0.27690707
2001-10-08T15:10:00,1,10,8,15,10,0.27816667,22.31666667,32.05250000,0.26914252
2001-10-08T15:20:00,1,10,8,15,20,0.26933333,22.03333333,31.46000000,0.26132982
2001-10-08T15:30:00,1,10,8,15,30,0.26050000,21.75000000,30.86750000,0.25346897
2001-10-08T15:40:00,1,10,8,15,40,0.25166667,21.46666667,30.27500000,0.24555997
2001-10-08T15:50:00,1,10,8,15,50,0.24283333,21.18333333,29.68250000,0.23760282
2001-10-08T16:00:00,1,10,8,16,0,0.23400000,20.90000000,29.09000000,0.22959752
2001-10-08T16:10:00,1,10,8,16,10,0.20616667,20.85000000,28.06583333,0.20325913
2001-10-08T16:20:00,1,10,8,16,20,0.17833333,20.80000000,27.04166667,0.17665849
2001-10-08T16:30:00,1,10,8,16,30,0.15050000,20.75000000,26.01750000,0.14979558
2001-10-08T16:40:00,1,10,8,16,40,0.12266667,20.70000000,24.99333333,0.12267043
2001-10-08T16:50:00,1,10,8,16,50,0.09483333,20.65000000,23.96916667,0.09528302
2001-10-08T17:00:00,1,10,8,17,0,0.06700000,20.60000000,22.94500000,0.06763335
2001-10-08T17:10:00,1,10,8,17,10,0.05583333,20.25000000,22.20416667,0.05655140
2001-10-08T17:20:00,1,10,8,17,20,0.04466667,19.90000000,21.46333333,0.04539333
2001-10-08T17:30:00,1,10,8,17,30,0.03350000,19.55000000,20.72250000,0.03415916
2001-10-08T17:40:00,1,10,8,17,40,0.02233333,19.20000000,19.98166667,0.02284888
2001-10-08T17:50:00,1,10,8,17,50,0.01116667,18.85000000,19.24083333,0.01146250
2001-10-08T18:00:00,1,10,8,18,0,0.00000000,18.50000000,18.50000000,0.00000000
2001-10-08T18:10:00,1,10,8,18,10,0.00000000,18.33333333,18.33333333,0.00000000
2001-10-08T18:20:00,1,10,8,18,20,0.00000000,18.16666667,18.16666667,0.00000000
2001-10-08T18:30:00,1,10,8,18,30,0.00000000,18.00000000,18.00000000,0.00000000
2001-10-08T18:40:00,1,10,8,18,40,0.00000000,17.83333333,17.83333333,0.00000000
2001-10-08T18:50:00,1,10,8,18,50,0.00000000,17.66666667,17.66666667,0.00000000
2001-10-08T19:00:00,1,10,8,19,0,0.00000000,17.50000000,17.50000000,0.00000000
2001-10-08T19:10:00,1,10,8,19,10,0.00000000,17.56666667,17.56666667,0.00000000
2001-10-08T19:20:00,1,10,8,19,20,0.00000000,17.63333333,17.63333333,0.00000000
2001-10-08T19:30:00,1,10,8,19,30,0.00000000,17.70000000,17.70000000,0.00000000
2001-10-08T19:40:00,1,10,8,19,40,0.00000000,17.76666667,17.76666667,0.00000000
2001-10-08T19:50:00,1,10,8,19,50,0.00000000,17.83333333,17.83333333,0.00000000
2001-10-08T20:00:00,1,10,8,20,0,0.00000000,17.90000000,17.90000000,0.00000000
2001-10-08T20:10:00,1,10,8,20,10,0.00000000,17.73333333,17.73333333,0.00000000
2001-10-08T20:20:00,1,10,8,20,20,0.00000000,17.56666667,17.56666667,0.00000000
2001-10-08T20:30:00,1,10,8,20,30,0.00000000,17.40000000,17.40000000,0.00000000
2001-10-08T20:40:00,1,10,8,20,40,0.00000000,17.23333333,17.23333333,0.00000000
2001-10-08T20:50:00,1,10,8,20,50,0.00000000,17.06666667,17.06666667,0.00000000
2001-10-08T21:00:00,1,10,8,21,0,0.00000000,16.90000000,16.90000000,0.00000000
2001-10-08T21:10:00,1,10,8,21,10,0.00000000,16.73333333,16.73333333,0.00000000
2001-10-08T21:20:00,1,10,8,21,20,0.00000000,16.56666667,16.56666667,0.00000000
2001-10-08T21:30:00,1,10,8,21,30,0.00000000,16.40000000,16.40000000,0.00000000
2001-10-08T21:40:00,1,10,8,21,40,0.00000000,16.23333333,16.23333333,0.00000000
2001-10-08T21:50:00,1,10,8,21,50,0.00000000,16.06666667,16.06666667,0.00000000
2001-10-08T22:00:00,1,10,8,22,0,0.00000000,15.90000000,15.90000000,0.00000000
2001-10-08T22:10:00,1,10,8,22,10,0.00000000,15.85000000,15.85000000,0.00000000
2001-10-08T22:20:00,1,10,8,22,20,0.00000000,15.80000000,15.80000000,0.00000000
2001-10-08T22:30:00,1,10,8,22,30,0.00000000,15.75000000,15.75000000,0.00000000
2001-10-08T22:40:00,1,10,8,22,40,0.00000000,15.70000000,15.70000000,0.00000000
2001-10-08T22:50:00,1,10,8,22,50,0.00000000,15.65000000,15.65000000,0.00000000
2001-10-08T23:00:00,1,10,8,23,0,0.00000000,15.60000000,15.60000000,0.00000000
2001-10-08T23:10:00,1,10,8,23,10,0.00000000,15.60000000,15.60000000,0.00000000
2001-10-08T23:20:00,1,10,8,23,20,0.00000000,15.60000000,15.60000000,0.00000000
2001-10-08T23:30:00,1,10,8,23,30,0.00000000,15.60000000,15.60000000,0.00000000
2001-10-08T23:40:00,1,10,8,23,40,0.00000000,15.60000000,15.60000000,0.00000000
2001-10-08T23:50:00,1,10,8,23,50,0.00000000,15.60000000,15.60000000,0.00000000
2001-10-09T00:00:00,1,10,9,0,0,0.00000000,15.60000000,15.60000000,0.00000000
2001-10-09T00:10:00,1,10,9,0,10,0.00000000,15.48333333,15.48333333,0.00000000
2001-10-09T00:20:00,1,10,9,0,20,0.00000000,15.36666667,15.36666667,0.00000000
2001-10-09T00:30:00,1,10,9,0,30,0.00000000,15.25000000,15.25000000,0.00000000
2001-10-09T00:40:00,1,10,9,0,40,0.00000000,15.13333333,15.13333333,0.00000000
2001-10-09T00:50:00,1,10,9,0,50,0.00000000,15.01666667,15.01666667,0.00000000
2001-10-09T01:00:00,1,10,9,1,0,0.00000000,14.90000000,14.90000000,0.00000000
2001-10-09T01:10:00,1,10,9,1,10,0.00000000,14.86666667,14.86666667,0.00000000
2001-10-09T01:20:00,1,10,9,1,20,0.00000000,14.83333333,14.83333333,0.00000000
2001-10-09T01:30:00,1,10,9,1,30,0.00000000,14.80000000,14.80000000,0.00000000
2001-10-09T01:40:00,1,10,9,1,40,0.00000000,14.76666667,14.76666667,0.00000000
2001-10-09T01:50:00,1,10,9,1,50,0.00000000,14.73333333,14.73333333,0.00000000
2001-10-09T02:00:00,1,10,9,2,0,0.00000000,14.70000000,14.70000000,0.00000000
2001-10-09T02:10:00,1,10,9,2,10,0.00000000,14.71666667,14.71666667,0.00000000
2001-10-09T02:20:00,1,10,9,2,20,0.00000000,14.73333333,14.73333333,0.00000000
2001-10-09T02:30:00,1,10,9,2,30,0.00000000,14.75000000,14.75000000,0.00000000
2001-10-09T02:40:00,1,10,9,2,40,0.00000000,14.76666667,14.76666667,0.00000000
2001-10-09T02:50:00,1,10,9,2,50,0.00000000,14.78333333,14.78333333,0.00000000
2001-10-09T03:00:00,1,10,9,3,0,0.00000000,14.80000000,14.80000000,0.00000000
2001-10-09T03:10:00,1,10,9,3,10,0.00000000,14.70000000,14.70000000,0.00000000
2001-10-09T03:20:00,1,10,9,3,20,0.00000000,14.60000000,14.60000000,0.00000000
2001-10-09T03:30:00,1,10,9,3,30,0.00000000,14.50000000,14.50000000,0.00000000
2001-10-09T03:40:00,1,10,9,3,40,0.00000000,14.40000000,14.40000000,0.00000000
2001-10-09T03:50:00,1,10,9,3,50,0.00000000,14.30000000,14.30000000,0.00000000
2001-10-09T04:00:00,1,10,9,4,0,0.00000000,14.20000000,14.20000000,0.00000000
2001-10-09T04:10:00,1,10,9,4,10,0.00000000,14.30000000,14.30000000,0.00000000
2001-10-09T04:20:00,1,10,9,4,20,0.00000000,14.40000000,14.40000000,0.00000000
2001-10-09T04:30:00,1,10,9,4,30,0.00000000,14.50000000,14.50000000,0.00000000
2001-10-09T04:40:00,1,10,9,4,40,0.00000000,14.60000000,14.60000000,0.00000000
2001-10-09T04:50:00,1,10,9,4,50,0.00000000,14.70000000,14.70000000,0.00000000
2001-10-09T05:00:00,1,10,9,5,0,0.00000000,14.80000000,14.80000000,0.00000000
2001-10-09T05:10:00,1,10,9,5,10,0.01550000,14.70000000,15.24250000,0.01619571
2001-10-09T05:20:00,1,10,9,5,20,0.03100000,14.60000000,15.68500000,0.03232832
2001-10-09T05:30:00,1,10,9,5,30,0.04650000,14.50000000,16.12750000,0.04839783
2001-10-09T05:40:00,1,10,9,5,40,0.06200000,14.40000000,16.57000000,0.06440424
2001-10-09T05:50:00,1,10,9,5,50,0.07750000,14.30000000,17.01250000,0.08034754
2001-10-09T06:00:00,1,10,9,6,0,0.09300000,14.20000000,17.45500000,0.09622775
2001-10-09T06:10:00,1,10,9,6,10,0.12283333,14.65000000,18.94916667,0.12625226
2001-10-09T06:20:00,1,10,9,6,20,0.15266667,15.10000000,20.44333333,0.15586666
2001-10-09T06:30:00,1,10,9,6,30,0.18250000,15.55000000,21.93750000,0.18507097
2001-10-09T06:40:00,1,10,9,6,40,0.21233333,16.00000000,23.43166667,0.21386518
2001-10-09T06:50:00,1,10,9,6,50,0.24216667,16.45000000,24.92583333,0.24224929
2001-10-09T07:00:00,1,10,9,7,0,0.27200000,16.90000000,26.42000000,0.27022330
2001-10-09T07:10:00,1,10,9,7,10,0.31483333,17.23333333,28.25250000,0.31012295
2001-10-09T07:20:00,1,10,9,7,20,0.35766667,17.56666667,30.08500000,0.34930049
2001-10-09T07:30:00,1,10,9,7,30,0.40050000,17.90000000,31.91750000,0.38775589
2001-10-09T07:40:00,1,10,9,7,40,0.44333333,18.23333333,33.75000000,0.42548917
2001-10-09T07:50:00,1,10,9,7,50,0.48616667,18.56666667,35.58250000,0.46250032
2001-10-09T08:00:00,1,10,9,8,0,0.52900000,18.90000000,37.41500000,0.49878934
2001-10-09T08:10:00,1,10,9,8,10,0.52633333,19.21666667,37.63833333,0.49573424
2001-10-09T08:20:00,1,10,9,8,20,0.52366667,19.53333333,37.86166667,0.49268463
2001-10-09T08:30:00,1,10,9,8,30,0.52100000,19.85000000,38.08500000,0.48964049
2001-10-09T08:40:00,1,10,9,8,40,0.51833333,20.16666667,38.30833333,0.48660183
2001-10-09T08:50:00,1,10,9,8,50,0.51566667,20.48333333,38.53166667,0.48356865
2001-10-09T09:00:00,1,10,9,9,0,0.51300000,20.80000000,38.75500000,0.48054095
2001-10-09T09:10:00,1,10,9,9,10,0.51866667,20.88333333,39.03666667,0.48517705
2001-10-09T09:20:00,1,10,9,9,20,0.52433333,20.96666667,39.31833333,0.48979847
2001-10-09T09:30:00,1,10,9,9,30,0.53000000,21.05000000,39.60000000,0.49440520
2001-10-09T09:40:00,1,10,9,9,40,0.53566667,21.13333333,39.88166667,0.49899725
2001-10-09T09:50:00,1,10,9,9,50,0.54133333,21.21666667,40.16333333,0.50357461
2001-10-09T10:00:00,1,10,9,10,0,0.54700000,21.30000000,40.44500000,0.50813729
2001-10-09T10:10:00,1,10,9,10,10,0.62766667,21.43333333,43.40166667,0.57453615
2001-10-09T10:20:00,1,10,9,10,20,0.70833333,21.56666667,46.35833333,0.63874076
2001-10-09T10:30:00,1,10,9,10,30,0.78900000,21.70000000,49.31500000,0.70075114
2001-10-09T10:40:00,1,10,9,10,40,0.86966667,21.83333333,52.27166667,0.76056727
2001-10-09T10:50:00,1,10,9,10,50,0.95033333,21.96666667,55.22833333,0.81818917
2001-10-09T11:00:00,1,10,9,11,0,1.03100000,22.10000000,58.18500000,0.87361682
2001-10-09T11:10:00,1,10,9,11,10,0.99483333,22.73333333,57.55250000,0.84586550
2001-10-09T11:20:00,1,10,9,11,20,0.95866667,23.36666667,56.92000000,0.81790372
2001-10-09T11:30:00,1,10,9,11,30,0.92250000,24.00000000,56.28750000,0.78973149
2001-10-09T11:40:00,1,10,9,11,40,0.88633333,24.63333333,55.65500000,0.76134881
2001-10-09T11:50:00,1,10,9,11,50,0.85016667,25.26666667,55.02250000,0.73275567
2001-10-09T12:00:00,1,10,9,12,0,0.81400000,25.90000000,54.39000000,0.70395208
2001-10-09T12:10:00,1,10,9,12,10,0.81750000,25.68333333,54.29583333,0.70733302
2001-10-09T12:20:00,1,10,9,12,20,0.82100000,25.46666667,54.20166667,0.71071699
2001-10-09T12:30:00,1,10,9,12,30,0.82450000,25.25000000,54.10750000,0.71410398
2001-10-09T12:40:00,1,10,9,12,40,0.82800000,25.03333333,54.01333333,0.71749402
2001-10-09T12:50:00,1,10,9,12,50,0.83150000,24.81666667,53.91916667,0.72088708
2001-10-09T13:00:00,1,10,9,13,0,0.83500000,24.60000000,53.82500000,0.72428317
2001-10-09T13:10:00,1,10,9,13,10,0.77866667,24.58333333,51.83666667,0.68254130
2001-10-09T13:20:00,1,10,9,13,20,0.72233333,24.56666667,49.84833333,0.63976895
2001-10-09T13:30:00,1,10,9,13,30,0.66600000,24.55000000,47.86000000,0.59596610
2001-10-09T13:40:00,1,10,9,13,40,0.60966667,24.53333333,45.87166667,0.55113277
2001-10-09T13:50:00,1,10,9,13,50,0.55333333,24.51666667,43.88333333,0.50526896
2001-10-09T14:00:00,1,10,9,14,0,0.49700000,24.50000000,41.89500000,0.45837465
2001-10-09T14:10:00,1,10,9,14,10,0.47633333,24.30000000,40.97166667,0.44133728
2001-10-09T14:20:00,1,10,9,14,20,0.45566667,24.10000000,40.04833333,0.42412436
2001-10-09T14:30:00,1,10,9,14,30,0.43500000,23.90000000,39.12500000,0.40673587
2001-10-09T14:40:00,1,10,9,14,40,0.41433333,23.70000000,38.20166667,0.38917184
2001-10-09T14:50:00,1,10,9,14,50,0.39366667,23.50000000,37.27833333,0.37143224
2001-10-09T15:00:00,1,10,9,15,0,0.37300000,23.30000000,36.35500000,0.35351709
2001-10-09T15:10:00,1,10,9,15,10,0.35483333,23.11666667,35.53583333,0.33763639
2001-10-09T15:20:00,1,10,9,15,20,0.33666667,22.93333333,34.71666667,0.32161879
2001-10-09T15:30:00,1,10,9,15,30,0.31850000,22.75000000,33.89750000,0.30546427
2001-10-09T15:40:00,1,10,9,15,40,0.30033333,22.56666667,33.07833333,0.28917285
2001-10-09T15:50:00,1,10,9,15,50,0.28216667,22.38333333,32.25916667,0.27274451
2001-10-09T16:00:00,1,10,9,16,0,0.26400000,22.20000000,31.44000000,0.25617926
2001-10-09T16:10:00,1,10,9,16,10,0.24100000,22.00000000,30.43500000,0.23497476
2001-10-09T16:20:00,1,10,9,16,20,0.21800000,21.80000000,29.43000000,0.21355760
2001-10-09T16:30:00,1,10,9,16,30,0.19500000,21.60000000,28.42500000,0.19192778
2001-10-09T16:40:00,1,10,9,16,40,0.17200000,21.40000000,27.42000000,0.17008530
2001-10-09T16:50:00,1,10,9,16,50,0.14900000,21.20000000,26.41500000,0.14803016
2001-10-09T17:00:00,1,10,9,17,0,0.12600000,21.00000000,25.41000000,0.12576236
2001-10-09T17:10:00,1,10,9,17,10,0.10500000,20.80000000,24.47500000,0.10525358
2001-10-09T17:20:00,1,10,9,17,20,0.08400000,20.60000000,23.54000000,0.08456414
2001-10-09T17:30:00,1,10,9,17,30,0.06300000,20.40000000,22.60500000,0.06369407
2001-10-09T17:40:00,1,10,9,17,40,0.04200000,20.20000000,21.67000000,0.04264336
2001-10-09T17:50:00,1,10,9,17,50,0.02100000,20.00000000,20.73500000,0.02141200
2001-10-09T18:00:00,1,10,9,18,0,0.00000000,19.80000000,19.80000000,0.00000000
2001-10-09T18:10:00,1,10,9,18,10,0.00000000,19.61666667,19.61666667,0.00000000
2001-10-09T18:20:00,1,10,9,18,20,0.00000000,19.43333333,19.43333333,0.00000000
2001-10-09T18:30:00,1,10,9,18,30,0.00000000,19.25000000,19.25000000,0.00000000
2001-10-09T18:40:00,1,10,9,18,40,0.00000000,19.06666667,19.06666667,0.00000000
2001-10-09T18:50:00,1,10,9,18,50,0.00000000,18.88333333,18.88333333,0.00000000
2001-10-09T19:00:00,1,10,9,19,0,0.00000000,18.70000000,18.70000000,0.00000000
2001-10-09T19:10:00,1,10,9,19,10,0.00000000,18.73333333,18.73333333,0.00000000
2001-10-09T19:20:00,1,10,9,19,20,0.00000000,18.76666667,18.76666667,0.00000000
2001-10-09T19:30:00,1,10,9,19,30,0.00000000,18.80000000,18.80000000,0.00000000
2001-10-09T19:40:00,1,10,9,19,40,0.00000000,18.83333333,18.83333333,0.00000000
2001-10-09T19:50:00,1,10,9,19,50,0.00000000,18.86666667,18.86666667,0.00000000
2001-10-09T20:00:00,1,10,9,20,0,0.00000000,18.90000000,18.90000000,0.00000000
2001-10-09T20:10:00,1,10,9,20,10,0.00000000,18.66666667,18.66666667,0.00000000
2001-10-09T20:20:00,1,10,9,20,20,0.00000000,18.43333333,18.43333333,0.00000000
2001-10-09T20:30:00,1,10,9,20,30,0.00000000,18.20000000,18.20000000,0.00000000
2001-10-09T20:40:00,1,10,9,20,40,0.00000000,17.96666667,17.96666667,0.00000000
2001-10-09T20:50:00,1,10,9,20,50,0.00000000,17.73333333,17.73333333,0.00000000
2001-10-09T21:00:00,1,10,9,21,0,0.00000000,17.50000000,17.50000000,0.00000000
2001-10-09T21:10:00,1,10,9,21,10,0.00000000,17.45000000,17.45000000,0.00000000
2001-10-09T21:20:00,1,10,9,21,20,0.00000000,17.40000000,17.40000000,0.00000000
2001-10-09T21:30:00,1,10,9,21,30,0.00000000,17.35000000,17.35000000,0.00000000
2001-10-09T21:40:00,1,10,9,21,40,0.00000000,17.30000000,17.30000000,0.00000000
2001-10-09T21:50:00,1,10,9,21,50,0.00000000,17.25000000,17.25000000,0.00000000
2001-10-09T22:00:00,1,10,9,22,0,0.00000000,17.20000000,17.20000000,0.00000000
2001-10-09T22:10:00,1,10,9,22,10,0.00000000,17.05000000,17.05000000,0.00000000
2001-10-09T22:20:00,1,10,9,22,20,0.00000000,16.90000000,16.90000000,0.00000000
2001-10-09T22:30:00,1,10,9,22,30,0.00000000,16.75000000,16.75000000,0.00000000
2001-10-09T22:40:00,1,10,9,22,40,0.00000000,16.60000000,16.60000000,0.00000000
2001-10-09T22:50:00,1,10,9,22,50,0.00000000,16.45000000,16.45000000,0.00000000
2001-10-09T23:00:00,1,10,9,23,0,0.00000000,16.30000000,16.30000000,0.00000000
2001-10-09T23:10:00,1,10,9,23,10,0.00000000,16.63333333,16.63333333,0.00000000
2001-10-09T23:20:00,1,10,9,23,20,0.00000000,16.96666667,16.96666667,0.00000000
2001-10-09T23:30:00,1,10,9,23,30,0.00000000,17.30000000,17.30000000,0.00000000
2001-10-09T23:40:00,1,10,9,23,40,0.00000000,17.63333333,17.63333333,0.00000000
2001-10-09T23:50:00,1,10,9,23,50,0.00000000,17.96666667,17.96666667,0.00000000
2001-10-10T00:00:00,1,10,10,0,0,0.00000000,18.30000000,18.30000000,0.00000000
2001-10-10T00:10:00,1,10,10,0,10,0.00000000,18.35000000,18.35000000,0.00000000
2001-10-10T00:20:00,1,10,10,0,20,0.00000000,18.40000000,18.40000000,0.00000000
2001-10-10T00:30:00,1,10,10,0,30,0.00000000,18.45000000,18.45000000,0.00000000
2001-10-10T00:40:00,1,10,10,0,40,0.00000000,18.50000000,18.50000000,0.00000000
2001-10-10T00:50:00,1,10,10,0,50,0.00000000,18.55000000,18.55000000,0.00000000
2001-10-10T01:00:00,1,10,10,1,0,0.00000000,18.60000000,18.60000000,0.00000000
2001-10-10T01:10:00,1,10,10,1,10,0.00000000,18.55000000,18.55000000,0.00000000
2001-10-10T01:20:00,1,10,10,1,20,0.00000000,18.50000000,18.50000000,0.00000000
2001-10-10T01:30:00,1,10,10,1,30,0.00000000,18.45000000,18.45000000,0.00000000
2001-10-10T01:40:00,1,10,10,1,40,0.00000000,18.40000000,18.40000000,0.00000000
2001-10-10T01:50:00,1,10,10,1,50,0.00000000,18.35000000,18.35000000,0.00000000
2001-10-10T02:00:00,1,10,10,2,0,0.00000000,18.30000000,18.30000000,0.00000000
2001-10-10T02:10:00,1,10,10,2,10,0.00000000,18.21666667,18.21666667,0.00000000
2001-10-10T02:20:00,1,10,10,2,20,0.00000000,18.13333333,18.13333333,0.00000000
2001-10-10T02:30:00,1,10,10,2,30,0.00000000,18.05000000,18.05000000,0.00000000
2001-10-10T02:40:00,1,10,10,2,40,0.00000000,17.96666667,17.96666667,0.00000000
2001-10-10T02:50:00,1,10,10,2,50,0.00000000,17.88333333,17.88333333,0.00000000
2001-10-10T03:00:00,1,10,10,3,0,0.00000000,17.80000000,17.80000000,0.00000000
2001-10-10T03:10:00,1,10,10,3,10,0.00000000,17.86666667,17.86666667,0.00000000
2001-10-10T03:20:00,1,10,10,3,20,0.00000000,17.93333333,17.93333333,0.00000000
2001-10-10T03:30:00,1,10,10,3,30,0.00000000,18.00000000,18.00000000,0.00000000
2001-10-10T03:40:00,1,10,10,3,40,0.00000000,18.06666667,18.06666667,0.00000000
2001-10-10T03:50:00,1,10,10,3,50,0.00000000,18.13333333,18.13333333,0.00000000
2001-10-10T04:00:00,1,10,10,4,0,0.00000000,18.20000000,18.20000000,0.00000000
2001-10-10T04:10:00,1,10,10,4,10,0.00000000,18.08333333,18.08333333,0.00000000
2001-10-10T04:20:00,1,10,10,4,20,0.00000000,17.96666667,17.96666667,0.00000000
2001-10-10T04:30:00,1,10,10,4,30,0.00000000,17.85000000,17.85000000,0.00000000
2001-10-10T04:40:00,1,10,10,4,40,0.00000000,17.73333333,17.73333333,0.00000000
2001-10-10T04:50:00,1,10,10,4,50,0.00000000,17.61666667,17.61666667,0.00000000
2001-10-10T05:00:00,1,10,10,5,0,0.00000000,17.50000000,17.50000000,0.00000000
2001-10-10T05:10:00,1,10,10,5,10,0.00100000,17.43333333,17.46833333,0.00103465
2001-10-10T05:20:00,1,10,10,5,20,0.00200000,17.36666667,17.43666667,0.00206958
2001-10-10T05:30:00,1,10,10,5,30,0.00300000,17.30000000,17.40500000,0.00310481
2001-10-10T05:40:00,1,10,10,5,40,0.00400000,17.23333333,17.37333333,0.00414033
2001-10-10T05:50:00,1,10,10,5,50,0.00500000,17.16666667,17.34166667,0.00517614
2001-10-10T06:00:00,1,10,10,6,0,0.00600000,17.10000000,17.31000000,0.00621224
2001-10-10T06:10:00,1,10,10,6,10,0.03183333,17.28333333,18.39750000,0.03280016
2001-10-10T06:20:00,1,10,10,6,20,0.05766667,17.46666667,19.48500000,0.05912961
2001-10-10T06:30:00,1,10,10,6,30,0.08350000,17.65000000,20.57250000,0.08520060
2001-10-10T06:40:00,1,10,10,6,40,0.10933333,17.83333333,21.66000000,0.11101313
2001-10-10T06:50:00,1,10,10,6,50,0.13516667,18.01666667,22.74750000,0.13656720
2001-10-10T07:00:00,1,10,10,7,0,0.16100000,18.20000000,23.83500000,0.16186280
2001-10-10T07:10:00,1,10,10,7,10,0.14766667,18.61666667,23.78500000,0.14849198
2001-10-10T07:20:00,1,10,10,7,20,0.13433333,19.03333333,23.73500000,0.13511502
2001-10-10T07:30:00,1,10,10,7,30,0.12100000,19.45000000,23.68500000,0.12173193
2001-10-10T07:40:00,1,10,10,7,40,0.10766667,19.86666667,23.63500000,0.10834271
2001-10-10T07:50:00,1,10,10,7,50,0.09433333,20.28333333,23.58500000,0.09494735
2001-10-10T08:00:00,1,10,10,8,0,0.08100000,20.70000000,23.53500000,0.08154586
2001-10-10T08:10:00,1,10,10,8,10,0.12233333,20.41666667,24.69833333,0.12250309
2001-10-10T08:20:00,1,10,10,8,20,0.16366667,20.13333333,25.86166667,0.16301795
2001-10-10T08:30:00,1,10,10,8,30,0.20500000,19.85000000,27.02500000,0.20309043
2001-10-10T08:40:00,1,10,10,8,40,0.24633333,19.56666667,28.18833333,0.24272053
2001-10-10T08:50:00,1,10,10,8,50,0.28766667,19.28333333,29.35166667,0.28190825
2001-10-10T09:00:00,1,10,10,9,0,0.32900000,19.00000000,30.51500000,0.32065360
2001-10-10T09:10:00,1,10,10,9,10,0.31200000,19.85000000,30.77000000,0.30371890
2001-10-10T09:20:00,1,10,10,9,20,0.29500000,20.70000000,31.02500000,0.28682408
2001-10-10T09:30:00,1,10,10,9,30,0.27800000,21.55000000,31.28000000,0.26996914
2001-10-10T09:40:00,1,10,10,9,40,0.26100000,22.40000000,31.53500000,0.25315408
2001-10-10T09:50:00,1,10,10,9,50,0.24400000,23.25000000,31.79000000,0.23637890
2001-10-10T10:00:00,1,10,10,10,0,0.22700000,24.10000000,32.04500000,0.21964361
2001-10-10T10:10:00,1,10,10,10,10,0.21266667,23.81666667,31.26000000,0.20654272
2001-10-10T10:20:00,1,10,10,10,20,0.19833333,23.53333333,30.47500000,0.19333831
2001-10-10T10:30:00,1,10,10,10,30,0.18400000,23.25000000,29.69000000,0.18003038
2001-10-10T10:40:00,1,10,10,10,40,0.16966667,22.96666667,28.90500000,0.16661894
2001-10-10T10:50:00,1,10,10,10,50,0.15533333,22.68333333,28.12000000,0.15310399
2001-10-10T11:00:00,1,10,10,11,0,0.14100000,22.40000000,27.33500000,0.13948552
2001-10-10T11:10:00,1,10,10,11,10,0.17200000,22.13333333,28.15333333,0.16950508
2001-10-10T11:20:00,1,10,10,11,20,0.20300000,21.86666667,28.97166667,0.19929126
2001-10-10T11:30:00,1,10,10,11,30,0.23400000,21.60000000,29.79000000,0.22884404
2001-10-10T11:40:00,1,10,10,11,40,0.26500000,21.33333333,30.60833333,0.25816344
2001-10-10T11:50:00,1,10,10,11,50,0.29600000,21.06666667,31.42666667,0.28724945
2001-10-10T12:00:00,1,10,10,12,0,0.32700000,20.80000000,32.24500000,0.31610207
2001-10-10T12:10:00,1,10,10,12,10,0.34116667,21.26666667,33.20750000,0.32828609
2001-10-10T12:20:00,1,10,10,12,20,0.35533333,21.73333333,34.17000000,0.34034466
2001-10-10T12:30:00,1,10,10,12,30,0.36950000,22.20000000,35.13250000,0.35227779
2001-10-10T12:40:00,1,10,10,12,40,0.38366667,22.66666667,36.09500000,0.36408547
2001-10-10T12:50:00,1,10,10,12,50,0.39783333,23.13333333,37.05750000,0.37576771
2001-10-10T13:00:00,1,10,10,13,0,0.41200000,23.60000000,38.02000000,0.38732450
2001-10-10T13:10:00,1,10,10,13,10,0.42433333,23.85000000,38.70166667,0.39758859
2001-10-10T13:20:00,1,10,10,13,20,0.43666667,24.10000000,39.38333333,0.40777534
2001-10-10T13:30:00,1,10,10,13,30,0.44900000,24.35000000,40.06500000,0.41788475
2001-10-10T13:40:00,1,10,10,13,40,0.46133333,24.60000000,40.74666667,0.42791681
2001-10-10T13:50:00,1,10,10,13,50,0.47366667,24.85000000,41.42833333,0.43787152
2001-10-10T14:00:00,1,10,10,14,0,0.48600000,25.10000000,42.11000000,0.44774888
2001-10-10T14:10:00,1,10,10,14,10,0.46650000,25.43333333,41.76083333,0.43053293
2001-10-10T14:20:00,1,10,10,14,20,0.44700000,25.76666667,41.41166667,0.41325433
2001-10-10T14:30:00,1,10,10,14,30,0.42750000,26.10000000,41.06250000,0.39591309
2001-10-10T14:40:00,1,10,10,14,40,0.40800000,26.43333333,40.71333333,0.37850922
2001-10-10T14:50:00,1,10,10,14,50,0.38850000,26.76666667,40.36416667,0.36104270
2001-10-10T15:00:00,1,10,10,15,0,0.36900000,27.10000000,40.01500000,0.34351354
2001-10-10T15:10:00,1,10,10,15,10,0.31600000,26.66666667,37.72666667,0.29750052
2001-10-10T15:20:00,1,10,10,15,20,0.26300000,26.23333333,35.43833333,0.25037170
2001-10-10T15:30:00,1,10,10,15,30,0.21000000,25.80000000,33.15000000,0.20212710
2001-10-10T15:40:00,1,10,10,15,40,0.15700000,25.36666667,30.86166667,0.15276670
2001-10-10T15:50:00,1,10,10,15,50,0.10400000,24.93333333,28.57333333,0.10229052
2001-10-10T16:00:00,1,10,10,16,0,0.05100000,24.50000000,26.28500000,0.05069854
2001-10-10T16:10:00,1,10,10,16,10,0.04416667,23.40000000,24.94583333,0.04417767
2001-10-10T16:20:00,1,10,10,16,20,0.03733333,22.30000000,23.60666667,0.03757262
2001-10-10T16:30:00,1,10,10,16,30,0.03050000,21.20000000,22.26750000,0.03088337
2001-10-10T16:40:00,1,10,10,16,40,0.02366667,20.10000000,20.92833333,0.02410994
2001-10-10T16:50:00,1,10,10,16,50,0.01683333,19.00000000,19.58916667,0.01725231
2001-10-10T17:00:00,1,10,10,17,0,0.01000000,17.90000000,18.25000000,0.01031050
2001-10-10T17:10:00,1,10,10,17,10,0.00833333,17.90000000,18.19166667,0.00859432
2001-10-10T17:20:00,1,10,10,17,20,0.00666667,17.90000000,18.13333333,0.00687724
2001-10-10T17:30:00,1,10,10,17,30,0.00500000,17.90000000,18.07500000,0.00515927
2001-10-10T17:40:00,1,10,10,17,40,0.00333333,17.90000000,18.01666667,0.00344041
2001-10-10T17:50:00,1,10,10,17,50,0.00166667,17.90000000,17.95833333,0.00172065
2001-10-10T18:00:00,1,10,10,18,0,0.00000000,17.90000000,17.90000000,0.00000000
2001-10-10T18:10:00,1,10,10,18,10,0.00000000,17.68333333,17.68333333,0.00000000
2001-10-10T18:20:00,1,10,10,18,20,0.00000000,17.46666667,17.46666667,0.00000000
2001-10-10T18:30:00,1,10,10,18,30,0.00000000,17.25000000,17.25000000,0.00000000
2001-10-10T18:40:00,1,10,10,18,40,0.00000000,17.03333333,17.03333333,0.00000000
2001-10-10T18:50:00,1,10,10,18,50,0.00000000,16.81666667,16.81666667,0.00000000
2001-10-10T19:00:00,1,10,10,19,0,0.00000000,16.60000000,16.60000000,0.00000000
2001-10-10T19:10:00,1,10,10,19,10,0.00000000,16.56666667,16.56666667,0.00000000
2001-10-10T19:20:00,1,10,10,19,20,0.00000000,16.53333333,16.53333333,0.00000000
2001-10-10T19:30:00,1,10,10,19,30,0.00000000,16.50000000,16.50000000,0.00000000
2001-10-10T19:40:00,1,10,10,19,40,0.00000000,16.46666667,16.46666667,0.00000000
2001-10-10T19:50:00,1,10,10,19,50,0.00000000,16.43333333,16.43333333,0.00000000
2001-10-10T20:00:00,1,10,10,20,0,0.00000000,16.40000000,16.40000000,0.00000000
2001-10-10T20:10:00,1,10,10,20,10,0.00000000,16.40000000,16.40000000,0.00000000
2001-10-10T20:20:00,1,10,10,20,20,0.00000000,16.40000000,16.40000000,0.00000000
2001-10-10T20:30:00,1,10,10,20,30,0.00000000,16.40000000,16.40000000,0.00000000
2001-10-10T20:40:00,1,10,10,20,40,0.00000000,16.40000000,16.40000000,0.00000000
2001-10-10T20:50:00,1,10,10,20,50,0.00000000,16.40000000,16.40000000,0.00000000
2001-10-10T21:00:00,1,10,10,21,0,0.00000000,16.40000000,16.40000000,0.00000000
2001-10-10T21:10:00,1,10,10,21,10,0.00000000,16.43333333,16.43333333,0.00000000
2001-10-10T21:20:00,1,10,10,21,20,0.00000000,16.46666667,16.46666667,0.00000000
2001-10-10T21:30:00,1,10,10,21,30,0.00000000,16.50000000,16.50000000,0.00000000
2001-10-10T21:40:00,1,10,10,21,40,0.00000000,16.53333333,16.53333333,0.00000000
2001-10-10T21:50:00,1,10,10,21,50,0.00000000,16.56666667,16.56666667,0.00000000
2001-10-10T22:00:00,1,10,10,22,0,0.00000000,16.60000000,16.60000000,0.00000000
2001-10-10T22:10:00,1,10,10,22,10,0.00000000,16.48333333,16.48333333,0.00000000
2001-10-10T22:20:00,1,10,10,22,20,0.00000000,16.36666667,16.36666667,0.00000000
2001-10-10T22:30:00,1,10,10,22,30,0.00000000,16.25000000,16.25000000,0.00000000
2001-10-10T22:40:00,1,10,10,22,40,0.00000000,16.13333333,16.13333333,0.00000000
2001-10-10T22:50:00,1,10,10,22,50,0.00000000,16.01666667,16.01666667,0.00000000
2001-10-10T23:00:00,1,10,10,23,0,0.00000000,15.90000000,15.90000000,0.00000000
2001-10-10T23:10:00,1,10,10,23,10,0.00000000,15.85000000,15.85000000,0.00000000
2001-10-10T23:20:00,1,10,10,23,20,0.00000000,15.80000000,15.80000000,0.00000000
2001-10-10T23:30:00,1,10,10,23,30,0.00000000,15.75000000,15.75000000,0.00000000
2001-10-10T23:40:00,1,10,10,23,40,0.00000000,15.70000000,15.70000000,0.00000000
2001-10-10T23:50:00,1,10,10,23,50,0.00000000,15.65000000,15.65000000,0.00000000
2001-10-11T00:00:00,1,10,11,0,0,0.00000000,15.60000000,15.60000000,0.00000000
2001-10-11T00:10:00,1,10,11,0,10,0.00000000,15.65000000,15.65000000,0.00000000
2001-10-11T00:20:00,1,10,11,0,20,0.00000000,15.70000000,15.70000000,0.00000000
2001-10-11T00:30:00,1,10,11,0,30,0.00000000,15.75000000,15.75000000,0.00000000
2001-10-11T00:40:00,1,10,11,0,40,0.00000000,15.80000000,15.80000000,0.00000000
2001-10-11T00:50:00,1,10,11,0,50,0.00000000,15.85000000,15.85000000,0.00000000
2001-10-11T01:00:00,1,10,11,1,0,0.00000000,15.90000000,15.90000000,0.00000000
2001-10-11T01:10:00,1,10,11,1,10,0.00000000,15.91666667,15.91666667,0.00000000
2001-10-11T01:20:00,1,10,11,1,20,0.00000000,15.93333333,15.93333333,0.00000000
2001-10-11T01:30:00,1,10,11,1,30,0.00000000,15.95000000,15.95000000,0.00000000
2001-10-11T01:40:00,1,10,11,1,40,0.00000000,15.96666667,15.96666667,0.00000000
2001-10-11T01:50:00,1,10,11,1,50,0.00000000,15.98333333,15.98333333,0.00000000
2001-10-11T02:00:00,1,10,11,2,0,0.00000000,16.00000000,16.00000000,0.00000000
2001-10-11T02:10:00,1,10,11,2,10,0.00000000,15.95000000,15.95000000,0.00000000
2001-10-11T02:20:00,1,10,11,2,20,0.00000000,15.90000000,15.90000000,0.00000000
2001-10-11T02:30:00,1,10,11,2,30,0.00000000,15.85000000,15.85000000,0.00000000
2001-10-11T02:40:00,1,10,11,2,40,0.00000000,15.80000000,15.80000000,0.00000000
2001-10-11T02:50:00,1,10,11,2,50,0.00000000,15.75000000,15.75000000,0.00000000
2001-10-11T03:00:00,1,10,11,3,0,0.00000000,15.70000000,15.70000000,0.00000000
2001-10-11T03:10:00,1,10,11,3,10,0.00000000,15.81666667,15.81666667,0.00000000
2001-10-11T03:20:00,1,10,11,3,20,0.00000000,15.93333333,15.93333333,0.00000000
2001-10-11T03:30:00,1,10,11,3,30,0.00000000,16.05000000,16.05000000,0.00000000
2001-10-11T03:40:00,1,10,11,3,40,0.00000000,16.16666667,16.16666667,0.00000000
2001-10-11T03:50:00,1,10,11,3,50,0.00000000,16.28333333,16.28333333,0.00000000
2001-10-11T04:00:00,1,10,11,4,0,0.00000000,16.40000000,16.40000000,0.00000000
2001-10-11T04:10:00,1,10,11,4,10,0.00000000,16.31666667,16.31666667,0.00000000
2001-10-11T04:20:00,1,10,11,4,20,0.00000000,16.23333333,16.23333333,0.00000000
2001-10-11T04:30:00,1,10,11,4,30,0.00000000,16.15000000,16.15000000,0.00000000
2001-10-11T04:40:00,1,10,11,4,40,0.00000000,16.06666667,16.06666667,0.00000000
2001-10-11T04:50:00,1,10,11,4,50,0.00000000,15.98333333,15.98333333,0.00000000
2001-10-11T05:00:00,1,10,11,5,0,0.00000000,15.90000000,15.90000000,0.00000000
2001-10-11T05:10:00,1,10,11,5,10,0.01100000,15.88333333,16.26833333,0.01144182
2001-10-11T05:20:00,1,10,11,5,20,0.02200000,15.86666667,16.63666667,0.02284637
2001-10-11T05:30:00,1,10,11,5,30,0.03300000,15.85000000,17.00500000,0.03421364
2001-10-11T05:40:00,1,10,11,5,40,0.04400000,15.83333333,17.37333333,0.04554364
2001-10-11T05:50:00,1,10,11,5,50,0.05500000,15.81666667,17.74166667,0.05683636
2001-10-11T06:00:00,1,10,11,6,0,0.06600000,15.80000000,18.11000000,0.06809180
2001-10-11T06:10:00,1,10,11,6,10,0.09066667,15.88333333,19.05666667,0.09314543
2001-10-11T06:20:00,1,10,11,6,20,0.11533333,15.96666667,20.00333333,0.11798423
2001-10-11T06:30:00,1,10,11,6,30,0.14000000,16.05000000,20.95000000,0.14260820
2001-10-11T06:40:00,1,10,11,6,40,0.16466667,16.13333333,21.89666667,0.16701734
2001-10-11T06:50:00,1,10,11,6,50,0.18933333,16.21666667,22.84333333,0.19121165
2001-10-11T07:00:00,1,10,11,7,0,0.21400000,16.30000000,23.79000000,0.21519112
2001-10-11T07:10:00,1,10,11,7,10,0.18966667,16.51666667,23.15500000,0.19127637
2001-10-11T07:20:00,1,10,11,7,20,0.16533333,16.73333333,22.52000000,0.16721946
2001-10-11T07:30:00,1,10,11,7,30,0.14100000,16.95000000,21.88500000,0.14302039
2001-10-11T07:40:00,1,10,11,7,40,0.11666667,17.16666667,21.25000000,0.11867917
2001-10-11T07:50:00,1,10,11,7,50,0.09233333,17.38333333,20.61500000,0.09419579
2001-10-11T08:00:00,1,10,11,8,0,0.06800000,17.60000000,19.98000000,0.06957026
2001-10-11T08:10:00,1,10,11,8,10,0.11900000,17.48333333,21.64833333,0.12083470
2001-10-11T08:20:00,1,10,11,8,20,0.17000000,17.36666667,23.31666667,0.17131637
2001-10-11T08:30:00,1,10,11,8,30,0.22100000,17.25000000,24.98500000,0.22101525
2001-10-11T08:40:00,1,10,11,8,40,0.27200000,17.13333333,26.65333333,0.26993135
2001-10-11T08:50:00,1,10,11,8,50,0.32300000,17.01666667,28.32166667,0.31806467
2001-10-11T09:00:00,1,10,11,9,0,0.37400000,16.90000000,29.99000000,0.36541520
2001-10-11T09:10:00,1,10,11,9,10,0.32883333,17.05000000,28.55916667,0.32344962
2001-10-11T09:20:00,1,10,11,9,20,0.28366667,17.20000000,27.12833333,0.28088948
2001-10-11T09:30:00,1,10,11,9,30,0.23850000,17.35000000,25.69750000,0.23773477
2001-10-11T09:40:00,1,10,11,9,40,0.19333333,17.50000000,24.26666667,0.19398551
2001-10-11T09:50:00,1,10,11,9,50,0.14816667,17.65000000,22.83583333,0.14964169
2001-10-11T10:00:00,1,10,11,10,0,0.10300000,17.80000000,21.40500000,0.10470331
2001-10-11T10:10:00,1,10,11,10,10,0.15650000,17.75000000,23.22750000,0.15777602
2001-10-11T10:20:00,1,10,11,10,20,0.21000000,17.70000000,25.05000000,0.20995170
2001-10-11T10:30:00,1,10,11,10,30,0.26350000,17.65000000,26.87250000,0.26123034
2001-10-11T10:40:00,1,10,11,10,40,0.31700000,17.60000000,28.69500000,0.31161195
2001-10-11T10:50:00,1,10,11,10,50,0.37050000,17.55000000,30.51750000,0.36109652
2001-10-11T11:00:00,1,10,11,11,0,0.42400000,17.50000000,32.34000000,0.40968406
2001-10-11T11:10:00,1,10,11,11,10,0.41800000,17.68333333,32.31333333,0.40393792
2001-10-11T11:20:00,1,10,11,11,20,0.41200000,17.86666667,32.28666667,0.39819031
2001-10-11T11:30:00,1,10,11,11,30,0.40600000,18.05000000,32.26000000,0.39244122
2001-10-11T11:40:00,1,10,11,11,40,0.40000000,18.23333333,32.23333333,0.38669067
2001-10-11T11:50:00,1,10,11,11,50,0.39400000,18.41666667,32.20666667,0.38093864
2001-10-11T12:00:00,1,10,11,12,0,0.38800000,18.60000000,32.18000000,0.37518514
2001-10-11T12:10:00,1,10,11,12,10,0.36533333,18.68333333,31.47000000,0.35446028
2001-10-11T12:20:00,1,10,11,12,20,0.34266667,18.76666667,30.76000000,0.33358737
2001-10-11T12:30:00,1,10,11,12,30,0.32000000,18.85000000,30.05000000,0.31256640
2001-10-11T12:40:00,1,10,11,12,40,0.29733333,18.93333333,29.34000000,0.29139737
2001-10-11T12:50:00,1,10,11,12,50,0.27466667,19.01666667,28.63000000,0.27008028
2001-10-11T13:00:00,1,10,11,13,0,0.25200000,19.10000000,27.92000000,0.24861514
2001-10-11T13:10:00,1,10,11,13,10,0.28033333,19.05000000,28.86166667,0.27535359
2001-10-11T13:20:00,1,10,11,13,20,0.30866667,19.00000000,29.80333333,0.30184657
2001-10-11T13:30:00,1,10,11,13,30,0.33700000,18.95000000,30.74500000,0.32809410
2001-10-11T13:40:00,1,10,11,13,40,0.36533333,18.90000000,31.68666667,0.35409617
2001-10-11T13:50:00,1,10,11,13,50,0.39366667,18.85000000,32.62833333,0.37985277
2001-10-11T14:00:00,1,10,11,14,0,0.42200000,18.80000000,33.57000000,0.40536392
2001-10-11T14:10:00,1,10,11,14,10,0.39000000,18.85000000,32.50000000,0.37654500
2001-10-11T14:20:00,1,10,11,14,20,0.35800000,18.90000000,31.43000000,0.34741108
2001-10-11T14:30:00,1,10,11,14,30,0.32600000,18.95000000,30.36000000,0.31796214
2001-10-11T14:40:00,1,10,11,14,40,0.29400000,19.00000000,29.29000000,0.28819820
2001-10-11T14:50:00,1,10,11,14,50,0.26200000,19.05000000,28.22000000,0.25811926
2001-10-11T15:00:00,1,10,11,15,0,0.23000000,19.10000000,27.15000000,0.22772530
2001-10-11T15:10:00,1,10,11,15,10,0.22183333,18.95000000,26.71416667,0.22008414
2001-10-11T15:20:00,1,10,11,15,20,0.21366667,18.80000000,26.27833333,0.21241024
2001-10-11T15:30:00,1,10,11,15,30,0.20550000,18.65000000,25.84250000,0.20470358
2001-10-11T15:40:00,1,10,11,15,40,0.19733333,18.50000000,25.40666667,0.19696419
2001-10-11T15:50:00,1,10,11,15,50,0.18916667,18.35000000,24.97083333,0.18919205
2001-10-11T16:00:00,1,10,11,16,0,0.18100000,18.20000000,24.53500000,0.18138716
2001-10-11T16:10:00,1,10,11,16,10,0.15450000,18.15000000,23.55750000,0.15552518
2001-10-11T16:20:00,1,10,11,16,20,0.12800000,18.10000000,22.58000000,0.12942490
2001-10-11T16:30:00,1,10,11,16,30,0.10150000,18.05000000,21.60250000,0.10308629
2001-10-11T16:40:00,1,10,11,16,40,0.07500000,18.00000000,20.62500000,0.07650937
2001-10-11T16:50:00,1,10,11,16,50,0.04850000,17.95000000,19.64750000,0.04969414
2001-10-11T17:00:00,1,10,11,17,0,0.02200000,17.90000000,18.67000000,0.02264060
2001-10-11T17:10:00,1,10,11,17,10,0.01833333,17.83333333,18.47500000,0.01888361
2001-10-11T17:20:00,1,10,11,17,20,0.01466667,17.76666667,18.28000000,0.01512004
2001-10-11T17:30:00,1,10,11,17,30,0.01100000,17.70000000,18.08500000,0.01134990
2001-10-11T17:40:00,1,10,11,17,40,0.00733333,17.63333333,17.89000000,0.00757318
2001-10-11T17:50:00,1,10,11,17,50,0.00366667,17.56666667,17.69500000,0.00378988
2001-10-11T18:00:00,1,10,11,18,0,0.00000000,17.50000000,17.50000000,0.00000000
2001-10-11T18:10:00,1,10,11,18,10,0.00000000,17.45000000,17.45000000,0.00000000
2001-10-11T18:20:00,1,10,11,18,20,0.00000000,17.40000000,17.40000000,0.00000000
2001-10-11T18:30:00,1,10,11,18,30,0.00000000,17.35000000,17.35000000,0.00000000
2001-10-11T18:40:00,1,10,11,18,40,0.00000000,17.30000000,17.30000000,0.00000000
2001-10-11T18:50:00,1,10,11,18,50,0.00000000,17.25000000,17.25000000,0.00000000
2001-10-11T19:00:00,1,10,11,19,0,0.00000000,17.20000000,17.20000000,0.00000000
2001-10-11T19:10:00,1,10,11,19,10,0.00000000,17.28333333,17.28333333,0.00000000
2001-10-11T19:20:00,1,10,11,19,20,0.00000000,17.36666667,17.36666667,0.00000000
2001-10-11T19:30:00,1,10,11,19,30,0.00000000,17.45000000,17.45000000,0.00000000
2001-10-11T19:40:00,1,10,11,19,40,0.00000000,17.53333333,17.53333333,0.00000000
2001-10-11T19:50:00,1,10,11,19,50,0.00000000,17.61666667,17.61666667,0.00000000
2001-10-11T20:00:00,1,10,11,20,0,0.00000000,17.70000000,17.70000000,0.00000000
2001-10-11T20:10:00,1,10,11,20,10,0.00000000,17.58333333,17.58333333,0.00000000
2001-10-11T20:20:00,1,10,11,20,20,0.00000000,17.46666667,17.46666667,0.00000000
2001-10-11T20:30:00,1,10,11,20,30,0.00000000,17.35000000,17.35000000,0.00000000
2001-10-11T20:40:00,1,10,11,20,40,0.00000000,17.23333333,17.23333333,0.00000000
2001-10-11T20:50:00,1,10,11,20,50,0.00000000,17.11666667,17.11666667,0.00000000
2001-10-11T21:00:00,1,10,11,21,0,0.00000000,17.00000000,17.00000000,0.00000000
2001-10-11T21:10:00,1,10,11,21,10,0.00000000,17.03333333,17.03333333,0.00000000
2001-10-11T21:20:00,1,10,11,21,20,0.00000000,17.06666667,17.06666667,0.00000000
2001-10-11T21:30:00,1,10,11,21,30,0.00000000,17.10000000,17.10000000,0.00000000
2001-10-11T21:40:00,1,10,11,21,40,0.00000000,17.13333333,17.13333333,0.00000000
2001-10-11T21:50:00,1,10,11,21,50,0.00000000,17.16666667,17.16666667,0.00000000
2001-10-11T22:00:00,1,10,11,22,0,0.00000000,17.20000000,17.20000000,0.00000000
2001-10-11T22:10:00,1,10,11,22,10,0.00000000,17.23333333,17.23333333,0.00000000
2001-10-11T22:20:00,1,10,11,22,20,0.00000000,17.26666667,17.26666667,0.00000000
2001-10-11T22:30:00,1,10,11,22,30,0.00000000,17.30000000,17.30000000,0.00000000
2001-10-11T22:40:00,1,10,11,22,40,0.00000000,17.33333333,17.33333333,0.00000000
2001-10-11T22:50:00,1,10,11,22,50,0.00000000,17.36666667,17.36666667,0.00000000
2001-10-11T23:00:00,1,10,11,23,0,0.00000000,17.40000000,17.40000000,0.00000000
2001-10-11T23:10:00,1,10,11,23,10,0.00000000,17.20000000,17.20000000,0.00000000
2001-10-11T23:20:00,1,10,11,23,20,0.00000000,17.00000000,17.00000000,0.00000000
2001-10-11T23:30:00,1,10,11,23,30,0.00000000,16.80000000,16.80000000,0.00000000
2001-10-11T23:40:00,1,10,11,23,40,0.00000000,16.60000000,16.60000000,0.00000000
2001-10-11T23:50:00,1,10,11,23,50,0.00000000,16.40000000,16.40000000,0.00000000
2001-10-12T00:00:00,1,10,12,0,0,0.00000000,16.20000000,16.20000000,0.00000000
2001-10-12T00:10:00,1,10,12,0,10,0.00000000,16.10000000,16.10000000,0.00000000
2001-10-12T00:20:00,1,10,12,0,20,0.00000000,16.00000000,16.00000000,0.00000000
2001-10-12T00:30:00,1,10,12,0,30,0.00000000,15.90000000,15.90000000,0.00000000
2001-10-12T00:40:00,1,10,12,0,40,0.00000000,15.80000000,15.80000000,0.00000000
2001-10-12T00:50:00,1,10,12,0,50,0.00000000,15.70000000,15.70000000,0.00000000
2001-10-12T01:00:00,1,10,12,1,0,0.00000000,15.60000000,15.60000000,0.00000000
2001-10-12T01:10:00,1,10,12,1,10,0.00000000,15.61666667,15.61666667,0.00000000
2001-10-12T01:20:00,1,10,12,1,20,0.00000000,15.63333333,15.63333333,0.00000000
2001-10-12T01:30:00,1,10,12,1,30,0.00000000,15.65000000,15.65000000,0.00000000
2001-10-12T01:40:00,1,10,12,1,40,0.00000000,15.66666667,15.66666667,0.00000000
2001-10-12T01:50:00,1,10,12,1,50,0.00000000,15.68333333,15.68333333,0.00000000
2001-10-12T02:00:00,1,10,12,2,0,0.00000000,15.70000000,15.70000000,0.00000000
2001-10-12T02:10:00,1,10,12,2,10,0.00000000,15.61666667,15.61666667,0.00000000
2001-10-12T02:20:00,1,10,12,2,20,0.00000000,15.53333333,15.53333333,0.00000000
2001-10-12T02:30:00,1,10,12,2,30,0.00000000,15.45000000,15.45000000,0.00000000
2001-10-12T02:40:00,1,10,12,2,40,0.00000000,15.36666667,15.36666667,0.00000000
2001-10-12T02:50:00,1,10,12,2,50,0.00000000,15.28333333,15.28333333,0.00000000
2001-10-12T03:00:00,1,10,12,3,0,0.00000000,15.20000000,15.20000000,0.00000000
2001-10-12T03:10:00,1,10,12,3,10,0.00000000,15.13333333,15.13333333,0.00000000
2001-10-12T03:20:00,1,10,12,3,20,0.00000000,15.06666667,15.06666667,0.00000000
2001-10-12T03:30:00,1,10,12,3,30,0.00000000,15.00000000,15.00000000,0.00000000
2001-10-12T03:40:00,1,10,12,3,40,0.00000000,14.93333333,14.93333333,0.00000000
2001-10-12T03:50:00,1,10,12,3,50,0.00000000,14.86666667,14.86666667,0.00000000
2001-10-12T04:00:00,1,10,12,4,0,0.00000000,14.80000000,14.80000000,0.00000000
2001-10-12T04:10:00,1,10,12,4,10,0.00000000,14.88333333,14.88333333,0.00000000
2001-10-12T04:20:00,1,10,12,4,20,0.00000000,14.96666667,14.96666667,0.00000000
2001-10-12T04:30:00,1,10,12,4,30,0.00000000,15.05000000,15.05000000,0.00000000
2001-10-12T04:40:00,1,10,12,4,40,0.00000000,15.13333333,15.13333333,0.00000000
2001-10-12T04:50:00,1,10,12,4,50,0.00000000,15.21666667,15.21666667,0.00000000
2001-10-12T05:00:00,1,10,12,5,0,0.00000000,15.30000000,15.30000000,0.00000000
2001-10-12T05:10:00,1,10,12,5,10,0.00683333,15.20000000,15.43916667,0.00713386
2001-10-12T05:20:00,1,10,12,5,20,0.01366667,15.10000000,15.57833333,0.01425898
2001-10-12T05:30:00,1,10,12,5,30,0.02050000,15.00000000,15.71750000,0.02137534
2001-10-12T05:40:00,1,10,12,5,40,0.02733333,14.90000000,15.85666667,0.02848296
2001-10-12T05:50:00,1,10,12,5,50,0.03416667,14.80000000,15.99583333,0.03558182
2001-10-12T06:00:00,1,10,12,6,0,0.04100000,14.70000000,16.13500000,0.04267194
2001-10-12T06:10:00,1,10,12,6,10,0.08000000,14.93333333,17.73333333,0.08267413
2001-10-12T06:20:00,1,10,12,6,20,0.11900000,15.16666667,19.33166667,0.12210285
2001-10-12T06:30:00,1,10,12,6,30,0.15800000,15.40000000,20.93000000,0.16095808
2001-10-12T06:40:00,1,10,12,6,40,0.19700000,15.63333333,22.52833333,0.19923982
2001-10-12T06:50:00,1,10,12,6,50,0.23600000,15.86666667,24.12666667,0.23694809
2001-10-12T07:00:00,1,10,12,7,0,0.27500000,16.10000000,25.72500000,0.27408288
2001-10-12T07:10:00,1,10,12,7,10,0.25750000,16.41666667,25.42916667,0.25699165
2001-10-12T07:20:00,1,10,12,7,20,0.24000000,16.73333333,25.13333333,0.23985280
2001-10-12T07:30:00,1,10,12,7,30,0.22250000,17.05000000,24.83750000,0.22266632
2001-10-12T07:40:00,1,10,12,7,40,0.20500000,17.36666667,24.54166667,0.20543221
2001-10-12T07:50:00,1,10,12,7,50,0.18750000,17.68333333,24.24583333,0.18815047
2001-10-12T08:00:00,1,10,12,8,0,0.17000000,18.00000000,23.95000000,0.17082110
2001-10-12T08:10:00,1,10,12,8,10,0.20700000,18.03333333,25.27833333,0.20673497
2001-10-12T08:20:00,1,10,12,8,20,0.24400000,18.06666667,26.60666667,0.24219668
2001-10-12T08:30:00,1,10,12,8,30,0.28100000,18.10000000,27.93500000,0.27720622
2001-10-12T08:40:00,1,10,12,8,40,0.31800000,18.13333333,29.26333333,0.31176360
2001-10-12T08:50:00,1,10,12,8,50,0.35500000,18.16666667,30.59166667,0.34586881
2001-10-12T09:00:00,1,10,12,9,0,0.39200000,18.20000000,31.92000000,0.37952186
2001-10-12T09:10:00,1,10,12,9,10,0.43083333,18.41666667,33.49583333,0.41399601
2001-10-12T09:20:00,1,10,12,9,20,0.46966667,18.63333333,35.07166667,0.44790717
2001-10-12T09:30:00,1,10,12,9,30,0.50850000,18.85000000,36.64750000,0.48125533
2001-10-12T09:40:00,1,10,12,9,40,0.54733333,19.06666667,38.22333333,0.51404051
2001-10-12T09:50:00,1,10,12,9,50,0.58616667,19.28333333,39.79916667,0.54626269
2001-10-12T10:00:00,1,10,12,10,0,0.62500000,19.50000000,41.37500000,0.57792188
2001-10-12T10:10:00,1,10,12,10,10,0.62916667,19.78333333,41.80416667,0.58053261
2001-10-12T10:20:00,1,10,12,10,20,0.63333333,20.06666667,42.23333333,0.58312689
2001-10-12T10:30:00,1,10,12,10,30,0.63750000,20.35000000,42.66250000,0.58570472
2001-10-12T10:40:00,1,10,12,10,40,0.64166667,20.63333333,43.09166667,0.58826610
2001-10-12T10:50:00,1,10,12,10,50,0.64583333,20.91666667,43.52083333,0.59081102
2001-10-12T11:00:00,1,10,12,11,0,0.65000000,21.20000000,43.95000000,0.59333950
2001-10-12T11:10:00,1,10,12,11,10,0.67800000,21.26666667,44.99666667,0.61563440
2001-10-12T11:20:00,1,10,12,11,20,0.70600000,21.33333333,46.04333333,0.63765967
2001-10-12T11:30:00,1,10,12,11,30,0.73400000,21.40000000,47.09000000,0.65941532
2001-10-12T11:40:00,1,10,12,11,40,0.76200000,21.46666667,48.13666667,0.68090136
2001-10-12T11:50:00,1,10,12,11,50,0.79000000,21.53333333,49.18333333,0.70211777
2001-10-12T12:00:00,1,10,12,12,0,0.81800000,21.60000000,50.23000000,0.72306456
2001-10-12T12:10:00,1,10,12,12,10,0.73833333,21.90000000,47.74166667,0.66109505
2001-10-12T12:20:00,1,10,12,12,20,0.65866667,22.20000000,45.25333333,0.59730177
2001-10-12T12:30:00,1,10,12,12,30,0.57900000,22.50000000,42.76500000,0.53168470
2001-10-12T12:40:00,1,10,12,12,40,0.49933333,22.80000000,40.27666667,0.46424385
2001-10-12T12:50:00,1,10,12,12,50,0.41966667,23.10000000,37.78833333,0.39497922
2001-10-12T13:00:00,1,10,12,13,0,0.34000000,23.40000000,35.30000000,0.32389080
2001-10-12T13:10:00,1,10,12,13,10,0.36916667,22.90000000,35.82083333,0.35079109
2001-10-12T13:20:00,1,10,12,13,20,0.39833333,22.40000000,36.34166667,0.37755162
2001-10-12T13:30:00,1,10,12,13,30,0.42750000,21.90000000,36.86250000,0.40417239
2001-10-12T13:40:00,1,10,12,13,40,0.45666667,21.40000000,37.38333333,0.43065341
2001-10-12T13:50:00,1,10,12,13,50,0.48583333,20.90000000,37.90416667,0.45699467
2001-10-12T14:00:00,1,10,12,14,0,0.51500000,20.40000000,38.42500000,0.48319618
2001-10-12T14:10:00,1,10,12,14,10,0.44883333,20.65000000,36.35916667,0.42538082
2001-10-12T14:20:00,1,10,12,14,20,0.38266667,20.90000000,34.29333333,0.36630792
2001-10-12T14:30:00,1,10,12,14,30,0.31650000,21.15000000,32.22750000,0.30597748
2001-10-12T14:40:00,1,10,12,14,40,0.25033333,21.40000000,30.16166667,0.24438950
2001-10-12T14:50:00,1,10,12,14,50,0.18416667,21.65000000,28.09583333,0.18154398
2001-10-12T15:00:00,1,10,12,15,0,0.11800000,21.90000000,26.03000000,0.11744092
2001-10-12T15:10:00,1,10,12,15,10,0.14433333,21.38333333,26.43500000,0.14338059
2001-10-12T15:20:00,1,10,12,15,20,0.17066667,20.86666667,26.84000000,0.16922214
2001-10-12T15:30:00,1,10,12,15,30,0.19700000,20.35000000,27.24500000,0.19496558
2001-10-12T15:40:00,1,10,12,15,40,0.22333333,19.83333333,27.65000000,0.22061090
2001-10-12T15:50:00,1,10,12,15,50,0.24966667,19.31666667,28.05500000,0.24615810
2001-10-12T16:00:00,1,10,12,16,0,0.27600000,18.80000000,28.46000000,0.27160718
2001-10-12T16:10:00,1,10,12,16,10,0.23516667,18.96666667,27.19750000,0.23278948
2001-10-12T16:20:00,1,10,12,16,20,0.19433333,19.13333333,25.93500000,0.19349751
2001-10-12T16:30:00,1,10,12,16,30,0.15350000,19.30000000,24.67250000,0.15373125
2001-10-12T16:40:00,1,10,12,16,40,0.11266667,19.46666667,23.41000000,0.11349071
2001-10-12T16:50:00,1,10,12,16,50,0.07183333,19.63333333,22.14750000,0.07277589
2001-10-12T17:00:00,1,10,12,17,0,0.03100000,19.80000000,20.88500000,0.03158680
2001-10-12T17:10:00,1,10,12,17,10,0.02583333,19.55000000,20.45416667,0.02637353
2001-10-12T17:20:00,1,10,12,17,20,0.02066667,19.30000000,20.02333333,0.02113978
2001-10-12T17:30:00,1,10,12,17,30,0.01550000,19.05000000,19.59250000,0.01588555
2001-10-12T17:40:00,1,10,12,17,40,0.01033333,18.80000000,19.16166667,0.01061085
2001-10-12T17:50:00,1,10,12,17,50,0.00516667,18.55000000,18.73083333,0.00531566
2001-10-12T18:00:00,1,10,12,18,0,0.00000000,18.30000000,18.30000000,0.00000000
2001-10-12T18:10:00,1,10,12,18,10,0.00000000,18.21666667,18.21666667,0.00000000
2001-10-12T18:20:00,1,10,12,18,20,0.00000000,18.13333333,18.13333333,0.00000000
2001-10-12T18:30:00,1,10,12,18,30,0.00000000,18.05000000,18.05000000,0.00000000
2001-10-12T18:40:00,1,10,12,18,40,0.00000000,17.96666667,17.96666667,0.00000000
2001-10-12T18:50:00,1,10,12,18,50,0.00000000,17.88333333,17.88333333,0.00000000
2001-10-12T19:00:00,1,10,12,19,0,0.00000000,17.80000000,17.80000000,0.00000000
2001-10-12T19:10:00,1,10,12,19,10,0.00000000,17.76666667,17.76666667,0.00000000
2001-10-12T19:20:00,1,10,12,19,20,0.00000000,17.73333333,17.73333333,0.00000000
2001-10-12T19:30:00,1,10,12,19,30,0.00000000,17.70000000,17.70000000,0.00000000
2001-10-12T19:40:00,1,10,12,19,40,0.00000000,17.66666667,17.66666667,0.00000000
2001-10-12T19:50:00,1,10,12,19,50,0.00000000,17.63333333,17.63333333,0.00000000
2001-10-12T20:00:00,1,10,12,20,0,0.00000000,17.60000000,17.60000000,0.00000000
2001-10-12T20:10:00,1,10,12,20,10,0.00000000,17.56666667,17.56666667,0.00000000
2001-10-12T20:20:00,1,10,12,20,20,0.00000000,17.53333333,17.53333333,0.00000000
2001-10-12T20:30:00,1,10,12,20,30,0.00000000,17.50000000,17.50000000,0.00000000
2001-10-12T20:40:00,1,10,12,20,40,0.00000000,17.46666667,17.46666667,0.00000000
2001-10-12T20:50:00,1,10,12,20,50,0.00000000,17.43333333,17.43333333,0.00000000
2001-10-12T21:00:00,1,10,12,21,0,0.00000000,17.40000000,17.40000000,0.00000000
2001-10-12T21:10:00,1,10,12,21,10,0.00000000,17.30000000,17.30000000,0.00000000
2001-10-12T21:20:00,1,10,12,21,20,0.00000000,17.20000000,17.20000000,0.00000000
2001-10-12T21:30:00,1,10,12,21,30,0.00000000,17.10000000,17.10000000,0.00000000
2001-10-12T21:40:00,1,10,12,21,40,0.00000000,17.00000000,17.00000000,0.00000000
2001-10-12T21:50:00,1,10,12,21,50,0.00000000,16.90000000,16.90000000,0.00000000
2001-10-12T22:00:00,1,10,12,22,0,0.00000000,16.80000000,16.80000000,0.00000000
2001-10-12T22:10:00,1,10,12,22,10,0.00000000,16.61666667,16.61666667,0.00000000
2001-10-12T22:20:00,1,10,12,22,20,0.00000000,16.43333333,16.43333333,0.00000000
2001-10-12T22:30:00,1,10,12,22,30,0.00000000,16.25000000,16.25000000,0.00000000
2001-10-12T22:40:00,1,10,12,22,40,0.00000000,16.06666667,16.06666667,0.00000000
2001-10-12T22:50:00,1,10,12,22,50,0.00000000,15.88333333,15.88333333,0.00000000
2001-10-12T23:00:00,1,10,12,23,0,0.00000000,15.70000000,15.70000000,0.00000000
2001-10-12T23:10:00,1,10,12,23,10,0.00000000,15.88333333,15.88333333,0.00000000
2001-10-12T23:20:00,1,10,12,23,20,0.00000000,16.06666667,16.06666667,0.00000000
2001-10-12T23:30:00,1,10,12,23,30,0.00000000,16.25000000,16.25000000,0.00000000
2001-10-12T23:40:00,1,10,12,23,40,0.00000000,16.43333333,16.43333333,0.00000000
2001-10-12T23:50:00,1,10,12,23,50,0.00000000,16.61666667,16.61666667,0.00000000
2001-10-13T00:00:00,1,10,13,0,0,0.00000000,16.80000000,16.80000000,0.00000000
2001-10-13T00:10:00,1,10,13,0,10,0.00000000,16.85000000,16.85000000,0.00000000
2001-10-13T00:20:00,1,10,13,0,20,0.00000000,16.90000000,16.90000000,0.00000000
2001-10-13T00:30:00,1,10,13,0,30,0.00000000,16.95000000,16.95000000,0.00000000
2001-10-13T00:40:00,1,10,13,0,40,0.00000000,17.00000000,17.00000000,0.00000000
2001-10-13T00:50:00,1,10,13,0,50,0.00000000,17.05000000,17.05000000,0.00000000
2001-10-13T01:00:00,1,10,13,1,0,0.00000000,17.10000000,17.10000000,0.00000000
2001-10-13T01:10:00,1,10,13,1,10,0.00000000,17.06666667,17.06666667,0.00000000
2001-10-13T01:20:00,1,10,13,1,20,0.00000000,17.03333333,17.03333333,0.00000000
2001-10-13T01:30:00,1,10,13,1,30,0.00000000,17.00000000,17.00000000,0.00000000
2001-10-13T01:40:00,1,10,13,1,40,0.00000000,16.96666667,16.96666667,0.00000000
2001-10-13T01:50:00,1,10,13,1,50,0.00000000,16.93333333,16.93333333,0.00000000
2001-10-13T02:00:00,1,10,13,2,0,0.00000000,16.90000000,16.90000000,0.00000000
2001-10-13T02:10:00,1,10,13,2,10,0.00000000,16.86666667,16.86666667,0.00000000
2001-10-13T02:20:00,1,10,13,2,20,0.00000000,16.83333333,16.83333333,0.00000000
2001-10-13T02:30:00,1,10,13,2,30,0.00000000,16.80000000,16.80000000,0.00000000
2001-10-13T02:40:00,1,10,13,2,40,0.00000000,16.76666667,16.76666667,0.00000000
2001-10-13T02:50:00,1,10,13,2,50,0.00000000,16.73333333,16.73333333,0.00000000
2001-10-13T03:00:00,1,10,13,3,0,0.00000000,16.70000000,16.70000000,0.00000000
2001-10-13T03:10:00,1,10,13,3,10,0.00000000,16.70000000,16.70000000,0.00000000
2001-10-13T03:20:00,1,10,13,3,20,0.00000000,16.70000000,16.70000000,0.00000000
2001-10-13T03:30:00,1,10,13,3,30,0.00000000,16.70000000,16.70000000,0.00000000
2001-10-13T03:40:00,1,10,13,3,40,0.00000000,16.70000000,16.70000000,0.00000000
2001-10-13T03:50:00,1,10,13,3,50,0.00000000,16.70000000,16.70000000,0.00000000
2001-10-13T04:00:00,1,10,13,4,0,0.00000000,16.70000000,16.70000000,0.00000000
2001-10-13T04:10:00,1,10,13,4,10,0.00000000,16.76666667,16.76666667,0.00000000
2001-10-13T04:20:00,1,10,13,4,20,0.00000000,16.83333333,16.83333333,0.00000000
2001-10-13T04:30:00,1,10,13,4,30,0.00000000,16.90000000,16.90000000,0.00000000
2001-10-13T04:40:00,1,10,13,4,40,0.00000000,16.96666667,16.96666667,0.00000000
2001-10-13T04:50:00,1,10,13,4,50,0.00000000,17.03333333,17.03333333,0.00000000
2001-10-13T05:00:00,1,10,13,5,0,0.00000000,17.10000000,17.10000000,0.00000000
2001-10-13T05:10:00,1,10,13,5,10,0.01100000,17.06666667,17.45166667,0.01138195
2001-10-13T05:20:00,1,10,13,5,20,0.02200000,17.03333333,17.80333333,0.02272830
2001-10-13T05:30:00,1,10,13,5,30,0.03300000,17.00000000,18.15500000,0.03403907
2001-10-13T05:40:00,1,10,13,5,40,0.04400000,16.96666667,18.50666667,0.04531425
2001-10-13T05:50:00,1,10,13,5,50,0.05500000,16.93333333,18.85833333,0.05655384
2001-10-13T06:00:00,1,10,13,6,0,0.06600000,16.90000000,19.21000000,0.06775784
2001-10-13T06:10:00,1,10,13,6,10,0.08700000,17.10000000,20.14500000,0.08894297
2001-10-13T06:20:00,1,10,13,6,20,0.10800000,17.30000000,21.08000000,0.10994746
2001-10-13T06:30:00,1,10,13,6,30,0.12900000,17.50000000,22.01500000,0.13077130
2001-10-13T06:40:00,1,10,13,6,40,0.15000000,17.70000000,22.95000000,0.15141450
2001-10-13T06:50:00,1,10,13,6,50,0.17100000,17.90000000,23.88500000,0.17187706
2001-10-13T07:00:00,1,10,13,7,0,0.19200000,18.10000000,24.82000000,0.19215898
2001-10-13T07:10:00,1,10,13,7,10,0.18500000,18.08333333,24.55833333,0.18537586
2001-10-13T07:20:00,1,10,13,7,20,0.17800000,18.06666667,24.29666667,0.17857589
2001-10-13T07:30:00,1,10,13,7,30,0.17100000,18.05000000,24.03500000,0.17175907
2001-10-13T07:40:00,1,10,13,7,40,0.16400000,18.03333333,23.77333333,0.16492540
2001-10-13T07:50:00,1,10,13,7,50,0.15700000,18.01666667,23.51166667,0.15807487
2001-10-13T08:00:00,1,10,13,8,0,0.15000000,18.00000000,23.25000000,0.15120750
2001-10-13T08:10:00,1,10,13,8,10,0.18283333,18.00000000,24.39916667,0.18333865
2001-10-13T08:20:00,1,10,13,8,20,0.21566667,18.00000000,25.54833333,0.21512268
2001-10-13T08:30:00,1,10,13,8,30,0.24850000,18.00000000,26.69750000,0.24655959
2001-10-13T08:40:00,1,10,13,8,40,0.28133333,18.00000000,27.84666667,0.27764937
2001-10-13T08:50:00,1,10,13,8,50,0.31416667,18.00000000,28.99583333,0.30839202
2001-10-13T09:00:00,1,10,13,9,0,0.34700000,18.00000000,30.14500000,0.33878755
2001-10-13T09:10:00,1,10,13,9,10,0.35466667,18.28333333,30.69666667,0.34537274
2001-10-13T09:20:00,1,10,13,9,20,0.36233333,18.56666667,31.24833333,0.35191903
2001-10-13T09:30:00,1,10,13,9,30,0.37000000,18.85000000,31.80000000,0.35842640
2001-10-13T09:40:00,1,10,13,9,40,0.37766667,19.13333333,32.35166667,0.36489486
2001-10-13T09:50:00,1,10,13,9,50,0.38533333,19.41666667,32.90333333,0.37132441
2001-10-13T10:00:00,1,10,13,10,0,0.39300000,19.70000000,33.45500000,0.37771505
2001-10-13T10:10:00,1,10,13,10,10,0.37083333,19.80000000,32.77916667,0.35756337
2001-10-13T10:20:00,1,10,13,10,20,0.34866667,19.90000000,32.10333333,0.33727387
2001-10-13T10:30:00,1,10,13,10,30,0.32650000,20.00000000,31.42750000,0.31684654
2001-10-13T10:40:00,1,10,13,10,40,0.30433333,20.10000000,30.75166667,0.29628138
2001-10-13T10:50:00,1,10,13,10,50,0.28216667,20.20000000,30.07583333,0.27557840
2001-10-13T11:00:00,1,10,13,11,0,0.26000000,20.30000000,29.40000000,0.25473760
2001-10-13T11:10:00,1,10,13,11,10,0.29266667,20.08333333,30.32666667,0.28549555
2001-10-13T11:20:00,1,10,13,11,20,0.32533333,19.86666667,31.25333333,0.31597501
2001-10-13T11:30:00,1,10,13,11,30,0.35800000,19.65000000,32.18000000,0.34617598
2001-10-13T11:40:00,1,10,13,11,40,0.39066667,19.43333333,33.10666667,0.37609845
2001-10-13T11:50:00,1,10,13,11,50,0.42333333,19.21666667,34.03333333,0.40574242
2001-10-13T12:00:00,1,10,13,12,0,0.45600000,19.00000000,34.96000000,0.43510790
2001-10-13T12:10:00,1,10,13,12,10,0.45233333,19.21666667,35.04833333,0.43142543
2001-10-13T12:20:00,1,10,13,12,20,0.44866667,19.43333333,35.13666667,0.42774594
2001-10-13T12:30:00,1,10,13,12,30,0.44500000,19.65000000,35.22500000,0.42406943
2001-10-13T12:40:00,1,10,13,12,40,0.44133333,19.86666667,35.31333333,0.42039589
2001-10-13T12:50:00,1,10,13,12,50,0.43766667,20.08333333,35.40166667,0.41672534
2001-10-13T13:00:00,1,10,13,13,0,0.43400000,20.30000000,35.49000000,0.41305776
2001-10-13T13:10:00,1,10,13,13,10,0.38150000,20.33333333,33.68583333,0.36625723
2001-10-13T13:20:00,1,10,13,13,20,0.32900000,20.36666667,31.88166667,0.31858529
2001-10-13T13:30:00,1,10,13,13,30,0.27650000,20.40000000,30.07750000,0.27004193
2001-10-13T13:40:00,1,10,13,13,40,0.22400000,20.43333333,28.27333333,0.22062716
2001-10-13T13:50:00,1,10,13,13,50,0.17150000,20.46666667,26.46916667,0.17034097
2001-10-13T14:00:00,1,10,13,14,0,0.11900000,20.50000000,24.66500000,0.11918338
2001-10-13T14:10:00,1,10,13,14,10,0.15666667,20.16666667,25.65000000,0.15619823
2001-10-13T14:20:00,1,10,13,14,20,0.19433333,19.83333333,26.63500000,0.19287175
2001-10-13T14:30:00,1,10,13,14,30,0.23200000,19.50000000,27.62000000,0.22920394
2001-10-13T14:40:00,1,10,13,14,40,0.26966667,19.16666667,28.60500000,0.26519478
2001-10-13T14:50:00,1,10,13,14,50,0.30733333,18.83333333,29.59000000,0.30084430
2001-10-13T15:00:00,1,10,13,15,0,0.34500000,18.50000000,30.57500000,0.33615247
2001-10-13T15:10:00,1,10,13,15,10,0.29933333,18.71666667,29.19333333,0.29355939
2001-10-13T15:20:00,1,10,13,15,20,0.25366667,18.93333333,27.81166667,0.25038583
2001-10-13T15:30:00,1,10,13,15,30,0.20800000,19.15000000,26.43000000,0.20663178
2001-10-13T15:40:00,1,10,13,15,40,0.16233333,19.36666667,25.04833333,0.16229724
2001-10-13T15:50:00,1,10,13,15,50,0.11666667,19.58333333,23.66666667,0.11738222
2001-10-13T16:00:00,1,10,13,16,0,0.07100000,19.80000000,22.28500000,0.07188672
2001-10-13T16:10:00,1,10,13,16,10,0.07000000,19.55000000,22.00000000,0.07096600
2001-10-13T16:20:00,1,10,13,16,20,0.06900000,19.30000000,21.71500000,0.07004266
2001-10-13T16:30:00,1,10,13,16,30,0.06800000,19.05000000,21.43000000,0.06911670
2001-10-13T16:40:00,1,10,13,16,40,0.06700000,18.80000000,21.14500000,0.06818811
2001-10-13T16:50:00,1,10,13,16,50,0.06600000,18.55000000,20.86000000,0.06725690
2001-10-13T17:00:00,1,10,13,17,0,0.06500000,18.30000000,20.57500000,0.06632307
2001-10-13T17:10:00,1,10,13,17,10,0.05416667,18.28333333,20.17916667,0.05536786
2001-10-13T17:20:00,1,10,13,17,20,0.04333333,18.26666667,19.78333333,0.04437319
2001-10-13T17:30:00,1,10,13,17,30,0.03250000,18.25000000,19.38750000,0.03333907
2001-10-13T17:40:00,1,10,13,17,40,0.02166667,18.23333333,18.99166667,0.02226550
2001-10-13T17:50:00,1,10,13,17,50,0.01083333,18.21666667,18.59583333,0.01115247
2001-10-13T18:00:00,1,10,13,18,0,0.00000000,18.20000000,18.20000000,0.00000000
2001-10-13T18:10:00,1,10,13,18,10,0.00000000,18.11666667,18.11666667,0.00000000
2001-10-13T18:20:00,1,10,13,18,20,0.00000000,18.03333333,18.03333333,0.00000000
2001-10-13T18:30:00,1,10,13,18,30,0.00000000,17.95000000,17.95000000,0.00000000
2001-10-13T18:40:00,1,10,13,18,40,0.00000000,17.86666667,17.86666667,0.00000000
2001-10-13T18:50:00,1,10,13,18,50,0.00000000,17.78333333,17.78333333,0.00000000
2001-10-13T19:00:00,1,10,13,19,0,0.00000000,17.70000000,17.70000000,0.00000000
2001-10-13T19:10:00,1,10,13,19,10,0.00000000,17.68333333,17.68333333,0.00000000
2001-10-13T19:20:00,1,10,13,19,20,0.00000000,17.66666667,17.66666667,0.00000000
2001-10-13T19:30:00,1,10,13,19,30,0.00000000,17.65000000,17.65000000,0.00000000
2001-10-13T19:40:00,1,10,13,19,40,0.00000000,17.63333333,17.63333333,0.00000000
2001-10-13T19:50:00,1,10,13,19,50,0.00000000,17.61666667,17.61666667,0.00000000
2001-10-13T20:00:00,1,10,13,20,0,0.00000000,17.60000000,17.60000000,0.00000000
2001-10-13T20:10:00,1,10,13,20,10,0.00000000,17.66666667,17.66666667,0.00000000
2001-10-13T20:20:00,1,10,13,20,20,0.00000000,17.73333333,17.73333333,0.00000000
2001-10-13T20:30:00,1,10,13,20,30,0.00000000,17.80000000,17.80000000,0.00000000
2001-10-13T20:40:00,1,10,13,20,40,0.00000000,17.86666667,17.86666667,0.00000000
2001-10-13T20:50:00,1,10,13,20,50,0.00000000,17.93333333,17.93333333,0.00000000
2001-10-13T21:00:00,1,10,13,21,0,0.00000000,18.00000000,18.00000000,0.00000000
2001-10-13T21:10:00,1,10,13,21,10,0.00000000,17.96666667,17.96666667,0.00000000
2001-10-13T21:20:00,1,10,13,21,20,0.00000000,17.93333333,17.93333333,0.00000000
2001-10-13T21:30:00,1,10,13,21,30,0.00000000,17.90000000,17.90000000,0.00000000
2001-10-13T21:40:00,1,10,13,21,40,0.00000000,17.86666667,17.86666667,0.00000000
2001-10-13T21:50:00,1,10,13,21,50,0.00000000,17.83333333,17.83333333,0.00000000
2001-10-13T22:00:00,1,10,13,22,0,0.00000000,17.80000000,17.80000000,0.00000000
2001-10-13T22:10:00,1,10,13,22,10,0.00000000,17.80000000,17.80000000,0.00000000
2001-10-13T22:20:00,1,10,13,22,20,0.00000000,17.80000000,17.80000000,0.00000000
2001-10-13T22:30:00,1,10,13,22,30,0.00000000,17.80000000,17.80000000,0.00000000
2001-10-13T22:40:00,1,10,13,22,40,0.00000000,17.80000000,17.80000000,0.00000000
2001-10-13T22:50:00,1,10,13,22,50,0.00000000,17.80000000,17.80000000,0.00000000
2001-10-13T23:00:00,1,10,13,23,0,0.00000000,17.80000000,17.80000000,0.00000000
2001-10-13T23:10:00,1,10,13,23,10,0.00000000,17.66666667,17.66666667,0.00000000
2001-10-13T23:20:00,1,10,13,23,20,0.00000000,17.53333333,17.53333333,0.00000000
2001-10-13T23:30:00,1,10,13,23,30,0.00000000,17.40000000,17.40000000,0.00000000
2001-10-13T23:40:00,1,10,13,23,40,0.00000000,17.26666667,17.26666667,0.00000000
2001-10-13T23:50:00,1,10,13,23,50,0.00000000,17.13333333,17.13333333,0.00000000
2001-10-14T00:00:00,1,10,14,0,0,0.00000000,17.00000000,17.00000000,0.00000000
2001-10-14T00:10:00,1,10,14,0,10,0.00000000,16.95000000,16.95000000,0.00000000
2001-10-14T00:20:00,1,10,14,0,20,0.00000000,16.90000000,16.90000000,0.00000000
2001-10-14T00:30:00,1,10,14,0,30,0.00000000,16.85000000,16.85000000,0.00000000
2001-10-14T00:40:00,1,10,14,0,40,0.00000000,16.80000000,16.80000000,0.00000000
2001-10-14T00:50:00,1,10,14,0,50,0.00000000,16.75000000,16.75000000,0.00000000
2001-10-14T01:00:00,1,10,14,1,0,0.00000000,16.70000000,16.70000000,0.00000000
2001-10-14T01:10:00,1,10,14,1,10,0.00000000,16.70000000,16.70000000,0.00000000
2001-10-14T01:20:00,1,10,14,1,20,0.00000000,16.70000000,16.70000000,0.00000000
2001-10-14T01:30:00,1,10,14,1,30,0.00000000,16.70000000,16.70000000,0.00000000
2001-10-14T01:40:00,1,10,14,1,40,0.00000000,16.70000000,16.70000000,0.00000000
2001-10-14T01:50:00,1,10,14,1,50,0.00000000,16.70000000,16.70000000,0.00000000
2001-10-14T02:00:00,1,10,14,2,0,0.00000000,16.70000000,16.70000000,0.00000000
2001-10-14T02:10:00,1,10,14,2,10,0.00000000,16.60000000,16.60000000,0.00000000
2001-10-14T02:20:00,1,10,14,2,20,0.00000000,16.50000000,16.50000000,0.00000000
2001-10-14T02:30:00,1,10,14,2,30,0.00000000,16.40000000,16.40000000,0.00000000
2001-10-14T02:40:00,1,10,14,2,40,0.00000000,16.30000000,16.30000000,0.00000000
2001-10-14T02:50:00,1,10,14,2,50,0.00000000,16.20000000,16.20000000,0.00000000
2001-10-14T03:00:00,1,10,14,3,0,0.00000000,16.10000000,16.10000000,0.00000000
2001-10-14T03:10:00,1,10,14,3,10,0.00000000,16.11666667,16.11666667,0.00000000
2001-10-14T03:20:00,1,10,14,3,20,0.00000000,16.13333333,16.13333333,0.00000000
2001-10-14T03:30:00,1,10,14,3,30,0.00000000,16.15000000,16.15000000,0.00000000
2001-10-14T03:40:00,1,10,14,3,40,0.00000000,16.16666667,16.16666667,0.00000000
2001-10-14T03:50:00,1,10,14,3,50,0.00000000,16.18333333,16.18333333,0.00000000
2001-10-14T04:00:00,1,10,14,4,0,0.00000000,16.20000000,16.20000000,0.00000000
2001-10-14T04:10:00,1,10,14,4,10,0.00000000,16.15000000,16.15000000,0.00000000
2001-10-14T04:20:00,1,10,14,4,20,0.00000000,16.10000000,16.10000000,0.00000000
2001-10-14T04:30:00,1,10,14,4,30,0.00000000,16.05000000,16.05000000,0.00000000
2001-10-14T04:40:00,1,10,14,4,40,0.00000000,16.00000000,16.00000000,0.00000000
2001-10-14T04:50:00,1,10,14,4,50,0.00000000,15.95000000,15.95000000,0.00000000
2001-10-14T05:00:00,1,10,14,5,0,0.00000000,15.90000000,15.90000000,0.00000000
2001-10-14T05:10:00,1,10,14,5,10,0.00250000,15.85000000,15.93750000,0.00260422
2001-10-14T05:20:00,1,10,14,5,20,0.00500000,15.80000000,15.97500000,0.00520757
2001-10-14T05:30:00,1,10,14,5,30,0.00750000,15.75000000,16.01250000,0.00781007
2001-10-14T05:40:00,1,10,14,5,40,0.01000000,15.70000000,16.05000000,0.01041170
2001-10-14T05:50:00,1,10,14,5,50,0.01250000,15.65000000,16.08750000,0.01301247
2001-10-14T06:00:00,1,10,14,6,0,0.01500000,15.60000000,16.12500000,0.01561237
2001-10-14T06:10:00,1,10,14,6,10,0.03800000,15.83333333,17.16333333,0.03936985
2001-10-14T06:20:00,1,10,14,6,20,0.06100000,16.06666667,18.20166667,0.06290761
2001-10-14T06:30:00,1,10,14,6,30,0.08400000,16.30000000,19.24000000,0.08622566
2001-10-14T06:40:00,1,10,14,6,40,0.10700000,16.53333333,20.27833333,0.10932400
2001-10-14T06:50:00,1,10,14,6,50,0.13000000,16.76666667,21.31666667,0.13220263
2001-10-14T07:00:00,1,10,14,7,0,0.15300000,17.00000000,22.35500000,0.15486155
2001-10-14T07:10:00,1,10,14,7,10,0.18366667,17.51666667,23.94500000,0.18455800
2001-10-14T07:20:00,1,10,14,7,20,0.21433333,18.03333333,25.53500000,0.21380586
2001-10-14T07:30:00,1,10,14,7,30,0.24500000,18.55000000,27.12500000,0.24260513
2001-10-14T07:40:00,1,10,14,7,40,0.27566667,19.06666667,28.71500000,0.27095580
2001-10-14T07:50:00,1,10,14,7,50,0.30633333,19.58333333,30.30500000,0.29885788
2001-10-14T08:00:00,1,10,14,8,0,0.33700000,20.10000000,31.89500000,0.32631137
2001-10-14T08:10:00,1,10,14,8,10,0.29283333,20.90000000,31.14916667,0.28455020
2001-10-14T08:20:00,1,10,14,8,20,0.24866667,21.70000000,30.40333333,0.24248597
2001-10-14T08:30:00,1,10,14,8,30,0.20450000,22.50000000,29.65750000,0.20011869
2001-10-14T08:40:00,1,10,14,8,40,0.16033333,23.30000000,28.91166667,0.15744835
2001-10-14T08:50:00,1,10,14,8,50,0.11616667,24.10000000,28.16583333,0.11447495
2001-10-14T09:00:00,1,10,14,9,0,0.07200000,24.90000000,27.42000000,0.07119850
2001-10-14T09:10:00,1,10,14,9,10,0.12033333,23.86666667,28.07833333,0.11862937
2001-10-14T09:20:00,1,10,14,9,20,0.16866667,22.83333333,28.73666667,0.16576751
2001-10-14T09:30:00,1,10,14,9,30,0.21700000,21.80000000,29.39500000,0.21261291
2001-10-14T09:40:00,1,10,14,9,40,0.26533333,20.76666667,30.05333333,0.25916557
2001-10-14T09:50:00,1,10,14,9,50,0.31366667,19.73333333,30.71166667,0.30542549
2001-10-14T10:00:00,1,10,14,10,0,0.36200000,18.70000000,31.37000000,0.35139268
2001-10-14T10:10:00,1,10,14,10,10,0.40316667,19.88333333,33.99416667,0.38648638
2001-10-14T10:20:00,1,10,14,10,20,0.44433333,21.06666667,36.61833333,0.42058623
2001-10-14T10:30:00,1,10,14,10,30,0.48550000,22.25000000,39.24250000,0.45369222
2001-10-14T10:40:00,1,10,14,10,40,0.52666667,23.43333333,41.86666667,0.48580436
2001-10-14T10:50:00,1,10,14,10,50,0.56783333,24.61666667,44.49083333,0.51692263
2001-10-14T11:00:00,1,10,14,11,0,0.60900000,25.80000000,47.11500000,0.54704704
2001-10-14T11:10:00,1,10,14,11,10,0.56250000,26.80000000,46.48750000,0.50690109
2001-10-14T11:20:00,1,10,14,11,20,0.51600000,27.80000000,45.86000000,0.46648670
2001-10-14T11:30:00,1,10,14,11,30,0.46950000,28.80000000,45.23250000,0.42580387
2001-10-14T11:40:00,1,10,14,11,40,0.42300000,29.80000000,44.60500000,0.38485259
2001-10-14T11:50:00,1,10,14,11,50,0.37650000,30.80000000,43.97750000,0.34363287
2001-10-14T12:00:00,1,10,14,12,0,0.33000000,31.80000000,43.35000000,0.30214470
2001-10-14T12:10:00,1,10,14,12,10,0.32650000,30.61666667,42.04416667,0.30090137
2001-10-14T12:20:00,1,10,14,12,20,0.32300000,29.43333333,40.73833333,0.29961598
2001-10-14T12:30:00,1,10,14,12,30,0.31950000,28.25000000,39.43250000,0.29828855
2001-10-14T12:40:00,1,10,14,12,40,0.31600000,27.06666667,38.12666667,0.29691908
2001-10-14T12:50:00,1,10,14,12,50,0.31250000,25.88333333,36.82083333,0.29550755
2001-10-14T13:00:00,1,10,14,13,0,0.30900000,24.70000000,35.51500000,0.29405398
2001-10-14T13:10:00,1,10,14,13,10,0.29866667,24.60000000,35.05333333,0.28485473
2001-10-14T13:20:00,1,10,14,13,20,0.28833333,24.50000000,34.59166667,0.27561159
2001-10-14T13:30:00,1,10,14,13,30,0.27800000,24.40000000,34.13000000,0.26632456
2001-10-14T13:40:00,1,10,14,13,40,0.26766667,24.30000000,33.66833333,0.25699364
2001-10-14T13:50:00,1,10,14,13,50,0.25733333,24.20000000,33.20666667,0.24761883
2001-10-14T14:00:00,1,10,14,14,0,0.24700000,24.10000000,32.74500000,0.23820013
2001-10-14T14:10:00,1,10,14,14,10,0.22716667,23.80000000,31.75083333,0.22011227
2001-10-14T14:20:00,1,10,14,14,20,0.20733333,23.50000000,30.75666667,0.20184301
2001-10-14T14:30:00,1,10,14,14,30,0.18750000,23.20000000,29.76250000,0.18339234
2001-10-14T14:40:00,1,10,14,14,40,0.16766667,22.90000000,28.76833333,0.16476028
2001-10-14T14:50:00,1,10,14,14,50,0.14783333,22.60000000,27.77416667,0.14594681
2001-10-14T15:00:00,1,10,14,15,0,0.12800000,22.30000000,26.78000000,0.12695194
2001-10-14T15:10:00,1,10,14,15,10,0.12383333,21.71666667,26.05083333,0.12323474
2001-10-14T15:20:00,1,10,14,15,20,0.11966667,21.13333333,25.32166667,0.11948960
2001-10-14T15:30:00,1,10,14,15,30,0.11550000,20.55000000,24.59250000,0.11571650
2001-10-14T15:40:00,1,10,14,15,40,0.11133333,19.96666667,23.86333333,0.11191546
2001-10-14T15:50:00,1,10,14,15,50,0.10716667,19.38333333,23.13416667,0.10808646
2001-10-14T16:00:00,1,10,14,16,0,0.10300000,18.80000000,22.40500000,0.10422951
2001-10-14T16:10:00,1,10,14,16,10,0.08966667,18.73333333,21.87166667,0.09095700
2001-10-14T16:20:00,1,10,14,16,20,0.07633333,18.66666667,21.33833333,0.07761907
2001-10-14T16:30:00,1,10,14,16,30,0.06300000,18.60000000,20.80500000,0.06421571
2001-10-14T16:40:00,1,10,14,16,40,0.04966667,18.53333333,20.27166667,0.05074693
2001-10-14T16:50:00,1,10,14,16,50,0.03633333,18.46666667,19.73833333,0.03721273
2001-10-14T17:00:00,1,10,14,17,0,0.02300000,18.40000000,19.20500000,0.02361311
2001-10-14T17:10:00,1,10,14,17,10,0.01916667,18.06666667,18.73750000,0.01971881
2001-10-14T17:20:00,1,10,14,17,20,0.01533333,17.73333333,18.27000000,0.01580802
2001-10-14T17:30:00,1,10,14,17,30,0.01150000,17.40000000,17.80250000,0.01188075
2001-10-14T17:40:00,1,10,14,17,40,0.00766667,17.06666667,17.33500000,0.00793699
2001-10-14T17:50:00,1,10,14,17,50,0.00383333,16.73333333,16.86750000,0.00397674
2001-10-14T18:00:00,1,10,14,18,0,0.00000000,16.40000000,16.40000000,0.00000000
2001-10-14T18:10:00,1,10,14,18,10,0.00000000,16.23333333,16.23333333,0.00000000
2001-10-14T18:20:00,1,10,14,18,20,0.00000000,16.06666667,16.06666667,0.00000000
2001-10-14T18:30:00,1,10,14,18,30,0.00000000,15.90000000,15.90000000,0.00000000
2001-10-14T18:40:00,1,10,14,18,40,0.00000000,15.73333333,15.73333333,0.00000000
2001-10-14T18:50:00,1,10,14,18,50,0.00000000,15.56666667,15.56666667,0.00000000
2001-10-14T19:00:00,1,10,14,19,0,0.00000000,15.40000000,15.40000000,0.00000000
2001-10-14T19:10:00,1,10,14,19,10,0.00000000,15.30000000,15.30000000,0.00000000
2001-10-14T19:20:00,1,10,14,19,20,0.00000000,15.20000000,15.20000000,0.00000000
2001-10-14T19:30:00,1,10,14,19,30,0.00000000,15.10000000,15.10000000,0.00000000
2001-10-14T19:40:00,1,10,14,19,40,0.00000000,15.00000000,15.00000000,0.00000000
2001-10-14T19:50:00,1,10,14,19,50,0.00000000,14.90000000,14.90000000,0.00000000
2001-10-14T20:00:00,1,10,14,20,0,0.00000000,14.80000000,14.80000000,0.00000000
2001-10-14T20:10:00,1,10,14,20,10,0.00000000,14.80000000,14.80000000,0.00000000
2001-10-14T20:20:00,1,10,14,20,20,0.00000000,14.80000000,14.80000000,0.00000000
2001-10-14T20:30:00,1,10,14,20,30,0.00000000,14.80000000,14.80000000,0.00000000
2001-10-14T20:40:00,1,10,14,20,40,0.00000000,14.80000000,14.80000000,0.00000000
2001-10-14T20:50:00,1,10,14,20,50,0.00000000,14.80000000,14.80000000,0.00000000
2001-10-14T21:00:00,1,10,14,21,0,0.00000000,14.80000000,14.80000000,0.00000000
2001-10-14T21:10:00,1,10,14,21,10,0.00000000,14.71666667,14.71666667,0.00000000
2001-10-14T21:20:00,1,10,14,21,20,0.00000000,14.63333333,14.63333333,0.00000000
2001-10-14T21:30:00,1,10,14,21,30,0.00000000,14.55000000,14.55000000,0.00000000
2001-10-14T21:40:00,1,10,14,21,40,0.00000000,14.46666667,14.46666667,0.00000000
2001-10-14T21:50:00,1,10,14,21,50,0.00000000,14.38333333,14.38333333,0.00000000
2001-10-14T22:00:00,1,10,14,22,0,0.00000000,14.30000000,14.30000000,0.00000000
2001-10-14T22:10:00,1,10,14,22,10,0.00000000,14.26666667,14.26666667,0.00000000
2001-10-14T22:20:00,1,10,14,22,20,0.00000000,14.23333333,14.23333333,0.00000000
2001-10-14T22:30:00,1,10,14,22,30,0.00000000,14.20000000,14.20000000,0.00000000
2001-10-14T22:40:00,1,10,14,22,40,0.00000000,14.16666667,14.16666667,0.00000000
2001-10-14T22:50:00,1,10,14,22,50,0.00000000,14.13333333,14.13333333,0.00000000
2001-10-14T23:00:00,1,10,14,23,0,0.00000000,14.10000000,14.10000000,0.00000000
2001-10-14T23:10:00,1,10,14,23,10,0.00000000,14.23333333,14.23333333,0.00000000
2001-10-14T23:20:00,1,10,14,23,20,0.00000000,14.36666667,14.36666667,0.00000000
2001-10-14T23:30:00,1,10,14,23,30,0.00000000,14.50000000,14.50000000,0.00000000
2001-10-14T23:40:00,1,10,14,23,40,0.00000000,14.63333333,14.63333333,0.00000000
2001-10-14T23:50:00,1,10,14,23,50,0.00000000,14.76666667,14.76666667,0.00000000
2001-10-15T00:00:00,1,10,15,0,0,0.00000000,14.90000000,14.90000000,0.00000000
2001-10-15T00:10:00,1,10,15,0,10,0.00000000,14.91666667,14.91666667,0.00000000
2001-10-15T00:20:00,1,10,15,0,20,0.00000000,14.93333333,14.93333333,0.00000000
2001-10-15T00:30:00,1,10,15,0,30,0.00000000,14.95000000,14.95000000,0.00000000
2001-10-15T00:40:00,1,10,15,0,40,0.00000000,14.96666667,14.96666667,0.00000000
2001-10-15T00:50:00,1,10,15,0,50,0.00000000,14.98333333,14.98333333,0.00000000
2001-10-15T01:00:00,1,10,15,1,0,0.00000000,15.00000000,15.00000000,0.00000000
2001-10-15T01:10:00,1,10,15,1,10,0.00000000,14.98333333,14.98333333,0.00000000
2001-10-15T01:20:00,1,10,15,1,20,0.00000000,14.96666667,14.96666667,0.00000000
2001-10-15T01:30:00,1,10,15,1,30,0.00000000,14.95000000,14.95000000,0.00000000
2001-10-15T01:40:00,1,10,15,1,40,0.00000000,14.93333333,14.93333333,0.00000000
2001-10-15T01:50:00,1,10,15,1,50,0.00000000,14.91666667,14.91666667,0.00000000
2001-10-15T02:00:00,1,10,15,2,0,0.00000000,14.90000000,14.90000000,0.00000000
2001-10-15T02:10:00,1,10,15,2,10,0.00000000,14.86666667,14.86666667,0.00000000
2001-10-15T02:20:00,1,10,15,2,20,0.00000000,14.83333333,14.83333333,0.00000000
2001-10-15T02:30:00,1,10,15,2,30,0.00000000,14.80000000,14.80000000,0.00000000
2001-10-15T02:40:00,1,10,15,2,40,0.00000000,14.76666667,14.76666667,0.00000000
2001-10-15T02:50:00,1,10,15,2,50,0.00000000,14.73333333,14.73333333,0.00000000
2001-10-15T03:00:00,1,10,15,3,0,0.00000000,14.70000000,14.70000000,0.00000000
2001-10-15T03:10:00,1,10,15,3,10,0.00000000,14.71666667,14.71666667,0.00000000
2001-10-15T03:20:00,1,10,15,3,20,0.00000000,14.73333333,14.73333333,0.00000000
2001-10-15T03:30:00,1,10,15,3,30,0.00000000,14.75000000,14.75000000,0.00000000
2001-10-15T03:40:00,1,10,15,3,40,0.00000000,14.76666667,14.76666667,0.00000000
2001-10-15T03:50:00,1,10,15,3,50,0.00000000,14.78333333,14.78333333,0.00000000
2001-10-15T04:00:00,1,10,15,4,0,0.00000000,14.80000000,14.80000000,0.00000000
2001-10-15T04:10:00,1,10,15,4,10,0.00000000,14.86666667,14.86666667,0.00000000
2001-10-15T04:20:00,1,10,15,4,20,0.00000000,14.93333333,14.93333333,0.00000000
2001-10-15T04:30:00,1,10,15,4,30,0.00000000,15.00000000,15.00000000,0.00000000
2001-10-15T04:40:00,1,10,15,4,40,0.00000000,15.06666667,15.06666667,0.00000000
2001-10-15T04:50:00,1,10,15,4,50,0.00000000,15.13333333,15.13333333,0.00000000
2001-10-15T05:00:00,1,10,15,5,0,0.00000000,15.20000000,15.20000000,0.00000000
2001-10-15T05:10:00,1,10,15,5,10,0.00283333,15.21666667,15.31583333,0.00295955
2001-10-15T05:20:00,1,10,15,5,20,0.00566667,15.23333333,15.43166667,0.00591608
2001-10-15T05:30:00,1,10,15,5,30,0.00850000,15.25000000,15.54750000,0.00886959
2001-10-15T05:40:00,1,10,15,5,40,0.01133333,15.26666667,15.66333333,0.01182008
2001-10-15T05:50:00,1,10,15,5,50,0.01416667,15.28333333,15.77916667,0.01476756
2001-10-15T06:00:00,1,10,15,6,0,0.01700000,15.30000000,15.89500000,0.01771201
2001-10-15T06:10:00,1,10,15,6,10,0.02150000,15.36666667,16.11916667,0.02237831
2001-10-15T06:20:00,1,10,15,6,20,0.02600000,15.43333333,16.34333333,0.02703534
2001-10-15T06:30:00,1,10,15,6,30,0.03050000,15.50000000,16.56750000,0.03168308
2001-10-15T06:40:00,1,10,15,6,40,0.03500000,15.56666667,16.79166667,0.03632154
2001-10-15T06:50:00,1,10,15,6,50,0.03950000,15.63333333,17.01583333,0.04095072
2001-10-15T07:00:00,1,10,15,7,0,0.04400000,15.70000000,17.24000000,0.04557062
2001-10-15T07:10:00,1,10,15,7,10,0.04916667,15.55000000,17.27083333,0.05091475
2001-10-15T07:20:00,1,10,15,7,20,0.05433333,15.40000000,17.30166667,0.05625740
2001-10-15T07:30:00,1,10,15,7,30,0.05950000,15.25000000,17.33250000,0.06159859
2001-10-15T07:40:00,1,10,15,7,40,0.06466667,15.10000000,17.36333333,0.06693832
2001-10-15T07:50:00,1,10,15,7,50,0.06983333,14.95000000,17.39416667,0.07227658
2001-10-15T08:00:00,1,10,15,8,0,0.07500000,14.80000000,17.42500000,0.07761337
2001-10-15T08:10:00,1,10,15,8,10,0.07966667,14.88333333,17.67166667,0.08235226
2001-10-15T08:20:00,1,10,15,8,20,0.08433333,14.96666667,17.91833333,0.08708055
2001-10-15T08:30:00,1,10,15,8,30,0.08900000,15.05000000,18.16500000,0.09179825
2001-10-15T08:40:00,1,10,15,8,40,0.09366667,15.13333333,18.41166667,0.09650536
2001-10-15T08:50:00,1,10,15,8,50,0.09833333,15.21666667,18.65833333,0.10120188
2001-10-15T09:00:00,1,10,15,9,0,0.10300000,15.30000000,18.90500000,0.10588781
2001-10-15T09:10:00,1,10,15,9,10,0.10666667,15.21666667,18.95000000,0.10963520
2001-10-15T09:20:00,1,10,15,9,20,0.11033333,15.13333333,18.99500000,0.11338107
2001-10-15T09:30:00,1,10,15,9,30,0.11400000,15.05000000,19.04000000,0.11712542
2001-10-15T09:40:00,1,10,15,9,40,0.11766667,14.96666667,19.08500000,0.12086826
2001-10-15T09:50:00,1,10,15,9,50,0.12133333,14.88333333,19.13000000,0.12460958
2001-10-15T10:00:00,1,10,15,10,0,0.12500000,14.80000000,19.17500000,0.12834937
2001-10-15T10:10:00,1,10,15,10,10,0.12700000,14.86666667,19.31166667,0.13032312
2001-10-15T10:20:00,1,10,15,10,20,0.12900000,14.93333333,19.44833333,0.13229436
2001-10-15T10:30:00,1,10,15,10,30,0.13100000,15.00000000,19.58500000,0.13426308
2001-10-15T10:40:00,1,10,15,10,40,0.13300000,15.06666667,19.72166667,0.13622928
2001-10-15T10:50:00,1,10,15,10,50,0.13500000,15.13333333,19.85833333,0.13819297
2001-10-15T11:00:00,1,10,15,11,0,0.13700000,15.20000000,19.99500000,0.14015415
2001-10-15T11:10:00,1,10,15,11,10,0.13700000,15.08333333,19.87833333,0.14022767
2001-10-15T11:20:00,1,10,15,11,20,0.13700000,14.96666667,19.76166667,0.14030120
2001-10-15T11:30:00,1,10,15,11,30,0.13700000,14.85000000,19.64500000,0.14037472
2001-10-15T11:40:00,1,10,15,11,40,0.13700000,14.73333333,19.52833333,0.14044824
2001-10-15T11:50:00,1,10,15,11,50,0.13700000,14.61666667,19.41166667,0.14052177
2001-10-15T12:00:00,1,10,15,12,0,0.13700000,14.50000000,19.29500000,0.14059529
2001-10-15T12:10:00,1,10,15,12,10,0.13500000,14.55000000,19.27500000,0.13855523
2001-10-15T12:20:00,1,10,15,12,20,0.13300000,14.60000000,19.25500000,0.13651479
2001-10-15T12:30:00,1,10,15,12,30,0.13100000,14.65000000,19.23500000,0.13447399
2001-10-15T12:40:00,1,10,15,12,40,0.12900000,14.70000000,19.21500000,0.13243282
2001-10-15T12:50:00,1,10,15,12,50,0.12700000,14.75000000,19.19500000,0.13039128
2001-10-15T13:00:00,1,10,15,13,0,0.12500000,14.80000000,19.17500000,0.12834937
2001-10-15T13:10:00,1,10,15,13,10,0.12133333,14.86666667,19.11333333,0.12461888
2001-10-15T13:20:00,1,10,15,13,20,0.11766667,14.93333333,19.05166667,0.12088630
2001-10-15T13:30:00,1,10,15,13,30,0.11400000,15.00000000,18.99000000,0.11715164
2001-10-15T13:40:00,1,10,15,13,40,0.11033333,15.06666667,18.92833333,0.11341491
2001-10-15T13:50:00,1,10,15,13,50,0.10666667,15.13333333,18.86666667,0.10967609
2001-10-15T14:00:00,1,10,15,14,0,0.10300000,15.20000000,18.80500000,0.10593519
2001-10-15T14:10:00,1,10,15,14,10,0.09833333,15.21666667,18.65833333,0.10120188
2001-10-15T14:20:00,1,10,15,14,20,0.09366667,15.23333333,18.51166667,0.09646227
2001-10-15T14:30:00,1,10,15,14,30,0.08900000,15.25000000,18.36500000,0.09171637
2001-10-15T14:40:00,1,10,15,14,40,0.08433333,15.26666667,18.21833333,0.08696417
2001-10-15T14:50:00,1,10,15,14,50,0.07966667,15.28333333,18.07166667,0.08220567
2001-10-15T15:00:00,1,10,15,15,0,0.07500000,15.30000000,17.92500000,0.07744088
2001-10-15T15:10:00,1,10,15,15,10,0.06983333,15.31666667,17.76083333,0.07215879
2001-10-15T15:20:00,1,10,15,15,20,0.06466667,15.33333333,17.59666667,0.06686891
2001-10-15T15:30:00,1,10,15,15,30,0.05950000,15.35000000,17.43250000,0.06157122
2001-10-15T15:40:00,1,10,15,15,40,0.05433333,15.36666667,17.26833333,0.05626573
2001-10-15T15:50:00,1,10,15,15,50,0.04916667,15.38333333,17.10416667,0.05095244
2001-10-15T16:00:00,1,10,15,16,0,0.04400000,15.40000000,16.94000000,0.04563134
2001-10-15T16:10:00,1,10,15,16,10,0.03950000,15.33333333,16.71583333,0.04100523
2001-10-15T16:20:00,1,10,15,16,20,0.03500000,15.26666667,16.49166667,0.03636984
2001-10-15T16:30:00,1,10,15,16,30,0.03050000,15.20000000,16.26750000,0.03172517
2001-10-15T16:40:00,1,10,15,16,40,0.02600000,15.13333333,16.04333333,0.02707122
2001-10-15T16:50:00,1,10,15,16,50,0.02150000,15.06666667,15.81916667,0.02240798
2001-10-15T17:00:00,1,10,15,17,0,0.01700000,15.00000000,15.59500000,0.01773547
2001-10-15T17:10:00,1,10,15,17,10,0.01416667,15.03333333,15.52916667,0.01478385
2001-10-15T17:20:00,1,10,15,17,20,0.01133333,15.06666667,15.46333333,0.01183051
2001-10-15T17:30:00,1,10,15,17,30,0.00850000,15.10000000,15.39750000,0.00887546
2001-10-15T17:40:00,1,10,15,17,40,0.00566667,15.13333333,15.33166667,0.00591869
2001-10-15T17:50:00,1,10,15,17,50,0.00283333,15.16666667,15.26583333,0.00296020
2001-10-15T18:00:00,1,10,15,18,0,0.00000000,15.20000000,15.20000000,0.00000000
2001-10-15T18:10:00,1,10,15,18,10,0.00000000,15.28333333,15.28333333,0.00000000
2001-10-15T18:20:00,1,10,15,18,20,0.00000000,15.36666667,15.36666667,0.00000000
2001-10-15T18:30:00,1,10,15,18,30,0.00000000,15.45000000,15.45000000,0.00000000
2001-10-15T18:40:00,1,10,15,18,40,0.00000000,15.53333333,15.53333333,0.00000000
2001-10-15T18:50:00,1,10,15,18,50,0.00000000,15.61666667,15.61666667,0.00000000
2001-10-15T19:00:00,1,10,15,19,0,0.00000000,15.70000000,15.70000000,0.00000000
2001-10-15T19:10:00,1,10,15,19,10,0.00000000,15.68333333,15.68333333,0.00000000
2001-10-15T19:20:00,1,10,15,19,20,0.00000000,15.66666667,15.66666667,0.00000000
2001-10-15T19:30:00,1,10,15,19,30,0.00000000,15.65000000,15.65000000,0.00000000
2001-10-15T19:40:00,1,10,15,19,40,0.00000000,15.63333333,15.63333333,0.00000000
2001-10-15T19:50:00,1,10,15,19,50,0.00000000,15.61666667,15.61666667,0.00000000
2001-10-15T20:00:00,1,10,15,20,0,0.00000000,15.60000000,15.60000000,0.00000000
2001-10-15T20:10:00,1,10,15,20,10,0.00000000,15.68333333,15.68333333,0.00000000
2001-10-15T20:20:00,1,10,15,20,20,0.00000000,15.76666667,15.76666667,0.00000000
2001-10-15T20:30:00,1,10,15,20,30,0.00000000,15.85000000,15.85000000,0.00000000
2001-10-15T20:40:00,1,10,15,20,40,0.00000000,15.93333333,15.93333333,0.00000000
2001-10-15T20:50:00,1,10,15,20,50,0.00000000,16.01666667,16.01666667,0.00000000
2001-10-15T21:00:00,1,10,15,21,0,0.00000000,16.10000000,16.10000000,0.00000000
2001-10-15T21:10:00,1,10,15,21,10,0.00000000,16.06666667,16.06666667,0.00000000
2001-10-15T21:20:00,1,10,15,21,20,0.00000000,16.03333333,16.03333333,0.00000000
2001-10-15T21:30:00,1,10,15,21,30,0.00000000,16.00000000,16.00000000,0.00000000
2001-10-15T21:40:00,1,10,15,21,40,0.00000000,15.96666667,15.96666667,0.00000000
2001-10-15T21:50:00,1,10,15,21,50,0.00000000,15.93333333,15.93333333,0.00000000
2001-10-15T22:00:00,1,10,15,22,0,0.00000000,15.90000000,15.90000000,0.00000000
2001-10-15T22:10:00,1,10,15,22,10,0.00000000,15.93333333,15.93333333,0.00000000
2001-10-15T22:20:00,1,10,15,22,20,0.00000000,15.96666667,15.96666667,0.00000000
2001-10-15T22:30:00,1,10,15,22,30,0.00000000,16.00000000,16.00000000,0.00000000
2001-10-15T22:40:00,1,10,15,22,40,0.00000000,16.03333333,16.03333333,0.00000000
2001-10-15T22:50:00,1,10,15,22,50,0.00000000,16.06666667,16.06666667,0.00000000
2001-10-15T23:00:00,1,10,15,23,0,0.00000000,16.10000000,16.10000000,0.00000000
2001-10-15T23:10:00,1,10,15,23,10,0.00000000,15.90000000,15.90000000,0.00000000
2001-10-15T23:20:00,1,10,15,23,20,0.00000000,15.70000000,15.70000000,0.00000000
2001-10-15T23:30:00,1,10,15,23,30,0.00000000,15.50000000,15.50000000,0.00000000
2001-10-15T23:40:00,1,10,15,23,40,0.00000000,15.30000000,15.30000000,0.00000000
2001-10-15T23:50:00,1,10,15,23,50,0.00000000,15.10000000,15.10000000,0.00000000
2001-10-16T00:00:00,1,10,16,0,0,0.00000000,14.90000000,14.90000000,0.00000000
2001-10-16T00:10:00,1,10,16,0,10,0.00000000,14.76666667,14.76666667,0.00000000
2001-10-16T00:20:00,1,10,16,0,20,0.00000000,14.63333333,14.63333333,0.00000000
2001-10-16T00:30:00,1,10,16,0,30,0.00000000,14.50000000,14.50000000,0.00000000
2001-10-16T00:40:00,1,10,16,0,40,0.00000000,14.36666667,14.36666667,0.00000000
2001-10-16T00:50:00,1,10,16,0,50,0.00000000,14.23333333,14.23333333,0.00000000
2001-10-16T01:00:00,1,10,16,1,0,0.00000000,14.10000000,14.10000000,0.00000000
2001-10-16T01:10:00,1,10,16,1,10,0.00000000,14.05000000,14.05000000,0.00000000
2001-10-16T01:20:00,1,10,16,1,20,0.00000000,14.00000000,14.00000000,0.00000000
2001-10-16T01:30:00,1,10,16,1,30,0.00000000,13.95000000,13.95000000,0.00000000
2001-10-16T01:40:00,1,10,16,1,40,0.00000000,13.90000000,13.90000000,0.00000000
2001-10-16T01:50:00,1,10,16,1,50,0.00000000,13.85000000,13.85000000,0.00000000
2001-10-16T02:00:00,1,10,16,2,0,0.00000000,13.80000000,13.80000000,0.00000000
2001-10-16T02:10:00,1,10,16,2,10,0.00000000,13.75000000,13.75000000,0.00000000
2001-10-16T02:20:00,1,10,16,2,20,0.00000000,13.70000000,13.70000000,0.00000000
2001-10-16T02:30:00,1,10,16,2,30,0.00000000,13.65000000,13.65000000,0.00000000
2001-10-16T02:40:00,1,10,16,2,40,0.00000000,13.60000000,13.60000000,0.00000000
2001-10-16T02:50:00,1,10,16,2,50,0.00000000,13.55000000,13.55000000,0.00000000
2001-10-16T03:00:00,1,10,16,3,0,0.00000000,13.50000000,13.50000000,0.00000000
2001-10-16T03:10:00,1,10,16,3,10,0.00000000,13.51666667,13.51666667,0.00000000
2001-10-16T03:20:00,1,10,16,3,20,0.00000000,13.53333333,13.53333333,0.00000000
2001-10-16T03:30:00,1,10,16,3,30,0.00000000,13.55000000,13.55000000,0.00000000
2001-10-16T03:40:00,1,10,16,3,40,0.00000000,13.56666667,13.56666667,0.00000000
2001-10-16T03:50:00,1,10,16,3,50,0.00000000,13.58333333,13.58333333,0.00000000
2001-10-16T04:00:00,1,10,16,4,0,0.00000000,13.60000000,13.60000000,0.00000000
2001-10-16T04:10:00,1,10,16,4,10,0.00000000,13.63333333,13.63333333,0.00000000
2001-10-16T04:20:00,1,10,16,4,20,0.00000000,13.66666667,13.66666667,0.00000000
2001-10-16T04:30:00,1,10,16,4,30,0.00000000,13.70000000,13.70000000,0.00000000
2001-10-16T04:40:00,1,10,16,4,40,0.00000000,13.73333333,13.73333333,0.00000000
2001-10-16T04:50:00,1,10,16,4,50,0.00000000,13.76666667,13.76666667,0.00000000
2001-10-16T05:00:00,1,10,16,5,0,0.00000000,13.80000000,13.80000000,0.00000000
2001-10-16T05:10:00,1,10,16,5,10,0.00583333,13.85000000,14.05416667,0.00612705
2001-10-16T05:20:00,1,10,16,5,20,0.01166667,13.90000000,14.30833333,0.01224045
2001-10-16T05:30:00,1,10,16,5,30,0.01750000,13.95000000,14.56250000,0.01834022
2001-10-16T05:40:00,1,10,16,5,40,0.02333333,14.00000000,14.81666667,0.02442634
2001-10-16T05:50:00,1,10,16,5,50,0.02916667,14.05000000,15.07083333,0.03049883
2001-10-16T06:00:00,1,10,16,6,0,0.03500000,14.10000000,15.32500000,0.03655768
2001-10-16T06:10:00,1,10,16,6,10,0.08750000,14.36666667,17.42916667,0.09054726
2001-10-16T06:20:00,1,10,16,6,20,0.14000000,14.63333333,19.53333333,0.14352053
2001-10-16T06:30:00,1,10,16,6,30,0.19250000,14.90000000,21.63750000,0.19547749
2001-10-16T06:40:00,1,10,16,6,40,0.24500000,15.16666667,23.74166667,0.24641814
2001-10-16T06:50:00,1,10,16,6,50,0.29750000,15.43333333,25.84583333,0.29634248
2001-10-16T07:00:00,1,10,16,7,0,0.35000000,15.70000000,27.95000000,0.34525050
2001-10-16T07:10:00,1,10,16,7,10,0.33233333,16.00000000,27.63166667,0.32831022
2001-10-16T07:20:00,1,10,16,7,20,0.31466667,16.30000000,27.31333333,0.31131819
2001-10-16T07:30:00,1,10,16,7,30,0.29700000,16.60000000,26.99500000,0.29427443
2001-10-16T07:40:00,1,10,16,7,40,0.27933333,16.90000000,26.67666667,0.27717893
2001-10-16T07:50:00,1,10,16,7,50,0.26166667,17.20000000,26.35833333,0.26003169
2001-10-16T08:00:00,1,10,16,8,0,0.24400000,17.50000000,26.04000000,0.24283270
2001-10-16T08:10:00,1,10,16,8,10,0.25850000,17.38333333,26.43083333,0.25679860
2001-10-16T08:20:00,1,10,16,8,20,0.27300000,17.26666667,26.82166667,0.27071235
2001-10-16T08:30:00,1,10,16,8,30,0.28750000,17.15000000,27.21250000,0.28457397
2001-10-16T08:40:00,1,10,16,8,40,0.30200000,17.03333333,27.60333333,0.29838345
2001-10-16T08:50:00,1,10,16,8,50,0.31650000,16.91666667,27.99416667,0.31214079
2001-10-16T09:00:00,1,10,16,9,0,0.33100000,16.80000000,28.38500000,0.32584600
2001-10-16T09:10:00,1,10,16,9,10,0.36100000,16.98333333,29.61833333,0.35333080
2001-10-16T09:20:00,1,10,16,9,20,0.39100000,17.16666667,30.85166667,0.38047519
2001-10-16T09:30:00,1,10,16,9,30,0.42100000,17.35000000,32.08500000,0.40727919
2001-10-16T09:40:00,1,10,16,9,40,0.45100000,17.53333333,33.31833333,0.43374279
2001-10-16T09:50:00,1,10,16,9,50,0.48100000,17.71666667,34.55166667,0.45986598
2001-10-16T10:00:00,1,10,16,10,0,0.51100000,17.90000000,35.78500000,0.48564878
2001-10-16T10:10:00,1,10,16,10,10,0.54333333,18.21666667,37.23333333,0.51275816
2001-10-16T10:20:00,1,10,16,10,20,0.57566667,18.53333333,38.68166667,0.53943670
2001-10-16T10:30:00,1,10,16,10,30,0.60800000,18.85000000,40.13000000,0.56568442
2001-10-16T10:40:00,1,10,16,10,40,0.64033333,19.16666667,41.57833333,0.59150130
2001-10-16T10:50:00,1,10,16,10,50,0.67266667,19.48333333,43.02666667,0.61688735
2001-10-16T11:00:00,1,10,16,11,0,0.70500000,19.80000000,44.47500000,0.64184257
2001-10-16T11:10:00,1,10,16,11,10,0.72966667,20.03333333,45.57166667,0.66061855
2001-10-16T11:20:00,1,10,16,11,20,0.75433333,20.26666667,46.66833333,0.67914566
2001-10-16T11:30:00,1,10,16,11,30,0.77900000,20.50000000,47.76500000,0.69742390
2001-10-16T11:40:00,1,10,16,11,40,0.80366667,20.73333333,48.86166667,0.71545327
2001-10-16T11:50:00,1,10,16,11,50,0.82833333,20.96666667,49.95833333,0.73323376
2001-10-16T12:00:00,1,10,16,12,0,0.85300000,21.20000000,51.05500000,0.75076539
2001-10-16T12:10:00,1,10,16,12,10,0.83250000,21.30000000,50.43750000,0.73508709
2001-10-16T12:20:00,1,10,16,12,20,0.81200000,21.40000000,49.82000000,0.71929234
2001-10-16T12:30:00,1,10,16,12,30,0.79150000,21.50000000,49.20250000,0.70338112
2001-10-16T12:40:00,1,10,16,12,40,0.77100000,21.60000000,48.58500000,0.68735344
2001-10-16T12:50:00,1,10,16,12,50,0.75050000,21.70000000,47.96750000,0.67120930
2001-10-16T13:00:00,1,10,16,13,0,0.73000000,21.80000000,47.35000000,0.65494870
2001-10-16T13:10:00,1,10,16,13,10,0.71650000,21.73333333,46.81083333,0.64461367
2001-10-16T13:20:00,1,10,16,13,20,0.70300000,21.66666667,46.27166667,0.63421168
2001-10-16T13:30:00,1,10,16,13,30,0.68950000,21.60000000,45.73250000,0.62374273
2001-10-16T13:40:00,1,10,16,13,40,0.67600000,21.53333333,45.19333333,0.61320681
2001-10-16T13:50:00,1,10,16,13,50,0.66250000,21.46666667,44.65416667,0.60260393
2001-10-16T14:00:00,1,10,16,14,0,0.64900000,21.40000000,44.11500000,0.59193408
2001-10-16T14:10:00,1,10,16,14,10,0.57283333,21.25000000,41.29916667,0.52988449
2001-10-16T14:20:00,1,10,16,14,20,0.49666667,21.10000000,38.48333333,0.46586174
2001-10-16T14:30:00,1,10,16,14,30,0.42050000,20.95000000,35.66750000,0.39986585
2001-10-16T14:40:00,1,10,16,14,40,0.34433333,20.80000000,32.85166667,0.33189682
2001-10-16T14:50:00,1,10,16,14,50,0.26816667,20.65000000,30.03583333,0.26195463
2001-10-16T15:00:00,1,10,16,15,0,0.19200000,20.50000000,27.22000000,0.19003930
2001-10-16T15:10:00,1,10,16,15,10,0.21400000,20.26666667,27.75666667,0.21128634
2001-10-16T15:20:00,1,10,16,15,20,0.23600000,20.03333333,28.29333333,0.23242476
2001-10-16T15:30:00,1,10,16,15,30,0.25800000,19.80000000,28.83000000,0.25345456
2001-10-16T15:40:00,1,10,16,15,40,0.28000000,19.56666667,29.36666667,0.27437573
2001-10-16T15:50:00,1,10,16,15,50,0.30200000,19.33333333,29.90333333,0.29518829
2001-10-16T16:00:00,1,10,16,16,0,0.32400000,19.10000000,30.44000000,0.31589222
2001-10-16T16:10:00,1,10,16,16,10,0.29116667,19.10000000,29.29083333,0.28541967
2001-10-16T16:20:00,1,10,16,16,20,0.25833333,19.10000000,28.14166667,0.25459999
2001-10-16T16:30:00,1,10,16,16,30,0.22550000,19.10000000,26.99250000,0.22343318
2001-10-16T16:40:00,1,10,16,16,40,0.19266667,19.10000000,25.84333333,0.19191925
2001-10-16T16:50:00,1,10,16,16,50,0.15983333,19.10000000,24.69416667,0.16005819
2001-10-16T17:00:00,1,10,16,17,0,0.12700000,19.10000000,23.54500000,0.12785001
2001-10-16T17:10:00,1,10,16,17,10,0.10583333,18.88333333,22.58750000,0.10700782
2001-10-16T17:20:00,1,10,16,17,20,0.08466667,18.66666667,21.63000000,0.08597917
2001-10-16T17:30:00,1,10,16,17,30,0.06350000,18.45000000,20.67250000,0.06476406
2001-10-16T17:40:00,1,10,16,17,40,0.04233333,18.23333333,19.71500000,0.04336250
2001-10-16T17:50:00,1,10,16,17,50,0.02116667,18.01666667,18.75750000,0.02177448
2001-10-16T18:00:00,1,10,16,18,0,0.00000000,17.80000000,17.80000000,0.00000000
2001-10-16T18:10:00,1,10,16,18,10,0.00000000,17.75000000,17.75000000,0.00000000
2001-10-16T18:20:00,1,10,16,18,20,0.00000000,17.70000000,17.70000000,0.00000000
2001-10-16T18:30:00,1,10,16,18,30,0.00000000,17.65000000,17.65000000,0.00000000
2001-10-16T18:40:00,1,10,16,18,40,0.00000000,17.60000000,17.60000000,0.00000000
2001-10-16T18:50:00,1,10,16,18,50,0.00000000,17.55000000,17.55000000,0.00000000
2001-10-16T19:00:00,1,10,16,19,0,0.00000000,17.50000000,17.50000000,0.00000000
2001-10-16T19:10:00,1,10,16,19,10,0.00000000,17.35000000,17.35000000,0.00000000
2001-10-16T19:20:00,1,10,16,19,20,0.00000000,17.20000000,17.20000000,0.00000000
2001-10-16T19:30:00,1,10,16,19,30,0.00000000,17.05000000,17.05000000,0.00000000
2001-10-16T19:40:00,1,10,16,19,40,0.00000000,16.90000000,16.90000000,0.00000000
2001-10-16T19:50:00,1,10,16,19,50,0.00000000,16.75000000,16.75000000,0.00000000
2001-10-16T20:00:00,1,10,16,20,0,0.00000000,16.60000000,16.60000000,0.00000000
2001-10-16T20:10:00,1,10,16,20,10,0.00000000,16.63333333,16.63333333,0.00000000
2001-10-16T20:20:00,1,10,16,20,20,0.00000000,16.66666667,16.66666667,0.00000000
2001-10-16T20:30:00,1,10,16,20,30,0.00000000,16.70000000,16.70000000,0.00000000
2001-10-16T20:40:00,1,10,16,20,40,0.00000000,16.73333333,16.73333333,0.00000000
2001-10-16T20:50:00,1,10,16,20,50,0.00000000,16.76666667,16.76666667,0.00000000
2001-10-16T21:00:00,1,10,16,21,0,0.00000000,16.80000000,16.80000000,0.00000000
2001-10-16T21:10:00,1,10,16,21,10,0.00000000,16.70000000,16.70000000,0.00000000
2001-10-16T21:20:00,1,10,16,21,20,0.00000000,16.60000000,16.60000000,0.00000000
2001-10-16T21:30:00,1,10,16,21,30,0.00000000,16.50000000,16.50000000,0.00000000
2001-10-16T21:40:00,1,10,16,21,40,0.00000000,16.40000000,16.40000000,0.00000000
2001-10-16T21:50:00,1,10,16,21,50,0.00000000,16.30000000,16.30000000,0.00000000
2001-10-16T22:00:00,1,10,16,22,0,0.00000000,16.20000000,16.20000000,0.00000000
2001-10-16T22:10:00,1,10,16,22,10,0.00000000,16.18333333,16.18333333,0.00000000
2001-10-16T22:20:00,1,10,16,22,20,0.00000000,16.16666667,16.16666667,0.00000000
2001-10-16T22:30:00,1,10,16,22,30,0.00000000,16.15000000,16.15000000,0.00000000
2001-10-16T22:40:00,1,10,16,22,40,0.00000000,16.13333333,16.13333333,0.00000000
2001-10-16T22:50:00,1,10,16,22,50,0.00000000,16.11666667,16.11666667,0.00000000
2001-10-16T23:00:00,1,10,16,23,0,0.00000000,16.10000000,16.10000000,0.00000000
2001-10-16T23:10:00,1,10,16,23,10,0.00000000,16.16666667,16.16666667,0.00000000
2001-10-16T23:20:00,1,10,16,23,20,0.00000000,16.23333333,16.23333333,0.00000000
2001-10-16T23:30:00,1,10,16,23,30,0.00000000,16.30000000,16.30000000,0.00000000
2001-10-16T23:40:00,1,10,16,23,40,0.00000000,16.36666667,16.36666667,0.00000000
2001-10-16T23:50:00,1,10,16,23,50,0.00000000,16.43333333,16.43333333,0.00000000
2001-10-17T00:00:00,1,10,17,0,0,0.00000000,16.50000000,16.50000000,0.00000000
2001-10-17T00:10:00,1,10,17,0,10,0.00000000,16.43333333,16.43333333,0.00000000
2001-10-17T00:20:00,1,10,17,0,20,0.00000000,16.36666667,16.36666667,0.00000000
2001-10-17T00:30:00,1,10,17,0,30,0.00000000,16.30000000,16.30000000,0.00000000
2001-10-17T00:40:00,1,10,17,0,40,0.00000000,16.23333333,16.23333333,0.00000000
2001-10-17T00:50:00,1,10,17,0,50,0.00000000,16.16666667,16.16666667,0.00000000
2001-10-17T01:00:00,1,10,17,1,0,0.00000000,16.10000000,16.10000000,0.00000000
2001-10-17T01:10:00,1,10,17,1,10,0.00000000,16.11666667,16.11666667,0.00000000
2001-10-17T01:20:00,1,10,17,1,20,0.00000000,16.13333333,16.13333333,0.00000000
2001-10-17T01:30:00,1,10,17,1,30,0.00000000,16.15000000,16.15000000,0.00000000
2001-10-17T01:40:00,1,10,17,1,40,0.00000000,16.16666667,16.16666667,0.00000000
2001-10-17T01:50:00,1,10,17,1,50,0.00000000,16.18333333,16.18333333,0.00000000
2001-10-17T02:00:00,1,10,17,2,0,0.00000000,16.20000000,16.20000000,0.00000000
2001-10-17T02:10:00,1,10,17,2,10,0.00000000,16.18333333,16.18333333,0.00000000
2001-10-17T02:20:00,1,10,17,2,20,0.00000000,16.16666667,16.16666667,0.00000000
2001-10-17T02:30:00,1,10,17,2,30,0.00000000,16.15000000,16.15000000,0.00000000
2001-10-17T02:40:00,1,10,17,2,40,0.00000000,16.13333333,16.13333333,0.00000000
2001-10-17T02:50:00,1,10,17,2,50,0.00000000,16.11666667,16.11666667,0.00000000
2001-10-17T03:00:00,1,10,17,3,0,0.00000000,16.10000000,16.10000000,0.00000000
2001-10-17T03:10:00,1,10,17,3,10,0.00000000,16.05000000,16.05000000,0.00000000
2001-10-17T03:20:00,1,10,17,3,20,0.00000000,16.00000000,16.00000000,0.00000000
2001-10-17T03:30:00,1,10,17,3,30,0.00000000,15.95000000,15.95000000,0.00000000
2001-10-17T03:40:00,1,10,17,3,40,0.00000000,15.90000000,15.90000000,0.00000000
2001-10-17T03:50:00,1,10,17,3,50,0.00000000,15.85000000,15.85000000,0.00000000
2001-10-17T04:00:00,1,10,17,4,0,0.00000000,15.80000000,15.80000000,0.00000000
2001-10-17T04:10:00,1,10,17,4,10,0.00000000,15.75000000,15.75000000,0.00000000
2001-10-17T04:20:00,1,10,17,4,20,0.00000000,15.70000000,15.70000000,0.00000000
2001-10-17T04:30:00,1,10,17,4,30,0.00000000,15.65000000,15.65000000,0.00000000
2001-10-17T04:40:00,1,10,17,4,40,0.00000000,15.60000000,15.60000000,0.00000000
2001-10-17T04:50:00,1,10,17,4,50,0.00000000,15.55000000,15.55000000,0.00000000
2001-10-17T05:00:00,1,10,17,5,0,0.00000000,15.50000000,15.50000000,0.00000000
2001-10-17T05:10:00,1,10,17,5,10,0.00316667,15.43333333,15.54416667,0.00330441
2001-10-17T05:20:00,1,10,17,5,20,0.00633333,15.36666667,15.58833333,0.00660753
2001-10-17T05:30:00,1,10,17,5,30,0.00950000,15.30000000,15.63250000,0.00990936
2001-10-17T05:40:00,1,10,17,5,40,0.01266667,15.23333333,15.67666667,0.01320991
2001-10-17T05:50:00,1,10,17,5,50,0.01583333,15.16666667,15.72083333,0.01650917
2001-10-17T06:00:00,1,10,17,6,0,0.01900000,15.10000000,15.76500000,0.01980714
2001-10-17T06:10:00,1,10,17,6,10,0.03616667,15.31666667,16.58250000,0.03756706
2001-10-17T06:20:00,1,10,17,6,20,0.05333333,15.53333333,17.40000000,0.05519787
2001-10-17T06:30:00,1,10,17,6,30,0.07050000,15.75000000,18.21750000,0.07269956
2001-10-17T06:40:00,1,10,17,6,40,0.08766667,15.96666667,19.03500000,0.09007215
2001-10-17T06:50:00,1,10,17,6,50,0.10483333,16.18333333,19.85250000,0.10731563
2001-10-17T07:00:00,1,10,17,7,0,0.12200000,16.40000000,20.67000000,0.12443000
2001-10-17T07:10:00,1,10,17,7,10,0.14416667,16.51666667,21.56250000,0.14644630
2001-10-17T07:20:00,1,10,17,7,20,0.16633333,16.63333333,22.45500000,0.16828060
2001-10-17T07:30:00,1,10,17,7,30,0.18850000,16.75000000,23.34750000,0.18993288
2001-10-17T07:40:00,1,10,17,7,40,0.21066667,16.86666667,24.24000000,0.21140316
2001-10-17T07:50:00,1,10,17,7,50,0.23283333,16.98333333,25.13250000,0.23269142
2001-10-17T08:00:00,1,10,17,8,0,0.25500000,17.10000000,26.02500000,0.25379768
2001-10-17T08:10:00,1,10,17,8,10,0.24133333,17.33333333,25.78000000,0.24046743
2001-10-17T08:20:00,1,10,17,8,20,0.22766667,17.56666667,25.53500000,0.22710638
2001-10-17T08:30:00,1,10,17,8,30,0.21400000,17.80000000,25.29000000,0.21371452
2001-10-17T08:40:00,1,10,17,8,40,0.20033333,18.03333333,25.04500000,0.20029186
2001-10-17T08:50:00,1,10,17,8,50,0.18666667,18.26666667,24.80000000,0.18683840
2001-10-17T09:00:00,1,10,17,9,0,0.17300000,18.50000000,24.55500000,0.17335413
2001-10-17T09:10:00,1,10,17,9,10,0.25100000,18.58333333,27.36833333,0.24826552
2001-10-17T09:20:00,1,10,17,9,20,0.32900000,18.66666667,30.18166667,0.32115807
2001-10-17T09:30:00,1,10,17,9,30,0.40700000,18.75000000,32.99500000,0.39203176
2001-10-17T09:40:00,1,10,17,9,40,0.48500000,18.83333333,35.80833333,0.46088661
2001-10-17T09:50:00,1,10,17,9,50,0.56300000,18.91666667,38.62166667,0.52772261
2001-10-17T10:00:00,1,10,17,10,0,0.64100000,19.00000000,41.43500000,0.59253976
2001-10-17T10:10:00,1,10,17,10,10,0.62416667,19.48333333,41.32916667,0.57728291
2001-10-17T10:20:00,1,10,17,10,20,0.60733333,19.96666667,41.22333333,0.56200967
2001-10-17T10:30:00,1,10,17,10,30,0.59050000,20.45000000,41.11750000,0.54672003
2001-10-17T10:40:00,1,10,17,10,40,0.57366667,20.93333333,41.01166667,0.53141401
2001-10-17T10:50:00,1,10,17,10,50,0.55683333,21.41666667,40.90583333,0.51609160
2001-10-17T11:00:00,1,10,17,11,0,0.54000000,21.90000000,40.80000000,0.50075280
2001-10-17T11:10:00,1,10,17,11,10,0.55966667,21.90000000,41.48833333,0.51721800
2001-10-17T11:20:00,1,10,17,11,20,0.57933333,21.90000000,42.17666667,0.53355866
2001-10-17T11:30:00,1,10,17,11,30,0.59900000,21.90000000,42.86500000,0.54977478
2001-10-17T11:40:00,1,10,17,11,40,0.61866667,21.90000000,43.55333333,0.56586635
2001-10-17T11:50:00,1,10,17,11,50,0.63833333,21.90000000,44.24166667,0.58183339
2001-10-17T12:00:00,1,10,17,12,0,0.65800000,21.90000000,44.93000000,0.59767588
2001-10-17T12:10:00,1,10,17,12,10,0.60566667,21.98333333,43.18166667,0.55501133
2001-10-17T12:20:00,1,10,17,12,20,0.55333333,22.06666667,41.43333333,0.51150502
2001-10-17T12:30:00,1,10,17,12,30,0.50100000,22.15000000,39.68500000,0.46715695
2001-10-17T12:40:00,1,10,17,12,40,0.44866667,22.23333333,37.93666667,0.42196711
2001-10-17T12:50:00,1,10,17,12,50,0.39633333,22.31666667,36.18833333,0.37593551
2001-10-17T13:00:00,1,10,17,13,0,0.34400000,22.40000000,34.44000000,0.32906214
2001-10-17T13:10:00,1,10,17,13,10,0.30616667,22.11666667,32.83250000,0.29513563
2001-10-17T13:20:00,1,10,17,13,20,0.26833333,21.83333333,31.22500000,0.26064961
2001-10-17T13:30:00,1,10,17,13,30,0.23050000,21.55000000,29.61750000,0.22560406
2001-10-17T13:40:00,1,10,17,13,40,0.19266667,21.26666667,28.01000000,0.18999900
2001-10-17T13:50:00,1,10,17,13,50,0.15483333,20.98333333,26.40250000,0.15383443
2001-10-17T14:00:00,1,10,17,14,0,0.11700000,20.70000000,24.79500000,0.11711033
2001-10-17T14:10:00,1,10,17,14,10,0.17100000,20.33333333,26.31833333,0.16996300
2001-10-17T14:20:00,1,10,17,14,20,0.22500000,19.96666667,27.84166667,0.22205887
2001-10-17T14:30:00,1,10,17,14,30,0.27900000,19.60000000,29.36500000,0.27339796
2001-10-17T14:40:00,1,10,17,14,40,0.33300000,19.23333333,30.88833333,0.32398025
2001-10-17T14:50:00,1,10,17,14,50,0.38700000,18.86666667,32.41166667,0.37380575
2001-10-17T15:00:00,1,10,17,15,0,0.44100000,18.50000000,33.93500000,0.42287446
2001-10-17T15:10:00,1,10,17,15,10,0.39250000,18.86666667,32.60416667,0.37877068
2001-10-17T15:20:00,1,10,17,15,20,0.34400000,19.23333333,31.27333333,0.33407308
2001-10-17T15:30:00,1,10,17,15,30,0.29550000,19.60000000,29.94250000,0.28878166
2001-10-17T15:40:00,1,10,17,15,40,0.24700000,19.96666667,28.61166667,0.24289642
2001-10-17T15:50:00,1,10,17,15,50,0.19850000,20.33333333,27.28083333,0.19641737
2001-10-17T16:00:00,1,10,17,16,0,0.15000000,20.70000000,25.95000000,0.14934450
2001-10-17T16:10:00,1,10,17,16,10,0.13416667,20.36666667,25.06250000,0.13412809
2001-10-17T16:20:00,1,10,17,16,20,0.11833333,20.03333333,24.17500000,0.11878241
2001-10-17T16:30:00,1,10,17,16,30,0.10250000,19.70000000,23.28750000,0.10330744
2001-10-17T16:40:00,1,10,17,16,40,0.08666667,19.36666667,22.40000000,0.08770320
2001-10-17T16:50:00,1,10,17,16,50,0.07083333,19.03333333,21.51250000,0.07196968
2001-10-17T17:00:00,1,10,17,17,0,0.05500000,18.70000000,20.62500000,0.05610688
2001-10-17T17:10:00,1,10,17,17,10,0.04583333,18.61666667,20.22083333,0.04684094
2001-10-17T17:20:00,1,10,17,17,20,0.03666667,18.53333333,19.81666667,0.03754092
2001-10-17T17:30:00,1,10,17,17,30,0.02750000,18.45000000,19.41250000,0.02820682
2001-10-17T17:40:00,1,10,17,17,40,0.01833333,18.36666667,19.00833333,0.01883863
2001-10-17T17:50:00,1,10,17,17,50,0.00916667,18.28333333,18.60416667,0.00943636
2001-10-17T18:00:00,1,10,17,18,0,0.00000000,18.20000000,18.20000000,0.00000000
2001-10-17T18:10:00,1,10,17,18,10,0.00000000,18.05000000,18.05000000,0.00000000
2001-10-17T18:20:00,1,10,17,18,20,0.00000000,17.90000000,17.90000000,0.00000000
2001-10-17T18:30:00,1,10,17,18,30,0.00000000,17.75000000,17.75000000,0.00000000
2001-10-17T18:40:00,1,10,17,18,40,0.00000000,17.60000000,17.60000000,0.00000000
2001-10-17T18:50:00,1,10,17,18,50,0.00000000,17.45000000,17.45000000,0.00000000
2001-10-17T19:00:00,1,10,17,19,0,0.00000000,17.30000000,17.30000000,0.00000000
2001-10-17T19:10:00,1,10,17,19,10,0.00000000,17.31666667,17.31666667,0.00000000
2001-10-17T19:20:00,1,10,17,19,20,0.00000000,17.33333333,17.33333333,0.00000000
2001-10-17T19:30:00,1,10,17,19,30,0.00000000,17.35000000,17.35000000,0.00000000
2001-10-17T19:40:00,1,10,17,19,40,0.00000000,17.36666667,17.36666667,0.00000000
2001-10-17T19:50:00,1,10,17,19,50,0.00000000,17.38333333,17.38333333,0.00000000
2001-10-17T20:00:00,1,10,17,20,0,0.00000000,17.40000000,17.40000000,0.00000000
2001-10-17T20:10:00,1,10,17,20,10,0.00000000,17.26666667,17.26666667,0.00000000
2001-10-17T20:20:00,1,10,17,20,20,0.00000000,17.13333333,17.13333333,0.00000000
2001-10-17T20:30:00,1,10,17,20,30,0.00000000,17.00000000,17.00000000,0.00000000
2001-10-17T20:40:00,1,10,17,20,40,0.00000000,16.86666667,16.86666667,0.00000000
2001-10-17T20:50:00,1,10,17,20,50,0.00000000,16.73333333,16.73333333,0.00000000
2001-10-17T21:00:00,1,10,17,21,0,0.00000000,16.60000000,16.60000000,0.00000000
2001-10-17T21:10:00,1,10,17,21,10,0.00000000,16.58333333,16.58333333,0.00000000
2001-10-17T21:20:00,1,10,17,21,20,0.00000000,16.56666667,16.56666667,0.00000000
2001-10-17T21:30:00,1,10,17,21,30,0.00000000,16.55000000,16.55000000,0.00000000
2001-10-17T21:40:00,1,10,17,21,40,0.00000000,16.53333333,16.53333333,0.00000000
2001-10-17T21:50:00,1,10,17,21,50,0.00000000,16.51666667,16.51666667,0.00000000
2001-10-17T22:00:00,1,10,17,22,0,0.00000000,16.50000000,16.50000000,0.00000000
2001-10-17T22:10:00,1,10,17,22,10,0.00000000,16.43333333,16.43333333,0.00000000
2001-10-17T22:20:00,1,10,17,22,20,0.00000000,16.36666667,16.36666667,0.00000000
2001-10-17T22:30:00,1,10,17,22,30,0.00000000,16.30000000,16.30000000,0.00000000
2001-10-17T22:40:00,1,10,17,22,40,0.00000000,16.23333333,16.23333333,0.00000000
2001-10-17T22:50:00,1,10,17,22,50,0.00000000,16.16666667,16.16666667,0.00000000
2001-10-17T23:00:00,1,10,17,23,0,0.00000000,16.10000000,16.10000000,0.00000000
2001-10-17T23:10:00,1,10,17,23,10,0.00000000,15.86666667,15.86666667,0.00000000
2001-10-17T23:20:00,1,10,17,23,20,0.00000000,15.63333333,15.63333333,0.00000000
2001-10-17T23:30:00,1,10,17,23,30,0.00000000,15.40000000,15.40000000,0.00000000
2001-10-17T23:40:00,1,10,17,23,40,0.00000000,15.16666667,15.16666667,0.00000000
2001-10-17T23:50:00,1,10,17,23,50,0.00000000,14.93333333,14.93333333,0.00000000
2001-10-18T00:00:00,1,10,18,0,0,0.00000000,14.70000000,14.70000000,0.00000000
2001-10-18T00:10:00,1,10,18,0,10,0.00000000,14.65000000,14.65000000,0.00000000
2001-10-18T00:20:00,1,10,18,0,20,0.00000000,14.60000000,14.60000000,0.00000000
2001-10-18T00:30:00,1,10,18,0,30,0.00000000,14.55000000,14.55000000,0.00000000
2001-10-18T00:40:00,1,10,18,0,40,0.00000000,14.50000000,14.50000000,0.00000000
2001-10-18T00:50:00,1,10,18,0,50,0.00000000,14.45000000,14.45000000,0.00000000
2001-10-18T01:00:00,1,10,18,1,0,0.00000000,14.40000000,14.40000000,0.00000000
2001-10-18T01:10:00,1,10,18,1,10,0.00000000,14.25000000,14.25000000,0.00000000
2001-10-18T01:20:00,1,10,18,1,20,0.00000000,14.10000000,14.10000000,0.00000000
2001-10-18T01:30:00,1,10,18,1,30,0.00000000,13.95000000,13.95000000,0.00000000
2001-10-18T01:40:00,1,10,18,1,40,0.00000000,13.80000000,13.80000000,0.00000000
2001-10-18T01:50:00,1,10,18,1,50,0.00000000,13.65000000,13.65000000,0.00000000
2001-10-18T02:00:00,1,10,18,2,0,0.00000000,13.50000000,13.50000000,0.00000000
2001-10-18T02:10:00,1,10,18,2,10,0.00000000,13.48333333,13.48333333,0.00000000
2001-10-18T02:20:00,1,10,18,2,20,0.00000000,13.46666667,13.46666667,0.00000000
2001-10-18T02:30:00,1,10,18,2,30,0.00000000,13.45000000,13.45000000,0.00000000
2001-10-18T02:40:00,1,10,18,2,40,0.00000000,13.43333333,13.43333333,0.00000000
2001-10-18T02:50:00,1,10,18,2,50,0.00000000,13.41666667,13.41666667,0.00000000
2001-10-18T03:00:00,1,10,18,3,0,0.00000000,13.40000000,13.40000000,0.00000000
2001-10-18T03:10:00,1,10,18,3,10,0.00000000,13.31666667,13.31666667,0.00000000
2001-10-18T03:20:00,1,10,18,3,20,0.00000000,13.23333333,13.23333333,0.00000000
2001-10-18T03:30:00,1,10,18,3,30,0.00000000,13.15000000,13.15000000,0.00000000
2001-10-18T03:40:00,1,10,18,3,40,0.00000000,13.06666667,13.06666667,0.00000000
2001-10-18T03:50:00,1,10,18,3,50,0.00000000,12.98333333,12.98333333,0.00000000
2001-10-18T04:00:00,1,10,18,4,0,0.00000000,12.90000000,12.90000000,0.00000000
2001-10-18T04:10:00,1,10,18,4,10,0.00000000,12.93333333,12.93333333,0.00000000
2001-10-18T04:20:00,1,10,18,4,20,0.00000000,12.96666667,12.96666667,0.00000000
2001-10-18T04:30:00,1,10,18,4,30,0.00000000,13.00000000,13.00000000,0.00000000
2001-10-18T04:40:00,1,10,18,4,40,0.00000000,13.03333333,13.03333333,0.00000000
2001-10-18T04:50:00,1,10,18,4,50,0.00000000,13.06666667,13.06666667,0.00000000
2001-10-18T05:00:00,1,10,18,5,0,0.00000000,13.10000000,13.10000000,0.00000000
2001-10-18T05:10:00,1,10,18,5,10,0.01283333,13.06666667,13.51583333,0.01351128
2001-10-18T05:20:00,1,10,18,5,20,0.02566667,13.03333333,13.93166667,0.02697347
2001-10-18T05:30:00,1,10,18,5,30,0.03850000,13.00000000,14.34750000,0.04038656
2001-10-18T05:40:00,1,10,18,5,40,0.05133333,12.96666667,14.76333333,0.05375055
2001-10-18T05:50:00,1,10,18,5,50,0.06416667,12.93333333,15.17916667,0.06706545
2001-10-18T06:00:00,1,10,18,6,0,0.07700000,12.90000000,15.59500000,0.08033125
2001-10-18T06:10:00,1,10,18,6,10,0.09250000,13.30000000,16.53750000,0.09610079
2001-10-18T06:20:00,1,10,18,6,20,0.10800000,13.70000000,17.48000000,0.11173594
2001-10-18T06:30:00,1,10,18,6,30,0.12350000,14.10000000,18.42250000,0.12723668
2001-10-18T06:40:00,1,10,18,6,40,0.13900000,14.50000000,19.36500000,0.14260302
2001-10-18T06:50:00,1,10,18,6,50,0.15450000,14.90000000,20.30750000,0.15783496
2001-10-18T07:00:00,1,10,18,7,0,0.17000000,15.30000000,21.25000000,0.17293250
2001-10-18T07:10:00,1,10,18,7,10,0.21166667,15.51666667,22.92500000,0.21368702
2001-10-18T07:20:00,1,10,18,7,20,0.25333333,15.73333333,24.60000000,0.25379947
2001-10-18T07:30:00,1,10,18,7,30,0.29500000,15.95000000,26.27500000,0.29326983
2001-10-18T07:40:00,1,10,18,7,40,0.33666667,16.16666667,27.95000000,0.33209810
2001-10-18T07:50:00,1,10,18,7,50,0.37833333,16.38333333,29.62500000,0.37028429
2001-10-18T08:00:00,1,10,18,8,0,0.42000000,16.60000000,31.30000000,0.40782840
2001-10-18T08:10:00,1,10,18,8,10,0.47916667,17.16666667,33.93750000,0.45946693
2001-10-18T08:20:00,1,10,18,8,20,0.53833333,17.73333333,36.57500000,0.50966977
2001-10-18T08:30:00,1,10,18,8,30,0.59750000,18.30000000,39.21250000,0.55843694
2001-10-18T08:40:00,1,10,18,8,40,0.65666667,18.86666667,41.85000000,0.60576843
2001-10-18T08:50:00,1,10,18,8,50,0.71583333,19.43333333,44.48750000,0.65166424
2001-10-18T09:00:00,1,10,18,9,0,0.77500000,20.00000000,47.12500000,0.69612438
2001-10-18T09:10:00,1,10,18,9,10,0.79450000,20.58333333,48.39083333,0.70901352
2001-10-18T09:20:00,1,10,18,9,20,0.81400000,21.16666667,49.65666667,0.72167558
2001-10-18T09:30:00,1,10,18,9,30,0.83350000,21.75000000,50.92250000,0.73411054
2001-10-18T09:40:00,1,10,18,9,40,0.85300000,22.33333333,52.18833333,0.74631842
2001-10-18T09:50:00,1,10,18,9,50,0.87250000,22.91666667,53.45416667,0.75829920
2001-10-18T10:00:00,1,10,18,10,0,0.89200000,23.50000000,54.72000000,0.77005290
2001-10-18T10:10:00,1,10,18,10,10,0.88650000,23.90000000,54.92750000,0.76445865
2001-10-18T10:20:00,1,10,18,10,20,0.88100000,24.30000000,55.13500000,0.75887490
2001-10-18T10:30:00,1,10,18,10,30,0.87550000,24.70000000,55.34250000,0.75330165
2001-10-18T10:40:00,1,10,18,10,40,0.87000000,25.10000000,55.55000000,0.74773890
2001-10-18T10:50:00,1,10,18,10,50,0.86450000,25.50000000,55.75750000,0.74218665
2001-10-18T11:00:00,1,10,18,11,0,0.85900000,25.90000000,55.96500000,0.73664490
2001-10-18T11:10:00,1,10,18,11,10,0.88733333,25.80000000,56.85666667,0.75730292
2001-10-18T11:20:00,1,10,18,11,20,0.91566667,25.70000000,57.74833333,0.77772850
2001-10-18T11:30:00,1,10,18,11,30,0.94400000,25.60000000,58.64000000,0.79792166
2001-10-18T11:40:00,1,10,18,11,40,0.97233333,25.50000000,59.53166667,0.81788240
2001-10-18T11:50:00,1,10,18,11,50,1.00066667,25.40000000,60.42333333,0.83761070
2001-10-18T12:00:00,1,10,18,12,0,1.02900000,25.30000000,61.31500000,0.85710658
2001-10-18T12:10:00,1,10,18,12,10,0.97383333,25.71666667,59.80083333,0.81793836
2001-10-18T12:20:00,1,10,18,12,20,0.91866667,26.13333333,58.28666667,0.77800165
2001-10-18T12:30:00,1,10,18,12,30,0.86350000,26.55000000,56.77250000,0.73729645
2001-10-18T12:40:00,1,10,18,12,40,0.80833333,26.96666667,55.25833333,0.69582276
2001-10-18T12:50:00,1,10,18,12,50,0.75316667,27.38333333,53.74416667,0.65358058
2001-10-18T13:00:00,1,10,18,13,0,0.69800000,27.80000000,52.23000000,0.61056992
2001-10-18T13:10:00,1,10,18,13,10,0.66466667,27.26666667,50.53000000,0.58660954
2001-10-18T13:20:00,1,10,18,13,20,0.63133333,26.73333333,48.83000000,0.56212784
2001-10-18T13:30:00,1,10,18,13,30,0.59800000,26.20000000,47.13000000,0.53712480
2001-10-18T13:40:00,1,10,18,13,40,0.56466667,25.66666667,45.43000000,0.51160042
2001-10-18T13:50:00,1,10,18,13,50,0.53133333,25.13333333,43.73000000,0.48555472
2001-10-18T14:00:00,1,10,18,14,0,0.49800000,24.60000000,42.03000000,0.45898768
2001-10-18T14:10:00,1,10,18,14,10,0.48533333,24.21666667,41.20333333,0.44915885
2001-10-18T14:20:00,1,10,18,14,20,0.47266667,23.83333333,40.37666667,0.43923369
2001-10-18T14:30:00,1,10,18,14,30,0.46000000,23.45000000,39.55000000,0.42921220
2001-10-18T14:40:00,1,10,18,14,40,0.44733333,23.06666667,38.72333333,0.41909437
2001-10-18T14:50:00,1,10,18,14,50,0.43466667,22.68333333,37.89666667,0.40888021
2001-10-18T15:00:00,1,10,18,15,0,0.42200000,22.30000000,37.07000000,0.39856972
2001-10-18T15:10:00,1,10,18,15,10,0.38416667,22.08333333,35.52916667,0.36555987
2001-10-18T15:20:00,1,10,18,15,20,0.34633333,21.86666667,33.98833333,0.33201372
2001-10-18T15:30:00,1,10,18,15,30,0.30850000,21.65000000,32.44750000,0.29793125
2001-10-18T15:40:00,1,10,18,15,40,0.27066667,21.43333333,30.90666667,0.26331247
2001-10-18T15:50:00,1,10,18,15,50,0.23283333,21.21666667,29.36583333,0.22815738
2001-10-18T16:00:00,1,10,18,16,0,0.19500000,21.00000000,27.82500000,0.19246598
2001-10-18T16:10:00,1,10,18,16,10,0.17816667,20.56666667,26.80250000,0.17668940
2001-10-18T16:20:00,1,10,18,16,20,0.16133333,20.13333333,25.78000000,0.16075447
2001-10-18T16:30:00,1,10,18,16,30,0.14450000,19.70000000,24.75750000,0.14466119
2001-10-18T16:40:00,1,10,18,16,40,0.12766667,19.26666667,23.73500000,0.12840956
2001-10-18T16:50:00,1,10,18,16,50,0.11083333,18.83333333,22.71250000,0.11199958
2001-10-18T17:00:00,1,10,18,17,0,0.09400000,18.40000000,21.69000000,0.09543124
2001-10-18T17:10:00,1,10,18,17,10,0.07833333,18.20000000,20.94166667,0.07979569
2001-10-18T17:20:00,1,10,18,17,20,0.06266667,18.00000000,20.19333333,0.06405227
2001-10-18T17:30:00,1,10,18,17,30,0.04700000,17.80000000,19.44500000,0.04820099
2001-10-18T17:40:00,1,10,18,17,40,0.03133333,17.60000000,18.69666667,0.03224185
2001-10-18T17:50:00,1,10,18,17,50,0.01566667,17.40000000,17.94833333,0.01617486
2001-10-18T18:00:00,1,10,18,18,0,0.00000000,17.20000000,17.20000000,0.00000000
2001-10-18T18:10:00,1,10,18,18,10,0.00000000,16.88333333,16.88333333,0.00000000
2001-10-18T18:20:00,1,10,18,18,20,0.00000000,16.56666667,16.56666667,0.00000000
2001-10-18T18:30:00,1,10,18,18,30,0.00000000,16.25000000,16.25000000,0.00000000
2001-10-18T18:40:00,1,10,18,18,40,0.00000000,15.93333333,15.93333333,0.00000000
2001-10-18T18:50:00,1,10,18,18,50,0.00000000,15.61666667,15.61666667,0.00000000
2001-10-18T19:00:00,1,10,18,19,0,0.00000000,15.30000000,15.30000000,0.00000000
2001-10-18T19:10:00,1,10,18,19,10,0.00000000,15.20000000,15.20000000,0.00000000
2001-10-18T19:20:00,1,10,18,19,20,0.00000000,15.10000000,15.10000000,0.00000000
2001-10-18T19:30:00,1,10,18,19,30,0.00000000,15.00000000,15.00000000,0.00000000
2001-10-18T19:40:00,1,10,18,19,40,0.00000000,14.90000000,14.90000000,0.00000000
2001-10-18T19:50:00,1,10,18,19,50,0.00000000,14.80000000,14.80000000,0.00000000
2001-10-18T20:00:00,1,10,18,20,0,0.00000000,14.70000000,14.70000000,0.00000000
2001-10-18T20:10:00,1,10,18,20,10,0.00000000,14.58333333,14.58333333,0.00000000
2001-10-18T20:20:00,1,10,18,20,20,0.00000000,14.46666667,14.46666667,0.00000000
2001-10-18T20:30:00,1,10,18,20,30,0.00000000,14.35000000,14.35000000,0.00000000
2001-10-18T20:40:00,1,10,18,20,40,0.00000000,14.23333333,14.23333333,0.00000000
2001-10-18T20:50:00,1,10,18,20,50,0.00000000,14.11666667,14.11666667,0.00000000
2001-10-18T21:00:00,1,10,18,21,0,0.00000000,14.00000000,14.00000000,0.00000000
2001-10-18T21:10:00,1,10,18,21,10,0.00000000,13.93333333,13.93333333,0.00000000
2001-10-18T21:20:00,1,10,18,21,20,0.00000000,13.86666667,13.86666667,0.00000000
2001-10-18T21:30:00,1,10,18,21,30,0.00000000,13.80000000,13.80000000,0.00000000
2001-10-18T21:40:00,1,10,18,21,40,0.00000000,13.73333333,13.73333333,0.00000000
2001-10-18T21:50:00,1,10,18,21,50,0.00000000,13.66666667,13.66666667,0.00000000
2001-10-18T22:00:00,1,10,18,22,0,0.00000000,13.60000000,13.60000000,0.00000000
2001-10-18T22:10:00,1,10,18,22,10,0.00000000,13.35000000,13.35000000,0.00000000
2001-10-18T22:20:00,1,10,18,22,20,0.00000000,13.10000000,13.10000000,0.00000000
2001-10-18T22:30:00,1,10,18,22,30,0.00000000,12.85000000,12.85000000,0.00000000
2001-10-18T22:40:00,1,10,18,22,40,0.00000000,12.60000000,12.60000000,0.00000000
2001-10-18T22:50:00,1,10,18,22,50,0.00000000,12.35000000,12.35000000,0.00000000
2001-10-18T23:00:00,1,10,18,23,0,0.00000000,12.10000000,12.10000000,0.00000000
2001-10-18T23:10:00,1,10,18,23,10,0.00000000,12.16666667,12.16666667,0.00000000
2001-10-18T23:20:00,1,10,18,23,20,0.00000000,12.23333333,12.23333333,0.00000000
2001-10-18T23:30:00,1,10,18,23,30,0.00000000,12.30000000,12.30000000,0.00000000
2001-10-18T23:40:00,1,10,18,23,40,0.00000000,12.36666667,12.36666667,0.00000000
2001-10-18T23:50:00,1,10,18,23,50,0.00000000,12.43333333,12.43333333,0.00000000
2001-10-19T00:00:00,1,10,19,0,0,0.00000000,12.50000000,12.50000000,0.00000000
2001-10-19T00:10:00,1,10,19,0,10,0.00000000,12.58333333,12.58333333,0.00000000
2001-10-19T00:20:00,1,10,19,0,20,0.00000000,12.66666667,12.66666667,0.00000000
2001-10-19T00:30:00,1,10,19,0,30,0.00000000,12.75000000,12.75000000,0.00000000
2001-10-19T00:40:00,1,10,19,0,40,0.00000000,12.83333333,12.83333333,0.00000000
2001-10-19T00:50:00,1,10,19,0,50,0.00000000,12.91666667,12.91666667,0.00000000
2001-10-19T01:00:00,1,10,19,1,0,0.00000000,13.00000000,13.00000000,0.00000000
2001-10-19T01:10:00,1,10,19,1,10,0.00000000,12.90000000,12.90000000,0.00000000
2001-10-19T01:20:00,1,10,19,1,20,0.00000000,12.80000000,12.80000000,0.00000000
2001-10-19T01:30:00,1,10,19,1,30,0.00000000,12.70000000,12.70000000,0.00000000
2001-10-19T01:40:00,1,10,19,1,40,0.00000000,12.60000000,12.60000000,0.00000000
2001-10-19T01:50:00,1,10,19,1,50,0.00000000,12.50000000,12.50000000,0.00000000
2001-10-19T02:00:00,1,10,19,2,0,0.00000000,12.40000000,12.40000000,0.00000000
2001-10-19T02:10:00,1,10,19,2,10,0.00000000,12.36666667,12.36666667,0.00000000
2001-10-19T02:20:00,1,10,19,2,20,0.00000000,12.33333333,12.33333333,0.00000000
2001-10-19T02:30:00,1,10,19,2,30,0.00000000,12.30000000,12.30000000,0.00000000
2001-10-19T02:40:00,1,10,19,2,40,0.00000000,12.26666667,12.26666667,0.00000000
2001-10-19T02:50:00,1,10,19,2,50,0.00000000,12.23333333,12.23333333,0.00000000
2001-10-19T03:00:00,1,10,19,3,0,0.00000000,12.20000000,12.20000000,0.00000000
2001-10-19T03:10:00,1,10,19,3,10,0.00000000,12.23333333,12.23333333,0.00000000
2001-10-19T03:20:00,1,10,19,3,20,0.00000000,12.26666667,12.26666667,0.00000000
2001-10-19T03:30:00,1,10,19,3,30,0.00000000,12.30000000,12.30000000,0.00000000
2001-10-19T03:40:00,1,10,19,3,40,0.00000000,12.33333333,12.33333333,0.00000000
2001-10-19T03:50:00,1,10,19,3,50,0.00000000,12.36666667,12.36666667,0.00000000
2001-10-19T04:00:00,1,10,19,4,0,0.00000000,12.40000000,12.40000000,0.00000000
2001-10-19T04:10:00,1,10,19,4,10,0.00000000,12.43333333,12.43333333,0.00000000
2001-10-19T04:20:00,1,10,19,4,20,0.00000000,12.46666667,12.46666667,0.00000000
2001-10-19T04:30:00,1,10,19,4,30,0.00000000,12.50000000,12.50000000,0.00000000
2001-10-19T04:40:00,1,10,19,4,40,0.00000000,12.53333333,12.53333333,0.00000000
2001-10-19T04:50:00,1,10,19,4,50,0.00000000,12.56666667,12.56666667,0.00000000
2001-10-19T05:00:00,1,10,19,5,0,0.00000000,12.60000000,12.60000000,0.00000000
2001-10-19T05:10:00,1,10,19,5,10,0.01950000,12.61666667,13.29916667,0.02054956
2001-10-19T05:20:00,1,10,19,5,20,0.03900000,12.63333333,13.99833333,0.04097370
2001-10-19T05:30:00,1,10,19,5,30,0.05850000,12.65000000,14.69750000,0.06127240
2001-10-19T05:40:00,1,10,19,5,40,0.07800000,12.66666667,15.39666667,0.08144568
2001-10-19T05:50:00,1,10,19,5,50,0.09750000,12.68333333,16.09583333,0.10149352
2001-10-19T06:00:00,1,10,19,6,0,0.11700000,12.70000000,16.79500000,0.12141593
2001-10-19T06:10:00,1,10,19,6,10,0.15666667,12.95000000,18.43333333,0.16139904
2001-10-19T06:20:00,1,10,19,6,20,0.19633333,13.20000000,20.07166667,0.20078428
2001-10-19T06:30:00,1,10,19,6,30,0.23600000,13.45000000,21.71000000,0.23957162
2001-10-19T06:40:00,1,10,19,6,40,0.27566667,13.70000000,23.34833333,0.27776109
2001-10-19T06:50:00,1,10,19,6,50,0.31533333,13.95000000,24.98666667,0.31535267
2001-10-19T07:00:00,1,10,19,7,0,0.35500000,14.20000000,26.62500000,0.35234637
2001-10-19T07:10:00,1,10,19,7,10,0.37850000,14.41666667,27.66416667,0.37386142
2001-10-19T07:20:00,1,10,19,7,20,0.40200000,14.63333333,28.70333333,0.39515180
2001-10-19T07:30:00,1,10,19,7,30,0.42550000,14.85000000,29.74250000,0.41621750
2001-10-19T07:40:00,1,10,19,7,40,0.44900000,15.06666667,30.78166667,0.43705855
2001-10-19T07:50:00,1,10,19,7,50,0.47250000,15.28333333,31.82083333,0.45767492
2001-10-19T08:00:00,1,10,19,8,0,0.49600000,15.50000000,32.86000000,0.47806662
2001-10-19T08:10:00,1,10,19,8,10,0.53850000,15.76666667,34.61416667,0.51468475
2001-10-19T08:20:00,1,10,19,8,20,0.58100000,16.03333333,36.36833333,0.55061699
2001-10-19T08:30:00,1,10,19,8,30,0.62350000,16.30000000,38.12250000,0.58586336
2001-10-19T08:40:00,1,10,19,8,40,0.66600000,16.56666667,39.87666667,0.62042384
2001-10-19T08:50:00,1,10,19,8,50,0.70850000,16.83333333,41.63083333,0.65429845
2001-10-19T09:00:00,1,10,19,9,0,0.75100000,17.10000000,43.38500000,0.68748718
2001-10-19T09:10:00,1,10,19,9,10,0.77366667,17.18333333,44.26166667,0.70511696
2001-10-19T09:20:00,1,10,19,9,20,0.79633333,17.26666667,45.13833333,0.72256393
2001-10-19T09:30:00,1,10,19,9,30,0.81900000,17.35000000,46.01500000,0.73982809
2001-10-19T09:40:00,1,10,19,9,40,0.84166667,17.43333333,46.89166667,0.75690943
2001-10-19T09:50:00,1,10,19,9,50,0.86433333,17.51666667,47.76833333,0.77380796
2001-10-19T10:00:00,1,10,19,10,0,0.88700000,17.60000000,48.64500000,0.79052367
2001-10-19T10:10:00,1,10,19,10,10,0.90183333,17.85000000,49.41416667,0.80055279
2001-10-19T10:20:00,1,10,19,10,20,0.91666667,18.10000000,50.18333333,0.81047694
2001-10-19T10:30:00,1,10,19,10,30,0.93150000,18.35000000,50.95250000,0.82029613
2001-10-19T10:40:00,1,10,19,10,40,0.94633333,18.60000000,51.72166667,0.83001036
2001-10-19T10:50:00,1,10,19,10,50,0.96116667,18.85000000,52.49083333,0.83961961
2001-10-19T11:00:00,1,10,19,11,0,0.97600000,19.10000000,53.26000000,0.84912390
2001-10-19T11:10:00,1,10,19,11,10,0.96066667,19.16666667,52.79000000,0.83786080
2001-10-19T11:20:00,1,10,19,11,20,0.94533333,19.23333333,52.32000000,0.82653140
2001-10-19T11:30:00,1,10,19,11,30,0.93000000,19.30000000,51.85000000,0.81513570
2001-10-19T11:40:00,1,10,19,11,40,0.91466667,19.36666667,51.38000000,0.80367370
2001-10-19T11:50:00,1,10,19,11,50,0.89933333,19.43333333,50.91000000,0.79214539
2001-10-19T12:00:00,1,10,19,12,0,0.88400000,19.50000000,50.44000000,0.78055078
2001-10-19T12:10:00,1,10,19,12,10,0.87333333,19.50000000,50.06666667,0.77263218
2001-10-19T12:20:00,1,10,19,12,20,0.86266667,19.50000000,49.69333333,0.76467694
2001-10-19T12:30:00,1,10,19,12,30,0.85200000,19.50000000,49.32000000,0.75668506
2001-10-19T12:40:00,1,10,19,12,40,0.84133333,19.50000000,48.94666667,0.74865654
2001-10-19T12:50:00,1,10,19,12,50,0.83066667,19.50000000,48.57333333,0.74059139
2001-10-19T13:00:00,1,10,19,13,0,0.82000000,19.50000000,48.20000000,0.73248960
2001-10-19T13:10:00,1,10,19,13,10,0.79683333,19.55000000,47.43916667,0.71458406
2001-10-19T13:20:00,1,10,19,13,20,0.77366667,19.60000000,46.67833333,0.69651637
2001-10-19T13:30:00,1,10,19,13,30,0.75050000,19.65000000,45.91750000,0.67828651
2001-10-19T13:40:00,1,10,19,13,40,0.72733333,19.70000000,45.15666667,0.65989450
2001-10-19T13:50:00,1,10,19,13,50,0.70416667,19.75000000,44.39583333,0.64134033
2001-10-19T14:00:00,1,10,19,14,0,0.68100000,19.80000000,43.63500000,0.62262400
2001-10-19T14:10:00,1,10,19,14,10,0.66166667,19.80000000,42.95833333,0.60700749
2001-10-19T14:20:00,1,10,19,14,20,0.64233333,19.80000000,42.28166667,0.59127062
2001-10-19T14:30:00,1,10,19,14,30,0.62300000,19.80000000,41.60500000,0.57541339
2001-10-19T14:40:00,1,10,19,14,40,0.60366667,19.80000000,40.92833333,0.55943581
2001-10-19T14:50:00,1,10,19,14,50,0.58433333,19.80000000,40.25166667,0.54333787
2001-10-19T15:00:00,1,10,19,15,0,0.56500000,19.80000000,39.57500000,0.52711957
2001-10-19T15:10:00,1,10,19,15,10,0.52533333,19.88333333,38.27000000,0.49326594
2001-10-19T15:20:00,1,10,19,15,20,0.48566667,19.96666667,36.96500000,0.45893606
2001-10-19T15:30:00,1,10,19,15,30,0.44600000,20.05000000,35.66000000,0.42412994
2001-10-19T15:40:00,1,10,19,15,40,0.40633333,20.13333333,34.35500000,0.38884759
2001-10-19T15:50:00,1,10,19,15,50,0.36666667,20.21666667,33.05000000,0.35308900
2001-10-19T16:00:00,1,10,19,16,0,0.32700000,20.30000000,31.74500000,0.31685417
2001-10-19T16:10:00,1,10,19,16,10,0.29416667,20.21666667,30.51250000,0.28670734
2001-10-19T16:20:00,1,10,19,16,20,0.26133333,20.13333333,29.28000000,0.25618820
2001-10-19T16:30:00,1,10,19,16,30,0.22850000,20.05000000,28.04750000,0.22529677
2001-10-19T16:40:00,1,10,19,16,40,0.19566667,19.96666667,26.81500000,0.19403305
2001-10-19T16:50:00,1,10,19,16,50,0.16283333,19.88333333,25.58250000,0.16239702
2001-10-19T17:00:00,1,10,19,17,0,0.13000000,19.80000000,24.35000000,0.13038870
2001-10-19T17:10:00,1,10,19,17,10,0.10833333,19.71666667,23.50833333,0.10907668
2001-10-19T17:20:00,1,10,19,17,20,0.08666667,19.63333333,22.66666667,0.08759689
2001-10-19T17:30:00,1,10,19,17,30,0.06500000,19.55000000,21.82500000,0.06594933
2001-10-19T17:40:00,1,10,19,17,40,0.04333333,19.46666667,20.98333333,0.04413399
2001-10-19T17:50:00,1,10,19,17,50,0.02166667,19.38333333,20.14166667,0.02215088
2001-10-19T18:00:00,1,10,19,18,0,0.00000000,19.30000000,19.30000000,0.00000000
2001-10-19T18:10:00,1,10,19,18,10,0.00000000,19.11666667,19.11666667,0.00000000
2001-10-19T18:20:00,1,10,19,18,20,0.00000000,18.93333333,18.93333333,0.00000000
2001-10-19T18:30:00,1,10,19,18,30,0.00000000,18.75000000,18.75000000,0.00000000
2001-10-19T18:40:00,1,10,19,18,40,0.00000000,18.56666667,18.56666667,0.00000000
2001-10-19T18:50:00,1,10,19,18,50,0.00000000,18.38333333,18.38333333,0.00000000
2001-10-19T19:00:00,1,10,19,19,0,0.00000000,18.20000000,18.20000000,0.00000000
2001-10-19T19:10:00,1,10,19,19,10,0.00000000,18.30000000,18.30000000,0.00000000
2001-10-19T19:20:00,1,10,19,19,20,0.00000000,18.40000000,18.40000000,0.00000000
2001-10-19T19:30:00,1,10,19,19,30,0.00000000,18.50000000,18.50000000,0.00000000
2001-10-19T19:40:00,1,10,19,19,40,0.00000000,18.60000000,18.60000000,0.00000000
2001-10-19T19:50:00,1,10,19,19,50,0.00000000,18.70000000,18.70000000,0.00000000
2001-10-19T20:00:00,1,10,19,20,0,0.00000000,18.80000000,18.80000000,0.00000000
2001-10-19T20:10:00,1,10,19,20,10,0.00000000,18.58333333,18.58333333,0.00000000
2001-10-19T20:20:00,1,10,19,20,20,0.00000000,18.36666667,18.36666667,0.00000000
2001-10-19T20:30:00,1,10,19,20,30,0.00000000,18.15000000,18.15000000,0.00000000
2001-10-19T20:40:00,1,10,19,20,40,0.00000000,17.93333333,17.93333333,0.00000000
2001-10-19T20:50:00,1,10,19,20,50,0.00000000,17.71666667,17.71666667,0.00000000
2001-10-19T21:00:00,1,10,19,21,0,0.00000000,17.50000000,17.50000000,0.00000000
2001-10-19T21:10:00,1,10,19,21,10,0.00000000,17.56666667,17.56666667,0.00000000
2001-10-19T21:20:00,1,10,19,21,20,0.00000000,17.63333333,17.63333333,0.00000000
2001-10-19T21:30:00,1,10,19,21,30,0.00000000,17.70000000,17.70000000,0.00000000
2001-10-19T21:40:00,1,10,19,21,40,0.00000000,17.76666667,17.76666667,0.00000000
2001-10-19T21:50:00,1,10,19,21,50,0.00000000,17.83333333,17.83333333,0.00000000
2001-10-19T22:00:00,1,10,19,22,0,0.00000000,17.90000000,17.90000000,0.00000000
2001-10-19T22:10:00,1,10,19,22,10,0.00000000,17.71666667,17.71666667,0.00000000
2001-10-19T22:20:00,1,10,19,22,20,0.00000000,17.53333333,17.53333333,0.00000000
2001-10-19T22:30:00,1,10,19,22,30,0.00000000,17.35000000,17.35000000,0.00000000
2001-10-19T22:40:00,1,10,19,22,40,0.00000000,17.16666667,17.16666667,0.00000000
2001-10-19T22:50:00,1,10,19,22,50,0.00000000,16.98333333,16.98333333,0.00000000
2001-10-19T23:00:00,1,10,19,23,0,0.00000000,16.80000000,16.80000000,0.00000000
2001-10-19T23:10:00,1,10,19,23,10,0.00000000,16.83333333,16.83333333,0.00000000
2001-10-19T23:20:00,1,10,19,23,20,0.00000000,16.86666667,16.86666667,0.00000000
2001-10-19T23:30:00,1,10,19,23,30,0.00000000,16.90000000,16.90000000,0.00000000
2001-10-19T23:40:00,1,10,19,23,40,0.00000000,16.93333333,16.93333333,0.00000000
2001-10-19T23:50:00,1,10,19,23,50,0.00000000,16.96666667,16.96666667,0.00000000
2001-10-20T00:00:00,1,10,20,0,0,0.00000000,17.00000000,17.00000000,0.00000000
2001-10-20T00:10:00,1,10,20,0,10,0.00000000,16.85000000,16.85000000,0.00000000
2001-10-20T00:20:00,1,10,20,0,20,0.00000000,16.70000000,16.70000000,0.00000000
2001-10-20T00:30:00,1,10,20,0,30,0.00000000,16.55000000,16.55000000,0.00000000
2001-10-20T00:40:00,1,10,20,0,40,0.00000000,16.40000000,16.40000000,0.00000000
2001-10-20T00:50:00,1,10,20,0,50,0.00000000,16.25000000,16.25000000,0.00000000
2001-10-20T01:00:00,1,10,20,1,0,0.00000000,16.10000000,16.10000000,0.00000000
2001-10-20T01:10:00,1,10,20,1,10,0.00000000,15.98333333,15.98333333,0.00000000
2001-10-20T01:20:00,1,10,20,1,20,0.00000000,15.86666667,15.86666667,0.00000000
2001-10-20T01:30:00,1,10,20,1,30,0.00000000,15.75000000,15.75000000,0.00000000
2001-10-20T01:40:00,1,10,20,1,40,0.00000000,15.63333333,15.63333333,0.00000000
2001-10-20T01:50:00,1,10,20,1,50,0.00000000,15.51666667,15.51666667,0.00000000
2001-10-20T02:00:00,1,10,20,2,0,0.00000000,15.40000000,15.40000000,0.00000000
2001-10-20T02:10:00,1,10,20,2,10,0.00000000,15.38333333,15.38333333,0.00000000
2001-10-20T02:20:00,1,10,20,2,20,0.00000000,15.36666667,15.36666667,0.00000000
2001-10-20T02:30:00,1,10,20,2,30,0.00000000,15.35000000,15.35000000,0.00000000
2001-10-20T02:40:00,1,10,20,2,40,0.00000000,15.33333333,15.33333333,0.00000000
2001-10-20T02:50:00,1,10,20,2,50,0.00000000,15.31666667,15.31666667,0.00000000
2001-10-20T03:00:00,1,10,20,3,0,0.00000000,15.30000000,15.30000000,0.00000000
2001-10-20T03:10:00,1,10,20,3,10,0.00000000,15.23333333,15.23333333,0.00000000
2001-10-20T03:20:00,1,10,20,3,20,0.00000000,15.16666667,15.16666667,0.00000000
2001-10-20T03:30:00,1,10,20,3,30,0.00000000,15.10000000,15.10000000,0.00000000
2001-10-20T03:40:00,1,10,20,3,40,0.00000000,15.03333333,15.03333333,0.00000000
2001-10-20T03:50:00,1,10,20,3,50,0.00000000,14.96666667,14.96666667,0.00000000
2001-10-20T04:00:00,1,10,20,4,0,0.00000000,14.90000000,14.90000000,0.00000000
2001-10-20T04:10:00,1,10,20,4,10,0.00000000,14.88333333,14.88333333,0.00000000
2001-10-20T04:20:00,1,10,20,4,20,0.00000000,14.86666667,14.86666667,0.00000000
2001-10-20T04:30:00,1,10,20,4,30,0.00000000,14.85000000,14.85000000,0.00000000
2001-10-20T04:40:00,1,10,20,4,40,0.00000000,14.83333333,14.83333333,0.00000000
2001-10-20T04:50:00,1,10,20,4,50,0.00000000,14.81666667,14.81666667,0.00000000
2001-10-20T05:00:00,1,10,20,5,0,0.00000000,14.80000000,14.80000000,0.00000000
2001-10-20T05:10:00,1,10,20,5,10,0.01433333,14.76666667,15.26833333,0.01497497
2001-10-20T05:20:00,1,10,20,5,20,0.02866667,14.73333333,15.73666667,0.02988819
2001-10-20T05:30:00,1,10,20,5,30,0.04300000,14.70000000,16.20500000,0.04473965
2001-10-20T05:40:00,1,10,20,5,40,0.05733333,14.66666667,16.67333333,0.05952935
2001-10-20T05:50:00,1,10,20,5,50,0.07166667,14.63333333,17.14166667,0.07425730
2001-10-20T06:00:00,1,10,20,6,0,0.08600000,14.60000000,17.61000000,0.08892348
2001-10-20T06:10:00,1,10,20,6,10,0.13083333,15.03333333,19.61250000,0.13407571
2001-10-20T06:20:00,1,10,20,6,20,0.17566667,15.46666667,21.61500000,0.17840197
2001-10-20T06:30:00,1,10,20,6,30,0.22050000,15.90000000,23.61750000,0.22190227
2001-10-20T06:40:00,1,10,20,6,40,0.26533333,16.33333333,25.62000000,0.26457660
2001-10-20T06:50:00,1,10,20,6,50,0.31016667,16.76666667,27.62250000,0.30642497
2001-10-20T07:00:00,1,10,20,7,0,0.35500000,17.20000000,29.62500000,0.34744737
2001-10-20T07:10:00,1,10,20,7,10,0.35566667,17.83333333,30.28166667,0.34702551
2001-10-20T07:20:00,1,10,20,7,20,0.35633333,18.46666667,30.93833333,0.34659961
2001-10-20T07:30:00,1,10,20,7,30,0.35700000,19.10000000,31.59500000,0.34616969
2001-10-20T07:40:00,1,10,20,7,40,0.35766667,19.73333333,32.25166667,0.34573574
2001-10-20T07:50:00,1,10,20,7,50,0.35833333,20.36666667,32.90833333,0.34529776
2001-10-20T08:00:00,1,10,20,8,0,0.35900000,21.00000000,33.56500000,0.34485576
2001-10-20T08:10:00,1,10,20,8,10,0.39100000,21.03333333,34.71833333,0.37352061
2001-10-20T08:20:00,1,10,20,8,20,0.42300000,21.06666667,35.87166667,0.40184591
2001-10-20T08:30:00,1,10,20,8,30,0.45500000,21.10000000,37.02500000,0.42983168
2001-10-20T08:40:00,1,10,20,8,40,0.48700000,21.13333333,38.17833333,0.45747790
2001-10-20T08:50:00,1,10,20,8,50,0.51900000,21.16666667,39.33166667,0.48478458
2001-10-20T09:00:00,1,10,20,9,0,0.55100000,21.20000000,40.48500000,0.51175172
2001-10-20T09:10:00,1,10,20,9,10,0.55766667,21.71666667,41.23500000,0.51601956
2001-10-20T09:20:00,1,10,20,9,20,0.56433333,22.23333333,41.98500000,0.52024141
2001-10-20T09:30:00,1,10,20,9,30,0.57100000,22.75000000,42.73500000,0.52441725
2001-10-20T09:40:00,1,10,20,9,40,0.57766667,23.26666667,43.48500000,0.52854709
2001-10-20T09:50:00,1,10,20,9,50,0.58433333,23.78333333,44.23500000,0.53263094
2001-10-20T10:00:00,1,10,20,10,0,0.59100000,24.30000000,44.98500000,0.53666878
2001-10-20T10:10:00,1,10,20,10,10,0.67833333,24.30000000,48.04166667,0.60643565
2001-10-20T10:20:00,1,10,20,10,20,0.76566667,24.30000000,51.09833333,0.67374660
2001-10-20T10:30:00,1,10,20,10,30,0.85300000,24.30000000,54.15500000,0.73860161
2001-10-20T10:40:00,1,10,20,10,40,0.94033333,24.30000000,57.21166667,0.80100070
2001-10-20T10:50:00,1,10,20,10,50,1.02766667,24.30000000,60.26833333,0.86094385
2001-10-20T11:00:00,1,10,20,11,0,1.11500000,24.30000000,63.32500000,0.91843107
2001-10-20T11:10:00,1,10,20,11,10,1.05533333,25.26666667,62.20333333,0.87472851
2001-10-20T11:20:00,1,10,20,11,20,0.99566667,26.23333333,61.08166667,0.83041023
2001-10-20T11:30:00,1,10,20,11,30,0.93600000,27.20000000,59.96000000,0.78547622
2001-10-20T11:40:00,1,10,20,11,40,0.87633333,28.16666667,58.83833333,0.73992650
2001-10-20T11:50:00,1,10,20,11,50,0.81666667,29.13333333,57.71666667,0.69376106
2001-10-20T12:00:00,1,10,20,12,0,0.75700000,30.10000000,56.59500000,0.64697989
2001-10-20T12:10:00,1,10,20,12,10,0.79150000,29.50000000,57.20250000,0.67425392
2001-10-20T12:20:00,1,10,20,12,20,0.82600000,28.90000000,57.81000000,0.70133512
2001-10-20T12:30:00,1,10,20,12,30,0.86050000,28.30000000,58.41750000,0.72822351
2001-10-20T12:40:00,1,10,20,12,40,0.89500000,27.70000000,59.02500000,0.75491908
2001-10-20T12:50:00,1,10,20,12,50,0.92950000,27.10000000,59.63250000,0.78142182
2001-10-20T13:00:00,1,10,20,13,0,0.96400000,26.50000000,60.24000000,0.80773174
2001-10-20T13:10:00,1,10,20,13,10,0.90416667,26.93333333,58.57916667,0.76450532
2001-10-20T13:20:00,1,10,20,13,20,0.84433333,27.36666667,56.91833333,0.72036465
2001-10-20T13:30:00,1,10,20,13,30,0.78450000,27.80000000,55.25750000,0.67530976
2001-10-20T13:40:00,1,10,20,13,40,0.72466667,28.23333333,53.59666667,0.62934063
2001-10-20T13:50:00,1,10,20,13,50,0.66483333,28.66666667,51.93583333,0.58245727
2001-10-20T14:00:00,1,10,20,14,0,0.60500000,29.10000000,50.27500000,0.53465968
2001-10-20T14:10:00,1,10,20,14,10,0.56033333,28.51666667,48.12833333,0.50071928
2001-10-20T14:20:00,1,10,20,14,20,0.51566667,27.93333333,45.98166667,0.46589675
2001-10-20T14:30:00,1,10,20,14,30,0.47100000,27.35000000,43.83500000,0.43019209
2001-10-20T14:40:00,1,10,20,14,40,0.42633333,26.76666667,41.68833333,0.39360529
2001-10-20T14:50:00,1,10,20,14,50,0.38166667,26.18333333,39.54166667,0.35613635
2001-10-20T15:00:00,1,10,20,15,0,0.33700000,25.60000000,37.39500000,0.31778527
2001-10-20T15:10:00,1,10,20,15,10,0.32383333,25.13333333,36.46750000,0.30675096
2001-10-20T15:20:00,1,10,20,15,20,0.31066667,24.66666667,35.54000000,0.29560430
2001-10-20T15:30:00,1,10,20,15,30,0.29750000,24.20000000,34.61250000,0.28434529
2001-10-20T15:40:00,1,10,20,15,40,0.28433333,23.73333333,33.68500000,0.27297393
2001-10-20T15:50:00,1,10,20,15,50,0.27116667,23.26666667,32.75750000,0.26149022
2001-10-20T16:00:00,1,10,20,16,0,0.25800000,22.80000000,31.83000000,0.24989416
2001-10-20T16:10:00,1,10,20,16,10,0.24050000,22.61666667,31.03416667,0.23382440
2001-10-20T16:20:00,1,10,20,16,20,0.22300000,22.43333333,30.23833333,0.21762652
2001-10-20T16:30:00,1,10,20,16,30,0.20550000,22.25000000,29.44250000,0.20130050
2001-10-20T16:40:00,1,10,20,16,40,0.18800000,22.06666667,28.64666667,0.18484636
2001-10-20T16:50:00,1,10,20,16,50,0.17050000,21.88333333,27.85083333,0.16826409
2001-10-20T17:00:00,1,10,20,17,0,0.15300000,21.70000000,27.05500000,0.15155369
2001-10-20T17:10:00,1,10,20,17,10,0.12866667,21.40000000,25.90333333,0.12813201
2001-10-20T17:20:00,1,10,20,17,20,0.10433333,21.10000000,24.75166667,0.10445252
2001-10-20T17:30:00,1,10,20,17,30,0.08000000,20.80000000,23.60000000,0.08051520
2001-10-20T17:40:00,1,10,20,17,40,0.05566667,20.50000000,22.44833333,0.05632006
2001-10-20T17:50:00,1,10,20,17,50,0.03133333,20.20000000,21.29666667,0.03186711
2001-10-20T18:00:00,1,10,20,18,0,0.00700000,19.90000000,20.14500000,0.00715633
2001-10-20T18:10:00,1,10,20,18,10,0.00583333,19.58333333,19.78750000,0.00597320
2001-10-20T18:20:00,1,10,20,18,20,0.00466667,19.26666667,19.43000000,0.00478624
2001-10-20T18:30:00,1,10,20,18,30,0.00350000,18.95000000,19.07250000,0.00359543
2001-10-20T18:40:00,1,10,20,18,40,0.00233333,18.63333333,18.71500000,0.00240079
2001-10-20T18:50:00,1,10,20,18,50,0.00116667,18.31666667,18.35750000,0.00120231
2001-10-20T19:00:00,1,10,20,19,0,0.00000000,18.00000000,18.00000000,0.00000000
2001-10-20T19:10:00,1,10,20,19,10,0.00000000,17.75000000,17.75000000,0.00000000
2001-10-20T19:20:00,1,10,20,19,20,0.00000000,17.50000000,17.50000000,0.00000000
2001-10-20T19:30:00,1,10,20,19,30,0.00000000,17.25000000,17.25000000,0.00000000
2001-10-20T19:40:00,1,10,20,19,40,0.00000000,17.00000000,17.00000000,0.00000000
2001-10-20T19:50:00,1,10,20,19,50,0.00000000,16.75000000,16.75000000,0.00000000
2001-10-20T20:00:00,1,10,20,20,0,0.00000000,16.50000000,16.50000000,0.00000000
2001-10-20T20:10:00,1,10,20,20,10,0.00000000,16.53333333,16.53333333,0.00000000
2001-10-20T20:20:00,1,10,20,20,20,0.00000000,16.56666667,16.56666667,0.00000000
2001-10-20T20:30:00,1,10,20,20,30,0.00000000,16.60000000,16.60000000,0.00000000
2001-10-20T20:40:00,1,10,20,20,40,0.00000000,16.63333333,16.63333333,0.00000000
2001-10-20T20:50:00,1,10,20,20,50,0.00000000,16.66666667,16.66666667,0.00000000
2001-10-20T21:00:00,1,10,20,21,0,0.00000000,16.70000000,16.70000000,0.00000000
2001-10-20T21:10:00,1,10,20,21,10,0.00000000,16.50000000,16.50000000,0.00000000
2001-10-20T21:20:00,1,10,20,21,20,0.00000000,16.30000000,16.30000000,0.00000000
2001-10-20T21:30:00,1,10,20,21,30,0.00000000,16.10000000,16.10000000,0.00000000
2001-10-20T21:40:00,1,10,20,21,40,0.00000000,15.90000000,15.90000000,0.00000000
2001-10-20T21:50:00,1,10,20,21,50,0.00000000,15.70000000,15.70000000,0.00000000
2001-10-20T22:00:00,1,10,20,22,0,0.00000000,15.50000000,15.50000000,0.00000000
2001-10-20T22:10:00,1,10,20,22,10,0.00000000,15.41666667,15.41666667,0.00000000
2001-10-20T22:20:00,1,10,20,22,20,0.00000000,15.33333333,15.33333333,0.00000000
2001-10-20T22:30:00,1,10,20,22,30,0.00000000,15.25000000,15.25000000,0.00000000
2001-10-20T22:40:00,1,10,20,22,40,0.00000000,15.16666667,15.16666667,0.00000000
2001-10-20T22:50:00,1,10,20,22,50,0.00000000,15.08333333,15.08333333,0.00000000
2001-10-20T23:00:00,1,10,20,23,0,0.00000000,15.00000000,15.00000000,0.00000000
2001-10-20T23:10:00,1,10,20,23,10,0.00000000,15.03333333,15.03333333,0.00000000
2001-10-20T23:20:00,1,10,20,23,20,0.00000000,15.06666667,15.06666667,0.00000000
2001-10-20T23:30:00,1,10,20,23,30,0.00000000,15.10000000,15.10000000,0.00000000
2001-10-20T23:40:00,1,10,20,23,40,0.00000000,15.13333333,15.13333333,0.00000000
2001-10-20T23:50:00,1,10,20,23,50,0.00000000,15.16666667,15.16666667,0.00000000
2001-10-21T00:00:00,1,10,21,0,0,0.00000000,15.20000000,15.20000000,0.00000000
2001-10-21T00:10:00,1,10,21,0,10,0.00000000,15.11666667,15.11666667,0.00000000
2001-10-21T00:20:00,1,10,21,0,20,0.00000000,15.03333333,15.03333333,0.00000000
2001-10-21T00:30:00,1,10,21,0,30,0.00000000,14.95000000,14.95000000,0.00000000
2001-10-21T00:40:00,1,10,21,0,40,0.00000000,14.86666667,14.86666667,0.00000000
2001-10-21T00:50:00,1,10,21,0,50,0.00000000,14.78333333,14.78333333,0.00000000
2001-10-21T01:00:00,1,10,21,1,0,0.00000000,14.70000000,14.70000000,0.00000000
2001-10-21T01:10:00,1,10,21,1,10,0.00000000,14.76666667,14.76666667,0.00000000
2001-10-21T01:20:00,1,10,21,1,20,0.00000000,14.83333333,14.83333333,0.00000000
2001-10-21T01:30:00,1,10,21,1,30,0.00000000,14.90000000,14.90000000,0.00000000
2001-10-21T01:40:00,1,10,21,1,40,0.00000000,14.96666667,14.96666667,0.00000000
2001-10-21T01:50:00,1,10,21,1,50,0.00000000,15.03333333,15.03333333,0.00000000
2001-10-21T02:00:00,1,10,21,2,0,0.00000000,15.10000000,15.10000000,0.00000000
2001-10-21T02:10:00,1,10,21,2,10,0.00000000,15.01666667,15.01666667,0.00000000
2001-10-21T02:20:00,1,10,21,2,20,0.00000000,14.93333333,14.93333333,0.00000000
2001-10-21T02:30:00,1,10,21,2,30,0.00000000,14.85000000,14.85000000,0.00000000
2001-10-21T02:40:00,1,10,21,2,40,0.00000000,14.76666667,14.76666667,0.00000000
2001-10-21T02:50:00,1,10,21,2,50,0.00000000,14.68333333,14.68333333,0.00000000
2001-10-21T03:00:00,1,10,21,3,0,0.00000000,14.60000000,14.60000000,0.00000000
2001-10-21T03:10:00,1,10,21,3,10,0.00000000,14.56666667,14.56666667,0.00000000
2001-10-21T03:20:00,1,10,21,3,20,0.00000000,14.53333333,14.53333333,0.00000000
2001-10-21T03:30:00,1,10,21,3,30,0.00000000,14.50000000,14.50000000,0.00000000
2001-10-21T03:40:00,1,10,21,3,40,0.00000000,14.46666667,14.46666667,0.00000000
2001-10-21T03:50:00,1,10,21,3,50,0.00000000,14.43333333,14.43333333,0.00000000
2001-10-21T04:00:00,1,10,21,4,0,0.00000000,14.40000000,14.40000000,0.00000000
2001-10-21T04:10:00,1,10,21,4,10,0.00050000,14.41666667,14.43416667,0.00052430
2001-10-21T04:20:00,1,10,21,4,20,0.00100000,14.43333333,14.46833333,0.00104845
2001-10-21T04:30:00,1,10,21,4,30,0.00150000,14.45000000,14.50250000,0.00157243
2001-10-21T04:40:00,1,10,21,4,40,0.00200000,14.46666667,14.53666667,0.00209626
2001-10-21T04:50:00,1,10,21,4,50,0.00250000,14.48333333,14.57083333,0.00261994
2001-10-21T05:00:00,1,10,21,5,0,0.00300000,14.50000000,14.60500000,0.00314345
2001-10-21T05:10:00,1,10,21,5,10,0.02900000,14.51666667,15.53166667,0.03026308
2001-10-21T05:20:00,1,10,21,5,20,0.05500000,14.53333333,16.45833333,0.05716104
2001-10-21T05:30:00,1,10,21,5,30,0.08100000,14.55000000,17.38500000,0.08383735
2001-10-21T05:40:00,1,10,21,5,40,0.10700000,14.56666667,18.31166667,0.11029200
2001-10-21T05:50:00,1,10,21,5,50,0.13300000,14.58333333,19.23833333,0.13652499
2001-10-21T06:00:00,1,10,21,6,0,0.15900000,14.60000000,20.16500000,0.16253632
2001-10-21T06:10:00,1,10,21,6,10,0.18650000,14.96666667,21.49416667,0.18950765
2001-10-21T06:20:00,1,10,21,6,20,0.21400000,15.33333333,22.82333333,0.21614271
2001-10-21T06:30:00,1,10,21,6,30,0.24150000,15.70000000,24.15250000,0.24244149
2001-10-21T06:40:00,1,10,21,6,40,0.26900000,16.06666667,25.48166667,0.26840399
2001-10-21T06:50:00,1,10,21,6,50,0.29650000,16.43333333,26.81083333,0.29403020
2001-10-21T07:00:00,1,10,21,7,0,0.32400000,16.80000000,28.14000000,0.31932014
2001-10-21T07:10:00,1,10,21,7,10,0.33133333,17.03333333,28.63000000,0.32580073
2001-10-21T07:20:00,1,10,21,7,20,0.33866667,17.26666667,29.12000000,0.33224826
2001-10-21T07:30:00,1,10,21,7,30,0.34600000,17.50000000,29.61000000,0.33866272
2001-10-21T07:40:00,1,10,21,7,40,0.35333333,17.73333333,30.10000000,0.34504413
2001-10-21T07:50:00,1,10,21,7,50,0.36066667,17.96666667,30.59000000,0.35139248
2001-10-21T08:00:00,1,10,21,8,0,0.36800000,18.20000000,31.08000000,0.35770778
2001-10-21T08:10:00,1,10,21,8,10,0.36816667,18.36666667,31.25250000,0.35757764
2001-10-21T08:20:00,1,10,21,8,20,0.36833333,18.53333333,31.42500000,0.35744724
2001-10-21T08:30:00,1,10,21,8,30,0.36850000,18.70000000,31.59750000,0.35731658
2001-10-21T08:40:00,1,10,21,8,40,0.36866667,18.86666667,31.77000000,0.35718565
2001-10-21T08:50:00,1,10,21,8,50,0.36883333,19.03333333,31.94250000,0.35705446
2001-10-21T09:00:00,1,10,21,9,0,0.36900000,19.20000000,32.11500000,0.35692300
2001-10-21T09:10:00,1,10,21,9,10,0.38250000,19.15000000,32.53750000,0.36923777
2001-10-21T09:20:00,1,10,21,9,20,0.39600000,19.10000000,32.96000000,0.38150006
2001-10-21T09:30:00,1,10,21,9,30,0.40950000,19.05000000,33.38250000,0.39370988
2001-10-21T09:40:00,1,10,21,9,40,0.42300000,19.00000000,33.80500000,0.40586723
2001-10-21T09:50:00,1,10,21,9,50,0.43650000,18.95000000,34.22750000,0.41797210
2001-10-21T10:00:00,1,10,21,10,0,0.45000000,18.90000000,34.65000000,0.43002450
2001-10-21T10:10:00,1,10,21,10,10,0.51650000,19.20000000,37.27750000,0.48732989
2001-10-21T10:20:00,1,10,21,10,20,0.58300000,19.50000000,39.90500000,0.54302777
2001-10-21T10:30:00,1,10,21,10,30,0.64950000,19.80000000,42.53250000,0.59711815
2001-10-21T10:40:00,1,10,21,10,40,0.71600000,20.10000000,45.16000000,0.64960102
2001-10-21T10:50:00,1,10,21,10,50,0.78250000,20.40000000,47.78750000,0.70047639
2001-10-21T11:00:00,1,10,21,11,0,0.84900000,20.70000000,50.41500000,0.74974426
2001-10-21T11:10:00,1,10,21,11,10,0.83116667,21.18333333,50.27416667,0.73453426
2001-10-21T11:20:00,1,10,21,11,20,0.81333333,21.66666667,50.13333333,0.71930116
2001-10-21T11:30:00,1,10,21,11,30,0.79550000,22.15000000,49.99250000,0.70404494
2001-10-21T11:40:00,1,10,21,11,40,0.77766667,22.63333333,49.85166667,0.68876563
2001-10-21T11:50:00,1,10,21,11,50,0.75983333,23.11666667,49.71083333,0.67346320
2001-10-21T12:00:00,1,10,21,12,0,0.74200000,23.60000000,49.57000000,0.65813768
2001-10-21T12:10:00,1,10,21,12,10,0.75566667,23.43333333,49.88166667,0.66917633
2001-10-21T12:20:00,1,10,21,12,20,0.76933333,23.26666667,50.19333333,0.68017581
2001-10-21T12:30:00,1,10,21,12,30,0.78300000,23.10000000,50.50500000,0.69113609
2001-10-21T12:40:00,1,10,21,12,40,0.79666667,22.93333333,50.81666667,0.70205719
2001-10-21T12:50:00,1,10,21,12,50,0.81033333,22.76666667,51.12833333,0.71293910
2001-10-21T13:00:00,1,10,21,13,0,0.82400000,22.60000000,51.44000000,0.72378182
2001-10-21T13:10:00,1,10,21,13,10,0.77900000,22.66666667,49.93166667,0.68965987
2001-10-21T13:20:00,1,10,21,13,20,0.73400000,22.73333333,48.42333333,0.65491346
2001-10-21T13:30:00,1,10,21,13,30,0.68900000,22.80000000,46.91500000,0.61954260
2001-10-21T13:40:00,1,10,21,13,40,0.64400000,22.86666667,45.40666667,0.58354729
2001-10-21T13:50:00,1,10,21,13,50,0.59900000,22.93333333,43.89833333,0.54692753
2001-10-21T14:00:00,1,10,21,14,0,0.55400000,23.00000000,42.39000000,0.50968332
2001-10-21T14:10:00,1,10,21,14,10,0.54466667,22.66666667,41.73000000,0.50275021
2001-10-21T14:20:00,1,10,21,14,20,0.53533333,22.33333333,41.07000000,0.49576042
2001-10-21T14:30:00,1,10,21,14,30,0.52600000,22.00000000,40.41000000,0.48871396
2001-10-21T14:40:00,1,10,21,14,40,0.51666667,21.66666667,39.75000000,0.48161083
2001-10-21T14:50:00,1,10,21,14,50,0.50733333,21.33333333,39.09000000,0.47445103
2001-10-21T15:00:00,1,10,21,15,0,0.49800000,21.00000000,38.43000000,0.46723456
2001-10-21T15:10:00,1,10,21,15,10,0.47383333,21.06666667,37.65083333,0.44625916
2001-10-21T15:20:00,1,10,21,15,20,0.44966667,21.13333333,36.87166667,0.42511052
2001-10-21T15:30:00,1,10,21,15,30,0.42550000,21.20000000,36.09250000,0.40378865
2001-10-21T15:40:00,1,10,21,15,40,0.40133333,21.26666667,35.31333333,0.38229354
2001-10-21T15:50:00,1,10,21,15,50,0.37716667,21.33333333,34.53416667,0.36062521
2001-10-21T16:00:00,1,10,21,16,0,0.35300000,21.40000000,33.75500000,0.33878363
2001-10-21T16:10:00,1,10,21,16,10,0.30300000,21.08333333,31.68833333,0.29367780
2001-10-21T16:20:00,1,10,21,16,20,0.25300000,20.76666667,29.62166667,0.24762130
2001-10-21T16:30:00,1,10,21,16,30,0.20300000,20.45000000,27.55500000,0.20061414
2001-10-21T16:40:00,1,10,21,16,40,0.15300000,20.13333333,25.48833333,0.15265631
2001-10-21T16:50:00,1,10,21,16,50,0.10300000,19.81666667,23.42166667,0.10374781
2001-10-21T17:00:00,1,10,21,17,0,0.05300000,19.50000000,21.35500000,0.05388865
2001-10-21T17:10:00,1,10,21,17,10,0.04516667,19.05000000,20.63083333,0.04607443
2001-10-21T17:20:00,1,10,21,17,20,0.03733333,18.60000000,19.90666667,0.03820803
2001-10-21T17:30:00,1,10,21,17,30,0.02950000,18.15000000,19.18250000,0.03028943
2001-10-21T17:40:00,1,10,21,17,40,0.02166667,17.70000000,18.45833333,0.02231865
2001-10-21T17:50:00,1,10,21,17,50,0.01383333,17.25000000,17.73416667,0.01429568
2001-10-21T18:00:00,1,10,21,18,0,0.00600000,16.80000000,17.01000000,0.00622052
2001-10-21T18:10:00,1,10,21,18,10,0.00500000,16.78333333,16.95833333,0.00518496
2001-10-21T18:20:00,1,10,21,18,20,0.00400000,16.76666667,16.90666667,0.00414892
2001-10-21T18:30:00,1,10,21,18,30,0.00300000,16.75000000,16.85500000,0.00311240
2001-10-21T18:40:00,1,10,21,18,40,0.00200000,16.73333333,16.80333333,0.00207541
2001-10-21T18:50:00,1,10,21,18,50,0.00100000,16.71666667,16.75166667,0.00103794
2001-10-21T19:00:00,1,10,21,19,0,0.00000000,16.70000000,16.70000000,0.00000000
2001-10-21T19:10:00,1,10,21,19,10,0.00000000,16.58333333,16.58333333,0.00000000
2001-10-21T19:20:00,1,10,21,19,20,0.00000000,16.46666667,16.46666667,0.00000000
2001-10-21T19:30:00,1,10,21,19,30,0.00000000,16.35000000,16.35000000,0.00000000
2001-10-21T19:40:00,1,10,21,19,40,0.00000000,16.23333333,16.23333333,0.00000000
2001-10-21T19:50:00,1,10,21,19,50,0.00000000,16.11666667,16.11666667,0.00000000
2001-10-21T20:00:00,1,10,21,20,0,0.00000000,16.00000000,16.00000000,0.00000000
2001-10-21T20:10:00,1,10,21,20,10,0.00000000,15.85000000,15.85000000,0.00000000
2001-10-21T20:20:00,1,10,21,20,20,0.00000000,15.70000000,15.70000000,0.00000000
2001-10-21T20:30:00,1,10,21,20,30,0.00000000,15.55000000,15.55000000,0.00000000
2001-10-21T20:40:00,1,10,21,20,40,0.00000000,15.40000000,15.40000000,0.00000000
2001-10-21T20:50:00,1,10,21,20,50,0.00000000,15.25000000,15.25000000,0.00000000
2001-10-21T21:00:00,1,10,21,21,0,0.00000000,15.10000000,15.10000000,0.00000000
2001-10-21T21:10:00,1,10,21,21,10,0.00000000,15.11666667,15.11666667,0.00000000
2001-10-21T21:20:00,1,10,21,21,20,0.00000000,15.13333333,15.13333333,0.00000000
2001-10-21T21:30:00,1,10,21,21,30,0.00000000,15.15000000,15.15000000,0.00000000
2001-10-21T21:40:00,1,10,21,21,40,0.00000000,15.16666667,15.16666667,0.00000000
2001-10-21T21:50:00,1,10,21,21,50,0.00000000,15.18333333,15.18333333,0.00000000
2001-10-21T22:00:00,1,10,21,22,0,0.00000000,15.20000000,15.20000000,0.00000000
2001-10-21T22:10:00,1,10,21,22,10,0.00000000,15.11666667,15.11666667,0.00000000
2001-10-21T22:20:00,1,10,21,22,20,0.00000000,15.03333333,15.03333333,0.00000000
2001-10-21T22:30:00,1,10,21,22,30,0.00000000,14.95000000,14.95000000,0.00000000
2001-10-21T22:40:00,1,10,21,22,40,0.00000000,14.86666667,14.86666667,0.00000000
2001-10-21T22:50:00,1,10,21,22,50,0.00000000,14.78333333,14.78333333,0.00000000
2001-10-21T23:00:00,1,10,21,23,0,0.00000000,14.70000000,14.70000000,0.00000000
2001-10-21T23:10:00,1,10,21,23,10,0.00000000,14.63333333,14.63333333,0.00000000
2001-10-21T23:20:00,1,10,21,23,20,0.00000000,14.56666667,14.56666667,0.00000000
2001-10-21T23:30:00,1,10,21,23,30,0.00000000,14.50000000,14.50000000,0.00000000
2001-10-21T23:40:00,1,10,21,23,40,0.00000000,14.43333333,14.43333333,0.00000000
2001-10-21T23:50:00,1,10,21,23,50,0.00000000,14.36666667,14.36666667,0.00000000
2001-10-22T00:00:00,1,10,22,0,0,0.00000000,14.30000000,14.30000000,0.00000000
2001-10-22T00:10:00,1,10,22,0,10,0.00000000,14.18333333,14.18333333,0.00000000
2001-10-22T00:20:00,1,10,22,0,20,0.00000000,14.06666667,14.06666667,0.00000000
2001-10-22T00:30:00,1,10,22,0,30,0.00000000,13.95000000,13.95000000,0.00000000
2001-10-22T00:40:00,1,10,22,0,40,0.00000000,13.83333333,13.83333333,0.00000000
2001-10-22T00:50:00,1,10,22,0,50,0.00000000,13.71666667,13.71666667,0.00000000
2001-10-22T01:00:00,1,10,22,1,0,0.00000000,13.60000000,13.60000000,0.00000000
2001-10-22T01:10:00,1,10,22,1,10,0.00000000,13.61666667,13.61666667,0.00000000
2001-10-22T01:20:00,1,10,22,1,20,0.00000000,13.63333333,13.63333333,0.00000000
2001-10-22T01:30:00,1,10,22,1,30,0.00000000,13.65000000,13.65000000,0.00000000
2001-10-22T01:40:00,1,10,22,1,40,0.00000000,13.66666667,13.66666667,0.00000000
2001-10-22T01:50:00,1,10,22,1,50,0.00000000,13.68333333,13.68333333,0.00000000
2001-10-22T02:00:00,1,10,22,2,0,0.00000000,13.70000000,13.70000000,0.00000000
2001-10-22T02:10:00,1,10,22,2,10,0.00000000,13.66666667,13.66666667,0.00000000
2001-10-22T02:20:00,1,10,22,2,20,0.00000000,13.63333333,13.63333333,0.00000000
2001-10-22T02:30:00,1,10,22,2,30,0.00000000,13.60000000,13.60000000,0.00000000
2001-10-22T02:40:00,1,10,22,2,40,0.00000000,13.56666667,13.56666667,0.00000000
2001-10-22T02:50:00,1,10,22,2,50,0.00000000,13.53333333,13.53333333,0.00000000
2001-10-22T03:00:00,1,10,22,3,0,0.00000000,13.50000000,13.50000000,0.00000000
2001-10-22T03:10:00,1,10,22,3,10,0.00000000,13.45000000,13.45000000,0.00000000
2001-10-22T03:20:00,1,10,22,3,20,0.00000000,13.40000000,13.40000000,0.00000000
2001-10-22T03:30:00,1,10,22,3,30,0.00000000,13.35000000,13.35000000,0.00000000
2001-10-22T03:40:00,1,10,22,3,40,0.00000000,13.30000000,13.30000000,0.00000000
2001-10-22T03:50:00,1,10,22,3,50,0.00000000,13.25000000,13.25000000,0.00000000
2001-10-22T04:00:00,1,10,22,4,0,0.00000000,13.20000000,13.20000000,0.00000000
2001-10-22T04:10:00,1,10,22,4,10,0.00033333,13.31666667,13.32833333,0.00035123
2001-10-22T04:20:00,1,10,22,4,20,0.00066667,13.43333333,13.45666667,0.00070207
2001-10-22T04:30:00,1,10,22,4,30,0.00100000,13.55000000,13.58500000,0.00105251
2001-10-22T04:40:00,1,10,22,4,40,0.00133333,13.66666667,13.71333333,0.00140256
2001-10-22T04:50:00,1,10,22,4,50,0.00166667,13.78333333,13.84166667,0.00175221
2001-10-22T05:00:00,1,10,22,5,0,0.00200000,13.90000000,13.97000000,0.00210148
2001-10-22T05:10:00,1,10,22,5,10,0.02466667,13.81666667,14.68000000,0.02583764
2001-10-22T05:20:00,1,10,22,5,20,0.04733333,13.73333333,15.39000000,0.04942575
2001-10-22T05:30:00,1,10,22,5,30,0.07000000,13.65000000,16.10000000,0.07286580
2001-10-22T05:40:00,1,10,22,5,40,0.09266667,13.56666667,16.81000000,0.09615779
2001-10-22T05:50:00,1,10,22,5,50,0.11533333,13.48333333,17.52000000,0.11930172
2001-10-22T06:00:00,1,10,22,6,0,0.13800000,13.40000000,18.23000000,0.14229760
2001-10-22T06:10:00,1,10,22,6,10,0.16466667,13.81666667,19.58000000,0.16877214
2001-10-22T06:20:00,1,10,22,6,20,0.19133333,14.23333333,20.93000000,0.19491548
2001-10-22T06:30:00,1,10,22,6,30,0.21800000,14.65000000,22.28000000,0.22072762
2001-10-22T06:40:00,1,10,22,6,40,0.24466667,15.06666667,23.63000000,0.24620856
2001-10-22T06:50:00,1,10,22,6,50,0.27133333,15.48333333,24.98000000,0.27135830
2001-10-22T07:00:00,1,10,22,7,0,0.29800000,15.90000000,26.33000000,0.29617684
2001-10-22T07:10:00,1,10,22,7,10,0.32666667,16.10000000,27.53333333,0.32285991
2001-10-22T07:20:00,1,10,22,7,20,0.35533333,16.30000000,28.73666667,0.34922563
2001-10-22T07:30:00,1,10,22,7,30,0.38400000,16.50000000,29.94000000,0.37527398
2001-10-22T07:40:00,1,10,22,7,40,0.41266667,16.70000000,31.14333333,0.40100498
2001-10-22T07:50:00,1,10,22,7,50,0.44133333,16.90000000,32.34666667,0.42641862
2001-10-22T08:00:00,1,10,22,8,0,0.47000000,17.10000000,33.55000000,0.45151490
2001-10-22T08:10:00,1,10,22,8,10,0.43616667,17.43333333,32.69916667,0.42071932
2001-10-22T08:20:00,1,10,22,8,20,0.40233333,17.76666667,31.84833333,0.38965889
2001-10-22T08:30:00,1,10,22,8,30,0.36850000,18.10000000,30.99750000,0.35833364
2001-10-22T08:40:00,1,10,22,8,40,0.33466667,18.43333333,30.14666667,0.32674354
2001-10-22T08:50:00,1,10,22,8,50,0.30083333,18.76666667,29.29583333,0.29488862
2001-10-22T09:00:00,1,10,22,9,0,0.26700000,19.10000000,28.44500000,0.26276885
2001-10-22T09:10:00,1,10,22,9,10,0.26416667,18.83333333,28.07916667,0.26042497
2001-10-22T09:20:00,1,10,22,9,20,0.26133333,18.56666667,27.71333333,0.25807154
2001-10-22T09:30:00,1,10,22,9,30,0.25850000,18.30000000,27.34750000,0.25570859
2001-10-22T09:40:00,1,10,22,9,40,0.25566667,18.03333333,26.98166667,0.25333609
2001-10-22T09:50:00,1,10,22,9,50,0.25283333,17.76666667,26.61583333,0.25095407
2001-10-22T10:00:00,1,10,22,10,0,0.25000000,17.50000000,26.25000000,0.24856250
2001-10-22T10:10:00,1,10,22,10,10,0.34983333,17.63333333,29.87750000,0.34198430
2001-10-22T10:20:00,1,10,22,10,20,0.44966667,17.76666667,33.50500000,0.43207436
2001-10-22T10:30:00,1,10,22,10,30,0.54950000,17.90000000,37.13250000,0.51883268
2001-10-22T10:40:00,1,10,22,10,40,0.64933333,18.03333333,40.76000000,0.60225926
2001-10-22T10:50:00,1,10,22,10,50,0.74916667,18.16666667,44.38750000,0.68235411
2001-10-22T11:00:00,1,10,22,11,0,0.84900000,18.30000000,48.01500000,0.75911722
2001-10-22T11:10:00,1,10,22,11,10,0.75616667,19.13333333,45.59916667,0.68451521
2001-10-22T11:20:00,1,10,22,11,20,0.66333333,19.96666667,43.18333333,0.60784992
2001-10-22T11:30:00,1,10,22,11,30,0.57050000,20.80000000,40.76750000,0.52912135
2001-10-22T11:40:00,1,10,22,11,40,0.47766667,21.63333333,38.35166667,0.44832949
2001-10-22T11:50:00,1,10,22,11,50,0.38483333,22.46666667,35.93583333,0.36547436
2001-10-22T12:00:00,1,10,22,12,0,0.29200000,23.30000000,33.52000000,0.28055594
2001-10-22T12:10:00,1,10,22,12,10,0.35933333,22.61666667,35.19333333,0.34248443
2001-10-22T12:20:00,1,10,22,12,20,0.42666667,21.93333333,36.86666667,0.40337636
2001-10-22T12:30:00,1,10,22,12,30,0.49400000,21.25000000,38.54000000,0.46323170
2001-10-22T12:40:00,1,10,22,12,40,0.56133333,20.56666667,40.21333333,0.52205048
2001-10-22T12:50:00,1,10,22,12,50,0.62866667,19.88333333,41.88666667,0.57983268
2001-10-22T13:00:00,1,10,22,13,0,0.69600000,19.20000000,43.56000000,0.63657830
2001-10-22T13:10:00,1,10,22,13,10,0.68766667,19.68333333,43.75166667,0.62835014
2001-10-22T13:20:00,1,10,22,13,20,0.67933333,20.16666667,43.94333333,0.62013668
2001-10-22T13:30:00,1,10,22,13,30,0.67100000,20.65000000,44.13500000,0.61193791
2001-10-22T13:40:00,1,10,22,13,40,0.66266667,21.13333333,44.32666667,0.60375383
2001-10-22T13:50:00,1,10,22,13,50,0.65433333,21.61666667,44.51833333,0.59558445
2001-10-22T14:00:00,1,10,22,14,0,0.64600000,22.10000000,44.71000000,0.58742976
2001-10-22T14:10:00,1,10,22,14,10,0.60333333,22.11666667,43.23333333,0.55272976
2001-10-22T14:20:00,1,10,22,14,20,0.56066667,22.13333333,41.75666667,0.51745011
2001-10-22T14:30:00,1,10,22,14,30,0.51800000,22.15000000,40.28000000,0.48159082
2001-10-22T14:40:00,1,10,22,14,40,0.47533333,22.16666667,38.80333333,0.44515188
2001-10-22T14:50:00,1,10,22,14,50,0.43266667,22.18333333,37.32666667,0.40813331
2001-10-22T15:00:00,1,10,22,15,0,0.39000000,22.20000000,35.85000000,0.37053510
2001-10-22T15:10:00,1,10,22,15,10,0.34100000,21.80000000,33.73500000,0.32729828
2001-10-22T15:20:00,1,10,22,15,20,0.29200000,21.40000000,31.62000000,0.28310802
2001-10-22T15:30:00,1,10,22,15,30,0.24300000,21.00000000,29.50500000,0.23796431
2001-10-22T15:40:00,1,10,22,15,40,0.19400000,20.60000000,27.39000000,0.19186716
2001-10-22T15:50:00,1,10,22,15,50,0.14500000,20.20000000,25.27500000,0.14481657
2001-10-22T16:00:00,1,10,22,16,0,0.09600000,19.80000000,23.16000000,0.09681254
2001-10-22T16:10:00,1,10,22,16,10,0.09816667,19.36666667,22.80250000,0.09915898
2001-10-22T16:20:00,1,10,22,16,20,0.10033333,18.93333333,22.44500000,0.10151255
2001-10-22T16:30:00,1,10,22,16,30,0.10250000,18.50000000,22.08750000,0.10387324
2001-10-22T16:40:00,1,10,22,16,40,0.10466667,18.06666667,21.73000000,0.10624106
2001-10-22T16:50:00,1,10,22,16,50,0.10683333,17.63333333,21.37250000,0.10861601
2001-10-22T17:00:00,1,10,22,17,0,0.10900000,17.20000000,21.01500000,0.11099808
2001-10-22T17:10:00,1,10,22,17,10,0.09166667,17.10000000,20.30833333,0.09364499
2001-10-22T17:20:00,1,10,22,17,20,0.07433333,17.00000000,19.60166667,0.07617920
2001-10-22T17:30:00,1,10,22,17,30,0.05700000,16.90000000,18.89500000,0.05860073
2001-10-22T17:40:00,1,10,22,17,40,0.03966667,16.80000000,18.18833333,0.04090957
2001-10-22T17:50:00,1,10,22,17,50,0.02233333,16.70000000,17.48166667,0.02310572
2001-10-22T18:00:00,1,10,22,18,0,0.00500000,16.60000000,16.77500000,0.00518918
2001-10-22T18:10:00,1,10,22,18,10,0.00416667,16.48333333,16.62916667,0.00432711
2001-10-22T18:20:00,1,10,22,18,20,0.00333333,16.36666667,16.48333333,0.00346392
2001-10-22T18:30:00,1,10,22,18,30,0.00250000,16.25000000,16.33750000,0.00259962
2001-10-22T18:40:00,1,10,22,18,40,0.00166667,16.13333333,16.19166667,0.00173420
2001-10-22T18:50:00,1,10,22,18,50,0.00083333,16.01666667,16.04583333,0.00086766
2001-10-22T19:00:00,1,10,22,19,0,0.00000000,15.90000000,15.90000000,0.00000000
2001-10-22T19:10:00,1,10,22,19,10,0.00000000,15.83333333,15.83333333,0.00000000
2001-10-22T19:20:00,1,10,22,19,20,0.00000000,15.76666667,15.76666667,0.00000000
2001-10-22T19:30:00,1,10,22,19,30,0.00000000,15.70000000,15.70000000,0.00000000
2001-10-22T19:40:00,1,10,22,19,40,0.00000000,15.63333333,15.63333333,0.00000000
2001-10-22T19:50:00,1,10,22,19,50,0.00000000,15.56666667,15.56666667,0.00000000
2001-10-22T20:00:00,1,10,22,20,0,0.00000000,15.50000000,15.50000000,0.00000000
2001-10-22T20:10:00,1,10,22,20,10,0.00000000,15.43333333,15.43333333,0.00000000
2001-10-22T20:20:00,1,10,22,20,20,0.00000000,15.36666667,15.36666667,0.00000000
2001-10-22T20:30:00,1,10,22,20,30,0.00000000,15.30000000,15.30000000,0.00000000
2001-10-22T20:40:00,1,10,22,20,40,0.00000000,15.23333333,15.23333333,0.00000000
2001-10-22T20:50:00,1,10,22,20,50,0.00000000,15.16666667,15.16666667,0.00000000
2001-10-22T21:00:00,1,10,22,21,0,0.00000000,15.10000000,15.10000000,0.00000000
2001-10-22T21:10:00,1,10,22,21,10,0.00000000,14.96666667,14.96666667,0.00000000
2001-10-22T21:20:00,1,10,22,21,20,0.00000000,14.83333333,14.83333333,0.00000000
2001-10-22T21:30:00,1,10,22,21,30,0.00000000,14.70000000,14.70000000,0.00000000
2001-10-22T21:40:00,1,10,22,21,40,0.00000000,14.56666667,14.56666667,0.00000000
2001-10-22T21:50:00,1,10,22,21,50,0.00000000,14.43333333,14.43333333,0.00000000
2001-10-22T22:00:00,1,10,22,22,0,0.00000000,14.30000000,14.30000000,0.00000000
2001-10-22T22:10:00,1,10,22,22,10,0.00000000,14.20000000,14.20000000,0.00000000
2001-10-22T22:20:00,1,10,22,22,20,0.00000000,14.10000000,14.10000000,0.00000000
2001-10-22T22:30:00,1,10,22,22,30,0.00000000,14.00000000,14.00000000,0.00000000
2001-10-22T22:40:00,1,10,22,22,40,0.00000000,13.90000000,13.90000000,0.00000000
2001-10-22T22:50:00,1,10,22,22,50,0.00000000,13.80000000,13.80000000,0.00000000
2001-10-22T23:00:00,1,10,22,23,0,0.00000000,13.70000000,13.70000000,0.00000000
2001-10-22T23:10:00,1,10,22,23,10,0.00000000,13.76666667,13.76666667,0.00000000
2001-10-22T23:20:00,1,10,22,23,20,0.00000000,13.83333333,13.83333333,0.00000000
2001-10-22T23:30:00,1,10,22,23,30,0.00000000,13.90000000,13.90000000,0.00000000
2001-10-22T23:40:00,1,10,22,23,40,0.00000000,13.96666667,13.96666667,0.00000000
2001-10-22T23:50:00,1,10,22,23,50,0.00000000,14.03333333,14.03333333,0.00000000
2001-10-23T00:00:00,1,10,23,0,0,0.00000000,14.10000000,14.10000000,0.00000000
2001-10-23T00:10:00,1,10,23,0,10,0.00000000,14.18333333,14.18333333,0.00000000
2001-10-23T00:20:00,1,10,23,0,20,0.00000000,14.26666667,14.26666667,0.00000000
2001-10-23T00:30:00,1,10,23,0,30,0.00000000,14.35000000,14.35000000,0.00000000
2001-10-23T00:40:00,1,10,23,0,40,0.00000000,14.43333333,14.43333333,0.00000000
2001-10-23T00:50:00,1,10,23,0,50,0.00000000,14.51666667,14.51666667,0.00000000
2001-10-23T01:00:00,1,10,23,1,0,0.00000000,14.60000000,14.60000000,0.00000000
2001-10-23T01:10:00,1,10,23,1,10,0.00000000,14.50000000,14.50000000,0.00000000
2001-10-23T01:20:00,1,10,23,1,20,0.00000000,14.40000000,14.40000000,0.00000000
2001-10-23T01:30:00,1,10,23,1,30,0.00000000,14.30000000,14.30000000,0.00000000
2001-10-23T01:40:00,1,10,23,1,40,0.00000000,14.20000000,14.20000000,0.00000000
2001-10-23T01:50:00,1,10,23,1,50,0.00000000,14.10000000,14.10000000,0.00000000
2001-10-23T02:00:00,1,10,23,2,0,0.00000000,14.00000000,14.00000000,0.00000000
2001-10-23T02:10:00,1,10,23,2,10,0.00000000,14.10000000,14.10000000,0.00000000
2001-10-23T02:20:00,1,10,23,2,20,0.00000000,14.20000000,14.20000000,0.00000000
2001-10-23T02:30:00,1,10,23,2,30,0.00000000,14.30000000,14.30000000,0.00000000
2001-10-23T02:40:00,1,10,23,2,40,0.00000000,14.40000000,14.40000000,0.00000000
2001-10-23T02:50:00,1,10,23,2,50,0.00000000,14.50000000,14.50000000,0.00000000
2001-10-23T03:00:00,1,10,23,3,0,0.00000000,14.60000000,14.60000000,0.00000000
2001-10-23T03:10:00,1,10,23,3,10,0.00000000,14.53333333,14.53333333,0.00000000
2001-10-23T03:20:00,1,10,23,3,20,0.00000000,14.46666667,14.46666667,0.00000000
2001-10-23T03:30:00,1,10,23,3,30,0.00000000,14.40000000,14.40000000,0.00000000
2001-10-23T03:40:00,1,10,23,3,40,0.00000000,14.33333333,14.33333333,0.00000000
2001-10-23T03:50:00,1,10,23,3,50,0.00000000,14.26666667,14.26666667,0.00000000
2001-10-23T04:00:00,1,10,23,4,0,0.00000000,14.20000000,14.20000000,0.00000000
2001-10-23T04:10:00,1,10,23,4,10,0.00033333,14.20000000,14.21166667,0.00034988
2001-10-23T04:20:00,1,10,23,4,20,0.00066667,14.20000000,14.22333333,0.00069972
2001-10-23T04:30:00,1,10,23,4,30,0.00100000,14.20000000,14.23500000,0.00104952
2001-10-23T04:40:00,1,10,23,4,40,0.00133333,14.20000000,14.24666667,0.00139929
2001-10-23T04:50:00,1,10,23,4,50,0.00166667,14.20000000,14.25833333,0.00174902
2001-10-23T05:00:00,1,10,23,5,0,0.00200000,14.20000000,14.27000000,0.00209872
2001-10-23T05:10:00,1,10,23,5,10,0.01450000,14.20000000,14.70750000,0.01518651
2001-10-23T05:20:00,1,10,23,5,20,0.02700000,14.20000000,15.14500000,0.02822399
2001-10-23T05:30:00,1,10,23,5,30,0.03950000,14.20000000,15.58250000,0.04121116
2001-10-23T05:40:00,1,10,23,5,40,0.05200000,14.20000000,16.02000000,0.05414802
2001-10-23T05:50:00,1,10,23,5,50,0.06450000,14.20000000,16.45750000,0.06703456
2001-10-23T06:00:00,1,10,23,6,0,0.07700000,14.20000000,16.89500000,0.07987079
2001-10-23T06:10:00,1,10,23,6,10,0.10200000,14.36666667,17.93666667,0.10531412
2001-10-23T06:20:00,1,10,23,6,20,0.12700000,14.53333333,18.97833333,0.13051786
2001-10-23T06:30:00,1,10,23,6,30,0.15200000,14.70000000,20.02000000,0.15548202
2001-10-23T06:40:00,1,10,23,6,40,0.17700000,14.86666667,21.06166667,0.18020659
2001-10-23T06:50:00,1,10,23,6,50,0.20200000,15.03333333,22.10333333,0.20469158
2001-10-23T07:00:00,1,10,23,7,0,0.22700000,15.20000000,23.14500000,0.22893699
2001-10-23T07:10:00,1,10,23,7,10,0.25600000,15.45000000,24.41000000,0.25669478
2001-10-23T07:20:00,1,10,23,7,20,0.28500000,15.70000000,25.67500000,0.28411508
2001-10-23T07:30:00,1,10,23,7,30,0.31400000,15.95000000,26.94000000,0.31119786
2001-10-23T07:40:00,1,10,23,7,40,0.34300000,16.20000000,28.20500000,0.33794315
2001-10-23T07:50:00,1,10,23,7,50,0.37200000,16.45000000,29.47000000,0.36435094
2001-10-23T08:00:00,1,10,23,8,0,0.40100000,16.70000000,30.73500000,0.39042122
2001-10-23T08:10:00,1,10,23,8,10,0.36483333,16.91666667,29.68583333,0.35696941
2001-10-23T08:20:00,1,10,23,8,20,0.32866667,17.13333333,28.63666667,0.32316851
2001-10-23T08:30:00,1,10,23,8,30,0.29250000,17.35000000,27.58750000,0.28901852
2001-10-23T08:40:00,1,10,23,8,40,0.25633333,17.56666667,26.53833333,0.25451943
2001-10-23T08:50:00,1,10,23,8,50,0.22016667,17.78333333,25.48916667,0.21967125
2001-10-23T09:00:00,1,10,23,9,0,0.18400000,18.00000000,24.44000000,0.18447398
2001-10-23T09:10:00,1,10,23,9,10,0.18050000,17.90000000,24.21750000,0.18114971
2001-10-23T09:20:00,1,10,23,9,20,0.17700000,17.80000000,23.99500000,0.17781827
2001-10-23T09:30:00,1,10,23,9,30,0.17350000,17.70000000,23.77250000,0.17447967
2001-10-23T09:40:00,1,10,23,9,40,0.17000000,17.60000000,23.55000000,0.17113390
2001-10-23T09:50:00,1,10,23,9,50,0.16650000,17.50000000,23.32750000,0.16778097
2001-10-23T10:00:00,1,10,23,10,0,0.16300000,17.40000000,23.10500000,0.16442087
2001-10-23T10:10:00,1,10,23,10,10,0.15666667,17.40000000,22.88333333,0.15819208
2001-10-23T10:20:00,1,10,23,10,20,0.15033333,17.40000000,22.66166667,0.15195037
2001-10-23T10:30:00,1,10,23,10,30,0.14400000,17.40000000,22.44000000,0.14569574
2001-10-23T10:40:00,1,10,23,10,40,0.13766667,17.40000000,22.21833333,0.13942820
2001-10-23T10:50:00,1,10,23,10,50,0.13133333,17.40000000,21.99666667,0.13314775
2001-10-23T11:00:00,1,10,23,11,0,0.12500000,17.40000000,21.77500000,0.12685437
2001-10-23T11:10:00,1,10,23,11,10,0.20700000,17.38333333,24.62833333,0.20735390
2001-10-23T11:20:00,1,10,23,11,20,0.28900000,17.36666667,27.48166667,0.28570087
2001-10-23T11:30:00,1,10,23,11,30,0.37100000,17.35000000,30.33500000,0.36189529
2001-10-23T11:40:00,1,10,23,11,40,0.45300000,17.33333333,33.18833333,0.43593715
2001-10-23T11:50:00,1,10,23,11,50,0.53500000,17.31666667,36.04166667,0.50782646
2001-10-23T12:00:00,1,10,23,12,0,0.61700000,17.30000000,38.89500000,0.57756321
2001-10-23T12:10:00,1,10,23,12,10,0.56016667,17.68333333,37.28916667,0.52850035
2001-10-23T12:20:00,1,10,23,12,20,0.50333333,18.06666667,35.68333333,0.47859786
2001-10-23T12:30:00,1,10,23,12,30,0.44650000,18.45000000,34.07750000,0.42785572
2001-10-23T12:40:00,1,10,23,12,40,0.38966667,18.83333333,32.47166667,0.37627395
2001-10-23T12:50:00,1,10,23,12,50,0.33283333,19.21666667,30.86583333,0.32385255
2001-10-23T13:00:00,1,10,23,13,0,0.27600000,19.60000000,29.26000000,0.27059150
2001-10-23T13:10:00,1,10,23,13,10,0.30966667,19.35000000,30.18833333,0.30227606
2001-10-23T13:20:00,1,10,23,13,20,0.34333333,19.10000000,31.11666667,0.33367308
2001-10-23T13:30:00,1,10,23,13,30,0.37700000,18.85000000,32.04500000,0.36478256
2001-10-23T13:40:00,1,10,23,13,40,0.41066667,18.60000000,32.97333333,0.39560451
2001-10-23T13:50:00,1,10,23,13,50,0.44433333,18.35000000,33.90166667,0.42613892
2001-10-23T14:00:00,1,10,23,14,0,0.47800000,18.10000000,34.83000000,0.45638580
2001-10-23T14:10:00,1,10,23,14,10,0.42433333,18.33333333,33.18500000,0.40835676
2001-10-23T14:20:00,1,10,23,14,20,0.37066667,18.56666667,31.54000000,0.35951553
2001-10-23T14:30:00,1,10,23,14,30,0.31700000,18.80000000,29.89500000,0.30986211
2001-10-23T14:40:00,1,10,23,14,40,0.26333333,19.03333333,28.25000000,0.25939650
2001-10-23T14:50:00,1,10,23,14,50,0.20966667,19.26666667,26.60500000,0.20811870
2001-10-23T15:00:00,1,10,23,15,0,0.15600000,19.50000000,24.96000000,0.15602870
2001-10-23T15:10:00,1,10,23,15,10,0.17600000,19.31666667,25.47666667,0.17561409
2001-10-23T15:20:00,1,10,23,15,20,0.19600000,19.13333333,25.99333333,0.19510441
2001-10-23T15:30:00,1,10,23,15,30,0.21600000,18.95000000,26.51000000,0.21449966
2001-10-23T15:40:00,1,10,23,15,40,0.23600000,18.76666667,27.02666667,0.23379985
2001-10-23T15:50:00,1,10,23,15,50,0.25600000,18.58333333,27.54333333,0.25300497
2001-10-23T16:00:00,1,10,23,16,0,0.27600000,18.40000000,28.06000000,0.27211502
2001-10-23T16:10:00,1,10,23,16,10,0.24750000,18.33333333,26.99583333,0.24522774
2001-10-23T16:20:00,1,10,23,16,20,0.21900000,18.26666667,25.93166667,0.21806144
2001-10-23T16:30:00,1,10,23,16,30,0.19050000,18.20000000,24.86750000,0.19061611
2001-10-23T16:40:00,1,10,23,16,40,0.16200000,18.13333333,23.80333333,0.16289176
2001-10-23T16:50:00,1,10,23,16,50,0.13350000,18.06666667,22.73916667,0.13488838
2001-10-23T17:00:00,1,10,23,17,0,0.10500000,18.00000000,21.67500000,0.10660598
2001-10-23T17:10:00,1,10,23,17,10,0.08800000,17.93333333,21.01333333,0.08961380
2001-10-23T17:20:00,1,10,23,17,20,0.07100000,17.86666667,20.35166667,0.07251815
2001-10-23T17:30:00,1,10,23,17,30,0.05400000,17.80000000,19.69000000,0.05531900
2001-10-23T17:40:00,1,10,23,17,40,0.03700000,17.73333333,19.02833333,0.03801638
2001-10-23T17:50:00,1,10,23,17,50,0.02000000,17.66666667,18.36666667,0.02061027
2001-10-23T18:00:00,1,10,23,18,0,0.00300000,17.60000000,17.70500000,0.00310067
2001-10-23T18:10:00,1,10,23,18,10,0.00250000,17.46666667,17.55416667,0.00258563
2001-10-23T18:20:00,1,10,23,18,20,0.00200000,17.33333333,17.40333333,0.00206989
2001-10-23T18:30:00,1,10,23,18,30,0.00150000,17.20000000,17.25250000,0.00155346
2001-10-23T18:40:00,1,10,23,18,40,0.00100000,17.06666667,17.10166667,0.00103633
2001-10-23T18:50:00,1,10,23,18,50,0.00050000,16.93333333,16.95083333,0.00051851
2001-10-23T19:00:00,1,10,23,19,0,0.00000000,16.80000000,16.80000000,0.00000000
2001-10-23T19:10:00,1,10,23,19,10,0.00000000,16.80000000,16.80000000,0.00000000
2001-10-23T19:20:00,1,10,23,19,20,0.00000000,16.80000000,16.80000000,0.00000000
2001-10-23T19:30:00,1,10,23,19,30,0.00000000,16.80000000,16.80000000,0.00000000
2001-10-23T19:40:00,1,10,23,19,40,0.00000000,16.80000000,16.80000000,0.00000000
2001-10-23T19:50:00,1,10,23,19,50,0.00000000,16.80000000,16.80000000,0.00000000
2001-10-23T20:00:00,1,10,23,20,0,0.00000000,16.80000000,16.80000000,0.00000000
2001-10-23T20:10:00,1,10,23,20,10,0.00000000,16.85000000,16.85000000,0.00000000
2001-10-23T20:20:00,1,10,23,20,20,0.00000000,16.90000000,16.90000000,0.00000000
2001-10-23T20:30:00,1,10,23,20,30,0.00000000,16.95000000,16.95000000,0.00000000
2001-10-23T20:40:00,1,10,23,20,40,0.00000000,17.00000000,17.00000000,0.00000000
2001-10-23T20:50:00,1,10,23,20,50,0.00000000,17.05000000,17.05000000,0.00000000
2001-10-23T21:00:00,1,10,23,21,0,0.00000000,17.10000000,17.10000000,0.00000000
2001-10-23T21:10:00,1,10,23,21,10,0.00000000,16.98333333,16.98333333,0.00000000
2001-10-23T21:20:00,1,10,23,21,20,0.00000000,16.86666667,16.86666667,0.00000000
2001-10-23T21:30:00,1,10,23,21,30,0.00000000,16.75000000,16.75000000,0.00000000
2001-10-23T21:40:00,1,10,23,21,40,0.00000000,16.63333333,16.63333333,0.00000000
2001-10-23T21:50:00,1,10,23,21,50,0.00000000,16.51666667,16.51666667,0.00000000
2001-10-23T22:00:00,1,10,23,22,0,0.00000000,16.40000000,16.40000000,0.00000000
2001-10-23T22:10:00,1,10,23,22,10,0.00000000,16.30000000,16.30000000,0.00000000
2001-10-23T22:20:00,1,10,23,22,20,0.00000000,16.20000000,16.20000000,0.00000000
2001-10-23T22:30:00,1,10,23,22,30,0.00000000,16.10000000,16.10000000,0.00000000
2001-10-23T22:40:00,1,10,23,22,40,0.00000000,16.00000000,16.00000000,0.00000000
2001-10-23T22:50:00,1,10,23,22,50,0.00000000,15.90000000,15.90000000,0.00000000
2001-10-23T23:00:00,1,10,23,23,0,0.00000000,15.80000000,15.80000000,0.00000000
2001-10-23T23:10:00,1,10,23,23,10,0.00000000,15.81666667,15.81666667,0.00000000
2001-10-23T23:20:00,1,10,23,23,20,0.00000000,15.83333333,15.83333333,0.00000000
2001-10-23T23:30:00,1,10,23,23,30,0.00000000,15.85000000,15.85000000,0.00000000
2001-10-23T23:40:00,1,10,23,23,40,0.00000000,15.86666667,15.86666667,0.00000000
2001-10-23T23:50:00,1,10,23,23,50,0.00000000,15.88333333,15.88333333,0.00000000
2001-10-24T00:00:00,1,10,24,0,0,0.00000000,15.90000000,15.90000000,0.00000000
2001-10-24T00:10:00,1,10,24,0,10,0.00000000,15.81666667,15.81666667,0.00000000
2001-10-24T00:20:00,1,10,24,0,20,0.00000000,15.73333333,15.73333333,0.00000000
2001-10-24T00:30:00,1,10,24,0,30,0.00000000,15.65000000,15.65000000,0.00000000
2001-10-24T00:40:00,1,10,24,0,40,0.00000000,15.56666667,15.56666667,0.00000000
2001-10-24T00:50:00,1,10,24,0,50,0.00000000,15.48333333,15.48333333,0.00000000
2001-10-24T01:00:00,1,10,24,1,0,0.00000000,15.40000000,15.40000000,0.00000000
2001-10-24T01:10:00,1,10,24,1,10,0.00000000,15.46666667,15.46666667,0.00000000
2001-10-24T01:20:00,1,10,24,1,20,0.00000000,15.53333333,15.53333333,0.00000000
2001-10-24T01:30:00,1,10,24,1,30,0.00000000,15.60000000,15.60000000,0.00000000
2001-10-24T01:40:00,1,10,24,1,40,0.00000000,15.66666667,15.66666667,0.00000000
2001-10-24T01:50:00,1,10,24,1,50,0.00000000,15.73333333,15.73333333,0.00000000
2001-10-24T02:00:00,1,10,24,2,0,0.00000000,15.80000000,15.80000000,0.00000000
2001-10-24T02:10:00,1,10,24,2,10,0.00000000,15.75000000,15.75000000,0.00000000
2001-10-24T02:20:00,1,10,24,2,20,0.00000000,15.70000000,15.70000000,0.00000000
2001-10-24T02:30:00,1,10,24,2,30,0.00000000,15.65000000,15.65000000,0.00000000
2001-10-24T02:40:00,1,10,24,2,40,0.00000000,15.60000000,15.60000000,0.00000000
2001-10-24T02:50:00,1,10,24,2,50,0.00000000,15.55000000,15.55000000,0.00000000
2001-10-24T03:00:00,1,10,24,3,0,0.00000000,15.50000000,15.50000000,0.00000000
2001-10-24T03:10:00,1,10,24,3,10,0.00000000,15.45000000,15.45000000,0.00000000
2001-10-24T03:20:00,1,10,24,3,20,0.00000000,15.40000000,15.40000000,0.00000000
2001-10-24T03:30:00,1,10,24,3,30,0.00000000,15.35000000,15.35000000,0.00000000
2001-10-24T03:40:00,1,10,24,3,40,0.00000000,15.30000000,15.30000000,0.00000000
2001-10-24T03:50:00,1,10,24,3,50,0.00000000,15.25000000,15.25000000,0.00000000
2001-10-24T04:00:00,1,10,24,4,0,0.00000000,15.20000000,15.20000000,0.00000000
2001-10-24T04:10:00,1,10,24,4,10,0.00066667,15.23333333,15.25666667,0.00069655
2001-10-24T04:20:00,1,10,24,4,20,0.00133333,15.26666667,15.31333333,0.00139274
2001-10-24T04:30:00,1,10,24,4,30,0.00200000,15.30000000,15.37000000,0.00208860
2001-10-24T04:40:00,1,10,24,4,40,0.00266667,15.33333333,15.42666667,0.00278410
2001-10-24T04:50:00,1,10,24,4,50,0.00333333,15.36666667,15.48333333,0.00347926
2001-10-24T05:00:00,1,10,24,5,0,0.00400000,15.40000000,15.54000000,0.00417406
2001-10-24T05:10:00,1,10,24,5,10,0.00850000,15.33333333,15.63083333,0.00886633
2001-10-24T05:20:00,1,10,24,5,20,0.01300000,15.26666667,15.72166667,0.01355484
2001-10-24T05:30:00,1,10,24,5,30,0.01750000,15.20000000,15.81250000,0.01823959
2001-10-24T05:40:00,1,10,24,5,40,0.02200000,15.13333333,15.90333333,0.02292058
2001-10-24T05:50:00,1,10,24,5,50,0.02650000,15.06666667,15.99416667,0.02759781
2001-10-24T06:00:00,1,10,24,6,0,0.03100000,15.00000000,16.08500000,0.03227128
2001-10-24T06:10:00,1,10,24,6,10,0.05400000,15.18333333,17.07333333,0.05596898
2001-10-24T06:20:00,1,10,24,6,20,0.07700000,15.36666667,18.06166667,0.07945756
2001-10-24T06:30:00,1,10,24,6,30,0.10000000,15.55000000,19.05000000,0.10273700
2001-10-24T06:40:00,1,10,24,6,40,0.12300000,15.73333333,20.03833333,0.12580731
2001-10-24T06:50:00,1,10,24,6,50,0.14600000,15.91666667,21.02666667,0.14866849
2001-10-24T07:00:00,1,10,24,7,0,0.16900000,16.10000000,22.01500000,0.17132054
2001-10-24T07:10:00,1,10,24,7,10,0.22516667,16.26666667,24.14750000,0.22604966
2001-10-24T07:20:00,1,10,24,7,20,0.28133333,16.43333333,26.28000000,0.27967684
2001-10-24T07:30:00,1,10,24,7,30,0.33750000,16.60000000,28.41250000,0.33220209
2001-10-24T07:40:00,1,10,24,7,40,0.39366667,16.76666667,30.54500000,0.38362541
2001-10-24T07:50:00,1,10,24,7,50,0.44983333,16.93333333,32.67750000,0.43394679
2001-10-24T08:00:00,1,10,24,8,0,0.50600000,17.10000000,34.81000000,0.48316624
2001-10-24T08:10:00,1,10,24,8,10,0.53983333,17.60000000,36.49416667,0.51129064
2001-10-24T08:20:00,1,10,24,8,20,0.57366667,18.10000000,38.17833333,0.53889080
2001-10-24T08:30:00,1,10,24,8,30,0.60750000,18.60000000,39.86250000,0.56596674
2001-10-24T08:40:00,1,10,24,8,40,0.64133333,19.10000000,41.54666667,0.59251846
2001-10-24T08:50:00,1,10,24,8,50,0.67516667,19.60000000,43.23083333,0.61854595
2001-10-24T09:00:00,1,10,24,9,0,0.70900000,20.10000000,44.91500000,0.64404922
2001-10-24T09:10:00,1,10,24,9,10,0.70466667,20.26666667,44.93000000,0.64006424
2001-10-24T09:20:00,1,10,24,9,20,0.70033333,20.43333333,44.94500000,0.63607985
2001-10-24T09:30:00,1,10,24,9,30,0.69600000,20.60000000,44.96000000,0.63209606
2001-10-24T09:40:00,1,10,24,9,40,0.69166667,20.76666667,44.97500000,0.62811288
2001-10-24T09:50:00,1,10,24,9,50,0.68733333,20.93333333,44.99000000,0.62413028
2001-10-24T10:00:00,1,10,24,10,0,0.68300000,21.10000000,45.00500000,0.62014829
2001-10-24T10:10:00,1,10,24,10,10,0.68916667,21.18333333,45.30416667,0.62479907
2001-10-24T10:20:00,1,10,24,10,20,0.69533333,21.26666667,45.60333333,0.62943288
2001-10-24T10:30:00,1,10,24,10,30,0.70150000,21.35000000,45.90250000,0.63404972
2001-10-24T10:40:00,1,10,24,10,40,0.70766667,21.43333333,46.20166667,0.63864959
2001-10-24T10:50:00,1,10,24,10,50,0.71383333,21.51666667,46.50083333,0.64323248
2001-10-24T11:00:00,1,10,24,11,0,0.72000000,21.60000000,46.80000000,0.64779840
2001-10-24T11:10:00,1,10,24,11,10,0.69300000,21.70000000,45.95500000,0.62619965
2001-10-24T11:20:00,1,10,24,11,20,0.66600000,21.80000000,45.11000000,0.60439100
2001-10-24T11:30:00,1,10,24,11,30,0.63900000,21.90000000,44.26500000,0.58237246
2001-10-24T11:40:00,1,10,24,11,40,0.61200000,22.00000000,43.42000000,0.56014402
2001-10-24T11:50:00,1,10,24,11,50,0.58500000,22.10000000,42.57500000,0.53770567
2001-10-24T12:00:00,1,10,24,12,0,0.55800000,22.20000000,41.73000000,0.51505744
2001-10-24T12:10:00,1,10,24,12,10,0.57350000,22.05000000,42.12250000,0.52832913
2001-10-24T12:20:00,1,10,24,12,20,0.58900000,21.90000000,42.51500000,0.54154486
2001-10-24T12:30:00,1,10,24,12,30,0.60450000,21.75000000,42.90750000,0.55470461
2001-10-24T12:40:00,1,10,24,12,40,0.62000000,21.60000000,43.30000000,0.56780840
2001-10-24T12:50:00,1,10,24,12,50,0.63550000,21.45000000,43.69250000,0.58085621
2001-10-24T13:00:00,1,10,24,13,0,0.65100000,21.30000000,44.08500000,0.59384806
2001-10-24T13:10:00,1,10,24,13,10,0.58633333,21.36666667,41.88833333,0.54078325
2001-10-24T13:20:00,1,10,24,13,20,0.52166667,21.43333333,39.69166667,0.48641156
2001-10-24T13:30:00,1,10,24,13,30,0.45700000,21.50000000,37.49500000,0.43073301
2001-10-24T13:40:00,1,10,24,13,40,0.39233333,21.56666667,35.29833333,0.37374759
2001-10-24T13:50:00,1,10,24,13,50,0.32766667,21.63333333,33.10166667,0.31545529
2001-10-24T14:00:00,1,10,24,14,0,0.26300000,21.70000000,30.90500000,0.25585613
2001-10-24T14:10:00,1,10,24,14,10,0.31583333,21.38333333,32.43750000,0.30502789
2001-10-24T14:20:00,1,10,24,14,20,0.36866667,21.06666667,33.97000000,0.35345474
2001-10-24T14:30:00,1,10,24,14,30,0.42150000,20.75000000,35.50250000,0.40113670
2001-10-24T14:40:00,1,10,24,14,40,0.47433333,20.43333333,37.03500000,0.44807377
2001-10-24T14:50:00,1,10,24,14,50,0.52716667,20.11666667,38.56750000,0.49426593
2001-10-24T15:00:00,1,10,24,15,0,0.58000000,19.80000000,40.10000000,0.53971320
2001-10-24T15:10:00,1,10,24,15,10,0.50500000,20.03333333,37.70833333,0.47547854
2001-10-24T15:20:00,1,10,24,15,20,0.43000000,20.26666667,35.31666667,0.40959363
2001-10-24T15:30:00,1,10,24,15,30,0.35500000,20.50000000,32.92500000,0.34205847
2001-10-24T15:40:00,1,10,24,15,40,0.28000000,20.73333333,30.53333333,0.27287307
2001-10-24T15:50:00,1,10,24,15,50,0.20500000,20.96666667,28.14166667,0.20203741
2001-10-24T16:00:00,1,10,24,16,0,0.13000000,21.20000000,25.75000000,0.12955150
2001-10-24T16:10:00,1,10,24,16,10,0.11416667,20.81666667,24.81250000,0.11426514
2001-10-24T16:20:00,1,10,24,16,20,0.09833333,20.43333333,23.87500000,0.09884221
2001-10-24T16:30:00,1,10,24,16,30,0.08250000,20.05000000,22.93750000,0.08328272
2001-10-24T16:40:00,1,10,24,16,40,0.06666667,19.66666667,22.00000000,0.06758667
2001-10-24T16:50:00,1,10,24,16,50,0.05083333,19.28333333,21.06250000,0.05175405
2001-10-24T17:00:00,1,10,24,17,0,0.03500000,18.90000000,20.12500000,0.03578488
2001-10-24T17:10:00,1,10,24,17,10,0.03016667,18.73333333,19.78916667,0.03088976
2001-10-24T17:20:00,1,10,24,17,20,0.02533333,18.56666667,19.45333333,0.02597970
2001-10-24T17:30:00,1,10,24,17,30,0.02050000,18.40000000,19.11750000,0.02105472
2001-10-24T17:40:00,1,10,24,17,40,0.01566667,18.23333333,18.78166667,0.01611480
2001-10-24T17:50:00,1,10,24,17,50,0.01083333,18.06666667,18.44583333,0.01115995
2001-10-24T18:00:00,1,10,24,18,0,0.00600000,17.90000000,18.11000000,0.00619016
2001-10-24T18:10:00,1,10,24,18,10,0.00500000,17.80000000,17.97500000,0.00516158
2001-10-24T18:20:00,1,10,24,18,20,0.00400000,17.70000000,17.84000000,0.00413174
2001-10-24T18:30:00,1,10,24,18,30,0.00300000,17.60000000,17.70500000,0.00310067
2001-10-24T18:40:00,1,10,24,18,40,0.00200000,17.50000000,17.57000000,0.00206836
2001-10-24T18:50:00,1,10,24,18,50,0.00100000,17.40000000,17.43500000,0.00103480
2001-10-24T19:00:00,1,10,24,19,0,0.00000000,17.30000000,17.30000000,0.00000000
2001-10-24T19:10:00,1,10,24,19,10,0.00000000,17.21666667,17.21666667,0.00000000
2001-10-24T19:20:00,1,10,24,19,20,0.00000000,17.13333333,17.13333333,0.00000000
2001-10-24T19:30:00,1,10,24,19,30,0.00000000,17.05000000,17.05000000,0.00000000
2001-10-24T19:40:00,1,10,24,19,40,0.00000000,16.96666667,16.96666667,0.00000000
2001-10-24T19:50:00,1,10,24,19,50,0.00000000,16.88333333,16.88333333,0.00000000
2001-10-24T20:00:00,1,10,24,20,0,0.00000000,16.80000000,16.80000000,0.00000000
2001-10-24T20:10:00,1,10,24,20,10,0.00000000,16.78333333,16.78333333,0.00000000
2001-10-24T20:20:00,1,10,24,20,20,0.00000000,16.76666667,16.76666667,0.00000000
2001-10-24T20:30:00,1,10,24,20,30,0.00000000,16.75000000,16.75000000,0.00000000
2001-10-24T20:40:00,1,10,24,20,40,0.00000000,16.73333333,16.73333333,0.00000000
2001-10-24T20:50:00,1,10,24,20,50,0.00000000,16.71666667,16.71666667,0.00000000
2001-10-24T21:00:00,1,10,24,21,0,0.00000000,16.70000000,16.70000000,0.00000000
2001-10-24T21:10:00,1,10,24,21,10,0.00000000,16.58333333,16.58333333,0.00000000
2001-10-24T21:20:00,1,10,24,21,20,0.00000000,16.46666667,16.46666667,0.00000000
2001-10-24T21:30:00,1,10,24,21,30,0.00000000,16.35000000,16.35000000,0.00000000
2001-10-24T21:40:00,1,10,24,21,40,0.00000000,16.23333333,16.23333333,0.00000000
2001-10-24T21:50:00,1,10,24,21,50,0.00000000,16.11666667,16.11666667,0.00000000
2001-10-24T22:00:00,1,10,24,22,0,0.00000000,16.00000000,16.00000000,0.00000000
2001-10-24T22:10:00,1,10,24,22,10,0.00000000,15.95000000,15.95000000,0.00000000
2001-10-24T22:20:00,1,10,24,22,20,0.00000000,15.90000000,15.90000000,0.00000000
2001-10-24T22:30:00,1,10,24,22,30,0.00000000,15.85000000,15.85000000,0.00000000
2001-10-24T22:40:00,1,10,24,22,40,0.00000000,15.80000000,15.80000000,0.00000000
2001-10-24T22:50:00,1,10,24,22,50,0.00000000,15.75000000,15.75000000,0.00000000
2001-10-24T23:00:00,1,10,24,23,0,0.00000000,15.70000000,15.70000000,0.00000000
2001-10-24T23:10:00,1,10,24,23,10,0.00000000,15.70000000,15.70000000,0.00000000
2001-10-24T23:20:00,1,10,24,23,20,0.00000000,15.70000000,15.70000000,0.00000000
2001-10-24T23:30:00,1,10,24,23,30,0.00000000,15.70000000,15.70000000,0.00000000
2001-10-24T23:40:00,1,10,24,23,40,0.00000000,15.70000000,15.70000000,0.00000000
2001-10-24T23:50:00,1,10,24,23,50,0.00000000,15.70000000,15.70000000,0.00000000
2001-10-25T00:00:00,1,10,25,0,0,0.00000000,15.70000000,15.70000000,0.00000000
2001-10-25T00:10:00,1,10,25,0,10,0.00000000,15.78333333,15.78333333,0.00000000
2001-10-25T00:20:00,1,10,25,0,20,0.00000000,15.86666667,15.86666667,0.00000000
2001-10-25T00:30:00,1,10,25,0,30,0.00000000,15.95000000,15.95000000,0.00000000
2001-10-25T00:40:00,1,10,25,0,40,0.00000000,16.03333333,16.03333333,0.00000000
2001-10-25T00:50:00,1,10,25,0,50,0.00000000,16.11666667,16.11666667,0.00000000
2001-10-25T01:00:00,1,10,25,1,0,0.00000000,16.20000000,16.20000000,0.00000000
2001-10-25T01:10:00,1,10,25,1,10,0.00000000,16.08333333,16.08333333,0.00000000
2001-10-25T01:20:00,1,10,25,1,20,0.00000000,15.96666667,15.96666667,0.00000000
2001-10-25T01:30:00,1,10,25,1,30,0.00000000,15.85000000,15.85000000,0.00000000
2001-10-25T01:40:00,1,10,25,1,40,0.00000000,15.73333333,15.73333333,0.00000000
2001-10-25T01:50:00,1,10,25,1,50,0.00000000,15.61666667,15.61666667,0.00000000
2001-10-25T02:00:00,1,10,25,2,0,0.00000000,15.50000000,15.50000000,0.00000000
2001-10-25T02:10:00,1,10,25,2,10,0.00000000,15.50000000,15.50000000,0.00000000
2001-10-25T02:20:00,1,10,25,2,20,0.00000000,15.50000000,15.50000000,0.00000000
2001-10-25T02:30:00,1,10,25,2,30,0.00000000,15.50000000,15.50000000,0.00000000
2001-10-25T02:40:00,1,10,25,2,40,0.00000000,15.50000000,15.50000000,0.00000000
2001-10-25T02:50:00,1,10,25,2,50,0.00000000,15.50000000,15.50000000,0.00000000
2001-10-25T03:00:00,1,10,25,3,0,0.00000000,15.50000000,15.50000000,0.00000000
2001-10-25T03:10:00,1,10,25,3,10,0.00000000,15.53333333,15.53333333,0.00000000
2001-10-25T03:20:00,1,10,25,3,20,0.00000000,15.56666667,15.56666667,0.00000000
2001-10-25T03:30:00,1,10,25,3,30,0.00000000,15.60000000,15.60000000,0.00000000
2001-10-25T03:40:00,1,10,25,3,40,0.00000000,15.63333333,15.63333333,0.00000000
2001-10-25T03:50:00,1,10,25,3,50,0.00000000,15.66666667,15.66666667,0.00000000
2001-10-25T04:00:00,1,10,25,4,0,0.00000000,15.70000000,15.70000000,0.00000000
2001-10-25T04:10:00,1,10,25,4,10,0.00050000,15.68333333,15.70083333,0.00052139
2001-10-25T04:20:00,1,10,25,4,20,0.00100000,15.66666667,15.70166667,0.00104277
2001-10-25T04:30:00,1,10,25,4,30,0.00150000,15.65000000,15.70250000,0.00156415
2001-10-25T04:40:00,1,10,25,4,40,0.00200000,15.63333333,15.70333333,0.00208553
2001-10-25T04:50:00,1,10,25,4,50,0.00250000,15.61666667,15.70416667,0.00260690
2001-10-25T05:00:00,1,10,25,5,0,0.00300000,15.60000000,15.70500000,0.00312827
2001-10-25T05:10:00,1,10,25,5,10,0.02266667,15.60000000,16.39333333,0.02356406
2001-10-25T05:20:00,1,10,25,5,20,0.04233333,15.60000000,17.08166667,0.04387530
2001-10-25T05:30:00,1,10,25,5,30,0.06200000,15.60000000,17.77000000,0.06406200
2001-10-25T05:40:00,1,10,25,5,40,0.08166667,15.60000000,18.45833333,0.08412415
2001-10-25T05:50:00,1,10,25,5,50,0.10133333,15.60000000,19.14666667,0.10406177
2001-10-25T06:00:00,1,10,25,6,0,0.12100000,15.60000000,19.83500000,0.12387484
2001-10-25T06:10:00,1,10,25,6,10,0.14033333,15.76666667,20.67833333,0.14312311
2001-10-25T06:20:00,1,10,25,6,20,0.15966667,15.93333333,21.52166667,0.16222139
2001-10-25T06:30:00,1,10,25,6,30,0.17900000,16.10000000,22.36500000,0.18116966
2001-10-25T06:40:00,1,10,25,6,40,0.19833333,16.26666667,23.20833333,0.19996793
2001-10-25T06:50:00,1,10,25,6,50,0.21766667,16.43333333,24.05166667,0.21861620
2001-10-25T07:00:00,1,10,25,7,0,0.23700000,16.60000000,24.89500000,0.23711447
2001-10-25T07:10:00,1,10,25,7,10,0.22100000,16.88333333,24.61833333,0.22138800
2001-10-25T07:20:00,1,10,25,7,20,0.20500000,17.16666667,24.34166667,0.20562081
2001-10-25T07:30:00,1,10,25,7,30,0.18900000,17.45000000,24.06500000,0.18981289
2001-10-25T07:40:00,1,10,25,7,40,0.17300000,17.73333333,23.78833333,0.17396424
2001-10-25T07:50:00,1,10,25,7,50,0.15700000,18.01666667,23.51166667,0.15807487
2001-10-25T08:00:00,1,10,25,8,0,0.14100000,18.30000000,23.23500000,0.14214478
2001-10-25T08:10:00,1,10,25,8,10,0.17033333,18.26666667,24.22833333,0.17093796
2001-10-25T08:20:00,1,10,25,8,20,0.19966667,18.23333333,25.22166667,0.19946307
2001-10-25T08:30:00,1,10,25,8,30,0.22900000,18.20000000,26.21500000,0.22772012
2001-10-25T08:40:00,1,10,25,8,40,0.25833333,18.16666667,27.20833333,0.25570910
2001-10-25T08:50:00,1,10,25,8,50,0.28766667,18.13333333,28.20166667,0.28343001
2001-10-25T09:00:00,1,10,25,9,0,0.31700000,18.10000000,29.19500000,0.31088285
2001-10-25T09:10:00,1,10,25,9,10,0.38316667,18.30000000,31.71083333,0.37133838
2001-10-25T09:20:00,1,10,25,9,20,0.44933333,18.50000000,34.22666667,0.43026243
2001-10-25T09:30:00,1,10,25,9,30,0.51550000,18.70000000,36.74250000,0.48765501
2001-10-25T09:40:00,1,10,25,9,40,0.58166667,18.90000000,39.25833333,0.54351612
2001-10-25T09:50:00,1,10,25,9,50,0.64783333,19.10000000,41.77416667,0.59784576
2001-10-25T10:00:00,1,10,25,10,0,0.71400000,19.30000000,44.29000000,0.65064392
2001-10-25T10:10:00,1,10,25,10,10,0.68933333,19.68333333,43.81000000,0.62968808
2001-10-25T10:20:00,1,10,25,10,20,0.66466667,20.06666667,43.33000000,0.60862330
2001-10-25T10:30:00,1,10,25,10,30,0.64000000,20.45000000,42.85000000,0.58744960
2001-10-25T10:40:00,1,10,25,10,40,0.61533333,20.83333333,42.37000000,0.56616697
2001-10-25T10:50:00,1,10,25,10,50,0.59066667,21.21666667,41.89000000,0.54477541
2001-10-25T11:00:00,1,10,25,11,0,0.56600000,21.60000000,41.41000000,0.52327492
2001-10-25T11:10:00,1,10,25,11,10,0.58550000,21.60000000,42.09250000,0.53946477
2001-10-25T11:20:00,1,10,25,11,20,0.60500000,21.60000000,42.77500000,0.55553217
2001-10-25T11:30:00,1,10,25,11,30,0.62450000,21.60000000,43.45750000,0.57147714
2001-10-25T11:40:00,1,10,25,11,40,0.64400000,21.60000000,44.14000000,0.58729966
2001-10-25T11:50:00,1,10,25,11,50,0.66350000,21.60000000,44.82250000,0.60299975
2001-10-25T12:00:00,1,10,25,12,0,0.68300000,21.60000000,45.50500000,0.61857739
2001-10-25T12:10:00,1,10,25,12,10,0.60233333,21.58333333,42.66500000,0.55338833
2001-10-25T12:20:00,1,10,25,12,20,0.52166667,21.56666667,39.82500000,0.48609161
2001-10-25T12:30:00,1,10,25,12,30,0.44100000,21.55000000,36.98500000,0.41668723
2001-10-25T12:40:00,1,10,25,12,40,0.36033333,21.53333333,34.14500000,0.34517519
2001-10-25T12:50:00,1,10,25,12,50,0.27966667,21.51666667,31.30500000,0.27155549
2001-10-25T13:00:00,1,10,25,13,0,0.19900000,21.50000000,28.46500000,0.19582814
2001-10-25T13:10:00,1,10,25,13,10,0.22300000,21.20000000,29.00500000,0.21889167
2001-10-25T13:20:00,1,10,25,13,20,0.24700000,20.90000000,29.54500000,0.24183597
2001-10-25T13:30:00,1,10,25,13,30,0.27100000,20.60000000,30.08500000,0.26466104
2001-10-25T13:40:00,1,10,25,13,40,0.29500000,20.30000000,30.62500000,0.28736688
2001-10-25T13:50:00,1,10,25,13,50,0.31900000,20.00000000,31.16500000,0.30995348
2001-10-25T14:00:00,1,10,25,14,0,0.34300000,19.70000000,31.70500000,0.33242085
2001-10-25T14:10:00,1,10,25,14,10,0.34500000,19.80000000,31.87500000,0.33408938
2001-10-25T14:20:00,1,10,25,14,20,0.34700000,19.90000000,32.04500000,0.33575477
2001-10-25T14:30:00,1,10,25,14,30,0.34900000,20.00000000,32.21500000,0.33741704
2001-10-25T14:40:00,1,10,25,14,40,0.35100000,20.10000000,32.38500000,0.33907618
2001-10-25T14:50:00,1,10,25,14,50,0.35300000,20.20000000,32.55500000,0.34073219
2001-10-25T15:00:00,1,10,25,15,0,0.35500000,20.30000000,32.72500000,0.34238507
2001-10-25T15:10:00,1,10,25,15,10,0.30483333,20.21666667,30.88583333,0.29658002
2001-10-25T15:20:00,1,10,25,15,20,0.25466667,20.13333333,29.04666667,0.24992613
2001-10-25T15:30:00,1,10,25,15,30,0.20450000,20.05000000,27.20750000,0.20242340
2001-10-25T15:40:00,1,10,25,15,40,0.15433333,19.96666667,25.36833333,0.15407184
2001-10-25T15:50:00,1,10,25,15,50,0.10416667,19.88333333,23.52916667,0.10487144
2001-10-25T16:00:00,1,10,25,16,0,0.05400000,19.80000000,21.69000000,0.05482220
2001-10-25T16:10:00,1,10,25,16,10,0.06466667,19.51666667,21.78000000,0.06562451
2001-10-25T16:20:00,1,10,25,16,20,0.07533333,19.23333333,21.87000000,0.07641798
2001-10-25T16:30:00,1,10,25,16,30,0.08600000,18.95000000,21.96000000,0.08720262
2001-10-25T16:40:00,1,10,25,16,40,0.09666667,18.66666667,22.05000000,0.09797843
2001-10-25T16:50:00,1,10,25,16,50,0.10733333,18.38333333,22.14000000,0.10874541
2001-10-25T17:00:00,1,10,25,17,0,0.11800000,18.10000000,22.23000000,0.11950356
2001-10-25T17:10:00,1,10,25,17,10,0.09900000,18.13333333,21.59833333,0.10054912
2001-10-25T17:20:00,1,10,25,17,20,0.08000000,18.16666667,20.96666667,0.08148427
2001-10-25T17:30:00,1,10,25,17,30,0.06100000,18.20000000,20.33500000,0.06230900
2001-10-25T17:40:00,1,10,25,17,40,0.04200000,18.23333333,19.70333333,0.04302332
2001-10-25T17:50:00,1,10,25,17,50,0.02300000,18.26666667,19.07166667,0.02362722
2001-10-25T18:00:00,1,10,25,18,0,0.00400000,18.30000000,18.44000000,0.00412070
2001-10-25T18:10:00,1,10,25,18,10,0.00333333,18.25000000,18.36666667,0.00343504
2001-10-25T18:20:00,1,10,25,18,20,0.00266667,18.20000000,18.29333333,0.00274894
2001-10-25T18:30:00,1,10,25,18,30,0.00200000,18.15000000,18.22000000,0.00206238
2001-10-25T18:40:00,1,10,25,18,40,0.00133333,18.10000000,18.14666667,0.00137537
2001-10-25T18:50:00,1,10,25,18,50,0.00066667,18.05000000,18.07333333,0.00068791
2001-10-25T19:00:00,1,10,25,19,0,0.00000000,18.00000000,18.00000000,0.00000000
2001-10-25T19:10:00,1,10,25,19,10,0.00000000,17.98333333,17.98333333,0.00000000
2001-10-25T19:20:00,1,10,25,19,20,0.00000000,17.96666667,17.96666667,0.00000000
2001-10-25T19:30:00,1,10,25,19,30,0.00000000,17.95000000,17.95000000,0.00000000
2001-10-25T19:40:00,1,10,25,19,40,0.00000000,17.93333333,17.93333333,0.00000000
2001-10-25T19:50:00,1,10,25,19,50,0.00000000,17.91666667,17.91666667,0.00000000
2001-10-25T20:00:00,1,10,25,20,0,0.00000000,17.90000000,17.90000000,0.00000000
2001-10-25T20:10:00,1,10,25,20,10,0.00000000,17.83333333,17.83333333,0.00000000
2001-10-25T20:20:00,1,10,25,20,20,0.00000000,17.76666667,17.76666667,0.00000000
2001-10-25T20:30:00,1,10,25,20,30,0.00000000,17.70000000,17.70000000,0.00000000
2001-10-25T20:40:00,1,10,25,20,40,0.00000000,17.63333333,17.63333333,0.00000000
2001-10-25T20:50:00,1,10,25,20,50,0.00000000,17.56666667,17.56666667,0.00000000
2001-10-25T21:00:00,1,10,25,21,0,0.00000000,17.50000000,17.50000000,0.00000000
2001-10-25T21:10:00,1,10,25,21,10,0.00000000,17.46666667,17.46666667,0.00000000
2001-10-25T21:20:00,1,10,25,21,20,0.00000000,17.43333333,17.43333333,0.00000000
2001-10-25T21:30:00,1,10,25,21,30,0.00000000,17.40000000,17.40000000,0.00000000
2001-10-25T21:40:00,1,10,25,21,40,0.00000000,17.36666667,17.36666667,0.00000000
2001-10-25T21:50:00,1,10,25,21,50,0.00000000,17.33333333,17.33333333,0.00000000
2001-10-25T22:00:00,1,10,25,22,0,0.00000000,17.30000000,17.30000000,0.00000000
2001-10-25T22:10:00,1,10,25,22,10,0.00000000,17.23333333,17.23333333,0.00000000
2001-10-25T22:20:00,1,10,25,22,20,0.00000000,17.16666667,17.16666667,0.00000000
2001-10-25T22:30:00,1,10,25,22,30,0.00000000,17.10000000,17.10000000,0.00000000
2001-10-25T22:40:00,1,10,25,22,40,0.00000000,17.03333333,17.03333333,0.00000000
2001-10-25T22:50:00,1,10,25,22,50,0.00000000,16.96666667,16.96666667,0.00000000
2001-10-25T23:00:00,1,10,25,23,0,0.00000000,16.90000000,16.90000000,0.00000000
2001-10-25T23:10:00,1,10,25,23,10,0.00000000,16.68333333,16.68333333,0.00000000
2001-10-25T23:20:00,1,10,25,23,20,0.00000000,16.46666667,16.46666667,0.00000000
2001-10-25T23:30:00,1,10,25,23,30,0.00000000,16.25000000,16.25000000,0.00000000
2001-10-25T23:40:00,1,10,25,23,40,0.00000000,16.03333333,16.03333333,0.00000000
2001-10-25T23:50:00,1,10,25,23,50,0.00000000,15.81666667,15.81666667,0.00000000
2001-10-26T00:00:00,1,10,26,0,0,0.00000000,15.60000000,15.60000000,0.00000000
2001-10-26T00:10:00,1,10,26,0,10,0.00000000,15.61666667,15.61666667,0.00000000
2001-10-26T00:20:00,1,10,26,0,20,0.00000000,15.63333333,15.63333333,0.00000000
2001-10-26T00:30:00,1,10,26,0,30,0.00000000,15.65000000,15.65000000,0.00000000
2001-10-26T00:40:00,1,10,26,0,40,0.00000000,15.66666667,15.66666667,0.00000000
2001-10-26T00:50:00,1,10,26,0,50,0.00000000,15.68333333,15.68333333,0.00000000
2001-10-26T01:00:00,1,10,26,1,0,0.00000000,15.70000000,15.70000000,0.00000000
2001-10-26T01:10:00,1,10,26,1,10,0.00000000,15.55000000,15.55000000,0.00000000
2001-10-26T01:20:00,1,10,26,1,20,0.00000000,15.40000000,15.40000000,0.00000000
2001-10-26T01:30:00,1,10,26,1,30,0.00000000,15.25000000,15.25000000,0.00000000
2001-10-26T01:40:00,1,10,26,1,40,0.00000000,15.10000000,15.10000000,0.00000000
2001-10-26T01:50:00,1,10,26,1,50,0.00000000,14.95000000,14.95000000,0.00000000
2001-10-26T02:00:00,1,10,26,2,0,0.00000000,14.80000000,14.80000000,0.00000000
2001-10-26T02:10:00,1,10,26,2,10,0.00000000,14.78333333,14.78333333,0.00000000
2001-10-26T02:20:00,1,10,26,2,20,0.00000000,14.76666667,14.76666667,0.00000000
2001-10-26T02:30:00,1,10,26,2,30,0.00000000,14.75000000,14.75000000,0.00000000
2001-10-26T02:40:00,1,10,26,2,40,0.00000000,14.73333333,14.73333333,0.00000000
2001-10-26T02:50:00,1,10,26,2,50,0.00000000,14.71666667,14.71666667,0.00000000
2001-10-26T03:00:00,1,10,26,3,0,0.00000000,14.70000000,14.70000000,0.00000000
2001-10-26T03:10:00,1,10,26,3,10,0.00000000,14.75000000,14.75000000,0.00000000
2001-10-26T03:20:00,1,10,26,3,20,0.00000000,14.80000000,14.80000000,0.00000000
2001-10-26T03:30:00,1,10,26,3,30,0.00000000,14.85000000,14.85000000,0.00000000
2001-10-26T03:40:00,1,10,26,3,40,0.00000000,14.90000000,14.90000000,0.00000000
2001-10-26T03:50:00,1,10,26,3,50,0.00000000,14.95000000,14.95000000,0.00000000
2001-10-26T04:00:00,1,10,26,4,0,0.00000000,15.00000000,15.00000000,0.00000000
2001-10-26T04:10:00,1,10,26,4,10,0.00083333,14.96666667,14.99583333,0.00087168
2001-10-26T04:20:00,1,10,26,4,20,0.00166667,14.93333333,14.99166667,0.00174340
2001-10-26T04:30:00,1,10,26,4,30,0.00250000,14.90000000,14.98750000,0.00261514
2001-10-26T04:40:00,1,10,26,4,40,0.00333333,14.86666667,14.98333333,0.00348692
2001-10-26T04:50:00,1,10,26,4,50,0.00416667,14.83333333,14.97916667,0.00435873
2001-10-26T05:00:00,1,10,26,5,0,0.00500000,14.80000000,14.97500000,0.00523057
2001-10-26T05:10:00,1,10,26,5,10,0.02316667,14.78333333,15.59416667,0.02416901
2001-10-26T05:20:00,1,10,26,5,20,0.04133333,14.76666667,16.21333333,0.04300397
2001-10-26T05:30:00,1,10,26,5,30,0.05950000,14.75000000,16.83250000,0.06173544
2001-10-26T05:40:00,1,10,26,5,40,0.07766667,14.73333333,17.45166667,0.08036343
2001-10-26T05:50:00,1,10,26,5,50,0.09583333,14.71666667,18.07083333,0.09888794
2001-10-26T06:00:00,1,10,26,6,0,0.11400000,14.70000000,18.69000000,0.11730896
2001-10-26T06:10:00,1,10,26,6,10,0.14100000,15.05000000,19.98500000,0.14425273
2001-10-26T06:20:00,1,10,26,6,20,0.16800000,15.40000000,21.28000000,0.17087482
2001-10-26T06:30:00,1,10,26,6,30,0.19500000,15.75000000,22.57500000,0.19717523
2001-10-26T06:40:00,1,10,26,6,40,0.22200000,16.10000000,23.87000000,0.22315396
2001-10-26T06:50:00,1,10,26,6,50,0.24900000,16.45000000,25.16500000,0.24881101
2001-10-26T07:00:00,1,10,26,7,0,0.27600000,16.80000000,26.46000000,0.27414638
2001-10-26T07:10:00,1,10,26,7,10,0.32316667,17.15000000,28.46083333,0.31802191
2001-10-26T07:20:00,1,10,26,7,20,0.37033333,17.50000000,30.46166667,0.36102920
2001-10-26T07:30:00,1,10,26,7,30,0.41750000,17.85000000,32.46250000,0.40316827
2001-10-26T07:40:00,1,10,26,7,40,0.46466667,18.20000000,34.46333333,0.44443911
2001-10-26T07:50:00,1,10,26,7,50,0.51183333,18.55000000,36.46416667,0.48484172
2001-10-26T08:00:00,1,10,26,8,0,0.55900000,18.90000000,38.46500000,0.52437610
2001-10-26T08:10:00,1,10,26,8,10,0.55700000,19.20000000,38.69500000,0.52191067
2001-10-26T08:20:00,1,10,26,8,20,0.55500000,19.50000000,38.92500000,0.51944948
2001-10-26T08:30:00,1,10,26,8,30,0.55300000,19.80000000,39.15500000,0.51699251
2001-10-26T08:40:00,1,10,26,8,40,0.55100000,20.10000000,39.38500000,0.51453978
2001-10-26T08:50:00,1,10,26,8,50,0.54900000,20.40000000,39.61500000,0.51209128
2001-10-26T09:00:00,1,10,26,9,0,0.54700000,20.70000000,39.84500000,0.50964701
2001-10-26T09:10:00,1,10,26,9,10,0.61516667,20.81666667,42.34750000,0.56607729
2001-10-26T09:20:00,1,10,26,9,20,0.68333333,20.93333333,44.85000000,0.62093817
2001-10-26T09:30:00,1,10,26,9,30,0.75150000,21.05000000,47.35250000,0.67422964
2001-10-26T09:40:00,1,10,26,9,40,0.81966667,21.16666667,49.85500000,0.72595172
2001-10-26T09:50:00,1,10,26,9,50,0.88783333,21.28333333,52.35750000,0.77610439
2001-10-26T10:00:00,1,10,26,10,0,0.95600000,21.40000000,54.86000000,0.82468766
2001-10-26T10:10:00,1,10,26,10,10,0.91316667,21.88333333,53.84416667,0.79200482
2001-10-26T10:20:00,1,10,26,10,20,0.87033333,22.36666667,52.82833333,0.75892167
2001-10-26T10:30:00,1,10,26,10,30,0.82750000,22.85000000,51.81250000,0.72543822
2001-10-26T10:40:00,1,10,26,10,40,0.78466667,23.33333333,50.79666667,0.69155446
2001-10-26T10:50:00,1,10,26,10,50,0.74183333,23.81666667,49.78083333,0.65727039
2001-10-26T11:00:00,1,10,26,11,0,0.69900000,24.30000000,48.76500000,0.62258602
2001-10-26T11:10:00,1,10,26,11,10,0.68616667,24.15000000,48.16583333,0.61304680
2001-10-26T11:20:00,1,10,26,11,20,0.67333333,24.00000000,47.56666667,0.60343684
2001-10-26T11:30:00,1,10,26,11,30,0.66050000,23.85000000,46.96750000,0.59375614
2001-10-26T11:40:00,1,10,26,11,40,0.64766667,23.70000000,46.36833333,0.58400470
2001-10-26T11:50:00,1,10,26,11,50,0.63483333,23.55000000,45.76916667,0.57418252
2001-10-26T12:00:00,1,10,26,12,0,0.62200000,23.40000000,45.17000000,0.56428960
2001-10-26T12:10:00,1,10,26,12,10,0.63166667,23.46666667,45.57500000,0.57188258
2001-10-26T12:20:00,1,10,26,12,20,0.64133333,23.53333333,45.98000000,0.57943954
2001-10-26T12:30:00,1,10,26,12,30,0.65100000,23.60000000,46.38500000,0.58696048
2001-10-26T12:40:00,1,10,26,12,40,0.66066667,23.66666667,46.79000000,0.59444540
2001-10-26T12:50:00,1,10,26,12,50,0.67033333,23.73333333,47.19500000,0.60189431
2001-10-26T13:00:00,1,10,26,13,0,0.68000000,23.80000000,47.60000000,0.60930720
2001-10-26T13:10:00,1,10,26,13,10,0.62900000,23.80000000,45.81500000,0.56877388
2001-10-26T13:20:00,1,10,26,13,20,0.57800000,23.80000000,44.03000000,0.52740304
2001-10-26T13:30:00,1,10,26,13,30,0.52700000,23.80000000,42.24500000,0.48519467
2001-10-26T13:40:00,1,10,26,13,40,0.47600000,23.80000000,40.46000000,0.44214878
2001-10-26T13:50:00,1,10,26,13,50,0.42500000,23.80000000,38.67500000,0.39826537
2001-10-26T14:00:00,1,10,26,14,0,0.37400000,23.80000000,36.89000000,0.35354444
2001-10-26T14:10:00,1,10,26,14,10,0.38466667,23.65000000,37.11333333,0.36323253
2001-10-26T14:20:00,1,10,26,14,20,0.39533333,23.50000000,37.33666667,0.37289869
2001-10-26T14:30:00,1,10,26,14,30,0.40600000,23.35000000,37.56000000,0.38254294
2001-10-26T14:40:00,1,10,26,14,40,0.41666667,23.20000000,37.78333333,0.39216528
2001-10-26T14:50:00,1,10,26,14,50,0.42733333,23.05000000,38.00666667,0.40176570
2001-10-26T15:00:00,1,10,26,15,0,0.43800000,22.90000000,38.23000000,0.41134420
2001-10-26T15:10:00,1,10,26,15,10,0.40950000,22.90000000,37.23250000,0.38645764
2001-10-26T15:20:00,1,10,26,15,20,0.38100000,22.90000000,36.23500000,0.36130954
2001-10-26T15:30:00,1,10,26,15,30,0.35250000,22.90000000,35.23750000,0.33589989
2001-10-26T15:40:00,1,10,26,15,40,0.32400000,22.90000000,34.24000000,0.31022870
2001-10-26T15:50:00,1,10,26,15,50,0.29550000,22.90000000,33.24250000,0.28429597
2001-10-26T16:00:00,1,10,26,16,0,0.26700000,22.90000000,32.24500000,0.25810169
2001-10-26T16:10:00,1,10,26,16,10,0.23100000,22.68333333,30.76833333,0.22487057
2001-10-26T16:20:00,1,10,26,16,20,0.19500000,22.46666667,29.29166667,0.19115038
2001-10-26T16:30:00,1,10,26,16,30,0.15900000,22.25000000,27.81500000,0.15694111
2001-10-26T16:40:00,1,10,26,16,40,0.12300000,22.03333333,26.33833333,0.12224277
2001-10-26T16:50:00,1,10,26,16,50,0.08700000,21.81666667,24.86166667,0.08705536
2001-10-26T17:00:00,1,10,26,17,0,0.05100000,21.60000000,23.38500000,0.05137888
2001-10-26T17:10:00,1,10,26,17,10,0.04400000,21.38333333,22.92333333,0.04442032
2001-10-26T17:20:00,1,10,26,17,20,0.03700000,21.16666667,22.46166667,0.03743202
2001-10-26T17:30:00,1,10,26,17,30,0.03000000,20.95000000,22.00000000,0.03041400
2001-10-26T17:40:00,1,10,26,17,40,0.02300000,20.73333333,21.53833333,0.02336624
2001-10-26T17:50:00,1,10,26,17,50,0.01600000,20.51666667,21.07666667,0.01628876
2001-10-26T18:00:00,1,10,26,18,0,0.00900000,20.30000000,20.61500000,0.00918154
2001-10-26T18:10:00,1,10,26,18,10,0.00750000,20.28333333,20.54583333,0.00765367
2001-10-26T18:20:00,1,10,26,18,20,0.00600000,20.26666667,20.47666667,0.00612484
2001-10-26T18:30:00,1,10,26,18,30,0.00450000,20.25000000,20.40750000,0.00459506
2001-10-26T18:40:00,1,10,26,18,40,0.00300000,20.23333333,20.33833333,0.00306433
2001-10-26T18:50:00,1,10,26,18,50,0.00150000,20.21666667,20.26916667,0.00153264
2001-10-26T19:00:00,1,10,26,19,0,0.00000000,20.20000000,20.20000000,0.00000000
2001-10-26T19:10:00,1,10,26,19,10,0.00000000,20.00000000,20.00000000,0.00000000
2001-10-26T19:20:00,1,10,26,19,20,0.00000000,19.80000000,19.80000000,0.00000000
2001-10-26T19:30:00,1,10,26,19,30,0.00000000,19.60000000,19.60000000,0.00000000
2001-10-26T19:40:00,1,10,26,19,40,0.00000000,19.40000000,19.40000000,0.00000000
2001-10-26T19:50:00,1,10,26,19,50,0.00000000,19.20000000,19.20000000,0.00000000
2001-10-26T20:00:00,1,10,26,20,0,0.00000000,19.00000000,19.00000000,0.00000000
2001-10-26T20:10:00,1,10,26,20,10,0.00000000,19.01666667,19.01666667,0.00000000
2001-10-26T20:20:00,1,10,26,20,20,0.00000000,19.03333333,19.03333333,0.00000000
2001-10-26T20:30:00,1,10,26,20,30,0.00000000,19.05000000,19.05000000,0.00000000
2001-10-26T20:40:00,1,10,26,20,40,0.00000000,19.06666667,19.06666667,0.00000000
2001-10-26T20:50:00,1,10,26,20,50,0.00000000,19.08333333,19.08333333,0.00000000
2001-10-26T21:00:00,1,10,26,21,0,0.00000000,19.10000000,19.10000000,0.00000000
2001-10-26T21:10:00,1,10,26,21,10,0.00000000,19.05000000,19.05000000,0.00000000
2001-10-26T21:20:00,1,10,26,21,20,0.00000000,19.00000000,19.00000000,0.00000000
2001-10-26T21:30:00,1,10,26,21,30,0.00000000,18.95000000,18.95000000,0.00000000
2001-10-26T21:40:00,1,10,26,21,40,0.00000000,18.90000000,18.90000000,0.00000000
2001-10-26T21:50:00,1,10,26,21,50,0.00000000,18.85000000,18.85000000,0.00000000
2001-10-26T22:00:00,1,10,26,22,0,0.00000000,18.80000000,18.80000000,0.00000000
2001-10-26T22:10:00,1,10,26,22,10,0.00000000,18.73333333,18.73333333,0.00000000
2001-10-26T22:20:00,1,10,26,22,20,0.00000000,18.66666667,18.66666667,0.00000000
2001-10-26T22:30:00,1,10,26,22,30,0.00000000,18.60000000,18.60000000,0.00000000
2001-10-26T22:40:00,1,10,26,22,40,0.00000000,18.53333333,18.53333333,0.00000000
2001-10-26T22:50:00,1,10,26,22,50,0.00000000,18.46666667,18.46666667,0.00000000
2001-10-26T23:00:00,1,10,26,23,0,0.00000000,18.40000000,18.40000000,0.00000000
2001-10-26T23:10:00,1,10,26,23,10,0.00000000,18.26666667,18.26666667,0.00000000
2001-10-26T23:20:00,1,10,26,23,20,0.00000000,18.13333333,18.13333333,0.00000000
2001-10-26T23:30:00,1,10,26,23,30,0.00000000,18.00000000,18.00000000,0.00000000
2001-10-26T23:40:00,1,10,26,23,40,0.00000000,17.86666667,17.86666667,0.00000000
2001-10-26T23:50:00,1,10,26,23,50,0.00000000,17.73333333,17.73333333,0.00000000
2001-10-27T00:00:00,1,10,27,0,0,0.00000000,17.60000000,17.60000000,0.00000000
2001-10-27T00:10:00,1,10,27,0,10,0.00000000,17.56666667,17.56666667,0.00000000
2001-10-27T00:20:00,1,10,27,0,20,0.00000000,17.53333333,17.53333333,0.00000000
2001-10-27T00:30:00,1,10,27,0,30,0.00000000,17.50000000,17.50000000,0.00000000
2001-10-27T00:40:00,1,10,27,0,40,0.00000000,17.46666667,17.46666667,0.00000000
2001-10-27T00:50:00,1,10,27,0,50,0.00000000,17.43333333,17.43333333,0.00000000
2001-10-27T01:00:00,1,10,27,1,0,0.00000000,17.40000000,17.40000000,0.00000000
2001-10-27T01:10:00,1,10,27,1,10,0.00000000,17.38333333,17.38333333,0.00000000
2001-10-27T01:20:00,1,10,27,1,20,0.00000000,17.36666667,17.36666667,0.00000000
2001-10-27T01:30:00,1,10,27,1,30,0.00000000,17.35000000,17.35000000,0.00000000
2001-10-27T01:40:00,1,10,27,1,40,0.00000000,17.33333333,17.33333333,0.00000000
2001-10-27T01:50:00,1,10,27,1,50,0.00000000,17.31666667,17.31666667,0.00000000
2001-10-27T02:00:00,1,10,27,2,0,0.00000000,17.30000000,17.30000000,0.00000000
2001-10-27T02:10:00,1,10,27,2,10,0.00000000,17.20000000,17.20000000,0.00000000
2001-10-27T02:20:00,1,10,27,2,20,0.00000000,17.10000000,17.10000000,0.00000000
2001-10-27T02:30:00,1,10,27,2,30,0.00000000,17.00000000,17.00000000,0.00000000
2001-10-27T02:40:00,1,10,27,2,40,0.00000000,16.90000000,16.90000000,0.00000000
2001-10-27T02:50:00,1,10,27,2,50,0.00000000,16.80000000,16.80000000,0.00000000
2001-10-27T03:00:00,1,10,27,3,0,0.00000000,16.70000000,16.70000000,0.00000000
2001-10-27T03:10:00,1,10,27,3,10,0.00000000,16.71666667,16.71666667,0.00000000
2001-10-27T03:20:00,1,10,27,3,20,0.00000000,16.73333333,16.73333333,0.00000000
2001-10-27T03:30:00,1,10,27,3,30,0.00000000,16.75000000,16.75000000,0.00000000
2001-10-27T03:40:00,1,10,27,3,40,0.00000000,16.76666667,16.76666667,0.00000000
2001-10-27T03:50:00,1,10,27,3,50,0.00000000,16.78333333,16.78333333,0.00000000
2001-10-27T04:00:00,1,10,27,4,0,0.00000000,16.80000000,16.80000000,0.00000000
2001-10-27T04:10:00,1,10,27,4,10,0.00116667,16.78333333,16.82416667,0.00121054
2001-10-27T04:20:00,1,10,27,4,20,0.00233333,16.76666667,16.84833333,0.00242083
2001-10-27T04:30:00,1,10,27,4,30,0.00350000,16.75000000,16.87250000,0.00363085
2001-10-27T04:40:00,1,10,27,4,40,0.00466667,16.73333333,16.89666667,0.00484062
2001-10-27T04:50:00,1,10,27,4,50,0.00583333,16.71666667,16.92083333,0.00605012
2001-10-27T05:00:00,1,10,27,5,0,0.00700000,16.70000000,16.94500000,0.00725937
2001-10-27T05:10:00,1,10,27,5,10,0.03033333,16.55000000,17.61166667,0.03136425
2001-10-27T05:20:00,1,10,27,5,20,0.05366667,16.40000000,18.27833333,0.05532602
2001-10-27T05:30:00,1,10,27,5,30,0.07700000,16.25000000,18.94500000,0.07914468
2001-10-27T05:40:00,1,10,27,5,40,0.10033333,16.10000000,19.61166667,0.10282023
2001-10-27T05:50:00,1,10,27,5,50,0.12366667,15.95000000,20.27833333,0.12635267
2001-10-27T06:00:00,1,10,27,6,0,0.14700000,15.80000000,20.94500000,0.14974199
2001-10-27T06:10:00,1,10,27,6,10,0.18700000,16.30000000,22.84500000,0.18885373
2001-10-27T06:20:00,1,10,27,6,20,0.22700000,16.80000000,24.74500000,0.22726627
2001-10-27T06:30:00,1,10,27,6,30,0.26700000,17.30000000,26.64500000,0.26497961
2001-10-27T06:40:00,1,10,27,6,40,0.30700000,17.80000000,28.54500000,0.30199375
2001-10-27T06:50:00,1,10,27,6,50,0.34700000,18.30000000,30.44500000,0.33830869
2001-10-27T07:00:00,1,10,27,7,0,0.38700000,18.80000000,32.34500000,0.37392443
2001-10-27T07:10:00,1,10,27,7,10,0.41000000,19.25000000,33.60000000,0.39378040
2001-10-27T07:20:00,1,10,27,7,20,0.43300000,19.70000000,34.85500000,0.41337081
2001-10-27T07:30:00,1,10,27,7,30,0.45600000,20.15000000,36.11000000,0.43269566
2001-10-27T07:40:00,1,10,27,7,40,0.47900000,20.60000000,37.36500000,0.45175496
2001-10-27T07:50:00,1,10,27,7,50,0.50200000,21.05000000,38.62000000,0.47054870
2001-10-27T08:00:00,1,10,27,8,0,0.52500000,21.50000000,39.87500000,0.48907688
2001-10-27T08:10:00,1,10,27,8,10,0.53500000,21.76666667,40.49166667,0.49687501
2001-10-27T08:20:00,1,10,27,8,20,0.54500000,22.03333333,41.10833333,0.50461641
2001-10-27T08:30:00,1,10,27,8,30,0.55500000,22.30000000,41.72500000,0.51230107
2001-10-27T08:40:00,1,10,27,8,40,0.56500000,22.56666667,42.34166667,0.51992901
2001-10-27T08:50:00,1,10,27,8,50,0.57500000,22.83333333,42.95833333,0.52750021
2001-10-27T09:00:00,1,10,27,9,0,0.58500000,23.10000000,43.57500000,0.53501467
2001-10-27T09:10:00,1,10,27,9,10,0.63350000,23.30000000,45.47250000,0.57384109
2001-10-27T09:20:00,1,10,27,9,20,0.68200000,23.50000000,47.37000000,0.61182084
2001-10-27T09:30:00,1,10,27,9,30,0.73050000,23.70000000,49.26750000,0.64895392
2001-10-27T09:40:00,1,10,27,9,40,0.77900000,23.90000000,51.16500000,0.68524034
2001-10-27T09:50:00,1,10,27,9,50,0.82750000,24.10000000,53.06250000,0.72068009
2001-10-27T10:00:00,1,10,27,10,0,0.87600000,24.30000000,54.96000000,0.75527318
2001-10-27T10:10:00,1,10,27,10,10,0.89016667,24.83333333,55.98916667,0.76327326
2001-10-27T10:20:00,1,10,27,10,20,0.90433333,25.36666667,57.01833333,0.77113920
2001-10-27T10:30:00,1,10,27,10,30,0.91850000,25.90000000,58.04750000,0.77887101
2001-10-27T10:40:00,1,10,27,10,40,0.93266667,26.43333333,59.07666667,0.78646868
2001-10-27T10:50:00,1,10,27,10,50,0.94683333,26.96666667,60.10583333,0.79393222
2001-10-27T11:00:00,1,10,27,11,0,0.96100000,27.50000000,61.13500000,0.80126162
2001-10-27T11:10:00,1,10,27,11,10,0.97133333,27.65000000,61.64666667,0.80759114
2001-10-27T11:20:00,1,10,27,11,20,0.98166667,27.80000000,62.15833333,0.81387202
2001-10-27T11:30:00,1,10,27,11,30,0.99200000,27.95000000,62.67000000,0.82010426
2001-10-27T11:40:00,1,10,27,11,40,1.00233333,28.10000000,63.18166667,0.82628785
2001-10-27T11:50:00,1,10,27,11,50,1.01266667,28.25000000,63.69333333,0.83242280
2001-10-27T12:00:00,1,10,27,12,0,1.02300000,28.40000000,64.20500000,0.83850911
2001-10-27T12:10:00,1,10,27,12,10,1.01550000,28.56666667,64.10916667,0.83280935
2001-10-27T12:20:00,1,10,27,12,20,1.00800000,28.73333333,64.01333333,0.82710298
2001-10-27T12:30:00,1,10,27,12,30,1.00050000,28.90000000,63.91750000,0.82138999
2001-10-27T12:40:00,1,10,27,12,40,0.99300000,29.06666667,63.82166667,0.81567039
2001-10-27T12:50:00,1,10,27,12,50,0.98550000,29.23333333,63.72583333,0.80994418
2001-10-27T13:00:00,1,10,27,13,0,0.97800000,29.40000000,63.63000000,0.80421136
2001-10-27T13:10:00,1,10,27,13,10,0.91533333,29.21666667,61.25333333,0.76268746
2001-10-27T13:20:00,1,10,27,13,20,0.85266667,29.03333333,58.87666667,0.71979335
2001-10-27T13:30:00,1,10,27,13,30,0.79000000,28.85000000,56.50000000,0.67552900
2001-10-27T13:40:00,1,10,27,13,40,0.72733333,28.66666667,54.12333333,0.62989443
2001-10-27T13:50:00,1,10,27,13,50,0.66466667,28.48333333,51.74666667,0.58288962
2001-10-27T14:00:00,1,10,27,14,0,0.60200000,28.30000000,49.37000000,0.53451460
2001-10-27T14:10:00,1,10,27,14,10,0.59783333,27.75000000,48.67416667,0.53272859
2001-10-27T14:20:00,1,10,27,14,20,0.59366667,27.20000000,47.97833333,0.53091590
2001-10-27T14:30:00,1,10,27,14,30,0.58950000,26.65000000,47.28250000,0.52907654
2001-10-27T14:40:00,1,10,27,14,40,0.58533333,26.10000000,46.58666667,0.52721051
2001-10-27T14:50:00,1,10,27,14,50,0.58116667,25.55000000,45.89083333,0.52531781
2001-10-27T15:00:00,1,10,27,15,0,0.57700000,25.00000000,45.19500000,0.52339843
2001-10-27T15:10:00,1,10,27,15,10,0.53100000,25.00000000,43.58500000,0.48560428
2001-10-27T15:20:00,1,10,27,15,20,0.48500000,25.00000000,41.97500000,0.44712878
2001-10-27T15:30:00,1,10,27,15,30,0.43900000,25.00000000,40.36500000,0.40797192
2001-10-27T15:40:00,1,10,27,15,40,0.39300000,25.00000000,38.75500000,0.36813371
2001-10-27T15:50:00,1,10,27,15,50,0.34700000,25.00000000,37.14500000,0.32761415
2001-10-27T16:00:00,1,10,27,16,0,0.30100000,25.00000000,35.53500000,0.28641324
2001-10-27T16:10:00,1,10,27,16,10,0.27166667,24.41666667,33.92500000,0.26051339
2001-10-27T16:20:00,1,10,27,16,20,0.24233333,23.83333333,32.31500000,0.23417906
2001-10-27T16:30:00,1,10,27,16,30,0.21300000,23.25000000,30.70500000,0.20741024
2001-10-27T16:40:00,1,10,27,16,40,0.18366667,22.66666667,29.09500000,0.18020694
2001-10-27T16:50:00,1,10,27,16,50,0.15433333,22.08333333,27.48500000,0.15256915
2001-10-27T17:00:00,1,10,27,17,0,0.12500000,21.50000000,25.87500000,0.12449688
2001-10-27T17:10:00,1,10,27,17,10,0.10600000,21.25000000,24.96000000,0.10601950
2001-10-27T17:20:00,1,10,27,17,20,0.08700000,21.00000000,24.04500000,0.08738219
2001-10-27T17:30:00,1,10,27,17,30,0.06800000,20.75000000,23.13000000,0.06858494
2001-10-27T17:40:00,1,10,27,17,40,0.04900000,20.50000000,22.21500000,0.04962774
2001-10-27T17:50:00,1,10,27,17,50,0.03000000,20.25000000,21.30000000,0.03051060
2001-10-27T18:00:00,1,10,27,18,0,0.01100000,20.00000000,20.38500000,0.01123352
2001-10-27T18:10:00,1,10,27,18,10,0.00916667,19.80000000,20.12083333,0.00937240
2001-10-27T18:20:00,1,10,27,18,20,0.00733333,19.60000000,19.85666667,0.00750684
2001-10-27T18:30:00,1,10,27,18,30,0.00550000,19.40000000,19.59250000,0.00563681
2001-10-27T18:40:00,1,10,27,18,40,0.00366667,19.20000000,19.32833333,0.00376233
2001-10-27T18:50:00,1,10,27,18,50,0.00183333,19.00000000,19.06416667,0.00188339
2001-10-27T19:00:00,1,10,27,19,0,0.00000000,18.80000000,18.80000000,0.00000000
2001-10-27T19:10:00,1,10,27,19,10,0.00000000,18.56666667,18.56666667,0.00000000
2001-10-27T19:20:00,1,10,27,19,20,0.00000000,18.33333333,18.33333333,0.00000000
2001-10-27T19:30:00,1,10,27,19,30,0.00000000,18.10000000,18.10000000,0.00000000
2001-10-27T19:40:00,1,10,27,19,40,0.00000000,17.86666667,17.86666667,0.00000000
2001-10-27T19:50:00,1,10,27,19,50,0.00000000,17.63333333,17.63333333,0.00000000
2001-10-27T20:00:00,1,10,27,20,0,0.00000000,17.40000000,17.40000000,0.00000000
2001-10-27T20:10:00,1,10,27,20,10,0.00000000,17.35000000,17.35000000,0.00000000
2001-10-27T20:20:00,1,10,27,20,20,0.00000000,17.30000000,17.30000000,0.00000000
2001-10-27T20:30:00,1,10,27,20,30,0.00000000,17.25000000,17.25000000,0.00000000
2001-10-27T20:40:00,1,10,27,20,40,0.00000000,17.20000000,17.20000000,0.00000000
2001-10-27T20:50:00,1,10,27,20,50,0.00000000,17.15000000,17.15000000,0.00000000
2001-10-27T21:00:00,1,10,27,21,0,0.00000000,17.10000000,17.10000000,0.00000000
2001-10-27T21:10:00,1,10,27,21,10,0.00000000,17.00000000,17.00000000,0.00000000
2001-10-27T21:20:00,1,10,27,21,20,0.00000000,16.90000000,16.90000000,0.00000000
2001-10-27T21:30:00,1,10,27,21,30,0.00000000,16.80000000,16.80000000,0.00000000
2001-10-27T21:40:00,1,10,27,21,40,0.00000000,16.70000000,16.70000000,0.00000000
2001-10-27T21:50:00,1,10,27,21,50,0.00000000,16.60000000,16.60000000,0.00000000
2001-10-27T22:00:00,1,10,27,22,0,0.00000000,16.50000000,16.50000000,0.00000000
2001-10-27T22:10:00,1,10,27,22,10,0.00000000,16.40000000,16.40000000,0.00000000
2001-10-27T22:20:00,1,10,27,22,20,0.00000000,16.30000000,16.30000000,0.00000000
2001-10-27T22:30:00,1,10,27,22,30,0.00000000,16.20000000,16.20000000,0.00000000
2001-10-27T22:40:00,1,10,27,22,40,0.00000000,16.10000000,16.10000000,0.00000000
2001-10-27T22:50:00,1,10,27,22,50,0.00000000,16.00000000,16.00000000,0.00000000
2001-10-27T23:00:00,1,10,27,23,0,0.00000000,15.90000000,15.90000000,0.00000000
2001-10-27T23:10:00,1,10,27,23,10,0.00000000,15.88333333,15.88333333,0.00000000
2001-10-27T23:20:00,1,10,27,23,20,0.00000000,15.86666667,15.86666667,0.00000000
2001-10-27T23:30:00,1,10,27,23,30,0.00000000,15.85000000,15.85000000,0.00000000
2001-10-27T23:40:00,1,10,27,23,40,0.00000000,15.83333333,15.83333333,0.00000000
2001-10-27T23:50:00,1,10,27,23,50,0.00000000,15.81666667,15.81666667,0.00000000
2001-10-28T00:00:00,1,10,28,0,0,0.00000000,15.80000000,15.80000000,0.00000000
2001-10-28T00:10:00,1,10,28,0,10,0.00000000,15.63333333,15.63333333,0.00000000
2001-10-28T00:20:00,1,10,28,0,20,0.00000000,15.46666667,15.46666667,0.00000000
2001-10-28T00:30:00,1,10,28,0,30,0.00000000,15.30000000,15.30000000,0.00000000
2001-10-28T00:40:00,1,10,28,0,40,0.00000000,15.13333333,15.13333333,0.00000000
2001-10-28T00:50:00,1,10,28,0,50,0.00000000,14.96666667,14.96666667,0.00000000
2001-10-28T01:00:00,1,10,28,1,0,0.00000000,14.80000000,14.80000000,0.00000000
2001-10-28T01:10:00,1,10,28,1,10,0.00000000,14.75000000,14.75000000,0.00000000
2001-10-28T01:20:00,1,10,28,1,20,0.00000000,14.70000000,14.70000000,0.00000000
2001-10-28T01:30:00,1,10,28,1,30,0.00000000,14.65000000,14.65000000,0.00000000
2001-10-28T01:40:00,1,10,28,1,40,0.00000000,14.60000000,14.60000000,0.00000000
2001-10-28T01:50:00,1,10,28,1,50,0.00000000,14.55000000,14.55000000,0.00000000
2001-10-28T02:00:00,1,10,28,2,0,0.00000000,14.50000000,14.50000000,0.00000000
2001-10-28T02:10:00,1,10,28,2,10,0.00000000,14.55000000,14.55000000,0.00000000
2001-10-28T02:20:00,1,10,28,2,20,0.00000000,14.60000000,14.60000000,0.00000000
2001-10-28T02:30:00,1,10,28,2,30,0.00000000,14.65000000,14.65000000,0.00000000
2001-10-28T02:40:00,1,10,28,2,40,0.00000000,14.70000000,14.70000000,0.00000000
2001-10-28T02:50:00,1,10,28,2,50,0.00000000,14.75000000,14.75000000,0.00000000
2001-10-28T03:00:00,1,10,28,3,0,0.00000000,14.80000000,14.80000000,0.00000000
2001-10-28T03:10:00,1,10,28,3,10,0.00000000,14.71666667,14.71666667,0.00000000
2001-10-28T03:20:00,1,10,28,3,20,0.00000000,14.63333333,14.63333333,0.00000000
2001-10-28T03:30:00,1,10,28,3,30,0.00000000,14.55000000,14.55000000,0.00000000
2001-10-28T03:40:00,1,10,28,3,40,0.00000000,14.46666667,14.46666667,0.00000000
2001-10-28T03:50:00,1,10,28,3,50,0.00000000,14.38333333,14.38333333,0.00000000
2001-10-28T04:00:00,1,10,28,4,0,0.00000000,14.30000000,14.30000000,0.00000000
2001-10-28T04:10:00,1,10,28,4,10,0.00100000,14.26666667,14.30166667,0.00104921
2001-10-28T04:20:00,1,10,28,4,20,0.00200000,14.23333333,14.30333333,0.00209841
2001-10-28T04:30:00,1,10,28,4,30,0.00300000,14.20000000,14.30500000,0.00314759
2001-10-28T04:40:00,1,10,28,4,40,0.00400000,14.16666667,14.30666667,0.00419676
2001-10-28T04:50:00,1,10,28,4,50,0.00500000,14.13333333,14.30833333,0.00524591
2001-10-28T05:00:00,1,10,28,5,0,0.00600000,14.10000000,14.31000000,0.00629504
2001-10-28T05:10:00,1,10,28,5,10,0.02500000,14.10000000,14.97500000,0.02615287
2001-10-28T05:20:00,1,10,28,5,20,0.04400000,14.10000000,15.64000000,0.04589446
2001-10-28T05:30:00,1,10,28,5,30,0.06300000,14.10000000,16.30500000,0.06551981
2001-10-28T05:40:00,1,10,28,5,40,0.08200000,14.10000000,16.97000000,0.08502892
2001-10-28T05:50:00,1,10,28,5,50,0.10100000,14.10000000,17.63500000,0.10442178
2001-10-28T06:00:00,1,10,28,6,0,0.12000000,14.10000000,18.30000000,0.12369840
2001-10-28T06:10:00,1,10,28,6,10,0.14466667,14.43333333,19.49666667,0.14832895
2001-10-28T06:20:00,1,10,28,6,20,0.16933333,14.76666667,20.69333333,0.17268794
2001-10-28T06:30:00,1,10,28,6,30,0.19400000,15.10000000,21.89000000,0.19677536
2001-10-28T06:40:00,1,10,28,6,40,0.21866667,15.43333333,23.08666667,0.22059122
2001-10-28T06:50:00,1,10,28,6,50,0.24333333,15.76666667,24.28333333,0.24413552
2001-10-28T07:00:00,1,10,28,7,0,0.26800000,16.10000000,25.48000000,0.26740826
2001-10-28T07:10:00,1,10,28,7,10,0.32750000,16.46666667,27.92916667,0.32308721
2001-10-28T07:20:00,1,10,28,7,20,0.38700000,16.83333333,30.37833333,0.37742549
2001-10-28T07:30:00,1,10,28,7,30,0.44650000,17.20000000,32.82750000,0.43042310
2001-10-28T07:40:00,1,10,28,7,40,0.50600000,17.56666667,35.27666667,0.48208003
2001-10-28T07:50:00,1,10,28,7,50,0.56550000,17.93333333,37.72583333,0.53239629
2001-10-28T08:00:00,1,10,28,8,0,0.62500000,18.30000000,40.17500000,0.58137187
2001-10-28T08:10:00,1,10,28,8,10,0.57616667,18.75000000,38.91583333,0.53928461
2001-10-28T08:20:00,1,10,28,8,20,0.52733333,19.20000000,37.65666667,0.49663164
2001-10-28T08:30:00,1,10,28,8,30,0.47850000,19.65000000,36.39750000,0.45341296
2001-10-28T08:40:00,1,10,28,8,40,0.42966667,20.10000000,35.13833333,0.40962859
2001-10-28T08:50:00,1,10,28,8,50,0.38083333,20.55000000,33.87916667,0.36527851
2001-10-28T09:00:00,1,10,28,9,0,0.33200000,21.00000000,32.62000000,0.32036274
2001-10-28T09:10:00,1,10,28,9,10,0.37383333,20.81666667,33.90083333,0.35852716
2001-10-28T09:20:00,1,10,28,9,20,0.41566667,20.63333333,35.18166667,0.39619864
2001-10-28T09:30:00,1,10,28,9,30,0.45750000,20.45000000,36.46250000,0.43337717
2001-10-28T09:40:00,1,10,28,9,40,0.49933333,20.26666667,37.74333333,0.47006275
2001-10-28T09:50:00,1,10,28,9,50,0.54116667,20.08333333,39.02416667,0.50625537
2001-10-28T10:00:00,1,10,28,10,0,0.58300000,19.90000000,40.30500000,0.54195505
2001-10-28T10:10:00,1,10,28,10,10,0.59400000,20.21666667,41.00666667,0.55026338
2001-10-28T10:20:00,1,10,28,10,20,0.60500000,20.53333333,41.70833333,0.55850071
2001-10-28T10:30:00,1,10,28,10,30,0.61600000,20.85000000,42.41000000,0.56666702
2001-10-28T10:40:00,1,10,28,10,40,0.62700000,21.16666667,43.11166667,0.57476233
2001-10-28T10:50:00,1,10,28,10,50,0.63800000,21.48333333,43.81333333,0.58278663
2001-10-28T11:00:00,1,10,28,11,0,0.64900000,21.80000000,44.51500000,0.59073992
2001-10-28T11:10:00,1,10,28,11,10,0.69833333,21.95000000,46.39166667,0.62961617
2001-10-28T11:20:00,1,10,28,11,20,0.74766667,22.10000000,48.26833333,0.66764066
2001-10-28T11:30:00,1,10,28,11,30,0.79700000,22.25000000,50.14500000,0.70481340
2001-10-28T11:40:00,1,10,28,11,40,0.84633333,22.40000000,52.02166667,0.74113438
2001-10-28T11:50:00,1,10,28,11,50,0.89566667,22.55000000,53.89833333,0.77660361
2001-10-28T12:00:00,1,10,28,12,0,0.94500000,22.70000000,55.77500000,0.81122108
2001-10-28T12:10:00,1,10,28,12,10,0.87766667,23.06666667,53.78500000,0.76145395
2001-10-28T12:20:00,1,10,28,12,20,0.81033333,23.43333333,51.79500000,0.71045408
2001-10-28T12:30:00,1,10,28,12,30,0.74300000,23.80000000,49.80500000,0.65822147
2001-10-28T12:40:00,1,10,28,12,40,0.67566667,24.16666667,47.81500000,0.60475613
2001-10-28T12:50:00,1,10,28,12,50,0.60833333,24.53333333,45.82500000,0.55005804
2001-10-28T13:00:00,1,10,28,13,0,0.54100000,24.90000000,43.83500000,0.49412722
2001-10-28T13:10:00,1,10,28,13,10,0.58866667,24.40000000,45.00333333,0.53450031
2001-10-28T13:20:00,1,10,28,13,20,0.63633333,23.90000000,46.17166667,0.57436104
2001-10-28T13:30:00,1,10,28,13,30,0.68400000,23.40000000,47.34000000,0.61370942
2001-10-28T13:40:00,1,10,28,13,40,0.73166667,22.90000000,48.50833333,0.65254545
2001-10-28T13:50:00,1,10,28,13,50,0.77933333,22.40000000,49.67666667,0.69086913
2001-10-28T14:00:00,1,10,28,14,0,0.82700000,21.90000000,50.84500000,0.72868045
2001-10-28T14:10:00,1,10,28,14,10,0.75766667,22.36666667,48.88500000,0.67442107
2001-10-28T14:20:00,1,10,28,14,20,0.68833333,22.83333333,46.92500000,0.61891147
2001-10-28T14:30:00,1,10,28,14,30,0.61900000,23.30000000,44.96500000,0.56215166
2001-10-28T14:40:00,1,10,28,14,40,0.54966667,23.76666667,43.00500000,0.50414162
2001-10-28T14:50:00,1,10,28,14,50,0.48033333,24.23333333,41.04500000,0.44488137
2001-10-28T15:00:00,1,10,28,15,0,0.41100000,24.70000000,39.08500000,0.38437090
2001-10-28T15:10:00,1,10,28,15,10,0.36383333,24.20000000,36.93416667,0.34385991
2001-10-28T15:20:00,1,10,28,15,20,0.31666667,23.70000000,34.78333333,0.30241561
2001-10-28T15:30:00,1,10,28,15,30,0.26950000,23.20000000,32.63250000,0.26003799
2001-10-28T15:40:00,1,10,28,15,40,0.22233333,22.70000000,30.48166667,0.21672705
2001-10-28T15:50:00,1,10,28,15,50,0.17516667,22.20000000,28.33083333,0.17248279
2001-10-28T16:00:00,1,10,28,16,0,0.12800000,21.70000000,26.18000000,0.12730522
2001-10-28T16:10:00,1,10,28,16,10,0.13533333,21.35000000,26.08666667,0.13465685
2001-10-28T16:20:00,1,10,28,16,20,0.14266667,21.00000000,25.99333333,0.14201478
2001-10-28T16:30:00,1,10,28,16,30,0.15000000,20.65000000,25.90000000,0.14937900
2001-10-28T16:40:00,1,10,28,16,40,0.15733333,20.30000000,25.80666667,0.15674952
2001-10-28T16:50:00,1,10,28,16,50,0.16466667,19.95000000,25.71333333,0.16412634
2001-10-28T17:00:00,1,10,28,17,0,0.17200000,19.60000000,25.62000000,0.17150946
2001-10-28T17:10:00,1,10,28,17,10,0.14483333,19.60000000,24.66916667,0.14505375
2001-10-28T17:20:00,1,10,28,17,20,0.11766667,19.60000000,23.71833333,0.11836039
2001-10-28T17:30:00,1,10,28,17,30,0.09050000,19.60000000,22.76750000,0.09142939
2001-10-28T17:40:00,1,10,28,17,40,0.06333333,19.60000000,21.81666667,0.06426074
2001-10-28T17:50:00,1,10,28,17,50,0.03616667,19.60000000,20.86583333,0.03685445
2001-10-28T18:00:00,1,10,28,18,0,0.00900000,19.60000000,19.91500000,0.00921052
2001-10-28T18:10:00,1,10,28,18,10,0.00750000,19.31666667,19.57916667,0.00768702
2001-10-28T18:20:00,1,10,28,18,20,0.00600000,19.03333333,19.24333333,0.00615888
2001-10-28T18:30:00,1,10,28,18,30,0.00450000,18.75000000,18.90750000,0.00462611
2001-10-28T18:40:00,1,10,28,18,40,0.00300000,18.46666667,18.57166667,0.00308871
2001-10-28T18:50:00,1,10,28,18,50,0.00150000,18.18333333,18.23583333,0.00154667
2001-10-28T19:00:00,1,10,28,19,0,0.00000000,17.90000000,17.90000000,0.00000000
2001-10-28T19:10:00,1,10,28,19,10,0.00000000,17.71666667,17.71666667,0.00000000
2001-10-28T19:20:00,1,10,28,19,20,0.00000000,17.53333333,17.53333333,0.00000000
2001-10-28T19:30:00,1,10,28,19,30,0.00000000,17.35000000,17.35000000,0.00000000
2001-10-28T19:40:00,1,10,28,19,40,0.00000000,17.16666667,17.16666667,0.00000000
2001-10-28T19:50:00,1,10,28,19,50,0.00000000,16.98333333,16.98333333,0.00000000
2001-10-28T20:00:00,1,10,28,20,0,0.00000000,16.80000000,16.80000000,0.00000000
2001-10-28T20:10:00,1,10,28,20,10,0.00000000,16.78333333,16.78333333,0.00000000
2001-10-28T20:20:00,1,10,28,20,20,0.00000000,16.76666667,16.76666667,0.00000000
2001-10-28T20:30:00,1,10,28,20,30,0.00000000,16.75000000,16.75000000,0.00000000
2001-10-28T20:40:00,1,10,28,20,40,0.00000000,16.73333333,16.73333333,0.00000000
2001-10-28T20:50:00,1,10,28,20,50,0.00000000,16.71666667,16.71666667,0.00000000
2001-10-28T21:00:00,1,10,28,21,0,0.00000000,16.70000000,16.70000000,0.00000000
2001-10-28T21:10:00,1,10,28,21,10,0.00000000,16.66666667,16.66666667,0.00000000
2001-10-28T21:20:00,1,10,28,21,20,0.00000000,16.63333333,16.63333333,0.00000000
2001-10-28T21:30:00,1,10,28,21,30,0.00000000,16.60000000,16.60000000,0.00000000
2001-10-28T21:40:00,1,10,28,21,40,0.00000000,16.56666667,16.56666667,0.00000000
2001-10-28T21:50:00,1,10,28,21,50,0.00000000,16.53333333,16.53333333,0.00000000
2001-10-28T22:00:00,1,10,28,22,0,0.00000000,16.50000000,16.50000000,0.00000000
2001-10-28T22:10:00,1,10,28,22,10,0.00000000,16.33333333,16.33333333,0.00000000
2001-10-28T22:20:00,1,10,28,22,20,0.00000000,16.16666667,16.16666667,0.00000000
2001-10-28T22:30:00,1,10,28,22,30,0.00000000,16.00000000,16.00000000,0.00000000
2001-10-28T22:40:00,1,10,28,22,40,0.00000000,15.83333333,15.83333333,0.00000000
2001-10-28T22:50:00,1,10,28,22,50,0.00000000,15.66666667,15.66666667,0.00000000
2001-10-28T23:00:00,1,10,28,23,0,0.00000000,15.50000000,15.50000000,0.00000000
2001-10-28T23:10:00,1,10,28,23,10,0.00000000,15.75000000,15.75000000,0.00000000
2001-10-28T23:20:00,1,10,28,23,20,0.00000000,16.00000000,16.00000000,0.00000000
2001-10-28T23:30:00,1,10,28,23,30,0.00000000,16.25000000,16.25000000,0.00000000
2001-10-28T23:40:00,1,10,28,23,40,0.00000000,16.50000000,16.50000000,0.00000000
2001-10-28T23:50:00,1,10,28,23,50,0.00000000,16.75000000,16.75000000,0.00000000
2001-10-29T00:00:00,1,10,29,0,0,0.00000000,17.00000000,17.00000000,0.00000000
2001-10-29T00:10:00,1,10,29,0,10,0.00000000,16.91666667,16.91666667,0.00000000
2001-10-29T00:20:00,1,10,29,0,20,0.00000000,16.83333333,16.83333333,0.00000000
2001-10-29T00:30:00,1,10,29,0,30,0.00000000,16.75000000,16.75000000,0.00000000
2001-10-29T00:40:00,1,10,29,0,40,0.00000000,16.66666667,16.66666667,0.00000000
2001-10-29T00:50:00,1,10,29,0,50,0.00000000,16.58333333,16.58333333,0.00000000
2001-10-29T01:00:00,1,10,29,1,0,0.00000000,16.50000000,16.50000000,0.00000000
2001-10-29T01:10:00,1,10,29,1,10,0.00000000,16.50000000,16.50000000,0.00000000
2001-10-29T01:20:00,1,10,29,1,20,0.00000000,16.50000000,16.50000000,0.00000000
2001-10-29T01:30:00,1,10,29,1,30,0.00000000,16.50000000,16.50000000,0.00000000
2001-10-29T01:40:00,1,10,29,1,40,0.00000000,16.50000000,16.50000000,0.00000000
2001-10-29T01:50:00,1,10,29,1,50,0.00000000,16.50000000,16.50000000,0.00000000
2001-10-29T02:00:00,1,10,29,2,0,0.00000000,16.50000000,16.50000000,0.00000000
2001-10-29T02:10:00,1,10,29,2,10,0.00000000,16.48333333,16.48333333,0.00000000
2001-10-29T02:20:00,1,10,29,2,20,0.00000000,16.46666667,16.46666667,0.00000000
2001-10-29T02:30:00,1,10,29,2,30,0.00000000,16.45000000,16.45000000,0.00000000
2001-10-29T02:40:00,1,10,29,2,40,0.00000000,16.43333333,16.43333333,0.00000000
2001-10-29T02:50:00,1,10,29,2,50,0.00000000,16.41666667,16.41666667,0.00000000
2001-10-29T03:00:00,1,10,29,3,0,0.00000000,16.40000000,16.40000000,0.00000000
2001-10-29T03:10:00,1,10,29,3,10,0.00000000,16.53333333,16.53333333,0.00000000
2001-10-29T03:20:00,1,10,29,3,20,0.00000000,16.66666667,16.66666667,0.00000000
2001-10-29T03:30:00,1,10,29,3,30,0.00000000,16.80000000,16.80000000,0.00000000
2001-10-29T03:40:00,1,10,29,3,40,0.00000000,16.93333333,16.93333333,0.00000000
2001-10-29T03:50:00,1,10,29,3,50,0.00000000,17.06666667,17.06666667,0.00000000
2001-10-29T04:00:00,1,10,29,4,0,0.00000000,17.20000000,17.20000000,0.00000000
2001-10-29T04:10:00,1,10,29,4,10,0.00050000,17.13333333,17.15083333,0.00051805
2001-10-29T04:20:00,1,10,29,4,20,0.00100000,17.06666667,17.10166667,0.00103633
2001-10-29T04:30:00,1,10,29,4,30,0.00150000,17.00000000,17.05250000,0.00155484
2001-10-29T04:40:00,1,10,29,4,40,0.00200000,16.93333333,17.00333333,0.00207357
2001-10-29T04:50:00,1,10,29,4,50,0.00250000,16.86666667,16.95416667,0.00259253
2001-10-29T05:00:00,1,10,29,5,0,0.00300000,16.80000000,16.90500000,0.00311171
2001-10-29T05:10:00,1,10,29,5,10,0.01000000,16.80000000,17.15000000,0.01036110
2001-10-29T05:20:00,1,10,29,5,20,0.01700000,16.80000000,17.39500000,0.01759471
2001-10-29T05:30:00,1,10,29,5,30,0.02400000,16.80000000,17.64000000,0.02481254
2001-10-29T05:40:00,1,10,29,5,40,0.03100000,16.80000000,17.88500000,0.03201460
2001-10-29T05:50:00,1,10,29,5,50,0.03800000,16.80000000,18.13000000,0.03920088
2001-10-29T06:00:00,1,10,29,6,0,0.04500000,16.80000000,18.37500000,0.04637137
2001-10-29T06:10:00,1,10,29,6,10,0.05383333,16.95000000,18.83416667,0.05536020
2001-10-29T06:20:00,1,10,29,6,20,0.06266667,17.10000000,19.29333333,0.06431171
2001-10-29T06:30:00,1,10,29,6,30,0.07150000,17.25000000,19.75250000,0.07322590
2001-10-29T06:40:00,1,10,29,6,40,0.08033333,17.40000000,20.21166667,0.08210278
2001-10-29T06:50:00,1,10,29,6,50,0.08916667,17.55000000,20.67083333,0.09094235
2001-10-29T07:00:00,1,10,29,7,0,0.09800000,17.70000000,21.13000000,0.09974460
2001-10-29T07:10:00,1,10,29,7,10,0.09416667,17.76666667,21.06250000,0.09587226
2001-10-29T07:20:00,1,10,29,7,20,0.09033333,17.83333333,20.99500000,0.09199754
2001-10-29T07:30:00,1,10,29,7,30,0.08650000,17.90000000,20.92750000,0.08812045
2001-10-29T07:40:00,1,10,29,7,40,0.08266667,17.96666667,20.86000000,0.08424097
2001-10-29T07:50:00,1,10,29,7,50,0.07883333,18.03333333,20.79250000,0.08035911
2001-10-29T08:00:00,1,10,29,8,0,0.07500000,18.10000000,20.72500000,0.07647487
2001-10-29T08:10:00,1,10,29,8,10,0.10566667,18.06666667,21.76500000,0.10723909
2001-10-29T08:20:00,1,10,29,8,20,0.13633333,18.03333333,22.80500000,0.13770989
2001-10-29T08:30:00,1,10,29,8,30,0.16700000,18.00000000,23.84500000,0.16788727
2001-10-29T08:40:00,1,10,29,8,40,0.19766667,17.96666667,24.88500000,0.19777123
2001-10-29T08:50:00,1,10,29,8,50,0.22833333,17.93333333,25.92500000,0.22736177
2001-10-29T09:00:00,1,10,29,9,0,0.25900000,17.90000000,26.96500000,0.25665890
2001-10-29T09:10:00,1,10,29,9,10,0.26200000,18.15000000,27.32000000,0.25920394
2001-10-29T09:20:00,1,10,29,9,20,0.26500000,18.40000000,27.67500000,0.26173917
2001-10-29T09:30:00,1,10,29,9,30,0.26800000,18.65000000,28.03000000,0.26426462
2001-10-29T09:40:00,1,10,29,9,40,0.27100000,18.90000000,28.38500000,0.26678026
2001-10-29T09:50:00,1,10,29,9,50,0.27400000,19.15000000,28.74000000,0.26928610
2001-10-29T10:00:00,1,10,29,10,0,0.27700000,19.40000000,29.09500000,0.27178215
2001-10-29T10:10:00,1,10,29,10,10,0.31233333,19.50000000,30.43166667,0.30452948
2001-10-29T10:20:00,1,10,29,10,20,0.34766667,19.60000000,31.76833333,0.33684230
2001-10-29T10:30:00,1,10,29,10,30,0.38300000,19.70000000,33.10500000,0.36872061
2001-10-29T10:40:00,1,10,29,10,40,0.41833333,19.80000000,34.44166667,0.40016442
2001-10-29T10:50:00,1,10,29,10,50,0.45366667,19.90000000,35.77833333,0.43117372
2001-10-29T11:00:00,1,10,29,11,0,0.48900000,20.00000000,37.11500000,0.46174852
2001-10-29T11:10:00,1,10,29,11,10,0.46550000,20.13333333,36.42583333,0.44103386
2001-10-29T11:20:00,1,10,29,11,20,0.44200000,20.26666667,35.73666667,0.42017021
2001-10-29T11:30:00,1,10,29,11,30,0.41850000,20.40000000,35.04750000,0.39915756
2001-10-29T11:40:00,1,10,29,11,40,0.39500000,20.53333333,34.35833333,0.37799591
2001-10-29T11:50:00,1,10,29,11,50,0.37150000,20.66666667,33.66916667,0.35668526
2001-10-29T12:00:00,1,10,29,12,0,0.34800000,20.80000000,32.98000000,0.33522562
2001-10-29T12:10:00,1,10,29,12,10,0.33483333,20.70000000,32.41916667,0.32340609
2001-10-29T12:20:00,1,10,29,12,20,0.32166667,20.60000000,31.85833333,0.31151862
2001-10-29T12:30:00,1,10,29,12,30,0.30850000,20.50000000,31.29750000,0.29956322
2001-10-29T12:40:00,1,10,29,12,40,0.29533333,20.40000000,30.73666667,0.28753988
2001-10-29T12:50:00,1,10,29,12,50,0.28216667,20.30000000,30.17583333,0.27544861
2001-10-29T13:00:00,1,10,29,13,0,0.26900000,20.20000000,29.61500000,0.26328940
2001-10-29T13:10:00,1,10,29,13,10,0.23600000,20.20000000,28.46000000,0.23224382
2001-10-29T13:20:00,1,10,29,13,20,0.20300000,20.20000000,27.30500000,0.20084759
2001-10-29T13:30:00,1,10,29,13,30,0.17000000,20.20000000,26.15000000,0.16910070
2001-10-29T13:40:00,1,10,29,13,40,0.13700000,20.20000000,24.99500000,0.13700315
2001-10-29T13:50:00,1,10,29,13,50,0.10400000,20.20000000,23.84000000,0.10455494
2001-10-29T14:00:00,1,10,29,14,0,0.07100000,20.20000000,22.68500000,0.07175608
2001-10-29T14:10:00,1,10,29,14,10,0.11666667,20.06666667,24.15000000,0.11712283
2001-10-29T14:20:00,1,10,29,14,20,0.16233333,19.93333333,25.61500000,0.16187409
2001-10-29T14:30:00,1,10,29,14,30,0.20800000,19.80000000,27.08000000,0.20600986
2001-10-29T14:40:00,1,10,29,14,40,0.25366667,19.66666667,28.54500000,0.24953012
2001-10-29T14:50:00,1,10,29,14,50,0.29933333,19.53333333,30.01000000,0.29243490
2001-10-29T15:00:00,1,10,29,15,0,0.34500000,19.40000000,31.47500000,0.33472418
2001-10-29T15:10:00,1,10,29,15,10,0.32700000,19.55000000,30.99500000,0.31798232
2001-10-29T15:20:00,1,10,29,15,20,0.30900000,19.70000000,30.51500000,0.30116098
2001-10-29T15:30:00,1,10,29,15,30,0.29100000,19.85000000,30.03500000,0.28426015
2001-10-29T15:40:00,1,10,29,15,40,0.27300000,20.00000000,29.55500000,0.26727983
2001-10-29T15:50:00,1,10,29,15,50,0.25500000,20.15000000,29.07500000,0.25022003
2001-10-29T16:00:00,1,10,29,16,0,0.23700000,20.30000000,28.59500000,0.23308073
2001-10-29T16:10:00,1,10,29,16,10,0.20100000,20.26666667,27.30166667,0.19887188
2001-10-29T16:20:00,1,10,29,16,20,0.16500000,20.23333333,26.00833333,0.16423467
2001-10-29T16:30:00,1,10,29,16,30,0.12900000,20.20000000,24.71500000,0.12916912
2001-10-29T16:40:00,1,10,29,16,40,0.09300000,20.16666667,23.42166667,0.09367521
2001-10-29T16:50:00,1,10,29,16,50,0.05700000,20.13333333,22.12833333,0.05775295
2001-10-29T17:00:00,1,10,29,17,0,0.02100000,20.10000000,20.83500000,0.02140234
2001-10-29T17:10:00,1,10,29,17,10,0.01816667,20.05000000,20.68583333,0.01852719
2001-10-29T17:20:00,1,10,29,17,20,0.01533333,20.00000000,20.53666667,0.01564815
2001-10-29T17:30:00,1,10,29,17,30,0.01250000,19.95000000,20.38750000,0.01276522
2001-10-29T17:40:00,1,10,29,17,40,0.00966667,19.90000000,20.23833333,0.00987840
2001-10-29T17:50:00,1,10,29,17,50,0.00683333,19.85000000,20.08916667,0.00698770
2001-10-29T18:00:00,1,10,29,18,0,0.00400000,19.80000000,19.94000000,0.00409310
2001-10-29T18:10:00,1,10,29,18,10,0.00333333,19.66666667,19.78333333,0.00341332
2001-10-29T18:20:00,1,10,29,18,20,0.00266667,19.53333333,19.62666667,0.00273258
2001-10-29T18:30:00,1,10,29,18,30,0.00200000,19.40000000,19.47000000,0.00205088
2001-10-29T18:40:00,1,10,29,18,40,0.00133333,19.26666667,19.31333333,0.00136821
2001-10-29T18:50:00,1,10,29,18,50,0.00066667,19.13333333,19.15666667,0.00068459
2001-10-29T19:00:00,1,10,29,19,0,0.00000000,19.00000000,19.00000000,0.00000000
2001-10-29T19:10:00,1,10,29,19,10,0.00000000,19.06666667,19.06666667,0.00000000
2001-10-29T19:20:00,1,10,29,19,20,0.00000000,19.13333333,19.13333333,0.00000000
2001-10-29T19:30:00,1,10,29,19,30,0.00000000,19.20000000,19.20000000,0.00000000
2001-10-29T19:40:00,1,10,29,19,40,0.00000000,19.26666667,19.26666667,0.00000000
2001-10-29T19:50:00,1,10,29,19,50,0.00000000,19.33333333,19.33333333,0.00000000
2001-10-29T20:00:00,1,10,29,20,0,0.00000000,19.40000000,19.40000000,0.00000000
2001-10-29T20:10:00,1,10,29,20,10,0.00000000,19.28333333,19.28333333,0.00000000
2001-10-29T20:20:00,1,10,29,20,20,0.00000000,19.16666667,19.16666667,0.00000000
2001-10-29T20:30:00,1,10,29,20,30,0.00000000,19.05000000,19.05000000,0.00000000
2001-10-29T20:40:00,1,10,29,20,40,0.00000000,18.93333333,18.93333333,0.00000000
2001-10-29T20:50:00,1,10,29,20,50,0.00000000,18.81666667,18.81666667,0.00000000
2001-10-29T21:00:00,1,10,29,21,0,0.00000000,18.70000000,18.70000000,0.00000000
2001-10-29T21:10:00,1,10,29,21,10,0.00000000,18.70000000,18.70000000,0.00000000
2001-10-29T21:20:00,1,10,29,21,20,0.00000000,18.70000000,18.70000000,0.00000000
2001-10-29T21:30:00,1,10,29,21,30,0.00000000,18.70000000,18.70000000,0.00000000
2001-10-29T21:40:00,1,10,29,21,40,0.00000000,18.70000000,18.70000000,0.00000000
2001-10-29T21:50:00,1,10,29,21,50,0.00000000,18.70000000,18.70000000,0.00000000
2001-10-29T22:00:00,1,10,29,22,0,0.00000000,18.70000000,18.70000000,0.00000000
2001-10-29T22:10:00,1,10,29,22,10,0.00000000,18.71666667,18.71666667,0.00000000
2001-10-29T22:20:00,1,10,29,22,20,0.00000000,18.73333333,18.73333333,0.00000000
2001-10-29T22:30:00,1,10,29,22,30,0.00000000,18.75000000,18.75000000,0.00000000
2001-10-29T22:40:00,1,10,29,22,40,0.00000000,18.76666667,18.76666667,0.00000000
2001-10-29T22:50:00,1,10,29,22,50,0.00000000,18.78333333,18.78333333,0.00000000
2001-10-29T23:00:00,1,10,29,23,0,0.00000000,18.80000000,18.80000000,0.00000000
2001-10-29T23:10:00,1,10,29,23,10,0.00000000,18.71666667,18.71666667,0.00000000
2001-10-29T23:20:00,1,10,29,23,20,0.00000000,18.63333333,18.63333333,0.00000000
2001-10-29T23:30:00,1,10,29,23,30,0.00000000,18.55000000,18.55000000,0.00000000
2001-10-29T23:40:00,1,10,29,23,40,0.00000000,18.46666667,18.46666667,0.00000000
2001-10-29T23:50:00,1,10,29,23,50,0.00000000,18.38333333,18.38333333,0.00000000
2001-10-30T00:00:00,1,10,30,0,0,0.00000000,18.30000000,18.30000000,0.00000000
2001-10-30T00:10:00,1,10,30,0,10,0.00000000,18.36666667,18.36666667,0.00000000
2001-10-30T00:20:00,1,10,30,0,20,0.00000000,18.43333333,18.43333333,0.00000000
2001-10-30T00:30:00,1,10,30,0,30,0.00000000,18.50000000,18.50000000,0.00000000
2001-10-30T00:40:00,1,10,30,0,40,0.00000000,18.56666667,18.56666667,0.00000000
2001-10-30T00:50:00,1,10,30,0,50,0.00000000,18.63333333,18.63333333,0.00000000
2001-10-30T01:00:00,1,10,30,1,0,0.00000000,18.70000000,18.70000000,0.00000000
2001-10-30T01:10:00,1,10,30,1,10,0.00000000,18.65000000,18.65000000,0.00000000
2001-10-30T01:20:00,1,10,30,1,20,0.00000000,18.60000000,18.60000000,0.00000000
2001-10-30T01:30:00,1,10,30,1,30,0.00000000,18.55000000,18.55000000,0.00000000
2001-10-30T01:40:00,1,10,30,1,40,0.00000000,18.50000000,18.50000000,0.00000000
2001-10-30T01:50:00,1,10,30,1,50,0.00000000,18.45000000,18.45000000,0.00000000
2001-10-30T02:00:00,1,10,30,2,0,0.00000000,18.40000000,18.40000000,0.00000000
2001-10-30T02:10:00,1,10,30,2,10,0.00000000,18.31666667,18.31666667,0.00000000
2001-10-30T02:20:00,1,10,30,2,20,0.00000000,18.23333333,18.23333333,0.00000000
2001-10-30T02:30:00,1,10,30,2,30,0.00000000,18.15000000,18.15000000,0.00000000
2001-10-30T02:40:00,1,10,30,2,40,0.00000000,18.06666667,18.06666667,0.00000000
2001-10-30T02:50:00,1,10,30,2,50,0.00000000,17.98333333,17.98333333,0.00000000
2001-10-30T03:00:00,1,10,30,3,0,0.00000000,17.90000000,17.90000000,0.00000000
2001-10-30T03:10:00,1,10,30,3,10,0.00000000,17.86666667,17.86666667,0.00000000
2001-10-30T03:20:00,1,10,30,3,20,0.00000000,17.83333333,17.83333333,0.00000000
2001-10-30T03:30:00,1,10,30,3,30,0.00000000,17.80000000,17.80000000,0.00000000
2001-10-30T03:40:00,1,10,30,3,40,0.00000000,17.76666667,17.76666667,0.00000000
2001-10-30T03:50:00,1,10,30,3,50,0.00000000,17.73333333,17.73333333,0.00000000
2001-10-30T04:00:00,1,10,30,4,0,0.00000000,17.70000000,17.70000000,0.00000000
2001-10-30T04:10:00,1,10,30,4,10,0.00050000,17.68333333,17.70083333,0.00051679
2001-10-30T04:20:00,1,10,30,4,20,0.00100000,17.66666667,17.70166667,0.00103357
2001-10-30T04:30:00,1,10,30,4,30,0.00150000,17.65000000,17.70250000,0.00155035
2001-10-30T04:40:00,1,10,30,4,40,0.00200000,17.63333333,17.70333333,0.00206713
2001-10-30T04:50:00,1,10,30,4,50,0.00250000,17.61666667,17.70416667,0.00258390
2001-10-30T05:00:00,1,10,30,5,0,0.00300000,17.60000000,17.70500000,0.00310067
2001-10-30T05:10:00,1,10,30,5,10,0.01316667,17.65000000,18.11083333,0.01358392
2001-10-30T05:20:00,1,10,30,5,20,0.02333333,17.70000000,18.51666667,0.02402921
2001-10-30T05:30:00,1,10,30,5,30,0.03350000,17.75000000,18.92250000,0.03443654
2001-10-30T05:40:00,1,10,30,5,40,0.04366667,17.80000000,19.32833333,0.04480592
2001-10-30T05:50:00,1,10,30,5,50,0.05383333,17.85000000,19.73416667,0.05513733
2001-10-30T06:00:00,1,10,30,6,0,0.06400000,17.90000000,20.14000000,0.06543078
2001-10-30T06:10:00,1,10,30,6,10,0.08550000,18.18333333,21.17583333,0.08700404
2001-10-30T06:20:00,1,10,30,6,20,0.10700000,18.46666667,22.21166667,0.10837242
2001-10-30T06:30:00,1,10,30,6,30,0.12850000,18.75000000,23.24750000,0.12953590
2001-10-30T06:40:00,1,10,30,6,40,0.15000000,19.03333333,24.28333333,0.15049450
2001-10-30T06:50:00,1,10,30,6,50,0.17150000,19.31666667,25.31916667,0.17124821
2001-10-30T07:00:00,1,10,30,7,0,0.19300000,19.60000000,26.35500000,0.19179703
2001-10-30T07:10:00,1,10,30,7,10,0.21033333,19.91666667,27.27833333,0.20812897
2001-10-30T07:20:00,1,10,30,7,20,0.22766667,20.23333333,28.20166667,0.22431367
2001-10-30T07:30:00,1,10,30,7,30,0.24500000,20.55000000,29.12500000,0.24035112
2001-10-30T07:40:00,1,10,30,7,40,0.26233333,20.86666667,30.04833333,0.25624134
2001-10-30T07:50:00,1,10,30,7,50,0.27966667,21.18333333,30.97166667,0.27198432
2001-10-30T08:00:00,1,10,30,8,0,0.29700000,21.50000000,31.89500000,0.28758005
2001-10-30T08:10:00,1,10,30,8,10,0.28433333,22.00000000,31.95166667,0.27524102
2001-10-30T08:20:00,1,10,30,8,20,0.27166667,22.50000000,32.00833333,0.26290859
2001-10-30T08:30:00,1,10,30,8,30,0.25900000,23.00000000,32.06500000,0.25058276
2001-10-30T08:40:00,1,10,30,8,40,0.24633333,23.50000000,32.12166667,0.23826354
2001-10-30T08:50:00,1,10,30,8,50,0.23366667,24.00000000,32.17833333,0.22595092
2001-10-30T09:00:00,1,10,30,9,0,0.22100000,24.50000000,32.23500000,0.21364490
2001-10-30T09:10:00,1,10,30,9,10,0.24433333,24.11666667,32.66833333,0.23571464
2001-10-30T09:20:00,1,10,30,9,20,0.26766667,23.73333333,33.10166667,0.25769135
2001-10-30T09:30:00,1,10,30,9,30,0.29100000,23.35000000,33.53500000,0.27957505
2001-10-30T09:40:00,1,10,30,9,40,0.31433333,22.96666667,33.96833333,0.30136572
2001-10-30T09:50:00,1,10,30,9,50,0.33766667,22.58333333,34.40166667,0.32306337
2001-10-30T10:00:00,1,10,30,10,0,0.36100000,22.20000000,34.83500000,0.34466800
2001-10-30T10:10:00,1,10,30,10,10,0.32100000,22.80000000,34.03500000,0.30765892
2001-10-30T10:20:00,1,10,30,10,20,0.28100000,23.40000000,33.23500000,0.27035544
2001-10-30T10:30:00,1,10,30,10,30,0.24100000,24.00000000,32.43500000,0.23275756
2001-10-30T10:40:00,1,10,30,10,40,0.20100000,24.60000000,31.63500000,0.19486528
2001-10-30T10:50:00,1,10,30,10,50,0.16100000,25.20000000,30.83500000,0.15667860
2001-10-30T11:00:00,1,10,30,11,0,0.12100000,25.80000000,30.03500000,0.11819752
2001-10-30T11:10:00,1,10,30,11,10,0.17400000,24.91666667,31.00666667,0.16919226
2001-10-30T11:20:00,1,10,30,11,20,0.22700000,24.03333333,31.97833333,0.21971322
2001-10-30T11:30:00,1,10,30,11,30,0.28000000,23.15000000,32.95000000,0.26976040
2001-10-30T11:40:00,1,10,30,11,40,0.33300000,22.26666667,33.92166667,0.31933379
2001-10-30T11:50:00,1,10,30,11,50,0.38600000,21.38333333,34.89333333,0.36843340
2001-10-30T12:00:00,1,10,30,12,0,0.43900000,20.50000000,35.86500000,0.41705922
2001-10-30T12:10:00,1,10,30,12,10,0.39383333,21.66666667,35.45083333,0.37490026
2001-10-30T12:20:00,1,10,30,12,20,0.34866667,22.83333333,35.03666667,0.33256919
2001-10-30T12:30:00,1,10,30,12,30,0.30350000,24.00000000,34.62250000,0.29006603
2001-10-30T12:40:00,1,10,30,12,40,0.25833333,25.16666667,34.20833333,0.24739076
2001-10-30T12:50:00,1,10,30,12,50,0.21316667,26.33333333,33.79416667,0.20454340
2001-10-30T13:00:00,1,10,30,13,0,0.16800000,27.50000000,33.38000000,0.16152394
2001-10-30T13:10:00,1,10,30,13,10,0.16316667,26.60000000,32.31083333,0.15767940
2001-10-30T13:20:00,1,10,30,13,20,0.15833333,25.70000000,31.24166667,0.15378732
2001-10-30T13:30:00,1,10,30,13,30,0.15350000,24.80000000,30.17250000,0.14984770
2001-10-30T13:40:00,1,10,30,13,40,0.14866667,23.90000000,29.10333333,0.14586053
2001-10-30T13:50:00,1,10,30,13,50,0.14383333,23.00000000,28.03416667,0.14182583
2001-10-30T14:00:00,1,10,30,14,0,0.13900000,22.10000000,26.96500000,0.13774358
2001-10-30T14:10:00,1,10,30,14,10,0.15366667,21.86666667,27.24500000,0.15207975
2001-10-30T14:20:00,1,10,30,14,20,0.16833333,21.63333333,27.52500000,0.16637814
2001-10-30T14:30:00,1,10,30,14,30,0.18300000,21.40000000,27.80500000,0.18063875
2001-10-30T14:40:00,1,10,30,14,40,0.19766667,21.16666667,28.08500000,0.19486158
2001-10-30T14:50:00,1,10,30,14,50,0.21233333,20.93333333,28.36500000,0.20904663
2001-10-30T15:00:00,1,10,30,15,0,0.22700000,20.70000000,28.64500000,0.22319389
2001-10-30T15:10:00,1,10,30,15,10,0.20183333,21.10000000,28.16416667,0.19889562
2001-10-30T15:20:00,1,10,30,15,20,0.17666667,21.50000000,27.68333333,0.17448601
2001-10-30T15:30:00,1,10,30,15,30,0.15150000,21.90000000,27.20250000,0.14996508
2001-10-30T15:40:00,1,10,30,15,40,0.12633333,22.30000000,26.72166667,0.12533282
2001-10-30T15:50:00,1,10,30,15,50,0.10116667,22.70000000,26.24083333,0.10058922
2001-10-30T16:00:00,1,10,30,16,0,0.07600000,23.10000000,25.76000000,0.07573430
2001-10-30T16:10:00,1,10,30,16,10,0.06333333,22.46666667,24.68333333,0.06342559
2001-10-30T16:20:00,1,10,30,16,20,0.05066667,21.83333333,23.60666667,0.05099141
2001-10-30T16:30:00,1,10,30,16,30,0.03800000,21.20000000,22.53000000,0.03843176
2001-10-30T16:40:00,1,10,30,16,40,0.02533333,20.56666667,21.45333333,0.02574664
2001-10-30T16:50:00,1,10,30,16,50,0.01266667,19.93333333,20.37666667,0.01293605
2001-10-30T17:00:00,1,10,30,17,0,0.00000000,19.30000000,19.30000000,0.00000000
2001-10-30T17:10:00,1,10,30,17,10,0.00066667,19.15000000,19.17333333,0.00068454
2001-10-30T17:20:00,1,10,30,17,20,0.00133333,19.00000000,19.04666667,0.00136985
2001-10-30T17:30:00,1,10,30,17,30,0.00200000,18.85000000,18.92000000,0.00205594
2001-10-30T17:40:00,1,10,30,17,40,0.00266667,18.70000000,18.79333333,0.00274280
2001-10-30T17:50:00,1,10,30,17,50,0.00333333,18.55000000,18.66666667,0.00343044
2001-10-30T18:00:00,1,10,30,18,0,0.00400000,18.40000000,18.54000000,0.00411886
2001-10-30T18:10:00,1,10,30,18,10,0.00333333,18.23333333,18.35000000,0.00343530
2001-10-30T18:20:00,1,10,30,18,20,0.00266667,18.06666667,18.16000000,0.00275057
2001-10-30T18:30:00,1,10,30,18,30,0.00200000,17.90000000,17.97000000,0.00206468
2001-10-30T18:40:00,1,10,30,18,40,0.00133333,17.73333333,17.78000000,0.00137762
2001-10-30T18:50:00,1,10,30,18,50,0.00066667,17.56666667,17.59000000,0.00068939
2001-10-30T19:00:00,1,10,30,19,0,0.00000000,17.40000000,17.40000000,0.00000000
2001-10-30T19:10:00,1,10,30,19,10,0.00000000,17.33333333,17.33333333,0.00000000
2001-10-30T19:20:00,1,10,30,19,20,0.00000000,17.26666667,17.26666667,0.00000000
2001-10-30T19:30:00,1,10,30,19,30,0.00000000,17.20000000,17.20000000,0.00000000
2001-10-30T19:40:00,1,10,30,19,40,0.00000000,17.13333333,17.13333333,0.00000000
2001-10-30T19:50:00,1,10,30,19,50,0.00000000,17.06666667,17.06666667,0.00000000
2001-10-30T20:00:00,1,10,30,20,0,0.00000000,17.00000000,17.00000000,0.00000000
2001-10-30T20:10:00,1,10,30,20,10,0.00000000,17.06666667,17.06666667,0.00000000
2001-10-30T20:20:00,1,10,30,20,20,0.00000000,17.13333333,17.13333333,0.00000000
2001-10-30T20:30:00,1,10,30,20,30,0.00000000,17.20000000,17.20000000,0.00000000
2001-10-30T20:40:00,1,10,30,20,40,0.00000000,17.26666667,17.26666667,0.00000000
2001-10-30T20:50:00,1,10,30,20,50,0.00000000,17.33333333,17.33333333,0.00000000
2001-10-30T21:00:00,1,10,30,21,0,0.00000000,17.40000000,17.40000000,0.00000000
2001-10-30T21:10:00,1,10,30,21,10,0.00000000,17.35000000,17.35000000,0.00000000
2001-10-30T21:20:00,1,10,30,21,20,0.00000000,17.30000000,17.30000000,0.00000000
2001-10-30T21:30:00,1,10,30,21,30,0.00000000,17.25000000,17.25000000,0.00000000
2001-10-30T21:40:00,1,10,30,21,40,0.00000000,17.20000000,17.20000000,0.00000000
2001-10-30T21:50:00,1,10,30,21,50,0.00000000,17.15000000,17.15000000,0.00000000
2001-10-30T22:00:00,1,10,30,22,0,0.00000000,17.10000000,17.10000000,0.00000000
2001-10-30T22:10:00,1,10,30,22,10,0.00000000,16.96666667,16.96666667,0.00000000
2001-10-30T22:20:00,1,10,30,22,20,0.00000000,16.83333333,16.83333333,0.00000000
2001-10-30T22:30:00,1,10,30,22,30,0.00000000,16.70000000,16.70000000,0.00000000
2001-10-30T22:40:00,1,10,30,22,40,0.00000000,16.56666667,16.56666667,0.00000000
2001-10-30T22:50:00,1,10,30,22,50,0.00000000,16.43333333,16.43333333,0.00000000
2001-10-30T23:00:00,1,10,30,23,0,0.00000000,16.30000000,16.30000000,0.00000000
2001-10-30T23:10:00,1,10,30,23,10,0.00000000,16.30000000,16.30000000,0.00000000
2001-10-30T23:20:00,1,10,30,23,20,0.00000000,16.30000000,16.30000000,0.00000000
2001-10-30T23:30:00,1,10,30,23,30,0.00000000,16.30000000,16.30000000,0.00000000
2001-10-30T23:40:00,1,10,30,23,40,0.00000000,16.30000000,16.30000000,0.00000000
2001-10-30T23:50:00,1,10,30,23,50,0.00000000,16.30000000,16.30000000,0.00000000
2001-10-31T00:00:00,1,10,31,0,0,0.00000000,16.30000000,16.30000000,0.00000000
2001-10-31T00:10:00,1,10,31,0,10,0.00000000,16.25000000,16.25000000,0.00000000
2001-10-31T00:20:00,1,10,31,0,20,0.00000000,16.20000000,16.20000000,0.00000000
2001-10-31T00:30:00,1,10,31,0,30,0.00000000,16.15000000,16.15000000,0.00000000
2001-10-31T00:40:00,1,10,31,0,40,0.00000000,16.10000000,16.10000000,0.00000000
2001-10-31T00:50:00,1,10,31,0,50,0.00000000,16.05000000,16.05000000,0.00000000
2001-10-31T01:00:00,1,10,31,1,0,0.00000000,16.00000000,16.00000000,0.00000000
2001-10-31T01:10:00,1,10,31,1,10,0.00000000,16.03333333,16.03333333,0.00000000
2001-10-31T01:20:00,1,10,31,1,20,0.00000000,16.06666667,16.06666667,0.00000000
2001-10-31T01:30:00,1,10,31,1,30,0.00000000,16.10000000,16.10000000,0.00000000
2001-10-31T01:40:00,1,10,31,1,40,0.00000000,16.13333333,16.13333333,0.00000000
2001-10-31T01:50:00,1,10,31,1,50,0.00000000,16.16666667,16.16666667,0.00000000
2001-10-31T02:00:00,1,10,31,2,0,0.00000000,16.20000000,16.20000000,0.00000000
2001-10-31T02:10:00,1,10,31,2,10,0.00000000,16.15000000,16.15000000,0.00000000
2001-10-31T02:20:00,1,10,31,2,20,0.00000000,16.10000000,16.10000000,0.00000000
2001-10-31T02:30:00,1,10,31,2,30,0.00000000,16.05000000,16.05000000,0.00000000
2001-10-31T02:40:00,1,10,31,2,40,0.00000000,16.00000000,16.00000000,0.00000000
2001-10-31T02:50:00,1,10,31,2,50,0.00000000,15.95000000,15.95000000,0.00000000
2001-10-31T03:00:00,1,10,31,3,0,0.00000000,15.90000000,15.90000000,0.00000000
2001-10-31T03:10:00,1,10,31,3,10,0.00000000,15.96666667,15.96666667,0.00000000
2001-10-31T03:20:00,1,10,31,3,20,0.00000000,16.03333333,16.03333333,0.00000000
2001-10-31T03:30:00,1,10,31,3,30,0.00000000,16.10000000,16.10000000,0.00000000
2001-10-31T03:40:00,1,10,31,3,40,0.00000000,16.16666667,16.16666667,0.00000000
2001-10-31T03:50:00,1,10,31,3,50,0.00000000,16.23333333,16.23333333,0.00000000
2001-10-31T04:00:00,1,10,31,4,0,0.00000000,16.30000000,16.30000000,0.00000000
2001-10-31T04:10:00,1,10,31,4,10,0.00083333,16.33333333,16.36250000,0.00086644
2001-10-31T04:20:00,1,10,31,4,20,0.00166667,16.36666667,16.42500000,0.00173241
2001-10-31T04:30:00,1,10,31,4,30,0.00250000,16.40000000,16.48750000,0.00259789
2001-10-31T04:40:00,1,10,31,4,40,0.00333333,16.43333333,16.55000000,0.00346290
2001-10-31T04:50:00,1,10,31,4,50,0.00416667,16.46666667,16.61250000,0.00432743
2001-10-31T05:00:00,1,10,31,5,0,0.00500000,16.50000000,16.67500000,0.00519148
2001-10-31T05:10:00,1,10,31,5,10,0.00650000,16.48333333,16.71083333,0.00674785
2001-10-31T05:20:00,1,10,31,5,20,0.00800000,16.46666667,16.74666667,0.00830372
2001-10-31T05:30:00,1,10,31,5,30,0.00950000,16.45000000,16.78250000,0.00985910
2001-10-31T05:40:00,1,10,31,5,40,0.01100000,16.43333333,16.81833333,0.01141399
2001-10-31T05:50:00,1,10,31,5,50,0.01250000,16.41666667,16.85416667,0.01296839
2001-10-31T06:00:00,1,10,31,6,0,0.01400000,16.40000000,16.89000000,0.01452228
2001-10-31T06:10:00,1,10,31,6,10,0.03900000,16.53333333,17.89833333,0.04027404
2001-10-31T06:20:00,1,10,31,6,20,0.06400000,16.66666667,18.90666667,0.06579388
2001-10-31T06:30:00,1,10,31,6,30,0.08900000,16.80000000,19.91500000,0.09108180
2001-10-31T06:40:00,1,10,31,6,40,0.11400000,16.93333333,20.92333333,0.11613780
2001-10-31T06:50:00,1,10,31,6,50,0.13900000,17.06666667,21.93166667,0.14096189
2001-10-31T07:00:00,1,10,31,7,0,0.16400000,17.20000000,22.94000000,0.16555406
2001-10-31T07:10:00,1,10,31,7,10,0.21483333,17.40000000,24.91916667,0.21491322
2001-10-31T07:20:00,1,10,31,7,20,0.26566667,17.60000000,26.89833333,0.26334678
2001-10-31T07:30:00,1,10,31,7,30,0.31650000,17.80000000,28.87750000,0.31085475
2001-10-31T07:40:00,1,10,31,7,40,0.36733333,18.00000000,30.85666667,0.35743713
2001-10-31T07:50:00,1,10,31,7,50,0.41816667,18.20000000,32.83583333,0.40309392
2001-10-31T08:00:00,1,10,31,8,0,0.46900000,18.40000000,34.81500000,0.44782512
2001-10-31T08:10:00,1,10,31,8,10,0.42483333,18.61666667,33.48583333,0.40825003
2001-10-31T08:20:00,1,10,31,8,20,0.38066667,18.83333333,32.15666667,0.36813487
2001-10-31T08:30:00,1,10,31,8,30,0.33650000,19.05000000,30.82750000,0.32747961
2001-10-31T08:40:00,1,10,31,8,40,0.29233333,19.26666667,29.49833333,0.28628427
2001-10-31T08:50:00,1,10,31,8,50,0.24816667,19.48333333,28.16916667,0.24454885
2001-10-31T09:00:00,1,10,31,9,0,0.20400000,19.70000000,26.84000000,0.20227334
2001-10-31T09:10:00,1,10,31,9,10,0.21566667,19.60000000,27.14833333,0.21353538
2001-10-31T09:20:00,1,10,31,9,20,0.22733333,19.50000000,27.45666667,0.22476432
2001-10-31T09:30:00,1,10,31,9,30,0.23900000,19.40000000,27.76500000,0.23596016
2001-10-31T09:40:00,1,10,31,9,40,0.25066667,19.30000000,28.07333333,0.24712291
2001-10-31T09:50:00,1,10,31,9,50,0.26233333,19.20000000,28.38166667,0.25825256
2001-10-31T10:00:00,1,10,31,10,0,0.27400000,19.10000000,28.69000000,0.26934912
2001-10-31T10:10:00,1,10,31,10,10,0.33783333,19.15000000,30.97416667,0.32854928
2001-10-31T10:20:00,1,10,31,10,20,0.40166667,19.20000000,33.25833333,0.38640802
2001-10-31T10:30:00,1,10,31,10,30,0.46550000,19.25000000,35.54250000,0.44292534
2001-10-31T10:40:00,1,10,31,10,40,0.52933333,19.30000000,37.82666667,0.49810126
2001-10-31T10:50:00,1,10,31,10,50,0.59316667,19.35000000,40.11083333,0.55193575
2001-10-31T11:00:00,1,10,31,11,0,0.65700000,19.40000000,42.39500000,0.60442883
2001-10-31T11:10:00,1,10,31,11,10,0.63133333,19.71666667,41.81333333,0.58250517
2001-10-31T11:20:00,1,10,31,11,20,0.60566667,20.03333333,41.23166667,0.56044416
2001-10-31T11:30:00,1,10,31,11,30,0.58000000,20.35000000,40.65000000,0.53824580
2001-10-31T11:40:00,1,10,31,11,40,0.55433333,20.66666667,40.06833333,0.51591009
2001-10-31T11:50:00,1,10,31,11,50,0.52866667,20.98333333,39.48666667,0.49343702
2001-10-31T12:00:00,1,10,31,12,0,0.50300000,21.30000000,38.90500000,0.47082661
2001-10-31T12:10:00,1,10,31,12,10,0.50316667,21.26666667,38.87750000,0.47104627
2001-10-31T12:20:00,1,10,31,12,20,0.50333333,21.23333333,38.85000000,0.47126597
2001-10-31T12:30:00,1,10,31,12,30,0.50350000,21.20000000,38.82250000,0.47148571
2001-10-31T12:40:00,1,10,31,12,40,0.50366667,21.16666667,38.79500000,0.47170549
2001-10-31T12:50:00,1,10,31,12,50,0.50383333,21.13333333,38.76750000,0.47192532
2001-10-31T13:00:00,1,10,31,13,0,0.50400000,21.10000000,38.74000000,0.47214518
2001-10-31T13:10:00,1,10,31,13,10,0.52200000,21.01666667,39.28666667,0.48769486
2001-10-31T13:20:00,1,10,31,13,20,0.54000000,20.93333333,39.83333333,0.50315400
2001-10-31T13:30:00,1,10,31,13,30,0.55800000,20.85000000,40.38000000,0.51852262
2001-10-31T13:40:00,1,10,31,13,40,0.57600000,20.76666667,40.92666667,0.53380070
2001-10-31T13:50:00,1,10,31,13,50,0.59400000,20.68333333,41.47333333,0.54898826
2001-10-31T14:00:00,1,10,31,14,0,0.61200000,20.60000000,42.02000000,0.56408530
2001-10-31T14:10:00,1,10,31,14,10,0.53183333,20.80000000,39.41416667,0.49657004
2001-10-31T14:20:00,1,10,31,14,20,0.45166667,21.00000000,36.80833333,0.42713289
2001-10-31T14:30:00,1,10,31,14,30,0.37150000,21.20000000,34.20250000,0.35577385
2001-10-31T14:40:00,1,10,31,14,40,0.29133333,21.40000000,31.59666667,0.28249292
2001-10-31T14:50:00,1,10,31,14,50,0.21116667,21.60000000,28.99083333,0.20729010
2001-10-31T15:00:00,1,10,31,15,0,0.13100000,21.80000000,26.38500000,0.13016540
2001-10-31T15:10:00,1,10,31,15,10,0.15266667,21.48333333,26.82666667,0.15138386
2001-10-31T15:20:00,1,10,31,15,20,0.17433333,21.16666667,27.26833333,0.17251428
2001-10-31T15:30:00,1,10,31,15,30,0.19600000,20.85000000,27.71000000,0.19355666
2001-10-31T15:40:00,1,10,31,15,40,0.21766667,20.53333333,28.15166667,0.21451101
2001-10-31T15:50:00,1,10,31,15,50,0.23933333,20.21666667,28.59333333,0.23537731
2001-10-31T16:00:00,1,10,31,16,0,0.26100000,19.90000000,29.03500000,0.25615558
2001-10-31T16:10:00,1,10,31,16,10,0.22533333,19.98333333,27.87000000,0.22235848
2001-10-31T16:20:00,1,10,31,16,20,0.18966667,20.06666667,26.70500000,0.18817911
2001-10-31T16:30:00,1,10,31,16,30,0.15400000,20.15000000,25.54000000,0.15361746
2001-10-31T16:40:00,1,10,31,16,40,0.11833333,20.23333333,24.37500000,0.11867354
2001-10-31T16:50:00,1,10,31,16,50,0.08266667,20.31666667,23.21000000,0.08334734
2001-10-31T17:00:00,1,10,31,17,0,0.04700000,20.40000000,22.04500000,0.04763887
2001-10-31T17:10:00,1,10,31,17,10,0.04033333,20.35000000,21.76166667,0.04093415
2001-10-31T17:20:00,1,10,31,17,20,0.03366667,20.30000000,21.47833333,0.03421206
2001-10-31T17:30:00,1,10,31,17,30,0.02700000,20.25000000,21.19500000,0.02747258
2001-10-31T17:40:00,1,10,31,17,40,0.02033333,20.20000000,20.91166667,0.02071573
2001-10-31T17:50:00,1,10,31,17,50,0.01366667,20.15000000,20.62833333,0.01394150
2001-10-31T18:00:00,1,10,31,18,0,0.00700000,20.10000000,20.34500000,0.00714989
2001-10-31T18:10:00,1,10,31,18,10,0.00583333,19.95000000,20.15416667,0.00596336
2001-10-31T18:20:00,1,10,31,18,20,0.00466667,19.80000000,19.96333333,0.00477479
2001-10-31T18:30:00,1,10,31,18,30,0.00350000,19.65000000,19.77250000,0.00358416
2001-10-31T18:40:00,1,10,31,18,40,0.00233333,19.50000000,19.58166667,0.00239149
2001-10-31T18:50:00,1,10,31,18,50,0.00116667,19.35000000,19.39083333,0.00119677
2001-10-31T19:00:00,1,10,31,19,0,0.00000000,19.20000000,19.20000000,0.00000000
2001-10-31T19:10:00,1,10,31,19,10,0.00000000,19.18333333,19.18333333,0.00000000
2001-10-31T19:20:00,1,10,31,19,20,0.00000000,19.16666667,19.16666667,0.00000000
2001-10-31T19:30:00,1,10,31,19,30,0.00000000,19.15000000,19.15000000,0.00000000
2001-10-31T19:40:00,1,10,31,19,40,0.00000000,19.13333333,19.13333333,0.00000000
2001-10-31T19:50:00,1,10,31,19,50,0.00000000,19.11666667,19.11666667,0.00000000
2001-10-31T20:00:00,1,10,31,20,0,0.00000000,19.10000000,19.10000000,0.00000000
2001-10-31T20:10:00,1,10,31,20,10,0.00000000,19.10000000,19.10000000,0.00000000
2001-10-31T20:20:00,1,10,31,20,20,0.00000000,19.10000000,19.10000000,0.00000000
2001-10-31T20:30:00,1,10,31,20,30,0.00000000,19.10000000,19.10000000,0.00000000
2001-10-31T20:40:00,1,10,31,20,40,0.00000000,19.10000000,19.10000000,0.00000000
2001-10-31T20:50:00,1,10,31,20,50,0.00000000,19.10000000,19.10000000,0.00000000
2001-10-31T21:00:00,1,10,31,21,0,0.00000000,19.10000000,19.10000000,0.00000000
2001-10-31T21:10:00,1,10,31,21,10,0.00000000,19.13333333,19.13333333,0.00000000
2001-10-31T21:20:00,1,10,31,21,20,0.00000000,19.16666667,19.16666667,0.00000000
2001-10-31T21:30:00,1,10,31,21,30,0.00000000,19.20000000,19.20000000,0.00000000
2001-10-31T21:40:00,1,10,31,21,40,0.00000000,19.23333333,19.23333333,0.00000000
2001-10-31T21:50:00,1,10,31,21,50,0.00000000,19.26666667,19.26666667,0.00000000
2001-10-31T22:00:00,1,10,31,22,0,0.00000000,19.30000000,19.30000000,0.00000000
2001-10-31T22:10:00,1,10,31,22,10,0.00000000,19.20000000,19.20000000,0.00000000
2001-10-31T22:20:00,1,10,31,22,20,0.00000000,19.10000000,19.10000000,0.00000000
2001-10-31T22:30:00,1,10,31,22,30,0.00000000,19.00000000,19.00000000,0.00000000
2001-10-31T22:40:00,1,10,31,22,40,0.00000000,18.90000000,18.90000000,0.00000000
2001-10-31T22:50:00,1,10,31,22,50,0.00000000,18.80000000,18.80000000,0.00000000
2001-10-31T23:00:00,1,10,31,23,0,0.00000000,18.70000000,18.70000000,0.00000000
2001-10-31T23:10:00,1,10,31,23,10,0.00000000,18.78333333,18.78333333,0.00000000
2001-10-31T23:20:00,1,10,31,23,20,0.00000000,18.86666667,18.86666667,0.00000000
2001-10-31T23:30:00,1,10,31,23,30,0.00000000,18.95000000,18.95000000,0.00000000
2001-10-31T23:40:00,1,10,31,23,40,0.00000000,19.03333333,19.03333333,0.00000000
2001-10-31T23:50:00,1,10,31,23,50,0.00000000,19.11666667,19.11666667,0.00000000
